# File generated by ImageToStl.com - Free Image and 3D model conversion tools

o obj1
v -0.05671276 -0.02848222 0.02217885
v -0.05963587 -0.02170568 0.02217885
v -0.06462327 -0.02352095 0.02421147
v 0.05835466 0.00682068 0.019
v 0.05875192 0 0.019
v 0.06346317 0 0.02217885
v 0.05782519 0.00982348 0.019
v 0.06303405 0.00736762 0.02217885
v 0.05250264 0.02636782 0.019
v 0.05520875 0.02009434 0.019
v 0.05963587 0.02170568 0.02217885
v 0.04908651 0.03228471 0.019
v 0.05671276 0.02848222 0.02217885
v 0.04500658 0.03776501 0.019
v 0.0530227 0.03487358 0.02217885
v 0.04031802 0.0427346 0.019
v 0.0486156 0.04079334 0.02217885
v 0.03508421 0.04712628 0.019
v 0.04355107 0.04616144 0.02217885
v 0.02937596 0.05088066 0.019
v 0.03789758 0.05090528 0.02217885
v 0.02327045 0.05394696 0.019
v 0.03173158 0.05496071 0.02217885
v 0.01685024 0.05628373 0.019
v 0.02513648 0.0582729 0.02217885
v 0.01020216 0.05785935 0.019
v 0.01820144 0.06079705 0.02217885
v 0.00341612 0.05865252 0.019
v 0.01102026 0.06249902 0.02217885
v 0.01020216 -0.05785935 0.019
v 0.00341612 -0.05865252 0.019
v 0.00369005 -0.0633558 0.02217885
v 0.02937596 -0.05088066 0.019
v 0.02327045 -0.05394696 0.019
v 0.02513648 -0.0582729 0.02217885
v 0.03508421 -0.04712628 0.019
v 0.03173158 -0.05496071 0.02217885
v 0.04031802 -0.0427346 0.019
v 0.03789758 -0.05090528 0.02217885
v 0.04500658 -0.03776501 0.019
v 0.04355107 -0.04616144 0.02217885
v 0.04908651 -0.03228471 0.019
v 0.0486156 -0.04079334 0.02217885
v 0.05250264 -0.02636782 0.019
v 0.0530227 -0.03487358 0.02217885
v 0.05520875 -0.02009434 0.019
v 0.05671276 -0.02848222 0.02217885
v 0.05716826 -0.01354913 0.019
v 0.05963587 -0.02170568 0.02217885
v 0.05835466 -0.00682068 0.019
v 0.06175251 -0.01463561 0.02217885
v 0.06303405 -0.00736762 0.02217885
v -0.05520875 -0.02009434 0.019
v -0.05250264 -0.02636782 0.019
v -0.04908651 -0.03228471 0.019
v -0.06303405 0.00736762 0.02217885
v -0.05835466 0.00682068 0.019
v -0.05782519 0.00982348 0.019
v -0.00369005 0.0633558 0.02217885
v -0.00341612 0.05865252 0.019
v 0 0.05865252 0.019
v 0.05716826 0.01354913 0.019
v 0.06175251 0.01463561 0.02217885
v -0.07239461 -0.01715784 0.0249928
v -0.06691693 -0.0158596 0.02421147
v -0.06175251 -0.01463561 0.02217885
v -0.05716826 -0.01354913 0.019
v -0.07951916 -0.00929446 0.02448247
v -0.073897 -0.00863732 0.0249928
v -0.06830565 -0.00798379 0.02421147
v -0.06303405 -0.00736762 0.02217885
v -0.05835466 -0.00682068 0.019
v -0.0854594 0 0.02270685
v -0.0800605 0 0.02448247
v -0.07440007 0 0.0249928
v -0.06877065 0 0.02421147
v -0.06346317 0 0.02217885
v -0.05875192 0 0.019
v -0.01483987 -0.08416108 0.02270685
v -0.00496902 -0.08531482 0.02270685
v -0.0046551 -0.07992505 0.02448247
v -0.08970704 0.01048525 0.0197577
v -0.08488155 0.00992123 0.02270685
v -0.07951916 0.00929446 0.02448247
v -0.073897 0.00863732 0.0249928
v -0.06830565 0.00798379 0.02421147
v -0.00525151 -0.09016494 0.0197577
v -0.01568351 -0.08894561 0.0197577
v -0.02590342 -0.08652344 0.0197577
v -0.09184029 0.02176655 0.01578745
v -0.08788321 0.0208287 0.0197577
v -0.08315583 0.01970829 0.02270685
v -0.07790247 0.01846322 0.02448247
v -0.07239461 0.01715784 0.0249928
v -0.06691693 0.0158596 0.02421147
v -0.06175251 0.01463561 0.02217885
v -0.05716826 0.01354913 0.019
v -0.00548797 -0.09422475 0.01578745
v -0.01638968 -0.09295052 0.01578745
v -0.02706976 -0.0904193 0.01578745
v -0.03738376 -0.08666531 0.01578745
v -0.0915724 0.03332963 0.01100129
v -0.08869236 0.03228138 0.01578745
v -0.08487091 0.03089049 0.0197577
v -0.08030557 0.02922884 0.02270685
v -0.07523227 0.0273823 0.02448247
v -0.0699132 0.02544632 0.0249928
v -0.06462327 0.02352095 0.02421147
v -0.05963587 0.02170568 0.02217885
v -0.05520875 0.02009434 0.019
v -0.00566617 -0.09728444 0.01100129
v -0.0169219 -0.09596884 0.01100129
v -0.02794878 -0.09335542 0.01100129
v -0.0385977 -0.08947953 0.01100129
v -0.04872466 -0.08439358 0.01100129
v -0.08878596 0.04458999 0.00564655
v -0.08708389 0.04373517 0.01100129
v -0.08434501 0.04235966 0.01578745
v -0.08071088 0.04053453 0.0197577
v -0.07636931 0.03835411 0.02270685
v -0.07154468 0.03593109 0.02448247
v -0.06648634 0.03339069 0.0249928
v -0.0614557 0.03086421 0.02421147
v -0.05671276 0.02848222 0.02217885
v -0.05250264 0.02636782 0.019
v -0.00577692 -0.09918589 0.00564655
v -0.01725264 -0.09784457 0.00564655
v -0.02849504 -0.09518007 0.00564655
v -0.0393521 -0.09122843 0.00564655
v -0.04967699 -0.08604307 0.00564655
v -0.05933008 -0.07969413 0.00564655
v -0.08354878 0.0549509 -0
v -0.08300904 0.05459591 0.00564655
v -0.08141772 0.05354927 0.01100129
v -0.07885704 0.05186509 0.01578745
v -0.07545937 0.04963041 0.0197577
v -0.07140028 0.04696071 0.02270685
v -0.06688958 0.04399396 0.02448247
v -0.06216035 0.04088351 0.0249928
v -0.05745704 0.03779009 0.02421147
v -0.0530227 0.03487358 0.02217885
v -0.04908651 0.03228471 0.019
v -0.00581448 -0.09983081 -0
v -0.01736482 -0.09848078 -0
v -0.02868032 -0.09579895 -0
v -0.03960798 -0.09182161 -0
v -0.05 -0.08660254 -0
v -0.05971586 -0.08021232 -0
v -0.06862416 -0.07273737 -0
v -0.07610957 0.06386351 -0.00564655
v -0.07660444 0.06427876 -0
v -0.07610957 0.06386351 0.00564655
v -0.0746505 0.06263921 0.01100129
v -0.07230267 0.06066915 0.01578745
v -0.0691874 0.05805512 0.0197577
v -0.0654657 0.05493224 0.02270685
v -0.0613299 0.0514619 0.02448247
v -0.05699376 0.04782344 0.0249928
v -0.05268138 0.04420492 0.02421147
v -0.0486156 0.04079334 0.02217885
v -0.04500658 0.03776501 0.019
v -0.00577692 -0.09918589 -0.00564655
v -0.01725264 -0.09784457 -0.00564655
v -0.02849504 -0.09518007 -0.00564655
v -0.0393521 -0.09122843 -0.00564655
v -0.04967699 -0.08604307 -0.00564655
v -0.05933008 -0.07969413 -0.00564655
v -0.06818084 -0.07226747 -0.00564655
v -0.07610957 -0.06386351 -0.00564655
v -0.06687377 0.07088206 -0.01100129
v -0.06818084 0.07226747 -0.00564655
v -0.06862416 0.07273737 -0
v -0.06818084 0.07226747 0.00564655
v -0.06687377 0.07088206 0.01100129
v -0.06477053 0.06865275 0.01578745
v -0.06197979 0.06569474 0.0197577
v -0.0586458 0.06216091 0.02270685
v -0.05494085 0.0582339 0.02448247
v -0.05105643 0.05411665 0.0249928
v -0.04719328 0.05002196 0.02421147
v -0.04355107 0.04616144 0.02217885
v -0.04031802 0.0427346 0.019
v -0.00566617 -0.09728444 -0.01100129
v -0.0169219 -0.09596884 -0.01100129
v -0.02794878 -0.09335542 -0.01100129
v -0.0385977 -0.08947953 -0.01100129
v -0.04872466 -0.08439358 -0.01100129
v -0.0581927 -0.07816636 -0.01100129
v -0.06687377 -0.07088206 -0.01100129
v -0.0746505 -0.06263921 -0.01100129
v -0.08141772 -0.05354927 -0.01100129
v -0.05636248 0.07570794 -0.01578745
v -0.0581927 0.07816636 -0.01100129
v -0.05933008 0.07969413 -0.00564655
v -0.05971586 0.08021232 -0
v -0.05933008 0.07969413 0.00564655
v -0.0581927 0.07816636 0.01100129
v -0.05636248 0.07570794 0.01578745
v -0.05393402 0.07244595 0.0197577
v -0.05103282 0.06854897 0.02270685
v -0.04780882 0.06421839 0.02448247
v -0.04442864 0.05967803 0.0249928
v -0.04106699 0.05516253 0.02421147
v -0.03789758 0.05090528 0.02217885
v -0.03508421 0.04712628 0.019
v -0.00548797 -0.09422475 -0.01578745
v -0.01638968 -0.09295052 -0.01578745
v -0.02706976 -0.0904193 -0.01578745
v -0.03738376 -0.08666531 -0.01578745
v -0.04719222 -0.08173932 -0.01578745
v -0.05636248 -0.07570794 -0.01578745
v -0.06477053 -0.06865275 -0.01578745
v -0.07230267 -0.06066915 -0.01578745
v -0.07885704 -0.05186509 -0.01578745
v -0.08434501 -0.04235966 -0.01578745
v -0.04515887 0.07821745 -0.0197577
v -0.04719222 0.08173932 -0.01578745
v -0.04872466 0.08439358 -0.01100129
v -0.04967699 0.08604307 -0.00564655
v -0.05 0.08660254 -0
v -0.04967699 0.08604307 0.00564655
v -0.04872466 0.08439358 0.01100129
v -0.04719222 0.08173932 0.01578745
v -0.04515887 0.07821745 0.0197577
v -0.0427297 0.07401001 0.02270685
v -0.04003025 0.06933443 0.02448247
v -0.03720004 0.06443235 0.0249928
v -0.03438532 0.05955713 0.02421147
v -0.03173158 0.05496071 0.02217885
v -0.02937596 0.05088066 0.019
v -0.00525151 -0.09016494 -0.0197577
v -0.01568351 -0.08894561 -0.0197577
v -0.02590342 -0.08652344 -0.0197577
v -0.03577303 -0.08293121 -0.0197577
v -0.04515887 -0.07821745 -0.0197577
v -0.05393402 -0.07244595 -0.0197577
v -0.06197979 -0.06569474 -0.0197577
v -0.0691874 -0.05805512 -0.0197577
v -0.07545937 -0.04963041 -0.0197577
v -0.08071088 -0.04053453 -0.0197577
v -0.08487091 -0.03089049 -0.0197577
v -0.03384874 0.0784702 -0.02270685
v -0.03577303 0.08293121 -0.0197577
v -0.03738376 0.08666531 -0.01578745
v -0.0385977 0.08947953 -0.01100129
v -0.0393521 0.09122843 -0.00564655
v -0.03960798 0.09182161 -0
v -0.0393521 0.09122843 0.00564655
v -0.0385977 0.08947953 0.01100129
v -0.03738376 0.08666531 0.01578745
v -0.03577303 0.08293121 0.0197577
v -0.03384874 0.0784702 0.02270685
v -0.03171035 0.07351284 0.02448247
v -0.02946836 0.06831535 0.0249928
v -0.02723866 0.06314632 0.02421147
v -0.02513648 0.0582729 0.02217885
v -0.02327045 0.05394696 0.019
v -0.00496902 -0.08531482 -0.02270685
v -0.01483987 -0.08416108 -0.02270685
v -0.02451003 -0.08186921 -0.02270685
v -0.03384874 -0.0784702 -0.02270685
v -0.0427297 -0.07401001 -0.02270685
v -0.05103282 -0.06854897 -0.02270685
v -0.0586458 -0.06216091 -0.02270685
v -0.0654657 -0.05493224 -0.02270685
v -0.07140028 -0.04696071 -0.02270685
v -0.07636931 -0.03835411 -0.02270685
v -0.08030557 -0.02922884 -0.02270685
v -0.08315583 -0.01970829 -0.02270685
v -0.02296161 0.07669713 -0.02448247
v -0.02451003 0.08186921 -0.02270685
v -0.02590342 0.08652344 -0.0197577
v -0.02706976 0.0904193 -0.01578745
v -0.02794878 0.09335542 -0.01100129
v -0.02849504 0.09518007 -0.00564655
v -0.02868032 0.09579895 -0
v -0.02849504 0.09518007 0.00564655
v -0.02794878 0.09335542 0.01100129
v -0.02706976 0.0904193 0.01578745
v -0.02590342 0.08652344 0.0197577
v -0.02451003 0.08186921 0.02270685
v -0.02296161 0.07669713 0.02448247
v -0.02133818 0.07127449 0.0249928
v -0.01972364 0.06588156 0.02421147
v -0.01820144 0.06079705 0.02217885
v -0.01685024 0.05628373 0.019
v -0.0046551 -0.07992505 -0.02448247
v -0.01390236 -0.0788442 -0.02448247
v -0.02296161 -0.07669713 -0.02448247
v -0.03171035 -0.07351284 -0.02448247
v -0.04003025 -0.06933443 -0.02448247
v -0.04780882 -0.06421839 -0.02448247
v -0.05494085 -0.0582339 -0.02448247
v -0.0613299 -0.0514619 -0.02448247
v -0.06688958 -0.04399396 -0.02448247
v -0.07154468 -0.03593109 -0.02448247
v -0.07523227 -0.0273823 -0.02448247
v -0.07790247 -0.01846322 -0.02448247
v -0.07951916 -0.00929446 -0.02448247
v -0.01291944 0.07326977 -0.0249928
v -0.01390236 0.0788442 -0.02448247
v -0.01483987 0.08416108 -0.02270685
v -0.01568351 0.08894561 -0.0197577
v -0.01638968 0.09295052 -0.01578745
v -0.0169219 0.09596884 -0.01100129
v -0.01725264 0.09784457 -0.00564655
v -0.01736482 0.09848078 -0
v -0.01725264 0.09784457 0.00564655
v -0.0169219 0.09596884 0.01100129
v -0.01638968 0.09295052 0.01578745
v -0.01568351 0.08894561 0.0197577
v -0.01483987 0.08416108 0.02270685
v -0.01390236 0.0788442 0.02448247
v -0.01291944 0.07326977 0.0249928
v -0.0119419 0.06772587 0.02421147
v -0.01102026 0.06249902 0.02217885
v -0.01020216 0.05785935 0.019
v -0.00432598 -0.0742742 -0.0249928
v -0.01291944 -0.07326977 -0.0249928
v -0.02133818 -0.07127449 -0.0249928
v -0.02946836 -0.06831535 -0.0249928
v -0.03720004 -0.06443235 -0.0249928
v -0.04442864 -0.05967803 -0.0249928
v -0.05105643 -0.05411665 -0.0249928
v -0.05699376 -0.04782344 -0.0249928
v -0.06216035 -0.04088351 -0.0249928
v -0.06648634 -0.03339069 -0.0249928
v -0.0699132 -0.02544632 -0.0249928
v -0.07239461 -0.01715784 -0.0249928
v -0.073897 -0.00863732 -0.0249928
v -0.07440007 0 -0.0249928
v -0.00399866 0.0686543 -0.02421147
v -0.00432598 0.0742742 -0.0249928
v -0.0046551 0.07992505 -0.02448247
v -0.00496902 0.08531482 -0.02270685
v -0.00525151 0.09016494 -0.0197577
v -0.00548797 0.09422475 -0.01578745
v -0.00566617 0.09728444 -0.01100129
v -0.00577692 0.09918589 -0.00564655
v -0.00581448 0.09983081 -0
v -0.00577692 0.09918589 0.00564655
v -0.00566617 0.09728444 0.01100129
v -0.00548797 0.09422475 0.01578745
v -0.00525151 0.09016494 0.0197577
v -0.00496902 0.08531482 0.02270685
v -0.0046551 0.07992505 0.02448247
v -0.00432598 0.0742742 0.0249928
v -0.00399866 0.0686543 0.02421147
v -0.00399866 -0.0686543 -0.02421147
v -0.0119419 -0.06772587 -0.02421147
v -0.01972364 -0.06588156 -0.02421147
v -0.02723866 -0.06314632 -0.02421147
v -0.03438532 -0.05955713 -0.02421147
v -0.04106699 -0.05516253 -0.02421147
v -0.04719328 -0.05002196 -0.02421147
v -0.05268138 -0.04420492 -0.02421147
v -0.05745704 -0.03779009 -0.02421147
v -0.0614557 -0.03086421 -0.02421147
v -0.06462327 -0.02352095 -0.02421147
v -0.06691693 -0.0158596 -0.02421147
v -0.06830565 -0.00798379 -0.02421147
v -0.06877065 0 -0.02421147
v -0.06830565 0.00798379 -0.02421147
v 0.00369005 0.0633558 -0.02217885
v 0.00399866 0.0686543 -0.02421147
v 0.00432598 0.0742742 -0.0249928
v 0.0046551 0.07992505 -0.02448247
v 0.00496902 0.08531482 -0.02270685
v 0.00525151 0.09016494 -0.0197577
v 0.00548797 0.09422475 -0.01578745
v 0.00566617 0.09728444 -0.01100129
v 0.00577692 0.09918589 -0.00564655
v 0.00581448 0.09983081 -0
v 0.00577692 0.09918589 0.00564655
v 0.00566617 0.09728444 0.01100129
v 0.00548797 0.09422475 0.01578745
v 0.00525151 0.09016494 0.0197577
v 0.00496902 0.08531482 0.02270685
v 0.0046551 0.07992505 0.02448247
v 0.00432598 0.0742742 0.0249928
v 0.00399866 0.0686543 0.02421147
v 0.00369005 0.0633558 0.02217885
v -0.00369005 -0.0633558 -0.02217885
v -0.01102026 -0.06249902 -0.02217885
v -0.01820144 -0.06079705 -0.02217885
v -0.02513648 -0.0582729 -0.02217885
v -0.03173158 -0.05496071 -0.02217885
v -0.03789758 -0.05090528 -0.02217885
v -0.04355107 -0.04616144 -0.02217885
v -0.0486156 -0.04079334 -0.02217885
v -0.0530227 -0.03487358 -0.02217885
v -0.05671276 -0.02848222 -0.02217885
v -0.05963587 -0.02170568 -0.02217885
v -0.06175251 -0.01463561 -0.02217885
v -0.06303405 -0.00736762 -0.02217885
v -0.06346317 0 -0.02217885
v -0.06303405 0.00736762 -0.02217885
v -0.06175251 0.01463561 -0.02217885
v -0.04031802 -0.0427346 0.019
v -0.04500658 -0.03776501 0.019
v -0.0486156 -0.04079334 0.02217885
v -0.0530227 -0.03487358 0.02217885
v -0.05745704 -0.03779009 0.02421147
v -0.0614557 -0.03086421 0.02421147
v -0.06648634 -0.03339069 0.0249928
v -0.0699132 -0.02544632 0.0249928
v -0.07523227 -0.0273823 0.02448247
v -0.07790247 -0.01846322 0.02448247
v -0.08315583 -0.01970829 0.02270685
v -0.08488155 -0.00992123 0.02270685
v -0.08970704 -0.01048525 0.0197577
v -0.09031774 0 0.0197577
v -0.09438443 0 0.01578745
v -0.09374624 0.01095736 0.01578745
v -0.0967904 0.01131317 0.01100129
v -0.09482256 0.02247336 0.01100129
v -0.09667588 0.0229126 0.00564655
v -0.0933622 0.03398106 0.00564655
v -0.09396926 0.03420201 -0
v -0.08936326 0.04487992 -0
v -0.08878596 0.04458999 -0.00564655
v -0.08300904 0.05459591 -0.00564655
v -0.08141772 0.05354927 -0.01100129
v -0.0746505 0.06263921 -0.01100129
v -0.07230267 0.06066915 -0.01578745
v -0.06477053 0.06865275 -0.01578745
v -0.06197979 0.06569474 -0.0197577
v -0.05393402 0.07244595 -0.0197577
v -0.05103282 0.06854897 -0.02270685
v -0.0427297 0.07401001 -0.02270685
v -0.04003025 0.06933443 -0.02448247
v -0.03171035 0.07351284 -0.02448247
v -0.02946836 0.06831535 -0.0249928
v -0.02133818 0.07127449 -0.0249928
v -0.01972364 0.06588156 -0.02421147
v -0.0119419 0.06772587 -0.02421147
v -0.01102026 0.06249902 -0.02217885
v -0.00369005 0.0633558 -0.02217885
v -0.00341612 0.05865252 -0.019
v -0 0.05865252 -0.019
v 0.06830565 -0.00798379 0.02421147
v 0.06877065 0 0.02421147
v 0.073897 -0.00863732 0.0249928
v 0.07440007 0 0.0249928
v 0.07951916 -0.00929446 0.02448247
v 0.0800605 0 0.02448247
v 0.08488155 -0.00992123 0.02270685
v 0.0854594 0 0.02270685
v 0.08970704 -0.01048525 0.0197577
v 0.09031774 0 0.0197577
v 0.09374624 -0.01095736 0.01578745
v 0.09438443 0 0.01578745
v 0.0967904 -0.01131317 0.01100129
v 0.09744932 0 0.01100129
v 0.09868219 -0.01153429 0.00564655
v 0.09935398 0 0.00564655
v 0.09932384 -0.01160929 -0
v 0.1 0 -0
v 0.09868219 -0.01153429 -0.00564655
v 0.09935398 0 -0.00564655
v 0.0967904 -0.01131317 -0.01100129
v 0.09744932 0 -0.01100129
v 0.09374624 -0.01095736 -0.01578745
v 0.09438443 0 -0.01578745
v 0.08970704 -0.01048525 -0.0197577
v 0.09031774 0 -0.0197577
v 0.08488155 -0.00992123 -0.02270685
v 0.0854594 0 -0.02270685
v 0.07951916 -0.00929446 -0.02448247
v 0.0800605 0 -0.02448247
v 0.073897 -0.00863732 -0.0249928
v 0.07440007 0 -0.0249928
v 0.06830565 -0.00798379 -0.02421147
v 0.06877065 0 -0.02421147
v 0.06303405 -0.00736762 -0.02217885
v 0.06346317 0 -0.02217885
v 0.05835466 -0.00682068 -0.019
v 0.05875192 0 -0.019
v 0.06691693 -0.0158596 0.02421147
v 0.07239461 -0.01715784 0.0249928
v 0.07790247 -0.01846322 0.02448247
v 0.08315583 -0.01970829 0.02270685
v 0.08788321 -0.0208287 0.0197577
v 0.09184029 -0.02176655 0.01578745
v 0.09482256 -0.02247336 0.01100129
v 0.09667588 -0.0229126 0.00564655
v 0.09730449 -0.02306159 -0
v 0.09667588 -0.0229126 -0.00564655
v 0.09482256 -0.02247336 -0.01100129
v 0.09184029 -0.02176655 -0.01578745
v 0.08788321 -0.0208287 -0.0197577
v 0.08315583 -0.01970829 -0.02270685
v 0.07790247 -0.01846322 -0.02448247
v 0.07239461 -0.01715784 -0.0249928
v 0.06691693 -0.0158596 -0.02421147
v 0.06175251 -0.01463561 -0.02217885
v 0.05716826 -0.01354913 -0.019
v 0.06462327 -0.02352095 0.02421147
v 0.0699132 -0.02544632 0.0249928
v 0.07523227 -0.0273823 0.02448247
v 0.08030557 -0.02922884 0.02270685
v 0.08487091 -0.03089049 0.0197577
v 0.08869236 -0.03228138 0.01578745
v 0.0915724 -0.03332963 0.01100129
v 0.0933622 -0.03398106 0.00564655
v 0.09396926 -0.03420201 -0
v 0.0933622 -0.03398106 -0.00564655
v 0.0915724 -0.03332963 -0.01100129
v 0.08869236 -0.03228138 -0.01578745
v 0.08487091 -0.03089049 -0.0197577
v 0.08030557 -0.02922884 -0.02270685
v 0.07523227 -0.0273823 -0.02448247
v 0.0699132 -0.02544632 -0.0249928
v 0.06462327 -0.02352095 -0.02421147
v 0.05963587 -0.02170568 -0.02217885
v 0.05520875 -0.02009434 -0.019
v 0.0614557 -0.03086421 0.02421147
v 0.06648634 -0.03339069 0.0249928
v 0.07154468 -0.03593109 0.02448247
v 0.07636931 -0.03835411 0.02270685
v 0.08071088 -0.04053453 0.0197577
v 0.08434501 -0.04235966 0.01578745
v 0.08708389 -0.04373517 0.01100129
v 0.08878596 -0.04458999 0.00564655
v 0.08936326 -0.04487992 -0
v 0.08878596 -0.04458999 -0.00564655
v 0.08708389 -0.04373517 -0.01100129
v 0.08434501 -0.04235966 -0.01578745
v 0.08071088 -0.04053453 -0.0197577
v 0.07636931 -0.03835411 -0.02270685
v 0.07154468 -0.03593109 -0.02448247
v 0.06648634 -0.03339069 -0.0249928
v 0.0614557 -0.03086421 -0.02421147
v 0.05671276 -0.02848222 -0.02217885
v 0.05250264 -0.02636782 -0.019
v 0.05745704 -0.03779009 0.02421147
v 0.06216035 -0.04088351 0.0249928
v 0.06688958 -0.04399396 0.02448247
v 0.07140028 -0.04696071 0.02270685
v 0.07545937 -0.04963041 0.0197577
v 0.07885704 -0.05186509 0.01578745
v 0.08141772 -0.05354927 0.01100129
v 0.08300904 -0.05459591 0.00564655
v 0.08354878 -0.0549509 -0
v 0.08300904 -0.05459591 -0.00564655
v 0.08141772 -0.05354927 -0.01100129
v 0.07885704 -0.05186509 -0.01578745
v 0.07545937 -0.04963041 -0.0197577
v 0.07140028 -0.04696071 -0.02270685
v 0.06688958 -0.04399396 -0.02448247
v 0.06216035 -0.04088351 -0.0249928
v 0.05745704 -0.03779009 -0.02421147
v 0.0530227 -0.03487358 -0.02217885
v 0.04908651 -0.03228471 -0.019
v 0.05268138 -0.04420492 0.02421147
v 0.05699376 -0.04782344 0.0249928
v 0.0613299 -0.0514619 0.02448247
v 0.0654657 -0.05493224 0.02270685
v 0.0691874 -0.05805512 0.0197577
v 0.07230267 -0.06066915 0.01578745
v 0.0746505 -0.06263921 0.01100129
v 0.07610957 -0.06386351 0.00564655
v 0.07660444 -0.06427876 -0
v 0.07610957 -0.06386351 -0.00564655
v 0.0746505 -0.06263921 -0.01100129
v 0.07230267 -0.06066915 -0.01578745
v 0.0691874 -0.05805512 -0.0197577
v 0.0654657 -0.05493224 -0.02270685
v 0.0613299 -0.0514619 -0.02448247
v 0.05699376 -0.04782344 -0.0249928
v 0.05268138 -0.04420492 -0.02421147
v 0.0486156 -0.04079334 -0.02217885
v 0.04500658 -0.03776501 -0.019
v 0.04719328 -0.05002196 0.02421147
v 0.05105643 -0.05411665 0.0249928
v 0.05494085 -0.0582339 0.02448247
v 0.0586458 -0.06216091 0.02270685
v 0.06197979 -0.06569474 0.0197577
v 0.06477053 -0.06865275 0.01578745
v 0.06687377 -0.07088206 0.01100129
v 0.06818084 -0.07226747 0.00564655
v 0.06862416 -0.07273737 -0
v 0.06818084 -0.07226747 -0.00564655
v 0.06687377 -0.07088206 -0.01100129
v 0.06477053 -0.06865275 -0.01578745
v 0.06197979 -0.06569474 -0.0197577
v 0.0586458 -0.06216091 -0.02270685
v 0.05494085 -0.0582339 -0.02448247
v 0.05105643 -0.05411665 -0.0249928
v 0.04719328 -0.05002196 -0.02421147
v 0.04355107 -0.04616144 -0.02217885
v 0.04031802 -0.0427346 -0.019
v 0.04106699 -0.05516253 0.02421147
v 0.04442864 -0.05967803 0.0249928
v 0.04780882 -0.06421839 0.02448247
v 0.05103282 -0.06854897 0.02270685
v 0.05393402 -0.07244595 0.0197577
v 0.05636248 -0.07570794 0.01578745
v 0.0581927 -0.07816636 0.01100129
v 0.05933008 -0.07969413 0.00564655
v 0.05971586 -0.08021232 -0
v 0.05933008 -0.07969413 -0.00564655
v 0.0581927 -0.07816636 -0.01100129
v 0.05636248 -0.07570794 -0.01578745
v 0.05393402 -0.07244595 -0.0197577
v 0.05103282 -0.06854897 -0.02270685
v 0.04780882 -0.06421839 -0.02448247
v 0.04442864 -0.05967803 -0.0249928
v 0.04106699 -0.05516253 -0.02421147
v 0.03789758 -0.05090528 -0.02217885
v 0.03508421 -0.04712628 -0.019
v 0.03438532 -0.05955713 0.02421147
v 0.03720004 -0.06443235 0.0249928
v 0.04003025 -0.06933443 0.02448247
v 0.0427297 -0.07401001 0.02270685
v 0.04515887 -0.07821745 0.0197577
v 0.04719222 -0.08173932 0.01578745
v 0.04872466 -0.08439358 0.01100129
v 0.04967699 -0.08604307 0.00564655
v 0.05 -0.08660254 -0
v 0.04967699 -0.08604307 -0.00564655
v 0.04872466 -0.08439358 -0.01100129
v 0.04719222 -0.08173932 -0.01578745
v 0.04515887 -0.07821745 -0.0197577
v 0.0427297 -0.07401001 -0.02270685
v 0.04003025 -0.06933443 -0.02448247
v 0.03720004 -0.06443235 -0.0249928
v 0.03438532 -0.05955713 -0.02421147
v 0.03173158 -0.05496071 -0.02217885
v 0.02937596 -0.05088066 -0.019
v 0.02723866 -0.06314632 0.02421147
v 0.02946836 -0.06831535 0.0249928
v 0.03171035 -0.07351284 0.02448247
v 0.03384874 -0.0784702 0.02270685
v 0.03577303 -0.08293121 0.0197577
v 0.03738376 -0.08666531 0.01578745
v 0.0385977 -0.08947953 0.01100129
v 0.0393521 -0.09122843 0.00564655
v 0.03960798 -0.09182161 -0
v 0.0393521 -0.09122843 -0.00564655
v 0.0385977 -0.08947953 -0.01100129
v 0.03738376 -0.08666531 -0.01578745
v 0.03577303 -0.08293121 -0.0197577
v 0.03384874 -0.0784702 -0.02270685
v 0.03171035 -0.07351284 -0.02448247
v 0.02946836 -0.06831535 -0.0249928
v 0.02723866 -0.06314632 -0.02421147
v 0.02513648 -0.0582729 -0.02217885
v 0.02327045 -0.05394696 -0.019
v 0.01820144 -0.06079705 0.02217885
v 0.01972364 -0.06588156 0.02421147
v 0.02133818 -0.07127449 0.0249928
v 0.02296161 -0.07669713 0.02448247
v 0.02451003 -0.08186921 0.02270685
v 0.02590342 -0.08652344 0.0197577
v 0.02706976 -0.0904193 0.01578745
v 0.02794878 -0.09335542 0.01100129
v 0.02849504 -0.09518007 0.00564655
v 0.02868032 -0.09579895 -0
v 0.02849504 -0.09518007 -0.00564655
v 0.02794878 -0.09335542 -0.01100129
v 0.02706976 -0.0904193 -0.01578745
v 0.02590342 -0.08652344 -0.0197577
v 0.02451003 -0.08186921 -0.02270685
v 0.02296161 -0.07669713 -0.02448247
v 0.02133818 -0.07127449 -0.0249928
v 0.01972364 -0.06588156 -0.02421147
v 0.01820144 -0.06079705 -0.02217885
v 0.01685024 -0.05628373 -0.019
v 0.0119419 -0.06772587 0.02421147
v 0.01291944 -0.07326977 0.0249928
v 0.01390236 -0.0788442 0.02448247
v 0.01483987 -0.08416108 0.02270685
v 0.01568351 -0.08894561 0.0197577
v 0.01638968 -0.09295052 0.01578745
v 0.0169219 -0.09596884 0.01100129
v 0.01725264 -0.09784457 0.00564655
v 0.01736482 -0.09848078 -0
v 0.01725264 -0.09784457 -0.00564655
v 0.0169219 -0.09596884 -0.01100129
v 0.01638968 -0.09295052 -0.01578745
v 0.01568351 -0.08894561 -0.0197577
v 0.01483987 -0.08416108 -0.02270685
v 0.01390236 -0.0788442 -0.02448247
v 0.01291944 -0.07326977 -0.0249928
v 0.0119419 -0.06772587 -0.02421147
v 0.01102026 -0.06249902 -0.02217885
v 0.01020216 -0.05785935 -0.019
v 0.00432598 -0.0742742 0.0249928
v 0.0046551 -0.07992505 0.02448247
v 0.00496902 -0.08531482 0.02270685
v 0.00525151 -0.09016494 0.0197577
v 0.00548797 -0.09422475 0.01578745
v 0.00566617 -0.09728444 0.01100129
v 0.00577692 -0.09918589 0.00564655
v 0.00581448 -0.09983081 -0
v 0.00577692 -0.09918589 -0.00564655
v 0.00566617 -0.09728444 -0.01100129
v 0.00548797 -0.09422475 -0.01578745
v 0.00525151 -0.09016494 -0.0197577
v 0.00496902 -0.08531482 -0.02270685
v 0.0046551 -0.07992505 -0.02448247
v 0.00432598 -0.0742742 -0.0249928
v 0.00399866 -0.0686543 -0.02421147
v 0.00369005 -0.0633558 -0.02217885
v 0.00341612 -0.05865252 -0.019
v -0 -0.05865252 -0.019
v -0.05520875 0.02009434 -0.019
v -0.05716826 0.01354913 -0.019
v -0.05782519 0.00982348 -0.019
v -0.05835466 0.00682068 -0.019
v -0.05875192 0 -0.019
v -0.05835466 -0.00682068 -0.019
v -0.05716826 -0.01354913 -0.019
v -0.05520875 -0.02009434 -0.019
v -0.05250264 -0.02636782 -0.019
v -0.04908651 -0.03228471 -0.019
v -0.04500658 -0.03776501 -0.019
v -0.04031802 -0.0427346 -0.019
v -0.03508421 -0.04712628 -0.019
v -0.02937596 -0.05088066 -0.019
v -0.02327045 -0.05394696 -0.019
v -0.01685024 -0.05628373 -0.019
v -0.01020216 -0.05785935 -0.019
v -0.00341612 -0.05865252 -0.019
v 0.01685024 -0.05628373 0.019
v 0.01102026 -0.06249902 0.02217885
v 0.00399866 -0.0686543 0.02421147
v -0.00432598 -0.0742742 0.0249928
v -0.01390236 -0.0788442 0.02448247
v -0.02451003 -0.08186921 0.02270685
v -0.03577303 -0.08293121 0.0197577
v -0.04719222 -0.08173932 0.01578745
v -0.0581927 -0.07816636 0.01100129
v -0.06818084 -0.07226747 0.00564655
v -0.07660444 -0.06427876 -0
v -0.08300904 -0.05459591 -0.00564655
v -0.08708389 -0.04373517 -0.01100129
v -0.08869236 -0.03228138 -0.01578745
v -0.08788321 -0.0208287 -0.0197577
v -0.08488155 -0.00992123 -0.02270685
v -0.0800605 0 -0.02448247
v -0.073897 0.00863732 -0.0249928
v -0.06691693 0.0158596 -0.02421147
v -0.05963587 0.02170568 -0.02217885
v -0.05250264 0.02636782 -0.019
v -0.00399866 -0.0686543 0.02421147
v -0.01291944 -0.07326977 0.0249928
v -0.02296161 -0.07669713 0.02448247
v -0.03384874 -0.0784702 0.02270685
v -0.04515887 -0.07821745 0.0197577
v -0.05636248 -0.07570794 0.01578745
v -0.06687377 -0.07088206 0.01100129
v -0.07610957 -0.06386351 0.00564655
v -0.08354878 -0.0549509 -0
v -0.08878596 -0.04458999 -0.00564655
v -0.0915724 -0.03332963 -0.01100129
v -0.09184029 -0.02176655 -0.01578745
v -0.08970704 -0.01048525 -0.0197577
v -0.0854594 0 -0.02270685
v -0.07951916 0.00929446 -0.02448247
v -0.07239461 0.01715784 -0.0249928
v -0.06462327 0.02352095 -0.02421147
v -0.05671276 0.02848222 -0.02217885
v -0.04908651 0.03228471 -0.019
v 0 -0.05865252 0.019
v -0.00369005 -0.0633558 0.02217885
v -0.0119419 -0.06772587 0.02421147
v -0.02133818 -0.07127449 0.0249928
v -0.03171035 -0.07351284 0.02448247
v -0.0427297 -0.07401001 0.02270685
v -0.05393402 -0.07244595 0.0197577
v -0.06477053 -0.06865275 0.01578745
v -0.0746505 -0.06263921 0.01100129
v -0.08300904 -0.05459591 0.00564655
v -0.08936326 -0.04487992 -0
v -0.0933622 -0.03398106 -0.00564655
v -0.09482256 -0.02247336 -0.01100129
v -0.09374624 -0.01095736 -0.01578745
v -0.09031774 0 -0.0197577
v -0.08488155 0.00992123 -0.02270685
v -0.07790247 0.01846322 -0.02448247
v -0.0699132 0.02544632 -0.0249928
v -0.0614557 0.03086421 -0.02421147
v -0.0530227 0.03487358 -0.02217885
v -0.04500658 0.03776501 -0.019
v -0.00341612 -0.05865252 0.019
v -0.01102026 -0.06249902 0.02217885
v -0.01972364 -0.06588156 0.02421147
v -0.02946836 -0.06831535 0.0249928
v -0.04003025 -0.06933443 0.02448247
v -0.05103282 -0.06854897 0.02270685
v -0.06197979 -0.06569474 0.0197577
v -0.07230267 -0.06066915 0.01578745
v -0.08141772 -0.05354927 0.01100129
v -0.08878596 -0.04458999 0.00564655
v -0.09396926 -0.03420201 -0
v -0.09667588 -0.0229126 -0.00564655
v -0.0967904 -0.01131317 -0.01100129
v -0.09438443 0 -0.01578745
v -0.08970704 0.01048525 -0.0197577
v -0.08315583 0.01970829 -0.02270685
v -0.07523227 0.0273823 -0.02448247
v -0.06648634 0.03339069 -0.0249928
v -0.05745704 0.03779009 -0.02421147
v -0.0486156 0.04079334 -0.02217885
v -0.04031802 0.0427346 -0.019
v -0.01020216 -0.05785935 0.019
v -0.01820144 -0.06079705 0.02217885
v -0.02723866 -0.06314632 0.02421147
v -0.03720004 -0.06443235 0.0249928
v -0.04780882 -0.06421839 0.02448247
v -0.0586458 -0.06216091 0.02270685
v -0.0691874 -0.05805512 0.0197577
v -0.07885704 -0.05186509 0.01578745
v -0.08708389 -0.04373517 0.01100129
v -0.0933622 -0.03398106 0.00564655
v -0.09730449 -0.02306159 -0
v -0.09868219 -0.01153429 -0.00564655
v -0.09744932 0 -0.01100129
v -0.09374624 0.01095736 -0.01578745
v -0.08788321 0.0208287 -0.0197577
v -0.08030557 0.02922884 -0.02270685
v -0.07154468 0.03593109 -0.02448247
v -0.06216035 0.04088351 -0.0249928
v -0.05268138 0.04420492 -0.02421147
v -0.04355107 0.04616144 -0.02217885
v -0.03508421 0.04712628 -0.019
v -0.01685024 -0.05628373 0.019
v -0.02513648 -0.0582729 0.02217885
v -0.03438532 -0.05955713 0.02421147
v -0.04442864 -0.05967803 0.0249928
v -0.05494085 -0.0582339 0.02448247
v -0.0654657 -0.05493224 0.02270685
v -0.07545937 -0.04963041 0.0197577
v -0.08434501 -0.04235966 0.01578745
v -0.0915724 -0.03332963 0.01100129
v -0.09667588 -0.0229126 0.00564655
v -0.09932384 -0.01160929 -0
v -0.09935398 0 -0.00564655
v -0.0967904 0.01131317 -0.01100129
v -0.09184029 0.02176655 -0.01578745
v -0.08487091 0.03089049 -0.0197577
v -0.07636931 0.03835411 -0.02270685
v -0.06688958 0.04399396 -0.02448247
v -0.05699376 0.04782344 -0.0249928
v -0.04719328 0.05002196 -0.02421147
v -0.03789758 0.05090528 -0.02217885
v -0.02937596 0.05088066 -0.019
v -0.02327045 -0.05394696 0.019
v -0.03173158 -0.05496071 0.02217885
v -0.04106699 -0.05516253 0.02421147
v -0.05105643 -0.05411665 0.0249928
v -0.0613299 -0.0514619 0.02448247
v -0.07140028 -0.04696071 0.02270685
v -0.08071088 -0.04053453 0.0197577
v -0.08869236 -0.03228138 0.01578745
v -0.09482256 -0.02247336 0.01100129
v -0.09868219 -0.01153429 0.00564655
v -0.1 0 -0
v -0.09868219 0.01153429 -0.00564655
v -0.09482256 0.02247336 -0.01100129
v -0.08869236 0.03228138 -0.01578745
v -0.08071088 0.04053453 -0.0197577
v -0.07140028 0.04696071 -0.02270685
v -0.0613299 0.0514619 -0.02448247
v -0.05105643 0.05411665 -0.0249928
v -0.04106699 0.05516253 -0.02421147
v -0.03173158 0.05496071 -0.02217885
v -0.02327045 0.05394696 -0.019
v -0.02937596 -0.05088066 0.019
v -0.03789758 -0.05090528 0.02217885
v -0.04719328 -0.05002196 0.02421147
v -0.05699376 -0.04782344 0.0249928
v -0.06688958 -0.04399396 0.02448247
v -0.07636931 -0.03835411 0.02270685
v -0.08487091 -0.03089049 0.0197577
v -0.09184029 -0.02176655 0.01578745
v -0.0967904 -0.01131317 0.01100129
v -0.09935398 0 0.00564655
v -0.09932384 0.01160929 -0
v -0.09667588 0.0229126 -0.00564655
v -0.0915724 0.03332963 -0.01100129
v -0.08434501 0.04235966 -0.01578745
v -0.07545937 0.04963041 -0.0197577
v -0.0654657 0.05493224 -0.02270685
v -0.05494085 0.0582339 -0.02448247
v -0.04442864 0.05967803 -0.0249928
v -0.03438532 0.05955713 -0.02421147
v -0.02513648 0.0582729 -0.02217885
v -0.01685024 0.05628373 -0.019
v -0.03508421 -0.04712628 0.019
v -0.04355107 -0.04616144 0.02217885
v -0.05268138 -0.04420492 0.02421147
v -0.06216035 -0.04088351 0.0249928
v -0.07154468 -0.03593109 0.02448247
v -0.08030557 -0.02922884 0.02270685
v -0.08788321 -0.0208287 0.0197577
v -0.09374624 -0.01095736 0.01578745
v -0.09744932 0 0.01100129
v -0.09868219 0.01153429 0.00564655
v -0.09730449 0.02306159 -0
v -0.0933622 0.03398106 -0.00564655
v -0.08708389 0.04373517 -0.01100129
v -0.07885704 0.05186509 -0.01578745
v -0.0691874 0.05805512 -0.0197577
v -0.0586458 0.06216091 -0.02270685
v -0.04780882 0.06421839 -0.02448247
v -0.03720004 0.06443235 -0.0249928
v -0.02723866 0.06314632 -0.02421147
v -0.01820144 0.06079705 -0.02217885
v -0.01020216 0.05785935 -0.019
v 0.00341612 0.05865252 -0.019
v 0.0119419 0.06772587 0.02421147
v 0.01291944 0.07326977 0.0249928
v 0.01390236 0.0788442 0.02448247
v 0.01483987 0.08416108 0.02270685
v 0.01568351 0.08894561 0.0197577
v 0.01638968 0.09295052 0.01578745
v 0.0169219 0.09596884 0.01100129
v 0.01725264 0.09784457 0.00564655
v 0.01736482 0.09848078 -0
v 0.01725264 0.09784457 -0.00564655
v 0.0169219 0.09596884 -0.01100129
v 0.01638968 0.09295052 -0.01578745
v 0.01568351 0.08894561 -0.0197577
v 0.01483987 0.08416108 -0.02270685
v 0.01390236 0.0788442 -0.02448247
v 0.01291944 0.07326977 -0.0249928
v 0.0119419 0.06772587 -0.02421147
v 0.01102026 0.06249902 -0.02217885
v 0.01020216 0.05785935 -0.019
v 0.01972364 0.06588156 0.02421147
v 0.02133818 0.07127449 0.0249928
v 0.02296161 0.07669713 0.02448247
v 0.02451003 0.08186921 0.02270685
v 0.02590342 0.08652344 0.0197577
v 0.02706976 0.0904193 0.01578745
v 0.02794878 0.09335542 0.01100129
v 0.02849504 0.09518007 0.00564655
v 0.02868032 0.09579895 -0
v 0.02849504 0.09518007 -0.00564655
v 0.02794878 0.09335542 -0.01100129
v 0.02706976 0.0904193 -0.01578745
v 0.02590342 0.08652344 -0.0197577
v 0.02451003 0.08186921 -0.02270685
v 0.02296161 0.07669713 -0.02448247
v 0.02133818 0.07127449 -0.0249928
v 0.01972364 0.06588156 -0.02421147
v 0.01820144 0.06079705 -0.02217885
v 0.01685024 0.05628373 -0.019
v 0.02723866 0.06314632 0.02421147
v 0.02946836 0.06831535 0.0249928
v 0.03171035 0.07351284 0.02448247
v 0.03384874 0.0784702 0.02270685
v 0.03577303 0.08293121 0.0197577
v 0.03738376 0.08666531 0.01578745
v 0.0385977 0.08947953 0.01100129
v 0.0393521 0.09122843 0.00564655
v 0.03960798 0.09182161 -0
v 0.0393521 0.09122843 -0.00564655
v 0.0385977 0.08947953 -0.01100129
v 0.03738376 0.08666531 -0.01578745
v 0.03577303 0.08293121 -0.0197577
v 0.03384874 0.0784702 -0.02270685
v 0.03171035 0.07351284 -0.02448247
v 0.02946836 0.06831535 -0.0249928
v 0.02723866 0.06314632 -0.02421147
v 0.02513648 0.0582729 -0.02217885
v 0.02327045 0.05394696 -0.019
v 0.03438532 0.05955713 0.02421147
v 0.03720004 0.06443235 0.0249928
v 0.04003025 0.06933443 0.02448247
v 0.0427297 0.07401001 0.02270685
v 0.04515887 0.07821745 0.0197577
v 0.04719222 0.08173932 0.01578745
v 0.04872466 0.08439358 0.01100129
v 0.04967699 0.08604307 0.00564655
v 0.05 0.08660254 -0
v 0.04967699 0.08604307 -0.00564655
v 0.04872466 0.08439358 -0.01100129
v 0.04719222 0.08173932 -0.01578745
v 0.04515887 0.07821745 -0.0197577
v 0.0427297 0.07401001 -0.02270685
v 0.04003025 0.06933443 -0.02448247
v 0.03720004 0.06443235 -0.0249928
v 0.03438532 0.05955713 -0.02421147
v 0.03173158 0.05496071 -0.02217885
v 0.02937596 0.05088066 -0.019
v 0.04106699 0.05516253 0.02421147
v 0.04442864 0.05967803 0.0249928
v 0.04780882 0.06421839 0.02448247
v 0.05103282 0.06854897 0.02270685
v 0.05393402 0.07244595 0.0197577
v 0.05636248 0.07570794 0.01578745
v 0.0581927 0.07816636 0.01100129
v 0.05933008 0.07969413 0.00564655
v 0.05971586 0.08021232 -0
v 0.05933008 0.07969413 -0.00564655
v 0.0581927 0.07816636 -0.01100129
v 0.05636248 0.07570794 -0.01578745
v 0.05393402 0.07244595 -0.0197577
v 0.05103282 0.06854897 -0.02270685
v 0.04780882 0.06421839 -0.02448247
v 0.04442864 0.05967803 -0.0249928
v 0.04106699 0.05516253 -0.02421147
v 0.03789758 0.05090528 -0.02217885
v 0.03508421 0.04712628 -0.019
v 0.04719328 0.05002196 0.02421147
v 0.05105643 0.05411665 0.0249928
v 0.05494085 0.0582339 0.02448247
v 0.0586458 0.06216091 0.02270685
v 0.06197979 0.06569474 0.0197577
v 0.06477053 0.06865275 0.01578745
v 0.06687377 0.07088206 0.01100129
v 0.06818084 0.07226747 0.00564655
v 0.06862416 0.07273737 -0
v 0.06818084 0.07226747 -0.00564655
v 0.06687377 0.07088206 -0.01100129
v 0.06477053 0.06865275 -0.01578745
v 0.06197979 0.06569474 -0.0197577
v 0.0586458 0.06216091 -0.02270685
v 0.05494085 0.0582339 -0.02448247
v 0.05105643 0.05411665 -0.0249928
v 0.04719328 0.05002196 -0.02421147
v 0.04355107 0.04616144 -0.02217885
v 0.04031802 0.0427346 -0.019
v 0.05268138 0.04420492 0.02421147
v 0.05699376 0.04782344 0.0249928
v 0.0613299 0.0514619 0.02448247
v 0.0654657 0.05493224 0.02270685
v 0.0691874 0.05805512 0.0197577
v 0.07230267 0.06066915 0.01578745
v 0.0746505 0.06263921 0.01100129
v 0.07610957 0.06386351 0.00564655
v 0.07660444 0.06427876 -0
v 0.07610957 0.06386351 -0.00564655
v 0.0746505 0.06263921 -0.01100129
v 0.07230267 0.06066915 -0.01578745
v 0.0691874 0.05805512 -0.0197577
v 0.0654657 0.05493224 -0.02270685
v 0.0613299 0.0514619 -0.02448247
v 0.05699376 0.04782344 -0.0249928
v 0.05268138 0.04420492 -0.02421147
v 0.0486156 0.04079334 -0.02217885
v 0.04500658 0.03776501 -0.019
v 0.05745704 0.03779009 0.02421147
v 0.06216035 0.04088351 0.0249928
v 0.06688958 0.04399396 0.02448247
v 0.07140028 0.04696071 0.02270685
v 0.07545937 0.04963041 0.0197577
v 0.07885704 0.05186509 0.01578745
v 0.08141772 0.05354927 0.01100129
v 0.08300904 0.05459591 0.00564655
v 0.08354878 0.0549509 -0
v 0.08300904 0.05459591 -0.00564655
v 0.08141772 0.05354927 -0.01100129
v 0.07885704 0.05186509 -0.01578745
v 0.07545937 0.04963041 -0.0197577
v 0.07140028 0.04696071 -0.02270685
v 0.06688958 0.04399396 -0.02448247
v 0.06216035 0.04088351 -0.0249928
v 0.05745704 0.03779009 -0.02421147
v 0.0530227 0.03487358 -0.02217885
v 0.04908651 0.03228471 -0.019
v 0.0614557 0.03086421 0.02421147
v 0.06648634 0.03339069 0.0249928
v 0.07154468 0.03593109 0.02448247
v 0.07636931 0.03835411 0.02270685
v 0.08071088 0.04053453 0.0197577
v 0.08434501 0.04235966 0.01578745
v 0.08708389 0.04373517 0.01100129
v 0.08878596 0.04458999 0.00564655
v 0.08936326 0.04487992 -0
v 0.08878596 0.04458999 -0.00564655
v 0.08708389 0.04373517 -0.01100129
v 0.08434501 0.04235966 -0.01578745
v 0.08071088 0.04053453 -0.0197577
v 0.07636931 0.03835411 -0.02270685
v 0.07154468 0.03593109 -0.02448247
v 0.06648634 0.03339069 -0.0249928
v 0.0614557 0.03086421 -0.02421147
v 0.05671276 0.02848222 -0.02217885
v 0.05250264 0.02636782 -0.019
v 0.06462327 0.02352095 0.02421147
v 0.0699132 0.02544632 0.0249928
v 0.07523227 0.0273823 0.02448247
v 0.08030557 0.02922884 0.02270685
v 0.08487091 0.03089049 0.0197577
v 0.08869236 0.03228138 0.01578745
v 0.0915724 0.03332963 0.01100129
v 0.0933622 0.03398106 0.00564655
v 0.09396926 0.03420201 -0
v 0.0933622 0.03398106 -0.00564655
v 0.0915724 0.03332963 -0.01100129
v 0.08869236 0.03228138 -0.01578745
v 0.08487091 0.03089049 -0.0197577
v 0.08030557 0.02922884 -0.02270685
v 0.07523227 0.0273823 -0.02448247
v 0.0699132 0.02544632 -0.0249928
v 0.06462327 0.02352095 -0.02421147
v 0.05963587 0.02170568 -0.02217885
v 0.05520875 0.02009434 -0.019
v 0.06691693 0.0158596 0.02421147
v 0.07239461 0.01715784 0.0249928
v 0.07790247 0.01846322 0.02448247
v 0.08315583 0.01970829 0.02270685
v 0.08788321 0.0208287 0.0197577
v 0.09184029 0.02176655 0.01578745
v 0.09482256 0.02247336 0.01100129
v 0.09667588 0.0229126 0.00564655
v 0.09730449 0.02306159 -0
v 0.09667588 0.0229126 -0.00564655
v 0.09482256 0.02247336 -0.01100129
v 0.09184029 0.02176655 -0.01578745
v 0.08788321 0.0208287 -0.0197577
v 0.08315583 0.01970829 -0.02270685
v 0.07790247 0.01846322 -0.02448247
v 0.07239461 0.01715784 -0.0249928
v 0.06691693 0.0158596 -0.02421147
v 0.06175251 0.01463561 -0.02217885
v 0.05716826 0.01354913 -0.019
v 0.06303405 0.00736762 -0.02217885
v 0.05835466 0.00682068 -0.019
v 0.05782519 0.00982348 -0.019
v 0.06830565 0.00798379 0.02421147
v 0.073897 0.00863732 0.0249928
v 0.07951916 0.00929446 0.02448247
v 0.08488155 0.00992123 0.02270685
v 0.08970704 0.01048525 0.0197577
v 0.09374624 0.01095736 0.01578745
v 0.0967904 0.01131317 0.01100129
v 0.09868219 0.01153429 0.00564655
v 0.09932384 0.01160929 -0
v 0.09868219 0.01153429 -0.00564655
v 0.0967904 0.01131317 -0.01100129
v 0.09374624 0.01095736 -0.01578745
v 0.08970704 0.01048525 -0.0197577
v 0.08488155 0.00992123 -0.02270685
v 0.07951916 0.00929446 -0.02448247
v 0.073897 0.00863732 -0.0249928
v 0.06830565 0.00798379 -0.02421147
v -0.0401291 0.02768403 -0.019
v -0.04096539 0.02553635 -0.019
v 0.02290861 -0.00044251 -0.019
v 0.02073797 -0.00185214 -0.019
v 0 0.00982348 -0.019
v 0.01956295 -0.00415823 -0.019
v 0.01827091 -0.00813473 -0.019
v 0.0466282 0.00514901 -0.019
v 0.04449088 0.00601147 -0.019
v 0.04219379 0.00582363 -0.019
v 0.04815159 0.00341951 -0.019
v 0.04873739 0.00119044 -0.019
v 0.04776751 -0.00974758 -0.019
v 0.0185772 -0.03832908 -0.019
v 0.0066583 -0.02192412 -0.019
v 0.01879355 -0.01310734 -0.019
v 0.00464689 -0.02029532 -0.019
v 0.01786603 -0.01069106 -0.019
v 0.00209057 -0.01989044 -0.019
v -0 -0.01989044 -0.019
v 0.03469649 -0.03157301 -0.019
v 0.03694552 -0.03106924 -0.019
v 0.03872965 -0.0296102 -0.019
v 0.04437421 -0.02019108 -0.019
v 0.01619285 -0.04598415 -0.019
v 0.01813181 -0.0447382 -0.019
v 0.01930591 -0.04275491 -0.019
v 0.01946569 -0.0404557 -0.019
v 0.03246043 -0.03101447 -0.019
v 0.03071245 -0.0295123 -0.019
v 0.0075 0.04192828 -0.019
v 0.0075 0.02165063 -0.019
v 0.00816987 0.01915064 -0.019
v 0.01 0.01732051 -0.019
v 0.01338261 0.0148629 -0.019
v 0.01568871 0.01368788 -0.019
v 0.01827335 0.01382334 -0.019
v 0.03755854 0.02008948 -0.019
v 0.03952733 0.02128771 -0.019
v 0.04074952 0.02324173 -0.019
v 0.01392851 0.04671988 -0.019
v 0.01162751 0.04685157 -0.019
v 0.0095119 0.04593718 -0.019
v 0.00803119 0.04417099 -0.019
v 0.03291524 0.035963 -0.019
v 0.0401291 0.02768403 -0.019
v 0.04096539 0.02553635 -0.019
v 0.02403148 0.04241743 -0.019
v -0.01338261 0.0148629 -0.019
v -0.01 0.01732051 -0.019
v -0.04074952 0.02324173 -0.019
v -0.03952733 0.02128771 -0.019
v -0.03755854 0.02008948 -0.019
v -0.01827335 0.01382334 -0.019
v -0.01568871 0.01368788 -0.019
v -0.01162751 0.04685157 -0.019
v -0.0095119 0.04593718 -0.019
v -0.00803119 0.04417099 -0.019
v -0.00816987 0.01915064 -0.019
v -0.0075 0.02165063 -0.019
v -0.0075 0.04192828 -0.019
v -0.02403148 0.04241743 -0.019
v -0.01392851 0.04671988 -0.019
v -0.03291524 0.035963 -0.019
v -0.0466282 0.00514901 -0.019
v -0.04815159 0.00341951 -0.019
v -0.04873739 0.00119044 -0.019
v -0.05875192 0 -0.019
v -0.01827091 -0.00813473 -0.019
v -0.01956295 -0.00415823 -0.019
v -0.00464689 -0.02029532 -0.019
v -0.02073797 -0.00185214 -0.019
v -0.00209057 -0.01989044 -0.019
v 0.00549047 -0.04844177 -0.019
v -0 -0.04844177 -0.019
v -0.00549047 -0.04844177 -0.019
v -0.02290861 -0.00044251 -0.019
v -0.04219379 0.00582363 -0.019
v -0.04449088 0.00601147 -0.019
v -0.04776751 -0.00974758 -0.019
v -0.01786603 -0.01069106 -0.019
v -0.0066583 -0.02192412 -0.019
v -0.01879355 -0.01310734 -0.019
v -0.01619285 -0.04598415 -0.019
v -0.01813181 -0.0447382 -0.019
v -0.01930591 -0.04275491 -0.019
v -0.01946569 -0.0404557 -0.019
v -0.04437421 -0.02019108 -0.019
v -0.03872965 -0.0296102 -0.019
v -0.03694552 -0.03106924 -0.019
v -0.03469649 -0.03157301 -0.019
v -0.03246043 -0.03101447 -0.019
v -0.03071245 -0.0295123 -0.019
v -0.0185772 -0.03832908 -0.019
v 0.0401291 0.02768403 0.019
v 0.04096539 0.02553635 0.019
v 0.00464689 -0.02029532 0.019
v 0.01786603 -0.01069106 0.019
v 0.01827091 -0.00813473 0.019
v 0.03872965 -0.0296102 0.019
v 0.03694552 -0.03106924 0.019
v 0.01956295 -0.00415823 0.019
v 0.02073797 -0.00185214 0.019
v 0.00209057 -0.01989044 0.019
v 0 0.00982348 0.019
v 0 -0.01989044 0.019
v 0.04873739 0.00119044 0.019
v 0.04815159 0.00341951 0.019
v 0.0466282 0.00514901 0.019
v 0.02290861 -0.00044251 0.019
v 0.04219379 0.00582363 0.019
v 0.04449088 0.00601147 0.019
v 0.03469649 -0.03157301 0.019
v 0.03246043 -0.03101447 0.019
v 0.01930591 -0.04275491 0.019
v 0.04776751 -0.00974758 0.019
v 0.05875192 -0 0.019
v 0.01813181 -0.0447382 0.019
v 0.01619285 -0.04598415 0.019
v 0.00549047 -0.04844177 0.019
v 0.04437421 -0.02019108 0.019
v 0.01879355 -0.01310734 0.019
v 0.0066583 -0.02192412 0.019
v 0.03071245 -0.0295123 0.019
v 0.0185772 -0.03832908 0.019
v 0.01946569 -0.0404557 0.019
v -0.02290861 -0.00044251 0.019
v -0.02073797 -0.00185214 0.019
v -0.01956295 -0.00415823 0.019
v -0.00209057 -0.01989044 0.019
v -0.01786603 -0.01069106 0.019
v -0.01827091 -0.00813473 0.019
v -0.01930591 -0.04275491 0.019
v -0.01946569 -0.0404557 0.019
v -0.03469649 -0.03157301 0.019
v -0.04815159 0.00341951 0.019
v -0.01619285 -0.04598415 0.019
v -0.01813181 -0.0447382 0.019
v -0.00464689 -0.02029532 0.019
v -0.01879355 -0.01310734 0.019
v -0.0066583 -0.02192412 0.019
v -0.04873739 0.00119044 0.019
v -0.00549047 -0.04844177 0.019
v 0 -0.04844177 0.019
v -0.03694552 -0.03106924 0.019
v -0.03872965 -0.0296102 0.019
v -0.04437421 -0.02019108 0.019
v -0.0466282 0.00514901 0.019
v -0.04449088 0.00601147 0.019
v -0.04219379 0.00582363 0.019
v -0.04776751 -0.00974758 0.019
v -0.05875192 0 0.019
v -0.0185772 -0.03832908 0.019
v -0.03071245 -0.0295123 0.019
v -0.03246043 -0.03101447 0.019
v -0.00816987 0.01915064 0.019
v -0.01 0.01732051 0.019
v -0.04074952 0.02324173 0.019
v -0.03952733 0.02128771 0.019
v -0.03755854 0.02008948 0.019
v -0.01338261 0.0148629 0.019
v -0.01568871 0.01368788 0.019
v -0.01827335 0.01382334 0.019
v -0.01392851 0.04671988 0.019
v -0.01162751 0.04685157 0.019
v -0.0095119 0.04593718 0.019
v -0.00803119 0.04417099 0.019
v -0.0075 0.04192828 0.019
v -0.0075 0.02165063 0.019
v -0.03291524 0.035963 0.019
v -0.0401291 0.02768403 0.019
v -0.04096539 0.02553635 0.019
v -0.02403148 0.04241743 0.019
v 0.01338261 0.0148629 0.019
v 0.01 0.01732051 0.019
v 0.04074952 0.02324173 0.019
v 0.03952733 0.02128771 0.019
v 0.03755854 0.02008948 0.019
v 0.01827335 0.01382334 0.019
v 0.01568871 0.01368788 0.019
v 0.00816987 0.01915064 0.019
v 0.0075 0.02165063 0.019
v 0.0075 0.04192828 0.019
v 0.00803119 0.04417099 0.019
v 0.0095119 0.04593718 0.019
v 0.01162751 0.04685157 0.019
v 0.03291524 0.035963 0.019
v 0.02403148 0.04241743 0.019
v 0.01392851 0.04671988 0.019
vn 0.32888 0.14186 0.93366
vn -0.55903 -0.03256 0.82851
vn -0.55147 -0.09724 0.82851
vn -0.51418 -0.22179 0.82851
vn -0.48495 -0.27999 0.82851
vn -0.44917 -0.33439 0.82851
vn -0.40731 -0.38428 0.82851
vn -0.35994 -0.42897 0.82851
vn -0.30771 -0.46785 0.82851
vn -0.25132 -0.50041 0.82851
vn -0.19152 -0.5262 0.82851
vn -0.12914 -0.54488 0.82851
vn -0.06501 -0.55619 0.82851
vn -0.06501 0.55619 0.82851
vn -0.25132 0.50041 0.82851
vn -0.30771 0.46785 0.82851
vn -0.35995 0.42897 0.82851
vn -0.40731 0.38428 0.82851
vn -0.44917 0.33439 0.82851
vn -0.48495 0.27999 0.82851
vn -0.51418 0.22179 0.82851
vn -0.53645 0.1606 0.82851
vn -0.55147 0.09724 0.82851
vn -0.55903 0.03256 0.82851
vn 0.51418 0.22179 0.82851
vn 0.51418 0.22179 0.82851
vn 0.48495 0.27999 0.82851
vn 0.55147 -0.09724 0.82851
vn 0 -0.55997 0.82851
vn -0.53645 -0.1606 0.82851
vn -0.55147 -0.09724 0.82851
vn 0.13192 0.03949 0.99047
vn 0.34312 0.10272 0.93366
vn 0.34312 0.10272 0.93366
vn 0.53645 0.1606 0.82851
vn 0.53645 0.1606 0.82851
vn -0.08858 -0.01562 0.99595
vn 0.13561 0.02391 0.99047
vn 0.13561 0.02391 0.99047
vn 0.35273 0.0622 0.93366
vn 0.35273 0.0622 0.93366
vn 0.55147 0.09724 0.82851
vn 0.55147 0.09724 0.82851
vn -0.31237 -0.01819 0.94979
vn -0.08979 -0.00523 0.99595
vn -0.08979 -0.00523 0.99595
vn 0.13747 0.00801 0.99047
vn 0.13747 0.00801 0.99047
vn 0.35756 0.02083 0.93366
vn 0.35756 0.02083 0.93366
vn 0.55903 0.03256 0.82851
vn 0.55903 0.03256 0.82851
vn -0.03633 -0.31079 0.94979
vn -0.51867 0.03021 0.85444
vn -0.31237 0.01819 0.94979
vn -0.31237 0.01819 0.94979
vn -0.08979 0.00523 0.99595
vn -0.08979 0.00523 0.99595
vn 0.13747 -0.00801 0.99047
vn 0.13747 -0.00801 0.99047
vn 0.35756 -0.02083 0.93366
vn 0.35756 -0.02083 0.93366
vn 0.55903 -0.03256 0.82851
vn 0.55903 -0.03256 0.82851
vn -0.06032 -0.51604 0.85444
vn -0.06032 -0.51603 0.85444
vn -0.11982 -0.50554 0.85444
vn -0.68855 0.12141 0.71495
vn -0.51166 0.09022 0.85444
vn -0.51165 0.09022 0.85444
vn -0.30815 0.05433 0.94979
vn -0.30815 0.05433 0.94979
vn -0.08858 0.01562 0.99595
vn -0.08858 0.01562 0.99595
vn 0.13561 -0.02391 0.99047
vn 0.13561 -0.02391 0.99047
vn 0.35273 -0.0622 0.93366
vn 0.35273 -0.0622 0.93366
vn 0.55147 -0.09724 0.82851
vn 0.55147 -0.09724 0.82851
vn -0.08117 -0.69445 0.71495
vn -0.08117 -0.69445 0.71495
vn -0.16124 -0.68033 0.71495
vn -0.16124 -0.68033 0.71495
vn -0.23913 -0.65701 0.71495
vn -0.80715 0.24165 0.53862
vn -0.6698 0.20053 0.71495
vn -0.6698 0.20053 0.71495
vn -0.49772 0.14901 0.85444
vn -0.49772 0.14901 0.85444
vn -0.29976 0.08974 0.94979
vn -0.29976 0.08974 0.94979
vn -0.08617 0.0258 0.99595
vn -0.08617 0.0258 0.99595
vn 0.13192 -0.03949 0.99047
vn 0.13192 -0.03949 0.99047
vn 0.34312 -0.10272 0.93366
vn 0.34312 -0.10272 0.93366
vn 0.53645 -0.1606 0.82851
vn 0.53645 -0.1606 0.82851
vn -0.09781 -0.83685 0.53862
vn -0.09781 -0.83685 0.53862
vn -0.1943 -0.81984 0.53862
vn -0.1943 -0.81984 0.53862
vn -0.28817 -0.79173 0.53862
vn -0.28817 -0.79174 0.53862
vn -0.37813 -0.75293 0.53862
vn -0.86528 0.37325 0.33463
vn -0.77364 0.33372 0.53862
vn -0.77364 0.33372 0.53862
vn -0.64199 0.27693 0.71495
vn -0.642 0.27693 0.71495
vn -0.47706 0.20578 0.85444
vn -0.47706 0.20578 0.85444
vn -0.28731 0.12393 0.94979
vn -0.28731 0.12393 0.94979
vn -0.08259 0.03563 0.99595
vn -0.08259 0.03563 0.99595
vn 0.12644 -0.05454 0.99047
vn 0.12644 -0.05454 0.99047
vn 0.32888 -0.14186 0.93366
vn 0.32888 -0.14186 0.93366
vn 0.51418 -0.22179 0.82851
vn 0.51418 -0.22179 0.82851
vn -0.1094 -0.93598 0.33463
vn -0.1094 -0.93598 0.33462
vn -0.21732 -0.91695 0.33462
vn -0.21732 -0.91695 0.33463
vn -0.3223 -0.88552 0.33462
vn -0.3223 -0.88552 0.33462
vn -0.42293 -0.84212 0.33463
vn -0.42293 -0.84212 0.33462
vn -0.51783 -0.78732 0.33463
vn -0.86043 0.49677 0.11348
vn -0.8161 0.47117 0.33463
vn -0.8161 0.47118 0.33462
vn -0.72967 0.42127 0.53862
vn -0.72967 0.42127 0.53862
vn -0.6055 0.34959 0.71495
vn -0.6055 0.34959 0.71495
vn -0.44994 0.25977 0.85444
vn -0.44994 0.25977 0.85444
vn -0.27098 0.15645 0.94979
vn -0.27098 0.15645 0.94979
vn -0.07789 0.04497 0.99595
vn -0.07789 0.04497 0.99595
vn 0.11926 -0.06885 0.99047
vn 0.11926 -0.06885 0.99047
vn 0.31018 -0.17909 0.93366
vn 0.31018 -0.17908 0.93366
vn 0.48495 -0.27999 0.82851
vn 0.48495 -0.27999 0.82851
vn -0.11534 -0.98682 0.11348
vn -0.11534 -0.98682 0.11348
vn -0.22913 -0.96676 0.11348
vn -0.22913 -0.96676 0.11348
vn -0.33981 -0.93362 0.11348
vn -0.33981 -0.93362 0.11348
vn -0.4459 -0.88786 0.11348
vn -0.4459 -0.88786 0.11348
vn -0.54596 -0.83009 0.11348
vn -0.54596 -0.83009 0.11347
vn -0.63864 -0.7611 0.11348
vn -0.79694 0.5933 -0.11348
vn -0.79694 0.5933 0.11348
vn -0.79694 0.5933 0.11348
vn -0.75588 0.56273 0.33463
vn -0.75588 0.56273 0.33463
vn -0.67583 0.50313 0.53862
vn -0.67583 0.50313 0.53862
vn -0.56083 0.41752 0.71495
vn -0.56083 0.41752 0.71495
vn -0.41674 0.31025 0.85444
vn -0.41674 0.31025 0.85444
vn -0.25099 0.18685 0.94979
vn -0.25099 0.18685 0.94979
vn -0.07215 0.05371 0.99595
vn -0.07215 0.05371 0.99595
vn 0.11046 -0.08223 0.99047
vn 0.11046 -0.08223 0.99047
vn 0.2873 -0.21388 0.93366
vn 0.2873 -0.21388 0.93366
vn 0.44917 -0.33439 0.82851
vn 0.44917 -0.33439 0.82851
vn -0.11534 -0.98682 -0.11348
vn -0.11534 -0.98682 -0.11348
vn -0.22913 -0.96676 -0.11348
vn -0.22913 -0.96676 -0.11348
vn -0.33981 -0.93362 -0.11348
vn -0.33981 -0.93362 -0.11348
vn -0.4459 -0.88786 -0.11348
vn -0.4459 -0.88786 -0.11348
vn -0.54596 -0.83009 -0.11348
vn -0.54596 -0.83009 -0.11348
vn -0.63864 -0.7611 -0.11348
vn -0.63864 -0.7611 -0.11348
vn -0.72267 -0.68181 -0.11348
vn -0.68544 0.64668 -0.33462
vn -0.72267 0.68181 -0.11348
vn -0.72268 0.68181 -0.11348
vn -0.72268 0.68181 0.11348
vn -0.72267 0.68181 0.11348
vn -0.68544 0.64668 0.33463
vn -0.68544 0.64668 0.33462
vn -0.61285 0.57819 0.53862
vn -0.61285 0.57819 0.53862
vn -0.50856 0.4798 0.71495
vn -0.50856 0.4798 0.71495
vn -0.37791 0.35653 0.85444
vn -0.37791 0.35654 0.85444
vn -0.2276 0.21473 0.94979
vn -0.2276 0.21473 0.94979
vn -0.06542 0.06172 0.99595
vn -0.06542 0.06172 0.99595
vn 0.10016 -0.0945 0.99047
vn 0.10016 -0.0945 0.99047
vn 0.26052 -0.24579 0.93366
vn 0.26052 -0.24579 0.93366
vn 0.40731 -0.38428 0.82851
vn 0.40731 -0.38428 0.82851
vn -0.1094 -0.93598 -0.33462
vn -0.1094 -0.93598 -0.33463
vn -0.21732 -0.91695 -0.33462
vn -0.21732 -0.91695 -0.33463
vn -0.3223 -0.88552 -0.33462
vn -0.3223 -0.88552 -0.33462
vn -0.42293 -0.84212 -0.33463
vn -0.42293 -0.84212 -0.33462
vn -0.51783 -0.78732 -0.33463
vn -0.51783 -0.78732 -0.33463
vn -0.60573 -0.72188 -0.33462
vn -0.60573 -0.72188 -0.33463
vn -0.68544 -0.64668 -0.33463
vn -0.68544 -0.64668 -0.33463
vn -0.75588 -0.56273 -0.33463
vn -0.54158 0.64543 -0.53862
vn -0.60573 0.72188 -0.33463
vn -0.60573 0.72188 -0.33463
vn -0.63864 0.7611 -0.11348
vn -0.63864 0.7611 -0.11348
vn -0.63864 0.7611 0.11348
vn -0.63864 0.7611 0.11348
vn -0.60573 0.72188 0.33463
vn -0.60573 0.72188 0.33462
vn -0.54158 0.64543 0.53862
vn -0.54158 0.64543 0.53862
vn -0.44942 0.5356 0.71495
vn -0.44942 0.5356 0.71495
vn -0.33396 0.398 0.85444
vn -0.33396 0.398 0.85444
vn -0.20113 0.2397 0.94979
vn -0.20113 0.2397 0.94979
vn -0.05781 0.0689 0.99595
vn -0.05782 0.0689 0.99595
vn 0.08852 -0.10549 0.99047
vn 0.08852 -0.10549 0.99047
vn 0.23023 -0.27437 0.93366
vn 0.23023 -0.27437 0.93366
vn 0.35994 -0.42897 0.82851
vn 0.35995 -0.42897 0.82851
vn -0.09781 -0.83685 -0.53862
vn -0.09781 -0.83685 -0.53862
vn -0.1943 -0.81984 -0.53862
vn -0.1943 -0.81984 -0.53862
vn -0.28817 -0.79174 -0.53862
vn -0.28817 -0.79173 -0.53862
vn -0.37813 -0.75293 -0.53862
vn -0.37813 -0.75293 -0.53862
vn -0.46299 -0.70394 -0.53862
vn -0.46299 -0.70394 -0.53862
vn -0.54158 -0.64543 -0.53862
vn -0.54158 -0.64543 -0.53862
vn -0.61285 -0.57819 -0.53862
vn -0.61285 -0.57819 -0.53862
vn -0.67583 -0.50313 -0.53862
vn -0.67583 -0.50313 -0.53862
vn -0.72967 -0.42127 -0.53862
vn -0.3842 0.58415 -0.71495
vn -0.46299 0.70394 -0.53862
vn -0.46299 0.70394 -0.53862
vn -0.51783 0.78732 -0.33463
vn -0.51783 0.78732 -0.33463
vn -0.54596 0.83009 -0.11348
vn -0.54596 0.83009 -0.11348
vn -0.54596 0.83009 0.11348
vn -0.54596 0.83009 0.11348
vn -0.51783 0.78732 0.33463
vn -0.51783 0.78732 0.33463
vn -0.46299 0.70394 0.53862
vn -0.46299 0.70394 0.53862
vn -0.3842 0.58415 0.71495
vn -0.3842 0.58415 0.71495
vn -0.2855 0.43408 0.85444
vn -0.2855 0.43408 0.85444
vn -0.17194 0.26142 0.94979
vn -0.17194 0.26143 0.94979
vn -0.04943 0.07515 0.99595
vn -0.04943 0.07515 0.99595
vn 0.07567 -0.11505 0.99047
vn 0.07567 -0.11505 0.99047
vn 0.19682 -0.29925 0.93366
vn 0.19682 -0.29925 0.93366
vn 0.30771 -0.46785 0.82851
vn 0.30771 -0.46785 0.82851
vn -0.08117 -0.69445 -0.71495
vn -0.08117 -0.69445 -0.71495
vn -0.16124 -0.68033 -0.71495
vn -0.16124 -0.68033 -0.71495
vn -0.23913 -0.65701 -0.71495
vn -0.23913 -0.65701 -0.71495
vn -0.31379 -0.62481 -0.71495
vn -0.31379 -0.62481 -0.71495
vn -0.3842 -0.58415 -0.71495
vn -0.3842 -0.58415 -0.71495
vn -0.44942 -0.5356 -0.71495
vn -0.44942 -0.5356 -0.71495
vn -0.50856 -0.4798 -0.71495
vn -0.50856 -0.4798 -0.71495
vn -0.56083 -0.41752 -0.71495
vn -0.56083 -0.41752 -0.71495
vn -0.6055 -0.34959 -0.71495
vn -0.6055 -0.34959 -0.71495
vn -0.642 -0.27693 -0.71495
vn -0.23317 0.46428 -0.85444
vn -0.31379 0.62481 -0.71495
vn -0.31379 0.62481 -0.71495
vn -0.37813 0.75293 -0.53862
vn -0.37813 0.75293 -0.53862
vn -0.42293 0.84212 -0.33462
vn -0.42293 0.84212 -0.33463
vn -0.4459 0.88786 -0.11348
vn -0.4459 0.88786 -0.11348
vn -0.4459 0.88786 0.11348
vn -0.4459 0.88786 0.11348
vn -0.42293 0.84212 0.33462
vn -0.42293 0.84212 0.33463
vn -0.37813 0.75293 0.53862
vn -0.37814 0.75293 0.53862
vn -0.31379 0.62481 0.71495
vn -0.31379 0.62481 0.71495
vn -0.23317 0.46428 0.85444
vn -0.23317 0.46429 0.85444
vn -0.14043 0.27962 0.94979
vn -0.14043 0.27962 0.94979
vn -0.04037 0.08038 0.99595
vn -0.04037 0.08038 0.99595
vn 0.0618 -0.12306 0.99047
vn 0.0618 -0.12306 0.99047
vn 0.16075 -0.32007 0.93366
vn 0.16075 -0.32007 0.93366
vn 0.25132 -0.50041 0.82851
vn 0.25132 -0.50041 0.82851
vn -0.06032 -0.51604 -0.85444
vn -0.06032 -0.51603 -0.85444
vn -0.11982 -0.50554 -0.85444
vn -0.11982 -0.50554 -0.85444
vn -0.1777 -0.48822 -0.85444
vn -0.1777 -0.48822 -0.85444
vn -0.23317 -0.46429 -0.85444
vn -0.23317 -0.46428 -0.85444
vn -0.2855 -0.43408 -0.85444
vn -0.2855 -0.43408 -0.85444
vn -0.33396 -0.398 -0.85444
vn -0.33396 -0.398 -0.85444
vn -0.37791 -0.35654 -0.85444
vn -0.37791 -0.35653 -0.85444
vn -0.41674 -0.31025 -0.85444
vn -0.41674 -0.31025 -0.85444
vn -0.44994 -0.25977 -0.85444
vn -0.44994 -0.25977 -0.85444
vn -0.47706 -0.20578 -0.85444
vn -0.47706 -0.20578 -0.85444
vn -0.49772 -0.14901 -0.85444
vn -0.10702 0.29403 -0.94979
vn -0.1777 0.48822 -0.85444
vn -0.1777 0.48822 -0.85444
vn -0.23913 0.65701 -0.71495
vn -0.23913 0.65701 -0.71495
vn -0.28817 0.79174 -0.53862
vn -0.28817 0.79173 -0.53862
vn -0.3223 0.88552 -0.33462
vn -0.3223 0.88552 -0.33462
vn -0.33981 0.93362 -0.11348
vn -0.33981 0.93362 -0.11348
vn -0.33981 0.93362 0.11348
vn -0.33981 0.93362 0.11348
vn -0.3223 0.88552 0.33462
vn -0.3223 0.88552 0.33462
vn -0.28817 0.79174 0.53862
vn -0.28817 0.79174 0.53862
vn -0.23913 0.65701 0.71495
vn -0.23913 0.65701 0.71495
vn -0.1777 0.48822 0.85444
vn -0.1777 0.48822 0.85444
vn -0.10702 0.29403 0.94979
vn -0.10702 0.29403 0.94979
vn -0.03076 0.08452 0.99595
vn -0.03076 0.08452 0.99595
vn 0.0471 -0.1294 0.99047
vn 0.0471 -0.1294 0.99047
vn 0.1225 -0.33657 0.93366
vn 0.1225 -0.33657 0.93366
vn 0.19152 -0.5262 0.82851
vn 0.19152 -0.5262 0.82851
vn -0.03633 -0.31078 -0.94979
vn -0.03633 -0.31079 -0.94979
vn -0.07216 -0.30447 -0.94979
vn -0.07216 -0.30447 -0.94979
vn -0.10702 -0.29403 -0.94979
vn -0.10702 -0.29403 -0.94979
vn -0.14043 -0.27962 -0.94979
vn -0.14043 -0.27962 -0.94979
vn -0.17194 -0.26143 -0.94979
vn -0.17194 -0.26142 -0.94979
vn -0.20113 -0.2397 -0.94979
vn -0.20113 -0.2397 -0.94979
vn -0.2276 -0.21473 -0.94979
vn -0.2276 -0.21473 -0.94979
vn -0.25099 -0.18685 -0.94979
vn -0.25099 -0.18685 -0.94979
vn -0.27098 -0.15645 -0.94979
vn -0.27098 -0.15645 -0.94979
vn -0.28731 -0.12393 -0.94979
vn -0.28731 -0.12393 -0.94979
vn -0.29976 -0.08974 -0.94979
vn -0.29976 -0.08974 -0.94979
vn -0.30815 -0.05433 -0.94979
vn -0.02074 0.08752 -0.99595
vn -0.07216 0.30447 -0.94979
vn -0.07216 0.30447 -0.94979
vn -0.11982 0.50554 -0.85444
vn -0.11982 0.50554 -0.85444
vn -0.16124 0.68033 -0.71495
vn -0.16124 0.68033 -0.71495
vn -0.1943 0.81984 -0.53862
vn -0.1943 0.81984 -0.53862
vn -0.21732 0.91695 -0.33463
vn -0.21732 0.91695 -0.33462
vn -0.22913 0.96676 -0.11348
vn -0.22913 0.96676 -0.11348
vn -0.22913 0.96676 0.11348
vn -0.22913 0.96676 0.11348
vn -0.21732 0.91695 0.33463
vn -0.21732 0.91695 0.33462
vn -0.1943 0.81984 0.53862
vn -0.1943 0.81984 0.53862
vn -0.16124 0.68033 0.71495
vn -0.16124 0.68033 0.71495
vn -0.11982 0.50554 0.85444
vn -0.11982 0.50554 0.85444
vn -0.07216 0.30447 0.94979
vn -0.07216 0.30447 0.94979
vn -0.02074 0.08752 0.99595
vn -0.02074 0.08752 0.99595
vn 0.03176 -0.13399 0.99047
vn 0.03176 -0.13399 0.99047
vn 0.0826 -0.34852 0.93366
vn 0.0826 -0.34852 0.93366
vn 0.12914 -0.54488 0.82851
vn 0.12914 -0.54488 0.82851
vn -0.01044 -0.08934 -0.99595
vn -0.01044 -0.08934 -0.99595
vn -0.02074 -0.08752 -0.99595
vn -0.02074 -0.08752 -0.99595
vn -0.03076 -0.08452 -0.99595
vn -0.03076 -0.08452 -0.99595
vn -0.04037 -0.08038 -0.99595
vn -0.04037 -0.08038 -0.99595
vn -0.04942 -0.07515 -0.99595
vn -0.04943 -0.07515 -0.99595
vn -0.05782 -0.0689 -0.99595
vn -0.05782 -0.0689 -0.99595
vn -0.06542 -0.06172 -0.99595
vn -0.06542 -0.06172 -0.99595
vn -0.07215 -0.05371 -0.99595
vn -0.07215 -0.05371 -0.99595
vn -0.07789 -0.04497 -0.99595
vn -0.07789 -0.04497 -0.99595
vn -0.08259 -0.03563 -0.99595
vn -0.08259 -0.03563 -0.99595
vn -0.08617 -0.0258 -0.99595
vn -0.08617 -0.0258 -0.99595
vn -0.08858 -0.01562 -0.99595
vn -0.08858 -0.01562 -0.99595
vn -0.08979 -0.00523 -0.99595
vn 0.01599 -0.13677 -0.99047
vn -0.01044 0.08934 -0.99595
vn -0.01044 0.08934 -0.99595
vn -0.03633 0.31078 -0.94979
vn -0.03633 0.31079 -0.94979
vn -0.06032 0.51603 -0.85444
vn -0.06032 0.51604 -0.85444
vn -0.08117 0.69445 -0.71495
vn -0.08117 0.69445 -0.71495
vn -0.09781 0.83685 -0.53862
vn -0.09781 0.83685 -0.53862
vn -0.1094 0.93598 -0.33462
vn -0.1094 0.93598 -0.33463
vn -0.11534 0.98682 -0.11348
vn -0.11534 0.98682 -0.11348
vn -0.11534 0.98682 0.11348
vn -0.11534 0.98682 0.11348
vn -0.1094 0.93598 0.33463
vn -0.1094 0.93598 0.33462
vn -0.09781 0.83685 0.53862
vn -0.09781 0.83685 0.53862
vn -0.08117 0.69445 0.71495
vn -0.08117 0.69445 0.71495
vn -0.06032 0.51603 0.85444
vn -0.06032 0.51604 0.85444
vn -0.03633 0.31079 0.94979
vn -0.03633 0.31078 0.94979
vn -0.01044 0.08934 0.99595
vn -0.01044 0.08934 0.99595
vn 0.01599 -0.13677 0.99047
vn 0.01599 -0.13677 0.99047
vn 0.04158 -0.35575 0.93366
vn 0.04158 -0.35575 0.93366
vn 0.06501 -0.55619 0.82851
vn 0.06501 -0.55619 0.82851
vn 0.01599 0.13677 -0.99047
vn 0.01599 0.13677 -0.99047
vn 0.03176 0.13399 -0.99047
vn 0.03176 0.13399 -0.99047
vn 0.0471 0.1294 -0.99047
vn 0.0471 0.1294 -0.99047
vn 0.0618 0.12306 -0.99047
vn 0.0618 0.12306 -0.99047
vn 0.07567 0.11505 -0.99047
vn 0.07567 0.11505 -0.99047
vn 0.08852 0.10549 -0.99047
vn 0.08852 0.10549 -0.99047
vn 0.10016 0.0945 -0.99047
vn 0.10016 0.0945 -0.99047
vn 0.11046 0.08223 -0.99047
vn 0.11046 0.08223 -0.99047
vn 0.11926 0.06885 -0.99047
vn 0.11926 0.06885 -0.99047
vn 0.12644 0.05454 -0.99047
vn 0.12644 0.05454 -0.99047
vn 0.13192 0.03949 -0.99047
vn 0.13192 0.03949 -0.99047
vn 0.13561 0.02391 -0.99047
vn 0.13561 0.02391 -0.99047
vn 0.13747 0.00801 -0.99047
vn 0.13747 0.00801 -0.99047
vn 0.13747 -0.00801 -0.99047
vn 0 -0.35817 -0.93366
vn 0 -0.13771 -0.99047
vn 0 -0.13771 -0.99047
vn 0 0.08994 -0.99595
vn 0 0.08994 -0.99595
vn 0 0.3129 -0.94979
vn 0 0.3129 -0.94979
vn 0 0.51955 -0.85444
vn 0 0.51955 -0.85444
vn 0 0.69918 -0.71495
vn 0 0.69918 -0.71495
vn 0 0.84255 -0.53862
vn 0 0.84255 -0.53862
vn 0 0.94235 -0.33462
vn 0 0.94235 -0.33463
vn 0 0.99354 -0.11348
vn 0 0.99354 -0.11348
vn 0 0.99354 0.11348
vn 0 0.99354 0.11348
vn 0 0.94235 0.33463
vn 0 0.94235 0.33462
vn 0 0.84255 0.53862
vn 0 0.84255 0.53862
vn 0 0.69918 0.71495
vn 0 0.69918 0.71495
vn 0 0.51955 0.85444
vn 0 0.51955 0.85444
vn 0 0.3129 0.94979
vn 0 0.3129 0.94979
vn 0 0.08994 0.99595
vn 0 0.08994 0.99595
vn 0 -0.13771 0.99047
vn 0 -0.13771 0.99047
vn 0 -0.35817 0.93366
vn 0 -0.35817 0.93366
vn 0 -0.55997 0.82851
vn 0.04158 0.35575 -0.93366
vn 0.04158 0.35575 -0.93366
vn 0.0826 0.34852 -0.93366
vn 0.0826 0.34852 -0.93366
vn 0.1225 0.33657 -0.93366
vn 0.1225 0.33657 -0.93366
vn 0.16075 0.32007 -0.93366
vn 0.16075 0.32007 -0.93366
vn 0.19682 0.29925 -0.93366
vn 0.19682 0.29925 -0.93366
vn 0.23023 0.27437 -0.93366
vn 0.23023 0.27437 -0.93366
vn 0.26052 0.24579 -0.93366
vn 0.26052 0.24579 -0.93366
vn 0.2873 0.21388 -0.93366
vn 0.2873 0.21388 -0.93366
vn 0.31018 0.17908 -0.93366
vn 0.31018 0.17909 -0.93366
vn 0.32888 0.14186 -0.93366
vn 0.32888 0.14186 -0.93366
vn 0.34312 0.10272 -0.93366
vn 0.34312 0.10272 -0.93366
vn 0.35273 0.0622 -0.93366
vn 0.35273 0.0622 -0.93366
vn 0.35756 0.02083 -0.93366
vn 0.35756 0.02083 -0.93366
vn 0.35756 -0.02083 -0.93366
vn 0.35756 -0.02083 -0.93366
vn 0.35273 -0.0622 -0.93366
vn 0.40731 0.38428 0.82851
vn 0.44917 0.33439 0.82851
vn 0.2873 0.21388 0.93366
vn 0.31019 0.17908 0.93366
vn 0.11926 0.06885 0.99047
vn 0.12644 0.05454 0.99047
vn -0.08259 -0.03563 0.99595
vn -0.08617 -0.0258 0.99595
vn -0.29976 -0.08974 0.94979
vn -0.30815 -0.05433 0.94979
vn -0.51165 -0.09022 0.85444
vn -0.51867 -0.03021 0.85444
vn -0.69799 -0.04065 0.71495
vn -0.69799 0.04065 0.71495
vn -0.84112 0.04899 0.53862
vn -0.82975 0.14631 0.53862
vn -0.92803 0.16364 0.33462
vn -0.90276 0.27027 0.33463
vn -0.9518 0.28495 0.11348
vn -0.91229 0.39352 0.11348
vn -0.91228 0.39352 -0.11348
vn -0.86043 0.49677 -0.11348
vn -0.8161 0.47118 -0.33463
vn -0.75588 0.56273 -0.33463
vn -0.67583 0.50313 -0.53862
vn -0.61285 0.57819 -0.53862
vn -0.50856 0.4798 -0.71495
vn -0.44942 0.5356 -0.71495
vn -0.33396 0.398 -0.85444
vn -0.2855 0.43408 -0.85444
vn -0.17194 0.26142 -0.94979
vn -0.14043 0.27962 -0.94979
vn -0.04037 0.08038 -0.99595
vn -0.03076 0.08452 -0.99595
vn 0.0471 -0.1294 -0.99047
vn 0.03176 -0.13399 -0.99047
vn 0.0826 -0.34852 -0.93366
vn 0.04158 -0.35575 -0.93366
vn 0.06501 -0.55619 -0.82851
vn 0 -0.55997 -0.82851
vn -0.55903 0.03256 0.82851
vn -0.35756 0.02083 0.93366
vn -0.35756 0.02083 0.93366
vn -0.13747 0.00801 0.99047
vn -0.13747 0.00801 0.99047
vn 0.08979 -0.00523 0.99595
vn 0.08979 -0.00523 0.99595
vn 0.31237 -0.01819 0.94979
vn 0.31237 -0.01819 0.94979
vn 0.51867 -0.03021 0.85444
vn 0.51867 -0.03021 0.85444
vn 0.69799 -0.04065 0.71495
vn 0.69799 -0.04065 0.71495
vn 0.84112 -0.04899 0.53862
vn 0.84112 -0.04899 0.53862
vn 0.94076 -0.05479 0.33463
vn 0.94076 -0.05479 0.33463
vn 0.99186 -0.05777 0.11348
vn 0.99186 -0.05777 0.11348
vn 0.99186 -0.05777 -0.11348
vn 0.99186 -0.05777 -0.11348
vn 0.94076 -0.05479 -0.33463
vn 0.94076 -0.05479 -0.33463
vn 0.84112 -0.04899 -0.53862
vn 0.84112 -0.04899 -0.53862
vn 0.69799 -0.04065 -0.71495
vn 0.69799 -0.04065 -0.71495
vn 0.51867 -0.03021 -0.85444
vn 0.51867 -0.03021 -0.85444
vn 0.31237 -0.01819 -0.94979
vn 0.31237 -0.01819 -0.94979
vn 0.08979 -0.00523 -0.99595
vn 0.08979 -0.00523 -0.99595
vn -0.13747 0.00801 -0.99047
vn -0.13747 0.00801 -0.99047
vn -0.35756 0.02083 -0.93366
vn -0.35756 0.02083 -0.93366
vn -0.55903 0.03256 -0.82851
vn -0.55903 0.03256 -0.82851
vn -0.55147 0.09724 0.82851
vn -0.35273 0.0622 0.93366
vn -0.35273 0.0622 0.93366
vn -0.13561 0.02391 0.99047
vn -0.13561 0.02391 0.99047
vn 0.08858 -0.01562 0.99595
vn 0.08858 -0.01562 0.99595
vn 0.30815 -0.05433 0.94979
vn 0.30815 -0.05433 0.94979
vn 0.51165 -0.09022 0.85444
vn 0.51166 -0.09022 0.85444
vn 0.68855 -0.12141 0.71495
vn 0.68855 -0.12141 0.71495
vn 0.82975 -0.14631 0.53862
vn 0.82975 -0.14631 0.53862
vn 0.92803 -0.16364 0.33462
vn 0.92803 -0.16364 0.33463
vn 0.97845 -0.17253 0.11348
vn 0.97845 -0.17253 0.11348
vn 0.97845 -0.17253 -0.11348
vn 0.97845 -0.17253 -0.11348
vn 0.92803 -0.16364 -0.33462
vn 0.92803 -0.16364 -0.33463
vn 0.82975 -0.14631 -0.53862
vn 0.82975 -0.14631 -0.53862
vn 0.68855 -0.12141 -0.71495
vn 0.68855 -0.12141 -0.71495
vn 0.51166 -0.09022 -0.85444
vn 0.51165 -0.09022 -0.85444
vn 0.30815 -0.05433 -0.94979
vn 0.30815 -0.05433 -0.94979
vn 0.08858 -0.01562 -0.99595
vn 0.08858 -0.01562 -0.99595
vn -0.13561 0.02391 -0.99047
vn -0.13561 0.02391 -0.99047
vn -0.35273 0.0622 -0.93366
vn -0.35273 0.0622 -0.93366
vn -0.55147 0.09724 -0.82851
vn -0.55147 0.09724 -0.82851
vn -0.53645 0.1606 0.82851
vn -0.34312 0.10272 0.93366
vn -0.34312 0.10272 0.93366
vn -0.13192 0.03949 0.99047
vn -0.13192 0.03949 0.99047
vn 0.08617 -0.0258 0.99595
vn 0.08617 -0.0258 0.99595
vn 0.29976 -0.08974 0.94979
vn 0.29976 -0.08974 0.94979
vn 0.49772 -0.14901 0.85444
vn 0.49772 -0.14901 0.85444
vn 0.6698 -0.20053 0.71495
vn 0.6698 -0.20053 0.71495
vn 0.80715 -0.24165 0.53862
vn 0.80715 -0.24165 0.53862
vn 0.90276 -0.27027 0.33463
vn 0.90276 -0.27027 0.33463
vn 0.9518 -0.28495 0.11348
vn 0.9518 -0.28495 0.11348
vn 0.9518 -0.28495 -0.11348
vn 0.9518 -0.28495 -0.11348
vn 0.90276 -0.27027 -0.33463
vn 0.90276 -0.27027 -0.33463
vn 0.80715 -0.24165 -0.53862
vn 0.80715 -0.24165 -0.53862
vn 0.6698 -0.20053 -0.71495
vn 0.6698 -0.20053 -0.71495
vn 0.49772 -0.14901 -0.85444
vn 0.49772 -0.14901 -0.85444
vn 0.29976 -0.08974 -0.94979
vn 0.29976 -0.08974 -0.94979
vn 0.08617 -0.0258 -0.99595
vn 0.08617 -0.0258 -0.99595
vn -0.13192 0.03949 -0.99047
vn -0.13192 0.03949 -0.99047
vn -0.34312 0.10272 -0.93366
vn -0.34312 0.10272 -0.93366
vn -0.53645 0.1606 -0.82851
vn -0.53645 0.1606 -0.82851
vn -0.51418 0.22179 0.82851
vn -0.32888 0.14186 0.93366
vn -0.32888 0.14186 0.93366
vn -0.12644 0.05454 0.99047
vn -0.12644 0.05454 0.99047
vn 0.08259 -0.03563 0.99595
vn 0.08259 -0.03563 0.99595
vn 0.28731 -0.12393 0.94979
vn 0.28731 -0.12393 0.94979
vn 0.47706 -0.20578 0.85444
vn 0.47706 -0.20578 0.85444
vn 0.642 -0.27693 0.71495
vn 0.64199 -0.27693 0.71495
vn 0.77364 -0.33372 0.53862
vn 0.77364 -0.33372 0.53862
vn 0.86528 -0.37325 0.33463
vn 0.86528 -0.37325 0.33462
vn 0.91228 -0.39352 0.11348
vn 0.91229 -0.39352 0.11348
vn 0.91228 -0.39352 -0.11348
vn 0.91229 -0.39352 -0.11348
vn 0.86528 -0.37325 -0.33463
vn 0.86528 -0.37325 -0.33462
vn 0.77364 -0.33372 -0.53862
vn 0.77364 -0.33372 -0.53862
vn 0.64199 -0.27693 -0.71495
vn 0.642 -0.27693 -0.71495
vn 0.47706 -0.20578 -0.85444
vn 0.47706 -0.20578 -0.85444
vn 0.28731 -0.12393 -0.94979
vn 0.28731 -0.12393 -0.94979
vn 0.08259 -0.03563 -0.99595
vn 0.08259 -0.03563 -0.99595
vn -0.12644 0.05454 -0.99047
vn -0.12644 0.05454 -0.99047
vn -0.32888 0.14186 -0.93366
vn -0.32888 0.14186 -0.93366
vn -0.51418 0.22179 -0.82851
vn -0.51418 0.22179 -0.82851
vn -0.48495 0.27999 0.82851
vn -0.31018 0.17908 0.93366
vn -0.31018 0.17909 0.93366
vn -0.11926 0.06885 0.99047
vn -0.11926 0.06885 0.99047
vn 0.07789 -0.04497 0.99595
vn 0.07789 -0.04497 0.99595
vn 0.27098 -0.15645 0.94979
vn 0.27098 -0.15645 0.94979
vn 0.44994 -0.25977 0.85444
vn 0.44994 -0.25977 0.85444
vn 0.6055 -0.34959 0.71495
vn 0.6055 -0.34959 0.71495
vn 0.72967 -0.42127 0.53862
vn 0.72967 -0.42127 0.53862
vn 0.8161 -0.47118 0.33462
vn 0.8161 -0.47117 0.33463
vn 0.86043 -0.49677 0.11348
vn 0.86043 -0.49677 0.11348
vn 0.86043 -0.49677 -0.11348
vn 0.86043 -0.49677 -0.11348
vn 0.8161 -0.47118 -0.33463
vn 0.8161 -0.47118 -0.33462
vn 0.72967 -0.42127 -0.53862
vn 0.72967 -0.42127 -0.53862
vn 0.6055 -0.34959 -0.71495
vn 0.6055 -0.34959 -0.71495
vn 0.44994 -0.25977 -0.85444
vn 0.44994 -0.25977 -0.85444
vn 0.27098 -0.15645 -0.94979
vn 0.27098 -0.15645 -0.94979
vn 0.07789 -0.04497 -0.99595
vn 0.07789 -0.04497 -0.99595
vn -0.11926 0.06885 -0.99047
vn -0.11926 0.06885 -0.99047
vn -0.31019 0.17908 -0.93366
vn -0.31018 0.17909 -0.93366
vn -0.48495 0.27999 -0.82851
vn -0.48495 0.27999 -0.82851
vn -0.44917 0.33439 0.82851
vn -0.2873 0.21388 0.93366
vn -0.2873 0.21388 0.93366
vn -0.11046 0.08223 0.99047
vn -0.11046 0.08223 0.99047
vn 0.07215 -0.05371 0.99595
vn 0.07215 -0.05371 0.99595
vn 0.25099 -0.18685 0.94979
vn 0.25099 -0.18685 0.94979
vn 0.41674 -0.31025 0.85444
vn 0.41674 -0.31025 0.85444
vn 0.56083 -0.41752 0.71495
vn 0.56083 -0.41752 0.71495
vn 0.67583 -0.50313 0.53862
vn 0.67583 -0.50313 0.53862
vn 0.75588 -0.56273 0.33463
vn 0.75588 -0.56273 0.33463
vn 0.79694 -0.5933 0.11348
vn 0.79694 -0.5933 0.11348
vn 0.79694 -0.5933 -0.11348
vn 0.79694 -0.5933 -0.11348
vn 0.75588 -0.56273 -0.33463
vn 0.75588 -0.56273 -0.33463
vn 0.67583 -0.50313 -0.53862
vn 0.67583 -0.50313 -0.53862
vn 0.56083 -0.41752 -0.71495
vn 0.56083 -0.41752 -0.71495
vn 0.41674 -0.31025 -0.85444
vn 0.41674 -0.31025 -0.85444
vn 0.25099 -0.18685 -0.94979
vn 0.25099 -0.18685 -0.94979
vn 0.07215 -0.05371 -0.99595
vn 0.07215 -0.05371 -0.99595
vn -0.11046 0.08223 -0.99047
vn -0.11046 0.08223 -0.99047
vn -0.2873 0.21388 -0.93366
vn -0.2873 0.21388 -0.93366
vn -0.44917 0.33439 -0.82851
vn -0.44917 0.33439 -0.82851
vn -0.40731 0.38428 0.82851
vn -0.26052 0.24579 0.93366
vn -0.26052 0.24579 0.93366
vn -0.10016 0.0945 0.99047
vn -0.10016 0.0945 0.99047
vn 0.06542 -0.06172 0.99595
vn 0.06542 -0.06172 0.99595
vn 0.2276 -0.21473 0.94979
vn 0.2276 -0.21473 0.94979
vn 0.37791 -0.35654 0.85444
vn 0.37791 -0.35653 0.85444
vn 0.50856 -0.4798 0.71495
vn 0.50856 -0.4798 0.71495
vn 0.61285 -0.57819 0.53862
vn 0.61285 -0.57819 0.53862
vn 0.68544 -0.64668 0.33463
vn 0.68544 -0.64668 0.33463
vn 0.72267 -0.68181 0.11348
vn 0.72268 -0.68181 0.11347
vn 0.72268 -0.68181 -0.11348
vn 0.72267 -0.68181 -0.11348
vn 0.68544 -0.64668 -0.33463
vn 0.68544 -0.64668 -0.33462
vn 0.61285 -0.57819 -0.53862
vn 0.61285 -0.57819 -0.53862
vn 0.50856 -0.4798 -0.71495
vn 0.50856 -0.4798 -0.71495
vn 0.37791 -0.35654 -0.85444
vn 0.37791 -0.35654 -0.85444
vn 0.2276 -0.21473 -0.94979
vn 0.2276 -0.21473 -0.94979
vn 0.06542 -0.06172 -0.99595
vn 0.06542 -0.06172 -0.99595
vn -0.10016 0.0945 -0.99047
vn -0.10016 0.0945 -0.99047
vn -0.26052 0.24579 -0.93366
vn -0.26052 0.24579 -0.93366
vn -0.40731 0.38428 -0.82851
vn -0.40731 0.38428 -0.82851
vn -0.35994 0.42897 0.82851
vn -0.23023 0.27437 0.93366
vn -0.23023 0.27437 0.93366
vn -0.08852 0.10549 0.99047
vn -0.08852 0.10549 0.99047
vn 0.05782 -0.0689 0.99595
vn 0.05782 -0.0689 0.99595
vn 0.20113 -0.2397 0.94979
vn 0.20113 -0.2397 0.94979
vn 0.33396 -0.398 0.85444
vn 0.33396 -0.398 0.85444
vn 0.44942 -0.5356 0.71495
vn 0.44942 -0.5356 0.71495
vn 0.54158 -0.64543 0.53862
vn 0.54158 -0.64543 0.53862
vn 0.60573 -0.72188 0.33462
vn 0.60573 -0.72188 0.33463
vn 0.63864 -0.7611 0.11348
vn 0.63864 -0.7611 0.11348
vn 0.63864 -0.7611 -0.11348
vn 0.63864 -0.7611 -0.11348
vn 0.60573 -0.72188 -0.33462
vn 0.60573 -0.72188 -0.33463
vn 0.54158 -0.64543 -0.53862
vn 0.54158 -0.64543 -0.53862
vn 0.44942 -0.5356 -0.71495
vn 0.44942 -0.5356 -0.71495
vn 0.33396 -0.398 -0.85444
vn 0.33396 -0.398 -0.85444
vn 0.20113 -0.2397 -0.94979
vn 0.20113 -0.2397 -0.94979
vn 0.05782 -0.0689 -0.99595
vn 0.05782 -0.0689 -0.99595
vn -0.08852 0.10549 -0.99047
vn -0.08852 0.10549 -0.99047
vn -0.23023 0.27437 -0.93366
vn -0.23023 0.27437 -0.93366
vn -0.35994 0.42897 -0.82851
vn -0.35994 0.42897 -0.82851
vn -0.30771 0.46785 0.82851
vn -0.19682 0.29925 0.93366
vn -0.19682 0.29925 0.93366
vn -0.07567 0.11505 0.99047
vn -0.07567 0.11505 0.99047
vn 0.04943 -0.07515 0.99595
vn 0.04943 -0.07515 0.99595
vn 0.17194 -0.26142 0.94979
vn 0.17194 -0.26142 0.94979
vn 0.2855 -0.43408 0.85444
vn 0.2855 -0.43408 0.85444
vn 0.3842 -0.58415 0.71495
vn 0.3842 -0.58415 0.71495
vn 0.46299 -0.70394 0.53862
vn 0.46299 -0.70394 0.53862
vn 0.51783 -0.78732 0.33463
vn 0.51783 -0.78732 0.33463
vn 0.54596 -0.83009 0.11348
vn 0.54596 -0.83009 0.11348
vn 0.54596 -0.83009 -0.11348
vn 0.54596 -0.83009 -0.11347
vn 0.51783 -0.78732 -0.33463
vn 0.51783 -0.78732 -0.33462
vn 0.46299 -0.70394 -0.53862
vn 0.46299 -0.70394 -0.53862
vn 0.3842 -0.58415 -0.71495
vn 0.3842 -0.58415 -0.71495
vn 0.2855 -0.43408 -0.85444
vn 0.2855 -0.43408 -0.85444
vn 0.17194 -0.26142 -0.94979
vn 0.17194 -0.26143 -0.94979
vn 0.04943 -0.07515 -0.99595
vn 0.04943 -0.07515 -0.99595
vn -0.07567 0.11505 -0.99047
vn -0.07567 0.11505 -0.99047
vn -0.19682 0.29925 -0.93366
vn -0.19682 0.29925 -0.93366
vn -0.30771 0.46785 -0.82851
vn -0.30771 0.46785 -0.82851
vn -0.25132 0.50041 0.82851
vn -0.16075 0.32007 0.93366
vn -0.16075 0.32007 0.93366
vn -0.0618 0.12306 0.99047
vn -0.0618 0.12306 0.99047
vn 0.04037 -0.08038 0.99595
vn 0.04037 -0.08038 0.99595
vn 0.14043 -0.27962 0.94979
vn 0.14043 -0.27962 0.94979
vn 0.23317 -0.46429 0.85444
vn 0.23317 -0.46428 0.85444
vn 0.31379 -0.62481 0.71495
vn 0.31379 -0.62481 0.71495
vn 0.37813 -0.75293 0.53862
vn 0.37813 -0.75293 0.53862
vn 0.42293 -0.84212 0.33463
vn 0.42293 -0.84212 0.33462
vn 0.4459 -0.88786 0.11348
vn 0.4459 -0.88786 0.11348
vn 0.4459 -0.88786 -0.11348
vn 0.4459 -0.88786 -0.11348
vn 0.42293 -0.84212 -0.33463
vn 0.42293 -0.84212 -0.33462
vn 0.37813 -0.75293 -0.53862
vn 0.37813 -0.75293 -0.53862
vn 0.31379 -0.62481 -0.71495
vn 0.31379 -0.62481 -0.71495
vn 0.23317 -0.46428 -0.85444
vn 0.23317 -0.46429 -0.85444
vn 0.14043 -0.27962 -0.94979
vn 0.14043 -0.27962 -0.94979
vn 0.04037 -0.08038 -0.99595
vn 0.04037 -0.08038 -0.99595
vn -0.0618 0.12306 -0.99047
vn -0.0618 0.12306 -0.99047
vn -0.16075 0.32007 -0.93366
vn -0.16075 0.32007 -0.93366
vn -0.25132 0.50041 -0.82851
vn -0.25132 0.50041 -0.82851
vn -0.19152 0.5262 0.82851
vn -0.1225 0.33657 0.93366
vn -0.1225 0.33657 0.93366
vn -0.0471 0.1294 0.99047
vn -0.0471 0.1294 0.99047
vn 0.03076 -0.08452 0.99595
vn 0.03076 -0.08452 0.99595
vn 0.10702 -0.29403 0.94979
vn 0.10702 -0.29403 0.94979
vn 0.1777 -0.48822 0.85444
vn 0.1777 -0.48822 0.85444
vn 0.23913 -0.65701 0.71495
vn 0.23913 -0.65701 0.71495
vn 0.28817 -0.79174 0.53862
vn 0.28817 -0.79173 0.53862
vn 0.3223 -0.88552 0.33462
vn 0.3223 -0.88552 0.33462
vn 0.33981 -0.93362 0.11348
vn 0.33981 -0.93362 0.11348
vn 0.33981 -0.93362 -0.11348
vn 0.33981 -0.93362 -0.11348
vn 0.3223 -0.88552 -0.33462
vn 0.3223 -0.88552 -0.33462
vn 0.28817 -0.79173 -0.53862
vn 0.28817 -0.79174 -0.53862
vn 0.23913 -0.65701 -0.71495
vn 0.23913 -0.65701 -0.71495
vn 0.1777 -0.48822 -0.85444
vn 0.1777 -0.48822 -0.85444
vn 0.10702 -0.29403 -0.94979
vn 0.10702 -0.29403 -0.94979
vn 0.03076 -0.08452 -0.99595
vn 0.03076 -0.08452 -0.99595
vn -0.0471 0.1294 -0.99047
vn -0.0471 0.1294 -0.99047
vn -0.1225 0.33657 -0.93366
vn -0.1225 0.33657 -0.93366
vn -0.19152 0.5262 -0.82851
vn -0.19152 0.5262 -0.82851
vn -0.0826 0.34852 0.93366
vn -0.03176 0.13399 0.99047
vn -0.03176 0.13399 0.99047
vn 0.02074 -0.08752 0.99595
vn 0.02074 -0.08752 0.99595
vn 0.07216 -0.30447 0.94979
vn 0.07216 -0.30447 0.94979
vn 0.11982 -0.50554 0.85444
vn 0.11982 -0.50554 0.85444
vn 0.16124 -0.68033 0.71495
vn 0.16124 -0.68033 0.71495
vn 0.1943 -0.81984 0.53862
vn 0.1943 -0.81984 0.53862
vn 0.21732 -0.91695 0.33462
vn 0.21732 -0.91695 0.33463
vn 0.22913 -0.96676 0.11348
vn 0.22913 -0.96676 0.11348
vn 0.22913 -0.96676 -0.11348
vn 0.22913 -0.96676 -0.11348
vn 0.21732 -0.91695 -0.33462
vn 0.21732 -0.91695 -0.33463
vn 0.1943 -0.81984 -0.53862
vn 0.1943 -0.81984 -0.53862
vn 0.16124 -0.68033 -0.71495
vn 0.16124 -0.68033 -0.71495
vn 0.11982 -0.50554 -0.85444
vn 0.11982 -0.50554 -0.85444
vn 0.07216 -0.30447 -0.94979
vn 0.07216 -0.30447 -0.94979
vn 0.02074 -0.08752 -0.99595
vn 0.02074 -0.08752 -0.99595
vn -0.03176 0.13399 -0.99047
vn -0.03176 0.13399 -0.99047
vn -0.0826 0.34852 -0.93366
vn -0.0826 0.34852 -0.93366
vn -0.12914 0.54488 -0.82851
vn -0.12914 0.54488 -0.82851
vn -0.01599 0.13677 0.99047
vn 0.01044 -0.08934 0.99595
vn 0.01044 -0.08934 0.99595
vn 0.03633 -0.31078 0.94979
vn 0.03633 -0.31079 0.94979
vn 0.06032 -0.51604 0.85444
vn 0.06032 -0.51603 0.85444
vn 0.08117 -0.69445 0.71495
vn 0.08117 -0.69445 0.71495
vn 0.09781 -0.83685 0.53862
vn 0.09781 -0.83685 0.53862
vn 0.1094 -0.93598 0.33462
vn 0.1094 -0.93598 0.33463
vn 0.11534 -0.98682 0.11348
vn 0.11534 -0.98682 0.11348
vn 0.11534 -0.98682 -0.11348
vn 0.11534 -0.98682 -0.11348
vn 0.1094 -0.93598 -0.33463
vn 0.1094 -0.93598 -0.33462
vn 0.09781 -0.83685 -0.53862
vn 0.09781 -0.83685 -0.53862
vn 0.08117 -0.69445 -0.71495
vn 0.08117 -0.69445 -0.71495
vn 0.06032 -0.51604 -0.85444
vn 0.06032 -0.51603 -0.85444
vn 0.03633 -0.31079 -0.94979
vn 0.03633 -0.31078 -0.94979
vn 0.01044 -0.08934 -0.99595
vn 0.01044 -0.08934 -0.99595
vn -0.01599 0.13677 -0.99047
vn -0.01599 0.13677 -0.99047
vn -0.04158 0.35575 -0.93366
vn -0.04158 0.35575 -0.93366
vn -0.06501 0.55619 -0.82851
vn -0.06501 0.55619 -0.82851
vn 0 -0.08994 0.99595
vn 0 -0.3129 0.94979
vn 0 -0.3129 0.94979
vn 0 -0.51955 0.85444
vn 0 -0.51955 0.85444
vn 0 -0.69918 0.71495
vn 0 -0.69918 0.71495
vn 0 -0.84255 0.53862
vn 0 -0.84255 0.53862
vn 0 -0.94235 0.33462
vn 0 -0.94235 0.33463
vn 0 -0.99354 0.11348
vn 0 -0.99354 0.11348
vn 0 -0.99354 -0.11348
vn 0 -0.99354 -0.11348
vn 0 -0.94235 -0.33463
vn 0 -0.94235 -0.33462
vn 0 -0.84255 -0.53862
vn 0 -0.84255 -0.53862
vn 0 -0.69918 -0.71495
vn 0 -0.69918 -0.71495
vn 0 -0.51955 -0.85444
vn 0 -0.51955 -0.85444
vn 0 -0.3129 -0.94979
vn 0 -0.3129 -0.94979
vn 0 -0.08994 -0.99595
vn 0 -0.08994 -0.99595
vn 0 0.13771 -0.99047
vn 0 0.13771 -0.99047
vn 0 0.35817 -0.93366
vn 0 0.35817 -0.93366
vn 0 0.55997 -0.82851
vn 0 0.55997 -0.82851
vn 0.53645 -0.1606 -0.82851
vn 0.55147 -0.09724 -0.82851
vn 0.55147 -0.09724 -0.82851
vn 0.55147 -0.09724 -0.82851
vn 0.55903 -0.03256 -0.82851
vn 0.55903 -0.03256 -0.82851
vn 0.55903 0.03256 -0.82851
vn 0.55903 0.03256 -0.82851
vn 0.55147 0.09724 -0.82851
vn 0.55147 0.09724 -0.82851
vn 0.53645 0.1606 -0.82851
vn 0.53645 0.1606 -0.82851
vn 0.51418 0.22179 -0.82851
vn 0.51418 0.22179 -0.82851
vn 0.48495 0.27999 -0.82851
vn 0.48495 0.27999 -0.82851
vn 0.44917 0.33439 -0.82851
vn 0.44917 0.33439 -0.82851
vn 0.40731 0.38428 -0.82851
vn 0.40731 0.38428 -0.82851
vn 0.35994 0.42897 -0.82851
vn 0.35995 0.42897 -0.82851
vn 0.30771 0.46785 -0.82851
vn 0.30771 0.46785 -0.82851
vn 0.25132 0.50041 -0.82851
vn 0.25132 0.50041 -0.82851
vn 0.19152 0.5262 -0.82851
vn 0.19152 0.5262 -0.82851
vn 0.12914 0.54488 -0.82851
vn 0.12914 0.54488 -0.82851
vn 0.06501 0.55619 -0.82851
vn 0.06501 0.55619 -0.82851
vn -0.19152 0.5262 0.82851
vn -0.12914 0.54488 0.82851
vn -0.0826 0.34852 0.93366
vn -0.04158 0.35575 0.93366
vn -0.01599 0.13677 0.99047
vn 0 0.13771 0.99047
vn 0 -0.08994 0.99595
vn -0.01044 -0.08934 0.99595
vn -0.03633 -0.31078 0.94979
vn -0.07216 -0.30447 0.94979
vn -0.11982 -0.50554 0.85444
vn -0.1777 -0.48822 0.85444
vn -0.23913 -0.65701 0.71495
vn -0.31379 -0.62481 0.71495
vn -0.37813 -0.75293 0.53862
vn -0.46299 -0.70394 0.53862
vn -0.51783 -0.78732 0.33463
vn -0.60573 -0.72188 0.33463
vn -0.63864 -0.7611 0.11348
vn -0.72268 -0.68181 0.11348
vn -0.72268 -0.68181 -0.11348
vn -0.79694 -0.5933 -0.11348
vn -0.75588 -0.56273 -0.33463
vn -0.8161 -0.47118 -0.33462
vn -0.72967 -0.42127 -0.53862
vn -0.77364 -0.33372 -0.53862
vn -0.64199 -0.27693 -0.71495
vn -0.6698 -0.20053 -0.71495
vn -0.49772 -0.14901 -0.85444
vn -0.51166 -0.09022 -0.85444
vn -0.30815 -0.05433 -0.94979
vn -0.31237 -0.01819 -0.94979
vn -0.08979 -0.00523 -0.99595
vn -0.08979 0.00523 -0.99595
vn 0.13747 -0.00801 -0.99047
vn 0.13561 -0.02391 -0.99047
vn 0.35273 -0.0622 -0.93366
vn 0.34312 -0.10272 -0.93366
vn 0.53645 -0.1606 -0.82851
vn 0.51418 -0.22179 -0.82851
vn -0.12914 0.54488 0.82851
vn -0.06501 0.55619 0.82851
vn -0.04158 0.35575 0.93366
vn 0 0.35817 0.93366
vn 0 0.13771 0.99047
vn 0.01599 0.13677 0.99047
vn -0.01044 -0.08934 0.99595
vn -0.02074 -0.08752 0.99595
vn -0.07216 -0.30447 0.94979
vn -0.10702 -0.29403 0.94979
vn -0.1777 -0.48822 0.85444
vn -0.23317 -0.46428 0.85444
vn -0.31379 -0.62481 0.71495
vn -0.3842 -0.58415 0.71495
vn -0.46299 -0.70394 0.53862
vn -0.54158 -0.64543 0.53862
vn -0.60573 -0.72188 0.33463
vn -0.68544 -0.64668 0.33462
vn -0.72267 -0.68181 0.11348
vn -0.79694 -0.5933 0.11348
vn -0.79694 -0.5933 -0.11348
vn -0.86043 -0.49677 -0.11348
vn -0.8161 -0.47117 -0.33463
vn -0.86528 -0.37325 -0.33463
vn -0.77364 -0.33372 -0.53862
vn -0.80715 -0.24165 -0.53862
vn -0.6698 -0.20053 -0.71495
vn -0.68855 -0.12141 -0.71495
vn -0.51166 -0.09022 -0.85444
vn -0.51867 -0.03021 -0.85444
vn -0.31237 -0.01819 -0.94979
vn -0.31237 0.01819 -0.94979
vn -0.08979 0.00523 -0.99595
vn -0.08858 0.01562 -0.99595
vn 0.13561 -0.02391 -0.99047
vn 0.13192 -0.03949 -0.99047
vn 0.34312 -0.10272 -0.93366
vn 0.32888 -0.14186 -0.93366
vn 0.51418 -0.22179 -0.82851
vn 0.48495 -0.27999 -0.82851
vn 0 0.55997 0.82851
vn 0 0.55997 0.82851
vn 0 0.35817 0.93366
vn 0.04158 0.35575 0.93366
vn 0.01599 0.13677 0.99047
vn 0.03176 0.13399 0.99047
vn -0.02074 -0.08752 0.99595
vn -0.03076 -0.08452 0.99595
vn -0.10702 -0.29403 0.94979
vn -0.14043 -0.27962 0.94979
vn -0.23317 -0.46429 0.85444
vn -0.2855 -0.43408 0.85444
vn -0.3842 -0.58415 0.71495
vn -0.44942 -0.5356 0.71495
vn -0.54158 -0.64543 0.53862
vn -0.61285 -0.57819 0.53862
vn -0.68544 -0.64668 0.33462
vn -0.75588 -0.56273 0.33463
vn -0.79694 -0.5933 0.11348
vn -0.86043 -0.49677 0.11348
vn -0.86043 -0.49677 -0.11348
vn -0.91228 -0.39352 -0.11348
vn -0.86528 -0.37325 -0.33462
vn -0.90276 -0.27027 -0.33463
vn -0.80715 -0.24164 -0.53862
vn -0.82975 -0.14631 -0.53862
vn -0.68855 -0.12141 -0.71495
vn -0.69799 -0.04065 -0.71495
vn -0.51867 -0.03021 -0.85444
vn -0.51867 0.03021 -0.85444
vn -0.31237 0.01819 -0.94979
vn -0.30815 0.05433 -0.94979
vn -0.08858 0.01562 -0.99595
vn -0.08617 0.0258 -0.99595
vn 0.13192 -0.03949 -0.99047
vn 0.12644 -0.05454 -0.99047
vn 0.32888 -0.14186 -0.93366
vn 0.31018 -0.17909 -0.93366
vn 0.48495 -0.27999 -0.82851
vn 0.44917 -0.33439 -0.82851
vn 0 0.55997 0.82851
vn 0.06501 0.55619 0.82851
vn 0.04158 0.35575 0.93366
vn 0.0826 0.34852 0.93366
vn 0.03176 0.13399 0.99047
vn 0.0471 0.1294 0.99047
vn -0.03076 -0.08452 0.99595
vn -0.04037 -0.08038 0.99595
vn -0.14043 -0.27962 0.94979
vn -0.17194 -0.26142 0.94979
vn -0.2855 -0.43408 0.85444
vn -0.33396 -0.398 0.85444
vn -0.44942 -0.5356 0.71495
vn -0.50856 -0.4798 0.71495
vn -0.61285 -0.57819 0.53862
vn -0.67583 -0.50313 0.53862
vn -0.75588 -0.56273 0.33463
vn -0.8161 -0.47118 0.33462
vn -0.86043 -0.49677 0.11348
vn -0.91228 -0.39352 0.11348
vn -0.91229 -0.39352 -0.11348
vn -0.9518 -0.28495 -0.11348
vn -0.90276 -0.27027 -0.33463
vn -0.92803 -0.16364 -0.33462
vn -0.82975 -0.14631 -0.53862
vn -0.84112 -0.04899 -0.53862
vn -0.69799 -0.04065 -0.71495
vn -0.69799 0.04065 -0.71495
vn -0.51867 0.03021 -0.85444
vn -0.51165 0.09022 -0.85444
vn -0.30815 0.05433 -0.94979
vn -0.29976 0.08974 -0.94979
vn -0.08617 0.0258 -0.99595
vn -0.08259 0.03563 -0.99595
vn 0.12644 -0.05454 -0.99047
vn 0.11926 -0.06885 -0.99047
vn 0.31019 -0.17908 -0.93366
vn 0.2873 -0.21388 -0.93366
vn 0.44917 -0.33439 -0.82851
vn 0.40731 -0.38428 -0.82851
vn 0.06501 0.55619 0.82851
vn 0.12914 0.54488 0.82851
vn 0.0826 0.34852 0.93366
vn 0.1225 0.33657 0.93366
vn 0.0471 0.1294 0.99047
vn 0.0618 0.12306 0.99047
vn -0.04037 -0.08038 0.99595
vn -0.04943 -0.07515 0.99595
vn -0.17194 -0.26143 0.94979
vn -0.20113 -0.2397 0.94979
vn -0.33396 -0.398 0.85444
vn -0.37791 -0.35654 0.85444
vn -0.50856 -0.4798 0.71495
vn -0.56083 -0.41752 0.71495
vn -0.67583 -0.50313 0.53862
vn -0.72967 -0.42127 0.53862
vn -0.8161 -0.47118 0.33462
vn -0.86528 -0.37325 0.33463
vn -0.91229 -0.39352 0.11348
vn -0.9518 -0.28495 0.11348
vn -0.9518 -0.28495 -0.11348
vn -0.97845 -0.17253 -0.11348
vn -0.92803 -0.16364 -0.33463
vn -0.94076 -0.05479 -0.33463
vn -0.84112 -0.04899 -0.53862
vn -0.84112 0.04899 -0.53862
vn -0.69799 0.04065 -0.71495
vn -0.68855 0.12141 -0.71495
vn -0.51166 0.09022 -0.85444
vn -0.49772 0.14901 -0.85444
vn -0.29976 0.08974 -0.94979
vn -0.28731 0.12393 -0.94979
vn -0.08259 0.03563 -0.99595
vn -0.07789 0.04497 -0.99595
vn 0.11926 -0.06885 -0.99047
vn 0.11046 -0.08223 -0.99047
vn 0.2873 -0.21388 -0.93366
vn 0.26052 -0.24579 -0.93366
vn 0.40731 -0.38428 -0.82851
vn 0.35994 -0.42896 -0.82851
vn 0.12914 0.54488 0.82851
vn 0.19152 0.5262 0.82851
vn 0.1225 0.33657 0.93366
vn 0.16075 0.32007 0.93366
vn 0.0618 0.12306 0.99047
vn 0.07567 0.11505 0.99047
vn -0.04943 -0.07515 0.99595
vn -0.05781 -0.0689 0.99595
vn -0.20113 -0.2397 0.94979
vn -0.2276 -0.21473 0.94979
vn -0.37791 -0.35654 0.85444
vn -0.41674 -0.31025 0.85444
vn -0.56083 -0.41752 0.71495
vn -0.6055 -0.34959 0.71495
vn -0.72967 -0.42127 0.53862
vn -0.77364 -0.33372 0.53862
vn -0.86528 -0.37325 0.33463
vn -0.90276 -0.27027 0.33463
vn -0.9518 -0.28495 0.11348
vn -0.97845 -0.17253 0.11348
vn -0.97845 -0.17253 -0.11348
vn -0.99186 -0.05777 -0.11348
vn -0.94076 -0.05479 -0.33463
vn -0.94076 0.05479 -0.33463
vn -0.84112 0.04899 -0.53862
vn -0.82975 0.14631 -0.53862
vn -0.68855 0.12141 -0.71495
vn -0.6698 0.20053 -0.71495
vn -0.49772 0.14901 -0.85444
vn -0.47706 0.20578 -0.85444
vn -0.28731 0.12393 -0.94979
vn -0.27098 0.15645 -0.94979
vn -0.07789 0.04497 -0.99595
vn -0.07215 0.05371 -0.99595
vn 0.11046 -0.08223 -0.99047
vn 0.10016 -0.0945 -0.99047
vn 0.26052 -0.24579 -0.93366
vn 0.23023 -0.27437 -0.93366
vn 0.35994 -0.42897 -0.82851
vn 0.30771 -0.46785 -0.82851
vn 0.19152 0.5262 0.82851
vn 0.25132 0.50041 0.82851
vn 0.16075 0.32007 0.93366
vn 0.19682 0.29925 0.93366
vn 0.07567 0.11505 0.99047
vn 0.08852 0.10549 0.99047
vn -0.05781 -0.0689 0.99595
vn -0.06542 -0.06172 0.99595
vn -0.2276 -0.21473 0.94979
vn -0.25099 -0.18685 0.94979
vn -0.41674 -0.31025 0.85444
vn -0.44994 -0.25977 0.85444
vn -0.6055 -0.34959 0.71495
vn -0.64199 -0.27693 0.71495
vn -0.77364 -0.33372 0.53862
vn -0.80715 -0.24165 0.53862
vn -0.90276 -0.27027 0.33463
vn -0.92803 -0.16364 0.33462
vn -0.97845 -0.17253 0.11348
vn -0.99186 -0.05777 0.11348
vn -0.99186 -0.05777 -0.11348
vn -0.99186 0.05777 -0.11348
vn -0.94076 0.05479 -0.33463
vn -0.92803 0.16364 -0.33463
vn -0.82975 0.14631 -0.53862
vn -0.80715 0.24165 -0.53862
vn -0.6698 0.20053 -0.71495
vn -0.642 0.27693 -0.71495
vn -0.47706 0.20578 -0.85444
vn -0.44994 0.25977 -0.85444
vn -0.27098 0.15645 -0.94979
vn -0.25099 0.18685 -0.94979
vn -0.07215 0.05371 -0.99595
vn -0.06542 0.06172 -0.99595
vn 0.10016 -0.0945 -0.99047
vn 0.08852 -0.10549 -0.99047
vn 0.23023 -0.27437 -0.93366
vn 0.19682 -0.29925 -0.93366
vn 0.30771 -0.46785 -0.82851
vn 0.25132 -0.50041 -0.82851
vn 0.25132 0.50041 0.82851
vn 0.30771 0.46785 0.82851
vn 0.19682 0.29925 0.93366
vn 0.23023 0.27437 0.93366
vn 0.08851 0.10549 0.99047
vn 0.10016 0.0945 0.99047
vn -0.06542 -0.06172 0.99595
vn -0.07215 -0.05371 0.99595
vn -0.25099 -0.18685 0.94979
vn -0.27098 -0.15645 0.94979
vn -0.44994 -0.25977 0.85444
vn -0.47706 -0.20578 0.85444
vn -0.642 -0.27693 0.71495
vn -0.6698 -0.20053 0.71495
vn -0.80715 -0.24165 0.53862
vn -0.82975 -0.14631 0.53862
vn -0.92803 -0.16364 0.33463
vn -0.94076 -0.05479 0.33463
vn -0.99186 -0.05777 0.11348
vn -0.99186 0.05777 0.11348
vn -0.99186 0.05777 -0.11348
vn -0.97845 0.17253 -0.11348
vn -0.92803 0.16364 -0.33462
vn -0.90276 0.27027 -0.33463
vn -0.80715 0.24165 -0.53862
vn -0.77364 0.33372 -0.53862
vn -0.64199 0.27693 -0.71495
vn -0.6055 0.34959 -0.71495
vn -0.44994 0.25977 -0.85444
vn -0.41674 0.31025 -0.85444
vn -0.25099 0.18685 -0.94979
vn -0.2276 0.21473 -0.94979
vn -0.06542 0.06172 -0.99595
vn -0.05781 0.0689 -0.99595
vn 0.08852 -0.10549 -0.99047
vn 0.07567 -0.11505 -0.99047
vn 0.19682 -0.29925 -0.93366
vn 0.16075 -0.32007 -0.93366
vn 0.25132 -0.50041 -0.82851
vn 0.19152 -0.5262 -0.82851
vn 0.30771 0.46785 0.82851
vn 0.35994 0.42896 0.82851
vn 0.23023 0.27437 0.93366
vn 0.26052 0.24579 0.93366
vn 0.10016 0.0945 0.99047
vn 0.11046 0.08223 0.99047
vn -0.07215 -0.05371 0.99595
vn -0.07789 -0.04497 0.99595
vn -0.27098 -0.15645 0.94979
vn -0.28731 -0.12393 0.94979
vn -0.47706 -0.20578 0.85444
vn -0.49772 -0.14901 0.85444
vn -0.6698 -0.20053 0.71495
vn -0.68855 -0.12141 0.71495
vn -0.82975 -0.14631 0.53862
vn -0.84112 -0.04899 0.53862
vn -0.94076 -0.05479 0.33463
vn -0.94076 0.05479 0.33463
vn -0.99186 0.05777 0.11348
vn -0.97845 0.17253 0.11348
vn -0.97845 0.17253 -0.11348
vn -0.9518 0.28495 -0.11348
vn -0.90276 0.27027 -0.33463
vn -0.86528 0.37325 -0.33463
vn -0.77364 0.33372 -0.53862
vn -0.72967 0.42127 -0.53862
vn -0.6055 0.34959 -0.71495
vn -0.56083 0.41752 -0.71495
vn -0.41674 0.31025 -0.85444
vn -0.37791 0.35654 -0.85444
vn -0.2276 0.21473 -0.94979
vn -0.20113 0.2397 -0.94979
vn -0.05782 0.0689 -0.99595
vn -0.04943 0.07515 -0.99595
vn 0.07567 -0.11505 -0.99047
vn 0.0618 -0.12306 -0.99047
vn 0.16075 -0.32007 -0.93366
vn 0.1225 -0.33657 -0.93366
vn 0.19152 -0.5262 -0.82851
vn 0.12914 -0.54488 -0.82851
vn 0.35994 0.42897 0.82851
vn 0.40731 0.38428 0.82851
vn 0.26052 0.24579 0.93366
vn 0.2873 0.21388 0.93366
vn 0.11046 0.08223 0.99047
vn 0.11926 0.06885 0.99047
vn -0.07789 -0.04497 0.99595
vn -0.08259 -0.03563 0.99595
vn -0.28731 -0.12393 0.94979
vn -0.29976 -0.08974 0.94979
vn -0.49772 -0.14901 0.85444
vn -0.51166 -0.09022 0.85444
vn -0.68855 -0.12141 0.71495
vn -0.69799 -0.04065 0.71495
vn -0.84112 -0.04899 0.53862
vn -0.84112 0.04899 0.53862
vn -0.94076 0.05479 0.33463
vn -0.92803 0.16364 0.33463
vn -0.97845 0.17253 0.11348
vn -0.9518 0.28495 0.11348
vn -0.9518 0.28495 -0.11348
vn -0.91229 0.39352 -0.11348
vn -0.86528 0.37325 -0.33463
vn -0.8161 0.47118 -0.33462
vn -0.72967 0.42127 -0.53862
vn -0.67583 0.50313 -0.53862
vn -0.56083 0.41752 -0.71495
vn -0.50856 0.4798 -0.71495
vn -0.37791 0.35654 -0.85444
vn -0.33396 0.398 -0.85444
vn -0.20113 0.2397 -0.94979
vn -0.17194 0.26143 -0.94979
vn -0.04943 0.07515 -0.99595
vn -0.04037 0.08038 -0.99595
vn 0.0618 -0.12306 -0.99047
vn 0.0471 -0.1294 -0.99047
vn 0.1225 -0.33657 -0.93366
vn 0.0826 -0.34852 -0.93366
vn 0.12914 -0.54488 -0.82851
vn 0.06501 -0.55619 -0.82851
vn 0 -0.55997 -0.82851
vn 0 -0.35817 -0.93366
vn 0.04158 -0.35575 -0.93366
vn 0.01599 -0.13677 -0.99047
vn 0.03176 -0.13399 -0.99047
vn -0.02074 0.08752 -0.99595
vn -0.03076 0.08452 -0.99595
vn -0.10702 0.29403 -0.94979
vn -0.14043 0.27962 -0.94979
vn -0.23317 0.46429 -0.85444
vn -0.2855 0.43408 -0.85444
vn -0.3842 0.58415 -0.71495
vn -0.44942 0.5356 -0.71495
vn -0.54158 0.64543 -0.53862
vn -0.61285 0.57819 -0.53862
vn -0.68544 0.64668 -0.33462
vn -0.75588 0.56273 -0.33463
vn -0.79694 0.5933 -0.11348
vn -0.86043 0.49677 -0.11348
vn -0.86043 0.49677 0.11348
vn -0.91228 0.39352 0.11348
vn -0.86528 0.37325 0.33462
vn -0.90276 0.27027 0.33463
vn -0.80715 0.24164 0.53862
vn -0.82975 0.14631 0.53862
vn -0.68855 0.12141 0.71495
vn -0.69799 0.04065 0.71495
vn -0.51867 0.03021 0.85444
vn -0.51867 -0.03021 0.85444
vn -0.31237 -0.01819 0.94979
vn -0.30815 -0.05433 0.94979
vn -0.08858 -0.01562 0.99595
vn -0.08617 -0.0258 0.99595
vn 0.13192 0.03949 0.99047
vn 0.12644 0.05454 0.99047
vn 0.32888 0.14186 0.93366
vn 0.31018 0.17909 0.93366
vn 0.48495 0.27999 0.82851
vn 0.44917 0.33439 0.82851
vn -0.06501 -0.55619 0.82851
vn -0.04158 -0.35575 0.93366
vn -0.04158 -0.35575 0.93366
vn -0.01599 -0.13677 0.99047
vn -0.01599 -0.13677 0.99047
vn 0.01044 0.08934 0.99595
vn 0.01044 0.08934 0.99595
vn 0.03633 0.31078 0.94979
vn 0.03633 0.31079 0.94979
vn 0.06032 0.51603 0.85444
vn 0.06032 0.51604 0.85444
vn 0.08117 0.69445 0.71495
vn 0.08117 0.69445 0.71495
vn 0.09781 0.83685 0.53862
vn 0.09781 0.83685 0.53862
vn 0.1094 0.93598 0.33462
vn 0.1094 0.93598 0.33463
vn 0.11534 0.98682 0.11348
vn 0.11534 0.98682 0.11348
vn 0.11534 0.98682 -0.11348
vn 0.11534 0.98682 -0.11348
vn 0.1094 0.93598 -0.33463
vn 0.1094 0.93598 -0.33462
vn 0.09781 0.83685 -0.53862
vn 0.09781 0.83685 -0.53862
vn 0.08117 0.69445 -0.71495
vn 0.08117 0.69445 -0.71495
vn 0.06032 0.51603 -0.85444
vn 0.06032 0.51604 -0.85444
vn 0.03633 0.31079 -0.94979
vn 0.03633 0.31078 -0.94979
vn 0.01044 0.08934 -0.99595
vn 0.01044 0.08934 -0.99595
vn -0.01599 -0.13677 -0.99047
vn -0.01599 -0.13677 -0.99047
vn -0.04158 -0.35575 -0.93366
vn -0.04158 -0.35575 -0.93366
vn -0.06501 -0.55619 -0.82851
vn -0.06501 -0.55619 -0.82851
vn -0.12914 -0.54488 0.82851
vn -0.0826 -0.34852 0.93366
vn -0.0826 -0.34852 0.93366
vn -0.03176 -0.13399 0.99047
vn -0.03176 -0.13399 0.99047
vn 0.02074 0.08752 0.99595
vn 0.02074 0.08752 0.99595
vn 0.07216 0.30447 0.94979
vn 0.07216 0.30447 0.94979
vn 0.11982 0.50554 0.85444
vn 0.11982 0.50554 0.85444
vn 0.16124 0.68033 0.71495
vn 0.16124 0.68033 0.71495
vn 0.1943 0.81984 0.53862
vn 0.1943 0.81984 0.53862
vn 0.21732 0.91695 0.33463
vn 0.21732 0.91695 0.33462
vn 0.22913 0.96676 0.11348
vn 0.22913 0.96676 0.11348
vn 0.22913 0.96676 -0.11348
vn 0.22913 0.96676 -0.11348
vn 0.21732 0.91695 -0.33463
vn 0.21732 0.91695 -0.33462
vn 0.1943 0.81984 -0.53862
vn 0.1943 0.81984 -0.53862
vn 0.16124 0.68033 -0.71495
vn 0.16124 0.68033 -0.71495
vn 0.11982 0.50554 -0.85444
vn 0.11982 0.50554 -0.85444
vn 0.07216 0.30447 -0.94979
vn 0.07216 0.30447 -0.94979
vn 0.02074 0.08752 -0.99595
vn 0.02074 0.08752 -0.99595
vn -0.03176 -0.13399 -0.99047
vn -0.03176 -0.13399 -0.99047
vn -0.0826 -0.34852 -0.93366
vn -0.0826 -0.34852 -0.93366
vn -0.12914 -0.54488 -0.82851
vn -0.12914 -0.54488 -0.82851
vn -0.19152 -0.5262 0.82851
vn -0.1225 -0.33657 0.93366
vn -0.1225 -0.33657 0.93366
vn -0.0471 -0.1294 0.99047
vn -0.0471 -0.1294 0.99047
vn 0.03076 0.08452 0.99595
vn 0.03076 0.08452 0.99595
vn 0.10702 0.29403 0.94979
vn 0.10702 0.29403 0.94979
vn 0.1777 0.48822 0.85444
vn 0.1777 0.48822 0.85444
vn 0.23913 0.65701 0.71495
vn 0.23913 0.65701 0.71495
vn 0.28817 0.79174 0.53862
vn 0.28817 0.79173 0.53862
vn 0.3223 0.88552 0.33462
vn 0.3223 0.88552 0.33462
vn 0.33981 0.93362 0.11348
vn 0.33981 0.93362 0.11348
vn 0.33981 0.93362 -0.11348
vn 0.33981 0.93362 -0.11348
vn 0.3223 0.88552 -0.33462
vn 0.3223 0.88552 -0.33462
vn 0.28817 0.79174 -0.53862
vn 0.28817 0.79174 -0.53862
vn 0.23913 0.65701 -0.71495
vn 0.23913 0.65701 -0.71495
vn 0.1777 0.48822 -0.85444
vn 0.1777 0.48822 -0.85444
vn 0.10702 0.29403 -0.94979
vn 0.10702 0.29403 -0.94979
vn 0.03076 0.08452 -0.99595
vn 0.03076 0.08452 -0.99595
vn -0.0471 -0.1294 -0.99047
vn -0.0471 -0.1294 -0.99047
vn -0.1225 -0.33657 -0.93366
vn -0.1225 -0.33657 -0.93366
vn -0.19152 -0.5262 -0.82851
vn -0.19152 -0.5262 -0.82851
vn -0.25132 -0.50041 0.82851
vn -0.16075 -0.32007 0.93366
vn -0.16075 -0.32007 0.93366
vn -0.0618 -0.12306 0.99047
vn -0.0618 -0.12306 0.99047
vn 0.04037 0.08038 0.99595
vn 0.04037 0.08038 0.99595
vn 0.14043 0.27962 0.94979
vn 0.14043 0.27962 0.94979
vn 0.23317 0.46429 0.85444
vn 0.23317 0.46428 0.85444
vn 0.31379 0.62481 0.71495
vn 0.31379 0.62481 0.71495
vn 0.37813 0.75293 0.53862
vn 0.37813 0.75293 0.53862
vn 0.42293 0.84212 0.33462
vn 0.42293 0.84212 0.33463
vn 0.4459 0.88786 0.11348
vn 0.4459 0.88786 0.11348
vn 0.4459 0.88786 -0.11348
vn 0.4459 0.88786 -0.11348
vn 0.42293 0.84212 -0.33462
vn 0.42293 0.84212 -0.33463
vn 0.37813 0.75293 -0.53862
vn 0.37814 0.75293 -0.53862
vn 0.31379 0.62481 -0.71495
vn 0.31379 0.62481 -0.71495
vn 0.23317 0.46428 -0.85444
vn 0.23317 0.46429 -0.85444
vn 0.14043 0.27962 -0.94979
vn 0.14043 0.27962 -0.94979
vn 0.04037 0.08038 -0.99595
vn 0.04037 0.08038 -0.99595
vn -0.0618 -0.12306 -0.99047
vn -0.0618 -0.12306 -0.99047
vn -0.16075 -0.32007 -0.93366
vn -0.16075 -0.32007 -0.93366
vn -0.25132 -0.50041 -0.82851
vn -0.25132 -0.50041 -0.82851
vn -0.30771 -0.46785 0.82851
vn -0.19682 -0.29925 0.93366
vn -0.19682 -0.29925 0.93366
vn -0.07567 -0.11505 0.99047
vn -0.07567 -0.11505 0.99047
vn 0.04943 0.07515 0.99595
vn 0.04943 0.07515 0.99595
vn 0.17194 0.26143 0.94979
vn 0.17194 0.26142 0.94979
vn 0.2855 0.43408 0.85444
vn 0.2855 0.43408 0.85444
vn 0.3842 0.58415 0.71495
vn 0.3842 0.58415 0.71495
vn 0.46299 0.70394 0.53862
vn 0.46299 0.70394 0.53862
vn 0.51783 0.78732 0.33463
vn 0.51783 0.78732 0.33463
vn 0.54596 0.83009 0.11348
vn 0.54596 0.83009 0.11348
vn 0.54596 0.83009 -0.11348
vn 0.54596 0.83009 -0.11348
vn 0.51783 0.78732 -0.33463
vn 0.51783 0.78732 -0.33463
vn 0.46299 0.70394 -0.53862
vn 0.46299 0.70394 -0.53862
vn 0.3842 0.58415 -0.71495
vn 0.3842 0.58415 -0.71495
vn 0.2855 0.43408 -0.85444
vn 0.2855 0.43408 -0.85444
vn 0.17194 0.26142 -0.94979
vn 0.17194 0.26143 -0.94979
vn 0.04943 0.07515 -0.99595
vn 0.04943 0.07515 -0.99595
vn -0.07567 -0.11505 -0.99047
vn -0.07567 -0.11505 -0.99047
vn -0.19682 -0.29925 -0.93366
vn -0.19682 -0.29925 -0.93366
vn -0.30771 -0.46785 -0.82851
vn -0.30771 -0.46785 -0.82851
vn -0.35994 -0.42897 0.82851
vn -0.23023 -0.27437 0.93366
vn -0.23023 -0.27437 0.93366
vn -0.08851 -0.10549 0.99047
vn -0.08852 -0.10549 0.99047
vn 0.05781 0.0689 0.99595
vn 0.05782 0.0689 0.99595
vn 0.20113 0.2397 0.94979
vn 0.20113 0.2397 0.94979
vn 0.33396 0.398 0.85444
vn 0.33396 0.398 0.85444
vn 0.44942 0.5356 0.71495
vn 0.44942 0.5356 0.71495
vn 0.54158 0.64543 0.53862
vn 0.54158 0.64543 0.53862
vn 0.60573 0.72188 0.33463
vn 0.60573 0.72188 0.33463
vn 0.63864 0.7611 0.11348
vn 0.63864 0.7611 0.11348
vn 0.63864 0.7611 -0.11348
vn 0.63864 0.7611 -0.11348
vn 0.60573 0.72188 -0.33463
vn 0.60573 0.72188 -0.33462
vn 0.54158 0.64543 -0.53862
vn 0.54158 0.64543 -0.53862
vn 0.44942 0.5356 -0.71495
vn 0.44942 0.5356 -0.71495
vn 0.33396 0.398 -0.85444
vn 0.33396 0.398 -0.85444
vn 0.20113 0.2397 -0.94979
vn 0.20113 0.2397 -0.94979
vn 0.05781 0.0689 -0.99595
vn 0.05782 0.0689 -0.99595
vn -0.08852 -0.10549 -0.99047
vn -0.08852 -0.10549 -0.99047
vn -0.23023 -0.27437 -0.93366
vn -0.23023 -0.27437 -0.93366
vn -0.35994 -0.42897 -0.82851
vn -0.35995 -0.42897 -0.82851
vn -0.40731 -0.38428 0.82851
vn -0.26052 -0.24579 0.93366
vn -0.26052 -0.24579 0.93366
vn -0.10016 -0.0945 0.99047
vn -0.10016 -0.0945 0.99047
vn 0.06542 0.06172 0.99595
vn 0.06542 0.06172 0.99595
vn 0.2276 0.21473 0.94979
vn 0.2276 0.21473 0.94979
vn 0.37791 0.35654 0.85444
vn 0.37791 0.35654 0.85444
vn 0.50856 0.4798 0.71495
vn 0.50856 0.4798 0.71495
vn 0.61285 0.57819 0.53862
vn 0.61285 0.57819 0.53862
vn 0.68544 0.64668 0.33462
vn 0.68544 0.64668 0.33462
vn 0.72267 0.68181 0.11348
vn 0.72268 0.68181 0.11348
vn 0.72268 0.68181 -0.11348
vn 0.72267 0.68181 -0.11348
vn 0.68544 0.64668 -0.33463
vn 0.68544 0.64668 -0.33462
vn 0.61285 0.57819 -0.53862
vn 0.61285 0.57819 -0.53862
vn 0.50856 0.4798 -0.71495
vn 0.50856 0.4798 -0.71495
vn 0.37791 0.35653 -0.85444
vn 0.37791 0.35654 -0.85444
vn 0.2276 0.21473 -0.94979
vn 0.2276 0.21473 -0.94979
vn 0.06542 0.06172 -0.99595
vn 0.06542 0.06172 -0.99595
vn -0.10016 -0.0945 -0.99047
vn -0.10016 -0.0945 -0.99047
vn -0.26052 -0.24579 -0.93366
vn -0.26052 -0.24579 -0.93366
vn -0.40731 -0.38428 -0.82851
vn -0.40731 -0.38428 -0.82851
vn -0.44917 -0.33439 0.82851
vn -0.2873 -0.21388 0.93366
vn -0.2873 -0.21388 0.93366
vn -0.11046 -0.08223 0.99047
vn -0.11046 -0.08223 0.99047
vn 0.07215 0.05371 0.99595
vn 0.07215 0.05371 0.99595
vn 0.25099 0.18685 0.94979
vn 0.25099 0.18685 0.94979
vn 0.41674 0.31025 0.85444
vn 0.41674 0.31025 0.85444
vn 0.56083 0.41752 0.71495
vn 0.56083 0.41752 0.71495
vn 0.67583 0.50313 0.53862
vn 0.67583 0.50313 0.53862
vn 0.75588 0.56273 0.33463
vn 0.75588 0.56273 0.33463
vn 0.79694 0.5933 0.11348
vn 0.79694 0.5933 0.11348
vn 0.79694 0.5933 -0.11348
vn 0.79694 0.5933 -0.11348
vn 0.75588 0.56273 -0.33463
vn 0.75588 0.56273 -0.33463
vn 0.67583 0.50313 -0.53862
vn 0.67583 0.50313 -0.53862
vn 0.56083 0.41752 -0.71495
vn 0.56083 0.41752 -0.71495
vn 0.41674 0.31025 -0.85444
vn 0.41674 0.31025 -0.85444
vn 0.25099 0.18685 -0.94979
vn 0.25099 0.18685 -0.94979
vn 0.07215 0.05371 -0.99595
vn 0.07215 0.05371 -0.99595
vn -0.11046 -0.08223 -0.99047
vn -0.11046 -0.08223 -0.99047
vn -0.2873 -0.21388 -0.93366
vn -0.2873 -0.21388 -0.93366
vn -0.44917 -0.33439 -0.82851
vn -0.44917 -0.33439 -0.82851
vn -0.48495 -0.27999 0.82851
vn -0.31018 -0.17909 0.93366
vn -0.31019 -0.17908 0.93366
vn -0.11926 -0.06885 0.99047
vn -0.11926 -0.06885 0.99047
vn 0.07789 0.04497 0.99595
vn 0.07789 0.04497 0.99595
vn 0.27098 0.15645 0.94979
vn 0.27098 0.15645 0.94979
vn 0.44994 0.25977 0.85444
vn 0.44994 0.25977 0.85444
vn 0.6055 0.34959 0.71495
vn 0.6055 0.34959 0.71495
vn 0.72967 0.42127 0.53862
vn 0.72967 0.42127 0.53862
vn 0.8161 0.47118 0.33462
vn 0.8161 0.47118 0.33462
vn 0.86043 0.49677 0.11348
vn 0.86043 0.49677 0.11348
vn 0.86043 0.49677 -0.11348
vn 0.86043 0.49677 -0.11348
vn 0.8161 0.47117 -0.33463
vn 0.8161 0.47118 -0.33462
vn 0.72967 0.42127 -0.53862
vn 0.72967 0.42127 -0.53862
vn 0.6055 0.34959 -0.71495
vn 0.6055 0.34959 -0.71495
vn 0.44994 0.25977 -0.85444
vn 0.44994 0.25977 -0.85444
vn 0.27098 0.15645 -0.94979
vn 0.27098 0.15645 -0.94979
vn 0.07789 0.04497 -0.99595
vn 0.07789 0.04497 -0.99595
vn -0.11926 -0.06885 -0.99047
vn -0.11926 -0.06885 -0.99047
vn -0.31018 -0.17909 -0.93366
vn -0.31018 -0.17908 -0.93366
vn -0.48495 -0.27999 -0.82851
vn -0.48495 -0.27999 -0.82851
vn -0.51418 -0.22179 0.82851
vn -0.32888 -0.14186 0.93366
vn -0.32888 -0.14186 0.93366
vn -0.12644 -0.05454 0.99047
vn -0.12644 -0.05454 0.99047
vn 0.08259 0.03563 0.99595
vn 0.08259 0.03563 0.99595
vn 0.28731 0.12393 0.94979
vn 0.28731 0.12393 0.94979
vn 0.47706 0.20578 0.85444
vn 0.47706 0.20578 0.85444
vn 0.642 0.27693 0.71495
vn 0.64199 0.27693 0.71495
vn 0.77364 0.33372 0.53862
vn 0.77364 0.33372 0.53862
vn 0.86528 0.37325 0.33463
vn 0.86528 0.37325 0.33463
vn 0.91229 0.39352 0.11348
vn 0.91228 0.39352 0.11348
vn 0.91229 0.39352 -0.11348
vn 0.91228 0.39352 -0.11348
vn 0.86528 0.37325 -0.33462
vn 0.86528 0.37325 -0.33463
vn 0.77364 0.33372 -0.53862
vn 0.77364 0.33372 -0.53862
vn 0.64199 0.27693 -0.71495
vn 0.642 0.27693 -0.71495
vn 0.47706 0.20578 -0.85444
vn 0.47706 0.20578 -0.85444
vn 0.28731 0.12393 -0.94979
vn 0.28731 0.12393 -0.94979
vn 0.08259 0.03563 -0.99595
vn 0.08259 0.03563 -0.99595
vn -0.12644 -0.05454 -0.99047
vn -0.12644 -0.05454 -0.99047
vn -0.32888 -0.14186 -0.93366
vn -0.32888 -0.14186 -0.93366
vn -0.51418 -0.22179 -0.82851
vn -0.51418 -0.22179 -0.82851
vn -0.53645 -0.1606 0.82851
vn -0.34312 -0.10272 0.93366
vn -0.34312 -0.10272 0.93366
vn -0.13192 -0.03949 0.99047
vn -0.13192 -0.03949 0.99047
vn 0.08617 0.0258 0.99595
vn 0.08617 0.0258 0.99595
vn 0.29976 0.08974 0.94979
vn 0.29976 0.08974 0.94979
vn 0.49772 0.14901 0.85444
vn 0.49772 0.14901 0.85444
vn 0.6698 0.20053 0.71495
vn 0.6698 0.20053 0.71495
vn 0.80715 0.24165 0.53862
vn 0.80715 0.24165 0.53862
vn 0.90276 0.27027 0.33463
vn 0.90276 0.27027 0.33463
vn 0.9518 0.28495 0.11348
vn 0.9518 0.28495 0.11348
vn 0.9518 0.28495 -0.11348
vn 0.9518 0.28495 -0.11348
vn 0.90276 0.27027 -0.33463
vn 0.90276 0.27027 -0.33463
vn 0.80715 0.24164 -0.53862
vn 0.80715 0.24165 -0.53862
vn 0.6698 0.20053 -0.71495
vn 0.6698 0.20053 -0.71495
vn 0.49772 0.14901 -0.85444
vn 0.49772 0.14901 -0.85444
vn 0.29976 0.08974 -0.94979
vn 0.29976 0.08974 -0.94979
vn 0.08617 0.0258 -0.99595
vn 0.08617 0.0258 -0.99595
vn -0.13192 -0.03949 -0.99047
vn -0.13192 -0.03949 -0.99047
vn -0.34312 -0.10272 -0.93366
vn -0.34312 -0.10272 -0.93366
vn -0.53645 -0.1606 -0.82851
vn -0.53645 -0.1606 -0.82851
vn -0.55147 -0.09724 -0.82851
vn -0.55147 -0.09724 0.82851
vn -0.35273 -0.0622 0.93366
vn -0.35273 -0.0622 0.93366
vn -0.13561 -0.02391 0.99047
vn -0.13561 -0.02391 0.99047
vn 0.08858 0.01562 0.99595
vn 0.08858 0.01562 0.99595
vn 0.30815 0.05433 0.94979
vn 0.30815 0.05433 0.94979
vn 0.51165 0.09022 0.85444
vn 0.51166 0.09022 0.85444
vn 0.68855 0.12141 0.71495
vn 0.68855 0.12141 0.71495
vn 0.82975 0.14631 0.53862
vn 0.82975 0.14631 0.53862
vn 0.92803 0.16364 0.33463
vn 0.92803 0.16364 0.33462
vn 0.97845 0.17253 0.11348
vn 0.97845 0.17253 0.11348
vn 0.97845 0.17253 -0.11348
vn 0.97845 0.17253 -0.11348
vn 0.92803 0.16364 -0.33463
vn 0.92803 0.16364 -0.33462
vn 0.82975 0.14631 -0.53862
vn 0.82975 0.14631 -0.53862
vn 0.68855 0.12141 -0.71495
vn 0.68855 0.12141 -0.71495
vn 0.51166 0.09022 -0.85444
vn 0.51165 0.09022 -0.85444
vn 0.30815 0.05433 -0.94979
vn 0.30815 0.05433 -0.94979
vn 0.08858 0.01562 -0.99595
vn 0.08858 0.01562 -0.99595
vn -0.13561 -0.02391 -0.99047
vn -0.13561 -0.02391 -0.99047
vn -0.35273 -0.0622 -0.93366
vn -0.35273 -0.0622 -0.93366
vn -0.55147 -0.09724 -0.82851
vn -0.55147 -0.09724 -0.82851
vn -0.55903 -0.03256 0.82851
vn -0.35756 -0.02083 0.93366
vn -0.35756 -0.02083 0.93366
vn -0.13747 -0.00801 0.99047
vn -0.13747 -0.00801 0.99047
vn 0.08979 0.00523 0.99595
vn 0.08979 0.00523 0.99595
vn 0.31237 0.01819 0.94979
vn 0.31237 0.01819 0.94979
vn 0.51867 0.03021 0.85444
vn 0.51867 0.03021 0.85444
vn 0.69799 0.04065 0.71495
vn 0.69799 0.04065 0.71495
vn 0.84112 0.04899 0.53862
vn 0.84112 0.04899 0.53862
vn 0.94076 0.05479 0.33463
vn 0.94076 0.05479 0.33463
vn 0.99186 0.05777 0.11348
vn 0.99186 0.05777 0.11348
vn 0.99186 0.05777 -0.11348
vn 0.99186 0.05777 -0.11348
vn 0.94076 0.05479 -0.33463
vn 0.94076 0.05479 -0.33463
vn 0.84112 0.04899 -0.53862
vn 0.84112 0.04899 -0.53862
vn 0.69799 0.04065 -0.71495
vn 0.69799 0.04065 -0.71495
vn 0.51867 0.03021 -0.85444
vn 0.51867 0.03021 -0.85444
vn 0.31237 0.01819 -0.94979
vn 0.31237 0.01819 -0.94979
vn 0.08979 0.00523 -0.99595
vn 0.08979 0.00523 -0.99595
vn -0.13747 -0.00801 -0.99047
vn -0.13747 -0.00801 -0.99047
vn -0.35756 -0.02083 -0.93366
vn -0.35756 -0.02083 -0.93366
vn -0.55903 -0.03256 -0.82851
vn -0.55903 -0.03256 -0.82851
vn 0 0 -1
vn 0 0 -1
vn -0 0 -1
vn 0 0 -1
vn 0 0 -1
vn -0 0 -1
vn 0 0 -1
vn -0 0 -1
vn 0 0 -1
vn 0 0 -1
vn 0 0 -1
vn -0 0 -1
vn 0 0 -1
vn 0 0 -1
vn -0 0 -1
vn -0 0 -1
vn -0 0 -1
vn -0 0 -1
vn 0 0 -1
vn -0 0 -1
vn 0 0 -1
vn -0 0 -1
vn 0 0 -1
vn 0 0 -1
vn -0 0 -1
vn 0 0 -1
vn 0 0 -1
vn -0 0 -1
vn 0 0 -1
vn -0 0 -1
vn -0 0 -1
vn 0 0 -1
vn -0 0 -1
vn 0 0 -1
vn -0 0 -1
vn 0 0 -1
vn -0 0 -1
vn -0 0 -1
vn -0 0 -1
vn 0 0 -1
vn -0 0 -1
vn -0 0 -1
vn 0 0 -1
vn 0 0 -1
vn 0 0 -1
vn -0 0 -1
vn -0 0 -1
vn 0 0 -1
vn 0 0 -1
vn 0 0 -1
vn -0 0 -1
vn 0 0 -1
vn 0 0 -1
vn 0 0 -1
vn -0 0 -1
vn -0 0 -1
vn 0 0 -1
vn 0 0 -1
vn -0 0 -1
vn 0 0 -1
vn -0 0 -1
vn -0 0 -1
vn 0 0 -1
vn -0 0 -1
vn 0 0 -1
vn -0 0 -1
vn 0 0 -1
vn 0 0 -1
vn -0 0 -1
vn -0 0 -1
vn -0 0 -1
vn 0 0 -1
vn -0 0 -1
vn 0 0 -1
vn -0 0 -1
vn 0 0 1
vn 0 0 1
vn -0 0 1
vn 0 0 1
vn 0 0 1
vn 0 0 1
vn 0 0 1
vn -0 0 1
vn -0 0 1
vn -0 0 1
vn 0 0 1
vn -0 0 1
vn 0 0 1
vn 0 0 1
vn -0 0 1
vn 0 0 1
vn 0 0 1
vn -0 0 1
vn 0 0 1
vn -0 0 1
vn 0 0 1
vn 0 0 1
vn 0 0 1
vn 0 0 1
vn -0 0 1
vn -0 0 1
vn 0 0 1
vn -0 0 1
vn 0 0 1
vn -0 0 1
vn -0 0 1
vn 0 0 1
vn -0 0 1
vn 0 0 1
vn -0 0 1
vn 0 0 1
vn 0 0 1
vn 0 0 1
vn -0 0 1
vn 0 0 1
vn -0 0 1
vn -0 0 1
vn 0 0 1
vn -0 0 1
vn -0 0 1
vn -0 0 1
vn 0 0 1
vn -0 0 1
vn 0 0 1
vn 0 0 1
vn 0 0 1
vn -0 0 1
vn 0 0 1
vn -0 0 1
vn 0 0 1
vn -0 0 1
vn 0 0 1
vn 0 0 1
vn -0 0 1
vn 0 0 1
vn -0 0 1
vn -0 0 1
vn 0 0 1
vn -0 0 1
vn 0 0 1
vn -0 0 1
vn 0 0 1
vn -0 0 1
vn -0 0 1
vn 0 0 1
vn -0 0 1
vn 0 0 1
vn -0 0 1
vn -0.75394 -0.65694 0
vn -0.75394 -0.65694 0
vn -0.58779 -0.80902 0
vn -0.39181 -0.92005 0
vn -0.39181 -0.92005 0
vn -0.30902 0.95106 0
vn -0.30902 0.95106 0
vn 0.58779 0.80902 0
vn 1 0 0
vn -0.05714 -0.99837 0
vn 0.39674 -0.91793 0
vn 0.39674 -0.91793 0
vn 0.76632 -0.64246 0
vn 0.97308 -0.23048 0
vn -0.51989 0.85423 0
vn -0.51989 0.85423 0
vn -0.84782 0.53028 0
vn -0.84782 0.53029 0
vn -0.9956 0.09367 0
vn -0.9956 0.09366 0
vn -0.93185 -0.36285 0
vn -0.93185 -0.36286 0
vn 0.45399 0.89101 0
vn -0.05234 0.99863 0
vn -0.05234 0.99863 0
vn 0.96593 0.25882 0
vn 0.96593 0.25882 0
vn 0.70711 0.70711 0
vn -0.58779 0.80902 0
vn -0.70711 0.70711 0
vn -0.96593 0.25882 0
vn -0.96593 0.25882 0
vn -1 0 0
vn -0.97308 -0.23048 0
vn -0.76632 -0.64246 0
vn -0.39674 -0.91793 0
vn -0.39674 -0.91793 0
vn 0.05714 -0.99837 0
vn 0.39181 -0.92005 0
vn 0.39181 -0.92005 0
vn 0.58779 -0.80902 0
vn 0.75394 -0.65694 0
vn 0.75394 -0.65694 0
vn 0.93185 -0.36286 0
vn 0.93185 -0.36285 0
vn 0.9956 0.09366 0
vn 0.9956 0.09367 0
vn 0.84782 0.53029 0
vn 0.84782 0.53028 0
vn 0.51989 0.85423 0
vn 0.51989 0.85423 0
vn 0.30902 0.95106 0
vn 0.30902 0.95106 0
vn 0.05234 0.99863 0
vn 0.05234 0.99863 0
vn -0.45399 0.89101 0
vn -0.95106 -0.30902 0
vn -0.89101 -0.45399 0
vn -0.89101 -0.45399 0
vn -0.54464 -0.83867 0
vn -0.54464 -0.83867 0
vn -0.30902 -0.95106 0
vn -0.30902 -0.95106 0
vn -0.0815 -0.99667 0
vn -0.0815 -0.99667 0
vn 0.37421 -0.92735 0
vn 0.37421 -0.92735 0
vn 0.7504 -0.66098 0
vn 0.75041 -0.66098 0
vn 0.96716 -0.25417 0
vn 0.96716 -0.25417 0
vn 0.99609 0.08832 0
vn 0.99609 0.08832 0
vn 0.95106 0.30902 0
vn 0.95106 0.30902 0
vn 0.85777 0.51403 0
vn 0.63305 0.77411 0
vn 0.63305 0.77411 0
vn 0.21858 0.97582 0
vn -0.24234 0.97019 0
vn -0.65177 0.75842 0
vn -0.65177 0.75842 0
vn -0.80902 0.58779 0
vn -0.80902 0.58779 0
vn -0.93358 0.35837 0
vn -0.93358 0.35837 0
vn -0.98769 -0.15643 0
vn 0 -1 0
vn 0.15643 -0.98769 0
vn 0.15643 -0.98769 0
vn 0.62932 -0.77715 0
vn 0.62932 -0.77715 0
vn 0.80902 -0.58779 0
vn 0.92271 -0.3855 0
vn 0.92271 -0.3855 0
vn 0.99759 0.06933 0
vn 0.99759 0.06932 0
vn 0.86052 0.50942 0
vn 0.86051 0.50943 0
vn 0.5406 0.84128 0
vn 0.5406 0.84128 0
vn -0.22381 0.97463 0
vn 0.22381 0.97463 0
vn 0.22381 0.97463 0
vn 0 1 0
vn -0.22381 0.97463 0
vn -0.5406 0.84128 0
vn -0.5406 0.84128 0
vn -0.86051 0.50943 0
vn -0.86052 0.50942 0
vn -0.99759 0.06932 0
vn -0.99759 0.06933 0
vn -0.92271 -0.3855 0
vn -0.92271 -0.3855 0
vn -0.80902 -0.58779 0
vn -0.62932 -0.77715 0
vn -0.62932 -0.77715 0
vn -0.15643 -0.98769 0
vn -0.15643 -0.98769 0
vn 0.95106 -0.30902 0
vn 0.98769 -0.15643 0
vn 0.93358 0.35837 0
vn 0.93358 0.35837 0
vn 0.80902 0.58779 0
vn 0.80902 0.58779 0
vn 0.65177 0.75842 0
vn 0.65177 0.75842 0
vn 0.24234 0.97019 0
vn -0.21858 0.97582 0
vn -0.63305 0.77411 0
vn -0.63305 0.77411 0
vn -0.85777 0.51403 0
vn -0.95106 0.30902 0
vn -0.95106 0.30902 0
vn -0.99609 0.08832 0
vn -0.99609 0.08832 0
vn -0.96716 -0.25417 0
vn -0.96716 -0.25417 0
vn -0.75041 -0.66098 0
vn -0.7504 -0.66098 0
vn -0.37421 -0.92735 0
vn -0.37421 -0.92735 0
vn 0.0815 -0.99667 0
vn 0.0815 -0.99667 0
vn 0.30902 -0.95106 0
vn 0.30902 -0.95106 0
vn 0.54464 -0.83867 0
vn 0.54464 -0.83867 0
vn 0.89101 -0.45399 0
vn 0.89101 -0.45399 0
f 1//1 2//1 3//1
f 4//2 5//2 6//2
f 7//3 4//3 8//3
f 9//4 10//4 11//4
f 12//5 9//5 13//5
f 14//6 12//6 15//6
f 16//7 14//7 17//7
f 18//8 16//8 19//8
f 20//9 18//9 21//9
f 22//10 20//10 23//10
f 24//11 22//11 25//11
f 26//12 24//12 27//12
f 28//13 26//13 29//13
f 30//14 31//14 32//14
f 33//15 34//15 35//15
f 36//16 33//16 37//16
f 38//17 36//17 39//17
f 40//18 38//18 41//18
f 42//19 40//19 43//19
f 44//20 42//20 45//20
f 46//21 44//21 47//21
f 48//22 46//22 49//22
f 50//23 48//23 51//23
f 5//24 50//24 52//24
f 53//25 2//25 54//25
f 54//26 2//26 1//26
f 54//27 1//27 55//27
f 56//28 57//28 58//28
f 59//29 60//29 61//29
f 10//30 62//30 63//30
f 63//31 62//31 7//31
f 64//32 3//32 65//32
f 65//33 3//33 2//33
f 65//34 2//34 66//34
f 66//35 2//35 53//35
f 66//36 53//36 67//36
f 68//37 64//37 69//37
f 69//38 64//38 65//38
f 69//39 65//39 70//39
f 70//40 65//40 66//40
f 70//41 66//41 71//41
f 71//42 66//42 67//42
f 71//43 67//43 72//43
f 73//44 68//44 74//44
f 74//45 68//45 69//45
f 74//46 69//46 75//46
f 75//47 69//47 70//47
f 75//48 70//48 76//48
f 76//49 70//49 71//49
f 76//50 71//50 77//50
f 77//51 71//51 72//51
f 77//52 72//52 78//52
f 79//53 80//53 81//53
f 82//54 73//54 83//54
f 83//55 73//55 74//55
f 83//56 74//56 84//56
f 84//57 74//57 75//57
f 84//58 75//58 85//58
f 85//59 75//59 76//59
f 85//60 76//60 86//60
f 86//61 76//61 77//61
f 86//62 77//62 56//62
f 56//63 77//63 78//63
f 56//64 78//64 57//64
f 87//65 80//65 88//65
f 88//66 80//66 79//66
f 88//67 79//67 89//67
f 90//68 82//68 91//68
f 91//69 82//69 83//69
f 91//70 83//70 92//70
f 92//71 83//71 84//71
f 92//72 84//72 93//72
f 93//73 84//73 85//73
f 93//74 85//74 94//74
f 94//75 85//75 86//75
f 94//76 86//76 95//76
f 95//77 86//77 56//77
f 95//78 56//78 96//78
f 96//79 56//79 58//79
f 96//80 58//80 97//80
f 98//81 87//81 99//81
f 99//82 87//82 88//82
f 99//83 88//83 100//83
f 100//84 88//84 89//84
f 100//85 89//85 101//85
f 102//86 90//86 103//86
f 103//87 90//87 91//87
f 103//88 91//88 104//88
f 104//89 91//89 92//89
f 104//90 92//90 105//90
f 105//91 92//91 93//91
f 105//92 93//92 106//92
f 106//93 93//93 94//93
f 106//94 94//94 107//94
f 107//95 94//95 95//95
f 107//96 95//96 108//96
f 108//97 95//97 96//97
f 108//98 96//98 109//98
f 109//99 96//99 97//99
f 109//100 97//100 110//100
f 111//101 98//101 112//101
f 112//102 98//102 99//102
f 112//103 99//103 113//103
f 113//104 99//104 100//104
f 113//105 100//105 114//105
f 114//106 100//106 101//106
f 114//107 101//107 115//107
f 116//108 102//108 117//108
f 117//109 102//109 103//109
f 117//110 103//110 118//110
f 118//111 103//111 104//111
f 118//112 104//112 119//112
f 119//113 104//113 105//113
f 119//114 105//114 120//114
f 120//115 105//115 106//115
f 120//116 106//116 121//116
f 121//117 106//117 107//117
f 121//118 107//118 122//118
f 122//119 107//119 108//119
f 122//120 108//120 123//120
f 123//121 108//121 109//121
f 123//122 109//122 124//122
f 124//123 109//123 110//123
f 124//124 110//124 125//124
f 126//125 111//125 127//125
f 127//126 111//126 112//126
f 127//127 112//127 128//127
f 128//128 112//128 113//128
f 128//129 113//129 129//129
f 129//130 113//130 114//130
f 129//131 114//131 130//131
f 130//132 114//132 115//132
f 130//133 115//133 131//133
f 132//134 116//134 133//134
f 133//135 116//135 117//135
f 133//136 117//136 134//136
f 134//137 117//137 118//137
f 134//138 118//138 135//138
f 135//139 118//139 119//139
f 135//140 119//140 136//140
f 136//141 119//141 120//141
f 136//142 120//142 137//142
f 137//143 120//143 121//143
f 137//144 121//144 138//144
f 138//145 121//145 122//145
f 138//146 122//146 139//146
f 139//147 122//147 123//147
f 139//148 123//148 140//148
f 140//149 123//149 124//149
f 140//150 124//150 141//150
f 141//151 124//151 125//151
f 141//152 125//152 142//152
f 143//153 126//153 144//153
f 144//154 126//154 127//154
f 144//155 127//155 145//155
f 145//156 127//156 128//156
f 145//157 128//157 146//157
f 146//158 128//158 129//158
f 146//159 129//159 147//159
f 147//160 129//160 130//160
f 147//161 130//161 148//161
f 148//162 130//162 131//162
f 148//163 131//163 149//163
f 150//164 132//164 151//164
f 151//165 132//165 133//165
f 151//166 133//166 152//166
f 152//167 133//167 134//167
f 152//168 134//168 153//168
f 153//169 134//169 135//169
f 153//170 135//170 154//170
f 154//171 135//171 136//171
f 154//172 136//172 155//172
f 155//173 136//173 137//173
f 155//174 137//174 156//174
f 156//175 137//175 138//175
f 156//176 138//176 157//176
f 157//177 138//177 139//177
f 157//178 139//178 158//178
f 158//179 139//179 140//179
f 158//180 140//180 159//180
f 159//181 140//181 141//181
f 159//182 141//182 160//182
f 160//183 141//183 142//183
f 160//184 142//184 161//184
f 162//185 143//185 163//185
f 163//186 143//186 144//186
f 163//187 144//187 164//187
f 164//188 144//188 145//188
f 164//189 145//189 165//189
f 165//190 145//190 146//190
f 165//191 146//191 166//191
f 166//192 146//192 147//192
f 166//193 147//193 167//193
f 167//194 147//194 148//194
f 167//195 148//195 168//195
f 168//196 148//196 149//196
f 168//197 149//197 169//197
f 170//198 150//198 171//198
f 171//199 150//199 151//199
f 171//200 151//200 172//200
f 172//201 151//201 152//201
f 172//202 152//202 173//202
f 173//203 152//203 153//203
f 173//204 153//204 174//204
f 174//205 153//205 154//205
f 174//206 154//206 175//206
f 175//207 154//207 155//207
f 175//208 155//208 176//208
f 176//209 155//209 156//209
f 176//210 156//210 177//210
f 177//211 156//211 157//211
f 177//212 157//212 178//212
f 178//213 157//213 158//213
f 178//214 158//214 179//214
f 179//215 158//215 159//215
f 179//216 159//216 180//216
f 180//217 159//217 160//217
f 180//218 160//218 181//218
f 181//219 160//219 161//219
f 181//220 161//220 182//220
f 183//221 162//221 184//221
f 184//222 162//222 163//222
f 184//223 163//223 185//223
f 185//224 163//224 164//224
f 185//225 164//225 186//225
f 186//226 164//226 165//226
f 186//227 165//227 187//227
f 187//228 165//228 166//228
f 187//229 166//229 188//229
f 188//230 166//230 167//230
f 188//231 167//231 189//231
f 189//232 167//232 168//232
f 189//233 168//233 190//233
f 190//234 168//234 169//234
f 190//235 169//235 191//235
f 192//236 170//236 193//236
f 193//237 170//237 171//237
f 193//238 171//238 194//238
f 194//239 171//239 172//239
f 194//240 172//240 195//240
f 195//241 172//241 173//241
f 195//242 173//242 196//242
f 196//243 173//243 174//243
f 196//244 174//244 197//244
f 197//245 174//245 175//245
f 197//246 175//246 198//246
f 198//247 175//247 176//247
f 198//248 176//248 199//248
f 199//249 176//249 177//249
f 199//250 177//250 200//250
f 200//251 177//251 178//251
f 200//252 178//252 201//252
f 201//253 178//253 179//253
f 201//254 179//254 202//254
f 202//255 179//255 180//255
f 202//256 180//256 203//256
f 203//257 180//257 181//257
f 203//258 181//258 204//258
f 204//259 181//259 182//259
f 204//260 182//260 205//260
f 206//261 183//261 207//261
f 207//262 183//262 184//262
f 207//263 184//263 208//263
f 208//264 184//264 185//264
f 208//265 185//265 209//265
f 209//266 185//266 186//266
f 209//267 186//267 210//267
f 210//268 186//268 187//268
f 210//269 187//269 211//269
f 211//270 187//270 188//270
f 211//271 188//271 212//271
f 212//272 188//272 189//272
f 212//273 189//273 213//273
f 213//274 189//274 190//274
f 213//275 190//275 214//275
f 214//276 190//276 191//276
f 214//277 191//277 215//277
f 216//278 192//278 217//278
f 217//279 192//279 193//279
f 217//280 193//280 218//280
f 218//281 193//281 194//281
f 218//282 194//282 219//282
f 219//283 194//283 195//283
f 219//284 195//284 220//284
f 220//285 195//285 196//285
f 220//286 196//286 221//286
f 221//287 196//287 197//287
f 221//288 197//288 222//288
f 222//289 197//289 198//289
f 222//290 198//290 223//290
f 223//291 198//291 199//291
f 223//292 199//292 224//292
f 224//293 199//293 200//293
f 224//294 200//294 225//294
f 225//295 200//295 201//295
f 225//296 201//296 226//296
f 226//297 201//297 202//297
f 226//298 202//298 227//298
f 227//299 202//299 203//299
f 227//300 203//300 228//300
f 228//301 203//301 204//301
f 228//302 204//302 229//302
f 229//303 204//303 205//303
f 229//304 205//304 230//304
f 231//305 206//305 232//305
f 232//306 206//306 207//306
f 232//307 207//307 233//307
f 233//308 207//308 208//308
f 233//309 208//309 234//309
f 234//310 208//310 209//310
f 234//311 209//311 235//311
f 235//312 209//312 210//312
f 235//313 210//313 236//313
f 236//314 210//314 211//314
f 236//315 211//315 237//315
f 237//316 211//316 212//316
f 237//317 212//317 238//317
f 238//318 212//318 213//318
f 238//319 213//319 239//319
f 239//320 213//320 214//320
f 239//321 214//321 240//321
f 240//322 214//322 215//322
f 240//323 215//323 241//323
f 242//324 216//324 243//324
f 243//325 216//325 217//325
f 243//326 217//326 244//326
f 244//327 217//327 218//327
f 244//328 218//328 245//328
f 245//329 218//329 219//329
f 245//330 219//330 246//330
f 246//331 219//331 220//331
f 246//332 220//332 247//332
f 247//333 220//333 221//333
f 247//334 221//334 248//334
f 248//335 221//335 222//335
f 248//336 222//336 249//336
f 249//337 222//337 223//337
f 249//338 223//338 250//338
f 250//339 223//339 224//339
f 250//340 224//340 251//340
f 251//341 224//341 225//341
f 251//342 225//342 252//342
f 252//343 225//343 226//343
f 252//344 226//344 253//344
f 253//345 226//345 227//345
f 253//346 227//346 254//346
f 254//347 227//347 228//347
f 254//348 228//348 255//348
f 255//349 228//349 229//349
f 255//350 229//350 256//350
f 256//351 229//351 230//351
f 256//352 230//352 257//352
f 258//353 231//353 259//353
f 259//354 231//354 232//354
f 259//355 232//355 260//355
f 260//356 232//356 233//356
f 260//357 233//357 261//357
f 261//358 233//358 234//358
f 261//359 234//359 262//359
f 262//360 234//360 235//360
f 262//361 235//361 263//361
f 263//362 235//362 236//362
f 263//363 236//363 264//363
f 264//364 236//364 237//364
f 264//365 237//365 265//365
f 265//366 237//366 238//366
f 265//367 238//367 266//367
f 266//368 238//368 239//368
f 266//369 239//369 267//369
f 267//370 239//370 240//370
f 267//371 240//371 268//371
f 268//372 240//372 241//372
f 268//373 241//373 269//373
f 270//374 242//374 271//374
f 271//375 242//375 243//375
f 271//376 243//376 272//376
f 272//377 243//377 244//377
f 272//378 244//378 273//378
f 273//379 244//379 245//379
f 273//380 245//380 274//380
f 274//381 245//381 246//381
f 274//382 246//382 275//382
f 275//383 246//383 247//383
f 275//384 247//384 276//384
f 276//385 247//385 248//385
f 276//386 248//386 277//386
f 277//387 248//387 249//387
f 277//388 249//388 278//388
f 278//389 249//389 250//389
f 278//390 250//390 279//390
f 279//391 250//391 251//391
f 279//392 251//392 280//392
f 280//393 251//393 252//393
f 280//394 252//394 281//394
f 281//395 252//395 253//395
f 281//396 253//396 282//396
f 282//397 253//397 254//397
f 282//398 254//398 283//398
f 283//399 254//399 255//399
f 283//400 255//400 284//400
f 284//401 255//401 256//401
f 284//402 256//402 285//402
f 285//403 256//403 257//403
f 285//404 257//404 286//404
f 287//405 258//405 288//405
f 288//406 258//406 259//406
f 288//407 259//407 289//407
f 289//408 259//408 260//408
f 289//409 260//409 290//409
f 290//410 260//410 261//410
f 290//411 261//411 291//411
f 291//412 261//412 262//412
f 291//413 262//413 292//413
f 292//414 262//414 263//414
f 292//415 263//415 293//415
f 293//416 263//416 264//416
f 293//417 264//417 294//417
f 294//418 264//418 265//418
f 294//419 265//419 295//419
f 295//420 265//420 266//420
f 295//421 266//421 296//421
f 296//422 266//422 267//422
f 296//423 267//423 297//423
f 297//424 267//424 268//424
f 297//425 268//425 298//425
f 298//426 268//426 269//426
f 298//427 269//427 299//427
f 300//428 270//428 301//428
f 301//429 270//429 271//429
f 301//430 271//430 302//430
f 302//431 271//431 272//431
f 302//432 272//432 303//432
f 303//433 272//433 273//433
f 303//434 273//434 304//434
f 304//435 273//435 274//435
f 304//436 274//436 305//436
f 305//437 274//437 275//437
f 305//438 275//438 306//438
f 306//439 275//439 276//439
f 306//440 276//440 307//440
f 307//441 276//441 277//441
f 307//442 277//442 308//442
f 308//443 277//443 278//443
f 308//444 278//444 309//444
f 309//445 278//445 279//445
f 309//446 279//446 310//446
f 310//447 279//447 280//447
f 310//448 280//448 311//448
f 311//449 280//449 281//449
f 311//450 281//450 312//450
f 312//451 281//451 282//451
f 312//452 282//452 313//452
f 313//453 282//453 283//453
f 313//454 283//454 314//454
f 314//455 283//455 284//455
f 314//456 284//456 315//456
f 315//457 284//457 285//457
f 315//458 285//458 316//458
f 316//459 285//459 286//459
f 316//460 286//460 317//460
f 318//461 287//461 319//461
f 319//462 287//462 288//462
f 319//463 288//463 320//463
f 320//464 288//464 289//464
f 320//465 289//465 321//465
f 321//466 289//466 290//466
f 321//467 290//467 322//467
f 322//468 290//468 291//468
f 322//469 291//469 323//469
f 323//470 291//470 292//470
f 323//471 292//471 324//471
f 324//472 292//472 293//472
f 324//473 293//473 325//473
f 325//474 293//474 294//474
f 325//475 294//475 326//475
f 326//476 294//476 295//476
f 326//477 295//477 327//477
f 327//478 295//478 296//478
f 327//479 296//479 328//479
f 328//480 296//480 297//480
f 328//481 297//481 329//481
f 329//482 297//482 298//482
f 329//483 298//483 330//483
f 330//484 298//484 299//484
f 330//485 299//485 331//485
f 332//486 300//486 333//486
f 333//487 300//487 301//487
f 333//488 301//488 334//488
f 334//489 301//489 302//489
f 334//490 302//490 335//490
f 335//491 302//491 303//491
f 335//492 303//492 336//492
f 336//493 303//493 304//493
f 336//494 304//494 337//494
f 337//495 304//495 305//495
f 337//496 305//496 338//496
f 338//497 305//497 306//497
f 338//498 306//498 339//498
f 339//499 306//499 307//499
f 339//500 307//500 340//500
f 340//501 307//501 308//501
f 340//502 308//502 341//502
f 341//503 308//503 309//503
f 341//504 309//504 342//504
f 342//505 309//505 310//505
f 342//506 310//506 343//506
f 343//507 310//507 311//507
f 343//508 311//508 344//508
f 344//509 311//509 312//509
f 344//510 312//510 345//510
f 345//511 312//511 313//511
f 345//512 313//512 346//512
f 346//513 313//513 314//513
f 346//514 314//514 347//514
f 347//515 314//515 315//515
f 347//516 315//516 348//516
f 348//517 315//517 316//517
f 348//518 316//518 59//518
f 59//519 316//519 317//519
f 59//520 317//520 60//520
f 349//521 318//521 350//521
f 350//522 318//522 319//522
f 350//523 319//523 351//523
f 351//524 319//524 320//524
f 351//525 320//525 352//525
f 352//526 320//526 321//526
f 352//527 321//527 353//527
f 353//528 321//528 322//528
f 353//529 322//529 354//529
f 354//530 322//530 323//530
f 354//531 323//531 355//531
f 355//532 323//532 324//532
f 355//533 324//533 356//533
f 356//534 324//534 325//534
f 356//535 325//535 357//535
f 357//536 325//536 326//536
f 357//537 326//537 358//537
f 358//538 326//538 327//538
f 358//539 327//539 359//539
f 359//540 327//540 328//540
f 359//541 328//541 360//541
f 360//542 328//542 329//542
f 360//543 329//543 361//543
f 361//544 329//544 330//544
f 361//545 330//545 362//545
f 362//546 330//546 331//546
f 362//547 331//547 363//547
f 364//548 332//548 365//548
f 365//549 332//549 333//549
f 365//550 333//550 366//550
f 366//551 333//551 334//551
f 366//552 334//552 367//552
f 367//553 334//553 335//553
f 367//554 335//554 368//554
f 368//555 335//555 336//555
f 368//556 336//556 369//556
f 369//557 336//557 337//557
f 369//558 337//558 370//558
f 370//559 337//559 338//559
f 370//560 338//560 371//560
f 371//561 338//561 339//561
f 371//562 339//562 372//562
f 372//563 339//563 340//563
f 372//564 340//564 373//564
f 373//565 340//565 341//565
f 373//566 341//566 374//566
f 374//567 341//567 342//567
f 374//568 342//568 375//568
f 375//569 342//569 343//569
f 375//570 343//570 376//570
f 376//571 343//571 344//571
f 376//572 344//572 377//572
f 377//573 344//573 345//573
f 377//574 345//574 378//574
f 378//575 345//575 346//575
f 378//576 346//576 379//576
f 379//577 346//577 347//577
f 379//578 347//578 380//578
f 380//579 347//579 348//579
f 380//580 348//580 381//580
f 381//581 348//581 59//581
f 381//582 59//582 382//582
f 382//583 59//583 61//583
f 382//29 61//29 28//29
f 383//584 349//584 384//584
f 384//585 349//585 350//585
f 384//586 350//586 385//586
f 385//587 350//587 351//587
f 385//588 351//588 386//588
f 386//589 351//589 352//589
f 386//590 352//590 387//590
f 387//591 352//591 353//591
f 387//592 353//592 388//592
f 388//593 353//593 354//593
f 388//594 354//594 389//594
f 389//595 354//595 355//595
f 389//596 355//596 390//596
f 390//597 355//597 356//597
f 390//598 356//598 391//598
f 391//599 356//599 357//599
f 391//600 357//600 392//600
f 392//601 357//601 358//601
f 392//602 358//602 393//602
f 393//603 358//603 359//603
f 393//604 359//604 394//604
f 394//605 359//605 360//605
f 394//606 360//606 395//606
f 395//607 360//607 361//607
f 395//608 361//608 396//608
f 396//609 361//609 362//609
f 396//610 362//610 397//610
f 397//611 362//611 363//611
f 397//612 363//612 398//612
f 399//613 400//613 401//613
f 401//614 400//614 402//614
f 401//615 402//615 403//615
f 403//616 402//616 404//616
f 403//617 404//617 405//617
f 405//618 404//618 406//618
f 405//619 406//619 407//619
f 407//620 406//620 408//620
f 407//621 408//621 409//621
f 409//622 408//622 410//622
f 409//623 410//623 411//623
f 411//624 410//624 412//624
f 411//625 412//625 413//625
f 413//626 412//626 414//626
f 413//627 414//627 415//627
f 415//628 414//628 416//628
f 415//629 416//629 417//629
f 417//630 416//630 418//630
f 417//631 418//631 419//631
f 419//632 418//632 420//632
f 419//633 420//633 421//633
f 421//634 420//634 422//634
f 421//635 422//635 423//635
f 423//636 422//636 424//636
f 423//637 424//637 425//637
f 425//638 424//638 426//638
f 425//639 426//639 427//639
f 427//640 426//640 428//640
f 427//641 428//641 429//641
f 429//642 428//642 430//642
f 429//643 430//643 431//643
f 431//644 430//644 432//644
f 431//645 432//645 433//645
f 433//646 432//646 434//646
f 433//647 434//647 435//647
f 435//648 434//648 436//648
f 435//649 436//649 437//649
f 437//650 436//650 438//650
f 437//651 438//651 439//651
f 439//652 438//652 440//652
f 5//653 52//653 6//653
f 6//654 52//654 441//654
f 6//655 441//655 442//655
f 442//656 441//656 443//656
f 442//657 443//657 444//657
f 444//658 443//658 445//658
f 444//659 445//659 446//659
f 446//660 445//660 447//660
f 446//661 447//661 448//661
f 448//662 447//662 449//662
f 448//663 449//663 450//663
f 450//664 449//664 451//664
f 450//665 451//665 452//665
f 452//666 451//666 453//666
f 452//667 453//667 454//667
f 454//668 453//668 455//668
f 454//669 455//669 456//669
f 456//670 455//670 457//670
f 456//671 457//671 458//671
f 458//672 457//672 459//672
f 458//673 459//673 460//673
f 460//674 459//674 461//674
f 460//675 461//675 462//675
f 462//676 461//676 463//676
f 462//677 463//677 464//677
f 464//678 463//678 465//678
f 464//679 465//679 466//679
f 466//680 465//680 467//680
f 466//681 467//681 468//681
f 468//682 467//682 469//682
f 468//683 469//683 470//683
f 470//684 469//684 471//684
f 470//685 471//685 472//685
f 472//686 471//686 473//686
f 472//687 473//687 474//687
f 474//688 473//688 475//688
f 474//689 475//689 476//689
f 476//690 475//690 477//690
f 476//691 477//691 478//691
f 50//692 51//692 52//692
f 52//693 51//693 479//693
f 52//694 479//694 441//694
f 441//695 479//695 480//695
f 441//696 480//696 443//696
f 443//697 480//697 481//697
f 443//698 481//698 445//698
f 445//699 481//699 482//699
f 445//700 482//700 447//700
f 447//701 482//701 483//701
f 447//702 483//702 449//702
f 449//703 483//703 484//703
f 449//704 484//704 451//704
f 451//705 484//705 485//705
f 451//706 485//706 453//706
f 453//707 485//707 486//707
f 453//708 486//708 455//708
f 455//709 486//709 487//709
f 455//710 487//710 457//710
f 457//711 487//711 488//711
f 457//712 488//712 459//712
f 459//713 488//713 489//713
f 459//714 489//714 461//714
f 461//715 489//715 490//715
f 461//716 490//716 463//716
f 463//717 490//717 491//717
f 463//718 491//718 465//718
f 465//719 491//719 492//719
f 465//720 492//720 467//720
f 467//721 492//721 493//721
f 467//722 493//722 469//722
f 469//723 493//723 494//723
f 469//724 494//724 471//724
f 471//725 494//725 495//725
f 471//726 495//726 473//726
f 473//727 495//727 496//727
f 473//728 496//728 475//728
f 475//729 496//729 497//729
f 475//730 497//730 477//730
f 48//731 49//731 51//731
f 51//732 49//732 498//732
f 51//733 498//733 479//733
f 479//734 498//734 499//734
f 479//735 499//735 480//735
f 480//736 499//736 500//736
f 480//737 500//737 481//737
f 481//738 500//738 501//738
f 481//739 501//739 482//739
f 482//740 501//740 502//740
f 482//741 502//741 483//741
f 483//742 502//742 503//742
f 483//743 503//743 484//743
f 484//744 503//744 504//744
f 484//745 504//745 485//745
f 485//746 504//746 505//746
f 485//747 505//747 486//747
f 486//748 505//748 506//748
f 486//749 506//749 487//749
f 487//750 506//750 507//750
f 487//751 507//751 488//751
f 488//752 507//752 508//752
f 488//753 508//753 489//753
f 489//754 508//754 509//754
f 489//755 509//755 490//755
f 490//756 509//756 510//756
f 490//757 510//757 491//757
f 491//758 510//758 511//758
f 491//759 511//759 492//759
f 492//760 511//760 512//760
f 492//761 512//761 493//761
f 493//762 512//762 513//762
f 493//763 513//763 494//763
f 494//764 513//764 514//764
f 494//765 514//765 495//765
f 495//766 514//766 515//766
f 495//767 515//767 496//767
f 496//768 515//768 516//768
f 496//769 516//769 497//769
f 46//770 47//770 49//770
f 49//771 47//771 517//771
f 49//772 517//772 498//772
f 498//773 517//773 518//773
f 498//774 518//774 499//774
f 499//775 518//775 519//775
f 499//776 519//776 500//776
f 500//777 519//777 520//777
f 500//778 520//778 501//778
f 501//779 520//779 521//779
f 501//780 521//780 502//780
f 502//781 521//781 522//781
f 502//782 522//782 503//782
f 503//783 522//783 523//783
f 503//784 523//784 504//784
f 504//785 523//785 524//785
f 504//786 524//786 505//786
f 505//787 524//787 525//787
f 505//788 525//788 506//788
f 506//789 525//789 526//789
f 506//790 526//790 507//790
f 507//791 526//791 527//791
f 507//792 527//792 508//792
f 508//793 527//793 528//793
f 508//794 528//794 509//794
f 509//795 528//795 529//795
f 509//796 529//796 510//796
f 510//797 529//797 530//797
f 510//798 530//798 511//798
f 511//799 530//799 531//799
f 511//800 531//800 512//800
f 512//801 531//801 532//801
f 512//802 532//802 513//802
f 513//803 532//803 533//803
f 513//804 533//804 514//804
f 514//805 533//805 534//805
f 514//806 534//806 515//806
f 515//807 534//807 535//807
f 515//808 535//808 516//808
f 44//809 45//809 47//809
f 47//810 45//810 536//810
f 47//811 536//811 517//811
f 517//812 536//812 537//812
f 517//813 537//813 518//813
f 518//814 537//814 538//814
f 518//815 538//815 519//815
f 519//816 538//816 539//816
f 519//817 539//817 520//817
f 520//818 539//818 540//818
f 520//819 540//819 521//819
f 521//820 540//820 541//820
f 521//821 541//821 522//821
f 522//822 541//822 542//822
f 522//823 542//823 523//823
f 523//824 542//824 543//824
f 523//825 543//825 524//825
f 524//826 543//826 544//826
f 524//827 544//827 525//827
f 525//828 544//828 545//828
f 525//829 545//829 526//829
f 526//830 545//830 546//830
f 526//831 546//831 527//831
f 527//832 546//832 547//832
f 527//833 547//833 528//833
f 528//834 547//834 548//834
f 528//835 548//835 529//835
f 529//836 548//836 549//836
f 529//837 549//837 530//837
f 530//838 549//838 550//838
f 530//839 550//839 531//839
f 531//840 550//840 551//840
f 531//841 551//841 532//841
f 532//842 551//842 552//842
f 532//843 552//843 533//843
f 533//844 552//844 553//844
f 533//845 553//845 534//845
f 534//846 553//846 554//846
f 534//847 554//847 535//847
f 42//848 43//848 45//848
f 45//849 43//849 555//849
f 45//850 555//850 536//850
f 536//851 555//851 556//851
f 536//852 556//852 537//852
f 537//853 556//853 557//853
f 537//854 557//854 538//854
f 538//855 557//855 558//855
f 538//856 558//856 539//856
f 539//857 558//857 559//857
f 539//858 559//858 540//858
f 540//859 559//859 560//859
f 540//860 560//860 541//860
f 541//861 560//861 561//861
f 541//862 561//862 542//862
f 542//863 561//863 562//863
f 542//864 562//864 543//864
f 543//865 562//865 563//865
f 543//866 563//866 544//866
f 544//867 563//867 564//867
f 544//868 564//868 545//868
f 545//869 564//869 565//869
f 545//870 565//870 546//870
f 546//871 565//871 566//871
f 546//872 566//872 547//872
f 547//873 566//873 567//873
f 547//874 567//874 548//874
f 548//875 567//875 568//875
f 548//876 568//876 549//876
f 549//877 568//877 569//877
f 549//878 569//878 550//878
f 550//879 569//879 570//879
f 550//880 570//880 551//880
f 551//881 570//881 571//881
f 551//882 571//882 552//882
f 552//883 571//883 572//883
f 552//884 572//884 553//884
f 553//885 572//885 573//885
f 553//886 573//886 554//886
f 40//887 41//887 43//887
f 43//888 41//888 574//888
f 43//889 574//889 555//889
f 555//890 574//890 575//890
f 555//891 575//891 556//891
f 556//892 575//892 576//892
f 556//893 576//893 557//893
f 557//894 576//894 577//894
f 557//895 577//895 558//895
f 558//896 577//896 578//896
f 558//897 578//897 559//897
f 559//898 578//898 579//898
f 559//899 579//899 560//899
f 560//900 579//900 580//900
f 560//901 580//901 561//901
f 561//902 580//902 581//902
f 561//903 581//903 562//903
f 562//904 581//904 582//904
f 562//905 582//905 563//905
f 563//906 582//906 583//906
f 563//907 583//907 564//907
f 564//908 583//908 584//908
f 564//909 584//909 565//909
f 565//910 584//910 585//910
f 565//911 585//911 566//911
f 566//912 585//912 586//912
f 566//913 586//913 567//913
f 567//914 586//914 587//914
f 567//915 587//915 568//915
f 568//916 587//916 588//916
f 568//917 588//917 569//917
f 569//918 588//918 589//918
f 569//919 589//919 570//919
f 570//920 589//920 590//920
f 570//921 590//921 571//921
f 571//922 590//922 591//922
f 571//923 591//923 572//923
f 572//924 591//924 592//924
f 572//925 592//925 573//925
f 38//926 39//926 41//926
f 41//927 39//927 593//927
f 41//928 593//928 574//928
f 574//929 593//929 594//929
f 574//930 594//930 575//930
f 575//931 594//931 595//931
f 575//932 595//932 576//932
f 576//933 595//933 596//933
f 576//934 596//934 577//934
f 577//935 596//935 597//935
f 577//936 597//936 578//936
f 578//937 597//937 598//937
f 578//938 598//938 579//938
f 579//939 598//939 599//939
f 579//940 599//940 580//940
f 580//941 599//941 600//941
f 580//942 600//942 581//942
f 581//943 600//943 601//943
f 581//944 601//944 582//944
f 582//945 601//945 602//945
f 582//946 602//946 583//946
f 583//947 602//947 603//947
f 583//948 603//948 584//948
f 584//949 603//949 604//949
f 584//950 604//950 585//950
f 585//951 604//951 605//951
f 585//952 605//952 586//952
f 586//953 605//953 606//953
f 586//954 606//954 587//954
f 587//955 606//955 607//955
f 587//956 607//956 588//956
f 588//957 607//957 608//957
f 588//958 608//958 589//958
f 589//959 608//959 609//959
f 589//960 609//960 590//960
f 590//961 609//961 610//961
f 590//962 610//962 591//962
f 591//963 610//963 611//963
f 591//964 611//964 592//964
f 36//965 37//965 39//965
f 39//966 37//966 612//966
f 39//967 612//967 593//967
f 593//968 612//968 613//968
f 593//969 613//969 594//969
f 594//970 613//970 614//970
f 594//971 614//971 595//971
f 595//972 614//972 615//972
f 595//973 615//973 596//973
f 596//974 615//974 616//974
f 596//975 616//975 597//975
f 597//976 616//976 617//976
f 597//977 617//977 598//977
f 598//978 617//978 618//978
f 598//979 618//979 599//979
f 599//980 618//980 619//980
f 599//981 619//981 600//981
f 600//982 619//982 620//982
f 600//983 620//983 601//983
f 601//984 620//984 621//984
f 601//985 621//985 602//985
f 602//986 621//986 622//986
f 602//987 622//987 603//987
f 603//988 622//988 623//988
f 603//989 623//989 604//989
f 604//990 623//990 624//990
f 604//991 624//991 605//991
f 605//992 624//992 625//992
f 605//993 625//993 606//993
f 606//994 625//994 626//994
f 606//995 626//995 607//995
f 607//996 626//996 627//996
f 607//997 627//997 608//997
f 608//998 627//998 628//998
f 608//999 628//999 609//999
f 609//1000 628//1000 629//1000
f 609//1001 629//1001 610//1001
f 610//1002 629//1002 630//1002
f 610//1003 630//1003 611//1003
f 33//1004 35//1004 37//1004
f 37//1005 35//1005 631//1005
f 37//1006 631//1006 612//1006
f 612//1007 631//1007 632//1007
f 612//1008 632//1008 613//1008
f 613//1009 632//1009 633//1009
f 613//1010 633//1010 614//1010
f 614//1011 633//1011 634//1011
f 614//1012 634//1012 615//1012
f 615//1013 634//1013 635//1013
f 615//1014 635//1014 616//1014
f 616//1015 635//1015 636//1015
f 616//1016 636//1016 617//1016
f 617//1017 636//1017 637//1017
f 617//1018 637//1018 618//1018
f 618//1019 637//1019 638//1019
f 618//1020 638//1020 619//1020
f 619//1021 638//1021 639//1021
f 619//1022 639//1022 620//1022
f 620//1023 639//1023 640//1023
f 620//1024 640//1024 621//1024
f 621//1025 640//1025 641//1025
f 621//1026 641//1026 622//1026
f 622//1027 641//1027 642//1027
f 622//1028 642//1028 623//1028
f 623//1029 642//1029 643//1029
f 623//1030 643//1030 624//1030
f 624//1031 643//1031 644//1031
f 624//1032 644//1032 625//1032
f 625//1033 644//1033 645//1033
f 625//1034 645//1034 626//1034
f 626//1035 645//1035 646//1035
f 626//1036 646//1036 627//1036
f 627//1037 646//1037 647//1037
f 627//1038 647//1038 628//1038
f 628//1039 647//1039 648//1039
f 628//1040 648//1040 629//1040
f 629//1041 648//1041 649//1041
f 629//1042 649//1042 630//1042
f 34//1043 650//1043 35//1043
f 35//1044 650//1044 651//1044
f 35//1045 651//1045 631//1045
f 631//1046 651//1046 652//1046
f 631//1047 652//1047 632//1047
f 632//1048 652//1048 653//1048
f 632//1049 653//1049 633//1049
f 633//1050 653//1050 654//1050
f 633//1051 654//1051 634//1051
f 634//1052 654//1052 655//1052
f 634//1053 655//1053 635//1053
f 635//1054 655//1054 656//1054
f 635//1055 656//1055 636//1055
f 636//1056 656//1056 657//1056
f 636//1057 657//1057 637//1057
f 637//1058 657//1058 658//1058
f 637//1059 658//1059 638//1059
f 638//1060 658//1060 659//1060
f 638//1061 659//1061 639//1061
f 639//1062 659//1062 660//1062
f 639//1063 660//1063 640//1063
f 640//1064 660//1064 661//1064
f 640//1065 661//1065 641//1065
f 641//1066 661//1066 662//1066
f 641//1067 662//1067 642//1067
f 642//1068 662//1068 663//1068
f 642//1069 663//1069 643//1069
f 643//1070 663//1070 664//1070
f 643//1071 664//1071 644//1071
f 644//1072 664//1072 665//1072
f 644//1073 665//1073 645//1073
f 645//1074 665//1074 666//1074
f 645//1075 666//1075 646//1075
f 646//1076 666//1076 667//1076
f 646//1077 667//1077 647//1077
f 647//1078 667//1078 668//1078
f 647//1079 668//1079 648//1079
f 648//1080 668//1080 669//1080
f 648//1081 669//1081 649//1081
f 650//1082 670//1082 651//1082
f 651//1083 670//1083 671//1083
f 651//1084 671//1084 652//1084
f 652//1085 671//1085 672//1085
f 652//1086 672//1086 653//1086
f 653//1087 672//1087 673//1087
f 653//1088 673//1088 654//1088
f 654//1089 673//1089 674//1089
f 654//1090 674//1090 655//1090
f 655//1091 674//1091 675//1091
f 655//1092 675//1092 656//1092
f 656//1093 675//1093 676//1093
f 656//1094 676//1094 657//1094
f 657//1095 676//1095 677//1095
f 657//1096 677//1096 658//1096
f 658//1097 677//1097 678//1097
f 658//1098 678//1098 659//1098
f 659//1099 678//1099 679//1099
f 659//1100 679//1100 660//1100
f 660//1101 679//1101 680//1101
f 660//1102 680//1102 661//1102
f 661//1103 680//1103 681//1103
f 661//1104 681//1104 662//1104
f 662//1105 681//1105 682//1105
f 662//1106 682//1106 663//1106
f 663//1107 682//1107 683//1107
f 663//1108 683//1108 664//1108
f 664//1109 683//1109 684//1109
f 664//1110 684//1110 665//1110
f 665//1111 684//1111 685//1111
f 665//1112 685//1112 666//1112
f 666//1113 685//1113 686//1113
f 666//1114 686//1114 667//1114
f 667//1115 686//1115 687//1115
f 667//1116 687//1116 668//1116
f 668//1117 687//1117 688//1117
f 668//1118 688//1118 669//1118
f 670//1119 689//1119 671//1119
f 671//1120 689//1120 690//1120
f 671//1121 690//1121 672//1121
f 672//1122 690//1122 691//1122
f 672//1123 691//1123 673//1123
f 673//1124 691//1124 692//1124
f 673//1125 692//1125 674//1125
f 674//1126 692//1126 693//1126
f 674//1127 693//1127 675//1127
f 675//1128 693//1128 694//1128
f 675//1129 694//1129 676//1129
f 676//1130 694//1130 695//1130
f 676//1131 695//1131 677//1131
f 677//1132 695//1132 696//1132
f 677//1133 696//1133 678//1133
f 678//1134 696//1134 697//1134
f 678//1135 697//1135 679//1135
f 679//1136 697//1136 698//1136
f 679//1137 698//1137 680//1137
f 680//1138 698//1138 699//1138
f 680//1139 699//1139 681//1139
f 681//1140 699//1140 700//1140
f 681//1141 700//1141 682//1141
f 682//1142 700//1142 701//1142
f 682//1143 701//1143 683//1143
f 683//1144 701//1144 702//1144
f 683//1145 702//1145 684//1145
f 684//1146 702//1146 703//1146
f 684//1147 703//1147 685//1147
f 685//1148 703//1148 704//1148
f 685//1149 704//1149 686//1149
f 686//1150 704//1150 705//1150
f 686//1151 705//1151 687//1151
f 687//1152 705//1152 706//1152
f 687//1153 706//1153 688//1153
f 689//1154 81//1154 690//1154
f 690//1155 81//1155 80//1155
f 690//1156 80//1156 691//1156
f 691//1157 80//1157 87//1157
f 691//1158 87//1158 692//1158
f 692//1159 87//1159 98//1159
f 692//1160 98//1160 693//1160
f 693//1161 98//1161 111//1161
f 693//1162 111//1162 694//1162
f 694//1163 111//1163 126//1163
f 694//1164 126//1164 695//1164
f 695//1165 126//1165 143//1165
f 695//1166 143//1166 696//1166
f 696//1167 143//1167 162//1167
f 696//1168 162//1168 697//1168
f 697//1169 162//1169 183//1169
f 697//1170 183//1170 698//1170
f 698//1171 183//1171 206//1171
f 698//1172 206//1172 699//1172
f 699//1173 206//1173 231//1173
f 699//1174 231//1174 700//1174
f 700//1175 231//1175 258//1175
f 700//1176 258//1176 701//1176
f 701//1177 258//1177 287//1177
f 701//1178 287//1178 702//1178
f 702//1179 287//1179 318//1179
f 702//1180 318//1180 703//1180
f 703//1181 318//1181 349//1181
f 703//1182 349//1182 704//1182
f 704//1183 349//1183 383//1183
f 704//1184 383//1184 705//1184
f 705//1185 383//1185 707//1185
f 705//1186 707//1186 706//1186
f 708//1187 709//1187 398//1187
f 398//1188 709//1188 710//1188
f 398//1189 710//1189 397//1189
f 397//1190 710//1190 711//1190
f 397//1191 711//1191 396//1191
f 396//1192 711//1192 712//1192
f 396//1193 712//1193 395//1193
f 395//1194 712//1194 713//1194
f 395//1195 713//1195 394//1195
f 394//1196 713//1196 714//1196
f 394//1197 714//1197 393//1197
f 393//1198 714//1198 715//1198
f 393//1199 715//1199 392//1199
f 392//1200 715//1200 716//1200
f 392//1201 716//1201 391//1201
f 391//1202 716//1202 717//1202
f 391//1203 717//1203 390//1203
f 390//1204 717//1204 718//1204
f 390//1205 718//1205 389//1205
f 389//1206 718//1206 719//1206
f 389//1207 719//1207 388//1207
f 388//1208 719//1208 720//1208
f 388//1209 720//1209 387//1209
f 387//1210 720//1210 721//1210
f 387//1211 721//1211 386//1211
f 386//1212 721//1212 722//1212
f 386//1213 722//1213 385//1213
f 385//1214 722//1214 723//1214
f 385//1215 723//1215 384//1215
f 384//1216 723//1216 724//1216
f 384//1217 724//1217 383//1217
f 383//1218 724//1218 725//1218
f 383//1186 725//1186 707//1186
f 34//1219 726//1219 650//1219
f 650//1220 726//1220 727//1220
f 650//1221 727//1221 670//1221
f 670//1222 727//1222 728//1222
f 670//1223 728//1223 689//1223
f 689//1224 728//1224 729//1224
f 689//1225 729//1225 81//1225
f 81//1226 729//1226 730//1226
f 81//1227 730//1227 79//1227
f 79//1228 730//1228 731//1228
f 79//1229 731//1229 89//1229
f 89//1230 731//1230 732//1230
f 89//1231 732//1231 101//1231
f 101//1232 732//1232 733//1232
f 101//1233 733//1233 115//1233
f 115//1234 733//1234 734//1234
f 115//1235 734//1235 131//1235
f 131//1236 734//1236 735//1236
f 131//1237 735//1237 149//1237
f 149//1238 735//1238 736//1238
f 149//1239 736//1239 169//1239
f 169//1240 736//1240 737//1240
f 169//1241 737//1241 191//1241
f 191//1242 737//1242 738//1242
f 191//1243 738//1243 215//1243
f 215//1244 738//1244 739//1244
f 215//1245 739//1245 241//1245
f 241//1246 739//1246 740//1246
f 241//1247 740//1247 269//1247
f 269//1248 740//1248 741//1248
f 269//1249 741//1249 299//1249
f 299//1250 741//1250 742//1250
f 299//1251 742//1251 331//1251
f 331//1252 742//1252 743//1252
f 331//1253 743//1253 363//1253
f 363//1254 743//1254 744//1254
f 363//1255 744//1255 398//1255
f 398//1256 744//1256 745//1256
f 398//1257 745//1257 708//1257
f 708//1258 745//1258 746//1258
f 726//1259 30//1259 727//1259
f 727//1260 30//1260 32//1260
f 727//1261 32//1261 728//1261
f 728//1262 32//1262 747//1262
f 728//1263 747//1263 729//1263
f 729//1264 747//1264 748//1264
f 729//1265 748//1265 730//1265
f 730//1266 748//1266 749//1266
f 730//1267 749//1267 731//1267
f 731//1268 749//1268 750//1268
f 731//1269 750//1269 732//1269
f 732//1270 750//1270 751//1270
f 732//1271 751//1271 733//1271
f 733//1272 751//1272 752//1272
f 733//1273 752//1273 734//1273
f 734//1274 752//1274 753//1274
f 734//1275 753//1275 735//1275
f 735//1276 753//1276 754//1276
f 735//1277 754//1277 736//1277
f 736//1278 754//1278 755//1278
f 736//1279 755//1279 737//1279
f 737//1280 755//1280 756//1280
f 737//1281 756//1281 738//1281
f 738//1282 756//1282 757//1282
f 738//1283 757//1283 739//1283
f 739//1284 757//1284 758//1284
f 739//1285 758//1285 740//1285
f 740//1286 758//1286 759//1286
f 740//1287 759//1287 741//1287
f 741//1288 759//1288 760//1288
f 741//1289 760//1289 742//1289
f 742//1290 760//1290 761//1290
f 742//1291 761//1291 743//1291
f 743//1292 761//1292 762//1292
f 743//1293 762//1293 744//1293
f 744//1294 762//1294 763//1294
f 744//1295 763//1295 745//1295
f 745//1296 763//1296 764//1296
f 745//1297 764//1297 746//1297
f 746//1298 764//1298 765//1298
f 31//1299 766//1299 32//1299
f 32//1300 766//1300 767//1300
f 32//1301 767//1301 747//1301
f 747//1302 767//1302 768//1302
f 747//1303 768//1303 748//1303
f 748//1304 768//1304 769//1304
f 748//1305 769//1305 749//1305
f 749//1306 769//1306 770//1306
f 749//1307 770//1307 750//1307
f 750//1308 770//1308 771//1308
f 750//1309 771//1309 751//1309
f 751//1310 771//1310 772//1310
f 751//1311 772//1311 752//1311
f 752//1312 772//1312 773//1312
f 752//1313 773//1313 753//1313
f 753//1314 773//1314 774//1314
f 753//1315 774//1315 754//1315
f 754//1316 774//1316 775//1316
f 754//1317 775//1317 755//1317
f 755//1318 775//1318 776//1318
f 755//1319 776//1319 756//1319
f 756//1320 776//1320 777//1320
f 756//1321 777//1321 757//1321
f 757//1322 777//1322 778//1322
f 757//1323 778//1323 758//1323
f 758//1324 778//1324 779//1324
f 758//1325 779//1325 759//1325
f 759//1326 779//1326 780//1326
f 759//1327 780//1327 760//1327
f 760//1328 780//1328 781//1328
f 760//1329 781//1329 761//1329
f 761//1330 781//1330 782//1330
f 761//1331 782//1331 762//1331
f 762//1332 782//1332 783//1332
f 762//1333 783//1333 763//1333
f 763//1334 783//1334 784//1334
f 763//1335 784//1335 764//1335
f 764//1336 784//1336 785//1336
f 764//1337 785//1337 765//1337
f 765//1338 785//1338 786//1338
f 766//1339 787//1339 767//1339
f 767//1340 787//1340 788//1340
f 767//1341 788//1341 768//1341
f 768//1342 788//1342 789//1342
f 768//1343 789//1343 769//1343
f 769//1344 789//1344 790//1344
f 769//1345 790//1345 770//1345
f 770//1346 790//1346 791//1346
f 770//1347 791//1347 771//1347
f 771//1348 791//1348 792//1348
f 771//1349 792//1349 772//1349
f 772//1350 792//1350 793//1350
f 772//1351 793//1351 773//1351
f 773//1352 793//1352 794//1352
f 773//1353 794//1353 774//1353
f 774//1354 794//1354 795//1354
f 774//1355 795//1355 775//1355
f 775//1356 795//1356 796//1356
f 775//1357 796//1357 776//1357
f 776//1358 796//1358 797//1358
f 776//1359 797//1359 777//1359
f 777//1360 797//1360 798//1360
f 777//1361 798//1361 778//1361
f 778//1362 798//1362 799//1362
f 778//1363 799//1363 779//1363
f 779//1364 799//1364 800//1364
f 779//1365 800//1365 780//1365
f 780//1366 800//1366 801//1366
f 780//1367 801//1367 781//1367
f 781//1368 801//1368 802//1368
f 781//1369 802//1369 782//1369
f 782//1370 802//1370 803//1370
f 782//1371 803//1371 783//1371
f 783//1372 803//1372 804//1372
f 783//1373 804//1373 784//1373
f 784//1374 804//1374 805//1374
f 784//1375 805//1375 785//1375
f 785//1376 805//1376 806//1376
f 785//1377 806//1377 786//1377
f 786//1378 806//1378 807//1378
f 787//1379 808//1379 788//1379
f 788//1380 808//1380 809//1380
f 788//1381 809//1381 789//1381
f 789//1382 809//1382 810//1382
f 789//1383 810//1383 790//1383
f 790//1384 810//1384 811//1384
f 790//1385 811//1385 791//1385
f 791//1386 811//1386 812//1386
f 791//1387 812//1387 792//1387
f 792//1388 812//1388 813//1388
f 792//1389 813//1389 793//1389
f 793//1390 813//1390 814//1390
f 793//1391 814//1391 794//1391
f 794//1392 814//1392 815//1392
f 794//1393 815//1393 795//1393
f 795//1394 815//1394 816//1394
f 795//1395 816//1395 796//1395
f 796//1396 816//1396 817//1396
f 796//1397 817//1397 797//1397
f 797//1398 817//1398 818//1398
f 797//1399 818//1399 798//1399
f 798//1400 818//1400 819//1400
f 798//1401 819//1401 799//1401
f 799//1402 819//1402 820//1402
f 799//1403 820//1403 800//1403
f 800//1404 820//1404 821//1404
f 800//1405 821//1405 801//1405
f 801//1406 821//1406 822//1406
f 801//1407 822//1407 802//1407
f 802//1408 822//1408 823//1408
f 802//1409 823//1409 803//1409
f 803//1410 823//1410 824//1410
f 803//1411 824//1411 804//1411
f 804//1412 824//1412 825//1412
f 804//1413 825//1413 805//1413
f 805//1414 825//1414 826//1414
f 805//1415 826//1415 806//1415
f 806//1416 826//1416 827//1416
f 806//1417 827//1417 807//1417
f 807//1418 827//1418 828//1418
f 808//1419 829//1419 809//1419
f 809//1420 829//1420 830//1420
f 809//1421 830//1421 810//1421
f 810//1422 830//1422 831//1422
f 810//1423 831//1423 811//1423
f 811//1424 831//1424 832//1424
f 811//1425 832//1425 812//1425
f 812//1426 832//1426 833//1426
f 812//1427 833//1427 813//1427
f 813//1428 833//1428 834//1428
f 813//1429 834//1429 814//1429
f 814//1430 834//1430 835//1430
f 814//1431 835//1431 815//1431
f 815//1432 835//1432 836//1432
f 815//1433 836//1433 816//1433
f 816//1434 836//1434 837//1434
f 816//1435 837//1435 817//1435
f 817//1436 837//1436 838//1436
f 817//1437 838//1437 818//1437
f 818//1438 838//1438 839//1438
f 818//1439 839//1439 819//1439
f 819//1440 839//1440 840//1440
f 819//1441 840//1441 820//1441
f 820//1442 840//1442 841//1442
f 820//1443 841//1443 821//1443
f 821//1444 841//1444 842//1444
f 821//1445 842//1445 822//1445
f 822//1446 842//1446 843//1446
f 822//1447 843//1447 823//1447
f 823//1448 843//1448 844//1448
f 823//1449 844//1449 824//1449
f 824//1450 844//1450 845//1450
f 824//1451 845//1451 825//1451
f 825//1452 845//1452 846//1452
f 825//1453 846//1453 826//1453
f 826//1454 846//1454 847//1454
f 826//1455 847//1455 827//1455
f 827//1456 847//1456 848//1456
f 827//1457 848//1457 828//1457
f 828//1458 848//1458 849//1458
f 829//1459 850//1459 830//1459
f 830//1460 850//1460 851//1460
f 830//1461 851//1461 831//1461
f 831//1462 851//1462 852//1462
f 831//1463 852//1463 832//1463
f 832//1464 852//1464 853//1464
f 832//1465 853//1465 833//1465
f 833//1466 853//1466 854//1466
f 833//1467 854//1467 834//1467
f 834//1468 854//1468 855//1468
f 834//1469 855//1469 835//1469
f 835//1470 855//1470 856//1470
f 835//1471 856//1471 836//1471
f 836//1472 856//1472 857//1472
f 836//1473 857//1473 837//1473
f 837//1474 857//1474 858//1474
f 837//1475 858//1475 838//1475
f 838//1476 858//1476 859//1476
f 838//1477 859//1477 839//1477
f 839//1478 859//1478 860//1478
f 839//1479 860//1479 840//1479
f 840//1480 860//1480 861//1480
f 840//1481 861//1481 841//1481
f 841//1482 861//1482 862//1482
f 841//1483 862//1483 842//1483
f 842//1484 862//1484 863//1484
f 842//1485 863//1485 843//1485
f 843//1486 863//1486 864//1486
f 843//1487 864//1487 844//1487
f 844//1488 864//1488 865//1488
f 844//1489 865//1489 845//1489
f 845//1490 865//1490 866//1490
f 845//1491 866//1491 846//1491
f 846//1492 866//1492 867//1492
f 846//1493 867//1493 847//1493
f 847//1494 867//1494 868//1494
f 847//1495 868//1495 848//1495
f 848//1496 868//1496 869//1496
f 848//1497 869//1497 849//1497
f 849//1498 869//1498 870//1498
f 850//1499 871//1499 851//1499
f 851//1500 871//1500 872//1500
f 851//1501 872//1501 852//1501
f 852//1502 872//1502 873//1502
f 852//1503 873//1503 853//1503
f 853//1504 873//1504 874//1504
f 853//1505 874//1505 854//1505
f 854//1506 874//1506 875//1506
f 854//1507 875//1507 855//1507
f 855//1508 875//1508 876//1508
f 855//1509 876//1509 856//1509
f 856//1510 876//1510 877//1510
f 856//1511 877//1511 857//1511
f 857//1512 877//1512 878//1512
f 857//1513 878//1513 858//1513
f 858//1514 878//1514 879//1514
f 858//1515 879//1515 859//1515
f 859//1516 879//1516 880//1516
f 859//1517 880//1517 860//1517
f 860//1518 880//1518 881//1518
f 860//1519 881//1519 861//1519
f 861//1520 881//1520 882//1520
f 861//1521 882//1521 862//1521
f 862//1522 882//1522 883//1522
f 862//1523 883//1523 863//1523
f 863//1524 883//1524 884//1524
f 863//1525 884//1525 864//1525
f 864//1526 884//1526 885//1526
f 864//1527 885//1527 865//1527
f 865//1528 885//1528 886//1528
f 865//1529 886//1529 866//1529
f 866//1530 886//1530 887//1530
f 866//1531 887//1531 867//1531
f 867//1532 887//1532 888//1532
f 867//1533 888//1533 868//1533
f 868//1534 888//1534 889//1534
f 868//1535 889//1535 869//1535
f 869//1536 889//1536 890//1536
f 869//1537 890//1537 870//1537
f 870//1538 890//1538 891//1538
f 871//1539 892//1539 872//1539
f 872//1540 892//1540 893//1540
f 872//1541 893//1541 873//1541
f 873//1542 893//1542 894//1542
f 873//1543 894//1543 874//1543
f 874//1544 894//1544 895//1544
f 874//1545 895//1545 875//1545
f 875//1546 895//1546 896//1546
f 875//1547 896//1547 876//1547
f 876//1548 896//1548 897//1548
f 876//1549 897//1549 877//1549
f 877//1550 897//1550 898//1550
f 877//1551 898//1551 878//1551
f 878//1552 898//1552 899//1552
f 878//1553 899//1553 879//1553
f 879//1554 899//1554 900//1554
f 879//1555 900//1555 880//1555
f 880//1556 900//1556 901//1556
f 880//1557 901//1557 881//1557
f 881//1558 901//1558 902//1558
f 881//1559 902//1559 882//1559
f 882//1560 902//1560 903//1560
f 882//1561 903//1561 883//1561
f 883//1562 903//1562 904//1562
f 883//1563 904//1563 884//1563
f 884//1564 904//1564 905//1564
f 884//1565 905//1565 885//1565
f 885//1566 905//1566 906//1566
f 885//1567 906//1567 886//1567
f 886//1568 906//1568 907//1568
f 886//1569 907//1569 887//1569
f 887//1570 907//1570 908//1570
f 887//1571 908//1571 888//1571
f 888//1572 908//1572 909//1572
f 888//1573 909//1573 889//1573
f 889//1574 909//1574 910//1574
f 889//1575 910//1575 890//1575
f 890//1576 910//1576 911//1576
f 890//1577 911//1577 891//1577
f 891//1578 911//1578 912//1578
f 892//1579 399//1579 893//1579
f 893//1580 399//1580 401//1580
f 893//1581 401//1581 894//1581
f 894//1582 401//1582 403//1582
f 894//1583 403//1583 895//1583
f 895//1584 403//1584 405//1584
f 895//1585 405//1585 896//1585
f 896//1586 405//1586 407//1586
f 896//1587 407//1587 897//1587
f 897//1588 407//1588 409//1588
f 897//1589 409//1589 898//1589
f 898//1590 409//1590 411//1590
f 898//1591 411//1591 899//1591
f 899//1592 411//1592 413//1592
f 899//1593 413//1593 900//1593
f 900//1594 413//1594 415//1594
f 900//1595 415//1595 901//1595
f 901//1596 415//1596 417//1596
f 901//1597 417//1597 902//1597
f 902//1598 417//1598 419//1598
f 902//1599 419//1599 903//1599
f 903//1600 419//1600 421//1600
f 903//1601 421//1601 904//1601
f 904//1602 421//1602 423//1602
f 904//1603 423//1603 905//1603
f 905//1604 423//1604 425//1604
f 905//1605 425//1605 906//1605
f 906//1606 425//1606 427//1606
f 906//1607 427//1607 907//1607
f 907//1608 427//1608 429//1608
f 907//1609 429//1609 908//1609
f 908//1610 429//1610 431//1610
f 908//1611 431//1611 909//1611
f 909//1612 431//1612 433//1612
f 909//1613 433//1613 910//1613
f 910//1614 433//1614 435//1614
f 910//1615 435//1615 911//1615
f 911//1616 435//1616 437//1616
f 911//1617 437//1617 912//1617
f 912//1618 437//1618 439//1618
f 913//652 440//652 364//652
f 364//1619 440//1619 438//1619
f 364//1620 438//1620 332//1620
f 332//1621 438//1621 436//1621
f 332//1622 436//1622 300//1622
f 300//1623 436//1623 434//1623
f 300//1624 434//1624 270//1624
f 270//1625 434//1625 432//1625
f 270//1626 432//1626 242//1626
f 242//1627 432//1627 430//1627
f 242//1628 430//1628 216//1628
f 216//1629 430//1629 428//1629
f 216//1630 428//1630 192//1630
f 192//1631 428//1631 426//1631
f 192//1632 426//1632 170//1632
f 170//1633 426//1633 424//1633
f 170//1634 424//1634 150//1634
f 150//1635 424//1635 422//1635
f 150//1636 422//1636 132//1636
f 132//1637 422//1637 420//1637
f 132//1638 420//1638 116//1638
f 116//1639 420//1639 418//1639
f 116//1640 418//1640 102//1640
f 102//1641 418//1641 416//1641
f 102//1642 416//1642 90//1642
f 90//1643 416//1643 414//1643
f 90//1644 414//1644 82//1644
f 82//1645 414//1645 412//1645
f 82//1646 412//1646 73//1646
f 73//1647 412//1647 410//1647
f 73//1648 410//1648 68//1648
f 68//1649 410//1649 408//1649
f 68//1650 408//1650 64//1650
f 64//1651 408//1651 406//1651
f 64//1652 406//1652 3//1652
f 3//1653 406//1653 404//1653
f 3//1654 404//1654 1//1654
f 1//1655 404//1655 402//1655
f 1//1656 402//1656 55//1656
f 55//1657 402//1657 400//1657
f 28//1658 29//1658 382//1658
f 382//1659 29//1659 914//1659
f 382//1660 914//1660 381//1660
f 381//1661 914//1661 915//1661
f 381//1662 915//1662 380//1662
f 380//1663 915//1663 916//1663
f 380//1664 916//1664 379//1664
f 379//1665 916//1665 917//1665
f 379//1666 917//1666 378//1666
f 378//1667 917//1667 918//1667
f 378//1668 918//1668 377//1668
f 377//1669 918//1669 919//1669
f 377//1670 919//1670 376//1670
f 376//1671 919//1671 920//1671
f 376//1672 920//1672 375//1672
f 375//1673 920//1673 921//1673
f 375//1674 921//1674 374//1674
f 374//1675 921//1675 922//1675
f 374//1676 922//1676 373//1676
f 373//1677 922//1677 923//1677
f 373//1678 923//1678 372//1678
f 372//1679 923//1679 924//1679
f 372//1680 924//1680 371//1680
f 371//1681 924//1681 925//1681
f 371//1682 925//1682 370//1682
f 370//1683 925//1683 926//1683
f 370//1684 926//1684 369//1684
f 369//1685 926//1685 927//1685
f 369//1686 927//1686 368//1686
f 368//1687 927//1687 928//1687
f 368//1688 928//1688 367//1688
f 367//1689 928//1689 929//1689
f 367//1690 929//1690 366//1690
f 366//1691 929//1691 930//1691
f 366//1692 930//1692 365//1692
f 365//1693 930//1693 931//1693
f 365//1694 931//1694 364//1694
f 364//1695 931//1695 932//1695
f 364//1696 932//1696 913//1696
f 26//1697 27//1697 29//1697
f 29//1698 27//1698 933//1698
f 29//1699 933//1699 914//1699
f 914//1700 933//1700 934//1700
f 914//1701 934//1701 915//1701
f 915//1702 934//1702 935//1702
f 915//1703 935//1703 916//1703
f 916//1704 935//1704 936//1704
f 916//1705 936//1705 917//1705
f 917//1706 936//1706 937//1706
f 917//1707 937//1707 918//1707
f 918//1708 937//1708 938//1708
f 918//1709 938//1709 919//1709
f 919//1710 938//1710 939//1710
f 919//1711 939//1711 920//1711
f 920//1712 939//1712 940//1712
f 920//1713 940//1713 921//1713
f 921//1714 940//1714 941//1714
f 921//1715 941//1715 922//1715
f 922//1716 941//1716 942//1716
f 922//1717 942//1717 923//1717
f 923//1718 942//1718 943//1718
f 923//1719 943//1719 924//1719
f 924//1720 943//1720 944//1720
f 924//1721 944//1721 925//1721
f 925//1722 944//1722 945//1722
f 925//1723 945//1723 926//1723
f 926//1724 945//1724 946//1724
f 926//1725 946//1725 927//1725
f 927//1726 946//1726 947//1726
f 927//1727 947//1727 928//1727
f 928//1728 947//1728 948//1728
f 928//1729 948//1729 929//1729
f 929//1730 948//1730 949//1730
f 929//1731 949//1731 930//1731
f 930//1732 949//1732 950//1732
f 930//1733 950//1733 931//1733
f 931//1734 950//1734 951//1734
f 931//1735 951//1735 932//1735
f 24//1736 25//1736 27//1736
f 27//1737 25//1737 952//1737
f 27//1738 952//1738 933//1738
f 933//1739 952//1739 953//1739
f 933//1740 953//1740 934//1740
f 934//1741 953//1741 954//1741
f 934//1742 954//1742 935//1742
f 935//1743 954//1743 955//1743
f 935//1744 955//1744 936//1744
f 936//1745 955//1745 956//1745
f 936//1746 956//1746 937//1746
f 937//1747 956//1747 957//1747
f 937//1748 957//1748 938//1748
f 938//1749 957//1749 958//1749
f 938//1750 958//1750 939//1750
f 939//1751 958//1751 959//1751
f 939//1752 959//1752 940//1752
f 940//1753 959//1753 960//1753
f 940//1754 960//1754 941//1754
f 941//1755 960//1755 961//1755
f 941//1756 961//1756 942//1756
f 942//1757 961//1757 962//1757
f 942//1758 962//1758 943//1758
f 943//1759 962//1759 963//1759
f 943//1760 963//1760 944//1760
f 944//1761 963//1761 964//1761
f 944//1762 964//1762 945//1762
f 945//1763 964//1763 965//1763
f 945//1764 965//1764 946//1764
f 946//1765 965//1765 966//1765
f 946//1766 966//1766 947//1766
f 947//1767 966//1767 967//1767
f 947//1768 967//1768 948//1768
f 948//1769 967//1769 968//1769
f 948//1770 968//1770 949//1770
f 949//1771 968//1771 969//1771
f 949//1772 969//1772 950//1772
f 950//1773 969//1773 970//1773
f 950//1774 970//1774 951//1774
f 22//1775 23//1775 25//1775
f 25//1776 23//1776 971//1776
f 25//1777 971//1777 952//1777
f 952//1778 971//1778 972//1778
f 952//1779 972//1779 953//1779
f 953//1780 972//1780 973//1780
f 953//1781 973//1781 954//1781
f 954//1782 973//1782 974//1782
f 954//1783 974//1783 955//1783
f 955//1784 974//1784 975//1784
f 955//1785 975//1785 956//1785
f 956//1786 975//1786 976//1786
f 956//1787 976//1787 957//1787
f 957//1788 976//1788 977//1788
f 957//1789 977//1789 958//1789
f 958//1790 977//1790 978//1790
f 958//1791 978//1791 959//1791
f 959//1792 978//1792 979//1792
f 959//1793 979//1793 960//1793
f 960//1794 979//1794 980//1794
f 960//1795 980//1795 961//1795
f 961//1796 980//1796 981//1796
f 961//1797 981//1797 962//1797
f 962//1798 981//1798 982//1798
f 962//1799 982//1799 963//1799
f 963//1800 982//1800 983//1800
f 963//1801 983//1801 964//1801
f 964//1802 983//1802 984//1802
f 964//1803 984//1803 965//1803
f 965//1804 984//1804 985//1804
f 965//1805 985//1805 966//1805
f 966//1806 985//1806 986//1806
f 966//1807 986//1807 967//1807
f 967//1808 986//1808 987//1808
f 967//1809 987//1809 968//1809
f 968//1810 987//1810 988//1810
f 968//1811 988//1811 969//1811
f 969//1812 988//1812 989//1812
f 969//1813 989//1813 970//1813
f 20//1814 21//1814 23//1814
f 23//1815 21//1815 990//1815
f 23//1816 990//1816 971//1816
f 971//1817 990//1817 991//1817
f 971//1818 991//1818 972//1818
f 972//1819 991//1819 992//1819
f 972//1820 992//1820 973//1820
f 973//1821 992//1821 993//1821
f 973//1822 993//1822 974//1822
f 974//1823 993//1823 994//1823
f 974//1824 994//1824 975//1824
f 975//1825 994//1825 995//1825
f 975//1826 995//1826 976//1826
f 976//1827 995//1827 996//1827
f 976//1828 996//1828 977//1828
f 977//1829 996//1829 997//1829
f 977//1830 997//1830 978//1830
f 978//1831 997//1831 998//1831
f 978//1832 998//1832 979//1832
f 979//1833 998//1833 999//1833
f 979//1834 999//1834 980//1834
f 980//1835 999//1835 1000//1835
f 980//1836 1000//1836 981//1836
f 981//1837 1000//1837 1001//1837
f 981//1838 1001//1838 982//1838
f 982//1839 1001//1839 1002//1839
f 982//1840 1002//1840 983//1840
f 983//1841 1002//1841 1003//1841
f 983//1842 1003//1842 984//1842
f 984//1843 1003//1843 1004//1843
f 984//1844 1004//1844 985//1844
f 985//1845 1004//1845 1005//1845
f 985//1846 1005//1846 986//1846
f 986//1847 1005//1847 1006//1847
f 986//1848 1006//1848 987//1848
f 987//1849 1006//1849 1007//1849
f 987//1850 1007//1850 988//1850
f 988//1851 1007//1851 1008//1851
f 988//1852 1008//1852 989//1852
f 18//1853 19//1853 21//1853
f 21//1854 19//1854 1009//1854
f 21//1855 1009//1855 990//1855
f 990//1856 1009//1856 1010//1856
f 990//1857 1010//1857 991//1857
f 991//1858 1010//1858 1011//1858
f 991//1859 1011//1859 992//1859
f 992//1860 1011//1860 1012//1860
f 992//1861 1012//1861 993//1861
f 993//1862 1012//1862 1013//1862
f 993//1863 1013//1863 994//1863
f 994//1864 1013//1864 1014//1864
f 994//1865 1014//1865 995//1865
f 995//1866 1014//1866 1015//1866
f 995//1867 1015//1867 996//1867
f 996//1868 1015//1868 1016//1868
f 996//1869 1016//1869 997//1869
f 997//1870 1016//1870 1017//1870
f 997//1871 1017//1871 998//1871
f 998//1872 1017//1872 1018//1872
f 998//1873 1018//1873 999//1873
f 999//1874 1018//1874 1019//1874
f 999//1875 1019//1875 1000//1875
f 1000//1876 1019//1876 1020//1876
f 1000//1877 1020//1877 1001//1877
f 1001//1878 1020//1878 1021//1878
f 1001//1879 1021//1879 1002//1879
f 1002//1880 1021//1880 1022//1880
f 1002//1881 1022//1881 1003//1881
f 1003//1882 1022//1882 1023//1882
f 1003//1883 1023//1883 1004//1883
f 1004//1884 1023//1884 1024//1884
f 1004//1885 1024//1885 1005//1885
f 1005//1886 1024//1886 1025//1886
f 1005//1887 1025//1887 1006//1887
f 1006//1888 1025//1888 1026//1888
f 1006//1889 1026//1889 1007//1889
f 1007//1890 1026//1890 1027//1890
f 1007//1891 1027//1891 1008//1891
f 16//1892 17//1892 19//1892
f 19//1893 17//1893 1028//1893
f 19//1894 1028//1894 1009//1894
f 1009//1895 1028//1895 1029//1895
f 1009//1896 1029//1896 1010//1896
f 1010//1897 1029//1897 1030//1897
f 1010//1898 1030//1898 1011//1898
f 1011//1899 1030//1899 1031//1899
f 1011//1900 1031//1900 1012//1900
f 1012//1901 1031//1901 1032//1901
f 1012//1902 1032//1902 1013//1902
f 1013//1903 1032//1903 1033//1903
f 1013//1904 1033//1904 1014//1904
f 1014//1905 1033//1905 1034//1905
f 1014//1906 1034//1906 1015//1906
f 1015//1907 1034//1907 1035//1907
f 1015//1908 1035//1908 1016//1908
f 1016//1909 1035//1909 1036//1909
f 1016//1910 1036//1910 1017//1910
f 1017//1911 1036//1911 1037//1911
f 1017//1912 1037//1912 1018//1912
f 1018//1913 1037//1913 1038//1913
f 1018//1914 1038//1914 1019//1914
f 1019//1915 1038//1915 1039//1915
f 1019//1916 1039//1916 1020//1916
f 1020//1917 1039//1917 1040//1917
f 1020//1918 1040//1918 1021//1918
f 1021//1919 1040//1919 1041//1919
f 1021//1920 1041//1920 1022//1920
f 1022//1921 1041//1921 1042//1921
f 1022//1922 1042//1922 1023//1922
f 1023//1923 1042//1923 1043//1923
f 1023//1924 1043//1924 1024//1924
f 1024//1925 1043//1925 1044//1925
f 1024//1926 1044//1926 1025//1926
f 1025//1927 1044//1927 1045//1927
f 1025//1928 1045//1928 1026//1928
f 1026//1929 1045//1929 1046//1929
f 1026//1930 1046//1930 1027//1930
f 14//1931 15//1931 17//1931
f 17//1932 15//1932 1047//1932
f 17//1933 1047//1933 1028//1933
f 1028//1934 1047//1934 1048//1934
f 1028//1935 1048//1935 1029//1935
f 1029//1936 1048//1936 1049//1936
f 1029//1937 1049//1937 1030//1937
f 1030//1938 1049//1938 1050//1938
f 1030//1939 1050//1939 1031//1939
f 1031//1940 1050//1940 1051//1940
f 1031//1941 1051//1941 1032//1941
f 1032//1942 1051//1942 1052//1942
f 1032//1943 1052//1943 1033//1943
f 1033//1944 1052//1944 1053//1944
f 1033//1945 1053//1945 1034//1945
f 1034//1946 1053//1946 1054//1946
f 1034//1947 1054//1947 1035//1947
f 1035//1948 1054//1948 1055//1948
f 1035//1949 1055//1949 1036//1949
f 1036//1950 1055//1950 1056//1950
f 1036//1951 1056//1951 1037//1951
f 1037//1952 1056//1952 1057//1952
f 1037//1953 1057//1953 1038//1953
f 1038//1954 1057//1954 1058//1954
f 1038//1955 1058//1955 1039//1955
f 1039//1956 1058//1956 1059//1956
f 1039//1957 1059//1957 1040//1957
f 1040//1958 1059//1958 1060//1958
f 1040//1959 1060//1959 1041//1959
f 1041//1960 1060//1960 1061//1960
f 1041//1961 1061//1961 1042//1961
f 1042//1962 1061//1962 1062//1962
f 1042//1963 1062//1963 1043//1963
f 1043//1964 1062//1964 1063//1964
f 1043//1965 1063//1965 1044//1965
f 1044//1966 1063//1966 1064//1966
f 1044//1967 1064//1967 1045//1967
f 1045//1968 1064//1968 1065//1968
f 1045//1969 1065//1969 1046//1969
f 12//1970 13//1970 15//1970
f 15//1971 13//1971 1066//1971
f 15//1972 1066//1972 1047//1972
f 1047//1973 1066//1973 1067//1973
f 1047//1974 1067//1974 1048//1974
f 1048//1975 1067//1975 1068//1975
f 1048//1976 1068//1976 1049//1976
f 1049//1977 1068//1977 1069//1977
f 1049//1978 1069//1978 1050//1978
f 1050//1979 1069//1979 1070//1979
f 1050//1980 1070//1980 1051//1980
f 1051//1981 1070//1981 1071//1981
f 1051//1982 1071//1982 1052//1982
f 1052//1983 1071//1983 1072//1983
f 1052//1984 1072//1984 1053//1984
f 1053//1985 1072//1985 1073//1985
f 1053//1986 1073//1986 1054//1986
f 1054//1987 1073//1987 1074//1987
f 1054//1988 1074//1988 1055//1988
f 1055//1989 1074//1989 1075//1989
f 1055//1990 1075//1990 1056//1990
f 1056//1991 1075//1991 1076//1991
f 1056//1992 1076//1992 1057//1992
f 1057//1993 1076//1993 1077//1993
f 1057//1994 1077//1994 1058//1994
f 1058//1995 1077//1995 1078//1995
f 1058//1996 1078//1996 1059//1996
f 1059//1997 1078//1997 1079//1997
f 1059//1998 1079//1998 1060//1998
f 1060//1999 1079//1999 1080//1999
f 1060//2000 1080//2000 1061//2000
f 1061//2001 1080//2001 1081//2001
f 1061//2002 1081//2002 1062//2002
f 1062//2003 1081//2003 1082//2003
f 1062//2004 1082//2004 1063//2004
f 1063//2005 1082//2005 1083//2005
f 1063//2006 1083//2006 1064//2006
f 1064//2007 1083//2007 1084//2007
f 1064//2008 1084//2008 1065//2008
f 9//2009 11//2009 13//2009
f 13//2010 11//2010 1085//2010
f 13//2011 1085//2011 1066//2011
f 1066//2012 1085//2012 1086//2012
f 1066//2013 1086//2013 1067//2013
f 1067//2014 1086//2014 1087//2014
f 1067//2015 1087//2015 1068//2015
f 1068//2016 1087//2016 1088//2016
f 1068//2017 1088//2017 1069//2017
f 1069//2018 1088//2018 1089//2018
f 1069//2019 1089//2019 1070//2019
f 1070//2020 1089//2020 1090//2020
f 1070//2021 1090//2021 1071//2021
f 1071//2022 1090//2022 1091//2022
f 1071//2023 1091//2023 1072//2023
f 1072//2024 1091//2024 1092//2024
f 1072//2025 1092//2025 1073//2025
f 1073//2026 1092//2026 1093//2026
f 1073//2027 1093//2027 1074//2027
f 1074//2028 1093//2028 1094//2028
f 1074//2029 1094//2029 1075//2029
f 1075//2030 1094//2030 1095//2030
f 1075//2031 1095//2031 1076//2031
f 1076//2032 1095//2032 1096//2032
f 1076//2033 1096//2033 1077//2033
f 1077//2034 1096//2034 1097//2034
f 1077//2035 1097//2035 1078//2035
f 1078//2036 1097//2036 1098//2036
f 1078//2037 1098//2037 1079//2037
f 1079//2038 1098//2038 1099//2038
f 1079//2039 1099//2039 1080//2039
f 1080//2040 1099//2040 1100//2040
f 1080//2041 1100//2041 1081//2041
f 1081//2042 1100//2042 1101//2042
f 1081//2043 1101//2043 1082//2043
f 1082//2044 1101//2044 1102//2044
f 1082//2045 1102//2045 1083//2045
f 1083//2046 1102//2046 1103//2046
f 1083//2047 1103//2047 1084//2047
f 10//2048 63//2048 11//2048
f 11//2049 63//2049 1104//2049
f 11//2050 1104//2050 1085//2050
f 1085//2051 1104//2051 1105//2051
f 1085//2052 1105//2052 1086//2052
f 1086//2053 1105//2053 1106//2053
f 1086//2054 1106//2054 1087//2054
f 1087//2055 1106//2055 1107//2055
f 1087//2056 1107//2056 1088//2056
f 1088//2057 1107//2057 1108//2057
f 1088//2058 1108//2058 1089//2058
f 1089//2059 1108//2059 1109//2059
f 1089//2060 1109//2060 1090//2060
f 1090//2061 1109//2061 1110//2061
f 1090//2062 1110//2062 1091//2062
f 1091//2063 1110//2063 1111//2063
f 1091//2064 1111//2064 1092//2064
f 1092//2065 1111//2065 1112//2065
f 1092//2066 1112//2066 1093//2066
f 1093//2067 1112//2067 1113//2067
f 1093//2068 1113//2068 1094//2068
f 1094//2069 1113//2069 1114//2069
f 1094//2070 1114//2070 1095//2070
f 1095//2071 1114//2071 1115//2071
f 1095//2072 1115//2072 1096//2072
f 1096//2073 1115//2073 1116//2073
f 1096//2074 1116//2074 1097//2074
f 1097//2075 1116//2075 1117//2075
f 1097//2076 1117//2076 1098//2076
f 1098//2077 1117//2077 1118//2077
f 1098//2078 1118//2078 1099//2078
f 1099//2079 1118//2079 1119//2079
f 1099//2080 1119//2080 1100//2080
f 1100//2081 1119//2081 1120//2081
f 1100//2082 1120//2082 1101//2082
f 1101//2083 1120//2083 1121//2083
f 1101//2084 1121//2084 1102//2084
f 1102//2085 1121//2085 1122//2085
f 1102//2086 1122//2086 1103//2086
f 1123//2087 1124//2087 1125//2087
f 7//2088 8//2088 63//2088
f 63//2089 8//2089 1126//2089
f 63//2090 1126//2090 1104//2090
f 1104//2091 1126//2091 1127//2091
f 1104//2092 1127//2092 1105//2092
f 1105//2093 1127//2093 1128//2093
f 1105//2094 1128//2094 1106//2094
f 1106//2095 1128//2095 1129//2095
f 1106//2096 1129//2096 1107//2096
f 1107//2097 1129//2097 1130//2097
f 1107//2098 1130//2098 1108//2098
f 1108//2099 1130//2099 1131//2099
f 1108//2100 1131//2100 1109//2100
f 1109//2101 1131//2101 1132//2101
f 1109//2102 1132//2102 1110//2102
f 1110//2103 1132//2103 1133//2103
f 1110//2104 1133//2104 1111//2104
f 1111//2105 1133//2105 1134//2105
f 1111//2106 1134//2106 1112//2106
f 1112//2107 1134//2107 1135//2107
f 1112//2108 1135//2108 1113//2108
f 1113//2109 1135//2109 1136//2109
f 1113//2110 1136//2110 1114//2110
f 1114//2111 1136//2111 1137//2111
f 1114//2112 1137//2112 1115//2112
f 1115//2113 1137//2113 1138//2113
f 1115//2114 1138//2114 1116//2114
f 1116//2115 1138//2115 1139//2115
f 1116//2116 1139//2116 1117//2116
f 1117//2117 1139//2117 1140//2117
f 1117//2118 1140//2118 1118//2118
f 1118//2119 1140//2119 1141//2119
f 1118//2120 1141//2120 1119//2120
f 1119//2121 1141//2121 1142//2121
f 1119//2122 1142//2122 1120//2122
f 1120//2123 1142//2123 1123//2123
f 1120//2124 1123//2124 1121//2124
f 1121//2125 1123//2125 1125//2125
f 1121//2126 1125//2126 1122//2126
f 4//2127 6//2127 8//2127
f 8//2128 6//2128 442//2128
f 8//2129 442//2129 1126//2129
f 1126//2130 442//2130 444//2130
f 1126//2131 444//2131 1127//2131
f 1127//2132 444//2132 446//2132
f 1127//2133 446//2133 1128//2133
f 1128//2134 446//2134 448//2134
f 1128//2135 448//2135 1129//2135
f 1129//2136 448//2136 450//2136
f 1129//2137 450//2137 1130//2137
f 1130//2138 450//2138 452//2138
f 1130//2139 452//2139 1131//2139
f 1131//2140 452//2140 454//2140
f 1131//2141 454//2141 1132//2141
f 1132//2142 454//2142 456//2142
f 1132//2143 456//2143 1133//2143
f 1133//2144 456//2144 458//2144
f 1133//2145 458//2145 1134//2145
f 1134//2146 458//2146 460//2146
f 1134//2147 460//2147 1135//2147
f 1135//2148 460//2148 462//2148
f 1135//2149 462//2149 1136//2149
f 1136//2150 462//2150 464//2150
f 1136//2151 464//2151 1137//2151
f 1137//2152 464//2152 466//2152
f 1137//2153 466//2153 1138//2153
f 1138//2154 466//2154 468//2154
f 1138//2155 468//2155 1139//2155
f 1139//2156 468//2156 470//2156
f 1139//2157 470//2157 1140//2157
f 1140//2158 470//2158 472//2158
f 1140//2159 472//2159 1141//2159
f 1141//2160 472//2160 474//2160
f 1141//2161 474//2161 1142//2161
f 1142//2162 474//2162 476//2162
f 1142//2163 476//2163 1123//2163
f 1123//2164 476//2164 478//2164
f 1123//2165 478//2165 1124//2165
f 1143//2166 1144//2166 746//2166
f 1145//2166 1146//2166 1147//2166
f 1147//2167 1146//2167 1148//2167
f 1147//2166 1148//2166 1149//2166
f 1150//2168 1151//2168 1125//2168
f 1125//2166 1151//2166 1147//2166
f 1147//2169 1151//2169 1152//2169
f 1147//2166 1152//2166 1145//2166
f 1150//2166 1125//2166 1153//2166
f 1153//2166 1125//2166 1124//2166
f 1153//2170 1124//2170 1154//2170
f 1124//2171 478//2171 1154//2171
f 1154//2172 478//2172 477//2172
f 1154//2173 477//2173 1155//2173
f 1156//2166 1157//2166 1158//2166
f 1158//2166 1157//2166 1159//2166
f 1158//2166 1159//2166 1160//2166
f 1160//2174 1159//2174 1161//2174
f 1160//2166 1161//2166 1162//2166
f 611//2175 1163//2175 592//2175
f 592//2176 1163//2176 1164//2176
f 592//2166 1164//2166 573//2166
f 573//2177 1164//2177 1165//2177
f 573//2166 1165//2166 554//2166
f 554//2178 1165//2178 1166//2178
f 477//2179 497//2179 1155//2179
f 1155//2166 497//2166 516//2166
f 1155//2180 516//2180 1166//2180
f 1166//2166 516//2166 535//2166
f 1166//2172 535//2172 554//2172
f 649//2181 1167//2181 630//2181
f 630//2182 1167//2182 1168//2182
f 630//2166 1168//2166 611//2166
f 611//2183 1168//2183 1169//2183
f 611//2166 1169//2166 1163//2166
f 1163//2166 1169//2166 1170//2166
f 1163//2184 1170//2184 1171//2184
f 1171//2166 1170//2166 1156//2166
f 1171//2185 1156//2185 1172//2185
f 1172//2186 1156//2186 1158//2186
f 1147//2166 440//2166 1173//2166
f 1173//2166 1174//2166 1147//2166
f 1147//2187 1174//2187 1175//2187
f 1147//2166 1175//2166 1176//2166
f 1176//2188 1177//2188 1147//2188
f 1147//2166 1177//2166 1178//2166
f 1147//2166 1178//2166 1125//2166
f 1125//2189 1178//2189 1179//2189
f 1179//2166 1180//2166 1125//2166
f 1125//2190 1180//2190 1181//2190
f 1125//2166 1181//2166 1122//2166
f 1122//2191 1181//2191 1182//2191
f 1183//2166 1184//2166 932//2166
f 932//2166 1184//2166 913//2166
f 913//2192 1184//2192 1185//2192
f 913//2166 1185//2166 440//2166
f 440//2193 1185//2193 1186//2193
f 440//2194 1186//2194 1173//2194
f 1187//2166 1046//2166 1188//2166
f 1188//2166 1046//2166 1065//2166
f 1188//2166 1065//2166 1189//2166
f 1189//2166 1065//2166 1084//2166
f 1189//2166 1084//2166 1182//2166
f 1182//2166 1084//2166 1103//2166
f 1182//2195 1103//2195 1122//2195
f 1190//2196 1008//2196 1187//2196
f 1187//2197 1008//2197 1027//2197
f 1187//2198 1027//2198 1046//2198
f 932//2166 951//2166 1183//2166
f 1183//2166 951//2166 970//2166
f 1183//2199 970//2199 1190//2199
f 1190//2200 970//2200 989//2200
f 1190//2201 989//2201 1008//2201
f 1147//2202 1191//2202 1192//2202
f 746//2166 1144//2166 708//2166
f 708//2166 1144//2166 1193//2166
f 708//2166 1193//2166 709//2166
f 709//2203 1193//2203 1194//2203
f 709//2204 1194//2204 710//2204
f 1194//2205 1195//2205 710//2205
f 710//2166 1195//2166 1196//2166
f 710//2166 1196//2166 1147//2166
f 1147//2206 1196//2206 1197//2206
f 1147//2166 1197//2166 1191//2166
f 1198//2207 439//2207 1199//2207
f 1199//2166 439//2166 440//2166
f 1199//2208 440//2208 1200//2208
f 1192//2166 1201//2166 1147//2166
f 1147//2209 1201//2209 1202//2209
f 1147//2166 1202//2166 440//2166
f 440//2210 1202//2210 1203//2210
f 440//2211 1203//2211 1200//2211
f 1204//2212 870//2212 1205//2212
f 1205//2166 870//2166 891//2166
f 1205//2172 891//2172 1198//2172
f 1198//2213 891//2213 912//2213
f 1198//2214 912//2214 439//2214
f 1206//2215 828//2215 1204//2215
f 1204//2216 828//2216 849//2216
f 1204//2217 849//2217 870//2217
f 746//2166 765//2166 1143//2166
f 1143//2166 765//2166 786//2166
f 1143//2218 786//2218 1206//2218
f 1206//2219 786//2219 807//2219
f 1206//2220 807//2220 828//2220
f 1207//2166 1208//2166 710//2166
f 710//2166 1208//2166 711//2166
f 711//2221 1208//2221 1209//2221
f 711//2222 1209//2222 1210//2222
f 1211//2166 1212//2166 1213//2166
f 1213//2223 1212//2223 1214//2223
f 1213//2172 1214//2172 1215//2172
f 1215//2224 1214//2224 1147//2224
f 1215//2166 1147//2166 1162//2166
f 1162//2166 1147//2166 1149//2166
f 1162//2166 1149//2166 1160//2166
f 649//2166 669//2166 1167//2166
f 1167//2225 669//2225 688//2225
f 1167//2166 688//2166 1216//2166
f 1216//2226 688//2226 706//2226
f 1216//2172 706//2172 1217//2172
f 1217//2166 706//2166 707//2166
f 1217//2166 707//2166 1218//2166
f 1218//2166 707//2166 725//2166
f 1214//2166 1219//2166 1147//2166
f 1147//2166 1219//2166 1220//2166
f 1147//2166 1220//2166 710//2166
f 710//2227 1220//2227 1221//2227
f 710//2228 1221//2228 1207//2228
f 1210//2172 1209//2172 713//2172
f 713//2166 1209//2166 1222//2166
f 713//2229 1222//2229 714//2229
f 1211//2166 1213//2166 1223//2166
f 1223//2166 1213//2166 1224//2166
f 1223//2166 1224//2166 1225//2166
f 725//2166 724//2166 1218//2166
f 1218//2230 724//2230 723//2230
f 1218//2231 723//2231 1226//2231
f 1226//2166 723//2166 722//2166
f 1226//2166 722//2166 1227//2166
f 1227//2232 722//2232 721//2232
f 1227//2166 721//2166 1228//2166
f 1228//2233 721//2233 720//2233
f 1228//2166 720//2166 1229//2166
f 714//2166 1222//2166 715//2166
f 715//2166 1222//2166 1230//2166
f 715//2166 1230//2166 716//2166
f 716//2172 1230//2172 717//2172
f 717//2234 1230//2234 1231//2234
f 717//2166 1231//2166 718//2166
f 718//2166 1231//2166 719//2166
f 719//2235 1231//2235 1232//2235
f 719//2166 1232//2166 720//2166
f 720//2236 1232//2236 1233//2236
f 720//2237 1233//2237 1229//2237
f 1229//2238 1233//2238 1234//2238
f 1229//2239 1234//2239 1235//2239
f 1225//2240 1224//2240 1235//2240
f 1235//2166 1224//2166 1236//2166
f 1235//2166 1236//2166 1229//2166
f 1237//2241 1238//2241 9//2241
f 1239//2241 1240//2241 1241//2241
f 1242//2242 1243//2242 38//2242
f 1241//2241 1244//2241 1239//2241
f 1239//2243 1244//2243 1245//2243
f 1239//2244 1245//2244 1246//2244
f 1246//2245 1245//2245 1247//2245
f 1246//2241 1247//2241 1248//2241
f 1249//2246 4//2246 1250//2246
f 1250//2241 4//2241 7//2241
f 1250//2244 7//2244 1251//2244
f 38//2241 1243//2241 36//2241
f 1245//2241 1252//2241 1247//2241
f 1247//2241 1252//2241 1253//2241
f 1247//2241 1253//2241 7//2241
f 7//2247 1253//2247 1254//2247
f 7//2248 1254//2248 1251//2248
f 1255//2241 1256//2241 1257//2241
f 1258//2249 50//2249 1249//2249
f 1249//2244 50//2244 1259//2244
f 1249//2241 1259//2241 4//2241
f 1243//2241 1255//2241 36//2241
f 36//2241 1255//2241 1257//2241
f 36//2250 1257//2250 33//2250
f 33//2251 1257//2251 1260//2251
f 33//2241 1260//2241 34//2241
f 34//2252 1260//2252 1261//2252
f 34//2241 1261//2241 726//2241
f 726//2253 1261//2253 1262//2253
f 726//2241 1262//2241 30//2241
f 1263//2241 46//2241 1258//2241
f 1258//2241 46//2241 48//2241
f 1258//2254 48//2254 50//2254
f 38//2255 40//2255 1242//2255
f 1242//2241 40//2241 42//2241
f 1242//2256 42//2256 1263//2256
f 1263//2244 42//2244 44//2244
f 1263//2241 44//2241 46//2241
f 1240//2241 1239//2241 1264//2241
f 1264//2241 1239//2241 1265//2241
f 1264//2257 1265//2257 1266//2257
f 1266//2241 1265//2241 1267//2241
f 1266//2258 1267//2258 1256//2258
f 1256//2241 1267//2241 1268//2241
f 1256//2259 1268//2259 1257//2259
f 1269//2241 1270//2241 1247//2241
f 1247//2260 1270//2260 1271//2260
f 1272//2241 1248//2241 1273//2241
f 1273//2241 1248//2241 1247//2241
f 1273//2261 1247//2261 1274//2261
f 1274//2241 1247//2241 1271//2241
f 1275//2241 1276//2241 1277//2241
f 1278//2241 58//2241 57//2241
f 850//2262 1279//2262 871//2262
f 871//2263 1279//2263 1280//2263
f 871//2241 1280//2241 892//2241
f 1272//2241 1273//2241 1281//2241
f 1281//2264 1273//2264 1282//2264
f 1281//2241 1282//2241 1283//2241
f 1278//2265 57//2265 1284//2265
f 850//2241 829//2241 1279//2241
f 1279//2266 829//2266 808//2266
f 1279//2241 808//2241 1285//2241
f 1285//2267 808//2267 787//2267
f 1285//2244 787//2244 1286//2244
f 1286//2241 787//2241 766//2241
f 1286//2241 766//2241 1262//2241
f 1262//2241 766//2241 31//2241
f 1262//2268 31//2268 30//2268
f 1280//2269 1275//2269 892//2269
f 892//2241 1275//2241 1277//2241
f 892//2270 1277//2270 399//2270
f 399//2271 1277//2271 1287//2271
f 399//2241 1287//2241 400//2241
f 400//2272 1287//2272 1288//2272
f 400//2241 1288//2241 55//2241
f 55//2273 1288//2273 1289//2273
f 1278//2244 1290//2244 58//2244
f 58//2274 1290//2274 1291//2274
f 58//2241 1291//2241 1247//2241
f 1247//2275 1291//2275 1292//2275
f 1247//2241 1292//2241 1269//2241
f 1293//2276 53//2276 1289//2276
f 1289//2241 53//2241 54//2241
f 1289//2244 54//2244 55//2244
f 57//2277 1294//2277 1284//2277
f 1284//2244 1294//2244 72//2244
f 1284//2278 72//2278 1293//2278
f 1293//2279 72//2279 67//2279
f 1293//2241 67//2241 53//2241
f 1283//2241 1282//2241 1295//2241
f 1295//2241 1282//2241 1296//2241
f 1295//2241 1296//2241 1276//2241
f 1276//2280 1296//2280 1297//2280
f 1276//2281 1297//2281 1277//2281
f 1247//2241 1298//2241 1299//2241
f 1300//2241 97//2241 1301//2241
f 1301//2282 97//2282 58//2282
f 1301//2283 58//2283 1302//2283
f 1299//2284 1303//2284 1247//2284
f 1247//2241 1303//2241 1304//2241
f 1247//2241 1304//2241 58//2241
f 58//2285 1304//2285 1305//2285
f 58//2241 1305//2241 1302//2241
f 1306//2241 1307//2241 317//2241
f 317//2241 1307//2241 60//2241
f 60//2286 1307//2286 1308//2286
f 60//2241 1308//2241 61//2241
f 1308//2287 1309//2287 61//2287
f 61//2288 1309//2288 1310//2288
f 61//2241 1310//2241 1247//2241
f 1247//2241 1310//2241 1311//2241
f 1247//2289 1311//2289 1298//2289
f 1312//2241 161//2241 1313//2241
f 1313//2241 161//2241 142//2241
f 1313//2241 142//2241 1314//2241
f 1314//2241 142//2241 125//2241
f 1314//2241 125//2241 1300//2241
f 1300//2241 125//2241 110//2241
f 1300//2290 110//2290 97//2290
f 1315//2291 205//2291 1312//2291
f 1312//2292 205//2292 182//2292
f 1312//2293 182//2293 161//2293
f 317//2241 286//2241 1306//2241
f 1306//2241 286//2241 257//2241
f 1306//2294 257//2294 1315//2294
f 1315//2295 257//2295 230//2295
f 1315//2296 230//2296 205//2296
f 1316//2241 1317//2241 1247//2241
f 9//2241 1238//2241 10//2241
f 10//2241 1238//2241 1318//2241
f 10//2241 1318//2241 62//2241
f 62//2297 1318//2297 1319//2297
f 62//2298 1319//2298 7//2298
f 1319//2299 1320//2299 7//2299
f 7//2241 1320//2241 1321//2241
f 7//2241 1321//2241 1247//2241
f 1247//2300 1321//2300 1322//2300
f 1247//2241 1322//2241 1316//2241
f 1317//2241 1323//2241 1247//2241
f 1247//2301 1323//2301 1324//2301
f 1247//2241 1324//2241 61//2241
f 61//2302 1324//2302 1325//2302
f 1325//2303 1326//2303 61//2303
f 61//2304 1326//2304 1327//2304
f 61//2241 1327//2241 28//2241
f 28//2305 1327//2305 1328//2305
f 9//2241 12//2241 1237//2241
f 1237//2241 12//2241 14//2241
f 1237//2306 14//2306 1329//2306
f 1330//2307 22//2307 1331//2307
f 1331//2241 22//2241 24//2241
f 1331//2244 24//2244 1328//2244
f 1328//2308 24//2308 26//2308
f 1328//2309 26//2309 28//2309
f 14//2241 16//2241 1329//2241
f 1329//2310 16//2310 18//2310
f 1329//2311 18//2311 1330//2311
f 1330//2312 18//2312 20//2312
f 1330//2313 20//2313 22//2313
f 1188//2314 1237//2314 1329//2314
f 1188//2315 1329//2315 1187//2315
f 1187//2316 1329//2316 1330//2316
f 1187//2316 1330//2316 1190//2316
f 1190//2317 1330//2317 1331//2317
f 1190//2318 1331//2318 1183//2318
f 1180//2319 1179//2319 1320//2319
f 1320//2320 1179//2320 1321//2320
f 1177//2321 1176//2321 1316//2321
f 1316//2321 1176//2321 1317//2321
f 1325//2322 1324//2322 1173//2322
f 1173//2322 1324//2322 1174//2322
f 1183//2323 1331//2323 1328//2323
f 1183//2323 1328//2323 1184//2323
f 1184//2324 1328//2324 1327//2324
f 1184//2325 1327//2325 1185//2325
f 1185//2326 1327//2326 1326//2326
f 1185//2326 1326//2326 1186//2326
f 1186//2327 1326//2327 1325//2327
f 1186//2327 1325//2327 1173//2327
f 1180//2328 1320//2328 1319//2328
f 1180//2329 1319//2329 1181//2329
f 1181//2330 1319//2330 1318//2330
f 1181//2331 1318//2331 1182//2331
f 1182//2332 1318//2332 1238//2332
f 1182//2333 1238//2333 1189//2333
f 1189//2334 1238//2334 1237//2334
f 1189//2335 1237//2335 1188//2335
f 1177//2336 1316//2336 1322//2336
f 1177//2336 1322//2336 1178//2336
f 1178//2337 1322//2337 1321//2337
f 1178//2338 1321//2338 1179//2338
f 1174//2339 1324//2339 1323//2339
f 1174//2340 1323//2340 1175//2340
f 1175//2341 1323//2341 1317//2341
f 1175//2341 1317//2341 1176//2341
f 1192//2342 1191//2342 1299//2342
f 1299//2342 1191//2342 1303//2342
f 1192//2343 1299//2343 1298//2343
f 1192//2343 1298//2343 1201//2343
f 1201//2344 1298//2344 1311//2344
f 1201//2345 1311//2345 1202//2345
f 1203//2346 1202//2346 1310//2346
f 1310//2346 1202//2346 1311//2346
f 1203//2347 1310//2347 1309//2347
f 1203//2347 1309//2347 1200//2347
f 1200//2348 1309//2348 1308//2348
f 1200//2348 1308//2348 1199//2348
f 1199//2349 1308//2349 1307//2349
f 1199//2350 1307//2350 1198//2350
f 1198//2351 1307//2351 1306//2351
f 1198//2351 1306//2351 1205//2351
f 1205//2352 1306//2352 1315//2352
f 1205//2353 1315//2353 1204//2353
f 1204//2354 1315//2354 1312//2354
f 1204//2354 1312//2354 1206//2354
f 1206//2355 1312//2355 1313//2355
f 1206//2356 1313//2356 1143//2356
f 1143//2357 1313//2357 1314//2357
f 1143//2358 1314//2358 1144//2358
f 1144//2359 1314//2359 1300//2359
f 1144//2360 1300//2360 1193//2360
f 1193//2361 1300//2361 1301//2361
f 1193//2362 1301//2362 1194//2362
f 1194//2363 1301//2363 1302//2363
f 1194//2364 1302//2364 1195//2364
f 1302//2365 1305//2365 1195//2365
f 1195//2366 1305//2366 1196//2366
f 1196//2367 1305//2367 1304//2367
f 1196//2368 1304//2368 1197//2368
f 1197//2369 1304//2369 1303//2369
f 1197//2369 1303//2369 1191//2369
f 1212//2370 1211//2370 1271//2370
f 1271//2370 1211//2370 1274//2370
f 1212//2371 1271//2371 1270//2371
f 1212//2372 1270//2372 1214//2372
f 1214//2373 1270//2373 1269//2373
f 1214//2374 1269//2374 1219//2374
f 1220//2375 1219//2375 1292//2375
f 1292//2376 1219//2376 1269//2376
f 1220//2377 1292//2377 1291//2377
f 1220//2378 1291//2378 1221//2378
f 1221//2379 1291//2379 1290//2379
f 1221//2380 1290//2380 1207//2380
f 1207//2381 1290//2381 1278//2381
f 1207//2382 1278//2382 1208//2382
f 1208//2383 1278//2383 1284//2383
f 1208//2384 1284//2384 1209//2384
f 1209//2385 1284//2385 1293//2385
f 1209//2386 1293//2386 1222//2386
f 1222//2387 1293//2387 1289//2387
f 1222//2388 1289//2388 1230//2388
f 1230//2389 1289//2389 1288//2389
f 1230//2389 1288//2389 1231//2389
f 1231//2390 1288//2390 1287//2390
f 1231//2391 1287//2391 1232//2391
f 1232//2392 1287//2392 1277//2392
f 1232//2392 1277//2392 1233//2392
f 1233//2393 1277//2393 1297//2393
f 1233//2393 1297//2393 1234//2393
f 1234//2394 1297//2394 1296//2394
f 1234//2395 1296//2395 1235//2395
f 1296//2396 1282//2396 1235//2396
f 1235//2397 1282//2397 1225//2397
f 1225//2398 1282//2398 1273//2398
f 1225//2399 1273//2399 1223//2399
f 1223//2400 1273//2400 1274//2400
f 1223//2400 1274//2400 1211//2400
f 1161//2401 1246//2401 1162//2401
f 1162//2401 1246//2401 1248//2401
f 1162//2401 1248//2401 1215//2401
f 1215//2401 1248//2401 1272//2401
f 1215//2402 1272//2402 1281//2402
f 1215//2403 1281//2403 1213//2403
f 1213//2404 1281//2404 1283//2404
f 1213//2405 1283//2405 1224//2405
f 1236//2406 1224//2406 1295//2406
f 1295//2406 1224//2406 1283//2406
f 1236//2407 1295//2407 1276//2407
f 1236//2408 1276//2408 1229//2408
f 1229//2409 1276//2409 1275//2409
f 1229//2410 1275//2410 1228//2410
f 1228//2411 1275//2411 1280//2411
f 1228//2412 1280//2412 1227//2412
f 1227//2413 1280//2413 1279//2413
f 1227//2414 1279//2414 1226//2414
f 1261//2415 1167//2415 1216//2415
f 1218//2416 1226//2416 1285//2416
f 1285//2417 1226//2417 1279//2417
f 1218//2418 1285//2418 1217//2418
f 1217//2418 1285//2418 1286//2418
f 1217//2418 1286//2418 1216//2418
f 1216//2418 1286//2418 1262//2418
f 1216//2419 1262//2419 1261//2419
f 1167//2420 1261//2420 1260//2420
f 1167//2421 1260//2421 1168//2421
f 1168//2422 1260//2422 1257//2422
f 1168//2423 1257//2423 1169//2423
f 1169//2424 1257//2424 1268//2424
f 1169//2425 1268//2425 1170//2425
f 1170//2426 1268//2426 1267//2426
f 1170//2427 1267//2427 1156//2427
f 1267//2428 1265//2428 1156//2428
f 1156//2428 1265//2428 1157//2428
f 1157//2429 1265//2429 1239//2429
f 1157//2430 1239//2430 1159//2430
f 1159//2431 1239//2431 1246//2431
f 1159//2432 1246//2432 1161//2432
f 1149//2433 1148//2433 1241//2433
f 1241//2433 1148//2433 1244//2433
f 1149//2434 1241//2434 1240//2434
f 1149//2434 1240//2434 1160//2434
f 1160//2435 1240//2435 1264//2435
f 1160//2436 1264//2436 1158//2436
f 1172//2437 1158//2437 1266//2437
f 1266//2438 1158//2438 1264//2438
f 1172//2439 1266//2439 1256//2439
f 1172//2440 1256//2440 1171//2440
f 1171//2441 1256//2441 1255//2441
f 1171//2441 1255//2441 1163//2441
f 1163//2442 1255//2442 1243//2442
f 1163//2442 1243//2442 1164//2442
f 1164//2443 1243//2443 1242//2443
f 1164//2444 1242//2444 1165//2444
f 1165//2445 1242//2445 1263//2445
f 1165//2445 1263//2445 1166//2445
f 1166//2446 1263//2446 1258//2446
f 1166//2447 1258//2447 1155//2447
f 1155//2448 1258//2448 1249//2448
f 1155//2449 1249//2449 1154//2449
f 1154//2450 1249//2450 1250//2450
f 1154//2451 1250//2451 1153//2451
f 1153//2452 1250//2452 1251//2452
f 1153//2453 1251//2453 1150//2453
f 1150//2454 1251//2454 1254//2454
f 1150//2455 1254//2455 1151//2455
f 1151//2456 1254//2456 1253//2456
f 1151//2457 1253//2457 1152//2457
f 1253//2458 1252//2458 1152//2458
f 1152//2459 1252//2459 1145//2459
f 1145//2460 1252//2460 1245//2460
f 1145//2461 1245//2461 1146//2461
f 1146//2462 1245//2462 1244//2462
f 1146//2463 1244//2463 1148//2463
# Vertices: 1331, normals: 2463, texture coordinates: 0, faces: 2672

