# File generated by ImageToStl.com - Free Image and 3D model conversion tools

o obj1
v -50 37.83000183 60.13657379
v -50 37.57118225 60.10250092
v -48.43453598 37.71803665 60.13657379
v -48.4713707 37.46185303 60.10250092
v -46.90094376 37.3844223 60.13657379
v -46.97385788 37.13608932 60.10250092
v -45.43043518 36.83595276 60.13657379
v -45.53795242 36.60052109 60.10250092
v -44.05295181 36.08378983 60.13657379
v -44.19287872 35.86605453 60.10250092
v -42.79653168 35.1432457 60.13657379
v -42.96602249 34.94764328 60.10250092
v -41.68675613 34.03346634 60.13657379
v -41.88235855 33.86397934 60.10250092
v -40.74621201 32.77705002 60.13657379
v -40.96394348 32.63711929 60.10250092
v -39.99404907 31.39956474 60.13657379
v -40.22947693 31.2920475 60.10250092
v -39.44557571 29.92905807 60.13657379
v -39.69391251 29.85614014 60.10250092
v -39.11196518 28.39546394 60.13657379
v -39.3681488 28.35862923 60.10250092
v -39 26.82999992 60.13657379
v -39.25881958 26.82999992 60.10250092
v -39.60688019 28.32430649 60.00259781
v -39.5 26.82999992 60.00259781
v -39.81187439 28.29483223 59.84368134
v -39.70710754 26.82999992 59.84368134
v -39.96917343 28.27221489 59.63656998
v -39.86602402 26.82999992 59.63656998
v -40.06805801 28.25799751 59.39538956
v -39.96592712 26.82999992 59.39538956
v -40.10178375 28.25314903 59.13657379
v -40 26.82999992 59.13657379
v -50 37.33000183 60.00259781
v -48.50569534 37.22312546 60.00259781
v -47.04180908 36.90467453 60.00259781
v -45.63814163 36.38113785 60.00259781
v -44.32327271 35.66316223 60.00259781
v -43.1239624 34.76536942 60.00259781
v -42.0646286 33.70603943 60.00259781
v -41.16683578 32.50672913 60.00259781
v -40.44886398 31.19185829 60.00259781
v -39.92532349 29.78819275 60.00259781
v -50 37.12289429 59.84368134
v -48.53516769 37.01812363 59.84368134
v -47.10015869 36.70595932 59.84368134
v -45.72417831 36.19274521 59.84368134
v -44.4352417 35.48893356 59.84368134
v -43.25959015 34.60884857 59.84368134
v -42.22114944 33.57041168 59.84368134
v -41.34106827 32.39475632 59.84368134
v -40.63725662 31.10582161 59.84368134
v -40.12404251 29.72984314 59.84368134
v -50 36.963974 59.63656998
v -48.55778503 36.86082458 59.63656998
v -47.14492798 36.55347824 59.63656998
v -45.79019547 36.04818726 59.63656998
v -44.52116013 35.35523987 59.63656998
v -43.36365891 34.48874664 59.63656998
v -42.34125137 33.46634293 59.63656998
v -41.47475815 32.30884171 59.63656998
v -40.78181076 31.03980255 59.63656998
v -40.27652359 29.68507004 59.63656998
v -50 36.86407471 59.39538956
v -48.57200241 36.76194 59.39538956
v -47.17307281 36.45762253 59.39538956
v -45.83169556 35.95731354 59.39538956
v -44.57516861 35.27120209 59.39538956
v -43.42907715 34.41324615 59.39538956
v -42.41675186 33.40092087 59.39538956
v -41.55879974 32.25482941 59.39538956
v -40.87268448 30.99830437 59.39538956
v -40.37237549 29.65692329 59.39538956
v -50 36.83000183 59.13657379
v -48.57685089 36.72821426 59.13657379
v -47.18267441 36.42493057 59.13657379
v -45.84584808 35.92631912 59.13657379
v -44.5935936 35.24253082 59.13657379
v -43.45139313 34.38749695 59.13657379
v -42.44250488 33.3786087 59.13657379
v -41.58746338 32.23640823 59.13657379
v -40.90367889 30.98414993 59.13657379
v -40.40507126 29.64732552 59.13657379
v -39.96592712 -26.82999992 59.39538956
v -39.96592712 -21.4640007 59.39538956
v -40 -26.82999992 59.13657379
v -39.96592712 -16.09799957 59.39538956
v -39.96592712 -10.73200035 59.39538956
v -39.86602402 -10.73200035 59.63656998
v -39.86602402 -5.36600018 59.63656998
v -39.70710754 -5.36600018 59.84368134
v -39.70710754 0 59.84368134
v -39.5 0 60.00259781
v -39.5 5.36600018 60.00259781
v -39.25881958 5.36600018 60.10250092
v -39.25881958 10.73200035 60.10250092
v -39.25881958 16.09799957 60.10250092
v -39.25881958 21.4640007 60.10250092
v -39.5 16.09799957 60.00259781
v -39.5 21.4640007 60.00259781
v -39.70710754 16.09799957 59.84368134
v -39.70710754 21.4640007 59.84368134
v -39.86602402 16.09799957 59.63656998
v -39.86602402 21.4640007 59.63656998
v -39.96592712 16.09799957 59.39538956
v -39.96592712 21.4640007 59.39538956
v -39.86602402 -21.4640007 59.63656998
v -39.86602402 -26.82999992 59.63656998
v -39.70710754 -21.4640007 59.84368134
v -39.70710754 -26.82999992 59.84368134
v -39.5 -21.4640007 60.00259781
v -39.5 -26.82999992 60.00259781
v -39.25881958 -21.4640007 60.10250092
v -39.25881958 -26.82999992 60.10250092
v -39 -26.82999992 60.13657379
v -39.25881958 0 60.10250092
v -39.25881958 -5.36600018 60.10250092
v -39.25881958 -10.73200035 60.10250092
v -39.5 -10.73200035 60.00259781
v -39.5 -16.09799957 60.00259781
v -39.70710754 -16.09799957 59.84368134
v -39.96592712 0 59.39538956
v -39.96592712 5.36600018 59.39538956
v -39.96592712 10.73200035 59.39538956
v -39.86602402 10.73200035 59.63656998
v -39.86602402 -16.09799957 59.63656998
v -39.96592712 -5.36600018 59.39538956
v -39.86602402 0 59.63656998
v -39.86602402 5.36600018 59.63656998
v -39.70710754 5.36600018 59.84368134
v -39.70710754 -10.73200035 59.84368134
v -39.5 -5.36600018 60.00259781
v -39.70710754 10.73200035 59.84368134
v -39.5 10.73200035 60.00259781
v -39.25881958 -16.09799957 60.10250092
v -50 -36.83000183 59.13657379
v -50 -36.86407471 59.39538956
v -48.57685089 -36.72821426 59.13657379
v -48.57200241 -36.76194 59.39538956
v -47.18267441 -36.42493057 59.13657379
v -47.17307281 -36.45762253 59.39538956
v -45.84584808 -35.92631912 59.13657379
v -45.83169556 -35.95731354 59.39538956
v -44.5935936 -35.24253082 59.13657379
v -44.57516861 -35.27120209 59.39538956
v -43.45139313 -34.38749695 59.13657379
v -43.42907715 -34.41324615 59.39538956
v -42.44250488 -33.3786087 59.13657379
v -42.41675186 -33.40092087 59.39538956
v -41.58746338 -32.23640823 59.13657379
v -41.55879974 -32.25482941 59.39538956
v -40.90367889 -30.98414993 59.13657379
v -40.87268448 -30.99830437 59.39538956
v -40.40507126 -29.64732552 59.13657379
v -40.37237549 -29.65692329 59.39538956
v -40.10178375 -28.25314903 59.13657379
v -40.06805801 -28.25799751 59.39538956
v -39.96917343 -28.27221489 59.63656998
v -39.81187439 -28.29483223 59.84368134
v -39.60688019 -28.32430649 60.00259781
v -39.3681488 -28.35862923 60.10250092
v -39.11196518 -28.39546394 60.13657379
v -50 -36.963974 59.63656998
v -48.55778503 -36.86082458 59.63656998
v -47.14492798 -36.55347824 59.63656998
v -45.79019547 -36.04818726 59.63656998
v -44.52116013 -35.35523987 59.63656998
v -43.36365891 -34.48874664 59.63656998
v -42.34125137 -33.46634293 59.63656998
v -41.47475815 -32.30884171 59.63656998
v -40.78181076 -31.03980255 59.63656998
v -40.27652359 -29.68507004 59.63656998
v -50 -37.12289429 59.84368134
v -48.53516769 -37.01812363 59.84368134
v -47.10015869 -36.70595932 59.84368134
v -45.72417831 -36.19274521 59.84368134
v -44.4352417 -35.48893356 59.84368134
v -43.25959015 -34.60884857 59.84368134
v -42.22114944 -33.57041168 59.84368134
v -41.34106827 -32.39475632 59.84368134
v -40.63725662 -31.10582161 59.84368134
v -40.12404251 -29.72984314 59.84368134
v -50 -37.33000183 60.00259781
v -48.50569534 -37.22312546 60.00259781
v -47.04180908 -36.90467453 60.00259781
v -45.63814163 -36.38113785 60.00259781
v -44.32327271 -35.66316223 60.00259781
v -43.1239624 -34.76536942 60.00259781
v -42.0646286 -33.70603943 60.00259781
v -41.16683578 -32.50672913 60.00259781
v -40.44886398 -31.19185829 60.00259781
v -39.92532349 -29.78819275 60.00259781
v -50 -37.57118225 60.10250092
v -48.4713707 -37.46185303 60.10250092
v -46.97385788 -37.13608932 60.10250092
v -45.53795242 -36.60052109 60.10250092
v -44.19287872 -35.86605453 60.10250092
v -42.96602249 -34.94764328 60.10250092
v -41.88235855 -33.86397934 60.10250092
v -40.96394348 -32.63711929 60.10250092
v -40.22947693 -31.2920475 60.10250092
v -39.69391251 -29.85614014 60.10250092
v -50 -37.83000183 60.13657379
v -48.43453598 -37.71803665 60.13657379
v -46.90094376 -37.3844223 60.13657379
v -45.43043518 -36.83595276 60.13657379
v -44.05295181 -36.08378983 60.13657379
v -42.79653168 -35.1432457 60.13657379
v -41.68675613 -34.03346634 60.13657379
v -40.74621201 -32.77705002 60.13657379
v -39.99404907 -31.39956474 60.13657379
v -39.44557571 -29.92905807 60.13657379
v -57.50000381 -36.83000183 59.13657379
v -53.75 -36.86407471 59.39538956
v -57.50000381 -36.86407471 59.39538956
v -53.75 -36.963974 59.63656998
v -57.50000381 -36.963974 59.63656998
v -53.75 -37.12289429 59.84368134
v -57.50000381 -37.12289429 59.84368134
v -53.75 -37.33000183 60.00259781
v -57.50000381 -37.33000183 60.00259781
v -53.75 -37.57118225 60.10250092
v -57.50000381 -37.57118225 60.10250092
v -57.50000381 -37.83000183 60.13657379
v -67.5 -46.83000183 59.13657379
v -67.46592712 -46.83000183 59.39538956
v -67.39821625 -45.40685272 59.13657379
v -67.3432312 -45.27098465 59.39538956
v -67.09493256 -44.01267624 59.13657379
v -66.97815704 -43.75035858 59.39538956
v -66.59632111 -42.67584991 59.13657379
v -66.37970734 -42.30556488 59.39538956
v -65.91253662 -41.42359161 59.13657379
v -65.56260681 -40.97217178 59.39538956
v -65.05749512 -40.28139114 59.13657379
v -64.54697418 -39.78302765 59.39538956
v -64.04860687 -39.2725029 59.13657379
v -63.35782242 -38.76739502 59.39538956
v -62.9064064 -38.41746521 59.13657379
v -62.02443695 -37.95029449 59.39538956
v -61.65415192 -37.73368073 59.13657379
v -60.57963943 -37.35184097 59.39538956
v -60.31732559 -37.23506927 59.13657379
v -59.05901337 -36.98677063 59.39538956
v -58.92314911 -36.93178558 59.13657379
v -67.36602783 -46.83000183 59.63656998
v -67.24456024 -45.28661346 59.63656998
v -66.88314819 -43.78123093 59.63656998
v -66.29069519 -42.35091782 59.63656998
v -65.48178101 -41.03089523 59.63656998
v -64.47633362 -39.85366821 59.63656998
v -63.29910278 -38.84821701 59.63656998
v -61.9790802 -38.03930664 59.63656998
v -60.5487709 -37.44685364 59.63656998
v -59.04338455 -37.0854454 59.63656998
v -59.01852417 -37.24240494 59.84368134
v -58.98612595 -37.44696426 60.00259781
v -58.94839859 -37.68517303 60.10250092
v -58.90790939 -37.94080353 60.13657379
v -67.20710754 -46.83000183 59.84368134
v -67.08759308 -45.31147385 59.84368134
v -66.73200989 -43.83033371 59.84368134
v -66.14909363 -42.42306519 59.84368134
v -65.35321808 -41.12430573 59.84368134
v -64.36396027 -39.96603775 59.84368134
v -63.20569611 -38.97678375 59.84368134
v -61.90693283 -38.18090439 59.84368134
v -60.49966049 -37.59799194 59.84368134
v -67 -46.83000183 60.00259781
v -66.88304138 -45.34387207 60.00259781
v -66.53503418 -43.8943367 60.00259781
v -65.96456146 -42.51708984 60.00259781
v -65.18566132 -41.24604034 60.00259781
v -64.21751404 -40.11248398 60.00259781
v -63.08396149 -39.1443367 60.00259781
v -61.81290817 -38.36543655 60.00259781
v -60.43566132 -37.79496384 60.00259781
v -66.75881958 -46.83000183 60.10250092
v -66.6448288 -45.38160324 60.10250092
v -66.30565643 -43.96886444 60.10250092
v -65.74967194 -42.6265831 60.10250092
v -64.99053955 -41.38780212 60.10250092
v -64.04697418 -40.28302765 60.10250092
v -62.94219589 -39.33945847 60.10250092
v -61.70341492 -38.58033371 60.10250092
v -60.36113358 -38.02434158 60.10250092
v -66.5 -46.83000183 60.13657379
v -66.3891983 -45.42208862 60.13657379
v -66.05950928 -44.0488472 60.13657379
v -65.51905823 -42.74409103 60.13657379
v -64.78115082 -41.53993225 60.13657379
v -63.86396027 -40.46603775 60.13657379
v -62.79006195 -39.5488472 60.13657379
v -61.58591461 -38.81093979 60.13657379
v -60.28115463 -38.27049637 60.13657379
v -67.46592712 -62.5 59.39538956
v -67.46592712 -57.27666855 59.39538956
v -67.5 -62.5 59.13657379
v -67.46592712 -52.05333328 59.39538956
v -67.36602783 -52.05333328 59.63656998
v -67.20710754 -52.05333328 59.84368134
v -67 -52.05333328 60.00259781
v -66.75881958 -52.05333328 60.10250092
v -66.75881958 -57.27666855 60.10250092
v -66.5 -62.5 60.13657379
v -66.75881958 -62.5 60.10250092
v -67 -62.5 60.00259781
v -67 -57.27666855 60.00259781
v -67.20710754 -62.5 59.84368134
v -67.20710754 -57.27666855 59.84368134
v -67.36602783 -62.5 59.63656998
v -67.36602783 -57.27666855 59.63656998
v -62.5 -67.5 59.13657379
v -62.5 -67.46592712 59.39538956
v -63.47545242 -67.40392303 59.13657379
v -63.46880341 -67.37050629 59.39538956
v -64.413414 -67.11940002 59.13657379
v -64.40037537 -67.08791351 59.39538956
v -65.27785492 -66.65734863 59.13657379
v -65.25891876 -66.62901306 59.39538956
v -66.03553772 -66.03553772 59.13657379
v -66.01143646 -66.01143646 59.39538956
v -66.65734863 -65.27785492 59.13657379
v -66.62901306 -65.25891876 59.39538956
v -67.11940002 -64.413414 59.13657379
v -67.08791351 -64.40037537 59.39538956
v -67.40392303 -63.47545242 59.13657379
v -67.37050629 -63.46880341 59.39538956
v -67.2725296 -63.44931412 59.63656998
v -67.11666107 -63.41831207 59.84368134
v -66.91353607 -63.3779068 60.00259781
v -66.67698669 -63.33085251 60.10250092
v -66.39971161 -63.39008331 60.13657379
v -66.43463898 -64.129776 60.10250092
v -66.10387421 -64.23553467 60.13657379
v -66.04107666 -64.86607361 60.10250092
v -65.62732697 -64.99395752 60.13657379
v -65.51143646 -65.51143646 60.10250092
v -64.99395752 -65.62732697 60.13657379
v -64.86607361 -66.04107666 60.10250092
v -64.23553467 -66.10387421 60.13657379
v -64.129776 -66.43463898 60.10250092
v -63.39008331 -66.39971161 60.13657379
v -63.33085251 -66.67698669 60.10250092
v -62.5 -66.5 60.13657379
v -62.5 -66.75881958 60.10250092
v -63.3779068 -66.91353607 60.00259781
v -62.5 -67 60.00259781
v -63.41831207 -67.11666107 59.84368134
v -62.5 -67.20710754 59.84368134
v -63.44931412 -67.2725296 59.63656998
v -62.5 -67.36602783 59.63656998
v -64.22207642 -66.65745544 60.00259781
v -65.00006866 -66.2416153 60.00259781
v -65.68198395 -65.68198395 60.00259781
v -66.2416153 -65.00006866 60.00259781
v -66.65745544 -64.22207642 60.00259781
v -64.30133057 -66.84880066 59.84368134
v -65.11512756 -66.41381836 59.84368134
v -65.82843018 -65.82843018 59.84368134
v -66.41381836 -65.11512756 59.84368134
v -66.84880066 -64.30133057 59.84368134
v -64.36214447 -66.99562073 59.63656998
v -65.20342255 -66.54595184 59.63656998
v -65.9407959 -65.9407959 59.63656998
v -66.54595184 -65.20342255 59.63656998
v -66.99562073 -64.36214447 59.63656998
v -46.83000183 -67.46592712 59.39538956
v -52.05333328 -67.46592712 59.39538956
v -46.83000183 -67.5 59.13657379
v -57.27666855 -67.46592712 59.39538956
v -57.27666855 -67.36602783 59.63656998
v -57.27666855 -67.20710754 59.84368134
v -57.27666855 -67 60.00259781
v -57.27666855 -66.75881958 60.10250092
v -52.05333328 -66.75881958 60.10250092
v -46.83000183 -66.5 60.13657379
v -46.83000183 -66.75881958 60.10250092
v -46.83000183 -67 60.00259781
v -52.05333328 -67 60.00259781
v -46.83000183 -67.20710754 59.84368134
v -52.05333328 -67.20710754 59.84368134
v -46.83000183 -67.36602783 59.63656998
v -52.05333328 -67.36602783 59.63656998
v -36.83000183 -57.50000381 59.13657379
v -36.86407471 -57.50000381 59.39538956
v -36.93178558 -58.92314911 59.13657379
v -36.98677063 -59.05901337 59.39538956
v -37.23506927 -60.31732559 59.13657379
v -37.35184097 -60.57963943 59.39538956
v -37.73368073 -61.65415192 59.13657379
v -37.95029449 -62.02443695 59.39538956
v -38.41746521 -62.9064064 59.13657379
v -38.76739502 -63.35782242 59.39538956
v -39.2725029 -64.04860687 59.13657379
v -39.78302765 -64.54697418 59.39538956
v -40.28139114 -65.05749512 59.13657379
v -40.97217178 -65.56260681 59.39538956
v -41.42359161 -65.91253662 59.13657379
v -42.30556488 -66.37970734 59.39538956
v -42.67584991 -66.59632111 59.13657379
v -43.75035858 -66.97815704 59.39538956
v -44.01267624 -67.09493256 59.13657379
v -45.27098465 -67.3432312 59.39538956
v -45.40685272 -67.39821625 59.13657379
v -36.963974 -57.50000381 59.63656998
v -37.0854454 -59.04338455 59.63656998
v -37.44685364 -60.5487709 59.63656998
v -38.03930664 -61.9790802 59.63656998
v -38.84821701 -63.29910278 59.63656998
v -39.85366821 -64.47633362 59.63656998
v -41.03089523 -65.48178101 59.63656998
v -42.35091782 -66.29069519 59.63656998
v -43.78123093 -66.88314819 59.63656998
v -45.28661346 -67.24456024 59.63656998
v -45.31147385 -67.08759308 59.84368134
v -45.34387207 -66.88304138 60.00259781
v -45.38160324 -66.6448288 60.10250092
v -45.42208862 -66.3891983 60.13657379
v -37.12289429 -57.50000381 59.84368134
v -37.24240494 -59.01852417 59.84368134
v -37.59799194 -60.49966049 59.84368134
v -38.18090439 -61.90693283 59.84368134
v -38.97678375 -63.20569611 59.84368134
v -39.96603775 -64.36396027 59.84368134
v -41.12430573 -65.35321808 59.84368134
v -42.42306519 -66.14909363 59.84368134
v -43.83033371 -66.73200989 59.84368134
v -37.33000183 -57.50000381 60.00259781
v -37.44696426 -58.98612595 60.00259781
v -37.79496384 -60.43566132 60.00259781
v -38.36543655 -61.81290817 60.00259781
v -39.1443367 -63.08396149 60.00259781
v -40.11248398 -64.21751404 60.00259781
v -41.24604034 -65.18566132 60.00259781
v -42.51708984 -65.96456146 60.00259781
v -43.8943367 -66.53503418 60.00259781
v -37.57118225 -57.50000381 60.10250092
v -37.68517303 -58.94839859 60.10250092
v -38.02434158 -60.36113358 60.10250092
v -38.58033371 -61.70341492 60.10250092
v -39.33945847 -62.94219589 60.10250092
v -40.28302765 -64.04697418 60.10250092
v -41.38780212 -64.99053955 60.10250092
v -42.6265831 -65.74967194 60.10250092
v -43.96886444 -66.30565643 60.10250092
v -37.83000183 -57.50000381 60.13657379
v -37.94080353 -58.90790939 60.13657379
v -38.27049637 -60.28115463 60.13657379
v -38.81093979 -61.58591461 60.13657379
v -39.5488472 -62.79006195 60.13657379
v -40.46603775 -63.86396027 60.13657379
v -41.53993225 -64.78115082 60.13657379
v -42.74409103 -65.51905823 60.13657379
v -44.0488472 -66.05950928 60.13657379
v -36.83000183 -50 59.13657379
v -36.86407471 -53.75 59.39538956
v -36.86407471 -50 59.39538956
v -36.963974 -53.75 59.63656998
v -36.963974 -50 59.63656998
v -37.12289429 -53.75 59.84368134
v -37.12289429 -50 59.84368134
v -37.33000183 -53.75 60.00259781
v -37.33000183 -50 60.00259781
v -37.57118225 -53.75 60.10250092
v -37.57118225 -50 60.10250092
v -37.83000183 -50 60.13657379
v -26.82999992 -40 59.13657379
v -26.82999992 -39.96592712 59.39538956
v -28.25314903 -40.10178375 59.13657379
v -28.25799751 -40.06805801 59.39538956
v -29.64732552 -40.40507126 59.13657379
v -29.65692329 -40.37237549 59.39538956
v -30.98414993 -40.90367889 59.13657379
v -30.99830437 -40.87268448 59.39538956
v -32.23640823 -41.58746338 59.13657379
v -32.25482941 -41.55879974 59.39538956
v -33.3786087 -42.44250488 59.13657379
v -33.40092087 -42.41675186 59.39538956
v -34.38749695 -43.45139313 59.13657379
v -34.41324615 -43.42907715 59.39538956
v -35.24253082 -44.5935936 59.13657379
v -35.27120209 -44.57516861 59.39538956
v -35.92631912 -45.84584808 59.13657379
v -35.95731354 -45.83169556 59.39538956
v -36.42493057 -47.18267441 59.13657379
v -36.45762253 -47.17307281 59.39538956
v -36.72821426 -48.57685089 59.13657379
v -36.76194 -48.57200241 59.39538956
v -36.86082458 -48.55778503 59.63656998
v -37.01812363 -48.53516769 59.84368134
v -37.22312546 -48.50569534 60.00259781
v -37.46185303 -48.4713707 60.10250092
v -37.71803665 -48.43453598 60.13657379
v -26.82999992 -39.86602402 59.63656998
v -28.27221489 -39.96917343 59.63656998
v -29.68507004 -40.27652359 59.63656998
v -31.03980255 -40.78181076 59.63656998
v -32.30884171 -41.47475815 59.63656998
v -33.46634293 -42.34125137 59.63656998
v -34.48874664 -43.36365891 59.63656998
v -35.35523987 -44.52116013 59.63656998
v -36.04818726 -45.79019547 59.63656998
v -36.55347824 -47.14492798 59.63656998
v -26.82999992 -39.70710754 59.84368134
v -28.29483223 -39.81187439 59.84368134
v -29.72984314 -40.12404251 59.84368134
v -31.10582161 -40.63725662 59.84368134
v -32.39475632 -41.34106827 59.84368134
v -33.57041168 -42.22114944 59.84368134
v -34.60884857 -43.25959015 59.84368134
v -35.48893356 -44.4352417 59.84368134
v -36.19274521 -45.72417831 59.84368134
v -36.70595932 -47.10015869 59.84368134
v -26.82999992 -39.5 60.00259781
v -28.32430649 -39.60688019 60.00259781
v -29.78819275 -39.92532349 60.00259781
v -31.19185829 -40.44886398 60.00259781
v -32.50672913 -41.16683578 60.00259781
v -33.70603943 -42.0646286 60.00259781
v -34.76536942 -43.1239624 60.00259781
v -35.66316223 -44.32327271 60.00259781
v -36.38113785 -45.63814163 60.00259781
v -36.90467453 -47.04180908 60.00259781
v -26.82999992 -39.25881958 60.10250092
v -28.35862923 -39.3681488 60.10250092
v -29.85614014 -39.69391251 60.10250092
v -31.2920475 -40.22947693 60.10250092
v -32.63711929 -40.96394348 60.10250092
v -33.86397934 -41.88235855 60.10250092
v -34.94764328 -42.96602249 60.10250092
v -35.86605453 -44.19287872 60.10250092
v -36.60052109 -45.53795242 60.10250092
v -37.13608932 -46.97385788 60.10250092
v -26.82999992 -39 60.13657379
v -28.39546394 -39.11196518 60.13657379
v -29.92905807 -39.44557571 60.13657379
v -31.39956474 -39.99404907 60.13657379
v -32.77705002 -40.74621201 60.13657379
v -34.03346634 -41.68675613 60.13657379
v -35.1432457 -42.79653168 60.13657379
v -36.08378983 -44.05295181 60.13657379
v -36.83595276 -45.43043518 60.13657379
v -37.3844223 -46.90094376 60.13657379
v 26.82999992 -39.96592712 59.39538956
v 21.4640007 -39.96592712 59.39538956
v 26.82999992 -40 59.13657379
v 16.09799957 -39.96592712 59.39538956
v 10.73200035 -39.96592712 59.39538956
v 10.73200035 -39.86602402 59.63656998
v 5.36600018 -39.86602402 59.63656998
v 5.36600018 -39.70710754 59.84368134
v 0 -39.70710754 59.84368134
v 0 -39.5 60.00259781
v -5.36600018 -39.5 60.00259781
v -5.36600018 -39.25881958 60.10250092
v -10.73200035 -39.25881958 60.10250092
v -16.09799957 -39.25881958 60.10250092
v -21.4640007 -39.25881958 60.10250092
v -16.09799957 -39.5 60.00259781
v -21.4640007 -39.5 60.00259781
v -16.09799957 -39.70710754 59.84368134
v -21.4640007 -39.70710754 59.84368134
v -16.09799957 -39.86602402 59.63656998
v -21.4640007 -39.86602402 59.63656998
v -16.09799957 -39.96592712 59.39538956
v -21.4640007 -39.96592712 59.39538956
v 21.4640007 -39.86602402 59.63656998
v 26.82999992 -39.86602402 59.63656998
v 21.4640007 -39.70710754 59.84368134
v 26.82999992 -39.70710754 59.84368134
v 21.4640007 -39.5 60.00259781
v 26.82999992 -39.5 60.00259781
v 21.4640007 -39.25881958 60.10250092
v 26.82999992 -39.25881958 60.10250092
v 26.82999992 -39 60.13657379
v 0 -39.25881958 60.10250092
v 5.36600018 -39.25881958 60.10250092
v 10.73200035 -39.25881958 60.10250092
v 10.73200035 -39.5 60.00259781
v 16.09799957 -39.5 60.00259781
v 16.09799957 -39.70710754 59.84368134
v 0 -39.96592712 59.39538956
v -5.36600018 -39.96592712 59.39538956
v -10.73200035 -39.96592712 59.39538956
v -10.73200035 -39.86602402 59.63656998
v 16.09799957 -39.86602402 59.63656998
v 5.36600018 -39.96592712 59.39538956
v 0 -39.86602402 59.63656998
v -5.36600018 -39.86602402 59.63656998
v -5.36600018 -39.70710754 59.84368134
v 10.73200035 -39.70710754 59.84368134
v 5.36600018 -39.5 60.00259781
v -10.73200035 -39.70710754 59.84368134
v -10.73200035 -39.5 60.00259781
v 16.09799957 -39.25881958 60.10250092
v 36.83000183 -50 59.13657379
v 36.86407471 -50 59.39538956
v 36.72821426 -48.57685089 59.13657379
v 36.76194 -48.57200241 59.39538956
v 36.42493057 -47.18267441 59.13657379
v 36.45762253 -47.17307281 59.39538956
v 35.92631912 -45.84584808 59.13657379
v 35.95731354 -45.83169556 59.39538956
v 35.24253082 -44.5935936 59.13657379
v 35.27120209 -44.57516861 59.39538956
v 34.38749695 -43.45139313 59.13657379
v 34.41324615 -43.42907715 59.39538956
v 33.3786087 -42.44250488 59.13657379
v 33.40092087 -42.41675186 59.39538956
v 32.23640823 -41.58746338 59.13657379
v 32.25482941 -41.55879974 59.39538956
v 30.98414993 -40.90367889 59.13657379
v 30.99830437 -40.87268448 59.39538956
v 29.64732552 -40.40507126 59.13657379
v 29.65692329 -40.37237549 59.39538956
v 28.25314903 -40.10178375 59.13657379
v 28.25799751 -40.06805801 59.39538956
v 28.27221489 -39.96917343 59.63656998
v 28.29483223 -39.81187439 59.84368134
v 28.32430649 -39.60688019 60.00259781
v 28.35862923 -39.3681488 60.10250092
v 28.39546394 -39.11196518 60.13657379
v 36.963974 -50 59.63656998
v 36.86082458 -48.55778503 59.63656998
v 36.55347824 -47.14492798 59.63656998
v 36.04818726 -45.79019547 59.63656998
v 35.35523987 -44.52116013 59.63656998
v 34.48874664 -43.36365891 59.63656998
v 33.46634293 -42.34125137 59.63656998
v 32.30884171 -41.47475815 59.63656998
v 31.03980255 -40.78181076 59.63656998
v 29.68507004 -40.27652359 59.63656998
v 37.12289429 -50 59.84368134
v 37.01812363 -48.53516769 59.84368134
v 36.70595932 -47.10015869 59.84368134
v 36.19274521 -45.72417831 59.84368134
v 35.48893356 -44.4352417 59.84368134
v 34.60884857 -43.25959015 59.84368134
v 33.57041168 -42.22114944 59.84368134
v 32.39475632 -41.34106827 59.84368134
v 31.10582161 -40.63725662 59.84368134
v 29.72984314 -40.12404251 59.84368134
v 37.33000183 -50 60.00259781
v 37.22312546 -48.50569534 60.00259781
v 36.90467453 -47.04180908 60.00259781
v 36.38113785 -45.63814163 60.00259781
v 35.66316223 -44.32327271 60.00259781
v 34.76536942 -43.1239624 60.00259781
v 33.70603943 -42.0646286 60.00259781
v 32.50672913 -41.16683578 60.00259781
v 31.19185829 -40.44886398 60.00259781
v 29.78819275 -39.92532349 60.00259781
v 37.57118225 -50 60.10250092
v 37.46185303 -48.4713707 60.10250092
v 37.13608932 -46.97385788 60.10250092
v 36.60052109 -45.53795242 60.10250092
v 35.86605453 -44.19287872 60.10250092
v 34.94764328 -42.96602249 60.10250092
v 33.86397934 -41.88235855 60.10250092
v 32.63711929 -40.96394348 60.10250092
v 31.2920475 -40.22947693 60.10250092
v 29.85614014 -39.69391251 60.10250092
v 37.83000183 -50 60.13657379
v 37.71803665 -48.43453598 60.13657379
v 37.3844223 -46.90094376 60.13657379
v 36.83595276 -45.43043518 60.13657379
v 36.08378983 -44.05295181 60.13657379
v 35.1432457 -42.79653168 60.13657379
v 34.03346634 -41.68675613 60.13657379
v 32.77705002 -40.74621201 60.13657379
v 31.39956474 -39.99404907 60.13657379
v 29.92905807 -39.44557571 60.13657379
v 36.83000183 -57.50000381 59.13657379
v 36.86407471 -53.75 59.39538956
v 36.86407471 -57.50000381 59.39538956
v 36.963974 -53.75 59.63656998
v 36.963974 -57.50000381 59.63656998
v 37.12289429 -53.75 59.84368134
v 37.12289429 -57.50000381 59.84368134
v 37.33000183 -53.75 60.00259781
v 37.33000183 -57.50000381 60.00259781
v 37.57118225 -53.75 60.10250092
v 37.57118225 -57.50000381 60.10250092
v 37.83000183 -57.50000381 60.13657379
v 46.83000183 -67.5 59.13657379
v 46.83000183 -67.46592712 59.39538956
v 45.40685272 -67.39821625 59.13657379
v 45.27098465 -67.3432312 59.39538956
v 44.01267624 -67.09493256 59.13657379
v 43.75035858 -66.97815704 59.39538956
v 42.67584991 -66.59632111 59.13657379
v 42.30556488 -66.37970734 59.39538956
v 41.42359161 -65.91253662 59.13657379
v 40.97217178 -65.56260681 59.39538956
v 40.28139114 -65.05749512 59.13657379
v 39.78302765 -64.54697418 59.39538956
v 39.2725029 -64.04860687 59.13657379
v 38.76739502 -63.35782242 59.39538956
v 38.41746521 -62.9064064 59.13657379
v 37.95029449 -62.02443695 59.39538956
v 37.73368073 -61.65415192 59.13657379
v 37.35184097 -60.57963943 59.39538956
v 37.23506927 -60.31732559 59.13657379
v 36.98677063 -59.05901337 59.39538956
v 36.93178558 -58.92314911 59.13657379
v 46.83000183 -67.36602783 59.63656998
v 45.28661346 -67.24456024 59.63656998
v 43.78123093 -66.88314819 59.63656998
v 42.35091782 -66.29069519 59.63656998
v 41.03089523 -65.48178101 59.63656998
v 39.85366821 -64.47633362 59.63656998
v 38.84821701 -63.29910278 59.63656998
v 38.03930664 -61.9790802 59.63656998
v 37.44685364 -60.5487709 59.63656998
v 37.0854454 -59.04338455 59.63656998
v 37.24240494 -59.01852417 59.84368134
v 37.44696426 -58.98612595 60.00259781
v 37.68517303 -58.94839859 60.10250092
v 37.94080353 -58.90790939 60.13657379
v 46.83000183 -67.20710754 59.84368134
v 45.31147385 -67.08759308 59.84368134
v 43.83033371 -66.73200989 59.84368134
v 42.42306519 -66.14909363 59.84368134
v 41.12430573 -65.35321808 59.84368134
v 39.96603775 -64.36396027 59.84368134
v 38.97678375 -63.20569611 59.84368134
v 38.18090439 -61.90693283 59.84368134
v 37.59799194 -60.49966049 59.84368134
v 46.83000183 -67 60.00259781
v 45.34387207 -66.88304138 60.00259781
v 43.8943367 -66.53503418 60.00259781
v 42.51708984 -65.96456146 60.00259781
v 41.24604034 -65.18566132 60.00259781
v 40.11248398 -64.21751404 60.00259781
v 39.1443367 -63.08396149 60.00259781
v 38.36543655 -61.81290817 60.00259781
v 37.79496384 -60.43566132 60.00259781
v 46.83000183 -66.75881958 60.10250092
v 45.38160324 -66.6448288 60.10250092
v 43.96886444 -66.30565643 60.10250092
v 42.6265831 -65.74967194 60.10250092
v 41.38780212 -64.99053955 60.10250092
v 40.28302765 -64.04697418 60.10250092
v 39.33945847 -62.94219589 60.10250092
v 38.58033371 -61.70341492 60.10250092
v 38.02434158 -60.36113358 60.10250092
v 46.83000183 -66.5 60.13657379
v 45.42208862 -66.3891983 60.13657379
v 44.0488472 -66.05950928 60.13657379
v 42.74409103 -65.51905823 60.13657379
v 41.53993225 -64.78115082 60.13657379
v 40.46603775 -63.86396027 60.13657379
v 39.5488472 -62.79006195 60.13657379
v 38.81093979 -61.58591461 60.13657379
v 38.27049637 -60.28115463 60.13657379
v 62.5 -67.46592712 59.39538956
v 57.27666855 -67.46592712 59.39538956
v 62.5 -67.5 59.13657379
v 52.05333328 -67.46592712 59.39538956
v 52.05333328 -67.36602783 59.63656998
v 52.05333328 -67.20710754 59.84368134
v 52.05333328 -67 60.00259781
v 52.05333328 -66.75881958 60.10250092
v 57.27666855 -66.75881958 60.10250092
v 62.5 -66.5 60.13657379
v 62.5 -66.75881958 60.10250092
v 62.5 -67 60.00259781
v 57.27666855 -67 60.00259781
v 62.5 -67.20710754 59.84368134
v 57.27666855 -67.20710754 59.84368134
v 62.5 -67.36602783 59.63656998
v 57.27666855 -67.36602783 59.63656998
v 67.5 -62.5 59.13657379
v 67.46592712 -62.5 59.39538956
v 67.40392303 -63.47545242 59.13657379
v 67.37050629 -63.46880341 59.39538956
v 67.11940002 -64.413414 59.13657379
v 67.08791351 -64.40037537 59.39538956
v 66.65734863 -65.27785492 59.13657379
v 66.62901306 -65.25891876 59.39538956
v 66.03553772 -66.03553772 59.13657379
v 66.01143646 -66.01143646 59.39538956
v 65.27785492 -66.65734863 59.13657379
v 65.25891876 -66.62901306 59.39538956
v 64.413414 -67.11940002 59.13657379
v 64.40037537 -67.08791351 59.39538956
v 63.47545242 -67.40392303 59.13657379
v 63.46880341 -67.37050629 59.39538956
v 63.44931412 -67.2725296 59.63656998
v 63.41831207 -67.11666107 59.84368134
v 63.3779068 -66.91353607 60.00259781
v 63.33085251 -66.67698669 60.10250092
v 63.39008331 -66.39971161 60.13657379
v 64.129776 -66.43463898 60.10250092
v 64.23553467 -66.10387421 60.13657379
v 64.86607361 -66.04107666 60.10250092
v 64.99395752 -65.62732697 60.13657379
v 65.51143646 -65.51143646 60.10250092
v 65.62732697 -64.99395752 60.13657379
v 66.04107666 -64.86607361 60.10250092
v 66.10387421 -64.23553467 60.13657379
v 66.43463898 -64.129776 60.10250092
v 66.39971161 -63.39008331 60.13657379
v 66.67698669 -63.33085251 60.10250092
v 66.5 -62.5 60.13657379
v 66.75881958 -62.5 60.10250092
v 66.91353607 -63.3779068 60.00259781
v 67 -62.5 60.00259781
v 67.11666107 -63.41831207 59.84368134
v 67.20710754 -62.5 59.84368134
v 67.2725296 -63.44931412 59.63656998
v 67.36602783 -62.5 59.63656998
v 66.65745544 -64.22207642 60.00259781
v 66.2416153 -65.00006866 60.00259781
v 65.68198395 -65.68198395 60.00259781
v 65.00006866 -66.2416153 60.00259781
v 64.22207642 -66.65745544 60.00259781
v 66.84880066 -64.30133057 59.84368134
v 66.41381836 -65.11512756 59.84368134
v 65.82843018 -65.82843018 59.84368134
v 65.11512756 -66.41381836 59.84368134
v 64.30133057 -66.84880066 59.84368134
v 66.99562073 -64.36214447 59.63656998
v 66.54595184 -65.20342255 59.63656998
v 65.9407959 -65.9407959 59.63656998
v 65.20342255 -66.54595184 59.63656998
v 64.36214447 -66.99562073 59.63656998
v 67.46592712 -46.83000183 59.39538956
v 67.46592712 -52.05333328 59.39538956
v 67.5 -46.83000183 59.13657379
v 67.46592712 -57.27666855 59.39538956
v 67.36602783 -57.27666855 59.63656998
v 67.20710754 -57.27666855 59.84368134
v 67 -57.27666855 60.00259781
v 66.75881958 -57.27666855 60.10250092
v 66.75881958 -52.05333328 60.10250092
v 66.5 -46.83000183 60.13657379
v 66.75881958 -46.83000183 60.10250092
v 67 -46.83000183 60.00259781
v 67 -52.05333328 60.00259781
v 67.20710754 -46.83000183 59.84368134
v 67.20710754 -52.05333328 59.84368134
v 67.36602783 -46.83000183 59.63656998
v 67.36602783 -52.05333328 59.63656998
v 57.50000381 -36.83000183 59.13657379
v 57.50000381 -36.86407471 59.39538956
v 58.92314911 -36.93178558 59.13657379
v 59.05901337 -36.98677063 59.39538956
v 60.31732559 -37.23506927 59.13657379
v 60.57963943 -37.35184097 59.39538956
v 61.65415192 -37.73368073 59.13657379
v 62.02443695 -37.95029449 59.39538956
v 62.9064064 -38.41746521 59.13657379
v 63.35782242 -38.76739502 59.39538956
v 64.04860687 -39.2725029 59.13657379
v 64.54697418 -39.78302765 59.39538956
v 65.05749512 -40.28139114 59.13657379
v 65.56260681 -40.97217178 59.39538956
v 65.91253662 -41.42359161 59.13657379
v 66.37970734 -42.30556488 59.39538956
v 66.59632111 -42.67584991 59.13657379
v 66.97815704 -43.75035858 59.39538956
v 67.09493256 -44.01267624 59.13657379
v 67.3432312 -45.27098465 59.39538956
v 67.39821625 -45.40685272 59.13657379
v 57.50000381 -36.963974 59.63656998
v 59.04338455 -37.0854454 59.63656998
v 60.5487709 -37.44685364 59.63656998
v 61.9790802 -38.03930664 59.63656998
v 63.29910278 -38.84821701 59.63656998
v 64.47633362 -39.85366821 59.63656998
v 65.48178101 -41.03089523 59.63656998
v 66.29069519 -42.35091782 59.63656998
v 66.88314819 -43.78123093 59.63656998
v 67.24456024 -45.28661346 59.63656998
v 67.08759308 -45.31147385 59.84368134
v 66.88304138 -45.34387207 60.00259781
v 66.6448288 -45.38160324 60.10250092
v 66.3891983 -45.42208862 60.13657379
v 57.50000381 -37.12289429 59.84368134
v 59.01852417 -37.24240494 59.84368134
v 60.49966049 -37.59799194 59.84368134
v 61.90693283 -38.18090439 59.84368134
v 63.20569611 -38.97678375 59.84368134
v 64.36396027 -39.96603775 59.84368134
v 65.35321808 -41.12430573 59.84368134
v 66.14909363 -42.42306519 59.84368134
v 66.73200989 -43.83033371 59.84368134
v 57.50000381 -37.33000183 60.00259781
v 58.98612595 -37.44696426 60.00259781
v 60.43566132 -37.79496384 60.00259781
v 61.81290817 -38.36543655 60.00259781
v 63.08396149 -39.1443367 60.00259781
v 64.21751404 -40.11248398 60.00259781
v 65.18566132 -41.24604034 60.00259781
v 65.96456146 -42.51708984 60.00259781
v 66.53503418 -43.8943367 60.00259781
v 57.50000381 -37.57118225 60.10250092
v 58.94839859 -37.68517303 60.10250092
v 60.36113358 -38.02434158 60.10250092
v 61.70341492 -38.58033371 60.10250092
v 62.94219589 -39.33945847 60.10250092
v 64.04697418 -40.28302765 60.10250092
v 64.99053955 -41.38780212 60.10250092
v 65.74967194 -42.6265831 60.10250092
v 66.30565643 -43.96886444 60.10250092
v 57.50000381 -37.83000183 60.13657379
v 58.90790939 -37.94080353 60.13657379
v 60.28115463 -38.27049637 60.13657379
v 61.58591461 -38.81093979 60.13657379
v 62.79006195 -39.5488472 60.13657379
v 63.86396027 -40.46603775 60.13657379
v 64.78115082 -41.53993225 60.13657379
v 65.51905823 -42.74409103 60.13657379
v 66.05950928 -44.0488472 60.13657379
v 50 -36.83000183 59.13657379
v 53.75 -36.86407471 59.39538956
v 50 -36.86407471 59.39538956
v 53.75 -36.963974 59.63656998
v 50 -36.963974 59.63656998
v 53.75 -37.12289429 59.84368134
v 50 -37.12289429 59.84368134
v 53.75 -37.33000183 60.00259781
v 50 -37.33000183 60.00259781
v 53.75 -37.57118225 60.10250092
v 50 -37.57118225 60.10250092
v 50 -37.83000183 60.13657379
v 40 -26.82999992 59.13657379
v 39.96592712 -26.82999992 59.39538956
v 40.10178375 -28.25314903 59.13657379
v 40.06805801 -28.25799751 59.39538956
v 40.40507126 -29.64732552 59.13657379
v 40.37237549 -29.65692329 59.39538956
v 40.90367889 -30.98414993 59.13657379
v 40.87268448 -30.99830437 59.39538956
v 41.58746338 -32.23640823 59.13657379
v 41.55879974 -32.25482941 59.39538956
v 42.44250488 -33.3786087 59.13657379
v 42.41675186 -33.40092087 59.39538956
v 43.45139313 -34.38749695 59.13657379
v 43.42907715 -34.41324615 59.39538956
v 44.5935936 -35.24253082 59.13657379
v 44.57516861 -35.27120209 59.39538956
v 45.84584808 -35.92631912 59.13657379
v 45.83169556 -35.95731354 59.39538956
v 47.18267441 -36.42493057 59.13657379
v 47.17307281 -36.45762253 59.39538956
v 48.57685089 -36.72821426 59.13657379
v 48.57200241 -36.76194 59.39538956
v 48.55778503 -36.86082458 59.63656998
v 48.53516769 -37.01812363 59.84368134
v 48.50569534 -37.22312546 60.00259781
v 48.4713707 -37.46185303 60.10250092
v 48.43453598 -37.71803665 60.13657379
v 39.86602402 -26.82999992 59.63656998
v 39.96917343 -28.27221489 59.63656998
v 40.27652359 -29.68507004 59.63656998
v 40.78181076 -31.03980255 59.63656998
v 41.47475815 -32.30884171 59.63656998
v 42.34125137 -33.46634293 59.63656998
v 43.36365891 -34.48874664 59.63656998
v 44.52116013 -35.35523987 59.63656998
v 45.79019547 -36.04818726 59.63656998
v 47.14492798 -36.55347824 59.63656998
v 39.70710754 -26.82999992 59.84368134
v 39.81187439 -28.29483223 59.84368134
v 40.12404251 -29.72984314 59.84368134
v 40.63725662 -31.10582161 59.84368134
v 41.34106827 -32.39475632 59.84368134
v 42.22114944 -33.57041168 59.84368134
v 43.25959015 -34.60884857 59.84368134
v 44.4352417 -35.48893356 59.84368134
v 45.72417831 -36.19274521 59.84368134
v 47.10015869 -36.70595932 59.84368134
v 39.5 -26.82999992 60.00259781
v 39.60688019 -28.32430649 60.00259781
v 39.92532349 -29.78819275 60.00259781
v 40.44886398 -31.19185829 60.00259781
v 41.16683578 -32.50672913 60.00259781
v 42.0646286 -33.70603943 60.00259781
v 43.1239624 -34.76536942 60.00259781
v 44.32327271 -35.66316223 60.00259781
v 45.63814163 -36.38113785 60.00259781
v 47.04180908 -36.90467453 60.00259781
v 39.25881958 -26.82999992 60.10250092
v 39.3681488 -28.35862923 60.10250092
v 39.69391251 -29.85614014 60.10250092
v 40.22947693 -31.2920475 60.10250092
v 40.96394348 -32.63711929 60.10250092
v 41.88235855 -33.86397934 60.10250092
v 42.96602249 -34.94764328 60.10250092
v 44.19287872 -35.86605453 60.10250092
v 45.53795242 -36.60052109 60.10250092
v 46.97385788 -37.13608932 60.10250092
v 39 -26.82999992 60.13657379
v 39.11196518 -28.39546394 60.13657379
v 39.44557571 -29.92905807 60.13657379
v 39.99404907 -31.39956474 60.13657379
v 40.74621201 -32.77705002 60.13657379
v 41.68675613 -34.03346634 60.13657379
v 42.79653168 -35.1432457 60.13657379
v 44.05295181 -36.08378983 60.13657379
v 45.43043518 -36.83595276 60.13657379
v 46.90094376 -37.3844223 60.13657379
v 39.96592712 26.82999992 59.39538956
v 39.96592712 21.4640007 59.39538956
v 40 26.82999992 59.13657379
v 39.96592712 16.09799957 59.39538956
v 39.96592712 10.73200035 59.39538956
v 39.86602402 10.73200035 59.63656998
v 39.86602402 5.36600018 59.63656998
v 39.70710754 5.36600018 59.84368134
v 39.70710754 0 59.84368134
v 39.5 0 60.00259781
v 39.5 -5.36600018 60.00259781
v 39.25881958 -5.36600018 60.10250092
v 39.25881958 -10.73200035 60.10250092
v 39.25881958 -16.09799957 60.10250092
v 39.25881958 -21.4640007 60.10250092
v 39.5 -16.09799957 60.00259781
v 39.5 -21.4640007 60.00259781
v 39.70710754 -16.09799957 59.84368134
v 39.70710754 -21.4640007 59.84368134
v 39.86602402 -16.09799957 59.63656998
v 39.86602402 -21.4640007 59.63656998
v 39.96592712 -16.09799957 59.39538956
v 39.96592712 -21.4640007 59.39538956
v 39.86602402 21.4640007 59.63656998
v 39.86602402 26.82999992 59.63656998
v 39.70710754 21.4640007 59.84368134
v 39.70710754 26.82999992 59.84368134
v 39.5 21.4640007 60.00259781
v 39.5 26.82999992 60.00259781
v 39.25881958 21.4640007 60.10250092
v 39.25881958 26.82999992 60.10250092
v 39 26.82999992 60.13657379
v 39.25881958 0 60.10250092
v 39.25881958 5.36600018 60.10250092
v 39.25881958 10.73200035 60.10250092
v 39.5 10.73200035 60.00259781
v 39.5 16.09799957 60.00259781
v 39.70710754 16.09799957 59.84368134
v 39.96592712 0 59.39538956
v 39.96592712 -5.36600018 59.39538956
v 39.96592712 -10.73200035 59.39538956
v 39.86602402 -10.73200035 59.63656998
v 39.86602402 16.09799957 59.63656998
v 39.96592712 5.36600018 59.39538956
v 39.86602402 0 59.63656998
v 39.86602402 -5.36600018 59.63656998
v 39.70710754 -5.36600018 59.84368134
v 39.70710754 10.73200035 59.84368134
v 39.5 5.36600018 60.00259781
v 39.70710754 -10.73200035 59.84368134
v 39.5 -10.73200035 60.00259781
v 39.25881958 16.09799957 60.10250092
v 50 36.83000183 59.13657379
v 50 36.86407471 59.39538956
v 48.57685089 36.72821426 59.13657379
v 48.57200241 36.76194 59.39538956
v 47.18267441 36.42493057 59.13657379
v 47.17307281 36.45762253 59.39538956
v 45.84584808 35.92631912 59.13657379
v 45.83169556 35.95731354 59.39538956
v 44.5935936 35.24253082 59.13657379
v 44.57516861 35.27120209 59.39538956
v 43.45139313 34.38749695 59.13657379
v 43.42907715 34.41324615 59.39538956
v 42.44250488 33.3786087 59.13657379
v 42.41675186 33.40092087 59.39538956
v 41.58746338 32.23640823 59.13657379
v 41.55879974 32.25482941 59.39538956
v 40.90367889 30.98414993 59.13657379
v 40.87268448 30.99830437 59.39538956
v 40.40507126 29.64732552 59.13657379
v 40.37237549 29.65692329 59.39538956
v 40.10178375 28.25314903 59.13657379
v 40.06805801 28.25799751 59.39538956
v 39.96917343 28.27221489 59.63656998
v 39.81187439 28.29483223 59.84368134
v 39.60688019 28.32430649 60.00259781
v 39.3681488 28.35862923 60.10250092
v 39.11196518 28.39546394 60.13657379
v 50 36.963974 59.63656998
v 48.55778503 36.86082458 59.63656998
v 47.14492798 36.55347824 59.63656998
v 45.79019547 36.04818726 59.63656998
v 44.52116013 35.35523987 59.63656998
v 43.36365891 34.48874664 59.63656998
v 42.34125137 33.46634293 59.63656998
v 41.47475815 32.30884171 59.63656998
v 40.78181076 31.03980255 59.63656998
v 40.27652359 29.68507004 59.63656998
v 50 37.12289429 59.84368134
v 48.53516769 37.01812363 59.84368134
v 47.10015869 36.70595932 59.84368134
v 45.72417831 36.19274521 59.84368134
v 44.4352417 35.48893356 59.84368134
v 43.25959015 34.60884857 59.84368134
v 42.22114944 33.57041168 59.84368134
v 41.34106827 32.39475632 59.84368134
v 40.63725662 31.10582161 59.84368134
v 40.12404251 29.72984314 59.84368134
v 50 37.33000183 60.00259781
v 48.50569534 37.22312546 60.00259781
v 47.04180908 36.90467453 60.00259781
v 45.63814163 36.38113785 60.00259781
v 44.32327271 35.66316223 60.00259781
v 43.1239624 34.76536942 60.00259781
v 42.0646286 33.70603943 60.00259781
v 41.16683578 32.50672913 60.00259781
v 40.44886398 31.19185829 60.00259781
v 39.92532349 29.78819275 60.00259781
v 50 37.57118225 60.10250092
v 48.4713707 37.46185303 60.10250092
v 46.97385788 37.13608932 60.10250092
v 45.53795242 36.60052109 60.10250092
v 44.19287872 35.86605453 60.10250092
v 42.96602249 34.94764328 60.10250092
v 41.88235855 33.86397934 60.10250092
v 40.96394348 32.63711929 60.10250092
v 40.22947693 31.2920475 60.10250092
v 39.69391251 29.85614014 60.10250092
v 50 37.83000183 60.13657379
v 48.43453598 37.71803665 60.13657379
v 46.90094376 37.3844223 60.13657379
v 45.43043518 36.83595276 60.13657379
v 44.05295181 36.08378983 60.13657379
v 42.79653168 35.1432457 60.13657379
v 41.68675613 34.03346634 60.13657379
v 40.74621201 32.77705002 60.13657379
v 39.99404907 31.39956474 60.13657379
v 39.44557571 29.92905807 60.13657379
v 57.50000381 36.83000183 59.13657379
v 53.75 36.86407471 59.39538956
v 57.50000381 36.86407471 59.39538956
v 53.75 36.963974 59.63656998
v 57.50000381 36.963974 59.63656998
v 53.75 37.12289429 59.84368134
v 57.50000381 37.12289429 59.84368134
v 53.75 37.33000183 60.00259781
v 57.50000381 37.33000183 60.00259781
v 53.75 37.57118225 60.10250092
v 57.50000381 37.57118225 60.10250092
v 57.50000381 37.83000183 60.13657379
v 67.5 46.83000183 59.13657379
v 67.46592712 46.83000183 59.39538956
v 67.39821625 45.40685272 59.13657379
v 67.3432312 45.27098465 59.39538956
v 67.09493256 44.01267624 59.13657379
v 66.97815704 43.75035858 59.39538956
v 66.59632111 42.67584991 59.13657379
v 66.37970734 42.30556488 59.39538956
v 65.91253662 41.42359161 59.13657379
v 65.56260681 40.97217178 59.39538956
v 65.05749512 40.28139114 59.13657379
v 64.54697418 39.78302765 59.39538956
v 64.04860687 39.2725029 59.13657379
v 63.35782242 38.76739502 59.39538956
v 62.9064064 38.41746521 59.13657379
v 62.02443695 37.95029449 59.39538956
v 61.65415192 37.73368073 59.13657379
v 60.57963943 37.35184097 59.39538956
v 60.31732559 37.23506927 59.13657379
v 59.05901337 36.98677063 59.39538956
v 58.92314911 36.93178558 59.13657379
v 67.36602783 46.83000183 59.63656998
v 67.24456024 45.28661346 59.63656998
v 66.88314819 43.78123093 59.63656998
v 66.29069519 42.35091782 59.63656998
v 65.48178101 41.03089523 59.63656998
v 64.47633362 39.85366821 59.63656998
v 63.29910278 38.84821701 59.63656998
v 61.9790802 38.03930664 59.63656998
v 60.5487709 37.44685364 59.63656998
v 59.04338455 37.0854454 59.63656998
v 59.01852417 37.24240494 59.84368134
v 58.98612595 37.44696426 60.00259781
v 58.94839859 37.68517303 60.10250092
v 58.90790939 37.94080353 60.13657379
v 67.20710754 46.83000183 59.84368134
v 67.08759308 45.31147385 59.84368134
v 66.73200989 43.83033371 59.84368134
v 66.14909363 42.42306519 59.84368134
v 65.35321808 41.12430573 59.84368134
v 64.36396027 39.96603775 59.84368134
v 63.20569611 38.97678375 59.84368134
v 61.90693283 38.18090439 59.84368134
v 60.49966049 37.59799194 59.84368134
v 67 46.83000183 60.00259781
v 66.88304138 45.34387207 60.00259781
v 66.53503418 43.8943367 60.00259781
v 65.96456146 42.51708984 60.00259781
v 65.18566132 41.24604034 60.00259781
v 64.21751404 40.11248398 60.00259781
v 63.08396149 39.1443367 60.00259781
v 61.81290817 38.36543655 60.00259781
v 60.43566132 37.79496384 60.00259781
v 66.75881958 46.83000183 60.10250092
v 66.6448288 45.38160324 60.10250092
v 66.30565643 43.96886444 60.10250092
v 65.74967194 42.6265831 60.10250092
v 64.99053955 41.38780212 60.10250092
v 64.04697418 40.28302765 60.10250092
v 62.94219589 39.33945847 60.10250092
v 61.70341492 38.58033371 60.10250092
v 60.36113358 38.02434158 60.10250092
v 66.5 46.83000183 60.13657379
v 66.3891983 45.42208862 60.13657379
v 66.05950928 44.0488472 60.13657379
v 65.51905823 42.74409103 60.13657379
v 64.78115082 41.53993225 60.13657379
v 63.86396027 40.46603775 60.13657379
v 62.79006195 39.5488472 60.13657379
v 61.58591461 38.81093979 60.13657379
v 60.28115463 38.27049637 60.13657379
v 67.46592712 62.5 59.39538956
v 67.46592712 57.27666855 59.39538956
v 67.5 62.5 59.13657379
v 67.46592712 52.05333328 59.39538956
v 67.36602783 52.05333328 59.63656998
v 67.20710754 52.05333328 59.84368134
v 67 52.05333328 60.00259781
v 66.75881958 52.05333328 60.10250092
v 66.75881958 57.27666855 60.10250092
v 66.5 62.5 60.13657379
v 66.75881958 62.5 60.10250092
v 67 62.5 60.00259781
v 67 57.27666855 60.00259781
v 67.20710754 62.5 59.84368134
v 67.20710754 57.27666855 59.84368134
v 67.36602783 62.5 59.63656998
v 67.36602783 57.27666855 59.63656998
v 62.5 67.5 59.13657379
v 62.5 67.46592712 59.39538956
v 63.47545242 67.40392303 59.13657379
v 63.46880341 67.37050629 59.39538956
v 64.413414 67.11940002 59.13657379
v 64.40037537 67.08791351 59.39538956
v 65.27785492 66.65734863 59.13657379
v 65.25891876 66.62901306 59.39538956
v 66.03553772 66.03553772 59.13657379
v 66.01143646 66.01143646 59.39538956
v 66.65734863 65.27785492 59.13657379
v 66.62901306 65.25891876 59.39538956
v 67.11940002 64.413414 59.13657379
v 67.08791351 64.40037537 59.39538956
v 67.40392303 63.47545242 59.13657379
v 67.37050629 63.46880341 59.39538956
v 67.2725296 63.44931412 59.63656998
v 67.11666107 63.41831207 59.84368134
v 66.91353607 63.3779068 60.00259781
v 66.67698669 63.33085251 60.10250092
v 66.39971161 63.39008331 60.13657379
v 66.43463898 64.129776 60.10250092
v 66.10387421 64.23553467 60.13657379
v 66.04107666 64.86607361 60.10250092
v 65.62732697 64.99395752 60.13657379
v 65.51143646 65.51143646 60.10250092
v 64.99395752 65.62732697 60.13657379
v 64.86607361 66.04107666 60.10250092
v 64.23553467 66.10387421 60.13657379
v 64.129776 66.43463898 60.10250092
v 63.39008331 66.39971161 60.13657379
v 63.33085251 66.67698669 60.10250092
v 62.5 66.5 60.13657379
v 62.5 66.75881958 60.10250092
v 63.3779068 66.91353607 60.00259781
v 62.5 67 60.00259781
v 63.41831207 67.11666107 59.84368134
v 62.5 67.20710754 59.84368134
v 63.44931412 67.2725296 59.63656998
v 62.5 67.36602783 59.63656998
v 64.22207642 66.65745544 60.00259781
v 65.00006866 66.2416153 60.00259781
v 65.68198395 65.68198395 60.00259781
v 66.2416153 65.00006866 60.00259781
v 66.65745544 64.22207642 60.00259781
v 64.30133057 66.84880066 59.84368134
v 65.11512756 66.41381836 59.84368134
v 65.82843018 65.82843018 59.84368134
v 66.41381836 65.11512756 59.84368134
v 66.84880066 64.30133057 59.84368134
v 64.36214447 66.99562073 59.63656998
v 65.20342255 66.54595184 59.63656998
v 65.9407959 65.9407959 59.63656998
v 66.54595184 65.20342255 59.63656998
v 66.99562073 64.36214447 59.63656998
v -36.83000183 66.5 60.13657379
v -36.83000183 66.57206726 60.13397217
v -62.5 66.5 60.13657379
v -36.83000183 66.64376068 60.12618637
v -62.5 66.75881958 60.10250092
v -57.06521606 66.75881958 60.10250092
v -62.5 67 60.00259781
v -57.06521606 67 60.00259781
v -62.5 67.20710754 59.84368134
v -57.06521606 67.20710754 59.84368134
v -62.5 67.36602783 59.63656998
v -57.06521606 67.36602783 59.63656998
v -62.5 67.46592712 59.39538956
v -57.06521606 67.46592712 59.39538956
v -62.5 67.5 59.13657379
v -51.63043594 67.46592712 59.39538956
v -46.19565201 67.46592712 59.39538956
v -46.19565201 67.36602783 59.63656998
v -40.76086807 67.36602783 59.63656998
v -40.76086807 67.20710754 59.84368134
v -35.32608795 67.20710754 59.84368134
v -35.32608795 67 60.00259781
v -29.89130402 67 60.00259781
v -29.89130402 66.75881958 60.10250092
v -24.45652199 66.75881958 60.10250092
v -36.83000183 66.71469879 60.11325455
v -19.02173996 66.75881958 60.10250092
v -13.58695698 66.75881958 60.10250092
v -19.02173996 67 60.00259781
v -13.58695698 67 60.00259781
v -19.02173996 67.20710754 59.84368134
v -13.58695698 67.20710754 59.84368134
v -19.02173996 67.36602783 59.63656998
v -13.58695698 67.36602783 59.63656998
v -19.02173996 67.46592712 59.39538956
v -13.58695698 67.46592712 59.39538956
v -8.152174 67.46592712 59.39538956
v -2.71739125 67.46592712 59.39538956
v -2.71739125 67.36602783 59.63656998
v 2.71739125 67.36602783 59.63656998
v 2.71739125 67.20710754 59.84368134
v 8.152174 67.20710754 59.84368134
v 8.152174 67 60.00259781
v 13.58695698 67 60.00259781
v 13.58695698 66.75881958 60.10250092
v 19.02173996 66.75881958 60.10250092
v 36.83000183 66.71469879 60.11325455
v 24.45652199 66.75881958 60.10250092
v 29.89130402 66.75881958 60.10250092
v 24.45652199 67 60.00259781
v 29.89130402 67 60.00259781
v 24.45652199 67.20710754 59.84368134
v 29.89130402 67.20710754 59.84368134
v 24.45652199 67.36602783 59.63656998
v 29.89130402 67.36602783 59.63656998
v 24.45652199 67.46592712 59.39538956
v 29.89130402 67.46592712 59.39538956
v 35.32608795 67.46592712 59.39538956
v 40.76086807 67.46592712 59.39538956
v 40.76086807 67.36602783 59.63656998
v 46.19565201 67.36602783 59.63656998
v 46.19565201 67.20710754 59.84368134
v 51.63043594 67.20710754 59.84368134
v 51.63043594 67 60.00259781
v 57.06521606 67 60.00259781
v 57.06521606 66.75881958 60.10250092
v 51.63043594 66.75881958 60.10250092
v 46.19565201 66.75881958 60.10250092
v 46.19565201 67 60.00259781
v 40.76086807 67 60.00259781
v 40.76086807 67.20710754 59.84368134
v 35.32608795 67.20710754 59.84368134
v 35.32608795 67.36602783 59.63656998
v -40.76086807 66.75881958 60.10250092
v -46.19565201 66.75881958 60.10250092
v -51.63043594 66.75881958 60.10250092
v -51.63043594 67 60.00259781
v -2.71739125 66.75881958 60.10250092
v -8.152174 66.75881958 60.10250092
v 36.83000183 66.64376068 60.12618637
v 40.76086807 66.75881958 60.10250092
v 35.32608795 66.75881958 60.10250092
v 36.83000183 66.57206726 60.13397217
v 35.32608795 67 60.00259781
v 36.83000183 66.5 60.13657379
v 57.06521606 67.20710754 59.84368134
v 51.63043594 67.36602783 59.63656998
v 46.19565201 67.46592712 59.39538956
v 57.06521606 67.36602783 59.63656998
v 51.63043594 67.46592712 59.39538956
v 57.06521606 67.46592712 59.39538956
v 2.71739125 67.46592712 59.39538956
v 8.152174 67.46592712 59.39538956
v 13.58695698 67.46592712 59.39538956
v 13.58695698 67.36602783 59.63656998
v 19.02173996 67.36602783 59.63656998
v 19.02173996 67.20710754 59.84368134
v 19.02173996 67 60.00259781
v 8.152174 66.75881958 60.10250092
v 2.71739125 66.75881958 60.10250092
v -2.71739125 67 60.00259781
v -8.152174 67 60.00259781
v -8.152174 67.20710754 59.84368134
v 2.71739125 67 60.00259781
v -24.45652199 67 60.00259781
v -24.45652199 67.20710754 59.84368134
v -24.45652199 67.36602783 59.63656998
v -24.45652199 67.46592712 59.39538956
v -35.32608795 66.75881958 60.10250092
v -40.76086807 67 60.00259781
v -46.19565201 67 60.00259781
v -46.19565201 67.20710754 59.84368134
v 13.58695698 67.20710754 59.84368134
v 8.152174 67.36602783 59.63656998
v -2.71739125 67.20710754 59.84368134
v -29.89130402 67.20710754 59.84368134
v -35.32608795 67.36602783 59.63656998
v -40.76086807 67.46592712 59.39538956
v -51.63043594 67.20710754 59.84368134
v -8.152174 67.36602783 59.63656998
v -29.89130402 67.36602783 59.63656998
v -29.89130402 67.46592712 59.39538956
v -51.63043594 67.36602783 59.63656998
v 19.02173996 67.46592712 59.39538956
v -35.32608795 67.46592712 59.39538956
v -67.5 62.5 59.13657379
v -67.46592712 62.5 59.39538956
v -67.40392303 63.47545242 59.13657379
v -67.37050629 63.46880341 59.39538956
v -67.11940002 64.413414 59.13657379
v -67.08791351 64.40037537 59.39538956
v -66.65734863 65.27785492 59.13657379
v -66.62901306 65.25891876 59.39538956
v -66.03553772 66.03553772 59.13657379
v -66.01143646 66.01143646 59.39538956
v -65.27785492 66.65734863 59.13657379
v -65.25891876 66.62901306 59.39538956
v -64.413414 67.11940002 59.13657379
v -64.40037537 67.08791351 59.39538956
v -63.47545242 67.40392303 59.13657379
v -63.46880341 67.37050629 59.39538956
v -63.44931412 67.2725296 59.63656998
v -63.41831207 67.11666107 59.84368134
v -63.3779068 66.91353607 60.00259781
v -63.33085251 66.67698669 60.10250092
v -63.39008331 66.39971161 60.13657379
v -64.129776 66.43463898 60.10250092
v -64.23553467 66.10387421 60.13657379
v -64.86607361 66.04107666 60.10250092
v -64.99395752 65.62732697 60.13657379
v -65.51143646 65.51143646 60.10250092
v -65.62732697 64.99395752 60.13657379
v -66.04107666 64.86607361 60.10250092
v -66.10387421 64.23553467 60.13657379
v -66.43463898 64.129776 60.10250092
v -66.39971161 63.39008331 60.13657379
v -66.67698669 63.33085251 60.10250092
v -66.5 62.5 60.13657379
v -66.75881958 62.5 60.10250092
v -66.91353607 63.3779068 60.00259781
v -67 62.5 60.00259781
v -67.11666107 63.41831207 59.84368134
v -67.20710754 62.5 59.84368134
v -67.2725296 63.44931412 59.63656998
v -67.36602783 62.5 59.63656998
v -66.65745544 64.22207642 60.00259781
v -66.2416153 65.00006866 60.00259781
v -65.68198395 65.68198395 60.00259781
v -65.00006866 66.2416153 60.00259781
v -64.22207642 66.65745544 60.00259781
v -66.84880066 64.30133057 59.84368134
v -66.41381836 65.11512756 59.84368134
v -65.82843018 65.82843018 59.84368134
v -65.11512756 66.41381836 59.84368134
v -64.30133057 66.84880066 59.84368134
v -66.99562073 64.36214447 59.63656998
v -66.54595184 65.20342255 59.63656998
v -65.9407959 65.9407959 59.63656998
v -65.20342255 66.54595184 59.63656998
v -64.36214447 66.99562073 59.63656998
v -67.46592712 46.83000183 59.39538956
v -67.46592712 52.05333328 59.39538956
v -67.5 46.83000183 59.13657379
v -67.46592712 57.27666855 59.39538956
v -67.36602783 57.27666855 59.63656998
v -67.20710754 57.27666855 59.84368134
v -67 57.27666855 60.00259781
v -66.75881958 57.27666855 60.10250092
v -66.75881958 52.05333328 60.10250092
v -66.5 46.83000183 60.13657379
v -66.75881958 46.83000183 60.10250092
v -67 46.83000183 60.00259781
v -67 52.05333328 60.00259781
v -67.20710754 46.83000183 59.84368134
v -67.20710754 52.05333328 59.84368134
v -67.36602783 46.83000183 59.63656998
v -67.36602783 52.05333328 59.63656998
v -57.50000381 36.83000183 59.13657379
v -57.50000381 36.86407471 59.39538956
v -58.92314911 36.93178558 59.13657379
v -59.05901337 36.98677063 59.39538956
v -60.31732559 37.23506927 59.13657379
v -60.57963943 37.35184097 59.39538956
v -61.65415192 37.73368073 59.13657379
v -62.02443695 37.95029449 59.39538956
v -62.9064064 38.41746521 59.13657379
v -63.35782242 38.76739502 59.39538956
v -64.04860687 39.2725029 59.13657379
v -64.54697418 39.78302765 59.39538956
v -65.05749512 40.28139114 59.13657379
v -65.56260681 40.97217178 59.39538956
v -65.91253662 41.42359161 59.13657379
v -66.37970734 42.30556488 59.39538956
v -66.59632111 42.67584991 59.13657379
v -66.97815704 43.75035858 59.39538956
v -67.09493256 44.01267624 59.13657379
v -67.3432312 45.27098465 59.39538956
v -67.39821625 45.40685272 59.13657379
v -57.50000381 36.963974 59.63656998
v -59.04338455 37.0854454 59.63656998
v -60.5487709 37.44685364 59.63656998
v -61.9790802 38.03930664 59.63656998
v -63.29910278 38.84821701 59.63656998
v -64.47633362 39.85366821 59.63656998
v -65.48178101 41.03089523 59.63656998
v -66.29069519 42.35091782 59.63656998
v -66.88314819 43.78123093 59.63656998
v -67.24456024 45.28661346 59.63656998
v -67.08759308 45.31147385 59.84368134
v -66.88304138 45.34387207 60.00259781
v -66.6448288 45.38160324 60.10250092
v -66.3891983 45.42208862 60.13657379
v -57.50000381 37.12289429 59.84368134
v -59.01852417 37.24240494 59.84368134
v -60.49966049 37.59799194 59.84368134
v -61.90693283 38.18090439 59.84368134
v -63.20569611 38.97678375 59.84368134
v -64.36396027 39.96603775 59.84368134
v -65.35321808 41.12430573 59.84368134
v -66.14909363 42.42306519 59.84368134
v -66.73200989 43.83033371 59.84368134
v -57.50000381 37.33000183 60.00259781
v -58.98612595 37.44696426 60.00259781
v -60.43566132 37.79496384 60.00259781
v -61.81290817 38.36543655 60.00259781
v -63.08396149 39.1443367 60.00259781
v -64.21751404 40.11248398 60.00259781
v -65.18566132 41.24604034 60.00259781
v -65.96456146 42.51708984 60.00259781
v -66.53503418 43.8943367 60.00259781
v -57.50000381 37.57118225 60.10250092
v -58.94839859 37.68517303 60.10250092
v -60.36113358 38.02434158 60.10250092
v -61.70341492 38.58033371 60.10250092
v -62.94219589 39.33945847 60.10250092
v -64.04697418 40.28302765 60.10250092
v -64.99053955 41.38780212 60.10250092
v -65.74967194 42.6265831 60.10250092
v -66.30565643 43.96886444 60.10250092
v -57.50000381 37.83000183 60.13657379
v -58.90790939 37.94080353 60.13657379
v -60.28115463 38.27049637 60.13657379
v -61.58591461 38.81093979 60.13657379
v -62.79006195 39.5488472 60.13657379
v -63.86396027 40.46603775 60.13657379
v -64.78115082 41.53993225 60.13657379
v -65.51905823 42.74409103 60.13657379
v -66.05950928 44.0488472 60.13657379
v -53.75 36.86407471 59.39538956
v -53.75 36.963974 59.63656998
v -53.75 37.12289429 59.84368134
v -53.75 37.33000183 60.00259781
v -53.75 37.57118225 60.10250092
v 62.5 -67.5 55.13657761
v 46.83000183 -67.5 55.13657761
v 45.40685272 -67.39821625 55.13657761
v 44.01267624 -67.09493256 55.13657761
v 42.67584991 -66.59632111 55.13657761
v 41.42359161 -65.91253662 55.13657761
v 40.28139114 -65.05749512 55.13657761
v 39.2725029 -64.04860687 55.13657761
v 38.41746521 -62.9064064 55.13657761
v 37.73368073 -61.65415192 55.13657761
v 37.23506927 -60.31732559 55.13657761
v 36.93178558 -58.92314911 55.13657761
v 36.83000183 -57.50000381 55.13657761
v 36.83000183 -50 55.13657761
v 36.72821426 -48.57685089 55.13657761
v 36.42493057 -47.18267441 55.13657761
v 35.92631912 -45.84584808 55.13657761
v 35.24253082 -44.5935936 55.13657761
v 34.38749695 -43.45139313 55.13657761
v 33.3786087 -42.44250488 55.13657761
v 32.23640823 -41.58746338 55.13657761
v 30.98414993 -40.90367889 55.13657761
v 29.64732552 -40.40507126 55.13657761
v 28.25314903 -40.10178375 55.13657761
v 26.82999992 -40 55.13657761
v -26.82999992 -40 55.13657761
v -28.25314903 -40.10178375 55.13657761
v -29.64732552 -40.40507126 55.13657761
v -30.98414993 -40.90367889 55.13657761
v -32.23640823 -41.58746338 55.13657761
v -33.3786087 -42.44250488 55.13657761
v -34.38749695 -43.45139313 55.13657761
v -35.24253082 -44.5935936 55.13657761
v -35.92631912 -45.84584808 55.13657761
v -36.42493057 -47.18267441 55.13657761
v -36.72821426 -48.57685089 55.13657761
v -36.83000183 -50 55.13657761
v -36.83000183 -57.50000381 55.13657761
v -36.93178558 -58.92314911 55.13657761
v -37.23506927 -60.31732559 55.13657761
v -37.73368073 -61.65415192 55.13657761
v -38.41746521 -62.9064064 55.13657761
v -39.2725029 -64.04860687 55.13657761
v -40.28139114 -65.05749512 55.13657761
v -41.42359161 -65.91253662 55.13657761
v -42.67584991 -66.59632111 55.13657761
v -44.01267624 -67.09493256 55.13657761
v -45.40685272 -67.39821625 55.13657761
v -46.83000183 -67.5 55.13657761
v -62.5 -67.5 55.13657761
v -63.47545242 -67.40392303 55.13657761
v -64.413414 -67.11940002 55.13657761
v -65.27785492 -66.65734863 55.13657761
v -66.03553772 -66.03553772 55.13657761
v -66.65734863 -65.27785492 55.13657761
v -67.11940002 -64.413414 55.13657761
v -67.40392303 -63.47545242 55.13657761
v -67.5 -62.5 55.13657761
v -67.5 -46.83000183 55.13657761
v -67.39821625 -45.40685272 55.13657761
v -67.09493256 -44.01267624 55.13657761
v -66.59632111 -42.67584991 55.13657761
v -65.91253662 -41.42359161 55.13657761
v -65.05749512 -40.28139114 55.13657761
v -64.04860687 -39.2725029 55.13657761
v -62.9064064 -38.41746521 55.13657761
v -61.65415192 -37.73368073 55.13657761
v -60.31732559 -37.23506927 55.13657761
v -58.92314911 -36.93178558 55.13657761
v -57.50000381 -36.83000183 55.13657761
v -50 -36.83000183 55.13657761
v -48.57685089 -36.72821426 55.13657761
v -47.18267441 -36.42493057 55.13657761
v -45.84584808 -35.92631912 55.13657761
v -44.5935936 -35.24253082 55.13657761
v -43.45139313 -34.38749695 55.13657761
v -42.44250488 -33.3786087 55.13657761
v -41.58746338 -32.23640823 55.13657761
v -40.90367889 -30.98414993 55.13657761
v -40.40507126 -29.64732552 55.13657761
v -40.10178375 -28.25314903 55.13657761
v -40 -26.82999992 55.13657761
v -40 26.82999992 55.13657761
v -40.10178375 28.25314903 55.13657761
v -40.40507126 29.64732552 55.13657761
v -40.90367889 30.98414993 55.13657761
v -41.58746338 32.23640823 55.13657761
v -42.44250488 33.3786087 55.13657761
v -43.45139313 34.38749695 55.13657761
v -44.5935936 35.24253082 55.13657761
v -45.84584808 35.92631912 55.13657761
v -47.18267441 36.42493057 55.13657761
v -48.57685089 36.72821426 55.13657761
v -50 36.83000183 55.13657761
v -1.49003828 42.33573532 55.13657761
v -0 42.4548111 55.13657761
v 0 40.8902359 64.00973511
v 1.49003828 42.33573532 55.13657761
v 1.49003828 40.77474594 63.98937607
v 2.94338679 41.98143387 55.13657761
v 2.94338679 40.43112946 63.92878723
v 4.32425928 41.40063477 55.13657761
v 4.32425928 39.86784363 63.82946014
v 5.59865427 40.6076355 55.13657761
v 5.59865427 39.0987587 63.69385147
v 6.7351923 39.62196732 55.13657761
v 6.7351923 38.14281082 63.52529144
v 7.70588732 38.46789551 55.13657761
v 7.70588732 37.0235405 63.32793808
v 8.48683643 37.17384338 55.13657761
v 8.48683643 35.7685051 63.10663986
v 9.0588131 35.77166748 55.13657761
v 9.0588131 34.4086113 62.86684799
v 9.40773106 34.29589844 55.13657761
v 9.40773106 32.9773407 62.61448288
v 9.52499962 32.78287506 55.13657761
v 9.52499962 31.5099411 62.35573578
v 9.40773106 31.26984978 55.13657761
v 9.40773106 30.0425396 62.09699631
v 9.0588131 29.79408073 55.13657761
v 9.0588131 28.6112709 61.84462357
v 8.48683643 28.39190483 55.13657761
v 8.48683643 27.2513752 61.60483932
v 7.70588732 27.0978508 55.13657761
v 7.70588732 25.99634171 61.38354111
v 6.7351923 25.9437809 55.13657761
v 6.7351923 24.87707138 61.18618393
v 5.59865427 24.95811081 55.13657761
v 5.59865427 23.9211235 61.0176239
v 4.32425928 24.16511345 55.13657761
v 4.32425928 23.15203667 60.88201141
v 2.94338679 23.58431435 55.13657761
v 2.94338679 22.58875084 60.78269196
v 1.49003828 23.23001289 55.13657761
v 1.49003828 22.24513245 60.72210312
v 0 23.11093521 55.13657761
v 0 22.1296463 60.70174026
v -1.49003828 22.24513245 60.72210312
v -1.49003828 23.23001289 55.13657761
v -2.94338679 22.58875084 60.78269196
v -2.94338679 23.58431435 55.13657761
v -4.32425928 23.15203667 60.88201141
v -4.32425928 24.16511345 55.13657761
v -5.59865427 23.9211235 61.0176239
v -5.59865427 24.95811081 55.13657761
v -6.7351923 24.87707138 61.18618393
v -6.7351923 25.9437809 55.13657761
v -7.70588732 25.99634171 61.38354111
v -7.70588732 27.0978508 55.13657761
v -8.48683643 27.2513752 61.60483932
v -8.48683643 28.39190483 55.13657761
v -9.0588131 28.6112709 61.84462357
v -9.0588131 29.79408073 55.13657761
v -9.40773106 30.0425396 62.09699631
v -9.40773106 31.26984978 55.13657761
v -9.52499962 31.5099411 62.35573578
v -9.52499962 32.78287506 55.13657761
v -9.40773106 32.9773407 62.61448288
v -9.40773106 34.29589844 55.13657761
v -9.0588131 34.4086113 62.86684799
v -9.0588131 35.77166748 55.13657761
v -8.48683643 35.7685051 63.10663986
v -8.48683643 37.17384338 55.13657761
v -7.70588732 37.0235405 63.32793808
v -7.70588732 38.46789551 55.13657761
v -6.7351923 38.14281082 63.52529144
v -6.7351923 39.62196732 55.13657761
v -5.59865427 39.0987587 63.69385147
v -5.59865427 40.6076355 55.13657761
v -4.32425928 39.86784363 63.82946014
v -4.32425928 41.40063477 55.13657761
v -2.94338679 40.43112946 63.92878723
v -2.94338679 41.98143387 55.13657761
v -1.49003828 40.77474594 63.98937607
v -3.88376737 30.56722069 62.18951035
v -4 31.5099411 62.35573578
v -3.54182386 29.67929077 62.03294373
v -2.99404311 28.89774704 61.89513779
v -2.272259 28.26801682 61.78409958
v -1.4184196 27.82669449 61.70628357
v -0.48214668 27.59943008 61.66621399
v 0.48214668 27.59943008 61.66621399
v 1.4184196 27.82669449 61.70628357
v 2.272259 28.26801682 61.78409958
v 2.99404311 28.89774704 61.89513779
v 3.54182386 29.67929077 62.03294373
v 3.88376737 30.56722069 62.18951035
v 4 31.5099411 62.35573578
v 3.88376737 32.45265961 62.52196503
v 3.54182386 33.34059143 62.67853546
v 2.99404311 34.12213516 62.8163414
v 2.272259 34.75186539 62.92737579
v 1.4184196 35.1931839 63.00519562
v 0.48214668 35.4204483 63.04526901
v -0.48214668 35.4204483 63.04526901
v -1.4184196 35.1931839 63.00519562
v -2.272259 34.75186539 62.92737579
v -2.99404311 34.12213516 62.8163414
v -3.54182386 33.34059143 62.67853546
v -3.88376737 32.45265961 62.52196503
v -3.88376737 30.46786118 73.77832031
v -4 29.52514076 73.61209106
v -3.88376737 28.58242226 73.44586182
v -3.54182386 27.69449043 73.28929901
v -2.99404311 26.91294861 73.15149689
v -2.272259 26.28321838 73.04045105
v -1.4184196 25.84189606 72.96263123
v -0.48214668 25.61463165 72.92256165
v 0.48214668 25.61463165 72.92256165
v 1.4184196 25.84189606 72.96263123
v 2.272259 26.28321838 73.04045105
v 2.99404311 26.91294861 73.15149689
v 3.54182386 27.69449043 73.28929901
v 3.88376737 28.58242226 73.44586182
v 4 29.52514076 73.61209106
v 3.88376737 30.46786118 73.77832031
v 3.54182386 31.355793 73.93488312
v 2.99404311 32.13733673 74.07269287
v 2.272259 32.76706696 74.18373108
v 1.4184196 33.20838547 74.26154327
v 0.48214668 33.43564987 74.30162048
v -0.48214668 33.43564987 74.30162048
v -1.4184196 33.20838547 74.26154327
v -2.272259 32.76706696 74.18373108
v -2.99404311 32.13733673 74.07269287
v -3.54182386 31.355793 73.93488312
v -36.83000183 -35.07824707 60.13657379
v -36.83000183 -35.07824707 62.22077179
v -36.83000183 66.71469879 69.79662323
v -36.83000183 64.97821808 79.86342621
v -36.83000183 66.67671967 70.23074341
v -36.83000183 66.69779968 70.08686066
v -36.83000183 66.71047211 69.94198608
v 36.83000183 64.97821808 79.86342621
v 36.83000183 -35.07824707 62.22077179
v 36.83000183 66.67671967 70.23074341
v 36.83000183 66.69779968 70.08686066
v 36.83000183 66.71047211 69.94198608
v 36.83000183 66.71469879 69.79662323
v 36.83000183 -35.07824707 60.13657379
v 57.10222244 59.22354126 60.13657379
v 57.10222244 59.22354126 55.13657761
v 57 60 60.13657379
v 57 60 55.13657761
v 57.10222244 60.77645874 60.13657379
v 57.10222244 60.77645874 55.13657761
v 57.40192413 61.5 60.13657379
v 57.40192413 61.5 55.13657761
v 57.87868118 62.12131882 60.13657379
v 57.87868118 62.12131882 55.13657761
v 58.5 62.59807587 60.13657379
v 58.5 62.59807587 55.13657761
v 59.22354126 62.89777756 60.13657379
v 59.22354126 62.89777756 55.13657761
v 60 63 60.13657379
v 60 63 55.13657761
v 60.77645874 62.89777756 60.13657379
v 60.77645874 62.89777756 55.13657761
v 61.5 62.59807587 60.13657379
v 61.5 62.59807587 55.13657761
v 62.12131882 62.12131882 60.13657379
v 62.12131882 62.12131882 55.13657761
v 62.59807587 61.5 60.13657379
v 62.59807587 61.5 55.13657761
v 62.89777756 60.77645874 60.13657379
v 62.89777756 60.77645874 55.13657761
v 63 60 60.13657379
v 63 60 55.13657761
v 62.89777756 59.22354126 60.13657379
v 62.89777756 59.22354126 55.13657761
v 62.59807587 58.5 60.13657379
v 62.59807587 58.5 55.13657761
v 62.12131882 57.87868118 60.13657379
v 62.12131882 57.87868118 55.13657761
v 61.5 57.40192413 60.13657379
v 61.5 57.40192413 55.13657761
v 60.77645874 57.10222244 60.13657379
v 60.77645874 57.10222244 55.13657761
v 60 57 60.13657379
v 60 57 55.13657761
v 59.22354126 57.10222244 60.13657379
v 59.22354126 57.10222244 55.13657761
v 58.5 57.40192413 60.13657379
v 58.5 57.40192413 55.13657761
v 57.87868118 57.87868118 60.13657379
v 57.87868118 57.87868118 55.13657761
v 57.40192413 58.5 60.13657379
v 57.40192413 58.5 55.13657761
v -62.89777756 -60.77645874 60.13657379
v -62.89777756 -60.77645874 55.13657761
v -63 -60 60.13657379
v -63 -60 55.13657761
v -62.89777756 -59.22354126 60.13657379
v -62.89777756 -59.22354126 55.13657761
v -62.59807587 -58.5 60.13657379
v -62.59807587 -58.5 55.13657761
v -62.12131882 -57.87868118 60.13657379
v -62.12131882 -57.87868118 55.13657761
v -61.5 -57.40192413 60.13657379
v -61.5 -57.40192413 55.13657761
v -60.77645874 -57.10222244 60.13657379
v -60.77645874 -57.10222244 55.13657761
v -60 -57 60.13657379
v -60 -57 55.13657761
v -59.22354126 -57.10222244 60.13657379
v -59.22354126 -57.10222244 55.13657761
v -58.5 -57.40192413 60.13657379
v -58.5 -57.40192413 55.13657761
v -57.87868118 -57.87868118 60.13657379
v -57.87868118 -57.87868118 55.13657761
v -57.40192413 -58.5 60.13657379
v -57.40192413 -58.5 55.13657761
v -57.10222244 -59.22354126 60.13657379
v -57.10222244 -59.22354126 55.13657761
v -57 -60 60.13657379
v -57 -60 55.13657761
v -57.10222244 -60.77645874 60.13657379
v -57.10222244 -60.77645874 55.13657761
v -57.40192413 -61.5 60.13657379
v -57.40192413 -61.5 55.13657761
v -57.87868118 -62.12131882 60.13657379
v -57.87868118 -62.12131882 55.13657761
v -58.5 -62.59807587 60.13657379
v -58.5 -62.59807587 55.13657761
v -59.22354126 -62.89777756 60.13657379
v -59.22354126 -62.89777756 55.13657761
v -60 -63 60.13657379
v -60 -63 55.13657761
v -60.77645874 -62.89777756 60.13657379
v -60.77645874 -62.89777756 55.13657761
v -61.5 -62.59807587 60.13657379
v -61.5 -62.59807587 55.13657761
v -62.12131882 -62.12131882 60.13657379
v -62.12131882 -62.12131882 55.13657761
v -62.59807587 -61.5 60.13657379
v -62.59807587 -61.5 55.13657761
v -62.89777756 59.22354126 60.13657379
v -62.89777756 59.22354126 55.13657761
v -63 60 60.13657379
v -63 60 55.13657761
v -62.89777756 60.77645874 60.13657379
v -62.89777756 60.77645874 55.13657761
v -62.59807587 61.5 60.13657379
v -62.59807587 61.5 55.13657761
v -62.12131882 62.12131882 60.13657379
v -62.12131882 62.12131882 55.13657761
v -61.5 62.59807587 60.13657379
v -61.5 62.59807587 55.13657761
v -60.77645874 62.89777756 60.13657379
v -60.77645874 62.89777756 55.13657761
v -60 63 60.13657379
v -60 63 55.13657761
v -59.22354126 62.89777756 60.13657379
v -59.22354126 62.89777756 55.13657761
v -58.5 62.59807587 60.13657379
v -58.5 62.59807587 55.13657761
v -57.87868118 62.12131882 60.13657379
v -57.87868118 62.12131882 55.13657761
v -57.40192413 61.5 60.13657379
v -57.40192413 61.5 55.13657761
v -57.10222244 60.77645874 60.13657379
v -57.10222244 60.77645874 55.13657761
v -57 60 60.13657379
v -57 60 55.13657761
v -57.10222244 59.22354126 60.13657379
v -57.10222244 59.22354126 55.13657761
v -57.40192413 58.5 60.13657379
v -57.40192413 58.5 55.13657761
v -57.87868118 57.87868118 60.13657379
v -57.87868118 57.87868118 55.13657761
v -58.5 57.40192413 60.13657379
v -58.5 57.40192413 55.13657761
v -59.22354126 57.10222244 60.13657379
v -59.22354126 57.10222244 55.13657761
v -60 57 60.13657379
v -60 57 55.13657761
v -60.77645874 57.10222244 60.13657379
v -60.77645874 57.10222244 55.13657761
v -61.5 57.40192413 60.13657379
v -61.5 57.40192413 55.13657761
v -62.12131882 57.87868118 60.13657379
v -62.12131882 57.87868118 55.13657761
v -62.59807587 58.5 60.13657379
v -62.59807587 58.5 55.13657761
v 57.10222244 -60.77645874 60.13657379
v 57.10222244 -60.77645874 55.13657761
v 57 -60 60.13657379
v 57 -60 55.13657761
v 57.10222244 -59.22354126 60.13657379
v 57.10222244 -59.22354126 55.13657761
v 57.40192413 -58.5 60.13657379
v 57.40192413 -58.5 55.13657761
v 57.87868118 -57.87868118 60.13657379
v 57.87868118 -57.87868118 55.13657761
v 58.5 -57.40192413 60.13657379
v 58.5 -57.40192413 55.13657761
v 59.22354126 -57.10222244 60.13657379
v 59.22354126 -57.10222244 55.13657761
v 60 -57 60.13657379
v 60 -57 55.13657761
v 60.77645874 -57.10222244 60.13657379
v 60.77645874 -57.10222244 55.13657761
v 61.5 -57.40192413 60.13657379
v 61.5 -57.40192413 55.13657761
v 62.12131882 -57.87868118 60.13657379
v 62.12131882 -57.87868118 55.13657761
v 62.59807587 -58.5 60.13657379
v 62.59807587 -58.5 55.13657761
v 62.89777756 -59.22354126 60.13657379
v 62.89777756 -59.22354126 55.13657761
v 63 -60 60.13657379
v 63 -60 55.13657761
v 62.89777756 -60.77645874 60.13657379
v 62.89777756 -60.77645874 55.13657761
v 62.59807587 -61.5 60.13657379
v 62.59807587 -61.5 55.13657761
v 62.12131882 -62.12131882 60.13657379
v 62.12131882 -62.12131882 55.13657761
v 61.5 -62.59807587 60.13657379
v 61.5 -62.59807587 55.13657761
v 60.77645874 -62.89777756 60.13657379
v 60.77645874 -62.89777756 55.13657761
v 60 -63 60.13657379
v 60 -63 55.13657761
v 59.22354126 -62.89777756 60.13657379
v 59.22354126 -62.89777756 55.13657761
v 58.5 -62.59807587 60.13657379
v 58.5 -62.59807587 55.13657761
v 57.87868118 -62.12131882 60.13657379
v 57.87868118 -62.12131882 55.13657761
v 57.40192413 -61.5 60.13657379
v 57.40192413 -61.5 55.13657761
v -57.50000381 36.83000183 55.13657761
v -58.92314911 36.93178558 55.13657761
v -60.31732559 37.23506927 55.13657761
v -61.65415192 37.73368073 55.13657761
v -62.9064064 38.41746521 55.13657761
v -64.04860687 39.2725029 55.13657761
v -65.05749512 40.28139114 55.13657761
v -65.91253662 41.42359161 55.13657761
v -66.59632111 42.67584991 55.13657761
v -67.09493256 44.01267624 55.13657761
v -67.39821625 45.40685272 55.13657761
v -67.5 46.83000183 55.13657761
v -67.5 62.5 55.13657761
v -67.40392303 63.47545242 55.13657761
v -67.11940002 64.413414 55.13657761
v -66.65734863 65.27785492 55.13657761
v -66.03553772 66.03553772 55.13657761
v -65.27785492 66.65734863 55.13657761
v -64.413414 67.11940002 55.13657761
v -63.47545242 67.40392303 55.13657761
v -62.5 67.5 55.13657761
v 62.5 67.5 55.13657761
v 63.47545242 67.40392303 55.13657761
v 64.413414 67.11940002 55.13657761
v 65.27785492 66.65734863 55.13657761
v 66.03553772 66.03553772 55.13657761
v 66.65734863 65.27785492 55.13657761
v 67.11940002 64.413414 55.13657761
v 67.40392303 63.47545242 55.13657761
v 67.5 62.5 55.13657761
v 67.5 46.83000183 55.13657761
v 67.39821625 45.40685272 55.13657761
v 67.09493256 44.01267624 55.13657761
v 66.59632111 42.67584991 55.13657761
v 65.91253662 41.42359161 55.13657761
v 65.05749512 40.28139114 55.13657761
v 64.04860687 39.2725029 55.13657761
v 62.9064064 38.41746521 55.13657761
v 61.65415192 37.73368073 55.13657761
v 60.31732559 37.23506927 55.13657761
v 58.92314911 36.93178558 55.13657761
v 57.50000381 36.83000183 55.13657761
v 50 36.83000183 55.13657761
v 48.57685089 36.72821426 55.13657761
v 47.18267441 36.42493057 55.13657761
v 45.84584808 35.92631912 55.13657761
v 44.5935936 35.24253082 55.13657761
v 43.45139313 34.38749695 55.13657761
v 42.44250488 33.3786087 55.13657761
v 41.58746338 32.23640823 55.13657761
v 40.90367889 30.98414993 55.13657761
v 40.40507126 29.64732552 55.13657761
v 40.10178375 28.25314903 55.13657761
v 40 26.82999992 55.13657761
v 40 -26.82999992 55.13657761
v 40.10178375 -28.25314903 55.13657761
v 40.40507126 -29.64732552 55.13657761
v 40.90367889 -30.98414993 55.13657761
v 41.58746338 -32.23640823 55.13657761
v 42.44250488 -33.3786087 55.13657761
v 43.45139313 -34.38749695 55.13657761
v 44.5935936 -35.24253082 55.13657761
v 45.84584808 -35.92631912 55.13657761
v 47.18267441 -36.42493057 55.13657761
v 48.57685089 -36.72821426 55.13657761
v 50 -36.83000183 55.13657761
v 57.50000381 -36.83000183 55.13657761
v 58.92314911 -36.93178558 55.13657761
v 60.31732559 -37.23506927 55.13657761
v 61.65415192 -37.73368073 55.13657761
v 62.9064064 -38.41746521 55.13657761
v 64.04860687 -39.2725029 55.13657761
v 65.05749512 -40.28139114 55.13657761
v 65.91253662 -41.42359161 55.13657761
v 66.59632111 -42.67584991 55.13657761
v 67.09493256 -44.01267624 55.13657761
v 67.39821625 -45.40685272 55.13657761
v 67.5 -46.83000183 55.13657761
v 67.5 -62.5 55.13657761
v 67.40392303 -63.47545242 55.13657761
v 67.11940002 -64.413414 55.13657761
v 66.65734863 -65.27785492 55.13657761
v 66.03553772 -66.03553772 55.13657761
v 65.27785492 -66.65734863 55.13657761
v 64.413414 -67.11940002 55.13657761
v 63.47545242 -67.40392303 55.13657761
vn -0.00933 0.9914 0.13052
vn -0.00933 0.9914 0.13052
vn -0.02781 0.9914 0.12786
vn -0.02781 0.9914 0.12786
vn -0.04573 0.9914 0.1226
vn -0.04573 0.9914 0.1226
vn -0.06271 0.9914 0.11484
vn -0.06271 0.9914 0.11484
vn -0.07842 0.9914 0.10475
vn -0.07842 0.9914 0.10475
vn -0.09253 0.9914 0.09253
vn -0.10475 0.9914 0.07842
vn -0.10475 0.9914 0.07842
vn -0.11485 0.9914 0.06271
vn -0.11485 0.9914 0.06271
vn -0.1226 0.9914 0.04573
vn -0.1226 0.9914 0.04573
vn -0.12786 0.9914 0.02781
vn -0.12786 0.9914 0.02781
vn -0.13052 0.9914 0.00933
vn -0.13052 0.9914 0.00933
vn -0.38254 0.92353 0.02736
vn -0.38255 0.92353 0.02736
vn -0.60819 0.7926 0.0435
vn -0.60818 0.79261 0.0435
vn -0.79208 0.60778 0.05665
vn -0.79208 0.60778 0.05665
vn -0.92187 0.38185 0.06593
vn -0.92187 0.38186 0.06593
vn -0.98896 0.13019 0.07073
vn -0.98896 0.1302 0.07073
vn -0.02736 0.92353 0.38255
vn -0.02736 0.92353 0.38255
vn -0.08152 0.92353 0.37476
vn -0.08152 0.92353 0.37476
vn -0.13403 0.92353 0.35934
vn -0.13403 0.92353 0.35935
vn -0.18381 0.92353 0.33661
vn -0.18381 0.92353 0.33662
vn -0.22984 0.92353 0.30703
vn -0.22984 0.92353 0.30702
vn -0.27119 0.92353 0.27119
vn -0.27119 0.92353 0.2712
vn -0.30703 0.92353 0.22984
vn -0.30703 0.92353 0.22984
vn -0.33661 0.92353 0.1838
vn -0.33661 0.92353 0.1838
vn -0.35934 0.92353 0.13403
vn -0.35934 0.92353 0.13403
vn -0.37476 0.92353 0.08152
vn -0.37475 0.92353 0.08152
vn -0.0435 0.79261 0.60818
vn -0.0435 0.79261 0.60818
vn -0.12961 0.79261 0.5958
vn -0.12961 0.7926 0.5958
vn -0.21308 0.7926 0.57129
vn -0.21308 0.79261 0.57129
vn -0.29222 0.79261 0.53515
vn -0.29222 0.7926 0.53515
vn -0.3654 0.7926 0.48812
vn -0.3654 0.7926 0.48812
vn -0.43115 0.7926 0.43115
vn -0.43114 0.79261 0.43114
vn -0.48811 0.79261 0.3654
vn -0.48812 0.79261 0.3654
vn -0.53515 0.79261 0.29221
vn -0.53515 0.79261 0.29221
vn -0.57129 0.79261 0.21308
vn -0.57129 0.79261 0.21308
vn -0.5958 0.79261 0.12961
vn -0.5958 0.7926 0.12961
vn -0.05665 0.60778 0.79208
vn -0.05665 0.60778 0.79208
vn -0.1688 0.60778 0.77596
vn -0.1688 0.60778 0.77595
vn -0.27751 0.60778 0.74404
vn -0.27751 0.60778 0.74403
vn -0.38057 0.60778 0.69697
vn -0.38057 0.60778 0.69697
vn -0.47589 0.60778 0.63571
vn -0.47589 0.60779 0.63571
vn -0.56151 0.60779 0.56151
vn -0.56152 0.60778 0.56152
vn -0.63572 0.60778 0.47589
vn -0.63572 0.60778 0.47589
vn -0.69697 0.60778 0.38057
vn -0.69697 0.60777 0.38058
vn -0.74404 0.60777 0.27751
vn -0.74404 0.60778 0.27751
vn -0.77596 0.60778 0.1688
vn -0.77596 0.60778 0.1688
vn -0.06593 0.38186 0.92187
vn -0.06593 0.38185 0.92187
vn -0.19646 0.38186 0.9031
vn -0.19646 0.38186 0.9031
vn -0.32298 0.38186 0.86595
vn -0.32298 0.38186 0.86595
vn -0.44293 0.38186 0.81117
vn -0.44293 0.38184 0.81118
vn -0.55387 0.38184 0.73988
vn -0.55387 0.38184 0.73988
vn -0.65353 0.38184 0.65353
vn -0.65352 0.38185 0.65352
vn -0.73988 0.38186 0.55387
vn -0.73988 0.38186 0.55387
vn -0.81117 0.38186 0.44293
vn -0.81117 0.38185 0.44293
vn -0.86595 0.38185 0.32298
vn -0.86595 0.38184 0.32299
vn -0.90311 0.38184 0.19646
vn -0.9031 0.38185 0.19646
vn -0.07073 0.13018 0.98896
vn -0.07073 0.1302 0.98896
vn -0.21076 0.1302 0.96883
vn -0.21075 0.13018 0.96883
vn -0.34649 0.13018 0.92898
vn -0.34649 0.1302 0.92897
vn -0.47517 0.13019 0.87021
vn -0.47517 0.13023 0.8702
vn -0.59418 0.13023 0.79372
vn -0.59417 0.13019 0.79373
vn -0.70109 0.13019 0.70109
vn -0.70109 0.1302 0.70109
vn -0.79373 0.1302 0.59418
vn -0.79373 0.13019 0.59418
vn -0.87021 0.13019 0.47517
vn -0.87021 0.13021 0.47517
vn -0.92897 0.1302 0.34649
vn -0.92897 0.13021 0.34649
vn -0.96883 0.13021 0.21075
vn -0.96883 0.13019 0.21076
vn -0.99145 0.13053 0
vn -0.92388 0.38269 0
vn -0.79336 0.60875 0
vn -0.60875 0.79336 0
vn -0.60875 0.79336 0
vn -0.3827 0.92387 0
vn -0.3827 0.92387 -0
vn -0.13052 0.99145 0
vn -0.99145 0.13053 0
vn -0.13052 0.99145 0
vn -0.99145 0.13053 0
vn -0.79336 0.60875 -0
vn -0.07074 0.13018 -0.98896
vn -0.07073 0.1302 -0.98896
vn -0.21075 0.1302 -0.96883
vn -0.21076 0.13018 -0.96883
vn -0.34649 0.13018 -0.92898
vn -0.34649 0.1302 -0.92897
vn -0.47517 0.13019 -0.87021
vn -0.47517 0.13023 -0.87021
vn -0.59417 0.13023 -0.79373
vn -0.59418 0.13019 -0.79373
vn -0.70109 0.13019 -0.70109
vn -0.70109 0.1302 -0.70109
vn -0.79373 0.1302 -0.59418
vn -0.79373 0.13019 -0.59418
vn -0.87021 0.13019 -0.47517
vn -0.87021 0.13021 -0.47517
vn -0.92897 0.1302 -0.34649
vn -0.92897 0.13021 -0.34649
vn -0.96883 0.13021 -0.21076
vn -0.96883 0.13019 -0.21075
vn -0.98896 0.13019 -0.07073
vn -0.98896 0.1302 -0.07073
vn -0.92187 0.38185 -0.06593
vn -0.92187 0.38186 -0.06593
vn -0.79208 0.60778 -0.05665
vn -0.79208 0.60778 -0.05665
vn -0.60819 0.7926 -0.0435
vn -0.60818 0.79261 -0.0435
vn -0.38254 0.92353 -0.02736
vn -0.38255 0.92353 -0.02736
vn -0.13052 0.9914 -0.00933
vn -0.13052 0.9914 -0.00933
vn -0.06593 0.38186 -0.92187
vn -0.06593 0.38185 -0.92187
vn -0.19646 0.38186 -0.9031
vn -0.19646 0.38186 -0.9031
vn -0.32298 0.38186 -0.86595
vn -0.32298 0.38186 -0.86595
vn -0.44293 0.38186 -0.81117
vn -0.44294 0.38184 -0.81118
vn -0.55387 0.38184 -0.73988
vn -0.55387 0.38184 -0.73988
vn -0.65353 0.38184 -0.65353
vn -0.65352 0.38185 -0.65353
vn -0.73988 0.38186 -0.55387
vn -0.73988 0.38186 -0.55387
vn -0.81117 0.38186 -0.44293
vn -0.81117 0.38185 -0.44293
vn -0.86595 0.38185 -0.32298
vn -0.86595 0.38184 -0.32298
vn -0.90311 0.38184 -0.19646
vn -0.9031 0.38185 -0.19646
vn -0.05665 0.60778 -0.79208
vn -0.05665 0.60778 -0.79208
vn -0.1688 0.60778 -0.77596
vn -0.1688 0.60778 -0.77595
vn -0.27751 0.60778 -0.74404
vn -0.27751 0.60778 -0.74403
vn -0.38057 0.60778 -0.69697
vn -0.38057 0.60778 -0.69697
vn -0.47589 0.60778 -0.63571
vn -0.47589 0.60779 -0.63571
vn -0.56151 0.60779 -0.56152
vn -0.56152 0.60778 -0.56152
vn -0.63572 0.60778 -0.47589
vn -0.63572 0.60778 -0.47589
vn -0.69697 0.60778 -0.38057
vn -0.69697 0.60777 -0.38058
vn -0.74404 0.60777 -0.27751
vn -0.74404 0.60778 -0.27751
vn -0.77596 0.60778 -0.1688
vn -0.77596 0.60778 -0.1688
vn -0.0435 0.79261 -0.60818
vn -0.0435 0.79261 -0.60818
vn -0.12961 0.79261 -0.5958
vn -0.12961 0.7926 -0.5958
vn -0.21308 0.7926 -0.57129
vn -0.21308 0.79261 -0.57129
vn -0.29221 0.79261 -0.53515
vn -0.29222 0.7926 -0.53515
vn -0.3654 0.7926 -0.48812
vn -0.3654 0.7926 -0.48812
vn -0.43115 0.7926 -0.43115
vn -0.43114 0.79261 -0.43115
vn -0.48811 0.79261 -0.3654
vn -0.48812 0.79261 -0.3654
vn -0.53515 0.79261 -0.29221
vn -0.53515 0.79261 -0.29221
vn -0.57129 0.79261 -0.21308
vn -0.57129 0.79261 -0.21308
vn -0.5958 0.79261 -0.12961
vn -0.59581 0.7926 -0.12961
vn -0.02736 0.92353 -0.38255
vn -0.02736 0.92353 -0.38255
vn -0.08152 0.92353 -0.37476
vn -0.08152 0.92353 -0.37476
vn -0.13403 0.92353 -0.35934
vn -0.13403 0.92353 -0.35935
vn -0.18381 0.92353 -0.33661
vn -0.18381 0.92353 -0.33661
vn -0.22984 0.92353 -0.30703
vn -0.22984 0.92353 -0.30703
vn -0.27119 0.92353 -0.27119
vn -0.2712 0.92353 -0.2712
vn -0.30703 0.92353 -0.22984
vn -0.30703 0.92353 -0.22984
vn -0.33661 0.92353 -0.1838
vn -0.33661 0.92353 -0.1838
vn -0.35934 0.92353 -0.13403
vn -0.35934 0.92353 -0.13403
vn -0.37476 0.92353 -0.08152
vn -0.37475 0.92353 -0.08152
vn -0.00933 0.9914 -0.13052
vn -0.00933 0.9914 -0.13052
vn -0.02781 0.9914 -0.12786
vn -0.02781 0.9914 -0.12786
vn -0.04573 0.9914 -0.1226
vn -0.04573 0.9914 -0.1226
vn -0.06271 0.9914 -0.11484
vn -0.06271 0.9914 -0.11484
vn -0.07841 0.9914 -0.10475
vn -0.07842 0.9914 -0.10475
vn -0.09253 0.9914 -0.09253
vn -0.10475 0.9914 -0.07842
vn -0.10475 0.9914 -0.07842
vn -0.11485 0.9914 -0.06271
vn -0.11485 0.9914 -0.06271
vn -0.1226 0.9914 -0.04573
vn -0.1226 0.9914 -0.04573
vn -0.12786 0.9914 -0.02781
vn -0.12786 0.9914 -0.02781
vn 0 0.13051 -0.99145
vn 0 0.38269 -0.92388
vn 0 0.60875 -0.79336
vn 0 0.79336 -0.60875
vn 0 0.92388 -0.38269
vn 0 0.99145 -0.13052
vn -0.98896 0.1302 -0.07073
vn -0.98272 0.16818 -0.07734
vn -0.97267 0.09557 -0.21159
vn -0.9531 0.19812 -0.22882
vn -0.93476 0.0684 -0.34865
vn -0.90121 0.22019 -0.37329
vn -0.87663 0.04884 -0.47868
vn -0.82882 0.23474 -0.5079
vn -0.79999 0.0371 -0.59887
vn -0.73781 0.24196 -0.63015
vn -0.70672 0.0332 -0.70672
vn -0.63015 0.24196 -0.73781
vn -0.59886 0.0371 -0.79999
vn -0.5079 0.23473 -0.82882
vn -0.47868 0.04886 -0.87663
vn -0.37329 0.2202 -0.9012
vn -0.34865 0.06837 -0.93476
vn -0.22882 0.1981 -0.9531
vn -0.21159 0.09558 -0.97267
vn -0.07734 0.16818 -0.98272
vn -0.07073 0.13018 -0.98896
vn -0.92145 0.38167 -0.07252
vn -0.92145 0.38168 -0.07252
vn -0.89875 0.38168 -0.21578
vn -0.89876 0.38166 -0.21577
vn -0.85395 0.38166 -0.35371
vn -0.85394 0.38168 -0.35371
vn -0.78809 0.38168 -0.48294
vn -0.78809 0.38168 -0.48294
vn -0.70284 0.38168 -0.60028
vn -0.70284 0.38167 -0.60028
vn -0.60028 0.38167 -0.70284
vn -0.60028 0.38168 -0.70284
vn -0.48294 0.38168 -0.78809
vn -0.48294 0.38168 -0.78809
vn -0.35371 0.38168 -0.85394
vn -0.35371 0.38168 -0.85394
vn -0.21577 0.38168 -0.89876
vn -0.21577 0.38168 -0.89876
vn -0.07252 0.38168 -0.92145
vn -0.07252 0.38168 -0.92144
vn -0.06232 0.60757 -0.79181
vn -0.06232 0.60757 -0.79182
vn -0.04786 0.79245 -0.60806
vn -0.04786 0.79245 -0.60806
vn -0.03011 0.92346 -0.38252
vn -0.03011 0.92346 -0.38252
vn -0.01027 0.99139 -0.13052
vn -0.01027 0.99139 -0.13052
vn -0.79181 0.60758 -0.06232
vn -0.79181 0.60758 -0.06232
vn -0.77231 0.60758 -0.18542
vn -0.77232 0.60757 -0.18541
vn -0.73381 0.60757 -0.30395
vn -0.73379 0.60759 -0.30395
vn -0.67721 0.60759 -0.415
vn -0.67722 0.60757 -0.415
vn -0.60396 0.60758 -0.51583
vn -0.60396 0.60758 -0.51583
vn -0.51583 0.60758 -0.60396
vn -0.51584 0.60756 -0.60397
vn -0.41501 0.60756 -0.67723
vn -0.415 0.60757 -0.67722
vn -0.30395 0.60757 -0.7338
vn -0.30395 0.60758 -0.7338
vn -0.18542 0.60758 -0.77232
vn -0.18542 0.60757 -0.77232
vn -0.60806 0.79245 -0.04786
vn -0.60807 0.79244 -0.04785
vn -0.59309 0.79244 -0.14239
vn -0.59307 0.79246 -0.14239
vn -0.5635 0.79246 -0.23341
vn -0.56352 0.79244 -0.23341
vn -0.52007 0.79244 -0.31869
vn -0.52006 0.79245 -0.31869
vn -0.4638 0.79245 -0.39612
vn -0.46381 0.79244 -0.39613
vn -0.39613 0.79244 -0.4638
vn -0.39612 0.79245 -0.4638
vn -0.31869 0.79245 -0.52006
vn -0.31869 0.79245 -0.52006
vn -0.23341 0.79245 -0.56351
vn -0.23341 0.79245 -0.56351
vn -0.14239 0.79245 -0.59309
vn -0.14239 0.79245 -0.59309
vn -0.38252 0.92346 -0.0301
vn -0.38252 0.92346 -0.03011
vn -0.3731 0.92346 -0.08957
vn -0.3731 0.92346 -0.08957
vn -0.35449 0.92346 -0.14683
vn -0.3545 0.92346 -0.14684
vn -0.32716 0.92346 -0.20049
vn -0.32716 0.92346 -0.20048
vn -0.29177 0.92346 -0.24919
vn -0.29177 0.92346 -0.24919
vn -0.24919 0.92346 -0.29177
vn -0.24919 0.92346 -0.29177
vn -0.20048 0.92346 -0.32716
vn -0.20048 0.92346 -0.32716
vn -0.14683 0.92346 -0.35449
vn -0.14684 0.92346 -0.35449
vn -0.08957 0.92346 -0.3731
vn -0.08957 0.92346 -0.3731
vn -0.13052 0.99139 -0.01027
vn -0.13052 0.99139 -0.01027
vn -0.1273 0.99139 -0.03056
vn -0.12731 0.99139 -0.03056
vn -0.12096 0.99139 -0.0501
vn -0.12095 0.99139 -0.0501
vn -0.11162 0.99139 -0.0684
vn -0.11163 0.99139 -0.06841
vn -0.09955 0.99139 -0.08503
vn -0.09955 0.99139 -0.08503
vn -0.08503 0.99139 -0.09955
vn -0.08502 0.99139 -0.09955
vn -0.0684 0.99139 -0.11163
vn -0.06841 0.99139 -0.11163
vn -0.0501 0.99139 -0.12096
vn -0.0501 0.99139 -0.12095
vn -0.03056 0.99139 -0.1273
vn -0.03056 0.99139 -0.1273
vn -0.92388 0.38268 0
vn -0.79335 0.60876 0
vn -0.13052 0.99145 0
vn -0.79335 0.60876 0
vn -0.3827 0.92387 -0
vn -0.09719 0.12991 0.98675
vn -0.09719 0.1299 0.98675
vn -0.28782 0.1299 0.94883
vn -0.28783 0.12993 0.94883
vn -0.4674 0.12993 0.87445
vn -0.4674 0.12994 0.87445
vn -0.62901 0.12994 0.76646
vn -0.62901 0.12994 0.76646
vn -0.76646 0.12994 0.62901
vn -0.76646 0.12994 0.62901
vn -0.87445 0.12994 0.4674
vn -0.87445 0.12993 0.4674
vn -0.94883 0.12993 0.28782
vn -0.94883 0.1299 0.28783
vn -0.98675 0.1299 0.09719
vn -0.98675 0.12991 0.09719
vn -0.92009 0.38109 0.09062
vn -0.92008 0.3811 0.09062
vn -0.79094 0.60691 0.0779
vn -0.79094 0.60691 0.0779
vn -0.60767 0.79193 0.05985
vn -0.60766 0.79194 0.05985
vn -0.38241 0.92322 0.03766
vn -0.38242 0.92322 0.03767
vn -0.13051 0.99136 0.01285
vn -0.12492 0.99207 0.01408
vn -0.13018 0.9907 0.03949
vn -0.11513 0.99253 0.04028
vn -0.12303 0.99022 0.06576
vn -0.10147 0.99279 0.06375
vn -0.10924 0.98997 0.08965
vn -0.08424 0.99288 0.08424
vn -0.08965 0.98997 0.10924
vn -0.06375 0.99279 0.10147
vn -0.06576 0.99022 0.12303
vn -0.04028 0.99253 0.11513
vn -0.03949 0.9907 0.13018
vn -0.01408 0.99207 0.12492
vn -0.01285 0.99136 0.13051
vn -0.03767 0.92322 0.38241
vn -0.03766 0.92322 0.38242
vn -0.05985 0.79193 0.60767
vn -0.05985 0.79194 0.60766
vn -0.0779 0.60691 0.79094
vn -0.0779 0.60691 0.79094
vn -0.09062 0.38109 0.92009
vn -0.09062 0.3811 0.92008
vn -0.11155 0.92322 0.36772
vn -0.11155 0.92322 0.36773
vn -0.18114 0.92322 0.3389
vn -0.18114 0.92322 0.33889
vn -0.24377 0.92322 0.29704
vn -0.24377 0.92323 0.29703
vn -0.29703 0.92323 0.24377
vn -0.29704 0.92322 0.24378
vn -0.33889 0.92322 0.18114
vn -0.3389 0.92322 0.18115
vn -0.36773 0.92322 0.11155
vn -0.36772 0.92322 0.11155
vn -0.17725 0.79193 0.58432
vn -0.17725 0.79194 0.5843
vn -0.28783 0.79194 0.5385
vn -0.28784 0.79193 0.53851
vn -0.38737 0.79193 0.47201
vn -0.38737 0.79193 0.47201
vn -0.47201 0.79193 0.38737
vn -0.47201 0.79193 0.38737
vn -0.53851 0.79193 0.28784
vn -0.5385 0.79194 0.28783
vn -0.5843 0.79194 0.17725
vn -0.58432 0.79193 0.17726
vn -0.26838 0.38109 0.88473
vn -0.23071 0.60691 0.76054
vn -0.23071 0.6069 0.76055
vn -0.37465 0.6069 0.70093
vn -0.37465 0.60691 0.70093
vn -0.5042 0.60691 0.61436
vn -0.5042 0.60689 0.61438
vn -0.61437 0.60689 0.50421
vn -0.61437 0.60691 0.50419
vn -0.70093 0.60691 0.37465
vn -0.70093 0.6069 0.37465
vn -0.76055 0.6069 0.23071
vn -0.76055 0.60691 0.23071
vn -0.43582 0.38109 0.81537
vn -0.26838 0.38109 0.88473
vn -0.43582 0.38109 0.81537
vn -0.58652 0.38108 0.71468
vn -0.58652 0.38111 0.71467
vn -0.71467 0.38111 0.58651
vn -0.71468 0.38108 0.58653
vn -0.81537 0.38109 0.43582
vn -0.81537 0.38109 0.43582
vn -0.88473 0.38109 0.26838
vn -0.88473 0.38109 0.26838
vn 0 0.13053 0.99145
vn -0 0.38268 0.92388
vn -0 0.60876 0.79335
vn -0 0.79336 0.60875
vn -0 0.92387 0.3827
vn -0 0.99145 0.13052
vn 0 0.99145 0.13052
vn 0 0.60876 0.79335
vn -0 0.92387 0.3827
vn 0.98896 0.13018 0.07073
vn 0.98272 0.16818 0.07734
vn 0.97267 0.09558 0.21159
vn 0.9531 0.1981 0.22882
vn 0.93476 0.06837 0.34865
vn 0.9012 0.2202 0.37329
vn 0.87663 0.04886 0.47868
vn 0.82882 0.23473 0.5079
vn 0.79999 0.0371 0.59886
vn 0.73781 0.24196 0.63015
vn 0.70672 0.0332 0.70672
vn 0.63015 0.24196 0.73781
vn 0.59887 0.0371 0.79999
vn 0.5079 0.23474 0.82882
vn 0.47868 0.04884 0.87663
vn 0.37329 0.22019 0.90121
vn 0.34865 0.0684 0.93476
vn 0.22882 0.19812 0.9531
vn 0.21159 0.09557 0.97267
vn 0.07734 0.16818 0.98272
vn 0.07073 0.1302 0.98896
vn 0.92144 0.38168 0.07252
vn 0.92145 0.38168 0.07252
vn 0.89876 0.38168 0.21577
vn 0.89876 0.38168 0.21577
vn 0.85394 0.38168 0.35371
vn 0.85394 0.38168 0.35371
vn 0.78809 0.38168 0.48294
vn 0.78809 0.38168 0.48294
vn 0.70284 0.38168 0.60028
vn 0.70284 0.38167 0.60028
vn 0.60029 0.38167 0.70284
vn 0.60028 0.38168 0.70284
vn 0.48294 0.38168 0.78809
vn 0.48294 0.38168 0.78809
vn 0.35371 0.38168 0.85394
vn 0.35371 0.38166 0.85394
vn 0.21578 0.38166 0.89876
vn 0.21577 0.38168 0.89876
vn 0.07252 0.38168 0.92145
vn 0.07252 0.38167 0.92145
vn 0.06232 0.60758 0.79181
vn 0.06232 0.60758 0.79181
vn 0.04786 0.79244 0.60807
vn 0.04785 0.79245 0.60806
vn 0.0301 0.92346 0.38252
vn 0.03011 0.92346 0.38252
vn 0.01027 0.99139 0.13052
vn 0.01027 0.99139 0.13052
vn 0.79182 0.60757 0.06232
vn 0.79181 0.60757 0.06232
vn 0.77232 0.60757 0.18542
vn 0.77232 0.60758 0.18542
vn 0.7338 0.60758 0.30395
vn 0.73381 0.60757 0.30395
vn 0.67722 0.60757 0.415
vn 0.67723 0.60756 0.415
vn 0.60397 0.60756 0.51584
vn 0.60396 0.60758 0.51583
vn 0.51583 0.60758 0.60396
vn 0.51583 0.60758 0.60396
vn 0.415 0.60757 0.67722
vn 0.41499 0.60759 0.67721
vn 0.30395 0.60759 0.73379
vn 0.30396 0.60757 0.7338
vn 0.18542 0.60757 0.77232
vn 0.18541 0.60758 0.77231
vn 0.60806 0.79245 0.04786
vn 0.60806 0.79245 0.04786
vn 0.59309 0.79245 0.14239
vn 0.59309 0.79245 0.14239
vn 0.56351 0.79245 0.23341
vn 0.56351 0.79245 0.23341
vn 0.52006 0.79245 0.31869
vn 0.52006 0.79245 0.31869
vn 0.4638 0.79245 0.39612
vn 0.46381 0.79244 0.39613
vn 0.39613 0.79244 0.46381
vn 0.39612 0.79245 0.4638
vn 0.31869 0.79245 0.52006
vn 0.3187 0.79244 0.52006
vn 0.23342 0.79244 0.56352
vn 0.23341 0.79246 0.5635
vn 0.14238 0.79246 0.59307
vn 0.14239 0.79244 0.59309
vn 0.38252 0.92346 0.03011
vn 0.38252 0.92346 0.03011
vn 0.3731 0.92346 0.08957
vn 0.3731 0.92346 0.08957
vn 0.35449 0.92346 0.14684
vn 0.35449 0.92346 0.14683
vn 0.32716 0.92346 0.20048
vn 0.32716 0.92346 0.20048
vn 0.29177 0.92346 0.24919
vn 0.29177 0.92346 0.24919
vn 0.24919 0.92346 0.29177
vn 0.24919 0.92346 0.29177
vn 0.20048 0.92346 0.32716
vn 0.20049 0.92346 0.32716
vn 0.14684 0.92346 0.3545
vn 0.14683 0.92346 0.35449
vn 0.08957 0.92346 0.3731
vn 0.08957 0.92346 0.3731
vn 0.13052 0.99139 0.01027
vn 0.13052 0.99139 0.01027
vn 0.1273 0.99139 0.03056
vn 0.1273 0.99139 0.03056
vn 0.12095 0.99139 0.0501
vn 0.12096 0.99139 0.0501
vn 0.11163 0.99139 0.06841
vn 0.11163 0.99139 0.06841
vn 0.09955 0.99139 0.08503
vn 0.09955 0.99139 0.08503
vn 0.08503 0.99139 0.09955
vn 0.08503 0.99139 0.09955
vn 0.06841 0.99139 0.11163
vn 0.0684 0.99139 0.11162
vn 0.0501 0.99139 0.12095
vn 0.0501 0.99139 0.12096
vn 0.03056 0.99139 0.12731
vn 0.03056 0.99139 0.1273
vn 0.99145 0.13051 0
vn 0.92388 0.38269 0
vn 0.79336 0.60875 0
vn 0.60875 0.79336 0
vn 0.38269 0.92388 0
vn 0.13052 0.99145 0
vn 0.07073 0.13019 0.98896
vn 0.21076 0.13019 0.96883
vn 0.21075 0.13021 0.96883
vn 0.34649 0.13021 0.92897
vn 0.34649 0.1302 0.92897
vn 0.47517 0.13021 0.87021
vn 0.47517 0.13019 0.87021
vn 0.59418 0.13019 0.79373
vn 0.59418 0.1302 0.79373
vn 0.70109 0.1302 0.70109
vn 0.70109 0.13019 0.70109
vn 0.79373 0.13019 0.59417
vn 0.79372 0.13023 0.59418
vn 0.8702 0.13023 0.47517
vn 0.87021 0.13019 0.47517
vn 0.92897 0.1302 0.34649
vn 0.92898 0.13018 0.34649
vn 0.96883 0.13018 0.21075
vn 0.96883 0.1302 0.21076
vn 0.98896 0.1302 0.07073
vn 0.98896 0.13018 0.07073
vn 0.92187 0.38185 0.06593
vn 0.92187 0.38186 0.06593
vn 0.79208 0.60778 0.05665
vn 0.79208 0.60778 0.05665
vn 0.60818 0.79261 0.0435
vn 0.60818 0.79261 0.0435
vn 0.38255 0.92353 0.02736
vn 0.38255 0.92353 0.02736
vn 0.13052 0.9914 0.00933
vn 0.13052 0.9914 0.00933
vn 0.06593 0.38186 0.92187
vn 0.06593 0.38185 0.92187
vn 0.19646 0.38185 0.9031
vn 0.19646 0.38184 0.90311
vn 0.32299 0.38184 0.86595
vn 0.32298 0.38185 0.86595
vn 0.44293 0.38185 0.81117
vn 0.44293 0.38186 0.81117
vn 0.55387 0.38186 0.73988
vn 0.55387 0.38186 0.73988
vn 0.65352 0.38185 0.65352
vn 0.65353 0.38184 0.65353
vn 0.73988 0.38184 0.55387
vn 0.73988 0.38184 0.55387
vn 0.81118 0.38184 0.44293
vn 0.81117 0.38186 0.44293
vn 0.86595 0.38186 0.32298
vn 0.86595 0.38186 0.32298
vn 0.9031 0.38186 0.19646
vn 0.9031 0.38186 0.19646
vn 0.05665 0.60778 0.79208
vn 0.05665 0.60778 0.79208
vn 0.1688 0.60778 0.77596
vn 0.1688 0.60778 0.77596
vn 0.27751 0.60778 0.74404
vn 0.27751 0.60777 0.74404
vn 0.38058 0.60777 0.69697
vn 0.38057 0.60778 0.69697
vn 0.47589 0.60778 0.63572
vn 0.47589 0.60778 0.63572
vn 0.56152 0.60778 0.56152
vn 0.56151 0.60779 0.56151
vn 0.63571 0.60779 0.47589
vn 0.63571 0.60778 0.47589
vn 0.69697 0.60778 0.38057
vn 0.69697 0.60778 0.38057
vn 0.74403 0.60778 0.27751
vn 0.74404 0.60778 0.27751
vn 0.77595 0.60778 0.1688
vn 0.77596 0.60778 0.1688
vn 0.0435 0.79261 0.60818
vn 0.0435 0.7926 0.60819
vn 0.12961 0.7926 0.5958
vn 0.12961 0.79261 0.5958
vn 0.21308 0.79261 0.57129
vn 0.21308 0.79261 0.57129
vn 0.29221 0.79261 0.53515
vn 0.29221 0.79261 0.53515
vn 0.3654 0.79261 0.48812
vn 0.3654 0.79261 0.48811
vn 0.43114 0.79261 0.43114
vn 0.43115 0.7926 0.43115
vn 0.48812 0.7926 0.3654
vn 0.48812 0.7926 0.3654
vn 0.53515 0.7926 0.29222
vn 0.53515 0.79261 0.29222
vn 0.57129 0.79261 0.21308
vn 0.57129 0.7926 0.21308
vn 0.5958 0.7926 0.12961
vn 0.5958 0.79261 0.12961
vn 0.02736 0.92353 0.38255
vn 0.02736 0.92353 0.38254
vn 0.08152 0.92353 0.37475
vn 0.08152 0.92353 0.37476
vn 0.13403 0.92353 0.35934
vn 0.13403 0.92353 0.35934
vn 0.1838 0.92353 0.33661
vn 0.1838 0.92353 0.33661
vn 0.22984 0.92353 0.30703
vn 0.22984 0.92353 0.30703
vn 0.2712 0.92353 0.27119
vn 0.27119 0.92353 0.27119
vn 0.30702 0.92353 0.22984
vn 0.30703 0.92353 0.22984
vn 0.33662 0.92353 0.18381
vn 0.33661 0.92353 0.18381
vn 0.35935 0.92353 0.13403
vn 0.35934 0.92353 0.13403
vn 0.37476 0.92353 0.08152
vn 0.37476 0.92353 0.08152
vn 0.00933 0.9914 0.13052
vn 0.00933 0.9914 0.13052
vn 0.02781 0.9914 0.12786
vn 0.02781 0.9914 0.12786
vn 0.04573 0.9914 0.1226
vn 0.04573 0.9914 0.1226
vn 0.06271 0.9914 0.11485
vn 0.06271 0.9914 0.11485
vn 0.07842 0.9914 0.10475
vn 0.07842 0.9914 0.10475
vn 0.09253 0.9914 0.09253
vn 0.10475 0.9914 0.07842
vn 0.10475 0.9914 0.07842
vn 0.11484 0.9914 0.06271
vn 0.11484 0.9914 0.06271
vn 0.1226 0.9914 0.04573
vn 0.1226 0.9914 0.04573
vn 0.12786 0.9914 0.02781
vn 0.12786 0.9914 0.02781
vn -0 0.38269 0.92388
vn -0 0.60875 0.79336
vn -0 0.60875 0.79336
vn -0 0.92387 0.3827
vn 0 0.13053 0.99145
vn -0 0.99145 0.13052
vn 0 0.99145 0.13052
vn 0 0.13053 0.99145
vn 0 0.13053 0.99145
vn 0 0.79336 0.60875
vn -0.98896 0.13018 0.07074
vn -0.98896 0.1302 0.07073
vn -0.96883 0.1302 0.21075
vn -0.96883 0.13018 0.21076
vn -0.92898 0.13018 0.34649
vn -0.92897 0.1302 0.34649
vn -0.87021 0.13019 0.47517
vn -0.87021 0.13023 0.47517
vn -0.79373 0.13023 0.59417
vn -0.79373 0.13019 0.59418
vn -0.70109 0.13019 0.70109
vn -0.70109 0.1302 0.70109
vn -0.59418 0.1302 0.79373
vn -0.59418 0.13019 0.79373
vn -0.47517 0.13019 0.87021
vn -0.47517 0.13021 0.87021
vn -0.34649 0.1302 0.92897
vn -0.34649 0.13021 0.92897
vn -0.21076 0.13021 0.96883
vn -0.21075 0.13019 0.96883
vn -0.07073 0.13019 0.98896
vn -0.07073 0.1302 0.98896
vn -0.06593 0.38185 0.92187
vn -0.06593 0.38186 0.92187
vn -0.05665 0.60778 0.79208
vn -0.0435 0.7926 0.60819
vn -0.0435 0.79261 0.60818
vn -0.02736 0.92353 0.38254
vn -0.02736 0.92353 0.38255
vn -0.00933 0.9914 0.13052
vn -0.00933 0.9914 0.13052
vn -0.92187 0.38186 0.06593
vn -0.92187 0.38185 0.06593
vn -0.9031 0.38186 0.19646
vn -0.9031 0.38186 0.19646
vn -0.86595 0.38186 0.32298
vn -0.86595 0.38186 0.32298
vn -0.81117 0.38186 0.44293
vn -0.81118 0.38184 0.44294
vn -0.73988 0.38184 0.55387
vn -0.73988 0.38184 0.55387
vn -0.65353 0.38184 0.65353
vn -0.65353 0.38185 0.65352
vn -0.55387 0.38186 0.73988
vn -0.55387 0.38186 0.73988
vn -0.44293 0.38186 0.81117
vn -0.44293 0.38185 0.81117
vn -0.32298 0.38185 0.86595
vn -0.32298 0.38184 0.86595
vn -0.19646 0.38184 0.90311
vn -0.19646 0.38185 0.9031
vn -0.79208 0.60778 0.05665
vn -0.79208 0.60778 0.05665
vn -0.77596 0.60778 0.1688
vn -0.77595 0.60778 0.1688
vn -0.74404 0.60778 0.27751
vn -0.74403 0.60778 0.27751
vn -0.69697 0.60778 0.38057
vn -0.69697 0.60778 0.38057
vn -0.63571 0.60778 0.47589
vn -0.63571 0.60779 0.47589
vn -0.56152 0.60779 0.56151
vn -0.56152 0.60778 0.56152
vn -0.47589 0.60778 0.63572
vn -0.47589 0.60778 0.63572
vn -0.38057 0.60778 0.69697
vn -0.38058 0.60777 0.69697
vn -0.27751 0.60777 0.74404
vn -0.27751 0.60778 0.74404
vn -0.1688 0.60778 0.77596
vn -0.1688 0.60778 0.77596
vn -0.60818 0.79261 0.0435
vn -0.5958 0.79261 0.12961
vn -0.5958 0.7926 0.12961
vn -0.57129 0.7926 0.21308
vn -0.57129 0.79261 0.21308
vn -0.53515 0.79261 0.29221
vn -0.53515 0.7926 0.29222
vn -0.48812 0.7926 0.3654
vn -0.48812 0.7926 0.3654
vn -0.43115 0.7926 0.43115
vn -0.43115 0.79261 0.43114
vn -0.3654 0.79261 0.48811
vn -0.3654 0.79261 0.48812
vn -0.29221 0.79261 0.53515
vn -0.29221 0.79261 0.53515
vn -0.21308 0.79261 0.57129
vn -0.21308 0.79261 0.57129
vn -0.12961 0.79261 0.5958
vn -0.12961 0.7926 0.59581
vn -0.38255 0.92353 0.02736
vn -0.38255 0.92353 0.02736
vn -0.37476 0.92353 0.08152
vn -0.37476 0.92353 0.08152
vn -0.35934 0.92353 0.13403
vn -0.35935 0.92353 0.13403
vn -0.33661 0.92353 0.18381
vn -0.33661 0.92353 0.18381
vn -0.30703 0.92353 0.22984
vn -0.30703 0.92353 0.22984
vn -0.27119 0.92353 0.27119
vn -0.2712 0.92353 0.2712
vn -0.22984 0.92353 0.30703
vn -0.22984 0.92353 0.30703
vn -0.1838 0.92353 0.33661
vn -0.1838 0.92353 0.33661
vn -0.13403 0.92353 0.35934
vn -0.13403 0.92353 0.35934
vn -0.08152 0.92353 0.37476
vn -0.08152 0.92353 0.37475
vn -0.13052 0.9914 0.00933
vn -0.13052 0.9914 0.00933
vn -0.12786 0.9914 0.02781
vn -0.12786 0.9914 0.02781
vn -0.1226 0.9914 0.04573
vn -0.1226 0.9914 0.04573
vn -0.11484 0.9914 0.06271
vn -0.11484 0.9914 0.06271
vn -0.10475 0.9914 0.07841
vn -0.10475 0.9914 0.07842
vn -0.07842 0.9914 0.10475
vn -0.07842 0.9914 0.10475
vn -0.06271 0.9914 0.11485
vn -0.06271 0.9914 0.11485
vn -0.04573 0.9914 0.1226
vn -0.04573 0.9914 0.1226
vn -0.02781 0.9914 0.12786
vn -0.02781 0.9914 0.12786
vn -0.99145 0.13051 0
vn -0.38269 0.92388 0
vn -0.07073 0.1302 0.98896
vn -0.07734 0.16818 0.98272
vn -0.21159 0.09557 0.97267
vn -0.22882 0.19812 0.9531
vn -0.34865 0.0684 0.93476
vn -0.37329 0.22019 0.90121
vn -0.47868 0.04884 0.87663
vn -0.5079 0.23474 0.82882
vn -0.59887 0.0371 0.79999
vn -0.63015 0.24196 0.73781
vn -0.70672 0.0332 0.70672
vn -0.73781 0.24196 0.63015
vn -0.79999 0.0371 0.59886
vn -0.82882 0.23473 0.5079
vn -0.87663 0.04886 0.47868
vn -0.9012 0.2202 0.37329
vn -0.93476 0.06837 0.34865
vn -0.9531 0.1981 0.22882
vn -0.97267 0.09558 0.21159
vn -0.98272 0.16818 0.07734
vn -0.98896 0.13018 0.07073
vn -0.07252 0.38167 0.92145
vn -0.07252 0.38168 0.92145
vn -0.21578 0.38168 0.89875
vn -0.21577 0.38166 0.89876
vn -0.35371 0.38166 0.85395
vn -0.35371 0.38168 0.85394
vn -0.48294 0.38168 0.78809
vn -0.48294 0.38168 0.78809
vn -0.60028 0.38168 0.70284
vn -0.60028 0.38167 0.70284
vn -0.70284 0.38167 0.60028
vn -0.70284 0.38168 0.60028
vn -0.78809 0.38168 0.48294
vn -0.78809 0.38168 0.48294
vn -0.85394 0.38168 0.35371
vn -0.85394 0.38168 0.35371
vn -0.89876 0.38168 0.21577
vn -0.89876 0.38168 0.21577
vn -0.92145 0.38168 0.07252
vn -0.92144 0.38168 0.07252
vn -0.79181 0.60757 0.06232
vn -0.79182 0.60757 0.06232
vn -0.60806 0.79245 0.04786
vn -0.60806 0.79245 0.04786
vn -0.38252 0.92346 0.03011
vn -0.38252 0.92346 0.03011
vn -0.13052 0.99139 0.01027
vn -0.13052 0.99139 0.01027
vn -0.06232 0.60758 0.79181
vn -0.06232 0.60758 0.79181
vn -0.18542 0.60758 0.77231
vn -0.18541 0.60757 0.77232
vn -0.30395 0.60757 0.73381
vn -0.30395 0.60759 0.73379
vn -0.415 0.60759 0.67721
vn -0.415 0.60757 0.67722
vn -0.51583 0.60758 0.60396
vn -0.51583 0.60758 0.60396
vn -0.60396 0.60758 0.51583
vn -0.60397 0.60756 0.51584
vn -0.67723 0.60756 0.41501
vn -0.67722 0.60757 0.415
vn -0.7338 0.60757 0.30395
vn -0.7338 0.60758 0.30395
vn -0.77232 0.60758 0.18542
vn -0.77232 0.60757 0.18542
vn -0.04786 0.79245 0.60806
vn -0.04785 0.79244 0.60807
vn -0.14239 0.79244 0.59309
vn -0.14239 0.79246 0.59307
vn -0.23341 0.79246 0.5635
vn -0.23341 0.79244 0.56352
vn -0.31869 0.79244 0.52007
vn -0.31869 0.79245 0.52006
vn -0.39612 0.79245 0.4638
vn -0.39613 0.79244 0.46381
vn -0.4638 0.79244 0.39613
vn -0.4638 0.79245 0.39612
vn -0.52006 0.79245 0.31869
vn -0.52006 0.79245 0.31869
vn -0.56351 0.79245 0.23341
vn -0.56351 0.79245 0.23341
vn -0.59309 0.79245 0.14239
vn -0.59309 0.79245 0.14239
vn -0.0301 0.92346 0.38252
vn -0.03011 0.92346 0.38252
vn -0.08957 0.92346 0.3731
vn -0.08957 0.92346 0.3731
vn -0.14683 0.92346 0.35449
vn -0.14684 0.92346 0.3545
vn -0.20049 0.92346 0.32716
vn -0.20048 0.92346 0.32716
vn -0.24919 0.92346 0.29177
vn -0.24919 0.92346 0.29177
vn -0.29177 0.92346 0.24919
vn -0.29177 0.92346 0.24919
vn -0.32716 0.92346 0.20048
vn -0.32716 0.92346 0.20048
vn -0.35449 0.92346 0.14683
vn -0.35449 0.92346 0.14684
vn -0.3731 0.92346 0.08957
vn -0.3731 0.92346 0.08957
vn -0.01027 0.99139 0.13052
vn -0.01027 0.99139 0.13052
vn -0.03056 0.99139 0.1273
vn -0.03056 0.99139 0.12731
vn -0.0501 0.99139 0.12096
vn -0.0501 0.99139 0.12095
vn -0.0684 0.99139 0.11162
vn -0.06841 0.99139 0.11163
vn -0.08503 0.99139 0.09955
vn -0.08503 0.99139 0.09955
vn -0.09955 0.99139 0.08503
vn -0.09955 0.99139 0.08502
vn -0.11163 0.99139 0.0684
vn -0.11163 0.99139 0.06841
vn -0.12096 0.99139 0.0501
vn -0.12095 0.99139 0.0501
vn -0.1273 0.99139 0.03056
vn -0.1273 0.99139 0.03056
vn 0.98675 0.12991 0.09719
vn 0.98675 0.1299 0.09719
vn 0.94883 0.1299 0.28782
vn 0.94883 0.12993 0.28783
vn 0.87445 0.12993 0.4674
vn 0.87445 0.12994 0.4674
vn 0.76646 0.12994 0.62901
vn 0.76646 0.12994 0.62901
vn 0.62901 0.12994 0.76646
vn 0.62901 0.12994 0.76646
vn 0.4674 0.12994 0.87445
vn 0.4674 0.12993 0.87445
vn 0.28782 0.12993 0.94883
vn 0.28783 0.1299 0.94883
vn 0.09719 0.1299 0.98675
vn 0.09719 0.12991 0.98675
vn 0.09062 0.38109 0.92009
vn 0.09062 0.3811 0.92008
vn 0.0779 0.60691 0.79094
vn 0.0779 0.60691 0.79094
vn 0.05985 0.79193 0.60767
vn 0.05985 0.79194 0.60766
vn 0.03766 0.92322 0.38241
vn 0.03767 0.92322 0.38242
vn 0.01285 0.99136 0.13051
vn 0.01408 0.99207 0.12492
vn 0.03949 0.9907 0.13018
vn 0.04028 0.99253 0.11513
vn 0.06576 0.99022 0.12303
vn 0.06375 0.99279 0.10147
vn 0.08965 0.98997 0.10924
vn 0.08424 0.99288 0.08424
vn 0.10924 0.98997 0.08965
vn 0.10147 0.99279 0.06375
vn 0.12303 0.99022 0.06576
vn 0.11513 0.99253 0.04028
vn 0.13018 0.9907 0.03949
vn 0.12492 0.99207 0.01408
vn 0.13051 0.99136 0.01285
vn 0.38241 0.92322 0.03767
vn 0.38242 0.92322 0.03766
vn 0.60767 0.79193 0.05985
vn 0.60766 0.79194 0.05985
vn 0.79094 0.60691 0.0779
vn 0.79094 0.60691 0.0779
vn 0.92009 0.38109 0.09062
vn 0.92008 0.3811 0.09062
vn 0.36772 0.92322 0.11155
vn 0.36773 0.92322 0.11155
vn 0.3389 0.92322 0.18114
vn 0.33889 0.92322 0.18114
vn 0.29704 0.92322 0.24377
vn 0.29703 0.92323 0.24377
vn 0.24377 0.92323 0.29703
vn 0.24378 0.92322 0.29704
vn 0.18114 0.92322 0.33889
vn 0.18115 0.92322 0.3389
vn 0.11155 0.92322 0.36773
vn 0.11155 0.92322 0.36772
vn 0.58432 0.79193 0.17725
vn 0.5843 0.79194 0.17725
vn 0.5385 0.79194 0.28783
vn 0.53851 0.79193 0.28784
vn 0.47201 0.79193 0.38737
vn 0.47201 0.79193 0.38737
vn 0.38737 0.79193 0.47201
vn 0.38737 0.79193 0.47201
vn 0.28784 0.79193 0.53851
vn 0.28783 0.79194 0.5385
vn 0.17725 0.79194 0.5843
vn 0.17726 0.79193 0.58432
vn 0.88473 0.38109 0.26838
vn 0.76054 0.60691 0.23071
vn 0.76055 0.6069 0.23071
vn 0.70093 0.6069 0.37465
vn 0.70093 0.60691 0.37465
vn 0.61436 0.60691 0.5042
vn 0.61438 0.60689 0.5042
vn 0.50421 0.60689 0.61437
vn 0.50419 0.60691 0.61437
vn 0.37465 0.60691 0.70093
vn 0.37465 0.6069 0.70093
vn 0.23071 0.6069 0.76055
vn 0.23071 0.60691 0.76055
vn 0.81537 0.38109 0.43582
vn 0.88473 0.38109 0.26838
vn 0.81537 0.38109 0.43582
vn 0.71468 0.38108 0.58652
vn 0.71467 0.38111 0.58652
vn 0.58651 0.38111 0.71467
vn 0.58653 0.38108 0.71468
vn 0.43582 0.38109 0.81537
vn 0.43582 0.38109 0.81537
vn 0.26838 0.38109 0.88473
vn 0.26838 0.38109 0.88473
vn 0.99145 0.13053 -0
vn 0.92388 0.38268 0
vn 0.79335 0.60876 0
vn 0.3827 0.92387 0
vn 0.13052 0.99145 -0
vn 0.79335 0.60876 -0
vn 0.3827 0.92387 0
vn 0.07073 0.13018 -0.98896
vn 0.07734 0.16818 -0.98272
vn 0.21159 0.09558 -0.97267
vn 0.22882 0.1981 -0.9531
vn 0.34865 0.06837 -0.93476
vn 0.37329 0.2202 -0.9012
vn 0.47868 0.04886 -0.87663
vn 0.5079 0.23473 -0.82882
vn 0.59886 0.0371 -0.79999
vn 0.63015 0.24196 -0.73781
vn 0.70672 0.0332 -0.70672
vn 0.73781 0.24196 -0.63015
vn 0.79999 0.0371 -0.59887
vn 0.82882 0.23474 -0.5079
vn 0.87663 0.04884 -0.47868
vn 0.90121 0.22019 -0.37329
vn 0.93476 0.0684 -0.34865
vn 0.9531 0.19812 -0.22882
vn 0.97267 0.09557 -0.21159
vn 0.98272 0.16818 -0.07734
vn 0.98896 0.1302 -0.07073
vn 0.07252 0.38168 -0.92144
vn 0.07252 0.38168 -0.92145
vn 0.21577 0.38168 -0.89876
vn 0.21577 0.38168 -0.89876
vn 0.35371 0.38168 -0.85394
vn 0.35371 0.38168 -0.85394
vn 0.48294 0.38168 -0.78809
vn 0.48294 0.38168 -0.78809
vn 0.60028 0.38168 -0.70284
vn 0.60028 0.38167 -0.70284
vn 0.70284 0.38167 -0.60029
vn 0.70284 0.38168 -0.60028
vn 0.78809 0.38168 -0.48294
vn 0.78809 0.38168 -0.48294
vn 0.85394 0.38168 -0.35371
vn 0.85394 0.38166 -0.35371
vn 0.89876 0.38166 -0.21578
vn 0.89876 0.38168 -0.21577
vn 0.92145 0.38168 -0.07252
vn 0.92145 0.38167 -0.07252
vn 0.79181 0.60758 -0.06232
vn 0.79181 0.60758 -0.06232
vn 0.60807 0.79244 -0.04786
vn 0.60806 0.79245 -0.04785
vn 0.38252 0.92346 -0.0301
vn 0.38252 0.92346 -0.03011
vn 0.13052 0.99139 -0.01027
vn 0.13052 0.99139 -0.01027
vn 0.06232 0.60757 -0.79182
vn 0.06232 0.60757 -0.79181
vn 0.18542 0.60757 -0.77232
vn 0.18542 0.60758 -0.77232
vn 0.30395 0.60758 -0.7338
vn 0.30395 0.60757 -0.73381
vn 0.415 0.60757 -0.67722
vn 0.415 0.60756 -0.67723
vn 0.51584 0.60756 -0.60397
vn 0.51583 0.60758 -0.60396
vn 0.60396 0.60758 -0.51583
vn 0.60396 0.60758 -0.51583
vn 0.67722 0.60757 -0.415
vn 0.67721 0.60759 -0.41499
vn 0.73379 0.60759 -0.30395
vn 0.7338 0.60757 -0.30396
vn 0.77232 0.60757 -0.18542
vn 0.77231 0.60758 -0.18541
vn 0.04786 0.79245 -0.60806
vn 0.04786 0.79245 -0.60806
vn 0.14239 0.79245 -0.59309
vn 0.14239 0.79245 -0.59309
vn 0.23341 0.79245 -0.56351
vn 0.23341 0.79245 -0.56351
vn 0.31869 0.79245 -0.52006
vn 0.31869 0.79245 -0.52006
vn 0.39612 0.79245 -0.4638
vn 0.39613 0.79244 -0.46381
vn 0.46381 0.79244 -0.39613
vn 0.4638 0.79245 -0.39612
vn 0.52006 0.79245 -0.31869
vn 0.52006 0.79244 -0.3187
vn 0.56352 0.79244 -0.23342
vn 0.5635 0.79246 -0.23341
vn 0.59307 0.79246 -0.14238
vn 0.59309 0.79244 -0.14239
vn 0.03011 0.92346 -0.38252
vn 0.03011 0.92346 -0.38252
vn 0.08957 0.92346 -0.3731
vn 0.08957 0.92346 -0.3731
vn 0.14684 0.92346 -0.35449
vn 0.14683 0.92346 -0.35449
vn 0.20048 0.92346 -0.32716
vn 0.20048 0.92346 -0.32716
vn 0.24919 0.92346 -0.29177
vn 0.24919 0.92346 -0.29177
vn 0.29177 0.92346 -0.24919
vn 0.29177 0.92346 -0.24919
vn 0.32716 0.92346 -0.20048
vn 0.32716 0.92346 -0.20049
vn 0.3545 0.92346 -0.14684
vn 0.35449 0.92346 -0.14683
vn 0.3731 0.92346 -0.08957
vn 0.3731 0.92346 -0.08957
vn 0.01027 0.99139 -0.13052
vn 0.01027 0.99139 -0.13052
vn 0.03056 0.99139 -0.1273
vn 0.03056 0.99139 -0.1273
vn 0.0501 0.99139 -0.12095
vn 0.0501 0.99139 -0.12096
vn 0.06841 0.99139 -0.11163
vn 0.06841 0.99139 -0.11163
vn 0.08503 0.99139 -0.09955
vn 0.08503 0.99139 -0.09955
vn 0.09955 0.99139 -0.08503
vn 0.09955 0.99139 -0.08503
vn 0.11163 0.99139 -0.06841
vn 0.11162 0.99139 -0.0684
vn 0.12095 0.99139 -0.0501
vn 0.12096 0.99139 -0.0501
vn 0.12731 0.99139 -0.03056
vn 0.1273 0.99139 -0.03056
vn 0.98896 0.13019 -0.07073
vn 0.96883 0.13019 -0.21076
vn 0.96883 0.13021 -0.21075
vn 0.92897 0.13021 -0.34649
vn 0.92897 0.1302 -0.34649
vn 0.87021 0.13021 -0.47517
vn 0.87021 0.13019 -0.47517
vn 0.79373 0.13019 -0.59418
vn 0.79373 0.1302 -0.59418
vn 0.70109 0.1302 -0.70109
vn 0.70109 0.13019 -0.70109
vn 0.59417 0.13019 -0.79373
vn 0.59418 0.13023 -0.79372
vn 0.47517 0.13023 -0.8702
vn 0.47517 0.13019 -0.87021
vn 0.34649 0.1302 -0.92897
vn 0.34649 0.13018 -0.92898
vn 0.21075 0.13018 -0.96883
vn 0.21076 0.1302 -0.96883
vn 0.07073 0.1302 -0.98896
vn 0.07073 0.13018 -0.98896
vn 0.06593 0.38185 -0.92187
vn 0.06593 0.38186 -0.92187
vn 0.05665 0.60778 -0.79208
vn 0.05665 0.60778 -0.79208
vn 0.0435 0.79261 -0.60818
vn 0.0435 0.79261 -0.60818
vn 0.02736 0.92353 -0.38255
vn 0.02736 0.92353 -0.38255
vn 0.00933 0.9914 -0.13052
vn 0.00933 0.9914 -0.13052
vn 0.92187 0.38186 -0.06593
vn 0.92187 0.38185 -0.06593
vn 0.9031 0.38185 -0.19646
vn 0.90311 0.38184 -0.19646
vn 0.86595 0.38184 -0.32299
vn 0.86595 0.38185 -0.32298
vn 0.81117 0.38185 -0.44293
vn 0.81117 0.38186 -0.44293
vn 0.73988 0.38186 -0.55387
vn 0.73988 0.38186 -0.55387
vn 0.65352 0.38185 -0.65352
vn 0.65353 0.38184 -0.65353
vn 0.55387 0.38184 -0.73988
vn 0.55387 0.38184 -0.73988
vn 0.44293 0.38184 -0.81118
vn 0.44293 0.38186 -0.81117
vn 0.32298 0.38186 -0.86595
vn 0.32298 0.38186 -0.86595
vn 0.19646 0.38186 -0.9031
vn 0.19646 0.38186 -0.9031
vn 0.79208 0.60778 -0.05665
vn 0.79208 0.60778 -0.05665
vn 0.77596 0.60778 -0.1688
vn 0.77596 0.60778 -0.1688
vn 0.74404 0.60778 -0.27751
vn 0.74404 0.60777 -0.27751
vn 0.69697 0.60777 -0.38058
vn 0.69697 0.60778 -0.38057
vn 0.63572 0.60778 -0.47589
vn 0.63572 0.60778 -0.47589
vn 0.56152 0.60778 -0.56152
vn 0.56151 0.60779 -0.56151
vn 0.47589 0.60779 -0.63571
vn 0.47589 0.60778 -0.63571
vn 0.38057 0.60778 -0.69697
vn 0.38057 0.60778 -0.69697
vn 0.27751 0.60778 -0.74403
vn 0.27751 0.60778 -0.74404
vn 0.1688 0.60778 -0.77595
vn 0.1688 0.60778 -0.77596
vn 0.60818 0.79261 -0.0435
vn 0.60819 0.7926 -0.0435
vn 0.5958 0.7926 -0.12961
vn 0.5958 0.79261 -0.12961
vn 0.57129 0.79261 -0.21308
vn 0.57129 0.79261 -0.21308
vn 0.53515 0.79261 -0.29221
vn 0.53515 0.79261 -0.29221
vn 0.48812 0.79261 -0.3654
vn 0.48811 0.79261 -0.3654
vn 0.43114 0.79261 -0.43114
vn 0.43115 0.7926 -0.43115
vn 0.3654 0.7926 -0.48812
vn 0.3654 0.7926 -0.48812
vn 0.29222 0.7926 -0.53515
vn 0.29222 0.79261 -0.53515
vn 0.21308 0.79261 -0.57129
vn 0.21308 0.7926 -0.57129
vn 0.12961 0.7926 -0.5958
vn 0.12961 0.79261 -0.5958
vn 0.38255 0.92353 -0.02736
vn 0.38254 0.92353 -0.02736
vn 0.37475 0.92353 -0.08152
vn 0.37476 0.92353 -0.08152
vn 0.35934 0.92353 -0.13403
vn 0.35934 0.92353 -0.13403
vn 0.33661 0.92353 -0.1838
vn 0.33661 0.92353 -0.1838
vn 0.30703 0.92353 -0.22984
vn 0.30703 0.92353 -0.22984
vn 0.27119 0.92353 -0.2712
vn 0.27119 0.92353 -0.27119
vn 0.22984 0.92353 -0.30702
vn 0.22984 0.92353 -0.30703
vn 0.18381 0.92353 -0.33662
vn 0.18381 0.92353 -0.33661
vn 0.13403 0.92353 -0.35935
vn 0.13403 0.92353 -0.35934
vn 0.08152 0.92353 -0.37476
vn 0.08152 0.92353 -0.37476
vn 0.13052 0.9914 -0.00933
vn 0.13052 0.9914 -0.00933
vn 0.12786 0.9914 -0.02781
vn 0.12786 0.9914 -0.02781
vn 0.1226 0.9914 -0.04573
vn 0.1226 0.9914 -0.04573
vn 0.11485 0.9914 -0.06271
vn 0.11485 0.9914 -0.06271
vn 0.10475 0.9914 -0.07842
vn 0.10475 0.9914 -0.07842
vn 0.09253 0.9914 -0.09253
vn 0.07842 0.9914 -0.10475
vn 0.07842 0.9914 -0.10475
vn 0.06271 0.9914 -0.11484
vn 0.06271 0.9914 -0.11484
vn 0.04573 0.9914 -0.1226
vn 0.04573 0.9914 -0.1226
vn 0.02781 0.9914 -0.12786
vn 0.02781 0.9914 -0.12786
vn 0.79336 0.60875 0
vn 0.3827 0.92387 0
vn 0.99145 0.13053 -0
vn 0.13052 0.99145 0
vn 0.13052 0.99145 -0
vn 0.99145 0.13053 -0
vn 0.99145 0.13053 -0
vn 0.60875 0.79336 -0
vn 0.07074 0.13018 0.98896
vn 0.07073 0.1302 0.98896
vn 0.21075 0.1302 0.96883
vn 0.21076 0.13018 0.96883
vn 0.34649 0.13018 0.92898
vn 0.34649 0.1302 0.92897
vn 0.47517 0.13019 0.87021
vn 0.47517 0.13023 0.87021
vn 0.59417 0.13023 0.79373
vn 0.59418 0.13019 0.79373
vn 0.70109 0.13019 0.70109
vn 0.70109 0.1302 0.70109
vn 0.79373 0.1302 0.59418
vn 0.79373 0.13019 0.59418
vn 0.87021 0.13019 0.47517
vn 0.87021 0.13021 0.47517
vn 0.92897 0.1302 0.34649
vn 0.92897 0.13021 0.34649
vn 0.96883 0.13021 0.21076
vn 0.96883 0.13019 0.21075
vn 0.98896 0.13019 0.07073
vn 0.98896 0.1302 0.07073
vn 0.92187 0.38185 0.06593
vn 0.92187 0.38186 0.06593
vn 0.79208 0.60778 0.05665
vn 0.60819 0.7926 0.0435
vn 0.60818 0.79261 0.0435
vn 0.38254 0.92353 0.02736
vn 0.38255 0.92353 0.02736
vn 0.13052 0.9914 0.00933
vn 0.13052 0.9914 0.00933
vn 0.06593 0.38186 0.92187
vn 0.06593 0.38185 0.92187
vn 0.19646 0.38186 0.9031
vn 0.19646 0.38186 0.9031
vn 0.32298 0.38186 0.86595
vn 0.32298 0.38186 0.86595
vn 0.44293 0.38186 0.81117
vn 0.44294 0.38184 0.81118
vn 0.55387 0.38184 0.73988
vn 0.55387 0.38184 0.73988
vn 0.65353 0.38184 0.65353
vn 0.65352 0.38185 0.65353
vn 0.73988 0.38186 0.55387
vn 0.73988 0.38186 0.55387
vn 0.81117 0.38186 0.44293
vn 0.81117 0.38185 0.44293
vn 0.86595 0.38185 0.32298
vn 0.86595 0.38184 0.32298
vn 0.90311 0.38184 0.19646
vn 0.9031 0.38185 0.19646
vn 0.05665 0.60778 0.79208
vn 0.05665 0.60778 0.79208
vn 0.1688 0.60778 0.77596
vn 0.1688 0.60778 0.77595
vn 0.27751 0.60778 0.74404
vn 0.27751 0.60778 0.74403
vn 0.38057 0.60778 0.69697
vn 0.38057 0.60778 0.69697
vn 0.47589 0.60778 0.63571
vn 0.47589 0.60779 0.63571
vn 0.56151 0.60779 0.56152
vn 0.56152 0.60778 0.56152
vn 0.63572 0.60778 0.47589
vn 0.63572 0.60778 0.47589
vn 0.69697 0.60778 0.38057
vn 0.69697 0.60777 0.38058
vn 0.74404 0.60777 0.27751
vn 0.74404 0.60778 0.27751
vn 0.77596 0.60778 0.1688
vn 0.77596 0.60778 0.1688
vn 0.0435 0.79261 0.60818
vn 0.12961 0.79261 0.5958
vn 0.12961 0.7926 0.5958
vn 0.21308 0.7926 0.57129
vn 0.21308 0.79261 0.57129
vn 0.29221 0.79261 0.53515
vn 0.29222 0.7926 0.53515
vn 0.3654 0.7926 0.48812
vn 0.3654 0.7926 0.48812
vn 0.43115 0.7926 0.43115
vn 0.43114 0.79261 0.43115
vn 0.48811 0.79261 0.3654
vn 0.48812 0.79261 0.3654
vn 0.53515 0.79261 0.29221
vn 0.53515 0.79261 0.29221
vn 0.57129 0.79261 0.21308
vn 0.57129 0.79261 0.21308
vn 0.5958 0.79261 0.12961
vn 0.59581 0.7926 0.12961
vn 0.02736 0.92353 0.38255
vn 0.02736 0.92353 0.38255
vn 0.08152 0.92353 0.37476
vn 0.08152 0.92353 0.37476
vn 0.13403 0.92353 0.35934
vn 0.13403 0.92353 0.35935
vn 0.18381 0.92353 0.33661
vn 0.18381 0.92353 0.33661
vn 0.22984 0.92353 0.30703
vn 0.22984 0.92353 0.30703
vn 0.27119 0.92353 0.27119
vn 0.2712 0.92353 0.2712
vn 0.30703 0.92353 0.22984
vn 0.30703 0.92353 0.22984
vn 0.33661 0.92353 0.1838
vn 0.33661 0.92353 0.1838
vn 0.35934 0.92353 0.13403
vn 0.35934 0.92353 0.13403
vn 0.37476 0.92353 0.08152
vn 0.37475 0.92353 0.08152
vn 0.00933 0.9914 0.13052
vn 0.00933 0.9914 0.13052
vn 0.02781 0.9914 0.12786
vn 0.02781 0.9914 0.12786
vn 0.04573 0.9914 0.1226
vn 0.04573 0.9914 0.1226
vn 0.06271 0.9914 0.11484
vn 0.06271 0.9914 0.11484
vn 0.07841 0.9914 0.10475
vn 0.07842 0.9914 0.10475
vn 0.10475 0.9914 0.07842
vn 0.10475 0.9914 0.07842
vn 0.11485 0.9914 0.06271
vn 0.11485 0.9914 0.06271
vn 0.1226 0.9914 0.04573
vn 0.1226 0.9914 0.04573
vn 0.12786 0.9914 0.02781
vn 0.12786 0.9914 0.02781
vn -0 0.13051 0.99145
vn -0 0.92388 0.38269
vn 0.98896 0.1302 0.07073
vn 0.98272 0.16818 0.07734
vn 0.97267 0.09557 0.21159
vn 0.9531 0.19812 0.22882
vn 0.93476 0.0684 0.34865
vn 0.90121 0.22019 0.37329
vn 0.87663 0.04884 0.47868
vn 0.82882 0.23474 0.5079
vn 0.79999 0.0371 0.59887
vn 0.73781 0.24196 0.63015
vn 0.63015 0.24196 0.73781
vn 0.59886 0.0371 0.79999
vn 0.5079 0.23473 0.82882
vn 0.47868 0.04886 0.87663
vn 0.37329 0.2202 0.9012
vn 0.34865 0.06837 0.93476
vn 0.22882 0.1981 0.9531
vn 0.21159 0.09558 0.97267
vn 0.07734 0.16818 0.98272
vn 0.07073 0.13018 0.98896
vn 0.92145 0.38167 0.07252
vn 0.92145 0.38168 0.07252
vn 0.89875 0.38168 0.21578
vn 0.89876 0.38166 0.21577
vn 0.85395 0.38166 0.35371
vn 0.85394 0.38168 0.35371
vn 0.78809 0.38168 0.48294
vn 0.78809 0.38168 0.48294
vn 0.70284 0.38168 0.60028
vn 0.70284 0.38167 0.60028
vn 0.60028 0.38167 0.70284
vn 0.60028 0.38168 0.70284
vn 0.48294 0.38168 0.78809
vn 0.48294 0.38168 0.78809
vn 0.35371 0.38168 0.85394
vn 0.35371 0.38168 0.85394
vn 0.21577 0.38168 0.89876
vn 0.21577 0.38168 0.89876
vn 0.07252 0.38168 0.92145
vn 0.07252 0.38168 0.92144
vn 0.06232 0.60757 0.79181
vn 0.06232 0.60757 0.79182
vn 0.04786 0.79245 0.60806
vn 0.04786 0.79245 0.60806
vn 0.03011 0.92346 0.38252
vn 0.03011 0.92346 0.38252
vn 0.01027 0.99139 0.13052
vn 0.01027 0.99139 0.13052
vn 0.79181 0.60758 0.06232
vn 0.79181 0.60758 0.06232
vn 0.77231 0.60758 0.18542
vn 0.77232 0.60757 0.18541
vn 0.73381 0.60757 0.30395
vn 0.73379 0.60759 0.30395
vn 0.67721 0.60759 0.415
vn 0.67722 0.60757 0.415
vn 0.60396 0.60758 0.51583
vn 0.60396 0.60758 0.51583
vn 0.51583 0.60758 0.60396
vn 0.51584 0.60756 0.60397
vn 0.41501 0.60756 0.67723
vn 0.415 0.60757 0.67722
vn 0.30395 0.60757 0.7338
vn 0.30395 0.60758 0.7338
vn 0.18542 0.60758 0.77232
vn 0.18542 0.60757 0.77232
vn 0.60806 0.79245 0.04786
vn 0.60807 0.79244 0.04785
vn 0.59309 0.79244 0.14239
vn 0.59307 0.79246 0.14239
vn 0.5635 0.79246 0.23341
vn 0.56352 0.79244 0.23341
vn 0.52007 0.79244 0.31869
vn 0.52006 0.79245 0.31869
vn 0.4638 0.79245 0.39612
vn 0.46381 0.79244 0.39613
vn 0.39613 0.79244 0.4638
vn 0.39612 0.79245 0.4638
vn 0.31869 0.79245 0.52006
vn 0.31869 0.79245 0.52006
vn 0.23341 0.79245 0.56351
vn 0.23341 0.79245 0.56351
vn 0.14239 0.79245 0.59309
vn 0.14239 0.79245 0.59309
vn 0.38252 0.92346 0.0301
vn 0.38252 0.92346 0.03011
vn 0.3731 0.92346 0.08957
vn 0.3731 0.92346 0.08957
vn 0.35449 0.92346 0.14683
vn 0.3545 0.92346 0.14684
vn 0.32716 0.92346 0.20049
vn 0.32716 0.92346 0.20048
vn 0.29177 0.92346 0.24919
vn 0.29177 0.92346 0.24919
vn 0.24919 0.92346 0.29177
vn 0.24919 0.92346 0.29177
vn 0.20048 0.92346 0.32716
vn 0.20048 0.92346 0.32716
vn 0.14683 0.92346 0.35449
vn 0.14684 0.92346 0.35449
vn 0.08957 0.92346 0.3731
vn 0.08957 0.92346 0.3731
vn 0.13052 0.99139 0.01027
vn 0.1273 0.99139 0.03056
vn 0.12731 0.99139 0.03056
vn 0.12096 0.99139 0.0501
vn 0.12095 0.99139 0.0501
vn 0.11162 0.99139 0.0684
vn 0.11163 0.99139 0.06841
vn 0.09955 0.99139 0.08503
vn 0.09955 0.99139 0.08503
vn 0.08503 0.99139 0.09955
vn 0.08502 0.99139 0.09955
vn 0.0684 0.99139 0.11163
vn 0.06841 0.99139 0.11163
vn 0.0501 0.99139 0.12096
vn 0.0501 0.99139 0.12095
vn 0.03056 0.99139 0.1273
vn 0.03056 0.99139 0.1273
vn 0.09719 0.12991 -0.98675
vn 0.09719 0.1299 -0.98675
vn 0.28782 0.1299 -0.94883
vn 0.28783 0.12993 -0.94883
vn 0.4674 0.12993 -0.87445
vn 0.4674 0.12994 -0.87445
vn 0.62901 0.12994 -0.76646
vn 0.62901 0.12994 -0.76646
vn 0.76646 0.12994 -0.62901
vn 0.76646 0.12994 -0.62901
vn 0.87445 0.12994 -0.4674
vn 0.87445 0.12993 -0.4674
vn 0.94883 0.12993 -0.28782
vn 0.94883 0.1299 -0.28783
vn 0.98675 0.1299 -0.09719
vn 0.98675 0.12991 -0.09719
vn 0.92009 0.38109 -0.09062
vn 0.92008 0.3811 -0.09062
vn 0.79094 0.60691 -0.0779
vn 0.79094 0.60691 -0.0779
vn 0.60767 0.79193 -0.05985
vn 0.60766 0.79194 -0.05985
vn 0.38241 0.92322 -0.03766
vn 0.38242 0.92322 -0.03767
vn 0.13051 0.99136 -0.01285
vn 0.12492 0.99207 -0.01408
vn 0.13018 0.9907 -0.03949
vn 0.11513 0.99253 -0.04028
vn 0.12303 0.99022 -0.06576
vn 0.10147 0.99279 -0.06375
vn 0.10924 0.98997 -0.08965
vn 0.08424 0.99288 -0.08424
vn 0.08965 0.98997 -0.10924
vn 0.06375 0.99279 -0.10147
vn 0.06576 0.99022 -0.12303
vn 0.04028 0.99253 -0.11513
vn 0.03949 0.9907 -0.13018
vn 0.01408 0.99207 -0.12492
vn 0.01285 0.99136 -0.13051
vn 0.03767 0.92322 -0.38241
vn 0.03766 0.92322 -0.38242
vn 0.05985 0.79193 -0.60767
vn 0.05985 0.79194 -0.60766
vn 0.0779 0.60691 -0.79094
vn 0.0779 0.60691 -0.79094
vn 0.09062 0.38109 -0.92009
vn 0.09062 0.3811 -0.92008
vn 0.11155 0.92322 -0.36772
vn 0.11155 0.92322 -0.36773
vn 0.18114 0.92322 -0.3389
vn 0.18114 0.92322 -0.33889
vn 0.24377 0.92322 -0.29704
vn 0.24377 0.92323 -0.29703
vn 0.29703 0.92323 -0.24377
vn 0.29704 0.92322 -0.24378
vn 0.33889 0.92322 -0.18114
vn 0.3389 0.92322 -0.18115
vn 0.36773 0.92322 -0.11155
vn 0.36772 0.92322 -0.11155
vn 0.17725 0.79193 -0.58432
vn 0.17725 0.79194 -0.5843
vn 0.28783 0.79194 -0.5385
vn 0.28784 0.79193 -0.53851
vn 0.38737 0.79193 -0.47201
vn 0.38737 0.79193 -0.47201
vn 0.47201 0.79193 -0.38737
vn 0.47201 0.79193 -0.38737
vn 0.53851 0.79193 -0.28784
vn 0.5385 0.79194 -0.28783
vn 0.5843 0.79194 -0.17725
vn 0.58432 0.79193 -0.17726
vn 0.26838 0.38109 -0.88473
vn 0.23071 0.60691 -0.76054
vn 0.23071 0.6069 -0.76055
vn 0.37465 0.6069 -0.70093
vn 0.37465 0.60691 -0.70093
vn 0.5042 0.60691 -0.61436
vn 0.5042 0.60689 -0.61438
vn 0.61437 0.60689 -0.50421
vn 0.61437 0.60691 -0.50419
vn 0.70093 0.60691 -0.37465
vn 0.70093 0.6069 -0.37465
vn 0.76055 0.6069 -0.23071
vn 0.76055 0.60691 -0.23071
vn 0.43582 0.38109 -0.81537
vn 0.26838 0.38109 -0.88473
vn 0.43582 0.38109 -0.81537
vn 0.58652 0.38108 -0.71468
vn 0.58652 0.38111 -0.71467
vn 0.71467 0.38111 -0.58651
vn 0.71468 0.38108 -0.58653
vn 0.81537 0.38109 -0.43582
vn 0.81537 0.38109 -0.43582
vn 0.88473 0.38109 -0.26838
vn 0.88473 0.38109 -0.26838
vn 0 0.99935 -0.03604
vn -0.0002 0.99415 -0.10801
vn -0.00033 0.99145 -0.13052
vn 0 0.97946 -0.20163
vn 0 0.92387 -0.3827
vn 0 0.60876 -0.79335
vn 0 0.38268 -0.92388
vn 0 0.13053 -0.99145
vn -0 0.60876 -0.79335
vn -0 0.79336 -0.60875
vn 0 0.97156 -0.2368
vn -0 0.13053 -0.99145
vn 0 0.13053 -0.99145
vn -0 0.13053 -0.99145
vn -0.00068 0.98379 -0.17934
vn -0 0.97946 -0.20163
vn -0 0.97946 -0.20163
vn 0 0.92387 -0.3827
vn 0.00068 0.98379 -0.17934
vn -0 0.97156 -0.2368
vn 0.0002 0.99415 -0.10801
vn 0.00051 0.98681 -0.16186
vn 0 0.97946 -0.20163
vn -0 0.38268 -0.92388
vn -0 0.13053 -0.99145
vn 0 0.13053 -0.99145
vn 0 0.97156 -0.2368
vn -0.98675 0.12991 -0.09719
vn -0.98675 0.1299 -0.09719
vn -0.94883 0.1299 -0.28782
vn -0.94883 0.12993 -0.28783
vn -0.87445 0.12993 -0.4674
vn -0.87445 0.12994 -0.4674
vn -0.76646 0.12994 -0.62901
vn -0.76646 0.12994 -0.62901
vn -0.62901 0.12994 -0.76646
vn -0.62901 0.12994 -0.76646
vn -0.4674 0.12994 -0.87445
vn -0.4674 0.12993 -0.87445
vn -0.28782 0.12993 -0.94883
vn -0.28783 0.1299 -0.94883
vn -0.09719 0.1299 -0.98675
vn -0.09719 0.12991 -0.98675
vn -0.09062 0.38109 -0.92009
vn -0.09062 0.3811 -0.92008
vn -0.0779 0.60691 -0.79094
vn -0.0779 0.60691 -0.79094
vn -0.05985 0.79193 -0.60767
vn -0.05985 0.79194 -0.60766
vn -0.03766 0.92322 -0.38241
vn -0.03767 0.92322 -0.38242
vn -0.01285 0.99136 -0.13051
vn -0.01408 0.99207 -0.12492
vn -0.03949 0.9907 -0.13018
vn -0.04028 0.99253 -0.11513
vn -0.06576 0.99022 -0.12303
vn -0.06375 0.99279 -0.10147
vn -0.08965 0.98997 -0.10924
vn -0.08424 0.99288 -0.08424
vn -0.10924 0.98997 -0.08965
vn -0.10147 0.99279 -0.06375
vn -0.12303 0.99022 -0.06576
vn -0.11513 0.99253 -0.04028
vn -0.13018 0.9907 -0.03949
vn -0.12492 0.99207 -0.01408
vn -0.13051 0.99136 -0.01285
vn -0.38241 0.92322 -0.03767
vn -0.38242 0.92322 -0.03766
vn -0.60767 0.79193 -0.05985
vn -0.60766 0.79194 -0.05985
vn -0.79094 0.60691 -0.0779
vn -0.79094 0.60691 -0.0779
vn -0.92009 0.38109 -0.09062
vn -0.92008 0.3811 -0.09062
vn -0.36772 0.92322 -0.11155
vn -0.36773 0.92322 -0.11155
vn -0.3389 0.92322 -0.18114
vn -0.33889 0.92322 -0.18114
vn -0.29704 0.92322 -0.24377
vn -0.29703 0.92323 -0.24377
vn -0.24377 0.92323 -0.29703
vn -0.24378 0.92322 -0.29704
vn -0.18114 0.92322 -0.33889
vn -0.18115 0.92322 -0.3389
vn -0.11155 0.92322 -0.36773
vn -0.11155 0.92322 -0.36772
vn -0.58432 0.79193 -0.17725
vn -0.5843 0.79194 -0.17725
vn -0.5385 0.79194 -0.28783
vn -0.53851 0.79193 -0.28784
vn -0.47201 0.79193 -0.38737
vn -0.47201 0.79193 -0.38737
vn -0.38737 0.79193 -0.47201
vn -0.38737 0.79193 -0.47201
vn -0.28784 0.79193 -0.53851
vn -0.28783 0.79194 -0.5385
vn -0.17725 0.79194 -0.5843
vn -0.17726 0.79193 -0.58432
vn -0.88473 0.38109 -0.26838
vn -0.76054 0.60691 -0.23071
vn -0.76055 0.6069 -0.23071
vn -0.70093 0.6069 -0.37465
vn -0.70093 0.60691 -0.37465
vn -0.61436 0.60691 -0.5042
vn -0.61438 0.60689 -0.5042
vn -0.50421 0.60689 -0.61437
vn -0.50419 0.60691 -0.61437
vn -0.37465 0.60691 -0.70093
vn -0.37465 0.6069 -0.70093
vn -0.23071 0.6069 -0.76055
vn -0.23071 0.60691 -0.76055
vn -0.81537 0.38109 -0.43582
vn -0.88473 0.38109 -0.26838
vn -0.81537 0.38109 -0.43582
vn -0.71468 0.38108 -0.58652
vn -0.71467 0.38111 -0.58652
vn -0.58651 0.38111 -0.71467
vn -0.58653 0.38108 -0.71468
vn -0.43582 0.38109 -0.81537
vn -0.43582 0.38109 -0.81537
vn -0.26838 0.38109 -0.88473
vn -0.26838 0.38109 -0.88473
vn -0.07073 0.13018 0.98896
vn -0.07734 0.16818 0.98272
vn -0.21159 0.09558 0.97267
vn -0.22882 0.1981 0.9531
vn -0.34865 0.06837 0.93476
vn -0.37329 0.2202 0.9012
vn -0.47868 0.04886 0.87663
vn -0.5079 0.23473 0.82882
vn -0.59886 0.0371 0.79999
vn -0.63015 0.24196 0.73781
vn -0.73781 0.24196 0.63015
vn -0.79999 0.0371 0.59887
vn -0.82882 0.23474 0.5079
vn -0.87663 0.04884 0.47868
vn -0.90121 0.22019 0.37329
vn -0.93476 0.0684 0.34865
vn -0.9531 0.19812 0.22882
vn -0.97267 0.09557 0.21159
vn -0.98272 0.16818 0.07734
vn -0.07252 0.38168 0.92144
vn -0.07252 0.38168 0.92145
vn -0.21577 0.38168 0.89876
vn -0.21577 0.38168 0.89876
vn -0.35371 0.38168 0.85394
vn -0.35371 0.38168 0.85394
vn -0.48294 0.38168 0.78809
vn -0.48294 0.38168 0.78809
vn -0.60028 0.38168 0.70284
vn -0.60028 0.38167 0.70284
vn -0.70284 0.38167 0.60029
vn -0.70284 0.38168 0.60028
vn -0.78809 0.38168 0.48294
vn -0.78809 0.38168 0.48294
vn -0.85394 0.38168 0.35371
vn -0.85394 0.38166 0.35371
vn -0.89876 0.38166 0.21578
vn -0.89876 0.38168 0.21577
vn -0.92145 0.38168 0.07252
vn -0.92145 0.38167 0.07252
vn -0.79181 0.60758 0.06232
vn -0.79181 0.60758 0.06232
vn -0.60807 0.79244 0.04786
vn -0.60806 0.79245 0.04785
vn -0.38252 0.92346 0.0301
vn -0.38252 0.92346 0.03011
vn -0.13052 0.99139 0.01027
vn -0.13052 0.99139 0.01027
vn -0.06232 0.60757 0.79182
vn -0.06232 0.60757 0.79181
vn -0.18542 0.60757 0.77232
vn -0.18542 0.60758 0.77232
vn -0.30395 0.60758 0.7338
vn -0.30395 0.60757 0.73381
vn -0.415 0.60757 0.67722
vn -0.415 0.60756 0.67723
vn -0.51584 0.60756 0.60397
vn -0.51583 0.60758 0.60396
vn -0.60396 0.60758 0.51583
vn -0.60396 0.60758 0.51583
vn -0.67722 0.60757 0.415
vn -0.67721 0.60759 0.41499
vn -0.73379 0.60759 0.30395
vn -0.7338 0.60757 0.30396
vn -0.77232 0.60757 0.18542
vn -0.77231 0.60758 0.18541
vn -0.04786 0.79245 0.60806
vn -0.04786 0.79245 0.60806
vn -0.14239 0.79245 0.59309
vn -0.14239 0.79245 0.59309
vn -0.23341 0.79245 0.56351
vn -0.23341 0.79245 0.56351
vn -0.31869 0.79245 0.52006
vn -0.31869 0.79245 0.52006
vn -0.39612 0.79245 0.4638
vn -0.39613 0.79244 0.46381
vn -0.46381 0.79244 0.39613
vn -0.4638 0.79245 0.39612
vn -0.52006 0.79245 0.31869
vn -0.52006 0.79244 0.3187
vn -0.56352 0.79244 0.23342
vn -0.5635 0.79246 0.23341
vn -0.59307 0.79246 0.14238
vn -0.59309 0.79244 0.14239
vn -0.03011 0.92346 0.38252
vn -0.03011 0.92346 0.38252
vn -0.08957 0.92346 0.3731
vn -0.08957 0.92346 0.3731
vn -0.14684 0.92346 0.35449
vn -0.14683 0.92346 0.35449
vn -0.20048 0.92346 0.32716
vn -0.20048 0.92346 0.32716
vn -0.24919 0.92346 0.29177
vn -0.24919 0.92346 0.29177
vn -0.29177 0.92346 0.24919
vn -0.29177 0.92346 0.24919
vn -0.32716 0.92346 0.20048
vn -0.32716 0.92346 0.20049
vn -0.3545 0.92346 0.14684
vn -0.35449 0.92346 0.14683
vn -0.3731 0.92346 0.08957
vn -0.3731 0.92346 0.08957
vn -0.01027 0.99139 0.13052
vn -0.03056 0.99139 0.1273
vn -0.03056 0.99139 0.1273
vn -0.0501 0.99139 0.12095
vn -0.0501 0.99139 0.12096
vn -0.06841 0.99139 0.11163
vn -0.06841 0.99139 0.11163
vn -0.08503 0.99139 0.09955
vn -0.08503 0.99139 0.09955
vn -0.09955 0.99139 0.08503
vn -0.09955 0.99139 0.08503
vn -0.11163 0.99139 0.06841
vn -0.11162 0.99139 0.0684
vn -0.12095 0.99139 0.0501
vn -0.12096 0.99139 0.0501
vn -0.12731 0.99139 0.03056
vn -0.1273 0.99139 0.03056
vn 0 0 1
vn -0.07134 0 0.99745
vn -0.21257 0 0.97715
vn -0.34947 0 0.93695
vn -0.34947 -0 0.93695
vn -0.47925 0 0.87768
vn -0.59928 0 0.80054
vn -0.59928 -0 0.80054
vn -0.70711 0 0.70711
vn -0.80054 0 0.59928
vn -0.80054 -0 0.59928
vn -0.87768 0 0.47925
vn -0.87768 -0 0.47925
vn -0.93695 0 0.34946
vn -0.97715 0 0.21257
vn -0.99745 0 0.07134
vn -1 -0 -0
vn -0.99745 0 0.07134
vn -0.97715 0 0.21256
vn -0.97715 -0 0.21256
vn -0.93695 0 0.34947
vn -0.93695 0 0.34947
vn -0.80054 0 0.59927
vn -0.70711 0 0.70711
vn -0.59928 0 0.80054
vn -0.47925 0 0.87768
vn -0.47925 -0 0.87768
vn -0.34946 0 0.93695
vn -0.21257 0 0.97715
vn -0.21257 0 0.97715
vn 0.07134 -0 0.99745
vn 0.21257 -0 0.97715
vn 0.21257 -0 0.97715
vn 0.34946 -0 0.93695
vn 0.47925 -0 0.87768
vn 0.47925 0 0.87768
vn 0.59928 -0 0.80054
vn 0.70711 -0 0.70711
vn 0.80054 -0 0.59927
vn 0.87768 -0 0.47925
vn 0.87768 0 0.47925
vn 0.93695 -0 0.34947
vn 0.93695 -0 0.34947
vn 0.97715 -0 0.21256
vn 0.97715 0 0.21256
vn 0.99745 -0 0.07134
vn 1 0 -0
vn 0.99745 -0 0.07134
vn 0.97715 -0 0.21257
vn 0.93695 -0 0.34946
vn 0.80054 -0 0.59928
vn 0.80054 0 0.59928
vn 0.70711 -0 0.70711
vn 0.59928 -0 0.80054
vn 0.59928 0 0.80054
vn 0.47925 -0 0.87768
vn 0.34947 -0 0.93695
vn 0.34947 0 0.93695
vn 0.21257 -0 0.97715
vn -0.09802 0 0.99518
vn -0.29028 0 0.95694
vn -0.47139 0 0.88192
vn -0.63439 0 0.77301
vn -0.77301 0 0.63439
vn -0.88192 0 0.47139
vn -0.95694 0 0.29028
vn -0.99518 0 0.09802
vn -0.99745 0 -0.07134
vn -0.97715 0 -0.21257
vn -0.93695 0 -0.34947
vn -0.93695 -0 -0.34947
vn -0.87768 0 -0.47925
vn -0.80054 0 -0.59928
vn -0.80054 -0 -0.59928
vn -0.70711 0 -0.70711
vn -0.59928 0 -0.80054
vn -0.59928 -0 -0.80054
vn -0.47925 0 -0.87768
vn -0.47925 -0 -0.87768
vn -0.34946 0 -0.93695
vn -0.21257 0 -0.97715
vn -0.07134 0 -0.99745
vn 0 0 -1
vn -0.07134 0 -0.99745
vn -0.21256 0 -0.97715
vn -0.21256 -0 -0.97715
vn -0.34947 0 -0.93695
vn -0.34947 0 -0.93695
vn -0.59927 0 -0.80054
vn -0.70711 0 -0.70711
vn -0.80054 0 -0.59928
vn -0.87768 0 -0.47925
vn -0.87768 -0 -0.47925
vn -0.93695 0 -0.34946
vn -0.97715 0 -0.21257
vn -0.97715 0 -0.21257
vn -0.99745 0 0.07134
vn -0.97715 0 0.21257
vn -0.97715 -0 0.21257
vn -0.93695 0 0.34946
vn -0.87768 0 0.47925
vn -0.87768 0 0.47925
vn -0.80054 0 0.59928
vn -0.70711 0 0.70711
vn -0.59927 0 0.80054
vn -0.47925 0 0.87768
vn -0.47925 0 0.87768
vn -0.21256 0 0.97715
vn -0.21256 0 0.97715
vn -0.07134 0 0.99745
vn 0.07846 -0.17311 0.98177
vn -0.07846 -0.17311 0.98177
vn -0.07846 -0.17311 0.98177
vn -0.23345 -0.16885 0.9576
vn -0.23344 -0.16885 0.9576
vn -0.38268 -0.16043 0.90984
vn -0.38268 -0.16043 0.90984
vn -0.5225 -0.14806 0.83969
vn -0.5225 -0.14806 0.83969
vn -0.64945 -0.13204 0.74885
vn -0.64945 -0.13204 0.74885
vn -0.76041 -0.11278 0.63958
vn -0.76041 -0.11278 0.63958
vn -0.85264 -0.09073 0.51456
vn -0.85264 -0.09073 0.51456
vn -0.92388 -0.06645 0.37687
vn -0.92388 -0.06645 0.37687
vn -0.97237 -0.04054 0.2299
vn -0.97237 -0.04054 0.2299
vn -0.99692 -0.01362 0.07727
vn -0.99692 -0.01362 0.07727
vn -0.99692 0.01362 -0.07727
vn -0.99692 0.01362 -0.07727
vn -0.97237 0.04054 -0.2299
vn -0.97237 0.04054 -0.2299
vn -0.92388 0.06645 -0.37687
vn -0.92388 0.06645 -0.37687
vn -0.85264 0.09073 -0.51456
vn -0.85264 0.09073 -0.51456
vn -0.76041 0.11278 -0.63958
vn -0.76041 0.11278 -0.63958
vn -0.64945 0.13204 -0.74885
vn -0.64945 0.13204 -0.74885
vn -0.5225 0.14806 -0.83969
vn -0.5225 0.14806 -0.83969
vn -0.38268 0.16043 -0.90984
vn -0.38268 0.16043 -0.90984
vn -0.23345 0.16885 -0.9576
vn -0.23345 0.16885 -0.9576
vn -0.07846 0.17311 -0.98177
vn -0.07846 0.17311 -0.98177
vn 0.07846 0.17311 -0.98177
vn 0.07846 0.17311 -0.98177
vn 0.23345 0.16885 -0.9576
vn 0.23345 0.16885 -0.9576
vn 0.38268 0.16043 -0.90984
vn 0.38268 0.16043 -0.90984
vn 0.5225 0.14806 -0.83969
vn 0.5225 0.14806 -0.83969
vn 0.64945 0.13204 -0.74885
vn 0.64945 0.13204 -0.74885
vn 0.76041 0.11278 -0.63958
vn 0.76041 0.11278 -0.63958
vn 0.85264 0.09073 -0.51456
vn 0.85264 0.09073 -0.51456
vn 0.92388 0.06645 -0.37687
vn 0.92388 0.06645 -0.37687
vn 0.97237 0.04054 -0.2299
vn 0.97237 0.04054 -0.2299
vn 0.99692 0.01362 -0.07727
vn 0.99692 0.01362 -0.07727
vn 0.99692 -0.01362 0.07727
vn 0.99692 -0.01362 0.07727
vn 0.97237 -0.04054 0.2299
vn 0.97237 -0.04054 0.2299
vn 0.92388 -0.06645 0.37687
vn 0.92388 -0.06645 0.37687
vn 0.85264 -0.09073 0.51456
vn 0.85264 -0.09073 0.51456
vn 0.76041 -0.11278 0.63958
vn 0.76041 -0.11278 0.63958
vn 0.64945 -0.13204 0.74885
vn 0.64945 -0.13204 0.74885
vn 0.5225 -0.14806 0.83969
vn 0.5225 -0.14806 0.83969
vn 0.38268 -0.16043 0.90984
vn 0.38268 -0.16043 0.90984
vn 0.23344 -0.16885 0.9576
vn 0.23345 -0.16885 0.9576
vn 0.07846 -0.17311 0.98177
vn -0 -0.98481 -0.17365
vn -0 -0.98481 -0.17365
vn -0 -0.98481 -0.17365
vn -0 -0.98481 -0.17365
vn 0 -0.98481 -0.17365
vn 0 -0.98481 -0.17365
vn -0 -0.98481 -0.17365
vn 0 -0.98481 -0.17365
vn -0 -0.98481 -0.17365
vn -0 -0.98481 -0.17365
vn -0 -0.98481 -0.17365
vn 0 -0.98481 -0.17365
vn 0 -0.98481 -0.17365
vn 0 -0.98481 -0.17365
vn 0 -0.98481 -0.17365
vn -0 -0.98481 -0.17365
vn 0 -0.98481 -0.17365
vn 0 -0.98481 -0.17365
vn -0 -0.98481 -0.17365
vn 0 -0.98481 -0.17365
vn -0 -0.98481 -0.17365
vn -0 -0.98481 -0.17365
vn -0 -0.98481 -0.17365
vn -0 -0.98481 -0.17365
vn 0 -0.98481 -0.17365
vn 0 -0.98481 -0.17365
vn 0 -0.98481 -0.17365
vn -0 -0.98481 -0.17365
vn 0 -0.98481 -0.17365
vn -0 -0.98481 -0.17365
vn -0 -0.98481 -0.17365
vn 0 -0.98481 -0.17365
vn 0 -0.98481 -0.17365
vn 0 -0.98481 -0.17365
vn 0 -0.98481 -0.17364
vn -0 -0.98481 -0.17365
vn -0 -0.98481 -0.17365
vn -0 -0.98481 -0.17365
vn 0 -0.98481 -0.17365
vn 0 -0.98481 -0.17365
vn 0 -0.98481 -0.17365
vn 0 -0.98481 -0.17365
vn 0 -0.98481 -0.17365
vn -0 -0.98481 -0.17365
vn -0 -0.98481 -0.17365
vn 0 -0.98481 -0.17365
vn 0 -0.98481 -0.17365
vn 0 -0.98481 -0.17365
vn 0 -0.98481 -0.17365
vn -0 -0.98481 -0.17365
vn -0 -0.98481 -0.17365
vn -0 -0.98481 -0.17365
vn 0 -0.98481 -0.17365
vn 0 -0.98481 -0.17365
vn -0 -0.98481 -0.17365
vn -0 -0.98481 -0.17365
vn -0 -0.98481 -0.17365
vn -0 -0.98481 -0.17365
vn -0 -0.98481 -0.17365
vn 0 -0.98481 -0.17365
vn 0 -0.98481 -0.17365
vn 0 -0.98481 -0.17365
vn -0 -0.98481 -0.17364
vn -0 -0.98481 -0.17365
vn 0.99271 -0.02093 0.11871
vn 0.99271 -0.02093 0.11871
vn 0.99271 0.02093 -0.11871
vn 0.99271 0.02093 -0.11871
vn 0.93502 0.06158 -0.34922
vn 0.93502 0.06158 -0.34922
vn 0.82298 0.09864 -0.55943
vn 0.82298 0.09864 -0.55943
vn 0.66312 0.12998 -0.73714
vn 0.66312 0.12998 -0.73714
vn 0.46472 0.15376 -0.872
vn 0.46472 0.15376 -0.872
vn 0.23932 0.1686 -0.95619
vn 0 0.17365 -0.98481
vn -0 0.17365 -0.98481
vn -0.23932 0.1686 -0.95619
vn -0.46472 0.15376 -0.872
vn -0.46472 0.15376 -0.872
vn -0.66312 0.12998 -0.73714
vn -0.66312 0.12998 -0.73714
vn -0.82298 0.09864 -0.55943
vn -0.82298 0.09864 -0.55943
vn -0.93502 0.06158 -0.34922
vn -0.93502 0.06158 -0.34922
vn -0.99271 0.02093 -0.11871
vn -0.99271 0.02093 -0.11871
vn -0.99271 -0.02093 0.11871
vn -0.99271 -0.02093 0.11871
vn -0.93502 -0.06158 0.34922
vn -0.93502 -0.06158 0.34922
vn -0.82299 -0.09864 0.55943
vn -0.66312 -0.12998 0.73714
vn -0.66312 -0.12998 0.73714
vn -0.46472 -0.15376 0.87201
vn -0.46472 -0.15376 0.87201
vn -0.23932 -0.1686 0.95619
vn -0.23932 -0.1686 0.95619
vn 0 -0.17365 0.98481
vn 0.23932 -0.1686 0.95619
vn 0.23932 -0.1686 0.95619
vn 0.46472 -0.15376 0.87201
vn 0.46472 -0.15376 0.872
vn 0.66312 -0.12998 0.73714
vn 0.66312 -0.12998 0.73714
vn 0.82299 -0.09864 0.55943
vn 0.93502 -0.06158 0.34922
vn 0.93502 -0.06158 0.34922
vn -0 0.98481 0.17365
vn -0 0.98481 0.17365
vn -0 0.98481 0.17365
vn 0 0.98481 0.17365
vn -0 0.98481 0.17365
vn 0 0.98481 0.17365
vn -0 0.98481 0.17365
vn -0 0.98481 0.17365
vn -0 0.98481 0.17365
vn 0 0.98481 0.17365
vn -0 0.98481 0.17365
vn 0 0.98481 0.17365
vn -0 0.98481 0.17365
vn 0 0.98481 0.17365
vn 0 0.98481 0.17365
vn 0 0.98481 0.17365
vn -0 0.98481 0.17365
vn -0 0.98481 0.17365
vn 0 0.98481 0.17365
vn -0 0.98481 0.17365
vn -0 0.98481 0.17365
vn 0 0.98481 0.17365
vn 0 0.98481 0.17365
vn -0 0.98481 0.17365
vn 0 0.98481 0.17365
vn 0 0.98481 0.17365
vn -0 0.98481 0.17365
vn 0 0.98481 0.17365
vn 0 0.98481 0.17365
vn 0 0.17365 -0.98481
vn 0 0.14495 -0.98944
vn 0 0.08715 -0.9962
vn 0 0.02905 -0.99958
vn 0.99145 0 -0.13052
vn 0.99145 0 0.13052
vn 0.92388 0 0.38269
vn 0.79335 0 0.60876
vn 0.60876 0 0.79335
vn 0.38268 0 0.92388
vn 0.13053 0 0.99144
vn -0.13053 0 0.99144
vn -0.38268 0 0.92388
vn -0.60876 0 0.79335
vn -0.79335 0 0.60876
vn -0.92388 0 0.38268
vn -0.99144 0 0.13053
vn -0.99144 -0 -0.13053
vn -0.92388 -0 -0.38268
vn -0.79335 -0 -0.60876
vn -0.60876 -0 -0.79335
vn -0.38269 -0 -0.92388
vn -0.13052 -0 -0.99145
vn 0.13052 0 -0.99145
vn 0.38269 0 -0.92388
vn 0.60876 0 -0.79335
vn 0.79335 0 -0.60876
vn 0.92388 0 -0.38269
vn 0.99144 0 -0.13053
vn 0.99144 0 0.13053
vn 0.92388 0 0.38268
vn 0.38269 0 0.92388
vn 0.13052 0 0.99145
vn -0.13052 0 0.99145
vn -0.38269 0 0.92388
vn -0.92388 0 0.38269
vn -0.99145 0 0.13052
vn -0.99145 -0 -0.13052
vn -0.92388 -0 -0.38269
vn -0.38268 -0 -0.92388
vn -0.13053 -0 -0.99144
vn 0.13053 0 -0.99144
vn 0.38268 0 -0.92388
vn 0.92388 0 -0.38268
vn -0.07134 0 0.99745
vn -0.21257 0 0.97715
vn -0.34946 0 0.93695
vn -0.59928 0 0.80054
vn -0.59928 0 0.80054
vn -0.80054 0 0.59928
vn -0.80054 0 0.59928
vn -0.87768 0 0.47925
vn -0.97715 0 0.21257
vn -0.99518 0 -0.09802
vn -0.95694 0 -0.29028
vn -0.88192 0 -0.47139
vn -0.77301 0 -0.63439
vn -0.63439 0 -0.77301
vn -0.47139 0 -0.88192
vn -0.29028 0 -0.95694
vn -0.09802 0 -0.99518
vn 0.09802 0 -0.99518
vn 0.29028 0 -0.95694
vn 0.47139 0 -0.88192
vn 0.63439 0 -0.77301
vn 0.77301 0 -0.63439
vn 0.88192 0 -0.47139
vn 0.95694 0 -0.29028
vn 0.99518 0 -0.09802
vn 0.99745 -0 0.07134
vn 0.97715 -0 0.21257
vn 0.87768 -0 0.47925
vn 0.80054 -0 0.59928
vn 0.80054 -0 0.59928
vn 0.59928 -0 0.80054
vn 0.59928 -0 0.80054
vn 0.47925 -0 0.87768
vn 0.47925 -0 0.87768
vn 0.34946 -0 0.93695
vn 0.21257 -0 0.97715
vn 0.07134 -0 0.99745
vn 0.07134 -0 0.99745
vn 0.21256 -0 0.97715
vn 0.21256 -0 0.97715
vn 0.59927 -0 0.80054
vn 0.70711 -0 0.70711
vn 0.80054 -0 0.59928
vn 0.87768 -0 0.47925
vn 0.87768 -0 0.47925
vn 0.93695 -0 0.34946
vn 0.97715 -0 0.21257
vn 0.97715 0 0.21257
vn 0.99745 0 -0.07134
vn 0.97715 0 -0.21257
vn 0.97715 -0 -0.21257
vn 0.93695 0 -0.34946
vn 0.87768 0 -0.47925
vn 0.87768 0 -0.47925
vn 0.80054 0 -0.59928
vn 0.70711 0 -0.70711
vn 0.59927 0 -0.80054
vn 0.47925 0 -0.87768
vn 0.47925 0 -0.87768
vn 0.34947 0 -0.93695
vn 0.34947 -0 -0.93695
vn 0.21256 0 -0.97715
vn 0.21256 0 -0.97715
vn 0.07134 0 -0.99745
vn 0.07134 0 -0.99745
vn 0.21257 0 -0.97715
vn 0.34946 0 -0.93695
vn 0.59928 0 -0.80054
vn 0.59928 0 -0.80054
vn 0.70711 0 -0.70711
vn 0.80054 0 -0.59928
vn 0.80054 0 -0.59928
vn 0.87768 0 -0.47925
vn 0.93695 0 -0.34947
vn 0.93695 0 -0.34947
vn 0.97715 0 -0.21257
vn 0.99518 -0 0.09802
vn 0.95694 -0 0.29028
vn 0.88192 -0 0.47139
vn 0.77301 -0 0.63439
vn 0.63439 -0 0.77301
vn 0.47139 -0 0.88192
vn 0.29028 -0 0.95694
vn 0.09802 -0 0.99518
vn 0 1 0
vn 0 -1 -0
f 1//1 2//1 3//1
f 3//2 2//2 4//2
f 3//3 4//3 5//3
f 5//4 4//4 6//4
f 5//5 6//5 7//5
f 7//6 6//6 8//6
f 7//7 8//7 9//7
f 9//8 8//8 10//8
f 9//9 10//9 11//9
f 11//10 10//10 12//10
f 11//11 12//11 13//11
f 13//11 12//11 14//11
f 13//12 14//12 15//12
f 15//13 14//13 16//13
f 15//14 16//14 17//14
f 17//15 16//15 18//15
f 17//16 18//16 19//16
f 19//17 18//17 20//17
f 19//18 20//18 21//18
f 21//19 20//19 22//19
f 21//20 22//20 23//20
f 23//21 22//21 24//21
f 24//22 22//22 25//22
f 24//23 25//23 26//23
f 26//24 25//24 27//24
f 26//25 27//25 28//25
f 28//26 27//26 29//26
f 28//27 29//27 30//27
f 30//28 29//28 31//28
f 30//29 31//29 32//29
f 32//30 31//30 33//30
f 32//31 33//31 34//31
f 2//32 35//32 4//32
f 4//33 35//33 36//33
f 4//34 36//34 6//34
f 6//35 36//35 37//35
f 6//36 37//36 8//36
f 8//37 37//37 38//37
f 8//38 38//38 10//38
f 10//39 38//39 39//39
f 10//40 39//40 12//40
f 12//41 39//41 40//41
f 12//42 40//42 14//42
f 14//43 40//43 41//43
f 14//44 41//44 16//44
f 16//45 41//45 42//45
f 16//46 42//46 18//46
f 18//47 42//47 43//47
f 18//48 43//48 20//48
f 20//49 43//49 44//49
f 20//50 44//50 22//50
f 22//51 44//51 25//51
f 35//52 45//52 36//52
f 36//53 45//53 46//53
f 36//54 46//54 37//54
f 37//55 46//55 47//55
f 37//56 47//56 38//56
f 38//57 47//57 48//57
f 38//58 48//58 39//58
f 39//59 48//59 49//59
f 39//60 49//60 40//60
f 40//61 49//61 50//61
f 40//62 50//62 41//62
f 41//63 50//63 51//63
f 41//64 51//64 42//64
f 42//65 51//65 52//65
f 42//66 52//66 43//66
f 43//67 52//67 53//67
f 43//68 53//68 44//68
f 44//69 53//69 54//69
f 44//70 54//70 25//70
f 25//71 54//71 27//71
f 45//72 55//72 46//72
f 46//73 55//73 56//73
f 46//74 56//74 47//74
f 47//75 56//75 57//75
f 47//76 57//76 48//76
f 48//77 57//77 58//77
f 48//78 58//78 49//78
f 49//79 58//79 59//79
f 49//80 59//80 50//80
f 50//81 59//81 60//81
f 50//82 60//82 51//82
f 51//83 60//83 61//83
f 51//84 61//84 52//84
f 52//85 61//85 62//85
f 52//86 62//86 53//86
f 53//87 62//87 63//87
f 53//88 63//88 54//88
f 54//89 63//89 64//89
f 54//90 64//90 27//90
f 27//91 64//91 29//91
f 55//92 65//92 56//92
f 56//93 65//93 66//93
f 56//94 66//94 57//94
f 57//95 66//95 67//95
f 57//96 67//96 58//96
f 58//97 67//97 68//97
f 58//98 68//98 59//98
f 59//99 68//99 69//99
f 59//100 69//100 60//100
f 60//101 69//101 70//101
f 60//102 70//102 61//102
f 61//103 70//103 71//103
f 61//104 71//104 62//104
f 62//105 71//105 72//105
f 62//106 72//106 63//106
f 63//107 72//107 73//107
f 63//108 73//108 64//108
f 64//109 73//109 74//109
f 64//110 74//110 29//110
f 29//111 74//111 31//111
f 65//112 75//112 66//112
f 66//113 75//113 76//113
f 66//114 76//114 67//114
f 67//115 76//115 77//115
f 67//116 77//116 68//116
f 68//117 77//117 78//117
f 68//118 78//118 69//118
f 69//119 78//119 79//119
f 69//120 79//120 70//120
f 70//121 79//121 80//121
f 70//122 80//122 71//122
f 71//123 80//123 81//123
f 71//124 81//124 72//124
f 72//125 81//125 82//125
f 72//126 82//126 73//126
f 73//127 82//127 83//127
f 73//128 83//128 74//128
f 74//129 83//129 84//129
f 74//130 84//130 31//130
f 31//131 84//131 33//131
f 85//132 86//132 87//132
f 87//132 86//132 88//132
f 87//132 88//132 89//132
f 89//133 88//133 90//133
f 89//133 90//133 91//133
f 91//134 90//134 92//134
f 91//134 92//134 93//134
f 93//135 92//135 94//135
f 93//136 94//136 95//136
f 95//137 94//137 96//137
f 95//138 96//138 97//138
f 97//139 96//139 23//139
f 97//139 23//139 98//139
f 98//139 23//139 99//139
f 98//137 99//137 100//137
f 100//137 99//137 101//137
f 100//135 101//135 102//135
f 102//135 101//135 103//135
f 102//134 103//134 104//134
f 104//134 103//134 105//134
f 104//133 105//133 106//133
f 106//133 105//133 107//133
f 106//132 107//132 34//132
f 34//140 107//140 32//140
f 32//133 107//133 30//133
f 30//133 107//133 105//133
f 30//134 105//134 28//134
f 28//134 105//134 103//134
f 28//135 103//135 26//135
f 26//135 103//135 101//135
f 26//137 101//137 24//137
f 24//137 101//137 99//137
f 24//139 99//139 23//139
f 86//133 85//133 108//133
f 108//133 85//133 109//133
f 108//134 109//134 110//134
f 110//134 109//134 111//134
f 110//135 111//135 112//135
f 112//135 111//135 113//135
f 112//137 113//137 114//137
f 114//137 113//137 115//137
f 114//139 115//139 116//139
f 23//139 117//139 116//139
f 116//139 117//139 118//139
f 116//141 118//141 119//141
f 119//137 118//137 120//137
f 119//138 120//138 121//138
f 121//135 120//135 122//135
f 121//135 122//135 110//135
f 110//134 122//134 108//134
f 87//132 123//132 34//132
f 34//132 123//132 124//132
f 34//142 124//142 125//142
f 125//133 124//133 126//133
f 125//133 126//133 104//133
f 104//134 126//134 102//134
f 88//133 86//133 127//133
f 127//133 86//133 108//133
f 127//134 108//134 122//134
f 123//132 87//132 128//132
f 128//132 87//132 89//132
f 128//133 89//133 91//133
f 123//133 128//133 129//133
f 129//133 128//133 91//133
f 129//134 91//134 93//134
f 106//132 34//132 125//132
f 124//133 123//133 130//133
f 130//133 123//133 129//133
f 130//134 129//134 131//134
f 131//134 129//134 93//134
f 131//135 93//135 95//135
f 104//133 106//133 125//133
f 88//133 127//133 90//133
f 90//134 127//134 132//134
f 90//143 132//143 92//143
f 92//135 132//135 133//135
f 92//135 133//135 94//135
f 94//137 133//137 117//137
f 94//137 117//137 96//137
f 96//139 117//139 23//139
f 132//134 127//134 122//134
f 124//133 130//133 126//133
f 126//134 130//134 134//134
f 126//143 134//143 102//143
f 102//135 134//135 100//135
f 134//134 130//134 131//134
f 121//135 110//135 112//135
f 133//135 132//135 120//135
f 120//136 132//136 122//136
f 134//135 131//135 135//135
f 135//135 131//135 95//135
f 135//137 95//137 97//137
f 121//137 112//137 136//137
f 136//137 112//137 114//137
f 136//139 114//139 116//139
f 117//137 133//137 118//137
f 118//138 133//138 120//138
f 98//138 100//138 135//138
f 135//135 100//135 134//135
f 98//137 135//137 97//137
f 116//139 119//139 136//139
f 136//137 119//137 121//137
f 137//144 138//144 139//144
f 139//145 138//145 140//145
f 139//146 140//146 141//146
f 141//147 140//147 142//147
f 141//148 142//148 143//148
f 143//149 142//149 144//149
f 143//150 144//150 145//150
f 145//151 144//151 146//151
f 145//152 146//152 147//152
f 147//153 146//153 148//153
f 147//154 148//154 149//154
f 149//155 148//155 150//155
f 149//156 150//156 151//156
f 151//157 150//157 152//157
f 151//158 152//158 153//158
f 153//159 152//159 154//159
f 153//160 154//160 155//160
f 155//161 154//161 156//161
f 155//162 156//162 157//162
f 157//163 156//163 158//163
f 157//164 158//164 87//164
f 87//165 158//165 85//165
f 85//166 158//166 159//166
f 85//167 159//167 109//167
f 109//168 159//168 160//168
f 109//169 160//169 111//169
f 111//170 160//170 161//170
f 111//171 161//171 113//171
f 113//172 161//172 162//172
f 113//173 162//173 115//173
f 115//174 162//174 163//174
f 115//175 163//175 116//175
f 138//176 164//176 140//176
f 140//177 164//177 165//177
f 140//178 165//178 142//178
f 142//179 165//179 166//179
f 142//180 166//180 144//180
f 144//181 166//181 167//181
f 144//182 167//182 146//182
f 146//183 167//183 168//183
f 146//184 168//184 148//184
f 148//185 168//185 169//185
f 148//186 169//186 150//186
f 150//187 169//187 170//187
f 150//188 170//188 152//188
f 152//189 170//189 171//189
f 152//190 171//190 154//190
f 154//191 171//191 172//191
f 154//192 172//192 156//192
f 156//193 172//193 173//193
f 156//194 173//194 158//194
f 158//195 173//195 159//195
f 164//196 174//196 165//196
f 165//197 174//197 175//197
f 165//198 175//198 166//198
f 166//199 175//199 176//199
f 166//200 176//200 167//200
f 167//201 176//201 177//201
f 167//202 177//202 168//202
f 168//203 177//203 178//203
f 168//204 178//204 169//204
f 169//205 178//205 179//205
f 169//206 179//206 170//206
f 170//207 179//207 180//207
f 170//208 180//208 171//208
f 171//209 180//209 181//209
f 171//210 181//210 172//210
f 172//211 181//211 182//211
f 172//212 182//212 173//212
f 173//213 182//213 183//213
f 173//214 183//214 159//214
f 159//215 183//215 160//215
f 174//216 184//216 175//216
f 175//217 184//217 185//217
f 175//218 185//218 176//218
f 176//219 185//219 186//219
f 176//220 186//220 177//220
f 177//221 186//221 187//221
f 177//222 187//222 178//222
f 178//223 187//223 188//223
f 178//224 188//224 179//224
f 179//225 188//225 189//225
f 179//226 189//226 180//226
f 180//227 189//227 190//227
f 180//228 190//228 181//228
f 181//229 190//229 191//229
f 181//230 191//230 182//230
f 182//231 191//231 192//231
f 182//232 192//232 183//232
f 183//233 192//233 193//233
f 183//234 193//234 160//234
f 160//235 193//235 161//235
f 184//236 194//236 185//236
f 185//237 194//237 195//237
f 185//238 195//238 186//238
f 186//239 195//239 196//239
f 186//240 196//240 187//240
f 187//241 196//241 197//241
f 187//242 197//242 188//242
f 188//243 197//243 198//243
f 188//244 198//244 189//244
f 189//245 198//245 199//245
f 189//246 199//246 190//246
f 190//247 199//247 200//247
f 190//248 200//248 191//248
f 191//249 200//249 201//249
f 191//250 201//250 192//250
f 192//251 201//251 202//251
f 192//252 202//252 193//252
f 193//253 202//253 203//253
f 193//254 203//254 161//254
f 161//255 203//255 162//255
f 194//256 204//256 195//256
f 195//257 204//257 205//257
f 195//258 205//258 196//258
f 196//259 205//259 206//259
f 196//260 206//260 197//260
f 197//261 206//261 207//261
f 197//262 207//262 198//262
f 198//263 207//263 208//263
f 198//264 208//264 199//264
f 199//265 208//265 209//265
f 199//266 209//266 200//266
f 200//266 209//266 210//266
f 200//267 210//267 201//267
f 201//268 210//268 211//268
f 201//269 211//269 202//269
f 202//270 211//270 212//270
f 202//271 212//271 203//271
f 203//272 212//272 213//272
f 203//273 213//273 162//273
f 162//274 213//274 163//274
f 137//275 214//275 215//275
f 215//275 214//275 216//275
f 215//276 216//276 217//276
f 217//276 216//276 218//276
f 217//277 218//277 219//277
f 219//277 218//277 220//277
f 219//278 220//278 221//278
f 221//278 220//278 222//278
f 221//279 222//279 223//279
f 223//279 222//279 224//279
f 223//280 224//280 225//280
f 225//280 204//280 223//280
f 223//280 204//280 194//280
f 223//279 194//279 221//279
f 221//279 194//279 184//279
f 221//278 184//278 219//278
f 219//278 184//278 174//278
f 219//277 174//277 217//277
f 217//277 174//277 164//277
f 217//276 164//276 215//276
f 215//276 164//276 138//276
f 215//275 138//275 137//275
f 226//281 227//281 228//281
f 228//282 227//282 229//282
f 228//283 229//283 230//283
f 230//284 229//284 231//284
f 230//285 231//285 232//285
f 232//286 231//286 233//286
f 232//287 233//287 234//287
f 234//288 233//288 235//288
f 234//289 235//289 236//289
f 236//290 235//290 237//290
f 236//291 237//291 238//291
f 238//292 237//292 239//292
f 238//293 239//293 240//293
f 240//294 239//294 241//294
f 240//295 241//295 242//295
f 242//296 241//296 243//296
f 242//297 243//297 244//297
f 244//298 243//298 245//298
f 244//299 245//299 246//299
f 246//300 245//300 216//300
f 246//301 216//301 214//301
f 227//302 247//302 229//302
f 229//303 247//303 248//303
f 229//304 248//304 231//304
f 231//305 248//305 249//305
f 231//306 249//306 233//306
f 233//307 249//307 250//307
f 233//308 250//308 235//308
f 235//309 250//309 251//309
f 235//310 251//310 237//310
f 237//311 251//311 252//311
f 237//312 252//312 239//312
f 239//313 252//313 253//313
f 239//314 253//314 241//314
f 241//315 253//315 254//315
f 241//316 254//316 243//316
f 243//317 254//317 255//317
f 243//318 255//318 245//318
f 245//319 255//319 256//319
f 245//320 256//320 216//320
f 216//321 256//321 218//321
f 218//322 256//322 257//322
f 218//323 257//323 220//323
f 220//324 257//324 258//324
f 220//325 258//325 222//325
f 222//326 258//326 259//326
f 222//327 259//327 224//327
f 224//328 259//328 260//328
f 224//329 260//329 225//329
f 247//330 261//330 248//330
f 248//331 261//331 262//331
f 248//332 262//332 249//332
f 249//333 262//333 263//333
f 249//334 263//334 250//334
f 250//335 263//335 264//335
f 250//336 264//336 251//336
f 251//337 264//337 265//337
f 251//338 265//338 252//338
f 252//339 265//339 266//339
f 252//340 266//340 253//340
f 253//341 266//341 267//341
f 253//342 267//342 254//342
f 254//343 267//343 268//343
f 254//344 268//344 255//344
f 255//345 268//345 269//345
f 255//346 269//346 256//346
f 256//347 269//347 257//347
f 261//348 270//348 262//348
f 262//349 270//349 271//349
f 262//350 271//350 263//350
f 263//351 271//351 272//351
f 263//352 272//352 264//352
f 264//353 272//353 273//353
f 264//354 273//354 265//354
f 265//355 273//355 274//355
f 265//356 274//356 266//356
f 266//357 274//357 275//357
f 266//358 275//358 267//358
f 267//359 275//359 276//359
f 267//360 276//360 268//360
f 268//361 276//361 277//361
f 268//362 277//362 269//362
f 269//363 277//363 278//363
f 269//364 278//364 257//364
f 257//365 278//365 258//365
f 270//366 279//366 271//366
f 271//367 279//367 280//367
f 271//368 280//368 272//368
f 272//369 280//369 281//369
f 272//370 281//370 273//370
f 273//371 281//371 282//371
f 273//372 282//372 274//372
f 274//373 282//373 283//373
f 274//374 283//374 275//374
f 275//375 283//375 284//375
f 275//376 284//376 276//376
f 276//377 284//377 285//377
f 276//378 285//378 277//378
f 277//379 285//379 286//379
f 277//380 286//380 278//380
f 278//381 286//381 287//381
f 278//382 287//382 258//382
f 258//383 287//383 259//383
f 279//384 288//384 280//384
f 280//385 288//385 289//385
f 280//386 289//386 281//386
f 281//387 289//387 290//387
f 281//388 290//388 282//388
f 282//389 290//389 291//389
f 282//390 291//390 283//390
f 283//391 291//391 292//391
f 283//392 292//392 284//392
f 284//393 292//393 293//393
f 284//394 293//394 285//394
f 285//395 293//395 294//395
f 285//396 294//396 286//396
f 286//397 294//397 295//397
f 286//398 295//398 287//398
f 287//399 295//399 296//399
f 287//400 296//400 259//400
f 259//401 296//401 260//401
f 297//132 298//132 299//132
f 299//132 298//132 300//132
f 299//132 300//132 226//132
f 226//132 300//132 227//132
f 227//402 300//402 247//402
f 247//402 300//402 301//402
f 247//403 301//403 261//403
f 261//403 301//403 302//403
f 261//135 302//135 270//135
f 270//135 302//135 303//135
f 270//137 303//137 279//137
f 279//137 303//137 304//137
f 279//139 304//139 288//139
f 288//139 304//139 305//139
f 288//139 305//139 306//139
f 306//404 305//404 307//404
f 307//137 305//137 308//137
f 308//137 305//137 309//137
f 308//135 309//135 310//135
f 310//135 309//135 311//135
f 310//403 311//403 312//403
f 312//403 311//403 313//403
f 312//402 313//402 297//402
f 297//402 313//402 298//402
f 301//402 300//402 298//402
f 301//402 298//402 313//402
f 302//405 301//405 313//405
f 302//403 313//403 311//403
f 303//135 302//135 311//135
f 303//135 311//135 309//135
f 304//406 303//406 309//406
f 304//137 309//137 305//137
f 314//407 315//407 316//407
f 316//408 315//408 317//408
f 316//409 317//409 318//409
f 318//410 317//410 319//410
f 318//411 319//411 320//411
f 320//412 319//412 321//412
f 320//413 321//413 322//413
f 322//414 321//414 323//414
f 322//415 323//415 324//415
f 324//416 323//416 325//416
f 324//417 325//417 326//417
f 326//418 325//418 327//418
f 326//419 327//419 328//419
f 328//420 327//420 329//420
f 328//421 329//421 299//421
f 299//422 329//422 297//422
f 297//423 329//423 330//423
f 297//424 330//424 312//424
f 312//425 330//425 331//425
f 312//426 331//426 310//426
f 310//427 331//427 332//427
f 310//428 332//428 308//428
f 308//429 332//429 333//429
f 308//430 333//430 307//430
f 307//431 333//431 306//431
f 306//432 333//432 334//432
f 334//433 333//433 335//433
f 334//434 335//434 336//434
f 336//435 335//435 337//435
f 336//436 337//436 338//436
f 338//437 337//437 339//437
f 338//438 339//438 340//438
f 340//439 339//439 341//439
f 340//440 341//440 342//440
f 342//441 341//441 343//441
f 342//442 343//442 344//442
f 344//443 343//443 345//443
f 344//444 345//444 346//444
f 346//445 345//445 347//445
f 347//446 345//446 348//446
f 347//447 348//447 349//447
f 349//448 348//448 350//448
f 349//449 350//449 351//449
f 351//450 350//450 352//450
f 351//451 352//451 353//451
f 353//452 352//452 317//452
f 353//453 317//453 315//453
f 348//454 345//454 354//454
f 354//455 345//455 343//455
f 354//456 343//456 355//456
f 355//457 343//457 341//457
f 355//458 341//458 356//458
f 356//459 341//459 339//459
f 356//460 339//460 357//460
f 357//461 339//461 337//461
f 357//462 337//462 358//462
f 358//463 337//463 335//463
f 358//464 335//464 332//464
f 332//465 335//465 333//465
f 350//466 348//466 359//466
f 359//467 348//467 354//467
f 359//468 354//468 360//468
f 360//469 354//469 355//469
f 360//470 355//470 361//470
f 361//471 355//471 356//471
f 361//472 356//472 362//472
f 362//473 356//473 357//473
f 362//474 357//474 363//474
f 363//475 357//475 358//475
f 363//476 358//476 331//476
f 331//477 358//477 332//477
f 319//478 317//478 352//478
f 352//479 350//479 364//479
f 364//480 350//480 359//480
f 364//481 359//481 365//481
f 365//482 359//482 360//482
f 365//483 360//483 366//483
f 366//484 360//484 361//484
f 366//485 361//485 367//485
f 367//486 361//486 362//486
f 367//487 362//487 368//487
f 368//488 362//488 363//488
f 368//489 363//489 330//489
f 330//490 363//490 331//490
f 321//491 319//491 364//491
f 364//492 319//492 352//492
f 321//493 364//493 365//493
f 323//494 321//494 365//494
f 323//495 365//495 366//495
f 325//496 323//496 366//496
f 325//497 366//497 367//497
f 327//498 325//498 367//498
f 327//499 367//499 368//499
f 329//500 327//500 368//500
f 329//501 368//501 330//501
f 369//502 370//502 371//502
f 371//502 370//502 372//502
f 371//502 372//502 314//502
f 314//502 372//502 315//502
f 315//503 372//503 353//503
f 353//503 372//503 373//503
f 353//504 373//504 351//504
f 351//504 373//504 374//504
f 351//505 374//505 349//505
f 349//505 374//505 375//505
f 349//506 375//506 347//506
f 347//506 375//506 376//506
f 347//507 376//507 346//507
f 346//507 376//507 377//507
f 346//507 377//507 378//507
f 378//508 377//508 379//508
f 379//506 377//506 380//506
f 380//506 377//506 381//506
f 380//505 381//505 382//505
f 382//505 381//505 383//505
f 382//504 383//504 384//504
f 384//504 383//504 385//504
f 384//503 385//503 369//503
f 369//503 385//503 370//503
f 373//503 372//503 370//503
f 373//503 370//503 385//503
f 374//509 373//509 385//509
f 374//504 385//504 383//504
f 375//505 374//505 383//505
f 375//505 383//505 381//505
f 376//510 375//510 381//510
f 376//506 381//506 377//506
f 386//511 387//511 388//511
f 388//512 387//512 389//512
f 388//513 389//513 390//513
f 390//514 389//514 391//514
f 390//515 391//515 392//515
f 392//516 391//516 393//516
f 392//517 393//517 394//517
f 394//518 393//518 395//518
f 394//519 395//519 396//519
f 396//520 395//520 397//520
f 396//521 397//521 398//521
f 398//522 397//522 399//522
f 398//523 399//523 400//523
f 400//524 399//524 401//524
f 400//525 401//525 402//525
f 402//526 401//526 403//526
f 402//527 403//527 404//527
f 404//528 403//528 405//528
f 404//529 405//529 406//529
f 406//530 405//530 369//530
f 406//531 369//531 371//531
f 387//532 407//532 389//532
f 389//533 407//533 408//533
f 389//534 408//534 391//534
f 391//535 408//535 409//535
f 391//536 409//536 393//536
f 393//537 409//537 410//537
f 393//538 410//538 395//538
f 395//539 410//539 411//539
f 395//540 411//540 397//540
f 397//541 411//541 412//541
f 397//542 412//542 399//542
f 399//543 412//543 413//543
f 399//544 413//544 401//544
f 401//545 413//545 414//545
f 401//546 414//546 403//546
f 403//547 414//547 415//547
f 403//548 415//548 405//548
f 405//549 415//549 416//549
f 405//550 416//550 369//550
f 369//551 416//551 384//551
f 384//552 416//552 417//552
f 384//553 417//553 382//553
f 382//554 417//554 418//554
f 382//555 418//555 380//555
f 380//556 418//556 419//556
f 380//557 419//557 379//557
f 379//558 419//558 420//558
f 379//559 420//559 378//559
f 407//560 421//560 408//560
f 408//561 421//561 422//561
f 408//562 422//562 409//562
f 409//563 422//563 423//563
f 409//564 423//564 410//564
f 410//565 423//565 424//565
f 410//566 424//566 411//566
f 411//567 424//567 425//567
f 411//568 425//568 412//568
f 412//569 425//569 426//569
f 412//570 426//570 413//570
f 413//571 426//571 427//571
f 413//572 427//572 414//572
f 414//573 427//573 428//573
f 414//574 428//574 415//574
f 415//575 428//575 429//575
f 415//576 429//576 416//576
f 416//577 429//577 417//577
f 421//578 430//578 422//578
f 422//579 430//579 431//579
f 422//580 431//580 423//580
f 423//581 431//581 432//581
f 423//582 432//582 424//582
f 424//583 432//583 433//583
f 424//584 433//584 425//584
f 425//585 433//585 434//585
f 425//586 434//586 426//586
f 426//587 434//587 435//587
f 426//588 435//588 427//588
f 427//589 435//589 436//589
f 427//590 436//590 428//590
f 428//591 436//591 437//591
f 428//592 437//592 429//592
f 429//593 437//593 438//593
f 429//594 438//594 417//594
f 417//595 438//595 418//595
f 430//596 439//596 431//596
f 431//597 439//597 440//597
f 431//598 440//598 432//598
f 432//599 440//599 441//599
f 432//600 441//600 433//600
f 433//601 441//601 442//601
f 433//602 442//602 434//602
f 434//603 442//603 443//603
f 434//604 443//604 435//604
f 435//605 443//605 444//605
f 435//606 444//606 436//606
f 436//607 444//607 445//607
f 436//608 445//608 437//608
f 437//609 445//609 446//609
f 437//610 446//610 438//610
f 438//611 446//611 447//611
f 438//612 447//612 418//612
f 418//613 447//613 419//613
f 439//614 448//614 440//614
f 440//615 448//615 449//615
f 440//616 449//616 441//616
f 441//617 449//617 450//617
f 441//618 450//618 442//618
f 442//619 450//619 451//619
f 442//620 451//620 443//620
f 443//621 451//621 452//621
f 443//622 452//622 444//622
f 444//623 452//623 453//623
f 444//624 453//624 445//624
f 445//625 453//625 454//625
f 445//626 454//626 446//626
f 446//627 454//627 455//627
f 446//628 455//628 447//628
f 447//629 455//629 456//629
f 447//630 456//630 419//630
f 419//631 456//631 420//631
f 386//632 457//632 458//632
f 458//632 457//632 459//632
f 458//633 459//633 460//633
f 460//633 459//633 461//633
f 460//634 461//634 462//634
f 462//634 461//634 463//634
f 462//635 463//635 464//635
f 464//635 463//635 465//635
f 464//636 465//636 466//636
f 466//636 465//636 467//636
f 466//637 467//637 468//637
f 468//637 448//637 466//637
f 466//637 448//637 439//637
f 466//636 439//636 464//636
f 464//636 439//636 430//636
f 464//635 430//635 462//635
f 462//635 430//635 421//635
f 462//634 421//634 460//634
f 460//634 421//634 407//634
f 460//633 407//633 458//633
f 458//633 407//633 387//633
f 458//632 387//632 386//632
f 469//531 470//531 471//531
f 471//638 470//638 472//638
f 471//639 472//639 473//639
f 473//640 472//640 474//640
f 473//641 474//641 475//641
f 475//642 474//642 476//642
f 475//643 476//643 477//643
f 477//644 476//644 478//644
f 477//645 478//645 479//645
f 479//646 478//646 480//646
f 479//647 480//647 481//647
f 481//648 480//648 482//648
f 481//649 482//649 483//649
f 483//650 482//650 484//650
f 483//651 484//651 485//651
f 485//652 484//652 486//652
f 485//653 486//653 487//653
f 487//654 486//654 488//654
f 487//655 488//655 489//655
f 489//656 488//656 490//656
f 489//657 490//657 457//657
f 457//658 490//658 459//658
f 459//659 490//659 491//659
f 459//660 491//660 461//660
f 461//661 491//661 492//661
f 461//662 492//662 463//662
f 463//663 492//663 493//663
f 463//664 493//664 465//664
f 465//665 493//665 494//665
f 465//666 494//666 467//666
f 467//667 494//667 495//667
f 467//668 495//668 468//668
f 470//669 496//669 472//669
f 472//670 496//670 497//670
f 472//671 497//671 474//671
f 474//672 497//672 498//672
f 474//673 498//673 476//673
f 476//674 498//674 499//674
f 476//675 499//675 478//675
f 478//676 499//676 500//676
f 478//677 500//677 480//677
f 480//678 500//678 501//678
f 480//679 501//679 482//679
f 482//680 501//680 502//680
f 482//681 502//681 484//681
f 484//682 502//682 503//682
f 484//683 503//683 486//683
f 486//684 503//684 504//684
f 486//685 504//685 488//685
f 488//686 504//686 505//686
f 488//687 505//687 490//687
f 490//688 505//688 491//688
f 496//689 506//689 497//689
f 497//690 506//690 507//690
f 497//691 507//691 498//691
f 498//692 507//692 508//692
f 498//693 508//693 499//693
f 499//694 508//694 509//694
f 499//695 509//695 500//695
f 500//696 509//696 510//696
f 500//697 510//697 501//697
f 501//698 510//698 511//698
f 501//699 511//699 502//699
f 502//700 511//700 512//700
f 502//701 512//701 503//701
f 503//702 512//702 513//702
f 503//703 513//703 504//703
f 504//704 513//704 514//704
f 504//705 514//705 505//705
f 505//706 514//706 515//706
f 505//707 515//707 491//707
f 491//708 515//708 492//708
f 506//709 516//709 507//709
f 507//710 516//710 517//710
f 507//711 517//711 508//711
f 508//712 517//712 518//712
f 508//713 518//713 509//713
f 509//714 518//714 519//714
f 509//715 519//715 510//715
f 510//716 519//716 520//716
f 510//717 520//717 511//717
f 511//718 520//718 521//718
f 511//719 521//719 512//719
f 512//720 521//720 522//720
f 512//721 522//721 513//721
f 513//722 522//722 523//722
f 513//723 523//723 514//723
f 514//724 523//724 524//724
f 514//725 524//725 515//725
f 515//726 524//726 525//726
f 515//727 525//727 492//727
f 492//728 525//728 493//728
f 516//729 526//729 517//729
f 517//730 526//730 527//730
f 517//731 527//731 518//731
f 518//732 527//732 528//732
f 518//733 528//733 519//733
f 519//734 528//734 529//734
f 519//735 529//735 520//735
f 520//736 529//736 530//736
f 520//737 530//737 521//737
f 521//738 530//738 531//738
f 521//739 531//739 522//739
f 522//740 531//740 532//740
f 522//741 532//741 523//741
f 523//742 532//742 533//742
f 523//743 533//743 524//743
f 524//744 533//744 534//744
f 524//745 534//745 525//745
f 525//746 534//746 535//746
f 525//747 535//747 493//747
f 493//748 535//748 494//748
f 526//749 536//749 527//749
f 527//750 536//750 537//750
f 527//751 537//751 528//751
f 528//752 537//752 538//752
f 528//753 538//753 529//753
f 529//754 538//754 539//754
f 529//755 539//755 530//755
f 530//756 539//756 540//756
f 530//757 540//757 531//757
f 531//758 540//758 541//758
f 531//759 541//759 532//759
f 532//759 541//759 542//759
f 532//760 542//760 533//760
f 533//761 542//761 543//761
f 533//762 543//762 534//762
f 534//763 543//763 544//763
f 534//764 544//764 535//764
f 535//765 544//765 545//765
f 535//766 545//766 494//766
f 494//767 545//767 495//767
f 546//502 547//502 548//502
f 548//502 547//502 549//502
f 548//502 549//502 550//502
f 550//768 549//768 551//768
f 550//768 551//768 552//768
f 552//769 551//769 553//769
f 552//770 553//770 554//770
f 554//505 553//505 555//505
f 554//505 555//505 556//505
f 556//506 555//506 557//506
f 556//771 557//771 558//771
f 558//507 557//507 536//507
f 558//507 536//507 559//507
f 559//507 536//507 560//507
f 559//506 560//506 561//506
f 561//506 560//506 562//506
f 561//505 562//505 563//505
f 563//505 562//505 564//505
f 563//769 564//769 565//769
f 565//769 564//769 566//769
f 565//768 566//768 567//768
f 567//768 566//768 568//768
f 567//502 568//502 469//502
f 469//772 568//772 470//772
f 470//768 568//768 496//768
f 496//768 568//768 566//768
f 496//769 566//769 506//769
f 506//769 566//769 564//769
f 506//505 564//505 516//505
f 516//505 564//505 562//505
f 516//506 562//506 526//506
f 526//506 562//506 560//506
f 526//507 560//507 536//507
f 547//768 546//768 569//768
f 569//768 546//768 570//768
f 569//769 570//769 571//769
f 571//769 570//769 572//769
f 571//505 572//505 573//505
f 573//505 572//505 574//505
f 573//506 574//506 575//506
f 575//506 574//506 576//506
f 575//507 576//507 577//507
f 536//507 578//507 577//507
f 577//773 578//773 579//773
f 577//774 579//774 580//774
f 580//506 579//506 581//506
f 580//771 581//771 582//771
f 582//505 581//505 583//505
f 582//505 583//505 571//505
f 571//769 583//769 569//769
f 548//502 584//502 469//502
f 469//775 584//775 585//775
f 469//776 585//776 586//776
f 586//768 585//768 587//768
f 586//768 587//768 565//768
f 565//769 587//769 563//769
f 549//768 547//768 588//768
f 588//768 547//768 569//768
f 588//769 569//769 583//769
f 584//502 548//502 589//502
f 589//502 548//502 550//502
f 589//768 550//768 552//768
f 584//768 589//768 590//768
f 590//768 589//768 552//768
f 590//769 552//769 554//769
f 567//502 469//502 586//502
f 585//768 584//768 591//768
f 591//768 584//768 590//768
f 591//769 590//769 592//769
f 592//769 590//769 554//769
f 592//505 554//505 556//505
f 565//768 567//768 586//768
f 549//768 588//768 551//768
f 551//769 588//769 593//769
f 551//770 593//770 553//770
f 553//505 593//505 594//505
f 553//777 594//777 555//777
f 555//506 594//506 578//506
f 555//506 578//506 557//506
f 557//507 578//507 536//507
f 593//769 588//769 583//769
f 585//768 591//768 587//768
f 587//769 591//769 595//769
f 587//770 595//770 563//770
f 563//505 595//505 561//505
f 595//769 591//769 592//769
f 582//505 571//505 573//505
f 594//505 593//505 581//505
f 581//777 593//777 583//777
f 595//505 592//505 596//505
f 596//505 592//505 556//505
f 596//506 556//506 558//506
f 582//506 573//506 597//506
f 597//506 573//506 575//506
f 597//507 575//507 577//507
f 578//506 594//506 579//506
f 579//771 594//771 581//771
f 559//771 561//771 596//771
f 596//505 561//505 595//505
f 559//506 596//506 558//506
f 577//507 580//507 597//507
f 597//506 580//506 582//506
f 598//778 599//778 600//778
f 600//779 599//779 601//779
f 600//780 601//780 602//780
f 602//781 601//781 603//781
f 602//782 603//782 604//782
f 604//783 603//783 605//783
f 604//784 605//784 606//784
f 606//785 605//785 607//785
f 606//786 607//786 608//786
f 608//787 607//787 609//787
f 608//788 609//788 610//788
f 610//789 609//789 611//789
f 610//790 611//790 612//790
f 612//791 611//791 613//791
f 612//792 613//792 614//792
f 614//793 613//793 615//793
f 614//794 615//794 616//794
f 616//795 615//795 617//795
f 616//796 617//796 618//796
f 618//797 617//797 619//797
f 618//798 619//798 548//798
f 548//799 619//799 546//799
f 546//800 619//800 620//800
f 546//801 620//801 570//801
f 570//802 620//802 621//802
f 570//72 621//72 572//72
f 572//803 621//803 622//803
f 572//804 622//804 574//804
f 574//805 622//805 623//805
f 574//806 623//806 576//806
f 576//807 623//807 624//807
f 576//808 624//808 577//808
f 599//809 625//809 601//809
f 601//810 625//810 626//810
f 601//811 626//811 603//811
f 603//812 626//812 627//812
f 603//813 627//813 605//813
f 605//814 627//814 628//814
f 605//815 628//815 607//815
f 607//816 628//816 629//816
f 607//817 629//817 609//817
f 609//818 629//818 630//818
f 609//819 630//819 611//819
f 611//820 630//820 631//820
f 611//821 631//821 613//821
f 613//822 631//822 632//822
f 613//823 632//823 615//823
f 615//824 632//824 633//824
f 615//825 633//825 617//825
f 617//826 633//826 634//826
f 617//827 634//827 619//827
f 619//828 634//828 620//828
f 625//829 635//829 626//829
f 626//830 635//830 636//830
f 626//831 636//831 627//831
f 627//832 636//832 637//832
f 627//833 637//833 628//833
f 628//834 637//834 638//834
f 628//835 638//835 629//835
f 629//836 638//836 639//836
f 629//837 639//837 630//837
f 630//838 639//838 640//838
f 630//839 640//839 631//839
f 631//840 640//840 641//840
f 631//841 641//841 632//841
f 632//842 641//842 642//842
f 632//843 642//843 633//843
f 633//844 642//844 643//844
f 633//845 643//845 634//845
f 634//846 643//846 644//846
f 634//847 644//847 620//847
f 620//848 644//848 621//848
f 635//25 645//25 636//25
f 636//849 645//849 646//849
f 636//850 646//850 637//850
f 637//851 646//851 647//851
f 637//852 647//852 638//852
f 638//853 647//853 648//853
f 638//854 648//854 639//854
f 639//855 648//855 649//855
f 639//856 649//856 640//856
f 640//857 649//857 650//857
f 640//858 650//858 641//858
f 641//859 650//859 651//859
f 641//860 651//860 642//860
f 642//861 651//861 652//861
f 642//862 652//862 643//862
f 643//863 652//863 653//863
f 643//864 653//864 644//864
f 644//865 653//865 654//865
f 644//866 654//866 621//866
f 621//867 654//867 622//867
f 645//868 655//868 646//868
f 646//869 655//869 656//869
f 646//870 656//870 647//870
f 647//871 656//871 657//871
f 647//872 657//872 648//872
f 648//873 657//873 658//873
f 648//874 658//874 649//874
f 649//875 658//875 659//875
f 649//876 659//876 650//876
f 650//877 659//877 660//877
f 650//878 660//878 651//878
f 651//879 660//879 661//879
f 651//880 661//880 652//880
f 652//881 661//881 662//881
f 652//882 662//882 653//882
f 653//883 662//883 663//883
f 653//884 663//884 654//884
f 654//885 663//885 664//885
f 654//886 664//886 622//886
f 622//887 664//887 623//887
f 655//888 665//888 656//888
f 656//889 665//889 666//889
f 656//890 666//890 657//890
f 657//891 666//891 667//891
f 657//892 667//892 658//892
f 658//893 667//893 668//893
f 658//894 668//894 659//894
f 659//895 668//895 669//895
f 659//896 669//896 660//896
f 660//897 669//897 670//897
f 660//11 670//11 661//11
f 661//11 670//11 671//11
f 661//898 671//898 662//898
f 662//899 671//899 672//899
f 662//900 672//900 663//900
f 663//901 672//901 673//901
f 663//902 673//902 664//902
f 664//903 673//903 674//903
f 664//904 674//904 623//904
f 623//905 674//905 624//905
f 598//906 675//906 676//906
f 676//906 675//906 677//906
f 676//133 677//133 678//133
f 678//133 677//133 679//133
f 678//134 679//134 680//134
f 680//134 679//134 681//134
f 680//135 681//135 682//135
f 682//135 681//135 683//135
f 682//907 683//907 684//907
f 684//907 683//907 685//907
f 684//139 685//139 686//139
f 686//139 665//139 684//139
f 684//139 665//139 655//139
f 684//907 655//907 682//907
f 682//907 655//907 645//907
f 682//135 645//135 680//135
f 680//135 645//135 635//135
f 680//134 635//134 678//134
f 678//134 635//134 625//134
f 678//133 625//133 676//133
f 676//133 625//133 599//133
f 676//906 599//906 598//906
f 687//908 688//908 689//908
f 689//909 688//909 690//909
f 689//910 690//910 691//910
f 691//911 690//911 692//911
f 691//912 692//912 693//912
f 693//913 692//913 694//913
f 693//914 694//914 695//914
f 695//915 694//915 696//915
f 695//916 696//916 697//916
f 697//917 696//917 698//917
f 697//918 698//918 699//918
f 699//919 698//919 700//919
f 699//920 700//920 701//920
f 701//921 700//921 702//921
f 701//922 702//922 703//922
f 703//923 702//923 704//923
f 703//924 704//924 705//924
f 705//925 704//925 706//925
f 705//926 706//926 707//926
f 707//927 706//927 677//927
f 707//928 677//928 675//928
f 688//929 708//929 690//929
f 690//930 708//930 709//930
f 690//931 709//931 692//931
f 692//932 709//932 710//932
f 692//933 710//933 694//933
f 694//934 710//934 711//934
f 694//935 711//935 696//935
f 696//936 711//936 712//936
f 696//937 712//937 698//937
f 698//938 712//938 713//938
f 698//939 713//939 700//939
f 700//940 713//940 714//940
f 700//941 714//941 702//941
f 702//942 714//942 715//942
f 702//943 715//943 704//943
f 704//944 715//944 716//944
f 704//945 716//945 706//945
f 706//946 716//946 717//946
f 706//947 717//947 677//947
f 677//948 717//948 679//948
f 679//949 717//949 718//949
f 679//950 718//950 681//950
f 681//951 718//951 719//951
f 681//952 719//952 683//952
f 683//953 719//953 720//953
f 683//954 720//954 685//954
f 685//955 720//955 721//955
f 685//956 721//956 686//956
f 708//957 722//957 709//957
f 709//958 722//958 723//958
f 709//959 723//959 710//959
f 710//960 723//960 724//960
f 710//961 724//961 711//961
f 711//962 724//962 725//962
f 711//963 725//963 712//963
f 712//964 725//964 726//964
f 712//965 726//965 713//965
f 713//966 726//966 727//966
f 713//967 727//967 714//967
f 714//968 727//968 728//968
f 714//969 728//969 715//969
f 715//970 728//970 729//970
f 715//971 729//971 716//971
f 716//972 729//972 730//972
f 716//973 730//973 717//973
f 717//974 730//974 718//974
f 722//975 731//975 723//975
f 723//976 731//976 732//976
f 723//977 732//977 724//977
f 724//978 732//978 733//978
f 724//979 733//979 725//979
f 725//980 733//980 734//980
f 725//981 734//981 726//981
f 726//982 734//982 735//982
f 726//983 735//983 727//983
f 727//984 735//984 736//984
f 727//985 736//985 728//985
f 728//986 736//986 737//986
f 728//987 737//987 729//987
f 729//988 737//988 738//988
f 729//989 738//989 730//989
f 730//990 738//990 739//990
f 730//991 739//991 718//991
f 718//992 739//992 719//992
f 731//993 740//993 732//993
f 732//994 740//994 741//994
f 732//995 741//995 733//995
f 733//996 741//996 742//996
f 733//997 742//997 734//997
f 734//998 742//998 743//998
f 734//999 743//999 735//999
f 735//1000 743//1000 744//1000
f 735//1001 744//1001 736//1001
f 736//1002 744//1002 745//1002
f 736//1003 745//1003 737//1003
f 737//1004 745//1004 746//1004
f 737//1005 746//1005 738//1005
f 738//1006 746//1006 747//1006
f 738//1007 747//1007 739//1007
f 739//1008 747//1008 748//1008
f 739//1009 748//1009 719//1009
f 719//1010 748//1010 720//1010
f 740//1011 749//1011 741//1011
f 741//1012 749//1012 750//1012
f 741//1013 750//1013 742//1013
f 742//1014 750//1014 751//1014
f 742//1015 751//1015 743//1015
f 743//1016 751//1016 752//1016
f 743//1017 752//1017 744//1017
f 744//1018 752//1018 753//1018
f 744//1019 753//1019 745//1019
f 745//1020 753//1020 754//1020
f 745//1021 754//1021 746//1021
f 746//1022 754//1022 755//1022
f 746//1023 755//1023 747//1023
f 747//1024 755//1024 756//1024
f 747//1025 756//1025 748//1025
f 748//1026 756//1026 757//1026
f 748//1027 757//1027 720//1027
f 720//1028 757//1028 721//1028
f 758//502 759//502 760//502
f 760//502 759//502 761//502
f 760//502 761//502 687//502
f 687//502 761//502 688//502
f 688//503 761//503 708//503
f 708//503 761//503 762//503
f 708//504 762//504 722//504
f 722//504 762//504 763//504
f 722//505 763//505 731//505
f 731//505 763//505 764//505
f 731//506 764//506 740//506
f 740//506 764//506 765//506
f 740//507 765//507 749//507
f 749//507 765//507 766//507
f 749//507 766//507 767//507
f 767//508 766//508 768//508
f 768//506 766//506 769//506
f 769//506 766//506 770//506
f 769//505 770//505 771//505
f 771//505 770//505 772//505
f 771//504 772//504 773//504
f 773//504 772//504 774//504
f 773//503 774//503 758//503
f 758//503 774//503 759//503
f 762//503 761//503 759//503
f 762//503 759//503 774//503
f 763//509 762//509 774//509
f 763//504 774//504 772//504
f 764//505 763//505 772//505
f 764//505 772//505 770//505
f 765//510 764//510 770//510
f 765//506 770//506 766//506
f 775//1029 776//1029 777//1029
f 777//1030 776//1030 778//1030
f 777//1031 778//1031 779//1031
f 779//1032 778//1032 780//1032
f 779//1033 780//1033 781//1033
f 781//1034 780//1034 782//1034
f 781//1035 782//1035 783//1035
f 783//1036 782//1036 784//1036
f 783//1037 784//1037 785//1037
f 785//1038 784//1038 786//1038
f 785//1039 786//1039 787//1039
f 787//1040 786//1040 788//1040
f 787//1041 788//1041 789//1041
f 789//1042 788//1042 790//1042
f 789//1043 790//1043 760//1043
f 760//1044 790//1044 758//1044
f 758//1045 790//1045 791//1045
f 758//1046 791//1046 773//1046
f 773//1047 791//1047 792//1047
f 773//1048 792//1048 771//1048
f 771//1049 792//1049 793//1049
f 771//1050 793//1050 769//1050
f 769//1051 793//1051 794//1051
f 769//1052 794//1052 768//1052
f 768//1053 794//1053 767//1053
f 767//1054 794//1054 795//1054
f 795//1055 794//1055 796//1055
f 795//1056 796//1056 797//1056
f 797//1057 796//1057 798//1057
f 797//1058 798//1058 799//1058
f 799//1059 798//1059 800//1059
f 799//1060 800//1060 801//1060
f 801//1061 800//1061 802//1061
f 801//1062 802//1062 803//1062
f 803//1063 802//1063 804//1063
f 803//1064 804//1064 805//1064
f 805//1065 804//1065 806//1065
f 805//1066 806//1066 807//1066
f 807//1067 806//1067 808//1067
f 808//1068 806//1068 809//1068
f 808//1069 809//1069 810//1069
f 810//1070 809//1070 811//1070
f 810//1071 811//1071 812//1071
f 812//1072 811//1072 813//1072
f 812//1073 813//1073 814//1073
f 814//1074 813//1074 778//1074
f 814//1075 778//1075 776//1075
f 809//1076 806//1076 815//1076
f 815//1077 806//1077 804//1077
f 815//1078 804//1078 816//1078
f 816//1079 804//1079 802//1079
f 816//1080 802//1080 817//1080
f 817//1081 802//1081 800//1081
f 817//1082 800//1082 818//1082
f 818//1083 800//1083 798//1083
f 818//1084 798//1084 819//1084
f 819//1085 798//1085 796//1085
f 819//1086 796//1086 793//1086
f 793//1087 796//1087 794//1087
f 811//1088 809//1088 820//1088
f 820//1089 809//1089 815//1089
f 820//1090 815//1090 821//1090
f 821//1091 815//1091 816//1091
f 821//1092 816//1092 822//1092
f 822//1093 816//1093 817//1093
f 822//1094 817//1094 823//1094
f 823//1095 817//1095 818//1095
f 823//1096 818//1096 824//1096
f 824//1097 818//1097 819//1097
f 824//1098 819//1098 792//1098
f 792//1099 819//1099 793//1099
f 780//1100 778//1100 813//1100
f 813//1101 811//1101 825//1101
f 825//1102 811//1102 820//1102
f 825//1103 820//1103 826//1103
f 826//1104 820//1104 821//1104
f 826//1105 821//1105 827//1105
f 827//1106 821//1106 822//1106
f 827//1107 822//1107 828//1107
f 828//1108 822//1108 823//1108
f 828//1109 823//1109 829//1109
f 829//1110 823//1110 824//1110
f 829//1111 824//1111 791//1111
f 791//1112 824//1112 792//1112
f 782//1113 780//1113 825//1113
f 825//1114 780//1114 813//1114
f 782//1115 825//1115 826//1115
f 784//1116 782//1116 826//1116
f 784//1117 826//1117 827//1117
f 786//1118 784//1118 827//1118
f 786//1119 827//1119 828//1119
f 788//1120 786//1120 828//1120
f 788//1121 828//1121 829//1121
f 790//1122 788//1122 829//1122
f 790//1123 829//1123 791//1123
f 830//1124 831//1124 832//1124
f 832//1124 831//1124 833//1124
f 832//1124 833//1124 775//1124
f 775//1124 833//1124 776//1124
f 776//1125 833//1125 814//1125
f 814//1125 833//1125 834//1125
f 814//1126 834//1126 812//1126
f 812//1126 834//1126 835//1126
f 812//635 835//635 810//635
f 810//635 835//635 836//635
f 810//1127 836//1127 808//1127
f 808//1127 836//1127 837//1127
f 808//637 837//637 807//637
f 807//637 837//637 838//637
f 807//637 838//637 839//637
f 839//1128 838//1128 840//1128
f 840//1127 838//1127 841//1127
f 841//1127 838//1127 842//1127
f 841//635 842//635 843//635
f 843//635 842//635 844//635
f 843//1126 844//1126 845//1126
f 845//1126 844//1126 846//1126
f 845//1125 846//1125 830//1125
f 830//1125 846//1125 831//1125
f 834//1125 833//1125 831//1125
f 834//1125 831//1125 846//1125
f 835//1129 834//1129 846//1129
f 835//1126 846//1126 844//1126
f 836//635 835//635 844//635
f 836//635 844//635 842//635
f 837//1130 836//1130 842//1130
f 837//1127 842//1127 838//1127
f 847//1131 848//1131 849//1131
f 849//1132 848//1132 850//1132
f 849//1133 850//1133 851//1133
f 851//1134 850//1134 852//1134
f 851//1135 852//1135 853//1135
f 853//1136 852//1136 854//1136
f 853//1137 854//1137 855//1137
f 855//1138 854//1138 856//1138
f 855//1139 856//1139 857//1139
f 857//1140 856//1140 858//1140
f 857//1141 858//1141 859//1141
f 859//1142 858//1142 860//1142
f 859//1143 860//1143 861//1143
f 861//1144 860//1144 862//1144
f 861//1145 862//1145 863//1145
f 863//1146 862//1146 864//1146
f 863//1147 864//1147 865//1147
f 865//1148 864//1148 866//1148
f 865//1149 866//1149 867//1149
f 867//1150 866//1150 830//1150
f 867//1151 830//1151 832//1151
f 848//1152 868//1152 850//1152
f 850//1153 868//1153 869//1153
f 850//1154 869//1154 852//1154
f 852//1155 869//1155 870//1155
f 852//1156 870//1156 854//1156
f 854//1157 870//1157 871//1157
f 854//1158 871//1158 856//1158
f 856//1159 871//1159 872//1159
f 856//1160 872//1160 858//1160
f 858//1161 872//1161 873//1161
f 858//1162 873//1162 860//1162
f 860//1163 873//1163 874//1163
f 860//1164 874//1164 862//1164
f 862//1165 874//1165 875//1165
f 862//1166 875//1166 864//1166
f 864//1167 875//1167 876//1167
f 864//1168 876//1168 866//1168
f 866//1169 876//1169 877//1169
f 866//1170 877//1170 830//1170
f 830//1171 877//1171 845//1171
f 845//1172 877//1172 878//1172
f 845//1173 878//1173 843//1173
f 843//1174 878//1174 879//1174
f 843//1175 879//1175 841//1175
f 841//1176 879//1176 880//1176
f 841//1177 880//1177 840//1177
f 840//1178 880//1178 881//1178
f 840//1179 881//1179 839//1179
f 868//1180 882//1180 869//1180
f 869//1181 882//1181 883//1181
f 869//1182 883//1182 870//1182
f 870//1183 883//1183 884//1183
f 870//1184 884//1184 871//1184
f 871//1185 884//1185 885//1185
f 871//1186 885//1186 872//1186
f 872//1187 885//1187 886//1187
f 872//1188 886//1188 873//1188
f 873//1189 886//1189 887//1189
f 873//1190 887//1190 874//1190
f 874//1191 887//1191 888//1191
f 874//1192 888//1192 875//1192
f 875//1193 888//1193 889//1193
f 875//1194 889//1194 876//1194
f 876//1195 889//1195 890//1195
f 876//1196 890//1196 877//1196
f 877//1197 890//1197 878//1197
f 882//1198 891//1198 883//1198
f 883//1199 891//1199 892//1199
f 883//1200 892//1200 884//1200
f 884//1201 892//1201 893//1201
f 884//1202 893//1202 885//1202
f 885//1203 893//1203 894//1203
f 885//1204 894//1204 886//1204
f 886//1205 894//1205 895//1205
f 886//1206 895//1206 887//1206
f 887//1207 895//1207 896//1207
f 887//1208 896//1208 888//1208
f 888//1209 896//1209 897//1209
f 888//1210 897//1210 889//1210
f 889//1211 897//1211 898//1211
f 889//1212 898//1212 890//1212
f 890//1213 898//1213 899//1213
f 890//1214 899//1214 878//1214
f 878//1215 899//1215 879//1215
f 891//1216 900//1216 892//1216
f 892//1217 900//1217 901//1217
f 892//1218 901//1218 893//1218
f 893//1219 901//1219 902//1219
f 893//1220 902//1220 894//1220
f 894//1221 902//1221 903//1221
f 894//1222 903//1222 895//1222
f 895//1223 903//1223 904//1223
f 895//1224 904//1224 896//1224
f 896//1225 904//1225 905//1225
f 896//1226 905//1226 897//1226
f 897//1227 905//1227 906//1227
f 897//1228 906//1228 898//1228
f 898//1229 906//1229 907//1229
f 898//1230 907//1230 899//1230
f 899//1231 907//1231 908//1231
f 899//1232 908//1232 879//1232
f 879//1233 908//1233 880//1233
f 900//1234 909//1234 901//1234
f 901//1235 909//1235 910//1235
f 901//1236 910//1236 902//1236
f 902//1237 910//1237 911//1237
f 902//1238 911//1238 903//1238
f 903//1239 911//1239 912//1239
f 903//1240 912//1240 904//1240
f 904//1241 912//1241 913//1241
f 904//1242 913//1242 905//1242
f 905//1243 913//1243 914//1243
f 905//1244 914//1244 906//1244
f 906//1245 914//1245 915//1245
f 906//1246 915//1246 907//1246
f 907//1247 915//1247 916//1247
f 907//1248 916//1248 908//1248
f 908//1249 916//1249 917//1249
f 908//1250 917//1250 880//1250
f 880//1251 917//1251 881//1251
f 847//275 918//275 919//275
f 919//275 918//275 920//275
f 919//276 920//276 921//276
f 921//276 920//276 922//276
f 921//277 922//277 923//277
f 923//277 922//277 924//277
f 923//278 924//278 925//278
f 925//278 924//278 926//278
f 925//279 926//279 927//279
f 927//279 926//279 928//279
f 927//280 928//280 929//280
f 929//280 909//280 927//280
f 927//280 909//280 900//280
f 927//279 900//279 925//279
f 925//279 900//279 891//279
f 925//278 891//278 923//278
f 923//278 891//278 882//278
f 923//277 882//277 921//277
f 921//277 882//277 868//277
f 921//276 868//276 919//276
f 919//276 868//276 848//276
f 919//275 848//275 847//275
f 930//1151 931//1151 932//1151
f 932//1252 931//1252 933//1252
f 932//1253 933//1253 934//1253
f 934//1254 933//1254 935//1254
f 934//1255 935//1255 936//1255
f 936//1256 935//1256 937//1256
f 936//1257 937//1257 938//1257
f 938//1258 937//1258 939//1258
f 938//1259 939//1259 940//1259
f 940//1260 939//1260 941//1260
f 940//1261 941//1261 942//1261
f 942//1262 941//1262 943//1262
f 942//1263 943//1263 944//1263
f 944//1264 943//1264 945//1264
f 944//1265 945//1265 946//1265
f 946//1266 945//1266 947//1266
f 946//1267 947//1267 948//1267
f 948//1268 947//1268 949//1268
f 948//1269 949//1269 950//1269
f 950//1270 949//1270 951//1270
f 950//1271 951//1271 918//1271
f 918//1272 951//1272 920//1272
f 920//1273 951//1273 952//1273
f 920//1274 952//1274 922//1274
f 922//1275 952//1275 953//1275
f 922//1276 953//1276 924//1276
f 924//1277 953//1277 954//1277
f 924//1278 954//1278 926//1278
f 926//1279 954//1279 955//1279
f 926//1280 955//1280 928//1280
f 928//1281 955//1281 956//1281
f 928//1282 956//1282 929//1282
f 931//1283 957//1283 933//1283
f 933//1284 957//1284 958//1284
f 933//1285 958//1285 935//1285
f 935//1286 958//1286 959//1286
f 935//1287 959//1287 937//1287
f 937//1288 959//1288 960//1288
f 937//1289 960//1289 939//1289
f 939//1290 960//1290 961//1290
f 939//1291 961//1291 941//1291
f 941//1292 961//1292 962//1292
f 941//1293 962//1293 943//1293
f 943//1294 962//1294 963//1294
f 943//1295 963//1295 945//1295
f 945//1296 963//1296 964//1296
f 945//1297 964//1297 947//1297
f 947//1298 964//1298 965//1298
f 947//1299 965//1299 949//1299
f 949//1300 965//1300 966//1300
f 949//1301 966//1301 951//1301
f 951//1302 966//1302 952//1302
f 957//1303 967//1303 958//1303
f 958//1304 967//1304 968//1304
f 958//1305 968//1305 959//1305
f 959//1306 968//1306 969//1306
f 959//1307 969//1307 960//1307
f 960//1308 969//1308 970//1308
f 960//1309 970//1309 961//1309
f 961//1310 970//1310 971//1310
f 961//1311 971//1311 962//1311
f 962//1312 971//1312 972//1312
f 962//1313 972//1313 963//1313
f 963//1314 972//1314 973//1314
f 963//1315 973//1315 964//1315
f 964//1316 973//1316 974//1316
f 964//1317 974//1317 965//1317
f 965//1318 974//1318 975//1318
f 965//1319 975//1319 966//1319
f 966//1320 975//1320 976//1320
f 966//1321 976//1321 952//1321
f 952//1322 976//1322 953//1322
f 967//1323 977//1323 968//1323
f 968//1324 977//1324 978//1324
f 968//1325 978//1325 969//1325
f 969//1326 978//1326 979//1326
f 969//1327 979//1327 970//1327
f 970//1328 979//1328 980//1328
f 970//1329 980//1329 971//1329
f 971//1330 980//1330 981//1330
f 971//1331 981//1331 972//1331
f 972//1332 981//1332 982//1332
f 972//1333 982//1333 973//1333
f 973//1334 982//1334 983//1334
f 973//1335 983//1335 974//1335
f 974//1336 983//1336 984//1336
f 974//1337 984//1337 975//1337
f 975//1338 984//1338 985//1338
f 975//1339 985//1339 976//1339
f 976//1340 985//1340 986//1340
f 976//1341 986//1341 953//1341
f 953//1342 986//1342 954//1342
f 977//1343 987//1343 978//1343
f 978//1344 987//1344 988//1344
f 978//1345 988//1345 979//1345
f 979//1346 988//1346 989//1346
f 979//1347 989//1347 980//1347
f 980//1348 989//1348 990//1348
f 980//1349 990//1349 981//1349
f 981//1350 990//1350 991//1350
f 981//1351 991//1351 982//1351
f 982//1352 991//1352 992//1352
f 982//1353 992//1353 983//1353
f 983//1354 992//1354 993//1354
f 983//1355 993//1355 984//1355
f 984//1356 993//1356 994//1356
f 984//1357 994//1357 985//1357
f 985//1358 994//1358 995//1358
f 985//1359 995//1359 986//1359
f 986//1360 995//1360 996//1360
f 986//1361 996//1361 954//1361
f 954//1362 996//1362 955//1362
f 987//1363 997//1363 988//1363
f 988//1364 997//1364 998//1364
f 988//1365 998//1365 989//1365
f 989//1366 998//1366 999//1366
f 989//1367 999//1367 990//1367
f 990//1368 999//1368 1000//1368
f 990//1369 1000//1369 991//1369
f 991//1370 1000//1370 1001//1370
f 991//1371 1001//1371 992//1371
f 992//1372 1001//1372 1002//1372
f 992//1373 1002//1373 993//1373
f 993//1373 1002//1373 1003//1373
f 993//1374 1003//1374 994//1374
f 994//1375 1003//1375 1004//1375
f 994//1376 1004//1376 995//1376
f 995//1377 1004//1377 1005//1377
f 995//1378 1005//1378 996//1378
f 996//1379 1005//1379 1006//1379
f 996//1380 1006//1380 955//1380
f 955//1381 1006//1381 956//1381
f 1007//1124 1008//1124 1009//1124
f 1009//1124 1008//1124 1010//1124
f 1009//1124 1010//1124 1011//1124
f 1011//633 1010//633 1012//633
f 1011//633 1012//633 1013//633
f 1013//634 1012//634 1014//634
f 1013//1382 1014//1382 1015//1382
f 1015//635 1014//635 1016//635
f 1015//635 1016//635 1017//635
f 1017//1127 1016//1127 1018//1127
f 1017//1383 1018//1383 1019//1383
f 1019//637 1018//637 997//637
f 1019//637 997//637 1020//637
f 1020//637 997//637 1021//637
f 1020//1127 1021//1127 1022//1127
f 1022//1127 1021//1127 1023//1127
f 1022//635 1023//635 1024//635
f 1024//635 1023//635 1025//635
f 1024//634 1025//634 1026//634
f 1026//634 1025//634 1027//634
f 1026//633 1027//633 1028//633
f 1028//633 1027//633 1029//633
f 1028//1124 1029//1124 930//1124
f 930//1384 1029//1384 931//1384
f 931//633 1029//633 957//633
f 957//633 1029//633 1027//633
f 957//634 1027//634 967//634
f 967//634 1027//634 1025//634
f 967//635 1025//635 977//635
f 977//635 1025//635 1023//635
f 977//1127 1023//1127 987//1127
f 987//1127 1023//1127 1021//1127
f 987//637 1021//637 997//637
f 1008//633 1007//633 1030//633
f 1030//633 1007//633 1031//633
f 1030//634 1031//634 1032//634
f 1032//634 1031//634 1033//634
f 1032//635 1033//635 1034//635
f 1034//635 1033//635 1035//635
f 1034//1127 1035//1127 1036//1127
f 1036//1127 1035//1127 1037//1127
f 1036//637 1037//637 1038//637
f 997//637 1039//637 1038//637
f 1038//1385 1039//1385 1040//1385
f 1038//1386 1040//1386 1041//1386
f 1041//1127 1040//1127 1042//1127
f 1041//1383 1042//1383 1043//1383
f 1043//635 1042//635 1044//635
f 1043//635 1044//635 1032//635
f 1032//634 1044//634 1030//634
f 1009//1124 1045//1124 930//1124
f 930//1387 1045//1387 1046//1387
f 930//1388 1046//1388 1047//1388
f 1047//633 1046//633 1048//633
f 1047//633 1048//633 1026//633
f 1026//634 1048//634 1024//634
f 1010//633 1008//633 1049//633
f 1049//633 1008//633 1030//633
f 1049//634 1030//634 1044//634
f 1045//1124 1009//1124 1050//1124
f 1050//1124 1009//1124 1011//1124
f 1050//633 1011//633 1013//633
f 1045//633 1050//633 1051//633
f 1051//633 1050//633 1013//633
f 1051//634 1013//634 1015//634
f 1028//1124 930//1124 1047//1124
f 1046//633 1045//633 1052//633
f 1052//633 1045//633 1051//633
f 1052//634 1051//634 1053//634
f 1053//634 1051//634 1015//634
f 1053//635 1015//635 1017//635
f 1026//633 1028//633 1047//633
f 1010//633 1049//633 1012//633
f 1012//634 1049//634 1054//634
f 1012//1382 1054//1382 1014//1382
f 1014//635 1054//635 1055//635
f 1014//1389 1055//1389 1016//1389
f 1016//1127 1055//1127 1039//1127
f 1016//1127 1039//1127 1018//1127
f 1018//637 1039//637 997//637
f 1054//634 1049//634 1044//634
f 1046//633 1052//633 1048//633
f 1048//634 1052//634 1056//634
f 1048//1382 1056//1382 1024//1382
f 1024//635 1056//635 1022//635
f 1056//634 1052//634 1053//634
f 1043//635 1032//635 1034//635
f 1055//635 1054//635 1042//635
f 1042//1389 1054//1389 1044//1389
f 1056//635 1053//635 1057//635
f 1057//635 1053//635 1017//635
f 1057//1127 1017//1127 1019//1127
f 1043//1127 1034//1127 1058//1127
f 1058//1127 1034//1127 1036//1127
f 1058//637 1036//637 1038//637
f 1039//1127 1055//1127 1040//1127
f 1040//1383 1055//1383 1042//1383
f 1020//1383 1022//1383 1057//1383
f 1057//635 1022//635 1056//635
f 1020//1127 1057//1127 1019//1127
f 1038//637 1041//637 1058//637
f 1058//1127 1041//1127 1043//1127
f 1059//1390 1060//1390 1061//1390
f 1061//1391 1060//1391 1062//1391
f 1061//1392 1062//1392 1063//1392
f 1063//1393 1062//1393 1064//1393
f 1063//1394 1064//1394 1065//1394
f 1065//1395 1064//1395 1066//1395
f 1065//1396 1066//1396 1067//1396
f 1067//1397 1066//1397 1068//1397
f 1067//1398 1068//1398 1069//1398
f 1069//1399 1068//1399 1070//1399
f 1069//1400 1070//1400 1071//1400
f 1071//1401 1070//1401 1072//1401
f 1071//1402 1072//1402 1073//1402
f 1073//1403 1072//1403 1074//1403
f 1073//1404 1074//1404 1075//1404
f 1075//1405 1074//1405 1076//1405
f 1075//1406 1076//1406 1077//1406
f 1077//1407 1076//1407 1078//1407
f 1077//1408 1078//1408 1079//1408
f 1079//1409 1078//1409 1080//1409
f 1079//1410 1080//1410 1009//1410
f 1009//1411 1080//1411 1007//1411
f 1007//1412 1080//1412 1081//1412
f 1007//1413 1081//1413 1031//1413
f 1031//1414 1081//1414 1082//1414
f 1031//662 1082//662 1033//662
f 1033//1415 1082//1415 1083//1415
f 1033//1416 1083//1416 1035//1416
f 1035//1417 1083//1417 1084//1417
f 1035//1418 1084//1418 1037//1418
f 1037//1419 1084//1419 1085//1419
f 1037//1420 1085//1420 1038//1420
f 1060//1421 1086//1421 1062//1421
f 1062//1422 1086//1422 1087//1422
f 1062//1423 1087//1423 1064//1423
f 1064//1424 1087//1424 1088//1424
f 1064//1425 1088//1425 1066//1425
f 1066//1426 1088//1426 1089//1426
f 1066//1427 1089//1427 1068//1427
f 1068//1428 1089//1428 1090//1428
f 1068//1429 1090//1429 1070//1429
f 1070//1430 1090//1430 1091//1430
f 1070//1431 1091//1431 1072//1431
f 1072//1432 1091//1432 1092//1432
f 1072//1433 1092//1433 1074//1433
f 1074//1434 1092//1434 1093//1434
f 1074//1435 1093//1435 1076//1435
f 1076//1436 1093//1436 1094//1436
f 1076//1437 1094//1437 1078//1437
f 1078//1438 1094//1438 1095//1438
f 1078//1439 1095//1439 1080//1439
f 1080//1440 1095//1440 1081//1440
f 1086//1441 1096//1441 1087//1441
f 1087//1442 1096//1442 1097//1442
f 1087//1443 1097//1443 1088//1443
f 1088//1444 1097//1444 1098//1444
f 1088//1445 1098//1445 1089//1445
f 1089//1446 1098//1446 1099//1446
f 1089//1447 1099//1447 1090//1447
f 1090//1448 1099//1448 1100//1448
f 1090//1449 1100//1449 1091//1449
f 1091//1450 1100//1450 1101//1450
f 1091//1451 1101//1451 1092//1451
f 1092//1452 1101//1452 1102//1452
f 1092//1453 1102//1453 1093//1453
f 1093//1454 1102//1454 1103//1454
f 1093//1455 1103//1455 1094//1455
f 1094//1456 1103//1456 1104//1456
f 1094//1457 1104//1457 1095//1457
f 1095//1458 1104//1458 1105//1458
f 1095//1459 1105//1459 1081//1459
f 1081//1460 1105//1460 1082//1460
f 1096//709 1106//709 1097//709
f 1097//1461 1106//1461 1107//1461
f 1097//1462 1107//1462 1098//1462
f 1098//1463 1107//1463 1108//1463
f 1098//1464 1108//1464 1099//1464
f 1099//1465 1108//1465 1109//1465
f 1099//1466 1109//1466 1100//1466
f 1100//1467 1109//1467 1110//1467
f 1100//1468 1110//1468 1101//1468
f 1101//1469 1110//1469 1111//1469
f 1101//1470 1111//1470 1102//1470
f 1102//1471 1111//1471 1112//1471
f 1102//1472 1112//1472 1103//1472
f 1103//1473 1112//1473 1113//1473
f 1103//1474 1113//1474 1104//1474
f 1104//1475 1113//1475 1114//1475
f 1104//1476 1114//1476 1105//1476
f 1105//1477 1114//1477 1115//1477
f 1105//1478 1115//1478 1082//1478
f 1082//1479 1115//1479 1083//1479
f 1106//1480 1116//1480 1107//1480
f 1107//1481 1116//1481 1117//1481
f 1107//1482 1117//1482 1108//1482
f 1108//1483 1117//1483 1118//1483
f 1108//1484 1118//1484 1109//1484
f 1109//1485 1118//1485 1119//1485
f 1109//1486 1119//1486 1110//1486
f 1110//1487 1119//1487 1120//1487
f 1110//1488 1120//1488 1111//1488
f 1111//1489 1120//1489 1121//1489
f 1111//1490 1121//1490 1112//1490
f 1112//1491 1121//1491 1122//1491
f 1112//1492 1122//1492 1113//1492
f 1113//1493 1122//1493 1123//1493
f 1113//1494 1123//1494 1114//1494
f 1114//1495 1123//1495 1124//1495
f 1114//1496 1124//1496 1115//1496
f 1115//1497 1124//1497 1125//1497
f 1115//1498 1125//1498 1083//1498
f 1083//1499 1125//1499 1084//1499
f 1116//1500 1126//1500 1117//1500
f 1117//1501 1126//1501 1127//1501
f 1117//1502 1127//1502 1118//1502
f 1118//1503 1127//1503 1128//1503
f 1118//1504 1128//1504 1119//1504
f 1119//1505 1128//1505 1129//1505
f 1119//1506 1129//1506 1120//1506
f 1120//1507 1129//1507 1130//1507
f 1120//1508 1130//1508 1121//1508
f 1121//1509 1130//1509 1131//1509
f 1121//759 1131//759 1122//759
f 1122//759 1131//759 1132//759
f 1122//1510 1132//1510 1123//1510
f 1123//1511 1132//1511 1133//1511
f 1123//1512 1133//1512 1124//1512
f 1124//1513 1133//1513 1134//1513
f 1124//1514 1134//1514 1125//1514
f 1125//1515 1134//1515 1135//1515
f 1125//1516 1135//1516 1084//1516
f 1084//1517 1135//1517 1085//1517
f 1059//1518 1136//1518 1137//1518
f 1137//1518 1136//1518 1138//1518
f 1137//768 1138//768 1139//768
f 1139//768 1138//768 1140//768
f 1139//769 1140//769 1141//769
f 1141//769 1140//769 1142//769
f 1141//505 1142//505 1143//505
f 1143//505 1142//505 1144//505
f 1143//1519 1144//1519 1145//1519
f 1145//1519 1144//1519 1146//1519
f 1145//507 1146//507 1147//507
f 1147//507 1126//507 1145//507
f 1145//507 1126//507 1116//507
f 1145//1519 1116//1519 1143//1519
f 1143//1519 1116//1519 1106//1519
f 1143//505 1106//505 1141//505
f 1141//505 1106//505 1096//505
f 1141//769 1096//769 1139//769
f 1139//769 1096//769 1086//769
f 1139//768 1086//768 1137//768
f 1137//768 1086//768 1060//768
f 1137//1518 1060//1518 1059//1518
f 1148//1520 1149//1520 1150//1520
f 1150//1521 1149//1521 1151//1521
f 1150//1522 1151//1522 1152//1522
f 1152//1523 1151//1523 1153//1523
f 1152//1524 1153//1524 1154//1524
f 1154//1525 1153//1525 1155//1525
f 1154//1526 1155//1526 1156//1526
f 1156//1527 1155//1527 1157//1527
f 1156//1528 1157//1528 1158//1528
f 1158//1529 1157//1529 1159//1529
f 1158//521 1159//521 1160//521
f 1160//1530 1159//1530 1161//1530
f 1160//1531 1161//1531 1162//1531
f 1162//1532 1161//1532 1163//1532
f 1162//1533 1163//1533 1164//1533
f 1164//1534 1163//1534 1165//1534
f 1164//1535 1165//1535 1166//1535
f 1166//1536 1165//1536 1167//1536
f 1166//1537 1167//1537 1168//1537
f 1168//1538 1167//1538 1138//1538
f 1168//1539 1138//1539 1136//1539
f 1149//1540 1169//1540 1151//1540
f 1151//1541 1169//1541 1170//1541
f 1151//1542 1170//1542 1153//1542
f 1153//1543 1170//1543 1171//1543
f 1153//1544 1171//1544 1155//1544
f 1155//1545 1171//1545 1172//1545
f 1155//1546 1172//1546 1157//1546
f 1157//1547 1172//1547 1173//1547
f 1157//1548 1173//1548 1159//1548
f 1159//1549 1173//1549 1174//1549
f 1159//1550 1174//1550 1161//1550
f 1161//1551 1174//1551 1175//1551
f 1161//1552 1175//1552 1163//1552
f 1163//1553 1175//1553 1176//1553
f 1163//1554 1176//1554 1165//1554
f 1165//1555 1176//1555 1177//1555
f 1165//1556 1177//1556 1167//1556
f 1167//1557 1177//1557 1178//1557
f 1167//1558 1178//1558 1138//1558
f 1138//1559 1178//1559 1140//1559
f 1140//1560 1178//1560 1179//1560
f 1140//1561 1179//1561 1142//1561
f 1142//1562 1179//1562 1180//1562
f 1142//1563 1180//1563 1144//1563
f 1144//1564 1180//1564 1181//1564
f 1144//1565 1181//1565 1146//1565
f 1146//1566 1181//1566 1182//1566
f 1146//1567 1182//1567 1147//1567
f 1169//1568 1183//1568 1170//1568
f 1170//1569 1183//1569 1184//1569
f 1170//1570 1184//1570 1171//1570
f 1171//1571 1184//1571 1185//1571
f 1171//1572 1185//1572 1172//1572
f 1172//1573 1185//1573 1186//1573
f 1172//1574 1186//1574 1173//1574
f 1173//1575 1186//1575 1187//1575
f 1173//1576 1187//1576 1174//1576
f 1174//1577 1187//1577 1188//1577
f 1174//1578 1188//1578 1175//1578
f 1175//1579 1188//1579 1189//1579
f 1175//1580 1189//1580 1176//1580
f 1176//1581 1189//1581 1190//1581
f 1176//1582 1190//1582 1177//1582
f 1177//1583 1190//1583 1191//1583
f 1177//1584 1191//1584 1178//1584
f 1178//1585 1191//1585 1179//1585
f 1183//1586 1192//1586 1184//1586
f 1184//1587 1192//1587 1193//1587
f 1184//1588 1193//1588 1185//1588
f 1185//1589 1193//1589 1194//1589
f 1185//1590 1194//1590 1186//1590
f 1186//1591 1194//1591 1195//1591
f 1186//1592 1195//1592 1187//1592
f 1187//1593 1195//1593 1196//1593
f 1187//1594 1196//1594 1188//1594
f 1188//1595 1196//1595 1197//1595
f 1188//1596 1197//1596 1189//1596
f 1189//1597 1197//1597 1198//1597
f 1189//1598 1198//1598 1190//1598
f 1190//1599 1198//1599 1199//1599
f 1190//1600 1199//1600 1191//1600
f 1191//1601 1199//1601 1200//1601
f 1191//1602 1200//1602 1179//1602
f 1179//1603 1200//1603 1180//1603
f 1192//1604 1201//1604 1193//1604
f 1193//1605 1201//1605 1202//1605
f 1193//1606 1202//1606 1194//1606
f 1194//1607 1202//1607 1203//1607
f 1194//1608 1203//1608 1195//1608
f 1195//1609 1203//1609 1204//1609
f 1195//1610 1204//1610 1196//1610
f 1196//1611 1204//1611 1205//1611
f 1196//1612 1205//1612 1197//1612
f 1197//1613 1205//1613 1206//1613
f 1197//1614 1206//1614 1198//1614
f 1198//1615 1206//1615 1207//1615
f 1198//1616 1207//1616 1199//1616
f 1199//1617 1207//1617 1208//1617
f 1199//1618 1208//1618 1200//1618
f 1200//1619 1208//1619 1209//1619
f 1200//1620 1209//1620 1180//1620
f 1180//1621 1209//1621 1181//1621
f 1201//614 1210//614 1202//614
f 1202//1622 1210//1622 1211//1622
f 1202//1623 1211//1623 1203//1623
f 1203//1624 1211//1624 1212//1624
f 1203//1625 1212//1625 1204//1625
f 1204//1626 1212//1626 1213//1626
f 1204//1627 1213//1627 1205//1627
f 1205//1628 1213//1628 1214//1628
f 1205//1629 1214//1629 1206//1629
f 1206//1630 1214//1630 1215//1630
f 1206//1631 1215//1631 1207//1631
f 1207//1632 1215//1632 1216//1632
f 1207//1633 1216//1633 1208//1633
f 1208//1634 1216//1634 1217//1634
f 1208//1635 1217//1635 1209//1635
f 1209//1636 1217//1636 1218//1636
f 1209//1637 1218//1637 1181//1637
f 1181//1638 1218//1638 1182//1638
f 1219//1124 1220//1124 1221//1124
f 1221//1124 1220//1124 1222//1124
f 1221//1124 1222//1124 1148//1124
f 1148//1124 1222//1124 1149//1124
f 1149//1125 1222//1125 1169//1125
f 1169//1125 1222//1125 1223//1125
f 1169//1126 1223//1126 1183//1126
f 1183//1126 1223//1126 1224//1126
f 1183//635 1224//635 1192//635
f 1192//635 1224//635 1225//635
f 1192//1127 1225//1127 1201//1127
f 1201//1127 1225//1127 1226//1127
f 1201//637 1226//637 1210//637
f 1210//637 1226//637 1227//637
f 1210//637 1227//637 1228//637
f 1228//1128 1227//1128 1229//1128
f 1229//1127 1227//1127 1230//1127
f 1230//1127 1227//1127 1231//1127
f 1230//635 1231//635 1232//635
f 1232//635 1231//635 1233//635
f 1232//1126 1233//1126 1234//1126
f 1234//1126 1233//1126 1235//1126
f 1234//1125 1235//1125 1219//1125
f 1219//1125 1235//1125 1220//1125
f 1223//1125 1222//1125 1220//1125
f 1223//1125 1220//1125 1235//1125
f 1224//1129 1223//1129 1235//1129
f 1224//1126 1235//1126 1233//1126
f 1225//635 1224//635 1233//635
f 1225//635 1233//635 1231//635
f 1226//1130 1225//1130 1231//1130
f 1226//1127 1231//1127 1227//1127
f 1236//1639 1237//1639 1238//1639
f 1238//1640 1237//1640 1239//1640
f 1238//1641 1239//1641 1240//1641
f 1240//1642 1239//1642 1241//1642
f 1240//1643 1241//1643 1242//1643
f 1242//1644 1241//1644 1243//1644
f 1242//1645 1243//1645 1244//1645
f 1244//1646 1243//1646 1245//1646
f 1244//1647 1245//1647 1246//1647
f 1246//1648 1245//1648 1247//1648
f 1246//1649 1247//1649 1248//1649
f 1248//1650 1247//1650 1249//1650
f 1248//1651 1249//1651 1250//1651
f 1250//1652 1249//1652 1251//1652
f 1250//1653 1251//1653 1221//1653
f 1221//1654 1251//1654 1219//1654
f 1219//1655 1251//1655 1252//1655
f 1219//1656 1252//1656 1234//1656
f 1234//1657 1252//1657 1253//1657
f 1234//1658 1253//1658 1232//1658
f 1232//1659 1253//1659 1254//1659
f 1232//1660 1254//1660 1230//1660
f 1230//1661 1254//1661 1255//1661
f 1230//1662 1255//1662 1229//1662
f 1229//1663 1255//1663 1228//1663
f 1228//1664 1255//1664 1256//1664
f 1256//1665 1255//1665 1257//1665
f 1256//1666 1257//1666 1258//1666
f 1258//1667 1257//1667 1259//1667
f 1258//1668 1259//1668 1260//1668
f 1260//1669 1259//1669 1261//1669
f 1260//1670 1261//1670 1262//1670
f 1262//1671 1261//1671 1263//1671
f 1262//1672 1263//1672 1264//1672
f 1264//1673 1263//1673 1265//1673
f 1264//1674 1265//1674 1266//1674
f 1266//1675 1265//1675 1267//1675
f 1266//1676 1267//1676 1268//1676
f 1268//1677 1267//1677 1269//1677
f 1269//1678 1267//1678 1270//1678
f 1269//1679 1270//1679 1271//1679
f 1271//1680 1270//1680 1272//1680
f 1271//1681 1272//1681 1273//1681
f 1273//1682 1272//1682 1274//1682
f 1273//1683 1274//1683 1275//1683
f 1275//1684 1274//1684 1239//1684
f 1275//1685 1239//1685 1237//1685
f 1270//1686 1267//1686 1276//1686
f 1276//1687 1267//1687 1265//1687
f 1276//1688 1265//1688 1277//1688
f 1277//1689 1265//1689 1263//1689
f 1277//1690 1263//1690 1278//1690
f 1278//1691 1263//1691 1261//1691
f 1278//1692 1261//1692 1279//1692
f 1279//1693 1261//1693 1259//1693
f 1279//1694 1259//1694 1280//1694
f 1280//1695 1259//1695 1257//1695
f 1280//1696 1257//1696 1254//1696
f 1254//1697 1257//1697 1255//1697
f 1272//1698 1270//1698 1281//1698
f 1281//1699 1270//1699 1276//1699
f 1281//1700 1276//1700 1282//1700
f 1282//1701 1276//1701 1277//1701
f 1282//1702 1277//1702 1283//1702
f 1283//1703 1277//1703 1278//1703
f 1283//1704 1278//1704 1284//1704
f 1284//1705 1278//1705 1279//1705
f 1284//1706 1279//1706 1285//1706
f 1285//1707 1279//1707 1280//1707
f 1285//1708 1280//1708 1253//1708
f 1253//1709 1280//1709 1254//1709
f 1241//1710 1239//1710 1274//1710
f 1274//1711 1272//1711 1286//1711
f 1286//1712 1272//1712 1281//1712
f 1286//1713 1281//1713 1287//1713
f 1287//1714 1281//1714 1282//1714
f 1287//1715 1282//1715 1288//1715
f 1288//1716 1282//1716 1283//1716
f 1288//1717 1283//1717 1289//1717
f 1289//1718 1283//1718 1284//1718
f 1289//1719 1284//1719 1290//1719
f 1290//1720 1284//1720 1285//1720
f 1290//1721 1285//1721 1252//1721
f 1252//1722 1285//1722 1253//1722
f 1243//1723 1241//1723 1286//1723
f 1286//1724 1241//1724 1274//1724
f 1243//1725 1286//1725 1287//1725
f 1245//1726 1243//1726 1287//1726
f 1245//1727 1287//1727 1288//1727
f 1247//1728 1245//1728 1288//1728
f 1247//1729 1288//1729 1289//1729
f 1249//1730 1247//1730 1289//1730
f 1249//1731 1289//1731 1290//1731
f 1251//1732 1249//1732 1290//1732
f 1251//1733 1290//1733 1252//1733
f 1291//1734 1292//1734 1293//1734
f 1293//1735 1292//1735 1294//1735
f 1293//1736 1294//1736 1295//1736
f 1295//1737 1294//1737 1296//1737
f 1295//1738 1296//1738 1297//1738
f 1297//1738 1296//1738 1298//1738
f 1297//278 1298//278 1299//278
f 1299//278 1298//278 1300//278
f 1299//1739 1300//1739 1301//1739
f 1301//1739 1300//1739 1302//1739
f 1301//1740 1302//1740 1303//1740
f 1303//1740 1302//1740 1304//1740
f 1303//1741 1304//1741 1305//1741
f 1305//1741 1304//1741 1306//1741
f 1305//1741 1306//1741 1307//1741
f 1307//1740 1306//1740 1308//1740
f 1307//1740 1308//1740 1309//1740
f 1309//1739 1308//1739 1310//1739
f 1309//1742 1310//1742 1311//1742
f 1311//278 1310//278 1312//278
f 1311//1743 1312//1743 1313//1743
f 1313//1738 1312//1738 1314//1738
f 1313//1738 1314//1738 1315//1738
f 1315//1744 1314//1744 1316//1744
f 1315//1744 1316//1744 1317//1744
f 1317//1744 1316//1744 1318//1744
f 1317//1738 1318//1738 1319//1738
f 1319//1738 1318//1738 1320//1738
f 1319//278 1320//278 1321//278
f 1321//278 1320//278 1322//278
f 1321//1739 1322//1739 1323//1739
f 1323//1739 1322//1739 1324//1739
f 1323//1740 1324//1740 1325//1740
f 1325//1740 1324//1740 1326//1740
f 1325//1741 1326//1741 1305//1741
f 1305//1745 1326//1745 1327//1745
f 1305//1746 1327//1746 1328//1746
f 1328//1740 1327//1740 1329//1740
f 1328//1740 1329//1740 1330//1740
f 1330//1739 1329//1739 1331//1739
f 1330//1742 1331//1742 1332//1742
f 1332//278 1331//278 1333//278
f 1332//278 1333//278 1334//278
f 1334//1738 1333//1738 1335//1738
f 1334//1738 1335//1738 1336//1738
f 1336//1744 1335//1744 1337//1744
f 1336//1744 1337//1744 1338//1744
f 1338//1744 1337//1744 1339//1744
f 1338//1738 1339//1738 1340//1738
f 1340//1738 1339//1738 1341//1738
f 1340//278 1341//278 1342//278
f 1342//278 1341//278 1343//278
f 1342//1739 1343//1739 1344//1739
f 1344//1739 1343//1739 1345//1739
f 1344//1740 1345//1740 1346//1740
f 1346//1740 1345//1740 1347//1740
f 1346//1741 1347//1741 1236//1741
f 1236//1741 1347//1741 1348//1741
f 1236//1747 1348//1747 1349//1747
f 1349//1740 1348//1740 1350//1740
f 1349//1740 1350//1740 1351//1740
f 1351//1739 1350//1739 1352//1739
f 1351//1742 1352//1742 1353//1742
f 1353//278 1352//278 1354//278
f 1353//278 1354//278 1355//278
f 1355//1738 1354//1738 1356//1738
f 1355//1738 1356//1738 1269//1738
f 1269//280 1356//280 1268//280
f 1268//280 1356//280 1357//280
f 1268//280 1357//280 1358//280
f 1358//1738 1357//1738 1359//1738
f 1358//1738 1359//1738 1360//1738
f 1360//278 1359//278 1361//278
f 1360//278 1361//278 1362//278
f 1362//1739 1361//1739 1363//1739
f 1362//1742 1363//1742 1345//1742
f 1345//1740 1363//1740 1347//1740
f 1316//1748 1364//1748 1294//1748
f 1294//1749 1364//1749 1365//1749
f 1294//1750 1365//1750 1366//1750
f 1366//1738 1365//1738 1367//1738
f 1366//1751 1367//1751 1298//1751
f 1298//278 1367//278 1300//278
f 1337//1744 1368//1744 1316//1744
f 1316//1744 1368//1744 1369//1744
f 1316//1744 1369//1744 1318//1744
f 1318//1738 1369//1738 1320//1738
f 1370//1752 1371//1752 1337//1752
f 1337//1753 1371//1753 1372//1753
f 1337//1744 1372//1744 1339//1744
f 1339//1738 1372//1738 1341//1738
f 1373//1754 1268//1754 1370//1754
f 1370//1755 1268//1755 1358//1755
f 1370//1756 1358//1756 1371//1756
f 1371//1738 1358//1738 1360//1738
f 1371//1751 1360//1751 1374//1751
f 1374//278 1360//278 1362//278
f 1374//1743 1362//1743 1343//1743
f 1343//1739 1362//1739 1345//1739
f 1373//1734 1375//1734 1268//1734
f 1269//1738 1271//1738 1355//1738
f 1355//278 1271//278 1376//278
f 1355//278 1376//278 1353//278
f 1353//1739 1376//1739 1377//1739
f 1353//1742 1377//1742 1351//1742
f 1351//1740 1377//1740 1378//1740
f 1351//1740 1378//1740 1349//1740
f 1349//1741 1378//1741 1236//1741
f 1271//1743 1273//1743 1376//1743
f 1376//1739 1273//1739 1379//1739
f 1376//1742 1379//1742 1377//1742
f 1377//1740 1379//1740 1380//1740
f 1377//1757 1380//1757 1378//1757
f 1378//1741 1380//1741 1236//1741
f 1273//1742 1275//1742 1379//1742
f 1379//1740 1275//1740 1381//1740
f 1379//1757 1381//1757 1380//1757
f 1380//1741 1381//1741 1236//1741
f 1275//1740 1237//1740 1381//1740
f 1381//1741 1237//1741 1236//1741
f 1305//1741 1382//1741 1236//1741
f 1236//1758 1382//1758 1383//1758
f 1236//1759 1383//1759 1384//1759
f 1384//1740 1383//1740 1385//1740
f 1384//1740 1385//1740 1386//1740
f 1386//1739 1385//1739 1387//1739
f 1386//1742 1387//1742 1342//1742
f 1342//278 1387//278 1340//278
f 1359//1738 1357//1738 1354//1738
f 1354//1751 1357//1751 1356//1751
f 1341//1738 1372//1738 1374//1738
f 1374//1751 1372//1751 1371//1751
f 1336//1738 1338//1738 1388//1738
f 1388//1738 1338//1738 1340//1738
f 1388//278 1340//278 1387//278
f 1335//1744 1389//1744 1337//1744
f 1337//1744 1389//1744 1390//1744
f 1337//1760 1390//1760 1368//1760
f 1368//1738 1390//1738 1391//1738
f 1368//1751 1391//1751 1392//1751
f 1392//278 1391//278 1393//278
f 1392//278 1393//278 1322//278
f 1322//1739 1393//1739 1324//1739
f 1335//1738 1333//1738 1389//1738
f 1389//1751 1333//1751 1394//1751
f 1389//1738 1394//1738 1390//1738
f 1390//1738 1394//1738 1391//1738
f 1320//1738 1369//1738 1392//1738
f 1392//1751 1369//1751 1368//1751
f 1315//1738 1317//1738 1395//1738
f 1395//1738 1317//1738 1319//1738
f 1395//278 1319//278 1396//278
f 1396//278 1319//278 1321//278
f 1396//1739 1321//1739 1397//1739
f 1397//1739 1321//1739 1323//1739
f 1397//1740 1323//1740 1398//1740
f 1398//1740 1323//1740 1325//1740
f 1398//1741 1325//1741 1305//1741
f 1364//1744 1316//1744 1399//1744
f 1399//1744 1316//1744 1314//1744
f 1399//1738 1314//1738 1312//1738
f 1364//1738 1399//1738 1400//1738
f 1400//1738 1399//1738 1312//1738
f 1400//278 1312//278 1310//278
f 1296//1737 1294//1737 1366//1737
f 1365//1738 1364//1738 1401//1738
f 1401//1738 1364//1738 1400//1738
f 1401//278 1400//278 1402//278
f 1402//278 1400//278 1310//278
f 1402//1739 1310//1739 1308//1739
f 1298//1751 1296//1751 1366//1751
f 1361//278 1359//278 1352//278
f 1352//278 1359//278 1354//278
f 1343//1743 1341//1743 1374//1743
f 1336//1738 1388//1738 1334//1738
f 1334//278 1388//278 1403//278
f 1334//278 1403//278 1332//278
f 1332//1739 1403//1739 1404//1739
f 1332//1742 1404//1742 1330//1742
f 1330//1740 1404//1740 1382//1740
f 1330//1740 1382//1740 1328//1740
f 1328//1741 1382//1741 1305//1741
f 1403//278 1388//278 1387//278
f 1333//278 1331//278 1394//278
f 1394//1743 1331//1743 1405//1743
f 1394//278 1405//278 1391//278
f 1391//278 1405//278 1393//278
f 1322//278 1320//278 1392//278
f 1315//1738 1395//1738 1313//1738
f 1313//278 1395//278 1406//278
f 1313//1743 1406//1743 1311//1743
f 1311//1739 1406//1739 1407//1739
f 1311//1742 1407//1742 1309//1742
f 1309//1740 1407//1740 1408//1740
f 1309//1740 1408//1740 1307//1740
f 1307//1741 1408//1741 1305//1741
f 1406//278 1395//278 1396//278
f 1365//1751 1401//1751 1367//1751
f 1367//278 1401//278 1409//278
f 1367//278 1409//278 1300//278
f 1300//1739 1409//1739 1302//1739
f 1409//278 1401//278 1402//278
f 1363//1739 1361//1739 1350//1739
f 1350//1742 1361//1742 1352//1742
f 1386//1739 1342//1739 1344//1739
f 1404//1739 1403//1739 1385//1739
f 1385//1742 1403//1742 1387//1742
f 1331//1739 1329//1739 1405//1739
f 1405//1742 1329//1742 1410//1742
f 1405//1739 1410//1739 1393//1739
f 1393//1742 1410//1742 1324//1742
f 1406//1739 1396//1739 1411//1739
f 1411//1739 1396//1739 1397//1739
f 1411//1740 1397//1740 1412//1740
f 1412//1740 1397//1740 1398//1740
f 1412//1741 1398//1741 1305//1741
f 1409//1739 1402//1739 1413//1739
f 1413//1739 1402//1739 1308//1739
f 1413//1740 1308//1740 1306//1740
f 1347//1740 1363//1740 1348//1740
f 1348//1757 1363//1757 1350//1757
f 1386//1740 1344//1740 1414//1740
f 1414//1740 1344//1740 1346//1740
f 1414//1741 1346//1741 1236//1741
f 1382//1740 1404//1740 1383//1740
f 1383//1740 1404//1740 1385//1740
f 1326//1740 1324//1740 1410//1740
f 1326//1740 1410//1740 1327//1740
f 1327//1740 1410//1740 1329//1740
f 1406//1742 1411//1742 1407//1742
f 1407//1740 1411//1740 1415//1740
f 1407//1757 1415//1757 1408//1757
f 1408//1741 1415//1741 1305//1741
f 1415//1740 1411//1740 1412//1740
f 1304//1757 1302//1757 1413//1757
f 1413//1739 1302//1739 1409//1739
f 1304//1740 1413//1740 1306//1740
f 1236//1741 1384//1741 1414//1741
f 1414//1740 1384//1740 1386//1740
f 1305//1741 1415//1741 1412//1741
f 1416//1761 1417//1761 1418//1761
f 1418//1762 1417//1762 1419//1762
f 1418//1763 1419//1763 1420//1763
f 1420//1764 1419//1764 1421//1764
f 1420//1765 1421//1765 1422//1765
f 1422//1766 1421//1766 1423//1766
f 1422//1767 1423//1767 1424//1767
f 1424//1768 1423//1768 1425//1768
f 1424//1769 1425//1769 1426//1769
f 1426//1770 1425//1770 1427//1770
f 1426//1771 1427//1771 1428//1771
f 1428//1772 1427//1772 1429//1772
f 1428//1773 1429//1773 1430//1773
f 1430//1774 1429//1774 1431//1774
f 1430//1775 1431//1775 1305//1775
f 1305//1776 1431//1776 1303//1776
f 1303//1777 1431//1777 1432//1777
f 1303//1778 1432//1778 1301//1778
f 1301//1779 1432//1779 1433//1779
f 1301//1780 1433//1780 1299//1780
f 1299//1781 1433//1781 1434//1781
f 1299//1782 1434//1782 1297//1782
f 1297//1783 1434//1783 1435//1783
f 1297//1784 1435//1784 1295//1784
f 1295//1785 1435//1785 1293//1785
f 1293//1786 1435//1786 1436//1786
f 1436//1787 1435//1787 1437//1787
f 1436//1788 1437//1788 1438//1788
f 1438//1789 1437//1789 1439//1789
f 1438//1790 1439//1790 1440//1790
f 1440//1791 1439//1791 1441//1791
f 1440//1792 1441//1792 1442//1792
f 1442//1793 1441//1793 1443//1793
f 1442//1794 1443//1794 1444//1794
f 1444//1795 1443//1795 1445//1795
f 1444//1796 1445//1796 1446//1796
f 1446//1797 1445//1797 1447//1797
f 1446//1798 1447//1798 1448//1798
f 1448//1799 1447//1799 1449//1799
f 1449//1800 1447//1800 1450//1800
f 1449//1801 1450//1801 1451//1801
f 1451//1802 1450//1802 1452//1802
f 1451//1803 1452//1803 1453//1803
f 1453//1804 1452//1804 1454//1804
f 1453//1805 1454//1805 1455//1805
f 1455//1806 1454//1806 1419//1806
f 1455//1807 1419//1807 1417//1807
f 1450//1808 1447//1808 1456//1808
f 1456//1809 1447//1809 1445//1809
f 1456//1810 1445//1810 1457//1810
f 1457//1811 1445//1811 1443//1811
f 1457//1812 1443//1812 1458//1812
f 1458//1813 1443//1813 1441//1813
f 1458//1814 1441//1814 1459//1814
f 1459//1815 1441//1815 1439//1815
f 1459//1816 1439//1816 1460//1816
f 1460//1817 1439//1817 1437//1817
f 1460//1818 1437//1818 1434//1818
f 1434//1819 1437//1819 1435//1819
f 1452//1820 1450//1820 1461//1820
f 1461//1821 1450//1821 1456//1821
f 1461//1822 1456//1822 1462//1822
f 1462//1823 1456//1823 1457//1823
f 1462//1824 1457//1824 1463//1824
f 1463//1825 1457//1825 1458//1825
f 1463//1826 1458//1826 1464//1826
f 1464//1827 1458//1827 1459//1827
f 1464//1828 1459//1828 1465//1828
f 1465//1829 1459//1829 1460//1829
f 1465//1830 1460//1830 1433//1830
f 1433//1831 1460//1831 1434//1831
f 1421//1832 1419//1832 1454//1832
f 1454//1833 1452//1833 1466//1833
f 1466//1834 1452//1834 1461//1834
f 1466//1835 1461//1835 1467//1835
f 1467//1836 1461//1836 1462//1836
f 1467//1837 1462//1837 1468//1837
f 1468//1838 1462//1838 1463//1838
f 1468//1839 1463//1839 1469//1839
f 1469//1840 1463//1840 1464//1840
f 1469//1841 1464//1841 1470//1841
f 1470//1842 1464//1842 1465//1842
f 1470//1843 1465//1843 1432//1843
f 1432//1844 1465//1844 1433//1844
f 1423//1845 1421//1845 1466//1845
f 1466//1846 1421//1846 1454//1846
f 1423//1847 1466//1847 1467//1847
f 1425//1848 1423//1848 1467//1848
f 1425//1849 1467//1849 1468//1849
f 1427//1850 1425//1850 1468//1850
f 1427//1851 1468//1851 1469//1851
f 1429//1852 1427//1852 1469//1852
f 1429//1853 1469//1853 1470//1853
f 1431//1854 1429//1854 1470//1854
f 1431//1855 1470//1855 1432//1855
f 1471//132 1472//132 1473//132
f 1473//132 1472//132 1474//132
f 1473//132 1474//132 1416//132
f 1416//132 1474//132 1417//132
f 1417//402 1474//402 1455//402
f 1455//402 1474//402 1475//402
f 1455//403 1475//403 1453//403
f 1453//403 1475//403 1476//403
f 1453//135 1476//135 1451//135
f 1451//135 1476//135 1477//135
f 1451//137 1477//137 1449//137
f 1449//137 1477//137 1478//137
f 1449//139 1478//139 1448//139
f 1448//139 1478//139 1479//139
f 1448//139 1479//139 1480//139
f 1480//404 1479//404 1481//404
f 1481//137 1479//137 1482//137
f 1482//137 1479//137 1483//137
f 1482//135 1483//135 1484//135
f 1484//135 1483//135 1485//135
f 1484//403 1485//403 1486//403
f 1486//403 1485//403 1487//403
f 1486//402 1487//402 1471//402
f 1471//402 1487//402 1472//402
f 1475//402 1474//402 1472//402
f 1475//402 1472//402 1487//402
f 1476//405 1475//405 1487//405
f 1476//403 1487//403 1485//403
f 1477//135 1476//135 1485//135
f 1477//135 1485//135 1483//135
f 1478//406 1477//406 1483//406
f 1478//137 1483//137 1479//137
f 1488//1856 1489//1856 1490//1856
f 1490//1857 1489//1857 1491//1857
f 1490//1858 1491//1858 1492//1858
f 1492//1859 1491//1859 1493//1859
f 1492//1860 1493//1860 1494//1860
f 1494//1861 1493//1861 1495//1861
f 1494//1862 1495//1862 1496//1862
f 1496//1863 1495//1863 1497//1863
f 1496//1864 1497//1864 1498//1864
f 1498//1865 1497//1865 1499//1865
f 1498//918 1499//918 1500//918
f 1500//1866 1499//1866 1501//1866
f 1500//1867 1501//1867 1502//1867
f 1502//1868 1501//1868 1503//1868
f 1502//1869 1503//1869 1504//1869
f 1504//1870 1503//1870 1505//1870
f 1504//1871 1505//1871 1506//1871
f 1506//1872 1505//1872 1507//1872
f 1506//1873 1507//1873 1508//1873
f 1508//1874 1507//1874 1471//1874
f 1508//31 1471//31 1473//31
f 1489//1875 1509//1875 1491//1875
f 1491//1876 1509//1876 1510//1876
f 1491//1877 1510//1877 1493//1877
f 1493//1878 1510//1878 1511//1878
f 1493//1879 1511//1879 1495//1879
f 1495//1880 1511//1880 1512//1880
f 1495//1881 1512//1881 1497//1881
f 1497//1882 1512//1882 1513//1882
f 1497//1883 1513//1883 1499//1883
f 1499//1884 1513//1884 1514//1884
f 1499//1885 1514//1885 1501//1885
f 1501//1886 1514//1886 1515//1886
f 1501//1887 1515//1887 1503//1887
f 1503//1888 1515//1888 1516//1888
f 1503//1889 1516//1889 1505//1889
f 1505//1890 1516//1890 1517//1890
f 1505//1891 1517//1891 1507//1891
f 1507//1892 1517//1892 1518//1892
f 1507//1893 1518//1893 1471//1893
f 1471//1894 1518//1894 1486//1894
f 1486//1895 1518//1895 1519//1895
f 1486//1896 1519//1896 1484//1896
f 1484//1897 1519//1897 1520//1897
f 1484//1898 1520//1898 1482//1898
f 1482//1899 1520//1899 1521//1899
f 1482//1900 1521//1900 1481//1900
f 1481//1901 1521//1901 1522//1901
f 1481//1902 1522//1902 1480//1902
f 1509//1903 1523//1903 1510//1903
f 1510//1904 1523//1904 1524//1904
f 1510//1905 1524//1905 1511//1905
f 1511//1906 1524//1906 1525//1906
f 1511//1907 1525//1907 1512//1907
f 1512//1908 1525//1908 1526//1908
f 1512//1909 1526//1909 1513//1909
f 1513//1910 1526//1910 1527//1910
f 1513//1911 1527//1911 1514//1911
f 1514//1912 1527//1912 1528//1912
f 1514//1913 1528//1913 1515//1913
f 1515//1914 1528//1914 1529//1914
f 1515//1915 1529//1915 1516//1915
f 1516//1916 1529//1916 1530//1916
f 1516//1917 1530//1917 1517//1917
f 1517//1918 1530//1918 1531//1918
f 1517//1919 1531//1919 1518//1919
f 1518//1920 1531//1920 1519//1920
f 1523//1921 1532//1921 1524//1921
f 1524//1922 1532//1922 1533//1922
f 1524//1923 1533//1923 1525//1923
f 1525//1924 1533//1924 1534//1924
f 1525//1925 1534//1925 1526//1925
f 1526//1926 1534//1926 1535//1926
f 1526//1927 1535//1927 1527//1927
f 1527//1928 1535//1928 1536//1928
f 1527//1929 1536//1929 1528//1929
f 1528//1930 1536//1930 1537//1930
f 1528//1931 1537//1931 1529//1931
f 1529//1932 1537//1932 1538//1932
f 1529//1933 1538//1933 1530//1933
f 1530//1934 1538//1934 1539//1934
f 1530//1935 1539//1935 1531//1935
f 1531//1936 1539//1936 1540//1936
f 1531//1937 1540//1937 1519//1937
f 1519//1938 1540//1938 1520//1938
f 1532//1939 1541//1939 1533//1939
f 1533//1940 1541//1940 1542//1940
f 1533//1941 1542//1941 1534//1941
f 1534//1942 1542//1942 1543//1942
f 1534//1943 1543//1943 1535//1943
f 1535//1944 1543//1944 1544//1944
f 1535//1945 1544//1945 1536//1945
f 1536//1946 1544//1946 1545//1946
f 1536//1947 1545//1947 1537//1947
f 1537//1948 1545//1948 1546//1948
f 1537//1949 1546//1949 1538//1949
f 1538//1950 1546//1950 1547//1950
f 1538//1951 1547//1951 1539//1951
f 1539//1952 1547//1952 1548//1952
f 1539//1953 1548//1953 1540//1953
f 1540//1954 1548//1954 1549//1954
f 1540//1955 1549//1955 1520//1955
f 1520//1956 1549//1956 1521//1956
f 1541//1011 1550//1011 1542//1011
f 1542//1957 1550//1957 1551//1957
f 1542//1958 1551//1958 1543//1958
f 1543//1959 1551//1959 1552//1959
f 1543//1960 1552//1960 1544//1960
f 1544//1961 1552//1961 1553//1961
f 1544//1962 1553//1962 1545//1962
f 1545//1963 1553//1963 1554//1963
f 1545//1964 1554//1964 1546//1964
f 1546//1965 1554//1965 1555//1965
f 1546//1966 1555//1966 1547//1966
f 1547//1967 1555//1967 1556//1967
f 1547//1968 1556//1968 1548//1968
f 1548//1969 1556//1969 1557//1969
f 1548//1970 1557//1970 1549//1970
f 1549//1971 1557//1971 1558//1971
f 1549//1972 1558//1972 1521//1972
f 1521//1973 1558//1973 1522//1973
f 1488//1518 75//1518 1559//1518
f 1559//1518 75//1518 65//1518
f 1559//768 65//768 1560//768
f 1560//768 65//768 55//768
f 1560//769 55//769 1561//769
f 1561//769 55//769 45//769
f 1561//505 45//505 1562//505
f 1562//505 45//505 35//505
f 1562//1519 35//1519 1563//1519
f 1563//1519 35//1519 2//1519
f 1563//507 2//507 1//507
f 1//507 1550//507 1563//507
f 1563//507 1550//507 1541//507
f 1563//1519 1541//1519 1562//1519
f 1562//1519 1541//1519 1532//1519
f 1562//505 1532//505 1561//505
f 1561//505 1532//505 1523//505
f 1561//769 1523//769 1560//769
f 1560//769 1523//769 1509//769
f 1560//768 1509//768 1559//768
f 1559//768 1509//768 1489//768
f 1559//1518 1489//1518 1488//1518
f 760//1974 687//1974 1564//1974
f 1564//1974 687//1974 1565//1974
f 1565//1975 687//1975 1566//1975
f 1566//1975 687//1975 689//1975
f 1566//1976 689//1976 691//1976
f 1566//1976 691//1976 1567//1976
f 1567//1977 691//1977 693//1977
f 1567//1978 693//1978 1568//1978
f 1568//1979 693//1979 695//1979
f 1568//1979 695//1979 1569//1979
f 1569//1980 695//1980 697//1980
f 1569//1981 697//1981 1570//1981
f 1570//1982 697//1982 699//1982
f 1570//1982 699//1982 1571//1982
f 1571//1983 699//1983 701//1983
f 1571//1984 701//1984 1572//1984
f 1572//1985 701//1985 703//1985
f 1572//1986 703//1986 1573//1986
f 1573//1987 703//1987 705//1987
f 1573//1987 705//1987 1574//1987
f 1574//1988 705//1988 707//1988
f 1574//1988 707//1988 1575//1988
f 1575//1989 707//1989 1576//1989
f 1576//1989 707//1989 675//1989
f 675//1990 598//1990 1576//1990
f 1576//1990 598//1990 1577//1990
f 1577//1991 598//1991 1578//1991
f 1578//1991 598//1991 600//1991
f 1578//1992 600//1992 602//1992
f 1578//1993 602//1993 1579//1993
f 1579//1994 602//1994 604//1994
f 1579//1995 604//1995 1580//1995
f 1580//1985 604//1985 606//1985
f 1580//1986 606//1986 1581//1986
f 1581//1996 606//1996 608//1996
f 1581//1996 608//1996 1582//1996
f 1582//1997 608//1997 610//1997
f 1582//1997 610//1997 1583//1997
f 1583//1998 610//1998 612//1998
f 1583//1998 612//1998 1584//1998
f 1584//1999 612//1999 614//1999
f 1584//2000 614//2000 1585//2000
f 1585//2001 614//2001 616//2001
f 1585//2001 616//2001 1586//2001
f 1586//2002 616//2002 618//2002
f 1586//2003 618//2003 1587//2003
f 1587//1975 618//1975 1588//1975
f 1588//1975 618//1975 548//1975
f 548//1974 469//1974 1588//1974
f 1588//1974 469//1974 1589//1974
f 1589//2004 469//2004 1590//2004
f 1590//2004 469//2004 471//2004
f 1590//2005 471//2005 473//2005
f 1590//2006 473//2006 1591//2006
f 1591//2007 473//2007 475//2007
f 1591//2007 475//2007 1592//2007
f 1592//2008 475//2008 477//2008
f 1592//2009 477//2009 1593//2009
f 1593//2010 477//2010 479//2010
f 1593//2010 479//2010 1594//2010
f 1594//2011 479//2011 481//2011
f 1594//2011 481//2011 1595//2011
f 1595//2012 481//2012 483//2012
f 1595//2012 483//2012 1596//2012
f 1596//2013 483//2013 485//2013
f 1596//2014 485//2014 1597//2014
f 1597//2015 485//2015 487//2015
f 1597//2016 487//2016 1598//2016
f 1598//2017 487//2017 489//2017
f 1598//2018 489//2018 1599//2018
f 1599//2019 489//2019 1600//2019
f 1600//2019 489//2019 457//2019
f 457//2020 386//2020 1600//2020
f 1600//2020 386//2020 1601//2020
f 1601//2021 386//2021 1602//2021
f 1602//2021 386//2021 388//2021
f 1602//2022 388//2022 390//2022
f 1602//2022 390//2022 1603//2022
f 1603//2023 390//2023 392//2023
f 1603//2023 392//2023 1604//2023
f 1604//2013 392//2013 394//2013
f 1604//2014 394//2014 1605//2014
f 1605//2024 394//2024 396//2024
f 1605//2025 396//2025 1606//2025
f 1606//2026 396//2026 398//2026
f 1606//2026 398//2026 1607//2026
f 1607//2027 398//2027 400//2027
f 1607//2028 400//2028 1608//2028
f 1608//2029 400//2029 402//2029
f 1608//2029 402//2029 1609//2029
f 1609//2030 402//2030 404//2030
f 1609//2031 404//2031 1610//2031
f 1610//2032 404//2032 406//2032
f 1610//2032 406//2032 1611//2032
f 1611//2004 406//2004 1612//2004
f 1612//2004 406//2004 371//2004
f 371//1974 314//1974 1612//1974
f 1612//1974 314//1974 1613//1974
f 1613//2033 314//2033 1614//2033
f 1614//2033 314//2033 316//2033
f 1614//2034 316//2034 1615//2034
f 1615//2034 316//2034 318//2034
f 1615//2035 318//2035 1616//2035
f 1616//2035 318//2035 320//2035
f 1616//2036 320//2036 1617//2036
f 1617//2036 320//2036 322//2036
f 1617//2037 322//2037 1618//2037
f 1618//2037 322//2037 324//2037
f 1618//2038 324//2038 1619//2038
f 1619//2038 324//2038 326//2038
f 1619//2039 326//2039 1620//2039
f 1620//2039 326//2039 328//2039
f 1620//2040 328//2040 1621//2040
f 1621//2040 328//2040 299//2040
f 299//1990 226//1990 1621//1990
f 1621//1990 226//1990 1622//1990
f 1622//2041 226//2041 1623//2041
f 1623//2041 226//2041 228//2041
f 1623//2042 228//2042 230//2042
f 1623//2042 230//2042 1624//2042
f 1624//2043 230//2043 232//2043
f 1624//2044 232//2044 1625//2044
f 1625//2045 232//2045 234//2045
f 1625//2045 234//2045 1626//2045
f 1626//2046 234//2046 236//2046
f 1626//2047 236//2047 1627//2047
f 1627//2048 236//2048 238//2048
f 1627//2048 238//2048 1628//2048
f 1628//2049 238//2049 240//2049
f 1628//2050 240//2050 1629//2050
f 1629//2051 240//2051 242//2051
f 1629//2052 242//2052 1630//2052
f 1630//2053 242//2053 244//2053
f 1630//2053 244//2053 1631//2053
f 1631//2054 244//2054 246//2054
f 1631//2054 246//2054 1632//2054
f 1632//2055 246//2055 1633//2055
f 1633//2055 246//2055 214//2055
f 214//2056 137//2056 1633//2056
f 1633//2056 137//2056 1634//2056
f 1634//2057 137//2057 1635//2057
f 1635//2057 137//2057 139//2057
f 1635//2058 139//2058 141//2058
f 1635//2059 141//2059 1636//2059
f 1636//2060 141//2060 143//2060
f 1636//2061 143//2061 1637//2061
f 1637//2051 143//2051 145//2051
f 1637//2052 145//2052 1638//2052
f 1638//2062 145//2062 147//2062
f 1638//2062 147//2062 1639//2062
f 1639//2063 147//2063 149//2063
f 1639//2063 149//2063 1640//2063
f 1640//2064 149//2064 151//2064
f 1640//2064 151//2064 1641//2064
f 1641//2065 151//2065 153//2065
f 1641//2066 153//2066 1642//2066
f 1642//2067 153//2067 155//2067
f 1642//2067 155//2067 1643//2067
f 1643//2068 155//2068 157//2068
f 1643//2069 157//2069 1644//2069
f 1644//2041 157//2041 1645//2041
f 1645//2041 157//2041 87//2041
f 87//1990 34//1990 1645//1990
f 1645//1990 34//1990 1646//1990
f 1646//2070 34//2070 1647//2070
f 1647//2070 34//2070 33//2070
f 1647//2071 33//2071 84//2071
f 1647//2072 84//2072 1648//2072
f 1648//2073 84//2073 83//2073
f 1648//2073 83//2073 1649//2073
f 1649//2074 83//2074 82//2074
f 1649//2075 82//2075 1650//2075
f 1650//2076 82//2076 81//2076
f 1650//2076 81//2076 1651//2076
f 1651//2077 81//2077 80//2077
f 1651//2077 80//2077 1652//2077
f 1652//2078 80//2078 79//2078
f 1652//2078 79//2078 1653//2078
f 1653//2079 79//2079 78//2079
f 1653//2080 78//2080 1654//2080
f 1654//1977 78//1977 77//1977
f 1654//1978 77//1978 1655//1978
f 1655//2081 77//2081 76//2081
f 1655//2082 76//2082 1656//2082
f 1656//2083 76//2083 1657//2083
f 1657//2083 76//2083 75//2083
f 1658//2084 1659//2084 1660//2084
f 1660//2085 1659//2085 1661//2085
f 1660//2086 1661//2086 1662//2086
f 1662//2087 1661//2087 1663//2087
f 1662//2088 1663//2088 1664//2088
f 1664//2089 1663//2089 1665//2089
f 1664//2090 1665//2090 1666//2090
f 1666//2091 1665//2091 1667//2091
f 1666//2092 1667//2092 1668//2092
f 1668//2093 1667//2093 1669//2093
f 1668//2094 1669//2094 1670//2094
f 1670//2095 1669//2095 1671//2095
f 1670//2096 1671//2096 1672//2096
f 1672//2097 1671//2097 1673//2097
f 1672//2098 1673//2098 1674//2098
f 1674//2099 1673//2099 1675//2099
f 1674//2100 1675//2100 1676//2100
f 1676//2101 1675//2101 1677//2101
f 1676//2102 1677//2102 1678//2102
f 1678//2103 1677//2103 1679//2103
f 1678//2104 1679//2104 1680//2104
f 1680//2105 1679//2105 1681//2105
f 1680//2106 1681//2106 1682//2106
f 1682//2107 1681//2107 1683//2107
f 1682//2108 1683//2108 1684//2108
f 1684//2109 1683//2109 1685//2109
f 1684//2110 1685//2110 1686//2110
f 1686//2111 1685//2111 1687//2111
f 1686//2112 1687//2112 1688//2112
f 1688//2113 1687//2113 1689//2113
f 1688//2114 1689//2114 1690//2114
f 1690//2115 1689//2115 1691//2115
f 1690//2116 1691//2116 1692//2116
f 1692//2117 1691//2117 1693//2117
f 1692//2118 1693//2118 1694//2118
f 1694//2119 1693//2119 1695//2119
f 1694//2120 1695//2120 1696//2120
f 1696//2121 1695//2121 1697//2121
f 1696//2122 1697//2122 1698//2122
f 1698//2123 1697//2123 1699//2123
f 1698//2124 1699//2124 1700//2124
f 1700//2125 1699//2125 1701//2125
f 1701//2126 1699//2126 1702//2126
f 1701//2127 1702//2127 1703//2127
f 1703//2128 1702//2128 1704//2128
f 1703//2129 1704//2129 1705//2129
f 1705//2130 1704//2130 1706//2130
f 1705//2131 1706//2131 1707//2131
f 1707//2132 1706//2132 1708//2132
f 1707//2133 1708//2133 1709//2133
f 1709//2134 1708//2134 1710//2134
f 1709//2135 1710//2135 1711//2135
f 1711//2136 1710//2136 1712//2136
f 1711//2137 1712//2137 1713//2137
f 1713//2138 1712//2138 1714//2138
f 1713//2139 1714//2139 1715//2139
f 1715//2140 1714//2140 1716//2140
f 1715//2141 1716//2141 1717//2141
f 1717//2142 1716//2142 1718//2142
f 1717//2143 1718//2143 1719//2143
f 1719//2144 1718//2144 1720//2144
f 1719//2145 1720//2145 1721//2145
f 1721//2146 1720//2146 1722//2146
f 1721//2147 1722//2147 1723//2147
f 1723//2148 1722//2148 1724//2148
f 1723//2149 1724//2149 1725//2149
f 1725//2150 1724//2150 1726//2150
f 1725//2151 1726//2151 1727//2151
f 1727//2152 1726//2152 1728//2152
f 1727//2153 1728//2153 1729//2153
f 1729//2154 1728//2154 1730//2154
f 1729//2155 1730//2155 1731//2155
f 1731//2156 1730//2156 1732//2156
f 1731//2157 1732//2157 1733//2157
f 1733//2158 1732//2158 1734//2158
f 1733//2159 1734//2159 1735//2159
f 1735//2160 1734//2160 1736//2160
f 1735//2161 1736//2161 1737//2161
f 1737//2162 1736//2162 1658//2162
f 1737//2163 1658//2163 1660//2163
f 1738//2164 1717//2164 1739//2164
f 1739//2165 1717//2165 1719//2165
f 1739//2166 1719//2166 1721//2166
f 1717//2167 1738//2167 1715//2167
f 1715//2168 1738//2168 1740//2168
f 1715//2169 1740//2169 1713//2169
f 1713//2170 1740//2170 1711//2170
f 1711//2171 1740//2171 1741//2171
f 1711//2172 1741//2172 1709//2172
f 1709//2173 1741//2173 1742//2173
f 1709//2174 1742//2174 1707//2174
f 1707//2175 1742//2175 1705//2175
f 1705//2176 1742//2176 1743//2176
f 1705//2177 1743//2177 1703//2177
f 1703//2178 1743//2178 1744//2178
f 1703//2179 1744//2179 1701//2179
f 1701//2180 1744//2180 1700//2180
f 1700//2181 1744//2181 1745//2181
f 1700//2182 1745//2182 1698//2182
f 1698//2183 1745//2183 1696//2183
f 1696//2184 1745//2184 1746//2184
f 1696//2185 1746//2185 1694//2185
f 1694//2186 1746//2186 1747//2186
f 1694//2187 1747//2187 1692//2187
f 1692//2188 1747//2188 1690//2188
f 1690//2189 1747//2189 1748//2189
f 1690//2190 1748//2190 1688//2190
f 1688//2191 1748//2191 1749//2191
f 1688//2192 1749//2192 1686//2192
f 1686//2193 1749//2193 1684//2193
f 1684//2194 1749//2194 1750//2194
f 1684//2195 1750//2195 1682//2195
f 1682//2196 1750//2196 1751//2196
f 1682//2165 1751//2165 1680//2165
f 1680//2166 1751//2166 1678//2166
f 1678//2197 1751//2197 1752//2197
f 1678//2198 1752//2198 1676//2198
f 1676//2199 1752//2199 1753//2199
f 1676//2200 1753//2200 1674//2200
f 1674//2201 1753//2201 1672//2201
f 1672//2202 1753//2202 1754//2202
f 1672//2203 1754//2203 1670//2203
f 1670//2204 1754//2204 1755//2204
f 1670//2205 1755//2205 1668//2205
f 1668//2206 1755//2206 1666//2206
f 1666//2207 1755//2207 1756//2207
f 1666//2208 1756//2208 1664//2208
f 1664//2209 1756//2209 1757//2209
f 1664//2210 1757//2210 1662//2210
f 1662//2211 1757//2211 1660//2211
f 1660//2212 1757//2212 1758//2212
f 1660//2213 1758//2213 1737//2213
f 1737//2214 1758//2214 1735//2214
f 1735//2215 1758//2215 1759//2215
f 1735//2216 1759//2216 1733//2216
f 1733//2217 1759//2217 1760//2217
f 1733//2218 1760//2218 1731//2218
f 1731//2219 1760//2219 1729//2219
f 1729//2220 1760//2220 1761//2220
f 1729//2221 1761//2221 1727//2221
f 1727//2222 1761//2222 1762//2222
f 1727//2223 1762//2223 1725//2223
f 1725//2224 1762//2224 1723//2224
f 1723//2225 1762//2225 1763//2225
f 1723//2226 1763//2226 1721//2226
f 1721//2227 1763//2227 1739//2227
f 1763//2228 1764//2228 1739//2228
f 1739//2229 1764//2229 1765//2229
f 1739//2230 1765//2230 1738//2230
f 1738//2231 1765//2231 1766//2231
f 1738//2232 1766//2232 1740//2232
f 1740//2233 1766//2233 1767//2233
f 1740//2234 1767//2234 1741//2234
f 1741//2235 1767//2235 1768//2235
f 1741//2236 1768//2236 1742//2236
f 1742//2237 1768//2237 1769//2237
f 1742//2238 1769//2238 1743//2238
f 1743//2239 1769//2239 1770//2239
f 1743//2240 1770//2240 1744//2240
f 1744//2240 1770//2240 1771//2240
f 1744//2241 1771//2241 1745//2241
f 1745//2242 1771//2242 1772//2242
f 1745//2243 1772//2243 1746//2243
f 1746//2243 1772//2243 1773//2243
f 1746//2244 1773//2244 1747//2244
f 1747//2245 1773//2245 1774//2245
f 1747//2246 1774//2246 1748//2246
f 1748//2247 1774//2247 1775//2247
f 1748//2248 1775//2248 1749//2248
f 1749//2249 1775//2249 1776//2249
f 1749//2250 1776//2250 1750//2250
f 1750//2251 1776//2251 1777//2251
f 1750//2252 1777//2252 1751//2252
f 1751//2253 1777//2253 1778//2253
f 1751//2254 1778//2254 1752//2254
f 1752//2255 1778//2255 1779//2255
f 1752//2256 1779//2256 1753//2256
f 1753//2257 1779//2257 1780//2257
f 1753//2258 1780//2258 1754//2258
f 1754//2258 1780//2258 1781//2258
f 1754//2259 1781//2259 1755//2259
f 1755//2260 1781//2260 1782//2260
f 1755//2261 1782//2261 1756//2261
f 1756//2262 1782//2262 1783//2262
f 1756//2263 1783//2263 1757//2263
f 1757//2264 1783//2264 1784//2264
f 1757//2265 1784//2265 1758//2265
f 1758//2265 1784//2265 1785//2265
f 1758//2266 1785//2266 1759//2266
f 1759//2267 1785//2267 1786//2267
f 1759//2268 1786//2268 1760//2268
f 1760//2269 1786//2269 1787//2269
f 1760//2270 1787//2270 1761//2270
f 1761//2271 1787//2271 1788//2271
f 1761//2272 1788//2272 1762//2272
f 1762//2272 1788//2272 1789//2272
f 1762//2273 1789//2273 1763//2273
f 1763//2274 1789//2274 1764//2274
f 1790//1990 1791//1990 1291//1990
f 1291//1990 1791//1990 1792//1990
f 1291//1990 1792//1990 1292//1990
f 1292//1990 1792//1990 1294//1990
f 1294//1990 1792//1990 1316//1990
f 1793//1990 1794//1990 1791//1990
f 1791//1990 1794//1990 1795//1990
f 1791//1990 1795//1990 1796//1990
f 1796//1990 1792//1990 1791//1990
f 1766//2275 1765//2275 1793//2275
f 1793//2276 1765//2276 1764//2276
f 1793//2277 1764//2277 1789//2277
f 1789//2278 1788//2278 1793//2278
f 1793//2279 1788//2279 1787//2279
f 1793//2280 1787//2280 1786//2280
f 1786//2281 1785//2281 1793//2281
f 1793//2282 1785//2282 1784//2282
f 1793//2283 1784//2283 1797//2283
f 1797//2284 1784//2284 1783//2284
f 1797//2285 1783//2285 1782//2285
f 1782//2286 1781//2286 1797//2286
f 1797//2287 1781//2287 1780//2287
f 1797//2288 1780//2288 1779//2288
f 1779//2289 1778//2289 1797//2289
f 1797//2290 1778//2290 1777//2290
f 1797//2291 1777//2291 1798//2291
f 1798//2292 1777//2292 1776//2292
f 1798//2293 1776//2293 1775//2293
f 1775//2294 1774//2294 1798//2294
f 1798//2295 1774//2295 1773//2295
f 1798//2296 1773//2296 1772//2296
f 1798//2297 1772//2297 1791//2297
f 1791//2297 1772//2297 1771//2297
f 1791//2298 1771//2298 1770//2298
f 1770//2299 1769//2299 1791//2299
f 1791//2300 1769//2300 1768//2300
f 1791//2301 1768//2301 1767//2301
f 1767//2302 1766//2302 1791//2302
f 1791//2303 1766//2303 1793//2303
f 1797//2304 1799//2304 1793//2304
f 1793//2304 1799//2304 1794//2304
f 1794//2305 1799//2305 1795//2305
f 1795//2305 1799//2305 1800//2305
f 1795//2306 1800//2306 1796//2306
f 1796//2306 1800//2306 1801//2306
f 1796//2307 1801//2307 1802//2307
f 1802//2307 1792//2307 1796//2307
f 1802//2056 1337//2056 1792//2056
f 1792//2056 1337//2056 1316//2056
f 1790//1974 1803//1974 1791//1974
f 1791//1974 1803//1974 1798//1974
f 1803//2020 1375//2020 1798//2020
f 1798//2020 1375//2020 1802//2020
f 1798//2020 1802//2020 1801//2020
f 1375//2020 1373//2020 1802//2020
f 1802//2020 1373//2020 1370//2020
f 1802//2020 1370//2020 1337//2020
f 1801//2020 1800//2020 1798//2020
f 1798//2020 1800//2020 1799//2020
f 1798//2020 1799//2020 1797//2020
f 1804//2308 1805//2308 1806//2308
f 1806//2308 1805//2308 1807//2308
f 1806//2309 1807//2309 1808//2309
f 1808//2309 1807//2309 1809//2309
f 1808//2310 1809//2310 1810//2310
f 1810//2310 1809//2310 1811//2310
f 1810//2311 1811//2311 1812//2311
f 1812//2311 1811//2311 1813//2311
f 1812//2312 1813//2312 1814//2312
f 1814//2312 1813//2312 1815//2312
f 1814//2313 1815//2313 1816//2313
f 1816//2313 1815//2313 1817//2313
f 1816//2314 1817//2314 1818//2314
f 1818//2314 1817//2314 1819//2314
f 1818//2315 1819//2315 1820//2315
f 1820//2315 1819//2315 1821//2315
f 1820//2316 1821//2316 1822//2316
f 1822//2316 1821//2316 1823//2316
f 1822//2317 1823//2317 1824//2317
f 1824//2317 1823//2317 1825//2317
f 1824//2318 1825//2318 1826//2318
f 1826//2318 1825//2318 1827//2318
f 1826//2319 1827//2319 1828//2319
f 1828//2319 1827//2319 1829//2319
f 1828//2320 1829//2320 1830//2320
f 1830//2320 1829//2320 1831//2320
f 1830//2321 1831//2321 1832//2321
f 1832//2321 1831//2321 1833//2321
f 1832//2322 1833//2322 1834//2322
f 1834//2322 1833//2322 1835//2322
f 1834//2323 1835//2323 1836//2323
f 1836//2323 1835//2323 1837//2323
f 1836//2324 1837//2324 1838//2324
f 1838//2324 1837//2324 1839//2324
f 1838//2325 1839//2325 1840//2325
f 1840//2325 1839//2325 1841//2325
f 1840//2326 1841//2326 1842//2326
f 1842//2326 1841//2326 1843//2326
f 1842//2327 1843//2327 1844//2327
f 1844//2327 1843//2327 1845//2327
f 1844//2328 1845//2328 1846//2328
f 1846//2328 1845//2328 1847//2328
f 1846//2329 1847//2329 1848//2329
f 1848//2329 1847//2329 1849//2329
f 1848//2330 1849//2330 1850//2330
f 1850//2330 1849//2330 1851//2330
f 1850//2331 1851//2331 1804//2331
f 1804//2331 1851//2331 1805//2331
f 1852//2332 1853//2332 1854//2332
f 1854//2332 1853//2332 1855//2332
f 1854//2333 1855//2333 1856//2333
f 1856//2333 1855//2333 1857//2333
f 1856//2334 1857//2334 1858//2334
f 1858//2334 1857//2334 1859//2334
f 1858//2311 1859//2311 1860//2311
f 1860//2311 1859//2311 1861//2311
f 1860//2312 1861//2312 1862//2312
f 1862//2312 1861//2312 1863//2312
f 1862//2335 1863//2335 1864//2335
f 1864//2335 1863//2335 1865//2335
f 1864//2336 1865//2336 1866//2336
f 1866//2336 1865//2336 1867//2336
f 1866//2337 1867//2337 1868//2337
f 1868//2337 1867//2337 1869//2337
f 1868//2338 1869//2338 1870//2338
f 1870//2338 1869//2338 1871//2338
f 1870//2317 1871//2317 1872//2317
f 1872//2317 1871//2317 1873//2317
f 1872//2318 1873//2318 1874//2318
f 1874//2318 1873//2318 1875//2318
f 1874//2339 1875//2339 1876//2339
f 1876//2339 1875//2339 1877//2339
f 1876//2340 1877//2340 1878//2340
f 1878//2340 1877//2340 1879//2340
f 1878//2341 1879//2341 1880//2341
f 1880//2341 1879//2341 1881//2341
f 1880//2342 1881//2342 1882//2342
f 1882//2342 1881//2342 1883//2342
f 1882//2323 1883//2323 1884//2323
f 1884//2323 1883//2323 1885//2323
f 1884//2324 1885//2324 1886//2324
f 1886//2324 1885//2324 1887//2324
f 1886//2343 1887//2343 1888//2343
f 1888//2343 1887//2343 1889//2343
f 1888//2344 1889//2344 1890//2344
f 1890//2344 1889//2344 1891//2344
f 1890//2345 1891//2345 1892//2345
f 1892//2345 1891//2345 1893//2345
f 1892//2346 1893//2346 1894//2346
f 1894//2346 1893//2346 1895//2346
f 1894//2329 1895//2329 1896//2329
f 1896//2329 1895//2329 1897//2329
f 1896//2330 1897//2330 1898//2330
f 1898//2330 1897//2330 1899//2330
f 1898//2347 1899//2347 1852//2347
f 1852//2347 1899//2347 1853//2347
f 1900//2332 1901//2332 1902//2332
f 1902//2332 1901//2332 1903//2332
f 1902//2333 1903//2333 1904//2333
f 1904//2333 1903//2333 1905//2333
f 1904//2334 1905//2334 1906//2334
f 1906//2334 1905//2334 1907//2334
f 1906//2311 1907//2311 1908//2311
f 1908//2311 1907//2311 1909//2311
f 1908//2312 1909//2312 1910//2312
f 1910//2312 1909//2312 1911//2312
f 1910//2313 1911//2313 1912//2313
f 1912//2313 1911//2313 1913//2313
f 1912//2314 1913//2314 1914//2314
f 1914//2314 1913//2314 1915//2314
f 1914//2315 1915//2315 1916//2315
f 1916//2315 1915//2315 1917//2315
f 1916//2316 1917//2316 1918//2316
f 1918//2316 1917//2316 1919//2316
f 1918//2317 1919//2317 1920//2317
f 1920//2317 1919//2317 1921//2317
f 1920//2318 1921//2318 1922//2318
f 1922//2318 1921//2318 1923//2318
f 1922//2339 1923//2339 1924//2339
f 1924//2339 1923//2339 1925//2339
f 1924//2340 1925//2340 1926//2340
f 1926//2340 1925//2340 1927//2340
f 1926//2341 1927//2341 1928//2341
f 1928//2341 1927//2341 1929//2341
f 1928//2342 1929//2342 1930//2342
f 1930//2342 1929//2342 1931//2342
f 1930//2323 1931//2323 1932//2323
f 1932//2323 1931//2323 1933//2323
f 1932//2324 1933//2324 1934//2324
f 1934//2324 1933//2324 1935//2324
f 1934//2325 1935//2325 1936//2325
f 1936//2325 1935//2325 1937//2325
f 1936//2326 1937//2326 1938//2326
f 1938//2326 1937//2326 1939//2326
f 1938//2327 1939//2327 1940//2327
f 1940//2327 1939//2327 1941//2327
f 1940//2328 1941//2328 1942//2328
f 1942//2328 1941//2328 1943//2328
f 1942//2329 1943//2329 1944//2329
f 1944//2329 1943//2329 1945//2329
f 1944//2330 1945//2330 1946//2330
f 1946//2330 1945//2330 1947//2330
f 1946//2347 1947//2347 1900//2347
f 1900//2347 1947//2347 1901//2347
f 1948//2308 1949//2308 1950//2308
f 1950//2308 1949//2308 1951//2308
f 1950//2309 1951//2309 1952//2309
f 1952//2309 1951//2309 1953//2309
f 1952//2310 1953//2310 1954//2310
f 1954//2310 1953//2310 1955//2310
f 1954//2311 1955//2311 1956//2311
f 1956//2311 1955//2311 1957//2311
f 1956//2312 1957//2312 1958//2312
f 1958//2312 1957//2312 1959//2312
f 1958//2335 1959//2335 1960//2335
f 1960//2335 1959//2335 1961//2335
f 1960//2336 1961//2336 1962//2336
f 1962//2336 1961//2336 1963//2336
f 1962//2337 1963//2337 1964//2337
f 1964//2337 1963//2337 1965//2337
f 1964//2338 1965//2338 1966//2338
f 1966//2338 1965//2338 1967//2338
f 1966//2317 1967//2317 1968//2317
f 1968//2317 1967//2317 1969//2317
f 1968//2318 1969//2318 1970//2318
f 1970//2318 1969//2318 1971//2318
f 1970//2319 1971//2319 1972//2319
f 1972//2319 1971//2319 1973//2319
f 1972//2320 1973//2320 1974//2320
f 1974//2320 1973//2320 1975//2320
f 1974//2321 1975//2321 1976//2321
f 1976//2321 1975//2321 1977//2321
f 1976//2322 1977//2322 1978//2322
f 1978//2322 1977//2322 1979//2322
f 1978//2323 1979//2323 1980//2323
f 1980//2323 1979//2323 1981//2323
f 1980//2324 1981//2324 1982//2324
f 1982//2324 1981//2324 1983//2324
f 1982//2343 1983//2343 1984//2343
f 1984//2343 1983//2343 1985//2343
f 1984//2344 1985//2344 1986//2344
f 1986//2344 1985//2344 1987//2344
f 1986//2345 1987//2345 1988//2345
f 1988//2345 1987//2345 1989//2345
f 1988//2346 1989//2346 1990//2346
f 1990//2346 1989//2346 1991//2346
f 1990//2329 1991//2329 1992//2329
f 1992//2329 1991//2329 1993//2329
f 1992//2330 1993//2330 1994//2330
f 1994//2330 1993//2330 1995//2330
f 1994//2331 1995//2331 1948//2331
f 1948//2331 1995//2331 1949//2331
f 75//1974 1488//1974 1657//1974
f 1657//1974 1488//1974 1996//1974
f 1996//2348 1488//2348 1997//2348
f 1997//2348 1488//2348 1490//2348
f 1997//2349 1490//2349 1492//2349
f 1997//2349 1492//2349 1998//2349
f 1998//2350 1492//2350 1494//2350
f 1998//2350 1494//2350 1999//2350
f 1999//2079 1494//2079 1496//2079
f 1999//2080 1496//2080 2000//2080
f 2000//2351 1496//2351 1498//2351
f 2000//2352 1498//2352 2001//2352
f 2001//1982 1498//1982 1500//1982
f 2001//1982 1500//1982 2002//1982
f 2002//2353 1500//2353 1502//2353
f 2002//2354 1502//2354 2003//2354
f 2003//2355 1502//2355 1504//2355
f 2003//2355 1504//2355 2004//2355
f 2004//1994 1504//1994 1506//1994
f 2004//1995 1506//1995 2005//1995
f 2005//2356 1506//2356 1508//2356
f 2005//2356 1508//2356 2006//2356
f 2006//2070 1508//2070 2007//2070
f 2007//2070 1508//2070 1473//2070
f 1473//1990 1416//1990 2007//1990
f 2007//1990 1416//1990 2008//1990
f 2008//2357 1416//2357 2009//2357
f 2009//2357 1416//2357 1418//2357
f 2009//2358 1418//2358 2010//2358
f 2010//2358 1418//2358 1420//2358
f 2010//2359 1420//2359 2011//2359
f 2011//2359 1420//2359 1422//2359
f 2011//2360 1422//2360 2012//2360
f 2012//2360 1422//2360 1424//2360
f 2012//2361 1424//2361 2013//2361
f 2013//2361 1424//2361 1426//2361
f 2013//2362 1426//2362 2014//2362
f 2014//2362 1426//2362 1428//2362
f 2014//2363 1428//2363 2015//2363
f 2015//2363 1428//2363 1430//2363
f 2015//2364 1430//2364 2016//2364
f 2016//2364 1430//2364 1305//2364
f 1305//2056 1236//2056 2016//2056
f 2016//2056 1236//2056 2017//2056
f 2017//2365 1236//2365 2018//2365
f 2018//2365 1236//2365 1238//2365
f 2018//2366 1238//2366 2019//2366
f 2019//2366 1238//2366 1240//2366
f 2019//2367 1240//2367 2020//2367
f 2020//2367 1240//2367 1242//2367
f 2020//2368 1242//2368 2021//2368
f 2021//2368 1242//2368 1244//2368
f 2021//2369 1244//2369 2022//2369
f 2022//2369 1244//2369 1246//2369
f 2022//2370 1246//2370 2023//2370
f 2023//2370 1246//2370 1248//2370
f 2023//2371 1248//2371 2024//2371
f 2024//2371 1248//2371 1250//2371
f 2024//2372 1250//2372 2025//2372
f 2025//2372 1250//2372 1221//2372
f 1221//2020 1148//2020 2025//2020
f 2025//2020 1148//2020 2026//2020
f 2026//2373 1148//2373 2027//2373
f 2027//2373 1148//2373 1150//2373
f 2027//2374 1150//2374 1152//2374
f 2027//2374 1152//2374 2028//2374
f 2028//2015 1152//2015 1154//2015
f 2028//2016 1154//2016 2029//2016
f 2029//2375 1154//2375 1156//2375
f 2029//2375 1156//2375 2030//2375
f 2030//2376 1156//2376 1158//2376
f 2030//2377 1158//2377 2031//2377
f 2031//2026 1158//2026 1160//2026
f 2031//2026 1160//2026 2032//2026
f 2032//2378 1160//2378 1162//2378
f 2032//2379 1162//2379 2033//2379
f 2033//2380 1162//2380 1164//2380
f 2033//2381 1164//2381 2034//2381
f 2034//2382 1164//2382 1166//2382
f 2034//2382 1166//2382 2035//2382
f 2035//2383 1166//2383 1168//2383
f 2035//2383 1168//2383 2036//2383
f 2036//2384 1168//2384 2037//2384
f 2037//2384 1168//2384 1136//2384
f 1136//1974 1059//1974 2037//1974
f 2037//1974 1059//1974 2038//1974
f 2038//2385 1059//2385 2039//2385
f 2039//2385 1059//2385 1061//2385
f 2039//2386 1061//2386 1063//2386
f 2039//2387 1063//2387 2040//2387
f 2040//2030 1063//2030 1065//2030
f 2040//2031 1065//2031 2041//2031
f 2041//2380 1065//2380 1067//2380
f 2041//2381 1067//2381 2042//2381
f 2042//2388 1067//2388 1069//2388
f 2042//2388 1069//2388 2043//2388
f 2043//2389 1069//2389 1071//2389
f 2043//2389 1071//2389 2044//2389
f 2044//2390 1071//2390 1073//2390
f 2044//2390 1073//2390 2045//2390
f 2045//2391 1073//2391 1075//2391
f 2045//2392 1075//2392 2046//2392
f 2046//2393 1075//2393 1077//2393
f 2046//2393 1077//2393 2047//2393
f 2047//2394 1077//2394 1079//2394
f 2047//2395 1079//2395 2048//2395
f 2048//2373 1079//2373 2049//2373
f 2049//2373 1079//2373 1009//2373
f 1009//2020 930//2020 2049//2020
f 2049//2020 930//2020 2050//2020
f 2050//2396 930//2396 2051//2396
f 2051//2396 930//2396 932//2396
f 2051//2397 932//2397 934//2397
f 2051//2398 934//2398 2052//2398
f 2052//2399 934//2399 936//2399
f 2052//2399 936//2399 2053//2399
f 2053//2400 936//2400 938//2400
f 2053//2401 938//2401 2054//2401
f 2054//2402 938//2402 940//2402
f 2054//2402 940//2402 2055//2402
f 2055//2403 940//2403 942//2403
f 2055//2403 942//2403 2056//2403
f 2056//2404 942//2404 944//2404
f 2056//2404 944//2404 2057//2404
f 2057//2405 944//2405 946//2405
f 2057//2406 946//2406 2058//2406
f 2058//2407 946//2407 948//2407
f 2058//2408 948//2408 2059//2408
f 2059//2409 948//2409 950//2409
f 2059//2410 950//2410 2060//2410
f 2060//2411 950//2411 2061//2411
f 2061//2411 950//2411 918//2411
f 918//2056 847//2056 2061//2056
f 2061//2056 847//2056 2062//2056
f 2062//2412 847//2412 2063//2412
f 2063//2412 847//2412 849//2412
f 2063//2413 849//2413 851//2413
f 2063//2413 851//2413 2064//2413
f 2064//2414 851//2414 853//2414
f 2064//2414 853//2414 2065//2414
f 2065//2405 853//2405 855//2405
f 2065//2406 855//2406 2066//2406
f 2066//2415 855//2415 857//2415
f 2066//2416 857//2416 2067//2416
f 2067//2417 857//2417 859//2417
f 2067//2417 859//2417 2068//2417
f 2068//2418 859//2418 861//2418
f 2068//2419 861//2419 2069//2419
f 2069//2420 861//2420 863//2420
f 2069//2420 863//2420 2070//2420
f 2070//2421 863//2421 865//2421
f 2070//2422 865//2422 2071//2422
f 2071//2423 865//2423 867//2423
f 2071//2423 867//2423 2072//2423
f 2072//2396 867//2396 2073//2396
f 2073//2396 867//2396 832//2396
f 832//2020 775//2020 2073//2020
f 2073//2020 775//2020 2074//2020
f 2074//2424 775//2424 2075//2424
f 2075//2424 775//2424 777//2424
f 2075//2425 777//2425 2076//2425
f 2076//2425 777//2425 779//2425
f 2076//2426 779//2426 2077//2426
f 2077//2426 779//2426 781//2426
f 2077//2427 781//2427 2078//2427
f 2078//2427 781//2427 783//2427
f 2078//2428 783//2428 2079//2428
f 2079//2428 783//2428 785//2428
f 2079//2429 785//2429 2080//2429
f 2080//2429 785//2429 787//2429
f 2080//2430 787//2430 2081//2430
f 2081//2430 787//2430 789//2430
f 2081//2431 789//2431 1564//2431
f 1564//2431 789//2431 760//2431
f 1375//2432 1814//2432 1268//2432
f 1268//2432 1814//2432 1816//2432
f 1268//2432 1816//2432 1818//2432
f 1803//2432 1038//2432 1375//2432
f 1375//2432 1038//2432 1085//2432
f 1375//2432 1085//2432 1135//2432
f 1790//2432 577//2432 1803//2432
f 1803//2432 577//2432 624//2432
f 1803//2432 624//2432 674//2432
f 1291//2432 23//2432 1790//2432
f 1790//2432 23//2432 116//2432
f 1790//2432 116//2432 163//2432
f 1293//2432 1918//2432 1291//2432
f 1291//2432 1918//2432 1920//2432
f 1291//2432 1920//2432 1922//2432
f 1436//2432 1910//2432 1293//2432
f 1293//2432 1910//2432 1912//2432
f 1293//2432 1912//2432 1914//2432
f 1436//2432 1438//2432 1910//2432
f 1910//2432 1438//2432 1908//2432
f 1908//2432 1438//2432 1440//2432
f 1908//2432 1440//2432 1442//2432
f 1442//2432 1444//2432 1908//2432
f 1908//2432 1444//2432 1906//2432
f 1906//2432 1444//2432 1446//2432
f 1906//2432 1446//2432 1448//2432
f 1480//2432 1946//2432 1448//2432
f 1448//2432 1946//2432 1900//2432
f 1448//2432 1900//2432 1902//2432
f 1522//2432 1936//2432 1480//2432
f 1480//2432 1936//2432 1938//2432
f 1480//2432 1938//2432 1940//2432
f 1522//2432 1558//2432 1936//2432
f 1936//2432 1558//2432 1557//2432
f 1936//2432 1557//2432 1556//2432
f 1556//2432 1555//2432 1936//2432
f 1936//2432 1555//2432 1554//2432
f 1936//2432 1554//2432 1553//2432
f 1553//2432 1552//2432 1936//2432
f 1936//2432 1552//2432 1551//2432
f 1936//2432 1551//2432 1550//2432
f 1936//2432 1550//2432 1934//2432
f 1934//2432 1550//2432 1//2432
f 1934//2432 1//2432 1932//2432
f 1932//2432 1//2432 3//2432
f 1932//2432 3//2432 1930//2432
f 1930//2432 3//2432 5//2432
f 1930//2432 5//2432 1291//2432
f 1291//2432 5//2432 7//2432
f 1291//2432 7//2432 9//2432
f 9//2432 11//2432 1291//2432
f 1291//2432 11//2432 13//2432
f 1291//2432 13//2432 15//2432
f 15//2432 17//2432 1291//2432
f 1291//2432 17//2432 19//2432
f 1291//2432 19//2432 21//2432
f 21//2432 23//2432 1291//2432
f 163//2432 213//2432 1790//2432
f 1790//2432 213//2432 212//2432
f 1790//2432 212//2432 211//2432
f 211//2432 210//2432 1790//2432
f 1790//2432 210//2432 209//2432
f 1790//2432 209//2432 542//2432
f 542//2432 209//2432 208//2432
f 542//2432 208//2432 543//2432
f 543//2432 208//2432 207//2432
f 543//2432 207//2432 544//2432
f 544//2432 207//2432 206//2432
f 544//2432 206//2432 545//2432
f 545//2432 206//2432 205//2432
f 545//2432 205//2432 495//2432
f 495//2432 205//2432 204//2432
f 495//2432 204//2432 468//2432
f 468//2432 204//2432 1872//2432
f 468//2432 1872//2432 1874//2432
f 1872//2432 204//2432 1870//2432
f 1870//2432 204//2432 225//2432
f 1870//2432 225//2432 1868//2432
f 1868//2432 225//2432 288//2432
f 1868//2432 288//2432 1866//2432
f 1866//2432 288//2432 1864//2432
f 1864//2432 288//2432 1862//2432
f 1862//2432 288//2432 1860//2432
f 1860//2432 288//2432 1858//2432
f 1858//2432 288//2432 306//2432
f 1858//2432 306//2432 1856//2432
f 1856//2432 306//2432 1854//2432
f 1854//2432 306//2432 1852//2432
f 1852//2432 306//2432 1898//2432
f 1898//2432 306//2432 334//2432
f 1898//2432 334//2432 336//2432
f 260//2432 296//2432 225//2432
f 225//2432 296//2432 295//2432
f 225//2432 295//2432 294//2432
f 294//2432 293//2432 225//2432
f 225//2432 293//2432 292//2432
f 225//2432 292//2432 291//2432
f 291//2432 290//2432 225//2432
f 225//2432 290//2432 289//2432
f 225//2432 289//2432 288//2432
f 1898//2432 336//2432 1896//2432
f 1896//2432 336//2432 338//2432
f 1896//2432 338//2432 340//2432
f 340//2432 342//2432 1896//2432
f 1896//2432 342//2432 1894//2432
f 1894//2432 342//2432 344//2432
f 1894//2432 344//2432 346//2432
f 378//2432 1886//2432 346//2432
f 346//2432 1886//2432 1888//2432
f 346//2432 1888//2432 1890//2432
f 420//2432 1876//2432 378//2432
f 378//2432 1876//2432 1878//2432
f 378//2432 1878//2432 1880//2432
f 420//2432 456//2432 1876//2432
f 1876//2432 456//2432 455//2432
f 1876//2432 455//2432 454//2432
f 454//2432 453//2432 1876//2432
f 1876//2432 453//2432 452//2432
f 1876//2432 452//2432 451//2432
f 451//2432 450//2432 1876//2432
f 1876//2432 450//2432 449//2432
f 1876//2432 449//2432 448//2432
f 1876//2432 448//2432 1874//2432
f 1874//2432 448//2432 468//2432
f 542//2432 541//2432 1790//2432
f 1790//2432 541//2432 540//2432
f 1790//2432 540//2432 539//2432
f 539//2432 538//2432 1790//2432
f 1790//2432 538//2432 537//2432
f 1790//2432 537//2432 536//2432
f 536//2432 577//2432 1790//2432
f 674//2432 673//2432 1803//2432
f 1803//2432 673//2432 672//2432
f 1803//2432 672//2432 671//2432
f 671//2432 670//2432 1803//2432
f 1803//2432 670//2432 1003//2432
f 1803//2432 1003//2432 1002//2432
f 1003//2432 670//2432 1004//2432
f 1004//2432 670//2432 669//2432
f 1004//2432 669//2432 1005//2432
f 1005//2432 669//2432 668//2432
f 1005//2432 668//2432 1006//2432
f 1006//2432 668//2432 667//2432
f 1006//2432 667//2432 956//2432
f 956//2432 667//2432 666//2432
f 956//2432 666//2432 929//2432
f 929//2432 666//2432 665//2432
f 929//2432 665//2432 1956//2432
f 1956//2432 665//2432 1954//2432
f 1954//2432 665//2432 686//2432
f 1954//2432 686//2432 1952//2432
f 1952//2432 686//2432 721//2432
f 1952//2432 721//2432 757//2432
f 757//2432 756//2432 1952//2432
f 1952//2432 756//2432 755//2432
f 1952//2432 755//2432 754//2432
f 754//2432 753//2432 1952//2432
f 1952//2432 753//2432 752//2432
f 1952//2432 752//2432 751//2432
f 751//2432 750//2432 1952//2432
f 1952//2432 750//2432 749//2432
f 1952//2432 749//2432 1950//2432
f 1950//2432 749//2432 1948//2432
f 1948//2432 749//2432 1994//2432
f 1994//2432 749//2432 1992//2432
f 1992//2432 749//2432 1990//2432
f 1990//2432 749//2432 767//2432
f 1990//2432 767//2432 1988//2432
f 1988//2432 767//2432 1986//2432
f 1986//2432 767//2432 1984//2432
f 1984//2432 767//2432 1982//2432
f 1982//2432 767//2432 795//2432
f 1982//2432 795//2432 797//2432
f 1982//2432 797//2432 1980//2432
f 1980//2432 797//2432 799//2432
f 1980//2432 799//2432 801//2432
f 801//2432 803//2432 1980//2432
f 1980//2432 803//2432 1978//2432
f 1978//2432 803//2432 805//2432
f 1978//2432 805//2432 807//2432
f 839//2432 1970//2432 807//2432
f 807//2432 1970//2432 1972//2432
f 807//2432 1972//2432 1974//2432
f 881//2432 912//2432 839//2432
f 839//2432 912//2432 911//2432
f 839//2432 911//2432 910//2432
f 881//2432 917//2432 912//2432
f 912//2432 917//2432 916//2432
f 912//2432 916//2432 915//2432
f 915//2432 914//2432 912//2432
f 912//2432 914//2432 913//2432
f 910//2432 909//2432 839//2432
f 839//2432 909//2432 1960//2432
f 839//2432 1960//2432 1962//2432
f 1960//2432 909//2432 1958//2432
f 1958//2432 909//2432 929//2432
f 1958//2432 929//2432 1956//2432
f 1002//2432 1001//2432 1803//2432
f 1803//2432 1001//2432 1000//2432
f 1803//2432 1000//2432 999//2432
f 999//2432 998//2432 1803//2432
f 1803//2432 998//2432 997//2432
f 1803//2432 997//2432 1038//2432
f 1135//2432 1134//2432 1375//2432
f 1375//2432 1134//2432 1133//2432
f 1375//2432 1133//2432 1132//2432
f 1132//2432 1131//2432 1375//2432
f 1375//2432 1131//2432 1130//2432
f 1375//2432 1130//2432 1129//2432
f 1129//2432 1128//2432 1375//2432
f 1375//2432 1128//2432 1850//2432
f 1375//2432 1850//2432 1804//2432
f 1128//2432 1127//2432 1850//2432
f 1850//2432 1127//2432 1848//2432
f 1848//2432 1127//2432 1126//2432
f 1848//2432 1126//2432 1846//2432
f 1846//2432 1126//2432 1147//2432
f 1846//2432 1147//2432 1844//2432
f 1844//2432 1147//2432 1182//2432
f 1844//2432 1182//2432 1218//2432
f 1218//2432 1217//2432 1844//2432
f 1844//2432 1217//2432 1216//2432
f 1844//2432 1216//2432 1215//2432
f 1215//2432 1214//2432 1844//2432
f 1844//2432 1214//2432 1213//2432
f 1844//2432 1213//2432 1212//2432
f 1212//2432 1211//2432 1844//2432
f 1844//2432 1211//2432 1210//2432
f 1844//2432 1210//2432 1842//2432
f 1842//2432 1210//2432 1840//2432
f 1840//2432 1210//2432 1838//2432
f 1838//2432 1210//2432 1836//2432
f 1836//2432 1210//2432 1834//2432
f 1834//2432 1210//2432 1228//2432
f 1834//2432 1228//2432 1832//2432
f 1832//2432 1228//2432 1830//2432
f 1830//2432 1228//2432 1828//2432
f 1828//2432 1228//2432 1826//2432
f 1826//2432 1228//2432 1256//2432
f 1826//2432 1256//2432 1258//2432
f 1826//2432 1258//2432 1824//2432
f 1824//2432 1258//2432 1260//2432
f 1824//2432 1260//2432 1262//2432
f 1262//2432 1264//2432 1824//2432
f 1824//2432 1264//2432 1822//2432
f 1822//2432 1264//2432 1266//2432
f 1822//2432 1266//2432 1268//2432
f 1962//2432 1964//2432 839//2432
f 839//2432 1964//2432 1966//2432
f 839//2432 1966//2432 1968//2432
f 1968//2432 1970//2432 839//2432
f 1974//2432 1976//2432 807//2432
f 807//2432 1976//2432 1978//2432
f 1902//2432 1904//2432 1448//2432
f 1448//2432 1904//2432 1906//2432
f 1914//2432 1916//2432 1293//2432
f 1293//2432 1916//2432 1918//2432
f 1922//2432 1924//2432 1291//2432
f 1291//2432 1924//2432 1926//2432
f 1291//2432 1926//2432 1928//2432
f 1928//2432 1930//2432 1291//2432
f 1940//2432 1942//2432 1480//2432
f 1480//2432 1942//2432 1944//2432
f 1480//2432 1944//2432 1946//2432
f 1880//2432 1882//2432 378//2432
f 378//2432 1882//2432 1884//2432
f 378//2432 1884//2432 1886//2432
f 1890//2432 1892//2432 346//2432
f 346//2432 1892//2432 1894//2432
f 1804//2432 1806//2432 1375//2432
f 1375//2432 1806//2432 1808//2432
f 1375//2432 1808//2432 1810//2432
f 1810//2432 1812//2432 1375//2432
f 1375//2432 1812//2432 1814//2432
f 1818//2432 1820//2432 1268//2432
f 1268//2432 1820//2432 1822//2432
f 1658//2433 2016//2433 1659//2433
f 1659//2433 2016//2433 2017//2433
f 1659//2433 2017//2433 1661//2433
f 1661//2433 2017//2433 1813//2433
f 1661//2433 1813//2433 1811//2433
f 1736//2433 1923//2433 1658//2433
f 1658//2433 1923//2433 1921//2433
f 1658//2433 1921//2433 2016//2433
f 2016//2433 1921//2433 1919//2433
f 2016//2433 1919//2433 1917//2433
f 1736//2433 1734//2433 1923//2433
f 1923//2433 1734//2433 1925//2433
f 1925//2433 1734//2433 1732//2433
f 1925//2433 1732//2433 1927//2433
f 1927//2433 1732//2433 1730//2433
f 1927//2433 1730//2433 1653//2433
f 1653//2433 1730//2433 1652//2433
f 1652//2433 1730//2433 1728//2433
f 1652//2433 1728//2433 1651//2433
f 1651//2433 1728//2433 1726//2433
f 1651//2433 1726//2433 1650//2433
f 1650//2433 1726//2433 1724//2433
f 1650//2433 1724//2433 1649//2433
f 1649//2433 1724//2433 1722//2433
f 1649//2433 1722//2433 1648//2433
f 1648//2433 1722//2433 1720//2433
f 1648//2433 1720//2433 1647//2433
f 1647//2433 1720//2433 1718//2433
f 1647//2433 1718//2433 1646//2433
f 1646//2433 1718//2433 1716//2433
f 1646//2433 1716//2433 1714//2433
f 1714//2433 1712//2433 1646//2433
f 1646//2433 1712//2433 1710//2433
f 1646//2433 1710//2433 1708//2433
f 1646//2433 1708//2433 1645//2433
f 1645//2433 1708//2433 1706//2433
f 1645//2433 1706//2433 1704//2433
f 1704//2433 1702//2433 1645//2433
f 1645//2433 1702//2433 1589//2433
f 1645//2433 1589//2433 1644//2433
f 1644//2433 1589//2433 1590//2433
f 1644//2433 1590//2433 1643//2433
f 1643//2433 1590//2433 1591//2433
f 1643//2433 1591//2433 1642//2433
f 1642//2433 1591//2433 1592//2433
f 1642//2433 1592//2433 1641//2433
f 1641//2433 1592//2433 1593//2433
f 1641//2433 1593//2433 1640//2433
f 1640//2433 1593//2433 1594//2433
f 1640//2433 1594//2433 1639//2433
f 1639//2433 1594//2433 1595//2433
f 1639//2433 1595//2433 1638//2433
f 1638//2433 1595//2433 1596//2433
f 1638//2433 1596//2433 1637//2433
f 1637//2433 1596//2433 1597//2433
f 1637//2433 1597//2433 1636//2433
f 1636//2433 1597//2433 1598//2433
f 1636//2433 1598//2433 1635//2433
f 1635//2433 1598//2433 1599//2433
f 1635//2433 1599//2433 1634//2433
f 1634//2433 1599//2433 1600//2433
f 1634//2433 1600//2433 1873//2433
f 1873//2433 1600//2433 1875//2433
f 1875//2433 1600//2433 1601//2433
f 1875//2433 1601//2433 1877//2433
f 1877//2433 1601//2433 1602//2433
f 1877//2433 1602//2433 1603//2433
f 1702//2433 1699//2433 1589//2433
f 1589//2433 1699//2433 1588//2433
f 1588//2433 1699//2433 1697//2433
f 1588//2433 1697//2433 2050//2433
f 2050//2433 1697//2433 1695//2433
f 2050//2433 1695//2433 1693//2433
f 1693//2433 1691//2433 2050//2433
f 2050//2433 1691//2433 2049//2433
f 2049//2433 1691//2433 1689//2433
f 2049//2433 1689//2433 1687//2433
f 1687//2433 1685//2433 2049//2433
f 2049//2433 1685//2433 1683//2433
f 2049//2433 1683//2433 1681//2433
f 2049//2433 1681//2433 2048//2433
f 2048//2433 1681//2433 1679//2433
f 2048//2433 1679//2433 2047//2433
f 2047//2433 1679//2433 1677//2433
f 2047//2433 1677//2433 2046//2433
f 2046//2433 1677//2433 1675//2433
f 2046//2433 1675//2433 2045//2433
f 2045//2433 1675//2433 1673//2433
f 2045//2433 1673//2433 2044//2433
f 2044//2433 1673//2433 1671//2433
f 2044//2433 1671//2433 2043//2433
f 2043//2433 1671//2433 1669//2433
f 2043//2433 1669//2433 2042//2433
f 2042//2433 1669//2433 1807//2433
f 2042//2433 1807//2433 1805//2433
f 1669//2433 1667//2433 1807//2433
f 1807//2433 1667//2433 1809//2433
f 1809//2433 1667//2433 1665//2433
f 1809//2433 1665//2433 1811//2433
f 1811//2433 1665//2433 1663//2433
f 1811//2433 1663//2433 1661//2433
f 1953//2433 1951//2433 1565//2433
f 1565//2433 1951//2433 1949//2433
f 1565//2433 1949//2433 1995//2433
f 1995//2433 1993//2433 1565//2433
f 1565//2433 1993//2433 1991//2433
f 1565//2433 1991//2433 1564//2433
f 1564//2433 1991//2433 1989//2433
f 1564//2433 1989//2433 1987//2433
f 1987//2433 1985//2433 1564//2433
f 1564//2433 1985//2433 1983//2433
f 1564//2433 1983//2433 2081//2433
f 2081//2433 1983//2433 2080//2433
f 2080//2433 1983//2433 1981//2433
f 2080//2433 1981//2433 2079//2433
f 2079//2433 1981//2433 2078//2433
f 2078//2433 1981//2433 2077//2433
f 2077//2433 1981//2433 2076//2433
f 2076//2433 1981//2433 1979//2433
f 2076//2433 1979//2433 2075//2433
f 2075//2433 1979//2433 2074//2433
f 2074//2433 1979//2433 1977//2433
f 2074//2433 1977//2433 1975//2433
f 1975//2433 1973//2433 2074//2433
f 2074//2433 1973//2433 1971//2433
f 2074//2433 1971//2433 2073//2433
f 2073//2433 1971//2433 1969//2433
f 2073//2433 1969//2433 1967//2433
f 1967//2433 1965//2433 2073//2433
f 2073//2433 1965//2433 1963//2433
f 2073//2433 1963//2433 1961//2433
f 2073//2433 1961//2433 2062//2433
f 2062//2433 1961//2433 1959//2433
f 2062//2433 1959//2433 2061//2433
f 2061//2433 1959//2433 1957//2433
f 2061//2433 1957//2433 1577//2433
f 1577//2433 1957//2433 1955//2433
f 1577//2433 1955//2433 1576//2433
f 1576//2433 1955//2433 1953//2433
f 1576//2433 1953//2433 1575//2433
f 1575//2433 1953//2433 1574//2433
f 1574//2433 1953//2433 1573//2433
f 1573//2433 1953//2433 1572//2433
f 1572//2433 1953//2433 1571//2433
f 1571//2433 1953//2433 1570//2433
f 1570//2433 1953//2433 1569//2433
f 1569//2433 1953//2433 1568//2433
f 1568//2433 1953//2433 1567//2433
f 1567//2433 1953//2433 1566//2433
f 1566//2433 1953//2433 1565//2433
f 1905//2433 1903//2433 2008//2433
f 2008//2433 1903//2433 1901//2433
f 2008//2433 1901//2433 1947//2433
f 2008//2433 1947//2433 2007//2433
f 2007//2433 1947//2433 1945//2433
f 2007//2433 1945//2433 1943//2433
f 1943//2433 1941//2433 2007//2433
f 2007//2433 1941//2433 1939//2433
f 2007//2433 1939//2433 1937//2433
f 1935//2433 1996//2433 1937//2433
f 1937//2433 1996//2433 1997//2433
f 1937//2433 1997//2433 1998//2433
f 1996//2433 1935//2433 1657//2433
f 1657//2433 1935//2433 1933//2433
f 1657//2433 1933//2433 1656//2433
f 1656//2433 1933//2433 1931//2433
f 1656//2433 1931//2433 1655//2433
f 1655//2433 1931//2433 1929//2433
f 1655//2433 1929//2433 1654//2433
f 1654//2433 1929//2433 1653//2433
f 1653//2433 1929//2433 1927//2433
f 1917//2433 1915//2433 2016//2433
f 2016//2433 1915//2433 1913//2433
f 2016//2433 1913//2433 1911//2433
f 1909//2433 2014//2433 1911//2433
f 1911//2433 2014//2433 2015//2433
f 1911//2433 2015//2433 2016//2433
f 1907//2433 2010//2433 1909//2433
f 1909//2433 2010//2433 2011//2433
f 1909//2433 2011//2433 2012//2433
f 1905//2433 2008//2433 1907//2433
f 1907//2433 2008//2433 2009//2433
f 1907//2433 2009//2433 2010//2433
f 1857//2433 1855//2433 1621//2433
f 1621//2433 1855//2433 1853//2433
f 1621//2433 1853//2433 1899//2433
f 1897//2433 1619//2433 1899//2433
f 1899//2433 1619//2433 1620//2433
f 1899//2433 1620//2433 1621//2433
f 1895//2433 1615//2433 1897//2433
f 1897//2433 1615//2433 1616//2433
f 1897//2433 1616//2433 1617//2433
f 1893//2433 1613//2433 1895//2433
f 1895//2433 1613//2433 1614//2433
f 1895//2433 1614//2433 1615//2433
f 1893//2433 1891//2433 1613//2433
f 1613//2433 1891//2433 1889//2433
f 1613//2433 1889//2433 1887//2433
f 1613//2433 1887//2433 1612//2433
f 1612//2433 1887//2433 1885//2433
f 1612//2433 1885//2433 1883//2433
f 1883//2433 1881//2433 1612//2433
f 1612//2433 1881//2433 1879//2433
f 1612//2433 1879//2433 1877//2433
f 1873//2433 1871//2433 1634//2433
f 1634//2433 1871//2433 1633//2433
f 1633//2433 1871//2433 1869//2433
f 1633//2433 1869//2433 1622//2433
f 1622//2433 1869//2433 1867//2433
f 1622//2433 1867//2433 1865//2433
f 1865//2433 1863//2433 1622//2433
f 1622//2433 1863//2433 1861//2433
f 1622//2433 1861//2433 1859//2433
f 1622//2433 1859//2433 1621//2433
f 1621//2433 1859//2433 1857//2433
f 1851//2433 2040//2433 1805//2433
f 1805//2433 2040//2433 2041//2433
f 1805//2433 2041//2433 2042//2433
f 2040//2433 1851//2433 2039//2433
f 2039//2433 1851//2433 1849//2433
f 2039//2433 1849//2433 2038//2433
f 2038//2433 1849//2433 1847//2433
f 2038//2433 1847//2433 2037//2433
f 2037//2433 1847//2433 1845//2433
f 2037//2433 1845//2433 2026//2433
f 2026//2433 1845//2433 1843//2433
f 2026//2433 1843//2433 1841//2433
f 1841//2433 1839//2433 2026//2433
f 2026//2433 1839//2433 1837//2433
f 2026//2433 1837//2433 1835//2433
f 2026//2433 1835//2433 2025//2433
f 2025//2433 1835//2433 1833//2433
f 2025//2433 1833//2433 1831//2433
f 1831//2433 1829//2433 2025//2433
f 2025//2433 1829//2433 1827//2433
f 2025//2433 1827//2433 2024//2433
f 2024//2433 1827//2433 2023//2433
f 2023//2433 1827//2433 1825//2433
f 2023//2433 1825//2433 2022//2433
f 2022//2433 1825//2433 2021//2433
f 2021//2433 1825//2433 2020//2433
f 2020//2433 1825//2433 2019//2433
f 2019//2433 1825//2433 1823//2433
f 2019//2433 1823//2433 2018//2433
f 2018//2433 1823//2433 2017//2433
f 2017//2433 1823//2433 1821//2433
f 2017//2433 1821//2433 1819//2433
f 1819//2433 1817//2433 2017//2433
f 2017//2433 1817//2433 1815//2433
f 2017//2433 1815//2433 1813//2433
f 1623//2433 1628//2433 1622//2433
f 1622//2433 1628//2433 1629//2433
f 1622//2433 1629//2433 1630//2433
f 1623//2433 1624//2433 1628//2433
f 1628//2433 1624//2433 1625//2433
f 1628//2433 1625//2433 1626//2433
f 1626//2433 1627//2433 1628//2433
f 1630//2433 1631//2433 1622//2433
f 1622//2433 1631//2433 1632//2433
f 1622//2433 1632//2433 1633//2433
f 1998//2433 1999//2433 1937//2433
f 1937//2433 1999//2433 2000//2433
f 1937//2433 2000//2433 2001//2433
f 2001//2433 2002//2433 1937//2433
f 1937//2433 2002//2433 2003//2433
f 1937//2433 2003//2433 2004//2433
f 2004//2433 2005//2433 1937//2433
f 1937//2433 2005//2433 2006//2433
f 1937//2433 2006//2433 2007//2433
f 2012//2433 2013//2433 1909//2433
f 1909//2433 2013//2433 2014//2433
f 2026//2433 2027//2433 2037//2433
f 2037//2433 2027//2433 2028//2433
f 2037//2433 2028//2433 2029//2433
f 2030//2433 2031//2433 2029//2433
f 2029//2433 2031//2433 2032//2433
f 2029//2433 2032//2433 2033//2433
f 2033//2433 2034//2433 2029//2433
f 2029//2433 2034//2433 2035//2433
f 2029//2433 2035//2433 2036//2433
f 2036//2433 2037//2433 2029//2433
f 2050//2433 2051//2433 1588//2433
f 1588//2433 2051//2433 1587//2433
f 1587//2433 2051//2433 2052//2433
f 1587//2433 2052//2433 1586//2433
f 1586//2433 2052//2433 2053//2433
f 1586//2433 2053//2433 1585//2433
f 1585//2433 2053//2433 2054//2433
f 1585//2433 2054//2433 1584//2433
f 1584//2433 2054//2433 2055//2433
f 1584//2433 2055//2433 1583//2433
f 1583//2433 2055//2433 2056//2433
f 1583//2433 2056//2433 1582//2433
f 1582//2433 2056//2433 2057//2433
f 1582//2433 2057//2433 1581//2433
f 1581//2433 2057//2433 2058//2433
f 1581//2433 2058//2433 1580//2433
f 1580//2433 2058//2433 2059//2433
f 1580//2433 2059//2433 1579//2433
f 1579//2433 2059//2433 2060//2433
f 1579//2433 2060//2433 1578//2433
f 1578//2433 2060//2433 2061//2433
f 1578//2433 2061//2433 1577//2433
f 2063//2433 2064//2433 2062//2433
f 2062//2433 2064//2433 2065//2433
f 2062//2433 2065//2433 2066//2433
f 2066//2433 2067//2433 2062//2433
f 2062//2433 2067//2433 2068//2433
f 2062//2433 2068//2433 2069//2433
f 2069//2433 2070//2433 2062//2433
f 2062//2433 2070//2433 2071//2433
f 2062//2433 2071//2433 2072//2433
f 2072//2433 2073//2433 2062//2433
f 1603//2433 1604//2433 1877//2433
f 1877//2433 1604//2433 1605//2433
f 1877//2433 1605//2433 1606//2433
f 1606//2433 1607//2433 1877//2433
f 1877//2433 1607//2433 1608//2433
f 1877//2433 1608//2433 1609//2433
f 1609//2433 1610//2433 1877//2433
f 1877//2433 1610//2433 1611//2433
f 1877//2433 1611//2433 1612//2433
f 1617//2433 1618//2433 1897//2433
f 1897//2433 1618//2433 1619//2433
# Vertices: 2081, normals: 2433, texture coordinates: 0, faces: 4178

