# Converti depuis Back_X_Link.STL
# 3949 sommets, 8044 faces
o Back_X_Link
v -0.044950 0.105000 -0.058313
v -0.045878 0.105000 -0.057840
v -0.045252 0.112551 -0.057840
v -0.044921 0.126638 -0.049750
v -0.043543 0.128564 -0.052840
v -0.047291 0.121235 -0.049750
v -0.046828 0.121076 -0.052840
v -0.048594 0.116088 -0.049750
v -0.048835 0.113149 -0.052840
v -0.049318 0.113230 -0.049750
v -0.049511 0.105000 -0.052840
v -0.050000 0.105000 -0.049750
v -0.043974 0.128797 -0.049750
v -0.039457 0.135711 -0.049750
v -0.039071 0.135410 -0.052840
v -0.039058 0.136144 -0.049750
v -0.033533 0.141426 -0.052840
v -0.033864 0.141786 -0.049750
v -0.031072 0.143960 -0.049750
v -0.027080 0.146449 -0.052840
v -0.027347 0.146858 -0.049750
v -0.021639 0.149947 -0.049750
v -0.019888 0.150340 -0.052840
v -0.020085 0.150789 -0.049750
v -0.012274 0.153470 -0.049750
v -0.012154 0.152996 -0.052840
v -0.011112 0.153664 -0.049750
v -0.004089 0.154342 -0.052840
v -0.004129 0.154829 -0.049750
v 0.000000 0.154829 -0.049750
v 0.004089 0.154342 -0.052840
v 0.004129 0.154829 -0.049750
v 0.011112 0.153664 -0.049750
v 0.012154 0.152996 -0.052840
v 0.012274 0.153470 -0.049750
v 0.020085 0.150789 -0.049750
v 0.019888 0.150340 -0.052840
v 0.021639 0.149947 -0.049750
v 0.027080 0.146449 -0.052840
v 0.027347 0.146858 -0.049750
v 0.033533 0.141426 -0.052840
v 0.031072 0.143960 -0.049750
v 0.033864 0.141786 -0.049750
v 0.039058 0.136144 -0.049750
v 0.039071 0.135410 -0.052840
v 0.039457 0.135711 -0.049750
v 0.043974 0.128797 -0.049750
v 0.043543 0.128564 -0.052840
v 0.044921 0.126638 -0.049750
v 0.046828 0.121076 -0.052840
v 0.047291 0.121235 -0.049750
v 0.048835 0.113149 -0.052840
v 0.048594 0.116088 -0.049750
v 0.049318 0.113230 -0.049750
v 0.050000 0.105000 -0.049750
v 0.049511 0.105000 -0.052840
v -0.048090 0.105000 -0.055628
v -0.047434 0.112915 -0.055628
v -0.048563 0.105000 -0.054700
v 0.047434 0.112915 -0.055628
v 0.045485 0.120615 -0.055628
v 0.042294 0.127888 -0.055628
v 0.037950 0.134538 -0.055628
v 0.032571 0.140381 -0.055628
v 0.026303 0.145259 -0.055628
v 0.019318 0.149040 -0.055628
v 0.011805 0.151619 -0.055628
v 0.003971 0.152926 -0.055628
v -0.003971 0.152926 -0.055628
v -0.011805 0.151619 -0.055628
v -0.019318 0.149040 -0.055628
v -0.026303 0.145259 -0.055628
v -0.032571 0.140381 -0.055628
v -0.037950 0.134538 -0.055628
v -0.042294 0.127888 -0.055628
v -0.045485 0.120615 -0.055628
v -0.043392 0.119896 -0.057840
v -0.040348 0.126835 -0.057840
v -0.036204 0.133179 -0.057840
v -0.031072 0.138753 -0.057840
v -0.025093 0.143407 -0.057840
v -0.018429 0.147014 -0.057840
v -0.011262 0.149474 -0.057840
v -0.003789 0.150721 -0.057840
v 0.003789 0.150721 -0.057840
v 0.011262 0.149474 -0.057840
v 0.018429 0.147014 -0.057840
v 0.025093 0.143407 -0.057840
v 0.031072 0.138753 -0.057840
v 0.036204 0.133179 -0.057840
v 0.040348 0.126835 -0.057840
v 0.043392 0.119896 -0.057840
v 0.045252 0.112551 -0.057840
v -0.040000 0.105000 -0.059750
v -0.043090 0.105000 -0.059261
v -0.042502 0.112092 -0.059261
v 0.048563 0.105000 -0.054700
v 0.048090 0.105000 -0.055628
v 0.045878 0.105000 -0.057840
v 0.044950 0.105000 -0.058313
v -0.040755 0.118991 -0.059261
v -0.037897 0.125509 -0.059261
v -0.034004 0.131467 -0.059261
v -0.029184 0.136702 -0.059261
v -0.023568 0.141074 -0.059261
v -0.017309 0.144461 -0.059261
v -0.010578 0.146772 -0.059261
v -0.003558 0.147943 -0.059261
v 0.003558 0.147943 -0.059261
v 0.010578 0.146772 -0.059261
v 0.017309 0.144461 -0.059261
v 0.023568 0.141074 -0.059261
v 0.029184 0.136702 -0.059261
v 0.034004 0.131467 -0.059261
v 0.037897 0.125509 -0.059261
v 0.040755 0.118991 -0.059261
v 0.042502 0.112092 -0.059261
v 0.043090 0.105000 -0.059261
v -0.039454 0.111584 -0.059750
v -0.037833 0.117988 -0.059750
v -0.035179 0.124038 -0.059750
v -0.031566 0.129569 -0.059750
v -0.027091 0.134429 -0.059750
v -0.021878 0.138487 -0.059750
v -0.016068 0.141631 -0.059750
v -0.009819 0.143776 -0.059750
v -0.003303 0.144863 -0.059750
v 0.003303 0.144863 -0.059750
v 0.009819 0.143776 -0.059750
v 0.016068 0.141631 -0.059750
v 0.021878 0.138487 -0.059750
v 0.027091 0.134429 -0.059750
v 0.031566 0.129569 -0.059750
v 0.035179 0.124038 -0.059750
v 0.037833 0.117988 -0.059750
v 0.039454 0.111584 -0.059750
v 0.040000 0.105000 -0.059750
v 0.053600 -0.058004 -0.007739
v 0.055000 -0.056791 -0.007039
v 0.053600 -0.058589 -0.007153
v 0.055000 -0.057889 -0.005941
v 0.053600 -0.059389 -0.006939
v 0.055000 -0.059389 -0.005539
v 0.053600 -0.060189 -0.007153
v 0.055000 -0.060889 -0.005941
v 0.053600 -0.060775 -0.007739
v 0.055000 -0.061987 -0.007039
v 0.053600 -0.060989 -0.008539
v 0.055000 -0.062389 -0.008539
v 0.053600 -0.060775 -0.009339
v 0.055000 -0.061987 -0.010039
v 0.053600 -0.060189 -0.009925
v 0.055000 -0.060889 -0.011137
v 0.053600 -0.059389 -0.010139
v 0.055000 -0.059389 -0.011539
v 0.053600 -0.058589 -0.009925
v 0.055000 -0.057889 -0.011137
v 0.053600 -0.058004 -0.009339
v 0.055000 -0.056791 -0.010039
v 0.053600 -0.057789 -0.008539
v 0.055000 -0.056389 -0.008539
v 0.053600 -0.043959 -0.038492
v 0.055000 -0.042747 -0.037792
v 0.053600 -0.044545 -0.037906
v 0.055000 -0.043845 -0.036694
v 0.053600 -0.045345 -0.037692
v 0.055000 -0.045345 -0.036292
v 0.053600 -0.046145 -0.037906
v 0.055000 -0.046845 -0.036694
v 0.053600 -0.046731 -0.038492
v 0.055000 -0.047943 -0.037792
v 0.053600 -0.046945 -0.039292
v 0.055000 -0.048345 -0.039292
v 0.053600 -0.046731 -0.040092
v 0.055000 -0.047943 -0.040792
v 0.053600 -0.046145 -0.040677
v 0.055000 -0.046845 -0.041890
v 0.053600 -0.045345 -0.040892
v 0.055000 -0.045345 -0.042292
v 0.053600 -0.044545 -0.040677
v 0.055000 -0.043845 -0.041890
v 0.053600 -0.043959 -0.040092
v 0.055000 -0.042747 -0.040792
v 0.053600 -0.043745 -0.039292
v 0.055000 -0.042345 -0.039292
v 0.053600 -0.015518 -0.056770
v 0.055000 -0.014306 -0.056070
v 0.053600 -0.016104 -0.056184
v 0.055000 -0.015404 -0.054972
v 0.053600 -0.016904 -0.055970
v 0.055000 -0.016904 -0.054570
v 0.053600 -0.017704 -0.056184
v 0.055000 -0.018404 -0.054972
v 0.053600 -0.018290 -0.056770
v 0.055000 -0.019502 -0.056070
v 0.053600 -0.018504 -0.057570
v 0.055000 -0.019904 -0.057570
v 0.053600 -0.018290 -0.058370
v 0.055000 -0.019502 -0.059070
v 0.053600 -0.017704 -0.058955
v 0.055000 -0.018404 -0.060168
v 0.053600 -0.016904 -0.059170
v 0.055000 -0.016904 -0.060570
v 0.053600 -0.016104 -0.058955
v 0.055000 -0.015404 -0.060168
v 0.053600 -0.015518 -0.058370
v 0.055000 -0.014306 -0.059070
v 0.053600 -0.015304 -0.057570
v 0.055000 -0.013904 -0.057570
v 0.053600 0.018290 -0.056770
v 0.055000 0.019502 -0.056070
v 0.053600 0.017704 -0.056184
v 0.055000 0.018404 -0.054972
v 0.053600 0.016904 -0.055970
v 0.055000 0.016904 -0.054570
v 0.053600 0.016104 -0.056184
v 0.055000 0.015404 -0.054972
v 0.053600 0.015518 -0.056770
v 0.055000 0.014306 -0.056070
v 0.053600 0.015304 -0.057570
v 0.055000 0.013904 -0.057570
v 0.053600 0.015518 -0.058370
v 0.055000 0.014306 -0.059070
v 0.053600 0.016104 -0.058955
v 0.055000 0.015404 -0.060168
v 0.053600 0.016904 -0.059170
v 0.055000 0.016904 -0.060570
v 0.053600 0.017704 -0.058955
v 0.055000 0.018404 -0.060168
v 0.053600 0.018290 -0.058370
v 0.055000 0.019502 -0.059070
v 0.053600 0.018504 -0.057570
v 0.055000 0.019904 -0.057570
v 0.053600 0.046731 -0.038492
v 0.055000 0.047943 -0.037792
v 0.053600 0.046145 -0.037906
v 0.055000 0.046845 -0.036694
v 0.053600 0.045345 -0.037692
v 0.055000 0.045345 -0.036292
v 0.053600 0.044545 -0.037906
v 0.055000 0.043845 -0.036694
v 0.053600 0.043959 -0.038492
v 0.055000 0.042747 -0.037792
v 0.053600 0.043745 -0.039292
v 0.055000 0.042345 -0.039292
v 0.053600 0.043959 -0.040092
v 0.055000 0.042747 -0.040792
v 0.053600 0.044545 -0.040677
v 0.055000 0.043845 -0.041890
v 0.053600 0.045345 -0.040892
v 0.055000 0.045345 -0.042292
v 0.053600 0.046145 -0.040677
v 0.055000 0.046845 -0.041890
v 0.053600 0.046731 -0.040092
v 0.055000 0.047943 -0.040792
v 0.053600 0.046945 -0.039292
v 0.055000 0.048345 -0.039292
v 0.053600 0.071731 -0.038492
v 0.055000 0.072943 -0.037792
v 0.053600 0.071145 -0.037906
v 0.055000 0.071845 -0.036694
v 0.053600 0.070345 -0.037692
v 0.055000 0.070345 -0.036292
v 0.053600 0.069545 -0.037906
v 0.055000 0.068845 -0.036694
v 0.053600 0.068959 -0.038492
v 0.055000 0.067747 -0.037792
v 0.053600 0.068745 -0.039292
v 0.055000 0.067345 -0.039292
v 0.053600 0.068959 -0.040092
v 0.055000 0.067747 -0.040792
v 0.053600 0.069545 -0.040677
v 0.055000 0.068845 -0.041890
v 0.053600 0.070345 -0.040892
v 0.055000 0.070345 -0.042292
v 0.053600 0.071145 -0.040677
v 0.055000 0.071845 -0.041890
v 0.053600 0.071731 -0.040092
v 0.055000 0.072943 -0.040792
v 0.053600 0.071945 -0.039292
v 0.055000 0.073345 -0.039292
v 0.055000 0.044861 -0.032250
v 0.053500 0.044861 -0.032250
v 0.055000 0.037158 -0.040888
v 0.053500 0.037158 -0.040888
v 0.055000 0.031124 -0.045312
v 0.053500 0.031124 -0.045312
v 0.055000 0.027825 -0.047732
v 0.053500 0.027825 -0.047732
v 0.055000 0.026272 -0.048431
v 0.053500 0.026272 -0.048431
v 0.055000 0.017271 -0.052481
v 0.053500 0.017271 -0.052481
v 0.055000 0.005959 -0.054928
v 0.053500 0.005959 -0.054928
v 0.055000 0.000000 -0.054946
v 0.053500 0.000000 -0.054946
v 0.055000 -0.005614 -0.054964
v 0.053500 -0.005614 -0.054964
v 0.055000 -0.016941 -0.052589
v 0.053500 -0.016941 -0.052589
v 0.055000 -0.026338 -0.048431
v 0.053500 -0.026338 -0.048431
v 0.055000 -0.027525 -0.047906
v 0.053500 -0.027525 -0.047906
v 0.055000 -0.031124 -0.045301
v 0.053500 -0.031124 -0.045301
v 0.055000 -0.036901 -0.041121
v 0.053500 -0.036901 -0.041121
v 0.055000 -0.044657 -0.032531
v 0.053500 -0.044657 -0.032531
v 0.055000 -0.049644 -0.023915
v 0.053500 -0.049644 -0.023915
v 0.055000 -0.050455 -0.022514
v 0.053500 -0.050455 -0.022514
v 0.055000 -0.052367 -0.016641
v 0.053500 -0.052367 -0.016641
v 0.055000 -0.054038 -0.011510
v 0.053500 -0.054038 -0.011510
v 0.055000 -0.055250 -0.000000
v 0.053500 -0.054885 -0.003469
v 0.053500 -0.055250 -0.000000
v 0.053500 -0.046945 -0.039292
v 0.053500 -0.046731 -0.038492
v 0.053500 -0.046145 -0.037906
v 0.053500 -0.045345 -0.037692
v 0.053500 -0.044545 -0.037906
v 0.053500 -0.043959 -0.038492
v 0.053500 -0.043745 -0.039292
v 0.053500 -0.043959 -0.040092
v 0.053500 -0.044545 -0.040677
v 0.053500 -0.045345 -0.040892
v 0.053500 -0.046145 -0.040677
v 0.053500 -0.046731 -0.040092
v 0.053500 -0.060989 -0.008539
v 0.053500 -0.060775 -0.007739
v 0.053500 -0.060189 -0.007153
v 0.053500 -0.059389 -0.006939
v 0.053500 -0.058589 -0.007153
v 0.053500 -0.058004 -0.007739
v 0.053500 -0.057789 -0.008539
v 0.053500 -0.058004 -0.009339
v 0.053500 -0.058589 -0.009925
v 0.053500 -0.059389 -0.010139
v 0.053500 -0.060189 -0.009925
v 0.053500 -0.060775 -0.009339
v 0.053500 -0.018504 -0.057570
v 0.053500 -0.018290 -0.056770
v 0.053500 -0.017704 -0.056184
v 0.053500 -0.016904 -0.055970
v 0.053500 -0.016104 -0.056184
v 0.053500 -0.015518 -0.056770
v 0.053500 -0.015304 -0.057570
v 0.053500 -0.015518 -0.058370
v 0.053500 -0.016104 -0.058955
v 0.053500 -0.016904 -0.059170
v 0.053500 -0.017704 -0.058955
v 0.053500 -0.018290 -0.058370
v 0.053500 0.015304 -0.057570
v 0.053500 0.015518 -0.056770
v 0.053500 0.016104 -0.056184
v 0.053500 0.016904 -0.055970
v 0.053500 0.017704 -0.056184
v 0.053500 0.018290 -0.056770
v 0.053500 0.018504 -0.057570
v 0.053500 0.018290 -0.058370
v 0.053500 0.017704 -0.058955
v 0.053500 0.016904 -0.059170
v 0.053500 0.016104 -0.058955
v 0.053500 0.015518 -0.058370
v 0.053500 0.043745 -0.039292
v 0.053500 0.043959 -0.038492
v 0.053500 0.044545 -0.037906
v 0.053500 0.045345 -0.037692
v 0.053500 0.046145 -0.037906
v 0.053500 0.046731 -0.038492
v 0.053500 0.046945 -0.039292
v 0.053500 0.046731 -0.040092
v 0.053500 0.046145 -0.040677
v 0.053500 0.045345 -0.040892
v 0.053500 0.044545 -0.040677
v 0.053500 0.043959 -0.040092
v 0.053500 0.068745 -0.039292
v 0.053500 0.068959 -0.038492
v 0.053500 0.069545 -0.037906
v 0.053500 0.070345 -0.037692
v 0.053500 0.071145 -0.037906
v 0.053500 0.071731 -0.038492
v 0.053500 0.071945 -0.039292
v 0.053500 0.071731 -0.040092
v 0.053500 0.071145 -0.040677
v 0.053500 0.070345 -0.040892
v 0.053500 0.069545 -0.040677
v 0.053500 0.068959 -0.040092
v -0.036187 0.137055 -0.049750
v -0.038273 0.134789 -0.049750
v -0.037763 0.134392 -0.053003
v -0.046931 0.116566 -0.049750
v -0.047839 0.112983 -0.049750
v -0.047200 0.112876 -0.053003
v 0.034133 0.131566 -0.057603
v 0.038040 0.125586 -0.057603
v 0.040465 0.126899 -0.055760
v 0.039454 0.111584 -0.058250
v 0.040000 0.105000 -0.058250
v 0.043253 0.105000 -0.057603
v 0.037833 0.117988 -0.058250
v 0.042663 0.112119 -0.057603
v -0.027091 0.134429 -0.058250
v -0.021878 0.138487 -0.058250
v -0.023657 0.141210 -0.057603
v -0.031566 0.129569 -0.058250
v -0.029294 0.136822 -0.057603
v -0.035179 0.124038 -0.058250
v -0.034133 0.131566 -0.057603
v -0.037833 0.117988 -0.058250
v -0.038040 0.125586 -0.057603
v -0.039454 0.111584 -0.058250
v -0.040909 0.119044 -0.057603
v -0.040000 0.105000 -0.058250
v -0.042663 0.112119 -0.057603
v 0.035179 0.124038 -0.058250
v 0.031566 0.129569 -0.058250
v 0.027091 0.134429 -0.058250
v -0.011295 0.149602 -0.055760
v -0.018482 0.147135 -0.055760
v -0.017374 0.144610 -0.057603
v 0.045260 0.120538 -0.053003
v 0.043517 0.119940 -0.055760
v 0.040909 0.119044 -0.057603
v -0.019222 0.148822 -0.053003
v -0.011747 0.151389 -0.053003
v -0.003952 0.152690 -0.053003
v -0.016068 0.141631 -0.058250
v -0.010618 0.146929 -0.057603
v -0.003800 0.150853 -0.055760
v 0.003952 0.152690 -0.053003
v 0.004005 0.153334 -0.049750
v 0.005827 0.153030 -0.049750
v -0.009819 0.143776 -0.058250
v -0.003303 0.144863 -0.058250
v -0.003572 0.148105 -0.057603
v 0.003572 0.148105 -0.057603
v 0.003800 0.150853 -0.055760
v 0.011295 0.149602 -0.055760
v 0.011747 0.151389 -0.053003
v 0.019222 0.148822 -0.053003
v 0.003303 0.144863 -0.058250
v 0.010618 0.146929 -0.057603
v 0.018482 0.147135 -0.055760
v 0.026173 0.145061 -0.053003
v 0.026527 0.145603 -0.049750
v 0.027498 0.144847 -0.049750
v 0.009819 0.143776 -0.058250
v 0.016068 0.141631 -0.058250
v 0.017374 0.144610 -0.057603
v 0.023657 0.141210 -0.057603
v 0.025165 0.143518 -0.055760
v 0.031162 0.138851 -0.055760
v 0.032410 0.140207 -0.053003
v 0.037763 0.134392 -0.053003
v 0.021878 0.138487 -0.058250
v 0.029294 0.136822 -0.057603
v 0.036309 0.133260 -0.055760
v 0.042085 0.127775 -0.053003
v 0.042654 0.128083 -0.049750
v 0.042902 0.127520 -0.049750
v -0.043253 0.105000 -0.057603
v -0.045383 0.112573 -0.055760
v -0.046010 0.105000 -0.055760
v -0.047853 0.105000 -0.053003
v -0.048500 0.105000 -0.049750
v -0.043517 0.119940 -0.055760
v -0.045260 0.120538 -0.053003
v -0.045872 0.120748 -0.049750
v -0.042085 0.127775 -0.053003
v -0.042654 0.128083 -0.049750
v -0.042902 0.127520 -0.049750
v -0.040465 0.126899 -0.055760
v -0.036309 0.133260 -0.055760
v -0.031162 0.138851 -0.055760
v -0.032410 0.140207 -0.053003
v -0.032848 0.140683 -0.049750
v -0.026173 0.145061 -0.053003
v -0.026527 0.145603 -0.049750
v -0.027498 0.144847 -0.049750
v -0.025165 0.143518 -0.055760
v -0.019482 0.149415 -0.049750
v -0.004005 0.153334 -0.049750
v -0.005827 0.153030 -0.049750
v -0.011906 0.152016 -0.049750
v -0.017153 0.150215 -0.049750
v 0.019482 0.149415 -0.049750
v 0.017153 0.150215 -0.049750
v 0.011906 0.152016 -0.049750
v 0.038273 0.134789 -0.049750
v 0.036187 0.137055 -0.049750
v 0.032848 0.140683 -0.049750
v 0.045872 0.120748 -0.049750
v 0.047200 0.112876 -0.053003
v 0.047839 0.112983 -0.049750
v 0.046931 0.116566 -0.049750
v 0.045383 0.112573 -0.055760
v 0.046010 0.105000 -0.055760
v 0.047853 0.105000 -0.053003
v 0.048500 0.105000 -0.049750
v -0.050000 0.080461 -0.049750
v -0.049681 0.079057 -0.052257
v -0.048660 0.077998 -0.054750
v -0.046928 0.077496 -0.056927
v -0.045000 0.077539 -0.058410
v -0.047089 0.077492 -0.056803
v -0.040000 0.079240 -0.059750
v -0.041478 0.078608 -0.059560
v -0.042523 0.078162 -0.059427
v -0.032204 0.082715 -0.059750
v -0.022565 0.085847 -0.059750
v -0.012632 0.087860 -0.059750
v 0.017628 0.086995 -0.059750
v 0.007596 0.088438 -0.059750
v -0.002535 0.088727 -0.059750
v 0.040000 0.079240 -0.059750
v 0.036874 0.080742 -0.059750
v 0.027429 0.084419 -0.059750
v 0.042521 0.078163 -0.059427
v 0.045000 0.077539 -0.058410
v 0.047086 0.077492 -0.056806
v 0.046737 0.077500 -0.057075
v 0.046929 0.077495 -0.056927
v 0.050000 0.080461 -0.049750
v 0.049679 0.079054 -0.052264
v 0.048660 0.077998 -0.054750
v 0.050000 0.082309 -0.046386
v 0.050000 0.105000 -0.032250
v 0.050000 0.088932 -0.032250
v 0.050000 0.087642 -0.035308
v 0.050000 0.082963 -0.045195
v 0.050000 0.085147 -0.041218
v -0.050000 0.105000 -0.032250
v -0.048746 0.116126 -0.032250
v -0.045048 0.126694 -0.032250
v -0.039092 0.136174 -0.032250
v -0.031174 0.144092 -0.032250
v -0.021694 0.150048 -0.032250
v -0.011126 0.153746 -0.032250
v 0.000000 0.155000 -0.032250
v 0.011126 0.153746 -0.032250
v 0.021694 0.150048 -0.032250
v 0.031174 0.144092 -0.032250
v 0.039092 0.136174 -0.032250
v 0.045048 0.126694 -0.032250
v 0.048746 0.116126 -0.032250
v -0.050000 0.082309 -0.046386
v -0.050000 0.088932 -0.032250
v -0.050000 0.087642 -0.035308
v -0.050000 0.085147 -0.041218
v -0.048500 0.105000 -0.032250
v -0.047091 0.116607 -0.032250
v -0.042945 0.127539 -0.032250
v -0.036303 0.137161 -0.032250
v -0.027551 0.144915 -0.032250
v -0.017198 0.150348 -0.032250
v -0.005846 0.153146 -0.032250
v 0.005846 0.153146 -0.032250
v 0.017198 0.150348 -0.032250
v 0.027551 0.144915 -0.032250
v 0.036303 0.137161 -0.032250
v 0.042945 0.127539 -0.032250
v 0.047091 0.116607 -0.032250
v 0.048500 0.105000 -0.032250
v 0.055000 0.071759 -0.056851
v 0.055000 0.077770 -0.048431
v 0.055000 0.057845 -0.048431
v 0.055000 0.057845 -0.032250
v 0.055000 0.031124 -0.048431
v 0.055000 -0.091782 -0.000000
v 0.055000 -0.052367 -0.023915
v 0.055000 -0.088253 -0.023915
v 0.055000 -0.088298 -0.023746
v 0.055000 -0.090398 -0.015881
v 0.055000 -0.091211 -0.006553
v 0.055000 -0.090739 -0.011964
v 0.055000 -0.052367 -0.048431
v 0.055000 -0.031124 -0.048431
v 0.055000 -0.031124 -0.076176
v 0.055000 0.000000 -0.076176
v 0.055000 0.031124 -0.076176
v 0.055000 0.079637 -0.045411
v 0.055000 0.079155 -0.046420
v 0.055000 0.079053 -0.046632
v 0.055000 0.079637 -0.032250
v 0.055000 0.084484 -0.035275
v 0.055000 0.085930 -0.032250
v 0.055000 0.062671 -0.066610
v 0.055000 0.058425 -0.070785
v 0.055000 0.057845 -0.071184
v 0.055000 0.069792 -0.059608
v 0.055000 0.071422 -0.057324
v 0.055000 0.056749 -0.071939
v 0.055000 0.035613 -0.084257
v 0.055000 0.037021 -0.083614
v 0.055000 0.045003 -0.079961
v 0.055000 0.045295 -0.079827
v 0.055000 0.050597 -0.076176
v 0.055000 0.051469 -0.075576
v 0.055000 0.019786 -0.089334
v 0.055000 0.027233 -0.087391
v 0.055000 0.030799 -0.086460
v 0.055000 0.031124 -0.086312
v 0.055000 0.006375 -0.091219
v 0.055000 0.012861 -0.090690
v 0.055000 0.013984 -0.090599
v 0.055000 0.015374 -0.090486
v 0.055000 0.000000 -0.091739
v 0.055000 -0.012881 -0.090633
v 0.055000 -0.006372 -0.091237
v 0.055000 -0.000515 -0.091781
v 0.055000 -0.027263 -0.087339
v 0.055000 -0.019760 -0.089387
v 0.055000 -0.016388 -0.090307
v 0.055000 -0.013254 -0.090598
v 0.055000 -0.046188 -0.079314
v 0.055000 -0.045078 -0.079837
v 0.055000 -0.037063 -0.083614
v 0.055000 -0.035577 -0.084314
v 0.055000 -0.031767 -0.086109
v 0.055000 -0.031124 -0.086285
v 0.055000 -0.052367 -0.074955
v 0.055000 -0.051487 -0.075576
v 0.055000 -0.050637 -0.076176
v 0.055000 -0.071816 -0.056870
v 0.055000 -0.071384 -0.057490
v 0.055000 -0.070456 -0.058821
v 0.055000 -0.062703 -0.066618
v 0.055000 -0.059215 -0.070125
v 0.055000 -0.056800 -0.071829
v 0.055000 -0.086286 -0.031284
v 0.055000 -0.084438 -0.035263
v 0.055000 -0.079572 -0.045742
v 0.055000 -0.079111 -0.046403
v 0.055000 -0.077698 -0.048431
v 0.053500 0.085017 -0.032250
v 0.053500 0.083794 -0.034787
v 0.053500 0.078481 -0.032250
v 0.053500 0.078503 -0.045756
v 0.053500 0.078481 -0.045801
v 0.053500 0.057845 -0.032250
v 0.053500 0.057845 -0.048431
v 0.053500 0.076747 -0.048431
v 0.053500 0.078165 -0.046457
v 0.053500 0.031124 -0.048431
v 0.053500 0.006320 -0.090369
v 0.053500 0.000000 -0.090871
v 0.053500 0.031124 -0.085357
v 0.053500 0.035472 -0.083381
v 0.053500 0.019644 -0.088485
v 0.053500 0.027054 -0.086570
v 0.053500 0.030305 -0.085730
v 0.053500 0.016385 -0.089328
v 0.053500 0.015033 -0.089677
v 0.053500 0.012748 -0.089859
v 0.053500 -0.031124 -0.085391
v 0.053500 -0.019608 -0.088555
v 0.053500 -0.027097 -0.086498
v 0.053500 -0.000690 -0.090926
v 0.053500 -0.006316 -0.090393
v 0.053500 -0.031124 -0.048431
v 0.053500 -0.012776 -0.089781
v 0.053500 -0.016394 -0.089439
v 0.053500 -0.016793 -0.089329
v 0.053500 -0.052367 -0.023915
v 0.053500 -0.052367 -0.048431
v 0.053500 -0.090626 -0.003469
v 0.053500 -0.089902 -0.011796
v 0.053500 -0.089560 -0.015714
v 0.053500 -0.087508 -0.023413
v 0.053500 -0.087374 -0.023915
v 0.053500 -0.090929 -0.000000
v 0.053500 -0.078861 -0.045265
v 0.053500 -0.083729 -0.034769
v 0.053500 -0.085497 -0.030955
v 0.053500 -0.069852 -0.058212
v 0.053500 -0.071345 -0.056067
v 0.053500 -0.071981 -0.055153
v 0.053500 -0.076658 -0.048431
v 0.053500 -0.078518 -0.045758
v 0.053500 -0.056879 -0.070725
v 0.053500 -0.058741 -0.069408
v 0.053500 -0.062443 -0.065678
v 0.053500 -0.037571 -0.082437
v 0.053500 -0.044980 -0.078933
v 0.053500 -0.035425 -0.083452
v 0.053500 -0.045862 -0.078515
v 0.053500 -0.051523 -0.074512
v 0.053500 -0.052367 -0.073915
v 0.053500 -0.031604 -0.085260
v 0.053500 0.057680 -0.070292
v 0.053500 0.056797 -0.070897
v 0.053500 0.051514 -0.074513
v 0.053500 0.044914 -0.079032
v 0.053500 0.057845 -0.070131
v 0.053500 0.044665 -0.079203
v 0.053500 0.037546 -0.082438
v 0.053500 0.072016 -0.055014
v 0.053500 0.071276 -0.056043
v 0.053500 0.068960 -0.059266
v 0.053500 0.062410 -0.065669
v 0.048500 0.084010 -0.041448
v 0.048500 0.081626 -0.045732
v 0.048500 0.079391 -0.049750
v 0.048500 0.087966 -0.032250
v 0.048500 0.086871 -0.034815
v 0.048500 0.084135 -0.041224
v 0.048345 0.078450 -0.051367
v 0.047853 0.077660 -0.053003
v 0.047084 0.077129 -0.054447
v 0.046010 0.076838 -0.055760
v 0.044389 0.076882 -0.056997
v 0.044714 0.076825 -0.056823
v 0.045561 0.076833 -0.056129
v 0.043253 0.077080 -0.057603
v 0.041625 0.077607 -0.058093
v 0.040000 0.078340 -0.058250
v 0.005114 0.087812 -0.058250
v 0.015274 0.086625 -0.058250
v -0.015274 0.086625 -0.058250
v -0.005114 0.087812 -0.058250
v 0.025228 0.084266 -0.058250
v -0.025228 0.084266 -0.058250
v 0.034840 0.080767 -0.058250
v -0.034840 0.080767 -0.058250
v -0.040000 0.078340 -0.058250
v -0.041619 0.077609 -0.058094
v -0.046010 0.076838 -0.055760
v -0.045561 0.076833 -0.056129
v -0.044712 0.076825 -0.056824
v -0.044389 0.076882 -0.056997
v -0.043253 0.077080 -0.057603
v -0.047084 0.077128 -0.054448
v -0.047853 0.077660 -0.053003
v -0.048500 0.079391 -0.049750
v -0.048344 0.078447 -0.051373
v -0.048500 0.084135 -0.041224
v -0.048500 0.086871 -0.034815
v -0.048500 0.087966 -0.032250
v -0.048500 0.084010 -0.041448
v -0.048500 0.081626 -0.045732
v -0.020732 -0.011708 -0.104317
v -0.010432 -0.005891 -0.106327
v -0.009692 -0.007042 -0.106327
v -0.023461 0.004060 -0.104317
v -0.011805 0.002043 -0.106327
v -0.011961 0.000684 -0.106327
v 0.002038 0.023722 -0.104317
v 0.001025 0.011936 -0.106327
v -0.000342 0.011975 -0.106327
v 0.000000 0.000000 -0.107000
v 0.011902 -0.001366 -0.106327
v 0.011669 -0.002714 -0.106327
v 0.011980 0.000000 -0.106327
v -0.011035 -0.004664 -0.106327
v -0.011805 -0.002043 -0.106327
v -0.011961 -0.000684 -0.106327
v -0.011495 -0.003375 -0.106327
v -0.011495 0.003375 -0.106327
v 0.002379 0.011742 -0.106327
v 0.011669 0.002714 -0.106327
v 0.011902 0.001366 -0.106327
v 0.011283 0.004026 -0.106327
v 0.051087 0.025118 -0.090599
v 0.051646 -0.042230 -0.083656
v 0.044070 -0.036036 -0.090599
v -0.055000 -0.077086 -0.049309
v -0.055000 -0.071816 -0.056870
v -0.051138 -0.074787 -0.056927
v -0.055000 -0.070456 -0.058821
v -0.055000 -0.063712 -0.065603
v -0.054783 -0.063223 -0.066713
v -0.055000 -0.003163 -0.091535
v -0.046350 -0.002650 -0.096404
v -0.045746 -0.007917 -0.096404
v -0.055000 0.079053 -0.046632
v -0.055000 0.079155 -0.046420
v -0.054414 0.079579 -0.046426
v -0.055000 0.080496 -0.043614
v -0.051138 0.074787 -0.056927
v -0.039040 0.073988 -0.066713
v -0.030351 0.077956 -0.066713
v 0.052154 0.086487 -0.035340
v 0.043200 0.071639 -0.066713
v -0.047219 0.069056 -0.066713
v -0.055000 0.084484 -0.035275
v -0.055000 0.085930 -0.032250
v -0.055000 0.077770 -0.048431
v -0.055000 0.071759 -0.056851
v -0.055000 0.069792 -0.059608
v -0.055000 0.063729 -0.065570
v -0.055000 0.062671 -0.066610
v -0.054783 0.063223 -0.066713
v -0.055000 0.058425 -0.070785
v -0.049547 0.057180 -0.075660
v -0.055000 0.057845 -0.071184
v -0.043688 0.050419 -0.083656
v -0.055000 0.050783 -0.076047
v -0.055000 0.051469 -0.075576
v -0.055000 0.040264 -0.082129
v -0.055000 0.045295 -0.079827
v -0.049151 0.045110 -0.083656
v -0.055000 0.050597 -0.076176
v -0.055000 0.037021 -0.083614
v -0.053972 0.039213 -0.083656
v -0.055000 0.031124 -0.086312
v -0.046055 0.033461 -0.090599
v -0.055000 0.031080 -0.086332
v -0.055000 0.023475 -0.088372
v -0.055000 0.030799 -0.086460
v -0.049569 0.027993 -0.090599
v -0.055000 0.016182 -0.090275
v -0.054621 0.016038 -0.090599
v -0.055000 0.015374 -0.090486
v -0.055000 0.013984 -0.090599
v -0.044545 0.013080 -0.096404
v -0.045746 0.007917 -0.096404
v -0.055000 0.009610 -0.090955
v -0.046350 0.002650 -0.096404
v -0.055000 -0.000515 -0.091781
v -0.055000 0.000000 -0.091739
v -0.055000 0.003169 -0.091481
v -0.044545 -0.013080 -0.096404
v -0.055000 -0.013254 -0.090598
v -0.055000 -0.009615 -0.090936
v -0.049569 -0.027993 -0.090599
v -0.055000 -0.031110 -0.086289
v -0.055000 -0.023474 -0.088373
v -0.055000 -0.037063 -0.083614
v -0.055000 -0.031767 -0.086109
v -0.046055 -0.033461 -0.090599
v -0.055000 -0.031124 -0.086285
v -0.055000 -0.050637 -0.076176
v -0.055000 -0.046188 -0.079314
v -0.049151 -0.045110 -0.083656
v -0.055000 -0.062703 -0.066618
v -0.055000 -0.059215 -0.070125
v -0.049547 -0.057180 -0.075660
v -0.055000 -0.052367 -0.074955
v -0.055000 -0.051487 -0.075576
v -0.047219 -0.069056 -0.066713
v -0.055000 -0.080476 -0.043796
v -0.055000 -0.079572 -0.045742
v -0.054414 -0.079579 -0.046426
v -0.055000 -0.079111 -0.046403
v -0.055000 -0.077698 -0.048431
v -0.055000 -0.086286 -0.031284
v -0.047131 -0.089324 -0.035340
v -0.055000 -0.088253 -0.023915
v -0.048681 -0.092262 -0.023810
v -0.055000 -0.088298 -0.023746
v -0.055000 -0.090398 -0.015881
v -0.049619 -0.094039 -0.011980
v -0.055000 -0.090739 -0.011964
v -0.049933 -0.094634 -0.000000
v -0.055000 -0.091782 -0.000000
v 0.044449 -0.097331 -0.000000
v 0.044170 -0.096719 -0.011980
v 0.054907 -0.091053 -0.011980
v 0.053869 -0.089332 -0.023810
v 0.052154 -0.086487 -0.035340
v 0.049783 -0.082555 -0.046426
v 0.046785 -0.077585 -0.056927
v 0.043200 -0.071639 -0.066713
v 0.051084 -0.066247 -0.066713
v 0.046202 -0.059916 -0.075660
v 0.046495 -0.047842 -0.083656
v 0.052731 -0.054259 -0.075660
v 0.047890 -0.030777 -0.090599
v 0.053617 -0.019130 -0.090599
v 0.043726 -0.015601 -0.096404
v 0.045219 -0.010515 -0.096404
v 0.046123 -0.005292 -0.096404
v 0.046426 0.000000 -0.096404
v 0.045219 0.010515 -0.096404
v 0.046123 0.005292 -0.096404
v 0.047890 0.030777 -0.090599
v 0.052731 0.054259 -0.075660
v 0.046495 0.047842 -0.083656
v 0.046202 0.059916 -0.075660
v 0.051084 0.066247 -0.066713
v 0.052685 0.087368 -0.032250
v 0.004728 0.023336 -0.104317
v 0.007018 0.034636 -0.100996
v 0.003702 0.011394 -0.106327
v -0.022845 0.006708 -0.104317
v -0.033908 0.009956 -0.100996
v -0.023771 0.001359 -0.104317
v -0.023771 -0.001359 -0.104317
v -0.023461 -0.004060 -0.104317
v -0.022845 -0.006708 -0.104317
v -0.021932 -0.009268 -0.104317
v -0.032552 -0.013757 -0.100996
v 0.022425 -0.008001 -0.104317
v 0.023191 -0.005393 -0.104317
v 0.023655 -0.002714 -0.104317
v 0.023810 0.000000 -0.104317
v 0.023655 0.002714 -0.104317
v 0.023191 0.005393 -0.104317
v 0.022425 0.008001 -0.104317
v 0.033285 0.011876 -0.100996
v 0.034421 0.008004 -0.100996
v 0.007358 0.022644 -0.104317
v 0.010921 0.033610 -0.100996
v 0.014346 0.044153 -0.096404
v 0.004977 0.010898 -0.106327
v -0.034822 0.006026 -0.100996
v -0.035282 0.002017 -0.100996
v -0.035282 -0.002017 -0.100996
v -0.034822 -0.006026 -0.100996
v -0.033908 -0.009956 -0.100996
v 0.035110 0.004028 -0.100996
v 0.035340 0.000000 -0.100996
v 0.035110 -0.004028 -0.100996
v 0.034421 -0.008004 -0.100996
v 0.033285 -0.011876 -0.100996
v 0.053617 0.019130 -0.090599
v 0.043726 0.015601 -0.096404
v 0.009891 0.021658 -0.104317
v 0.014681 0.032146 -0.100996
v 0.019286 0.042230 -0.096404
v 0.023649 0.051783 -0.090599
v 0.006187 0.010259 -0.106327
v 0.011283 -0.004026 -0.106327
v 0.041662 0.020484 -0.096404
v 0.031714 0.015593 -0.100996
v 0.021367 0.010505 -0.104317
v 0.010751 0.005286 -0.106327
v 0.039056 0.025100 -0.096404
v 0.029730 0.019106 -0.100996
v 0.020030 0.012873 -0.104317
v 0.010078 0.006477 -0.106327
v 0.051646 0.042230 -0.083656
v 0.044070 0.036036 -0.090599
v 0.035940 0.029388 -0.096404
v 0.027358 0.022371 -0.100996
v 0.018432 0.015072 -0.104317
v 0.009274 0.007584 -0.106327
v 0.012295 0.020389 -0.104317
v 0.018249 0.030263 -0.100996
v 0.023974 0.039756 -0.096404
v 0.029397 0.048750 -0.090599
v 0.034451 0.057130 -0.083656
v 0.007316 0.009487 -0.106327
v -0.040425 0.022829 -0.096404
v -0.037559 0.027288 -0.096404
v -0.030772 0.017378 -0.100996
v -0.028591 0.020772 -0.100996
v -0.020732 0.011708 -0.104317
v -0.019262 0.013995 -0.104317
v -0.010432 0.005891 -0.106327
v -0.011035 0.004664 -0.106327
v -0.021932 0.009268 -0.104317
v -0.032552 0.013757 -0.100996
v -0.042764 0.018072 -0.096404
v -0.052437 0.022160 -0.090599
v -0.009692 0.007042 -0.106327
v -0.007845 -0.009054 -0.106327
v -0.008826 -0.008101 -0.106327
v -0.017542 -0.016100 -0.104317
v -0.019262 -0.013995 -0.104317
v -0.028591 -0.020772 -0.100996
v -0.030772 -0.017378 -0.100996
v -0.040425 -0.022829 -0.096404
v -0.042764 -0.018072 -0.096404
v -0.052437 -0.022160 -0.090599
v -0.054621 -0.016038 -0.090599
v -0.006762 -0.009889 -0.106327
v -0.015592 -0.017994 -0.104317
v -0.026036 -0.023896 -0.100996
v -0.037559 -0.027288 -0.096404
v -0.055000 -0.016388 -0.090307
v -0.055000 -0.016159 -0.090329
v -0.005591 -0.010596 -0.106327
v -0.013439 -0.019654 -0.104317
v -0.023143 -0.026708 -0.100996
v -0.034204 -0.031392 -0.096404
v -0.055000 -0.040280 -0.082098
v -0.053972 -0.039213 -0.083656
v -0.041941 -0.038493 -0.090599
v -0.030402 -0.035086 -0.096404
v -0.019947 -0.029172 -0.100996
v -0.011111 -0.021058 -0.104317
v -0.004347 -0.011164 -0.106327
v 0.039056 -0.025100 -0.096404
v 0.035940 -0.029388 -0.096404
v 0.029730 -0.019106 -0.100996
v 0.027358 -0.022371 -0.100996
v 0.020030 -0.012873 -0.104317
v 0.018432 -0.015072 -0.104317
v 0.010078 -0.006477 -0.106327
v 0.010751 -0.005286 -0.106327
v 0.021367 -0.010505 -0.104317
v 0.031714 -0.015593 -0.100996
v 0.041662 -0.020484 -0.096404
v 0.051087 -0.025118 -0.090599
v 0.009274 -0.007584 -0.106327
v 0.039675 0.040824 -0.090599
v 0.032356 0.033293 -0.096404
v 0.024630 0.025343 -0.100996
v 0.016594 0.017075 -0.104317
v 0.008349 0.008591 -0.106327
v 0.014539 0.018855 -0.104317
v 0.021580 0.027986 -0.100996
v 0.028350 0.036765 -0.096404
v 0.034763 0.045081 -0.090599
v 0.040738 0.052831 -0.083656
v -0.007845 0.009054 -0.106327
v -0.008826 0.008101 -0.106327
v -0.015592 0.017994 -0.104317
v -0.017542 0.016100 -0.104317
v -0.023143 0.026708 -0.100996
v -0.026036 0.023896 -0.100996
v -0.030402 0.035086 -0.096404
v -0.034204 0.031392 -0.096404
v -0.037280 0.043023 -0.090599
v -0.041941 0.038493 -0.090599
v -0.003046 -0.011587 -0.106327
v -0.008638 -0.022187 -0.104317
v -0.016492 -0.031256 -0.100996
v -0.026205 -0.038323 -0.096404
v -0.037280 -0.043023 -0.090599
v -0.001705 -0.011858 -0.106327
v -0.006053 -0.023028 -0.104317
v -0.012822 -0.032932 -0.100996
v -0.021665 -0.041060 -0.096404
v -0.032132 -0.046992 -0.090599
v -0.043688 -0.050419 -0.083656
v -0.055000 -0.050757 -0.076091
v -0.037656 -0.055070 -0.083656
v -0.026566 -0.050349 -0.090599
v -0.016844 -0.043262 -0.096404
v -0.008984 -0.034179 -0.100996
v -0.003388 -0.023567 -0.104317
v -0.000342 -0.011975 -0.106327
v 0.039675 -0.040824 -0.090599
v 0.032356 -0.033293 -0.096404
v 0.024630 -0.025343 -0.100996
v 0.016594 -0.017075 -0.104317
v 0.008349 -0.008591 -0.106327
v 0.040738 -0.052831 -0.083656
v 0.034763 -0.045081 -0.090599
v 0.028350 -0.036765 -0.096404
v 0.021580 -0.027986 -0.100996
v 0.014539 -0.018855 -0.104317
v 0.007316 -0.009487 -0.106327
v 0.039071 0.064792 -0.075660
v 0.034752 0.076096 -0.066713
v 0.031430 0.068823 -0.075660
v 0.027714 0.060685 -0.083656
v 0.025851 0.079562 -0.066713
v 0.023380 0.071957 -0.075660
v 0.020616 0.063448 -0.083656
v 0.017592 0.054141 -0.090599
v 0.016613 0.081990 -0.066713
v 0.015025 0.074153 -0.075660
v 0.013249 0.065385 -0.083656
v 0.011305 0.055794 -0.090599
v 0.009220 0.045501 -0.096404
v 0.007159 0.083349 -0.066713
v 0.006475 0.075383 -0.075660
v 0.005709 0.066469 -0.083656
v 0.004872 0.056719 -0.090599
v 0.003973 0.046255 -0.096404
v 0.003024 0.035210 -0.100996
v -0.002389 0.083622 -0.066713
v -0.002161 0.075630 -0.075660
v -0.001905 0.066686 -0.083656
v -0.001626 0.056904 -0.090599
v -0.001326 0.046407 -0.096404
v -0.001009 0.035325 -0.100996
v -0.000680 0.023800 -0.104317
v -0.011905 0.082804 -0.066713
v -0.010768 0.074890 -0.075660
v -0.009494 0.066034 -0.083656
v -0.008102 0.056348 -0.090599
v -0.006607 0.045953 -0.096404
v -0.005029 0.034980 -0.100996
v -0.003388 0.023567 -0.104317
v -0.001705 0.011858 -0.106327
v -0.003046 0.011587 -0.106327
v -0.006053 0.023028 -0.104317
v -0.008984 0.034179 -0.100996
v -0.011802 0.044900 -0.096404
v -0.014472 0.055057 -0.090599
v -0.016960 0.064522 -0.083656
v -0.019234 0.073175 -0.075660
v -0.021267 0.080908 -0.066713
v -0.027450 0.070505 -0.075660
v -0.024204 0.062168 -0.083656
v -0.020654 0.053049 -0.090599
v -0.016844 0.043262 -0.096404
v -0.012822 0.032932 -0.100996
v -0.008638 0.022187 -0.104317
v -0.004347 0.011164 -0.106327
v -0.035308 0.066917 -0.075660
v -0.031133 0.059004 -0.083656
v -0.026566 0.050349 -0.090599
v -0.021665 0.041060 -0.096404
v -0.016492 0.031256 -0.100996
v -0.011111 0.021058 -0.104317
v -0.005591 0.010596 -0.106327
v -0.042706 0.062456 -0.075660
v -0.037656 0.055070 -0.083656
v -0.032132 0.046992 -0.090599
v -0.026205 0.038323 -0.096404
v -0.019947 0.029172 -0.100996
v -0.013439 0.019654 -0.104317
v -0.006762 0.009889 -0.106327
v -0.042706 -0.062456 -0.075660
v 0.039071 -0.064792 -0.075660
v 0.034451 -0.057130 -0.083656
v 0.029397 -0.048750 -0.090599
v 0.023974 -0.039756 -0.096404
v 0.018249 -0.030263 -0.100996
v 0.012295 -0.020389 -0.104317
v 0.006187 -0.010259 -0.106327
v -0.055000 -0.084438 -0.035263
v -0.044988 -0.085263 -0.046426
v -0.042280 -0.080129 -0.056927
v -0.039040 -0.073988 -0.066713
v -0.035308 -0.066917 -0.075660
v -0.031133 -0.059004 -0.083656
v 0.043335 -0.094890 -0.023810
v 0.041955 -0.091869 -0.035340
v 0.040048 -0.087692 -0.046426
v 0.037636 -0.082412 -0.056927
v 0.034752 -0.076096 -0.066713
v 0.031430 -0.068823 -0.075660
v 0.027714 -0.060685 -0.083656
v 0.023649 -0.051783 -0.090599
v 0.019286 -0.042230 -0.096404
v 0.014681 -0.032146 -0.100996
v 0.009891 -0.021658 -0.104317
v 0.004977 -0.010898 -0.106327
v -0.038820 -0.099709 -0.000000
v -0.038576 -0.099083 -0.011980
v -0.037847 -0.097210 -0.023810
v -0.036642 -0.094114 -0.035340
v -0.034976 -0.089835 -0.046426
v -0.032870 -0.084426 -0.056927
v -0.030351 -0.077956 -0.066713
v -0.027450 -0.070505 -0.075660
v -0.024204 -0.062168 -0.083656
v -0.020654 -0.053049 -0.090599
v -0.027201 -0.103485 -0.000000
v -0.027030 -0.102834 -0.011980
v -0.026519 -0.100890 -0.023810
v -0.025675 -0.097677 -0.035340
v -0.024508 -0.093237 -0.046426
v -0.023032 -0.087623 -0.056927
v -0.021267 -0.080908 -0.066713
v -0.019234 -0.073175 -0.075660
v -0.016960 -0.064522 -0.083656
v -0.014472 -0.055057 -0.090599
v -0.011802 -0.044900 -0.096404
v -0.015228 -0.105911 -0.000000
v -0.015132 -0.105245 -0.011980
v -0.014846 -0.103256 -0.023810
v -0.014373 -0.099968 -0.035340
v -0.013720 -0.095422 -0.046426
v -0.012894 -0.089677 -0.056927
v -0.011905 -0.082804 -0.066713
v -0.010768 -0.074890 -0.075660
v -0.009494 -0.066034 -0.083656
v -0.008102 -0.056348 -0.090599
v -0.006607 -0.045953 -0.096404
v -0.005029 -0.034980 -0.100996
v -0.003055 -0.106956 -0.000000
v -0.003036 -0.106284 -0.011980
v -0.002979 -0.104275 -0.023810
v -0.002884 -0.100954 -0.035340
v -0.002753 -0.096364 -0.046426
v -0.002587 -0.090563 -0.056927
v -0.002389 -0.083622 -0.066713
v -0.002161 -0.075630 -0.075660
v -0.001905 -0.066686 -0.083656
v -0.001626 -0.056904 -0.090599
v -0.001326 -0.046407 -0.096404
v -0.001009 -0.035325 -0.100996
v -0.000680 -0.023800 -0.104317
v 0.009157 -0.106608 -0.000000
v 0.009099 -0.105937 -0.011980
v 0.008927 -0.103935 -0.023810
v 0.008643 -0.100625 -0.035340
v 0.008250 -0.096050 -0.046426
v 0.007753 -0.090267 -0.056927
v 0.007159 -0.083349 -0.066713
v 0.006475 -0.075383 -0.075660
v 0.005709 -0.066469 -0.083656
v 0.004872 -0.056719 -0.090599
v 0.003973 -0.046255 -0.096404
v 0.003024 -0.035210 -0.100996
v 0.002038 -0.023722 -0.104317
v 0.001025 -0.011936 -0.106327
v 0.002379 -0.011742 -0.106327
v 0.004728 -0.023336 -0.104317
v 0.007018 -0.034636 -0.100996
v 0.009220 -0.045501 -0.096404
v 0.011305 -0.055794 -0.090599
v 0.013249 -0.065385 -0.083656
v 0.015025 -0.074153 -0.075660
v 0.016613 -0.081990 -0.066713
v 0.017992 -0.088795 -0.056927
v 0.019145 -0.094484 -0.046426
v 0.020057 -0.098984 -0.035340
v 0.020716 -0.102240 -0.023810
v 0.021116 -0.104209 -0.011980
v 0.021249 -0.104869 -0.000000
v 0.033065 -0.101763 -0.000000
v 0.032857 -0.101123 -0.011980
v 0.032236 -0.099212 -0.023810
v 0.031209 -0.096052 -0.035340
v 0.029790 -0.091685 -0.046426
v 0.027997 -0.086165 -0.056927
v 0.025851 -0.079562 -0.066713
v 0.023380 -0.071957 -0.075660
v 0.020616 -0.063448 -0.083656
v 0.017592 -0.054141 -0.090599
v 0.014346 -0.044153 -0.096404
v 0.010921 -0.033610 -0.100996
v 0.007358 -0.022644 -0.104317
v 0.003702 -0.011394 -0.106327
v -0.053600 -0.060775 -0.007739
v -0.055000 -0.061987 -0.007039
v -0.053600 -0.060189 -0.007153
v -0.055000 -0.060889 -0.005941
v -0.053600 -0.059389 -0.006939
v -0.055000 -0.059389 -0.005539
v -0.053600 -0.058589 -0.007153
v -0.055000 -0.057889 -0.005941
v -0.053600 -0.058004 -0.007739
v -0.055000 -0.056791 -0.007039
v -0.053600 -0.057789 -0.008539
v -0.055000 -0.056389 -0.008539
v -0.053600 -0.058004 -0.009339
v -0.055000 -0.056791 -0.010039
v -0.053600 -0.058589 -0.009925
v -0.055000 -0.057889 -0.011137
v -0.053600 -0.059389 -0.010139
v -0.055000 -0.059389 -0.011539
v -0.053600 -0.060189 -0.009925
v -0.055000 -0.060889 -0.011137
v -0.053600 -0.060775 -0.009339
v -0.055000 -0.061987 -0.010039
v -0.053600 -0.060989 -0.008539
v -0.055000 -0.062389 -0.008539
v -0.053600 -0.046731 -0.038492
v -0.055000 -0.047943 -0.037792
v -0.053600 -0.046145 -0.037906
v -0.055000 -0.046845 -0.036694
v -0.053600 -0.045345 -0.037692
v -0.055000 -0.045345 -0.036292
v -0.053600 -0.044545 -0.037906
v -0.055000 -0.043845 -0.036694
v -0.053600 -0.043959 -0.038492
v -0.055000 -0.042747 -0.037792
v -0.053600 -0.043745 -0.039292
v -0.055000 -0.042345 -0.039292
v -0.053600 -0.043959 -0.040092
v -0.055000 -0.042747 -0.040792
v -0.053600 -0.044545 -0.040677
v -0.055000 -0.043845 -0.041890
v -0.053600 -0.045345 -0.040892
v -0.055000 -0.045345 -0.042292
v -0.053600 -0.046145 -0.040677
v -0.055000 -0.046845 -0.041890
v -0.053600 -0.046731 -0.040092
v -0.055000 -0.047943 -0.040792
v -0.053600 -0.046945 -0.039292
v -0.055000 -0.048345 -0.039292
v -0.053600 -0.018290 -0.056770
v -0.055000 -0.019502 -0.056070
v -0.053600 -0.017704 -0.056184
v -0.055000 -0.018404 -0.054972
v -0.053600 -0.016904 -0.055970
v -0.055000 -0.016904 -0.054570
v -0.053600 -0.016104 -0.056184
v -0.055000 -0.015404 -0.054972
v -0.053600 -0.015518 -0.056770
v -0.055000 -0.014306 -0.056070
v -0.053600 -0.015304 -0.057570
v -0.055000 -0.013904 -0.057570
v -0.053600 -0.015518 -0.058370
v -0.055000 -0.014306 -0.059070
v -0.053600 -0.016104 -0.058955
v -0.055000 -0.015404 -0.060168
v -0.053600 -0.016904 -0.059170
v -0.055000 -0.016904 -0.060570
v -0.053600 -0.017704 -0.058955
v -0.055000 -0.018404 -0.060168
v -0.053600 -0.018290 -0.058370
v -0.055000 -0.019502 -0.059070
v -0.053600 -0.018504 -0.057570
v -0.055000 -0.019904 -0.057570
v -0.053600 0.015518 -0.056770
v -0.055000 0.014306 -0.056070
v -0.053600 0.016104 -0.056184
v -0.055000 0.015404 -0.054972
v -0.053600 0.016904 -0.055970
v -0.055000 0.016904 -0.054570
v -0.053600 0.017704 -0.056184
v -0.055000 0.018404 -0.054972
v -0.053600 0.018290 -0.056770
v -0.055000 0.019502 -0.056070
v -0.053600 0.018504 -0.057570
v -0.055000 0.019904 -0.057570
v -0.053600 0.018290 -0.058370
v -0.055000 0.019502 -0.059070
v -0.053600 0.017704 -0.058955
v -0.055000 0.018404 -0.060168
v -0.053600 0.016904 -0.059170
v -0.055000 0.016904 -0.060570
v -0.053600 0.016104 -0.058955
v -0.055000 0.015404 -0.060168
v -0.053600 0.015518 -0.058370
v -0.055000 0.014306 -0.059070
v -0.053600 0.015304 -0.057570
v -0.055000 0.013904 -0.057570
v -0.053600 0.043959 -0.038492
v -0.055000 0.042747 -0.037792
v -0.053600 0.044545 -0.037906
v -0.055000 0.043845 -0.036694
v -0.053600 0.045345 -0.037692
v -0.055000 0.045345 -0.036292
v -0.053600 0.046145 -0.037906
v -0.055000 0.046845 -0.036694
v -0.053600 0.046731 -0.038492
v -0.055000 0.047943 -0.037792
v -0.053600 0.046945 -0.039292
v -0.055000 0.048345 -0.039292
v -0.053600 0.046731 -0.040092
v -0.055000 0.047943 -0.040792
v -0.053600 0.046145 -0.040677
v -0.055000 0.046845 -0.041890
v -0.053600 0.045345 -0.040892
v -0.055000 0.045345 -0.042292
v -0.053600 0.044545 -0.040677
v -0.055000 0.043845 -0.041890
v -0.053600 0.043959 -0.040092
v -0.055000 0.042747 -0.040792
v -0.053600 0.043745 -0.039292
v -0.055000 0.042345 -0.039292
v -0.053600 0.068959 -0.038492
v -0.055000 0.067747 -0.037792
v -0.053600 0.069545 -0.037906
v -0.055000 0.068845 -0.036694
v -0.053600 0.070345 -0.037692
v -0.055000 0.070345 -0.036292
v -0.053600 0.071145 -0.037906
v -0.055000 0.071845 -0.036694
v -0.053600 0.071731 -0.038492
v -0.055000 0.072943 -0.037792
v -0.053600 0.071945 -0.039292
v -0.055000 0.073345 -0.039292
v -0.053600 0.071731 -0.040092
v -0.055000 0.072943 -0.040792
v -0.053600 0.071145 -0.040677
v -0.055000 0.071845 -0.041890
v -0.053600 0.070345 -0.040892
v -0.055000 0.070345 -0.042292
v -0.053600 0.069545 -0.040677
v -0.055000 0.068845 -0.041890
v -0.053600 0.068959 -0.040092
v -0.055000 0.067747 -0.040792
v -0.053600 0.068745 -0.039292
v -0.055000 0.067345 -0.039292
v 0.050225 0.086992 -0.032250
v -0.055000 0.044861 -0.032250
v -0.053500 0.044861 -0.032250
v -0.055000 0.057845 -0.032250
v -0.053500 0.057845 -0.032250
v -0.053500 0.085017 -0.032250
v -0.050225 0.086992 -0.032250
v -0.053500 -0.055250 -0.000000
v -0.055000 -0.055250 -0.000000
v -0.053500 -0.075959 -0.000000
v -0.055000 -0.077086 -0.000000
v -0.053500 -0.090929 -0.000000
v -0.052750 -0.091366 -0.000000
v -0.041786 -0.096872 -0.000000
v -0.030258 -0.101068 -0.000000
v -0.018320 -0.103897 -0.000000
v -0.006134 -0.105322 -0.000000
v 0.006134 -0.105322 -0.000000
v 0.018320 -0.103897 -0.000000
v 0.030258 -0.101068 -0.000000
v 0.041786 -0.096872 -0.000000
v 0.052750 -0.091366 -0.000000
v 0.011494 -0.002724 -0.104837
v 0.011732 -0.001371 -0.104837
v 0.000000 0.000000 -0.105500
v 0.011100 -0.004040 -0.104837
v 0.010556 -0.005301 -0.104837
v 0.009869 -0.006491 -0.104837
v 0.009049 -0.007593 -0.104837
v 0.008106 -0.008592 -0.104837
v 0.007054 -0.009475 -0.104837
v 0.005906 -0.010230 -0.104837
v 0.004679 -0.010846 -0.104837
v 0.003388 -0.011316 -0.104837
v 0.002051 -0.011633 -0.104837
v 0.000687 -0.011792 -0.104837
v -0.000687 -0.011792 -0.104837
v -0.002051 -0.011633 -0.104837
v -0.003388 -0.011316 -0.104837
v -0.004679 -0.010846 -0.104837
v -0.005906 -0.010230 -0.104837
v -0.007054 -0.009475 -0.104837
v -0.008106 -0.008592 -0.104837
v -0.009049 -0.007593 -0.104837
v -0.009869 -0.006491 -0.104837
v -0.010556 -0.005301 -0.104837
v -0.011100 -0.004040 -0.104837
v -0.011494 -0.002724 -0.104837
v -0.011732 -0.001371 -0.104837
v -0.011812 0.000000 -0.104837
v -0.011732 0.001371 -0.104837
v -0.011494 0.002724 -0.104837
v -0.011100 0.004040 -0.104837
v -0.010556 0.005301 -0.104837
v -0.009869 0.006491 -0.104837
v -0.009049 0.007593 -0.104837
v -0.008106 0.008592 -0.104837
v -0.007054 0.009475 -0.104837
v -0.005906 0.010230 -0.104837
v -0.004679 0.010846 -0.104837
v -0.003388 0.011316 -0.104837
v -0.002051 0.011633 -0.104837
v -0.000687 0.011792 -0.104837
v 0.000687 0.011792 -0.104837
v 0.002051 0.011633 -0.104837
v 0.003388 0.011316 -0.104837
v 0.004679 0.010846 -0.104837
v 0.005906 0.010230 -0.104837
v 0.007054 0.009475 -0.104837
v 0.008106 0.008592 -0.104837
v 0.009049 0.007593 -0.104837
v 0.009869 0.006491 -0.104837
v 0.010556 0.005301 -0.104837
v 0.011100 0.004040 -0.104837
v 0.011494 0.002724 -0.104837
v 0.011732 0.001371 -0.104837
v 0.011812 0.000000 -0.104837
v 0.052418 -0.090791 -0.011812
v 0.051427 -0.089075 -0.023476
v 0.052744 0.019197 -0.089329
v 0.049790 0.086239 -0.034844
v -0.053500 0.071276 -0.056043
v -0.053344 0.071653 -0.056129
v -0.053500 0.072016 -0.055014
v -0.053500 -0.016394 -0.089439
v -0.053500 -0.016793 -0.089329
v -0.052744 -0.019197 -0.089329
v -0.053500 -0.044980 -0.078933
v -0.050389 -0.042281 -0.082483
v -0.053500 -0.037571 -0.082437
v -0.053500 -0.045862 -0.078515
v -0.053500 -0.051523 -0.074512
v -0.051193 -0.054262 -0.074600
v -0.053500 -0.058741 -0.069408
v -0.053500 -0.062443 -0.065678
v -0.049256 -0.066162 -0.065778
v -0.053500 -0.076658 -0.048431
v -0.053500 -0.078518 -0.045758
v -0.047526 -0.082318 -0.045775
v -0.053500 -0.078861 -0.045265
v -0.053500 -0.083729 -0.034769
v -0.049790 -0.086239 -0.034844
v -0.053500 -0.087374 -0.023915
v -0.053500 -0.087508 -0.023413
v -0.051427 -0.089075 -0.023476
v -0.053500 -0.089560 -0.015714
v -0.053500 -0.089902 -0.011796
v -0.052418 -0.090791 -0.011812
v -0.053500 -0.090626 -0.003469
v -0.053500 -0.085497 -0.030955
v -0.053500 -0.075959 -0.049436
v -0.044665 -0.077362 -0.056129
v -0.053500 -0.071981 -0.055153
v -0.053344 -0.071653 -0.056129
v -0.053500 -0.071345 -0.056067
v -0.053500 -0.069852 -0.058212
v -0.053500 -0.052367 -0.073915
v -0.053500 -0.056879 -0.070725
v -0.044548 -0.059838 -0.074600
v -0.045140 -0.047845 -0.082483
v -0.042998 -0.036079 -0.089329
v -0.046895 -0.030844 -0.089329
v -0.053500 -0.035425 -0.083452
v -0.053500 -0.027097 -0.086498
v -0.053500 -0.031124 -0.085391
v -0.053500 -0.031604 -0.085260
v -0.053500 -0.019608 -0.088555
v -0.050159 -0.025191 -0.089329
v -0.043014 -0.015656 -0.095052
v -0.044541 -0.010556 -0.095052
v -0.053500 -0.012776 -0.089781
v -0.045465 -0.005314 -0.095052
v -0.053500 -0.006316 -0.090393
v -0.053500 -0.000690 -0.090926
v -0.045775 0.000000 -0.095052
v -0.053500 0.000000 -0.090871
v -0.045465 0.005314 -0.095052
v -0.053500 0.006320 -0.090369
v -0.044541 0.010556 -0.095052
v -0.053500 0.012748 -0.089859
v -0.053500 0.015033 -0.089677
v -0.043014 0.015656 -0.095052
v -0.053500 0.016385 -0.089328
v -0.052744 0.019197 -0.089329
v -0.050159 0.025191 -0.089329
v -0.053500 0.019644 -0.088485
v -0.053500 0.027054 -0.086570
v -0.053500 0.030305 -0.085730
v -0.046895 0.030844 -0.089329
v -0.053500 0.031124 -0.085357
v -0.042998 0.036079 -0.089329
v -0.053500 0.037546 -0.082438
v -0.053500 0.035472 -0.083381
v -0.053500 0.044665 -0.079203
v -0.050389 0.042281 -0.082483
v -0.053500 0.044914 -0.079032
v -0.045140 0.047845 -0.082483
v -0.053500 0.051514 -0.074513
v -0.053500 0.056797 -0.070897
v -0.051193 0.054262 -0.074600
v -0.053500 0.057680 -0.070292
v -0.044548 0.059838 -0.074600
v -0.053500 0.057845 -0.070131
v -0.049256 0.066162 -0.065778
v -0.053500 0.068960 -0.059266
v -0.053500 0.062410 -0.065669
v -0.053500 0.076747 -0.048431
v -0.053500 0.078165 -0.046457
v -0.053500 0.078503 -0.045756
v -0.053500 0.083794 -0.034787
v -0.049790 0.086239 -0.034844
v -0.041242 0.071433 -0.065778
v 0.041242 0.071433 -0.065778
v 0.032670 0.075737 -0.065778
v 0.023656 0.079018 -0.065778
v 0.014323 0.081230 -0.065778
v 0.004796 0.082344 -0.065778
v -0.004796 0.082344 -0.065778
v -0.014323 0.081230 -0.065778
v -0.023656 0.079018 -0.065778
v -0.032670 0.075737 -0.065778
v 0.053344 0.071653 -0.056129
v 0.049256 0.066162 -0.065778
v 0.051193 0.054262 -0.074600
v 0.044548 0.059838 -0.074600
v 0.046895 0.030844 -0.089329
v 0.042998 0.036079 -0.089329
v 0.050159 0.025191 -0.089329
v 0.045775 0.000000 -0.095052
v 0.045465 0.005314 -0.095052
v 0.044541 0.010556 -0.095052
v 0.043014 0.015656 -0.095052
v 0.045465 -0.005314 -0.095052
v 0.044541 -0.010556 -0.095052
v 0.043014 -0.015656 -0.095052
v 0.052744 -0.019197 -0.089329
v 0.050159 -0.025191 -0.089329
v 0.046895 -0.030844 -0.089329
v 0.042998 -0.036079 -0.089329
v 0.050389 -0.042281 -0.082483
v 0.045140 -0.047845 -0.082483
v 0.051193 -0.054262 -0.074600
v 0.044548 -0.059838 -0.074600
v 0.049256 -0.066162 -0.065778
v 0.044665 -0.077362 -0.056129
v 0.053344 -0.071653 -0.056129
v 0.047526 -0.082318 -0.045775
v 0.049790 -0.086239 -0.034844
v 0.041524 -0.096263 -0.011812
v 0.030067 -0.100432 -0.011812
v 0.018205 -0.103244 -0.011812
v 0.006096 -0.104659 -0.011812
v -0.006096 -0.104659 -0.011812
v -0.018205 -0.103244 -0.011812
v -0.030067 -0.100432 -0.011812
v -0.041524 -0.096263 -0.011812
v 0.040739 -0.094443 -0.023476
v 0.029499 -0.098534 -0.023476
v 0.017861 -0.101292 -0.023476
v 0.005980 -0.102681 -0.023476
v -0.005980 -0.102681 -0.023476
v -0.017861 -0.101292 -0.023476
v -0.029499 -0.098534 -0.023476
v -0.040739 -0.094443 -0.023476
v 0.039442 -0.091436 -0.034844
v 0.028560 -0.095396 -0.034844
v 0.017292 -0.098067 -0.034844
v 0.005790 -0.099411 -0.034844
v -0.005790 -0.099411 -0.034844
v -0.017292 -0.098067 -0.034844
v -0.028560 -0.095396 -0.034844
v -0.039442 -0.091436 -0.034844
v 0.037648 -0.087278 -0.045775
v 0.027261 -0.091059 -0.045775
v 0.016506 -0.093608 -0.045775
v 0.005527 -0.094891 -0.045775
v -0.005527 -0.094891 -0.045775
v -0.016506 -0.093608 -0.045775
v -0.027261 -0.091059 -0.045775
v -0.037648 -0.087278 -0.045775
v 0.035382 -0.082024 -0.056129
v 0.025620 -0.085577 -0.056129
v 0.015512 -0.087972 -0.056129
v 0.005194 -0.089178 -0.056129
v -0.005194 -0.089178 -0.056129
v -0.015512 -0.087972 -0.056129
v -0.025620 -0.085577 -0.056129
v -0.035382 -0.082024 -0.056129
v 0.041242 -0.071433 -0.065778
v 0.032670 -0.075737 -0.065778
v 0.023656 -0.079018 -0.065778
v 0.014323 -0.081230 -0.065778
v 0.004796 -0.082344 -0.065778
v -0.004796 -0.082344 -0.065778
v -0.014323 -0.081230 -0.065778
v -0.023656 -0.079018 -0.065778
v -0.032670 -0.075737 -0.065778
v -0.041242 -0.071433 -0.065778
v -0.037300 0.064605 -0.074600
v -0.029547 0.068499 -0.074600
v -0.021395 0.071466 -0.074600
v -0.012954 0.073466 -0.074600
v -0.004338 0.074474 -0.074600
v 0.004338 0.074474 -0.074600
v 0.012954 0.073466 -0.074600
v 0.021395 0.071466 -0.074600
v 0.029547 0.068499 -0.074600
v 0.037300 0.064605 -0.074600
v 0.037300 -0.064605 -0.074600
v 0.029547 -0.068499 -0.074600
v 0.021395 -0.071466 -0.074600
v 0.012954 -0.073466 -0.074600
v 0.004338 -0.074474 -0.074600
v -0.004338 -0.074474 -0.074600
v -0.012954 -0.073466 -0.074600
v -0.021395 -0.071466 -0.074600
v -0.029547 -0.068499 -0.074600
v -0.037300 -0.064605 -0.074600
v -0.039280 0.052762 -0.082483
v -0.032889 0.056966 -0.082483
v -0.026053 0.060399 -0.082483
v -0.018865 0.063015 -0.082483
v -0.011422 0.064779 -0.082483
v -0.003825 0.065667 -0.082483
v 0.003825 0.065667 -0.082483
v 0.011422 0.064779 -0.082483
v 0.018865 0.063015 -0.082483
v 0.026053 0.060399 -0.082483
v 0.032889 0.056966 -0.082483
v 0.039280 0.052762 -0.082483
v 0.045140 0.047845 -0.082483
v 0.050389 0.042281 -0.082483
v 0.039280 -0.052762 -0.082483
v 0.032889 -0.056966 -0.082483
v 0.026053 -0.060399 -0.082483
v 0.018865 -0.063015 -0.082483
v 0.011422 -0.064779 -0.082483
v 0.003825 -0.065667 -0.082483
v -0.003825 -0.065667 -0.082483
v -0.011422 -0.064779 -0.082483
v -0.018865 -0.063015 -0.082483
v -0.026053 -0.060399 -0.082483
v -0.032889 -0.056966 -0.082483
v -0.039280 -0.052762 -0.082483
v -0.038518 0.040827 -0.089329
v -0.033518 0.045023 -0.089329
v -0.028065 0.048609 -0.089329
v -0.022232 0.051539 -0.089329
v -0.016098 0.053771 -0.089329
v -0.009747 0.055277 -0.089329
v -0.003264 0.056034 -0.089329
v 0.003264 0.056034 -0.089329
v 0.009747 0.055277 -0.089329
v 0.016098 0.053771 -0.089329
v 0.022232 0.051539 -0.089329
v 0.028065 0.048609 -0.089329
v 0.033518 0.045023 -0.089329
v 0.038518 0.040827 -0.089329
v 0.038518 -0.040827 -0.089329
v 0.033518 -0.045023 -0.089329
v 0.028065 -0.048609 -0.089329
v 0.022232 -0.051539 -0.089329
v 0.016098 -0.053771 -0.089329
v 0.009747 -0.055277 -0.089329
v 0.003264 -0.056034 -0.089329
v -0.003264 -0.056034 -0.089329
v -0.009747 -0.055277 -0.089329
v -0.016098 -0.053771 -0.089329
v -0.022232 -0.051539 -0.089329
v -0.028065 -0.048609 -0.089329
v -0.033518 -0.045023 -0.089329
v -0.038518 -0.040827 -0.089329
v -0.040906 0.020544 -0.095052
v -0.038244 0.025154 -0.095052
v -0.035065 0.029423 -0.095052
v -0.031413 0.033295 -0.095052
v -0.027335 0.036717 -0.095052
v -0.022887 0.039642 -0.095052
v -0.018130 0.042031 -0.095052
v -0.013128 0.043852 -0.095052
v -0.007949 0.045079 -0.095052
v -0.002662 0.045697 -0.095052
v 0.002662 0.045697 -0.095052
v 0.007949 0.045079 -0.095052
v 0.013128 0.043852 -0.095052
v 0.018130 0.042031 -0.095052
v 0.022887 0.039642 -0.095052
v 0.027335 0.036717 -0.095052
v 0.031413 0.033295 -0.095052
v 0.035065 0.029423 -0.095052
v 0.038244 0.025154 -0.095052
v 0.040906 0.020544 -0.095052
v 0.040906 -0.020544 -0.095052
v 0.038244 -0.025154 -0.095052
v 0.035065 -0.029423 -0.095052
v 0.031413 -0.033295 -0.095052
v 0.027335 -0.036717 -0.095052
v 0.022887 -0.039642 -0.095052
v 0.018130 -0.042031 -0.095052
v 0.013128 -0.043852 -0.095052
v 0.007949 -0.045079 -0.095052
v 0.002662 -0.045697 -0.095052
v -0.002662 -0.045697 -0.095052
v -0.007949 -0.045079 -0.095052
v -0.013128 -0.043852 -0.095052
v -0.018130 -0.042031 -0.095052
v -0.022887 -0.039642 -0.095052
v -0.027335 -0.036717 -0.095052
v -0.031413 -0.033295 -0.095052
v -0.035065 -0.029423 -0.095052
v -0.038244 -0.025154 -0.095052
v -0.040906 -0.020544 -0.095052
v 0.034609 -0.004045 -0.099580
v 0.033905 -0.008036 -0.099580
v 0.032743 -0.011917 -0.099580
v 0.031138 -0.015638 -0.099580
v 0.029112 -0.019147 -0.099580
v 0.026692 -0.022398 -0.099580
v 0.023912 -0.025345 -0.099580
v 0.020808 -0.027950 -0.099580
v 0.017422 -0.030176 -0.099580
v 0.013801 -0.031995 -0.099580
v 0.009993 -0.033381 -0.099580
v 0.006051 -0.034315 -0.099580
v 0.002026 -0.034786 -0.099580
v -0.002026 -0.034786 -0.099580
v -0.006051 -0.034315 -0.099580
v -0.009993 -0.033381 -0.099580
v -0.013801 -0.031995 -0.099580
v -0.017422 -0.030176 -0.099580
v -0.020808 -0.027950 -0.099580
v -0.023912 -0.025345 -0.099580
v -0.026692 -0.022398 -0.099580
v -0.029112 -0.019147 -0.099580
v -0.031138 -0.015638 -0.099580
v -0.032743 -0.011917 -0.099580
v -0.033905 -0.008036 -0.099580
v -0.034609 -0.004045 -0.099580
v -0.034844 0.000000 -0.099580
v -0.034609 0.004045 -0.099580
v -0.033905 0.008036 -0.099580
v -0.032743 0.011917 -0.099580
v -0.031138 0.015638 -0.099580
v -0.029112 0.019147 -0.099580
v -0.026692 0.022398 -0.099580
v -0.023912 0.025345 -0.099580
v -0.020808 0.027950 -0.099580
v -0.017422 0.030176 -0.099580
v -0.013801 0.031995 -0.099580
v -0.009993 0.033381 -0.099580
v -0.006051 0.034315 -0.099580
v -0.002026 0.034786 -0.099580
v 0.002026 0.034786 -0.099580
v 0.006051 0.034315 -0.099580
v 0.009993 0.033381 -0.099580
v 0.013801 0.031995 -0.099580
v 0.017422 0.030176 -0.099580
v 0.020808 0.027950 -0.099580
v 0.023912 0.025345 -0.099580
v 0.026692 0.022398 -0.099580
v 0.029112 0.019147 -0.099580
v 0.031138 0.015638 -0.099580
v 0.032743 0.011917 -0.099580
v 0.033905 0.008036 -0.099580
v 0.034609 0.004045 -0.099580
v 0.034844 0.000000 -0.099580
v 0.023317 -0.002725 -0.102855
v 0.022843 -0.005414 -0.102855
v 0.022060 -0.008029 -0.102855
v 0.020979 -0.010536 -0.102855
v 0.019614 -0.012900 -0.102855
v 0.017984 -0.015090 -0.102855
v 0.016110 -0.017076 -0.102855
v 0.014019 -0.018831 -0.102855
v 0.011738 -0.020331 -0.102855
v 0.009298 -0.021556 -0.102855
v 0.006733 -0.022490 -0.102855
v 0.004077 -0.023119 -0.102855
v 0.001365 -0.023436 -0.102855
v -0.001365 -0.023436 -0.102855
v -0.004077 -0.023119 -0.102855
v -0.006733 -0.022490 -0.102855
v -0.009298 -0.021556 -0.102855
v -0.011738 -0.020331 -0.102855
v -0.014019 -0.018831 -0.102855
v -0.016110 -0.017076 -0.102855
v -0.017984 -0.015090 -0.102855
v -0.019614 -0.012900 -0.102855
v -0.020979 -0.010536 -0.102855
v -0.022060 -0.008029 -0.102855
v -0.022843 -0.005414 -0.102855
v -0.023317 -0.002725 -0.102855
v -0.023476 0.000000 -0.102855
v -0.023317 0.002725 -0.102855
v -0.022843 0.005414 -0.102855
v -0.022060 0.008029 -0.102855
v -0.020979 0.010536 -0.102855
v -0.019614 0.012900 -0.102855
v -0.017984 0.015090 -0.102855
v -0.016110 0.017076 -0.102855
v -0.014019 0.018831 -0.102855
v -0.011738 0.020331 -0.102855
v -0.009298 0.021556 -0.102855
v -0.006733 0.022490 -0.102855
v -0.004077 0.023119 -0.102855
v -0.001365 0.023436 -0.102855
v 0.001365 0.023436 -0.102855
v 0.004077 0.023119 -0.102855
v 0.006733 0.022490 -0.102855
v 0.009298 0.021556 -0.102855
v 0.011738 0.020331 -0.102855
v 0.014019 0.018831 -0.102855
v 0.016110 0.017076 -0.102855
v 0.017984 0.015090 -0.102855
v 0.019614 0.012900 -0.102855
v 0.020979 0.010536 -0.102855
v 0.022060 0.008029 -0.102855
v 0.022843 0.005414 -0.102855
v 0.023317 0.002725 -0.102855
v 0.023476 0.000000 -0.102855
v -0.053500 -0.046945 -0.039292
v -0.053500 -0.046731 -0.038492
v -0.053500 -0.046145 -0.037906
v -0.053500 -0.045345 -0.037692
v -0.053500 -0.044545 -0.037906
v -0.053500 -0.043959 -0.038492
v -0.053500 -0.043745 -0.039292
v -0.053500 -0.043959 -0.040092
v -0.053500 -0.044545 -0.040677
v -0.053500 -0.045345 -0.040892
v -0.053500 -0.046145 -0.040677
v -0.053500 -0.046731 -0.040092
v -0.053500 -0.060989 -0.008539
v -0.053500 -0.060775 -0.007739
v -0.053500 -0.060189 -0.007153
v -0.053500 -0.059389 -0.006939
v -0.053500 -0.058589 -0.007153
v -0.053500 -0.058004 -0.007739
v -0.053500 -0.057789 -0.008539
v -0.053500 -0.058004 -0.009339
v -0.053500 -0.058589 -0.009925
v -0.053500 -0.059389 -0.010139
v -0.053500 -0.060189 -0.009925
v -0.053500 -0.060775 -0.009339
v -0.053500 -0.018504 -0.057570
v -0.053500 -0.018290 -0.056770
v -0.053500 -0.017704 -0.056184
v -0.053500 -0.016904 -0.055970
v -0.053500 -0.016104 -0.056184
v -0.053500 -0.015518 -0.056770
v -0.053500 -0.015304 -0.057570
v -0.053500 -0.015518 -0.058370
v -0.053500 -0.016104 -0.058955
v -0.053500 -0.016904 -0.059170
v -0.053500 -0.017704 -0.058955
v -0.053500 -0.018290 -0.058370
v -0.053500 0.015304 -0.057570
v -0.053500 0.015518 -0.056770
v -0.053500 0.016104 -0.056184
v -0.053500 0.016904 -0.055970
v -0.053500 0.017704 -0.056184
v -0.053500 0.018290 -0.056770
v -0.053500 0.018504 -0.057570
v -0.053500 0.018290 -0.058370
v -0.053500 0.017704 -0.058955
v -0.053500 0.016904 -0.059170
v -0.053500 0.016104 -0.058955
v -0.053500 0.015518 -0.058370
v -0.053500 0.043745 -0.039292
v -0.053500 0.043959 -0.038492
v -0.053500 0.044545 -0.037906
v -0.053500 0.045345 -0.037692
v -0.053500 0.046145 -0.037906
v -0.053500 0.046731 -0.038492
v -0.053500 0.046945 -0.039292
v -0.053500 0.046731 -0.040092
v -0.053500 0.046145 -0.040677
v -0.053500 0.045345 -0.040892
v -0.053500 0.044545 -0.040677
v -0.053500 0.043959 -0.040092
v -0.053500 0.068745 -0.039292
v -0.053500 0.068959 -0.038492
v -0.053500 0.069545 -0.037906
v -0.053500 0.070345 -0.037692
v -0.053500 0.071145 -0.037906
v -0.053500 0.071731 -0.038492
v -0.053500 0.071945 -0.039292
v -0.053500 0.071731 -0.040092
v -0.053500 0.071145 -0.040677
v -0.053500 0.070345 -0.040892
v -0.053500 0.069545 -0.040677
v -0.053500 0.068959 -0.040092
v -0.055000 0.057845 -0.048431
v -0.055000 0.031124 -0.048431
v -0.055000 0.037158 -0.040888
v -0.055000 0.031124 -0.045312
v -0.055000 0.027825 -0.047732
v -0.055000 0.026272 -0.048431
v -0.055000 0.005959 -0.054928
v -0.055000 0.017271 -0.052481
v -0.055000 0.031124 -0.076176
v -0.055000 0.000000 -0.076176
v -0.055000 0.000000 -0.054946
v -0.055000 -0.031124 -0.048431
v -0.055000 -0.031124 -0.076176
v -0.055000 -0.005614 -0.054964
v -0.055000 -0.016941 -0.052589
v -0.055000 -0.026338 -0.048431
v -0.055000 -0.052367 -0.023915
v -0.055000 -0.052367 -0.048431
v -0.055000 -0.036901 -0.041121
v -0.055000 -0.031124 -0.045301
v -0.055000 -0.027525 -0.047906
v -0.055000 -0.049644 -0.023915
v -0.055000 -0.044657 -0.032531
v -0.055000 -0.077086 -0.023915
v -0.055000 -0.054038 -0.011510
v -0.055000 -0.052367 -0.016641
v -0.055000 -0.050455 -0.022514
v -0.055000 -0.077086 -0.048431
v -0.053500 0.057845 -0.048431
v -0.053500 -0.054885 -0.003469
v -0.053500 -0.054038 -0.011510
v -0.053500 -0.052367 -0.016641
v -0.053500 -0.052367 -0.023915
v -0.053500 -0.075959 -0.023915
v -0.053500 -0.075959 -0.003469
v -0.053500 -0.044657 -0.032531
v -0.053500 -0.049644 -0.023915
v -0.053500 -0.050455 -0.022514
v -0.053500 -0.036901 -0.041121
v -0.053500 -0.052367 -0.048431
v -0.053500 -0.031124 -0.048431
v -0.053500 -0.026338 -0.048431
v -0.053500 -0.027525 -0.047906
v -0.053500 -0.031124 -0.045301
v -0.053500 -0.016941 -0.052589
v -0.053500 -0.005614 -0.054964
v -0.053500 0.000000 -0.054946
v -0.053500 0.017271 -0.052481
v -0.053500 0.005959 -0.054928
v -0.053500 0.026272 -0.048431
v -0.053500 0.031124 -0.048431
v -0.053500 0.037158 -0.040888
v -0.053500 0.031124 -0.045312
v -0.053500 0.027825 -0.047732
v -0.053500 -0.075959 -0.048431
v 0.044921 0.126638 0.045250
v 0.043543 0.128564 0.048340
v 0.047291 0.121235 0.045250
v 0.046828 0.121076 0.048340
v 0.048594 0.116088 0.045250
v 0.048835 0.113149 0.048340
v 0.049318 0.113230 0.045250
v 0.049511 0.105000 0.048340
v 0.050000 0.105000 0.045250
v 0.043974 0.128797 0.045250
v 0.039457 0.135711 0.045250
v 0.039071 0.135410 0.048340
v 0.039058 0.136144 0.045250
v 0.033533 0.141426 0.048340
v 0.033864 0.141786 0.045250
v 0.031072 0.143960 0.045250
v 0.027080 0.146449 0.048340
v 0.027347 0.146858 0.045250
v 0.021639 0.149947 0.045250
v 0.019888 0.150340 0.048340
v 0.020085 0.150789 0.045250
v 0.012274 0.153470 0.045250
v 0.012154 0.152996 0.048340
v 0.011112 0.153664 0.045250
v 0.004089 0.154342 0.048340
v 0.004129 0.154829 0.045250
v -0.004089 0.154342 0.048340
v 0.000000 0.154829 0.045250
v -0.004129 0.154829 0.045250
v -0.011112 0.153664 0.045250
v -0.012154 0.152996 0.048340
v -0.012274 0.153470 0.045250
v -0.020085 0.150789 0.045250
v -0.019888 0.150340 0.048340
v -0.021639 0.149947 0.045250
v -0.027080 0.146449 0.048340
v -0.027347 0.146858 0.045250
v -0.033533 0.141426 0.048340
v -0.031072 0.143960 0.045250
v -0.033864 0.141786 0.045250
v -0.039058 0.136144 0.045250
v -0.039071 0.135410 0.048340
v -0.039457 0.135711 0.045250
v -0.043974 0.128797 0.045250
v -0.043543 0.128564 0.048340
v -0.044921 0.126638 0.045250
v -0.046828 0.121076 0.048340
v -0.047291 0.121235 0.045250
v -0.048835 0.113149 0.048340
v -0.048594 0.116088 0.045250
v -0.049318 0.113230 0.045250
v 0.046984 0.105000 0.052234
v 0.048090 0.105000 0.051128
v 0.047434 0.112915 0.051128
v 0.049157 0.105000 0.049035
v -0.050000 0.105000 0.045250
v -0.049511 0.105000 0.048340
v -0.049157 0.105000 0.049035
v -0.047434 0.112915 0.051128
v -0.045485 0.120615 0.051128
v -0.042294 0.127888 0.051128
v -0.037950 0.134538 0.051128
v -0.032571 0.140381 0.051128
v -0.026303 0.145259 0.051128
v -0.019318 0.149040 0.051128
v -0.011805 0.151619 0.051128
v -0.003971 0.152926 0.051128
v 0.003971 0.152926 0.051128
v 0.011805 0.151619 0.051128
v 0.019318 0.149040 0.051128
v 0.026303 0.145259 0.051128
v 0.032571 0.140381 0.051128
v 0.037950 0.134538 0.051128
v 0.042294 0.127888 0.051128
v 0.045485 0.120615 0.051128
v 0.043785 0.105000 0.054407
v 0.045878 0.105000 0.053340
v 0.045252 0.112551 0.053340
v 0.043392 0.119896 0.053340
v 0.040348 0.126835 0.053340
v 0.036204 0.133179 0.053340
v 0.031072 0.138753 0.053340
v 0.025093 0.143407 0.053340
v 0.018429 0.147014 0.053340
v 0.011262 0.149474 0.053340
v 0.003789 0.150721 0.053340
v -0.003789 0.150721 0.053340
v -0.011262 0.149474 0.053340
v -0.018429 0.147014 0.053340
v -0.025093 0.143407 0.053340
v -0.031072 0.138753 0.053340
v -0.036204 0.133179 0.053340
v -0.040348 0.126835 0.053340
v -0.043392 0.119896 0.053340
v -0.045252 0.112551 0.053340
v 0.040000 0.105000 0.055250
v 0.043090 0.105000 0.054761
v 0.042502 0.112092 0.054761
v -0.048090 0.105000 0.051128
v -0.046984 0.105000 0.052234
v -0.045878 0.105000 0.053340
v -0.043785 0.105000 0.054407
v 0.040755 0.118991 0.054761
v 0.037897 0.125509 0.054761
v 0.034004 0.131467 0.054761
v 0.029184 0.136702 0.054761
v 0.023568 0.141074 0.054761
v 0.017309 0.144461 0.054761
v 0.010578 0.146772 0.054761
v 0.003558 0.147943 0.054761
v -0.003558 0.147943 0.054761
v -0.010578 0.146772 0.054761
v -0.017309 0.144461 0.054761
v -0.023568 0.141074 0.054761
v -0.029184 0.136702 0.054761
v -0.034004 0.131467 0.054761
v -0.037897 0.125509 0.054761
v -0.040755 0.118991 0.054761
v -0.042502 0.112092 0.054761
v -0.043090 0.105000 0.054761
v 0.039454 0.111584 0.055250
v 0.037833 0.117988 0.055250
v 0.035179 0.124038 0.055250
v 0.031566 0.129569 0.055250
v 0.027091 0.134429 0.055250
v 0.021878 0.138487 0.055250
v 0.016068 0.141631 0.055250
v 0.009819 0.143776 0.055250
v 0.003303 0.144863 0.055250
v -0.003303 0.144863 0.055250
v -0.009819 0.143776 0.055250
v -0.016068 0.141631 0.055250
v -0.021878 0.138487 0.055250
v -0.027091 0.134429 0.055250
v -0.031566 0.129569 0.055250
v -0.035179 0.124038 0.055250
v -0.037833 0.117988 0.055250
v -0.039454 0.111584 0.055250
v -0.040000 0.105000 0.055250
v -0.053600 -0.060775 0.009339
v -0.055000 -0.061987 0.010039
v -0.053600 -0.060189 0.009925
v -0.055000 -0.060889 0.011137
v -0.053600 -0.059389 0.010139
v -0.055000 -0.059389 0.011539
v -0.053600 -0.058589 0.009925
v -0.055000 -0.057889 0.011137
v -0.053600 -0.058004 0.009339
v -0.055000 -0.056791 0.010039
v -0.053600 -0.057789 0.008539
v -0.055000 -0.056389 0.008539
v -0.053600 -0.058004 0.007739
v -0.055000 -0.056791 0.007039
v -0.053600 -0.058589 0.007153
v -0.055000 -0.057889 0.005941
v -0.053600 -0.059389 0.006939
v -0.055000 -0.059389 0.005539
v -0.053600 -0.060189 0.007153
v -0.055000 -0.060889 0.005941
v -0.053600 -0.060775 0.007739
v -0.055000 -0.061987 0.007039
v -0.053600 -0.060989 0.008539
v -0.055000 -0.062389 0.008539
v -0.053600 -0.046731 0.040092
v -0.055000 -0.047943 0.040792
v -0.053600 -0.046145 0.040677
v -0.055000 -0.046845 0.041890
v -0.053600 -0.045345 0.040892
v -0.055000 -0.045345 0.042292
v -0.053600 -0.044545 0.040677
v -0.055000 -0.043845 0.041890
v -0.053600 -0.043959 0.040092
v -0.055000 -0.042747 0.040792
v -0.053600 -0.043745 0.039292
v -0.055000 -0.042345 0.039292
v -0.053600 -0.043959 0.038492
v -0.055000 -0.042747 0.037792
v -0.053600 -0.044545 0.037906
v -0.055000 -0.043845 0.036694
v -0.053600 -0.045345 0.037692
v -0.055000 -0.045345 0.036292
v -0.053600 -0.046145 0.037906
v -0.055000 -0.046845 0.036694
v -0.053600 -0.046731 0.038492
v -0.055000 -0.047943 0.037792
v -0.053600 -0.046945 0.039292
v -0.055000 -0.048345 0.039292
v -0.053600 -0.018290 0.058370
v -0.055000 -0.019502 0.059070
v -0.053600 -0.017704 0.058955
v -0.055000 -0.018404 0.060168
v -0.053600 -0.016904 0.059170
v -0.055000 -0.016904 0.060570
v -0.053600 -0.016104 0.058955
v -0.055000 -0.015404 0.060168
v -0.053600 -0.015518 0.058370
v -0.055000 -0.014306 0.059070
v -0.053600 -0.015304 0.057570
v -0.055000 -0.013904 0.057570
v -0.053600 -0.015518 0.056770
v -0.055000 -0.014306 0.056070
v -0.053600 -0.016104 0.056184
v -0.055000 -0.015404 0.054971
v -0.053600 -0.016904 0.055970
v -0.055000 -0.016904 0.054570
v -0.053600 -0.017704 0.056184
v -0.055000 -0.018404 0.054971
v -0.053600 -0.018290 0.056770
v -0.055000 -0.019502 0.056070
v -0.053600 -0.018504 0.057570
v -0.055000 -0.019904 0.057570
v -0.053600 0.015518 0.058370
v -0.055000 0.014306 0.059070
v -0.053600 0.016104 0.058955
v -0.055000 0.015404 0.060168
v -0.053600 0.016904 0.059170
v -0.055000 0.016904 0.060570
v -0.053600 0.017704 0.058955
v -0.055000 0.018404 0.060168
v -0.053600 0.018290 0.058370
v -0.055000 0.019502 0.059070
v -0.053600 0.018504 0.057570
v -0.055000 0.019904 0.057570
v -0.053600 0.018290 0.056770
v -0.055000 0.019502 0.056070
v -0.053600 0.017704 0.056184
v -0.055000 0.018404 0.054971
v -0.053600 0.016904 0.055970
v -0.055000 0.016904 0.054570
v -0.053600 0.016104 0.056184
v -0.055000 0.015404 0.054971
v -0.053600 0.015518 0.056770
v -0.055000 0.014306 0.056070
v -0.053600 0.015304 0.057570
v -0.055000 0.013904 0.057570
v -0.053600 0.043959 0.040092
v -0.055000 0.042747 0.040792
v -0.053600 0.044545 0.040677
v -0.055000 0.043845 0.041890
v -0.053600 0.045345 0.040892
v -0.055000 0.045345 0.042292
v -0.053600 0.046145 0.040677
v -0.055000 0.046845 0.041890
v -0.053600 0.046731 0.040092
v -0.055000 0.047943 0.040792
v -0.053600 0.046945 0.039292
v -0.055000 0.048345 0.039292
v -0.053600 0.046731 0.038492
v -0.055000 0.047943 0.037792
v -0.053600 0.046145 0.037906
v -0.055000 0.046845 0.036694
v -0.053600 0.045345 0.037692
v -0.055000 0.045345 0.036292
v -0.053600 0.044545 0.037906
v -0.055000 0.043845 0.036694
v -0.053600 0.043959 0.038492
v -0.055000 0.042747 0.037792
v -0.053600 0.043745 0.039292
v -0.055000 0.042345 0.039292
v -0.053600 0.068959 0.040092
v -0.055000 0.067747 0.040792
v -0.053600 0.069545 0.040677
v -0.055000 0.068845 0.041890
v -0.053600 0.070345 0.040892
v -0.055000 0.070345 0.042292
v -0.053600 0.071145 0.040677
v -0.055000 0.071845 0.041890
v -0.053600 0.071731 0.040092
v -0.055000 0.072943 0.040792
v -0.053600 0.071945 0.039292
v -0.055000 0.073345 0.039292
v -0.053600 0.071731 0.038492
v -0.055000 0.072943 0.037792
v -0.053600 0.071145 0.037906
v -0.055000 0.071845 0.036694
v -0.053600 0.070345 0.037692
v -0.055000 0.070345 0.036292
v -0.053600 0.069545 0.037906
v -0.055000 0.068845 0.036694
v -0.053600 0.068959 0.038492
v -0.055000 0.067747 0.037792
v -0.053600 0.068745 0.039292
v -0.055000 0.067345 0.039292
v -0.055000 0.044861 0.032250
v -0.053500 0.044861 0.032250
v -0.055000 0.037158 0.040888
v -0.053500 0.037158 0.040888
v -0.055000 0.031124 0.045312
v -0.053500 0.031124 0.045312
v -0.055000 0.027825 0.047732
v -0.053500 0.027825 0.047732
v -0.055000 0.026272 0.048431
v -0.053500 0.026272 0.048431
v -0.055000 0.017271 0.052481
v -0.053500 0.017271 0.052481
v -0.055000 0.005959 0.054928
v -0.053500 0.005959 0.054928
v -0.055000 0.000000 0.054946
v -0.053500 0.000000 0.054946
v -0.055000 -0.005614 0.054964
v -0.053500 -0.005614 0.054964
v -0.055000 -0.016941 0.052589
v -0.053500 -0.016941 0.052589
v -0.055000 -0.026338 0.048431
v -0.053500 -0.026338 0.048431
v -0.055000 -0.027525 0.047906
v -0.053500 -0.027525 0.047906
v -0.055000 -0.031124 0.045301
v -0.053500 -0.031124 0.045301
v -0.055000 -0.036901 0.041121
v -0.053500 -0.036901 0.041121
v -0.055000 -0.044657 0.032531
v -0.053500 -0.044657 0.032531
v -0.055000 -0.049644 0.023915
v -0.053500 -0.049644 0.023915
v -0.055000 -0.050455 0.022514
v -0.053500 -0.050455 0.022514
v -0.055000 -0.052367 0.016641
v -0.053500 -0.052367 0.016641
v -0.055000 -0.054038 0.011510
v -0.053500 -0.054038 0.011510
v -0.055000 -0.054958 0.002769
v -0.053500 0.015304 0.057570
v -0.053500 0.015518 0.058370
v -0.053500 0.016104 0.058955
v -0.053500 0.016904 0.059170
v -0.053500 0.017704 0.058955
v -0.053500 0.018290 0.058370
v -0.053500 0.018504 0.057570
v -0.053500 0.018290 0.056770
v -0.053500 0.017704 0.056184
v -0.053500 0.016904 0.055970
v -0.053500 0.016104 0.056184
v -0.053500 0.015518 0.056770
v -0.053500 -0.018504 0.057570
v -0.053500 -0.018290 0.058370
v -0.053500 -0.017704 0.058955
v -0.053500 -0.016904 0.059170
v -0.053500 -0.016104 0.058955
v -0.053500 -0.015518 0.058370
v -0.053500 -0.015304 0.057570
v -0.053500 -0.015518 0.056770
v -0.053500 -0.016104 0.056184
v -0.053500 -0.016904 0.055970
v -0.053500 -0.017704 0.056184
v -0.053500 -0.018290 0.056770
v -0.053500 -0.046945 0.039292
v -0.053500 -0.046731 0.040092
v -0.053500 -0.046145 0.040677
v -0.053500 -0.045345 0.040892
v -0.053500 -0.044545 0.040677
v -0.053500 -0.043959 0.040092
v -0.053500 -0.043745 0.039292
v -0.053500 -0.043959 0.038492
v -0.053500 -0.044545 0.037906
v -0.053500 -0.045345 0.037692
v -0.053500 -0.046145 0.037906
v -0.053500 -0.046731 0.038492
v -0.053500 -0.060989 0.008539
v -0.053500 -0.060775 0.009339
v -0.053500 -0.060189 0.009925
v -0.053500 -0.059389 0.010139
v -0.053500 -0.058589 0.009925
v -0.053500 -0.058004 0.009339
v -0.053500 -0.057789 0.008539
v -0.053500 -0.058004 0.007739
v -0.053500 -0.058589 0.007153
v -0.053500 -0.059389 0.006939
v -0.053500 -0.060189 0.007153
v -0.053500 -0.060775 0.007739
v -0.053500 0.043745 0.039292
v -0.053500 0.043959 0.040092
v -0.053500 0.044545 0.040677
v -0.053500 0.045345 0.040892
v -0.053500 0.046145 0.040677
v -0.053500 0.046731 0.040092
v -0.053500 0.046945 0.039292
v -0.053500 0.046731 0.038492
v -0.053500 0.046145 0.037906
v -0.053500 0.045345 0.037692
v -0.053500 0.044545 0.037906
v -0.053500 0.043959 0.038492
v -0.053500 0.068745 0.039292
v -0.053500 0.068959 0.040092
v -0.053500 0.069545 0.040677
v -0.053500 0.070345 0.040892
v -0.053500 0.071145 0.040677
v -0.053500 0.071731 0.040092
v -0.053500 0.071945 0.039292
v -0.053500 0.071731 0.038492
v -0.053500 0.071145 0.037906
v -0.053500 0.070345 0.037692
v -0.053500 0.069545 0.037906
v -0.053500 0.068959 0.038492
v 0.036187 0.137055 0.045250
v 0.038273 0.134789 0.045250
v 0.037763 0.134392 0.048503
v 0.046931 0.116566 0.045250
v 0.047839 0.112983 0.045250
v 0.047200 0.112876 0.048503
v -0.034133 0.131566 0.053103
v -0.038040 0.125586 0.053103
v -0.040465 0.126899 0.051260
v -0.039454 0.111584 0.053750
v -0.040000 0.105000 0.053750
v -0.043253 0.105000 0.053103
v -0.037833 0.117988 0.053750
v -0.042663 0.112119 0.053103
v 0.027091 0.134429 0.053750
v 0.021878 0.138487 0.053750
v 0.023657 0.141210 0.053103
v 0.031566 0.129569 0.053750
v 0.029294 0.136822 0.053103
v 0.035179 0.124038 0.053750
v 0.034133 0.131566 0.053103
v 0.037833 0.117988 0.053750
v 0.038040 0.125586 0.053103
v 0.039454 0.111584 0.053750
v 0.040909 0.119044 0.053103
v 0.040000 0.105000 0.053750
v 0.042663 0.112119 0.053103
v -0.035179 0.124038 0.053750
v -0.031566 0.129569 0.053750
v -0.027091 0.134429 0.053750
v 0.011295 0.149602 0.051260
v 0.018482 0.147135 0.051260
v 0.017374 0.144610 0.053103
v -0.045260 0.120538 0.048503
v -0.043517 0.119940 0.051260
v -0.040909 0.119044 0.053103
v 0.019222 0.148822 0.048503
v 0.011747 0.151389 0.048503
v 0.003952 0.152690 0.048503
v 0.016068 0.141631 0.053750
v 0.010618 0.146929 0.053103
v 0.003800 0.150853 0.051260
v -0.003952 0.152690 0.048503
v -0.004005 0.153334 0.045250
v -0.005827 0.153030 0.045250
v 0.009819 0.143776 0.053750
v 0.003303 0.144863 0.053750
v 0.003572 0.148105 0.053103
v -0.003572 0.148105 0.053103
v -0.003800 0.150853 0.051260
v -0.011295 0.149602 0.051260
v -0.011747 0.151389 0.048503
v -0.019222 0.148822 0.048503
v -0.003303 0.144863 0.053750
v -0.010618 0.146929 0.053103
v -0.018482 0.147135 0.051260
v -0.026173 0.145061 0.048503
v -0.026527 0.145603 0.045250
v -0.027498 0.144847 0.045250
v -0.009819 0.143776 0.053750
v -0.016068 0.141631 0.053750
v -0.017374 0.144610 0.053103
v -0.023657 0.141210 0.053103
v -0.025165 0.143518 0.051260
v -0.031162 0.138851 0.051260
v -0.032410 0.140207 0.048503
v -0.037763 0.134392 0.048503
v -0.021878 0.138487 0.053750
v -0.029294 0.136822 0.053103
v -0.036309 0.133260 0.051260
v -0.042085 0.127775 0.048503
v -0.042654 0.128083 0.045250
v -0.042902 0.127520 0.045250
v 0.043253 0.105000 0.053103
v 0.045383 0.112573 0.051260
v 0.046010 0.105000 0.051260
v 0.047853 0.105000 0.048503
v 0.048500 0.105000 0.045250
v 0.043517 0.119940 0.051260
v 0.045260 0.120538 0.048503
v 0.045872 0.120748 0.045250
v 0.042085 0.127775 0.048503
v 0.042654 0.128083 0.045250
v 0.042902 0.127520 0.045250
v 0.040465 0.126899 0.051260
v 0.036309 0.133260 0.051260
v 0.031162 0.138851 0.051260
v 0.032410 0.140207 0.048503
v 0.032848 0.140683 0.045250
v 0.026173 0.145061 0.048503
v 0.026527 0.145603 0.045250
v 0.027498 0.144847 0.045250
v 0.025165 0.143518 0.051260
v 0.019482 0.149415 0.045250
v 0.004005 0.153334 0.045250
v 0.005827 0.153030 0.045250
v 0.011906 0.152016 0.045250
v 0.017153 0.150215 0.045250
v -0.019482 0.149415 0.045250
v -0.017153 0.150215 0.045250
v -0.011906 0.152016 0.045250
v -0.038273 0.134789 0.045250
v -0.036187 0.137055 0.045250
v -0.032848 0.140683 0.045250
v -0.045872 0.120748 0.045250
v -0.047200 0.112876 0.048503
v -0.047839 0.112983 0.045250
v -0.046931 0.116566 0.045250
v -0.045383 0.112573 0.051260
v -0.046010 0.105000 0.051260
v -0.047853 0.105000 0.048503
v -0.048500 0.105000 0.045250
v 0.049887 0.082487 0.046423
v 0.049955 0.082843 0.045713
v 0.050000 0.083075 0.045250
v 0.047071 0.080597 0.052321
v 0.048333 0.080836 0.050777
v 0.048955 0.081182 0.049609
v 0.049239 0.081339 0.049077
v 0.049816 0.082118 0.047159
v 0.045544 0.080652 0.053572
v 0.043827 0.080989 0.054489
v 0.041915 0.081609 0.055065
v 0.040000 0.082440 0.055250
v 0.038065 0.083351 0.055250
v -0.013041 0.090699 0.055250
v -0.023295 0.088622 0.055250
v -0.002617 0.091595 0.055250
v 0.007841 0.091296 0.055250
v 0.028316 0.087147 0.055250
v -0.033245 0.085389 0.055250
v -0.040000 0.082440 0.055250
v 0.018197 0.089807 0.055250
v -0.041911 0.081610 0.055066
v -0.042894 0.081291 0.054770
v -0.050000 0.083075 0.045250
v -0.049886 0.082487 0.046423
v -0.049815 0.082114 0.047167
v -0.049239 0.081339 0.049077
v -0.048329 0.080835 0.050784
v -0.047071 0.080597 0.052321
v -0.045539 0.080652 0.053576
v -0.043827 0.080989 0.054489
v -0.048500 0.105000 0.032250
v -0.047091 0.116607 0.032250
v -0.042945 0.127539 0.032250
v -0.036303 0.137161 0.032250
v -0.027551 0.144915 0.032250
v -0.017198 0.150348 0.032250
v -0.005846 0.153146 0.032250
v 0.005846 0.153146 0.032250
v 0.017198 0.150348 0.032250
v 0.027551 0.144915 0.032250
v 0.036303 0.137161 0.032250
v 0.042945 0.127539 0.032250
v 0.047091 0.116607 0.032250
v 0.048500 0.105000 0.032250
v -0.050000 0.087566 0.035283
v -0.050000 0.105000 0.032250
v -0.050000 0.088932 0.032250
v -0.048746 0.116126 0.032250
v -0.045048 0.126694 0.032250
v -0.039092 0.136174 0.032250
v -0.031174 0.144092 0.032250
v -0.021694 0.150048 0.032250
v -0.011126 0.153746 0.032250
v 0.000000 0.155000 0.032250
v 0.011126 0.153746 0.032250
v 0.021694 0.150048 0.032250
v 0.031174 0.144092 0.032250
v 0.039092 0.136174 0.032250
v 0.045048 0.126694 0.032250
v 0.048746 0.116126 0.032250
v 0.050000 0.105000 0.032250
v 0.050000 0.088932 0.032250
v 0.050000 0.087566 0.035283
v -0.055000 0.031124 0.048431
v -0.055000 -0.077086 0.002769
v -0.055000 -0.077086 0.023915
v -0.055000 -0.052367 0.023915
v -0.055000 -0.052367 0.048431
v -0.055000 -0.031124 0.048431
v -0.055000 0.000000 0.091739
v -0.055000 -0.009615 0.090936
v -0.055000 -0.003163 0.091535
v -0.055000 -0.031124 0.086285
v -0.055000 -0.031110 0.086289
v -0.055000 -0.013254 0.090598
v -0.055000 -0.000515 0.091781
v -0.055000 -0.023474 0.088373
v -0.055000 -0.016388 0.090307
v -0.055000 -0.016159 0.090329
v -0.055000 0.031080 0.086332
v -0.055000 0.031124 0.086312
v -0.055000 0.003169 0.091481
v -0.055000 0.009610 0.090955
v -0.055000 0.030799 0.086460
v -0.055000 0.023475 0.088372
v -0.055000 0.013984 0.090599
v -0.055000 0.015374 0.090486
v -0.055000 0.016182 0.090275
v -0.055000 0.057845 0.048431
v -0.055000 0.057845 0.032250
v -0.055000 0.077770 0.048431
v -0.055000 0.085930 0.032250
v -0.055000 0.084484 0.035275
v -0.055000 0.080496 0.043614
v -0.055000 0.079155 0.046420
v -0.055000 0.079053 0.046632
v -0.055000 0.058425 0.070785
v -0.055000 0.062671 0.066610
v -0.055000 0.063729 0.065570
v -0.055000 0.069792 0.059608
v -0.055000 0.071759 0.056851
v -0.055000 0.037021 0.083614
v -0.055000 0.040264 0.082129
v -0.055000 0.045295 0.079827
v -0.055000 0.050783 0.076047
v -0.055000 0.051469 0.075576
v -0.055000 0.057845 0.071184
v -0.055000 -0.050757 0.076091
v -0.055000 -0.046188 0.079314
v -0.055000 -0.040280 0.082098
v -0.055000 -0.037063 0.083614
v -0.055000 -0.031767 0.086109
v -0.055000 -0.070456 0.058821
v -0.055000 -0.063712 0.065603
v -0.055000 -0.062703 0.066618
v -0.055000 -0.079111 0.046403
v -0.055000 -0.077698 0.048431
v -0.055000 -0.077086 0.048431
v -0.055000 -0.077086 0.049309
v -0.055000 -0.071816 0.056870
v -0.055000 -0.059215 0.070125
v -0.055000 -0.052367 0.074955
v -0.055000 -0.051487 0.075576
v -0.055000 -0.088253 0.023915
v -0.055000 -0.086286 0.031284
v -0.055000 -0.084438 0.035263
v -0.055000 -0.080476 0.043796
v -0.055000 -0.079572 0.045742
v -0.055000 -0.091541 0.002769
v -0.055000 -0.090739 0.011964
v -0.055000 -0.090398 0.015881
v -0.055000 -0.088298 0.023747
v -0.053500 0.035472 0.083381
v -0.053500 0.031124 0.085357
v -0.053500 0.031124 0.075049
v -0.053500 -0.089902 0.011796
v -0.053500 -0.031124 0.048431
v -0.053500 0.057845 0.032250
v -0.053500 0.057845 0.048431
v -0.053500 0.031124 0.048431
v -0.053500 0.000000 0.075049
v -0.053500 -0.031124 0.075049
v -0.053500 -0.052367 0.048431
v -0.053500 -0.052367 0.023915
v -0.053500 -0.075959 0.023915
v -0.053500 -0.085497 0.030955
v -0.053500 -0.087374 0.023915
v -0.053500 -0.087508 0.023413
v -0.053500 -0.089560 0.015714
v -0.053500 -0.076658 0.048431
v -0.053500 -0.078518 0.045758
v -0.053500 -0.078861 0.045265
v -0.053500 -0.083729 0.034769
v -0.053500 -0.052367 0.073915
v -0.053500 -0.056879 0.070725
v -0.053500 -0.075959 0.049436
v -0.053500 -0.075959 0.048431
v -0.053500 -0.071981 0.055153
v -0.053500 -0.071345 0.056067
v -0.053500 -0.069852 0.058212
v -0.053500 -0.058741 0.069408
v -0.053500 -0.062443 0.065678
v -0.053500 -0.051523 0.074512
v -0.053500 -0.050764 0.075049
v -0.053500 -0.045862 0.078515
v -0.053500 -0.035425 0.083452
v -0.053500 -0.031604 0.085260
v -0.053500 -0.031124 0.085391
v -0.053500 -0.037571 0.082437
v -0.053500 -0.044980 0.078933
v -0.053500 -0.000690 0.090926
v -0.053500 -0.006316 0.090393
v -0.053500 -0.012776 0.089781
v -0.053500 -0.016394 0.089439
v -0.053500 -0.016793 0.089329
v -0.053500 -0.019608 0.088555
v -0.053500 -0.027097 0.086498
v -0.053500 0.006320 0.090369
v -0.053500 0.000000 0.090871
v -0.053500 0.030305 0.085730
v -0.053500 0.027054 0.086570
v -0.053500 0.019644 0.088485
v -0.053500 0.016385 0.089328
v -0.053500 0.015033 0.089677
v -0.053500 0.012748 0.089859
v -0.053500 0.044914 0.079032
v -0.053500 0.044665 0.079203
v -0.053500 0.037546 0.082438
v -0.053500 0.057680 0.070292
v -0.053500 0.056797 0.070897
v -0.053500 0.051514 0.074513
v -0.053500 0.050732 0.075049
v -0.053500 0.057845 0.070131
v -0.053500 0.071276 0.056043
v -0.053500 0.072016 0.055014
v -0.053500 0.076747 0.048431
v -0.053500 0.068960 0.059266
v -0.053500 0.062410 0.065669
v -0.053500 0.078165 0.046457
v -0.053500 0.085017 0.032250
v -0.053500 0.083794 0.034787
v -0.053500 0.078503 0.045756
v -0.048500 0.087966 0.032250
v -0.048500 0.086806 0.034793
v -0.048500 0.084072 0.040791
v -0.048500 0.082039 0.045250
v -0.048450 0.081774 0.045773
v -0.048344 0.081217 0.046872
v -0.046010 0.079910 0.051260
v -0.046153 0.079938 0.051086
v -0.047084 0.080116 0.049948
v -0.047853 0.080547 0.048503
v -0.044713 0.079958 0.052324
v -0.043253 0.080247 0.053103
v -0.041627 0.080779 0.053593
v -0.040000 0.081494 0.053750
v 0.026036 0.086967 0.053750
v -0.026036 0.086967 0.053750
v -0.035957 0.083357 0.053750
v -0.015764 0.089402 0.053750
v 0.035957 0.083357 0.053750
v 0.040000 0.081494 0.053750
v 0.015764 0.089402 0.053750
v 0.005278 0.090627 0.053750
v -0.005278 0.090627 0.053750
v 0.041623 0.080780 0.053594
v 0.043253 0.080247 0.053103
v 0.044708 0.079958 0.052327
v 0.046010 0.079910 0.051260
v 0.047080 0.080115 0.049954
v 0.046153 0.079938 0.051087
v 0.048500 0.082039 0.045250
v 0.048449 0.081774 0.045773
v 0.048342 0.081213 0.046879
v 0.047853 0.080547 0.048503
v 0.048500 0.087966 0.032250
v 0.048500 0.086806 0.034793
v 0.048500 0.084072 0.040791
v 0.011669 -0.002714 0.106327
v 0.011902 -0.001366 0.106327
v 0.000000 0.000000 0.107000
v 0.011283 -0.004026 0.106327
v 0.010751 -0.005286 0.106327
v 0.010078 -0.006477 0.106327
v 0.009274 -0.007584 0.106327
v 0.008349 -0.008591 0.106327
v 0.007316 -0.009487 0.106327
v 0.006187 -0.010259 0.106327
v 0.004977 -0.010898 0.106327
v 0.003702 -0.011394 0.106327
v 0.002379 -0.011742 0.106327
v 0.001025 -0.011936 0.106327
v -0.000342 -0.011975 0.106327
v -0.001705 -0.011858 0.106327
v -0.003046 -0.011587 0.106327
v -0.004347 -0.011164 0.106327
v -0.005591 -0.010596 0.106327
v -0.006762 -0.009889 0.106327
v -0.007845 -0.009054 0.106327
v -0.008826 -0.008101 0.106327
v -0.009692 -0.007042 0.106327
v -0.010432 -0.005891 0.106327
v -0.011035 -0.004664 0.106327
v -0.011495 -0.003375 0.106327
v -0.011805 -0.002043 0.106327
v -0.011961 -0.000684 0.106327
v -0.011961 0.000684 0.106327
v -0.011805 0.002043 0.106327
v -0.011495 0.003375 0.106327
v -0.011035 0.004664 0.106327
v -0.010432 0.005891 0.106327
v -0.009692 0.007042 0.106327
v -0.008826 0.008101 0.106327
v -0.007845 0.009054 0.106327
v -0.006762 0.009889 0.106327
v -0.005591 0.010596 0.106327
v -0.004347 0.011164 0.106327
v -0.003046 0.011587 0.106327
v -0.001705 0.011858 0.106327
v -0.000342 0.011975 0.106327
v 0.001025 0.011936 0.106327
v 0.002379 0.011742 0.106327
v 0.003702 0.011394 0.106327
v 0.004977 0.010898 0.106327
v 0.006187 0.010259 0.106327
v 0.007316 0.009487 0.106327
v 0.008349 0.008591 0.106327
v 0.009274 0.007584 0.106327
v 0.010078 0.006477 0.106327
v 0.010751 0.005286 0.106327
v 0.011283 0.004026 0.106327
v 0.011669 0.002714 0.106327
v 0.011902 0.001366 0.106327
v 0.011980 0.000000 0.106327
v 0.055000 -0.086286 0.031284
v 0.055000 -0.084438 0.035263
v 0.052154 -0.086487 0.035340
v 0.055000 -0.079572 0.045742
v 0.055000 -0.079111 0.046403
v 0.049783 -0.082555 0.046426
v 0.055000 -0.070456 0.058821
v 0.055000 -0.062703 0.066618
v 0.051084 -0.066247 0.066713
v 0.055000 -0.037063 0.083614
v 0.051646 -0.042230 0.083656
v 0.055000 -0.045078 0.079837
v 0.055000 0.056749 0.071939
v 0.052731 0.054259 0.075660
v 0.055000 0.051469 0.075576
v -0.054783 0.063223 0.066713
v -0.053972 0.039213 0.083656
v -0.054621 0.016038 0.090599
v -0.053972 -0.039213 0.083656
v -0.049619 -0.094039 0.011980
v -0.047131 -0.089324 0.035340
v -0.054414 -0.079579 0.046426
v -0.044988 -0.085263 0.046426
v -0.051138 -0.074787 0.056927
v -0.047219 -0.069056 0.066713
v -0.054783 -0.063223 0.066713
v -0.049547 -0.057180 0.075660
v -0.043688 -0.050419 0.083656
v -0.049151 -0.045110 0.083656
v -0.046055 -0.033461 0.090599
v -0.049569 -0.027993 0.090599
v -0.052437 -0.022160 0.090599
v -0.054621 -0.016038 0.090599
v -0.046350 -0.002650 0.096404
v -0.045746 -0.007917 0.096404
v -0.044545 -0.013080 0.096404
v -0.046350 0.002650 0.096404
v -0.045746 0.007917 0.096404
v -0.052437 0.022160 0.090599
v -0.049569 0.027993 0.090599
v -0.046055 0.033461 0.090599
v -0.049547 0.057180 0.075660
v -0.047219 0.069056 0.066713
v -0.054414 0.079579 0.046426
v -0.051138 0.074787 0.056927
v -0.042280 0.080129 0.056927
v -0.032870 0.084426 0.056927
v -0.023032 0.087623 0.056927
v -0.012894 0.089677 0.056927
v -0.002587 0.090563 0.056927
v 0.007753 0.090267 0.056927
v 0.017992 0.088795 0.056927
v 0.027997 0.086165 0.056927
v 0.037636 0.082412 0.056927
v 0.046785 0.077585 0.056927
v 0.055000 0.079053 0.046632
v 0.055000 0.077770 0.048431
v 0.055000 0.071759 0.056851
v 0.055000 0.079155 0.046420
v 0.055000 0.079637 0.045411
v 0.055000 0.084484 0.035275
v 0.052154 0.086487 0.035340
v 0.052685 0.087368 0.032250
v 0.055000 0.085930 0.032250
v 0.055000 0.062671 0.066610
v 0.055000 0.069792 0.059608
v 0.051084 0.066247 0.066713
v 0.055000 0.071422 0.057324
v 0.043200 0.071639 0.066713
v 0.046202 0.059916 0.075660
v 0.055000 0.057845 0.071184
v 0.055000 0.058425 0.070785
v 0.051646 0.042230 0.083656
v 0.055000 0.045003 0.079961
v 0.046495 0.047842 0.083656
v 0.055000 0.045295 0.079827
v 0.055000 0.027233 0.087391
v 0.055000 0.030799 0.086460
v 0.047890 0.030777 0.090599
v 0.055000 0.037021 0.083614
v 0.044070 0.036036 0.090599
v 0.055000 0.035613 0.084257
v 0.055000 0.031124 0.086312
v 0.055000 0.015374 0.090486
v 0.055000 0.019786 0.089334
v 0.053617 0.019130 0.090599
v 0.051087 0.025118 0.090599
v 0.046426 0.000000 0.096404
v 0.055000 0.006375 0.091219
v 0.046123 0.005292 0.096404
v 0.055000 0.012861 0.090690
v 0.045219 0.010515 0.096404
v 0.055000 0.013984 0.090599
v 0.043726 0.015601 0.096404
v 0.055000 -0.006372 0.091237
v 0.055000 -0.000515 0.091781
v 0.055000 0.000000 0.091739
v 0.046123 -0.005292 0.096404
v 0.045219 -0.010515 0.096404
v 0.055000 -0.012881 0.090633
v 0.051087 -0.025118 0.090599
v 0.055000 -0.019760 0.089387
v 0.053617 -0.019130 0.090599
v 0.055000 -0.016388 0.090307
v 0.055000 -0.013254 0.090598
v 0.055000 -0.035577 0.084314
v 0.055000 -0.031767 0.086109
v 0.047890 -0.030777 0.090599
v 0.055000 -0.031124 0.086285
v 0.055000 -0.027263 0.087339
v 0.055000 -0.046188 0.079314
v 0.046495 -0.047842 0.083656
v 0.055000 -0.051487 0.075576
v 0.052731 -0.054259 0.075660
v 0.055000 -0.052367 0.074955
v 0.055000 -0.056800 0.071829
v 0.055000 -0.059215 0.070125
v 0.046202 -0.059916 0.075660
v 0.055000 -0.077698 0.048431
v 0.046785 -0.077585 0.056927
v 0.055000 -0.071816 0.056870
v 0.055000 -0.071384 0.057490
v 0.055000 -0.088253 0.023915
v 0.055000 -0.090398 0.015881
v 0.055000 -0.088298 0.023747
v 0.053869 -0.089332 0.023810
v 0.054907 -0.091053 0.011980
v 0.055000 -0.090739 0.011964
v 0.055000 -0.091541 0.002769
v 0.055000 -0.091211 0.006553
v 0.044170 -0.096719 0.011980
v 0.032857 -0.101123 0.011980
v 0.021116 -0.104209 0.011980
v 0.009099 -0.105937 0.011980
v -0.003036 -0.106284 0.011980
v -0.015132 -0.105245 0.011980
v -0.027030 -0.102834 0.011980
v -0.038576 -0.099083 0.011980
v 0.043335 -0.094890 0.023810
v 0.032236 -0.099212 0.023810
v 0.020716 -0.102240 0.023810
v 0.008927 -0.103935 0.023810
v -0.002979 -0.104275 0.023810
v -0.014846 -0.103256 0.023810
v -0.026519 -0.100890 0.023810
v -0.037847 -0.097210 0.023810
v -0.048681 -0.092262 0.023810
v 0.041955 -0.091869 0.035340
v 0.031209 -0.096052 0.035340
v 0.020057 -0.098984 0.035340
v 0.008643 -0.100625 0.035340
v -0.002884 -0.100954 0.035340
v -0.014373 -0.099968 0.035340
v -0.025675 -0.097677 0.035340
v -0.036642 -0.094114 0.035340
v 0.040048 -0.087692 0.046426
v 0.029790 -0.091685 0.046426
v 0.019145 -0.094484 0.046426
v 0.008250 -0.096050 0.046426
v -0.002753 -0.096364 0.046426
v -0.013720 -0.095422 0.046426
v -0.024508 -0.093237 0.046426
v -0.034976 -0.089835 0.046426
v 0.037636 -0.082412 0.056927
v 0.027997 -0.086165 0.056927
v 0.017992 -0.088795 0.056927
v 0.007753 -0.090267 0.056927
v -0.002587 -0.090563 0.056927
v -0.012894 -0.089677 0.056927
v -0.023032 -0.087623 0.056927
v -0.032870 -0.084426 0.056927
v -0.042280 -0.080129 0.056927
v -0.039040 0.073988 0.066713
v -0.030351 0.077956 0.066713
v -0.021267 0.080908 0.066713
v -0.011905 0.082804 0.066713
v -0.002389 0.083622 0.066713
v 0.007159 0.083349 0.066713
v 0.016613 0.081990 0.066713
v 0.025851 0.079562 0.066713
v 0.034752 0.076096 0.066713
v 0.043200 -0.071639 0.066713
v 0.034752 -0.076096 0.066713
v 0.025851 -0.079562 0.066713
v 0.016613 -0.081990 0.066713
v 0.007159 -0.083349 0.066713
v -0.002389 -0.083622 0.066713
v -0.011905 -0.082804 0.066713
v -0.021267 -0.080908 0.066713
v -0.030351 -0.077956 0.066713
v -0.039040 -0.073988 0.066713
v -0.042706 0.062456 0.075660
v -0.035308 0.066917 0.075660
v -0.027450 0.070505 0.075660
v -0.019234 0.073175 0.075660
v -0.010768 0.074890 0.075660
v -0.002161 0.075630 0.075660
v 0.006475 0.075383 0.075660
v 0.015025 0.074153 0.075660
v 0.023380 0.071957 0.075660
v 0.031430 0.068823 0.075660
v 0.039071 0.064792 0.075660
v 0.039071 -0.064792 0.075660
v 0.031430 -0.068823 0.075660
v 0.023380 -0.071957 0.075660
v 0.015025 -0.074153 0.075660
v 0.006475 -0.075383 0.075660
v -0.002161 -0.075630 0.075660
v -0.010768 -0.074890 0.075660
v -0.019234 -0.073175 0.075660
v -0.027450 -0.070505 0.075660
v -0.035308 -0.066917 0.075660
v -0.042706 -0.062456 0.075660
v -0.049151 0.045110 0.083656
v -0.043688 0.050419 0.083656
v -0.037656 0.055070 0.083656
v -0.031133 0.059004 0.083656
v -0.024204 0.062168 0.083656
v -0.016960 0.064522 0.083656
v -0.009494 0.066034 0.083656
v -0.001905 0.066686 0.083656
v 0.005709 0.066469 0.083656
v 0.013249 0.065385 0.083656
v 0.020616 0.063448 0.083656
v 0.027714 0.060685 0.083656
v 0.034451 0.057130 0.083656
v 0.040738 0.052831 0.083656
v 0.040738 -0.052831 0.083656
v 0.034451 -0.057130 0.083656
v 0.027714 -0.060685 0.083656
v 0.020616 -0.063448 0.083656
v 0.013249 -0.065385 0.083656
v 0.005709 -0.066469 0.083656
v -0.001905 -0.066686 0.083656
v -0.009494 -0.066034 0.083656
v -0.016960 -0.064522 0.083656
v -0.024204 -0.062168 0.083656
v -0.031133 -0.059004 0.083656
v -0.037656 -0.055070 0.083656
v -0.041941 0.038493 0.090599
v -0.037280 0.043023 0.090599
v -0.032132 0.046992 0.090599
v -0.026566 0.050349 0.090599
v -0.020654 0.053049 0.090599
v -0.014472 0.055057 0.090599
v -0.008102 0.056348 0.090599
v -0.001626 0.056904 0.090599
v 0.004872 0.056719 0.090599
v 0.011305 0.055794 0.090599
v 0.017592 0.054141 0.090599
v 0.023649 0.051783 0.090599
v 0.029397 0.048750 0.090599
v 0.034763 0.045081 0.090599
v 0.039675 0.040824 0.090599
v 0.044070 -0.036036 0.090599
v 0.039675 -0.040824 0.090599
v 0.034763 -0.045081 0.090599
v 0.029397 -0.048750 0.090599
v 0.023649 -0.051783 0.090599
v 0.017592 -0.054141 0.090599
v 0.011305 -0.055794 0.090599
v 0.004872 -0.056719 0.090599
v -0.001626 -0.056904 0.090599
v -0.008102 -0.056348 0.090599
v -0.014472 -0.055057 0.090599
v -0.020654 -0.053049 0.090599
v -0.026566 -0.050349 0.090599
v -0.032132 -0.046992 0.090599
v -0.037280 -0.043023 0.090599
v -0.041941 -0.038493 0.090599
v -0.044545 0.013080 0.096404
v -0.042764 0.018072 0.096404
v -0.040425 0.022829 0.096404
v -0.037559 0.027288 0.096404
v -0.034204 0.031392 0.096404
v -0.030402 0.035086 0.096404
v -0.026205 0.038323 0.096404
v -0.021665 0.041060 0.096404
v -0.016844 0.043262 0.096404
v -0.011802 0.044900 0.096404
v -0.006607 0.045953 0.096404
v -0.001326 0.046407 0.096404
v 0.003973 0.046255 0.096404
v 0.009220 0.045501 0.096404
v 0.014346 0.044153 0.096404
v 0.019286 0.042230 0.096404
v 0.023974 0.039756 0.096404
v 0.028350 0.036765 0.096404
v 0.032356 0.033293 0.096404
v 0.035940 0.029388 0.096404
v 0.039056 0.025100 0.096404
v 0.041662 0.020484 0.096404
v 0.043726 -0.015601 0.096404
v 0.041662 -0.020484 0.096404
v 0.039056 -0.025100 0.096404
v 0.035940 -0.029388 0.096404
v 0.032356 -0.033293 0.096404
v 0.028350 -0.036765 0.096404
v 0.023974 -0.039756 0.096404
v 0.019286 -0.042230 0.096404
v 0.014346 -0.044153 0.096404
v 0.009220 -0.045501 0.096404
v 0.003973 -0.046255 0.096404
v -0.001326 -0.046407 0.096404
v -0.006607 -0.045953 0.096404
v -0.011802 -0.044900 0.096404
v -0.016844 -0.043262 0.096404
v -0.021665 -0.041060 0.096404
v -0.026205 -0.038323 0.096404
v -0.030402 -0.035086 0.096404
v -0.034204 -0.031392 0.096404
v -0.037559 -0.027288 0.096404
v -0.040425 -0.022829 0.096404
v -0.042764 -0.018072 0.096404
v 0.035110 -0.004028 0.100996
v 0.034421 -0.008004 0.100996
v 0.033285 -0.011876 0.100996
v 0.031714 -0.015593 0.100996
v 0.029730 -0.019106 0.100996
v 0.027358 -0.022371 0.100996
v 0.024630 -0.025343 0.100996
v 0.021580 -0.027986 0.100996
v 0.018249 -0.030263 0.100996
v 0.014681 -0.032146 0.100996
v 0.010921 -0.033610 0.100996
v 0.007018 -0.034636 0.100996
v 0.003024 -0.035210 0.100996
v -0.001009 -0.035325 0.100996
v -0.005029 -0.034980 0.100996
v -0.008984 -0.034179 0.100996
v -0.012822 -0.032932 0.100996
v -0.016492 -0.031256 0.100996
v -0.019947 -0.029172 0.100996
v -0.023143 -0.026708 0.100996
v -0.026036 -0.023896 0.100996
v -0.028591 -0.020772 0.100996
v -0.030772 -0.017378 0.100996
v -0.032552 -0.013757 0.100996
v -0.033908 -0.009956 0.100996
v -0.034822 -0.006026 0.100996
v -0.035282 -0.002017 0.100996
v -0.035282 0.002017 0.100996
v -0.034822 0.006026 0.100996
v -0.033908 0.009956 0.100996
v -0.032552 0.013757 0.100996
v -0.030772 0.017378 0.100996
v -0.028591 0.020772 0.100996
v -0.026036 0.023896 0.100996
v -0.023143 0.026708 0.100996
v -0.019947 0.029172 0.100996
v -0.016492 0.031256 0.100996
v -0.012822 0.032932 0.100996
v -0.008984 0.034179 0.100996
v -0.005029 0.034980 0.100996
v -0.001009 0.035325 0.100996
v 0.003024 0.035210 0.100996
v 0.007018 0.034636 0.100996
v 0.010921 0.033610 0.100996
v 0.014681 0.032146 0.100996
v 0.018249 0.030263 0.100996
v 0.021580 0.027986 0.100996
v 0.024630 0.025343 0.100996
v 0.027358 0.022371 0.100996
v 0.029730 0.019106 0.100996
v 0.031714 0.015593 0.100996
v 0.033285 0.011876 0.100996
v 0.034421 0.008004 0.100996
v 0.035110 0.004028 0.100996
v 0.035340 0.000000 0.100996
v 0.023655 -0.002714 0.104317
v 0.023191 -0.005393 0.104317
v 0.022425 -0.008001 0.104317
v 0.021367 -0.010505 0.104317
v 0.020030 -0.012873 0.104317
v 0.018432 -0.015072 0.104317
v 0.016594 -0.017075 0.104317
v 0.014539 -0.018855 0.104317
v 0.012295 -0.020389 0.104317
v 0.009891 -0.021658 0.104317
v 0.007358 -0.022644 0.104317
v 0.004728 -0.023336 0.104317
v 0.002038 -0.023722 0.104317
v -0.000680 -0.023800 0.104317
v -0.003388 -0.023567 0.104317
v -0.006053 -0.023028 0.104317
v -0.008638 -0.022187 0.104317
v -0.011111 -0.021058 0.104317
v -0.013439 -0.019654 0.104317
v -0.015592 -0.017994 0.104317
v -0.017542 -0.016100 0.104317
v -0.019262 -0.013995 0.104317
v -0.020732 -0.011708 0.104317
v -0.021932 -0.009268 0.104317
v -0.022845 -0.006708 0.104317
v -0.023461 -0.004060 0.104317
v -0.023771 -0.001359 0.104317
v -0.023771 0.001359 0.104317
v -0.023461 0.004060 0.104317
v -0.022845 0.006708 0.104317
v -0.021932 0.009268 0.104317
v -0.020732 0.011708 0.104317
v -0.019262 0.013995 0.104317
v -0.017542 0.016100 0.104317
v -0.015592 0.017994 0.104317
v -0.013439 0.019654 0.104317
v -0.011111 0.021058 0.104317
v -0.008638 0.022187 0.104317
v -0.006053 0.023028 0.104317
v -0.003388 0.023567 0.104317
v -0.000680 0.023800 0.104317
v 0.002038 0.023722 0.104317
v 0.004728 0.023336 0.104317
v 0.007358 0.022644 0.104317
v 0.009891 0.021658 0.104317
v 0.012295 0.020389 0.104317
v 0.014539 0.018855 0.104317
v 0.016594 0.017075 0.104317
v 0.018432 0.015072 0.104317
v 0.020030 0.012873 0.104317
v 0.021367 0.010505 0.104317
v 0.022425 0.008001 0.104317
v 0.023191 0.005393 0.104317
v 0.023655 0.002714 0.104317
v 0.023810 0.000000 0.104317
v 0.053600 -0.058004 0.009339
v 0.055000 -0.056791 0.010039
v 0.053600 -0.058589 0.009925
v 0.055000 -0.057889 0.011137
v 0.053600 -0.059389 0.010139
v 0.055000 -0.059389 0.011539
v 0.053600 -0.060189 0.009925
v 0.055000 -0.060889 0.011137
v 0.053600 -0.060775 0.009339
v 0.055000 -0.061987 0.010039
v 0.053600 -0.060989 0.008539
v 0.055000 -0.062389 0.008539
v 0.053600 -0.060775 0.007739
v 0.055000 -0.061987 0.007039
v 0.053600 -0.060189 0.007153
v 0.055000 -0.060889 0.005941
v 0.053600 -0.059389 0.006939
v 0.055000 -0.059389 0.005539
v 0.053600 -0.058589 0.007153
v 0.055000 -0.057889 0.005941
v 0.053600 -0.058004 0.007739
v 0.055000 -0.056791 0.007039
v 0.053600 -0.057789 0.008539
v 0.055000 -0.056389 0.008539
v 0.053600 -0.043959 0.040092
v 0.055000 -0.042747 0.040792
v 0.053600 -0.044545 0.040677
v 0.055000 -0.043845 0.041890
v 0.053600 -0.045345 0.040892
v 0.055000 -0.045345 0.042292
v 0.053600 -0.046145 0.040677
v 0.055000 -0.046845 0.041890
v 0.053600 -0.046731 0.040092
v 0.055000 -0.047943 0.040792
v 0.053600 -0.046945 0.039292
v 0.055000 -0.048345 0.039292
v 0.053600 -0.046731 0.038492
v 0.055000 -0.047943 0.037792
v 0.053600 -0.046145 0.037906
v 0.055000 -0.046845 0.036694
v 0.053600 -0.045345 0.037692
v 0.055000 -0.045345 0.036292
v 0.053600 -0.044545 0.037906
v 0.055000 -0.043845 0.036694
v 0.053600 -0.043959 0.038492
v 0.055000 -0.042747 0.037792
v 0.053600 -0.043745 0.039292
v 0.055000 -0.042345 0.039292
v 0.053600 -0.015518 0.058370
v 0.055000 -0.014306 0.059070
v 0.053600 -0.016104 0.058955
v 0.055000 -0.015404 0.060168
v 0.053600 -0.016904 0.059170
v 0.055000 -0.016904 0.060570
v 0.053600 -0.017704 0.058955
v 0.055000 -0.018404 0.060168
v 0.053600 -0.018290 0.058370
v 0.055000 -0.019502 0.059070
v 0.053600 -0.018504 0.057570
v 0.055000 -0.019904 0.057570
v 0.053600 -0.018290 0.056770
v 0.055000 -0.019502 0.056070
v 0.053600 -0.017704 0.056184
v 0.055000 -0.018404 0.054971
v 0.053600 -0.016904 0.055970
v 0.055000 -0.016904 0.054570
v 0.053600 -0.016104 0.056184
v 0.055000 -0.015404 0.054971
v 0.053600 -0.015518 0.056770
v 0.055000 -0.014306 0.056070
v 0.053600 -0.015304 0.057570
v 0.055000 -0.013904 0.057570
v 0.053600 0.018290 0.058370
v 0.055000 0.019502 0.059070
v 0.053600 0.017704 0.058955
v 0.055000 0.018404 0.060168
v 0.053600 0.016904 0.059170
v 0.055000 0.016904 0.060570
v 0.053600 0.016104 0.058955
v 0.055000 0.015404 0.060168
v 0.053600 0.015518 0.058370
v 0.055000 0.014306 0.059070
v 0.053600 0.015304 0.057570
v 0.055000 0.013904 0.057570
v 0.053600 0.015518 0.056770
v 0.055000 0.014306 0.056070
v 0.053600 0.016104 0.056184
v 0.055000 0.015404 0.054971
v 0.053600 0.016904 0.055970
v 0.055000 0.016904 0.054570
v 0.053600 0.017704 0.056184
v 0.055000 0.018404 0.054971
v 0.053600 0.018290 0.056770
v 0.055000 0.019502 0.056070
v 0.053600 0.018504 0.057570
v 0.055000 0.019904 0.057570
v 0.053600 0.046731 0.040092
v 0.055000 0.047943 0.040792
v 0.053600 0.046145 0.040677
v 0.055000 0.046845 0.041890
v 0.053600 0.045345 0.040892
v 0.055000 0.045345 0.042292
v 0.053600 0.044545 0.040677
v 0.055000 0.043845 0.041890
v 0.053600 0.043959 0.040092
v 0.055000 0.042747 0.040792
v 0.053600 0.043745 0.039292
v 0.055000 0.042345 0.039292
v 0.053600 0.043959 0.038492
v 0.055000 0.042747 0.037792
v 0.053600 0.044545 0.037906
v 0.055000 0.043845 0.036694
v 0.053600 0.045345 0.037692
v 0.055000 0.045345 0.036292
v 0.053600 0.046145 0.037906
v 0.055000 0.046845 0.036694
v 0.053600 0.046731 0.038492
v 0.055000 0.047943 0.037792
v 0.053600 0.046945 0.039292
v 0.055000 0.048345 0.039292
v 0.053600 0.071731 0.040092
v 0.055000 0.072943 0.040792
v 0.053600 0.071145 0.040677
v 0.055000 0.071845 0.041890
v 0.053600 0.070345 0.040892
v 0.055000 0.070345 0.042292
v 0.053600 0.069545 0.040677
v 0.055000 0.068845 0.041890
v 0.053600 0.068959 0.040092
v 0.055000 0.067747 0.040792
v 0.053600 0.068745 0.039292
v 0.055000 0.067345 0.039292
v 0.053600 0.068959 0.038492
v 0.055000 0.067747 0.037792
v 0.053600 0.069545 0.037906
v 0.055000 0.068845 0.036694
v 0.053600 0.070345 0.037692
v 0.055000 0.070345 0.036292
v 0.053600 0.071145 0.037906
v 0.055000 0.071845 0.036694
v 0.053600 0.071731 0.038492
v 0.055000 0.072943 0.037792
v 0.053600 0.071945 0.039292
v 0.055000 0.073345 0.039292
v -0.050225 0.086992 0.032250
v 0.055000 0.044861 0.032250
v 0.053500 0.044861 0.032250
v 0.055000 0.057845 0.032250
v 0.053500 0.057845 0.032250
v 0.055000 0.079637 0.032250
v 0.053500 0.078481 0.032250
v 0.053500 0.085017 0.032250
v 0.050225 0.086992 0.032250
v 0.003388 0.011316 0.104837
v 0.002051 0.011633 0.104837
v 0.004077 0.023119 0.102855
v 0.009049 -0.007593 0.104837
v 0.009869 -0.006491 0.104837
v 0.019614 -0.012900 0.102855
v -0.009869 -0.006491 0.104837
v -0.009049 -0.007593 0.104837
v -0.017984 -0.015090 0.102855
v 0.000000 0.000000 0.105500
v -0.011732 0.001371 0.104837
v -0.011494 0.002724 0.104837
v -0.011812 0.000000 0.104837
v -0.010556 0.005301 0.104837
v -0.009869 0.006491 0.104837
v -0.011100 0.004040 0.104837
v 0.011732 -0.001371 0.104837
v 0.011494 -0.002724 0.104837
v 0.011812 0.000000 0.104837
v 0.053500 0.071276 0.056043
v 0.053344 0.071653 0.056129
v 0.053500 0.072016 0.055014
v 0.053500 0.057680 0.070292
v 0.053500 0.056797 0.070897
v 0.051193 0.054262 0.074600
v 0.053500 0.051514 0.074513
v 0.053500 0.030305 0.085730
v 0.053500 0.027054 0.086570
v 0.050159 0.025191 0.089329
v 0.053500 0.016385 0.089328
v 0.052744 0.019197 0.089329
v 0.053500 0.019644 0.088485
v 0.053500 -0.012776 0.089781
v 0.044541 -0.010556 0.095052
v 0.045465 -0.005314 0.095052
v 0.053500 -0.019608 0.088555
v 0.052744 -0.019197 0.089329
v 0.053500 -0.016793 0.089329
v 0.053500 -0.037571 0.082437
v 0.050389 -0.042281 0.082483
v 0.042998 -0.036079 0.089329
v 0.053500 -0.044980 0.078933
v -0.051427 -0.089075 0.023476
v -0.053344 -0.071653 0.056129
v -0.049256 -0.066162 0.065778
v -0.050389 -0.042281 0.082483
v -0.050159 -0.025191 0.089329
v -0.052744 -0.019197 0.089329
v -0.052744 0.019197 0.089329
v 0.044665 0.077362 0.056129
v 0.053500 0.083794 0.034787
v 0.049790 0.086239 0.034844
v 0.053500 0.078503 0.045756
v 0.035382 0.082024 0.056129
v -0.044665 0.077362 0.056129
v -0.035382 0.082024 0.056129
v -0.049790 0.086239 0.034844
v -0.049256 0.066162 0.065778
v -0.053344 0.071653 0.056129
v -0.044548 0.059838 0.074600
v -0.045140 0.047845 0.082483
v -0.051193 0.054262 0.074600
v -0.046895 0.030844 0.089329
v -0.042998 0.036079 0.089329
v -0.050389 0.042281 0.082483
v -0.050159 0.025191 0.089329
v -0.045775 0.000000 0.095052
v -0.045465 -0.005314 0.095052
v -0.044541 -0.010556 0.095052
v -0.045140 -0.047845 0.082483
v -0.051193 -0.054262 0.074600
v -0.044665 -0.077362 0.056129
v -0.047526 -0.082318 0.045775
v -0.049790 -0.086239 0.034844
v 0.052418 -0.090791 0.011812
v 0.053500 -0.089902 0.011796
v 0.053500 -0.089560 0.015714
v 0.051427 -0.089075 0.023476
v 0.053500 -0.087508 0.023413
v 0.049790 -0.086239 0.034844
v 0.053500 -0.085497 0.030955
v 0.053500 -0.087374 0.023915
v 0.047526 -0.082318 0.045775
v 0.053500 -0.078861 0.045265
v 0.053500 -0.083729 0.034769
v 0.044665 -0.077362 0.056129
v 0.053500 -0.076658 0.048431
v 0.053500 -0.078518 0.045758
v 0.049256 -0.066162 0.065778
v 0.053500 -0.069852 0.058212
v 0.053344 -0.071653 0.056129
v 0.053500 -0.071345 0.056067
v 0.053500 -0.071981 0.055153
v 0.044548 -0.059838 0.074600
v 0.053500 -0.058741 0.069408
v 0.053500 -0.062443 0.065678
v 0.053500 -0.056879 0.070725
v 0.051193 -0.054262 0.074600
v 0.053500 -0.052367 0.073915
v 0.053500 -0.051523 0.074512
v 0.053500 -0.050764 0.075049
v 0.045140 -0.047845 0.082483
v 0.053500 -0.045862 0.078515
v 0.053500 -0.027097 0.086498
v 0.053500 -0.031124 0.085391
v 0.046895 -0.030844 0.089329
v 0.053500 -0.031604 0.085260
v 0.053500 -0.035425 0.083452
v 0.053500 -0.016394 0.089439
v 0.043014 -0.015656 0.095052
v 0.045775 0.000000 0.095052
v 0.053500 -0.000690 0.090926
v 0.053500 -0.006316 0.090393
v 0.044541 0.010556 0.095052
v 0.053500 0.006320 0.090369
v 0.045465 0.005314 0.095052
v 0.053500 0.000000 0.090871
v 0.043014 0.015656 0.095052
v 0.053500 0.015033 0.089677
v 0.053500 0.012748 0.089859
v 0.053500 0.050732 0.075049
v 0.053500 0.044914 0.079032
v 0.050389 0.042281 0.082483
v 0.053500 0.044665 0.079203
v 0.053500 0.037546 0.082438
v 0.049256 0.066162 0.065778
v 0.053500 0.062410 0.065669
v 0.053500 0.057845 0.070131
v 0.053500 0.068960 0.059266
v -0.023317 -0.002725 0.102855
v -0.023476 0.000000 0.102855
v -0.023912 -0.025345 0.099580
v -0.016110 -0.017076 0.102855
v -0.008106 -0.008592 0.104837
v 0.031138 -0.015638 0.099580
v 0.020979 -0.010536 0.102855
v 0.010556 -0.005301 0.104837
v 0.022843 -0.005414 0.102855
v 0.023317 -0.002725 0.102855
v 0.023476 0.000000 0.102855
v 0.023317 0.002725 0.102855
v 0.002026 0.034786 0.099580
v 0.001365 0.023436 0.102855
v 0.000687 0.011792 0.104837
v -0.019614 0.012900 0.102855
v -0.017984 0.015090 0.102855
v -0.009049 0.007593 0.104837
v -0.023317 0.002725 0.102855
v -0.022843 0.005414 0.102855
v -0.022060 0.008029 0.102855
v -0.020979 0.010536 0.102855
v -0.033905 -0.008036 0.099580
v -0.034609 -0.004045 0.099580
v -0.027335 -0.036717 0.095052
v -0.020808 -0.027950 0.099580
v -0.014019 -0.018831 0.102855
v -0.007054 -0.009475 0.104837
v 0.032743 -0.011917 0.099580
v 0.022060 -0.008029 0.102855
v 0.011100 -0.004040 0.104837
v 0.008106 -0.008592 0.104837
v 0.033905 -0.008036 0.099580
v 0.034609 -0.004045 0.099580
v 0.034844 0.000000 0.099580
v 0.034609 0.004045 0.099580
v 0.033905 0.008036 0.099580
v -0.002662 0.045697 0.095052
v -0.002026 0.034786 0.099580
v -0.001365 0.023436 0.102855
v -0.000687 0.011792 0.104837
v -0.026692 0.022398 0.099580
v -0.029112 0.019147 0.099580
v -0.031138 0.015638 0.099580
v -0.034844 0.000000 0.099580
v -0.034609 0.004045 0.099580
v -0.033905 0.008036 0.099580
v -0.032743 0.011917 0.099580
v -0.043014 -0.015656 0.095052
v -0.028065 -0.048609 0.089329
v -0.022887 -0.039642 0.095052
v -0.017422 -0.030176 0.099580
v -0.011738 -0.020331 0.102855
v -0.005906 -0.010230 0.104837
v 0.038244 -0.025154 0.095052
v 0.035065 -0.029423 0.095052
v 0.026692 -0.022398 0.099580
v 0.017984 -0.015090 0.102855
v 0.029112 -0.019147 0.099580
v 0.040906 -0.020544 0.095052
v -0.009747 0.055277 0.089329
v -0.007949 0.045079 0.095052
v -0.006051 0.034315 0.099580
v -0.004077 0.023119 0.102855
v -0.002051 0.011633 0.104837
v -0.035065 0.029423 0.095052
v -0.038244 0.025154 0.095052
v -0.040906 0.020544 0.095052
v -0.043014 0.015656 0.095052
v -0.045465 0.005314 0.095052
v -0.044541 0.010556 0.095052
v -0.046895 -0.030844 0.089329
v -0.040906 -0.020544 0.095052
v -0.032743 -0.011917 0.099580
v -0.022843 -0.005414 0.102855
v -0.011732 -0.001371 0.104837
v -0.042998 -0.036079 0.089329
v -0.038244 -0.025154 0.095052
v -0.031138 -0.015638 0.099580
v -0.022060 -0.008029 0.102855
v -0.011494 -0.002724 0.104837
v -0.026053 -0.060399 0.082483
v -0.022232 -0.051539 0.089329
v -0.018130 -0.042031 0.095052
v -0.013801 -0.031995 0.099580
v -0.009298 -0.021556 0.102855
v -0.004679 -0.010846 0.104837
v 0.050159 -0.025191 0.089329
v 0.053500 0.031124 0.085357
v 0.046895 0.030844 0.089329
v 0.040906 0.020544 0.095052
v 0.032743 0.011917 0.099580
v 0.022843 0.005414 0.102855
v 0.011732 0.001371 0.104837
v 0.042998 0.036079 0.089329
v 0.038244 0.025154 0.095052
v 0.031138 0.015638 0.099580
v 0.022060 0.008029 0.102855
v 0.011494 0.002724 0.104837
v -0.018865 0.063015 0.082483
v -0.016098 0.053771 0.089329
v -0.013128 0.043852 0.095052
v -0.009993 0.033381 0.099580
v -0.006733 0.022490 0.102855
v -0.003388 0.011316 0.104837
v -0.021395 -0.071466 0.074600
v -0.018865 -0.063015 0.082483
v -0.016098 -0.053771 0.089329
v -0.013128 -0.043852 0.095052
v -0.009993 -0.033381 0.099580
v -0.006733 -0.022490 0.102855
v -0.003388 -0.011316 0.104837
v 0.016110 -0.017076 0.102855
v 0.023912 -0.025345 0.099580
v 0.031413 -0.033295 0.095052
v 0.038518 -0.040827 0.089329
v 0.045140 0.047845 0.082483
v 0.053500 0.035472 0.083381
v -0.029547 0.068499 0.074600
v -0.026053 0.060399 0.082483
v -0.022232 0.051539 0.089329
v -0.018130 0.042031 0.095052
v -0.013801 0.031995 0.099580
v -0.009298 0.021556 0.102855
v -0.004679 0.010846 0.104837
v -0.008106 0.008592 0.104837
v -0.016110 0.017076 0.102855
v -0.023912 0.025345 0.099580
v -0.031413 0.033295 0.095052
v -0.038518 0.040827 0.089329
v -0.044548 -0.059838 0.074600
v -0.014323 -0.081230 0.065778
v -0.012954 -0.073466 0.074600
v -0.011422 -0.064779 0.082483
v -0.009747 -0.055277 0.089329
v -0.007949 -0.045079 0.095052
v -0.006051 -0.034315 0.099580
v -0.004077 -0.023119 0.102855
v -0.002051 -0.011633 0.104837
v 0.007054 -0.009475 0.104837
v 0.014019 -0.018831 0.102855
v 0.020808 -0.027950 0.099580
v 0.027335 -0.036717 0.095052
v 0.033518 -0.045023 0.089329
v 0.039280 -0.052762 0.082483
v 0.044548 0.059838 0.074600
v -0.041242 0.071433 0.065778
v -0.037300 0.064605 0.074600
v -0.032889 0.056966 0.082483
v -0.028065 0.048609 0.089329
v -0.022887 0.039642 0.095052
v -0.017422 0.030176 0.099580
v -0.011738 0.020331 0.102855
v -0.005906 0.010230 0.104837
v -0.039280 0.052762 0.082483
v -0.033518 0.045023 0.089329
v -0.027335 0.036717 0.095052
v -0.020808 0.027950 0.099580
v -0.014019 0.018831 0.102855
v -0.007054 0.009475 0.104837
v -0.005194 -0.089178 0.056129
v -0.004796 -0.082344 0.065778
v -0.004338 -0.074474 0.074600
v -0.003825 -0.065667 0.082483
v -0.003264 -0.056034 0.089329
v -0.002662 -0.045697 0.095052
v -0.002026 -0.034786 0.099580
v -0.001365 -0.023436 0.102855
v -0.000687 -0.011792 0.104837
v 0.005527 -0.094891 0.045775
v 0.005194 -0.089178 0.056129
v 0.004796 -0.082344 0.065778
v 0.004338 -0.074474 0.074600
v 0.003825 -0.065667 0.082483
v 0.003264 -0.056034 0.089329
v 0.002662 -0.045697 0.095052
v 0.002026 -0.034786 0.099580
v 0.001365 -0.023436 0.102855
v 0.000687 -0.011792 0.104837
v 0.005906 -0.010230 0.104837
v 0.011738 -0.020331 0.102855
v 0.017422 -0.030176 0.099580
v 0.022887 -0.039642 0.095052
v 0.028065 -0.048609 0.089329
v 0.032889 -0.056966 0.082483
v 0.037300 -0.064605 0.074600
v 0.041242 -0.071433 0.065778
v 0.053500 0.076747 0.048431
v 0.053500 0.078165 0.046457
v 0.053500 0.078481 0.045801
v 0.041242 0.071433 0.065778
v 0.025620 0.085577 0.056129
v 0.032670 0.075737 0.065778
v 0.037300 0.064605 0.074600
v 0.039280 0.052762 0.082483
v 0.038518 0.040827 0.089329
v 0.035065 0.029423 0.095052
v 0.029112 0.019147 0.099580
v 0.020979 0.010536 0.102855
v 0.011100 0.004040 0.104837
v 0.015512 0.087972 0.056129
v 0.023656 0.079018 0.065778
v 0.029547 0.068499 0.074600
v 0.032889 0.056966 0.082483
v 0.033518 0.045023 0.089329
v 0.031413 0.033295 0.095052
v 0.026692 0.022398 0.099580
v 0.019614 0.012900 0.102855
v 0.010556 0.005301 0.104837
v 0.005194 0.089178 0.056129
v 0.014323 0.081230 0.065778
v 0.021395 0.071466 0.074600
v 0.026053 0.060399 0.082483
v 0.028065 0.048609 0.089329
v 0.027335 0.036717 0.095052
v 0.023912 0.025345 0.099580
v 0.017984 0.015090 0.102855
v 0.009869 0.006491 0.104837
v -0.005194 0.089178 0.056129
v 0.004796 0.082344 0.065778
v 0.012954 0.073466 0.074600
v 0.018865 0.063015 0.082483
v 0.022232 0.051539 0.089329
v 0.022887 0.039642 0.095052
v 0.020808 0.027950 0.099580
v 0.016110 0.017076 0.102855
v 0.009049 0.007593 0.104837
v -0.015512 0.087972 0.056129
v -0.004796 0.082344 0.065778
v 0.004338 0.074474 0.074600
v 0.011422 0.064779 0.082483
v 0.016098 0.053771 0.089329
v 0.018130 0.042031 0.095052
v 0.017422 0.030176 0.099580
v 0.014019 0.018831 0.102855
v 0.008106 0.008592 0.104837
v -0.025620 0.085577 0.056129
v -0.014323 0.081230 0.065778
v -0.004338 0.074474 0.074600
v 0.003825 0.065667 0.082483
v 0.009747 0.055277 0.089329
v 0.013128 0.043852 0.095052
v 0.013801 0.031995 0.099580
v 0.011738 0.020331 0.102855
v 0.007054 0.009475 0.104837
v -0.023656 0.079018 0.065778
v -0.012954 0.073466 0.074600
v -0.003825 0.065667 0.082483
v 0.003264 0.056034 0.089329
v 0.007949 0.045079 0.095052
v 0.009993 0.033381 0.099580
v 0.009298 0.021556 0.102855
v 0.005906 0.010230 0.104837
v -0.032670 0.075737 0.065778
v -0.021395 0.071466 0.074600
v -0.011422 0.064779 0.082483
v -0.003264 0.056034 0.089329
v 0.002662 0.045697 0.095052
v 0.006051 0.034315 0.099580
v 0.006733 0.022490 0.102855
v 0.004679 0.010846 0.104837
v -0.037648 -0.087278 0.045775
v 0.017292 -0.098067 0.034844
v 0.016506 -0.093608 0.045775
v 0.015512 -0.087972 0.056129
v 0.014323 -0.081230 0.065778
v 0.012954 -0.073466 0.074600
v 0.011422 -0.064779 0.082483
v 0.009747 -0.055277 0.089329
v 0.007949 -0.045079 0.095052
v 0.006051 -0.034315 0.099580
v 0.004077 -0.023119 0.102855
v 0.002051 -0.011633 0.104837
v -0.039442 -0.091436 0.034844
v -0.028560 -0.095396 0.034844
v 0.029499 -0.098534 0.023476
v 0.028560 -0.095396 0.034844
v 0.027261 -0.091059 0.045775
v 0.025620 -0.085577 0.056129
v 0.023656 -0.079018 0.065778
v 0.021395 -0.071466 0.074600
v 0.018865 -0.063015 0.082483
v 0.016098 -0.053771 0.089329
v 0.013128 -0.043852 0.095052
v 0.009993 -0.033381 0.099580
v 0.006733 -0.022490 0.102855
v 0.003388 -0.011316 0.104837
v -0.040739 -0.094443 0.023476
v -0.029499 -0.098534 0.023476
v -0.017861 -0.101292 0.023476
v 0.041524 -0.096263 0.011812
v 0.040739 -0.094443 0.023476
v 0.039442 -0.091436 0.034844
v 0.037648 -0.087278 0.045775
v 0.035382 -0.082024 0.056129
v 0.032670 -0.075737 0.065778
v 0.029547 -0.068499 0.074600
v 0.026053 -0.060399 0.082483
v 0.022232 -0.051539 0.089329
v 0.018130 -0.042031 0.095052
v 0.013801 -0.031995 0.099580
v 0.009298 -0.021556 0.102855
v 0.004679 -0.010846 0.104837
v -0.052418 -0.090791 0.011812
v -0.041524 -0.096263 0.011812
v -0.030067 -0.100432 0.011812
v -0.018205 -0.103244 0.011812
v -0.006096 -0.104659 0.011812
v 0.006096 -0.104659 0.011812
v -0.005980 -0.102681 0.023476
v -0.017292 -0.098067 0.034844
v -0.027261 -0.091059 0.045775
v -0.035382 -0.082024 0.056129
v -0.041242 -0.071433 0.065778
v 0.018205 -0.103244 0.011812
v 0.005980 -0.102681 0.023476
v -0.005790 -0.099411 0.034844
v -0.016506 -0.093608 0.045775
v -0.025620 -0.085577 0.056129
v -0.032670 -0.075737 0.065778
v -0.037300 -0.064605 0.074600
v -0.039280 -0.052762 0.082483
v -0.038518 -0.040827 0.089329
v -0.035065 -0.029423 0.095052
v -0.029112 -0.019147 0.099580
v -0.020979 -0.010536 0.102855
v -0.011100 -0.004040 0.104837
v 0.030067 -0.100432 0.011812
v 0.017861 -0.101292 0.023476
v 0.005790 -0.099411 0.034844
v -0.005527 -0.094891 0.045775
v -0.015512 -0.087972 0.056129
v -0.023656 -0.079018 0.065778
v -0.029547 -0.068499 0.074600
v -0.032889 -0.056966 0.082483
v -0.033518 -0.045023 0.089329
v -0.031413 -0.033295 0.095052
v -0.026692 -0.022398 0.099580
v -0.019614 -0.012900 0.102855
v -0.010556 -0.005301 0.104837
v 0.053500 0.015304 0.057570
v 0.053500 0.015518 0.058370
v 0.053500 0.016104 0.058955
v 0.053500 0.016904 0.059170
v 0.053500 0.017704 0.058955
v 0.053500 0.018290 0.058370
v 0.053500 0.018504 0.057570
v 0.053500 0.018290 0.056770
v 0.053500 0.017704 0.056184
v 0.053500 0.016904 0.055970
v 0.053500 0.016104 0.056184
v 0.053500 0.015518 0.056770
v 0.053500 -0.018504 0.057570
v 0.053500 -0.018290 0.058370
v 0.053500 -0.017704 0.058955
v 0.053500 -0.016904 0.059170
v 0.053500 -0.016104 0.058955
v 0.053500 -0.015518 0.058370
v 0.053500 -0.015304 0.057570
v 0.053500 -0.015518 0.056770
v 0.053500 -0.016104 0.056184
v 0.053500 -0.016904 0.055970
v 0.053500 -0.017704 0.056184
v 0.053500 -0.018290 0.056770
v 0.053500 -0.046945 0.039292
v 0.053500 -0.046731 0.040092
v 0.053500 -0.046145 0.040677
v 0.053500 -0.045345 0.040892
v 0.053500 -0.044545 0.040677
v 0.053500 -0.043959 0.040092
v 0.053500 -0.043745 0.039292
v 0.053500 -0.043959 0.038492
v 0.053500 -0.044545 0.037906
v 0.053500 -0.045345 0.037692
v 0.053500 -0.046145 0.037906
v 0.053500 -0.046731 0.038492
v 0.053500 -0.060989 0.008539
v 0.053500 -0.060775 0.009339
v 0.053500 -0.060189 0.009925
v 0.053500 -0.059389 0.010139
v 0.053500 -0.058589 0.009925
v 0.053500 -0.058004 0.009339
v 0.053500 -0.057789 0.008539
v 0.053500 -0.058004 0.007739
v 0.053500 -0.058589 0.007153
v 0.053500 -0.059389 0.006939
v 0.053500 -0.060189 0.007153
v 0.053500 -0.060775 0.007739
v 0.053500 0.043745 0.039292
v 0.053500 0.043959 0.040092
v 0.053500 0.044545 0.040677
v 0.053500 0.045345 0.040892
v 0.053500 0.046145 0.040677
v 0.053500 0.046731 0.040092
v 0.053500 0.046945 0.039292
v 0.053500 0.046731 0.038492
v 0.053500 0.046145 0.037906
v 0.053500 0.045345 0.037692
v 0.053500 0.044545 0.037906
v 0.053500 0.043959 0.038492
v 0.053500 0.068745 0.039292
v 0.053500 0.068959 0.040092
v 0.053500 0.069545 0.040677
v 0.053500 0.070345 0.040892
v 0.053500 0.071145 0.040677
v 0.053500 0.071731 0.040092
v 0.053500 0.071945 0.039292
v 0.053500 0.071731 0.038492
v 0.053500 0.071145 0.037906
v 0.053500 0.070345 0.037692
v 0.053500 0.069545 0.037906
v 0.053500 0.068959 0.038492
v 0.055000 -0.052367 0.048431
v 0.055000 -0.054038 0.011510
v 0.055000 -0.036901 0.041121
v 0.055000 -0.031124 0.045301
v 0.055000 -0.031124 0.048431
v 0.055000 0.057845 0.048431
v 0.055000 0.037158 0.040888
v 0.055000 0.031124 0.048431
v 0.055000 0.031124 0.045312
v 0.055000 0.027825 0.047732
v 0.055000 0.026272 0.048431
v 0.055000 0.005959 0.054928
v 0.055000 0.017271 0.052481
v 0.055000 0.000000 0.054946
v 0.055000 -0.026338 0.048431
v 0.055000 -0.016941 0.052589
v 0.055000 -0.005614 0.054964
v 0.055000 -0.027525 0.047906
v 0.055000 -0.044657 0.032531
v 0.055000 -0.052367 0.023915
v 0.055000 -0.049644 0.023915
v 0.055000 -0.054958 0.002769
v 0.055000 -0.052367 0.016641
v 0.055000 -0.050455 0.022514
v 0.053500 0.057845 0.048431
v 0.053500 0.037158 0.040888
v 0.053500 0.031124 0.045312
v 0.053500 0.031124 0.048431
v 0.053500 -0.054038 0.011510
v 0.053500 -0.052367 0.016641
v 0.053500 -0.052367 0.023915
v 0.053500 -0.052367 0.048431
v 0.053500 -0.044657 0.032531
v 0.053500 -0.049644 0.023915
v 0.053500 -0.050455 0.022514
v 0.053500 -0.031124 0.048431
v 0.053500 -0.036901 0.041121
v 0.053500 -0.026338 0.048431
v 0.053500 -0.027525 0.047906
v 0.053500 -0.031124 0.045301
v 0.053500 -0.005614 0.054964
v 0.053500 -0.016941 0.052589
v 0.053500 -0.031124 0.075049
v 0.053500 0.000000 0.075049
v 0.053500 0.000000 0.054946
v 0.053500 0.026272 0.048431
v 0.053500 0.017271 0.052481
v 0.053500 0.031124 0.075049
v 0.053500 0.005959 0.054928
v 0.053500 0.027825 0.047732
f 1 2 3
f 4 5 6
f 6 5 7
f 6 7 8
f 8 7 9
f 8 9 10
f 10 9 11
f 10 11 12
f 4 13 5
f 5 13 14
f 5 14 15
f 15 14 16
f 15 16 17
f 16 18 17
f 17 18 19
f 17 19 20
f 19 21 20
f 20 21 22
f 20 22 23
f 22 24 23
f 23 24 25
f 23 25 26
f 26 25 27
f 26 27 28
f 27 29 28
f 28 29 30
f 28 30 31
f 30 32 31
f 31 32 33
f 31 33 34
f 33 35 34
f 34 35 36
f 34 36 37
f 37 36 38
f 37 38 39
f 39 38 40
f 39 40 41
f 41 40 42
f 42 43 41
f 41 43 44
f 41 44 45
f 44 46 45
f 45 46 47
f 45 47 48
f 48 47 49
f 48 49 50
f 50 49 51
f 50 51 52
f 52 51 53
f 53 54 52
f 52 54 55
f 52 55 56
f 2 57 58
f 58 57 59
f 56 60 52
f 52 60 61
f 52 61 50
f 50 61 62
f 50 62 48
f 48 62 63
f 48 63 45
f 45 63 64
f 45 64 41
f 41 64 65
f 41 65 39
f 39 65 66
f 39 66 37
f 37 66 67
f 37 67 34
f 34 67 68
f 34 68 31
f 31 68 69
f 31 69 28
f 28 69 70
f 28 70 26
f 26 70 71
f 26 71 23
f 23 71 72
f 23 72 20
f 20 72 73
f 20 73 17
f 17 73 74
f 17 74 15
f 15 74 75
f 15 75 5
f 5 75 76
f 5 76 7
f 7 76 58
f 7 58 9
f 9 58 59
f 9 59 11
f 2 58 3
f 3 58 76
f 3 76 77
f 77 76 75
f 77 75 78
f 78 75 74
f 78 74 79
f 79 74 73
f 79 73 80
f 80 73 72
f 80 72 81
f 81 72 71
f 81 71 82
f 82 71 70
f 82 70 83
f 83 70 69
f 83 69 84
f 84 69 68
f 84 68 85
f 85 68 67
f 85 67 86
f 86 67 66
f 86 66 87
f 87 66 65
f 87 65 88
f 88 65 64
f 88 64 89
f 89 64 63
f 89 63 90
f 90 63 62
f 90 62 91
f 91 62 61
f 91 61 92
f 92 61 60
f 92 60 93
f 94 95 96
f 96 95 1
f 56 97 60
f 60 97 98
f 60 98 93
f 93 98 99
f 93 99 100
f 1 3 96
f 96 3 77
f 96 77 101
f 101 77 78
f 101 78 102
f 102 78 79
f 102 79 103
f 103 79 80
f 103 80 104
f 104 80 81
f 104 81 105
f 105 81 82
f 105 82 106
f 106 82 83
f 106 83 107
f 107 83 84
f 107 84 108
f 108 84 85
f 108 85 109
f 109 85 86
f 109 86 110
f 110 86 87
f 110 87 111
f 111 87 88
f 111 88 112
f 112 88 89
f 112 89 113
f 113 89 90
f 113 90 114
f 114 90 91
f 114 91 115
f 115 91 92
f 115 92 116
f 116 92 93
f 116 93 117
f 117 93 100
f 117 100 118
f 94 96 119
f 119 96 101
f 119 101 120
f 120 101 102
f 120 102 121
f 121 102 103
f 121 103 122
f 122 103 104
f 122 104 123
f 123 104 105
f 123 105 124
f 124 105 106
f 124 106 125
f 125 106 107
f 125 107 126
f 126 107 108
f 126 108 127
f 127 108 109
f 127 109 128
f 128 109 110
f 128 110 129
f 129 110 111
f 129 111 130
f 130 111 112
f 130 112 131
f 131 112 113
f 131 113 132
f 132 113 114
f 132 114 133
f 133 114 115
f 133 115 134
f 134 115 116
f 134 116 135
f 135 116 117
f 135 117 136
f 136 117 118
f 136 118 137
f 138 139 140
f 140 139 141
f 140 141 142
f 142 141 143
f 142 143 144
f 144 143 145
f 144 145 146
f 146 145 147
f 146 147 148
f 148 147 149
f 148 149 150
f 150 149 151
f 150 151 152
f 152 151 153
f 152 153 154
f 154 153 155
f 154 155 156
f 156 155 157
f 156 157 158
f 158 157 159
f 158 159 160
f 160 159 161
f 160 161 138
f 138 161 139
f 162 163 164
f 164 163 165
f 164 165 166
f 166 165 167
f 166 167 168
f 168 167 169
f 168 169 170
f 170 169 171
f 170 171 172
f 172 171 173
f 172 173 174
f 174 173 175
f 174 175 176
f 176 175 177
f 176 177 178
f 178 177 179
f 178 179 180
f 180 179 181
f 180 181 182
f 182 181 183
f 182 183 184
f 184 183 185
f 184 185 162
f 162 185 163
f 186 187 188
f 188 187 189
f 188 189 190
f 190 189 191
f 190 191 192
f 192 191 193
f 192 193 194
f 194 193 195
f 194 195 196
f 196 195 197
f 196 197 198
f 198 197 199
f 198 199 200
f 200 199 201
f 200 201 202
f 202 201 203
f 202 203 204
f 204 203 205
f 204 205 206
f 206 205 207
f 206 207 208
f 208 207 209
f 208 209 186
f 186 209 187
f 210 211 212
f 212 211 213
f 212 213 214
f 214 213 215
f 214 215 216
f 216 215 217
f 216 217 218
f 218 217 219
f 218 219 220
f 220 219 221
f 220 221 222
f 222 221 223
f 222 223 224
f 224 223 225
f 224 225 226
f 226 225 227
f 226 227 228
f 228 227 229
f 228 229 230
f 230 229 231
f 230 231 232
f 232 231 233
f 232 233 210
f 210 233 211
f 234 235 236
f 236 235 237
f 236 237 238
f 238 237 239
f 238 239 240
f 240 239 241
f 240 241 242
f 242 241 243
f 242 243 244
f 244 243 245
f 244 245 246
f 246 245 247
f 246 247 248
f 248 247 249
f 248 249 250
f 250 249 251
f 250 251 252
f 252 251 253
f 252 253 254
f 254 253 255
f 254 255 256
f 256 255 257
f 256 257 234
f 234 257 235
f 258 259 260
f 260 259 261
f 260 261 262
f 262 261 263
f 262 263 264
f 264 263 265
f 264 265 266
f 266 265 267
f 266 267 268
f 268 267 269
f 268 269 270
f 270 269 271
f 270 271 272
f 272 271 273
f 272 273 274
f 274 273 275
f 274 275 276
f 276 275 277
f 276 277 278
f 278 277 279
f 278 279 280
f 280 279 281
f 280 281 258
f 258 281 259
f 282 283 284
f 284 283 285
f 284 285 286
f 286 285 287
f 286 287 288
f 288 287 289
f 288 289 290
f 290 289 291
f 290 291 292
f 292 291 293
f 292 293 294
f 294 293 295
f 294 295 296
f 296 295 297
f 296 297 298
f 298 297 299
f 298 299 300
f 300 299 301
f 300 301 302
f 302 301 303
f 302 303 304
f 304 303 305
f 304 305 306
f 306 305 307
f 306 307 308
f 308 307 309
f 308 309 310
f 310 309 311
f 310 311 312
f 312 311 313
f 312 313 314
f 314 313 315
f 314 315 316
f 316 315 317
f 316 317 318
f 318 317 319
f 318 319 320
f 320 319 321
f 320 321 322
f 172 323 170
f 170 323 324
f 170 324 168
f 168 324 325
f 168 325 166
f 166 325 326
f 166 326 164
f 164 326 327
f 164 327 162
f 162 327 328
f 162 328 184
f 184 328 329
f 184 329 182
f 182 329 330
f 182 330 180
f 180 330 331
f 180 331 178
f 178 331 332
f 178 332 176
f 176 332 333
f 176 333 174
f 174 333 334
f 174 334 172
f 172 334 323
f 148 335 146
f 146 335 336
f 146 336 144
f 144 336 337
f 144 337 142
f 142 337 338
f 142 338 140
f 140 338 339
f 140 339 138
f 138 339 340
f 138 340 160
f 160 340 341
f 160 341 158
f 158 341 342
f 158 342 156
f 156 342 343
f 156 343 154
f 154 343 344
f 154 344 152
f 152 344 345
f 152 345 150
f 150 345 346
f 150 346 148
f 148 346 335
f 196 347 194
f 194 347 348
f 194 348 192
f 192 348 349
f 192 349 190
f 190 349 350
f 190 350 188
f 188 350 351
f 188 351 186
f 186 351 352
f 186 352 208
f 208 352 353
f 208 353 206
f 206 353 354
f 206 354 204
f 204 354 355
f 204 355 202
f 202 355 356
f 202 356 200
f 200 356 357
f 200 357 198
f 198 357 358
f 198 358 196
f 196 358 347
f 220 359 218
f 218 359 360
f 218 360 216
f 216 360 361
f 216 361 214
f 214 361 362
f 214 362 212
f 212 362 363
f 212 363 210
f 210 363 364
f 210 364 232
f 232 364 365
f 232 365 230
f 230 365 366
f 230 366 228
f 228 366 367
f 228 367 226
f 226 367 368
f 226 368 224
f 224 368 369
f 224 369 222
f 222 369 370
f 222 370 220
f 220 370 359
f 244 371 242
f 242 371 372
f 242 372 240
f 240 372 373
f 240 373 238
f 238 373 374
f 238 374 236
f 236 374 375
f 236 375 234
f 234 375 376
f 234 376 256
f 256 376 377
f 256 377 254
f 254 377 378
f 254 378 252
f 252 378 379
f 252 379 250
f 250 379 380
f 250 380 248
f 248 380 381
f 248 381 246
f 246 381 382
f 246 382 244
f 244 382 371
f 268 383 266
f 266 383 384
f 266 384 264
f 264 384 385
f 264 385 262
f 262 385 386
f 262 386 260
f 260 386 387
f 260 387 258
f 258 387 388
f 258 388 280
f 280 388 389
f 280 389 278
f 278 389 390
f 278 390 276
f 276 390 391
f 276 391 274
f 274 391 392
f 274 392 272
f 272 392 393
f 272 393 270
f 270 393 394
f 270 394 268
f 268 394 383
f 395 396 397
f 398 399 400
f 401 402 403
f 404 405 406
f 407 404 408
f 409 410 411
f 412 409 413
f 414 412 415
f 416 414 417
f 418 416 419
f 420 418 421
f 422 402 423
f 423 402 401
f 423 401 424
f 425 426 427
f 428 403 429
f 429 403 402
f 429 402 430
f 430 402 422
f 430 422 407
f 431 426 432
f 432 426 425
f 432 425 433
f 410 434 427
f 427 434 435
f 427 435 425
f 425 435 436
f 425 436 433
f 433 436 437
f 433 437 438
f 438 437 439
f 440 441 442
f 442 441 443
f 442 443 444
f 444 443 445
f 444 445 446
f 446 445 447
f 441 448 443
f 443 448 449
f 443 449 445
f 445 449 450
f 445 450 447
f 447 450 451
f 447 451 452
f 452 451 453
f 454 455 456
f 456 455 457
f 456 457 458
f 458 457 459
f 458 459 460
f 460 459 461
f 455 462 457
f 457 462 463
f 457 463 459
f 459 463 464
f 459 464 461
f 461 464 465
f 461 465 466
f 466 465 467
f 420 421 468
f 468 421 469
f 468 469 470
f 470 469 400
f 470 400 471
f 471 400 399
f 471 399 472
f 418 419 421
f 421 419 473
f 421 473 469
f 469 473 474
f 469 474 400
f 400 474 475
f 400 475 398
f 476 477 478
f 416 417 419
f 419 417 479
f 419 479 473
f 473 479 476
f 473 476 474
f 474 476 478
f 474 478 475
f 414 415 417
f 417 415 480
f 417 480 479
f 479 480 397
f 479 397 476
f 476 397 396
f 476 396 477
f 412 413 415
f 415 413 481
f 415 481 480
f 480 481 482
f 480 482 397
f 397 482 483
f 397 483 395
f 484 485 486
f 409 411 413
f 413 411 487
f 413 487 481
f 481 487 484
f 481 484 482
f 482 484 486
f 482 486 483
f 410 427 411
f 411 427 426
f 411 426 487
f 487 426 431
f 487 431 484
f 484 431 488
f 484 488 485
f 438 489 433
f 433 489 490
f 433 490 432
f 432 490 491
f 432 491 431
f 431 491 492
f 431 492 488
f 434 440 435
f 435 440 442
f 435 442 436
f 436 442 444
f 436 444 437
f 437 444 446
f 437 446 439
f 452 493 447
f 447 493 494
f 447 494 446
f 446 494 495
f 446 495 439
f 448 454 449
f 449 454 456
f 449 456 450
f 450 456 458
f 450 458 451
f 451 458 460
f 451 460 453
f 466 496 461
f 461 496 497
f 461 497 460
f 460 497 498
f 460 498 453
f 499 467 428
f 428 467 465
f 428 465 403
f 403 465 464
f 403 464 401
f 401 464 463
f 401 463 424
f 424 463 462
f 500 501 502
f 407 408 430
f 430 408 503
f 430 503 429
f 429 503 500
f 429 500 428
f 428 500 502
f 428 502 499
f 404 406 408
f 408 406 504
f 408 504 503
f 503 504 505
f 503 505 500
f 500 505 506
f 500 506 501
f 507 12 508
f 508 12 11
f 508 11 509
f 510 57 511
f 511 57 2
f 511 2 1
f 11 59 509
f 509 59 57
f 509 57 512
f 512 57 510
f 94 513 95
f 95 513 514
f 95 514 1
f 1 514 515
f 1 515 511
f 516 513 94
f 120 121 517
f 517 121 122
f 517 122 518
f 132 519 131
f 131 519 520
f 131 520 130
f 516 94 517
f 517 94 119
f 517 119 120
f 126 127 521
f 521 127 128
f 521 128 520
f 520 128 129
f 520 129 130
f 122 123 518
f 518 123 124
f 518 124 521
f 521 124 125
f 521 125 126
f 522 523 137
f 137 523 524
f 137 524 136
f 132 133 519
f 519 133 134
f 519 134 524
f 524 134 135
f 524 135 136
f 522 137 525
f 525 137 118
f 525 118 526
f 527 98 97
f 118 100 526
f 526 100 99
f 526 99 528
f 528 99 98
f 528 98 529
f 529 98 527
f 55 530 56
f 56 530 531
f 56 531 97
f 97 531 532
f 97 532 527
f 533 530 55
f 534 535 536
f 533 55 537
f 534 536 55
f 55 536 538
f 55 538 537
f 12 539 10
f 10 539 540
f 10 540 8
f 8 540 6
f 6 540 541
f 6 541 4
f 542 14 541
f 541 14 13
f 541 13 4
f 543 18 542
f 542 18 16
f 542 16 14
f 24 22 544
f 544 22 21
f 544 21 543
f 543 21 19
f 543 19 18
f 24 544 25
f 25 544 545
f 25 545 27
f 27 545 29
f 29 545 546
f 29 546 30
f 30 546 32
f 32 546 547
f 32 547 33
f 33 547 35
f 35 547 548
f 35 548 36
f 549 40 548
f 548 40 38
f 548 38 36
f 550 43 549
f 549 43 42
f 549 42 40
f 49 47 551
f 551 47 46
f 551 46 550
f 550 46 44
f 550 44 43
f 49 551 51
f 51 551 552
f 51 552 53
f 53 552 54
f 54 552 534
f 54 534 55
f 12 507 553
f 554 539 555
f 555 539 12
f 555 12 556
f 556 12 553
f 472 399 557
f 557 399 558
f 478 559 475
f 475 559 558
f 475 558 398
f 398 558 399
f 478 477 559
f 559 477 396
f 559 396 560
f 396 395 560
f 560 395 483
f 560 483 561
f 488 562 485
f 485 562 561
f 485 561 486
f 486 561 483
f 490 563 491
f 491 563 562
f 491 562 492
f 492 562 488
f 490 489 563
f 563 489 438
f 563 438 564
f 494 565 495
f 495 565 564
f 495 564 439
f 439 564 438
f 494 493 565
f 565 493 452
f 565 452 566
f 452 453 566
f 566 453 498
f 566 498 567
f 466 568 496
f 496 568 567
f 496 567 497
f 497 567 498
f 466 467 568
f 568 467 499
f 568 499 569
f 506 570 501
f 501 570 569
f 501 569 502
f 502 569 499
f 571 572 573
f 235 257 574
f 288 290 575
f 576 147 145
f 155 577 157
f 157 577 316
f 157 316 159
f 159 316 318
f 159 318 161
f 161 318 139
f 139 318 320
f 139 320 141
f 155 153 578
f 578 153 151
f 578 151 579
f 579 151 580
f 576 145 320
f 320 145 143
f 320 143 141
f 147 576 149
f 149 576 581
f 149 581 151
f 151 581 582
f 151 582 580
f 177 175 583
f 583 175 173
f 583 173 577
f 310 312 577
f 577 312 314
f 577 314 316
f 308 310 163
f 163 310 165
f 163 185 308
f 308 185 183
f 308 183 584
f 584 183 181
f 584 181 583
f 583 181 179
f 583 179 177
f 173 171 577
f 577 171 169
f 577 169 310
f 310 169 167
f 310 167 165
f 302 304 584
f 584 304 306
f 584 306 308
f 205 203 585
f 189 298 300
f 189 187 298
f 298 187 209
f 298 209 296
f 296 209 586
f 586 209 207
f 586 207 205
f 203 201 585
f 585 201 199
f 585 199 584
f 199 197 584
f 584 197 195
f 584 195 302
f 302 195 193
f 302 193 300
f 300 193 191
f 300 191 189
f 575 233 587
f 587 233 231
f 587 231 229
f 294 217 292
f 292 217 215
f 292 215 290
f 290 215 213
f 290 213 575
f 575 213 211
f 575 211 233
f 227 225 586
f 586 225 223
f 586 223 296
f 296 223 221
f 296 221 294
f 294 221 219
f 294 219 217
f 257 255 573
f 573 255 253
f 573 253 251
f 249 247 575
f 249 575 251
f 282 239 574
f 574 239 237
f 574 237 235
f 247 284 575
f 575 284 286
f 575 286 288
f 247 245 284
f 284 245 243
f 284 243 282
f 282 243 241
f 282 241 239
f 574 269 267
f 257 573 574
f 574 573 271
f 574 271 269
f 259 281 588
f 588 281 279
f 588 279 589
f 589 279 277
f 589 277 590
f 590 277 572
f 572 277 275
f 572 275 573
f 573 275 273
f 573 273 271
f 267 265 574
f 574 265 263
f 574 263 591
f 591 263 261
f 591 261 259
f 259 588 591
f 591 588 592
f 591 592 593
f 594 573 595
f 595 573 596
f 594 597 573
f 573 597 598
f 573 598 571
f 251 575 573
f 573 575 599
f 573 599 596
f 600 601 587
f 587 601 602
f 602 603 587
f 587 603 604
f 587 604 575
f 575 604 605
f 575 605 599
f 606 607 587
f 607 608 587
f 587 608 609
f 587 609 600
f 610 611 606
f 606 611 612
f 606 612 613
f 229 227 587
f 587 227 586
f 587 586 606
f 606 586 614
f 606 614 610
f 615 616 586
f 616 617 586
f 586 617 614
f 205 585 586
f 586 585 618
f 586 618 619
f 619 620 586
f 586 620 621
f 586 621 615
f 622 623 585
f 585 623 624
f 585 624 625
f 625 626 585
f 585 626 627
f 585 627 618
f 583 628 584
f 584 628 629
f 584 629 585
f 585 629 630
f 585 630 622
f 631 632 583
f 583 632 633
f 583 633 634
f 634 635 583
f 583 635 636
f 583 636 628
f 155 578 577
f 577 578 637
f 577 637 638
f 638 639 577
f 577 639 640
f 577 640 583
f 583 640 641
f 583 641 631
f 642 643 644
f 644 643 645
f 644 645 646
f 385 384 647
f 647 384 383
f 647 383 648
f 648 383 394
f 648 394 393
f 385 647 386
f 386 647 644
f 386 644 387
f 393 392 649
f 649 392 391
f 649 391 650
f 650 391 390
f 650 390 646
f 646 390 389
f 646 389 644
f 644 389 388
f 644 388 387
f 376 375 647
f 283 373 285
f 285 373 372
f 647 375 283
f 283 375 374
f 283 374 373
f 372 371 285
f 285 371 382
f 285 382 651
f 651 382 381
f 651 381 380
f 380 379 648
f 648 379 378
f 648 378 647
f 647 378 377
f 647 377 376
f 291 289 651
f 651 289 287
f 651 287 285
f 295 293 361
f 652 653 369
f 369 653 370
f 370 653 359
f 367 366 654
f 654 366 651
f 654 651 655
f 366 365 651
f 651 365 364
f 651 364 291
f 291 364 363
f 291 363 293
f 293 363 362
f 293 362 361
f 653 297 359
f 359 297 295
f 359 295 360
f 360 295 361
f 656 368 657
f 657 368 367
f 657 367 658
f 658 367 654
f 656 659 368
f 368 659 660
f 368 660 369
f 369 660 661
f 369 661 652
f 358 357 662
f 358 662 347
f 301 299 352
f 356 663 357
f 357 663 664
f 357 664 662
f 352 299 353
f 353 299 297
f 353 297 354
f 354 297 653
f 354 653 355
f 355 653 665
f 355 665 666
f 352 351 301
f 301 351 350
f 301 350 303
f 303 350 349
f 303 349 667
f 667 349 348
f 667 348 347
f 666 668 355
f 355 668 669
f 355 669 356
f 356 669 670
f 356 670 663
f 671 323 672
f 672 323 334
f 309 307 667
f 667 307 305
f 667 305 303
f 331 667 332
f 332 667 672
f 332 672 333
f 333 672 334
f 671 313 311
f 327 311 328
f 328 311 309
f 328 309 329
f 329 309 667
f 329 667 330
f 330 667 331
f 327 326 311
f 311 326 325
f 311 325 671
f 671 325 324
f 671 324 323
f 342 341 319
f 344 343 671
f 319 341 321
f 341 340 321
f 321 340 339
f 321 339 338
f 344 671 345
f 338 337 673
f 673 337 336
f 673 336 674
f 674 336 335
f 674 335 675
f 675 335 346
f 675 346 676
f 676 346 677
f 342 319 343
f 343 319 317
f 343 317 671
f 671 317 315
f 671 315 313
f 338 673 321
f 321 673 678
f 321 678 322
f 679 680 671
f 346 345 677
f 677 345 671
f 677 671 681
f 681 671 680
f 682 683 672
f 683 684 672
f 672 684 685
f 672 685 671
f 671 685 686
f 671 686 679
f 687 688 672
f 672 688 689
f 672 689 682
f 690 691 667
f 690 667 692
f 691 693 667
f 667 693 694
f 667 694 672
f 672 694 695
f 672 695 687
f 347 662 667
f 667 662 696
f 667 696 692
f 697 698 651
f 651 698 699
f 651 699 700
f 380 648 651
f 651 648 701
f 651 701 697
f 700 702 651
f 651 702 703
f 651 703 655
f 393 649 648
f 648 649 704
f 648 704 705
f 705 706 648
f 648 706 707
f 648 707 701
f 708 506 709
f 709 506 710
f 711 570 712
f 712 570 506
f 712 506 713
f 713 506 708
f 710 506 714
f 714 506 505
f 714 505 715
f 715 505 716
f 716 505 504
f 716 504 717
f 718 719 504
f 504 719 720
f 504 720 717
f 718 504 721
f 721 504 406
f 721 406 722
f 722 406 405
f 722 405 723
f 454 724 455
f 455 724 725
f 455 725 462
f 462 725 424
f 410 726 434
f 434 726 727
f 454 448 724
f 724 448 441
f 724 441 727
f 727 441 440
f 727 440 434
f 404 407 728
f 728 407 422
f 728 422 725
f 725 422 423
f 725 423 424
f 410 409 726
f 726 409 412
f 726 412 729
f 729 412 414
f 729 414 416
f 404 728 405
f 405 728 730
f 405 730 723
f 416 418 729
f 729 418 420
f 729 420 731
f 731 420 732
f 732 420 733
f 733 420 468
f 470 734 735
f 735 736 470
f 470 736 737
f 470 737 468
f 468 737 738
f 468 738 733
f 734 470 739
f 739 470 471
f 739 471 740
f 472 741 471
f 471 741 742
f 471 742 740
f 743 472 744
f 744 472 557
f 744 557 745
f 743 746 472
f 472 746 747
f 472 747 741
f 748 749 750
f 751 752 753
f 754 755 756
f 757 758 759
f 760 758 757
f 750 749 757
f 761 757 749
f 757 762 763
f 764 762 757
f 753 752 757
f 765 757 752
f 756 755 757
f 766 757 755
f 757 767 768
f 769 767 757
f 768 760 757
f 608 607 770
f 624 771 772
f 773 774 775
f 776 777 778
f 779 780 781
f 782 783 784
f 784 783 785
f 512 510 786
f 515 514 787
f 513 516 788
f 538 536 789
f 588 533 537
f 538 789 537
f 537 789 592
f 537 592 588
f 571 529 527
f 527 532 571
f 571 532 531
f 571 531 572
f 572 531 530
f 572 530 590
f 590 530 533
f 590 533 589
f 589 533 588
f 522 525 790
f 790 525 526
f 790 526 528
f 786 510 791
f 515 787 511
f 553 507 784
f 784 507 508
f 784 508 786
f 786 508 509
f 786 509 512
f 553 784 556
f 556 784 785
f 556 785 555
f 785 792 555
f 555 792 793
f 555 793 554
f 782 784 794
f 794 784 786
f 794 786 795
f 795 786 796
f 796 786 791
f 796 791 797
f 798 799 800
f 800 799 801
f 800 801 802
f 803 804 801
f 801 804 805
f 801 805 802
f 806 807 808
f 808 807 809
f 810 811 812
f 812 811 813
f 812 813 814
f 815 816 817
f 818 819 820
f 820 819 821
f 819 822 821
f 821 822 823
f 821 823 824
f 824 823 825
f 779 826 780
f 780 826 827
f 780 827 825
f 825 827 828
f 825 828 824
f 829 830 781
f 781 830 831
f 781 831 779
f 832 833 834
f 835 836 837
f 837 836 838
f 839 840 841
f 842 843 844
f 844 843 845
f 844 845 846
f 775 774 847
f 848 849 850
f 850 849 851
f 850 851 775
f 775 851 852
f 775 852 773
f 853 854 855
f 855 854 856
f 855 856 857
f 857 856 858
f 858 856 859
f 858 859 860
f 860 859 861
f 860 861 862
f 576 863 581
f 581 863 864
f 582 865 580
f 580 865 866
f 580 866 579
f 867 637 866
f 866 637 578
f 866 578 579
f 868 639 867
f 867 639 638
f 867 638 637
f 869 641 868
f 868 641 640
f 868 640 639
f 870 632 869
f 869 632 631
f 869 631 641
f 871 634 633
f 634 871 635
f 635 871 872
f 635 872 636
f 623 622 873
f 873 622 630
f 873 630 874
f 874 630 629
f 874 629 628
f 624 772 625
f 627 626 875
f 627 875 618
f 619 876 620
f 620 876 621
f 876 877 621
f 621 877 878
f 621 878 615
f 615 878 879
f 880 617 879
f 879 617 616
f 879 616 615
f 612 611 881
f 881 611 610
f 881 610 882
f 882 610 614
f 882 614 880
f 880 614 617
f 601 600 883
f 883 600 609
f 596 599 884
f 884 599 605
f 884 605 885
f 885 605 604
f 594 595 886
f 887 598 597
f 536 535 789
f 789 535 888
f 789 888 592
f 592 888 593
f 766 755 889
f 889 755 754
f 889 754 890
f 891 757 766
f 765 752 892
f 892 752 751
f 892 751 893
f 894 763 895
f 895 763 762
f 895 762 896
f 896 762 764
f 896 764 897
f 761 749 898
f 898 749 748
f 898 748 899
f 900 759 901
f 901 759 758
f 901 758 902
f 902 758 760
f 902 760 903
f 903 760 768
f 903 768 904
f 904 768 767
f 904 767 905
f 905 767 769
f 905 769 906
f 906 907 908
f 891 766 909
f 909 766 889
f 909 889 910
f 910 889 890
f 910 890 911
f 912 757 891
f 913 894 914
f 914 894 895
f 914 895 915
f 915 895 896
f 915 896 916
f 916 896 897
f 916 897 917
f 899 917 898
f 898 917 897
f 898 897 761
f 761 897 764
f 761 764 757
f 906 908 905
f 905 908 918
f 905 918 904
f 904 918 919
f 904 919 903
f 903 919 920
f 903 920 902
f 902 920 921
f 902 921 901
f 901 921 922
f 901 922 900
f 606 613 923
f 923 613 612
f 923 612 924
f 924 612 881
f 924 881 907
f 912 891 925
f 925 891 909
f 925 909 926
f 926 909 910
f 926 910 927
f 927 910 911
f 927 911 928
f 929 757 912
f 899 829 917
f 917 829 781
f 917 781 916
f 916 781 780
f 916 780 915
f 915 780 825
f 915 825 914
f 914 825 823
f 914 823 913
f 913 823 822
f 822 893 913
f 913 893 751
f 913 751 894
f 894 751 753
f 894 753 763
f 763 753 757
f 907 881 908
f 908 881 882
f 908 882 918
f 918 882 880
f 918 880 919
f 919 880 879
f 919 879 920
f 920 879 878
f 920 878 921
f 921 878 877
f 921 877 922
f 900 930 759
f 759 930 757
f 607 606 770
f 770 606 923
f 770 923 931
f 931 923 924
f 931 924 932
f 932 924 907
f 932 907 933
f 933 907 906
f 933 906 934
f 934 906 769
f 934 769 757
f 609 608 883
f 883 608 770
f 883 770 935
f 935 770 931
f 935 931 936
f 936 931 932
f 936 932 937
f 937 932 933
f 937 933 938
f 938 933 934
f 938 934 757
f 603 602 939
f 939 602 601
f 939 601 940
f 940 601 883
f 940 883 941
f 941 883 935
f 941 935 942
f 942 935 936
f 942 936 943
f 943 936 937
f 943 937 944
f 944 937 938
f 944 938 757
f 929 912 945
f 945 912 925
f 945 925 946
f 946 925 926
f 946 926 947
f 947 926 927
f 947 927 948
f 948 927 928
f 948 928 949
f 950 757 929
f 816 814 817
f 817 814 813
f 817 813 951
f 951 813 952
f 951 952 953
f 953 952 954
f 953 954 955
f 955 954 956
f 955 956 957
f 957 958 955
f 955 958 959
f 955 959 953
f 953 959 960
f 953 960 951
f 951 960 961
f 951 961 817
f 817 961 962
f 817 962 815
f 818 815 819
f 819 815 962
f 819 962 822
f 822 962 961
f 822 961 893
f 893 961 960
f 893 960 892
f 892 960 959
f 892 959 765
f 765 959 958
f 765 958 757
f 957 757 958
f 956 963 957
f 957 963 757
f 757 964 965
f 965 964 966
f 965 966 967
f 967 966 968
f 967 968 969
f 969 968 970
f 969 970 971
f 971 970 972
f 971 972 973
f 757 974 964
f 964 974 975
f 964 975 966
f 966 975 976
f 966 976 968
f 968 976 977
f 968 977 970
f 970 977 832
f 970 832 972
f 972 832 834
f 972 834 973
f 973 834 978
f 973 978 979
f 757 980 974
f 974 980 981
f 974 981 975
f 975 981 982
f 975 982 976
f 976 982 983
f 976 983 977
f 977 983 837
f 977 837 832
f 832 837 838
f 832 838 833
f 984 835 985
f 985 835 837
f 985 837 986
f 986 837 983
f 986 983 987
f 987 983 982
f 987 982 988
f 988 982 981
f 988 981 989
f 989 981 980
f 989 980 990
f 990 980 757
f 626 625 875
f 875 625 772
f 875 772 991
f 991 772 992
f 991 992 993
f 993 992 994
f 993 994 995
f 995 994 996
f 995 996 997
f 997 998 995
f 995 998 999
f 995 999 993
f 993 999 1000
f 993 1000 991
f 991 1000 1001
f 991 1001 875
f 875 1001 1002
f 875 1002 618
f 619 618 876
f 876 618 1002
f 876 1002 877
f 877 1002 1001
f 877 1001 922
f 922 1001 1000
f 922 1000 900
f 900 1000 999
f 900 999 930
f 930 999 998
f 930 998 757
f 997 757 998
f 996 1003 997
f 997 1003 757
f 604 603 885
f 885 603 939
f 885 939 1004
f 1004 939 940
f 1004 940 1005
f 1005 940 941
f 1005 941 1006
f 1006 941 942
f 1006 942 1007
f 1007 942 943
f 1007 943 1008
f 1008 943 944
f 1008 944 757
f 950 929 1009
f 1009 929 945
f 1009 945 1010
f 1010 945 946
f 1010 946 1011
f 1011 946 947
f 1011 947 1012
f 1012 947 948
f 1012 948 1013
f 1013 948 949
f 1013 949 886
f 1014 1015 1016
f 1016 1015 1017
f 1016 1017 1018
f 1018 1017 1019
f 1018 1019 1020
f 1020 1019 1021
f 1020 1021 1022
f 1022 1021 1023
f 1022 1023 803
f 803 1023 808
f 803 808 804
f 804 808 809
f 810 806 811
f 811 806 808
f 811 808 813
f 813 808 1023
f 813 1023 952
f 952 1023 1021
f 952 1021 954
f 954 1021 1019
f 954 1019 956
f 956 1019 1017
f 956 1017 963
f 963 1017 1015
f 963 1015 757
f 1014 757 1015
f 757 1024 990
f 990 1024 1025
f 990 1025 989
f 989 1025 1026
f 989 1026 988
f 988 1026 1027
f 988 1027 987
f 987 1027 1028
f 987 1028 986
f 986 1028 841
f 986 841 985
f 985 841 840
f 985 840 984
f 757 1029 1024
f 1024 1029 1030
f 1024 1030 1025
f 1025 1030 1031
f 1025 1031 1026
f 1026 1031 1032
f 1026 1032 1027
f 1027 1032 1033
f 1027 1033 1028
f 1028 1033 1034
f 1028 1034 841
f 841 1034 1035
f 841 1035 839
f 846 1035 844
f 844 1035 1034
f 844 1034 1036
f 1036 1034 1033
f 1036 1033 1037
f 1037 1033 1032
f 1037 1032 1038
f 1038 1032 1031
f 1038 1031 1039
f 1039 1031 1030
f 1039 1030 1040
f 1040 1030 1029
f 1040 1029 1041
f 1041 1029 757
f 979 830 973
f 973 830 829
f 973 829 971
f 971 829 899
f 971 899 969
f 969 899 748
f 969 748 967
f 967 748 750
f 967 750 965
f 965 750 757
f 624 623 771
f 771 623 873
f 771 873 772
f 772 873 1042
f 772 1042 992
f 992 1042 1043
f 992 1043 994
f 994 1043 1044
f 994 1044 996
f 996 1044 1045
f 996 1045 1003
f 1003 1045 1046
f 1003 1046 757
f 595 596 886
f 886 596 884
f 886 884 1013
f 1013 884 885
f 1013 885 1012
f 1012 885 1004
f 1012 1004 1011
f 1011 1004 1005
f 1011 1005 1010
f 1010 1005 1006
f 1010 1006 1009
f 1009 1006 1007
f 1009 1007 950
f 950 1007 1008
f 950 1008 757
f 628 636 874
f 874 636 872
f 874 872 873
f 873 872 1047
f 873 1047 1042
f 1042 1047 1048
f 1042 1048 1043
f 1043 1048 1049
f 1043 1049 1044
f 1044 1049 1050
f 1044 1050 1045
f 1045 1050 1051
f 1045 1051 1046
f 1046 1051 1052
f 1046 1052 757
f 529 571 528
f 528 571 598
f 528 598 790
f 790 598 887
f 790 887 1053
f 523 522 1054
f 1054 522 790
f 1054 790 1055
f 1055 790 1053
f 1055 1053 1056
f 524 523 1057
f 1057 523 1054
f 1057 1054 1058
f 1058 1054 1055
f 1058 1055 1059
f 1059 1055 1056
f 1059 1056 1060
f 519 524 1061
f 1061 524 1057
f 1061 1057 1062
f 1062 1057 1058
f 1062 1058 1063
f 1063 1058 1059
f 1063 1059 1064
f 1064 1059 1060
f 1064 1060 1065
f 520 519 1066
f 1066 519 1061
f 1066 1061 1067
f 1067 1061 1062
f 1067 1062 1068
f 1068 1062 1063
f 1068 1063 1069
f 1069 1063 1064
f 1069 1064 1070
f 1070 1064 1065
f 1070 1065 1071
f 521 520 1072
f 1072 520 1066
f 1072 1066 1073
f 1073 1066 1067
f 1073 1067 1074
f 1074 1067 1068
f 1074 1068 1075
f 1075 1068 1069
f 1075 1069 1076
f 1076 1069 1070
f 1076 1070 1077
f 1077 1070 1071
f 1077 1071 1078
f 518 521 1079
f 1079 521 1072
f 1079 1072 1080
f 1080 1072 1073
f 1080 1073 1081
f 1081 1073 1074
f 1081 1074 1082
f 1082 1074 1075
f 1082 1075 1083
f 1083 1075 1076
f 1083 1076 1084
f 1084 1076 1077
f 1084 1077 1085
f 1085 1077 1078
f 1085 1078 1086
f 1086 1087 1085
f 1085 1087 1088
f 1085 1088 1084
f 1084 1088 1089
f 1084 1089 1083
f 1083 1089 1090
f 1083 1090 1082
f 1082 1090 1091
f 1082 1091 1081
f 1081 1091 1092
f 1081 1092 1080
f 1080 1092 1093
f 1080 1093 1079
f 1079 1093 1094
f 1079 1094 518
f 518 1094 517
f 516 517 788
f 788 517 1094
f 788 1094 1095
f 1095 1094 1093
f 1095 1093 1096
f 1096 1093 1092
f 1096 1092 1097
f 1097 1092 1091
f 1097 1091 1098
f 1098 1091 1090
f 1098 1090 1099
f 1099 1090 1089
f 1099 1089 1100
f 1100 1089 1088
f 1100 1088 1101
f 1101 1088 1087
f 1101 1087 757
f 1086 757 1087
f 597 594 887
f 887 594 886
f 887 886 1053
f 1053 886 949
f 1053 949 1056
f 1056 949 928
f 1056 928 1060
f 1060 928 911
f 1060 911 1065
f 1065 911 890
f 1065 890 1071
f 1071 890 754
f 1071 754 1078
f 1078 754 756
f 1078 756 1086
f 1086 756 757
f 514 513 787
f 787 513 788
f 787 788 1102
f 1102 788 1095
f 1102 1095 1103
f 1103 1095 1096
f 1103 1096 1104
f 1104 1096 1097
f 1104 1097 1105
f 1105 1097 1098
f 1105 1098 1106
f 1106 1098 1099
f 1106 1099 1107
f 1107 1099 1100
f 1107 1100 1108
f 1108 1100 1101
f 1108 1101 757
f 510 511 791
f 791 511 787
f 791 787 1109
f 1109 787 1102
f 1109 1102 1110
f 1110 1102 1103
f 1110 1103 1111
f 1111 1103 1104
f 1111 1104 1112
f 1112 1104 1105
f 1112 1105 1113
f 1113 1105 1106
f 1113 1106 1114
f 1114 1106 1107
f 1114 1107 1115
f 1115 1107 1108
f 1115 1108 757
f 798 797 799
f 799 797 791
f 799 791 801
f 801 791 1109
f 801 1109 803
f 803 1109 1110
f 803 1110 1022
f 1022 1110 1111
f 1022 1111 1020
f 1020 1111 1112
f 1020 1112 1018
f 1018 1112 1113
f 1018 1113 1016
f 1016 1113 1114
f 1016 1114 1014
f 1014 1114 1115
f 1014 1115 757
f 774 776 847
f 847 776 778
f 847 778 1116
f 633 632 871
f 871 632 870
f 871 870 872
f 872 870 1117
f 872 1117 1047
f 1047 1117 1118
f 1047 1118 1048
f 1048 1118 1119
f 1048 1119 1049
f 1049 1119 1120
f 1049 1120 1050
f 1050 1120 1121
f 1050 1121 1051
f 1051 1121 1122
f 1051 1122 1052
f 1052 1122 1123
f 1052 1123 757
f 853 1124 854
f 854 1124 848
f 854 848 1125
f 1125 848 850
f 1125 850 1126
f 1126 850 775
f 1126 775 1127
f 1127 775 847
f 1127 847 1128
f 1128 847 1116
f 1128 1116 1129
f 582 581 865
f 865 581 864
f 865 864 866
f 866 864 1130
f 866 1130 867
f 867 1130 1131
f 867 1131 868
f 868 1131 1132
f 868 1132 869
f 869 1132 1133
f 869 1133 870
f 870 1133 1134
f 870 1134 1117
f 1117 1134 1135
f 1117 1135 1118
f 1118 1135 1136
f 1118 1136 1119
f 1119 1136 1137
f 1119 1137 1120
f 1120 1137 1138
f 1120 1138 1121
f 1121 1138 1139
f 1121 1139 1122
f 1122 1139 1140
f 1122 1140 1123
f 1123 1140 1141
f 1123 1141 757
f 1142 861 1143
f 1143 861 859
f 1143 859 1144
f 1144 859 856
f 1144 856 1145
f 1145 856 854
f 1145 854 1146
f 1146 854 1125
f 1146 1125 1147
f 1147 1125 1126
f 1147 1126 1148
f 1148 1126 1127
f 1148 1127 1149
f 1149 1127 1128
f 1149 1128 1150
f 1150 1128 1129
f 1150 1129 1151
f 1152 1142 1153
f 1153 1142 1143
f 1153 1143 1154
f 1154 1143 1144
f 1154 1144 1155
f 1155 1144 1145
f 1155 1145 1156
f 1156 1145 1146
f 1156 1146 1157
f 1157 1146 1147
f 1157 1147 1158
f 1158 1147 1148
f 1158 1148 1159
f 1159 1148 1149
f 1159 1149 1160
f 1160 1149 1150
f 1160 1150 1161
f 1161 1150 1151
f 1161 1151 1162
f 1163 1152 1164
f 1164 1152 1153
f 1164 1153 1165
f 1165 1153 1154
f 1165 1154 1166
f 1166 1154 1155
f 1166 1155 1167
f 1167 1155 1156
f 1167 1156 1168
f 1168 1156 1157
f 1168 1157 1169
f 1169 1157 1158
f 1169 1158 1170
f 1170 1158 1159
f 1170 1159 1171
f 1171 1159 1160
f 1171 1160 1172
f 1172 1160 1161
f 1172 1161 1173
f 1173 1161 1162
f 1173 1162 1174
f 1175 1163 1176
f 1176 1163 1164
f 1176 1164 1177
f 1177 1164 1165
f 1177 1165 1178
f 1178 1165 1166
f 1178 1166 1179
f 1179 1166 1167
f 1179 1167 1180
f 1180 1167 1168
f 1180 1168 1181
f 1181 1168 1169
f 1181 1169 1182
f 1182 1169 1170
f 1182 1170 1183
f 1183 1170 1171
f 1183 1171 1184
f 1184 1171 1172
f 1184 1172 1185
f 1185 1172 1173
f 1185 1173 1186
f 1186 1173 1174
f 1186 1174 1187
f 1188 1175 1189
f 1189 1175 1176
f 1189 1176 1190
f 1190 1176 1177
f 1190 1177 1191
f 1191 1177 1178
f 1191 1178 1192
f 1192 1178 1179
f 1192 1179 1193
f 1193 1179 1180
f 1193 1180 1194
f 1194 1180 1181
f 1194 1181 1195
f 1195 1181 1182
f 1195 1182 1196
f 1196 1182 1183
f 1196 1183 1197
f 1197 1183 1184
f 1197 1184 1198
f 1198 1184 1185
f 1198 1185 1199
f 1199 1185 1186
f 1199 1186 1200
f 1200 1186 1187
f 1200 1187 1201
f 1201 1202 1200
f 1200 1202 1203
f 1200 1203 1199
f 1199 1203 1204
f 1199 1204 1198
f 1198 1204 1205
f 1198 1205 1197
f 1197 1205 1206
f 1197 1206 1196
f 1196 1206 1207
f 1196 1207 1195
f 1195 1207 1208
f 1195 1208 1194
f 1194 1208 1209
f 1194 1209 1193
f 1193 1209 1210
f 1193 1210 1192
f 1192 1210 1211
f 1192 1211 1191
f 1191 1211 1212
f 1191 1212 1190
f 1190 1212 1213
f 1190 1213 1189
f 1189 1213 1214
f 1189 1214 1188
f 1188 1214 1215
f 1216 1215 1217
f 1217 1215 1214
f 1217 1214 1218
f 1218 1214 1213
f 1218 1213 1219
f 1219 1213 1212
f 1219 1212 1220
f 1220 1212 1211
f 1220 1211 1221
f 1221 1211 1210
f 1221 1210 1222
f 1222 1210 1209
f 1222 1209 1223
f 1223 1209 1208
f 1223 1208 1224
f 1224 1208 1207
f 1224 1207 1225
f 1225 1207 1206
f 1225 1206 1226
f 1226 1206 1205
f 1226 1205 1227
f 1227 1205 1204
f 1227 1204 1228
f 1228 1204 1203
f 1228 1203 1229
f 1229 1203 1202
f 1229 1202 757
f 1201 757 1202
f 777 842 778
f 778 842 844
f 778 844 1116
f 1116 844 1036
f 1116 1036 1129
f 1129 1036 1037
f 1129 1037 1151
f 1151 1037 1038
f 1151 1038 1162
f 1162 1038 1039
f 1162 1039 1174
f 1174 1039 1040
f 1174 1040 1187
f 1187 1040 1041
f 1187 1041 1201
f 1201 1041 757
f 863 1216 864
f 864 1216 1217
f 864 1217 1130
f 1130 1217 1218
f 1130 1218 1131
f 1131 1218 1219
f 1131 1219 1132
f 1132 1219 1220
f 1132 1220 1133
f 1133 1220 1221
f 1133 1221 1134
f 1134 1221 1222
f 1134 1222 1135
f 1135 1222 1223
f 1135 1223 1136
f 1136 1223 1224
f 1136 1224 1137
f 1137 1224 1225
f 1137 1225 1138
f 1138 1225 1226
f 1138 1226 1139
f 1139 1226 1227
f 1139 1227 1140
f 1140 1227 1228
f 1140 1228 1141
f 1141 1228 1229
f 1141 1229 757
f 1230 1231 1232
f 1232 1231 1233
f 1232 1233 1234
f 1234 1233 1235
f 1234 1235 1236
f 1236 1235 1237
f 1236 1237 1238
f 1238 1237 1239
f 1238 1239 1240
f 1240 1239 1241
f 1240 1241 1242
f 1242 1241 1243
f 1242 1243 1244
f 1244 1243 1245
f 1244 1245 1246
f 1246 1245 1247
f 1246 1247 1248
f 1248 1247 1249
f 1248 1249 1250
f 1250 1249 1251
f 1250 1251 1252
f 1252 1251 1253
f 1252 1253 1230
f 1230 1253 1231
f 1254 1255 1256
f 1256 1255 1257
f 1256 1257 1258
f 1258 1257 1259
f 1258 1259 1260
f 1260 1259 1261
f 1260 1261 1262
f 1262 1261 1263
f 1262 1263 1264
f 1264 1263 1265
f 1264 1265 1266
f 1266 1265 1267
f 1266 1267 1268
f 1268 1267 1269
f 1268 1269 1270
f 1270 1269 1271
f 1270 1271 1272
f 1272 1271 1273
f 1272 1273 1274
f 1274 1273 1275
f 1274 1275 1276
f 1276 1275 1277
f 1276 1277 1254
f 1254 1277 1255
f 1278 1279 1280
f 1280 1279 1281
f 1280 1281 1282
f 1282 1281 1283
f 1282 1283 1284
f 1284 1283 1285
f 1284 1285 1286
f 1286 1285 1287
f 1286 1287 1288
f 1288 1287 1289
f 1288 1289 1290
f 1290 1289 1291
f 1290 1291 1292
f 1292 1291 1293
f 1292 1293 1294
f 1294 1293 1295
f 1294 1295 1296
f 1296 1295 1297
f 1296 1297 1298
f 1298 1297 1299
f 1298 1299 1300
f 1300 1299 1301
f 1300 1301 1278
f 1278 1301 1279
f 1302 1303 1304
f 1304 1303 1305
f 1304 1305 1306
f 1306 1305 1307
f 1306 1307 1308
f 1308 1307 1309
f 1308 1309 1310
f 1310 1309 1311
f 1310 1311 1312
f 1312 1311 1313
f 1312 1313 1314
f 1314 1313 1315
f 1314 1315 1316
f 1316 1315 1317
f 1316 1317 1318
f 1318 1317 1319
f 1318 1319 1320
f 1320 1319 1321
f 1320 1321 1322
f 1322 1321 1323
f 1322 1323 1324
f 1324 1323 1325
f 1324 1325 1302
f 1302 1325 1303
f 1326 1327 1328
f 1328 1327 1329
f 1328 1329 1330
f 1330 1329 1331
f 1330 1331 1332
f 1332 1331 1333
f 1332 1333 1334
f 1334 1333 1335
f 1334 1335 1336
f 1336 1335 1337
f 1336 1337 1338
f 1338 1337 1339
f 1338 1339 1340
f 1340 1339 1341
f 1340 1341 1342
f 1342 1341 1343
f 1342 1343 1344
f 1344 1343 1345
f 1344 1345 1346
f 1346 1345 1347
f 1346 1347 1348
f 1348 1347 1349
f 1348 1349 1326
f 1326 1349 1327
f 1350 1351 1352
f 1352 1351 1353
f 1352 1353 1354
f 1354 1353 1355
f 1354 1355 1356
f 1356 1355 1357
f 1356 1357 1358
f 1358 1357 1359
f 1358 1359 1360
f 1360 1359 1361
f 1360 1361 1362
f 1362 1361 1363
f 1362 1363 1364
f 1364 1363 1365
f 1364 1365 1366
f 1366 1365 1367
f 1366 1367 1368
f 1368 1367 1369
f 1368 1369 1370
f 1370 1369 1371
f 1370 1371 1372
f 1372 1371 1373
f 1372 1373 1350
f 1350 1373 1351
f 642 888 1374
f 1374 888 535
f 1374 535 711
f 283 282 647
f 647 282 574
f 647 574 644
f 644 574 591
f 644 591 642
f 642 591 593
f 642 593 888
f 1375 1376 1377
f 1377 1376 1378
f 1377 1378 793
f 793 1378 1379
f 793 1379 554
f 566 548 565
f 565 548 547
f 565 547 564
f 564 547 546
f 564 546 563
f 563 546 545
f 563 545 562
f 562 545 544
f 562 544 561
f 561 544 543
f 561 543 560
f 560 543 542
f 560 542 559
f 559 542 541
f 559 541 558
f 558 541 540
f 558 540 557
f 557 540 539
f 557 539 745
f 745 539 554
f 745 554 1380
f 1380 554 1379
f 711 535 570
f 570 535 534
f 570 534 569
f 569 534 552
f 569 552 568
f 568 552 551
f 568 551 567
f 567 551 550
f 567 550 566
f 566 550 549
f 566 549 548
f 576 320 322
f 1381 1382 1383
f 1383 1382 1384
f 1383 1384 1385
f 1385 1384 862
f 1385 862 1386
f 1386 862 861
f 1386 861 1387
f 1387 861 1142
f 1387 1142 1388
f 1388 1142 1152
f 1388 1152 1389
f 1389 1152 1163
f 1389 1163 1390
f 1390 1163 1175
f 1390 1175 1391
f 1391 1175 1188
f 1391 1188 1392
f 1392 1188 1215
f 1392 1215 1393
f 1393 1215 1216
f 1393 1216 1394
f 1394 1216 863
f 1394 863 1395
f 1395 863 576
f 1395 576 678
f 678 576 322
f 1396 1397 1398
f 1396 1398 1399
f 1400 1399 1398
f 1401 1400 1398
f 1402 1401 1398
f 1403 1402 1398
f 1404 1403 1398
f 1405 1404 1398
f 1406 1405 1398
f 1407 1406 1398
f 1408 1407 1398
f 1409 1408 1398
f 1410 1409 1398
f 1411 1410 1398
f 1412 1411 1398
f 1413 1412 1398
f 1414 1413 1398
f 1415 1414 1398
f 1416 1415 1398
f 1417 1416 1398
f 1418 1417 1398
f 1419 1418 1398
f 1420 1419 1398
f 1421 1420 1398
f 1422 1421 1398
f 1423 1422 1398
f 1424 1423 1398
f 1425 1424 1398
f 1426 1425 1398
f 1427 1426 1398
f 1428 1427 1398
f 1429 1428 1398
f 1430 1429 1398
f 1431 1430 1398
f 1432 1431 1398
f 1433 1432 1398
f 1434 1433 1398
f 1435 1434 1398
f 1436 1435 1398
f 1437 1436 1398
f 1438 1437 1398
f 1439 1438 1398
f 1440 1439 1398
f 1441 1440 1398
f 1442 1441 1398
f 1443 1442 1398
f 1444 1443 1398
f 1445 1444 1398
f 1446 1445 1398
f 1447 1446 1398
f 1448 1447 1398
f 1449 1448 1398
f 1450 1449 1398
f 1397 1450 1398
f 673 674 1451
f 675 676 1452
f 660 659 1453
f 713 708 1454
f 1455 1456 1457
f 1458 1459 1460
f 1461 1462 1463
f 1464 1465 1466
f 1467 1468 1469
f 1470 1471 1472
f 1473 1474 1475
f 1476 1477 1478
f 1479 1480 1481
f 1482 1385 1386
f 1476 1478 1483
f 1484 1485 1486
f 1486 1485 1487
f 1486 1487 1488
f 1488 1487 1489
f 1465 1490 1466
f 1466 1490 1491
f 1466 1491 1492
f 1462 1461 1493
f 1494 1495 1496
f 1497 1498 1495
f 1495 1498 1499
f 1495 1499 1496
f 1459 1500 1460
f 1460 1500 1497
f 1460 1497 1501
f 1501 1497 1495
f 1502 1503 1504
f 1504 1503 1505
f 1504 1505 1506
f 1506 1505 1507
f 1507 1505 1508
f 1507 1508 1509
f 1509 1508 1510
f 1509 1510 1511
f 1511 1510 1512
f 1511 1512 1513
f 1513 1512 1514
f 1514 1512 1515
f 1514 1515 1516
f 1517 1518 1519
f 1519 1518 1520
f 1520 1518 1521
f 1521 1518 1522
f 1521 1522 1523
f 1524 1525 1522
f 1522 1525 1526
f 1522 1526 1523
f 1527 1528 1529
f 1529 1528 1530
f 1529 1530 1531
f 1532 1533 1534
f 1534 1533 1535
f 1534 1535 1536
f 1456 1455 1537
f 1537 1455 1538
f 1537 1538 1539
f 1456 734 739
f 1456 739 1457
f 1457 739 740
f 1457 740 1540
f 1540 740 742
f 1540 742 1541
f 1541 742 741
f 1541 741 1542
f 741 747 1542
f 1542 747 746
f 1542 746 1543
f 746 1544 1543
f 1543 1544 1380
f 1543 1380 1379
f 745 1380 744
f 744 1380 1544
f 744 1544 743
f 743 1544 746
f 733 738 1545
f 1545 738 737
f 1545 737 1537
f 1537 737 736
f 1537 736 1456
f 1456 736 735
f 1456 735 734
f 721 722 1546
f 1546 722 723
f 1546 723 1547
f 1547 723 730
f 1547 730 1548
f 1548 730 728
f 1548 728 1549
f 1549 728 725
f 1549 725 1550
f 1550 725 724
f 1550 724 1551
f 1551 724 727
f 1551 727 1552
f 1552 727 726
f 1552 726 1553
f 1553 726 729
f 1553 729 1554
f 1554 729 731
f 1554 731 1545
f 1545 731 732
f 1545 732 733
f 716 717 1555
f 1555 717 720
f 1555 720 1556
f 1556 720 719
f 1556 719 1546
f 1546 719 718
f 1546 718 721
f 645 709 646
f 646 709 710
f 716 1555 715
f 715 1555 704
f 715 704 714
f 714 704 649
f 714 649 710
f 710 649 650
f 710 650 646
f 713 1454 712
f 712 1454 1374
f 712 1374 711
f 642 1374 643
f 643 1374 1454
f 643 1454 645
f 645 1454 708
f 645 708 709
f 701 707 1556
f 1556 707 706
f 1556 706 1555
f 1555 706 705
f 1555 705 704
f 700 699 1557
f 1557 699 698
f 1557 698 1558
f 1558 698 697
f 657 658 1559
f 658 654 1559
f 1559 654 655
f 1559 655 1560
f 659 656 1453
f 1453 656 657
f 1453 657 1561
f 1561 657 1559
f 1562 652 1563
f 1563 652 661
f 1563 661 1564
f 1564 661 1565
f 666 665 1562
f 665 653 1562
f 1562 653 652
f 1562 1566 666
f 666 1566 1567
f 666 1567 668
f 668 1567 669
f 669 1567 1568
f 669 1568 670
f 1569 1570 663
f 663 1570 664
f 664 1570 662
f 662 1570 1571
f 662 1571 696
f 1572 690 1571
f 1571 690 692
f 1571 692 696
f 691 1573 693
f 693 1573 1574
f 693 1574 694
f 1575 687 695
f 687 1575 688
f 688 1575 1576
f 688 1576 689
f 683 682 1577
f 686 685 1578
f 1578 685 684
f 1578 684 1579
f 680 679 1580
f 677 681 1581
f 678 673 1395
f 1395 673 1451
f 1395 1451 1394
f 1394 1451 1582
f 1394 1582 1393
f 1393 1582 1583
f 1393 1583 1392
f 1392 1583 1584
f 1392 1584 1391
f 1391 1584 1585
f 1391 1585 1390
f 1390 1585 1586
f 1390 1586 1389
f 1389 1586 1587
f 1389 1587 1388
f 1388 1587 1588
f 1388 1588 1387
f 1387 1588 1589
f 1387 1589 1386
f 1386 1589 1481
f 1386 1481 1482
f 1482 1481 1480
f 674 675 1451
f 1451 675 1452
f 1451 1452 1582
f 1582 1452 1590
f 1582 1590 1583
f 1583 1590 1591
f 1583 1591 1584
f 1584 1591 1592
f 1584 1592 1585
f 1585 1592 1593
f 1585 1593 1586
f 1586 1593 1594
f 1586 1594 1587
f 1587 1594 1595
f 1587 1595 1588
f 1588 1595 1596
f 1588 1596 1589
f 1589 1596 1597
f 1589 1597 1481
f 1481 1597 1478
f 1481 1478 1479
f 1479 1478 1477
f 676 677 1452
f 1452 677 1581
f 1452 1581 1590
f 1590 1581 1598
f 1590 1598 1591
f 1591 1598 1599
f 1591 1599 1592
f 1592 1599 1600
f 1592 1600 1593
f 1593 1600 1601
f 1593 1601 1594
f 1594 1601 1602
f 1594 1602 1595
f 1595 1602 1603
f 1595 1603 1596
f 1596 1603 1604
f 1596 1604 1597
f 1597 1604 1605
f 1597 1605 1478
f 1478 1605 1475
f 1478 1475 1483
f 1483 1475 1474
f 681 680 1581
f 1581 680 1580
f 1581 1580 1598
f 1598 1580 1606
f 1598 1606 1599
f 1599 1606 1607
f 1599 1607 1600
f 1600 1607 1608
f 1600 1608 1601
f 1601 1608 1609
f 1601 1609 1602
f 1602 1609 1610
f 1602 1610 1603
f 1603 1610 1611
f 1603 1611 1604
f 1604 1611 1612
f 1604 1612 1605
f 1605 1612 1613
f 1605 1613 1475
f 1475 1613 1472
f 1475 1472 1473
f 1473 1472 1471
f 679 686 1580
f 1580 686 1578
f 1580 1578 1606
f 1606 1578 1614
f 1606 1614 1607
f 1607 1614 1615
f 1607 1615 1608
f 1608 1615 1616
f 1608 1616 1609
f 1609 1616 1617
f 1609 1617 1610
f 1610 1617 1618
f 1610 1618 1611
f 1611 1618 1619
f 1611 1619 1612
f 1612 1619 1620
f 1612 1620 1613
f 1613 1620 1621
f 1613 1621 1472
f 1472 1621 1485
f 1472 1485 1470
f 1470 1485 1484
f 684 683 1579
f 1579 683 1577
f 1579 1577 1578
f 1578 1577 1622
f 1578 1622 1614
f 1614 1622 1623
f 1614 1623 1615
f 1615 1623 1624
f 1615 1624 1616
f 1616 1624 1625
f 1616 1625 1617
f 1617 1625 1626
f 1617 1626 1618
f 1618 1626 1627
f 1618 1627 1619
f 1619 1627 1628
f 1619 1628 1620
f 1620 1628 1629
f 1620 1629 1621
f 1621 1629 1630
f 1621 1630 1485
f 1485 1630 1631
f 1485 1631 1487
f 1487 1631 1469
f 1487 1469 1489
f 1489 1469 1468
f 1539 1536 1537
f 1537 1536 1535
f 1537 1535 1545
f 1545 1535 1632
f 1545 1632 1554
f 1554 1632 1633
f 1554 1633 1553
f 1553 1633 1634
f 1553 1634 1552
f 1552 1634 1635
f 1552 1635 1551
f 1551 1635 1636
f 1551 1636 1550
f 1550 1636 1637
f 1550 1637 1549
f 1549 1637 1638
f 1549 1638 1548
f 1548 1638 1639
f 1548 1639 1547
f 1547 1639 1640
f 1547 1640 1546
f 1546 1640 1641
f 1546 1641 1556
f 1556 1641 1558
f 1556 1558 701
f 701 1558 697
f 682 689 1577
f 1577 689 1576
f 1577 1576 1622
f 1622 1576 1642
f 1622 1642 1623
f 1623 1642 1643
f 1623 1643 1624
f 1624 1643 1644
f 1624 1644 1625
f 1625 1644 1645
f 1625 1645 1626
f 1626 1645 1646
f 1626 1646 1627
f 1627 1646 1647
f 1627 1647 1628
f 1628 1647 1648
f 1628 1648 1629
f 1629 1648 1649
f 1629 1649 1630
f 1630 1649 1650
f 1630 1650 1631
f 1631 1650 1651
f 1631 1651 1469
f 1469 1651 1492
f 1469 1492 1467
f 1467 1492 1491
f 1532 1531 1533
f 1533 1531 1530
f 1533 1530 1535
f 1535 1530 1652
f 1535 1652 1632
f 1632 1652 1653
f 1632 1653 1633
f 1633 1653 1654
f 1633 1654 1634
f 1634 1654 1655
f 1634 1655 1635
f 1635 1655 1656
f 1635 1656 1636
f 1636 1656 1657
f 1636 1657 1637
f 1637 1657 1658
f 1637 1658 1638
f 1638 1658 1659
f 1638 1659 1639
f 1639 1659 1660
f 1639 1660 1640
f 1640 1660 1661
f 1640 1661 1641
f 1641 1661 1662
f 1641 1662 1558
f 1558 1662 1663
f 1558 1663 1557
f 1557 1663 1664
f 1557 1664 700
f 700 1664 1665
f 700 1665 702
f 702 1665 703
f 695 694 1575
f 1575 694 1574
f 1575 1574 1576
f 1576 1574 1666
f 1576 1666 1642
f 1642 1666 1667
f 1642 1667 1643
f 1643 1667 1668
f 1643 1668 1644
f 1644 1668 1669
f 1644 1669 1645
f 1645 1669 1670
f 1645 1670 1646
f 1646 1670 1671
f 1646 1671 1647
f 1647 1671 1672
f 1647 1672 1648
f 1648 1672 1673
f 1648 1673 1649
f 1649 1673 1674
f 1649 1674 1650
f 1650 1674 1675
f 1650 1675 1651
f 1651 1675 1676
f 1651 1676 1492
f 1492 1676 1677
f 1492 1677 1466
f 1466 1677 1493
f 1466 1493 1464
f 1464 1493 1461
f 1527 1525 1528
f 1528 1525 1524
f 1528 1524 1530
f 1530 1524 1678
f 1530 1678 1652
f 1652 1678 1679
f 1652 1679 1653
f 1653 1679 1680
f 1653 1680 1654
f 1654 1680 1681
f 1654 1681 1655
f 1655 1681 1682
f 1655 1682 1656
f 1656 1682 1683
f 1656 1683 1657
f 1657 1683 1684
f 1657 1684 1658
f 1658 1684 1685
f 1658 1685 1659
f 1659 1685 1686
f 1659 1686 1660
f 1660 1686 1687
f 1660 1687 1661
f 1661 1687 1688
f 1661 1688 1662
f 1662 1688 1689
f 1662 1689 1663
f 1663 1689 1690
f 1663 1690 1664
f 1664 1690 1691
f 1664 1691 1665
f 1665 1691 1560
f 1665 1560 703
f 703 1560 655
f 691 690 1573
f 1573 690 1572
f 1573 1572 1574
f 1574 1572 1692
f 1574 1692 1666
f 1666 1692 1693
f 1666 1693 1667
f 1667 1693 1694
f 1667 1694 1668
f 1668 1694 1695
f 1668 1695 1669
f 1669 1695 1696
f 1669 1696 1670
f 1670 1696 1697
f 1670 1697 1671
f 1671 1697 1698
f 1671 1698 1672
f 1672 1698 1699
f 1672 1699 1673
f 1673 1699 1700
f 1673 1700 1674
f 1674 1700 1701
f 1674 1701 1675
f 1675 1701 1702
f 1675 1702 1676
f 1676 1702 1703
f 1676 1703 1677
f 1677 1703 1704
f 1677 1704 1493
f 1493 1704 1705
f 1493 1705 1462
f 1462 1705 1494
f 1462 1494 1463
f 1463 1494 1496
f 1519 1516 1517
f 1517 1516 1515
f 1517 1515 1518
f 1518 1515 1706
f 1518 1706 1522
f 1522 1706 1707
f 1522 1707 1524
f 1524 1707 1708
f 1524 1708 1678
f 1678 1708 1709
f 1678 1709 1679
f 1679 1709 1710
f 1679 1710 1680
f 1680 1710 1711
f 1680 1711 1681
f 1681 1711 1712
f 1681 1712 1682
f 1682 1712 1713
f 1682 1713 1683
f 1683 1713 1714
f 1683 1714 1684
f 1684 1714 1715
f 1684 1715 1685
f 1685 1715 1716
f 1685 1716 1686
f 1686 1716 1717
f 1686 1717 1687
f 1687 1717 1718
f 1687 1718 1688
f 1688 1718 1719
f 1688 1719 1689
f 1689 1719 1720
f 1689 1720 1690
f 1690 1720 1721
f 1690 1721 1691
f 1691 1721 1722
f 1691 1722 1560
f 1560 1722 1723
f 1560 1723 1559
f 1559 1723 1724
f 1559 1724 1561
f 1561 1724 1725
f 1561 1725 1453
f 1453 1725 1565
f 1453 1565 660
f 660 1565 661
f 663 670 1569
f 1569 670 1568
f 1569 1568 1570
f 1570 1568 1726
f 1570 1726 1571
f 1571 1726 1727
f 1571 1727 1572
f 1572 1727 1728
f 1572 1728 1692
f 1692 1728 1729
f 1692 1729 1693
f 1693 1729 1730
f 1693 1730 1694
f 1694 1730 1731
f 1694 1731 1695
f 1695 1731 1732
f 1695 1732 1696
f 1696 1732 1733
f 1696 1733 1697
f 1697 1733 1734
f 1697 1734 1698
f 1698 1734 1735
f 1698 1735 1699
f 1699 1735 1736
f 1699 1736 1700
f 1700 1736 1737
f 1700 1737 1701
f 1701 1737 1738
f 1701 1738 1702
f 1702 1738 1739
f 1702 1739 1703
f 1703 1739 1740
f 1703 1740 1704
f 1704 1740 1741
f 1704 1741 1705
f 1705 1741 1742
f 1705 1742 1494
f 1494 1742 1743
f 1494 1743 1495
f 1495 1743 1744
f 1495 1744 1501
f 1501 1744 1745
f 1501 1745 1460
f 1460 1745 1502
f 1460 1502 1458
f 1458 1502 1504
f 1566 1746 1567
f 1567 1746 1747
f 1567 1747 1568
f 1568 1747 1748
f 1568 1748 1726
f 1726 1748 1749
f 1726 1749 1727
f 1727 1749 1750
f 1727 1750 1728
f 1728 1750 1751
f 1728 1751 1729
f 1729 1751 1752
f 1729 1752 1730
f 1730 1752 1753
f 1730 1753 1731
f 1731 1753 1754
f 1731 1754 1732
f 1732 1754 1755
f 1732 1755 1733
f 1733 1755 1756
f 1733 1756 1734
f 1734 1756 1757
f 1734 1757 1735
f 1735 1757 1758
f 1735 1758 1736
f 1736 1758 1759
f 1736 1759 1737
f 1737 1759 1760
f 1737 1760 1738
f 1738 1760 1761
f 1738 1761 1739
f 1739 1761 1762
f 1739 1762 1740
f 1740 1762 1763
f 1740 1763 1741
f 1741 1763 1764
f 1741 1764 1742
f 1742 1764 1765
f 1742 1765 1743
f 1743 1765 1766
f 1743 1766 1744
f 1744 1766 1767
f 1744 1767 1745
f 1745 1767 1768
f 1745 1768 1502
f 1502 1768 1769
f 1502 1769 1503
f 1503 1769 1770
f 1503 1770 1505
f 1505 1770 1771
f 1505 1771 1508
f 1508 1771 1772
f 1508 1772 1510
f 1510 1772 1773
f 1510 1773 1512
f 1512 1773 1774
f 1512 1774 1515
f 1515 1774 1775
f 1515 1775 1706
f 1706 1775 1776
f 1706 1776 1707
f 1707 1776 1777
f 1707 1777 1708
f 1708 1777 1778
f 1708 1778 1709
f 1709 1778 1779
f 1709 1779 1710
f 1710 1779 1780
f 1710 1780 1711
f 1711 1780 1781
f 1711 1781 1712
f 1712 1781 1782
f 1712 1782 1713
f 1713 1782 1783
f 1713 1783 1714
f 1714 1783 1784
f 1714 1784 1715
f 1715 1784 1785
f 1715 1785 1716
f 1716 1785 1786
f 1716 1786 1717
f 1717 1786 1787
f 1717 1787 1718
f 1718 1787 1788
f 1718 1788 1719
f 1719 1788 1789
f 1719 1789 1720
f 1720 1789 1790
f 1720 1790 1721
f 1721 1790 1791
f 1721 1791 1722
f 1722 1791 1792
f 1722 1792 1723
f 1723 1792 1793
f 1723 1793 1724
f 1724 1793 1794
f 1724 1794 1725
f 1725 1794 1795
f 1725 1795 1565
f 1565 1795 1796
f 1565 1796 1564
f 1564 1796 1797
f 1564 1797 1563
f 1563 1797 1798
f 1563 1798 1562
f 1562 1798 1799
f 1562 1799 1566
f 1566 1799 1746
f 1746 1800 1747
f 1747 1800 1801
f 1747 1801 1748
f 1748 1801 1802
f 1748 1802 1749
f 1749 1802 1803
f 1749 1803 1750
f 1750 1803 1804
f 1750 1804 1751
f 1751 1804 1805
f 1751 1805 1752
f 1752 1805 1806
f 1752 1806 1753
f 1753 1806 1807
f 1753 1807 1754
f 1754 1807 1808
f 1754 1808 1755
f 1755 1808 1809
f 1755 1809 1756
f 1756 1809 1810
f 1756 1810 1757
f 1757 1810 1811
f 1757 1811 1758
f 1758 1811 1812
f 1758 1812 1759
f 1759 1812 1813
f 1759 1813 1760
f 1760 1813 1814
f 1760 1814 1761
f 1761 1814 1815
f 1761 1815 1762
f 1762 1815 1816
f 1762 1816 1763
f 1763 1816 1817
f 1763 1817 1764
f 1764 1817 1818
f 1764 1818 1765
f 1765 1818 1819
f 1765 1819 1766
f 1766 1819 1820
f 1766 1820 1767
f 1767 1820 1821
f 1767 1821 1768
f 1768 1821 1822
f 1768 1822 1769
f 1769 1822 1823
f 1769 1823 1770
f 1770 1823 1824
f 1770 1824 1771
f 1771 1824 1825
f 1771 1825 1772
f 1772 1825 1826
f 1772 1826 1773
f 1773 1826 1827
f 1773 1827 1774
f 1774 1827 1828
f 1774 1828 1775
f 1775 1828 1829
f 1775 1829 1776
f 1776 1829 1830
f 1776 1830 1777
f 1777 1830 1831
f 1777 1831 1778
f 1778 1831 1832
f 1778 1832 1779
f 1779 1832 1833
f 1779 1833 1780
f 1780 1833 1834
f 1780 1834 1781
f 1781 1834 1835
f 1781 1835 1782
f 1782 1835 1836
f 1782 1836 1783
f 1783 1836 1837
f 1783 1837 1784
f 1784 1837 1838
f 1784 1838 1785
f 1785 1838 1839
f 1785 1839 1786
f 1786 1839 1840
f 1786 1840 1787
f 1787 1840 1841
f 1787 1841 1788
f 1788 1841 1842
f 1788 1842 1789
f 1789 1842 1843
f 1789 1843 1790
f 1790 1843 1844
f 1790 1844 1791
f 1791 1844 1845
f 1791 1845 1792
f 1792 1845 1846
f 1792 1846 1793
f 1793 1846 1847
f 1793 1847 1794
f 1794 1847 1848
f 1794 1848 1795
f 1795 1848 1849
f 1795 1849 1796
f 1796 1849 1850
f 1796 1850 1797
f 1797 1850 1851
f 1797 1851 1798
f 1798 1851 1852
f 1798 1852 1799
f 1799 1852 1853
f 1799 1853 1746
f 1746 1853 1800
f 1800 1397 1801
f 1801 1397 1396
f 1801 1396 1802
f 1802 1396 1399
f 1802 1399 1803
f 1803 1399 1400
f 1803 1400 1804
f 1804 1400 1401
f 1804 1401 1805
f 1805 1401 1402
f 1805 1402 1806
f 1806 1402 1403
f 1806 1403 1807
f 1807 1403 1404
f 1807 1404 1808
f 1808 1404 1405
f 1808 1405 1809
f 1809 1405 1406
f 1809 1406 1810
f 1810 1406 1407
f 1810 1407 1811
f 1811 1407 1408
f 1811 1408 1812
f 1812 1408 1409
f 1812 1409 1813
f 1813 1409 1410
f 1813 1410 1814
f 1814 1410 1411
f 1814 1411 1815
f 1815 1411 1412
f 1815 1412 1816
f 1816 1412 1413
f 1816 1413 1817
f 1817 1413 1414
f 1817 1414 1818
f 1818 1414 1415
f 1818 1415 1819
f 1819 1415 1416
f 1819 1416 1820
f 1820 1416 1417
f 1820 1417 1821
f 1821 1417 1418
f 1821 1418 1822
f 1822 1418 1419
f 1822 1419 1823
f 1823 1419 1420
f 1823 1420 1824
f 1824 1420 1421
f 1824 1421 1825
f 1825 1421 1422
f 1825 1422 1826
f 1826 1422 1423
f 1826 1423 1827
f 1827 1423 1424
f 1827 1424 1828
f 1828 1424 1425
f 1828 1425 1829
f 1829 1425 1426
f 1829 1426 1830
f 1830 1426 1427
f 1830 1427 1831
f 1831 1427 1428
f 1831 1428 1832
f 1832 1428 1429
f 1832 1429 1833
f 1833 1429 1430
f 1833 1430 1834
f 1834 1430 1431
f 1834 1431 1835
f 1835 1431 1432
f 1835 1432 1836
f 1836 1432 1433
f 1836 1433 1837
f 1837 1433 1434
f 1837 1434 1838
f 1838 1434 1435
f 1838 1435 1839
f 1839 1435 1436
f 1839 1436 1840
f 1840 1436 1437
f 1840 1437 1841
f 1841 1437 1438
f 1841 1438 1842
f 1842 1438 1439
f 1842 1439 1843
f 1843 1439 1440
f 1843 1440 1844
f 1844 1440 1441
f 1844 1441 1845
f 1845 1441 1442
f 1845 1442 1846
f 1846 1442 1443
f 1846 1443 1847
f 1847 1443 1444
f 1847 1444 1848
f 1848 1444 1445
f 1848 1445 1849
f 1849 1445 1446
f 1849 1446 1850
f 1850 1446 1447
f 1850 1447 1851
f 1851 1447 1448
f 1851 1448 1852
f 1852 1448 1449
f 1852 1449 1853
f 1853 1449 1450
f 1853 1450 1800
f 1800 1450 1397
f 1854 1276 1855
f 1855 1276 1254
f 1855 1254 1856
f 1856 1254 1256
f 1856 1256 1857
f 1857 1256 1258
f 1857 1258 1858
f 1858 1258 1260
f 1858 1260 1859
f 1859 1260 1262
f 1859 1262 1860
f 1860 1262 1264
f 1860 1264 1861
f 1861 1264 1266
f 1861 1266 1862
f 1862 1266 1268
f 1862 1268 1863
f 1863 1268 1270
f 1863 1270 1864
f 1864 1270 1272
f 1864 1272 1865
f 1865 1272 1274
f 1865 1274 1854
f 1854 1274 1276
f 1866 1252 1867
f 1867 1252 1230
f 1867 1230 1868
f 1868 1230 1232
f 1868 1232 1869
f 1869 1232 1234
f 1869 1234 1870
f 1870 1234 1236
f 1870 1236 1871
f 1871 1236 1238
f 1871 1238 1872
f 1872 1238 1240
f 1872 1240 1873
f 1873 1240 1242
f 1873 1242 1874
f 1874 1242 1244
f 1874 1244 1875
f 1875 1244 1246
f 1875 1246 1876
f 1876 1246 1248
f 1876 1248 1877
f 1877 1248 1250
f 1877 1250 1866
f 1866 1250 1252
f 1878 1300 1879
f 1879 1300 1278
f 1879 1278 1880
f 1880 1278 1280
f 1880 1280 1881
f 1881 1280 1282
f 1881 1282 1882
f 1882 1282 1284
f 1882 1284 1883
f 1883 1284 1286
f 1883 1286 1884
f 1884 1286 1288
f 1884 1288 1885
f 1885 1288 1290
f 1885 1290 1886
f 1886 1290 1292
f 1886 1292 1887
f 1887 1292 1294
f 1887 1294 1888
f 1888 1294 1296
f 1888 1296 1889
f 1889 1296 1298
f 1889 1298 1878
f 1878 1298 1300
f 1890 1324 1891
f 1891 1324 1302
f 1891 1302 1892
f 1892 1302 1304
f 1892 1304 1893
f 1893 1304 1306
f 1893 1306 1894
f 1894 1306 1308
f 1894 1308 1895
f 1895 1308 1310
f 1895 1310 1896
f 1896 1310 1312
f 1896 1312 1897
f 1897 1312 1314
f 1897 1314 1898
f 1898 1314 1316
f 1898 1316 1899
f 1899 1316 1318
f 1899 1318 1900
f 1900 1318 1320
f 1900 1320 1901
f 1901 1320 1322
f 1901 1322 1890
f 1890 1322 1324
f 1902 1348 1903
f 1903 1348 1326
f 1903 1326 1904
f 1904 1326 1328
f 1904 1328 1905
f 1905 1328 1330
f 1905 1330 1906
f 1906 1330 1332
f 1906 1332 1907
f 1907 1332 1334
f 1907 1334 1908
f 1908 1334 1336
f 1908 1336 1909
f 1909 1336 1338
f 1909 1338 1910
f 1910 1338 1340
f 1910 1340 1911
f 1911 1340 1342
f 1911 1342 1912
f 1912 1342 1344
f 1912 1344 1913
f 1913 1344 1346
f 1913 1346 1902
f 1902 1346 1348
f 1914 1372 1915
f 1915 1372 1350
f 1915 1350 1916
f 1916 1350 1352
f 1916 1352 1917
f 1917 1352 1354
f 1917 1354 1918
f 1918 1354 1356
f 1918 1356 1919
f 1919 1356 1358
f 1919 1358 1920
f 1920 1358 1360
f 1920 1360 1921
f 1921 1360 1362
f 1921 1362 1922
f 1922 1362 1364
f 1922 1364 1923
f 1923 1364 1366
f 1923 1366 1924
f 1924 1366 1368
f 1924 1368 1925
f 1925 1368 1370
f 1925 1370 1914
f 1914 1370 1372
f 860 862 1384
f 1231 1253 1384
f 1351 1373 1377
f 1377 1373 1926
f 1926 1373 1371
f 1926 1371 1369
f 1369 1367 794
f 794 1367 1365
f 794 1365 782
f 1359 1357 793
f 793 1357 1355
f 793 1355 1377
f 1377 1355 1353
f 1377 1353 1351
f 1359 793 1361
f 1361 793 792
f 1361 792 1363
f 1363 792 785
f 1363 785 1365
f 1365 785 783
f 1365 783 782
f 1927 1347 1345
f 1331 1375 1333
f 1333 1375 1377
f 1333 1377 1335
f 1331 1329 1375
f 1375 1329 1327
f 1375 1327 1928
f 1343 1341 1926
f 1926 1341 1339
f 1926 1339 1377
f 1377 1339 1337
f 1377 1337 1335
f 1327 1349 1928
f 1928 1349 1347
f 1928 1347 1929
f 1929 1347 1927
f 1929 1927 1930
f 1930 1927 1931
f 1305 1932 1933
f 1319 1934 1321
f 1321 1934 1935
f 1305 1303 1932
f 1932 1303 1325
f 1932 1325 1936
f 1936 1325 1935
f 1935 1325 1323
f 1935 1323 1321
f 1927 1311 1931
f 1931 1311 1309
f 1931 1309 1933
f 1933 1309 1307
f 1933 1307 1305
f 1319 1317 1934
f 1934 1317 1315
f 1934 1315 1927
f 1927 1315 1313
f 1927 1313 1311
f 1937 1301 1938
f 1938 1301 1299
f 1299 1297 1938
f 1938 1297 1295
f 1938 1295 1935
f 1295 1293 1935
f 1935 1293 1291
f 1935 1291 1936
f 1936 1291 1289
f 1936 1289 1939
f 1289 1287 1939
f 1939 1287 1285
f 1939 1285 1940
f 1940 1285 1283
f 1940 1283 1941
f 1941 1283 1281
f 1941 1281 1937
f 1937 1281 1279
f 1937 1279 1301
f 1942 1257 1255
f 1277 1275 1943
f 1943 1275 1273
f 1943 1273 1271
f 1944 1945 1937
f 1937 1945 1946
f 1937 1946 1941
f 1942 1947 1257
f 1257 1947 1948
f 1257 1948 1259
f 1271 1269 1937
f 1269 1267 1937
f 1937 1267 1265
f 1937 1265 1944
f 1944 1265 1263
f 1944 1263 1948
f 1948 1263 1261
f 1948 1261 1259
f 1253 1251 1949
f 1949 1251 1249
f 1949 1249 1942
f 1942 1249 1247
f 1942 1247 1245
f 1239 1382 1241
f 1241 1382 1950
f 1241 1950 1243
f 1243 1950 1245
f 1245 1950 1951
f 1245 1951 1942
f 1942 1951 1952
f 1942 1952 1947
f 1239 1237 1382
f 1382 1237 1235
f 1382 1235 1384
f 1384 1235 1233
f 1384 1233 1231
f 860 1384 858
f 1253 1949 1384
f 1384 1949 857
f 1384 857 858
f 852 851 1949
f 851 849 1949
f 1949 849 848
f 1949 848 1124
f 1124 853 1949
f 1949 853 855
f 1949 855 857
f 845 843 1943
f 1943 843 842
f 1943 842 777
f 773 1953 774
f 774 1953 1943
f 774 1943 776
f 776 1943 777
f 1271 1937 1943
f 1943 1937 846
f 1943 846 845
f 984 840 1938
f 1938 840 839
f 1938 839 1937
f 1937 839 1035
f 1937 1035 846
f 838 836 1938
f 1938 836 835
f 1938 835 984
f 828 827 1935
f 1935 827 826
f 1935 826 779
f 779 831 1935
f 1935 831 830
f 1935 830 979
f 979 978 1935
f 1935 978 834
f 1935 834 1938
f 1938 834 833
f 1938 833 838
f 820 821 1935
f 1935 821 824
f 1935 824 828
f 814 816 815
f 812 814 1934
f 1934 814 815
f 1934 815 1935
f 1935 815 818
f 1935 818 820
f 807 806 1934
f 1934 806 810
f 1934 810 812
f 800 802 1926
f 1926 802 1927
f 1926 1927 1343
f 1343 1927 1345
f 802 805 1927
f 1927 805 804
f 1927 804 1934
f 1934 804 809
f 1934 809 807
f 796 797 1926
f 1926 797 798
f 1926 798 800
f 1369 794 1926
f 1926 794 795
f 1926 795 796
f 1255 1277 1942
f 1942 1277 1943
f 1942 1943 1949
f 1949 1943 1953
f 1949 1953 852
f 852 1953 773
f 1457 1540 1954
f 1907 1908 1378
f 1870 1871 1955
f 1955 1871 1956
f 1871 1872 1956
f 1956 1872 1873
f 1956 1873 1957
f 1957 1873 1874
f 1957 1874 1958
f 1958 1874 1875
f 1958 1875 1959
f 1875 1876 1959
f 1959 1876 1877
f 1959 1877 1960
f 1960 1877 1866
f 1866 1867 1960
f 1960 1867 1868
f 1960 1868 1955
f 1955 1868 1869
f 1955 1869 1870
f 1961 1962 1958
f 1958 1962 1963
f 1958 1963 1957
f 1964 1860 1861
f 1864 1865 1965
f 1964 1861 1966
f 1966 1861 1862
f 1966 1862 1965
f 1965 1862 1863
f 1965 1863 1864
f 1854 1855 1958
f 1855 1856 1958
f 1958 1856 1857
f 1958 1857 1961
f 1961 1857 1858
f 1961 1858 1964
f 1964 1858 1859
f 1964 1859 1860
f 1967 1968 1966
f 1966 1968 1969
f 1966 1969 1964
f 1498 1497 1888
f 1888 1497 1500
f 1888 1500 1887
f 1500 1459 1887
f 1887 1459 1458
f 1887 1458 1886
f 1886 1458 1504
f 1886 1504 1506
f 1889 1878 1966
f 1966 1878 1879
f 1966 1879 1967
f 1967 1879 1880
f 1967 1880 1970
f 1880 1881 1970
f 1970 1881 1882
f 1970 1882 1971
f 1884 1885 1509
f 1509 1885 1886
f 1509 1886 1507
f 1507 1886 1506
f 1509 1972 1884
f 1884 1972 1971
f 1884 1971 1883
f 1883 1971 1882
f 1513 1514 1516
f 1973 1974 1891
f 1520 1898 1519
f 1519 1898 1899
f 1519 1899 1516
f 1896 1897 1523
f 1523 1897 1898
f 1523 1898 1521
f 1521 1898 1520
f 1891 1974 1890
f 1890 1974 1972
f 1890 1972 1901
f 1901 1972 1509
f 1901 1509 1900
f 1900 1509 1899
f 1899 1509 1516
f 1516 1509 1511
f 1516 1511 1513
f 1891 1892 1973
f 1973 1892 1893
f 1973 1893 1975
f 1975 1893 1894
f 1975 1894 1976
f 1976 1894 1895
f 1976 1895 1896
f 1977 1978 1976
f 1976 1978 1979
f 1976 1979 1975
f 1912 1976 1911
f 1911 1976 1954
f 1908 1909 1954
f 1954 1909 1910
f 1954 1910 1911
f 1376 1905 1378
f 1378 1905 1906
f 1378 1906 1907
f 1912 1913 1976
f 1976 1913 1902
f 1976 1902 1977
f 1977 1902 1903
f 1977 1903 1376
f 1376 1903 1904
f 1376 1904 1905
f 1914 1915 1378
f 1908 1954 1378
f 1378 1954 1925
f 1378 1925 1914
f 1915 1916 1378
f 1378 1916 1917
f 1378 1917 1379
f 1917 1918 1379
f 1379 1918 1919
f 1379 1919 1543
f 1543 1919 1920
f 1543 1920 1542
f 1542 1920 1921
f 1542 1921 1541
f 1541 1921 1922
f 1541 1922 1540
f 1540 1922 1923
f 1540 1923 1954
f 1954 1923 1924
f 1954 1924 1925
f 1539 1538 1954
f 1954 1538 1455
f 1954 1455 1457
f 1896 1523 1976
f 1976 1523 1526
f 1976 1526 1525
f 1531 1532 1976
f 1976 1532 1534
f 1976 1534 1954
f 1954 1534 1536
f 1954 1536 1539
f 1525 1527 1976
f 1976 1527 1529
f 1976 1529 1531
f 1464 1461 1966
f 1966 1461 1463
f 1966 1463 1496
f 1888 1889 1498
f 1498 1889 1966
f 1498 1966 1499
f 1499 1966 1496
f 1467 1491 1965
f 1965 1491 1490
f 1965 1490 1966
f 1966 1490 1465
f 1966 1465 1464
f 1471 1470 1980
f 1980 1470 1484
f 1980 1484 1965
f 1965 1484 1486
f 1965 1486 1488
f 1488 1489 1965
f 1965 1489 1468
f 1965 1468 1467
f 1476 1483 1959
f 1959 1483 1474
f 1959 1474 1473
f 1482 1480 1960
f 1960 1480 1479
f 1960 1479 1959
f 1959 1479 1477
f 1959 1477 1476
f 1955 1381 1960
f 1960 1381 1383
f 1960 1383 1482
f 1482 1383 1385
f 1865 1854 1965
f 1965 1854 1958
f 1965 1958 1980
f 1980 1958 1959
f 1980 1959 1471
f 1471 1959 1473
f 1376 1375 1977
f 1977 1375 1928
f 1977 1928 1978
f 1978 1928 1929
f 1978 1929 1979
f 1979 1929 1930
f 1979 1930 1975
f 1975 1930 1931
f 1975 1931 1973
f 1973 1931 1933
f 1973 1933 1974
f 1974 1933 1932
f 1974 1932 1972
f 1972 1932 1936
f 1972 1936 1971
f 1971 1936 1939
f 1971 1939 1970
f 1970 1939 1940
f 1970 1940 1967
f 1967 1940 1941
f 1967 1941 1968
f 1968 1941 1946
f 1968 1946 1969
f 1969 1946 1945
f 1969 1945 1964
f 1964 1945 1944
f 1964 1944 1961
f 1961 1944 1948
f 1961 1948 1962
f 1962 1948 1947
f 1962 1947 1963
f 1963 1947 1952
f 1963 1952 1957
f 1957 1952 1951
f 1957 1951 1956
f 1956 1951 1950
f 1956 1950 1955
f 1955 1950 1382
f 1955 1382 1381
f 1981 1982 1983
f 1983 1982 1984
f 1983 1984 1985
f 1985 1984 1986
f 1985 1986 1987
f 1987 1986 1988
f 1987 1988 1989
f 1981 1990 1982
f 1982 1990 1991
f 1982 1991 1992
f 1992 1991 1993
f 1992 1993 1994
f 1993 1995 1994
f 1994 1995 1996
f 1994 1996 1997
f 1996 1998 1997
f 1997 1998 1999
f 1997 1999 2000
f 1999 2001 2000
f 2000 2001 2002
f 2000 2002 2003
f 2003 2002 2004
f 2003 2004 2005
f 2005 2004 2006
f 2005 2006 2007
f 2007 2006 2008
f 2008 2009 2007
f 2007 2009 2010
f 2007 2010 2011
f 2010 2012 2011
f 2011 2012 2013
f 2011 2013 2014
f 2014 2013 2015
f 2014 2015 2016
f 2016 2015 2017
f 2016 2017 2018
f 2018 2017 2019
f 2019 2020 2018
f 2018 2020 2021
f 2018 2021 2022
f 2021 2023 2022
f 2022 2023 2024
f 2022 2024 2025
f 2025 2024 2026
f 2025 2026 2027
f 2027 2026 2028
f 2027 2028 2029
f 2029 2028 2030
f 2029 2030 2031
f 2032 2033 2034
f 2034 2033 2035
f 2031 2036 2029
f 2029 2036 2037
f 2029 2037 2038
f 2038 2039 2029
f 2029 2039 2040
f 2029 2040 2027
f 2027 2040 2041
f 2027 2041 2025
f 2025 2041 2042
f 2025 2042 2022
f 2022 2042 2043
f 2022 2043 2018
f 2018 2043 2044
f 2018 2044 2016
f 2016 2044 2045
f 2016 2045 2014
f 2014 2045 2046
f 2014 2046 2011
f 2011 2046 2047
f 2011 2047 2007
f 2007 2047 2048
f 2007 2048 2005
f 2005 2048 2049
f 2005 2049 2003
f 2003 2049 2050
f 2003 2050 2000
f 2000 2050 2051
f 2000 2051 1997
f 1997 2051 2052
f 1997 2052 1994
f 1994 2052 2053
f 1994 2053 1992
f 1992 2053 2054
f 1992 2054 1982
f 1982 2054 2055
f 1982 2055 1984
f 1984 2055 2034
f 1984 2034 1986
f 1986 2034 2035
f 1986 2035 1988
f 2056 2057 2058
f 2058 2057 2032
f 2032 2034 2058
f 2058 2034 2055
f 2058 2055 2059
f 2059 2055 2054
f 2059 2054 2060
f 2060 2054 2053
f 2060 2053 2061
f 2061 2053 2052
f 2061 2052 2062
f 2062 2052 2051
f 2062 2051 2063
f 2063 2051 2050
f 2063 2050 2064
f 2064 2050 2049
f 2064 2049 2065
f 2065 2049 2048
f 2065 2048 2066
f 2066 2048 2047
f 2066 2047 2067
f 2067 2047 2046
f 2067 2046 2068
f 2068 2046 2045
f 2068 2045 2069
f 2069 2045 2044
f 2069 2044 2070
f 2070 2044 2043
f 2070 2043 2071
f 2071 2043 2042
f 2071 2042 2072
f 2072 2042 2041
f 2072 2041 2073
f 2073 2041 2040
f 2073 2040 2074
f 2074 2040 2039
f 2074 2039 2075
f 2076 2077 2078
f 2078 2077 2056
f 2038 2079 2039
f 2039 2079 2080
f 2039 2080 2075
f 2075 2080 2081
f 2075 2081 2082
f 2056 2058 2078
f 2078 2058 2059
f 2078 2059 2083
f 2083 2059 2060
f 2083 2060 2084
f 2084 2060 2061
f 2084 2061 2085
f 2085 2061 2062
f 2085 2062 2086
f 2086 2062 2063
f 2086 2063 2087
f 2087 2063 2064
f 2087 2064 2088
f 2088 2064 2065
f 2088 2065 2089
f 2089 2065 2066
f 2089 2066 2090
f 2090 2066 2067
f 2090 2067 2091
f 2091 2067 2068
f 2091 2068 2092
f 2092 2068 2069
f 2092 2069 2093
f 2093 2069 2070
f 2093 2070 2094
f 2094 2070 2071
f 2094 2071 2095
f 2095 2071 2072
f 2095 2072 2096
f 2096 2072 2073
f 2096 2073 2097
f 2097 2073 2074
f 2097 2074 2098
f 2098 2074 2075
f 2098 2075 2099
f 2099 2075 2082
f 2099 2082 2100
f 2076 2078 2101
f 2101 2078 2083
f 2101 2083 2102
f 2102 2083 2084
f 2102 2084 2103
f 2103 2084 2085
f 2103 2085 2104
f 2104 2085 2086
f 2104 2086 2105
f 2105 2086 2087
f 2105 2087 2106
f 2106 2087 2088
f 2106 2088 2107
f 2107 2088 2089
f 2107 2089 2108
f 2108 2089 2090
f 2108 2090 2109
f 2109 2090 2091
f 2109 2091 2110
f 2110 2091 2092
f 2110 2092 2111
f 2111 2092 2093
f 2111 2093 2112
f 2112 2093 2094
f 2112 2094 2113
f 2113 2094 2095
f 2113 2095 2114
f 2114 2095 2096
f 2114 2096 2115
f 2115 2096 2097
f 2115 2097 2116
f 2116 2097 2098
f 2116 2098 2117
f 2117 2098 2099
f 2117 2099 2118
f 2118 2099 2100
f 2118 2100 2119
f 2120 2121 2122
f 2122 2121 2123
f 2122 2123 2124
f 2124 2123 2125
f 2124 2125 2126
f 2126 2125 2127
f 2126 2127 2128
f 2128 2127 2129
f 2128 2129 2130
f 2130 2129 2131
f 2130 2131 2132
f 2132 2131 2133
f 2132 2133 2134
f 2134 2133 2135
f 2134 2135 2136
f 2136 2135 2137
f 2136 2137 2138
f 2138 2137 2139
f 2138 2139 2140
f 2140 2139 2141
f 2140 2141 2142
f 2142 2141 2143
f 2142 2143 2120
f 2120 2143 2121
f 2144 2145 2146
f 2146 2145 2147
f 2146 2147 2148
f 2148 2147 2149
f 2148 2149 2150
f 2150 2149 2151
f 2150 2151 2152
f 2152 2151 2153
f 2152 2153 2154
f 2154 2153 2155
f 2154 2155 2156
f 2156 2155 2157
f 2156 2157 2158
f 2158 2157 2159
f 2158 2159 2160
f 2160 2159 2161
f 2160 2161 2162
f 2162 2161 2163
f 2162 2163 2164
f 2164 2163 2165
f 2164 2165 2166
f 2166 2165 2167
f 2166 2167 2144
f 2144 2167 2145
f 2168 2169 2170
f 2170 2169 2171
f 2170 2171 2172
f 2172 2171 2173
f 2172 2173 2174
f 2174 2173 2175
f 2174 2175 2176
f 2176 2175 2177
f 2176 2177 2178
f 2178 2177 2179
f 2178 2179 2180
f 2180 2179 2181
f 2180 2181 2182
f 2182 2181 2183
f 2182 2183 2184
f 2184 2183 2185
f 2184 2185 2186
f 2186 2185 2187
f 2186 2187 2188
f 2188 2187 2189
f 2188 2189 2190
f 2190 2189 2191
f 2190 2191 2168
f 2168 2191 2169
f 2192 2193 2194
f 2194 2193 2195
f 2194 2195 2196
f 2196 2195 2197
f 2196 2197 2198
f 2198 2197 2199
f 2198 2199 2200
f 2200 2199 2201
f 2200 2201 2202
f 2202 2201 2203
f 2202 2203 2204
f 2204 2203 2205
f 2204 2205 2206
f 2206 2205 2207
f 2206 2207 2208
f 2208 2207 2209
f 2208 2209 2210
f 2210 2209 2211
f 2210 2211 2212
f 2212 2211 2213
f 2212 2213 2214
f 2214 2213 2215
f 2214 2215 2192
f 2192 2215 2193
f 2216 2217 2218
f 2218 2217 2219
f 2218 2219 2220
f 2220 2219 2221
f 2220 2221 2222
f 2222 2221 2223
f 2222 2223 2224
f 2224 2223 2225
f 2224 2225 2226
f 2226 2225 2227
f 2226 2227 2228
f 2228 2227 2229
f 2228 2229 2230
f 2230 2229 2231
f 2230 2231 2232
f 2232 2231 2233
f 2232 2233 2234
f 2234 2233 2235
f 2234 2235 2236
f 2236 2235 2237
f 2236 2237 2238
f 2238 2237 2239
f 2238 2239 2216
f 2216 2239 2217
f 2240 2241 2242
f 2242 2241 2243
f 2242 2243 2244
f 2244 2243 2245
f 2244 2245 2246
f 2246 2245 2247
f 2246 2247 2248
f 2248 2247 2249
f 2248 2249 2250
f 2250 2249 2251
f 2250 2251 2252
f 2252 2251 2253
f 2252 2253 2254
f 2254 2253 2255
f 2254 2255 2256
f 2256 2255 2257
f 2256 2257 2258
f 2258 2257 2259
f 2258 2259 2260
f 2260 2259 2261
f 2260 2261 2262
f 2262 2261 2263
f 2262 2263 2240
f 2240 2263 2241
f 2264 2265 2266
f 2266 2265 2267
f 2266 2267 2268
f 2268 2267 2269
f 2268 2269 2270
f 2270 2269 2271
f 2270 2271 2272
f 2272 2271 2273
f 2272 2273 2274
f 2274 2273 2275
f 2274 2275 2276
f 2276 2275 2277
f 2276 2277 2278
f 2278 2277 2279
f 2278 2279 2280
f 2280 2279 2281
f 2280 2281 2282
f 2282 2281 2283
f 2282 2283 2284
f 2284 2283 2285
f 2284 2285 2286
f 2286 2285 2287
f 2286 2287 2288
f 2288 2287 2289
f 2288 2289 2290
f 2290 2289 2291
f 2290 2291 2292
f 2292 2291 2293
f 2292 2293 2294
f 2294 2293 2295
f 2294 2295 2296
f 2296 2295 2297
f 2296 2297 2298
f 2298 2297 2299
f 2298 2299 2300
f 2300 2299 2301
f 2300 2301 2302
f 2302 2301 1381
f 2302 1381 1382
f 2303 2214 2304
f 2304 2214 2192
f 2304 2192 2305
f 2305 2192 2194
f 2305 2194 2306
f 2306 2194 2196
f 2306 2196 2307
f 2307 2196 2198
f 2307 2198 2308
f 2308 2198 2200
f 2308 2200 2309
f 2309 2200 2202
f 2309 2202 2310
f 2310 2202 2204
f 2310 2204 2311
f 2311 2204 2206
f 2311 2206 2312
f 2312 2206 2208
f 2312 2208 2313
f 2313 2208 2210
f 2313 2210 2314
f 2314 2210 2212
f 2314 2212 2303
f 2303 2212 2214
f 2315 2190 2316
f 2316 2190 2168
f 2316 2168 2317
f 2317 2168 2170
f 2317 2170 2318
f 2318 2170 2172
f 2318 2172 2319
f 2319 2172 2174
f 2319 2174 2320
f 2320 2174 2176
f 2320 2176 2321
f 2321 2176 2178
f 2321 2178 2322
f 2322 2178 2180
f 2322 2180 2323
f 2323 2180 2182
f 2323 2182 2324
f 2324 2182 2184
f 2324 2184 2325
f 2325 2184 2186
f 2325 2186 2326
f 2326 2186 2188
f 2326 2188 2315
f 2315 2188 2190
f 2327 2166 2328
f 2328 2166 2144
f 2328 2144 2329
f 2329 2144 2146
f 2329 2146 2330
f 2330 2146 2148
f 2330 2148 2331
f 2331 2148 2150
f 2331 2150 2332
f 2332 2150 2152
f 2332 2152 2333
f 2333 2152 2154
f 2333 2154 2334
f 2334 2154 2156
f 2334 2156 2335
f 2335 2156 2158
f 2335 2158 2336
f 2336 2158 2160
f 2336 2160 2337
f 2337 2160 2162
f 2337 2162 2338
f 2338 2162 2164
f 2338 2164 2327
f 2327 2164 2166
f 2339 2142 2340
f 2340 2142 2120
f 2340 2120 2341
f 2341 2120 2122
f 2341 2122 2342
f 2342 2122 2124
f 2342 2124 2343
f 2343 2124 2126
f 2343 2126 2344
f 2344 2126 2128
f 2344 2128 2345
f 2345 2128 2130
f 2345 2130 2346
f 2346 2130 2132
f 2346 2132 2347
f 2347 2132 2134
f 2347 2134 2348
f 2348 2134 2136
f 2348 2136 2349
f 2349 2136 2138
f 2349 2138 2350
f 2350 2138 2140
f 2350 2140 2339
f 2339 2140 2142
f 2351 2238 2352
f 2352 2238 2216
f 2352 2216 2353
f 2353 2216 2218
f 2353 2218 2354
f 2354 2218 2220
f 2354 2220 2355
f 2355 2220 2222
f 2355 2222 2356
f 2356 2222 2224
f 2356 2224 2357
f 2357 2224 2226
f 2357 2226 2358
f 2358 2226 2228
f 2358 2228 2359
f 2359 2228 2230
f 2359 2230 2360
f 2360 2230 2232
f 2360 2232 2361
f 2361 2232 2234
f 2361 2234 2362
f 2362 2234 2236
f 2362 2236 2351
f 2351 2236 2238
f 2363 2262 2364
f 2364 2262 2240
f 2364 2240 2365
f 2365 2240 2242
f 2365 2242 2366
f 2366 2242 2244
f 2366 2244 2367
f 2367 2244 2246
f 2367 2246 2368
f 2368 2246 2248
f 2368 2248 2369
f 2369 2248 2250
f 2369 2250 2370
f 2370 2250 2252
f 2370 2252 2371
f 2371 2252 2254
f 2371 2254 2372
f 2372 2254 2256
f 2372 2256 2373
f 2373 2256 2258
f 2373 2258 2374
f 2374 2258 2260
f 2374 2260 2363
f 2363 2260 2262
f 2375 2376 2377
f 2378 2379 2380
f 2381 2382 2383
f 2384 2385 2386
f 2387 2384 2388
f 2389 2390 2391
f 2392 2389 2393
f 2394 2392 2395
f 2396 2394 2397
f 2398 2396 2399
f 2400 2398 2401
f 2402 2382 2403
f 2403 2382 2381
f 2403 2381 2404
f 2405 2406 2407
f 2408 2383 2409
f 2409 2383 2382
f 2409 2382 2410
f 2410 2382 2402
f 2410 2402 2387
f 2411 2406 2412
f 2412 2406 2405
f 2412 2405 2413
f 2390 2414 2407
f 2407 2414 2415
f 2407 2415 2405
f 2405 2415 2416
f 2405 2416 2413
f 2413 2416 2417
f 2413 2417 2418
f 2418 2417 2419
f 2420 2421 2422
f 2422 2421 2423
f 2422 2423 2424
f 2424 2423 2425
f 2424 2425 2426
f 2426 2425 2427
f 2421 2428 2423
f 2423 2428 2429
f 2423 2429 2425
f 2425 2429 2430
f 2425 2430 2427
f 2427 2430 2431
f 2427 2431 2432
f 2432 2431 2433
f 2434 2435 2436
f 2436 2435 2437
f 2436 2437 2438
f 2438 2437 2439
f 2438 2439 2440
f 2440 2439 2441
f 2435 2442 2437
f 2437 2442 2443
f 2437 2443 2439
f 2439 2443 2444
f 2439 2444 2441
f 2441 2444 2445
f 2441 2445 2446
f 2446 2445 2447
f 2400 2401 2448
f 2448 2401 2449
f 2448 2449 2450
f 2450 2449 2380
f 2450 2380 2451
f 2451 2380 2379
f 2451 2379 2452
f 2398 2399 2401
f 2401 2399 2453
f 2401 2453 2449
f 2449 2453 2454
f 2449 2454 2380
f 2380 2454 2455
f 2380 2455 2378
f 2456 2457 2458
f 2396 2397 2399
f 2399 2397 2459
f 2399 2459 2453
f 2453 2459 2456
f 2453 2456 2454
f 2454 2456 2458
f 2454 2458 2455
f 2394 2395 2397
f 2397 2395 2460
f 2397 2460 2459
f 2459 2460 2377
f 2459 2377 2456
f 2456 2377 2376
f 2456 2376 2457
f 2392 2393 2395
f 2395 2393 2461
f 2395 2461 2460
f 2460 2461 2462
f 2460 2462 2377
f 2377 2462 2463
f 2377 2463 2375
f 2464 2465 2466
f 2389 2391 2393
f 2393 2391 2467
f 2393 2467 2461
f 2461 2467 2464
f 2461 2464 2462
f 2462 2464 2466
f 2462 2466 2463
f 2390 2407 2391
f 2391 2407 2406
f 2391 2406 2467
f 2467 2406 2411
f 2467 2411 2464
f 2464 2411 2468
f 2464 2468 2465
f 2418 2469 2413
f 2413 2469 2470
f 2413 2470 2412
f 2412 2470 2471
f 2412 2471 2411
f 2411 2471 2472
f 2411 2472 2468
f 2414 2420 2415
f 2415 2420 2422
f 2415 2422 2416
f 2416 2422 2424
f 2416 2424 2417
f 2417 2424 2426
f 2417 2426 2419
f 2432 2473 2427
f 2427 2473 2474
f 2427 2474 2426
f 2426 2474 2475
f 2426 2475 2419
f 2428 2434 2429
f 2429 2434 2436
f 2429 2436 2430
f 2430 2436 2438
f 2430 2438 2431
f 2431 2438 2440
f 2431 2440 2433
f 2446 2476 2441
f 2441 2476 2477
f 2441 2477 2440
f 2440 2477 2478
f 2440 2478 2433
f 2479 2447 2408
f 2408 2447 2445
f 2408 2445 2383
f 2383 2445 2444
f 2383 2444 2381
f 2381 2444 2443
f 2381 2443 2404
f 2404 2443 2442
f 2480 2481 2482
f 2387 2388 2410
f 2410 2388 2483
f 2410 2483 2409
f 2409 2483 2480
f 2409 2480 2408
f 2408 2480 2482
f 2408 2482 2479
f 2384 2386 2388
f 2388 2386 2484
f 2388 2484 2483
f 2483 2484 2485
f 2483 2485 2480
f 2480 2485 2486
f 2480 2486 2481
f 2487 2488 2035
f 2035 2488 1988
f 1988 2488 2489
f 1988 2489 1989
f 2490 2491 2032
f 2032 2491 2492
f 2032 2492 2033
f 2033 2492 2493
f 2033 2493 2035
f 2035 2493 2494
f 2035 2494 2487
f 2490 2032 2495
f 2495 2032 2057
f 2495 2057 2496
f 2057 2056 2496
f 2496 2056 2077
f 2496 2077 2497
f 2497 2077 2076
f 2497 2076 2498
f 2499 2498 2076
f 2500 2114 2501
f 2501 2114 2115
f 2501 2115 2116
f 2110 2502 2109
f 2109 2502 2503
f 2109 2503 2108
f 2499 2076 2504
f 2116 2117 2501
f 2501 2117 2118
f 2501 2118 2505
f 2505 2118 2119
f 2505 2119 2506
f 2110 2111 2502
f 2502 2111 2112
f 2502 2112 2500
f 2500 2112 2113
f 2500 2113 2114
f 2104 2105 2507
f 2507 2105 2106
f 2507 2106 2503
f 2503 2106 2107
f 2503 2107 2108
f 2076 2101 2504
f 2504 2101 2102
f 2504 2102 2507
f 2507 2102 2103
f 2507 2103 2104
f 2506 2119 2508
f 2508 2119 2100
f 2508 2100 2509
f 2509 2100 2082
f 2036 2510 2037
f 2037 2510 2511
f 2037 2511 2038
f 2511 2512 2038
f 2038 2512 2513
f 2038 2513 2079
f 2079 2513 2514
f 2079 2514 2080
f 2080 2514 2515
f 2080 2515 2081
f 2081 2515 2516
f 2081 2516 2082
f 2082 2516 2517
f 2082 2517 2509
f 2486 2518 2481
f 2481 2518 2519
f 2520 2479 2519
f 2519 2479 2482
f 2519 2482 2481
f 2477 2476 2521
f 2521 2476 2446
f 2521 2446 2520
f 2520 2446 2447
f 2520 2447 2479
f 2477 2521 2478
f 2478 2521 2522
f 2478 2522 2433
f 2433 2522 2432
f 2432 2522 2523
f 2432 2523 2473
f 2524 2475 2523
f 2523 2475 2474
f 2523 2474 2473
f 2470 2469 2525
f 2525 2469 2418
f 2525 2418 2524
f 2524 2418 2419
f 2524 2419 2475
f 2470 2525 2471
f 2471 2525 2526
f 2471 2526 2472
f 2527 2465 2526
f 2526 2465 2468
f 2526 2468 2472
f 2376 2375 2528
f 2528 2375 2463
f 2528 2463 2527
f 2527 2463 2466
f 2527 2466 2465
f 2376 2528 2457
f 2457 2528 2529
f 2457 2529 2458
f 2458 2529 2455
f 2455 2529 2530
f 2455 2530 2378
f 2378 2530 2379
f 2379 2530 2531
f 2379 2531 2452
f 2510 2036 2532
f 2532 2036 2533
f 2532 2533 2534
f 2036 2031 2533
f 2533 2031 2535
f 2031 2030 2535
f 2535 2030 2028
f 2535 2028 2536
f 2023 2537 2024
f 2024 2537 2536
f 2024 2536 2026
f 2026 2536 2028
f 2023 2021 2537
f 2537 2021 2020
f 2537 2020 2538
f 2015 2539 2017
f 2017 2539 2538
f 2017 2538 2019
f 2019 2538 2020
f 2015 2013 2539
f 2539 2013 2012
f 2539 2012 2540
f 2012 2010 2540
f 2540 2010 2009
f 2540 2009 2541
f 2009 2008 2541
f 2541 2008 2006
f 2541 2006 2542
f 2001 2543 2002
f 2002 2543 2542
f 2002 2542 2004
f 2004 2542 2006
f 2001 1999 2543
f 2543 1999 1998
f 2543 1998 2544
f 1993 2545 1995
f 1995 2545 2544
f 1995 2544 1996
f 1996 2544 1998
f 1993 1991 2545
f 2545 1991 1990
f 2545 1990 2546
f 1990 1981 2546
f 2546 1981 1983
f 2546 1983 2547
f 1989 2548 1987
f 1987 2548 2547
f 1987 2547 1985
f 1985 2547 1983
f 2549 2548 2550
f 2550 2548 1989
f 2550 1989 2489
f 2270 2272 2551
f 2300 2302 2133
f 2141 2139 2552
f 2552 2139 2137
f 2552 2137 2302
f 2302 2137 2135
f 2302 2135 2133
f 2553 2121 2552
f 2552 2121 2143
f 2552 2143 2141
f 2133 2131 2300
f 2300 2131 2129
f 2300 2129 2298
f 2298 2129 2127
f 2298 2127 2554
f 2554 2127 2125
f 2554 2125 2553
f 2553 2125 2123
f 2553 2123 2121
f 2147 2145 2555
f 2292 2294 2554
f 2554 2294 2296
f 2554 2296 2298
f 2290 2292 2157
f 2157 2292 2159
f 2167 2165 2554
f 2554 2165 2163
f 2554 2163 2292
f 2292 2163 2161
f 2292 2161 2159
f 2157 2155 2290
f 2290 2155 2153
f 2290 2153 2556
f 2556 2153 2151
f 2556 2151 2555
f 2555 2151 2149
f 2555 2149 2147
f 2284 2286 2556
f 2556 2286 2288
f 2556 2288 2290
f 2183 2280 2282
f 2183 2181 2280
f 2280 2181 2179
f 2280 2179 2278
f 2278 2179 2557
f 2169 2191 2556
f 2556 2191 2189
f 2556 2189 2284
f 2284 2189 2187
f 2284 2187 2282
f 2282 2187 2185
f 2282 2185 2183
f 2558 2559 2175
f 2171 2560 2173
f 2173 2560 2561
f 2558 2175 2562
f 2179 2177 2557
f 2557 2177 2175
f 2557 2175 2563
f 2563 2175 2559
f 2561 2564 2173
f 2173 2564 2565
f 2173 2565 2175
f 2175 2565 2566
f 2175 2566 2562
f 2276 2213 2211
f 2276 2211 2274
f 2274 2211 2209
f 2274 2209 2272
f 2272 2209 2207
f 2272 2207 2551
f 2567 2568 2199
f 2207 2205 2551
f 2551 2205 2203
f 2551 2203 2568
f 2568 2203 2201
f 2568 2201 2199
f 2213 2276 2215
f 2215 2276 2278
f 2215 2278 2193
f 2193 2278 2557
f 2193 2557 2195
f 2195 2557 2569
f 2195 2569 2570
f 2567 2199 2571
f 2571 2199 2197
f 2571 2197 2572
f 2570 2573 2195
f 2195 2573 2574
f 2195 2574 2197
f 2197 2574 2575
f 2197 2575 2572
f 2219 2217 2551
f 2217 2266 2551
f 2551 2266 2268
f 2551 2268 2270
f 2219 2551 2221
f 2221 2551 2576
f 2221 2576 2223
f 2217 2239 2266
f 2266 2239 2237
f 2266 2237 2264
f 2237 2235 2264
f 2264 2235 2233
f 2264 2233 2577
f 2577 2233 2231
f 2231 2229 2577
f 2577 2229 2227
f 2577 2227 2576
f 2576 2227 2225
f 2576 2225 2223
f 2247 2245 2578
f 2578 2245 2576
f 2245 2243 2576
f 2576 2243 2241
f 2576 2241 2577
f 2577 2241 2263
f 2577 2263 2261
f 2261 2259 2577
f 2577 2259 2257
f 2577 2257 2579
f 2257 2255 2579
f 2579 2255 2253
f 2579 2253 2580
f 2580 2253 2251
f 2580 2251 2581
f 2581 2251 2249
f 2581 2249 2582
f 2582 2249 2247
f 2582 2247 2583
f 2583 2247 2578
f 2584 2585 2576
f 2576 2585 2586
f 2586 2587 2576
f 2576 2587 2588
f 2576 2588 2578
f 2568 2589 2551
f 2551 2589 2590
f 2551 2590 2591
f 2591 2592 2551
f 2551 2592 2593
f 2551 2593 2576
f 2576 2593 2594
f 2576 2594 2584
f 2595 2596 2556
f 2556 2596 2597
f 2556 2597 2598
f 2171 2169 2560
f 2560 2169 2556
f 2560 2556 2599
f 2599 2556 2598
f 2600 2601 2555
f 2555 2601 2602
f 2603 2604 2605
f 2605 2604 2606
f 2605 2606 2555
f 2555 2606 2607
f 2555 2607 2600
f 2602 2608 2555
f 2555 2608 2609
f 2555 2609 2556
f 2556 2609 2610
f 2556 2610 2595
f 2553 2611 2612
f 2612 2613 2553
f 2553 2613 2614
f 2553 2614 2615
f 2616 2617 2552
f 2552 2617 2618
f 2552 2618 2553
f 2553 2618 2619
f 2553 2619 2611
f 2302 1382 2552
f 2552 1382 1384
f 2552 1384 2616
f 2616 1384 862
f 2145 2167 2555
f 2555 2167 2554
f 2555 2554 2605
f 2605 2554 2553
f 2605 2553 2603
f 2603 2553 2615
f 2620 2621 2622
f 2623 1385 1383
f 2291 2289 2624
f 2356 2357 2625
f 2626 2354 2355
f 2362 2267 2361
f 2361 2267 2265
f 2362 2351 2267
f 2267 2351 2352
f 2267 2352 2627
f 2627 2352 2353
f 2627 2353 2354
f 2357 2358 2625
f 2625 2358 2359
f 2625 2359 2265
f 2265 2359 2360
f 2265 2360 2361
f 2273 2271 2627
f 2627 2271 2269
f 2627 2269 2267
f 2307 2308 2622
f 2622 2308 2627
f 2303 2279 2277
f 2279 2303 2628
f 2303 2304 2628
f 2628 2304 2305
f 2628 2305 2622
f 2622 2305 2306
f 2622 2306 2307
f 2308 2309 2627
f 2627 2309 2310
f 2627 2310 2273
f 2273 2310 2311
f 2273 2311 2275
f 2311 2312 2275
f 2275 2312 2313
f 2275 2313 2277
f 2277 2313 2314
f 2277 2314 2303
f 2317 2318 2629
f 2629 2318 2628
f 2285 2283 2324
f 2318 2319 2628
f 2628 2319 2320
f 2628 2320 2279
f 2279 2320 2321
f 2279 2321 2281
f 2281 2321 2322
f 2281 2322 2283
f 2283 2322 2323
f 2283 2323 2324
f 2325 2326 2624
f 2624 2326 2315
f 2624 2315 2629
f 2629 2315 2316
f 2629 2316 2317
f 2324 2325 2285
f 2285 2325 2624
f 2285 2624 2287
f 2287 2624 2289
f 2327 2328 2630
f 2331 2624 2330
f 2330 2624 2630
f 2330 2630 2329
f 2329 2630 2328
f 2335 2293 2334
f 2334 2293 2291
f 2334 2291 2333
f 2333 2291 2624
f 2333 2624 2332
f 2332 2624 2331
f 2631 2295 2293
f 2338 2631 2337
f 2337 2631 2293
f 2337 2293 2336
f 2336 2293 2335
f 2350 2339 1383
f 1383 2339 2632
f 2346 1381 2345
f 2345 1381 2301
f 2345 2301 2344
f 2346 2347 1381
f 1381 2347 2348
f 1381 2348 1383
f 1383 2348 2349
f 1383 2349 2350
f 2339 2340 2632
f 2632 2340 2341
f 2632 2341 2631
f 2631 2341 2342
f 2631 2342 2343
f 2344 2301 2343
f 2343 2301 2299
f 2343 2299 2631
f 2631 2299 2297
f 2631 2297 2295
f 2633 2634 2632
f 2632 2634 2635
f 2632 2635 1383
f 1383 2635 2636
f 1383 2636 2623
f 2637 2638 2632
f 2638 2639 2632
f 2632 2639 2640
f 2632 2640 2633
f 2630 2641 2642
f 2643 2644 2645
f 2645 2644 2630
f 2645 2630 2646
f 2646 2630 2647
f 2642 2648 2630
f 2630 2648 2649
f 2630 2649 2647
f 2641 2630 2650
f 2650 2630 2624
f 2650 2624 2651
f 2651 2624 2629
f 2651 2629 2652
f 2653 2629 2654
f 2654 2629 2655
f 2653 2656 2629
f 2629 2656 2657
f 2629 2657 2652
f 2658 2659 2628
f 2628 2659 2660
f 2628 2660 2661
f 2661 2662 2628
f 2628 2662 2663
f 2628 2663 2629
f 2629 2663 2664
f 2629 2664 2655
f 2665 2666 2628
f 2628 2666 2658
f 2621 2667 2622
f 2622 2667 2668
f 2622 2668 2628
f 2628 2668 2669
f 2628 2669 2670
f 2670 2671 2628
f 2628 2671 2672
f 2628 2672 2665
f 2673 2674 2622
f 2622 2674 2675
f 2622 2675 2620
f 2676 2677 2627
f 2627 2677 2678
f 2627 2678 2622
f 2622 2678 2679
f 2622 2679 2673
f 2354 2626 2627
f 2627 2626 2680
f 2627 2680 2676
f 2681 2626 2682
f 2682 2626 2683
f 2681 2684 2626
f 2626 2684 2685
f 2626 2685 2680
f 2374 2363 2625
f 2625 2363 2626
f 2625 2626 2356
f 2356 2626 2355
f 2683 2367 2686
f 2686 2367 2368
f 2370 2687 2369
f 2369 2687 2688
f 2369 2688 2368
f 2368 2688 2689
f 2368 2689 2686
f 2370 2371 2687
f 2687 2371 2372
f 2687 2372 2625
f 2625 2372 2373
f 2625 2373 2374
f 2363 2364 2626
f 2626 2364 2365
f 2626 2365 2683
f 2683 2365 2366
f 2683 2366 2367
f 2338 2327 2631
f 2631 2327 2630
f 2631 2630 2632
f 2632 2630 2644
f 2632 2644 2637
f 2637 2644 2643
f 2690 2518 2691
f 2691 2518 2486
f 2691 2486 2692
f 2692 2486 2693
f 2693 2486 2694
f 2694 2486 2485
f 2694 2485 2695
f 2696 2697 2484
f 2484 2697 2698
f 2484 2698 2485
f 2485 2698 2699
f 2485 2699 2695
f 2696 2484 2700
f 2700 2484 2386
f 2700 2386 2701
f 2701 2386 2702
f 2702 2386 2385
f 2702 2385 2703
f 2704 2394 2396
f 2384 2705 2385
f 2385 2705 2706
f 2385 2706 2703
f 2384 2387 2705
f 2705 2387 2402
f 2705 2402 2707
f 2707 2402 2403
f 2707 2403 2404
f 2396 2398 2704
f 2704 2398 2400
f 2704 2400 2708
f 2708 2400 2709
f 2394 2704 2392
f 2392 2704 2710
f 2392 2710 2389
f 2421 2420 2711
f 2711 2420 2414
f 2711 2414 2710
f 2710 2414 2390
f 2710 2390 2389
f 2404 2442 2707
f 2707 2442 2435
f 2707 2435 2712
f 2712 2435 2434
f 2712 2434 2711
f 2711 2434 2428
f 2711 2428 2421
f 2709 2400 2713
f 2713 2400 2448
f 2713 2448 2714
f 2714 2448 2715
f 2715 2448 2450
f 2715 2450 2716
f 2451 2717 2450
f 2450 2717 2718
f 2450 2718 2716
f 2452 2719 2451
f 2451 2719 2720
f 2720 2721 2451
f 2451 2721 2722
f 2451 2722 2717
f 2452 2531 2723
f 2723 2724 2452
f 2452 2724 2725
f 2452 2725 2719
f 2726 2727 2728
f 2726 2728 2729
f 2730 2729 2728
f 2731 2730 2728
f 2732 2731 2728
f 2733 2732 2728
f 2734 2733 2728
f 2735 2734 2728
f 2736 2735 2728
f 2737 2736 2728
f 2738 2737 2728
f 2739 2738 2728
f 2740 2739 2728
f 2741 2740 2728
f 2742 2741 2728
f 2743 2742 2728
f 2744 2743 2728
f 2745 2744 2728
f 2746 2745 2728
f 2747 2746 2728
f 2748 2747 2728
f 2749 2748 2728
f 2750 2749 2728
f 2751 2750 2728
f 2752 2751 2728
f 2753 2752 2728
f 2754 2753 2728
f 2755 2754 2728
f 2756 2755 2728
f 2757 2756 2728
f 2758 2757 2728
f 2759 2758 2728
f 2760 2759 2728
f 2761 2760 2728
f 2762 2761 2728
f 2763 2762 2728
f 2764 2763 2728
f 2765 2764 2728
f 2766 2765 2728
f 2767 2766 2728
f 2768 2767 2728
f 2769 2768 2728
f 2770 2769 2728
f 2771 2770 2728
f 2772 2771 2728
f 2773 2772 2728
f 2774 2773 2728
f 2775 2774 2728
f 2776 2775 2728
f 2777 2776 2728
f 2778 2777 2728
f 2779 2778 2728
f 2780 2779 2728
f 2781 2780 2728
f 2727 2781 2728
f 2782 2783 2784
f 2785 2786 2787
f 2788 2789 2790
f 2791 2792 2793
f 2794 2795 2796
f 2585 2797 2586
f 2589 2798 2590
f 2574 2573 2799
f 2597 2800 2598
f 2618 2617 2801
f 2801 2617 2616
f 2613 2612 2802
f 2802 2612 2611
f 2603 2615 2803
f 2803 2615 2614
f 2803 2614 2804
f 2607 2606 2805
f 2805 2606 2604
f 2600 2806 2601
f 2601 2806 2807
f 2601 2807 2602
f 2608 2808 2609
f 2609 2808 2610
f 2809 2810 2595
f 2800 2597 2810
f 2810 2597 2596
f 2810 2596 2595
f 2560 2599 2811
f 2560 2811 2561
f 2811 2812 2561
f 2561 2812 2813
f 2561 2813 2564
f 2564 2813 2565
f 2565 2813 2814
f 2565 2814 2566
f 2563 2559 2815
f 2815 2559 2558
f 2815 2558 2816
f 2816 2558 2562
f 2816 2562 2817
f 2563 2815 2557
f 2557 2815 2818
f 2557 2818 2569
f 2569 2818 2819
f 2569 2819 2570
f 2574 2799 2575
f 2575 2799 2820
f 2575 2820 2572
f 2572 2820 2571
f 2571 2820 2821
f 2571 2821 2567
f 2567 2821 2568
f 2568 2821 2822
f 2568 2822 2589
f 2585 2584 2823
f 2584 2594 2823
f 2823 2594 2593
f 2823 2593 2592
f 2586 2797 2587
f 2587 2797 2824
f 2587 2824 2588
f 2581 2582 2825
f 2825 2582 2583
f 2825 2583 2826
f 2826 2583 2578
f 2826 2578 2588
f 2534 2579 2580
f 2516 2826 2517
f 2517 2826 2827
f 2517 2827 2509
f 2516 2515 2826
f 2826 2515 2514
f 2826 2514 2825
f 2825 2514 2513
f 2513 2512 2825
f 2825 2512 2511
f 2825 2511 2581
f 2581 2511 2510
f 2581 2510 2580
f 2580 2510 2532
f 2580 2532 2534
f 2505 2506 2827
f 2827 2506 2508
f 2827 2508 2509
f 2827 2828 2505
f 2505 2828 2829
f 2505 2829 2501
f 2501 2829 2830
f 2501 2830 2500
f 2500 2830 2831
f 2500 2831 2502
f 2502 2831 2832
f 2502 2832 2503
f 2503 2832 2833
f 2503 2833 2507
f 2507 2833 2834
f 2507 2834 2504
f 2504 2834 2835
f 2504 2835 2499
f 2492 2491 2836
f 2836 2491 2490
f 2836 2490 2495
f 2495 2496 2836
f 2836 2496 2497
f 2836 2497 2835
f 2835 2497 2498
f 2835 2498 2499
f 2487 2494 2837
f 2837 2494 2838
f 2836 2839 2492
f 2492 2839 2838
f 2492 2838 2493
f 2493 2838 2494
f 2837 2840 2487
f 2487 2840 2841
f 2487 2841 2488
f 2488 2841 2842
f 2489 2843 2550
f 2550 2843 2844
f 2550 2844 2549
f 2489 2488 2843
f 2843 2488 2842
f 2843 2842 2844
f 2844 2842 2845
f 2846 2847 2848
f 2848 2847 2849
f 2848 2849 2850
f 2795 2794 2851
f 2851 2794 2852
f 2851 2852 2853
f 2854 2855 2856
f 2856 2855 2857
f 2858 2859 2860
f 2861 2862 2863
f 2863 2862 2860
f 2863 2860 2864
f 2864 2860 2859
f 2865 2866 2867
f 2867 2866 2858
f 2867 2858 2868
f 2868 2858 2860
f 2869 2870 2871
f 2871 2870 2872
f 2871 2872 2873
f 2873 2872 2874
f 2873 2874 2875
f 2876 2877 2869
f 2877 2878 2869
f 2869 2878 2870
f 2869 2879 2876
f 2876 2879 2880
f 2876 2880 2881
f 2882 2883 2884
f 2884 2883 2885
f 2884 2885 2886
f 2887 2888 2889
f 2889 2888 2890
f 2889 2890 2882
f 2882 2890 2891
f 2882 2891 2883
f 2793 2792 2892
f 2892 2792 2893
f 2892 2893 2894
f 2894 2895 2896
f 2896 2895 2897
f 2897 2895 2898
f 2898 2895 2899
f 2898 2899 2789
f 2786 2900 2901
f 2901 2900 2902
f 2901 2902 2903
f 2785 2787 2783
f 2782 2784 2904
f 2905 2906 2907
f 2907 2906 2904
f 2908 2909 2905
f 576 2910 863
f 863 2910 2911
f 2909 2908 2911
f 2911 2908 2912
f 2911 2912 863
f 863 2912 2913
f 863 2913 1216
f 1216 2913 2914
f 1216 2914 1215
f 1215 2914 2915
f 1215 2915 1188
f 1188 2915 2916
f 1188 2916 1175
f 1175 2916 2917
f 1175 2917 1163
f 1163 2917 2918
f 1163 2918 1152
f 1152 2918 2919
f 1152 2919 1142
f 1142 2919 2801
f 1142 2801 861
f 861 2801 2616
f 861 2616 862
f 2905 2907 2908
f 2908 2907 2920
f 2908 2920 2912
f 2912 2920 2921
f 2912 2921 2913
f 2913 2921 2922
f 2913 2922 2914
f 2914 2922 2923
f 2914 2923 2915
f 2915 2923 2924
f 2915 2924 2916
f 2916 2924 2925
f 2916 2925 2917
f 2917 2925 2926
f 2917 2926 2918
f 2918 2926 2927
f 2918 2927 2919
f 2919 2927 2928
f 2919 2928 2801
f 2801 2928 2619
f 2801 2619 2618
f 2904 2784 2907
f 2907 2784 2929
f 2907 2929 2920
f 2920 2929 2930
f 2920 2930 2921
f 2921 2930 2931
f 2921 2931 2922
f 2922 2931 2932
f 2922 2932 2923
f 2923 2932 2933
f 2923 2933 2924
f 2924 2933 2934
f 2924 2934 2925
f 2925 2934 2935
f 2925 2935 2926
f 2926 2935 2936
f 2926 2936 2927
f 2927 2936 2802
f 2927 2802 2928
f 2928 2802 2611
f 2928 2611 2619
f 2783 2787 2784
f 2784 2787 2937
f 2784 2937 2929
f 2929 2937 2938
f 2929 2938 2930
f 2930 2938 2939
f 2930 2939 2931
f 2931 2939 2940
f 2931 2940 2932
f 2932 2940 2941
f 2932 2941 2933
f 2933 2941 2942
f 2933 2942 2934
f 2934 2942 2943
f 2934 2943 2935
f 2935 2943 2944
f 2935 2944 2936
f 2936 2944 2804
f 2936 2804 2802
f 2802 2804 2614
f 2802 2614 2613
f 2786 2901 2787
f 2787 2901 2945
f 2787 2945 2937
f 2937 2945 2946
f 2937 2946 2938
f 2938 2946 2947
f 2938 2947 2939
f 2939 2947 2948
f 2939 2948 2940
f 2940 2948 2949
f 2940 2949 2941
f 2941 2949 2950
f 2941 2950 2942
f 2942 2950 2951
f 2942 2951 2943
f 2943 2951 2952
f 2943 2952 2944
f 2944 2952 2953
f 2944 2953 2804
f 2804 2953 2805
f 2804 2805 2803
f 2803 2805 2604
f 2803 2604 2603
f 2588 2824 2826
f 2826 2824 2954
f 2826 2954 2827
f 2827 2954 2955
f 2827 2955 2828
f 2828 2955 2956
f 2828 2956 2829
f 2829 2956 2957
f 2829 2957 2830
f 2830 2957 2958
f 2830 2958 2831
f 2831 2958 2959
f 2831 2959 2832
f 2832 2959 2960
f 2832 2960 2833
f 2833 2960 2961
f 2833 2961 2834
f 2834 2961 2962
f 2834 2962 2835
f 2835 2962 2850
f 2835 2850 2836
f 2836 2850 2849
f 2836 2849 2839
f 2788 2790 2903
f 2903 2790 2963
f 2903 2963 2901
f 2901 2963 2964
f 2901 2964 2945
f 2945 2964 2965
f 2945 2965 2946
f 2946 2965 2966
f 2946 2966 2947
f 2947 2966 2967
f 2947 2967 2948
f 2948 2967 2968
f 2948 2968 2949
f 2949 2968 2969
f 2949 2969 2950
f 2950 2969 2970
f 2950 2970 2951
f 2951 2970 2971
f 2951 2971 2952
f 2952 2971 2972
f 2952 2972 2953
f 2953 2972 2806
f 2953 2806 2805
f 2805 2806 2600
f 2805 2600 2607
f 2585 2823 2797
f 2797 2823 2973
f 2797 2973 2824
f 2824 2973 2974
f 2824 2974 2954
f 2954 2974 2975
f 2954 2975 2955
f 2955 2975 2976
f 2955 2976 2956
f 2956 2976 2977
f 2956 2977 2957
f 2957 2977 2978
f 2957 2978 2958
f 2958 2978 2979
f 2958 2979 2959
f 2959 2979 2980
f 2959 2980 2960
f 2960 2980 2981
f 2960 2981 2961
f 2961 2981 2982
f 2961 2982 2962
f 2962 2982 2983
f 2962 2983 2850
f 2850 2983 2851
f 2850 2851 2848
f 2848 2851 2853
f 2848 2853 2846
f 2789 2899 2790
f 2790 2899 2984
f 2790 2984 2963
f 2963 2984 2985
f 2963 2985 2964
f 2964 2985 2986
f 2964 2986 2965
f 2965 2986 2987
f 2965 2987 2966
f 2966 2987 2988
f 2966 2988 2967
f 2967 2988 2989
f 2967 2989 2968
f 2968 2989 2990
f 2968 2990 2969
f 2969 2990 2991
f 2969 2991 2970
f 2970 2991 2992
f 2970 2992 2971
f 2971 2992 2993
f 2971 2993 2972
f 2972 2993 2994
f 2972 2994 2806
f 2806 2994 2808
f 2806 2808 2807
f 2807 2808 2608
f 2807 2608 2602
f 2590 2798 2591
f 2591 2798 2995
f 2591 2995 2592
f 2592 2995 2996
f 2592 2996 2823
f 2823 2996 2997
f 2823 2997 2973
f 2973 2997 2998
f 2973 2998 2974
f 2974 2998 2999
f 2974 2999 2975
f 2975 2999 3000
f 2975 3000 2976
f 2976 3000 3001
f 2976 3001 2977
f 2977 3001 3002
f 2977 3002 2978
f 2978 3002 3003
f 2978 3003 2979
f 2979 3003 3004
f 2979 3004 2980
f 2980 3004 3005
f 2980 3005 2981
f 2981 3005 3006
f 2981 3006 2982
f 2982 3006 3007
f 2982 3007 2983
f 2983 3007 3008
f 2983 3008 2851
f 2851 3008 2856
f 2851 2856 2795
f 2795 2856 2857
f 2795 2857 2796
f 2894 2893 2895
f 2895 2893 3009
f 2895 3009 2899
f 2899 3009 3010
f 2899 3010 2984
f 2984 3010 3011
f 2984 3011 2985
f 2985 3011 3012
f 2985 3012 2986
f 2986 3012 3013
f 2986 3013 2987
f 2987 3013 3014
f 2987 3014 2988
f 2988 3014 3015
f 2988 3015 2989
f 2989 3015 3016
f 2989 3016 2990
f 2990 3016 3017
f 2990 3017 2991
f 2991 3017 3018
f 2991 3018 2992
f 2992 3018 3019
f 2992 3019 2993
f 2993 3019 3020
f 2993 3020 2994
f 2994 3020 2809
f 2994 2809 2808
f 2808 2809 2595
f 2808 2595 2610
f 2589 2822 2798
f 2798 2822 3021
f 2798 3021 2995
f 2995 3021 3022
f 2995 3022 2996
f 2996 3022 3023
f 2996 3023 2997
f 2997 3023 3024
f 2997 3024 2998
f 2998 3024 3025
f 2998 3025 2999
f 2999 3025 3026
f 2999 3026 3000
f 3000 3026 3027
f 3000 3027 3001
f 3001 3027 3028
f 3001 3028 3002
f 3002 3028 3029
f 3002 3029 3003
f 3003 3029 3030
f 3003 3030 3004
f 3004 3030 3031
f 3004 3031 3005
f 3005 3031 3032
f 3005 3032 3006
f 3006 3032 3033
f 3006 3033 3007
f 3007 3033 3034
f 3007 3034 3008
f 3008 3034 3035
f 3008 3035 2856
f 2856 3035 2862
f 2856 2862 2854
f 2854 2862 2861
f 2854 2861 2855
f 2887 2889 2791
f 2791 2889 3036
f 2791 3036 2792
f 2792 3036 3037
f 2792 3037 2893
f 2893 3037 3038
f 2893 3038 3009
f 3009 3038 3039
f 3009 3039 3010
f 3010 3039 3040
f 3010 3040 3011
f 3011 3040 3041
f 3011 3041 3012
f 3012 3041 3042
f 3012 3042 3013
f 3013 3042 3043
f 3013 3043 3014
f 3014 3043 3044
f 3014 3044 3015
f 3015 3044 3045
f 3015 3045 3016
f 3016 3045 3046
f 3016 3046 3017
f 3017 3046 3047
f 3017 3047 3018
f 3018 3047 3048
f 3018 3048 3019
f 3019 3048 3049
f 3019 3049 3020
f 3020 3049 3050
f 3020 3050 2809
f 2809 3050 3051
f 2809 3051 2810
f 2810 3051 2811
f 2810 2811 2800
f 2800 2811 2599
f 2800 2599 2598
f 2570 2819 2573
f 2573 2819 3052
f 2573 3052 2799
f 2799 3052 3053
f 2799 3053 2820
f 2820 3053 3054
f 2820 3054 2821
f 2821 3054 3055
f 2821 3055 2822
f 2822 3055 3056
f 2822 3056 3021
f 3021 3056 3057
f 3021 3057 3022
f 3022 3057 3058
f 3022 3058 3023
f 3023 3058 3059
f 3023 3059 3024
f 3024 3059 3060
f 3024 3060 3025
f 3025 3060 3061
f 3025 3061 3026
f 3026 3061 3062
f 3026 3062 3027
f 3027 3062 3063
f 3027 3063 3028
f 3028 3063 3064
f 3028 3064 3029
f 3029 3064 3065
f 3029 3065 3030
f 3030 3065 3066
f 3030 3066 3031
f 3031 3066 3067
f 3031 3067 3032
f 3032 3067 3068
f 3032 3068 3033
f 3033 3068 3069
f 3033 3069 3034
f 3034 3069 3070
f 3034 3070 3035
f 3035 3070 3071
f 3035 3071 2862
f 2862 3071 3072
f 2862 3072 2860
f 2860 3072 3073
f 2860 3073 2868
f 2868 3073 2875
f 2868 2875 2867
f 2867 2875 2874
f 2867 2874 2865
f 2881 2880 2886
f 2886 2880 3074
f 2886 3074 2884
f 2884 3074 3075
f 2884 3075 2882
f 2882 3075 3076
f 2882 3076 2889
f 2889 3076 3077
f 2889 3077 3036
f 3036 3077 3078
f 3036 3078 3037
f 3037 3078 3079
f 3037 3079 3038
f 3038 3079 3080
f 3038 3080 3039
f 3039 3080 3081
f 3039 3081 3040
f 3040 3081 3082
f 3040 3082 3041
f 3041 3082 3083
f 3041 3083 3042
f 3042 3083 3084
f 3042 3084 3043
f 3043 3084 3085
f 3043 3085 3044
f 3044 3085 3086
f 3044 3086 3045
f 3045 3086 3087
f 3045 3087 3046
f 3046 3087 3088
f 3046 3088 3047
f 3047 3088 3089
f 3047 3089 3048
f 3048 3089 3090
f 3048 3090 3049
f 3049 3090 3091
f 3049 3091 3050
f 3050 3091 3092
f 3050 3092 3051
f 3051 3092 3093
f 3051 3093 2811
f 2811 3093 3094
f 2811 3094 2812
f 2812 3094 3095
f 2812 3095 2813
f 2813 3095 2817
f 2813 2817 2814
f 2814 2817 2562
f 2814 2562 2566
f 2869 3096 2879
f 2879 3096 3097
f 2879 3097 2880
f 2880 3097 3098
f 2880 3098 3074
f 3074 3098 3099
f 3074 3099 3075
f 3075 3099 3100
f 3075 3100 3076
f 3076 3100 3101
f 3076 3101 3077
f 3077 3101 3102
f 3077 3102 3078
f 3078 3102 3103
f 3078 3103 3079
f 3079 3103 3104
f 3079 3104 3080
f 3080 3104 3105
f 3080 3105 3081
f 3081 3105 3106
f 3081 3106 3082
f 3082 3106 3107
f 3082 3107 3083
f 3083 3107 3108
f 3083 3108 3084
f 3084 3108 3109
f 3084 3109 3085
f 3085 3109 3110
f 3085 3110 3086
f 3086 3110 3111
f 3086 3111 3087
f 3087 3111 3112
f 3087 3112 3088
f 3088 3112 3113
f 3088 3113 3089
f 3089 3113 3114
f 3089 3114 3090
f 3090 3114 3115
f 3090 3115 3091
f 3091 3115 3116
f 3091 3116 3092
f 3092 3116 3117
f 3092 3117 3093
f 3093 3117 3118
f 3093 3118 3094
f 3094 3118 3119
f 3094 3119 3095
f 3095 3119 3120
f 3095 3120 2817
f 2817 3120 3121
f 2817 3121 2816
f 2816 3121 3122
f 2816 3122 2815
f 2815 3122 3123
f 2815 3123 2818
f 2818 3123 3124
f 2818 3124 2819
f 2819 3124 3125
f 2819 3125 3052
f 3052 3125 3126
f 3052 3126 3053
f 3053 3126 3127
f 3053 3127 3054
f 3054 3127 3128
f 3054 3128 3055
f 3055 3128 3129
f 3055 3129 3056
f 3056 3129 3130
f 3056 3130 3057
f 3057 3130 3131
f 3057 3131 3058
f 3058 3131 3132
f 3058 3132 3059
f 3059 3132 3133
f 3059 3133 3060
f 3060 3133 3134
f 3060 3134 3061
f 3061 3134 3135
f 3061 3135 3062
f 3062 3135 3136
f 3062 3136 3063
f 3063 3136 3137
f 3063 3137 3064
f 3064 3137 3138
f 3064 3138 3065
f 3065 3138 3139
f 3065 3139 3066
f 3066 3139 3140
f 3066 3140 3067
f 3067 3140 3141
f 3067 3141 3068
f 3068 3141 3142
f 3068 3142 3069
f 3069 3142 3143
f 3069 3143 3070
f 3070 3143 3144
f 3070 3144 3071
f 3071 3144 3145
f 3071 3145 3072
f 3072 3145 3146
f 3072 3146 3073
f 3073 3146 3147
f 3073 3147 2875
f 2875 3147 3148
f 2875 3148 2873
f 2873 3148 3149
f 2873 3149 2871
f 2871 3149 3150
f 2871 3150 2869
f 2869 3150 3096
f 3150 3151 3096
f 3096 3151 3152
f 3096 3152 3097
f 3097 3152 3153
f 3097 3153 3098
f 3098 3153 3154
f 3098 3154 3099
f 3099 3154 3155
f 3099 3155 3100
f 3100 3155 3156
f 3100 3156 3101
f 3101 3156 3157
f 3101 3157 3102
f 3102 3157 3158
f 3102 3158 3103
f 3103 3158 3159
f 3103 3159 3104
f 3104 3159 3160
f 3104 3160 3105
f 3105 3160 3161
f 3105 3161 3106
f 3106 3161 3162
f 3106 3162 3107
f 3107 3162 3163
f 3107 3163 3108
f 3108 3163 3164
f 3108 3164 3109
f 3109 3164 3165
f 3109 3165 3110
f 3110 3165 3166
f 3110 3166 3111
f 3111 3166 3167
f 3111 3167 3112
f 3112 3167 3168
f 3112 3168 3113
f 3113 3168 3169
f 3113 3169 3114
f 3114 3169 3170
f 3114 3170 3115
f 3115 3170 3171
f 3115 3171 3116
f 3116 3171 3172
f 3116 3172 3117
f 3117 3172 3173
f 3117 3173 3118
f 3118 3173 3174
f 3118 3174 3119
f 3119 3174 3175
f 3119 3175 3120
f 3120 3175 3176
f 3120 3176 3121
f 3121 3176 3177
f 3121 3177 3122
f 3122 3177 3178
f 3122 3178 3123
f 3123 3178 3179
f 3123 3179 3124
f 3124 3179 3180
f 3124 3180 3125
f 3125 3180 3181
f 3125 3181 3126
f 3126 3181 3182
f 3126 3182 3127
f 3127 3182 3183
f 3127 3183 3128
f 3128 3183 3184
f 3128 3184 3129
f 3129 3184 3185
f 3129 3185 3130
f 3130 3185 3186
f 3130 3186 3131
f 3131 3186 3187
f 3131 3187 3132
f 3132 3187 3188
f 3132 3188 3133
f 3133 3188 3189
f 3133 3189 3134
f 3134 3189 3190
f 3134 3190 3135
f 3135 3190 3191
f 3135 3191 3136
f 3136 3191 3192
f 3136 3192 3137
f 3137 3192 3193
f 3137 3193 3138
f 3138 3193 3194
f 3138 3194 3139
f 3139 3194 3195
f 3139 3195 3140
f 3140 3195 3196
f 3140 3196 3141
f 3141 3196 3197
f 3141 3197 3142
f 3142 3197 3198
f 3142 3198 3143
f 3143 3198 3199
f 3143 3199 3144
f 3144 3199 3200
f 3144 3200 3145
f 3145 3200 3201
f 3145 3201 3146
f 3146 3201 3202
f 3146 3202 3147
f 3147 3202 3203
f 3147 3203 3148
f 3148 3203 3204
f 3148 3204 3149
f 3149 3204 3205
f 3149 3205 3150
f 3150 3205 3151
f 3205 2727 3151
f 3151 2727 2726
f 3151 2726 3152
f 3152 2726 2729
f 3152 2729 3153
f 3153 2729 2730
f 3153 2730 3154
f 3154 2730 2731
f 3154 2731 3155
f 3155 2731 2732
f 3155 2732 3156
f 3156 2732 2733
f 3156 2733 3157
f 3157 2733 2734
f 3157 2734 3158
f 3158 2734 2735
f 3158 2735 3159
f 3159 2735 2736
f 3159 2736 3160
f 3160 2736 2737
f 3160 2737 3161
f 3161 2737 2738
f 3161 2738 3162
f 3162 2738 2739
f 3162 2739 3163
f 3163 2739 2740
f 3163 2740 3164
f 3164 2740 2741
f 3164 2741 3165
f 3165 2741 2742
f 3165 2742 3166
f 3166 2742 2743
f 3166 2743 3167
f 3167 2743 2744
f 3167 2744 3168
f 3168 2744 2745
f 3168 2745 3169
f 3169 2745 2746
f 3169 2746 3170
f 3170 2746 2747
f 3170 2747 3171
f 3171 2747 2748
f 3171 2748 3172
f 3172 2748 2749
f 3172 2749 3173
f 3173 2749 2750
f 3173 2750 3174
f 3174 2750 2751
f 3174 2751 3175
f 3175 2751 2752
f 3175 2752 3176
f 3176 2752 2753
f 3176 2753 3177
f 3177 2753 2754
f 3177 2754 3178
f 3178 2754 2755
f 3178 2755 3179
f 3179 2755 2756
f 3179 2756 3180
f 3180 2756 2757
f 3180 2757 3181
f 3181 2757 2758
f 3181 2758 3182
f 3182 2758 2759
f 3182 2759 3183
f 3183 2759 2760
f 3183 2760 3184
f 3184 2760 2761
f 3184 2761 3185
f 3185 2761 2762
f 3185 2762 3186
f 3186 2762 2763
f 3186 2763 3187
f 3187 2763 2764
f 3187 2764 3188
f 3188 2764 2765
f 3188 2765 3189
f 3189 2765 2766
f 3189 2766 3190
f 3190 2766 2767
f 3190 2767 3191
f 3191 2767 2768
f 3191 2768 3192
f 3192 2768 2769
f 3192 2769 3193
f 3193 2769 2770
f 3193 2770 3194
f 3194 2770 2771
f 3194 2771 3195
f 3195 2771 2772
f 3195 2772 3196
f 3196 2772 2773
f 3196 2773 3197
f 3197 2773 2774
f 3197 2774 3198
f 3198 2774 2775
f 3198 2775 3199
f 3199 2775 2776
f 3199 2776 3200
f 3200 2776 2777
f 3200 2777 3201
f 3201 2777 2778
f 3201 2778 3202
f 3202 2778 2779
f 3202 2779 3203
f 3203 2779 2780
f 3203 2780 3204
f 3204 2780 2781
f 3204 2781 3205
f 3205 2781 2727
f 3206 3207 3208
f 3208 3207 3209
f 3208 3209 3210
f 3210 3209 3211
f 3210 3211 3212
f 3212 3211 3213
f 3212 3213 3214
f 3214 3213 3215
f 3214 3215 3216
f 3216 3215 3217
f 3216 3217 3218
f 3218 3217 3219
f 3218 3219 3220
f 3220 3219 3221
f 3220 3221 3222
f 3222 3221 3223
f 3222 3223 3224
f 3224 3223 3225
f 3224 3225 3226
f 3226 3225 3227
f 3226 3227 3228
f 3228 3227 3229
f 3228 3229 3206
f 3206 3229 3207
f 3230 3231 3232
f 3232 3231 3233
f 3232 3233 3234
f 3234 3233 3235
f 3234 3235 3236
f 3236 3235 3237
f 3236 3237 3238
f 3238 3237 3239
f 3238 3239 3240
f 3240 3239 3241
f 3240 3241 3242
f 3242 3241 3243
f 3242 3243 3244
f 3244 3243 3245
f 3244 3245 3246
f 3246 3245 3247
f 3246 3247 3248
f 3248 3247 3249
f 3248 3249 3250
f 3250 3249 3251
f 3250 3251 3252
f 3252 3251 3253
f 3252 3253 3230
f 3230 3253 3231
f 3254 3255 3256
f 3256 3255 3257
f 3256 3257 3258
f 3258 3257 3259
f 3258 3259 3260
f 3260 3259 3261
f 3260 3261 3262
f 3262 3261 3263
f 3262 3263 3264
f 3264 3263 3265
f 3264 3265 3266
f 3266 3265 3267
f 3266 3267 3268
f 3268 3267 3269
f 3268 3269 3270
f 3270 3269 3271
f 3270 3271 3272
f 3272 3271 3273
f 3272 3273 3274
f 3274 3273 3275
f 3274 3275 3276
f 3276 3275 3277
f 3276 3277 3254
f 3254 3277 3255
f 3278 3279 3280
f 3280 3279 3281
f 3280 3281 3282
f 3282 3281 3283
f 3282 3283 3284
f 3284 3283 3285
f 3284 3285 3286
f 3286 3285 3287
f 3286 3287 3288
f 3288 3287 3289
f 3288 3289 3290
f 3290 3289 3291
f 3290 3291 3292
f 3292 3291 3293
f 3292 3293 3294
f 3294 3293 3295
f 3294 3295 3296
f 3296 3295 3297
f 3296 3297 3298
f 3298 3297 3299
f 3298 3299 3300
f 3300 3299 3301
f 3300 3301 3278
f 3278 3301 3279
f 3302 3303 3304
f 3304 3303 3305
f 3304 3305 3306
f 3306 3305 3307
f 3306 3307 3308
f 3308 3307 3309
f 3308 3309 3310
f 3310 3309 3311
f 3310 3311 3312
f 3312 3311 3313
f 3312 3313 3314
f 3314 3313 3315
f 3314 3315 3316
f 3316 3315 3317
f 3316 3317 3318
f 3318 3317 3319
f 3318 3319 3320
f 3320 3319 3321
f 3320 3321 3322
f 3322 3321 3323
f 3322 3323 3324
f 3324 3323 3325
f 3324 3325 3302
f 3302 3325 3303
f 3326 3327 3328
f 3328 3327 3329
f 3328 3329 3330
f 3330 3329 3331
f 3330 3331 3332
f 3332 3331 3333
f 3332 3333 3334
f 3334 3333 3335
f 3334 3335 3336
f 3336 3335 3337
f 3336 3337 3338
f 3338 3337 3339
f 3338 3339 3340
f 3340 3339 3341
f 3340 3341 3342
f 3342 3341 3343
f 3342 3343 3344
f 3344 3343 3345
f 3344 3345 3346
f 3346 3345 3347
f 3346 3347 3348
f 3348 3347 3349
f 3348 3349 3326
f 3326 3349 3327
f 2265 2264 2625
f 2625 2264 2577
f 2625 2577 2687
f 2687 2577 2579
f 2687 2579 3350
f 3350 2579 2534
f 3350 2534 2690
f 3351 3352 3353
f 3353 3352 3354
f 3353 3354 3355
f 3355 3354 3356
f 3355 3356 2845
f 2845 3356 3357
f 2845 3357 2844
f 2844 3357 2549
f 2690 2534 2518
f 2518 2534 2533
f 2518 2533 2519
f 2519 2533 2535
f 2519 2535 2520
f 2520 2535 2536
f 2520 2536 2521
f 2521 2536 2537
f 2521 2537 2522
f 2537 2538 2522
f 2522 2538 2539
f 2522 2539 2523
f 2523 2539 2540
f 2523 2540 2524
f 2524 2540 2541
f 2524 2541 2525
f 2525 2541 2542
f 2525 2542 2526
f 2526 2542 2543
f 2526 2543 2527
f 2527 2543 2544
f 2527 2544 2528
f 2528 2544 2545
f 2528 2545 2529
f 2529 2545 2546
f 2529 2546 2530
f 2530 2546 2547
f 2530 2547 2531
f 2531 2547 2548
f 2531 2548 2723
f 2723 2548 2549
f 2723 2549 3358
f 3358 2549 3357
f 322 320 678
f 678 320 576
f 678 576 1395
f 1382 1381 1384
f 1384 1381 1383
f 1384 1383 862
f 1383 1385 862
f 862 1385 1386
f 862 1386 861
f 861 1386 1387
f 1395 576 1394
f 1394 576 863
f 1394 863 1393
f 1393 863 1216
f 1393 1216 1392
f 1392 1216 1215
f 1392 1215 1391
f 1391 1215 1188
f 1391 1188 1390
f 1390 1188 1175
f 1390 1175 1389
f 1389 1175 1163
f 1389 1163 1388
f 1388 1163 1152
f 1388 1152 1387
f 1387 1152 1142
f 1387 1142 861
f 3359 3360 3361
f 3362 3363 3364
f 3365 3366 3367
f 3368 3369 3370
f 3371 3369 3368
f 3368 3372 3373
f 3374 3372 3368
f 3370 3374 3368
f 3360 3359 3368
f 3368 3375 3376
f 3377 3375 3368
f 3363 3362 3368
f 3366 3365 3368
f 3378 3379 3380
f 3381 3382 3383
f 3383 3382 3384
f 3385 3386 3387
f 3388 3389 3390
f 3391 3392 3393
f 3394 3395 3396
f 3397 3398 3399
f 3398 3397 3400
f 2636 2635 3401
f 2646 3402 2645
f 2647 2649 3403
f 2652 2657 3404
f 3404 2657 2656
f 2655 2664 3405
f 2662 3406 2663
f 2671 2670 3407
f 2693 2694 2689
f 2716 2718 3408
f 3409 3410 3357
f 3357 3410 3358
f 2723 3358 2724
f 2724 3358 3410
f 2724 3410 2725
f 2725 3410 3409
f 2725 3409 3411
f 2716 3408 2715
f 2709 2713 3408
f 3408 2713 2714
f 3408 2714 2715
f 2704 2708 3412
f 2697 2696 3413
f 3413 2696 2700
f 3413 2700 2701
f 2702 2703 3414
f 2689 2694 2686
f 2686 2694 2695
f 2686 2695 2683
f 2683 2695 2699
f 2683 2699 2682
f 2692 3415 2691
f 2691 3415 3350
f 2691 3350 2690
f 2687 3350 2688
f 2688 3350 3415
f 2688 3415 2689
f 2689 3415 2692
f 2689 2692 2693
f 3416 2684 3417
f 3417 2684 2681
f 3417 2681 2682
f 2677 2676 3418
f 3418 2676 2680
f 3418 2680 3416
f 3416 2680 2685
f 3416 2685 2684
f 3419 2679 3420
f 3420 2679 2678
f 3420 2678 2677
f 2668 2667 3421
f 2667 2621 3421
f 3421 2621 2620
f 3421 2620 3422
f 3422 2620 2675
f 3422 2675 3423
f 3423 2675 2674
f 3423 2674 2673
f 2670 2669 3407
f 3407 2669 2668
f 3407 2668 3424
f 3424 2668 3421
f 2659 2658 3425
f 3425 2658 2666
f 3425 3426 2659
f 2659 3426 3427
f 2659 3427 2660
f 2650 2651 3428
f 2648 2642 3429
f 3429 2642 2641
f 3429 2641 2650
f 2638 2637 3430
f 3430 2637 2643
f 2640 2639 3431
f 2634 2633 3432
f 1395 3433 678
f 678 3433 3434
f 3434 3433 3435
f 3435 3433 3436
f 3435 3436 3437
f 3438 3439 3436
f 3436 3439 3440
f 3436 3440 3437
f 3441 3442 3438
f 3438 3442 3443
f 3438 3443 3439
f 3444 3445 3441
f 3441 3445 3446
f 3441 3446 3442
f 3447 3448 3449
f 3449 3448 3450
f 3449 3450 3451
f 3452 3453 3447
f 3447 3453 3454
f 3447 3454 3448
f 3455 3456 3457
f 3457 3456 3458
f 3458 3456 3459
f 3459 3456 3460
f 3459 3460 3461
f 3462 3463 3464
f 3464 3463 3465
f 3464 3465 3466
f 3391 3467 3468
f 3469 3470 3393
f 3393 3470 3471
f 3393 3471 3391
f 3472 3473 3474
f 3474 3473 3475
f 3474 3475 3469
f 3469 3475 3470
f 3476 3477 3472
f 3472 3477 3478
f 3472 3478 3473
f 3479 3480 3481
f 3481 3480 3482
f 3481 3482 3483
f 3484 3485 3486
f 3379 3378 3484
f 3484 3378 3487
f 3484 3487 3485
f 3488 3489 3371
f 3490 3367 3491
f 3491 3367 3366
f 3491 3366 3492
f 3492 3366 3368
f 3493 3364 3494
f 3494 3364 3363
f 3494 3363 3495
f 3495 3363 3368
f 3496 3376 3497
f 3497 3376 3375
f 3497 3375 3498
f 3498 3375 3377
f 3498 3377 3499
f 3500 3361 3501
f 3501 3361 3360
f 3501 3360 3502
f 3502 3360 3368
f 3503 3504 3505
f 3371 3489 3369
f 3369 3489 3506
f 3369 3506 3370
f 3370 3506 3507
f 3370 3507 3374
f 3374 3507 3508
f 3374 3508 3372
f 3372 3508 3509
f 3372 3509 3373
f 3510 3511 3488
f 3512 3490 3513
f 3513 3490 3491
f 3513 3491 3514
f 3514 3491 3492
f 3514 3492 3515
f 3515 3492 3368
f 3468 3493 3516
f 3516 3493 3494
f 3516 3494 3517
f 3517 3494 3495
f 3517 3495 3518
f 3518 3495 3368
f 3519 3368 3362
f 3520 3496 3521
f 3521 3496 3497
f 3521 3497 3522
f 3522 3497 3498
f 3522 3498 3523
f 3523 3498 3499
f 3523 3499 3524
f 3525 3500 3526
f 3526 3500 3501
f 3526 3501 3527
f 3527 3501 3502
f 3527 3502 3528
f 3528 3502 3368
f 3529 3504 3530
f 3530 3504 3503
f 3530 3503 3531
f 3488 3511 3489
f 3489 3511 3532
f 3489 3532 3506
f 3506 3532 3533
f 3506 3533 3507
f 3507 3533 3534
f 3507 3534 3508
f 3508 3534 3535
f 3508 3535 3509
f 3510 3536 3427
f 3427 3536 2661
f 3427 2661 2660
f 3537 3512 3538
f 3538 3512 3513
f 3538 3513 3539
f 3539 3513 3514
f 3539 3514 3540
f 3540 3514 3515
f 3540 3515 3541
f 3541 3515 3368
f 3542 3543 3544
f 3519 3362 3545
f 3545 3362 3364
f 3545 3364 3546
f 3546 3364 3493
f 3546 3493 3547
f 3547 3493 3468
f 3547 3468 3395
f 3395 3468 3467
f 3395 3467 3396
f 3392 3520 3393
f 3393 3520 3521
f 3393 3521 3469
f 3469 3521 3522
f 3469 3522 3474
f 3474 3522 3523
f 3474 3523 3472
f 3472 3523 3524
f 3472 3524 3476
f 3391 3468 3392
f 3392 3468 3516
f 3392 3516 3520
f 3520 3516 3517
f 3520 3517 3496
f 3496 3517 3518
f 3496 3518 3376
f 3376 3518 3368
f 3548 3525 3549
f 3549 3525 3526
f 3549 3526 3550
f 3550 3526 3527
f 3550 3527 3551
f 3551 3527 3528
f 3551 3528 3552
f 3552 3528 3368
f 3553 3529 3554
f 3554 3529 3530
f 3554 3530 3555
f 3555 3530 3531
f 3555 3531 3556
f 3510 3427 3511
f 3511 3427 3426
f 3511 3426 3532
f 3532 3426 3425
f 3532 3425 3533
f 3533 3425 3557
f 3533 3557 3534
f 3534 3557 3558
f 3534 3558 3535
f 2664 2663 3405
f 3405 2663 3406
f 3405 3406 3536
f 3536 3406 2662
f 3536 2662 2661
f 2654 2655 3559
f 3559 2655 3405
f 3559 3405 3560
f 3560 3405 3536
f 3560 3536 3561
f 3561 3536 3510
f 3561 3510 3562
f 3562 3510 3488
f 3562 3488 3563
f 3563 3488 3371
f 3563 3371 3368
f 3564 3559 3565
f 3565 3559 3560
f 3565 3560 3566
f 3566 3560 3561
f 3566 3561 3567
f 3567 3561 3562
f 3567 3562 3568
f 3568 3562 3563
f 3568 3563 3368
f 3569 3537 3570
f 3570 3537 3538
f 3570 3538 3571
f 3571 3538 3539
f 3571 3539 3572
f 3572 3539 3540
f 3572 3540 3573
f 3573 3540 3541
f 3573 3541 3574
f 3574 3541 3368
f 3543 3464 3399
f 3399 3464 3466
f 3399 3466 3397
f 3543 3542 3464
f 3464 3542 3575
f 3464 3575 3462
f 3386 3390 3387
f 3387 3390 3389
f 3387 3389 3476
f 3476 3389 3388
f 3476 3388 3477
f 3576 3385 3577
f 3577 3385 3387
f 3577 3387 3578
f 3578 3387 3476
f 3578 3476 3579
f 3579 3476 3524
f 3579 3524 3580
f 3580 3524 3499
f 3580 3499 3581
f 3581 3499 3377
f 3581 3377 3368
f 3582 3577 3583
f 3583 3577 3578
f 3583 3578 3584
f 3584 3578 3579
f 3584 3579 3585
f 3585 3579 3580
f 3585 3580 3586
f 3586 3580 3581
f 3586 3581 3368
f 3587 3548 3588
f 3588 3548 3549
f 3588 3549 3589
f 3589 3549 3550
f 3589 3550 3590
f 3590 3550 3551
f 3590 3551 3591
f 3591 3551 3552
f 3591 3552 3592
f 3592 3552 3368
f 2672 2671 3556
f 3556 2671 3407
f 3556 3407 3555
f 3555 3407 3424
f 3555 3424 3554
f 3554 3424 3421
f 3554 3421 3553
f 3553 3421 3422
f 2651 2652 3428
f 3428 2652 3404
f 3428 3404 3564
f 3564 3404 2656
f 3564 2656 3559
f 3559 2656 2653
f 3559 2653 2654
f 3593 3569 3594
f 3594 3569 3570
f 3594 3570 3595
f 3595 3570 3571
f 3595 3571 3596
f 3596 3571 3572
f 3596 3572 3597
f 3597 3572 3573
f 3597 3573 3598
f 3598 3573 3574
f 3598 3574 3599
f 3599 3574 3368
f 3600 3544 3601
f 3601 3544 3543
f 3601 3543 3602
f 3602 3543 3399
f 3602 3399 3603
f 3603 3399 3398
f 3603 3398 3460
f 3460 3398 3400
f 3460 3400 3461
f 3384 3479 3604
f 3604 3479 3481
f 3604 3481 3582
f 3582 3481 3483
f 3582 3483 3577
f 3577 3483 3605
f 3577 3605 3576
f 3606 3587 3607
f 3607 3587 3588
f 3607 3588 3608
f 3608 3588 3589
f 3608 3589 3609
f 3609 3589 3590
f 3609 3590 3610
f 3610 3590 3591
f 3610 3591 3611
f 3611 3591 3592
f 3611 3592 3612
f 3612 3592 3368
f 3368 3505 3613
f 3613 3505 3504
f 3613 3504 3614
f 3614 3504 3529
f 3614 3529 3615
f 3615 3529 3553
f 3615 3553 3616
f 3616 3553 3422
f 3616 3422 3617
f 3617 3422 3423
f 3617 3423 3419
f 3419 3423 2673
f 3419 2673 2679
f 2650 3428 3429
f 3429 3428 3618
f 3429 3618 2648
f 3619 3593 3620
f 3620 3593 3594
f 3620 3594 3621
f 3621 3594 3595
f 3621 3595 3622
f 3622 3595 3596
f 3622 3596 3623
f 3623 3596 3597
f 3623 3597 3624
f 3624 3597 3598
f 3624 3598 3625
f 3625 3598 3599
f 3625 3599 3626
f 3626 3599 3368
f 3627 3600 3628
f 3628 3600 3601
f 3628 3601 3629
f 3629 3601 3602
f 3629 3602 3630
f 3630 3602 3603
f 3630 3603 3631
f 3631 3603 3460
f 3631 3460 3632
f 3632 3460 3456
f 3632 3456 3452
f 3452 3456 3455
f 3452 3455 3453
f 3384 3604 3383
f 3383 3604 3633
f 3383 3633 3381
f 3634 3606 3635
f 3635 3606 3607
f 3635 3607 3636
f 3636 3607 3608
f 3636 3608 3637
f 3637 3608 3609
f 3637 3609 3638
f 3638 3609 3610
f 3638 3610 3639
f 3639 3610 3611
f 3639 3611 3640
f 3640 3611 3612
f 3640 3612 3641
f 3641 3612 3368
f 2677 3418 3420
f 3420 3418 3642
f 3420 3642 3419
f 3419 3642 3643
f 3419 3643 3617
f 3617 3643 3644
f 3617 3644 3616
f 3616 3644 3645
f 3616 3645 3615
f 3615 3645 3646
f 3615 3646 3614
f 3614 3646 3647
f 3614 3647 3613
f 3613 3647 3368
f 3425 2666 2665
f 3425 2665 3557
f 3557 2665 2672
f 3557 2672 3558
f 3558 2672 3556
f 3558 3556 3535
f 3535 3556 3531
f 3535 3531 3509
f 3509 3531 3503
f 3509 3503 3373
f 3373 3503 3505
f 3373 3505 3368
f 3648 3619 3649
f 3649 3619 3620
f 3649 3620 3650
f 3650 3620 3621
f 3650 3621 3651
f 3651 3621 3622
f 3651 3622 3652
f 3652 3622 3623
f 3652 3623 3653
f 3653 3623 3624
f 3653 3624 3654
f 3654 3624 3625
f 3654 3625 3655
f 3655 3625 3626
f 3655 3626 3656
f 3656 3626 3368
f 3417 3634 3416
f 3416 3634 3635
f 3416 3635 3418
f 3418 3635 3636
f 3418 3636 3642
f 3642 3636 3637
f 3642 3637 3643
f 3643 3637 3638
f 3643 3638 3644
f 3644 3638 3639
f 3644 3639 3645
f 3645 3639 3640
f 3645 3640 3646
f 3646 3640 3641
f 3646 3641 3647
f 3647 3641 3368
f 2643 2645 3430
f 3430 2645 3402
f 3430 3402 3403
f 3403 3402 2646
f 3403 2646 2647
f 3657 3648 3658
f 3658 3648 3649
f 3658 3649 3659
f 3659 3649 3650
f 3659 3650 3660
f 3660 3650 3651
f 3660 3651 3661
f 3661 3651 3652
f 3661 3652 3662
f 3662 3652 3653
f 3662 3653 3663
f 3663 3653 3654
f 3663 3654 3664
f 3664 3654 3655
f 3664 3655 3665
f 3665 3655 3656
f 3665 3656 3666
f 3666 3656 3368
f 3368 3627 3667
f 3667 3627 3628
f 3667 3628 3668
f 3668 3628 3629
f 3668 3629 3669
f 3669 3629 3630
f 3669 3630 3670
f 3670 3630 3631
f 3670 3631 3671
f 3671 3631 3632
f 3671 3632 3672
f 3672 3632 3452
f 3672 3452 3673
f 3673 3452 3447
f 3673 3447 3674
f 3674 3447 3449
f 3674 3449 3444
f 3444 3449 3451
f 3444 3451 3445
f 3484 3408 3379
f 3379 3408 2718
f 3379 2718 3380
f 3380 2718 2717
f 3380 2717 3675
f 3675 2717 2722
f 3675 2722 3676
f 3676 2722 2721
f 3676 2721 3677
f 3677 2721 2720
f 3677 2720 3411
f 3411 2720 2719
f 3411 2719 2725
f 2708 2709 3412
f 3412 2709 3408
f 3412 3408 3678
f 3678 3408 3484
f 3678 3484 3633
f 3633 3484 3486
f 3633 3486 3381
f 2710 2704 3679
f 3679 2704 3412
f 3679 3412 3680
f 3680 3412 3678
f 3680 3678 3681
f 3681 3678 3633
f 3681 3633 3682
f 3682 3633 3604
f 3682 3604 3683
f 3683 3604 3582
f 3683 3582 3684
f 3684 3582 3583
f 3684 3583 3685
f 3685 3583 3584
f 3685 3584 3686
f 3686 3584 3585
f 3686 3585 3687
f 3687 3585 3586
f 3687 3586 3368
f 2711 2710 3688
f 3688 2710 3679
f 3688 3679 3689
f 3689 3679 3680
f 3689 3680 3690
f 3690 3680 3681
f 3690 3681 3691
f 3691 3681 3682
f 3691 3682 3692
f 3692 3682 3683
f 3692 3683 3693
f 3693 3683 3684
f 3693 3684 3694
f 3694 3684 3685
f 3694 3685 3695
f 3695 3685 3686
f 3695 3686 3696
f 3696 3686 3687
f 3696 3687 3368
f 2712 2711 3697
f 3697 2711 3688
f 3697 3688 3698
f 3698 3688 3689
f 3698 3689 3699
f 3699 3689 3690
f 3699 3690 3700
f 3700 3690 3691
f 3700 3691 3701
f 3701 3691 3692
f 3701 3692 3702
f 3702 3692 3693
f 3702 3693 3703
f 3703 3693 3694
f 3703 3694 3704
f 3704 3694 3695
f 3704 3695 3705
f 3705 3695 3696
f 3705 3696 3368
f 2707 2712 3706
f 3706 2712 3697
f 3706 3697 3707
f 3707 3697 3698
f 3707 3698 3708
f 3708 3698 3699
f 3708 3699 3709
f 3709 3699 3700
f 3709 3700 3710
f 3710 3700 3701
f 3710 3701 3711
f 3711 3701 3702
f 3711 3702 3712
f 3712 3702 3703
f 3712 3703 3713
f 3713 3703 3704
f 3713 3704 3714
f 3714 3704 3705
f 3714 3705 3368
f 2705 2707 3715
f 3715 2707 3706
f 3715 3706 3716
f 3716 3706 3707
f 3716 3707 3717
f 3717 3707 3708
f 3717 3708 3718
f 3718 3708 3709
f 3718 3709 3719
f 3719 3709 3710
f 3719 3710 3720
f 3720 3710 3711
f 3720 3711 3721
f 3721 3711 3712
f 3721 3712 3722
f 3722 3712 3713
f 3722 3713 3723
f 3723 3713 3714
f 3723 3714 3368
f 2706 2705 3724
f 3724 2705 3715
f 3724 3715 3725
f 3725 3715 3716
f 3725 3716 3726
f 3726 3716 3717
f 3726 3717 3727
f 3727 3717 3718
f 3727 3718 3728
f 3728 3718 3719
f 3728 3719 3729
f 3729 3719 3720
f 3729 3720 3730
f 3730 3720 3721
f 3730 3721 3731
f 3731 3721 3722
f 3731 3722 3732
f 3732 3722 3723
f 3732 3723 3368
f 2703 2706 3414
f 3414 2706 3724
f 3414 3724 3733
f 3733 3724 3725
f 3733 3725 3734
f 3734 3725 3726
f 3734 3726 3735
f 3735 3726 3727
f 3735 3727 3736
f 3736 3727 3728
f 3736 3728 3737
f 3737 3728 3729
f 3737 3729 3738
f 3738 3729 3730
f 3738 3730 3739
f 3739 3730 3731
f 3739 3731 3740
f 3740 3731 3732
f 3740 3732 3368
f 2701 2702 3413
f 3413 2702 3414
f 3413 3414 3741
f 3741 3414 3733
f 3741 3733 3742
f 3742 3733 3734
f 3742 3734 3743
f 3743 3734 3735
f 3743 3735 3744
f 3744 3735 3736
f 3744 3736 3745
f 3745 3736 3737
f 3745 3737 3746
f 3746 3737 3738
f 3746 3738 3747
f 3747 3738 3739
f 3747 3739 3748
f 3748 3739 3740
f 3748 3740 3368
f 2699 2698 2682
f 2682 2698 2697
f 2682 2697 3417
f 3417 2697 3413
f 3417 3413 3634
f 3634 3413 3741
f 3634 3741 3606
f 3606 3741 3742
f 3606 3742 3587
f 3587 3742 3743
f 3587 3743 3548
f 3548 3743 3744
f 3548 3744 3525
f 3525 3744 3745
f 3525 3745 3500
f 3500 3745 3746
f 3500 3746 3361
f 3361 3746 3747
f 3361 3747 3359
f 3359 3747 3748
f 3359 3748 3368
f 2639 2638 3431
f 3431 2638 3430
f 3431 3430 3749
f 3750 3657 3751
f 3751 3657 3658
f 3751 3658 3752
f 3752 3658 3659
f 3752 3659 3753
f 3753 3659 3660
f 3753 3660 3754
f 3754 3660 3661
f 3754 3661 3755
f 3755 3661 3662
f 3755 3662 3756
f 3756 3662 3663
f 3756 3663 3757
f 3757 3663 3664
f 3757 3664 3758
f 3758 3664 3665
f 3758 3665 3759
f 3759 3665 3666
f 3759 3666 3760
f 3760 3666 3368
f 2633 2640 3432
f 3432 2640 3431
f 3432 3431 3761
f 3761 3431 3749
f 3761 3749 3762
f 3763 3750 3764
f 3764 3750 3751
f 3764 3751 3765
f 3765 3751 3752
f 3765 3752 3766
f 3766 3752 3753
f 3766 3753 3767
f 3767 3753 3754
f 3767 3754 3768
f 3768 3754 3755
f 3768 3755 3769
f 3769 3755 3756
f 3769 3756 3770
f 3770 3756 3757
f 3770 3757 3771
f 3771 3757 3758
f 3771 3758 3772
f 3772 3758 3759
f 3772 3759 3773
f 3773 3759 3760
f 3773 3760 3774
f 3774 3760 3368
f 2635 2634 3401
f 3401 2634 3432
f 3401 3432 3775
f 3775 3432 3761
f 3775 3761 3776
f 3776 3761 3762
f 3776 3762 3777
f 3778 3763 3779
f 3779 3763 3764
f 3779 3764 3780
f 3780 3764 3765
f 3780 3765 3781
f 3781 3765 3766
f 3781 3766 3782
f 3782 3766 3767
f 3782 3767 3783
f 3783 3767 3768
f 3783 3768 3784
f 3784 3768 3769
f 3784 3769 3785
f 3785 3769 3770
f 3785 3770 3786
f 3786 3770 3771
f 3786 3771 3787
f 3787 3771 3772
f 3787 3772 3788
f 3788 3772 3773
f 3788 3773 3789
f 3789 3773 3774
f 3789 3774 3790
f 3790 3774 3368
f 2623 2636 3791
f 3791 2636 3401
f 3791 3401 3792
f 3792 3401 3775
f 3792 3775 3793
f 3793 3775 3776
f 3793 3776 3794
f 3794 3776 3777
f 3794 3777 3795
f 1395 3778 3433
f 3433 3778 3779
f 3433 3779 3436
f 3436 3779 3780
f 3436 3780 3438
f 3438 3780 3781
f 3438 3781 3441
f 3441 3781 3782
f 3441 3782 3444
f 3444 3782 3783
f 3444 3783 3674
f 3674 3783 3784
f 3674 3784 3673
f 3673 3784 3785
f 3673 3785 3672
f 3672 3785 3786
f 3672 3786 3671
f 3671 3786 3787
f 3671 3787 3670
f 3670 3787 3788
f 3670 3788 3669
f 3669 3788 3789
f 3669 3789 3668
f 3668 3789 3790
f 3668 3790 3667
f 3667 3790 3368
f 1385 2623 1386
f 1386 2623 3791
f 1386 3791 1387
f 1387 3791 3792
f 1387 3792 1388
f 1388 3792 3793
f 1388 3793 1389
f 1389 3793 3794
f 1389 3794 1390
f 1390 3794 3795
f 1390 3795 1391
f 1392 1391 3796
f 3796 1391 3795
f 3796 3795 3797
f 3797 3795 3777
f 3797 3777 3798
f 3798 3777 3762
f 3798 3762 3799
f 3799 3762 3749
f 3799 3749 3800
f 3800 3749 3430
f 3800 3430 3801
f 3801 3430 3403
f 3801 3403 3618
f 3618 3403 2649
f 3618 2649 2648
f 1393 1392 3802
f 3802 1392 3796
f 3802 3796 3803
f 3803 3796 3797
f 3803 3797 3804
f 3804 3797 3798
f 3804 3798 3805
f 3805 3798 3799
f 3805 3799 3806
f 3806 3799 3800
f 3806 3800 3807
f 3807 3800 3801
f 3807 3801 3808
f 3808 3801 3618
f 3808 3618 3809
f 3809 3618 3428
f 3809 3428 3810
f 3810 3428 3564
f 3810 3564 3811
f 3811 3564 3565
f 3811 3565 3812
f 3812 3565 3566
f 3812 3566 3813
f 3813 3566 3567
f 3813 3567 3814
f 3814 3567 3568
f 3814 3568 3368
f 1394 1393 3815
f 3815 1393 3802
f 3815 3802 3816
f 3816 3802 3803
f 3816 3803 3817
f 3817 3803 3804
f 3817 3804 3818
f 3818 3804 3805
f 3818 3805 3819
f 3819 3805 3806
f 3819 3806 3820
f 3820 3806 3807
f 3820 3807 3821
f 3821 3807 3808
f 3821 3808 3822
f 3822 3808 3809
f 3822 3809 3823
f 3823 3809 3810
f 3823 3810 3824
f 3824 3810 3811
f 3824 3811 3825
f 3825 3811 3812
f 3825 3812 3826
f 3826 3812 3813
f 3826 3813 3827
f 3827 3813 3814
f 3827 3814 3368
f 1395 1394 3778
f 3778 1394 3815
f 3778 3815 3763
f 3763 3815 3816
f 3763 3816 3750
f 3750 3816 3817
f 3750 3817 3657
f 3657 3817 3818
f 3657 3818 3648
f 3648 3818 3819
f 3648 3819 3619
f 3619 3819 3820
f 3619 3820 3593
f 3593 3820 3821
f 3593 3821 3569
f 3569 3821 3822
f 3569 3822 3537
f 3537 3822 3823
f 3537 3823 3512
f 3512 3823 3824
f 3512 3824 3490
f 3490 3824 3825
f 3490 3825 3367
f 3367 3825 3826
f 3367 3826 3365
f 3365 3826 3827
f 3365 3827 3368
f 3394 3462 3395
f 3395 3462 3575
f 3395 3575 3547
f 3547 3575 3542
f 3547 3542 3546
f 3546 3542 3544
f 3546 3544 3545
f 3545 3544 3600
f 3545 3600 3519
f 3519 3600 3627
f 3519 3627 3368
f 3288 3828 3286
f 3286 3828 3829
f 3286 3829 3284
f 3284 3829 3830
f 3284 3830 3282
f 3282 3830 3831
f 3282 3831 3280
f 3280 3831 3832
f 3280 3832 3278
f 3278 3832 3833
f 3278 3833 3300
f 3300 3833 3834
f 3300 3834 3298
f 3298 3834 3835
f 3298 3835 3296
f 3296 3835 3836
f 3296 3836 3294
f 3294 3836 3837
f 3294 3837 3292
f 3292 3837 3838
f 3292 3838 3290
f 3290 3838 3839
f 3290 3839 3288
f 3288 3839 3828
f 3264 3840 3262
f 3262 3840 3841
f 3262 3841 3260
f 3260 3841 3842
f 3260 3842 3258
f 3258 3842 3843
f 3258 3843 3256
f 3256 3843 3844
f 3256 3844 3254
f 3254 3844 3845
f 3254 3845 3276
f 3276 3845 3846
f 3276 3846 3274
f 3274 3846 3847
f 3274 3847 3272
f 3272 3847 3848
f 3272 3848 3270
f 3270 3848 3849
f 3270 3849 3268
f 3268 3849 3850
f 3268 3850 3266
f 3266 3850 3851
f 3266 3851 3264
f 3264 3851 3840
f 3240 3852 3238
f 3238 3852 3853
f 3238 3853 3236
f 3236 3853 3854
f 3236 3854 3234
f 3234 3854 3855
f 3234 3855 3232
f 3232 3855 3856
f 3232 3856 3230
f 3230 3856 3857
f 3230 3857 3252
f 3252 3857 3858
f 3252 3858 3250
f 3250 3858 3859
f 3250 3859 3248
f 3248 3859 3860
f 3248 3860 3246
f 3246 3860 3861
f 3246 3861 3244
f 3244 3861 3862
f 3244 3862 3242
f 3242 3862 3863
f 3242 3863 3240
f 3240 3863 3852
f 3216 3864 3214
f 3214 3864 3865
f 3214 3865 3212
f 3212 3865 3866
f 3212 3866 3210
f 3210 3866 3867
f 3210 3867 3208
f 3208 3867 3868
f 3208 3868 3206
f 3206 3868 3869
f 3206 3869 3228
f 3228 3869 3870
f 3228 3870 3226
f 3226 3870 3871
f 3226 3871 3224
f 3224 3871 3872
f 3224 3872 3222
f 3222 3872 3873
f 3222 3873 3220
f 3220 3873 3874
f 3220 3874 3218
f 3218 3874 3875
f 3218 3875 3216
f 3216 3875 3864
f 3312 3876 3310
f 3310 3876 3877
f 3310 3877 3308
f 3308 3877 3878
f 3308 3878 3306
f 3306 3878 3879
f 3306 3879 3304
f 3304 3879 3880
f 3304 3880 3302
f 3302 3880 3881
f 3302 3881 3324
f 3324 3881 3882
f 3324 3882 3322
f 3322 3882 3883
f 3322 3883 3320
f 3320 3883 3884
f 3320 3884 3318
f 3318 3884 3885
f 3318 3885 3316
f 3316 3885 3886
f 3316 3886 3314
f 3314 3886 3887
f 3314 3887 3312
f 3312 3887 3876
f 3336 3888 3334
f 3334 3888 3889
f 3334 3889 3332
f 3332 3889 3890
f 3332 3890 3330
f 3330 3890 3891
f 3330 3891 3328
f 3328 3891 3892
f 3328 3892 3326
f 3326 3892 3893
f 3326 3893 3348
f 3348 3893 3894
f 3348 3894 3346
f 3346 3894 3895
f 3346 3895 3344
f 3344 3895 3896
f 3344 3896 3342
f 3342 3896 3897
f 3342 3897 3340
f 3340 3897 3898
f 3340 3898 3338
f 3338 3898 3899
f 3338 3899 3336
f 3336 3899 3888
f 2902 2900 3900
f 3207 3229 3901
f 3902 3903 3904
f 2841 3355 2842
f 2842 3355 2845
f 3331 3329 2838
f 2838 3329 2837
f 3347 3355 3349
f 3349 3355 2841
f 3349 2841 3327
f 3341 3353 3343
f 3343 3353 3355
f 3343 3355 3345
f 3345 3355 3347
f 3327 2841 3329
f 3329 2841 2840
f 3329 2840 2837
f 3341 3339 3353
f 3353 3339 3337
f 3353 3337 3905
f 3905 3337 3335
f 3905 3335 3333
f 3319 3351 3321
f 3321 3351 3353
f 3321 3353 3323
f 3319 3317 3351
f 3351 3317 3315
f 3351 3315 3906
f 3311 3309 3907
f 3907 3309 3307
f 3907 3307 3905
f 3307 3305 3905
f 3905 3305 3303
f 3905 3303 3353
f 3353 3303 3325
f 3353 3325 3323
f 3315 3313 3906
f 3906 3313 3311
f 3906 3311 3908
f 3908 3311 3907
f 3908 3907 3909
f 3909 3907 3910
f 3293 3911 3912
f 3279 3301 3907
f 3907 3301 3299
f 3907 3299 3910
f 3910 3299 3297
f 3910 3297 3912
f 3912 3297 3295
f 3912 3295 3293
f 3293 3291 3911
f 3911 3291 3289
f 3911 3289 3913
f 3913 3289 2878
f 2878 3289 3287
f 2878 3287 3285
f 2872 2870 3285
f 3285 2870 2878
f 2864 2859 3281
f 3281 2859 2858
f 3281 2858 3283
f 2858 2866 3283
f 3283 2866 2865
f 3283 2865 3285
f 3285 2865 2874
f 3285 2874 2872
f 3914 3915 3271
f 3269 3267 3904
f 3904 3267 3265
f 3271 3915 3273
f 3273 3915 3916
f 3273 3916 3275
f 2890 3263 3261
f 3275 3916 3277
f 3277 3916 3913
f 3277 3913 3255
f 3255 3913 2878
f 3255 2878 3257
f 3257 2878 2877
f 3257 2877 2876
f 3259 2883 3261
f 3261 2883 2891
f 3261 2891 2890
f 2876 2881 3257
f 3257 2881 2886
f 3257 2886 3259
f 3259 2886 2885
f 3259 2885 2883
f 3271 3269 3914
f 3914 3269 3904
f 3914 3904 3917
f 3917 3904 3903
f 3249 3918 3251
f 3251 3918 3902
f 3251 3902 3253
f 3253 3902 3904
f 3253 3904 3231
f 3919 3920 3245
f 3245 3920 3918
f 3245 3918 3247
f 3247 3918 3249
f 3245 3243 3919
f 3919 3243 3241
f 3919 3241 3900
f 3900 3241 3239
f 3239 3237 3900
f 3900 3237 3235
f 3900 3235 3904
f 3904 3235 3233
f 3904 3233 3231
f 3225 3223 3921
f 3901 3229 3921
f 3921 3229 3227
f 3921 3227 3225
f 3213 3211 3919
f 3919 3211 3209
f 3215 2904 2906
f 3207 3901 3209
f 3209 3901 3922
f 3209 3922 3919
f 3919 3922 3923
f 3919 3923 3920
f 3223 3221 2910
f 2910 3221 3219
f 2910 3219 2911
f 2911 3219 3217
f 2911 3217 2909
f 2909 3217 3215
f 2909 3215 2905
f 2905 3215 2906
f 3223 2910 3921
f 3921 2910 576
f 3921 576 320
f 2785 2783 3919
f 3900 2900 3919
f 3919 2900 2786
f 3919 2786 2785
f 3215 3213 2904
f 2904 3213 3919
f 2904 3919 2782
f 2782 3919 2783
f 2789 3900 2898
f 2898 3900 2897
f 2789 2788 3900
f 3900 2788 2903
f 3900 2903 2902
f 2888 3904 2890
f 2890 3904 3265
f 2890 3265 3263
f 2888 2887 3904
f 3904 2887 2791
f 3904 2791 2793
f 2793 2892 3904
f 3904 2892 2894
f 3904 2894 3900
f 3900 2894 2896
f 3900 2896 2897
f 2796 2857 3907
f 3907 2857 2855
f 3907 2855 2861
f 3281 3279 2864
f 2864 3279 3907
f 2864 3907 2863
f 2863 3907 2861
f 2839 3905 2838
f 2838 3905 3333
f 2838 3333 3331
f 2839 2849 3905
f 3905 2849 2847
f 3905 2847 2846
f 2846 2853 3905
f 3905 2853 2852
f 3905 2852 3907
f 3907 2852 2794
f 3907 2794 2796
f 3380 3675 3924
f 3925 3926 3927
f 3864 3875 678
f 678 3875 3874
f 678 3874 322
f 322 3874 3873
f 3867 3866 3440
f 3440 3866 3865
f 3873 3872 322
f 322 3872 3871
f 322 3871 3928
f 3871 3870 3928
f 3928 3870 3869
f 3928 3869 3929
f 3929 3869 3868
f 3929 3868 3930
f 3930 3868 3867
f 678 3434 3864
f 3864 3434 3435
f 3864 3435 3865
f 3865 3435 3437
f 3865 3437 3440
f 3855 3854 3931
f 3863 3930 3852
f 3852 3930 3931
f 3852 3931 3853
f 3853 3931 3854
f 3932 3933 3930
f 3930 3933 3934
f 3930 3934 3929
f 3855 3931 3856
f 3856 3931 3935
f 3856 3935 3857
f 3857 3935 3936
f 3857 3936 3858
f 3863 3862 3930
f 3930 3862 3861
f 3930 3861 3932
f 3932 3861 3860
f 3932 3860 3936
f 3936 3860 3859
f 3936 3859 3858
f 3937 3938 3935
f 3935 3938 3939
f 3935 3939 3936
f 3940 3941 3848
f 3843 3942 3844
f 3844 3942 3943
f 3935 3851 3937
f 3937 3851 3850
f 3937 3850 3941
f 3941 3850 3849
f 3941 3849 3848
f 3848 3847 3940
f 3940 3847 3846
f 3940 3846 3944
f 3944 3846 3943
f 3943 3846 3845
f 3943 3845 3844
f 3843 3842 3942
f 3942 3842 3841
f 3942 3841 3935
f 3935 3841 3840
f 3935 3840 3851
f 3945 3946 3837
f 3834 3833 3947
f 3833 3832 3947
f 3947 3832 3831
f 3947 3831 3943
f 3831 3830 3943
f 3943 3830 3829
f 3943 3829 3944
f 3944 3829 3828
f 3944 3828 3948
f 3948 3828 3839
f 3948 3839 3946
f 3946 3839 3838
f 3946 3838 3837
f 3836 3835 3927
f 3927 3835 3834
f 3837 3836 3945
f 3945 3836 3927
f 3945 3927 3949
f 3949 3927 3926
f 3354 3352 3885
f 3885 3884 3354
f 3354 3884 3883
f 3354 3883 3882
f 3878 3927 3879
f 3879 3927 3924
f 3882 3881 3924
f 3924 3881 3880
f 3924 3880 3879
f 3878 3877 3927
f 3927 3877 3876
f 3927 3876 3925
f 3925 3876 3887
f 3925 3887 3352
f 3352 3887 3886
f 3352 3886 3885
f 3888 3899 3354
f 3354 3899 3898
f 3354 3898 3356
f 3898 3897 3356
f 3356 3897 3896
f 3356 3896 3895
f 3882 3924 3354
f 3354 3924 3889
f 3354 3889 3888
f 3895 3894 3677
f 3677 3894 3893
f 3677 3893 3676
f 3676 3893 3892
f 3676 3892 3675
f 3675 3892 3891
f 3675 3891 3924
f 3924 3891 3890
f 3924 3890 3889
f 3409 3357 3356
f 3895 3677 3356
f 3356 3677 3411
f 3356 3411 3409
f 3485 3487 3924
f 3924 3487 3378
f 3924 3378 3380
f 3834 3947 3927
f 3927 3947 3479
f 3927 3479 3384
f 3384 3382 3927
f 3927 3382 3381
f 3927 3381 3924
f 3924 3381 3486
f 3924 3486 3485
f 3385 3576 3947
f 3947 3576 3605
f 3947 3605 3483
f 3483 3482 3947
f 3947 3482 3480
f 3947 3480 3479
f 3475 3473 3943
f 3943 3473 3478
f 3943 3478 3477
f 3477 3388 3943
f 3943 3388 3390
f 3943 3390 3947
f 3947 3390 3386
f 3947 3386 3385
f 3396 3467 3943
f 3943 3467 3391
f 3943 3391 3471
f 3465 3463 3942
f 3942 3463 3462
f 3942 3462 3943
f 3943 3462 3394
f 3943 3394 3396
f 3471 3470 3943
f 3943 3470 3475
f 3461 3400 3942
f 3400 3397 3942
f 3942 3397 3466
f 3942 3466 3465
f 3453 3455 3931
f 3931 3455 3457
f 3931 3457 3935
f 3935 3457 3458
f 3935 3458 3942
f 3942 3458 3459
f 3942 3459 3461
f 3931 3451 3450
f 3450 3448 3931
f 3931 3448 3454
f 3931 3454 3453
f 3867 3440 3930
f 3930 3440 3439
f 3930 3439 3443
f 3443 3442 3930
f 3930 3442 3446
f 3930 3446 3931
f 3931 3446 3445
f 3931 3445 3451
f 3352 3351 3925
f 3925 3351 3906
f 3925 3906 3926
f 3926 3906 3908
f 3926 3908 3949
f 3949 3908 3909
f 3949 3909 3945
f 3945 3909 3910
f 3945 3910 3946
f 3946 3910 3912
f 3946 3912 3948
f 3948 3912 3911
f 3948 3911 3944
f 3944 3911 3913
f 3944 3913 3940
f 3940 3913 3916
f 3940 3916 3941
f 3941 3916 3915
f 3941 3915 3937
f 3937 3915 3914
f 3937 3914 3938
f 3938 3914 3917
f 3938 3917 3939
f 3939 3917 3903
f 3939 3903 3936
f 3936 3903 3902
f 3936 3902 3932
f 3932 3902 3918
f 3932 3918 3933
f 3933 3918 3920
f 3933 3920 3934
f 3934 3920 3923
f 3934 3923 3929
f 3929 3923 3922
f 3929 3922 3928
f 3928 3922 3901
f 3928 3901 322
f 322 3901 3921
f 322 3921 320
