# Converti depuis base_link.STL
# 5117 sommets, 10230 faces
o base_link
v -0.244809 -0.188858 0.052231
v -0.243956 -0.187522 0.052926
v -0.242058 -0.187722 0.051276
v -0.191319 -0.139865 0.073871
v -0.192797 -0.141217 0.073391
v -0.194967 -0.134598 0.075235
v -0.207555 -0.146618 0.070773
v -0.197857 -0.130868 0.077993
v -0.208449 -0.141531 0.074398
v -0.209282 -0.144933 0.072077
v -0.248455 -0.195977 0.048578
v -0.250146 -0.203302 0.043141
v -0.252238 -0.203363 0.044788
v -0.261994 -0.238334 0.030323
v -0.261112 -0.231597 0.032579
v -0.260116 -0.237720 0.028525
v -0.260807 -0.229262 0.033361
v -0.256463 -0.219871 0.035306
v -0.259237 -0.223318 0.035786
v -0.258433 -0.220274 0.037028
v -0.257473 -0.216639 0.038511
v -0.256640 -0.214502 0.039518
v -0.252493 -0.203861 0.044533
v -0.262220 -0.246336 0.028062
v -0.259650 -0.256476 0.023779
v -0.262133 -0.252828 0.026367
v -0.261623 -0.257271 0.025401
v -0.241619 -0.205839 0.041777
v -0.247606 -0.203674 0.041999
v -0.237453 -0.197180 0.046192
v -0.239680 -0.188419 0.050038
v -0.233920 -0.191330 0.049320
v -0.228703 -0.182690 0.053940
v -0.251082 -0.234190 0.029209
v -0.254658 -0.237366 0.027337
v -0.248577 -0.223865 0.033316
v -0.250902 -0.220361 0.033998
v -0.255422 -0.255459 0.022335
v -0.257411 -0.255830 0.022693
v -0.257578 -0.237380 0.027461
v -0.254763 -0.255375 0.022493
v -0.253858 -0.219896 0.034239
v -0.243877 -0.210533 0.039384
v -0.247752 -0.221199 0.034469
v -0.248289 -0.222675 0.033789
v -0.219638 -0.159911 0.064840
v -0.214625 -0.164217 0.063421
v -0.217677 -0.167705 0.061774
v -0.230356 -0.173861 0.057808
v -0.203210 -0.151485 0.069291
v -0.205198 -0.153445 0.068508
v -0.208423 -0.157130 0.066768
v -0.221573 -0.158588 0.066165
v -0.211007 -0.144107 0.073530
v -0.210669 -0.143766 0.073645
v -0.251483 -0.237665 0.028068
v -0.252274 -0.244521 0.025817
v -0.252112 -0.250556 0.024288
v -0.251992 -0.255019 0.023157
v -0.262297 -0.240648 0.029548
v -0.258587 -0.256048 0.022906
v -0.222729 -0.174570 0.058185
v -0.224873 -0.177484 0.056661
v -0.225646 -0.178535 0.056112
v -0.237023 -0.176653 0.058577
v -0.234871 -0.173280 0.060331
v -0.234203 -0.172403 0.060755
v -0.232519 -0.172861 0.059112
v -0.223351 -0.158147 0.067656
v -0.223051 -0.157805 0.067799
v 0.259486 -0.256310 0.023397
v 0.257392 -0.255826 0.022659
v 0.257578 -0.237380 0.027461
v 0.222880 -0.157826 0.067680
v 0.222928 -0.157884 0.067654
v 0.221573 -0.158588 0.066165
v 0.243828 -0.210416 0.039441
v 0.241605 -0.205848 0.041777
v 0.244752 -0.204534 0.041575
v 0.216413 -0.166150 0.062552
v 0.214678 -0.164193 0.063466
v 0.219638 -0.159911 0.064840
v 0.197857 -0.130868 0.077993
v 0.202857 -0.135734 0.076503
v 0.194967 -0.134598 0.075235
v 0.208369 -0.141549 0.074335
v 0.210534 -0.143833 0.073483
v 0.209282 -0.144933 0.072077
v 0.207555 -0.146618 0.070773
v 0.222732 -0.174542 0.058200
v 0.191319 -0.139865 0.073871
v 0.203231 -0.151473 0.069314
v 0.204480 -0.152690 0.068836
v 0.208415 -0.157128 0.066764
v 0.254658 -0.237366 0.027337
v 0.253858 -0.219896 0.034239
v 0.250902 -0.220361 0.033998
v 0.247606 -0.203674 0.041999
v 0.238934 -0.200360 0.044584
v 0.236837 -0.196051 0.046788
v 0.236975 -0.189638 0.049429
v 0.252339 -0.246290 0.025311
v 0.251506 -0.237656 0.028058
v 0.251285 -0.235373 0.028784
v 0.248611 -0.223861 0.033299
v 0.248497 -0.223370 0.033491
v 0.247721 -0.221216 0.034481
v 0.247425 -0.193568 0.049775
v 0.248506 -0.195864 0.048622
v 0.242058 -0.187722 0.051276
v 0.250146 -0.203302 0.043141
v 0.256539 -0.214453 0.039585
v 0.256463 -0.219871 0.035306
v 0.254626 -0.208872 0.042092
v 0.252076 -0.203451 0.044813
v 0.261135 -0.231505 0.032591
v 0.260116 -0.237720 0.028525
v 0.258951 -0.221492 0.036424
v 0.258522 -0.220240 0.036986
v 0.262374 -0.246231 0.028014
v 0.261623 -0.257271 0.025401
v 0.259763 -0.256434 0.023656
v 0.261465 -0.233016 0.032013
v 0.261902 -0.238347 0.030366
v 0.262454 -0.245062 0.028291
v 0.216516 -0.150145 0.071131
v 0.224929 -0.177459 0.056687
v 0.230356 -0.173861 0.057808
v 0.232519 -0.172861 0.059112
v 0.228422 -0.164516 0.064676
v 0.251992 -0.255019 0.023157
v 0.252169 -0.250554 0.024259
v 0.254785 -0.255394 0.022667
v 0.256542 -0.255630 0.022359
v 0.239680 -0.188419 0.050038
v 0.233918 -0.191331 0.049314
v 0.227227 -0.180512 0.055105
v 0.225746 -0.178545 0.056124
v 0.237016 -0.176588 0.058598
v 0.238911 -0.179249 0.057258
v 0.243858 -0.187569 0.052910
v 0.234073 -0.172454 0.060679
v -0.063719 -0.341655 0.068879
v -0.056837 -0.340855 0.070129
v -0.056070 -0.347081 0.070629
v -0.089303 -0.357692 0.066181
v -0.091372 -0.358245 0.065622
v -0.091253 -0.353157 0.063265
v -0.176362 -0.358535 0.034253
v -0.192631 -0.356722 0.028889
v -0.191128 -0.352045 0.029312
v -0.191898 -0.351707 0.029054
v -0.193475 -0.360344 0.030479
v -0.193424 -0.360189 0.030332
v -0.176585 -0.364683 0.034665
v -0.192874 -0.357783 0.029330
v -0.194130 -0.362318 0.032364
v -0.193476 -0.360347 0.030483
v -0.183103 -0.367188 0.036044
v -0.177127 -0.367068 0.035983
v -0.178184 -0.368528 0.037737
v -0.177728 -0.368652 0.037894
v -0.125129 -0.362614 0.053110
v -0.074466 -0.343274 0.066729
v -0.073897 -0.349205 0.067337
v -0.091625 -0.347397 0.062468
v -0.095530 -0.348336 0.061498
v -0.125390 -0.355961 0.052357
v -0.103520 -0.350256 0.059513
v -0.142143 -0.366045 0.047175
v -0.159387 -0.367206 0.040878
v -0.157272 -0.361150 0.041158
v -0.176018 -0.358582 0.034377
v -0.159247 -0.360879 0.040443
v -0.159131 -0.360895 0.040485
v -0.161091 -0.371347 0.043737
v -0.161397 -0.371312 0.043628
v -0.159873 -0.369583 0.042152
v -0.172527 -0.370069 0.039684
v -0.143162 -0.370238 0.050071
v -0.143456 -0.370278 0.049969
v -0.142544 -0.368502 0.048402
v -0.148981 -0.371032 0.048058
v -0.160532 -0.371332 0.043936
v -0.114963 -0.364552 0.059252
v -0.125053 -0.366842 0.056045
v -0.125403 -0.365169 0.054272
v -0.125896 -0.367033 0.055778
v -0.135282 -0.369162 0.052795
v -0.071495 -0.342560 0.067467
v -0.071814 -0.353955 0.070031
v -0.055711 -0.352109 0.072863
v -0.072418 -0.354083 0.069899
v -0.073755 -0.354367 0.069606
v -0.088887 -0.357581 0.066293
v -0.142192 -0.359499 0.046652
v -0.136614 -0.358889 0.048685
v -0.127359 -0.356474 0.051713
v -0.027425 -0.350662 0.075951
v -0.027946 -0.350671 0.075923
v -0.028139 -0.345583 0.073967
v -0.030119 -0.350707 0.075805
v -0.006410 -0.350312 0.077093
v -0.000000 -0.345245 0.075124
v 0.000000 -0.350321 0.077168
v -0.031853 -0.339400 0.073158
v -0.028531 -0.339207 0.073561
v 0.000000 -0.338910 0.074720
v 0.024085 -0.350513 0.076260
v 0.048527 -0.351617 0.073874
v 0.027938 -0.350687 0.075884
v 0.028139 -0.345583 0.073967
v 0.027420 -0.350663 0.075935
v 0.008489 -0.338886 0.074618
v 0.028523 -0.339283 0.073451
v 0.031866 -0.339350 0.073256
v 0.032393 -0.339360 0.073225
v 0.055711 -0.352109 0.072863
v 0.056070 -0.347081 0.070629
v 0.056837 -0.340855 0.070129
v 0.161398 -0.371194 0.043628
v 0.160531 -0.371196 0.043938
v 0.159872 -0.369583 0.042152
v 0.186105 -0.366045 0.035032
v 0.178188 -0.368542 0.037734
v 0.177127 -0.367068 0.035983
v 0.194130 -0.362318 0.032364
v 0.193484 -0.360243 0.030606
v 0.193483 -0.360240 0.030603
v 0.193162 -0.359210 0.029730
v 0.176585 -0.364683 0.034665
v 0.175975 -0.358432 0.034409
v 0.181302 -0.356826 0.032547
v 0.191898 -0.351707 0.029054
v 0.192331 -0.354892 0.028765
v 0.191128 -0.352079 0.029308
v 0.192885 -0.357797 0.029383
v 0.192370 -0.355179 0.028739
v 0.142143 -0.366045 0.047175
v 0.142188 -0.359638 0.046657
v 0.149946 -0.360810 0.043853
v 0.159387 -0.367206 0.040878
v 0.159158 -0.361029 0.040464
v 0.161041 -0.361074 0.039772
v 0.171598 -0.359751 0.035939
v 0.095553 -0.348063 0.061622
v 0.114628 -0.353456 0.056126
v 0.125129 -0.362614 0.053110
v 0.091253 -0.353157 0.063265
v 0.091778 -0.346996 0.062710
v 0.091330 -0.358206 0.065700
v 0.089279 -0.357746 0.066161
v 0.073897 -0.349205 0.067337
v 0.090091 -0.346519 0.063196
v 0.091394 -0.358222 0.065682
v 0.125403 -0.365169 0.054272
v 0.125035 -0.366897 0.056088
v 0.119850 -0.365794 0.057770
v 0.142544 -0.368502 0.048403
v 0.151629 -0.371224 0.047119
v 0.143457 -0.370258 0.049969
v 0.177729 -0.368687 0.037891
v 0.174957 -0.369562 0.038837
v 0.163972 -0.371186 0.042708
v 0.143161 -0.370223 0.050072
v 0.137552 -0.369560 0.052028
v 0.125892 -0.367079 0.055810
v 0.063716 -0.341690 0.068862
v 0.073285 -0.342853 0.067099
v 0.074525 -0.343123 0.066811
v 0.125382 -0.356161 0.052502
v 0.127400 -0.356668 0.051823
v 0.134733 -0.358512 0.049352
v 0.073975 -0.354322 0.069597
v 0.073777 -0.354298 0.069632
v 0.072401 -0.354131 0.069879
v 0.258962 -0.273014 0.022869
v 0.258878 -0.273387 0.022823
v 0.257357 -0.272356 0.020886
v 0.255294 -0.287522 0.021313
v 0.254701 -0.289302 0.021199
v 0.253355 -0.288137 0.019213
v 0.204462 -0.347252 0.024993
v 0.197333 -0.348477 0.027350
v 0.203515 -0.344031 0.025545
v 0.205378 -0.350108 0.025276
v 0.201411 -0.357968 0.030074
v 0.206319 -0.352557 0.026447
v 0.207021 -0.354616 0.028309
v 0.207187 -0.354486 0.028264
v 0.219832 -0.344381 0.024855
v 0.218817 -0.345399 0.025081
v 0.218808 -0.342576 0.023042
v 0.217911 -0.346107 0.025329
v 0.211529 -0.351093 0.027076
v 0.235669 -0.326688 0.021713
v 0.231095 -0.332514 0.022471
v 0.229976 -0.330882 0.020596
v 0.228990 -0.335197 0.022820
v 0.225101 -0.339096 0.023684
v 0.237964 -0.323763 0.021332
v 0.239591 -0.317740 0.019117
v 0.240764 -0.319189 0.021064
v 0.250338 -0.301076 0.020643
v 0.248672 -0.304677 0.020626
v 0.247446 -0.303393 0.018632
v 0.245646 -0.311214 0.020595
v 0.243917 -0.314039 0.020761
v 0.251911 -0.297676 0.020659
v 0.256575 -0.283677 0.021561
v 0.259915 -0.268753 0.023391
v 0.255127 -0.271391 0.019764
v 0.249884 -0.269729 0.020501
v 0.252540 -0.270529 0.019672
v 0.246394 -0.284305 0.018803
v 0.248862 -0.285572 0.017978
v 0.242078 -0.296230 0.018212
v 0.243331 -0.300133 0.017393
v 0.251282 -0.286860 0.018070
v 0.245539 -0.301824 0.017490
v 0.235919 -0.313827 0.017888
v 0.246546 -0.283888 0.018824
v 0.247011 -0.281965 0.019044
v 0.249757 -0.270619 0.020341
v 0.237866 -0.315888 0.017994
v 0.228465 -0.328775 0.019498
v 0.226815 -0.326388 0.019372
v 0.217561 -0.340262 0.021939
v 0.216255 -0.337599 0.021765
v 0.225060 -0.323772 0.020152
v 0.228216 -0.320077 0.019503
v 0.228408 -0.319789 0.019476
v 0.208755 -0.340262 0.024014
v 0.214873 -0.334627 0.022457
v 0.219161 -0.330677 0.021365
v 0.223242 -0.325900 0.020526
v 0.233850 -0.311617 0.018720
v 0.235857 -0.308603 0.018441
v 0.241001 -0.298372 0.018252
v 0.184562 -0.116970 0.081260
v 0.140909 -0.052354 0.082950
v 0.140992 -0.052535 0.082975
v 0.136810 -0.055231 0.080372
v 0.130951 -0.056535 0.079630
v 0.127002 -0.048175 0.078574
v 0.128734 -0.037240 0.077686
v 0.126386 -0.046871 0.078409
v 0.123493 -0.039640 0.077072
v 0.117848 -0.025263 0.074281
v 0.109778 -0.002036 0.068500
v 0.115058 -0.000806 0.069073
v 0.118565 -0.027324 0.074794
v 0.146142 -0.072740 0.081919
v 0.156764 -0.089563 0.082235
v 0.146615 -0.085195 0.081711
v 0.164182 -0.110020 0.080410
v 0.156072 -0.099437 0.081494
v 0.152145 -0.093523 0.081584
v 0.184543 -0.116947 0.081263
v 0.181259 -0.120671 0.078893
v 0.184344 -0.116706 0.081299
v 0.168530 -0.105573 0.081241
v 0.172071 -0.101893 0.083462
v 0.171684 -0.101360 0.083496
v 0.160680 -0.086210 0.084439
v 0.165111 -0.111232 0.080286
v 0.133042 -0.035125 0.080593
v 0.131724 -0.058170 0.079837
v 0.124903 -0.014471 0.076546
v 0.132552 -0.034053 0.080446
v 0.132938 -0.034897 0.080562
v 0.115359 -0.000690 0.069310
v 0.119529 0.000911 0.072593
v 0.115333 -0.000700 0.069289
v 0.186346 -0.135011 0.075347
v 0.181301 -0.130086 0.076845
v 0.177268 -0.125518 0.077775
v 0.168120 -0.115159 0.079884
v 0.144941 -0.082674 0.081750
v 0.141289 -0.076185 0.081353
v 0.134716 -0.064506 0.080638
v 0.190674 -0.139236 0.074063
v 0.141006 -0.052566 0.082979
v 0.149905 -0.069089 0.084235
v 0.150205 -0.069646 0.084278
v 0.160367 -0.085779 0.084466
v 0.275309 -0.274111 0.101844
v 0.276458 -0.272707 0.086887
v 0.277821 -0.255881 0.084011
v 0.272320 -0.274246 0.116814
v 0.275151 -0.274118 0.102633
v 0.276583 -0.256796 0.098501
v 0.268925 -0.216539 0.067529
v 0.275362 -0.235972 0.067806
v 0.273022 -0.234463 0.054863
v 0.264246 -0.231984 0.036205
v 0.253017 -0.195580 0.054502
v 0.201330 -0.124892 0.098842
v 0.201284 -0.124919 0.099038
v 0.216163 -0.142658 0.093862
v 0.212975 -0.142755 0.101525
v 0.215556 -0.145937 0.100569
v 0.237542 -0.174796 0.095888
v 0.238569 -0.176293 0.095950
v 0.239032 -0.172444 0.087717
v 0.239861 -0.178272 0.096195
v 0.245179 -0.186456 0.097271
v 0.246185 -0.182405 0.087597
v 0.264915 -0.269522 0.143865
v 0.264318 -0.273048 0.145083
v 0.268792 -0.274079 0.132009
v 0.266148 -0.258703 0.139247
v 0.266304 -0.252525 0.135738
v 0.266320 -0.255732 0.137702
v 0.270647 -0.256916 0.125798
v 0.266292 -0.256220 0.137956
v 0.267698 -0.220759 0.097320
v 0.262508 -0.223572 0.115496
v 0.272757 -0.239230 0.105278
v 0.264750 -0.232797 0.122297
v 0.264908 -0.234080 0.123225
v 0.269671 -0.239817 0.116999
v 0.265660 -0.240177 0.127632
v 0.266267 -0.245097 0.131189
v 0.258656 -0.201867 0.090724
v 0.255567 -0.205691 0.104453
v 0.258055 -0.211069 0.107253
v 0.258728 -0.212706 0.108233
v 0.259894 -0.216039 0.110456
v 0.262461 -0.223376 0.115351
v 0.252784 -0.192218 0.088627
v 0.251339 -0.197263 0.100673
v 0.253547 -0.201324 0.102181
v 0.245941 -0.187728 0.097591
v 0.248234 -0.191552 0.098553
v 0.250757 -0.196193 0.100276
v 0.238678 -0.176452 0.095956
v 0.219173 -0.150394 0.099229
v 0.226677 -0.160014 0.097202
v 0.231515 -0.162407 0.088945
v 0.229106 -0.163128 0.096546
v 0.231296 -0.166157 0.096375
v 0.212789 -0.142526 0.101599
v 0.199415 -0.125990 0.106926
v 0.201533 -0.125793 0.087209
v 0.201961 -0.125020 0.090999
v 0.215237 -0.140373 0.086711
v 0.201983 -0.124979 0.091199
v 0.202357 -0.124304 0.094509
v 0.212587 -0.139889 0.079900
v 0.200839 -0.126853 0.083954
v 0.201260 -0.126286 0.084796
v 0.210547 -0.140508 0.076817
v 0.200756 -0.126965 0.083788
v 0.240157 -0.176289 0.062584
v 0.262515 -0.214600 0.047434
v 0.259407 -0.214398 0.042716
v 0.265681 -0.247396 0.032045
v 0.262676 -0.257957 0.027156
v 0.264620 -0.259223 0.030396
v 0.267364 -0.261012 0.034971
v 0.242784 -0.176678 0.067562
v 0.227527 -0.157512 0.074063
v 0.230303 -0.159310 0.081455
v 0.245533 -0.178971 0.077592
v 0.256358 -0.196056 0.061701
v 0.225270 -0.157391 0.070462
v 0.275952 -0.270140 0.070678
v 0.277529 -0.254342 0.069077
v 0.276733 -0.272371 0.083305
v 0.276597 -0.272538 0.085081
v 0.274012 -0.266793 0.054160
v 0.275176 -0.252118 0.053920
v 0.275196 -0.267981 0.058461
v 0.275808 -0.269729 0.068356
v 0.275820 -0.237284 0.080616
v 0.269603 -0.217858 0.077624
v 0.259168 -0.198436 0.076313
v 0.273260 -0.266038 0.051426
v 0.270932 -0.263704 0.042970
v 0.269870 -0.249156 0.039061
v 0.269890 -0.262658 0.039181
v 0.269105 -0.262146 0.037873
v 0.258284 -0.197068 0.069027
v 0.266744 -0.215407 0.057371
v 0.268052 -0.232813 0.042195
v 0.268925 -0.274109 0.131623
v 0.269978 -0.274352 0.128544
v 0.274135 -0.257130 0.112453
v 0.272154 -0.274254 0.117644
v -0.077679 0.083596 0.034359
v -0.067787 0.092595 0.029581
v -0.065754 0.090160 0.030424
v -0.099524 0.028907 0.058436
v -0.101472 0.023028 0.060348
v -0.106703 0.025248 0.060964
v -0.070712 0.098201 0.032008
v -0.070373 0.097238 0.031185
v -0.080952 0.088317 0.036252
v -0.080230 0.091418 0.038023
v -0.070926 0.099369 0.033496
v -0.081350 0.090180 0.038673
v -0.081475 0.090041 0.038746
v -0.089724 0.077797 0.041713
v -0.090215 0.079608 0.044064
v -0.088222 0.082582 0.042662
v -0.097193 0.067702 0.049424
v -0.096991 0.068125 0.049246
v -0.096438 0.065881 0.047211
v -0.094711 0.072898 0.047228
v -0.090228 0.079588 0.044074
v -0.101245 0.053048 0.052560
v -0.102337 0.054798 0.054575
v -0.102032 0.055714 0.054227
v -0.099995 0.061840 0.051903
v -0.110709 0.027934 0.064036
v -0.110461 0.028756 0.063758
v -0.108841 0.026578 0.062317
v -0.106298 0.042561 0.059075
v -0.105232 0.046094 0.057877
v -0.113681 0.018078 0.067379
v -0.117482 0.000125 0.070981
v -0.119529 0.000911 0.072593
v -0.067920 0.092754 0.029526
v -0.079695 0.086002 0.034654
v -0.068500 0.093449 0.029285
v -0.074977 0.081144 0.035278
v -0.077046 0.079121 0.036367
v -0.077065 0.079103 0.036377
v -0.094473 0.063676 0.045693
v -0.091554 0.061473 0.045308
v -0.099124 0.051087 0.051123
v -0.096238 0.049236 0.050681
v -0.094084 0.043332 0.052489
v -0.069809 0.095637 0.029815
v -0.069406 0.094964 0.029652
v -0.069147 0.094530 0.029547
v -0.070037 0.096284 0.030368
v -0.080433 0.087197 0.035307
v -0.088085 0.075479 0.040131
v -0.085513 0.073074 0.039784
v -0.081942 0.070590 0.040531
v -0.089043 0.076677 0.040785
v -0.106373 0.008239 0.065158
v -0.109778 -0.002036 0.068500
v -0.115058 -0.000806 0.069073
v -0.115333 -0.000700 0.069289
v -0.115359 -0.000690 0.069310
v -0.087393 0.061075 0.045173
v -0.088016 0.059423 0.045855
v -0.092563 0.047366 0.050826
v -0.133128 -0.035103 0.080493
v -0.133035 -0.034878 0.080453
v -0.128734 -0.037240 0.077686
v -0.160265 -0.085347 0.084331
v -0.154323 -0.076476 0.084490
v -0.146142 -0.072740 0.081919
v -0.156764 -0.089563 0.082235
v -0.160793 -0.086134 0.084317
v -0.176495 -0.107459 0.082802
v -0.168530 -0.105573 0.081241
v -0.184445 -0.116579 0.081167
v -0.181259 -0.120671 0.078893
v -0.184657 -0.116822 0.081123
v -0.172251 -0.101910 0.083322
v -0.171769 -0.101280 0.083381
v -0.165075 -0.092527 0.084203
v -0.141506 -0.076045 0.081119
v -0.147062 -0.085126 0.081342
v -0.164432 -0.109773 0.080047
v -0.154182 -0.096762 0.081628
v -0.152191 -0.093509 0.081548
v -0.123421 -0.039648 0.077149
v -0.127103 -0.047624 0.078226
v -0.136810 -0.055231 0.080372
v -0.118136 -0.025303 0.073929
v -0.141126 -0.052485 0.082851
v -0.141039 -0.052304 0.082830
v -0.135534 -0.040935 0.081519
v -0.127629 -0.021775 0.078148
v -0.122826 -0.038358 0.076975
v -0.190676 -0.139211 0.074052
v -0.165480 -0.111104 0.079885
v -0.175331 -0.123608 0.078366
v -0.177236 -0.125544 0.077830
v -0.186505 -0.134971 0.075224
v -0.189700 -0.122608 0.080086
v -0.131213 -0.056528 0.079428
v -0.131939 -0.058100 0.079640
v -0.136278 -0.067502 0.080910
v -0.150396 -0.069620 0.084133
v -0.150049 -0.069014 0.084101
v -0.144103 -0.058632 0.083560
v -0.270644 -0.257025 0.125846
v -0.269685 -0.239912 0.117053
v -0.272774 -0.239331 0.105321
v -0.240196 -0.176341 0.062561
v -0.253059 -0.195651 0.054474
v -0.256402 -0.196127 0.061682
v -0.268590 -0.273906 0.131510
v -0.268467 -0.273881 0.131900
v -0.259973 -0.216054 0.110403
v -0.255832 -0.206038 0.104463
v -0.258696 -0.201937 0.090743
v -0.239568 -0.177766 0.096040
v -0.238577 -0.176356 0.096043
v -0.239066 -0.172490 0.087714
v -0.201693 -0.128875 0.106058
v -0.199415 -0.125990 0.106926
v -0.201415 -0.124802 0.099073
v -0.215250 -0.140389 0.086706
v -0.201985 -0.124989 0.090950
v -0.201765 -0.125519 0.087328
v -0.212600 -0.139904 0.079895
v -0.227555 -0.157546 0.074051
v -0.229187 -0.158235 0.077747
v -0.265682 -0.247485 0.032026
v -0.264841 -0.259268 0.030263
v -0.262755 -0.257974 0.027112
v -0.264262 -0.232076 0.036175
v -0.268071 -0.232909 0.042172
v -0.265813 -0.223950 0.044529
v -0.262550 -0.214686 0.047405
v -0.225298 -0.157425 0.070449
v -0.210559 -0.140521 0.076812
v -0.200576 -0.127184 0.083990
v -0.200654 -0.127077 0.084164
v -0.201715 -0.125639 0.086504
v -0.201753 -0.125549 0.087124
v -0.201465 -0.124773 0.098879
v -0.216177 -0.142675 0.093857
v -0.202273 -0.124293 0.095705
v -0.201997 -0.124959 0.091153
v -0.218408 -0.149443 0.099493
v -0.215573 -0.145965 0.100600
v -0.212791 -0.142552 0.101685
v -0.206292 -0.134581 0.104221
v -0.232469 -0.167660 0.096062
v -0.231349 -0.166177 0.096274
v -0.231543 -0.162444 0.088938
v -0.226679 -0.159994 0.097156
v -0.224807 -0.157515 0.097509
v -0.245077 -0.186425 0.097457
v -0.242551 -0.182292 0.096532
v -0.246223 -0.182459 0.087600
v -0.239896 -0.178264 0.096094
v -0.245877 -0.187733 0.097749
v -0.252824 -0.192280 0.088637
v -0.248627 -0.192232 0.098755
v -0.253904 -0.202036 0.102504
v -0.251335 -0.197262 0.100679
v -0.250792 -0.196254 0.100293
v -0.267731 -0.220845 0.097355
v -0.262359 -0.223632 0.115651
v -0.260405 -0.217100 0.111023
v -0.263877 -0.228710 0.119249
v -0.264931 -0.234067 0.123243
v -0.265278 -0.235832 0.124560
v -0.266286 -0.256325 0.138011
v -0.266301 -0.256142 0.137923
v -0.266305 -0.252525 0.135736
v -0.266311 -0.245936 0.131754
v -0.265730 -0.240250 0.127705
v -0.265661 -0.263979 0.141687
v -0.264318 -0.273048 0.145083
v -0.272527 -0.274398 0.116870
v -0.272396 -0.274429 0.117704
v -0.274133 -0.257243 0.112493
v -0.271853 -0.274561 0.121142
v -0.274987 -0.273803 0.101290
v -0.274782 -0.273852 0.102588
v -0.276583 -0.256910 0.098532
v -0.277531 -0.254453 0.069087
v -0.276273 -0.272346 0.085110
v -0.277822 -0.255995 0.084032
v -0.276249 -0.272588 0.086913
v -0.276156 -0.273520 0.093884
v -0.275179 -0.252223 0.053918
v -0.274060 -0.266787 0.054101
v -0.276220 -0.269949 0.068307
v -0.276475 -0.270324 0.069989
v -0.276467 -0.270405 0.070595
v -0.270899 -0.263710 0.043021
v -0.273397 -0.265817 0.049741
v -0.273630 -0.266158 0.051271
v -0.268991 -0.262101 0.037889
v -0.269872 -0.249251 0.039047
v -0.267842 -0.261132 0.034797
v -0.273045 -0.234566 0.054854
v -0.259213 -0.198507 0.076313
v -0.245573 -0.179025 0.077585
v -0.258330 -0.197139 0.069018
v -0.242824 -0.176731 0.067544
v -0.230331 -0.159346 0.081447
v -0.274879 -0.238481 0.093160
v -0.275842 -0.237389 0.080634
v -0.269642 -0.217947 0.077635
v -0.275386 -0.236078 0.067811
v -0.268964 -0.216629 0.067526
v -0.266783 -0.215495 0.057356
v -0.247066 -0.281964 0.019010
v -0.246190 -0.284230 0.018924
v -0.248862 -0.285572 0.017978
v -0.243331 -0.300133 0.017393
v -0.218034 -0.345883 0.025324
v -0.219754 -0.344277 0.024915
v -0.218808 -0.342575 0.023042
v -0.206319 -0.352557 0.026447
v -0.201199 -0.358230 0.030113
v -0.204100 -0.356552 0.029189
v -0.205379 -0.350108 0.025275
v -0.240768 -0.319182 0.021063
v -0.239591 -0.317740 0.019117
v -0.235810 -0.326728 0.021646
v -0.229976 -0.330882 0.020596
v -0.235586 -0.327070 0.021672
v -0.207110 -0.354355 0.028329
v -0.211564 -0.351103 0.027056
v -0.215596 -0.348159 0.025904
v -0.225249 -0.339146 0.023608
v -0.226085 -0.338365 0.023409
v -0.231050 -0.332463 0.022501
v -0.217561 -0.340262 0.021939
v -0.209296 -0.339819 0.023866
v -0.203413 -0.343838 0.025620
v -0.214654 -0.334395 0.022597
v -0.216255 -0.337599 0.021765
v -0.223259 -0.325685 0.020560
v -0.226815 -0.326388 0.019372
v -0.225113 -0.323809 0.020121
v -0.226022 -0.322889 0.019906
v -0.252540 -0.270529 0.019672
v -0.249351 -0.269689 0.020876
v -0.247209 -0.281592 0.019024
v -0.228465 -0.328775 0.019497
v -0.235919 -0.313827 0.017888
v -0.237866 -0.315888 0.017994
v -0.245539 -0.301824 0.017490
v -0.251282 -0.286860 0.018070
v -0.255127 -0.271391 0.019764
v -0.259015 -0.273474 0.022718
v -0.259026 -0.273409 0.022728
v -0.257357 -0.272356 0.020886
v -0.259090 -0.273010 0.022794
v -0.255348 -0.287877 0.021205
v -0.253355 -0.288137 0.019213
v -0.254814 -0.289332 0.021135
v -0.250495 -0.301099 0.020569
v -0.247446 -0.303393 0.018632
v -0.250439 -0.301251 0.020562
v -0.243690 -0.314734 0.020720
v -0.244025 -0.314065 0.020712
v -0.248717 -0.304691 0.020602
v -0.240758 -0.298299 0.018390
v -0.239048 -0.302729 0.018222
v -0.233473 -0.311357 0.018942
v -0.228005 -0.319820 0.019649
v 0.076794 0.079113 0.036344
v 0.075115 0.081286 0.035217
v 0.077679 0.083596 0.034359
v 0.106219 0.042438 0.059045
v 0.101245 0.053048 0.052560
v 0.102701 0.054359 0.054822
v 0.102499 0.054867 0.054619
v 0.110130 0.029190 0.063737
v 0.110224 0.028907 0.063826
v 0.108841 0.026578 0.062317
v 0.102135 0.055789 0.054250
v 0.096438 0.065881 0.047211
v 0.097380 0.067800 0.049445
v 0.090271 0.079637 0.044071
v 0.090289 0.079615 0.044082
v 0.089724 0.077797 0.041713
v 0.091442 0.078161 0.044810
v 0.075250 0.095899 0.035498
v 0.081308 0.090132 0.038686
v 0.080952 0.088317 0.036252
v 0.081443 0.090003 0.038758
v 0.083906 0.087659 0.040054
v 0.070927 0.099369 0.033496
v 0.070355 0.097211 0.031181
v 0.070344 0.097171 0.031139
v 0.070123 0.096337 0.030244
v 0.069388 0.094943 0.029662
v 0.080433 0.087197 0.035307
v 0.069372 0.094914 0.029650
v 0.079695 0.086002 0.034654
v 0.068957 0.094127 0.029322
v 0.073636 0.083200 0.034224
v 0.065754 0.090160 0.030424
v 0.066903 0.091439 0.029779
v 0.067761 0.092561 0.029588
v 0.067772 0.092576 0.029585
v 0.099124 0.051087 0.051123
v 0.096238 0.049236 0.050681
v 0.094473 0.063676 0.045693
v 0.091554 0.061473 0.045308
v 0.088085 0.075479 0.040131
v 0.085513 0.073074 0.039784
v 0.086238 0.063558 0.044024
v 0.082253 0.070768 0.040523
v 0.079771 0.075260 0.038342
v 0.102160 0.021009 0.061251
v 0.101451 0.023058 0.060472
v 0.106703 0.025248 0.060964
v 0.089043 0.076677 0.040785
v 0.110551 0.027922 0.064134
v 0.106372 0.008265 0.065260
v 0.094413 0.043415 0.052733
v 0.093449 0.046202 0.051674
v 0.092876 0.047581 0.051066
v 0.087966 0.059399 0.045857
v -0.223242 -0.319742 0.021297
v -0.223351 -0.281675 0.027043
v -0.191306 -0.281394 0.038033
v 0.000000 0.079121 0.035949
v 0.126992 -0.056541 0.079737
v 0.158801 -0.111266 0.080712
v 0.222788 -0.178538 0.056802
v 0.000000 -0.280954 0.075896
v -0.031844 -0.280959 0.074704
v -0.095551 -0.281017 0.065446
v -0.222788 -0.178538 0.056802
v -0.158851 -0.134989 0.077830
v -0.054521 0.096832 0.026545
v -0.046178 0.101787 0.023664
v -0.037847 0.104402 0.022043
v -0.024115 0.108711 0.019371
v -0.020807 0.108988 0.019194
v 0.000000 0.110728 0.018075
v 0.000000 0.043439 0.052034
v 0.000000 0.008305 0.064329
v 0.000000 -0.025248 0.073119
v -0.126992 -0.056541 0.079737
v 0.000000 -0.056527 0.078837
v -0.127006 -0.085206 0.082015
v -0.158801 -0.111266 0.080712
v -0.190753 -0.157104 0.069515
v -0.190871 -0.178359 0.063127
v -0.223154 -0.223571 0.040841
v -0.191250 -0.249891 0.043646
v -0.191260 -0.319528 0.032890
v -0.159342 -0.281206 0.048471
v -0.127429 -0.281087 0.057762
v -0.063692 -0.280978 0.071173
v 0.063692 -0.280978 0.071173
v 0.031844 -0.280959 0.074704
v 0.095551 -0.281017 0.065446
v 0.191260 -0.319528 0.032890
v 0.127452 -0.319325 0.054601
v 0.191306 -0.281394 0.038033
v 0.223242 -0.319742 0.021297
v 0.191250 -0.249891 0.043646
v 0.191138 -0.223302 0.049812
v 0.191004 -0.199970 0.056408
v 0.190871 -0.178359 0.063127
v 0.190753 -0.157104 0.069515
v 0.158918 -0.157010 0.073561
v 0.158851 -0.134989 0.077830
v 0.127006 -0.085206 0.082015
v 0.127030 -0.111237 0.081876
v 0.063494 -0.056530 0.079157
v 0.063491 -0.025249 0.073542
v 0.003002 0.110736 0.018071
v 0.020794 0.108936 0.019226
v 0.025282 0.108482 0.019517
v 0.037894 0.104511 0.021980
v 0.045292 0.102182 0.023425
v 0.054487 0.096780 0.026570
v -0.158918 -0.157010 0.073561
v -0.191138 -0.223302 0.049812
v -0.159001 -0.178232 0.068492
v -0.127305 -0.222987 0.064773
v -0.159195 -0.223114 0.057873
v -0.127374 -0.249558 0.061099
v -0.159284 -0.249690 0.052963
v -0.127166 -0.178144 0.072857
v -0.127109 -0.156944 0.076730
v -0.095355 -0.178086 0.076221
v -0.095288 -0.134912 0.081377
v -0.063562 -0.178049 0.078599
v -0.063521 -0.134893 0.082321
v -0.031778 -0.178030 0.080015
v -0.031808 -0.222829 0.076847
v -0.063622 -0.222856 0.074377
v -0.095451 -0.222905 0.070321
v 0.031778 -0.178030 0.080015
v 0.063521 -0.134893 0.082321
v 0.063539 -0.156873 0.080701
v 0.063562 -0.178049 0.078599
v 0.095355 -0.178086 0.076221
v 0.095451 -0.222905 0.070321
v 0.159195 -0.223114 0.057873
v 0.159001 -0.178232 0.068492
v 0.063508 -0.111204 0.082974
v 0.000000 -0.134879 0.083012
v 0.000000 -0.178024 0.080485
v 0.031808 -0.222829 0.076847
v 0.000000 -0.222821 0.077676
v 0.063622 -0.222856 0.074377
v 0.127429 -0.281087 0.057762
v 0.127375 -0.249558 0.061099
v 0.127305 -0.222987 0.064773
v 0.063499 -0.085187 0.082112
v 0.000000 -0.111195 0.083210
v 0.127166 -0.178144 0.072857
v 0.127109 -0.156944 0.076730
v 0.127063 -0.134943 0.079917
v 0.000000 -0.085181 0.082010
v -0.063508 -0.111204 0.082974
v -0.063499 -0.085187 0.082112
v -0.127030 -0.111237 0.081876
v -0.127063 -0.134943 0.079917
v -0.060951 0.105934 0.029452
v -0.059432 0.106814 0.028898
v -0.058764 0.103781 0.025796
v -0.021513 0.112254 0.017468
v -0.000000 0.113851 0.016699
v -0.000000 0.113636 0.016794
v -0.000000 0.115059 0.016167
v -0.021909 0.114422 0.017126
v -0.000000 0.116025 0.016240
v -0.000000 0.116528 0.016279
v -0.022210 0.116573 0.017599
v -0.000001 0.118001 0.016391
v -0.028074 0.119099 0.020880
v -0.022489 0.119988 0.020271
v -0.016665 0.120914 0.019636
v -0.014893 0.121196 0.019442
v 0.000000 0.122009 0.018933
v -0.000000 0.121765 0.018715
v -0.000000 0.119334 0.017214
v -0.000001 0.118272 0.016559
v -0.056810 0.099953 0.025137
v -0.057933 0.101873 0.025056
v -0.064862 0.103666 0.030879
v -0.039416 0.107840 0.020297
v -0.040188 0.109905 0.020058
v -0.040769 0.111951 0.020639
v -0.053654 0.110165 0.026790
v -0.051557 0.111054 0.026209
v -0.041453 0.115342 0.023411
v -0.033659 0.117530 0.021937
v -0.053845 -0.360335 0.084038
v -0.053462 -0.360898 0.086772
v -0.086150 -0.366636 0.081093
v -0.191818 -0.372451 0.050753
v -0.191993 -0.372125 0.049696
v -0.175667 -0.375702 0.051807
v -0.192735 -0.370744 0.045218
v -0.193241 -0.367689 0.040557
v -0.177106 -0.372654 0.043922
v -0.055289 -0.355024 0.075015
v -0.071236 -0.358590 0.073746
v -0.087955 -0.361633 0.070022
v -0.142568 -0.371790 0.052425
v -0.124507 -0.367853 0.057388
v -0.123109 -0.370094 0.061515
v -0.105301 -0.365704 0.065808
v -0.160201 -0.373710 0.047894
v -0.193308 -0.367282 0.039937
v -0.188162 -0.376155 0.069977
v -0.189753 -0.375575 0.062555
v -0.174169 -0.377456 0.060056
v -0.190233 -0.375400 0.060314
v -0.190347 -0.375188 0.059628
v -0.186080 -0.376914 0.079696
v -0.187122 -0.376534 0.074836
v -0.172624 -0.378194 0.068511
v -0.169304 -0.377037 0.085606
v -0.183148 -0.375417 0.090685
v -0.184126 -0.375916 0.087020
v -0.173242 -0.372216 0.107319
v -0.165460 -0.372998 0.102209
v -0.163859 -0.373159 0.101157
v -0.177518 -0.371462 0.110468
v -0.180276 -0.373951 0.101447
v -0.180884 -0.374261 0.099169
v -0.163831 -0.373159 0.101143
v -0.154121 -0.376666 0.081784
v -0.154568 -0.373246 0.096480
v -0.137844 -0.375074 0.080153
v -0.136756 -0.371648 0.091610
v -0.144401 -0.372593 0.093017
v -0.148587 -0.372862 0.094443
v -0.151867 -0.373073 0.095560
v -0.120776 -0.372546 0.080669
v -0.132156 -0.371059 0.090827
v -0.132617 -0.371136 0.090848
v -0.115750 -0.368251 0.090339
v -0.119616 -0.368968 0.090241
v -0.120409 -0.369100 0.090278
v -0.082976 -0.361998 0.094081
v -0.085772 -0.362514 0.093672
v -0.085965 -0.366130 0.085509
v -0.097312 -0.364644 0.091984
v -0.115415 -0.368186 0.090369
v -0.052100 -0.357254 0.098385
v -0.072044 -0.359980 0.095680
v -0.052987 -0.359920 0.090726
v -0.053026 -0.360039 0.090383
v -0.053361 -0.361046 0.087492
v -0.054955 -0.356586 0.076966
v -0.054759 -0.357503 0.078111
v -0.086533 -0.365863 0.076913
v -0.054296 -0.359674 0.080824
v -0.053960 -0.360166 0.083216
v -0.103777 -0.369433 0.073489
v -0.156133 -0.377839 0.067808
v -0.121371 -0.372973 0.070484
v -0.141021 -0.373853 0.057585
v -0.158636 -0.375997 0.054337
v -0.138949 -0.375947 0.068463
v -0.120967 -0.373287 0.075508
v -0.000000 -0.358377 0.090596
v -0.000000 -0.357278 0.093974
v -0.026129 -0.358464 0.093384
v -0.000000 -0.352663 0.078718
v -0.000000 -0.355071 0.081616
v -0.027008 -0.355959 0.080475
v -0.026565 -0.358680 0.086390
v -0.026228 -0.355788 0.100342
v -0.025650 -0.355755 0.100386
v -0.009544 -0.354842 0.101604
v 0.000000 -0.354761 0.101717
v -0.000000 -0.357744 0.087244
v -0.000000 -0.357156 0.084125
v 0.053026 -0.360039 0.090383
v 0.052987 -0.359920 0.090726
v 0.026129 -0.358464 0.093384
v 0.026229 -0.355881 0.100178
v 0.025650 -0.355856 0.100212
v 0.047382 -0.356784 0.098937
v 0.052100 -0.357254 0.098385
v 0.053845 -0.360335 0.084038
v 0.053462 -0.360898 0.086772
v 0.026565 -0.358680 0.086390
v 0.053361 -0.361046 0.087491
v 0.053960 -0.360166 0.083216
v 0.027008 -0.355959 0.080475
v 0.054296 -0.359674 0.080823
v 0.054759 -0.357503 0.078111
v 0.055289 -0.355024 0.075015
v 0.054955 -0.356586 0.076966
v 0.169311 -0.377037 0.085608
v 0.154126 -0.376666 0.081785
v 0.156139 -0.377839 0.067808
v 0.123109 -0.370094 0.061515
v 0.142571 -0.371790 0.052424
v 0.167101 -0.372939 0.103136
v 0.165467 -0.372998 0.102231
v 0.057388 -0.357863 0.097726
v 0.062660 -0.358557 0.097026
v 0.082985 -0.361903 0.094021
v 0.085960 -0.366129 0.085510
v 0.083613 -0.362006 0.093928
v 0.131940 -0.371035 0.090775
v 0.120430 -0.369116 0.090234
v 0.120776 -0.372546 0.080669
v 0.117644 -0.368606 0.090277
v 0.115423 -0.368175 0.090442
v 0.101572 -0.365488 0.091471
v 0.085777 -0.362426 0.093632
v 0.142911 -0.372444 0.092641
v 0.136764 -0.371655 0.091595
v 0.137846 -0.375075 0.080154
v 0.132155 -0.371063 0.090811
v 0.148605 -0.372895 0.094367
v 0.146958 -0.372818 0.093736
v 0.163751 -0.373061 0.101280
v 0.157240 -0.373297 0.097672
v 0.151848 -0.373046 0.095608
v 0.177518 -0.371462 0.110468
v 0.171324 -0.372487 0.105959
v 0.180815 -0.373947 0.099063
v 0.183222 -0.375762 0.090732
v 0.172631 -0.378194 0.068511
v 0.188181 -0.376211 0.069942
v 0.187059 -0.376242 0.074794
v 0.183974 -0.376329 0.088131
v 0.184209 -0.376322 0.087115
v 0.189281 -0.376180 0.065183
v 0.174177 -0.377456 0.060056
v 0.189739 -0.375536 0.062602
v 0.192356 -0.371849 0.047836
v 0.192037 -0.372299 0.049637
v 0.175675 -0.375701 0.051806
v 0.191848 -0.372565 0.050704
v 0.190253 -0.374811 0.059701
v 0.193938 -0.364437 0.034810
v 0.177114 -0.372652 0.043920
v 0.193323 -0.367317 0.039872
v 0.193245 -0.367684 0.040516
v 0.160207 -0.373710 0.047892
v 0.087950 -0.361632 0.070024
v 0.071229 -0.358589 0.073748
v 0.087138 -0.364064 0.073231
v 0.086528 -0.365862 0.076914
v 0.086145 -0.366635 0.081094
v 0.120967 -0.373287 0.075508
v 0.138952 -0.375948 0.068463
v 0.141024 -0.373854 0.057584
v 0.122074 -0.371806 0.065823
v 0.121371 -0.372973 0.070484
v 0.158642 -0.375997 0.054336
v 0.262074 -0.275470 0.027296
v 0.265997 -0.279248 0.035456
v 0.261860 -0.295958 0.035683
v 0.201942 -0.371881 0.097072
v 0.268775 -0.282521 0.043977
v 0.272500 -0.289709 0.070276
v 0.196311 -0.365333 0.124591
v 0.194059 -0.366068 0.122899
v 0.198171 -0.369775 0.110520
v 0.198158 -0.364731 0.125979
v 0.213110 -0.362439 0.120114
v 0.208545 -0.358690 0.133247
v 0.211435 -0.357009 0.135270
v 0.226288 -0.352802 0.127693
v 0.213347 -0.355897 0.136607
v 0.238012 -0.341065 0.133137
v 0.232965 -0.337860 0.147174
v 0.224946 -0.346404 0.143496
v 0.224904 -0.346450 0.143477
v 0.221431 -0.349288 0.141413
v 0.243235 -0.324563 0.150570
v 0.237547 -0.332385 0.148945
v 0.248369 -0.327324 0.136402
v 0.235637 -0.335012 0.148399
v 0.254864 -0.303804 0.151404
v 0.251937 -0.309269 0.151319
v 0.257241 -0.311598 0.137416
v 0.248216 -0.316214 0.151211
v 0.245171 -0.321900 0.151123
v 0.264315 -0.293863 0.135977
v 0.262805 -0.280161 0.147212
v 0.262666 -0.280812 0.147407
v 0.261667 -0.284678 0.148385
v 0.259015 -0.292135 0.149562
v 0.256682 -0.298693 0.150597
v 0.268120 -0.294536 0.120603
v 0.270846 -0.294147 0.104444
v 0.272399 -0.292588 0.087620
v 0.270670 -0.285334 0.052693
v 0.258788 -0.291558 0.027451
v 0.253441 -0.306220 0.027324
v 0.237022 -0.331198 0.026202
v 0.247887 -0.324745 0.034469
v 0.225652 -0.341276 0.025548
v 0.226307 -0.346763 0.031742
v 0.211807 -0.359137 0.036267
v 0.211889 -0.354701 0.030537
v 0.207941 -0.371223 0.069338
v 0.205213 -0.372408 0.083273
v 0.223315 -0.363849 0.075495
v 0.220575 -0.365085 0.090715
v 0.236493 -0.353929 0.080649
v 0.233860 -0.355230 0.096795
v 0.247875 -0.341680 0.084576
v 0.245448 -0.343065 0.101320
v 0.217162 -0.364563 0.105658
v 0.230448 -0.354798 0.112544
v 0.242150 -0.342804 0.117571
v 0.265918 -0.310882 0.088212
v 0.264069 -0.312425 0.105287
v 0.261159 -0.312620 0.121737
v 0.255770 -0.311136 0.035342
v 0.266480 -0.307793 0.070686
v 0.257678 -0.327283 0.087139
v 0.255524 -0.328757 0.104185
v 0.252409 -0.328720 0.120664
v 0.265370 -0.302921 0.052997
v 0.258690 -0.324065 0.069733
v 0.238154 -0.336683 0.033187
v 0.210062 -0.368135 0.055570
v 0.211451 -0.362803 0.042418
v 0.225310 -0.360644 0.060282
v 0.226406 -0.355127 0.045488
v 0.238248 -0.350660 0.064372
v 0.238927 -0.345081 0.048352
v 0.249295 -0.338405 0.067581
v 0.249455 -0.332913 0.050690
v 0.258248 -0.318812 0.052288
v 0.145654 -0.049733 0.087772
v 0.137688 -0.033013 0.085873
v 0.142203 -0.031122 0.093897
v 0.157693 -0.060295 0.114039
v 0.159742 -0.064066 0.114011
v 0.160590 -0.062864 0.104641
v 0.188397 -0.112272 0.086763
v 0.190599 -0.109801 0.093842
v 0.198213 -0.124443 0.107362
v 0.184561 -0.105457 0.111270
v 0.188371 -0.110892 0.110279
v 0.190529 -0.109484 0.102105
v 0.193467 -0.118163 0.108954
v 0.167299 -0.077972 0.113905
v 0.170498 -0.083315 0.113572
v 0.179827 -0.094142 0.103868
v 0.175540 -0.091735 0.113047
v 0.178042 -0.095625 0.112610
v 0.182192 -0.102077 0.111886
v 0.155117 -0.055556 0.114075
v 0.132464 -0.005285 0.110535
v 0.137649 -0.017451 0.111661
v 0.144200 -0.030613 0.103112
v 0.143652 -0.031532 0.112964
v 0.145877 -0.036753 0.113447
v 0.122061 0.001603 0.076138
v 0.124848 0.002364 0.080041
v 0.125100 0.002418 0.080728
v 0.165035 -0.081636 0.089280
v 0.154779 -0.065884 0.088958
v 0.178085 -0.095558 0.091867
v 0.176318 -0.097110 0.088595
v 0.179280 -0.094544 0.095531
v 0.129663 0.002194 0.109583
v 0.129810 0.002932 0.100292
v 0.129853 0.003148 0.097575
v 0.129911 0.003444 0.093845
v 0.128608 0.003166 0.090292
v 0.158945 -0.063431 0.096053
v 0.127247 0.002876 0.086583
v 0.212217 -0.143355 0.101358
v 0.211643 -0.142636 0.101551
v 0.207752 -0.137765 0.102858
v 0.198655 -0.126451 0.106463
v 0.238793 -0.178329 0.095763
v 0.226720 -0.161509 0.096488
v 0.225971 -0.160572 0.096739
v 0.225475 -0.159951 0.096906
v 0.239187 -0.178878 0.095740
v 0.239359 -0.179117 0.095729
v 0.244629 -0.187809 0.097755
v 0.244939 -0.188320 0.097874
v 0.250365 -0.197268 0.099959
v 0.258887 -0.215685 0.109437
v 0.254833 -0.206856 0.104831
v 0.250636 -0.197714 0.100063
v 0.259038 -0.216014 0.109608
v 0.259125 -0.216204 0.109707
v 0.261479 -0.224911 0.115996
v 0.263844 -0.233664 0.122318
v 0.263903 -0.233881 0.122474
v 0.264295 -0.235332 0.123522
v 0.264821 -0.243248 0.128960
v 0.265445 -0.252648 0.135416
v 0.265493 -0.253373 0.135914
v 0.265437 -0.252537 0.135340
v 0.263399 -0.273011 0.144688
v 0.264491 -0.262769 0.140112
v -0.112837 0.043749 0.070649
v -0.116268 0.030043 0.072733
v -0.108551 0.056846 0.067959
v -0.103101 0.069228 0.064486
v -0.096307 0.080824 0.060174
v -0.088159 0.091553 0.055156
v -0.078677 0.101041 0.049928
v -0.074072 0.100048 0.040165
v -0.084728 0.100471 0.067668
v -0.082529 0.100913 0.060606
v -0.080225 0.101375 0.053209
v -0.078813 0.101071 0.050216
v -0.088365 0.097645 0.085231
v -0.087817 0.098527 0.081304
v -0.093136 0.090638 0.072030
v -0.086878 0.100040 0.074572
v -0.085770 0.100262 0.071015
v -0.089800 0.095334 0.095516
v -0.089256 0.096210 0.091615
v -0.095776 0.087562 0.088185
v -0.089940 0.093986 0.099703
v -0.095718 0.083482 0.100597
v -0.100292 0.075169 0.101304
v -0.102080 0.076554 0.090706
v -0.101538 0.072904 0.101497
v -0.126883 0.010007 0.108553
v -0.120625 0.026598 0.106613
v -0.121967 0.028885 0.096028
v -0.112133 0.049111 0.103981
v -0.112953 0.053411 0.094126
v -0.111656 0.050374 0.103833
v -0.106689 0.063542 0.102293
v -0.128608 0.003166 0.090292
v -0.129911 0.003444 0.093845
v -0.129853 0.003148 0.097575
v -0.129810 0.002932 0.100293
v -0.129663 0.002194 0.109583
v -0.122061 0.001603 0.076138
v -0.124848 0.002364 0.080041
v -0.120707 0.030150 0.084079
v -0.125100 0.002418 0.080728
v -0.127247 0.002876 0.086583
v -0.106707 0.068079 0.079005
v -0.100372 0.079669 0.075935
v -0.116748 0.043271 0.082844
v -0.112139 0.055933 0.081244
v -0.178085 -0.095558 0.091867
v -0.179280 -0.094544 0.095532
v -0.158945 -0.063431 0.096053
v -0.144200 -0.030613 0.103113
v -0.142203 -0.031122 0.093897
v -0.180159 -0.098986 0.112286
v -0.178071 -0.095606 0.112567
v -0.179827 -0.094142 0.103869
v -0.137645 -0.017456 0.111724
v -0.188397 -0.112272 0.086764
v -0.176318 -0.097110 0.088595
v -0.165036 -0.081635 0.089280
v -0.154779 -0.065883 0.088958
v -0.145654 -0.049733 0.087772
v -0.137688 -0.033013 0.085874
v -0.150218 -0.045796 0.113816
v -0.146733 -0.038567 0.113530
v -0.159736 -0.064071 0.114022
v -0.157712 -0.060287 0.114022
v -0.160590 -0.062864 0.104642
v -0.153801 -0.052979 0.114023
v -0.145877 -0.036753 0.113447
v -0.143506 -0.031600 0.113153
v -0.142520 -0.029457 0.113031
v -0.170485 -0.083322 0.113589
v -0.169178 -0.081206 0.113765
v -0.165270 -0.074414 0.114021
v -0.191307 -0.115213 0.109609
v -0.188324 -0.110942 0.110373
v -0.190529 -0.109484 0.102105
v -0.184522 -0.105499 0.111347
v -0.183545 -0.104100 0.111598
v -0.190599 -0.109800 0.093842
v -0.198655 -0.126451 0.106463
v -0.211686 -0.142585 0.101461
v -0.212260 -0.143296 0.101241
v -0.219552 -0.152324 0.098442
v -0.225394 -0.160053 0.097315
v -0.225882 -0.160698 0.097221
v -0.234833 -0.172540 0.095496
v -0.238644 -0.178360 0.096183
v -0.239014 -0.178925 0.096249
v -0.244839 -0.187820 0.097299
v -0.245169 -0.188324 0.097359
v -0.246096 -0.189740 0.097526
v -0.250127 -0.197226 0.100375
v -0.250368 -0.197675 0.100545
v -0.254616 -0.205564 0.103547
v -0.263320 -0.233770 0.122280
v -0.261748 -0.224961 0.115795
v -0.261368 -0.222833 0.114228
v -0.258671 -0.215936 0.109962
v -0.258544 -0.215610 0.109761
v -0.255147 -0.206923 0.104388
v -0.263359 -0.233988 0.122441
v -0.264990 -0.243123 0.129166
v -0.265370 -0.245254 0.130734
v -0.265138 -0.252726 0.134965
v -0.265134 -0.252844 0.135032
v -0.263399 -0.273011 0.144688
v -0.264803 -0.263517 0.141076
v -0.264831 -0.262618 0.140567
v -0.258533 -0.294613 0.150340
v -0.259277 -0.292193 0.149844
v -0.264315 -0.293863 0.135977
v -0.258788 -0.291558 0.027451
v -0.225652 -0.341276 0.025548
v -0.211889 -0.354701 0.030537
v -0.226307 -0.346763 0.031742
v -0.247887 -0.324745 0.034469
v -0.253441 -0.306220 0.027324
v -0.262074 -0.275470 0.027296
v -0.265997 -0.279248 0.035456
v -0.268775 -0.282521 0.043976
v -0.272500 -0.289709 0.070276
v -0.270670 -0.285334 0.052693
v -0.272399 -0.292588 0.087620
v -0.268120 -0.294536 0.120603
v -0.262193 -0.282702 0.147900
v -0.262771 -0.280164 0.147179
v -0.263952 -0.274972 0.145704
v -0.250477 -0.312817 0.151693
v -0.252177 -0.309406 0.151622
v -0.257241 -0.311598 0.137416
v -0.253794 -0.306163 0.151555
v -0.256851 -0.298713 0.150771
v -0.248369 -0.327324 0.136402
v -0.243307 -0.324640 0.150686
v -0.244144 -0.323486 0.150923
v -0.248405 -0.316307 0.151441
v -0.238012 -0.341065 0.133137
v -0.237011 -0.333320 0.148901
v -0.237627 -0.332472 0.149076
v -0.224911 -0.346332 0.143419
v -0.231984 -0.339239 0.146913
v -0.233036 -0.338000 0.147330
v -0.211467 -0.357185 0.135367
v -0.214568 -0.355020 0.137394
v -0.226288 -0.352802 0.127693
v -0.221465 -0.349395 0.141503
v -0.223563 -0.347684 0.142753
v -0.196310 -0.365355 0.124567
v -0.203093 -0.362261 0.129572
v -0.213110 -0.362439 0.120114
v -0.208596 -0.358953 0.133391
v -0.211043 -0.357481 0.135089
v -0.198171 -0.369775 0.110520
v -0.180233 -0.370877 0.112504
v -0.192021 -0.367311 0.121402
v -0.194107 -0.366360 0.122941
v -0.261860 -0.295958 0.035683
v -0.255770 -0.311136 0.035342
v -0.249455 -0.332913 0.050690
v -0.258248 -0.318812 0.052288
v -0.249295 -0.338405 0.067581
v -0.258690 -0.324065 0.069733
v -0.247875 -0.341680 0.084576
v -0.257678 -0.327283 0.087139
v -0.265370 -0.302921 0.052997
v -0.266480 -0.307793 0.070686
v -0.265918 -0.310882 0.088212
v -0.242150 -0.342804 0.117571
v -0.252409 -0.328720 0.120664
v -0.261159 -0.312620 0.121737
v -0.207941 -0.371223 0.069338
v -0.205213 -0.372408 0.083273
v -0.201942 -0.371881 0.097072
v -0.230448 -0.354798 0.112544
v -0.245448 -0.343065 0.101320
v -0.255524 -0.328757 0.104185
v -0.264069 -0.312425 0.105287
v -0.270846 -0.294147 0.104444
v -0.217162 -0.364563 0.105658
v -0.233860 -0.355230 0.096795
v -0.203524 -0.357746 0.030201
v -0.202875 -0.365657 0.040946
v -0.211451 -0.362803 0.042418
v -0.210062 -0.368135 0.055570
v -0.237022 -0.331198 0.026201
v -0.238154 -0.336683 0.033187
v -0.238927 -0.345081 0.048352
v -0.226406 -0.355127 0.045488
v -0.238248 -0.350660 0.064372
v -0.225310 -0.360644 0.060282
v -0.236493 -0.353929 0.080649
v -0.223315 -0.363849 0.075495
v -0.220575 -0.365085 0.090715
v 0.082864 0.101295 0.060467
v 0.084931 0.100691 0.067612
v 0.093139 0.090634 0.072031
v 0.112837 0.043747 0.070649
v 0.088162 0.091549 0.055157
v 0.112418 0.049214 0.103902
v 0.120699 0.026634 0.106630
v 0.121967 0.028883 0.096028
v 0.102082 0.076551 0.090707
v 0.102111 0.074351 0.098060
v 0.112954 0.053409 0.094126
v 0.109316 0.057671 0.102880
v 0.111924 0.050560 0.103739
v 0.094460 0.086791 0.100197
v 0.100362 0.075223 0.101263
v 0.101546 0.072901 0.101477
v 0.077715 0.101138 0.047115
v 0.078771 0.101171 0.049853
v 0.072288 0.099842 0.035926
v 0.074284 0.100319 0.040040
v 0.096309 0.080821 0.060175
v 0.108552 0.056844 0.067960
v 0.116268 0.030042 0.072733
v 0.118910 0.030271 0.078342
v 0.120707 0.030148 0.084079
v 0.085905 0.100407 0.070978
v 0.086597 0.100205 0.073370
v 0.087163 0.099637 0.076452
v 0.112140 0.055931 0.081245
v 0.106708 0.068076 0.079006
v 0.101517 0.078331 0.083387
v 0.100373 0.079665 0.075936
v 0.089940 0.093986 0.099703
v 0.089535 0.095625 0.094003
v 0.089365 0.096316 0.091602
v 0.089001 0.097793 0.086467
v 0.088780 0.098015 0.085262
v 0.088059 0.098738 0.081332
v 0.110721 0.056614 0.074694
v 0.103102 0.069225 0.064487
v 0.078886 0.101174 0.050153
v 0.056686 0.099763 0.025187
v 0.058143 0.102295 0.025148
v 0.039331 0.107636 0.020363
v 0.040334 0.110357 0.020115
v 0.021470 0.112040 0.017543
v 0.021985 0.114898 0.017159
v 0.060922 0.105999 0.029412
v 0.058826 0.107388 0.028556
v 0.059518 0.106930 0.028839
v 0.059078 0.104749 0.026495
v 0.034711 0.117462 0.021991
v 0.041264 0.115180 0.023506
v 0.040995 0.112991 0.021256
v 0.047455 0.113024 0.024938
v 0.051422 0.111058 0.026200
v 0.007765 0.121775 0.019057
v 0.016362 0.120866 0.019673
v 0.022331 0.117664 0.018159
v 0.021507 0.120322 0.020042
v 0.022513 0.120104 0.020191
v 0.033511 0.117722 0.021814
v -0.034164 0.141552 0.086380
v -0.022835 0.144651 0.086040
v -0.021732 0.141464 0.060289
v -0.010878 0.143002 0.059839
v -0.068881 0.110639 0.046417
v -0.079609 0.107843 0.099930
v -0.078962 0.108574 0.100011
v -0.078559 0.110763 0.089925
v -0.002083 0.144665 0.111332
v -0.000000 0.144683 0.111342
v -0.000000 0.146334 0.098894
v -0.018269 0.127209 0.026774
v -0.064680 0.108364 0.036327
v -0.036608 0.122898 0.029119
v -0.055191 0.114558 0.033355
v -0.023014 0.144090 0.098999
v -0.013603 0.143750 0.110832
v -0.010407 0.144221 0.111087
v -0.026633 0.141560 0.109657
v -0.023191 0.142337 0.110064
v -0.022980 0.142368 0.110081
v -0.039793 0.137300 0.107609
v -0.034422 0.140837 0.099114
v -0.045620 0.134596 0.106472
v -0.045725 0.135982 0.099314
v -0.050135 0.132500 0.105591
v -0.038777 0.137772 0.107807
v -0.034331 0.139159 0.108485
v -0.026983 0.141451 0.109604
v -0.056910 0.129222 0.099640
v -0.056862 0.128334 0.104144
v -0.055809 0.129118 0.104371
v -0.051847 0.131479 0.105222
v -0.067985 0.120172 0.100143
v -0.066212 0.121373 0.102132
v -0.062843 0.123881 0.102857
v -0.074746 0.113182 0.100591
v -0.072873 0.114979 0.100929
v -0.067915 0.119738 0.101824
v -0.075648 0.112315 0.100428
v -0.067577 0.121940 0.088612
v -0.087807 0.097132 0.099592
v -0.081860 0.104902 0.099837
v -0.072439 0.112041 0.057079
v -0.058935 0.117991 0.043384
v -0.064634 0.122033 0.065582
v -0.049077 0.123669 0.040942
v -0.053981 0.129335 0.063660
v -0.039261 0.127943 0.039029
v -0.075285 0.112563 0.067992
v -0.043289 0.134824 0.062167
v -0.041498 0.131942 0.050224
v -0.019644 0.133124 0.036596
v 0.000000 0.132994 0.032700
v 0.000000 0.128004 0.026446
v 0.000000 0.143215 0.059761
v 0.000000 0.141265 0.051728
v -0.020803 0.137901 0.047975
v 0.000000 0.139387 0.047407
v 0.000000 0.134407 0.035951
v -0.045401 0.136934 0.086894
v -0.032539 0.138792 0.061056
v 0.000000 0.145313 0.068410
v -0.077336 0.112155 0.078966
v -0.055565 0.130529 0.075601
v -0.056535 0.130517 0.087622
v -0.066468 0.122541 0.077080
v 0.000000 0.146863 0.094906
v 0.000000 0.146332 0.085824
v -0.011436 0.146430 0.085847
v 0.000000 0.145562 0.072665
v -0.164480 -0.372172 0.101203
v -0.164293 -0.372178 0.101099
v -0.177539 -0.370504 0.110183
v -0.173310 -0.371253 0.107059
v -0.150053 -0.372077 0.094421
v -0.149300 -0.372008 0.094216
v -0.159834 -0.372332 0.098629
v -0.163940 -0.372190 0.100903
v -0.148931 -0.371974 0.094115
v -0.139817 -0.371140 0.091630
v -0.134060 -0.370338 0.090840
v -0.133187 -0.370217 0.090721
v -0.129372 -0.369686 0.090197
v -0.124139 -0.368824 0.089915
v -0.117539 -0.367607 0.090106
v -0.117231 -0.367550 0.090115
v -0.084764 -0.361410 0.093259
v -0.084942 -0.361439 0.093233
v -0.087765 -0.361911 0.092818
v -0.108475 -0.365934 0.090369
v -0.101474 -0.364574 0.091197
v -0.062220 -0.357644 0.096567
v -0.052127 -0.356404 0.097859
v -0.026148 -0.354501 0.100354
v -0.000000 -0.353903 0.101211
v -0.026304 -0.354513 0.100339
v 0.052128 -0.356404 0.097859
v 0.026304 -0.354513 0.100339
v 0.026148 -0.354501 0.100354
v 0.177539 -0.370504 0.110183
v 0.170673 -0.371617 0.105194
v 0.163856 -0.372088 0.101028
v 0.163839 -0.372089 0.101018
v 0.160465 -0.372322 0.098957
v 0.155680 -0.372314 0.096646
v 0.150751 -0.372118 0.094669
v 0.149021 -0.371967 0.094179
v 0.148922 -0.371958 0.094151
v 0.124874 -0.368950 0.089939
v 0.119643 -0.368034 0.089865
v 0.117531 -0.367638 0.089956
v 0.140541 -0.371224 0.091779
v 0.133918 -0.370321 0.090814
v 0.133187 -0.370221 0.090707
v 0.130108 -0.369801 0.090258
v 0.093662 -0.363041 0.091995
v 0.101615 -0.364596 0.091053
v 0.117222 -0.367580 0.089969
v 0.109209 -0.366076 0.090313
v 0.104016 -0.365066 0.090769
v 0.057363 -0.357009 0.097210
v 0.072979 -0.359278 0.095025
v 0.067789 -0.358454 0.095786
v 0.088495 -0.362049 0.092713
v 0.085232 -0.361440 0.093192
v 0.084774 -0.361354 0.093259
v 0.083329 -0.361085 0.093471
v 0.224767 -0.345346 0.143256
v 0.224406 -0.345645 0.143041
v 0.237927 -0.330690 0.149008
v 0.236928 -0.331803 0.148571
v 0.262049 -0.279481 0.146668
v 0.261881 -0.280049 0.146791
v 0.242631 -0.323446 0.149953
v 0.258786 -0.290460 0.149044
v 0.257465 -0.294904 0.150005
v 0.255897 -0.298379 0.150235
v 0.251711 -0.307657 0.150850
v 0.249041 -0.313576 0.151241
v 0.247590 -0.315810 0.150950
v 0.231606 -0.337730 0.146245
v 0.191395 -0.365953 0.120652
v 0.196115 -0.364402 0.124218
v 0.198132 -0.363740 0.125742
v 0.205511 -0.359406 0.130937
v 0.211057 -0.356149 0.134841
v 0.213265 -0.354853 0.136395
v 0.219118 -0.350015 0.139887
v 0.156885 -0.060717 0.113705
v 0.155003 -0.057434 0.113833
v 0.147819 -0.043077 0.113453
v 0.145012 -0.037189 0.113205
v 0.169995 -0.083583 0.112808
v 0.183991 -0.105683 0.110427
v 0.176940 -0.095696 0.112333
v 0.128754 0.001835 0.109369
v 0.136429 -0.017824 0.111734
v 0.136480 -0.017940 0.111742
v 0.198164 -0.126555 0.107206
v 0.207884 -0.138641 0.103400
v 0.211903 -0.143652 0.102057
v 0.225699 -0.160854 0.097447
v 0.226658 -0.162049 0.097127
v 0.238849 -0.179050 0.096460
v 0.239091 -0.179388 0.096446
v 0.244571 -0.188460 0.098614
v 0.250261 -0.197881 0.100866
v 0.254444 -0.207081 0.105772
v 0.258630 -0.216289 0.110683
v 0.258891 -0.216864 0.110989
v 0.261103 -0.225195 0.117066
v 0.263463 -0.234089 0.123553
v 0.263920 -0.235811 0.124809
v 0.264409 -0.243294 0.129908
v 0.265015 -0.252583 0.136239
v 0.265075 -0.253497 0.136862
v 0.264091 -0.262720 0.140918
v 0.263000 -0.272960 0.145421
v -0.101271 0.072205 0.101237
v -0.100371 0.074201 0.101038
v -0.099950 0.074920 0.100982
v -0.089122 0.093437 0.099533
v -0.111756 0.048962 0.103549
v -0.128755 0.001835 0.109370
v -0.123725 0.016154 0.107485
v -0.112845 0.046548 0.103789
v -0.111816 0.048829 0.103563
v -0.187768 -0.111816 0.109950
v -0.192407 -0.118230 0.108596
v -0.183908 -0.105819 0.110643
v -0.169701 -0.083752 0.113192
v -0.168315 -0.081599 0.113441
v -0.157262 -0.060534 0.113329
v -0.145012 -0.037189 0.113205
v -0.136429 -0.017824 0.111734
v -0.136480 -0.017940 0.111742
v -0.264741 -0.252749 0.135884
v -0.264338 -0.262621 0.141273
v -0.263000 -0.272960 0.145421
v -0.264256 -0.264650 0.142381
v -0.265001 -0.246361 0.132396
v -0.264521 -0.243201 0.130074
v -0.263152 -0.234192 0.123452
v -0.262043 -0.226895 0.118089
v -0.261451 -0.225203 0.116954
v -0.258306 -0.216221 0.110931
v -0.256044 -0.209764 0.106601
v -0.254715 -0.207159 0.105463
v -0.249948 -0.197815 0.101382
v -0.247030 -0.192097 0.098885
v -0.244720 -0.188479 0.098313
v -0.238712 -0.179070 0.096828
v -0.236189 -0.175119 0.096204
v -0.211950 -0.143646 0.102137
v -0.198164 -0.126555 0.107206
v -0.225661 -0.160876 0.097580
v -0.223619 -0.158114 0.097847
v -0.261513 -0.280046 0.146417
v -0.247519 -0.315790 0.150872
v -0.251288 -0.309277 0.151256
v -0.251812 -0.308050 0.151145
v -0.258588 -0.290950 0.149096
v -0.257712 -0.294216 0.149899
v -0.255927 -0.298402 0.150276
v -0.243064 -0.323485 0.150418
v -0.242816 -0.323808 0.150336
v -0.236783 -0.331658 0.148338
v -0.232029 -0.337843 0.146764
v -0.231805 -0.338065 0.146650
v -0.224322 -0.345473 0.142854
v -0.211059 -0.356229 0.134861
v -0.219282 -0.350043 0.140074
v -0.221051 -0.348712 0.141195
v -0.209338 -0.357524 0.133770
v -0.205789 -0.359382 0.131197
v -0.196115 -0.364446 0.124184
v -0.194034 -0.365536 0.122676
v -0.191871 -0.366282 0.121036
v -0.184561 -0.368805 0.115492
v 0.111704 0.048941 0.103562
v 0.101265 0.072083 0.101258
v 0.099978 0.074937 0.100973
v 0.099927 0.075049 0.100962
v 0.090923 0.090655 0.099697
v 0.089122 0.093437 0.099533
v 0.111765 0.048807 0.103575
v 0.113234 0.045550 0.103899
v 0.048910 0.123753 0.040905
v 0.039033 0.128028 0.038990
v 0.043040 0.134933 0.062137
v 0.033832 0.141664 0.086367
v 0.045141 0.137061 0.086880
v 0.044338 0.136638 0.074449
v 0.045463 0.136115 0.099308
v 0.036394 0.122968 0.029082
v 0.088781 0.095715 0.099631
v 0.083910 0.102483 0.099615
v 0.078508 0.110822 0.089918
v 0.081872 0.104900 0.099819
v 0.074743 0.113265 0.100569
v 0.075345 0.112640 0.100473
v 0.078812 0.108529 0.100126
v 0.063415 0.123668 0.102718
v 0.067750 0.119782 0.101871
v 0.067866 0.120284 0.100136
v 0.072974 0.115099 0.100851
v 0.051849 0.131479 0.105220
v 0.053053 0.130829 0.104969
v 0.056720 0.129356 0.099633
v 0.056615 0.128367 0.104195
v 0.062929 0.124004 0.102823
v 0.039739 0.137172 0.107576
v 0.045428 0.134869 0.106545
v 0.045993 0.134640 0.106442
v 0.030728 0.140472 0.109103
v 0.034053 0.139445 0.108597
v 0.034087 0.140954 0.099109
v 0.034359 0.139351 0.108551
v 0.026947 0.141310 0.109541
v 0.022606 0.144179 0.098996
v 0.022430 0.144736 0.086031
v 0.005075 0.144574 0.111282
v 0.013607 0.143720 0.110813
v 0.018089 0.143272 0.110566
v 0.022533 0.142288 0.110052
v 0.022012 0.143825 0.073062
v 0.020433 0.137967 0.047949
v 0.021346 0.141537 0.060268
v 0.019295 0.133181 0.036568
v 0.017943 0.127257 0.026748
v 0.055088 0.114617 0.033326
v 0.064635 0.108397 0.036312
v 0.072390 0.112086 0.057064
v 0.075235 0.112613 0.067980
v 0.077286 0.112210 0.078956
v 0.032222 0.138888 0.061029
v 0.029166 0.131113 0.037558
v 0.068834 0.110678 0.046401
v 0.058828 0.118061 0.043355
v 0.056346 0.130643 0.087607
v 0.067458 0.122046 0.088599
v 0.055379 0.130647 0.075579
v 0.066350 0.122640 0.077061
v 0.053800 0.129443 0.063631
v 0.064518 0.122124 0.065559
v 0.072992 0.115082 0.100848
v -0.023742 0.141220 0.109778
v -0.081137 0.104330 0.099611
v -0.080507 0.105189 0.099618
v -0.071847 0.113997 0.101016
v -0.081089 0.104396 0.099612
v -0.064260 0.121713 0.102241
v -0.071733 0.114112 0.101034
v -0.062112 0.123104 0.102703
v -0.061912 0.123234 0.102746
v -0.050960 0.130329 0.105101
v -0.050692 0.130503 0.105159
v -0.038675 0.136080 0.107358
v -0.039054 0.135949 0.107297
v -0.045949 0.133576 0.106179
v -0.026017 0.140437 0.109409
v -0.026470 0.140281 0.109336
v -0.013320 0.142308 0.110373
v -0.012758 0.142367 0.110406
v -0.000000 0.143698 0.111135
v -0.084297 -0.360836 0.094132
v -0.071023 -0.358425 0.096095
v -0.063935 -0.357388 0.097095
v -0.052027 -0.355867 0.098658
v -0.059971 -0.356808 0.097654
v -0.092983 -0.362414 0.092847
v -0.100493 -0.363908 0.092019
v -0.104798 -0.364765 0.091544
v -0.108376 -0.365477 0.091150
v -0.109480 -0.365697 0.091028
v -0.116947 -0.367125 0.090721
v -0.120548 -0.367814 0.090573
v -0.126100 -0.368798 0.090692
v -0.129898 -0.369379 0.091085
v -0.132860 -0.369832 0.091391
v -0.137214 -0.370498 0.091842
v -0.142707 -0.371156 0.092954
v -0.145987 -0.371455 0.093869
v -0.148122 -0.371650 0.094465
v -0.149603 -0.371706 0.095065
v -0.158603 -0.372046 0.098712
v -0.160897 -0.371979 0.099957
v -0.164273 -0.371879 0.101789
v -0.164730 -0.371841 0.102079
v -0.169704 -0.371418 0.105240
v -0.177489 -0.370188 0.110844
v -0.026094 -0.354000 0.101077
v -0.000000 -0.353412 0.101911
v 0.026250 -0.354012 0.101062
v 0.052027 -0.355867 0.098658
v 0.026094 -0.354000 0.101077
v 0.084598 -0.360932 0.094131
v 0.065420 -0.357671 0.096851
v 0.071043 -0.358428 0.096092
v 0.097967 -0.363401 0.092198
v 0.116947 -0.367129 0.090702
v 0.119617 -0.367643 0.090578
v 0.110059 -0.365805 0.091023
v 0.108760 -0.365554 0.091084
v 0.104830 -0.364770 0.091489
v 0.100622 -0.363931 0.091923
v 0.132721 -0.369849 0.091254
v 0.131174 -0.369620 0.091069
v 0.130511 -0.369522 0.090989
v 0.135947 -0.370327 0.091641
v 0.177489 -0.370188 0.110844
v 0.171317 -0.371219 0.106349
v 0.166731 -0.371709 0.103292
v 0.164321 -0.371848 0.101865
v 0.161975 -0.371984 0.100474
v 0.160912 -0.371996 0.099933
v 0.157043 -0.372041 0.097962
v 0.151947 -0.371888 0.095804
v 0.149313 -0.371669 0.095018
v 0.145947 -0.371390 0.094014
v 0.141347 -0.371007 0.092641
v 0.249912 -0.310763 0.151637
v 0.262048 -0.277695 0.146871
v 0.258800 -0.289279 0.149509
v 0.257975 -0.292222 0.150179
v 0.257869 -0.292600 0.150265
v 0.252135 -0.306525 0.151673
v 0.251716 -0.307543 0.151776
v 0.234331 -0.334601 0.148335
v 0.239620 -0.327382 0.149919
v 0.243788 -0.321693 0.151166
v 0.242803 -0.323038 0.150871
v 0.223729 -0.345826 0.143338
v 0.227674 -0.341649 0.145198
v 0.231563 -0.337532 0.147031
v 0.183570 -0.368416 0.115445
v 0.219040 -0.349722 0.140543
v 0.214397 -0.353581 0.137774
v 0.214270 -0.353686 0.137699
v 0.205625 -0.359168 0.131757
v 0.202403 -0.361211 0.129543
v 0.199777 -0.362418 0.127595
v 0.192207 -0.365898 0.121980
v 0.191527 -0.366097 0.121465
v 0.156476 -0.060474 0.114233
v 0.144779 -0.037276 0.113688
v 0.183325 -0.105556 0.111253
v 0.156546 -0.060613 0.114236
v 0.160006 -0.067474 0.114397
v 0.169238 -0.083158 0.113536
v 0.169397 -0.083427 0.113521
v 0.177932 -0.097925 0.112724
v 0.183055 -0.105175 0.111327
v 0.128603 0.001612 0.109825
v 0.136239 -0.017977 0.112202
v 0.264186 -0.270920 0.145302
v 0.263830 -0.272931 0.145978
v 0.265288 -0.262954 0.142216
v 0.265696 -0.256172 0.138746
v 0.265919 -0.252462 0.136847
v 0.265942 -0.252083 0.136653
v 0.265468 -0.241155 0.129477
v 0.265342 -0.240047 0.128675
v 0.264306 -0.233927 0.124139
v 0.265167 -0.238515 0.127567
v 0.263168 -0.227856 0.119604
v 0.261905 -0.223664 0.116607
v 0.260123 -0.217751 0.112381
v 0.259436 -0.216044 0.111333
v 0.253194 -0.201673 0.103192
v 0.255294 -0.206081 0.105409
v 0.255698 -0.206928 0.105835
v 0.256122 -0.207818 0.106283
v 0.247858 -0.191834 0.099479
v 0.250503 -0.196711 0.101319
v 0.250982 -0.197594 0.101653
v 0.226455 -0.160536 0.098077
v 0.230713 -0.166069 0.097107
v 0.231383 -0.166975 0.097022
v 0.231599 -0.167268 0.096995
v 0.238529 -0.177078 0.096898
v 0.238905 -0.177610 0.096892
v 0.239653 -0.178740 0.097009
v 0.241824 -0.182019 0.097346
v 0.244906 -0.187032 0.098435
v 0.245605 -0.188168 0.098682
v 0.221714 -0.154377 0.099158
v 0.198863 -0.126184 0.107817
v 0.208382 -0.137989 0.104070
v 0.212659 -0.143247 0.102494
v 0.215583 -0.146841 0.101417
v -0.099956 0.074515 0.101479
v -0.089122 0.093074 0.099994
v -0.111622 0.048331 0.104107
v -0.111562 0.048464 0.104094
v -0.101940 0.070062 0.101926
v -0.101793 0.070391 0.101893
v -0.113772 0.043505 0.104591
v -0.125659 0.009890 0.108738
v -0.128603 0.001612 0.109825
v -0.183224 -0.105958 0.111649
v -0.144779 -0.037276 0.113688
v -0.156677 -0.060370 0.114017
v -0.169164 -0.083191 0.113623
v -0.164764 -0.076067 0.114241
v -0.156748 -0.060509 0.114019
v -0.183117 -0.105784 0.111664
v -0.182870 -0.105384 0.111699
v -0.169328 -0.083456 0.113600
v -0.136239 -0.017977 0.112202
v -0.215978 -0.147255 0.101101
v -0.226464 -0.160514 0.098010
v -0.224096 -0.157397 0.098475
v -0.215592 -0.146785 0.101253
v -0.212668 -0.143215 0.102407
v -0.205398 -0.134341 0.105277
v -0.200160 -0.127831 0.107334
v -0.198863 -0.126184 0.107817
v -0.238534 -0.177074 0.096878
v -0.231681 -0.167379 0.096985
v -0.231379 -0.166982 0.097044
v -0.242829 -0.183583 0.097581
v -0.239645 -0.178742 0.097033
v -0.238725 -0.177345 0.096875
v -0.249995 -0.195609 0.100718
v -0.248728 -0.193346 0.099948
v -0.245597 -0.188165 0.098692
v -0.244910 -0.187028 0.098416
v -0.255663 -0.206918 0.105871
v -0.255311 -0.206084 0.105381
v -0.255142 -0.205683 0.105145
v -0.251009 -0.197593 0.101590
v -0.250561 -0.196717 0.101205
v -0.259463 -0.215935 0.111177
v -0.259508 -0.216059 0.111260
v -0.260417 -0.218591 0.112950
v -0.261872 -0.223664 0.116618
v -0.265893 -0.252479 0.136820
v -0.265947 -0.250457 0.135678
v -0.265364 -0.240163 0.128765
v -0.265344 -0.240046 0.128678
v -0.264315 -0.233930 0.124129
v -0.263603 -0.229699 0.120981
v -0.265072 -0.264848 0.143019
v -0.265772 -0.257069 0.139413
v -0.265797 -0.256116 0.138874
v -0.263830 -0.272931 0.145978
v -0.258520 -0.290284 0.149741
v -0.258740 -0.289731 0.149678
v -0.259109 -0.288805 0.149572
v -0.251941 -0.306821 0.151634
v -0.251729 -0.307353 0.151695
v -0.251378 -0.308238 0.151796
v -0.243042 -0.322840 0.151013
v -0.242750 -0.323221 0.150916
v -0.242647 -0.323356 0.150882
v -0.231770 -0.337581 0.147281
v -0.231665 -0.337681 0.147226
v -0.219183 -0.349606 0.140623
v -0.231650 -0.337696 0.147218
v -0.219146 -0.349640 0.140604
v -0.217566 -0.351150 0.139768
v -0.205846 -0.358914 0.131860
v -0.191805 -0.365418 0.121601
v -0.202281 -0.361276 0.129454
v -0.205806 -0.358941 0.131833
v -0.183028 -0.368887 0.115022
v -0.191782 -0.365427 0.121584
v 0.089122 0.093074 0.099994
v 0.091450 0.089437 0.100230
v 0.093694 0.085754 0.100509
v 0.097951 0.078272 0.101143
v 0.101948 0.070453 0.101862
v 0.102160 0.070040 0.101900
v 0.103894 0.066648 0.102212
v 0.111760 0.048548 0.104048
v 0.111818 0.048414 0.104062
v 0.112247 0.047427 0.104162
v 0.115276 0.039514 0.105041
v 0.122322 0.019567 0.107477
v 0.119562 0.027561 0.106465
v 0.116733 0.035538 0.105501
v 0.125074 0.011573 0.108518
v 0.127884 0.003599 0.109564
v 0.013372 0.142623 0.110540
v 0.013452 0.142616 0.110536
v 0.018525 0.142208 0.110310
v 0.026393 0.139998 0.109210
v 0.039235 0.136389 0.107414
v 0.026547 0.139954 0.109189
v 0.039465 0.136324 0.107382
v 0.040517 0.136029 0.107235
v 0.051089 0.130491 0.105058
v 0.051372 0.130343 0.105000
v 0.072095 0.114240 0.100786
v 0.062155 0.122541 0.102802
v 0.061848 0.122798 0.102864
v 0.055239 0.128317 0.104204
v 0.073807 0.112810 0.100439
v 0.072463 0.113932 0.100712
v 0.081115 0.103565 0.100007
v 0.080763 0.104011 0.100028
v -0.012028 0.142206 0.110989
v 0.000000 0.143472 0.111674
v -0.023814 0.140966 0.110317
v -0.025217 0.140477 0.110086
v -0.038000 0.136022 0.107983
v -0.046444 0.133079 0.106593
v -0.050237 0.130724 0.105770
v -0.060865 0.124130 0.103463
v -0.061448 0.123580 0.103355
v -0.071124 0.114465 0.101570
v -0.077631 0.108335 0.100370
v -0.080596 0.104397 0.100273
v -0.052010 -0.356681 0.099237
v -0.063588 -0.358240 0.097678
v -0.071033 -0.359241 0.096675
v -0.085767 -0.361954 0.094515
v -0.096000 -0.363837 0.093015
v -0.104140 -0.365464 0.092202
v -0.107746 -0.366184 0.091842
v -0.112259 -0.367086 0.091392
v -0.116885 -0.367981 0.091180
v -0.120430 -0.368606 0.091269
v -0.129400 -0.370189 0.091493
v -0.130385 -0.370363 0.091518
v -0.136707 -0.371215 0.092529
v -0.142445 -0.371988 0.093448
v -0.144402 -0.372186 0.093942
v -0.145490 -0.372256 0.094317
v -0.160501 -0.372749 0.100500
v -0.154502 -0.372833 0.097428
v -0.151704 -0.372653 0.096462
v -0.177249 -0.370995 0.111383
v -0.174716 -0.371472 0.109500
v -0.165207 -0.372578 0.103080
v -0.164166 -0.372699 0.102377
v -0.000000 -0.354192 0.102536
v -0.013112 -0.354343 0.102323
v -0.025647 -0.355097 0.101329
v -0.026036 -0.355120 0.101298
v 0.025669 -0.355079 0.101296
v 0.026057 -0.355093 0.101277
v 0.039022 -0.355541 0.100651
v 0.045524 -0.356056 0.099983
v 0.052010 -0.356681 0.099237
v 0.104173 -0.365479 0.092154
v 0.091292 -0.362906 0.093655
v 0.085738 -0.361934 0.094477
v 0.065481 -0.358388 0.097477
v 0.065076 -0.358335 0.097531
v 0.054712 -0.356980 0.098907
v 0.130669 -0.370379 0.091642
v 0.120786 -0.368711 0.091118
v 0.120412 -0.368638 0.091134
v 0.109434 -0.366521 0.091628
v 0.108215 -0.366286 0.091683
v 0.151703 -0.372674 0.096406
v 0.159949 -0.372862 0.100016
v 0.160575 -0.372843 0.100356
v 0.132671 -0.370716 0.091749
v 0.136712 -0.371268 0.092379
v 0.139684 -0.371673 0.092842
v 0.145468 -0.372207 0.094435
v 0.150142 -0.372638 0.095723
v 0.162425 -0.372787 0.101364
v 0.165161 -0.372524 0.103140
v 0.177249 -0.370995 0.111383
v 0.172729 -0.371797 0.108052
v 0.214251 -0.354337 0.138209
v 0.208094 -0.358661 0.134200
v 0.207922 -0.358782 0.134088
v 0.199655 -0.363274 0.128179
v 0.198088 -0.364126 0.127059
v 0.193579 -0.365914 0.123680
v 0.187720 -0.368238 0.119288
v 0.183443 -0.369417 0.116055
v 0.179362 -0.370543 0.112969
v 0.217312 -0.352188 0.140202
v 0.218673 -0.351098 0.141023
v 0.220951 -0.349042 0.142274
v 0.227226 -0.343380 0.145717
v 0.227833 -0.342714 0.145983
v 0.232502 -0.337589 0.148034
v 0.235176 -0.334653 0.149209
v 0.238708 -0.330193 0.150431
v 0.240064 -0.328215 0.150755
v 0.245678 -0.320029 0.152100
v 0.242766 -0.324275 0.151403
v 0.250552 -0.311288 0.152419
v 0.251724 -0.309186 0.152495
v 0.251750 -0.309132 0.152493
v 0.254174 -0.304005 0.152259
v 0.258694 -0.292497 0.150855
v 0.258779 -0.292280 0.150828
v 0.263109 -0.276557 0.147115
v 0.259912 -0.288801 0.150179
v 0.258897 -0.291917 0.150761
v 0.157084 -0.059997 0.114866
v 0.157332 -0.060475 0.114872
v 0.169605 -0.082657 0.114430
v 0.170070 -0.083459 0.114395
v 0.190909 -0.115592 0.110441
v 0.197249 -0.124098 0.108395
v 0.173323 -0.089081 0.114149
v 0.183418 -0.104746 0.112315
v 0.183943 -0.105562 0.112220
v 0.184773 -0.106849 0.112069
v 0.162240 -0.069929 0.114987
v 0.149987 -0.046327 0.114700
v 0.145470 -0.036922 0.114319
v 0.129290 0.001946 0.110470
v 0.132107 -0.005570 0.111426
v 0.193113 -0.127185 0.115005
v 0.207044 -0.144148 0.109897
v 0.210731 -0.148638 0.108545
v 0.212620 -0.151030 0.108001
v 0.221021 -0.161667 0.105577
v 0.222907 -0.164056 0.105033
v 0.228389 -0.171196 0.104267
v 0.232061 -0.175979 0.103754
v 0.232903 -0.177101 0.103725
v 0.235371 -0.180510 0.103934
v 0.239865 -0.186716 0.104312
v 0.234999 -0.179996 0.103902
v 0.241664 -0.189462 0.104958
v 0.241676 -0.189480 0.104962
v 0.245816 -0.195796 0.106446
v 0.247267 -0.198230 0.107319
v 0.247566 -0.198732 0.107499
v 0.247687 -0.198959 0.107607
v 0.251840 -0.206789 0.111347
v 0.262258 -0.251183 0.142856
v 0.262140 -0.248082 0.141139
v 0.261230 -0.238908 0.135103
v 0.261100 -0.237603 0.134245
v 0.260533 -0.234682 0.131936
v 0.258850 -0.226020 0.125089
v 0.257954 -0.223133 0.122844
v 0.256145 -0.217307 0.118314
v 0.255565 -0.215441 0.116863
v 0.252514 -0.208288 0.112258
v 0.252014 -0.207117 0.111504
v 0.261614 -0.263075 0.148215
v 0.260108 -0.272138 0.151486
v 0.262187 -0.253151 0.143772
v 0.262116 -0.255157 0.144705
v 0.261892 -0.261406 0.147613
v -0.112355 0.048914 0.104693
v -0.129290 0.001946 0.110470
v -0.119987 0.028676 0.107003
v -0.116815 0.037570 0.105934
v -0.089769 0.093532 0.100605
v -0.095231 0.084705 0.101239
v -0.111838 0.050229 0.104549
v -0.109519 0.056128 0.103904
v -0.101688 0.072627 0.102315
v -0.101644 0.072720 0.102306
v -0.100259 0.075639 0.102025
v -0.184896 -0.107030 0.112040
v -0.183918 -0.105583 0.112264
v -0.151342 -0.049072 0.114787
v -0.146622 -0.039362 0.114429
v -0.145470 -0.036922 0.114319
v -0.183376 -0.104782 0.112388
v -0.183096 -0.104368 0.112452
v -0.172086 -0.087041 0.114299
v -0.170036 -0.083481 0.114444
v -0.169573 -0.082678 0.114476
v -0.162446 -0.070302 0.114981
v -0.157311 -0.060485 0.114892
v -0.157062 -0.060008 0.114887
v -0.196041 -0.122517 0.108813
v -0.138856 -0.022204 0.113299
v -0.212622 -0.151021 0.107963
v -0.211068 -0.149057 0.108430
v -0.207042 -0.144153 0.109904
v -0.193113 -0.127185 0.115005
v -0.220437 -0.160892 0.105615
v -0.221022 -0.161646 0.105505
v -0.228401 -0.171173 0.104119
v -0.229085 -0.172056 0.103990
v -0.234987 -0.179908 0.103737
v -0.235403 -0.180494 0.103797
v -0.235037 -0.179978 0.103745
v -0.241173 -0.188621 0.104624
v -0.241708 -0.189456 0.104848
v -0.246648 -0.197172 0.106917
v -0.247269 -0.198230 0.107315
v -0.241720 -0.189475 0.104853
v -0.255950 -0.216487 0.117621
v -0.256247 -0.217330 0.118245
v -0.256401 -0.217765 0.118567
v -0.247699 -0.198961 0.107590
v -0.247729 -0.199013 0.107609
v -0.251812 -0.206784 0.111388
v -0.252277 -0.207670 0.111820
v -0.252538 -0.208295 0.112231
v -0.259309 -0.227930 0.126645
v -0.260558 -0.234671 0.131942
v -0.261098 -0.237586 0.134232
v -0.257938 -0.223138 0.122837
v -0.261233 -0.238905 0.135108
v -0.262100 -0.247366 0.140722
v -0.262188 -0.253165 0.143760
v -0.262217 -0.255127 0.144788
v -0.262233 -0.256186 0.145343
v -0.261550 -0.263096 0.148172
v -0.261203 -0.266605 0.149608
v -0.260107 -0.272138 0.151486
v -0.184785 -0.369144 0.117066
v -0.191764 -0.366766 0.122339
v -0.213682 -0.354923 0.137925
v -0.215271 -0.353755 0.138937
v -0.219135 -0.350526 0.141196
v -0.192678 -0.366454 0.123030
v -0.193724 -0.365963 0.123799
v -0.203503 -0.361369 0.130991
v -0.205714 -0.359969 0.132497
v -0.208132 -0.358437 0.134144
v -0.220981 -0.348983 0.142275
v -0.224169 -0.346319 0.144139
v -0.228424 -0.342168 0.146302
v -0.231742 -0.338422 0.147701
v -0.232491 -0.337577 0.148016
v -0.236303 -0.333274 0.149623
v -0.252364 -0.307799 0.152416
v -0.242807 -0.324373 0.151496
v -0.243068 -0.324015 0.151572
v -0.243518 -0.323399 0.151701
v -0.246958 -0.317920 0.152279
v -0.251627 -0.309178 0.152397
v -0.257635 -0.295508 0.151341
v -0.252791 -0.306999 0.152427
v -0.258815 -0.292063 0.150754
v -0.259330 -0.290559 0.150499
v -0.259682 -0.289532 0.150324
v -0.262921 -0.277425 0.147372
v 0.120815 0.026043 0.107394
v 0.125960 0.011344 0.109233
v 0.116106 0.039500 0.105711
v 0.112489 0.048929 0.104661
v 0.112476 0.048958 0.104659
v 0.112029 0.049974 0.104556
v 0.103926 0.068398 0.102694
v 0.102303 0.071673 0.102387
v 0.101799 0.072587 0.102308
v 0.101761 0.072657 0.102302
v 0.093652 0.087364 0.101027
v 0.089769 0.093532 0.100605
v 0.038716 0.136174 0.108024
v 0.038502 0.136282 0.108067
v 0.036173 0.137454 0.108538
v 0.025742 0.139880 0.109798
v 0.025584 0.139917 0.109817
v 0.013910 0.142632 0.111227
v 0.012730 0.142703 0.111265
v 0.012652 0.142708 0.111268
v 0.061369 0.123084 0.103442
v 0.061671 0.122827 0.103381
v 0.056563 0.127190 0.104413
v 0.050684 0.130150 0.105602
v 0.050398 0.130293 0.105660
v 0.071761 0.114206 0.101342
v 0.071396 0.114518 0.101416
v 0.074233 0.112094 0.100843
v 0.080450 0.104153 0.100488
v 0.080821 0.103678 0.100467
v -0.000000 0.144295 0.112242
v -0.005800 0.144151 0.112164
v -0.005964 0.144147 0.112162
v -0.013775 0.143345 0.111720
v -0.027320 0.140854 0.110405
v -0.024793 0.141406 0.110694
v -0.017830 0.142928 0.111491
v -0.043796 0.135203 0.107754
v -0.042081 0.136019 0.108096
v -0.040052 0.136739 0.108434
v -0.030274 0.140209 0.110067
v -0.048344 0.133038 0.106850
v -0.052033 0.130773 0.106052
v -0.059235 0.126351 0.104495
v -0.060943 0.124960 0.104136
v -0.063165 0.123152 0.103670
v -0.069190 0.118248 0.102406
v -0.073423 0.114107 0.101649
v -0.082477 0.103717 0.100569
v -0.082118 0.104132 0.100611
v -0.076532 0.110576 0.101266
v -0.073742 0.113795 0.101592
v -0.163647 -0.369333 0.107605
v -0.166950 -0.369193 0.109392
v -0.176079 -0.367749 0.115729
v -0.162032 -0.369401 0.106732
v -0.157328 -0.369601 0.104186
v -0.153199 -0.369504 0.102417
v -0.150855 -0.369320 0.101680
v -0.146245 -0.368960 0.100230
v -0.142651 -0.368678 0.099100
v -0.136823 -0.367857 0.098152
v -0.131523 -0.367111 0.097290
v -0.129276 -0.366720 0.097133
v -0.127327 -0.366380 0.096996
v -0.121156 -0.365134 0.097123
v -0.112732 -0.363432 0.097297
v -0.051228 -0.351043 0.106873
v -0.070523 -0.354212 0.103925
v -0.080093 -0.356250 0.102223
v -0.086028 -0.357515 0.101168
v -0.094730 -0.359368 0.099620
v -0.112115 -0.363293 0.097377
v -0.037197 -0.349373 0.108417
v -0.035702 -0.349195 0.108581
v -0.000000 -0.350805 0.106571
v -0.025916 -0.348421 0.109264
v -0.020060 -0.347958 0.109673
v -0.011197 -0.347719 0.109913
v 0.000000 -0.347417 0.110216
v 0.051605 -0.353814 0.103194
v 0.051228 -0.351043 0.106873
v 0.025920 -0.348421 0.109267
v 0.015723 -0.347739 0.109871
v 0.011201 -0.347647 0.109970
v 0.037178 -0.349445 0.108339
v 0.031390 -0.348787 0.108943
v 0.164910 -0.369363 0.108161
v 0.170125 -0.368825 0.111444
v 0.176079 -0.367749 0.115729
v 0.163683 -0.369388 0.107540
v 0.162043 -0.369422 0.106711
v 0.155054 -0.369565 0.103178
v 0.150827 -0.369291 0.101724
v 0.146257 -0.368996 0.100153
v 0.144667 -0.368893 0.099606
v 0.139845 -0.368341 0.098491
v 0.136822 -0.367877 0.098104
v 0.129270 -0.366717 0.097136
v 0.128827 -0.366649 0.097079
v 0.121130 -0.365154 0.097030
v 0.117353 -0.364420 0.097006
v 0.112130 -0.363266 0.097516
v 0.101964 -0.361019 0.098508
v 0.086015 -0.357426 0.101160
v 0.074363 -0.354962 0.103247
v 0.080113 -0.356164 0.102205
v 0.084358 -0.357052 0.101436
v 0.221083 -0.342584 0.148845
v 0.217654 -0.345644 0.146877
v 0.247496 -0.306948 0.157335
v 0.254629 -0.290432 0.155812
v 0.255028 -0.289284 0.155601
v 0.257384 -0.282494 0.154352
v 0.247934 -0.306052 0.157306
v 0.251273 -0.299212 0.157090
v 0.253150 -0.294695 0.156596
v 0.245843 -0.310336 0.157442
v 0.239495 -0.320844 0.156473
v 0.229146 -0.334302 0.152869
v 0.236526 -0.325098 0.155657
v 0.238921 -0.321666 0.156315
v 0.238830 -0.321796 0.156291
v 0.228906 -0.334549 0.152749
v 0.227846 -0.335638 0.152220
v 0.217526 -0.345758 0.146804
v 0.215664 -0.347193 0.145608
v 0.208515 -0.352706 0.141018
v 0.205180 -0.354778 0.138592
v 0.202811 -0.356251 0.136868
v 0.199072 -0.358574 0.134148
v 0.191423 -0.362204 0.128049
v 0.189674 -0.363034 0.126654
v 0.187076 -0.364267 0.124582
v 0.159777 -0.080023 0.123848
v 0.138883 -0.040012 0.123272
v 0.143877 -0.050709 0.123970
v 0.150542 -0.063540 0.124215
v 0.153196 -0.068651 0.124313
v 0.153410 -0.069062 0.124321
v 0.193104 -0.127174 0.115008
v 0.182761 -0.113611 0.118378
v 0.179227 -0.108977 0.119529
v 0.162528 -0.084298 0.123357
v 0.163771 -0.086230 0.123135
v 0.170116 -0.096092 0.122003
v 0.172426 -0.099358 0.121376
v 0.178076 -0.107349 0.119841
v 0.123285 -0.001673 0.118734
v 0.137024 -0.035554 0.122779
v 0.126929 -0.011348 0.120103
v 0.208212 -0.135029 0.119992
v 0.199710 -0.123686 0.124834
v 0.212866 -0.141238 0.117342
v 0.212632 -0.140925 0.117476
v 0.224789 -0.157452 0.112029
v 0.225641 -0.158653 0.111783
v 0.234148 -0.170653 0.109321
v 0.241969 -0.182371 0.108622
v 0.238515 -0.177172 0.108878
v 0.236930 -0.174785 0.108996
v 0.235167 -0.172132 0.109127
v 0.247695 -0.191774 0.109777
v 0.244640 -0.186758 0.109160
v 0.250169 -0.196369 0.111236
v 0.250709 -0.197373 0.111554
v 0.252394 -0.200502 0.112548
v 0.254812 -0.205813 0.115247
v 0.256162 -0.208777 0.116754
v 0.258163 -0.214037 0.120140
v 0.258445 -0.214990 0.120845
v 0.259296 -0.217867 0.122976
v 0.262778 -0.232852 0.134257
v 0.260965 -0.223507 0.127153
v 0.264300 -0.246606 0.143300
v 0.263167 -0.235579 0.136159
v 0.263011 -0.234055 0.135171
v 0.262897 -0.233470 0.134727
v 0.264148 -0.260892 0.150259
v 0.264380 -0.252131 0.146148
v 0.264439 -0.249898 0.145100
v 0.264425 -0.250433 0.145351
v 0.262402 -0.272000 0.154400
v 0.263889 -0.262540 0.150874
v 0.263899 -0.262479 0.150851
v -0.088280 0.091166 0.103955
v -0.095676 0.078846 0.104857
v -0.100506 0.069419 0.105879
v -0.099935 0.070552 0.105752
v -0.096173 0.078018 0.104918
v -0.123285 -0.001673 0.118734
v -0.118435 0.013714 0.116242
v -0.117245 0.018023 0.115380
v -0.111619 0.038390 0.111307
v -0.108800 0.047529 0.109495
v -0.107375 0.052151 0.108578
v -0.106750 0.054175 0.108177
v -0.102035 0.065686 0.106442
v -0.138883 -0.040012 0.123272
v -0.147633 -0.058246 0.124263
v -0.150528 -0.063541 0.124223
v -0.153291 -0.068596 0.124186
v -0.156792 -0.074999 0.124138
v -0.162553 -0.084285 0.123322
v -0.163767 -0.086241 0.123150
v -0.166880 -0.091258 0.122710
v -0.172415 -0.099374 0.121399
v -0.174003 -0.101703 0.121023
v -0.178124 -0.107298 0.119764
v -0.182766 -0.113602 0.118347
v -0.187722 -0.120333 0.116833
v -0.193104 -0.127174 0.115008
v -0.132702 -0.025715 0.121899
v -0.136963 -0.035570 0.122845
v -0.199710 -0.123686 0.124834
v -0.207793 -0.134466 0.120203
v -0.211908 -0.139952 0.117846
v -0.212632 -0.140934 0.117506
v -0.222020 -0.153641 0.113090
v -0.225641 -0.158667 0.111828
v -0.229538 -0.164076 0.110469
v -0.236472 -0.174044 0.108918
v -0.242769 -0.183632 0.108676
v -0.238521 -0.177163 0.108839
v -0.236954 -0.174778 0.108899
v -0.249265 -0.194557 0.110474
v -0.244684 -0.186746 0.109005
v -0.244214 -0.185944 0.108854
v -0.250198 -0.196370 0.111156
v -0.250713 -0.197370 0.111532
v -0.253563 -0.202906 0.113616
v -0.254911 -0.205845 0.115096
v -0.254919 -0.205864 0.115105
v -0.258402 -0.214727 0.120618
v -0.258477 -0.214998 0.120821
v -0.259274 -0.217864 0.122974
v -0.261565 -0.226108 0.129168
v -0.262477 -0.230756 0.132731
v -0.262764 -0.232878 0.134218
v -0.262957 -0.234305 0.135219
v -0.263128 -0.235575 0.136109
v -0.263876 -0.241102 0.139985
v -0.264404 -0.250435 0.145309
v -0.264475 -0.251692 0.146026
v -0.264456 -0.252103 0.146212
v -0.263958 -0.262481 0.150887
v -0.262402 -0.272000 0.154400
v -0.263932 -0.263021 0.151131
v -0.263955 -0.262555 0.150920
v -0.238889 -0.321702 0.156301
v -0.244982 -0.311893 0.157384
v -0.247439 -0.307023 0.157315
v -0.247932 -0.306047 0.157301
v -0.250498 -0.300959 0.157229
v -0.252601 -0.296060 0.156765
v -0.254573 -0.290573 0.155830
v -0.255037 -0.289281 0.155610
v -0.256847 -0.284245 0.154752
v -0.238829 -0.321798 0.156290
v -0.238615 -0.322142 0.156252
v -0.234667 -0.327589 0.155049
v -0.228853 -0.334471 0.152650
v -0.227849 -0.335660 0.152235
v -0.226972 -0.336698 0.151874
v -0.218639 -0.344793 0.147458
v -0.217682 -0.345600 0.146883
v -0.215686 -0.347285 0.145684
v -0.215237 -0.347663 0.145414
v -0.205413 -0.354780 0.138843
v -0.177309 -0.367455 0.116681
v -0.187562 -0.364073 0.124980
v -0.189684 -0.363117 0.126692
v -0.191562 -0.362270 0.128208
v -0.194923 -0.360756 0.130919
v -0.202816 -0.356259 0.136882
v -0.205271 -0.354861 0.138736
v 0.107380 0.052152 0.108575
v 0.108894 0.047239 0.109550
v 0.088280 0.091166 0.103955
v 0.089295 0.089635 0.104030
v 0.095631 0.078826 0.104882
v 0.096877 0.076699 0.105050
v 0.099868 0.070305 0.105856
v 0.102033 0.065676 0.106440
v 0.103890 0.061704 0.106941
v 0.106804 0.054022 0.108204
v 0.117290 0.018038 0.115365
v 0.115921 0.022540 0.114595
v 0.115795 0.022953 0.114525
v 0.111619 0.038390 0.111307
v 0.012059 0.143678 0.111902
v 0.014374 0.143359 0.111728
v 0.052351 0.130681 0.105995
v 0.063386 0.123044 0.103619
v 0.086400 0.098454 0.100460
v 0.082064 0.103989 0.100724
v 0.078207 0.108912 0.100958
v 0.076586 0.110624 0.101208
v 0.073468 0.113918 0.101689
v 0.070855 0.116677 0.102093
v 0.061008 0.125047 0.104107
v 0.061131 0.124967 0.104080
v 0.040399 0.136537 0.108355
v 0.043807 0.135255 0.107764
v 0.043818 0.135249 0.107762
v 0.050625 0.131804 0.106371
v 0.031931 0.139723 0.109825
v 0.027777 0.140702 0.110332
v 0.024789 0.141407 0.110697
v 0.019518 0.142650 0.111341
v 0.005789 0.143999 0.112079
v -0.088258 0.091199 0.103953
v -0.085641 0.095000 0.103876
v -0.083901 0.097423 0.103921
v -0.082842 0.098899 0.103948
v -0.075369 0.108187 0.104714
v -0.074141 0.109713 0.104840
v -0.071233 0.112577 0.105392
v -0.065053 0.118662 0.106563
v -0.064143 0.119398 0.106772
v -0.060485 0.122355 0.107612
v -0.060120 0.122594 0.107698
v -0.056283 0.125113 0.108604
v -0.050171 0.129125 0.110046
v -0.048059 0.130127 0.110502
v -0.043117 0.132471 0.111570
v -0.039367 0.134249 0.112380
v -0.038910 0.134466 0.112479
v -0.033404 0.136436 0.113503
v -0.029895 0.137332 0.114013
v -0.024473 0.138716 0.114802
v -0.021252 0.139538 0.115271
v -0.020171 0.139678 0.115357
v -0.010132 0.140977 0.116154
v -0.008750 0.141156 0.116264
v -0.005724 0.141246 0.116316
v -0.000000 0.141416 0.116415
v -0.166016 -0.374905 0.113636
v -0.175028 -0.373206 0.119651
v -0.160357 -0.375311 0.110720
v -0.160230 -0.375320 0.110655
v -0.156542 -0.375584 0.108755
v -0.152529 -0.375599 0.107137
v -0.144218 -0.375166 0.104746
v -0.144136 -0.375162 0.104723
v -0.142346 -0.375069 0.104207
v -0.131743 -0.373871 0.102841
v -0.128183 -0.373361 0.102725
v -0.127059 -0.373175 0.102789
v -0.115660 -0.371280 0.103438
v -0.077439 -0.364245 0.111152
v -0.089300 -0.366265 0.108442
v -0.109653 -0.370142 0.104474
v -0.109567 -0.370126 0.104489
v -0.098142 -0.367963 0.106460
v -0.077395 -0.364237 0.111162
v -0.066208 -0.362332 0.113718
v -0.053717 -0.360804 0.116145
v -0.050207 -0.360375 0.116827
v 0.000000 -0.357713 0.121257
v -0.010934 -0.357906 0.120939
v -0.016294 -0.358001 0.120783
v -0.032444 -0.358843 0.119385
v -0.036369 -0.359181 0.118820
v 0.010931 -0.357926 0.120906
v 0.018002 -0.358064 0.120678
v 0.034143 -0.358963 0.119186
v 0.036375 -0.359159 0.118858
v 0.050207 -0.360375 0.116827
v 0.175028 -0.373206 0.119651
v 0.165992 -0.374908 0.113622
v 0.162891 -0.375240 0.111861
v 0.160372 -0.375335 0.110699
v 0.160242 -0.375340 0.110639
v 0.153182 -0.375606 0.107382
v 0.144221 -0.375183 0.104707
v 0.144145 -0.375179 0.104685
v 0.143040 -0.375127 0.104355
v 0.140257 -0.374877 0.103809
v 0.129697 -0.373583 0.102755
v 0.127057 -0.373160 0.102842
v 0.118740 -0.371825 0.103119
v 0.116648 -0.371456 0.103327
v 0.109643 -0.370142 0.104451
v 0.109565 -0.370127 0.104464
v 0.101573 -0.368627 0.105747
v 0.084522 -0.365373 0.109555
v 0.077418 -0.364139 0.111199
v 0.077384 -0.364133 0.111207
v 0.053395 -0.360794 0.116183
v 0.073065 -0.363383 0.112206
v 0.259903 -0.281634 0.157113
v 0.260541 -0.279516 0.156616
v 0.258532 -0.286186 0.158180
v 0.257222 -0.289687 0.158718
v 0.256756 -0.290933 0.158910
v 0.254035 -0.298202 0.160027
v 0.240372 -0.323262 0.159314
v 0.240436 -0.323168 0.159329
v 0.243554 -0.318555 0.160094
v 0.248461 -0.309951 0.160569
v 0.249397 -0.307980 0.160478
v 0.249854 -0.307015 0.160434
v 0.218743 -0.348550 0.150398
v 0.219297 -0.348066 0.150714
v 0.221427 -0.346208 0.151927
v 0.228433 -0.338931 0.155307
v 0.229210 -0.337976 0.155603
v 0.230234 -0.336717 0.155992
v 0.236410 -0.329125 0.158342
v 0.216616 -0.350406 0.149186
v 0.212335 -0.354140 0.146747
v 0.205911 -0.358698 0.142556
v 0.203210 -0.360614 0.140794
v 0.202729 -0.360955 0.140480
v 0.196984 -0.364354 0.136413
v 0.191494 -0.366974 0.132278
v 0.189262 -0.368039 0.130596
v 0.186274 -0.369465 0.128345
v 0.130242 0.000131 0.128164
v 0.137018 -0.015875 0.131873
v 0.144245 -0.031791 0.134649
v 0.146489 -0.036736 0.135511
v 0.149916 -0.043810 0.136369
v 0.158836 -0.061046 0.137479
v 0.160596 -0.064129 0.137392
v 0.160600 -0.064136 0.137392
v 0.168057 -0.077203 0.137021
v 0.169714 -0.079846 0.136665
v 0.177700 -0.092584 0.134953
v 0.189454 -0.109726 0.130426
v 0.179880 -0.095882 0.134277
v 0.179371 -0.095111 0.134435
v 0.189670 -0.110037 0.130340
v -0.114747 0.039515 0.116634
v -0.111067 0.048730 0.113796
v -0.109428 0.052833 0.112532
v -0.108569 0.054985 0.111869
v -0.103536 0.066121 0.109229
v -0.101644 0.070305 0.108237
v -0.100790 0.071971 0.107958
v -0.097520 0.078344 0.106890
v -0.096975 0.079274 0.106793
v -0.089642 0.091793 0.105489
v -0.130242 0.000131 0.128164
v -0.123776 0.016141 0.123827
v -0.122700 0.018925 0.122970
v -0.139232 -0.020916 0.132888
v -0.144205 -0.031796 0.134723
v -0.145772 -0.035222 0.135301
v -0.154193 -0.052283 0.137100
v -0.160607 -0.064131 0.137377
v -0.162821 -0.068222 0.137473
v -0.169731 -0.079843 0.136637
v -0.172002 -0.083663 0.136362
v -0.179405 -0.095065 0.134305
v -0.181545 -0.098361 0.133710
v -0.191465 -0.112533 0.129463
v -0.189469 -0.109682 0.130317
v -0.259787 -0.281860 0.157111
v -0.259167 -0.284197 0.157753
v -0.238795 -0.325812 0.159043
v -0.240397 -0.323294 0.159356
v -0.257199 -0.289687 0.158693
v -0.256752 -0.290935 0.158906
v -0.254858 -0.296218 0.159809
v -0.251678 -0.303489 0.160432
v -0.249847 -0.307000 0.160418
v -0.249351 -0.307950 0.160414
v -0.245671 -0.315003 0.160386
v -0.240460 -0.323194 0.159369
v -0.234047 -0.332221 0.157546
v -0.230208 -0.336679 0.155945
v -0.229160 -0.337895 0.155508
v -0.205902 -0.358677 0.142537
v -0.212202 -0.354245 0.146665
v -0.216668 -0.350547 0.149312
v -0.216881 -0.350370 0.149438
v -0.218750 -0.348574 0.150417
v -0.219314 -0.348033 0.150712
v -0.225774 -0.341825 0.154095
v -0.203202 -0.360576 0.140767
v -0.202098 -0.361352 0.140044
v -0.191554 -0.367131 0.132388
v -0.191475 -0.367174 0.132331
v -0.189278 -0.368155 0.130650
v -0.187125 -0.369115 0.129004
v 0.114747 0.039515 0.116634
v 0.120875 0.023572 0.121639
v 0.122730 0.018928 0.122932
v 0.111051 0.048709 0.113835
v 0.109393 0.052833 0.112580
v 0.107757 0.056901 0.111342
v 0.105726 0.061561 0.110142
v 0.103523 0.066108 0.109240
v 0.100726 0.071880 0.108095
v 0.098343 0.076800 0.107120
v 0.096933 0.079256 0.106838
v 0.090705 0.090104 0.105596
v 0.089642 0.091793 0.105489
v 0.088258 0.091199 0.103953
v 0.075344 0.108348 0.104667
v 0.075430 0.108239 0.104659
v 0.083896 0.097419 0.103934
v 0.083232 0.098365 0.103931
v 0.071226 0.112571 0.105400
v 0.066720 0.117192 0.106201
v 0.064088 0.119319 0.106802
v 0.060087 0.122553 0.107717
v 0.058711 0.123666 0.108031
v 0.056314 0.125154 0.108593
v 0.043117 0.132464 0.111563
v 0.048081 0.130264 0.110525
v 0.048117 0.130242 0.110516
v 0.039319 0.134147 0.112358
v 0.036768 0.135278 0.112892
v 0.029904 0.137377 0.114038
v 0.026888 0.138299 0.114541
v 0.024490 0.138745 0.114808
v 0.020137 0.139554 0.115293
v 0.014547 0.140594 0.115916
v 0.010130 0.140886 0.116095
v 0.005713 0.141178 0.116273
v 0.002100 0.141416 0.116419
v -0.067908 0.118225 0.107877
v -0.065535 0.120247 0.108424
v -0.085656 0.097806 0.105360
v -0.085416 0.098117 0.105380
v -0.078804 0.106706 0.105933
v -0.077663 0.108188 0.106028
v -0.072697 0.113374 0.106951
v -0.068698 0.117551 0.107695
v -0.062546 0.122795 0.109114
v -0.057628 0.126134 0.110301
v -0.056751 0.126730 0.110513
v -0.052282 0.129765 0.111591
v -0.049259 0.131256 0.112262
v -0.045566 0.133078 0.113080
v -0.041068 0.135297 0.114078
v -0.040403 0.135538 0.114202
v -0.034330 0.137739 0.115337
v -0.033641 0.137989 0.115466
v -0.030692 0.138725 0.115881
v -0.022918 0.140666 0.116977
v -0.021456 0.141030 0.117183
v -0.020701 0.141128 0.117242
v -0.010395 0.142454 0.118046
v -0.008746 0.142667 0.118174
v 0.000000 0.142984 0.118372
v -0.154865 -0.354502 0.170489
v -0.157125 -0.356856 0.165429
v -0.142853 -0.359252 0.161434
v -0.042509 -0.330326 0.201615
v -0.039687 -0.316758 0.229944
v -0.059653 -0.317294 0.230824
v -0.092270 -0.315487 0.236080
v -0.098272 -0.313738 0.237869
v -0.110283 -0.334128 0.206902
v -0.108740 -0.352268 0.171003
v -0.095308 -0.351589 0.168272
v -0.087400 -0.335520 0.201220
v -0.168830 -0.368025 0.136687
v -0.171654 -0.370386 0.128924
v -0.155774 -0.372135 0.125206
v -0.149503 -0.366385 0.143710
v -0.133919 -0.366496 0.139883
v -0.128220 -0.359891 0.157457
v -0.048824 -0.356607 0.132415
v -0.074303 -0.359879 0.132209
v -0.076714 -0.363414 0.115564
v -0.106799 -0.367995 0.117023
v -0.102999 -0.363775 0.134348
v -0.139382 -0.371760 0.121737
v -0.164773 -0.364634 0.147840
v -0.163861 -0.363872 0.150347
v -0.162170 -0.362110 0.154134
v -0.099179 -0.358252 0.151435
v -0.079300 -0.316502 0.233568
v -0.098859 -0.335236 0.203781
v -0.064794 -0.334454 0.198267
v -0.069645 -0.349071 0.165333
v -0.045258 -0.343238 0.173120
v -0.044644 -0.340588 0.180187
v -0.042911 -0.332257 0.197583
v -0.047740 -0.353658 0.144618
v -0.047563 -0.353175 0.146617
v -0.045969 -0.346301 0.164951
v -0.131745 -0.327769 0.215611
v -0.132029 -0.328131 0.215094
v -0.121582 -0.332058 0.210353
v -0.135910 -0.350990 0.178387
v -0.098274 -0.313738 0.237869
v -0.116515 -0.308425 0.243307
v -0.122336 -0.352156 0.174448
v -0.132703 -0.328924 0.213816
v -0.147318 -0.346127 0.186090
v -0.149269 -0.348423 0.182388
v -0.151111 -0.350592 0.178893
v -0.066746 -0.317485 0.231136
v 0.000000 -0.351650 0.145260
v 0.000000 -0.352632 0.142520
v -0.000000 -0.341523 0.173516
v 0.000000 -0.340783 0.175579
v 0.000000 -0.328831 0.201759
v 0.000000 -0.315998 0.229870
v -0.019898 -0.316194 0.229891
v 0.048823 -0.356607 0.132418
v 0.047740 -0.353658 0.144618
v 0.042911 -0.332256 0.197584
v 0.042509 -0.330326 0.201615
v 0.044644 -0.340588 0.180187
v 0.045258 -0.343238 0.173120
v 0.045968 -0.346300 0.164952
v 0.039687 -0.316758 0.229944
v 0.019898 -0.316194 0.229891
v 0.047563 -0.353175 0.146617
v 0.098275 -0.313735 0.237870
v 0.098271 -0.313736 0.237869
v 0.110282 -0.334128 0.206903
v 0.171743 -0.370617 0.129039
v 0.155773 -0.372135 0.125209
v 0.152295 -0.375519 0.107556
v 0.139381 -0.371760 0.121740
v 0.102999 -0.363774 0.134351
v 0.074303 -0.359878 0.132211
v 0.076713 -0.363413 0.115567
v 0.106798 -0.367995 0.117026
v 0.064794 -0.334453 0.198268
v 0.059647 -0.317254 0.230906
v 0.122336 -0.352155 0.174450
v 0.116330 -0.343496 0.190905
v 0.108739 -0.352268 0.171004
v 0.091378 -0.343953 0.184867
v 0.095308 -0.351588 0.168274
v 0.069645 -0.349070 0.165335
v 0.154142 -0.353914 0.172558
v 0.149211 -0.348283 0.182289
v 0.135910 -0.350989 0.178389
v 0.147293 -0.346094 0.186073
v 0.139520 -0.337219 0.201411
v 0.087400 -0.335520 0.201220
v 0.118317 -0.365486 0.136709
v 0.133918 -0.366495 0.139886
v 0.168998 -0.368455 0.136883
v 0.167906 -0.367594 0.140006
v 0.149502 -0.366384 0.143712
v 0.164667 -0.364375 0.147666
v 0.116515 -0.308425 0.243307
v 0.131793 -0.327547 0.215484
v 0.132758 -0.328754 0.213727
v 0.092243 -0.315491 0.236072
v 0.079314 -0.316562 0.233504
v 0.079311 -0.316562 0.233504
v 0.068345 -0.317471 0.231325
v 0.162019 -0.361743 0.153927
v 0.157137 -0.356891 0.165474
v 0.142852 -0.359251 0.161436
v 0.154954 -0.354721 0.170637
v 0.141031 -0.338944 0.198429
v 0.172564 -0.350070 0.176019
v 0.180583 -0.357834 0.159622
v 0.187944 -0.364317 0.142134
v 0.254765 -0.269226 0.168881
v 0.251969 -0.268060 0.172891
v 0.248450 -0.287052 0.174420
v 0.261361 -0.271622 0.156373
v 0.259424 -0.270919 0.160046
v 0.242043 -0.303892 0.174424
v 0.233451 -0.318720 0.173286
v 0.222964 -0.331545 0.171145
v 0.210703 -0.342364 0.168108
v 0.218776 -0.348638 0.150588
v 0.204390 -0.357615 0.146706
v 0.205731 -0.247104 0.225808
v 0.182665 -0.235992 0.248007
v 0.201666 -0.261674 0.227735
v 0.180262 -0.243444 0.249461
v 0.178036 -0.248109 0.250024
v 0.236036 -0.261292 0.194610
v 0.229807 -0.258467 0.201471
v 0.226270 -0.275417 0.203432
v 0.221410 -0.254658 0.210719
v 0.208877 -0.248620 0.222782
v 0.248303 -0.266532 0.178149
v 0.241439 -0.263670 0.187994
v 0.237880 -0.281660 0.189674
v 0.239447 -0.262840 0.190852
v 0.164020 -0.341325 0.191406
v 0.202865 -0.315806 0.201540
v 0.180257 -0.297485 0.227525
v 0.191620 -0.325970 0.199009
v 0.170291 -0.306940 0.225775
v 0.178702 -0.334486 0.195627
v 0.158923 -0.315155 0.223228
v 0.146099 -0.322112 0.219856
v 0.128411 -0.302090 0.246329
v 0.138738 -0.296590 0.248953
v 0.139594 -0.295869 0.249083
v 0.139597 -0.295867 0.249084
v 0.165735 -0.269743 0.251774
v 0.158260 -0.279511 0.251728
v 0.220314 -0.290542 0.203853
v 0.196002 -0.274862 0.228573
v 0.178030 -0.248120 0.250025
v 0.172594 -0.259513 0.251401
v 0.172590 -0.259523 0.251402
v 0.170992 -0.262873 0.251807
v 0.231709 -0.297691 0.189889
v 0.212454 -0.304000 0.203181
v 0.188838 -0.286794 0.228473
v 0.165740 -0.269736 0.251774
v 0.223471 -0.311866 0.188966
v 0.196634 -0.351148 0.164250
v 0.188018 -0.343326 0.180522
v 0.201587 -0.334688 0.184206
v 0.213398 -0.324196 0.187041
v 0.158256 -0.279517 0.251728
v 0.156867 -0.281332 0.251719
v 0.149216 -0.287772 0.250552
v 0.149212 -0.287775 0.250551
v 0.181804 -0.193878 0.238842
v 0.182383 -0.198071 0.239726
v 0.206156 -0.205237 0.213177
v 0.210019 -0.241039 0.221420
v 0.210326 -0.231126 0.219300
v 0.192972 -0.126535 0.151574
v 0.187544 -0.129053 0.167416
v 0.212772 -0.173803 0.176277
v 0.203752 -0.173386 0.191358
v 0.194154 -0.172973 0.205919
v 0.233511 -0.174869 0.125511
v 0.246568 -0.197297 0.128931
v 0.256690 -0.217623 0.132187
v 0.255483 -0.233846 0.154649
v 0.249168 -0.216282 0.151330
v 0.258968 -0.248925 0.157279
v 0.260063 -0.261325 0.159093
v 0.239943 -0.214132 0.168766
v 0.245474 -0.230998 0.172359
v 0.248434 -0.245500 0.175236
v 0.249247 -0.257439 0.177258
v 0.236919 -0.252540 0.193470
v 0.183933 -0.130728 0.177958
v 0.183824 -0.130779 0.178275
v 0.175068 -0.135131 0.198637
v 0.161616 -0.141819 0.229921
v 0.227920 -0.174642 0.143552
v 0.197284 -0.124678 0.135329
v 0.194681 -0.125742 0.146584
v 0.239921 -0.196485 0.147551
v 0.193001 -0.126521 0.151487
v 0.220917 -0.174242 0.160415
v 0.231715 -0.195151 0.164702
v 0.222295 -0.193514 0.180578
v 0.229430 -0.211454 0.184689
v 0.218028 -0.208451 0.199377
v 0.209164 -0.219110 0.216495
v 0.182384 -0.198076 0.239727
v 0.184016 -0.209886 0.242217
v 0.185155 -0.218124 0.243954
v 0.184866 -0.220192 0.244423
v 0.184866 -0.220197 0.244424
v 0.236456 -0.241199 0.191338
v 0.234099 -0.227433 0.188359
v 0.172394 -0.166067 0.233748
v 0.174311 -0.171733 0.234786
v 0.174312 -0.171736 0.234786
v 0.158749 -0.065483 0.145342
v 0.128616 -0.001737 0.136833
v 0.128037 -0.002403 0.139924
v 0.127948 -0.002502 0.140274
v 0.112633 -0.019390 0.196448
v 0.112186 -0.019875 0.197788
v 0.141862 -0.078317 0.200534
v 0.101409 -0.031556 0.230070
v 0.131767 -0.086547 0.230141
v 0.117077 -0.014574 0.183137
v 0.151137 -0.071157 0.172333
v 0.120978 -0.010242 0.167755
v 0.121615 -0.009534 0.165245
v -0.098794 0.062437 0.133906
v -0.108592 0.042115 0.134612
v -0.102721 0.030646 0.164026
v -0.103237 -0.000630 0.196192
v -0.093739 0.016170 0.196082
v -0.088503 0.080453 0.133603
v -0.088515 0.080574 0.133304
v -0.089103 0.086427 0.118792
v -0.093328 0.048520 0.164033
v -0.083450 0.064344 0.164281
v -0.088460 0.080022 0.134672
v -0.084357 0.031146 0.196242
v -0.083076 0.063173 0.166492
v -0.083414 0.064231 0.164494
v -0.078515 0.003455 0.230056
v -0.072242 0.010829 0.229955
v -0.063675 0.020900 0.229817
v -0.072913 0.039990 0.202622
v -0.074586 0.043807 0.196674
v -0.074617 0.043876 0.196566
v -0.112448 -0.019619 0.197973
v -0.111005 -0.021195 0.202718
v -0.101409 -0.031556 0.230070
v -0.097862 -0.025642 0.230127
v -0.121218 -0.010006 0.167882
v -0.119202 -0.012242 0.175768
v -0.112872 -0.019156 0.196579
v -0.121874 -0.009278 0.165315
v -0.126282 -0.004387 0.148067
v -0.127841 -0.002608 0.140231
v -0.128541 -0.001810 0.136714
v -0.081573 -0.001145 0.230067
v -0.081561 -0.001127 0.230067
v -0.091093 -0.015463 0.230102
v -0.091085 -0.015451 0.230102
v -0.158749 -0.065483 0.145342
v -0.193001 -0.126521 0.151487
v -0.197234 -0.124698 0.135545
v -0.194681 -0.125742 0.146584
v -0.141862 -0.078317 0.200534
v -0.151137 -0.071157 0.172333
v -0.131767 -0.086547 0.230141
v -0.161616 -0.141819 0.229921
v -0.175039 -0.135146 0.198705
v -0.183824 -0.130779 0.178275
v -0.192912 -0.126562 0.151747
v -0.183933 -0.130728 0.177958
v -0.187497 -0.129075 0.167554
v -0.239447 -0.262840 0.190852
v -0.235917 -0.261239 0.194740
v -0.236806 -0.252494 0.193604
v -0.174295 -0.171765 0.234823
v -0.174294 -0.171762 0.234822
v -0.194111 -0.172971 0.205982
v -0.182299 -0.198140 0.239764
v -0.182298 -0.198136 0.239763
v -0.206104 -0.205222 0.213236
v -0.209108 -0.219090 0.216553
v -0.229334 -0.211428 0.184822
v -0.255362 -0.233814 0.154894
v -0.261361 -0.271622 0.156373
v -0.259933 -0.261282 0.159345
v -0.258842 -0.248887 0.157528
v -0.256590 -0.217611 0.132493
v -0.246480 -0.197290 0.129228
v -0.233438 -0.174867 0.125797
v -0.227836 -0.174638 0.143781
v -0.212696 -0.173799 0.176412
v -0.223477 -0.236292 0.205980
v -0.222563 -0.255181 0.209449
v -0.221410 -0.254658 0.210719
v -0.210269 -0.231103 0.219357
v -0.233994 -0.227400 0.188492
v -0.245356 -0.230963 0.172542
v -0.239835 -0.214105 0.168948
v -0.249058 -0.216258 0.151570
v -0.259291 -0.270870 0.160298
v -0.254765 -0.269226 0.168881
v -0.249119 -0.257390 0.177445
v -0.229807 -0.258467 0.201471
v -0.236347 -0.241159 0.191471
v -0.248310 -0.245457 0.175422
v -0.220833 -0.174238 0.160593
v -0.182665 -0.235992 0.248007
v -0.184878 -0.224487 0.245395
v -0.205731 -0.247104 0.225808
v -0.208817 -0.248591 0.222839
v -0.184695 -0.220244 0.244462
v -0.184694 -0.220239 0.244461
v -0.184245 -0.209821 0.242171
v -0.184025 -0.204717 0.241049
v -0.201094 -0.189781 0.209640
v -0.177138 -0.178481 0.235922
v -0.251969 -0.268060 0.172891
v -0.248172 -0.266477 0.178336
v -0.241439 -0.263670 0.187994
v -0.222208 -0.193499 0.180711
v -0.231618 -0.195135 0.164882
v -0.239822 -0.196470 0.147785
v -0.180583 -0.357834 0.159622
v -0.237880 -0.281660 0.189674
v -0.187944 -0.364317 0.142134
v -0.218776 -0.348638 0.150588
v -0.204390 -0.357615 0.146706
v -0.222964 -0.331545 0.171145
v -0.233451 -0.318720 0.173286
v -0.242043 -0.303892 0.174424
v -0.248450 -0.287052 0.174420
v -0.201666 -0.261674 0.227735
v -0.226270 -0.275417 0.203432
v -0.177833 -0.248081 0.249910
v -0.177828 -0.248093 0.249912
v -0.231709 -0.297691 0.189889
v -0.223471 -0.311866 0.188966
v -0.213398 -0.324196 0.187041
v -0.210703 -0.342364 0.168108
v -0.158151 -0.279328 0.251625
v -0.161866 -0.275713 0.252038
v -0.180257 -0.297485 0.227525
v -0.165784 -0.269834 0.251820
v -0.188838 -0.286794 0.228473
v -0.202865 -0.315806 0.201540
v -0.212454 -0.304000 0.203181
v -0.220314 -0.290542 0.203853
v -0.196002 -0.274862 0.228573
v -0.174164 -0.257260 0.251355
v -0.165789 -0.269826 0.251820
v -0.172667 -0.259506 0.251438
v -0.172673 -0.259497 0.251437
v -0.146099 -0.322112 0.219856
v -0.124864 -0.304640 0.245657
v -0.128487 -0.302364 0.246460
v -0.139425 -0.295493 0.248885
v -0.172564 -0.350070 0.176019
v -0.164020 -0.341325 0.191406
v -0.178702 -0.334486 0.195627
v -0.158923 -0.315155 0.223228
v -0.139429 -0.295491 0.248886
v -0.188018 -0.343326 0.180522
v -0.191620 -0.325970 0.199009
v -0.170291 -0.306940 0.225775
v -0.145389 -0.291746 0.250207
v -0.149292 -0.287949 0.250641
v -0.149296 -0.287945 0.250641
v -0.158146 -0.279333 0.251625
v -0.196634 -0.351148 0.164250
v -0.201587 -0.334688 0.184206
v 0.084347 0.031128 0.196274
v 0.093729 0.016155 0.196114
v 0.102707 0.030621 0.164086
v 0.089511 0.086767 0.118951
v 0.098784 0.062402 0.133989
v 0.108579 0.042086 0.134694
v 0.103227 -0.000643 0.196224
v 0.077752 0.050456 0.187027
v 0.074608 0.043857 0.196582
v 0.074584 0.043805 0.196656
v 0.089484 0.085719 0.121760
v 0.088156 0.080257 0.133207
v 0.088132 0.080160 0.133411
v 0.086354 0.072842 0.148748
v 0.085942 0.071150 0.152293
v 0.093314 0.048489 0.164094
v 0.083150 0.064095 0.164135
v 0.083116 0.064009 0.164280
v 0.091067 -0.015473 0.230106
v 0.081776 -0.001025 0.230137
v 0.081754 -0.000999 0.230137
v 0.072088 0.010710 0.229966
v 0.063675 0.020900 0.229817
v 0.056749 0.126723 0.110510
v 0.057633 0.126136 0.110297
v 0.061849 0.123336 0.109281
v 0.065542 0.120251 0.108421
v 0.067923 0.118261 0.107866
v 0.067930 0.118254 0.107864
v 0.072705 0.113375 0.106944
v 0.076771 0.109220 0.106160
v 0.078775 0.106676 0.105965
v 0.084769 0.099064 0.105379
v 0.085406 0.098113 0.105394
v 0.051434 0.130253 0.111792
v 0.049279 0.131290 0.112264
v 0.045567 0.133075 0.113078
v 0.040411 0.135556 0.114208
v 0.040301 0.135608 0.114232
v 0.034317 0.137702 0.115324
v 0.032405 0.138371 0.115673
v 0.030707 0.138770 0.115900
v 0.022903 0.140602 0.116946
v 0.010387 0.142392 0.118008
v 0.019862 0.141316 0.117353
v 0.020694 0.141121 0.117241
v 0.006914 0.142786 0.118249
v 0.000000 0.112184 0.173170
v 0.000000 0.115352 0.168809
v -0.020605 0.113178 0.168723
v 0.000000 0.088451 0.197673
v 0.000000 0.101269 0.184438
v -0.019347 0.099319 0.184558
v -0.015946 0.049091 0.231291
v -0.014986 0.049242 0.231298
v -0.017945 0.083653 0.200028
v -0.021656 0.124776 0.152513
v -0.022903 0.140124 0.119215
v -0.034258 0.136724 0.119057
v -0.064465 0.055281 0.197792
v -0.057500 0.026574 0.230138
v -0.072578 0.078568 0.165559
v -0.075517 0.088233 0.149574
v -0.077574 0.096284 0.133930
v -0.078689 0.102640 0.118704
v -0.067700 0.115059 0.118642
v -0.056654 0.124559 0.118723
v -0.045511 0.131642 0.118879
v -0.066602 0.108701 0.134348
v -0.064652 0.100273 0.150314
v -0.061930 0.089886 0.166456
v -0.051499 0.098626 0.167225
v -0.053899 0.109519 0.151010
v -0.055647 0.118207 0.134815
v 0.000000 0.142678 0.119350
v 0.000000 0.140707 0.125634
v -0.022438 0.133809 0.135992
v 0.000000 0.127091 0.152655
v 0.000000 0.129368 0.149522
v 0.000000 0.135799 0.135973
v -0.029707 0.044009 0.231050
v -0.018593 0.048480 0.231264
v -0.036019 0.076956 0.199534
v -0.017269 0.048798 0.231278
v -0.000000 0.050756 0.231365
v -0.000000 0.085703 0.200129
v -0.007962 0.050346 0.231347
v -0.014699 0.049287 0.231300
v -0.038750 0.091890 0.183858
v -0.030890 0.109967 0.168363
v -0.041175 0.105205 0.167863
v -0.032435 0.121428 0.152134
v -0.043176 0.116443 0.151626
v -0.033581 0.130398 0.135678
v -0.044649 0.125303 0.135273
v -0.045709 0.035119 0.230594
v -0.054650 0.064390 0.198545
v -0.054400 0.028821 0.230258
v -0.045562 0.035225 0.230599
v -0.038098 0.040634 0.230888
v -0.045218 0.071519 0.199115
v -0.029925 0.043922 0.231045
v -0.099654 -0.300109 0.257355
v -0.107697 -0.298844 0.257336
v -0.113091 -0.303459 0.250324
v -0.109690 -0.298440 0.257337
v -0.087554 -0.300985 0.257415
v -0.091109 -0.300863 0.257425
v -0.091547 -0.300848 0.257426
v -0.075969 -0.301383 0.257383
v -0.075576 -0.301396 0.257382
v -0.073072 -0.301494 0.257200
v -0.061558 -0.301946 0.256365
v -0.069554 -0.317278 0.231783
v -0.058999 -0.302130 0.256018
v -0.055715 -0.302505 0.255343
v -0.038549 -0.310967 0.240578
v -0.037406 -0.305090 0.250748
v -0.042195 -0.304271 0.252192
v -0.046054 -0.303611 0.253356
v -0.055301 -0.302553 0.255258
v 0.000000 -0.310834 0.239902
v -0.008682 -0.310281 0.240990
v -0.013020 -0.309657 0.242208
v -0.016852 -0.309106 0.243283
v -0.031653 -0.306214 0.248659
v 0.037406 -0.305090 0.250748
v 0.033390 -0.305869 0.249350
v 0.038549 -0.310967 0.240578
v 0.031637 -0.306220 0.248698
v 0.010010 -0.310129 0.241290
v 0.013000 -0.309640 0.242236
v 0.021444 -0.308259 0.244908
v 0.039310 -0.304738 0.251373
v 0.055308 -0.302557 0.255249
v 0.050958 -0.302938 0.254546
v 0.047033 -0.303466 0.253611
v 0.042188 -0.304264 0.252207
v 0.073125 -0.301487 0.257116
v 0.075976 -0.301408 0.257204
v 0.067059 -0.301654 0.256928
v 0.063869 -0.301808 0.256631
v 0.055713 -0.302522 0.255314
v 0.084815 -0.301164 0.257478
v 0.087556 -0.301055 0.257461
v 0.113091 -0.303459 0.250324
v 0.088389 -0.301022 0.257456
v 0.091106 -0.300770 0.257434
v 0.102722 -0.299694 0.257341
v 0.109690 -0.298440 0.257337
v 0.131302 -0.291390 0.257359
v 0.125962 -0.293434 0.257354
v 0.119663 -0.295845 0.257347
v 0.111702 -0.297995 0.257339
v 0.152236 -0.277440 0.257381
v 0.145030 -0.283267 0.257374
v 0.143705 -0.284339 0.257373
v 0.141723 -0.285514 0.257370
v 0.134470 -0.289817 0.257363
v 0.134071 -0.290054 0.257362
v 0.153851 -0.275816 0.257382
v 0.154277 -0.275387 0.257383
v 0.155440 -0.274216 0.257384
v 0.161944 -0.266024 0.257386
v 0.162118 -0.265805 0.257386
v 0.163127 -0.264258 0.257386
v 0.164386 -0.261866 0.257386
v 0.167880 -0.255224 0.257383
v 0.168191 -0.254634 0.257383
v 0.170970 -0.246222 0.257378
v 0.171996 -0.243116 0.257376
v 0.178327 -0.232892 0.252615
v 0.174002 -0.229815 0.257361
v 0.173856 -0.231704 0.257363
v 0.172016 -0.243054 0.257376
v 0.172968 -0.212507 0.257335
v 0.173002 -0.212738 0.257335
v 0.173972 -0.219454 0.257345
v 0.174118 -0.227580 0.257359
v 0.174015 -0.229606 0.257361
v 0.184873 -0.215160 0.243555
v 0.171951 -0.205462 0.257324
v 0.169459 -0.195984 0.257311
v 0.168046 -0.190607 0.257303
v 0.167721 -0.189370 0.257302
v 0.167098 -0.187401 0.257299
v 0.155110 -0.142693 0.243573
v 0.153552 -0.153180 0.257328
v 0.150975 -0.147774 0.257463
v 0.148521 -0.142871 0.257695
v 0.158173 -0.163616 0.257276
v 0.159680 -0.167240 0.257279
v 0.159764 -0.167443 0.257279
v 0.102646 -0.078206 0.277764
v 0.099371 -0.073119 0.277599
v 0.098365 -0.073796 0.280454
v 0.126384 -0.106459 0.264381
v 0.133404 -0.116867 0.261530
v 0.120298 -0.093493 0.261237
v 0.135232 -0.119577 0.260788
v 0.135290 -0.119675 0.260772
v 0.143713 -0.133853 0.258454
v 0.147585 -0.141051 0.257807
v 0.120387 -0.098643 0.267457
v 0.108110 -0.083834 0.274331
v 0.116233 -0.093228 0.269587
v 0.117413 -0.094767 0.268982
v 0.085787 -0.048348 0.271785
v 0.083944 -0.050337 0.277007
v 0.089884 -0.043925 0.260175
v 0.104161 -0.079766 0.276812
v 0.078030 -0.056720 0.293762
v 0.085413 -0.062348 0.288932
v 0.085582 -0.062477 0.288822
v 0.098332 -0.073763 0.280474
v 0.089954 -0.043850 0.259978
v 0.093873 -0.039644 0.249745
v -0.049303 -0.010009 0.275399
v -0.050367 -0.007546 0.271543
v -0.066187 -0.023438 0.272001
v -0.050443 -0.007370 0.271268
v -0.058061 -0.035350 0.294874
v -0.044031 -0.022210 0.294498
v -0.076249 -0.055557 0.294889
v -0.066097 -0.048932 0.301312
v -0.058867 -0.045275 0.305501
v -0.054011 -0.042819 0.308314
v -0.046843 -0.039193 0.312467
v -0.042462 -0.025842 0.300183
v -0.044065 -0.038250 0.313695
v -0.037991 -0.036189 0.316380
v -0.075530 -0.034772 0.271723
v -0.078030 -0.056720 0.293762
v -0.085787 -0.048348 0.271785
v -0.089884 -0.043925 0.260175
v -0.089954 -0.043850 0.259978
v -0.086864 -0.063617 0.287981
v -0.085178 -0.062152 0.289088
v -0.079480 -0.057773 0.292820
v -0.120298 -0.093493 0.261237
v -0.116566 -0.093635 0.269402
v -0.105460 -0.068675 0.260753
v -0.107878 -0.083579 0.274472
v -0.105071 -0.080733 0.276247
v -0.098299 -0.073867 0.280529
v -0.096139 -0.071677 0.281894
v -0.133409 -0.116878 0.261530
v -0.125987 -0.105907 0.264566
v -0.121938 -0.100633 0.266644
v -0.117428 -0.094758 0.268960
v -0.148520 -0.142871 0.257696
v -0.143674 -0.133783 0.258462
v -0.155109 -0.142693 0.243576
v -0.136502 -0.121718 0.260440
v -0.135188 -0.119507 0.260803
v -0.173116 -0.212724 0.257334
v -0.173077 -0.212498 0.257334
v -0.158173 -0.163616 0.257276
v -0.153552 -0.153180 0.257328
v -0.167887 -0.189906 0.257302
v -0.161983 -0.173017 0.257284
v -0.159665 -0.167247 0.257279
v -0.158958 -0.165487 0.257278
v -0.168070 -0.190597 0.257303
v -0.169500 -0.195974 0.257310
v -0.171656 -0.204078 0.257322
v -0.178327 -0.232892 0.252615
v -0.174002 -0.229815 0.257361
v -0.174015 -0.229606 0.257361
v -0.174132 -0.227159 0.257358
v -0.173636 -0.215808 0.257339
v -0.157821 -0.271522 0.257385
v -0.161803 -0.265913 0.257386
v -0.165432 -0.260331 0.257385
v -0.167741 -0.255145 0.257383
v -0.173843 -0.231848 0.257364
v -0.172694 -0.239936 0.257373
v -0.169816 -0.250482 0.257381
v -0.171844 -0.243050 0.257375
v -0.170975 -0.246234 0.257378
v -0.164087 -0.262696 0.257386
v -0.164519 -0.261936 0.257386
v -0.154151 -0.275262 0.257382
v -0.153727 -0.275695 0.257382
v -0.150218 -0.279271 0.257379
v -0.116269 -0.296841 0.257344
v -0.148446 -0.280768 0.257378
v -0.144975 -0.283187 0.257374
v -0.141687 -0.285479 0.257370
v -0.138969 -0.287374 0.257367
v -0.134387 -0.289676 0.257363
v -0.128597 -0.292585 0.257357
v -0.125986 -0.293486 0.257354
v 0.076033 -0.055519 0.294996
v 0.055036 -0.042900 0.307964
v 0.058908 -0.045228 0.305572
v 0.058061 -0.035350 0.294874
v 0.066187 -0.023438 0.272001
v 0.037991 -0.036189 0.316380
v 0.044113 -0.038190 0.313755
v 0.042462 -0.025842 0.300183
v 0.045127 -0.038522 0.313320
v 0.053999 -0.042442 0.308524
v 0.050443 -0.007370 0.271268
v 0.050367 -0.007546 0.271543
v 0.049303 -0.010009 0.275399
v 0.044031 -0.022210 0.294498
v 0.074522 -0.011751 0.249932
v 0.022438 0.133809 0.135992
v 0.072578 0.078568 0.165559
v 0.075517 0.088233 0.149574
v 0.078689 0.102640 0.118704
v 0.077574 0.096284 0.133930
v 0.064465 0.055281 0.197792
v 0.022903 0.140124 0.119215
v 0.034258 0.136724 0.119057
v 0.045511 0.131642 0.118879
v 0.056654 0.124559 0.118723
v 0.067700 0.115059 0.118642
v 0.018593 0.048480 0.231264
v 0.023727 0.046999 0.231196
v 0.036019 0.076956 0.199534
v 0.017945 0.083653 0.200028
v 0.017269 0.048798 0.231278
v 0.015946 0.049091 0.231291
v 0.019347 0.099319 0.184558
v 0.007962 0.050346 0.231347
v 0.014971 0.049245 0.231298
v 0.014986 0.049242 0.231298
v 0.021656 0.124776 0.152513
v 0.020605 0.113178 0.168723
v 0.030890 0.109967 0.168363
v 0.038750 0.091890 0.183858
v 0.045218 0.071519 0.199115
v 0.033581 0.130398 0.135678
v 0.032435 0.121428 0.152134
v 0.043176 0.116443 0.151626
v 0.041175 0.105205 0.167863
v 0.053899 0.109519 0.151010
v 0.051499 0.098626 0.167225
v 0.064652 0.100273 0.150314
v 0.061930 0.089886 0.166456
v 0.066602 0.108701 0.134348
v 0.055647 0.118207 0.134815
v 0.044649 0.125303 0.135273
v 0.054650 0.064390 0.198545
v 0.045770 0.035241 0.230601
v 0.054147 0.028531 0.230234
v 0.029913 0.044071 0.231053
v 0.029943 0.044057 0.231052
v 0.041731 0.038477 0.230778
v 0.045723 0.035279 0.230603
v -0.009445 -0.013819 0.299526
v -0.011187 0.006901 0.275330
v -0.022977 0.004030 0.275463
v -0.030381 -0.019855 0.299875
v -0.000000 -0.022308 0.310979
v -0.000000 -0.025913 0.315737
v -0.008045 -0.031848 0.322512
v -0.000000 -0.028668 0.319472
v -0.006818 -0.031775 0.322621
v -0.000000 -0.031367 0.323223
v -0.019733 -0.032692 0.321277
v -0.018246 -0.032458 0.321611
v -0.019546 -0.015959 0.299696
v -0.016915 -0.032379 0.321729
v -0.009114 -0.031912 0.322418
v -0.026806 -0.033802 0.319686
v -0.030052 -0.034311 0.318956
v -0.035478 -0.001314 0.275527
v -0.000000 0.011399 0.271309
v -0.000000 -0.012786 0.299773
v -0.000000 0.007928 0.275394
v -0.037854 0.040599 0.231057
v -0.037415 -0.304231 0.250237
v -0.041089 -0.303566 0.251413
v -0.042172 -0.303387 0.251728
v -0.044798 -0.302953 0.252491
v -0.052303 -0.301932 0.254299
v -0.055648 -0.301583 0.254932
v -0.056017 -0.301545 0.255002
v -0.057805 -0.301413 0.255251
v -0.063528 -0.300990 0.256047
v -0.067307 -0.300810 0.256396
v -0.073248 -0.300655 0.256587
v -0.075895 -0.300586 0.256672
v -0.083157 -0.300397 0.256906
v -0.087438 -0.300115 0.256865
v -0.091641 -0.299838 0.256825
v -0.109530 -0.297678 0.256710
v -0.107555 -0.298075 0.256712
v -0.101445 -0.299026 0.256740
v -0.099590 -0.299315 0.256748
v -0.031651 -0.305361 0.248188
v -0.035551 -0.304585 0.249603
v -0.013056 -0.308831 0.241631
v -0.013278 -0.308807 0.241679
v -0.018765 -0.307861 0.243505
v -0.020776 -0.307514 0.244175
v -0.028153 -0.306056 0.246919
v -0.009609 -0.309206 0.240895
v -0.004460 -0.309765 0.239796
v 0.000000 -0.309950 0.239433
v 0.009821 -0.309266 0.240780
v 0.037415 -0.304231 0.250237
v 0.031663 -0.305370 0.248152
v 0.024938 -0.306701 0.245714
v 0.018802 -0.307746 0.243704
v 0.012981 -0.308737 0.241797
v 0.009913 -0.309259 0.240792
v 0.078601 -0.300578 0.256461
v 0.075920 -0.300677 0.256323
v 0.042271 -0.303565 0.251421
v 0.055724 -0.301722 0.254703
v 0.058729 -0.301310 0.255436
v 0.057820 -0.301435 0.255214
v 0.087445 -0.300224 0.256880
v 0.086845 -0.300274 0.256887
v 0.109530 -0.297678 0.256710
v 0.102228 -0.298967 0.256730
v 0.101011 -0.299071 0.256743
v 0.171152 -0.241626 0.256665
v 0.173274 -0.229768 0.256677
v 0.170356 -0.246071 0.256661
v 0.170134 -0.247313 0.256660
v 0.167228 -0.253507 0.256658
v 0.161838 -0.264998 0.256653
v 0.161861 -0.264949 0.256653
v 0.163517 -0.261419 0.256654
v 0.153446 -0.274371 0.256658
v 0.144049 -0.282615 0.256666
v 0.148763 -0.279601 0.256660
v 0.152908 -0.274971 0.256658
v 0.141040 -0.284539 0.256669
v 0.133389 -0.289432 0.256678
v 0.132406 -0.290060 0.256679
v 0.125539 -0.292347 0.256688
v 0.121526 -0.293683 0.256693
v 0.157344 -0.163967 0.256841
v 0.164089 -0.181202 0.256796
v 0.168262 -0.196234 0.256756
v 0.172112 -0.212775 0.256715
v 0.172111 -0.212772 0.256715
v 0.171869 -0.209231 0.256723
v 0.168263 -0.196240 0.256756
v 0.152718 -0.153558 0.256923
v 0.147691 -0.143274 0.257310
v 0.096886 -0.074033 0.280601
v 0.087322 -0.065058 0.286791
v 0.084694 -0.062936 0.288521
v 0.082393 -0.061080 0.290034
v 0.077337 -0.057300 0.293335
v 0.115592 -0.094175 0.269254
v 0.103533 -0.080270 0.276298
v 0.103464 -0.080206 0.276342
v 0.118584 -0.097624 0.267507
v 0.119651 -0.099067 0.266988
v 0.127950 -0.110286 0.262956
v 0.132853 -0.117919 0.261198
v 0.134361 -0.120265 0.260658
v 0.138819 -0.127205 0.259060
v 0.140746 -0.130694 0.258680
v -0.043407 -0.039163 0.312998
v -0.037589 -0.036931 0.315844
v -0.058304 -0.045837 0.305090
v -0.053058 -0.042865 0.308277
v -0.052669 -0.042716 0.308467
v -0.077337 -0.057300 0.293335
v -0.071577 -0.053357 0.297025
v -0.072034 -0.053670 0.296732
v -0.086054 -0.064351 0.287616
v -0.092602 -0.069647 0.283320
v -0.096718 -0.073635 0.280673
v -0.103063 -0.079782 0.276592
v -0.147691 -0.143274 0.257310
v -0.143722 -0.135790 0.257920
v -0.141779 -0.132307 0.258322
v -0.135673 -0.122185 0.260108
v -0.133591 -0.118735 0.260717
v -0.132735 -0.117499 0.261086
v -0.122499 -0.102725 0.265494
v -0.121204 -0.101046 0.266164
v -0.117829 -0.096671 0.267910
v -0.115402 -0.093805 0.269302
v -0.108105 -0.085189 0.273487
v -0.104366 -0.081179 0.275789
v -0.152717 -0.153555 0.256923
v -0.154830 -0.158189 0.256865
v -0.157343 -0.163964 0.256841
v -0.173273 -0.229768 0.256677
v -0.168820 -0.196082 0.256756
v -0.168821 -0.196085 0.256756
v -0.172163 -0.212807 0.256714
v -0.172976 -0.216872 0.256704
v -0.170911 -0.241568 0.256666
v -0.170023 -0.246001 0.256662
v -0.169181 -0.250207 0.256658
v -0.167393 -0.253558 0.256657
v -0.163279 -0.261266 0.256655
v -0.147825 -0.280374 0.256661
v -0.144095 -0.282672 0.256666
v -0.141055 -0.284545 0.256669
v -0.161435 -0.264721 0.256654
v -0.159566 -0.268223 0.256654
v -0.153556 -0.274443 0.256658
v -0.152996 -0.275023 0.256658
v -0.121560 -0.293771 0.256693
v -0.125581 -0.292464 0.256688
v -0.131122 -0.290665 0.256680
v -0.133318 -0.289312 0.256678
v 0.037589 -0.036931 0.315844
v 0.043632 -0.038892 0.313236
v 0.071838 -0.053998 0.296731
v 0.044569 -0.039196 0.312832
v 0.052646 -0.042746 0.308455
v 0.054338 -0.043490 0.307538
v 0.058287 -0.045861 0.305100
v 0.011394 0.006868 0.275332
v 0.035555 -0.001355 0.275527
v 0.030448 -0.019884 0.299876
v 0.026854 -0.033983 0.319462
v 0.020713 -0.032767 0.321162
v 0.019671 -0.015994 0.299698
v 0.017026 -0.032442 0.321640
v 0.019720 -0.032679 0.321291
v 0.009227 -0.031754 0.322649
v 0.006402 -0.031505 0.323015
v 0.006648 -0.031527 0.322983
v 0.023121 0.003982 0.275465
v 0.009621 -0.013844 0.299528
v -0.000000 -0.032182 0.322644
v -0.006715 -0.032671 0.321920
v -0.008981 -0.032836 0.321676
v -0.018640 -0.033539 0.320634
v -0.029995 -0.035136 0.318331
v -0.029752 -0.035094 0.318391
v -0.022217 -0.033799 0.320248
v -0.019510 -0.033602 0.320540
v -0.109154 -0.297116 0.257486
v -0.101612 -0.298045 0.257557
v -0.092248 -0.299197 0.257644
v -0.091905 -0.299240 0.257647
v -0.089045 -0.299592 0.257673
v -0.074004 -0.300145 0.257055
v -0.073754 -0.300155 0.257044
v -0.060137 -0.300656 0.256484
v -0.058347 -0.300855 0.256130
v -0.055376 -0.301186 0.255543
v -0.045800 -0.302252 0.253651
v -0.037313 -0.303703 0.251121
v 0.000000 -0.309481 0.240315
v -0.005719 -0.309123 0.241014
v -0.008174 -0.308969 0.241314
v -0.009555 -0.308775 0.241690
v -0.015890 -0.307884 0.243416
v -0.019096 -0.307258 0.244569
v -0.019442 -0.307190 0.244694
v 0.005692 -0.309058 0.241140
v 0.009743 -0.308757 0.241727
v 0.010412 -0.308708 0.241824
v 0.019077 -0.307240 0.244631
v 0.037313 -0.303703 0.251121
v 0.029770 -0.305189 0.248460
v 0.022280 -0.306697 0.245669
v 0.019542 -0.307161 0.244782
v 0.109154 -0.297116 0.257486
v 0.104776 -0.297948 0.257503
v 0.079333 -0.299852 0.257464
v 0.091557 -0.299447 0.257641
v 0.092240 -0.299369 0.257633
v 0.101234 -0.298349 0.257540
v 0.073951 -0.300030 0.257386
v 0.068295 -0.300218 0.257304
v 0.058373 -0.300973 0.255927
v 0.055483 -0.301194 0.255526
v 0.051118 -0.301526 0.254920
v 0.121120 -0.293128 0.257446
v 0.131982 -0.289508 0.257410
v 0.132953 -0.288886 0.257407
v 0.143581 -0.282078 0.257372
v 0.148284 -0.279065 0.257357
v 0.152945 -0.273844 0.257349
v 0.161296 -0.264487 0.257335
v 0.166650 -0.253004 0.257349
v 0.161323 -0.264430 0.257335
v 0.169526 -0.246837 0.257357
v 0.170531 -0.241141 0.257374
v 0.172617 -0.229307 0.257409
v 0.156941 -0.164133 0.257740
v 0.163096 -0.179973 0.257669
v 0.163456 -0.180901 0.257665
v 0.167671 -0.196108 0.257586
v 0.167726 -0.196307 0.257585
v 0.171152 -0.208664 0.257521
v 0.171423 -0.212488 0.257500
v 0.171445 -0.212792 0.257498
v 0.152307 -0.153632 0.257839
v 0.147285 -0.143319 0.258244
v 0.144074 -0.137296 0.258772
v 0.142523 -0.134385 0.259028
v 0.140618 -0.131176 0.259556
v 0.134306 -0.120537 0.261307
v 0.133163 -0.118840 0.261771
v 0.130367 -0.114687 0.262906
v 0.125457 -0.107397 0.264899
v 0.116755 -0.096000 0.269335
v 0.106093 -0.083590 0.275520
v 0.116020 -0.095038 0.269710
v 0.116030 -0.095049 0.269705
v 0.077009 -0.057660 0.294359
v 0.081848 -0.061251 0.291203
v 0.092964 -0.070568 0.283892
v 0.098076 -0.075638 0.280632
v 0.097258 -0.074827 0.281154
v -0.052873 -0.043385 0.309192
v -0.071325 -0.053791 0.297996
v -0.071701 -0.054047 0.297755
v -0.071779 -0.054100 0.297705
v -0.077010 -0.057661 0.294359
v -0.052536 -0.043256 0.309356
v -0.052417 -0.043210 0.309414
v -0.037386 -0.037465 0.316742
v -0.147285 -0.143319 0.258244
v -0.144006 -0.137286 0.258850
v -0.140223 -0.130326 0.259550
v -0.132959 -0.118528 0.261848
v -0.131814 -0.116668 0.262210
v -0.130374 -0.114605 0.262843
v -0.122775 -0.103725 0.266178
v -0.116488 -0.095785 0.269539
v -0.115934 -0.095086 0.269835
v -0.113195 -0.091628 0.271299
v -0.103103 -0.080421 0.277375
v -0.097815 -0.075390 0.280791
v -0.097213 -0.074817 0.281180
v -0.089771 -0.067737 0.285988
v -0.152307 -0.153632 0.257839
v -0.154414 -0.158282 0.257774
v -0.156941 -0.164133 0.257740
v -0.162611 -0.180143 0.257664
v -0.172617 -0.229307 0.257409
v -0.172329 -0.216808 0.257474
v -0.171542 -0.212821 0.257496
v -0.171483 -0.212523 0.257498
v -0.168253 -0.196160 0.257588
v -0.168213 -0.195961 0.257589
v -0.130755 -0.290086 0.257414
v -0.121152 -0.293212 0.257446
v -0.132884 -0.288771 0.257407
v -0.143624 -0.282132 0.257372
v -0.147392 -0.279803 0.257360
v -0.153060 -0.273920 0.257348
v -0.159006 -0.267749 0.257336
v -0.160892 -0.264200 0.257339
v -0.166816 -0.253055 0.257348
v -0.168579 -0.249739 0.257350
v -0.170289 -0.241084 0.257375
v 0.037386 -0.037465 0.316742
v 0.044273 -0.039685 0.313791
v 0.052401 -0.043232 0.309407
v 0.052516 -0.043283 0.309345
v 0.053965 -0.043915 0.308563
v 0.071503 -0.054376 0.297753
v 0.071585 -0.054425 0.297702
v 0.006195 -0.032312 0.322446
v 0.006576 -0.032345 0.322397
v 0.009129 -0.032567 0.322069
v 0.029606 -0.035364 0.318055
v 0.020306 -0.033537 0.320631
v 0.019513 -0.033468 0.320733
v 0.018670 -0.033395 0.320841
v -0.029884 -0.035698 0.319185
v -0.029531 -0.035647 0.319259
v -0.028157 -0.035449 0.319545
v -0.018571 -0.034066 0.321545
v -0.018568 -0.034066 0.321545
v -0.014214 -0.033438 0.322453
v 0.000001 -0.032762 0.323462
v -0.072848 -0.300935 0.258034
v -0.074952 -0.300847 0.258190
v -0.090368 -0.300200 0.258196
v -0.090856 -0.300179 0.258196
v -0.094677 -0.300019 0.258197
v -0.104470 -0.298796 0.258123
v -0.109315 -0.297877 0.258115
v -0.055137 -0.301956 0.256196
v -0.056061 -0.301835 0.256408
v -0.061196 -0.301420 0.257167
v -0.072074 -0.300967 0.257976
v -0.037304 -0.304562 0.251634
v -0.043099 -0.303530 0.253434
v -0.054264 -0.302070 0.255996
v 0.000000 -0.310364 0.240786
v -0.005820 -0.309998 0.241500
v -0.008179 -0.309849 0.241790
v -0.015895 -0.308758 0.243901
v -0.018983 -0.308153 0.245017
v 0.005793 -0.309932 0.241628
v 0.018962 -0.308132 0.245082
v 0.010411 -0.309587 0.242300
v 0.037304 -0.304562 0.251634
v 0.029763 -0.306054 0.248961
v 0.022274 -0.307569 0.246160
v 0.099414 -0.299527 0.258151
v 0.109315 -0.297877 0.258115
v 0.090803 -0.300266 0.258242
v 0.090699 -0.300275 0.258243
v 0.089471 -0.300380 0.258256
v 0.072880 -0.300900 0.257997
v 0.072283 -0.300918 0.257987
v 0.041931 -0.303727 0.253092
v 0.069589 -0.301003 0.257945
v 0.064459 -0.301224 0.257533
v 0.055156 -0.302017 0.256095
v 0.054375 -0.302084 0.255974
v 0.051380 -0.302339 0.255511
v 0.109437 -0.297851 0.258115
v 0.111448 -0.297404 0.258113
v 0.119405 -0.295244 0.258106
v 0.121572 -0.294410 0.258104
v 0.122122 -0.294198 0.258103
v 0.131004 -0.290780 0.258093
v 0.133383 -0.289626 0.258091
v 0.133715 -0.289465 0.258090
v 0.134015 -0.289287 0.258090
v 0.143311 -0.283751 0.258080
v 0.144249 -0.282990 0.258079
v 0.151802 -0.276856 0.258072
v 0.153771 -0.274867 0.258071
v 0.161907 -0.264789 0.258067
v 0.161585 -0.265286 0.258067
v 0.161409 -0.265508 0.258067
v 0.154942 -0.273684 0.258070
v 0.153925 -0.274711 0.258071
v 0.167814 -0.253514 0.258070
v 0.167602 -0.254161 0.258070
v 0.167312 -0.254715 0.258069
v 0.162568 -0.263772 0.258067
v 0.171378 -0.242661 0.258079
v 0.173347 -0.229354 0.258091
v 0.173340 -0.229458 0.258091
v 0.173334 -0.229562 0.258091
v 0.173199 -0.231323 0.258089
v 0.171587 -0.241360 0.258080
v 0.171385 -0.242618 0.258079
v 0.172561 -0.212723 0.258118
v 0.173309 -0.219259 0.258107
v 0.173449 -0.227339 0.258095
v 0.167319 -0.190334 0.258149
v 0.168947 -0.195484 0.258143
v 0.169062 -0.196010 0.258142
v 0.172391 -0.211234 0.258120
v 0.172483 -0.212037 0.258119
v 0.157771 -0.163785 0.258176
v 0.159107 -0.167089 0.258173
v 0.161007 -0.171787 0.258169
v 0.163954 -0.179711 0.258161
v 0.164014 -0.179870 0.258161
v 0.148118 -0.142917 0.258625
v 0.153141 -0.153257 0.258244
v 0.147200 -0.141132 0.258741
v 0.144914 -0.136873 0.259128
v 0.143409 -0.134067 0.259383
v 0.116783 -0.094550 0.270112
v 0.117055 -0.094905 0.269973
v 0.134969 -0.119842 0.261719
v 0.133936 -0.118308 0.262138
v 0.131178 -0.114212 0.263256
v 0.126439 -0.107174 0.265178
v 0.101873 -0.077996 0.279054
v 0.108349 -0.084697 0.274993
v 0.116343 -0.093974 0.270337
v 0.077701 -0.057077 0.294784
v 0.077796 -0.057145 0.294722
v 0.077891 -0.057213 0.294661
v 0.085964 -0.063377 0.289378
v 0.097978 -0.074067 0.281516
v 0.098067 -0.074146 0.281457
v 0.098669 -0.074682 0.281063
v -0.077701 -0.057077 0.294784
v -0.072380 -0.053457 0.298188
v -0.071888 -0.053123 0.298502
v -0.053756 -0.042917 0.309492
v -0.053290 -0.042655 0.309774
v -0.052997 -0.042543 0.309916
v -0.037785 -0.036719 0.317276
v -0.079334 -0.058258 0.293724
v -0.077891 -0.057213 0.294661
v -0.077796 -0.057145 0.294722
v -0.082188 -0.060397 0.291860
v -0.087780 -0.064871 0.288182
v -0.097995 -0.074182 0.281523
v -0.097930 -0.074122 0.281565
v -0.090520 -0.067201 0.286378
v -0.133866 -0.118329 0.262248
v -0.131191 -0.114113 0.263176
v -0.130411 -0.112883 0.263447
v -0.120832 -0.099625 0.267925
v -0.117011 -0.094937 0.270036
v -0.116714 -0.094573 0.270199
v -0.112383 -0.089258 0.272592
v -0.101859 -0.077893 0.279040
v -0.101156 -0.077135 0.279470
v -0.139184 -0.126710 0.260403
v -0.144800 -0.136898 0.259285
v -0.148118 -0.142917 0.258625
v -0.157771 -0.163785 0.258176
v -0.155247 -0.157919 0.258191
v -0.153141 -0.153257 0.258244
v -0.158546 -0.165648 0.258175
v -0.173347 -0.229354 0.258091
v -0.172452 -0.212737 0.258118
v -0.173340 -0.219729 0.258107
v -0.164314 -0.180721 0.258160
v -0.163944 -0.179715 0.258161
v -0.161531 -0.173146 0.258167
v -0.159118 -0.167084 0.258173
v -0.169086 -0.196005 0.258142
v -0.167414 -0.190281 0.258149
v -0.166859 -0.188380 0.258151
v -0.172365 -0.212051 0.258119
v -0.171871 -0.208165 0.258126
v -0.169121 -0.196127 0.258142
v -0.109376 -0.297864 0.258115
v -0.167700 -0.253457 0.258071
v -0.169116 -0.250293 0.258072
v -0.173334 -0.229562 0.258091
v -0.171243 -0.242555 0.258079
v -0.171575 -0.241347 0.258080
v -0.172005 -0.239782 0.258081
v -0.173173 -0.231615 0.258089
v -0.164723 -0.260104 0.258067
v -0.167172 -0.254635 0.258070
v -0.153799 -0.274586 0.258071
v -0.157150 -0.271186 0.258069
v -0.161272 -0.265401 0.258068
v -0.161775 -0.264695 0.258068
v -0.163414 -0.262395 0.258067
v -0.144181 -0.282881 0.258079
v -0.147828 -0.280348 0.258075
v -0.149550 -0.278899 0.258074
v -0.153646 -0.274742 0.258071
v -0.138357 -0.286926 0.258085
v -0.133930 -0.289143 0.258090
v -0.133299 -0.289459 0.258091
v -0.109437 -0.297851 0.258115
v -0.115761 -0.296314 0.258110
v -0.121546 -0.294323 0.258104
v -0.122096 -0.294133 0.258103
v -0.128071 -0.292077 0.258097
v 0.037785 -0.036719 0.317276
v 0.044829 -0.039008 0.314277
v 0.052969 -0.042579 0.309897
v 0.053747 -0.042921 0.309479
v 0.054661 -0.043322 0.308987
v 0.072185 -0.053783 0.298185
v 0.029389 -0.035907 0.318935
v 0.028054 -0.035647 0.319302
v 0.020007 -0.034080 0.321509
v 0.018645 -0.033972 0.321668
v 0.018623 -0.033970 0.321670
v 0.003977 -0.032816 0.323380
v -0.028482 -0.034607 0.320183
v 0.000000 -0.031945 0.324039
v -0.010079 -0.032286 0.323531
v -0.028038 -0.034507 0.320322
v -0.018824 -0.033132 0.322296
v -0.018054 -0.033017 0.322461
v -0.016935 -0.032915 0.322611
v -0.097585 -0.282932 0.278698
v -0.099420 -0.282141 0.279084
v -0.104302 -0.290133 0.268611
v -0.069545 -0.289019 0.275150
v -0.090026 -0.285625 0.277253
v -0.084242 -0.286999 0.276430
v -0.083935 -0.287072 0.276386
v -0.082167 -0.287492 0.276134
v -0.051873 -0.289650 0.274723
v -0.065959 -0.289244 0.275000
v -0.067630 -0.289139 0.275070
v -0.068402 -0.289090 0.275102
v -0.034625 -0.290147 0.274385
v -0.035955 -0.297418 0.263198
v -0.000000 -0.305174 0.250219
v -0.000000 -0.290556 0.274100
v -0.017314 -0.290450 0.274174
v 0.035955 -0.297418 0.263198
v 0.034625 -0.290147 0.274385
v 0.017314 -0.290450 0.274174
v 0.077319 -0.288250 0.275653
v 0.068397 -0.288938 0.275199
v 0.104302 -0.290133 0.268611
v 0.099420 -0.282141 0.279084
v 0.088513 -0.286054 0.277004
v 0.083909 -0.286957 0.276448
v 0.084216 -0.286897 0.276486
v 0.044797 -0.289909 0.274549
v 0.036659 -0.290100 0.274417
v 0.051824 -0.289713 0.274682
v 0.062044 -0.289428 0.274876
v 0.067614 -0.288998 0.275160
v 0.155680 -0.228239 0.277305
v 0.165882 -0.224265 0.266624
v 0.158349 -0.219505 0.275591
v 0.154757 -0.230171 0.277711
v 0.154562 -0.230579 0.277796
v 0.151135 -0.237754 0.279304
v 0.149744 -0.240014 0.279778
v 0.143250 -0.248840 0.281502
v 0.149253 -0.240813 0.279946
v 0.148802 -0.241545 0.280100
v 0.142412 -0.249940 0.281713
v 0.141893 -0.250622 0.281844
v 0.135820 -0.256850 0.282657
v 0.134603 -0.258097 0.282819
v 0.133657 -0.259067 0.282946
v 0.127662 -0.264264 0.283150
v 0.118864 -0.270835 0.282553
v 0.117529 -0.271833 0.282462
v 0.117465 -0.271872 0.282451
v 0.109448 -0.276818 0.281086
v 0.106666 -0.278534 0.280613
v 0.142306 -0.142500 0.271129
v 0.146084 -0.150514 0.270582
v 0.145242 -0.142774 0.264823
v 0.149537 -0.158663 0.270287
v 0.150365 -0.160897 0.270280
v 0.151870 -0.164964 0.270267
v 0.152960 -0.167907 0.270257
v 0.156454 -0.180041 0.270744
v 0.157170 -0.182526 0.270844
v 0.157733 -0.185848 0.271143
v 0.159510 -0.196327 0.272086
v 0.159698 -0.198414 0.272330
v 0.159710 -0.199750 0.272516
v 0.159755 -0.204527 0.273181
v 0.158766 -0.217543 0.275231
v 0.159801 -0.209557 0.273880
v 0.076887 -0.057963 0.297342
v 0.076083 -0.058839 0.299909
v 0.085646 -0.066641 0.294446
v 0.087118 -0.067842 0.293606
v 0.095208 -0.075670 0.289195
v 0.095318 -0.075777 0.289135
v 0.097458 -0.077847 0.287968
v 0.105239 -0.086417 0.284030
v 0.113559 -0.096129 0.279497
v 0.112913 -0.095989 0.280561
v 0.113151 -0.096285 0.280454
v 0.116052 -0.099904 0.279143
v 0.141404 -0.140692 0.271289
v 0.137652 -0.133546 0.272061
v 0.133693 -0.126538 0.273042
v 0.128916 -0.118941 0.274540
v 0.128744 -0.118667 0.274594
v 0.123829 -0.110851 0.276135
v -0.037378 -0.037779 0.319075
v -0.052791 -0.045041 0.313179
v -0.036979 -0.038832 0.320878
v -0.047525 -0.042537 0.315969
v -0.049460 -0.043217 0.315068
v -0.076887 -0.057963 0.297342
v -0.076083 -0.058839 0.299909
v -0.068901 -0.053863 0.304039
v -0.057291 -0.047505 0.310626
v -0.095145 -0.075475 0.289195
v -0.085565 -0.066624 0.294510
v -0.083336 -0.064565 0.295747
v -0.077556 -0.059943 0.299061
v -0.112710 -0.095739 0.280655
v -0.104914 -0.086040 0.284188
v -0.113559 -0.096129 0.279497
v -0.113150 -0.096286 0.280455
v -0.095159 -0.075488 0.289187
v -0.095374 -0.075721 0.289077
v -0.115975 -0.099801 0.279175
v -0.145242 -0.142774 0.264823
v -0.142306 -0.142500 0.271129
v -0.134517 -0.127957 0.272824
v -0.128922 -0.118938 0.274532
v -0.128487 -0.118236 0.274665
v -0.124861 -0.112391 0.275772
v -0.143200 -0.144325 0.270982
v -0.151881 -0.164962 0.270261
v -0.150147 -0.160597 0.270347
v -0.146615 -0.151711 0.270523
v -0.157212 -0.182710 0.270856
v -0.156660 -0.180408 0.270712
v -0.156473 -0.179786 0.270691
v -0.152340 -0.166117 0.270238
v -0.157778 -0.185845 0.271126
v -0.159232 -0.193901 0.271820
v -0.159617 -0.199638 0.272529
v -0.165882 -0.224265 0.266624
v -0.158349 -0.219505 0.275591
v -0.159128 -0.215520 0.274871
v -0.159956 -0.204694 0.273154
v -0.159945 -0.204536 0.273134
v -0.156042 -0.227275 0.277108
v -0.154712 -0.230152 0.277710
v -0.154522 -0.230562 0.277796
v -0.151455 -0.237191 0.279185
v -0.149625 -0.239942 0.279749
v -0.145202 -0.246588 0.281112
v -0.149106 -0.240722 0.279909
v -0.142352 -0.249886 0.281663
v -0.143292 -0.248859 0.281506
v -0.144159 -0.247912 0.281362
v -0.135904 -0.256925 0.282735
v -0.135780 -0.257060 0.282756
v -0.134606 -0.258088 0.282802
v -0.126307 -0.265356 0.283130
v -0.121777 -0.268822 0.282898
v -0.118845 -0.270784 0.282504
v -0.117401 -0.271750 0.282310
v -0.110979 -0.276048 0.281447
v -0.109467 -0.276846 0.281137
v 0.037378 -0.037779 0.319075
v 0.052772 -0.045007 0.313141
v 0.047532 -0.042534 0.316017
v 0.045477 -0.041564 0.317145
v 0.036979 -0.038832 0.320878
v 0.057436 -0.047207 0.310582
v 0.058850 -0.047875 0.309806
v 0.035940 -0.036232 0.317932
v 0.028501 -0.034597 0.320195
v 0.018822 -0.033197 0.322207
v 0.026671 -0.034324 0.320585
v 0.028374 -0.034569 0.320233
v 0.016822 -0.032910 0.322620
v 0.007316 -0.032126 0.323768
v 0.014531 -0.032646 0.323003
v 0.016004 -0.032792 0.322789
v 0.000000 -0.033250 0.325897
v -0.002008 -0.034554 0.327737
v 0.000000 -0.034541 0.327760
v -0.010027 -0.034851 0.327209
v -0.016570 -0.035510 0.326090
v -0.018972 -0.035752 0.325680
v -0.023631 -0.036221 0.324883
v -0.035154 -0.038380 0.321537
v -0.034614 -0.289314 0.273832
v -0.055518 -0.288822 0.274163
v -0.067249 -0.287965 0.274716
v -0.067483 -0.287947 0.274727
v -0.080303 -0.287011 0.275332
v -0.083562 -0.286046 0.275866
v -0.083673 -0.286013 0.275884
v -0.099232 -0.281408 0.278430
v -0.017309 -0.289613 0.273627
v -0.000000 -0.289717 0.273555
v 0.017309 -0.289613 0.273627
v 0.034614 -0.289314 0.273832
v 0.083754 -0.286228 0.275793
v 0.095888 -0.282806 0.277739
v 0.099232 -0.281408 0.278430
v 0.083642 -0.286260 0.275775
v 0.082033 -0.286714 0.275517
v 0.067523 -0.288338 0.274480
v 0.067289 -0.288345 0.274475
v 0.109558 -0.275702 0.280435
v 0.136329 -0.255041 0.281640
v 0.128970 -0.262257 0.282435
v 0.114645 -0.272892 0.281422
v 0.119182 -0.269524 0.281743
v 0.128507 -0.262601 0.282402
v 0.119311 -0.269428 0.281752
v 0.136548 -0.254826 0.281616
v 0.141692 -0.249782 0.281060
v 0.149785 -0.238399 0.278795
v 0.147111 -0.242790 0.279719
v 0.143757 -0.247118 0.280549
v 0.143986 -0.246822 0.280492
v 0.157592 -0.219452 0.274940
v 0.155136 -0.227620 0.276534
v 0.154657 -0.228682 0.276756
v 0.154451 -0.229139 0.276852
v 0.151693 -0.235266 0.278135
v 0.150013 -0.238024 0.278716
v 0.159046 -0.200873 0.272039
v 0.141463 -0.142885 0.270756
v 0.145426 -0.151294 0.270166
v 0.149064 -0.161329 0.270139
v 0.158866 -0.199814 0.271948
v 0.155538 -0.180191 0.270256
v 0.155218 -0.178305 0.270093
v 0.075400 -0.059439 0.299494
v 0.084930 -0.067240 0.294055
v 0.094559 -0.076953 0.288961
v 0.094233 -0.076610 0.289130
v 0.086742 -0.068723 0.293021
v 0.124713 -0.113864 0.275198
v 0.112211 -0.096890 0.280291
v 0.112017 -0.096627 0.280370
v 0.107771 -0.090862 0.282100
v 0.127879 -0.119350 0.274359
v 0.127796 -0.119206 0.274381
v -0.056833 -0.047992 0.310133
v -0.054004 -0.046299 0.311753
v -0.036589 -0.039587 0.320351
v -0.046847 -0.043541 0.315287
v -0.046857 -0.043544 0.315282
v -0.056839 -0.047996 0.310129
v -0.072690 -0.057485 0.301053
v -0.075400 -0.059439 0.299494
v -0.084616 -0.067633 0.294347
v -0.094300 -0.076244 0.288939
v -0.094646 -0.076551 0.288746
v -0.096649 -0.078332 0.287627
v -0.111831 -0.096403 0.280446
v -0.112037 -0.096648 0.280349
v -0.115783 -0.101107 0.278578
v -0.141463 -0.142885 0.270756
v -0.133488 -0.128046 0.272526
v -0.127562 -0.119028 0.274552
v -0.127471 -0.118891 0.274582
v -0.157592 -0.219452 0.274940
v -0.158089 -0.217056 0.274505
v -0.158658 -0.199658 0.271968
v -0.158746 -0.196953 0.271574
v -0.155117 -0.180033 0.270411
v -0.148875 -0.161048 0.270213
v -0.153450 -0.172257 0.269877
v -0.106816 -0.277615 0.280024
v -0.114080 -0.273258 0.281337
v -0.119177 -0.269511 0.281729
v -0.119306 -0.269416 0.281739
v -0.128450 -0.262693 0.282442
v -0.136341 -0.255049 0.281644
v -0.136561 -0.254835 0.281622
v -0.141251 -0.250291 0.281148
v -0.143754 -0.247114 0.280546
v -0.149794 -0.238403 0.278795
v -0.146728 -0.243338 0.279831
v -0.155046 -0.227858 0.276583
v -0.154666 -0.228685 0.276756
v -0.154457 -0.229141 0.276852
v -0.151379 -0.235853 0.278260
v -0.150026 -0.238030 0.278717
v 0.036589 -0.039587 0.320351
v 0.039745 -0.040471 0.319080
v 0.046869 -0.043514 0.315354
v 0.046879 -0.043518 0.315349
v 0.056922 -0.047808 0.310095
v 0.056928 -0.047811 0.310092
v 0.002408 -0.034559 0.327727
v 0.014129 -0.035149 0.326687
v 0.016455 -0.035442 0.326203
v 0.018962 -0.035757 0.325681
v 0.026112 -0.036656 0.324193
v 0.027602 -0.036844 0.323882
v 0.035140 -0.038376 0.321542
v -0.026809 -0.037546 0.323474
v -0.018814 -0.036440 0.325301
v -0.034654 -0.039113 0.321054
v -0.018705 -0.036425 0.325326
v -0.018591 -0.036419 0.325337
v -0.009179 -0.035885 0.326277
v 0.000000 -0.035365 0.327193
v -0.098888 -0.280830 0.279177
v -0.083578 -0.285390 0.276685
v -0.083299 -0.285473 0.276640
v -0.080097 -0.286426 0.276118
v -0.067262 -0.287382 0.275527
v -0.067065 -0.287397 0.275518
v -0.055557 -0.288254 0.274987
v -0.034551 -0.288763 0.274664
v -0.017259 -0.289067 0.274463
v -0.009581 -0.289140 0.274415
v -0.000000 -0.289172 0.274394
v 0.017259 -0.289067 0.274463
v 0.034551 -0.288763 0.274663
v 0.098888 -0.280830 0.279177
v 0.093369 -0.283053 0.278058
v 0.083703 -0.285726 0.276539
v 0.083422 -0.285803 0.276494
v 0.083224 -0.285858 0.276463
v 0.067338 -0.287767 0.275286
v 0.067302 -0.287768 0.275286
v 0.067105 -0.287774 0.275282
v 0.150829 -0.234138 0.278712
v 0.148669 -0.238584 0.279641
v 0.117937 -0.269835 0.282627
v 0.117922 -0.269843 0.282625
v 0.156987 -0.219133 0.275672
v 0.155500 -0.224520 0.276702
v 0.108407 -0.275336 0.280901
v 0.112974 -0.272699 0.281728
v 0.142130 -0.247298 0.281229
v 0.147570 -0.240848 0.280114
v 0.153432 -0.228779 0.277592
v 0.126531 -0.262820 0.282703
v 0.128442 -0.261259 0.282720
v 0.134584 -0.256246 0.282774
v 0.135034 -0.255713 0.282682
v 0.141761 -0.247735 0.281304
v 0.158138 -0.199907 0.272822
v 0.158522 -0.202506 0.273057
v 0.157855 -0.209729 0.274193
v 0.141020 -0.142833 0.271704
v 0.146974 -0.155887 0.270878
v 0.155266 -0.180461 0.271062
v 0.158086 -0.199554 0.272790
v 0.148742 -0.161127 0.270918
v 0.148780 -0.161240 0.270918
v 0.155104 -0.179982 0.271058
v 0.155180 -0.180207 0.271060
v 0.075091 -0.059781 0.300499
v 0.086383 -0.068967 0.294053
v 0.127484 -0.119377 0.275337
v 0.124354 -0.113953 0.276177
v 0.111845 -0.097013 0.281294
v 0.107385 -0.090973 0.283119
v 0.094224 -0.077183 0.289971
v -0.036395 -0.040115 0.321257
v -0.046617 -0.044034 0.316225
v -0.046628 -0.044038 0.316220
v -0.053803 -0.046789 0.312688
v -0.056576 -0.048440 0.311101
v -0.056583 -0.048444 0.311098
v -0.072432 -0.057876 0.302028
v -0.075091 -0.059781 0.300500
v -0.141020 -0.142833 0.271704
v -0.133066 -0.128021 0.273502
v -0.127166 -0.119058 0.275532
v -0.115411 -0.101201 0.279577
v -0.111675 -0.096770 0.281350
v -0.096304 -0.078541 0.288642
v -0.094311 -0.076779 0.289756
v -0.156987 -0.219133 0.275672
v -0.157831 -0.214682 0.274883
v -0.157851 -0.209715 0.274207
v -0.157890 -0.199737 0.272848
v -0.157891 -0.199382 0.272800
v -0.157910 -0.194521 0.272138
v -0.154686 -0.180057 0.271245
v -0.154634 -0.179824 0.271231
v -0.152915 -0.172110 0.270754
v -0.148415 -0.161035 0.271114
v -0.148370 -0.160924 0.271117
v -0.112917 -0.272608 0.281582
v -0.102513 -0.279113 0.279947
v -0.153224 -0.228732 0.277619
v -0.151053 -0.234269 0.278742
v -0.150075 -0.236764 0.279248
v -0.148730 -0.238570 0.279599
v -0.138622 -0.252139 0.282236
v -0.134841 -0.255488 0.282400
v -0.128366 -0.261224 0.282682
v -0.121751 -0.267085 0.282970
v -0.117790 -0.269562 0.282347
v -0.141837 -0.247822 0.281397
v 0.056670 -0.048263 0.311062
v 0.036395 -0.040115 0.321257
v 0.039507 -0.040981 0.320012
v 0.046640 -0.044007 0.316292
v 0.046650 -0.044012 0.316287
v 0.056663 -0.048260 0.311065
v 0.018705 -0.036425 0.325326
v 0.018812 -0.036444 0.325296
v -0.018603 -0.036986 0.326176
v -0.018489 -0.036980 0.326188
v -0.009130 -0.036449 0.327114
v 0.000000 -0.035931 0.328018
v -0.099077 -0.281563 0.279831
v -0.089690 -0.285060 0.278007
v -0.083903 -0.286151 0.277349
v -0.083779 -0.286175 0.277334
v -0.073793 -0.288058 0.276199
v -0.068245 -0.288295 0.276048
v -0.051702 -0.289003 0.275599
v -0.067396 -0.288332 0.276025
v -0.041990 -0.289418 0.275335
v -0.034562 -0.289596 0.275217
v -0.016564 -0.289912 0.275004
v -0.000000 -0.290010 0.274939
v 0.034562 -0.289596 0.275217
v 0.017999 -0.289895 0.275016
v 0.036596 -0.289548 0.275249
v 0.099077 -0.281563 0.279831
v 0.089105 -0.285230 0.277909
v 0.085204 -0.286234 0.277323
v 0.083854 -0.286474 0.277176
v 0.077227 -0.287654 0.276454
v 0.075475 -0.287873 0.276316
v 0.068195 -0.288387 0.275991
v 0.067398 -0.288444 0.275955
v 0.083983 -0.286451 0.277190
v 0.061000 -0.288896 0.275669
v 0.052867 -0.289152 0.275507
v 0.051653 -0.289182 0.275488
v 0.044731 -0.289352 0.275378
v 0.100926 -0.280711 0.280224
v 0.108151 -0.276912 0.281723
v 0.113342 -0.273593 0.282527
v 0.118454 -0.270324 0.283319
v 0.155748 -0.226086 0.277656
v 0.151957 -0.234632 0.279438
v 0.151492 -0.235680 0.279656
v 0.149507 -0.239122 0.280388
v 0.149178 -0.239581 0.280480
v 0.142958 -0.248257 0.282221
v 0.142734 -0.248498 0.282256
v 0.135379 -0.256420 0.283435
v 0.135041 -0.256784 0.283489
v 0.129090 -0.262147 0.283835
v 0.128832 -0.262379 0.283850
v 0.118860 -0.270064 0.283381
v 0.157754 -0.219145 0.276315
v 0.158170 -0.217184 0.275958
v 0.159123 -0.209795 0.274721
v 0.159199 -0.209200 0.274622
v 0.159091 -0.198057 0.273105
v 0.159109 -0.199830 0.273346
v 0.159151 -0.204185 0.273939
v 0.155963 -0.180071 0.271599
v 0.156558 -0.182139 0.271674
v 0.157142 -0.185583 0.271971
v 0.158902 -0.195963 0.272867
v 0.152346 -0.167503 0.271144
v 0.141864 -0.142448 0.272077
v 0.142003 -0.142729 0.272053
v 0.145605 -0.150407 0.271516
v 0.148906 -0.158211 0.271209
v 0.149897 -0.160887 0.271190
v 0.151346 -0.164801 0.271163
v 0.128520 -0.118967 0.275521
v 0.133346 -0.126640 0.273999
v 0.137262 -0.133580 0.273016
v 0.140972 -0.140658 0.272239
v 0.128438 -0.118836 0.275547
v 0.112750 -0.096365 0.281474
v 0.112778 -0.096399 0.281461
v 0.115881 -0.100268 0.280058
v 0.123515 -0.111009 0.277100
v 0.105098 -0.086825 0.284933
v 0.097380 -0.078332 0.288840
v 0.095205 -0.076229 0.290026
v 0.094966 -0.075997 0.290156
v 0.087092 -0.068382 0.294448
v 0.076113 -0.059428 0.300717
v 0.075773 -0.059177 0.300913
v -0.075773 -0.059177 0.300913
v -0.068743 -0.054334 0.304953
v -0.057031 -0.047952 0.311592
v -0.052580 -0.045526 0.314116
v -0.049279 -0.043727 0.315988
v -0.047292 -0.043032 0.316909
v -0.036783 -0.039357 0.321782
v -0.076113 -0.059428 0.300717
v -0.095141 -0.076038 0.290028
v -0.095102 -0.075996 0.290048
v -0.095032 -0.075931 0.290087
v -0.083297 -0.065096 0.296596
v -0.077572 -0.060521 0.299877
v -0.104678 -0.086339 0.285138
v -0.124526 -0.112516 0.276743
v -0.115706 -0.100034 0.280131
v -0.112779 -0.096399 0.281460
v -0.112548 -0.096113 0.281565
v -0.141864 -0.142448 0.272077
v -0.134142 -0.128013 0.273786
v -0.128527 -0.118964 0.275513
v -0.128181 -0.118406 0.275619
v -0.151936 -0.166309 0.271134
v -0.155962 -0.179822 0.271557
v -0.142003 -0.142729 0.272053
v -0.151342 -0.164800 0.271166
v -0.149684 -0.160585 0.271255
v -0.146285 -0.151945 0.271436
v -0.142891 -0.144555 0.271903
v -0.156180 -0.180552 0.271580
v -0.159081 -0.199720 0.273342
v -0.159326 -0.202502 0.273660
v -0.158378 -0.191734 0.272432
v -0.157233 -0.185577 0.271937
v -0.156748 -0.182972 0.271727
v -0.157754 -0.219145 0.276315
v -0.158854 -0.212870 0.275211
v -0.158997 -0.209729 0.274741
v -0.159249 -0.204185 0.273912
v -0.110901 -0.275286 0.282236
v -0.135315 -0.256365 0.283377
v -0.142353 -0.248984 0.282352
v -0.113386 -0.273738 0.282654
v -0.113406 -0.273724 0.282656
v -0.118391 -0.270220 0.283183
v -0.123957 -0.266309 0.283772
v -0.128997 -0.262040 0.283689
v -0.133707 -0.258052 0.283612
v -0.142715 -0.248488 0.282253
v -0.149202 -0.239597 0.280487
v -0.149279 -0.239492 0.280466
v -0.149903 -0.238470 0.280250
v -0.151848 -0.234576 0.279428
v -0.154696 -0.228876 0.278225
v -0.157267 -0.221126 0.276686
v 0.058505 -0.048273 0.310822
v 0.057176 -0.047652 0.311549
v 0.052559 -0.045493 0.314076
v 0.047296 -0.043033 0.316956
v 0.045104 -0.042008 0.318156
v 0.036783 -0.039357 0.321782
v 0.018601 -0.036986 0.326176
v -0.035059 -0.038931 0.322401
v -0.023526 -0.036778 0.325737
v -0.018755 -0.036297 0.326548
v -0.002006 -0.035118 0.328559
v -0.000000 -0.035106 0.328583
v -0.010017 -0.035417 0.328034
v -0.016487 -0.036069 0.326934
v -0.038409 -0.231764 0.388330
v -0.042686 -0.229688 0.389944
v -0.046088 -0.233943 0.373340
v -0.073320 -0.236409 0.346559
v -0.063626 -0.242051 0.343436
v -0.059611 -0.234919 0.359351
v -0.033386 -0.283243 0.284744
v -0.032103 -0.276406 0.295685
v -0.047916 -0.275059 0.296288
v -0.062636 -0.272725 0.298187
v -0.090287 -0.265904 0.300543
v -0.075953 -0.268617 0.301124
v -0.088554 -0.262818 0.304625
v -0.084016 -0.254734 0.315317
v -0.073655 -0.236913 0.345403
v -0.074840 -0.238696 0.341319
v -0.067674 -0.250221 0.328567
v -0.078204 -0.244576 0.331786
v -0.078982 -0.245935 0.329582
v -0.066837 -0.226653 0.368908
v -0.068627 -0.229347 0.362739
v -0.068667 -0.229408 0.362599
v -0.059987 -0.219085 0.397539
v -0.063819 -0.223319 0.381522
v -0.054426 -0.223067 0.394822
v -0.064212 -0.223753 0.379881
v -0.051827 -0.224929 0.393552
v -0.055603 -0.229064 0.376501
v -0.051020 -0.225507 0.393158
v -0.049801 -0.226234 0.392630
v -0.034965 -0.232990 0.387174
v -0.029462 -0.234950 0.385325
v -0.032798 -0.233762 0.386446
v -0.035382 -0.237789 0.370632
v -0.033576 -0.233485 0.386707
v -0.056184 -0.254917 0.325716
v -0.049563 -0.239834 0.356314
v -0.022450 -0.237226 0.381694
v -0.023831 -0.241097 0.368935
v -0.025677 -0.246271 0.351885
v -0.031811 -0.274848 0.298178
v -0.029016 -0.259955 0.322009
v -0.043187 -0.258125 0.323437
v -0.028948 -0.259669 0.322617
v -0.038134 -0.243592 0.353684
v -0.025920 -0.246954 0.349635
v -0.025861 -0.246789 0.350181
v -0.021338 -0.237534 0.381097
v -0.007788 -0.239824 0.377530
v -0.011437 -0.239511 0.377763
v -0.012990 -0.248204 0.349097
v -0.013450 -0.239339 0.377892
v -0.014941 -0.239073 0.378294
v -0.017305 -0.238653 0.378932
v -0.019918 -0.237928 0.380335
v 0.000000 -0.248891 0.348814
v 0.000000 -0.245620 0.357530
v 0.000000 -0.240131 0.377357
v -0.002232 -0.240081 0.377373
v -0.005714 -0.240001 0.377397
v -0.014530 -0.260661 0.321784
v 0.000000 -0.260599 0.322286
v 0.000000 -0.252365 0.339557
v -0.000000 -0.275315 0.297482
v -0.000000 -0.272575 0.301685
v 0.000000 -0.261039 0.321530
v 0.013334 -0.239356 0.377868
v 0.011443 -0.239551 0.377697
v 0.012990 -0.248204 0.349097
v 0.031811 -0.274848 0.298178
v 0.014530 -0.260661 0.321784
v 0.029019 -0.259969 0.321987
v 0.029016 -0.259955 0.322009
v 0.032103 -0.276406 0.295685
v 0.033386 -0.283243 0.284744
v 0.006155 -0.239913 0.377432
v 0.008861 -0.239816 0.377464
v 0.022450 -0.237226 0.381694
v 0.021093 -0.237648 0.380863
v 0.023831 -0.241097 0.368935
v 0.019793 -0.238015 0.380138
v 0.019121 -0.238205 0.379763
v 0.018816 -0.238292 0.379594
v 0.025677 -0.246271 0.351885
v 0.025861 -0.246789 0.350181
v 0.025920 -0.246954 0.349635
v 0.028948 -0.259669 0.322617
v 0.073691 -0.237053 0.345483
v 0.073351 -0.236529 0.346630
v 0.063625 -0.242051 0.343435
v 0.045902 -0.228369 0.391026
v 0.042716 -0.229723 0.389925
v 0.046087 -0.233944 0.373339
v 0.030403 -0.234638 0.385662
v 0.041310 -0.230321 0.389439
v 0.034186 -0.233350 0.386978
v 0.035381 -0.237789 0.370632
v 0.032828 -0.233814 0.386518
v 0.030628 -0.234564 0.385774
v 0.055435 -0.222596 0.395192
v 0.090242 -0.265849 0.300483
v 0.075951 -0.268617 0.301123
v 0.062634 -0.272726 0.298187
v 0.047915 -0.275059 0.296288
v 0.056183 -0.254917 0.325716
v 0.067673 -0.250222 0.328566
v 0.049562 -0.239835 0.356314
v 0.059610 -0.234920 0.359350
v 0.068632 -0.229262 0.362530
v 0.068591 -0.229199 0.362668
v 0.067642 -0.227736 0.365868
v 0.064243 -0.223894 0.379932
v 0.063847 -0.223447 0.381569
v 0.059987 -0.219085 0.397539
v 0.088501 -0.262752 0.304554
v 0.085213 -0.256903 0.312241
v 0.043186 -0.258125 0.323437
v 0.038134 -0.243592 0.353684
v 0.078970 -0.245885 0.329555
v 0.078183 -0.244497 0.331736
v 0.075850 -0.240379 0.338207
v 0.074808 -0.201854 0.407427
v 0.068977 -0.210033 0.403133
v 0.073461 -0.214123 0.385394
v 0.079070 -0.220189 0.366312
v 0.091882 -0.235970 0.332701
v 0.106468 -0.254958 0.303830
v 0.129913 -0.225593 0.305772
v 0.147590 -0.213352 0.289033
v 0.119960 -0.241610 0.305579
v 0.085215 -0.227542 0.348798
v 0.068678 -0.210452 0.402913
v 0.067647 -0.211653 0.402228
v 0.060445 -0.218640 0.397819
v 0.080397 -0.190697 0.412691
v 0.075724 -0.200370 0.408174
v 0.080806 -0.204416 0.389186
v 0.075032 -0.201540 0.407592
v 0.089713 -0.180610 0.398610
v 0.084326 -0.176643 0.417681
v 0.084041 -0.178103 0.417254
v 0.086064 -0.193330 0.393053
v 0.090330 -0.181065 0.396426
v 0.080953 -0.189233 0.413311
v 0.080983 -0.189130 0.413348
v 0.083749 -0.179596 0.416818
v 0.100914 -0.205051 0.354002
v 0.105662 -0.191199 0.355725
v 0.105087 -0.190832 0.357092
v 0.092907 -0.198858 0.372742
v 0.102279 -0.224802 0.335093
v 0.109899 -0.211644 0.336701
v 0.094307 -0.217162 0.351632
v 0.087124 -0.210294 0.369620
v 0.097389 -0.185927 0.375384
v 0.096672 -0.185470 0.377089
v 0.093995 -0.183764 0.383450
v 0.136361 -0.207600 0.304774
v 0.136059 -0.207445 0.305198
v 0.125246 -0.201905 0.320356
v 0.115402 -0.196597 0.337674
v 0.114839 -0.196293 0.338664
v 0.107150 -0.192147 0.352189
v 0.084696 -0.152301 0.422133
v 0.085409 -0.162724 0.420610
v 0.090771 -0.167233 0.400515
v 0.128502 -0.139957 0.300472
v 0.128501 -0.139956 0.300476
v 0.134067 -0.159462 0.302026
v 0.077599 -0.128088 0.422900
v 0.081462 -0.138333 0.423091
v 0.092948 -0.131214 0.382639
v 0.096762 -0.145317 0.380332
v 0.093986 -0.131425 0.379918
v 0.126136 -0.139343 0.305706
v 0.111151 -0.135456 0.338842
v 0.114762 -0.152691 0.339412
v 0.109323 -0.134982 0.342885
v 0.101555 -0.132967 0.360063
v 0.137085 -0.177278 0.302652
v 0.137579 -0.193354 0.303560
v 0.085469 -0.163591 0.420484
v 0.085419 -0.166169 0.420025
v 0.084765 -0.172434 0.418623
v 0.081887 -0.139463 0.423113
v 0.083386 -0.146063 0.422639
v 0.090434 -0.154292 0.401829
v 0.084252 -0.149882 0.422364
v 0.084502 -0.150981 0.422286
v 0.116545 -0.168667 0.339044
v 0.098261 -0.159234 0.379723
v 0.116375 -0.183209 0.338596
v 0.098204 -0.172615 0.378506
v 0.106803 -0.177981 0.357898
v 0.068082 -0.091040 0.378884
v 0.078240 -0.102929 0.380753
v 0.091183 -0.100196 0.342255
v 0.074955 -0.060072 0.303653
v 0.090135 -0.078808 0.304820
v 0.104042 -0.098332 0.305638
v 0.105172 -0.087107 0.285187
v 0.122295 -0.109435 0.277843
v 0.116214 -0.118553 0.305983
v 0.071129 -0.116417 0.421976
v 0.071734 -0.117354 0.422087
v 0.086525 -0.116234 0.381947
v 0.072112 -0.117939 0.422157
v 0.061222 -0.104156 0.419623
v 0.062536 -0.105544 0.419962
v 0.063376 -0.106431 0.420178
v 0.064291 -0.107454 0.420411
v 0.059804 -0.076863 0.362192
v 0.056205 -0.080854 0.376210
v 0.053990 -0.083311 0.384836
v 0.055790 -0.099428 0.418180
v 0.051782 -0.095939 0.417116
v 0.046113 -0.092048 0.415518
v 0.072742 -0.062492 0.311068
v 0.079042 -0.084736 0.340947
v 0.101339 -0.116960 0.342881
v 0.068574 -0.067122 0.327538
v 0.065630 -0.070392 0.339173
v 0.061485 -0.074995 0.355548
v -0.041827 -0.075188 0.382914
v -0.035332 -0.085395 0.411019
v -0.034483 -0.084854 0.410556
v -0.032858 -0.083659 0.409086
v -0.030594 -0.081995 0.407037
v -0.029215 -0.080982 0.405790
v -0.046113 -0.092048 0.415518
v -0.045537 -0.091699 0.415320
v -0.053987 -0.083314 0.384847
v -0.039250 -0.087891 0.413152
v -0.036290 -0.086005 0.411540
v -0.074955 -0.060072 0.303653
v -0.049942 -0.051289 0.326402
v -0.030448 -0.059625 0.360188
v -0.031914 -0.054937 0.351304
v -0.045784 -0.063701 0.353822
v -0.036265 -0.041013 0.324921
v -0.028698 -0.068435 0.379649
v -0.026530 -0.079353 0.403765
v -0.072742 -0.062492 0.311068
v -0.068573 -0.067123 0.327541
v -0.065630 -0.070392 0.339173
v -0.061483 -0.074997 0.355555
v -0.059804 -0.076863 0.362192
v -0.056205 -0.080854 0.376210
v -0.068082 -0.091040 0.378884
v -0.079042 -0.084736 0.340947
v -0.091183 -0.100196 0.342255
v -0.116214 -0.118553 0.305983
v -0.101339 -0.116960 0.342881
v -0.055896 -0.099299 0.418222
v -0.056601 -0.099822 0.418417
v -0.086525 -0.116234 0.381947
v -0.065795 -0.109216 0.420787
v -0.078240 -0.102929 0.380753
v -0.064681 -0.107901 0.420509
v -0.063068 -0.106288 0.420091
v -0.077599 -0.128088 0.422900
v -0.076054 -0.125204 0.422694
v -0.072440 -0.118464 0.422214
v -0.071677 -0.117402 0.422050
v -0.128502 -0.139957 0.300472
v -0.128534 -0.139963 0.300406
v -0.104042 -0.098332 0.305638
v -0.090135 -0.078808 0.304820
v -0.109323 -0.134982 0.342885
v -0.111174 -0.135462 0.338792
v -0.126136 -0.139343 0.305706
v -0.101555 -0.132967 0.360063
v -0.093996 -0.131427 0.379892
v -0.092948 -0.131214 0.382639
v -0.136361 -0.207600 0.304774
v -0.136101 -0.207466 0.305139
v -0.137621 -0.193373 0.303498
v -0.081514 -0.138313 0.423125
v -0.096772 -0.145322 0.380306
v -0.081625 -0.138604 0.423132
v -0.082231 -0.140638 0.423076
v -0.085452 -0.162725 0.420625
v -0.084752 -0.153573 0.421935
v -0.090438 -0.154295 0.401815
v -0.084607 -0.151677 0.422206
v -0.084221 -0.149885 0.422347
v -0.084038 -0.149035 0.422414
v -0.085448 -0.165186 0.420204
v -0.085468 -0.162928 0.420596
v -0.090775 -0.167236 0.400501
v -0.147590 -0.213352 0.289033
v -0.137125 -0.177294 0.302586
v -0.134104 -0.159474 0.301958
v -0.114786 -0.152700 0.339362
v -0.116570 -0.168679 0.338995
v -0.098271 -0.159240 0.379696
v -0.084326 -0.176643 0.417681
v -0.089717 -0.180613 0.398596
v -0.090330 -0.181065 0.396426
v -0.098214 -0.172622 0.378479
v -0.093995 -0.183764 0.383450
v -0.105662 -0.191199 0.355725
v -0.105103 -0.190842 0.357055
v -0.106820 -0.177991 0.357860
v -0.097389 -0.185927 0.375384
v -0.096683 -0.185477 0.377063
v -0.125246 -0.201905 0.320356
v -0.115402 -0.196597 0.337674
v -0.116401 -0.183222 0.338549
v -0.114864 -0.196307 0.338619
v -0.107150 -0.192147 0.352189
v -0.109899 -0.211644 0.336701
v -0.129913 -0.225593 0.305772
v -0.079070 -0.220189 0.366312
v -0.061422 -0.217859 0.398353
v -0.073461 -0.214123 0.385394
v -0.068712 -0.210383 0.402943
v -0.068873 -0.210218 0.403045
v -0.085215 -0.227542 0.348798
v -0.091882 -0.235970 0.332701
v -0.106468 -0.254958 0.303830
v -0.119960 -0.241610 0.305579
v -0.081064 -0.188930 0.413437
v -0.081910 -0.186455 0.414427
v -0.084061 -0.177722 0.417323
v -0.075861 -0.200133 0.408291
v -0.076650 -0.198722 0.408983
v -0.086064 -0.193330 0.393053
v -0.078217 -0.195247 0.410564
v -0.080976 -0.189126 0.413347
v -0.069008 -0.210052 0.403137
v -0.069704 -0.209197 0.403610
v -0.080806 -0.204416 0.389186
v -0.092907 -0.198858 0.372742
v -0.087124 -0.210294 0.369620
v -0.094307 -0.217162 0.351632
v -0.100914 -0.205051 0.354002
v -0.102279 -0.224802 0.335093
v 0.036266 -0.041012 0.324917
v 0.049942 -0.051287 0.326399
v 0.040625 -0.088718 0.413702
v 0.041828 -0.075183 0.382902
v 0.043570 -0.090505 0.414677
v 0.046064 -0.092018 0.415502
v 0.026623 -0.079402 0.403822
v 0.027963 -0.080121 0.404650
v 0.026530 -0.079353 0.403765
v 0.031057 -0.082373 0.407647
v 0.031714 -0.082849 0.408202
v 0.032241 -0.083230 0.408647
v 0.034635 -0.084961 0.410670
v 0.036293 -0.086001 0.411509
v 0.031915 -0.054933 0.351298
v 0.045785 -0.063698 0.353815
v 0.030448 -0.059625 0.360188
v 0.028699 -0.068430 0.379638
v 0.018746 -0.036299 0.326552
v 0.027405 -0.037381 0.324764
v 0.034943 -0.038903 0.322441
v 0.002227 -0.035121 0.328554
v 0.014024 -0.035709 0.327527
v 0.016482 -0.036016 0.327020
v -0.011848 -0.075684 0.401195
v -0.011325 -0.075610 0.401157
v -0.014120 -0.055316 0.359566
v -0.000000 -0.074894 0.400829
v -0.000000 -0.055609 0.362213
v -0.000000 -0.053895 0.359401
v -0.025195 -0.078835 0.403302
v -0.026460 -0.079326 0.403741
v -0.016542 -0.076562 0.401701
v -0.013334 -0.075893 0.401304
v -0.012811 -0.075819 0.401266
v -0.023779 -0.078286 0.402811
v -0.021454 -0.077587 0.402309
v -0.054236 -0.197436 0.400454
v -0.016677 -0.235863 0.379375
v 0.037079 -0.223271 0.389473
v 0.081953 -0.174521 0.417278
v -0.067726 -0.136027 0.417742
v -0.052804 -0.119430 0.413327
v -0.042296 -0.095673 0.412809
v -0.029191 -0.083579 0.405304
v -0.022555 -0.081722 0.401979
v -0.015957 -0.089509 0.400019
v -0.006770 -0.081689 0.399787
v 0.018861 -0.077042 0.401984
v 0.018853 -0.077041 0.401983
v 0.009452 -0.083186 0.399810
v 0.013334 -0.075893 0.401304
v 0.012811 -0.075820 0.401267
v 0.011335 -0.075612 0.401160
v 0.002924 -0.075079 0.400914
v 0.002474 -0.075051 0.400901
v 0.022090 -0.081588 0.401966
v 0.021386 -0.077567 0.402294
v 0.023778 -0.078281 0.402800
v 0.031869 -0.083404 0.408384
v 0.028702 -0.084846 0.405164
v 0.024740 -0.086919 0.402849
v 0.026252 -0.079244 0.403668
v 0.036928 -0.094199 0.410459
v 0.056709 -0.109321 0.417071
v 0.070870 -0.155001 0.416480
v 0.065876 -0.186915 0.407916
v 0.049145 -0.199921 0.398309
v 0.027827 -0.230361 0.385416
v 0.031324 -0.213731 0.389449
v 0.013317 -0.228922 0.380478
v 0.008601 -0.232593 0.378931
v 0.003730 -0.236003 0.378069
v -0.002338 -0.225888 0.380229
v -0.011985 -0.232702 0.379220
v -0.044872 -0.215156 0.393328
v -0.025872 -0.227907 0.385043
v -0.063127 -0.181100 0.407788
v -0.072360 -0.165960 0.414962
v -0.082411 -0.151279 0.421477
v 0.025502 -0.203934 0.389794
v 0.007202 -0.218756 0.382380
v 0.022291 -0.221142 0.384996
v -0.029090 -0.175544 0.396153
v -0.008031 -0.215428 0.383316
v 0.001329 -0.208390 0.384775
v -0.020509 -0.167982 0.395348
v -0.009789 -0.187706 0.390153
v -0.011834 -0.160317 0.395092
v -0.000794 -0.180442 0.391175
v 0.010568 -0.201113 0.387326
v -0.031191 -0.149803 0.400543
v -0.026204 -0.115778 0.401875
v -0.042006 -0.133624 0.406405
v -0.014465 -0.133202 0.398106
v -0.008728 -0.142743 0.396721
v -0.003077 -0.152660 0.395461
v 0.008176 -0.173158 0.392974
v 0.019658 -0.193828 0.390618
v -0.037352 -0.101597 0.408407
v -0.031984 -0.108201 0.404673
v -0.047419 -0.126330 0.409754
v -0.057321 -0.150305 0.410908
v -0.021671 -0.225035 0.383942
v -0.017266 -0.222010 0.383266
v -0.027588 -0.201687 0.390671
v -0.037570 -0.182957 0.397389
v -0.047340 -0.165830 0.404078
v 0.029511 -0.098194 0.405222
v 0.040312 -0.119659 0.408329
v 0.033308 -0.096093 0.407723
v 0.048512 -0.114490 0.412749
v 0.003090 -0.117174 0.397947
v 0.008896 -0.127471 0.398094
v 0.023347 -0.131287 0.400889
v 0.012142 -0.109917 0.399165
v 0.006249 -0.099680 0.398581
v -0.002965 -0.107305 0.398087
v -0.000101 -0.090233 0.398734
v 0.015636 -0.092783 0.400093
v 0.021116 -0.103467 0.401479
v 0.031949 -0.125182 0.404265
v -0.018008 -0.106702 0.399919
v -0.009342 -0.098060 0.398743
v -0.020208 -0.093936 0.400808
v -0.026490 -0.086520 0.403301
v -0.024228 -0.098632 0.401964
v -0.030013 -0.091708 0.405146
v -0.032413 -0.088909 0.407479
v -0.034497 -0.086372 0.410186
v -0.005803 -0.125009 0.397651
v 0.037387 -0.179865 0.398473
v 0.054385 -0.166981 0.407431
v 0.025888 -0.159110 0.398532
v 0.014576 -0.137983 0.398308
v 0.014120 -0.055316 0.359566
f 1 2 3
f 4 5 6
f 6 5 7
f 8 6 9
f 9 6 10
f 1 3 11
f 11 3 12
f 11 12 13
f 14 15 16
f 16 15 17
f 16 17 18
f 18 17 19
f 18 19 20
f 20 21 18
f 18 21 22
f 18 22 12
f 12 22 23
f 12 23 13
f 24 25 26
f 26 25 27
f 28 29 30
f 30 29 31
f 30 31 32
f 32 31 33
f 34 35 36
f 36 35 37
f 38 39 40
f 41 38 35
f 35 38 40
f 35 40 37
f 37 40 42
f 37 42 29
f 28 43 29
f 29 43 44
f 29 44 37
f 37 44 45
f 37 45 36
f 46 47 48
f 46 48 49
f 5 50 7
f 7 50 51
f 7 51 46
f 46 51 52
f 46 52 47
f 53 54 10
f 10 54 55
f 10 55 9
f 34 56 35
f 35 56 57
f 35 57 41
f 41 57 58
f 41 58 59
f 24 60 25
f 25 60 14
f 25 14 16
f 25 16 61
f 61 16 39
f 48 62 49
f 49 62 63
f 49 63 64
f 64 33 49
f 49 33 31
f 49 31 65
f 2 65 3
f 3 65 31
f 3 31 12
f 12 31 29
f 12 29 18
f 18 29 42
f 18 42 16
f 16 42 40
f 16 40 39
f 66 67 68
f 68 67 69
f 68 69 53
f 53 69 70
f 53 70 54
f 6 7 10
f 10 7 46
f 10 46 53
f 53 46 49
f 53 49 68
f 68 49 65
f 68 65 66
f 71 72 73
f 74 75 76
f 77 78 79
f 80 81 82
f 83 84 85
f 85 84 86
f 87 88 86
f 86 88 89
f 86 89 85
f 80 82 90
f 91 85 92
f 92 85 89
f 92 89 93
f 93 89 94
f 73 95 96
f 96 95 97
f 96 97 98
f 99 100 101
f 102 103 95
f 95 103 104
f 95 104 97
f 97 104 105
f 97 105 106
f 77 79 107
f 108 109 110
f 110 109 111
f 112 113 114
f 114 113 111
f 114 111 115
f 115 111 109
f 116 117 118
f 118 117 113
f 118 113 119
f 119 113 112
f 120 121 122
f 116 123 117
f 117 123 124
f 117 124 122
f 122 124 125
f 122 125 120
f 74 76 126
f 127 90 128
f 128 90 82
f 128 82 129
f 129 82 76
f 129 76 130
f 130 76 75
f 81 94 82
f 82 94 89
f 82 89 76
f 76 89 88
f 76 88 126
f 126 88 87
f 131 132 133
f 73 72 134
f 73 134 95
f 95 134 133
f 95 133 102
f 102 133 132
f 78 99 79
f 79 99 101
f 79 101 135
f 135 101 128
f 100 136 101
f 101 136 137
f 101 137 128
f 128 137 138
f 128 138 127
f 122 71 117
f 117 71 73
f 117 73 113
f 113 73 96
f 113 96 111
f 111 96 98
f 111 98 110
f 139 140 110
f 110 140 141
f 110 141 108
f 130 142 129
f 129 142 139
f 129 139 128
f 128 139 110
f 128 110 135
f 135 110 98
f 135 98 79
f 79 98 97
f 79 97 107
f 107 97 106
f 143 144 145
f 146 147 148
f 149 150 151
f 151 150 152
f 153 154 155
f 155 154 156
f 155 156 149
f 149 156 150
f 157 158 159
f 159 158 160
f 159 160 161
f 161 160 162
f 148 147 163
f 164 165 166
f 166 165 148
f 166 148 167
f 163 168 148
f 148 168 169
f 148 169 167
f 170 171 172
f 149 173 155
f 155 173 174
f 155 174 171
f 171 174 175
f 171 175 172
f 176 177 178
f 178 177 160
f 160 177 179
f 160 179 162
f 180 181 182
f 182 181 183
f 182 183 178
f 178 183 184
f 178 184 176
f 185 186 187
f 187 186 188
f 187 188 182
f 182 188 189
f 182 189 180
f 143 145 190
f 164 190 165
f 165 190 145
f 165 145 191
f 191 145 192
f 191 193 165
f 165 193 194
f 165 194 148
f 148 194 195
f 148 195 146
f 172 196 170
f 170 196 197
f 170 197 163
f 163 197 198
f 163 198 168
f 147 185 163
f 163 185 187
f 163 187 170
f 170 187 182
f 170 182 171
f 171 182 178
f 171 178 155
f 155 178 160
f 155 160 153
f 153 160 158
f 199 200 201
f 202 192 145
f 199 201 203
f 203 201 204
f 203 204 205
f 206 207 201
f 201 207 208
f 201 208 204
f 200 202 201
f 201 202 145
f 201 145 206
f 206 145 144
f 209 205 204
f 210 211 212
f 212 211 213
f 208 214 204
f 204 214 212
f 204 212 209
f 209 212 213
f 214 215 212
f 212 215 216
f 212 216 217
f 218 210 219
f 219 210 212
f 219 212 217
f 219 217 220
f 221 222 223
f 224 225 226
f 227 224 228
f 228 224 226
f 228 226 229
f 229 226 230
f 231 232 233
f 234 235 236
f 236 235 233
f 237 231 233
f 237 233 238
f 238 233 235
f 239 240 241
f 239 241 242
f 241 243 242
f 242 243 244
f 242 244 231
f 231 244 245
f 231 245 232
f 246 247 248
f 249 250 246
f 249 251 252
f 252 253 249
f 249 253 254
f 249 254 250
f 246 248 249
f 249 248 255
f 249 255 251
f 256 257 258
f 223 222 259
f 259 222 260
f 259 260 261
f 225 262 226
f 226 262 263
f 226 263 223
f 223 263 264
f 223 264 221
f 261 265 259
f 259 265 266
f 259 266 256
f 256 266 267
f 256 267 257
f 268 269 253
f 253 269 270
f 253 270 254
f 247 271 248
f 248 271 272
f 248 272 239
f 239 272 273
f 239 273 240
f 252 274 253
f 253 274 275
f 253 275 276
f 220 268 219
f 219 268 253
f 219 253 276
f 219 276 218
f 258 255 256
f 256 255 248
f 256 248 259
f 259 248 239
f 259 239 223
f 223 239 242
f 223 242 226
f 226 242 231
f 226 231 230
f 230 231 237
f 277 278 279
f 280 281 282
f 238 235 283
f 235 234 283
f 283 234 284
f 283 284 285
f 228 229 286
f 229 230 286
f 286 230 237
f 287 288 289
f 289 288 290
f 291 292 293
f 293 292 294
f 293 294 288
f 288 294 295
f 288 295 290
f 296 297 298
f 298 297 299
f 298 299 293
f 293 299 300
f 293 300 291
f 296 298 301
f 301 298 302
f 301 302 303
f 304 305 306
f 306 305 307
f 306 307 302
f 302 307 308
f 302 308 303
f 282 281 306
f 306 281 309
f 306 309 304
f 279 278 282
f 282 278 310
f 282 310 280
f 122 121 279
f 279 121 311
f 279 311 277
f 133 134 312
f 131 133 313
f 313 133 314
f 315 316 317
f 317 316 318
f 314 133 312
f 314 312 316
f 316 312 319
f 316 319 318
f 318 319 320
f 318 320 321
f 315 322 316
f 316 322 323
f 316 323 314
f 314 323 324
f 314 324 313
f 325 326 327
f 237 238 286
f 286 238 283
f 286 283 328
f 327 326 329
f 327 330 331
f 331 332 327
f 327 332 321
f 327 321 325
f 325 321 320
f 285 333 283
f 283 333 329
f 283 329 328
f 328 329 326
f 333 334 329
f 329 334 335
f 329 335 327
f 327 335 336
f 327 336 330
f 134 72 312
f 312 72 71
f 332 337 321
f 321 337 338
f 321 338 318
f 318 338 339
f 318 339 317
f 71 122 312
f 312 122 279
f 312 279 319
f 319 279 282
f 319 282 320
f 320 282 306
f 320 306 325
f 325 306 302
f 325 302 326
f 326 302 298
f 326 298 328
f 328 298 293
f 328 293 286
f 286 293 288
f 286 288 228
f 228 288 287
f 228 287 227
f 340 83 85
f 341 342 343
f 344 345 346
f 346 345 347
f 346 347 348
f 349 350 351
f 349 351 352
f 353 354 355
f 356 357 354
f 354 357 358
f 354 358 355
f 359 360 361
f 361 360 362
f 361 362 363
f 363 362 364
f 365 364 354
f 354 364 362
f 354 362 356
f 356 362 366
f 367 341 346
f 346 341 343
f 346 343 344
f 344 343 368
f 369 370 346
f 346 370 371
f 346 371 367
f 372 373 369
f 372 369 374
f 374 369 346
f 374 346 351
f 351 346 348
f 351 348 352
f 375 376 360
f 360 376 377
f 360 377 362
f 362 377 378
f 362 378 366
f 355 379 353
f 353 379 380
f 353 380 343
f 343 380 381
f 343 381 368
f 359 340 360
f 360 340 85
f 360 85 375
f 375 85 382
f 382 85 91
f 342 383 343
f 343 383 384
f 343 384 353
f 353 384 385
f 353 385 354
f 354 385 386
f 354 386 365
f 387 388 389
f 390 391 392
f 393 394 395
f 123 116 396
f 115 109 397
f 398 399 400
f 401 402 400
f 403 404 405
f 406 407 408
f 409 410 411
f 409 411 412
f 413 414 415
f 415 414 416
f 415 416 412
f 417 418 419
f 419 418 420
f 420 421 422
f 422 421 423
f 422 423 415
f 415 423 424
f 415 424 413
f 425 426 417
f 417 426 427
f 417 427 428
f 428 429 417
f 417 429 430
f 417 430 418
f 431 432 425
f 425 432 433
f 425 433 426
f 434 435 431
f 431 435 436
f 431 436 432
f 406 408 437
f 438 439 440
f 440 439 441
f 440 441 442
f 401 400 443
f 443 400 399
f 443 399 444
f 445 446 447
f 447 446 448
f 447 448 449
f 450 451 452
f 84 450 453
f 84 83 450
f 450 83 454
f 450 454 451
f 126 87 453
f 453 87 86
f 453 86 84
f 455 139 142
f 109 108 397
f 397 108 141
f 397 141 455
f 455 141 140
f 455 140 139
f 114 456 457
f 118 119 457
f 457 119 112
f 457 112 114
f 120 125 458
f 458 125 124
f 121 120 459
f 459 120 458
f 459 458 460
f 460 458 461
f 462 463 464
f 464 463 447
f 464 447 400
f 400 447 449
f 400 449 398
f 465 440 405
f 405 440 442
f 405 442 403
f 114 115 456
f 456 115 397
f 456 397 466
f 466 397 455
f 466 455 462
f 462 455 142
f 462 142 463
f 463 142 130
f 463 130 467
f 467 130 75
f 467 75 74
f 74 126 467
f 467 126 453
f 467 453 463
f 463 453 450
f 463 450 447
f 447 450 452
f 447 452 445
f 468 469 470
f 470 469 389
f 470 389 471
f 471 389 388
f 472 473 474
f 474 473 469
f 474 469 475
f 475 469 468
f 476 394 477
f 477 394 393
f 477 393 478
f 472 479 473
f 473 479 480
f 473 480 481
f 481 480 482
f 481 482 483
f 483 461 481
f 481 461 458
f 481 458 396
f 396 458 124
f 396 124 123
f 402 438 400
f 400 438 440
f 400 440 464
f 464 440 465
f 464 465 462
f 462 465 484
f 462 484 466
f 466 484 485
f 466 485 456
f 456 485 486
f 456 486 457
f 404 437 405
f 405 437 408
f 405 408 465
f 465 408 478
f 465 478 484
f 484 478 393
f 484 393 485
f 485 393 395
f 485 395 486
f 412 411 415
f 415 411 487
f 415 487 488
f 391 387 392
f 392 387 389
f 392 389 476
f 476 389 469
f 476 469 394
f 394 469 473
f 394 473 395
f 395 473 481
f 395 481 486
f 486 481 396
f 486 396 457
f 457 396 116
f 457 116 118
f 420 422 419
f 419 422 415
f 419 415 489
f 489 415 488
f 489 488 490
f 407 434 408
f 408 434 431
f 408 431 478
f 478 431 425
f 478 425 477
f 477 425 417
f 477 417 476
f 476 417 419
f 476 419 392
f 392 419 489
f 392 489 390
f 390 489 490
f 491 492 493
f 494 495 496
f 497 498 499
f 500 501 497
f 500 497 502
f 502 497 499
f 502 499 503
f 504 505 506
f 507 508 509
f 509 508 510
f 509 510 504
f 504 510 511
f 504 511 505
f 512 513 514
f 512 514 509
f 509 514 515
f 509 515 507
f 516 517 518
f 518 517 519
f 518 519 512
f 512 519 520
f 512 520 513
f 516 518 521
f 521 518 522
f 521 522 523
f 492 491 524
f 524 491 525
f 524 525 526
f 493 527 491
f 491 527 528
f 491 528 529
f 530 531 532
f 532 531 533
f 532 533 496
f 496 533 534
f 496 534 494
f 535 536 525
f 525 536 537
f 525 537 526
f 538 535 539
f 539 535 525
f 539 525 540
f 540 525 491
f 540 491 541
f 541 491 529
f 541 529 542
f 498 538 499
f 499 538 539
f 499 539 543
f 543 539 540
f 543 540 530
f 530 540 541
f 530 541 531
f 531 541 542
f 544 545 546
f 544 546 495
f 495 546 496
f 496 546 547
f 496 547 548
f 542 549 531
f 531 549 550
f 531 550 533
f 533 550 551
f 533 551 534
f 548 522 496
f 496 522 518
f 496 518 532
f 532 518 512
f 532 512 530
f 530 512 509
f 530 509 543
f 543 509 504
f 543 504 499
f 499 504 506
f 499 506 503
f 552 553 554
f 555 556 557
f 558 559 555
f 560 561 562
f 562 561 563
f 562 563 564
f 560 565 561
f 561 565 566
f 561 566 558
f 558 566 567
f 558 567 559
f 555 557 558
f 558 557 568
f 558 568 569
f 570 561 571
f 571 561 558
f 571 558 572
f 572 558 569
f 554 573 574
f 554 574 575
f 546 545 576
f 575 577 578
f 575 578 554
f 554 578 579
f 554 579 552
f 553 580 554
f 554 580 523
f 554 523 522
f 576 581 546
f 546 581 573
f 546 573 547
f 547 573 554
f 547 554 548
f 548 554 522
f 582 4 6
f 570 583 561
f 561 583 584
f 561 584 563
f 563 584 585
f 563 585 6
f 6 585 586
f 6 586 582
f 6 8 563
f 563 8 587
f 563 587 564
f 574 588 575
f 575 588 589
f 575 589 557
f 557 589 590
f 557 590 568
f 556 591 557
f 557 591 592
f 557 592 575
f 575 592 593
f 575 593 577
f 594 595 596
f 597 598 599
f 600 601 594
f 602 603 604
f 605 606 607
f 608 609 610
f 611 612 613
f 614 615 616
f 60 24 617
f 618 26 619
f 619 26 27
f 60 617 14
f 15 620 17
f 17 620 621
f 17 621 19
f 19 622 20
f 20 622 623
f 20 623 21
f 21 623 22
f 11 13 623
f 623 13 23
f 623 23 22
f 597 65 598
f 598 65 2
f 598 2 1
f 69 67 597
f 597 67 66
f 597 66 65
f 70 624 54
f 54 624 625
f 54 625 55
f 55 625 9
f 8 9 626
f 626 9 625
f 626 625 627
f 627 614 628
f 628 614 629
f 629 614 613
f 613 614 616
f 613 616 611
f 610 630 631
f 631 630 632
f 631 632 611
f 611 632 633
f 611 633 612
f 634 635 631
f 631 635 636
f 631 636 610
f 610 636 637
f 610 637 608
f 638 639 640
f 640 639 641
f 640 641 642
f 643 644 645
f 645 644 646
f 643 645 647
f 647 645 648
f 647 648 649
f 603 650 604
f 604 650 651
f 604 651 648
f 648 651 652
f 648 652 649
f 653 654 655
f 654 653 656
f 656 653 596
f 656 596 657
f 657 596 595
f 657 595 658
f 594 659 660
f 660 661 594
f 594 661 662
f 594 662 595
f 595 662 663
f 595 663 658
f 659 594 664
f 664 594 601
f 664 601 665
f 666 667 668
f 668 667 669
f 670 671 672
f 672 671 666
f 673 674 675
f 675 674 676
f 675 676 677
f 678 679 673
f 673 679 680
f 680 681 673
f 673 681 682
f 673 682 674
f 683 684 678
f 678 684 685
f 678 685 679
f 683 678 686
f 686 678 687
f 686 687 688
f 688 687 617
f 688 617 618
f 618 617 24
f 618 24 26
f 19 621 622
f 622 621 689
f 622 689 623
f 690 691 692
f 692 691 693
f 70 69 624
f 624 69 597
f 624 597 693
f 693 597 599
f 693 599 692
f 616 694 611
f 611 694 640
f 611 640 631
f 631 640 642
f 631 642 634
f 655 602 653
f 653 602 604
f 653 604 690
f 690 604 648
f 690 648 691
f 691 648 645
f 691 645 607
f 607 645 646
f 607 646 605
f 627 625 614
f 614 625 624
f 614 624 615
f 615 624 693
f 615 693 616
f 616 693 691
f 616 691 694
f 694 691 607
f 694 607 640
f 640 607 606
f 640 606 638
f 666 668 672
f 672 668 695
f 672 695 696
f 696 695 697
f 696 697 698
f 698 697 699
f 698 699 689
f 689 699 700
f 689 700 623
f 15 14 620
f 620 14 617
f 620 617 621
f 621 617 687
f 621 687 689
f 689 687 678
f 689 678 698
f 698 678 673
f 698 673 696
f 696 673 675
f 696 675 672
f 672 675 677
f 672 677 670
f 1 11 598
f 598 11 623
f 598 623 599
f 599 623 700
f 599 700 692
f 692 700 699
f 692 699 690
f 690 699 697
f 690 697 653
f 653 697 695
f 653 695 596
f 596 695 668
f 596 668 594
f 594 668 669
f 594 669 600
f 701 702 703
f 703 702 704
f 705 706 707
f 158 157 708
f 708 157 709
f 708 709 710
f 156 154 708
f 708 154 153
f 708 153 158
f 152 150 711
f 712 713 714
f 714 713 715
f 714 715 716
f 710 717 708
f 708 717 718
f 708 718 707
f 707 718 719
f 707 719 705
f 706 720 707
f 707 720 721
f 707 721 715
f 715 721 722
f 715 722 716
f 723 724 711
f 711 724 725
f 711 725 152
f 726 727 728
f 728 727 729
f 728 729 730
f 730 729 731
f 39 38 732
f 732 38 41
f 41 59 732
f 732 59 733
f 732 733 703
f 703 733 734
f 703 734 701
f 726 724 727
f 727 724 723
f 727 723 729
f 729 723 735
f 729 735 736
f 736 735 737
f 736 737 704
f 704 737 738
f 704 738 703
f 703 738 739
f 703 739 732
f 732 739 740
f 732 740 39
f 741 742 743
f 743 742 744
f 25 61 740
f 740 61 39
f 741 743 745
f 745 743 746
f 745 746 747
f 747 746 748
f 748 746 749
f 748 749 750
f 712 751 713
f 713 751 752
f 713 752 749
f 749 752 753
f 749 753 750
f 702 754 704
f 704 754 755
f 704 755 736
f 736 755 756
f 736 756 729
f 729 756 757
f 729 757 731
f 150 156 711
f 711 156 708
f 711 708 723
f 723 708 707
f 723 707 735
f 735 707 715
f 735 715 737
f 737 715 713
f 737 713 738
f 738 713 749
f 738 749 739
f 739 749 746
f 739 746 740
f 740 746 743
f 740 743 25
f 25 743 744
f 25 744 27
f 758 759 760
f 761 762 763
f 763 762 764
f 765 766 767
f 765 767 761
f 764 762 768
f 768 762 769
f 768 769 770
f 771 772 773
f 773 772 774
f 775 776 777
f 777 776 778
f 777 778 779
f 780 775 781
f 781 775 777
f 781 777 782
f 782 777 783
f 784 783 785
f 785 783 777
f 785 777 773
f 773 777 779
f 773 779 771
f 786 787 788
f 788 787 760
f 759 789 760
f 760 789 790
f 760 790 791
f 791 792 760
f 760 792 793
f 760 793 788
f 794 795 796
f 796 795 797
f 796 797 798
f 798 797 799
f 797 800 799
f 799 800 801
f 799 801 802
f 803 804 805
f 805 804 794
f 805 794 767
f 786 784 787
f 787 784 785
f 787 785 806
f 806 785 773
f 806 773 769
f 769 773 774
f 769 774 770
f 374 351 805
f 766 807 767
f 767 807 373
f 767 373 805
f 805 373 372
f 805 372 374
f 803 805 808
f 808 805 351
f 808 351 350
f 804 809 794
f 794 809 810
f 794 810 795
f 795 810 811
f 795 811 797
f 797 811 812
f 797 812 800
f 761 767 762
f 762 767 794
f 762 794 769
f 769 794 796
f 769 796 806
f 806 796 798
f 806 798 787
f 787 798 799
f 787 799 760
f 760 799 802
f 760 802 758
f 813 814 815
f 759 758 816
f 347 345 817
f 356 366 818
f 127 138 819
f 214 208 820
f 207 206 821
f 166 167 822
f 63 62 823
f 582 586 824
f 816 527 493
f 493 825 816
f 816 825 826
f 816 826 827
f 827 828 816
f 816 828 829
f 816 829 830
f 551 550 831
f 831 550 549
f 549 542 831
f 831 542 529
f 831 529 816
f 816 529 528
f 816 528 527
f 544 495 832
f 832 495 494
f 832 494 831
f 831 494 534
f 831 534 551
f 544 832 545
f 545 832 833
f 545 833 576
f 834 574 835
f 835 574 573
f 835 573 581
f 836 569 568
f 590 589 834
f 834 589 588
f 834 588 574
f 837 570 571
f 586 585 824
f 824 585 584
f 824 584 837
f 837 584 583
f 837 583 570
f 52 51 838
f 838 51 50
f 838 50 5
f 48 47 839
f 44 43 840
f 840 43 28
f 840 28 30
f 30 32 840
f 840 32 33
f 840 33 823
f 823 33 64
f 823 64 63
f 56 841 57
f 57 841 58
f 34 36 840
f 840 36 45
f 840 45 44
f 734 733 814
f 841 815 58
f 58 815 814
f 58 814 59
f 59 814 733
f 755 754 814
f 754 702 814
f 814 702 701
f 814 701 734
f 813 728 730
f 730 731 813
f 813 731 757
f 813 757 814
f 814 757 756
f 814 756 755
f 152 725 842
f 842 725 724
f 842 724 726
f 174 173 843
f 843 173 149
f 843 149 842
f 842 149 151
f 842 151 152
f 196 843 197
f 197 843 844
f 196 172 843
f 843 172 175
f 843 175 174
f 169 168 844
f 844 168 198
f 844 198 197
f 166 822 164
f 821 206 845
f 206 144 845
f 845 144 143
f 845 143 822
f 822 143 190
f 822 190 164
f 846 268 220
f 220 217 847
f 847 217 216
f 847 216 215
f 247 246 848
f 848 246 250
f 250 254 848
f 848 254 270
f 848 270 269
f 849 236 233
f 233 232 849
f 849 232 245
f 849 245 244
f 243 241 850
f 241 240 850
f 850 240 273
f 850 273 272
f 851 852 849
f 849 852 336
f 849 336 335
f 335 334 849
f 849 334 333
f 849 333 285
f 285 284 849
f 849 284 234
f 849 234 236
f 332 331 852
f 852 331 330
f 852 330 336
f 339 852 317
f 317 852 315
f 339 338 852
f 852 338 337
f 852 337 332
f 131 313 853
f 853 313 324
f 853 324 851
f 851 324 323
f 851 323 852
f 852 323 322
f 852 322 315
f 103 102 853
f 853 102 132
f 853 132 131
f 77 107 854
f 107 106 854
f 854 106 105
f 854 105 104
f 136 100 855
f 855 100 99
f 855 99 854
f 854 99 78
f 854 78 77
f 856 80 819
f 819 80 90
f 819 90 127
f 91 92 857
f 92 93 857
f 857 93 94
f 857 94 856
f 856 94 81
f 856 81 80
f 382 858 375
f 375 858 859
f 375 859 376
f 376 859 377
f 818 366 859
f 859 366 378
f 859 378 377
f 380 379 860
f 860 379 355
f 860 355 861
f 861 355 358
f 861 358 357
f 345 344 817
f 817 344 368
f 817 368 860
f 860 368 381
f 860 381 380
f 349 352 862
f 862 352 348
f 862 348 347
f 349 863 350
f 350 863 833
f 350 833 808
f 808 833 832
f 808 832 803
f 816 758 831
f 831 758 802
f 831 802 801
f 801 800 831
f 831 800 812
f 831 812 811
f 811 810 831
f 831 810 809
f 831 809 832
f 832 809 804
f 832 804 803
f 830 864 816
f 816 864 865
f 816 865 866
f 866 867 816
f 816 867 868
f 816 868 869
f 869 790 816
f 816 790 789
f 816 789 759
f 870 839 838
f 838 839 47
f 838 47 52
f 56 34 841
f 841 34 840
f 841 840 871
f 871 840 823
f 871 823 839
f 839 823 62
f 839 62 48
f 872 873 874
f 874 873 875
f 874 875 876
f 877 878 879
f 879 878 880
f 879 880 881
f 881 880 882
f 881 882 883
f 883 884 881
f 881 884 885
f 881 885 879
f 879 885 886
f 879 886 877
f 843 876 844
f 844 876 875
f 844 875 886
f 886 875 873
f 886 873 877
f 877 873 872
f 877 872 878
f 884 821 885
f 885 821 845
f 885 845 886
f 886 845 822
f 886 822 844
f 844 822 167
f 844 167 169
f 887 888 889
f 890 891 892
f 893 894 856
f 856 894 858
f 856 858 857
f 857 858 382
f 857 382 91
f 138 137 819
f 819 137 136
f 819 136 856
f 856 136 855
f 856 855 893
f 893 855 854
f 893 854 853
f 853 854 104
f 853 104 103
f 895 888 896
f 896 888 887
f 896 887 897
f 897 887 898
f 897 898 899
f 899 898 847
f 899 847 820
f 820 847 215
f 820 215 214
f 890 892 900
f 900 892 848
f 900 848 846
f 846 848 269
f 846 269 268
f 220 847 846
f 846 847 898
f 846 898 900
f 900 898 887
f 900 887 890
f 890 887 889
f 890 889 891
f 272 271 850
f 850 271 247
f 850 247 901
f 901 247 848
f 901 848 902
f 902 848 892
f 902 892 903
f 903 892 891
f 349 862 863
f 863 862 835
f 863 835 833
f 833 835 581
f 833 581 576
f 904 895 905
f 905 895 896
f 905 896 882
f 882 896 897
f 882 897 883
f 883 897 899
f 883 899 884
f 884 899 820
f 884 820 821
f 821 820 208
f 821 208 207
f 893 906 894
f 894 906 907
f 894 907 858
f 858 907 908
f 858 908 859
f 859 908 861
f 859 861 818
f 818 861 357
f 818 357 356
f 244 243 849
f 849 243 850
f 849 850 851
f 851 850 901
f 851 901 853
f 853 901 902
f 853 902 893
f 893 902 903
f 893 903 906
f 906 903 891
f 906 891 907
f 907 891 889
f 907 889 908
f 908 889 888
f 908 888 861
f 861 888 895
f 861 895 860
f 860 895 904
f 860 904 817
f 909 910 911
f 911 910 912
f 911 912 836
f 836 912 572
f 836 572 569
f 568 590 836
f 836 590 834
f 836 834 911
f 911 834 835
f 911 835 909
f 909 835 862
f 5 4 838
f 838 4 582
f 838 582 870
f 870 582 824
f 870 824 913
f 913 824 837
f 913 837 912
f 912 837 571
f 912 571 572
f 347 817 862
f 862 817 904
f 862 904 909
f 909 904 905
f 909 905 910
f 910 905 882
f 910 882 912
f 912 882 880
f 912 880 913
f 913 880 878
f 913 878 870
f 870 878 872
f 870 872 839
f 839 872 874
f 839 874 871
f 871 874 876
f 871 876 841
f 841 876 843
f 841 843 815
f 815 843 842
f 815 842 813
f 813 842 726
f 813 726 728
f 914 915 916
f 917 918 919
f 918 917 920
f 920 917 921
f 920 921 922
f 922 921 923
f 923 921 924
f 923 924 925
f 926 927 924
f 924 927 928
f 924 928 929
f 930 931 929
f 929 931 932
f 929 932 924
f 924 932 933
f 924 933 925
f 493 492 825
f 825 492 934
f 825 934 826
f 537 935 526
f 526 935 934
f 526 934 524
f 524 934 492
f 537 536 935
f 935 536 535
f 935 535 916
f 535 538 916
f 916 538 498
f 916 498 914
f 914 498 497
f 914 497 936
f 936 497 501
f 828 827 937
f 937 827 826
f 826 934 937
f 937 934 935
f 937 935 938
f 938 935 916
f 938 916 939
f 828 917 829
f 829 917 919
f 829 919 830
f 915 940 916
f 916 940 941
f 916 941 939
f 939 941 942
f 939 942 943
f 828 937 917
f 917 937 938
f 917 938 921
f 921 938 939
f 921 939 924
f 924 939 943
f 924 943 926
f 944 945 946
f 947 948 949
f 950 951 952
f 192 953 191
f 191 953 954
f 195 194 954
f 954 194 193
f 954 193 191
f 185 147 955
f 955 147 146
f 955 146 195
f 183 181 956
f 956 181 180
f 189 188 957
f 957 188 186
f 957 186 185
f 180 189 956
f 956 189 957
f 956 957 958
f 958 957 185
f 958 185 959
f 959 185 955
f 179 177 960
f 960 177 176
f 960 176 184
f 952 161 162
f 961 157 159
f 161 952 159
f 159 952 951
f 159 951 961
f 962 963 964
f 963 965 964
f 964 965 966
f 964 966 947
f 967 968 969
f 970 971 972
f 973 971 974
f 974 971 970
f 974 970 975
f 976 977 973
f 973 977 978
f 973 978 971
f 975 970 979
f 979 970 980
f 979 980 981
f 982 983 980
f 980 983 984
f 984 985 980
f 980 985 986
f 980 986 981
f 987 988 982
f 982 988 989
f 982 989 983
f 990 991 987
f 987 991 992
f 987 992 988
f 993 994 995
f 995 994 996
f 995 996 987
f 987 996 997
f 987 997 990
f 998 999 1000
f 1000 999 993
f 1000 993 1001
f 1001 993 995
f 1001 995 1002
f 953 1003 954
f 954 1003 1004
f 954 1004 1005
f 1005 1004 1006
f 1005 1006 1007
f 195 954 955
f 955 954 1005
f 955 1005 959
f 959 1005 1008
f 959 1008 958
f 968 962 969
f 969 962 964
f 969 964 1009
f 1008 1010 958
f 958 1010 1011
f 958 1011 956
f 956 1011 960
f 956 960 183
f 183 960 184
f 948 950 949
f 949 950 952
f 949 952 1012
f 972 967 970
f 970 967 969
f 970 969 980
f 980 969 1009
f 980 1009 982
f 947 949 964
f 964 949 1012
f 964 1012 1009
f 1009 1012 1013
f 1009 1013 982
f 982 1013 1014
f 982 1014 987
f 987 1014 946
f 987 946 995
f 995 946 945
f 995 945 1002
f 1007 944 1005
f 1005 944 946
f 1005 946 1008
f 1008 946 1014
f 1008 1014 1010
f 1010 1014 1013
f 1010 1013 1011
f 1011 1013 1012
f 1011 1012 960
f 960 1012 952
f 960 952 179
f 179 952 162
f 1015 1016 1017
f 205 1018 203
f 203 1018 1019
f 203 1019 199
f 953 192 202
f 1020 202 200
f 1021 944 1020
f 1020 944 1007
f 1007 1006 1020
f 1020 1006 1004
f 1020 1004 202
f 202 1004 1003
f 202 1003 953
f 1000 1001 1021
f 1001 1002 1021
f 1021 1002 945
f 1021 945 944
f 998 1000 1022
f 1022 1000 1017
f 1022 1017 1023
f 1023 1017 1024
f 1024 1017 1016
f 1024 1016 1025
f 1000 1021 1017
f 1017 1021 1026
f 1017 1026 1015
f 200 199 1020
f 1020 199 1019
f 1020 1019 1021
f 1021 1019 1027
f 1021 1027 1026
f 1028 1029 1030
f 1031 1032 1030
f 1030 1032 1025
f 1030 1025 1016
f 1031 1030 1033
f 1033 1030 1029
f 1033 1029 1034
f 1035 1036 1037
f 1037 1036 1038
f 1035 1037 1039
f 1039 1037 1040
f 1039 1040 1041
f 1040 213 211
f 1041 1040 1042
f 1042 1040 211
f 1042 211 210
f 218 1043 210
f 210 1043 1044
f 210 1044 1042
f 1016 1015 1030
f 1030 1015 1037
f 1030 1037 1028
f 1028 1037 1038
f 205 209 1018
f 1018 209 213
f 1018 213 1019
f 1019 213 1040
f 1019 1040 1027
f 1027 1040 1037
f 1027 1037 1026
f 1026 1037 1015
f 1045 1046 1047
f 258 257 1048
f 265 261 1049
f 1050 1051 1045
f 1052 1034 1029
f 1052 1029 1053
f 1053 1029 1054
f 1054 1029 1055
f 1054 1055 1056
f 1057 1058 1059
f 1059 1058 1060
f 1061 1062 1055
f 1055 1062 1063
f 1055 1063 1056
f 1064 1065 1066
f 1066 1065 1067
f 1066 1067 1057
f 1068 1069 1046
f 1051 1070 1045
f 1045 1070 1071
f 1045 1071 1046
f 1046 1071 1072
f 1046 1072 1068
f 1073 1074 1075
f 1075 1074 1076
f 1077 1078 1079
f 1074 1050 1076
f 1076 1050 1045
f 1076 1045 1080
f 1080 1045 1081
f 1078 1077 1082
f 1082 1077 1083
f 1082 1083 1084
f 1085 1086 1087
f 1087 1086 1088
f 1087 1088 1083
f 1083 1088 1089
f 1083 1089 1084
f 224 227 1090
f 264 263 1091
f 1090 1092 224
f 224 1092 1093
f 224 1093 225
f 225 1093 1091
f 225 1091 262
f 262 1091 263
f 260 222 1094
f 1094 222 221
f 1094 221 264
f 265 1049 266
f 258 1048 255
f 274 252 1095
f 1095 252 251
f 276 275 1096
f 1096 275 274
f 274 1095 1096
f 1096 1095 1097
f 1096 1097 1098
f 218 276 1043
f 1043 276 1096
f 1043 1096 1044
f 1044 1096 1098
f 1044 1098 1042
f 1042 1098 1041
f 1099 1035 1098
f 1098 1035 1039
f 1098 1039 1041
f 1029 1028 1055
f 1055 1028 1038
f 1055 1038 1099
f 1099 1038 1036
f 1099 1036 1035
f 1057 1059 1066
f 1066 1059 1100
f 1066 1100 1101
f 257 267 1048
f 1048 267 1102
f 1048 1102 1103
f 1103 1102 1101
f 1103 1101 1104
f 1104 1101 1100
f 267 266 1102
f 1102 266 1049
f 1102 1049 1094
f 1094 1049 261
f 1094 261 260
f 1093 1085 1091
f 1091 1085 1087
f 1091 1087 1105
f 1105 1087 1083
f 1105 1083 1047
f 1047 1083 1077
f 1047 1077 1045
f 1045 1077 1079
f 1045 1079 1081
f 264 1091 1094
f 1094 1091 1105
f 1094 1105 1102
f 1102 1105 1047
f 1102 1047 1101
f 1101 1047 1046
f 1101 1046 1066
f 1066 1046 1069
f 1066 1069 1064
f 251 255 1095
f 1095 255 1048
f 1095 1048 1097
f 1097 1048 1103
f 1097 1103 1098
f 1098 1103 1104
f 1098 1104 1099
f 1099 1104 1100
f 1099 1100 1055
f 1055 1100 1059
f 1055 1059 1061
f 1061 1059 1060
f 1106 1107 1108
f 1080 1081 1109
f 482 480 1110
f 474 475 1111
f 1112 1113 1114
f 1112 1114 1115
f 1115 1114 1116
f 1115 1116 1117
f 1117 1116 1118
f 1118 1116 1119
f 1118 1119 1120
f 1121 1122 1119
f 1119 1122 1123
f 1123 1124 1119
f 1119 1124 1125
f 1119 1125 1120
f 1126 1127 1128
f 1128 1127 1129
f 1130 1131 1132
f 1132 1131 1133
f 1132 1133 1134
f 1135 487 411
f 411 410 1135
f 1135 410 1136
f 1135 1136 1137
f 1137 1138 1135
f 1135 1138 1139
f 1135 1139 1140
f 487 1135 488
f 488 1135 1141
f 488 1141 490
f 1142 391 1141
f 1141 391 390
f 1141 390 490
f 1143 388 1142
f 1142 388 387
f 1142 387 391
f 468 470 1143
f 1143 470 471
f 1143 471 388
f 1144 479 472
f 1107 461 483
f 278 277 1106
f 1106 277 311
f 461 1107 460
f 460 1107 1106
f 460 1106 459
f 459 1106 311
f 459 311 121
f 309 281 1145
f 1145 281 280
f 1145 280 310
f 307 305 1146
f 1146 305 304
f 1146 304 309
f 297 296 1147
f 1147 296 301
f 1147 301 1148
f 1148 301 303
f 1148 303 308
f 292 291 1149
f 1149 291 300
f 1149 300 1147
f 1147 300 299
f 1147 299 297
f 1150 1151 1152
f 1152 1151 287
f 1152 287 289
f 294 1150 295
f 295 1150 1152
f 295 1152 290
f 290 1152 289
f 1079 1078 1153
f 1153 1078 1082
f 1153 1082 1084
f 1081 1079 1154
f 1080 1109 1076
f 1113 1073 1114
f 1114 1073 1075
f 1114 1075 1076
f 1079 1153 1154
f 1154 1153 1155
f 1154 1155 1156
f 1156 1155 1157
f 1156 1157 1158
f 1158 1157 1159
f 1158 1159 1160
f 1076 1109 1114
f 1114 1109 1161
f 1114 1161 1116
f 1116 1161 1162
f 1116 1162 1119
f 1119 1162 1163
f 1119 1163 1121
f 1081 1154 1109
f 1109 1154 1156
f 1109 1156 1161
f 1161 1156 1158
f 1161 1158 1162
f 1162 1158 1160
f 1162 1160 1163
f 475 468 1111
f 1111 468 1143
f 1111 1143 1164
f 1164 1143 1142
f 1164 1142 1165
f 1165 1142 1141
f 1165 1141 1166
f 1166 1141 1135
f 1166 1135 1132
f 1132 1135 1140
f 1132 1140 1130
f 309 1145 1146
f 1146 1145 1167
f 1146 1167 307
f 472 474 1144
f 1144 474 1111
f 1144 1111 1168
f 1168 1111 1164
f 1168 1164 1169
f 1169 1164 1165
f 1169 1165 1170
f 1170 1165 1166
f 1170 1166 1171
f 1171 1166 1132
f 1171 1132 1128
f 1128 1132 1134
f 1128 1134 1126
f 480 479 1110
f 1110 479 1144
f 1110 1144 1172
f 1172 1144 1168
f 1172 1168 1173
f 1173 1168 1169
f 1173 1169 1159
f 1159 1169 1170
f 1159 1170 1160
f 1160 1170 1171
f 1160 1171 1163
f 1163 1171 1128
f 1163 1128 1121
f 1121 1128 1129
f 1121 1129 1122
f 1092 1090 1151
f 1151 1090 227
f 1151 227 287
f 1148 1174 1147
f 1147 1174 1150
f 1147 1150 1149
f 1149 1150 294
f 1149 294 292
f 1089 1088 1175
f 1175 1088 1086
f 1085 1093 1176
f 1086 1085 1175
f 1175 1085 1176
f 1175 1176 1177
f 1177 1176 1178
f 1177 1178 1179
f 1179 1178 1180
f 1179 1180 1181
f 1181 1180 1182
f 1181 1182 1183
f 1183 1182 1167
f 1183 1167 1108
f 1108 1167 1145
f 1108 1145 1106
f 1106 1145 310
f 1106 310 278
f 1093 1092 1176
f 1176 1092 1151
f 1176 1151 1178
f 1178 1151 1150
f 1178 1150 1180
f 1180 1150 1174
f 1180 1174 1182
f 1182 1174 1148
f 1182 1148 1167
f 1167 1148 308
f 1167 308 307
f 483 482 1107
f 1107 482 1110
f 1107 1110 1108
f 1108 1110 1172
f 1108 1172 1183
f 1183 1172 1173
f 1183 1173 1181
f 1181 1173 1159
f 1181 1159 1179
f 1179 1159 1157
f 1179 1157 1177
f 1177 1157 1155
f 1177 1155 1175
f 1175 1155 1153
f 1175 1153 1089
f 1089 1153 1084
f 1184 1185 1186
f 1187 1188 1189
f 445 452 1190
f 83 340 454
f 454 340 1190
f 454 1190 451
f 451 1190 452
f 1191 449 448
f 1192 444 399
f 1193 1194 1195
f 1195 1194 1196
f 449 1191 398
f 398 1191 1195
f 398 1195 399
f 399 1195 1196
f 399 1196 1192
f 1197 1198 1199
f 1198 1200 1199
f 1199 1200 1201
f 1199 1201 1202
f 1187 1189 1203
f 1204 1205 1206
f 1206 1205 1207
f 1206 1207 1208
f 1184 367 1185
f 1185 367 371
f 1185 371 370
f 373 1209 369
f 369 1209 1210
f 369 1210 1211
f 383 342 1184
f 1184 342 341
f 1184 341 367
f 365 386 1212
f 1212 386 385
f 1212 385 1213
f 1213 385 384
f 1213 384 383
f 340 359 1190
f 1190 359 361
f 1190 361 363
f 448 446 1191
f 1191 446 445
f 1191 445 1214
f 1214 445 1190
f 1214 1190 1215
f 1215 1190 363
f 1215 363 364
f 1214 1216 1191
f 1191 1216 1199
f 1191 1199 1195
f 1195 1199 1202
f 1195 1202 1193
f 1217 1204 1218
f 1218 1204 1206
f 1218 1206 1219
f 1219 1206 1186
f 1219 1186 1220
f 1220 1186 1221
f 383 1184 1213
f 1213 1184 1186
f 1213 1186 1222
f 1222 1186 1206
f 1222 1206 1189
f 1189 1206 1208
f 1189 1208 1203
f 1221 1186 1223
f 1223 1186 1185
f 1223 1185 1211
f 1211 1185 370
f 1211 370 369
f 1188 1197 1189
f 1189 1197 1199
f 1189 1199 1222
f 1222 1199 1216
f 1222 1216 1213
f 1213 1216 1214
f 1213 1214 1212
f 1212 1214 1215
f 1212 1215 365
f 365 1215 364
f 1224 401 1225
f 1225 401 443
f 1225 443 1226
f 1226 443 444
f 1226 444 1227
f 406 437 1228
f 1228 437 404
f 404 403 1228
f 1228 403 442
f 1228 442 1229
f 1229 442 441
f 1229 441 1230
f 1230 441 439
f 1230 439 1231
f 1231 439 438
f 1231 438 1224
f 1224 438 402
f 1224 402 401
f 1228 1232 406
f 406 1232 1233
f 406 1233 407
f 407 1233 1234
f 407 1234 434
f 434 1234 1235
f 434 1235 435
f 435 1235 1236
f 429 428 1237
f 1237 428 427
f 1237 427 1238
f 427 426 1238
f 1238 426 433
f 1238 433 1239
f 1239 433 432
f 1239 432 1236
f 1236 432 436
f 1236 436 435
f 1237 1240 429
f 429 1240 1241
f 429 1241 430
f 430 1241 1242
f 430 1242 418
f 418 1242 420
f 420 1242 1243
f 420 1243 421
f 1243 1244 421
f 421 1244 1245
f 421 1245 423
f 423 1245 1246
f 423 1246 424
f 1247 1248 413
f 424 1246 413
f 413 1246 1249
f 413 1249 1247
f 1250 410 409
f 1250 409 1251
f 409 412 1251
f 1251 412 416
f 1251 416 1248
f 1248 416 414
f 1248 414 413
f 1252 517 1253
f 1253 517 516
f 1253 516 521
f 514 513 1254
f 1254 513 520
f 1254 520 1252
f 1252 520 519
f 1252 519 517
f 514 1254 515
f 515 1254 1255
f 515 1255 507
f 1256 510 1255
f 1255 510 508
f 1255 508 507
f 503 506 1257
f 1257 506 505
f 1257 505 1256
f 1256 505 511
f 1256 511 510
f 503 1257 502
f 502 1257 1258
f 502 1258 500
f 500 1258 1259
f 500 1259 501
f 1260 1261 1257
f 1261 1262 1257
f 1257 1262 1263
f 1257 1263 1258
f 1264 1265 1266
f 1266 1265 1267
f 1266 1267 1268
f 1269 1270 1271
f 1272 1269 1273
f 1273 1269 1271
f 1273 1271 1274
f 1274 1271 1275
f 1274 1275 1276
f 1277 1278 1279
f 1279 1278 1280
f 1279 1280 1281
f 1281 1280 1282
f 1281 1282 1283
f 1284 1285 1279
f 1279 1285 1286
f 1279 1286 1277
f 1277 1286 1287
f 1277 1287 1288
f 1289 1290 1291
f 1291 1290 1292
f 1291 1292 1293
f 1294 1281 1275
f 1275 1281 1283
f 1275 1283 1276
f 1270 1264 1271
f 1271 1264 1266
f 1271 1266 1275
f 1275 1266 1295
f 1275 1295 1294
f 1293 1284 1291
f 1291 1284 1279
f 1291 1279 1296
f 1296 1279 1281
f 1296 1281 1297
f 1297 1281 1294
f 1268 1260 1266
f 1266 1260 1257
f 1266 1257 1295
f 1295 1257 1256
f 1295 1256 1294
f 1294 1256 1255
f 1294 1255 1297
f 1297 1255 1254
f 1297 1254 1296
f 1296 1254 1252
f 1296 1252 1291
f 1291 1252 1253
f 1291 1253 1289
f 1289 1253 521
f 1289 521 523
f 1298 1299 1300
f 1301 1302 1300
f 1303 1304 1305
f 1306 1288 1287
f 560 562 1307
f 8 626 587
f 587 626 1307
f 587 1307 564
f 564 1307 562
f 567 566 1308
f 1308 566 565
f 555 559 1309
f 1309 559 567
f 555 1309 556
f 556 1309 1310
f 556 1310 591
f 578 577 1311
f 1311 577 593
f 1311 593 1310
f 1310 593 592
f 1310 592 591
f 578 1311 579
f 579 1311 1312
f 579 1312 552
f 1292 1290 580
f 580 1290 1289
f 580 1289 523
f 1292 580 1312
f 1312 580 553
f 1312 553 552
f 1313 1314 1301
f 1315 1316 1317
f 1317 1316 1318
f 1314 1319 1301
f 1301 1319 1320
f 1301 1320 1321
f 1304 1322 1305
f 1305 1322 1323
f 1305 1323 1317
f 1317 1323 1324
f 1317 1324 1315
f 1325 1326 1327
f 1327 1326 1328
f 1327 1328 1305
f 1305 1328 1329
f 1305 1329 1303
f 609 1325 610
f 610 1325 1327
f 610 1327 630
f 630 1327 632
f 1330 612 633
f 1299 1298 1330
f 1330 1298 613
f 1330 613 612
f 565 560 1308
f 1308 560 1307
f 1308 1307 1298
f 626 627 1307
f 1307 627 628
f 1307 628 1298
f 1298 628 629
f 1298 629 613
f 1321 1306 1301
f 1301 1306 1287
f 1301 1287 1302
f 1302 1287 1286
f 633 632 1330
f 1330 632 1327
f 1330 1327 1299
f 1299 1327 1305
f 1299 1305 1300
f 1300 1305 1317
f 1300 1317 1301
f 1301 1317 1318
f 1301 1318 1313
f 1286 1285 1302
f 1302 1285 1284
f 1302 1284 1293
f 567 1308 1309
f 1309 1308 1298
f 1309 1298 1310
f 1310 1298 1300
f 1310 1300 1311
f 1311 1300 1302
f 1311 1302 1312
f 1312 1302 1293
f 1312 1293 1292
f 609 608 1331
f 1331 608 637
f 1331 637 1332
f 1332 637 636
f 1332 636 1333
f 1333 636 635
f 1333 635 1334
f 1334 635 634
f 1334 634 1335
f 634 642 1335
f 1335 642 641
f 1335 641 1336
f 1336 641 639
f 1336 639 1337
f 639 638 1337
f 1337 638 606
f 1337 606 1338
f 606 605 1338
f 1338 605 646
f 1338 646 1339
f 1339 646 644
f 1339 644 1340
f 644 643 1340
f 1340 643 647
f 1340 647 1341
f 1341 647 1342
f 1342 647 649
f 1342 649 1343
f 649 652 1343
f 1343 652 651
f 1343 651 1344
f 1344 651 650
f 1344 650 1345
f 1345 650 603
f 1346 1347 654
f 654 1347 1348
f 654 1348 655
f 655 1348 1349
f 655 1349 602
f 602 1349 1350
f 602 1350 603
f 603 1350 1351
f 603 1351 1345
f 654 656 1346
f 1346 656 657
f 1346 657 1352
f 1352 657 658
f 1352 658 1353
f 1353 658 663
f 1353 663 1354
f 1354 663 662
f 1354 662 1355
f 1355 662 661
f 1355 661 1356
f 664 665 1357
f 1357 1358 664
f 664 1358 1359
f 664 1359 659
f 659 1359 1356
f 659 1356 660
f 660 1356 661
f 1360 1361 1362
f 601 600 1362
f 741 745 1363
f 706 705 1364
f 709 157 961
f 719 718 1365
f 1365 718 717
f 1364 705 1366
f 722 721 1364
f 1364 721 720
f 1364 720 706
f 752 751 1367
f 1367 751 712
f 1367 712 714
f 747 748 1368
f 1368 748 750
f 1368 750 753
f 1369 744 742
f 27 744 619
f 619 744 1369
f 619 1369 618
f 618 1369 1370
f 1371 686 1370
f 1370 686 688
f 1370 688 618
f 685 684 1371
f 1371 684 683
f 1371 683 686
f 680 679 1372
f 1372 679 1373
f 1374 682 1372
f 1372 682 681
f 1372 681 680
f 677 676 1374
f 1374 676 674
f 1374 674 682
f 669 667 1375
f 1375 667 666
f 1375 666 671
f 1361 1376 1362
f 1362 1376 1377
f 1362 1377 601
f 601 1377 1378
f 601 1378 665
f 1379 1380 1381
f 1381 1380 1382
f 1381 1382 1362
f 1362 1382 1383
f 1362 1383 1360
f 1384 1385 1386
f 1384 1386 1381
f 1381 1386 1387
f 1381 1387 1379
f 1388 1389 1384
f 1384 1389 1390
f 1384 1390 1385
f 1391 1392 1388
f 1388 1392 1393
f 1388 1393 1389
f 1394 1395 1396
f 1396 1395 1397
f 1396 1397 1398
f 1399 1400 1401
f 1401 1400 1402
f 1401 1402 1403
f 971 978 1404
f 1404 978 977
f 977 976 1405
f 977 1405 1404
f 1404 1405 1406
f 1404 1406 1407
f 745 747 1363
f 1363 747 1368
f 1363 1368 1408
f 742 741 1369
f 1369 741 1363
f 1369 1363 1370
f 1370 1363 1408
f 1370 1408 1371
f 1371 1408 1373
f 1371 1373 685
f 685 1373 679
f 752 1367 1409
f 1409 1367 1410
f 1409 1410 1411
f 1411 1410 1412
f 1411 1412 1413
f 1413 1412 1414
f 1413 1414 1415
f 1408 1416 1373
f 1373 1416 1417
f 1373 1417 1372
f 1372 1417 1418
f 1372 1418 1374
f 753 752 1368
f 1368 752 1409
f 1368 1409 1408
f 1408 1409 1411
f 1408 1411 1416
f 1416 1411 1413
f 1416 1413 1417
f 1417 1413 1415
f 1417 1415 1418
f 1398 1391 1396
f 1396 1391 1388
f 1396 1388 1419
f 1419 1388 1384
f 1419 1384 1420
f 1420 1384 1381
f 1420 1381 1421
f 1421 1381 1362
f 1421 1362 1375
f 1375 1362 600
f 1375 600 669
f 965 963 1422
f 1422 963 962
f 1423 968 967
f 1424 972 971
f 1403 1394 1401
f 1401 1394 1396
f 1401 1396 1425
f 1425 1396 1419
f 1425 1419 1426
f 1426 1419 1420
f 1426 1420 1427
f 1427 1420 1421
f 1427 1421 1428
f 1428 1421 1375
f 1428 1375 1429
f 1429 1375 671
f 1429 671 670
f 1407 1399 1404
f 1404 1399 1401
f 1404 1401 1430
f 1430 1401 1425
f 1430 1425 1431
f 1431 1425 1426
f 1431 1426 1414
f 1414 1426 1427
f 1414 1427 1415
f 1415 1427 1428
f 1415 1428 1418
f 1418 1428 1429
f 1418 1429 1374
f 1374 1429 670
f 1374 670 677
f 717 1432 1365
f 1365 1432 1433
f 1365 1433 1434
f 717 710 1432
f 1432 710 709
f 1432 709 1433
f 1433 709 961
f 1433 961 951
f 951 950 1433
f 1433 950 1435
f 1433 1435 1434
f 950 948 1435
f 1435 948 947
f 1435 947 1422
f 1422 947 966
f 1422 966 965
f 716 722 1436
f 1436 722 1364
f 1436 1364 1437
f 1437 1364 1366
f 1437 1366 1438
f 1438 1366 1439
f 1438 1439 1440
f 1440 1439 1441
f 1440 1441 1442
f 1442 1441 1443
f 1442 1443 1444
f 1444 1443 1423
f 1444 1423 1424
f 1424 1423 967
f 1424 967 972
f 705 719 1366
f 1366 719 1365
f 1366 1365 1439
f 1439 1365 1434
f 1439 1434 1441
f 1441 1434 1435
f 1441 1435 1443
f 1443 1435 1422
f 1443 1422 1423
f 1423 1422 962
f 1423 962 968
f 971 1404 1424
f 1424 1404 1430
f 1424 1430 1444
f 1444 1430 1431
f 1444 1431 1442
f 1442 1431 1414
f 1442 1414 1440
f 1440 1414 1412
f 1440 1412 1438
f 1438 1412 1410
f 1438 1410 1437
f 1437 1410 1367
f 1437 1367 1436
f 1436 1367 714
f 1436 714 716
f 1445 1446 1447
f 765 761 1448
f 779 778 1449
f 1450 1451 1452
f 1219 1452 1218
f 1218 1452 1451
f 1218 1451 1217
f 1453 1454 1455
f 1455 1454 1456
f 1455 1456 1457
f 1458 1459 1454
f 1454 1459 1460
f 1454 1460 1456
f 775 1461 776
f 776 1461 1462
f 780 1463 775
f 775 1463 1464
f 775 1464 1461
f 779 1449 771
f 771 1449 1465
f 771 1465 772
f 764 768 1466
f 1466 768 770
f 1448 761 1466
f 1466 761 763
f 1466 763 764
f 766 1467 807
f 807 1467 1209
f 807 1209 373
f 1210 1468 1211
f 1211 1468 1469
f 1219 1220 1452
f 1452 1220 1221
f 1452 1221 1469
f 1469 1221 1223
f 1469 1223 1211
f 1446 1470 1447
f 1447 1470 1471
f 1447 1471 1472
f 1455 1473 1453
f 1453 1473 1474
f 1453 1474 1475
f 1475 1474 1476
f 1477 1458 1478
f 1478 1458 1454
f 1478 1454 1479
f 1479 1454 1453
f 1479 1453 1480
f 1480 1453 1481
f 1481 1453 1482
f 1482 1453 1475
f 1482 1475 1472
f 1472 1475 1476
f 1472 1476 1447
f 766 765 1467
f 1467 765 1448
f 1467 1448 1483
f 1483 1448 1466
f 1483 1466 1484
f 1484 1466 770
f 1484 770 1465
f 1465 770 774
f 1465 774 772
f 1485 1449 1462
f 1462 1449 778
f 1462 778 776
f 1485 1445 1449
f 1449 1445 1447
f 1449 1447 1465
f 1465 1447 1476
f 1465 1476 1484
f 1484 1476 1474
f 1484 1474 1483
f 1483 1474 1473
f 1457 1450 1455
f 1455 1450 1452
f 1455 1452 1473
f 1473 1452 1469
f 1473 1469 1483
f 1483 1469 1468
f 1483 1468 1467
f 1467 1468 1210
f 1467 1210 1209
f 791 790 869
f 788 1486 1487
f 1487 1486 1488
f 1487 1488 1489
f 1489 1488 1490
f 1489 1490 1491
f 1490 919 1491
f 1491 919 918
f 1491 918 920
f 1492 780 781
f 1493 1494 1495
f 1495 1494 1492
f 1496 1497 1498
f 1498 1497 1499
f 1498 1499 1495
f 1495 1499 1500
f 1495 1500 1493
f 930 1501 931
f 931 1501 1502
f 931 1502 932
f 932 1502 1503
f 932 1503 933
f 1502 1504 1503
f 1503 1504 1505
f 1503 1505 1498
f 1498 1505 1506
f 1498 1506 1496
f 788 793 1486
f 1486 793 792
f 1486 792 791
f 791 869 1486
f 1486 869 868
f 1486 868 1488
f 1488 868 867
f 1488 867 1490
f 867 866 1490
f 1490 866 865
f 1490 865 919
f 919 865 864
f 919 864 830
f 783 784 1487
f 1487 784 786
f 1487 786 788
f 1492 781 1495
f 1495 781 782
f 1495 782 783
f 920 922 1491
f 1491 922 923
f 1491 923 925
f 783 1487 1495
f 1495 1487 1489
f 1495 1489 1498
f 1498 1489 1491
f 1498 1491 1503
f 1503 1491 925
f 1503 925 933
f 1507 1508 1509
f 1509 1508 1510
f 1258 1263 1511
f 1512 1513 1514
f 1515 1516 1517
f 929 928 1518
f 501 1259 936
f 936 1259 1519
f 936 1519 914
f 914 1519 915
f 1520 942 1521
f 1521 942 941
f 1521 941 940
f 927 926 1520
f 1520 926 943
f 1520 943 942
f 929 1518 930
f 1522 1523 1517
f 1517 1523 1524
f 1517 1524 1515
f 1525 1526 1522
f 1522 1526 1527
f 1522 1527 1523
f 1528 1529 1530
f 1530 1529 1531
f 1530 1531 1532
f 1528 1533 1529
f 1529 1533 1534
f 1529 1534 1522
f 1522 1534 1535
f 1522 1535 1525
f 1536 1537 1538
f 1536 1538 1531
f 1531 1538 1539
f 1531 1539 1532
f 1540 1541 1536
f 1536 1541 1542
f 1536 1542 1537
f 1543 1544 1540
f 1540 1544 1545
f 1540 1545 1541
f 1513 1546 1514
f 1514 1546 1543
f 1514 1543 1547
f 1272 1548 1269
f 1269 1548 1270
f 1270 1548 1514
f 1514 1548 1549
f 1514 1549 1512
f 1550 1261 1260
f 1511 1263 1550
f 1550 1263 1262
f 1550 1262 1261
f 940 915 1521
f 1521 915 1519
f 1521 1519 1511
f 1511 1519 1259
f 1511 1259 1258
f 1551 1552 1553
f 1553 1552 1554
f 1555 1520 1553
f 1553 1520 1521
f 1553 1521 1551
f 1551 1521 1511
f 1551 1511 1552
f 1552 1511 1550
f 1552 1550 1556
f 1556 1550 1260
f 1556 1260 1268
f 1554 1557 1553
f 1553 1557 1558
f 1553 1558 1555
f 1559 1560 1518
f 1518 1560 1561
f 1518 1561 930
f 1562 1563 1564
f 1564 1563 1565
f 1564 1565 1559
f 1559 1565 1566
f 1559 1566 1560
f 1567 1507 1568
f 1568 1507 1509
f 1568 1509 1564
f 1564 1509 1510
f 1564 1510 1562
f 1562 1510 1569
f 1267 1265 1570
f 1570 1265 1264
f 1567 1571 1572
f 1572 1571 1573
f 1572 1573 1547
f 1547 1573 1570
f 1547 1570 1514
f 1514 1570 1264
f 1514 1264 1270
f 1517 1574 1522
f 1522 1574 1575
f 1522 1575 1576
f 1576 1575 1577
f 1543 1540 1547
f 1547 1540 1536
f 1547 1536 1572
f 1572 1536 1531
f 1572 1531 1567
f 1567 1531 1529
f 1567 1529 1507
f 1507 1529 1522
f 1507 1522 1508
f 1508 1522 1576
f 1508 1576 1510
f 1510 1576 1577
f 1510 1577 1569
f 928 927 1518
f 1518 927 1520
f 1518 1520 1559
f 1559 1520 1555
f 1559 1555 1564
f 1564 1555 1558
f 1564 1558 1568
f 1568 1558 1557
f 1568 1557 1567
f 1567 1557 1554
f 1567 1554 1571
f 1571 1554 1552
f 1571 1552 1573
f 1573 1552 1556
f 1573 1556 1570
f 1570 1556 1268
f 1570 1268 1267
f 1578 975 1579
f 1579 975 979
f 1580 976 1581
f 1581 976 973
f 1581 973 1578
f 1578 973 974
f 1578 974 975
f 986 985 1582
f 1582 985 1583
f 986 1582 981
f 981 1582 1584
f 981 1584 979
f 979 1584 1585
f 979 1585 1579
f 1583 985 1586
f 1586 985 984
f 1586 984 1587
f 1587 984 983
f 1587 983 1588
f 1588 983 989
f 1588 989 1589
f 1589 989 988
f 1589 988 1590
f 1590 988 1591
f 1591 988 992
f 1591 992 1592
f 1592 992 991
f 1592 991 1593
f 1594 1595 994
f 994 1595 1596
f 994 1596 996
f 991 990 1593
f 1593 990 997
f 1593 997 1597
f 1597 997 996
f 1597 996 1598
f 1598 996 1596
f 994 993 1594
f 1594 993 999
f 1594 999 1599
f 1599 999 998
f 1599 998 1600
f 1022 1023 1601
f 1601 1023 1024
f 1601 1024 1602
f 1602 1024 1025
f 1600 998 1603
f 1603 998 1022
f 1603 1022 1601
f 1034 1604 1033
f 1033 1604 1605
f 1033 1605 1031
f 1031 1605 1032
f 1032 1605 1606
f 1032 1606 1025
f 1025 1606 1602
f 1073 1607 1074
f 1074 1607 1608
f 1074 1608 1050
f 1050 1608 1609
f 1050 1609 1051
f 1051 1609 1070
f 1609 1610 1070
f 1070 1610 1611
f 1070 1611 1071
f 1071 1611 1612
f 1071 1612 1072
f 1072 1612 1613
f 1072 1613 1068
f 1613 1614 1068
f 1068 1614 1615
f 1068 1615 1069
f 1057 1616 1058
f 1058 1616 1617
f 1058 1617 1060
f 1060 1617 1618
f 1060 1618 1061
f 1069 1615 1064
f 1064 1615 1619
f 1064 1619 1065
f 1065 1619 1620
f 1065 1620 1067
f 1067 1620 1621
f 1067 1621 1057
f 1057 1621 1622
f 1057 1622 1616
f 1063 1062 1623
f 1623 1062 1624
f 1618 1625 1061
f 1061 1625 1626
f 1061 1626 1062
f 1062 1626 1627
f 1062 1627 1624
f 1604 1034 1628
f 1628 1034 1052
f 1628 1052 1053
f 1054 1629 1053
f 1053 1629 1630
f 1053 1630 1628
f 1623 1631 1063
f 1063 1631 1632
f 1063 1632 1056
f 1056 1632 1633
f 1056 1633 1054
f 1054 1633 1634
f 1054 1634 1629
f 1635 1636 1123
f 1637 1638 1127
f 410 1250 1136
f 1136 1250 1639
f 1136 1639 1640
f 1139 1138 1640
f 1640 1138 1137
f 1640 1137 1136
f 1637 1127 1641
f 1640 1642 1139
f 1139 1642 1643
f 1139 1643 1140
f 1140 1643 1644
f 1140 1644 1130
f 1130 1644 1645
f 1130 1645 1131
f 1131 1645 1646
f 1131 1646 1133
f 1133 1646 1647
f 1133 1647 1134
f 1134 1647 1641
f 1134 1641 1126
f 1126 1641 1127
f 1635 1123 1648
f 1648 1123 1122
f 1648 1122 1638
f 1638 1122 1129
f 1638 1129 1127
f 1607 1073 1649
f 1649 1073 1113
f 1649 1113 1650
f 1650 1113 1112
f 1650 1112 1651
f 1651 1112 1115
f 1651 1115 1652
f 1652 1115 1117
f 1652 1117 1653
f 1653 1117 1118
f 1653 1118 1654
f 1654 1118 1120
f 1654 1120 1655
f 1655 1120 1125
f 1655 1125 1636
f 1636 1125 1124
f 1636 1124 1123
f 1656 1187 1657
f 1657 1187 1203
f 1657 1203 1658
f 1658 1203 1208
f 1658 1208 1659
f 1660 1197 1656
f 1656 1197 1188
f 1656 1188 1187
f 1661 1193 1202
f 1661 1202 1662
f 1202 1201 1662
f 1662 1201 1200
f 1662 1200 1660
f 1660 1200 1198
f 1660 1198 1197
f 444 1192 1227
f 1227 1192 1196
f 1227 1196 1661
f 1661 1196 1194
f 1661 1194 1193
f 1217 1663 1204
f 1204 1663 1664
f 1204 1664 1205
f 1205 1664 1665
f 1205 1665 1207
f 1207 1665 1659
f 1207 1659 1208
f 1227 1666 1226
f 1226 1666 1667
f 1226 1667 1225
f 1225 1667 1668
f 1225 1668 1224
f 1224 1668 1231
f 1231 1668 1230
f 1230 1668 1669
f 1230 1669 1229
f 1229 1669 1670
f 1229 1670 1228
f 1228 1670 1671
f 1228 1671 1232
f 1232 1671 1233
f 1233 1671 1672
f 1233 1672 1234
f 1234 1672 1673
f 1234 1673 1235
f 1235 1673 1236
f 1236 1673 1674
f 1236 1674 1239
f 1239 1674 1238
f 1238 1674 1675
f 1238 1675 1237
f 1237 1675 1240
f 1675 1676 1240
f 1240 1676 1241
f 1241 1676 1677
f 1241 1677 1242
f 1242 1677 1678
f 1242 1678 1243
f 1243 1678 1679
f 1243 1679 1244
f 1244 1679 1245
f 1245 1679 1680
f 1245 1680 1246
f 1246 1680 1681
f 1246 1681 1249
f 1249 1681 1682
f 1249 1682 1247
f 1251 1248 1683
f 1247 1682 1248
f 1248 1682 1683
f 1683 1684 1251
f 1251 1684 1685
f 1251 1685 1250
f 1686 1687 1274
f 1274 1687 1688
f 1274 1688 1273
f 1273 1688 1689
f 1273 1689 1272
f 1274 1276 1686
f 1686 1276 1283
f 1686 1283 1690
f 1690 1283 1282
f 1690 1282 1280
f 1288 1691 1277
f 1277 1691 1692
f 1277 1692 1278
f 1278 1692 1693
f 1278 1693 1280
f 1280 1693 1694
f 1280 1694 1690
f 1695 1325 1696
f 1696 1325 609
f 1696 609 1331
f 1303 1697 1304
f 1304 1697 1698
f 1304 1698 1322
f 1303 1329 1697
f 1697 1329 1328
f 1697 1328 1695
f 1695 1328 1326
f 1695 1326 1325
f 1322 1698 1323
f 1323 1698 1699
f 1323 1699 1324
f 1324 1699 1700
f 1324 1700 1315
f 1701 1319 1314
f 1314 1313 1701
f 1701 1313 1318
f 1701 1318 1700
f 1700 1318 1316
f 1700 1316 1315
f 1691 1288 1702
f 1702 1288 1306
f 1702 1306 1703
f 1703 1306 1321
f 1703 1321 1701
f 1701 1321 1320
f 1701 1320 1319
f 1355 1356 1704
f 1705 1359 1358
f 1357 1706 1358
f 1358 1706 1707
f 1358 1707 1705
f 1359 1705 1356
f 1356 1705 1704
f 1355 1704 1354
f 1354 1704 1708
f 1354 1708 1353
f 1353 1708 1709
f 1353 1709 1352
f 1709 1710 1352
f 1352 1710 1346
f 1346 1710 1711
f 1346 1711 1347
f 1347 1711 1712
f 1347 1712 1348
f 1348 1712 1349
f 1712 1713 1349
f 1349 1713 1350
f 1350 1713 1714
f 1350 1714 1351
f 1714 1715 1351
f 1351 1715 1345
f 1345 1715 1344
f 1715 1716 1344
f 1344 1716 1343
f 1343 1716 1717
f 1343 1717 1342
f 1342 1717 1341
f 1717 1718 1341
f 1341 1718 1340
f 1340 1718 1719
f 1340 1719 1339
f 1339 1719 1338
f 1338 1719 1720
f 1338 1720 1337
f 1337 1720 1336
f 1721 1722 1331
f 1720 1723 1336
f 1336 1723 1335
f 1335 1723 1724
f 1335 1724 1334
f 1334 1724 1721
f 1334 1721 1333
f 1333 1721 1332
f 1332 1721 1331
f 1357 665 1378
f 1357 1378 1725
f 1726 1727 1380
f 1380 1727 1728
f 1378 1377 1725
f 1725 1377 1376
f 1725 1376 1729
f 1729 1376 1361
f 1729 1361 1730
f 1730 1361 1360
f 1730 1360 1731
f 1731 1360 1383
f 1731 1383 1728
f 1728 1383 1382
f 1728 1382 1380
f 1380 1379 1726
f 1726 1379 1387
f 1726 1387 1732
f 1732 1387 1386
f 1732 1386 1733
f 1733 1386 1385
f 1733 1385 1734
f 1385 1390 1734
f 1734 1390 1389
f 1734 1389 1735
f 1735 1389 1393
f 1735 1393 1736
f 1736 1393 1392
f 1736 1392 1737
f 1397 1395 1738
f 1738 1739 1397
f 1397 1739 1740
f 1397 1740 1398
f 1398 1740 1737
f 1398 1737 1391
f 1391 1737 1392
f 1395 1394 1738
f 1738 1394 1403
f 1738 1403 1741
f 1741 1403 1402
f 1741 1402 1742
f 1742 1402 1400
f 1742 1400 1743
f 1743 1400 1399
f 1743 1399 1744
f 1744 1399 1407
f 1744 1407 1745
f 1745 1407 1406
f 1745 1406 1746
f 1746 1406 1405
f 1746 1405 1580
f 1580 1405 976
f 1450 1457 1747
f 1747 1457 1456
f 1747 1456 1748
f 1748 1456 1460
f 1748 1460 1749
f 1749 1460 1459
f 1749 1459 1750
f 1750 1459 1458
f 1750 1458 1751
f 1751 1458 1477
f 1751 1477 1752
f 1747 1753 1450
f 1450 1753 1754
f 1450 1754 1451
f 1451 1754 1663
f 1451 1663 1217
f 1755 1756 1757
f 1758 1759 1760
f 1759 1758 1761
f 1496 1506 1762
f 1477 1478 1763
f 1763 1478 1479
f 1763 1479 1764
f 1764 1479 1765
f 1764 1765 1766
f 1767 1768 1765
f 1765 1768 1769
f 1765 1769 1766
f 1770 1771 1772
f 1772 1771 1773
f 1774 1775 1776
f 1776 1775 1777
f 1776 1777 1778
f 1779 1780 1761
f 1761 1780 1781
f 1782 1783 1784
f 1784 1783 1785
f 1784 1785 1779
f 1786 1782 1787
f 1787 1782 1784
f 1787 1784 1788
f 1789 1790 1787
f 1790 1791 1787
f 1787 1791 1792
f 1787 1792 1786
f 1516 1789 1517
f 1517 1789 1787
f 1517 1787 1574
f 1574 1787 1788
f 1574 1788 1575
f 1575 1788 1793
f 1575 1793 1577
f 1794 1563 1795
f 1795 1563 1562
f 1795 1562 1569
f 1796 1566 1565
f 1797 1561 1560
f 1505 1504 1797
f 1797 1504 1502
f 1797 1502 1561
f 1561 1502 1501
f 1561 1501 930
f 1798 1500 1499
f 1798 1499 1762
f 1762 1499 1497
f 1762 1497 1496
f 1492 1494 1798
f 1798 1494 1493
f 1798 1493 1500
f 1461 1464 1799
f 1799 1464 1463
f 1800 1445 1485
f 1801 1470 1446
f 1470 1801 1471
f 1471 1801 1802
f 1471 1802 1472
f 1479 1480 1765
f 1765 1480 1481
f 1765 1481 1802
f 1802 1481 1482
f 1802 1482 1472
f 1779 1761 1784
f 1784 1761 1758
f 1784 1758 1788
f 1788 1758 1760
f 1788 1760 1793
f 1793 1760 1757
f 1793 1757 1803
f 1803 1757 1756
f 1803 1756 1804
f 1506 1505 1762
f 1762 1505 1797
f 1762 1797 1796
f 1796 1797 1560
f 1796 1560 1566
f 1804 1794 1803
f 1803 1794 1795
f 1803 1795 1793
f 1793 1795 1569
f 1793 1569 1577
f 1462 1461 1805
f 1805 1461 1799
f 1805 1799 1806
f 1755 1798 1756
f 1756 1798 1762
f 1756 1762 1804
f 1804 1762 1796
f 1804 1796 1794
f 1794 1796 1565
f 1794 1565 1563
f 1778 1770 1776
f 1776 1770 1772
f 1776 1772 1807
f 1807 1772 1808
f 1807 1808 1809
f 1809 1808 1810
f 1809 1810 1811
f 1811 1810 1812
f 1811 1812 1806
f 1806 1812 1800
f 1806 1800 1805
f 1805 1800 1485
f 1805 1485 1462
f 1773 1813 1772
f 1772 1813 1767
f 1772 1767 1808
f 1808 1767 1765
f 1808 1765 1810
f 1810 1765 1802
f 1810 1802 1812
f 1812 1802 1801
f 1812 1801 1800
f 1800 1801 1446
f 1800 1446 1445
f 1781 1774 1761
f 1761 1774 1776
f 1761 1776 1759
f 1759 1776 1807
f 1759 1807 1760
f 1760 1807 1809
f 1760 1809 1757
f 1757 1809 1811
f 1757 1811 1755
f 1755 1811 1806
f 1755 1806 1798
f 1798 1806 1799
f 1798 1799 1492
f 1492 1799 1463
f 1492 1463 780
f 1527 1526 1814
f 1272 1689 1548
f 1548 1689 1815
f 1548 1815 1549
f 1816 1817 1513
f 1513 1817 1546
f 1815 1818 1549
f 1549 1818 1816
f 1549 1816 1512
f 1512 1816 1513
f 1542 1541 1819
f 1819 1541 1545
f 1819 1545 1820
f 1820 1545 1544
f 1820 1544 1817
f 1817 1544 1543
f 1817 1543 1546
f 1819 1821 1542
f 1542 1821 1822
f 1542 1822 1537
f 1537 1822 1823
f 1824 1539 1823
f 1823 1539 1538
f 1823 1538 1537
f 1825 1533 1826
f 1826 1533 1528
f 1826 1528 1827
f 1827 1528 1530
f 1827 1530 1824
f 1824 1530 1532
f 1824 1532 1539
f 1814 1526 1828
f 1828 1526 1525
f 1828 1525 1829
f 1829 1525 1535
f 1829 1535 1825
f 1825 1535 1534
f 1825 1534 1533
f 1527 1814 1523
f 1523 1814 1830
f 1523 1830 1831
f 1832 1516 1515
f 1832 1515 1831
f 1831 1515 1524
f 1831 1524 1523
f 1833 1595 1594
f 1833 1594 1834
f 1834 1594 1599
f 1834 1599 1835
f 1600 1836 1599
f 1599 1836 1837
f 1599 1837 1835
f 1595 1833 1596
f 1596 1833 1838
f 1596 1838 1598
f 1838 1839 1598
f 1598 1839 1840
f 1598 1840 1597
f 1840 1841 1597
f 1597 1841 1842
f 1597 1842 1593
f 1593 1842 1843
f 1593 1843 1592
f 1592 1843 1844
f 1592 1844 1591
f 1591 1844 1845
f 1591 1845 1590
f 1590 1845 1846
f 1590 1846 1589
f 1589 1846 1847
f 1589 1847 1588
f 1588 1847 1848
f 1588 1848 1587
f 1587 1848 1849
f 1587 1849 1586
f 1849 1850 1586
f 1586 1850 1851
f 1586 1851 1583
f 1583 1851 1852
f 1583 1852 1582
f 1582 1852 1584
f 1852 1853 1584
f 1584 1853 1854
f 1584 1854 1585
f 1585 1854 1855
f 1585 1855 1579
f 1579 1855 1856
f 1579 1856 1578
f 1578 1856 1857
f 1578 1857 1581
f 1581 1857 1858
f 1581 1858 1580
f 1601 1859 1603
f 1603 1859 1836
f 1603 1836 1600
f 1602 1860 1601
f 1601 1860 1859
f 1861 1605 1862
f 1862 1605 1604
f 1860 1602 1863
f 1863 1602 1606
f 1863 1606 1861
f 1861 1606 1605
f 1633 1632 1864
f 1862 1604 1628
f 1862 1628 1865
f 1865 1628 1630
f 1865 1630 1866
f 1866 1630 1629
f 1866 1629 1864
f 1864 1629 1634
f 1864 1634 1633
f 1632 1631 1864
f 1864 1631 1623
f 1864 1623 1867
f 1867 1623 1624
f 1626 1625 1868
f 1868 1625 1618
f 1868 1618 1869
f 1868 1870 1626
f 1626 1870 1871
f 1626 1871 1627
f 1627 1871 1872
f 1627 1872 1624
f 1624 1872 1873
f 1624 1873 1867
f 1874 1875 1622
f 1622 1875 1876
f 1622 1876 1616
f 1616 1876 1869
f 1616 1869 1617
f 1617 1869 1618
f 1622 1621 1874
f 1874 1621 1620
f 1874 1620 1877
f 1877 1620 1619
f 1608 1607 1878
f 1878 1879 1608
f 1608 1879 1880
f 1608 1880 1609
f 1609 1880 1881
f 1609 1881 1610
f 1610 1881 1882
f 1610 1882 1611
f 1611 1882 1883
f 1611 1883 1612
f 1612 1883 1884
f 1612 1884 1613
f 1613 1884 1885
f 1613 1885 1614
f 1614 1885 1886
f 1614 1886 1615
f 1615 1886 1887
f 1615 1887 1619
f 1619 1887 1888
f 1619 1888 1877
f 1889 1646 1645
f 1250 1685 1639
f 1639 1685 1890
f 1639 1890 1640
f 1640 1890 1642
f 1890 1891 1642
f 1642 1891 1892
f 1642 1892 1643
f 1643 1892 1893
f 1643 1893 1644
f 1644 1893 1894
f 1644 1894 1645
f 1645 1894 1895
f 1645 1895 1889
f 1648 1638 1896
f 1896 1638 1897
f 1897 1638 1637
f 1897 1637 1641
f 1646 1889 1647
f 1647 1889 1898
f 1647 1898 1641
f 1641 1898 1899
f 1641 1899 1897
f 1655 1636 1900
f 1900 1636 1635
f 1900 1635 1901
f 1901 1635 1648
f 1901 1648 1902
f 1902 1648 1896
f 1878 1607 1903
f 1903 1607 1649
f 1900 1904 1655
f 1655 1904 1905
f 1655 1905 1654
f 1654 1905 1906
f 1654 1906 1653
f 1653 1906 1907
f 1653 1907 1652
f 1652 1907 1908
f 1652 1908 1651
f 1651 1908 1909
f 1651 1909 1650
f 1650 1909 1910
f 1650 1910 1649
f 1649 1910 1911
f 1649 1911 1903
f 1656 1657 1912
f 1912 1657 1658
f 1912 1658 1913
f 1913 1658 1659
f 1661 1914 1227
f 1227 1914 1666
f 1912 1915 1656
f 1656 1915 1916
f 1656 1916 1660
f 1916 1917 1660
f 1660 1917 1918
f 1660 1918 1662
f 1662 1918 1919
f 1662 1919 1661
f 1661 1919 1920
f 1661 1920 1914
f 1663 1921 1664
f 1664 1921 1922
f 1664 1922 1665
f 1665 1922 1913
f 1665 1913 1659
f 1923 1924 1685
f 1923 1685 1925
f 1925 1685 1684
f 1925 1684 1926
f 1926 1684 1683
f 1926 1683 1927
f 1927 1683 1682
f 1927 1682 1928
f 1928 1682 1929
f 1929 1682 1681
f 1929 1681 1930
f 1680 1931 1681
f 1681 1931 1932
f 1681 1932 1930
f 1680 1679 1931
f 1931 1679 1933
f 1933 1679 1678
f 1933 1678 1934
f 1934 1678 1935
f 1935 1678 1677
f 1935 1677 1936
f 1936 1677 1676
f 1674 1937 1675
f 1675 1937 1938
f 1675 1938 1939
f 1675 1939 1676
f 1676 1939 1940
f 1676 1940 1936
f 1673 1941 1674
f 1674 1941 1942
f 1674 1942 1943
f 1674 1943 1937
f 1944 1945 1670
f 1945 1946 1670
f 1670 1946 1947
f 1670 1947 1671
f 1947 1948 1671
f 1671 1948 1949
f 1671 1949 1950
f 1671 1950 1672
f 1672 1950 1951
f 1672 1951 1673
f 1673 1951 1952
f 1673 1952 1953
f 1673 1953 1941
f 1670 1669 1944
f 1944 1669 1954
f 1954 1669 1668
f 1666 1955 1667
f 1667 1955 1956
f 1667 1956 1668
f 1668 1956 1957
f 1668 1957 1958
f 1668 1958 1954
f 1959 1687 1686
f 1960 1689 1959
f 1959 1689 1688
f 1959 1688 1687
f 1961 1962 1690
f 1690 1962 1963
f 1690 1963 1686
f 1686 1963 1964
f 1686 1964 1959
f 1690 1694 1961
f 1961 1694 1693
f 1961 1693 1965
f 1965 1693 1692
f 1965 1692 1966
f 1966 1692 1691
f 1966 1691 1967
f 1697 1695 1968
f 1968 1695 1696
f 1968 1696 1722
f 1722 1696 1331
f 1969 1701 1970
f 1970 1701 1700
f 1698 1971 1699
f 1699 1971 1972
f 1699 1972 1700
f 1700 1972 1973
f 1700 1973 1970
f 1968 1974 1697
f 1697 1974 1975
f 1697 1975 1698
f 1698 1975 1976
f 1698 1976 1971
f 1977 1967 1691
f 1701 1969 1703
f 1703 1969 1977
f 1703 1977 1702
f 1702 1977 1691
f 1978 1721 1724
f 1723 1979 1724
f 1724 1979 1980
f 1724 1980 1978
f 1978 1981 1721
f 1721 1981 1982
f 1721 1982 1983
f 1721 1983 1722
f 1722 1983 1984
f 1722 1984 1985
f 1719 1986 1720
f 1720 1986 1987
f 1720 1987 1723
f 1723 1987 1988
f 1723 1988 1979
f 1718 1989 1719
f 1719 1989 1990
f 1719 1990 1991
f 1719 1991 1986
f 1716 1992 1717
f 1717 1992 1993
f 1717 1993 1718
f 1718 1993 1994
f 1718 1994 1995
f 1718 1995 1989
f 1996 1997 1715
f 1715 1997 1998
f 1715 1998 1716
f 1716 1998 1999
f 1716 1999 2000
f 1716 2000 1992
f 1996 1715 1714
f 1996 1714 2001
f 2001 1714 1713
f 2001 1713 2002
f 2002 1713 2003
f 2003 1713 2004
f 1704 2005 2006
f 1704 2006 1708
f 1708 2006 2007
f 1708 2007 1709
f 1709 2007 2008
f 1709 2008 1710
f 1710 2008 2009
f 1710 2009 2010
f 1710 2010 1711
f 1711 2010 2004
f 1711 2004 1712
f 1712 2004 1713
f 2011 2012 1704
f 1704 2012 2013
f 1704 2013 2005
f 1706 2014 1707
f 1707 2014 2011
f 1707 2011 1705
f 1705 2011 1704
f 2015 2016 1729
f 1729 2016 2017
f 1729 2017 1725
f 1725 2017 1706
f 1725 1706 1357
f 1729 1730 2015
f 2015 1730 1731
f 2015 1731 2018
f 2018 1731 1728
f 2018 1728 2019
f 2019 1728 2020
f 1728 1727 2020
f 2020 1727 1726
f 2020 1726 2021
f 2021 1726 1732
f 2021 1732 2022
f 2022 1732 1733
f 2022 1733 2023
f 2023 1733 1734
f 2023 1734 2024
f 2024 1734 1735
f 2024 1735 2025
f 1737 2026 2027
f 2025 1735 2027
f 2027 1735 1736
f 2027 1736 1737
f 1737 1740 2026
f 2026 1740 1739
f 2026 1739 2028
f 2028 1739 2029
f 2029 1739 1738
f 2029 1738 2030
f 2030 1738 1741
f 2030 1741 1742
f 1744 1745 2031
f 1744 2031 1743
f 1743 2031 2032
f 1743 2032 1742
f 1742 2032 2033
f 1742 2033 2030
f 1580 1858 1746
f 1746 1858 2034
f 1746 2034 1745
f 1745 2034 2035
f 1745 2035 2031
f 1751 1752 2036
f 2036 2037 1751
f 1751 2037 2038
f 1751 2038 1750
f 1750 2038 2039
f 1750 2039 1749
f 1749 2039 2040
f 1749 2040 1748
f 2040 2041 1748
f 1748 2041 2042
f 1748 2042 1747
f 2042 2043 1747
f 1747 2043 2044
f 1747 2044 1753
f 1753 2044 2045
f 1753 2045 1754
f 1754 2045 2046
f 2047 1663 2048
f 2048 1663 1754
f 2048 1754 2049
f 2049 1754 2046
f 2047 2050 1663
f 1663 2050 2051
f 1663 2051 1921
f 1516 1832 1789
f 1789 1832 2052
f 1789 2052 1790
f 1790 2052 2053
f 1790 2053 1791
f 1791 2053 2054
f 1791 2054 1792
f 1792 2054 2055
f 2056 1779 2057
f 2057 1779 1785
f 1785 1783 2057
f 2057 1783 1782
f 2057 1782 2055
f 2055 1782 1786
f 2055 1786 1792
f 2056 2058 1779
f 1779 2058 2059
f 1779 2059 1780
f 1780 2059 2060
f 2061 1774 2060
f 2060 1774 1781
f 2060 1781 1780
f 2062 1771 2063
f 2063 1771 1770
f 2063 1770 2064
f 2064 1770 1778
f 2064 1778 2065
f 2065 1778 1777
f 2065 1777 2061
f 2061 1777 1775
f 2061 1775 1774
f 2066 1767 2067
f 2067 1767 1813
f 2067 1813 2062
f 2062 1813 1773
f 2062 1773 1771
f 1752 1477 1763
f 1752 1763 2068
f 1763 1764 2068
f 2068 1764 1766
f 2068 1766 2069
f 2069 1766 1769
f 2069 1769 2066
f 2066 1769 1768
f 2066 1768 1767
f 2070 2071 1832
f 1832 1831 2070
f 2070 1831 1830
f 2070 1830 2072
f 2072 1830 1814
f 2072 1814 2073
f 1814 1828 2073
f 2073 1828 1829
f 2073 1829 2074
f 1829 1825 2074
f 2074 1825 1826
f 2074 1826 2075
f 2075 1826 1827
f 2075 1827 2076
f 1827 1824 2076
f 2076 1824 1823
f 2076 1823 2077
f 2077 1823 1822
f 2077 1822 2078
f 1822 1821 2078
f 2078 1821 1819
f 2078 1819 2079
f 1819 1820 2079
f 2079 1820 1817
f 2079 1817 2080
f 2080 1817 1816
f 2080 1816 2081
f 1689 1960 1815
f 1815 1960 2081
f 1815 2081 1818
f 1818 2081 1816
f 1836 2082 1837
f 1837 2082 2083
f 1837 2083 1835
f 1835 2083 1834
f 1834 2083 2084
f 1834 2084 1833
f 1833 2084 2085
f 1833 2085 1838
f 1838 2085 2086
f 1838 2086 1839
f 1839 2086 2087
f 1839 2087 1840
f 1840 2087 2088
f 1840 2088 1841
f 1841 2088 1842
f 1842 2088 2089
f 1842 2089 1843
f 1843 2089 2090
f 1843 2090 1844
f 1844 2090 2091
f 1844 2091 1845
f 1845 2091 2092
f 1845 2092 1846
f 1846 2092 2093
f 1846 2093 1847
f 1847 2093 1848
f 1848 2093 2094
f 1848 2094 1849
f 1849 2094 2095
f 1849 2095 1850
f 1850 2095 2096
f 1850 2096 2097
f 2098 1853 2099
f 2099 1853 1852
f 2099 1852 2100
f 2100 1852 2097
f 2097 1852 1851
f 2097 1851 1850
f 2101 1858 2102
f 2102 1858 1857
f 2102 1857 2103
f 2103 1857 1856
f 2103 1856 2104
f 2104 1856 1855
f 2104 1855 2098
f 2098 1855 1854
f 2098 1854 1853
f 1860 2105 2106
f 1860 2106 1859
f 1859 2106 2107
f 1859 2107 2108
f 1859 2108 2082
f 1859 2082 1836
f 2105 1860 2109
f 2109 1860 1863
f 2109 1863 2110
f 2110 1863 1861
f 2110 1861 2111
f 2111 1861 1862
f 2111 1862 2112
f 2112 1862 2113
f 2114 2115 1867
f 1867 2115 1864
f 1864 2115 2116
f 1864 2116 1866
f 1866 2116 2117
f 1866 2117 1865
f 1865 2117 2118
f 1865 2118 1862
f 1862 2118 2119
f 1862 2119 2113
f 2120 2121 1869
f 1869 2121 2122
f 1869 2122 1868
f 1868 2122 2123
f 1867 1873 2114
f 2114 1873 1872
f 2114 1872 2124
f 2124 1872 1871
f 2124 1871 2123
f 2123 1871 1870
f 2123 1870 1868
f 2125 1884 2126
f 2126 1884 1883
f 2126 1883 2127
f 1869 1876 2120
f 2120 1876 1875
f 2120 1875 2128
f 2128 1875 1874
f 2128 1874 2129
f 2129 1874 1877
f 2129 1877 2130
f 2130 1877 1888
f 2130 1888 2131
f 2131 1888 1887
f 2131 1887 2132
f 2132 1887 1886
f 2132 1886 2125
f 2125 1886 1885
f 2125 1885 1884
f 2127 1883 2133
f 2133 1883 1882
f 2133 1882 2134
f 1878 2135 1879
f 1879 2135 2136
f 1879 2136 1880
f 1880 2136 2134
f 1880 2134 1881
f 1881 2134 1882
f 2137 2138 1907
f 1907 2138 2139
f 1907 2139 1908
f 1908 2139 2140
f 1908 2140 1909
f 1909 2140 2141
f 1909 2141 1910
f 1910 2141 2142
f 1910 2142 1911
f 1911 2142 2143
f 1911 2143 1903
f 1903 2143 2144
f 1903 2144 1878
f 1878 2144 2145
f 1878 2145 2135
f 1907 1906 2137
f 2137 1906 1905
f 2137 1905 2146
f 2146 1905 1904
f 2146 1904 2147
f 2147 1904 2148
f 2148 1904 1900
f 2148 1900 2149
f 2149 1900 1901
f 2149 1901 2150
f 2150 1901 2151
f 2151 1901 1902
f 2151 1902 2152
f 2152 1902 1896
f 2152 1896 2153
f 2153 1896 1897
f 2153 1897 2154
f 1898 2155 2156
f 2154 1897 2156
f 2156 1897 1899
f 2156 1899 1898
f 2155 1898 2157
f 2157 1898 1889
f 2157 1889 2158
f 2158 1889 1895
f 2158 1895 2159
f 2159 1895 2160
f 2160 1895 1894
f 2160 1894 2161
f 1894 1893 2161
f 2161 1893 1892
f 2161 1892 2162
f 1685 1924 1890
f 1890 1924 2163
f 1890 2163 1891
f 1891 2163 2164
f 1891 2164 1892
f 1892 2164 2165
f 1892 2165 2162
f 2166 2167 1912
f 2168 2169 1917
f 1914 2170 1666
f 1666 2170 2171
f 1666 2171 1955
f 1917 2169 1918
f 1918 2169 2172
f 1918 2172 1919
f 1919 2172 2173
f 1919 2173 1920
f 1920 2173 2174
f 1920 2174 1914
f 1914 2174 2175
f 1914 2175 2170
f 2168 1917 2176
f 2176 1917 1916
f 2176 1916 2167
f 2167 1916 1915
f 2167 1915 1912
f 2166 1912 2177
f 2177 1912 1913
f 2177 1913 2178
f 1921 2179 2180
f 1921 2180 1922
f 1922 2180 2178
f 1922 2178 1913
f 1955 2181 1956
f 1956 2181 2182
f 1956 2182 1957
f 1957 2182 2183
f 1957 2183 1958
f 1958 2183 2184
f 1958 2184 1954
f 1954 2184 2185
f 1954 2185 1944
f 1944 2185 2186
f 1944 2186 1945
f 1945 2186 2187
f 1945 2187 1946
f 2188 2189 1948
f 2188 1948 2187
f 2187 1948 1947
f 2187 1947 1946
f 1950 2190 1951
f 1951 2190 2191
f 1951 2191 1952
f 2189 2192 1948
f 1948 2192 2190
f 1948 2190 1949
f 1949 2190 1950
f 2191 2193 1952
f 1952 2193 2194
f 1952 2194 1953
f 1953 2194 1941
f 1941 2194 2195
f 1941 2195 1942
f 1942 2195 2196
f 1942 2196 1943
f 2196 2197 1943
f 1943 2197 2198
f 1943 2198 1937
f 1937 2198 2199
f 1926 1927 2200
f 2200 1927 2201
f 2201 1927 1928
f 2201 1928 2202
f 1928 1929 2202
f 2202 1929 1930
f 2202 1930 2203
f 2203 1930 1932
f 2203 1932 2204
f 2204 1932 1931
f 2204 1931 2205
f 2205 1931 1933
f 2205 1933 2206
f 2206 1933 1934
f 2206 1934 2207
f 2207 1934 1935
f 2207 1935 2208
f 2208 1935 1936
f 2208 1936 2209
f 2209 1936 1940
f 2209 1940 2210
f 2210 1940 1939
f 2210 1939 2199
f 2199 1939 1938
f 2199 1938 1937
f 1925 2211 1923
f 1923 2211 2212
f 1923 2212 1924
f 2200 2213 1926
f 1926 2213 2214
f 1926 2214 1925
f 1925 2214 2215
f 1925 2215 2211
f 1965 2216 1961
f 1961 2216 1962
f 1967 2217 1966
f 1966 2217 2218
f 1966 2218 1965
f 1965 2218 2219
f 1965 2219 2216
f 2220 1960 2221
f 2221 1960 1959
f 2216 2222 1962
f 1962 2222 2223
f 1962 2223 1963
f 1963 2223 2224
f 1963 2224 1964
f 1964 2224 2225
f 1964 2225 1959
f 1959 2225 2226
f 1959 2226 2221
f 2227 2228 1968
f 1970 2229 1969
f 1969 2229 2230
f 1969 2230 2231
f 2232 2233 1975
f 1975 2233 2234
f 1975 2234 1976
f 1976 2234 2235
f 1976 2235 1971
f 1971 2235 2236
f 1971 2236 1972
f 1972 2236 2237
f 1972 2237 1973
f 1973 2237 2238
f 1973 2238 1970
f 1970 2238 2239
f 1970 2239 2229
f 2232 1975 2228
f 2228 1975 1974
f 2228 1974 1968
f 2227 1968 2240
f 2240 1968 1722
f 2240 1722 1985
f 1969 2231 2241
f 1969 2241 1977
f 1977 2241 2217
f 1977 2217 1967
f 2242 2243 1982
f 1982 2243 1983
f 1983 2243 2244
f 1983 2244 1984
f 1984 2244 2245
f 1984 2245 1985
f 1982 1981 2242
f 2242 1981 1978
f 2242 1978 2246
f 2246 1978 1980
f 2246 1980 2247
f 2247 1980 1979
f 2247 1979 2248
f 2248 1979 1988
f 2248 1988 2249
f 2249 1988 1987
f 2249 1987 2250
f 2250 1987 1986
f 1991 2251 1986
f 1986 2251 2252
f 1986 2252 2250
f 1991 1990 2251
f 2251 1990 1989
f 2251 1989 2253
f 2253 1989 1995
f 2253 1995 2254
f 1992 2000 2255
f 2255 2000 2256
f 2254 1995 2257
f 2257 1995 1994
f 2257 1994 2255
f 2255 1994 1993
f 2255 1993 1992
f 2258 2003 2259
f 2259 2003 2260
f 2256 2000 2261
f 2261 2000 1999
f 2261 1999 2262
f 2262 1999 1998
f 2262 1998 2263
f 2263 1998 1997
f 2263 1997 2264
f 2264 1997 1996
f 2264 1996 2265
f 2265 1996 2001
f 2265 2001 2258
f 2258 2001 2002
f 2258 2002 2003
f 2266 2009 2267
f 2267 2009 2008
f 2267 2008 2268
f 2260 2003 2269
f 2269 2003 2004
f 2269 2004 2266
f 2266 2004 2010
f 2266 2010 2009
f 2268 2008 2270
f 2270 2008 2007
f 2270 2007 2271
f 2007 2006 2271
f 2271 2006 2005
f 2271 2005 2272
f 2272 2005 2013
f 2272 2013 2273
f 2273 2013 2012
f 2273 2012 2274
f 2274 2012 2011
f 2274 2011 2275
f 2275 2011 2276
f 2276 2011 2014
f 2276 2014 2277
f 1858 2101 2034
f 2034 2101 2278
f 2034 2278 2035
f 2035 2278 2279
f 2035 2279 2031
f 2030 2280 2029
f 2029 2280 2281
f 2029 2281 2282
f 2279 2283 2031
f 2031 2283 2284
f 2031 2284 2032
f 2032 2284 2285
f 2032 2285 2033
f 2033 2285 2286
f 2033 2286 2030
f 2030 2286 2287
f 2030 2287 2280
f 2288 2026 2282
f 2282 2026 2028
f 2282 2028 2029
f 2288 2289 2026
f 2026 2289 2290
f 2026 2290 2027
f 2027 2290 2291
f 2027 2291 2025
f 2025 2291 2024
f 2291 2292 2024
f 2024 2292 2293
f 2024 2293 2023
f 2294 2019 2020
f 2293 2295 2023
f 2023 2295 2296
f 2023 2296 2022
f 2022 2296 2297
f 2022 2297 2021
f 2021 2297 2298
f 2021 2298 2020
f 2020 2298 2299
f 2020 2299 2294
f 2300 2015 2018
f 2019 2294 2018
f 2018 2294 2301
f 2018 2301 2300
f 2300 2302 2015
f 2015 2302 2303
f 2015 2303 2016
f 2016 2303 2304
f 2016 2304 2017
f 2017 2304 2305
f 2017 2305 1706
f 1706 2305 2014
f 2306 2307 2047
f 2047 2307 2050
f 2050 2307 2051
f 2051 2307 2179
f 2051 2179 1921
f 2047 2048 2306
f 2306 2048 2049
f 2306 2049 2308
f 2308 2049 2046
f 2308 2046 2309
f 2046 2045 2309
f 2309 2045 2044
f 2309 2044 2310
f 2310 2044 2043
f 2310 2043 2311
f 2311 2043 2312
f 2312 2043 2042
f 2312 2042 2313
f 2313 2042 2041
f 2313 2041 2314
f 2314 2041 2040
f 2314 2040 2315
f 2315 2040 2039
f 2315 2039 2316
f 2036 2317 2037
f 2037 2317 2316
f 2037 2316 2038
f 2038 2316 2039
f 2052 1832 2071
f 2318 2058 2319
f 2319 2058 2056
f 2319 2056 2320
f 2320 2056 2057
f 2320 2057 2321
f 2321 2057 2055
f 2321 2055 2322
f 2322 2055 2054
f 2322 2054 2323
f 2323 2054 2053
f 2323 2053 2324
f 2324 2053 2052
f 2324 2052 2325
f 2325 2052 2071
f 2326 2327 2064
f 2064 2327 2063
f 2326 2064 2328
f 2328 2064 2065
f 2328 2065 2329
f 2329 2065 2061
f 2329 2061 2330
f 2330 2061 2060
f 2330 2060 2318
f 2318 2060 2059
f 2318 2059 2058
f 2331 2067 2062
f 2063 2327 2062
f 2062 2327 2332
f 2062 2332 2331
f 2067 2331 2066
f 2066 2331 2333
f 2066 2333 2069
f 2333 2334 2069
f 2069 2334 2335
f 2069 2335 2068
f 2068 2335 2036
f 2068 2036 1752
f 2336 2071 2337
f 2337 2071 2070
f 2337 2070 2338
f 2338 2070 2339
f 2073 2340 2072
f 2072 2340 2341
f 2072 2341 2070
f 2070 2341 2342
f 2070 2342 2339
f 2343 2344 2074
f 2074 2344 2345
f 2074 2345 2073
f 2073 2345 2346
f 2073 2346 2340
f 2343 2074 2347
f 2347 2074 2075
f 2347 2075 2348
f 2348 2075 2076
f 2348 2076 2349
f 2349 2076 2077
f 2349 2077 2350
f 2350 2077 2351
f 2351 2077 2078
f 2351 2078 2352
f 2352 2078 2079
f 2352 2079 2353
f 2081 1960 2220
f 2220 2354 2081
f 2081 2354 2355
f 2081 2355 2080
f 2080 2355 2356
f 2080 2356 2079
f 2079 2356 2357
f 2079 2357 2353
f 2103 2358 2359
f 2103 2359 2102
f 2102 2359 2360
f 2102 2360 2101
f 2358 2103 2361
f 2361 2103 2104
f 2361 2104 2362
f 2362 2104 2098
f 2362 2098 2363
f 2363 2098 2099
f 2363 2099 2364
f 2364 2099 2100
f 2364 2100 2365
f 2365 2100 2097
f 2365 2097 2366
f 2097 2096 2366
f 2366 2096 2095
f 2366 2095 2367
f 2367 2095 2094
f 2367 2094 2368
f 2368 2094 2093
f 2368 2093 2369
f 2369 2093 2092
f 2369 2092 2370
f 2370 2092 2371
f 2092 2091 2371
f 2371 2091 2090
f 2371 2090 2372
f 2082 2373 2083
f 2083 2373 2374
f 2083 2374 2084
f 2084 2374 2375
f 2084 2375 2085
f 2085 2375 2376
f 2085 2376 2086
f 2086 2376 2377
f 2086 2377 2087
f 2087 2377 2378
f 2087 2378 2088
f 2088 2378 2372
f 2088 2372 2089
f 2089 2372 2090
f 2373 2082 2379
f 2379 2082 2108
f 2379 2108 2380
f 2106 2105 2381
f 2380 2108 2382
f 2382 2108 2107
f 2382 2107 2383
f 2383 2107 2106
f 2383 2106 2384
f 2384 2106 2381
f 2384 2381 2385
f 2113 2386 2112
f 2112 2386 2387
f 2112 2387 2111
f 2388 2389 2381
f 2381 2389 2390
f 2381 2390 2385
f 2387 2391 2111
f 2111 2391 2392
f 2111 2392 2110
f 2110 2392 2388
f 2110 2388 2109
f 2109 2388 2381
f 2109 2381 2105
f 2393 2134 2394
f 2394 2134 2136
f 2394 2136 2395
f 2395 2136 2135
f 2393 2396 2134
f 2134 2396 2397
f 2134 2397 2133
f 2133 2397 2398
f 2133 2398 2127
f 2127 2398 2126
f 2126 2398 2125
f 2125 2398 2399
f 2125 2399 2132
f 2132 2399 2400
f 2132 2400 2131
f 2131 2400 2401
f 2131 2401 2130
f 2130 2401 2402
f 2130 2402 2129
f 2129 2402 2403
f 2129 2403 2128
f 2128 2403 2404
f 2128 2404 2120
f 2120 2404 2405
f 2120 2405 2121
f 2121 2405 2406
f 2121 2406 2122
f 2122 2406 2407
f 2122 2407 2123
f 2123 2407 2408
f 2123 2408 2124
f 2124 2408 2409
f 2124 2409 2114
f 2114 2409 2115
f 2115 2409 2410
f 2115 2410 2116
f 2411 2387 2119
f 2119 2387 2386
f 2119 2386 2113
f 2119 2118 2411
f 2411 2118 2117
f 2411 2117 2412
f 2412 2117 2116
f 2412 2116 2413
f 2413 2116 2410
f 2414 2415 2148
f 2158 2159 2416
f 2163 1924 2212
f 2417 2165 2418
f 2418 2165 2164
f 2163 2212 2164
f 2164 2212 2419
f 2164 2419 2418
f 2416 2159 2420
f 2420 2159 2160
f 2420 2160 2421
f 2421 2160 2422
f 2422 2160 2161
f 2422 2161 2417
f 2417 2161 2162
f 2417 2162 2165
f 2158 2416 2157
f 2157 2416 2423
f 2157 2423 2155
f 2155 2423 2424
f 2155 2424 2156
f 2151 2152 2425
f 2425 2152 2426
f 2424 2427 2156
f 2156 2427 2428
f 2156 2428 2154
f 2154 2428 2426
f 2154 2426 2153
f 2153 2426 2152
f 2425 2429 2151
f 2151 2429 2430
f 2151 2430 2150
f 2150 2430 2414
f 2150 2414 2149
f 2149 2414 2148
f 2415 2431 2148
f 2148 2431 2432
f 2148 2432 2147
f 2147 2432 2146
f 2146 2432 2137
f 2137 2432 2433
f 2137 2433 2138
f 2138 2433 2434
f 2138 2434 2139
f 2139 2434 2435
f 2139 2435 2140
f 2140 2435 2436
f 2140 2436 2141
f 2141 2436 2437
f 2141 2437 2142
f 2142 2437 2438
f 2142 2438 2439
f 2135 2145 2395
f 2395 2145 2144
f 2395 2144 2439
f 2439 2144 2143
f 2439 2143 2142
f 2168 2176 2440
f 2178 2441 2177
f 2177 2441 2442
f 2177 2442 2166
f 2166 2442 2443
f 2166 2443 2167
f 2167 2443 2444
f 2167 2444 2176
f 2176 2444 2445
f 2176 2445 2440
f 2446 2181 2171
f 2171 2181 1955
f 2446 2171 2447
f 2447 2171 2170
f 2447 2170 2448
f 2440 2449 2168
f 2168 2449 2450
f 2168 2450 2169
f 2169 2450 2451
f 2169 2451 2172
f 2172 2451 2452
f 2172 2452 2173
f 2173 2452 2453
f 2173 2453 2174
f 2174 2453 2448
f 2174 2448 2175
f 2175 2448 2170
f 2180 2179 2454
f 2441 2178 2455
f 2455 2178 2180
f 2455 2180 2456
f 2456 2180 2454
f 2457 2182 2458
f 2458 2182 2181
f 2458 2181 2446
f 2185 2184 2459
f 2457 2460 2182
f 2182 2460 2459
f 2182 2459 2183
f 2183 2459 2184
f 2459 2461 2185
f 2185 2461 2462
f 2185 2462 2186
f 2186 2462 2463
f 2464 2190 2465
f 2465 2190 2192
f 2465 2192 2466
f 2466 2192 2189
f 2466 2189 2467
f 2467 2189 2188
f 2467 2188 2463
f 2463 2188 2187
f 2463 2187 2186
f 2468 2194 2469
f 2469 2194 2193
f 2469 2193 2464
f 2464 2193 2191
f 2464 2191 2190
f 2198 2197 2470
f 2470 2197 2196
f 2470 2196 2468
f 2468 2196 2195
f 2468 2195 2194
f 2470 2471 2198
f 2198 2471 2472
f 2198 2472 2199
f 2199 2472 2473
f 2199 2473 2210
f 2210 2473 2209
f 2209 2473 2474
f 2209 2474 2208
f 2208 2474 2475
f 2208 2475 2207
f 2207 2475 2476
f 2207 2476 2477
f 2478 2204 2479
f 2479 2204 2205
f 2479 2205 2477
f 2477 2205 2206
f 2477 2206 2207
f 2200 2201 2480
f 2480 2201 2481
f 2201 2202 2481
f 2481 2202 2203
f 2481 2203 2482
f 2482 2203 2204
f 2482 2204 2483
f 2483 2204 2478
f 2211 2215 2484
f 2484 2215 2485
f 2480 2486 2200
f 2200 2486 2487
f 2200 2487 2213
f 2213 2487 2485
f 2213 2485 2214
f 2214 2485 2215
f 2488 2212 2489
f 2489 2212 2211
f 2489 2211 2490
f 2490 2211 2484
f 2491 2220 2492
f 2492 2220 2221
f 2492 2221 2226
f 2224 2493 2225
f 2225 2493 2494
f 2225 2494 2226
f 2226 2494 2495
f 2226 2495 2492
f 2217 2496 2497
f 2217 2497 2218
f 2218 2497 2498
f 2218 2498 2219
f 2219 2498 2499
f 2219 2499 2216
f 2216 2499 2500
f 2216 2500 2222
f 2222 2500 2501
f 2222 2501 2223
f 2223 2501 2502
f 2223 2502 2224
f 2224 2502 2503
f 2224 2503 2493
f 2240 1985 2245
f 2504 2231 2230
f 2504 2230 2505
f 2505 2230 2229
f 2505 2229 2506
f 2506 2229 2239
f 2506 2239 2507
f 2507 2239 2238
f 2507 2238 2508
f 2508 2238 2237
f 2508 2237 2509
f 2509 2237 2236
f 2509 2236 2510
f 2510 2236 2235
f 2510 2235 2511
f 2511 2235 2234
f 2511 2234 2512
f 2512 2234 2513
f 2513 2234 2233
f 2513 2233 2514
f 2233 2232 2514
f 2514 2232 2228
f 2514 2228 2515
f 2515 2228 2227
f 2515 2227 2516
f 2516 2227 2240
f 2516 2240 2517
f 2517 2240 2245
f 2496 2217 2518
f 2518 2217 2241
f 2518 2241 2519
f 2519 2241 2231
f 2519 2231 2504
f 2520 2517 2521
f 2521 2517 2245
f 2521 2245 2522
f 2522 2245 2244
f 2522 2244 2523
f 2523 2244 2243
f 2523 2243 2524
f 2524 2243 2242
f 2524 2242 2525
f 2242 2246 2525
f 2525 2246 2247
f 2525 2247 2526
f 2526 2247 2248
f 2526 2248 2527
f 2253 2528 2251
f 2251 2528 2529
f 2251 2529 2252
f 2252 2529 2530
f 2252 2530 2250
f 2250 2530 2527
f 2250 2527 2249
f 2249 2527 2248
f 2257 2531 2254
f 2254 2531 2532
f 2254 2532 2253
f 2253 2532 2533
f 2253 2533 2528
f 2257 2255 2531
f 2531 2255 2256
f 2531 2256 2534
f 2534 2256 2261
f 2534 2261 2535
f 2535 2261 2262
f 2535 2262 2536
f 2262 2263 2536
f 2536 2263 2264
f 2536 2264 2537
f 2537 2264 2265
f 2537 2265 2538
f 2538 2265 2258
f 2538 2258 2539
f 2539 2258 2259
f 2539 2259 2540
f 2540 2259 2260
f 2540 2260 2541
f 2541 2260 2269
f 2541 2269 2542
f 2542 2269 2266
f 2542 2266 2543
f 2543 2266 2267
f 2543 2267 2544
f 2544 2267 2545
f 2545 2267 2268
f 2545 2268 2546
f 2546 2268 2270
f 2546 2270 2547
f 2547 2270 2548
f 2548 2270 2271
f 2548 2271 2549
f 2549 2271 2272
f 2549 2272 2550
f 2275 2551 2274
f 2274 2551 2550
f 2274 2550 2273
f 2273 2550 2272
f 2277 2552 2276
f 2276 2552 2553
f 2276 2553 2275
f 2275 2553 2554
f 2275 2554 2551
f 2297 2555 2298
f 2298 2555 2556
f 2298 2556 2299
f 2299 2556 2557
f 2299 2557 2294
f 2294 2557 2558
f 2294 2558 2301
f 2301 2558 2559
f 2301 2559 2300
f 2300 2559 2560
f 2300 2560 2302
f 2302 2560 2561
f 2302 2561 2303
f 2303 2561 2562
f 2303 2562 2304
f 2304 2562 2563
f 2304 2563 2305
f 2305 2563 2277
f 2305 2277 2014
f 2297 2296 2555
f 2555 2296 2295
f 2555 2295 2564
f 2564 2295 2565
f 2565 2295 2566
f 2566 2295 2293
f 2566 2293 2567
f 2567 2293 2292
f 2567 2292 2568
f 2568 2292 2291
f 2568 2291 2569
f 2569 2291 2290
f 2569 2290 2570
f 2570 2290 2289
f 2570 2289 2571
f 2571 2289 2288
f 2571 2288 2572
f 2572 2288 2282
f 2572 2282 2573
f 2573 2282 2281
f 2573 2281 2574
f 2574 2281 2280
f 2574 2280 2287
f 2101 2360 2575
f 2101 2575 2278
f 2278 2575 2279
f 2279 2575 2576
f 2279 2576 2283
f 2283 2576 2577
f 2283 2577 2284
f 2284 2577 2578
f 2284 2578 2285
f 2285 2578 2579
f 2285 2579 2286
f 2286 2579 2580
f 2286 2580 2287
f 2287 2580 2581
f 2287 2581 2574
f 2582 2583 2311
f 2317 2584 2585
f 2317 2585 2316
f 2316 2585 2586
f 2316 2586 2315
f 2315 2586 2587
f 2315 2587 2314
f 2314 2587 2588
f 2314 2588 2313
f 2313 2588 2589
f 2313 2589 2312
f 2312 2589 2590
f 2312 2590 2311
f 2311 2590 2591
f 2311 2591 2582
f 2454 2179 2592
f 2592 2179 2307
f 2592 2307 2593
f 2593 2307 2306
f 2593 2306 2594
f 2594 2306 2308
f 2594 2308 2595
f 2595 2308 2309
f 2595 2309 2583
f 2583 2309 2310
f 2583 2310 2311
f 2596 2597 2325
f 2325 2597 2324
f 2329 2330 2598
f 2327 2326 2599
f 2317 2036 2600
f 2600 2036 2335
f 2600 2335 2601
f 2601 2335 2334
f 2601 2334 2602
f 2602 2334 2333
f 2602 2333 2603
f 2603 2333 2604
f 2604 2333 2331
f 2604 2331 2332
f 2327 2599 2332
f 2332 2599 2605
f 2332 2605 2604
f 2329 2598 2328
f 2328 2598 2606
f 2328 2606 2326
f 2326 2606 2607
f 2326 2607 2599
f 2608 2609 2318
f 2318 2609 2610
f 2318 2610 2330
f 2330 2610 2611
f 2330 2611 2598
f 2318 2319 2608
f 2608 2319 2320
f 2608 2320 2612
f 2612 2320 2321
f 2612 2321 2613
f 2613 2321 2322
f 2613 2322 2614
f 2614 2322 2615
f 2615 2322 2597
f 2597 2322 2323
f 2597 2323 2324
f 2596 2325 2616
f 2616 2325 2071
f 2616 2071 2336
f 2491 2617 2220
f 2220 2617 2618
f 2220 2618 2354
f 2618 2619 2354
f 2354 2619 2620
f 2354 2620 2355
f 2355 2620 2356
f 2620 2621 2356
f 2356 2621 2622
f 2356 2622 2357
f 2357 2622 2623
f 2357 2623 2353
f 2353 2623 2352
f 2352 2623 2624
f 2352 2624 2351
f 2624 2625 2351
f 2351 2625 2626
f 2351 2626 2350
f 2350 2626 2627
f 2350 2627 2349
f 2349 2627 2628
f 2349 2628 2348
f 2348 2628 2629
f 2348 2629 2347
f 2347 2629 2630
f 2347 2630 2343
f 2343 2630 2631
f 2343 2631 2344
f 2344 2631 2632
f 2344 2632 2345
f 2345 2632 2633
f 2345 2633 2346
f 2633 2634 2346
f 2346 2634 2635
f 2346 2635 2340
f 2340 2635 2636
f 2340 2636 2341
f 2341 2636 2342
f 2636 2637 2342
f 2342 2637 2638
f 2342 2638 2339
f 2339 2638 2639
f 2339 2639 2338
f 2338 2639 2640
f 2338 2640 2337
f 2640 2641 2337
f 2337 2641 2642
f 2337 2642 2336
f 2643 2644 2360
f 2360 2359 2643
f 2643 2359 2358
f 2643 2358 2645
f 2645 2358 2361
f 2645 2361 2646
f 2646 2361 2362
f 2646 2362 2647
f 2647 2362 2648
f 2362 2363 2648
f 2648 2363 2364
f 2648 2364 2649
f 2649 2364 2365
f 2649 2365 2650
f 2650 2365 2366
f 2650 2366 2651
f 2651 2366 2367
f 2651 2367 2652
f 2652 2367 2368
f 2652 2368 2653
f 2653 2368 2369
f 2653 2369 2654
f 2654 2369 2370
f 2654 2370 2655
f 2656 2657 2376
f 2376 2657 2377
f 2370 2371 2655
f 2655 2371 2372
f 2655 2372 2658
f 2658 2372 2378
f 2658 2378 2659
f 2659 2378 2377
f 2659 2377 2660
f 2660 2377 2657
f 2656 2376 2661
f 2661 2376 2375
f 2661 2375 2662
f 2662 2375 2374
f 2662 2374 2663
f 2663 2374 2373
f 2663 2373 2664
f 2665 2666 2385
f 2385 2666 2384
f 2384 2666 2383
f 2383 2666 2667
f 2383 2667 2382
f 2382 2667 2668
f 2382 2668 2380
f 2380 2668 2669
f 2380 2669 2379
f 2379 2669 2664
f 2379 2664 2373
f 2665 2385 2390
f 2665 2390 2670
f 2670 2390 2389
f 2670 2389 2671
f 2671 2389 2388
f 2671 2388 2672
f 2672 2388 2392
f 2672 2392 2673
f 2392 2391 2673
f 2673 2391 2387
f 2673 2387 2674
f 2395 2675 2394
f 2394 2675 2676
f 2394 2676 2393
f 2393 2676 2677
f 2393 2677 2396
f 2396 2677 2678
f 2396 2678 2397
f 2397 2678 2679
f 2397 2679 2398
f 2398 2679 2680
f 2398 2680 2399
f 2399 2680 2400
f 2680 2681 2400
f 2400 2681 2682
f 2400 2682 2401
f 2401 2682 2683
f 2401 2683 2402
f 2402 2683 2684
f 2402 2684 2403
f 2403 2684 2404
f 2684 2685 2404
f 2404 2685 2686
f 2404 2686 2405
f 2405 2686 2687
f 2405 2687 2406
f 2406 2687 2407
f 2407 2687 2688
f 2407 2688 2408
f 2688 2689 2408
f 2408 2689 2690
f 2408 2690 2409
f 2409 2690 2691
f 2409 2691 2410
f 2410 2691 2692
f 2410 2692 2413
f 2413 2692 2412
f 2692 2693 2412
f 2412 2693 2694
f 2412 2694 2411
f 2674 2387 2695
f 2695 2387 2411
f 2695 2411 2696
f 2696 2411 2694
f 2418 2419 2697
f 2212 2488 2419
f 2419 2488 2698
f 2419 2698 2697
f 2697 2699 2418
f 2418 2699 2700
f 2418 2700 2417
f 2417 2700 2701
f 2417 2701 2422
f 2422 2701 2702
f 2703 2427 2704
f 2704 2427 2424
f 2704 2424 2705
f 2705 2424 2706
f 2706 2424 2423
f 2706 2423 2707
f 2707 2423 2416
f 2707 2416 2708
f 2708 2416 2420
f 2708 2420 2702
f 2702 2420 2421
f 2702 2421 2422
f 2709 2431 2415
f 2709 2415 2710
f 2710 2415 2414
f 2710 2414 2711
f 2711 2414 2712
f 2712 2414 2430
f 2712 2430 2713
f 2713 2430 2429
f 2713 2429 2714
f 2714 2429 2425
f 2714 2425 2715
f 2715 2425 2426
f 2715 2426 2703
f 2703 2426 2428
f 2703 2428 2427
f 2431 2709 2432
f 2432 2709 2716
f 2432 2716 2433
f 2716 2717 2433
f 2433 2717 2718
f 2433 2718 2434
f 2434 2718 2719
f 2434 2719 2435
f 2435 2719 2720
f 2435 2720 2436
f 2436 2720 2721
f 2436 2721 2437
f 2437 2721 2722
f 2437 2722 2438
f 2438 2722 2723
f 2438 2723 2439
f 2439 2723 2724
f 2439 2724 2395
f 2395 2724 2675
f 2454 2725 2456
f 2456 2725 2726
f 2456 2726 2455
f 2455 2726 2727
f 2455 2727 2441
f 2441 2727 2728
f 2441 2728 2442
f 2442 2728 2729
f 2442 2729 2443
f 2443 2729 2730
f 2443 2730 2444
f 2444 2730 2731
f 2444 2731 2445
f 2445 2731 2732
f 2445 2732 2440
f 2440 2732 2733
f 2440 2733 2449
f 2449 2733 2734
f 2449 2734 2450
f 2450 2734 2735
f 2450 2735 2451
f 2451 2735 2452
f 2736 2453 2737
f 2737 2453 2452
f 2737 2452 2738
f 2738 2452 2735
f 2458 2446 2739
f 2739 2446 2447
f 2739 2447 2736
f 2736 2447 2448
f 2736 2448 2453
f 2499 2740 2500
f 2500 2740 2741
f 2500 2741 2501
f 2501 2741 2742
f 2501 2742 2502
f 2502 2742 2743
f 2502 2743 2503
f 2503 2743 2744
f 2503 2744 2493
f 2493 2744 2745
f 2493 2745 2494
f 2494 2745 2746
f 2494 2746 2495
f 2495 2746 2747
f 2495 2747 2492
f 2492 2747 2748
f 2492 2748 2491
f 2491 2748 2749
f 2491 2749 2617
f 2740 2499 2498
f 2496 2750 2497
f 2497 2750 2751
f 2497 2751 2498
f 2498 2751 2752
f 2498 2752 2740
f 2750 2496 2753
f 2753 2496 2518
f 2753 2518 2754
f 2754 2518 2519
f 2754 2519 2755
f 2755 2519 2504
f 2755 2504 2756
f 2504 2505 2756
f 2756 2505 2506
f 2756 2506 2757
f 2757 2506 2507
f 2757 2507 2508
f 2757 2508 2758
f 2758 2508 2759
f 2508 2509 2759
f 2759 2509 2510
f 2759 2510 2760
f 2760 2510 2511
f 2760 2511 2761
f 2761 2511 2512
f 2761 2512 2762
f 2517 2520 2516
f 2516 2520 2763
f 2516 2763 2515
f 2515 2763 2764
f 2515 2764 2514
f 2514 2764 2762
f 2514 2762 2513
f 2513 2762 2512
f 2552 2277 2765
f 2765 2277 2563
f 2765 2563 2766
f 2767 2768 2565
f 2766 2563 2769
f 2769 2563 2562
f 2769 2562 2770
f 2770 2562 2561
f 2770 2561 2771
f 2771 2561 2560
f 2771 2560 2772
f 2772 2560 2559
f 2772 2559 2773
f 2773 2559 2558
f 2773 2558 2774
f 2774 2558 2557
f 2774 2557 2775
f 2775 2557 2556
f 2775 2556 2776
f 2776 2556 2555
f 2776 2555 2768
f 2768 2555 2564
f 2768 2564 2565
f 2767 2565 2777
f 2777 2565 2566
f 2777 2566 2778
f 2778 2566 2567
f 2778 2567 2779
f 2779 2567 2568
f 2779 2568 2569
f 2780 2781 2573
f 2573 2781 2782
f 2573 2782 2572
f 2572 2782 2783
f 2572 2783 2571
f 2571 2783 2784
f 2571 2784 2570
f 2570 2784 2785
f 2570 2785 2569
f 2569 2785 2786
f 2569 2786 2779
f 2573 2574 2780
f 2780 2574 2581
f 2780 2581 2787
f 2787 2581 2580
f 2787 2580 2788
f 2788 2580 2789
f 2789 2580 2579
f 2789 2579 2790
f 2790 2579 2578
f 2790 2578 2791
f 2791 2578 2577
f 2791 2577 2792
f 2792 2577 2576
f 2792 2576 2644
f 2644 2576 2575
f 2644 2575 2360
f 2595 2793 2594
f 2594 2793 2794
f 2594 2794 2593
f 2593 2794 2795
f 2593 2795 2592
f 2592 2795 2725
f 2592 2725 2454
f 2793 2595 2796
f 2796 2595 2583
f 2796 2583 2797
f 2797 2583 2582
f 2797 2582 2798
f 2798 2582 2591
f 2798 2591 2799
f 2799 2591 2590
f 2799 2590 2800
f 2800 2590 2589
f 2800 2589 2801
f 2801 2589 2588
f 2801 2588 2802
f 2802 2588 2587
f 2802 2587 2803
f 2803 2587 2586
f 2803 2586 2804
f 2804 2586 2585
f 2804 2585 2805
f 2805 2585 2584
f 2805 2584 2806
f 2807 2808 2603
f 2806 2584 2317
f 2806 2317 2809
f 2809 2317 2600
f 2809 2600 2810
f 2810 2600 2601
f 2810 2601 2808
f 2808 2601 2602
f 2808 2602 2603
f 2807 2603 2811
f 2811 2603 2604
f 2811 2604 2812
f 2812 2604 2605
f 2812 2605 2813
f 2605 2599 2813
f 2813 2599 2607
f 2813 2607 2814
f 2814 2607 2606
f 2814 2606 2815
f 2815 2606 2816
f 2817 2818 2611
f 2611 2818 2819
f 2816 2606 2819
f 2819 2606 2598
f 2819 2598 2611
f 2611 2610 2817
f 2817 2610 2609
f 2817 2609 2820
f 2820 2609 2608
f 2820 2608 2821
f 2821 2608 2822
f 2822 2608 2612
f 2822 2612 2823
f 2823 2612 2613
f 2823 2613 2824
f 2824 2613 2614
f 2824 2614 2825
f 2825 2614 2615
f 2825 2615 2826
f 2826 2615 2597
f 2826 2597 2827
f 2827 2597 2596
f 2827 2596 2828
f 2828 2596 2616
f 2828 2616 2829
f 2829 2616 2336
f 2829 2336 2642
f 2830 2831 2624
f 2617 2749 2618
f 2618 2749 2832
f 2618 2832 2619
f 2619 2832 2833
f 2619 2833 2620
f 2620 2833 2621
f 2621 2833 2834
f 2621 2834 2622
f 2622 2834 2835
f 2622 2835 2623
f 2623 2835 2836
f 2623 2836 2624
f 2624 2836 2837
f 2624 2837 2830
f 2628 2627 2838
f 2838 2627 2626
f 2838 2626 2831
f 2831 2626 2625
f 2831 2625 2624
f 2838 2839 2628
f 2628 2839 2840
f 2628 2840 2629
f 2629 2840 2841
f 2629 2841 2630
f 2630 2841 2842
f 2630 2842 2631
f 2631 2842 2843
f 2631 2843 2632
f 2843 2844 2632
f 2632 2844 2845
f 2632 2845 2633
f 2633 2845 2634
f 2845 2846 2634
f 2634 2846 2847
f 2634 2847 2635
f 2635 2847 2848
f 2635 2848 2636
f 2636 2848 2849
f 2636 2849 2637
f 2637 2849 2850
f 2637 2850 2638
f 2638 2850 2851
f 2638 2851 2852
f 2853 2854 2642
f 2642 2641 2853
f 2853 2641 2640
f 2853 2640 2852
f 2852 2640 2639
f 2852 2639 2638
f 2855 2856 2857
f 2858 2859 2860
f 2861 2862 2863
f 2864 2865 2866
f 2867 2868 2869
f 2870 2871 2872
f 2645 2646 2869
f 2663 2664 2873
f 2873 2874 2663
f 2663 2874 2875
f 2663 2875 2662
f 2660 2657 2876
f 2876 2657 2877
f 2657 2656 2875
f 2875 2656 2661
f 2875 2661 2662
f 2655 2658 2876
f 2876 2658 2659
f 2876 2659 2660
f 2653 2654 2878
f 2650 2651 2878
f 2878 2651 2652
f 2878 2652 2653
f 2646 2647 2869
f 2869 2647 2648
f 2869 2648 2878
f 2878 2648 2649
f 2878 2649 2650
f 2645 2869 2643
f 2643 2869 2868
f 2643 2868 2644
f 2879 2870 2880
f 2880 2870 2881
f 2865 2864 2882
f 2882 2864 2872
f 2882 2872 2877
f 2877 2872 2871
f 2877 2871 2876
f 2879 2867 2870
f 2870 2867 2869
f 2870 2869 2871
f 2871 2869 2878
f 2871 2878 2876
f 2876 2878 2654
f 2876 2654 2655
f 2866 2883 2884
f 2885 2886 2887
f 2887 2888 2885
f 2885 2888 2889
f 2885 2889 2858
f 2873 2890 2874
f 2874 2890 2891
f 2874 2891 2886
f 2886 2891 2892
f 2886 2892 2887
f 2893 2894 2863
f 2863 2894 2895
f 2863 2895 2896
f 2863 2862 2893
f 2893 2862 2897
f 2893 2897 2898
f 2866 2884 2864
f 2864 2884 2899
f 2864 2899 2872
f 2872 2899 2857
f 2872 2857 2870
f 2870 2857 2856
f 2870 2856 2881
f 2894 2900 2895
f 2895 2900 2901
f 2895 2901 2896
f 2896 2901 2902
f 2896 2902 2903
f 2883 2861 2884
f 2884 2861 2863
f 2884 2863 2899
f 2899 2863 2896
f 2899 2896 2857
f 2857 2896 2903
f 2857 2903 2855
f 2858 2860 2885
f 2885 2860 2904
f 2657 2875 2877
f 2877 2875 2874
f 2877 2874 2882
f 2882 2874 2886
f 2882 2886 2865
f 2865 2886 2885
f 2865 2885 2866
f 2866 2885 2904
f 2866 2904 2883
f 2668 2667 2905
f 2664 2669 2873
f 2873 2669 2890
f 2905 2667 2906
f 2906 2667 2666
f 2906 2666 2665
f 2887 2907 2908
f 2887 2908 2888
f 2888 2908 2909
f 2888 2909 2889
f 2909 2910 2911
f 2889 2909 2858
f 2858 2909 2911
f 2858 2911 2859
f 2669 2668 2890
f 2890 2668 2905
f 2890 2905 2891
f 2891 2905 2907
f 2891 2907 2892
f 2892 2907 2887
f 2665 2670 2906
f 2906 2670 2671
f 2906 2671 2905
f 2674 2912 2673
f 2673 2912 2913
f 2673 2913 2672
f 2914 2915 2909
f 2914 2909 2916
f 2916 2909 2908
f 2916 2908 2917
f 2917 2908 2907
f 2917 2907 2918
f 2915 2919 2909
f 2909 2919 2920
f 2909 2920 2910
f 2918 2907 2921
f 2921 2907 2905
f 2921 2905 2913
f 2913 2905 2671
f 2913 2671 2672
f 2922 2923 2924
f 2676 2675 2925
f 2677 2676 2926
f 2681 2927 2928
f 2928 2927 2926
f 2681 2680 2927
f 2927 2680 2679
f 2927 2679 2926
f 2926 2679 2678
f 2926 2678 2677
f 2689 2688 2928
f 2928 2688 2687
f 2687 2686 2928
f 2928 2686 2685
f 2928 2685 2684
f 2684 2683 2928
f 2928 2683 2682
f 2928 2682 2681
f 2929 2930 2931
f 2690 2932 2691
f 2691 2932 2692
f 2930 2695 2931
f 2931 2695 2696
f 2931 2696 2694
f 2933 2914 2916
f 2914 2933 2915
f 2915 2933 2934
f 2915 2934 2919
f 2935 2936 2937
f 2937 2936 2938
f 2937 2938 2939
f 2939 2938 2940
f 2941 2942 2943
f 2943 2942 2944
f 2945 2924 2936
f 2936 2924 2946
f 2936 2946 2938
f 2938 2946 2933
f 2938 2933 2940
f 2940 2933 2916
f 2940 2916 2917
f 2694 2693 2931
f 2931 2693 2692
f 2931 2692 2929
f 2929 2692 2932
f 2929 2932 2947
f 2947 2932 2948
f 2676 2925 2926
f 2926 2925 2949
f 2926 2949 2950
f 2690 2689 2932
f 2932 2689 2928
f 2932 2928 2948
f 2948 2928 2926
f 2948 2926 2951
f 2951 2926 2950
f 2951 2950 2952
f 2918 2921 2930
f 2674 2695 2912
f 2912 2695 2930
f 2912 2930 2913
f 2913 2930 2921
f 2953 2922 2954
f 2954 2922 2924
f 2954 2924 2955
f 2955 2924 2945
f 2923 2956 2924
f 2924 2956 2957
f 2924 2957 2946
f 2946 2957 2958
f 2946 2958 2933
f 2933 2958 2959
f 2933 2959 2934
f 2960 2961 2962
f 2962 2961 2963
f 2963 2941 2962
f 2962 2941 2943
f 2962 2943 2935
f 2935 2943 2944
f 2935 2944 2936
f 2936 2944 2964
f 2936 2964 2945
f 2952 2960 2951
f 2951 2960 2962
f 2951 2962 2948
f 2948 2962 2935
f 2948 2935 2947
f 2947 2935 2937
f 2947 2937 2929
f 2929 2937 2939
f 2929 2939 2930
f 2930 2939 2940
f 2930 2940 2918
f 2918 2940 2917
f 2941 2963 2965
f 2961 2960 2966
f 2723 2722 2967
f 2968 2969 2970
f 2698 2488 2971
f 2968 2970 2972
f 2698 2971 2697
f 2697 2971 2972
f 2697 2972 2699
f 2699 2972 2970
f 2699 2970 2700
f 2708 2702 2970
f 2970 2702 2701
f 2970 2701 2700
f 2706 2707 2973
f 2973 2707 2708
f 2974 2704 2705
f 2713 2714 2975
f 2975 2714 2715
f 2975 2715 2703
f 2710 2711 2976
f 2976 2711 2975
f 2975 2711 2712
f 2975 2712 2713
f 2709 2977 2716
f 2716 2977 2978
f 2716 2978 2717
f 2717 2978 2718
f 2722 2721 2967
f 2967 2721 2720
f 2967 2720 2978
f 2978 2720 2719
f 2978 2719 2718
f 2979 2980 2981
f 2981 2980 2982
f 2981 2982 2983
f 2984 2985 2986
f 2986 2985 2987
f 2986 2987 2981
f 2981 2987 2988
f 2981 2988 2979
f 2989 2990 2991
f 2991 2990 2992
f 2955 2945 2993
f 2993 2945 2964
f 2993 2964 2944
f 2994 2995 2996
f 2996 2995 2997
f 2996 2997 2998
f 2998 2997 2999
f 2998 2999 2993
f 2993 2999 3000
f 2993 3000 2955
f 2955 3000 2954
f 2953 2954 3001
f 3001 2954 3000
f 3001 3000 3002
f 3002 3000 2999
f 3002 2999 3003
f 3003 2999 3004
f 3005 3006 2995
f 2992 2984 2991
f 2991 2984 2986
f 2991 2986 3007
f 3007 2986 2981
f 3007 2981 3008
f 3008 2981 2983
f 3008 2983 3009
f 3009 3010 3008
f 3008 3010 3011
f 3008 3011 3012
f 2969 2989 2970
f 2970 2989 2991
f 2970 2991 3013
f 3013 2991 3007
f 3013 3007 3014
f 3014 3007 3008
f 3014 3008 3015
f 3015 3008 3012
f 3015 3012 3016
f 2708 2970 2973
f 2973 2970 3013
f 2973 3013 3017
f 3017 3013 3014
f 3017 3014 2994
f 2994 3014 3015
f 2994 3015 2995
f 2995 3015 3016
f 2995 3016 3005
f 2675 2724 2925
f 2925 2724 2723
f 2925 2723 2949
f 2949 2723 2967
f 2949 2967 2950
f 2950 2967 2952
f 2709 2710 2977
f 2977 2710 2976
f 2977 2976 2978
f 2978 2976 3018
f 2978 3018 2967
f 2967 3018 2966
f 2967 2966 2952
f 2952 2966 2960
f 2941 2965 2942
f 2963 2961 2965
f 2965 2961 2966
f 2965 2966 3019
f 3019 2966 3018
f 3019 3018 3020
f 3020 3018 2976
f 3020 2976 3021
f 3021 2976 2975
f 3021 2975 2974
f 2974 2975 2703
f 2974 2703 2704
f 3006 3022 2995
f 2995 3022 3023
f 2995 3023 2997
f 2997 3023 3024
f 2997 3024 2999
f 2999 3024 3025
f 2999 3025 3004
f 2944 2942 2993
f 2993 2942 2965
f 2993 2965 2998
f 2998 2965 3019
f 2998 3019 2996
f 2996 3019 3020
f 2996 3020 2994
f 2994 3020 3021
f 2994 3021 3017
f 3017 3021 2974
f 3017 2974 2973
f 2973 2974 2705
f 2973 2705 2706
f 3026 3027 3028
f 3029 3030 2979
f 3031 3032 3033
f 3034 3035 3028
f 2460 2457 3036
f 2466 2467 3036
f 3036 2467 2463
f 3036 2463 2462
f 2462 2461 3036
f 3036 2461 2459
f 3036 2459 2460
f 3037 2470 2468
f 2469 2464 3036
f 3036 2464 2465
f 3036 2465 2466
f 2477 2476 3037
f 2476 2475 3037
f 3037 2475 2474
f 3037 2474 2473
f 2473 2472 3037
f 3037 2472 2471
f 3037 2471 2470
f 3038 2478 2479
f 3039 2481 3040
f 3040 2481 2482
f 3040 2482 3038
f 3038 2482 2483
f 3038 2483 2478
f 3041 2486 3039
f 3039 2486 2480
f 3039 2480 2481
f 2490 2484 3042
f 3042 2484 2485
f 3042 2485 3041
f 3041 2485 2487
f 3041 2487 2486
f 3042 2972 2971
f 2490 3042 2489
f 2489 3042 2971
f 2489 2971 2488
f 3040 3043 3039
f 3039 3043 3044
f 3039 3044 3041
f 3041 3044 3045
f 3041 3045 3042
f 3042 3045 3046
f 2990 2989 3046
f 3046 2989 2969
f 3046 2969 3042
f 3042 2969 2968
f 3042 2968 2972
f 2988 2987 3047
f 3032 3048 3033
f 3033 3048 3049
f 3033 3049 3034
f 3034 3049 3050
f 3034 3050 3035
f 3035 3050 3051
f 3052 3053 3054
f 2468 2469 3037
f 3037 2469 3036
f 3037 3036 3055
f 3054 3056 3052
f 3052 3056 3057
f 3052 3057 3058
f 3058 3057 3059
f 3058 3059 3060
f 3060 3059 3061
f 3060 3061 3062
f 2479 2477 3038
f 3038 2477 3037
f 3038 3037 3040
f 3040 3037 3055
f 3040 3055 3043
f 3056 3031 3057
f 3057 3031 3033
f 3057 3033 3059
f 3059 3033 3034
f 3059 3034 3061
f 3061 3034 3028
f 3061 3028 3062
f 3062 3028 3027
f 3062 3027 3063
f 3063 3064 3062
f 3062 3064 3065
f 3062 3065 3030
f 3030 3065 3066
f 3030 3066 2979
f 2979 3066 3067
f 2979 3067 2980
f 2979 2988 3029
f 3029 2988 3047
f 3029 3047 3030
f 3030 3047 3068
f 3030 3068 3062
f 3062 3068 3069
f 3062 3069 3060
f 2987 2985 3047
f 3047 2985 2984
f 3047 2984 2992
f 3051 3070 3035
f 3035 3070 3071
f 3035 3071 3028
f 3028 3071 3072
f 3028 3072 3026
f 2992 2990 3047
f 3047 2990 3046
f 3047 3046 3068
f 3068 3046 3045
f 3068 3045 3069
f 3069 3045 3044
f 3069 3044 3060
f 3060 3044 3043
f 3060 3043 3058
f 3058 3043 3055
f 3058 3055 3052
f 3052 3055 3036
f 3052 3036 3053
f 3053 3036 2457
f 3053 2457 2458
f 2731 2730 3073
f 3073 2730 2729
f 3073 2729 2728
f 2726 2725 3074
f 3074 3075 2726
f 2726 3075 3076
f 2726 3076 2727
f 2734 2733 3073
f 3073 2733 2732
f 3073 2732 2731
f 3053 2458 2739
f 2736 3056 2739
f 2739 3056 3054
f 2739 3054 3053
f 2736 2737 3056
f 3056 2737 2738
f 3056 2738 2735
f 3077 3078 3079
f 3079 3078 3080
f 3079 3080 3081
f 3077 3079 3082
f 3082 3079 3083
f 3082 3083 3084
f 3084 3083 3085
f 3085 3083 3073
f 3085 3073 3076
f 3076 3073 2728
f 3076 2728 2727
f 3081 3051 3050
f 3079 3081 3050
f 3079 3050 3083
f 3083 3050 3049
f 3083 3049 3048
f 2735 2734 3056
f 3056 2734 3073
f 3056 3073 3031
f 3031 3073 3083
f 3031 3083 3032
f 3032 3083 3048
f 3086 3087 3088
f 3089 3090 3088
f 3091 3092 3086
f 3093 2749 2748
f 2748 2747 3093
f 3093 2747 2746
f 3093 2746 3092
f 3094 3095 3096
f 3097 3098 3094
f 3094 3098 3099
f 3094 3099 3095
f 3100 3101 3097
f 3097 3101 3102
f 3097 3102 3103
f 3103 3104 3097
f 3097 3104 3105
f 3097 3105 3098
f 3106 3107 3089
f 3107 3108 3109
f 3110 3111 3089
f 3089 3111 3112
f 3089 3112 3106
f 3110 3089 3113
f 3113 3089 3088
f 3113 3088 3114
f 2752 2751 3087
f 2752 3087 2740
f 3114 3088 3115
f 3115 3088 3087
f 3115 3087 3116
f 3116 3087 2751
f 3116 2751 2750
f 3092 2746 3086
f 3086 2746 2745
f 3086 2745 2744
f 2744 2743 3086
f 3086 2743 2742
f 3086 2742 3087
f 3087 2742 2741
f 3087 2741 2740
f 3090 3117 3118
f 3118 3100 3090
f 3090 3100 3097
f 3090 3097 3088
f 3088 3097 3094
f 3088 3094 3086
f 3086 3094 3096
f 3086 3096 3091
f 3107 3109 3089
f 3089 3109 3119
f 3089 3119 3090
f 3090 3119 3120
f 3090 3120 3117
f 3114 3115 3121
f 3121 2757 2758
f 2759 2760 3122
f 3122 2760 2761
f 3122 2761 2762
f 2763 2520 3123
f 2762 2764 3122
f 3122 2764 2763
f 3122 2763 3124
f 3124 2763 3123
f 2750 2753 3116
f 3116 2753 3115
f 2753 2754 3115
f 3115 2754 2755
f 3115 2755 3121
f 3121 2755 2756
f 3121 2756 2757
f 3106 3112 3125
f 3125 3112 3111
f 3125 3111 3126
f 3126 3111 3110
f 3126 3110 3121
f 3121 3110 3113
f 3121 3113 3114
f 3106 3125 3107
f 3107 3125 3127
f 3107 3127 3108
f 3128 3127 3129
f 3129 3127 3130
f 2758 2759 3121
f 3121 2759 3122
f 3121 3122 3126
f 3126 3122 3131
f 3130 3127 3125
f 3130 3125 3132
f 3132 3125 3126
f 3132 3126 3133
f 3133 3126 3131
f 3134 3135 3136
f 3137 3138 3139
f 3140 3141 3142
f 3143 3142 3144
f 2545 2546 3145
f 2553 2552 3146
f 2553 3146 3147
f 2547 2548 3148
f 3148 2548 2549
f 2550 2551 3147
f 3147 2551 2554
f 3147 2554 2553
f 2543 3149 2542
f 2542 3149 2541
f 2537 3150 2536
f 2536 3150 2535
f 2537 2538 3150
f 3150 2538 2539
f 3150 2539 2540
f 2529 2528 3151
f 3151 2528 2533
f 3151 2533 2532
f 2532 2531 3150
f 3150 2531 2534
f 3150 2534 2535
f 2523 2524 3151
f 3151 2524 2525
f 3151 2525 2526
f 2526 2527 3151
f 3151 2527 2530
f 3151 2530 2529
f 3123 2520 2521
f 3124 3123 3152
f 3152 3123 2521
f 3152 2521 3151
f 3151 2521 2522
f 3151 2522 2523
f 3130 3153 3139
f 3138 3128 3139
f 3139 3128 3129
f 3139 3129 3130
f 3154 3155 3156
f 3156 3157 3154
f 3154 3157 3143
f 3154 3143 3158
f 3158 3143 3144
f 3158 3144 3159
f 3159 3144 3160
f 3159 3160 3145
f 3145 3160 3161
f 3145 3161 2545
f 2545 3161 3149
f 2545 3149 2544
f 2544 3149 2543
f 3146 3162 3147
f 3147 3162 3163
f 3147 3163 3164
f 3135 3165 3136
f 3136 3165 3166
f 3136 3166 3164
f 3164 3166 3167
f 3164 3167 3147
f 3147 3167 3148
f 3147 3148 2550
f 2550 3148 2549
f 2546 2547 3145
f 3145 2547 3148
f 3145 3148 3159
f 3159 3148 3167
f 3159 3167 3158
f 3158 3167 3166
f 3158 3166 3154
f 3154 3166 3165
f 3154 3165 3155
f 3130 3132 3153
f 3153 3132 3133
f 3153 3133 3168
f 3168 3133 3131
f 3168 3131 3152
f 3152 3131 3122
f 3152 3122 3124
f 3169 3170 3171
f 3171 3170 3157
f 3171 3157 3172
f 3172 3157 3156
f 3170 3173 3157
f 3157 3173 3174
f 3157 3174 3143
f 3143 3174 3175
f 3143 3175 3142
f 3142 3175 3176
f 3142 3176 3140
f 3177 3141 3178
f 3163 3179 3164
f 3164 3179 3180
f 3164 3180 3136
f 3136 3180 3181
f 3136 3181 3134
f 3141 3177 3142
f 3142 3177 3182
f 3142 3182 3144
f 3144 3182 3183
f 3144 3183 3160
f 3160 3183 3184
f 3160 3184 3161
f 3161 3184 3150
f 3161 3150 3149
f 3149 3150 2540
f 3149 2540 2541
f 2532 3150 3151
f 3151 3150 3184
f 3151 3184 3152
f 3152 3184 3183
f 3152 3183 3168
f 3168 3183 3182
f 3168 3182 3153
f 3153 3182 3177
f 3153 3177 3139
f 3139 3177 3178
f 3139 3178 3137
f 2880 2881 3185
f 3134 3181 3186
f 2868 2867 3187
f 2792 2644 2868
f 2788 2789 3187
f 3187 2789 2790
f 3187 2790 2868
f 2868 2790 2791
f 2868 2791 2792
f 2785 2784 3188
f 3188 2784 2783
f 2782 2781 3189
f 3189 2781 2780
f 3189 2780 2787
f 3190 2778 2779
f 2768 2767 3191
f 3191 2767 3190
f 3190 2767 2777
f 3190 2777 2778
f 2773 2774 3192
f 3192 2774 2775
f 3192 2775 3191
f 3191 2775 2776
f 3191 2776 2768
f 3193 2770 2771
f 3193 2771 3192
f 3192 2771 2772
f 3192 2772 2773
f 3180 3179 3193
f 3193 3179 3163
f 3163 3162 2766
f 2766 3162 2765
f 2765 3162 3146
f 2765 3146 2552
f 3163 2766 3193
f 3193 2766 2769
f 3193 2769 2770
f 3134 3186 3135
f 3194 3171 3172
f 3165 3195 3155
f 3155 3195 3156
f 3169 3171 3196
f 3196 3171 3194
f 3196 3194 3197
f 3181 3180 3186
f 3186 3180 3193
f 3186 3193 3198
f 3198 3193 3192
f 3198 3192 3199
f 3199 3192 3191
f 3199 3191 3200
f 3200 3191 3190
f 3200 3190 3201
f 3201 3190 2779
f 3201 2779 2786
f 3202 3203 3204
f 3204 3203 3205
f 3204 3205 3206
f 3207 3204 3208
f 3208 3204 3206
f 3208 3206 3209
f 3209 3206 3210
f 3209 3210 3195
f 3211 3197 3210
f 3210 3197 3194
f 3210 3194 3195
f 3195 3194 3172
f 3195 3172 3156
f 3205 3212 3206
f 3206 3212 3213
f 3206 3213 3210
f 3210 3213 3214
f 3210 3214 3211
f 2894 2893 3215
f 3215 2893 2898
f 2898 3216 3215
f 3215 3216 3217
f 3215 3217 3218
f 3219 3220 3221
f 3221 3220 3215
f 3221 3215 3222
f 3222 3215 3218
f 3222 3218 3223
f 2880 3185 2879
f 2903 3220 2855
f 2855 3220 3219
f 2855 3219 2856
f 2903 2902 3220
f 3220 2902 2901
f 3220 2901 3215
f 3215 2901 2900
f 3215 2900 2894
f 2786 2785 3201
f 3201 2785 3188
f 3201 3188 3189
f 3189 3188 2783
f 3189 2783 2782
f 2881 2856 3185
f 3185 2856 3219
f 3185 3219 3224
f 3224 3219 3221
f 3224 3221 3225
f 3225 3221 3222
f 3225 3222 3226
f 3226 3222 3223
f 3226 3223 3227
f 3227 3228 3226
f 3226 3228 3229
f 3226 3229 3230
f 2867 2879 3187
f 3187 2879 3185
f 3187 3185 3231
f 3231 3185 3224
f 3231 3224 3232
f 3232 3224 3225
f 3232 3225 3207
f 3207 3225 3226
f 3207 3226 3204
f 3204 3226 3230
f 3204 3230 3202
f 3165 3135 3195
f 3195 3135 3186
f 3195 3186 3209
f 3209 3186 3198
f 3209 3198 3208
f 3208 3198 3199
f 3208 3199 3207
f 3207 3199 3200
f 3207 3200 3232
f 3232 3200 3201
f 3232 3201 3231
f 3231 3201 3189
f 3231 3189 3187
f 3187 3189 2787
f 3187 2787 2788
f 3233 3234 3235
f 2802 2803 3236
f 3236 2803 2804
f 3236 2804 2805
f 2796 2797 3237
f 3237 2797 2798
f 2798 2799 3237
f 3237 2799 2800
f 3237 2800 2801
f 3238 3074 2725
f 2725 2795 3238
f 3238 2795 2794
f 3238 2794 2793
f 3235 3076 3238
f 3238 3076 3075
f 3238 3075 3074
f 3078 3077 3239
f 3239 3077 3082
f 3239 3082 3234
f 3234 3082 3084
f 3234 3084 3235
f 3235 3084 3085
f 3235 3085 3076
f 3240 3241 3233
f 3233 3241 3242
f 2802 3236 2801
f 2801 3236 3243
f 2801 3243 3237
f 3237 3243 3244
f 3237 3244 3245
f 3245 3246 3237
f 3237 3246 3247
f 3237 3247 3248
f 3248 3247 3249
f 3248 3249 3250
f 2793 2796 3238
f 3238 2796 3237
f 3238 3237 3235
f 3235 3237 3248
f 3235 3248 3233
f 3233 3248 3250
f 3233 3250 3240
f 3080 3078 3251
f 3251 3078 3239
f 3251 3239 3252
f 3252 3239 3234
f 3252 3234 3253
f 3253 3234 3233
f 3253 3233 3254
f 3254 3233 3242
f 3254 3242 3255
f 3256 3257 2816
f 2805 2806 2809
f 2816 3257 2815
f 2815 3257 3258
f 2815 3258 2814
f 2814 3258 3259
f 2814 3259 2813
f 2813 3259 3260
f 2813 3260 2812
f 2812 3260 3261
f 2812 3261 2811
f 2811 3261 3262
f 2811 3262 2807
f 2807 3262 3263
f 2807 3263 2808
f 2808 3263 3264
f 2808 3264 2810
f 2810 3264 3265
f 2810 3265 2809
f 2809 3265 3266
f 2809 3266 2805
f 3256 2816 3267
f 3267 2816 2819
f 3267 2819 3268
f 3268 2819 2818
f 3268 2818 3269
f 3269 2818 2817
f 3269 2817 3270
f 3270 2817 2820
f 3270 2820 3271
f 3271 2820 2821
f 3271 2821 3272
f 3272 2821 2822
f 3272 2822 3273
f 3273 2822 3274
f 3274 2822 2823
f 3274 2823 3275
f 3275 2823 2824
f 3275 2824 2825
f 3276 3277 2825
f 2825 3277 3278
f 2825 3278 3275
f 2825 2826 3276
f 3276 2826 2827
f 3276 2827 3279
f 3279 2827 2828
f 3279 2828 2854
f 2854 2828 2829
f 2854 2829 2642
f 3280 3281 3282
f 3283 3284 3285
f 3286 3287 3288
f 3282 3281 3289
f 2850 2849 3290
f 2847 2846 3291
f 3105 3104 3292
f 3103 3102 3293
f 3105 3292 3098
f 3099 3294 3095
f 3095 3294 3295
f 3095 3295 3096
f 3096 3295 3296
f 3096 3296 3091
f 2835 2834 3297
f 3297 2834 2833
f 3297 2833 2832
f 3091 3296 3092
f 3092 3296 3297
f 3092 3297 3093
f 3093 3297 2832
f 3093 2832 2749
f 2837 2836 3298
f 2838 2831 3298
f 3298 2831 2830
f 3298 2830 2837
f 2842 2841 3299
f 3299 2841 2840
f 3299 2840 2839
f 2843 3300 2844
f 2844 3300 2845
f 2847 3291 2848
f 2853 2852 3290
f 3290 2852 2851
f 3290 2851 2850
f 2836 2835 3298
f 3298 2835 3297
f 3298 3297 3301
f 3301 3297 3296
f 3301 3296 3302
f 3302 3296 3295
f 3302 3295 3303
f 3303 3295 3294
f 3303 3304 3302
f 3302 3304 3305
f 3302 3305 3301
f 3301 3305 3306
f 3301 3306 3298
f 3298 3306 3299
f 3298 3299 2838
f 2838 3299 2839
f 2854 2853 3307
f 3307 2853 3290
f 3307 3290 3308
f 3308 3290 3309
f 3281 3310 3289
f 3289 3310 3311
f 3289 3311 3309
f 3309 3311 3312
f 3309 3312 3308
f 3313 3314 3315
f 3286 3288 3316
f 3317 3318 3319
f 3319 3318 3288
f 3319 3288 3320
f 3320 3288 3287
f 3318 3283 3288
f 3288 3283 3285
f 3288 3285 3321
f 3321 3285 3322
f 3321 3322 3323
f 3323 3322 3324
f 3323 3324 3325
f 3325 3324 3326
f 3325 3326 3327
f 3327 3326 3291
f 3327 3291 3300
f 3300 3291 2846
f 3300 2846 2845
f 3328 3329 3330
f 3330 3329 3292
f 3330 3292 3293
f 3293 3292 3104
f 3293 3104 3103
f 3328 3331 3329
f 3329 3331 3332
f 3329 3332 3333
f 3333 3332 3334
f 3284 3280 3285
f 3285 3280 3282
f 3285 3282 3322
f 3322 3282 3289
f 3322 3289 3324
f 3324 3289 3309
f 3324 3309 3326
f 3326 3309 3290
f 3326 3290 3291
f 3291 3290 2849
f 3291 2849 2848
f 3099 3098 3294
f 3294 3098 3292
f 3294 3292 3303
f 3303 3292 3329
f 3303 3329 3304
f 3304 3329 3333
f 3304 3333 3315
f 3315 3333 3334
f 3315 3334 3313
f 2843 2842 3300
f 3300 2842 3299
f 3300 3299 3327
f 3327 3299 3306
f 3327 3306 3325
f 3325 3306 3305
f 3325 3305 3323
f 3323 3305 3304
f 3323 3304 3321
f 3321 3304 3315
f 3321 3315 3288
f 3288 3315 3314
f 3288 3314 3316
f 2897 3335 2898
f 2898 3335 3336
f 2898 3336 3337
f 3337 3336 3338
f 3339 3340 2897
f 2897 3340 3341
f 2897 3341 3335
f 2897 2862 3339
f 3339 2862 2861
f 3339 2861 3342
f 3342 2861 2883
f 3342 2883 3343
f 3343 2883 3344
f 3344 2883 3345
f 3345 2883 3346
f 3345 3346 3347
f 2883 2904 3346
f 3346 2904 2860
f 3346 2860 3347
f 3347 2860 3348
f 2860 2859 3349
f 2860 3349 3350
f 2860 3350 3351
f 3351 3352 2860
f 2860 3352 3353
f 2860 3353 3348
f 2910 3354 2911
f 2911 3354 3355
f 3355 3356 2911
f 2911 3356 3357
f 2911 3357 2859
f 2859 3357 3358
f 2859 3358 3349
f 3349 3358 3350
f 3359 3360 3361
f 3361 3360 3362
f 3361 3362 2919
f 3354 2910 3363
f 3363 2910 2920
f 3363 2920 3364
f 3364 2920 2919
f 3364 2919 3365
f 3365 2919 3362
f 3366 3359 3361
f 3367 3368 2934
f 2934 3368 3369
f 2934 3369 3370
f 3370 3366 2934
f 2934 3366 3361
f 2934 3361 2919
f 2959 2958 3371
f 3371 2958 2957
f 3371 2957 3372
f 3371 3373 2959
f 2959 3373 3374
f 2959 3374 2934
f 2934 3374 3375
f 2934 3375 3367
f 3372 2957 3376
f 3376 2957 2956
f 3376 2956 3377
f 2922 2953 3378
f 3377 2956 3379
f 3379 2956 2923
f 3379 2923 3380
f 3380 2923 2922
f 3380 2922 3381
f 3381 2922 3378
f 3381 3378 3382
f 3002 3383 3001
f 3001 3383 3384
f 3001 3384 2953
f 2953 3384 3385
f 2953 3385 3378
f 3378 3385 3386
f 3378 3386 3382
f 3387 3388 3025
f 3025 3388 3389
f 3025 3389 3004
f 3004 3389 3390
f 3004 3390 3003
f 3003 3390 3391
f 3003 3391 3002
f 3002 3391 3392
f 3002 3392 3383
f 3025 3024 3387
f 3387 3024 3023
f 3387 3023 3393
f 3393 3023 3022
f 3393 3022 3394
f 3394 3022 3395
f 3395 3022 3006
f 3395 3006 3396
f 3396 3006 3005
f 3396 3005 3397
f 3397 3005 3016
f 3397 3016 3398
f 3398 3016 3399
f 3399 3016 3012
f 3399 3012 3400
f 3400 3012 3011
f 3400 3011 3401
f 3401 3011 3010
f 3401 3010 3402
f 3402 3010 3009
f 3402 3009 3403
f 3404 3405 3406
f 3406 3407 3404
f 3404 3407 2982
f 3404 2982 2980
f 3403 3009 3407
f 3407 3009 2983
f 3407 2983 2982
f 3067 3408 3409
f 3409 3410 3067
f 3067 3410 3411
f 3067 3411 2980
f 2980 3411 3412
f 2980 3412 3404
f 3404 3412 3405
f 3067 3066 3408
f 3408 3066 3413
f 3408 3413 3414
f 3066 3065 3413
f 3413 3065 3064
f 3413 3064 3414
f 3414 3064 3063
f 3414 3063 3415
f 3415 3063 3416
f 3417 3026 3418
f 3418 3026 3072
f 3416 3063 3417
f 3417 3063 3027
f 3417 3027 3026
f 3072 3071 3419
f 3419 3071 3070
f 3419 3070 3051
f 3420 3419 3421
f 3421 3419 3422
f 3420 3423 3419
f 3419 3423 3424
f 3419 3424 3072
f 3072 3424 3425
f 3072 3425 3418
f 3426 3427 3428
f 3429 3430 3431
f 3081 3432 3051
f 3051 3432 3433
f 3433 3434 3051
f 3051 3434 3435
f 3051 3435 3419
f 3419 3435 3422
f 3429 3431 3436
f 3437 3438 3431
f 3431 3438 3439
f 3431 3439 3436
f 3440 3441 3427
f 3440 3427 3442
f 3442 3427 3426
f 3442 3426 3443
f 3444 3445 3441
f 3441 3445 3446
f 3441 3446 3427
f 3427 3446 3447
f 3427 3447 3428
f 3081 3431 3430
f 3081 3430 3432
f 3443 3437 3442
f 3442 3437 3431
f 3442 3431 3448
f 3448 3431 3081
f 3448 3081 3449
f 3449 3081 3080
f 3450 3451 3452
f 3102 3101 3453
f 3453 3101 3100
f 3454 3455 3450
f 3454 3456 3457
f 3457 3458 3454
f 3454 3458 3459
f 3454 3459 3455
f 3455 3459 3460
f 3455 3460 3461
f 3461 3460 3462
f 3461 3462 3463
f 3450 3452 3454
f 3454 3452 3464
f 3454 3464 3456
f 3117 3464 3118
f 3118 3464 3452
f 3118 3452 3100
f 3100 3452 3451
f 3100 3451 3453
f 3465 3456 3466
f 3466 3456 3464
f 3466 3464 3467
f 3467 3464 3468
f 3117 3120 3464
f 3464 3120 3119
f 3464 3119 3468
f 3468 3119 3109
f 3468 3109 3108
f 3468 3108 3127
f 3466 3467 3469
f 3469 3470 3466
f 3466 3470 3471
f 3466 3471 3465
f 3472 3473 3474
f 3474 3473 3475
f 3475 3476 3474
f 3474 3476 3477
f 3474 3477 3467
f 3467 3477 3478
f 3467 3478 3469
f 3472 3479 3480
f 3480 3481 3472
f 3472 3481 3482
f 3472 3482 3473
f 3483 3484 3485
f 3485 3484 3128
f 3128 3484 3127
f 3127 3484 3486
f 3127 3486 3487
f 3467 3468 3474
f 3474 3468 3127
f 3474 3127 3472
f 3472 3127 3479
f 3479 3127 3487
f 3488 3489 3173
f 3138 3490 3128
f 3128 3490 3491
f 3128 3491 3485
f 3485 3491 3483
f 3492 3493 3137
f 3137 3493 3494
f 3137 3494 3138
f 3138 3494 3495
f 3138 3495 3490
f 3137 3178 3492
f 3492 3178 3141
f 3492 3141 3496
f 3496 3141 3140
f 3496 3140 3497
f 3497 3140 3176
f 3497 3176 3498
f 3498 3176 3175
f 3498 3175 3489
f 3489 3175 3174
f 3489 3174 3173
f 3499 3500 3501
f 3170 3169 3499
f 3499 3501 3170
f 3170 3501 3502
f 3170 3502 3173
f 3173 3502 3503
f 3173 3503 3488
f 3504 3505 3205
f 3506 3507 3213
f 3508 3500 3499
f 3508 3499 3509
f 3213 3507 3214
f 3214 3507 3211
f 3211 3507 3510
f 3211 3510 3197
f 3499 3169 3509
f 3509 3169 3196
f 3509 3196 3511
f 3511 3196 3197
f 3511 3197 3512
f 3512 3197 3510
f 3205 3505 3212
f 3212 3505 3513
f 3212 3513 3213
f 3213 3513 3514
f 3213 3514 3506
f 3205 3203 3504
f 3504 3203 3202
f 3504 3202 3515
f 3515 3202 3230
f 3515 3230 3516
f 3516 3230 3517
f 3337 3338 3518
f 3517 3230 3519
f 3519 3230 3229
f 3519 3229 3520
f 3520 3229 3228
f 3520 3228 3521
f 3521 3228 3227
f 3521 3227 3522
f 3522 3227 3223
f 3522 3223 3523
f 3523 3223 3218
f 3523 3218 3524
f 3524 3218 3217
f 3524 3217 3525
f 3525 3217 3216
f 3525 3216 3518
f 3518 3216 2898
f 3518 2898 3337
f 3526 3444 3441
f 3527 3528 3529
f 3529 3528 3526
f 3529 3526 3530
f 3531 3532 3533
f 3533 3532 3534
f 3533 3534 3529
f 3529 3534 3535
f 3529 3535 3527
f 3536 3537 3530
f 3530 3537 3538
f 3530 3538 3529
f 3529 3538 3539
f 3529 3539 3533
f 3526 3441 3530
f 3530 3441 3440
f 3530 3440 3442
f 3442 3448 3530
f 3530 3448 3540
f 3530 3540 3536
f 3536 3540 3254
f 3536 3254 3255
f 3448 3449 3540
f 3540 3449 3080
f 3540 3080 3251
f 3251 3252 3540
f 3540 3252 3253
f 3540 3253 3254
f 3308 3312 3541
f 3240 3250 3542
f 3247 3246 3543
f 3243 3236 3544
f 3236 2805 3544
f 3544 2805 3266
f 3544 3266 3265
f 3545 3245 3244
f 3247 3543 3249
f 3546 3242 3241
f 3277 3547 3278
f 3278 3547 3275
f 3277 3276 3547
f 3547 3276 3279
f 3547 3279 3307
f 3307 3279 2854
f 3272 3273 3548
f 3548 3273 3274
f 3268 3269 3549
f 3549 3269 3270
f 3549 3270 3271
f 3268 3549 3267
f 3267 3549 3550
f 3267 3550 3256
f 3551 3261 3260
f 3260 3259 3551
f 3551 3259 3258
f 3551 3258 3550
f 3550 3258 3257
f 3550 3257 3256
f 3265 3264 3544
f 3544 3264 3263
f 3544 3263 3551
f 3551 3263 3262
f 3551 3262 3261
f 3552 3553 3554
f 3552 3555 3556
f 3556 3555 3557
f 3552 3554 3555
f 3555 3554 3558
f 3555 3558 3283
f 3283 3318 3555
f 3555 3318 3317
f 3555 3317 3559
f 3559 3560 3555
f 3555 3560 3561
f 3555 3561 3557
f 3311 3310 3562
f 3562 3310 3563
f 3562 3563 3564
f 3564 3563 3558
f 3564 3558 3565
f 3565 3558 3554
f 3565 3554 3566
f 3307 3308 3547
f 3547 3308 3541
f 3547 3541 3567
f 3567 3541 3568
f 3567 3568 3569
f 3569 3568 3570
f 3569 3570 3571
f 3571 3570 3572
f 3571 3572 3573
f 3573 3572 3574
f 3573 3574 3543
f 3543 3574 3542
f 3543 3542 3249
f 3249 3542 3250
f 3244 3243 3545
f 3545 3243 3544
f 3545 3544 3575
f 3575 3544 3551
f 3575 3551 3576
f 3576 3551 3550
f 3576 3550 3577
f 3577 3550 3549
f 3577 3549 3548
f 3548 3549 3271
f 3548 3271 3272
f 3246 3245 3543
f 3543 3245 3545
f 3543 3545 3573
f 3573 3545 3575
f 3573 3575 3571
f 3571 3575 3576
f 3571 3576 3569
f 3569 3576 3577
f 3569 3577 3567
f 3567 3577 3548
f 3567 3548 3547
f 3547 3548 3274
f 3547 3274 3275
f 3578 3579 3546
f 3546 3579 3580
f 3546 3580 3242
f 3242 3580 3255
f 3553 3581 3554
f 3554 3581 3582
f 3554 3582 3566
f 3566 3582 3583
f 3566 3583 3578
f 3578 3583 3584
f 3578 3584 3579
f 3310 3281 3563
f 3563 3281 3280
f 3563 3280 3558
f 3558 3280 3284
f 3558 3284 3283
f 3312 3311 3541
f 3541 3311 3562
f 3541 3562 3568
f 3568 3562 3564
f 3568 3564 3570
f 3570 3564 3565
f 3570 3565 3572
f 3572 3565 3566
f 3572 3566 3574
f 3574 3566 3578
f 3574 3578 3542
f 3542 3578 3546
f 3542 3546 3240
f 3240 3546 3241
f 3585 3586 3587
f 3455 3461 3588
f 3589 3585 3590
f 3590 3585 3591
f 3590 3591 3592
f 3592 3591 3593
f 3592 3593 3594
f 3595 3596 3597
f 3597 3596 3598
f 3597 3598 3599
f 3595 3597 3600
f 3600 3597 3588
f 3600 3588 3601
f 3601 3588 3461
f 3601 3461 3463
f 3293 3102 3453
f 3602 3330 3293
f 3293 3453 3602
f 3602 3453 3451
f 3602 3451 3450
f 3603 3317 3319
f 3589 3604 3585
f 3585 3604 3605
f 3585 3605 3586
f 3586 3605 3603
f 3603 3319 3586
f 3586 3319 3320
f 3586 3320 3287
f 3313 3587 3314
f 3314 3587 3586
f 3314 3586 3316
f 3316 3586 3287
f 3316 3287 3286
f 3313 3334 3587
f 3587 3334 3606
f 3587 3606 3602
f 3334 3332 3606
f 3606 3332 3331
f 3606 3331 3602
f 3602 3331 3328
f 3602 3328 3330
f 3450 3455 3602
f 3602 3455 3588
f 3602 3588 3587
f 3587 3588 3597
f 3587 3597 3585
f 3585 3597 3599
f 3585 3599 3591
f 3351 3350 3607
f 3607 3608 3351
f 3351 3608 3609
f 3351 3609 3352
f 3352 3609 3610
f 3352 3610 3353
f 3353 3610 3611
f 3353 3611 3348
f 3611 3612 3348
f 3348 3612 3613
f 3348 3613 3347
f 3347 3613 3614
f 3347 3614 3345
f 3614 3615 3345
f 3345 3615 3616
f 3345 3616 3344
f 3344 3616 3617
f 3344 3617 3343
f 3343 3617 3618
f 3343 3618 3342
f 3342 3618 3619
f 3342 3619 3339
f 3339 3619 3620
f 3339 3620 3340
f 3340 3620 3621
f 3340 3621 3341
f 3341 3621 3335
f 3622 3338 3623
f 3623 3338 3336
f 3623 3336 3624
f 3624 3336 3335
f 3624 3335 3625
f 3625 3335 3621
f 3358 3626 3350
f 3350 3626 3627
f 3350 3627 3607
f 3356 3628 3629
f 3356 3629 3357
f 3629 3630 3357
f 3357 3630 3631
f 3357 3631 3358
f 3358 3631 3632
f 3358 3632 3626
f 3628 3356 3633
f 3633 3356 3355
f 3633 3355 3634
f 3634 3355 3354
f 3634 3354 3635
f 3635 3354 3636
f 3636 3354 3363
f 3359 3637 3360
f 3360 3637 3638
f 3360 3638 3362
f 3362 3638 3639
f 3362 3639 3365
f 3365 3639 3640
f 3365 3640 3364
f 3364 3640 3641
f 3364 3641 3363
f 3363 3641 3642
f 3363 3642 3636
f 3643 3644 3372
f 3637 3359 3366
f 3637 3366 3645
f 3368 3646 3369
f 3369 3646 3645
f 3369 3645 3370
f 3370 3645 3366
f 3375 3374 3647
f 3647 3374 3373
f 3647 3373 3644
f 3644 3373 3371
f 3644 3371 3372
f 3368 3367 3646
f 3646 3367 3375
f 3646 3375 3648
f 3648 3375 3647
f 3377 3649 3650
f 3643 3372 3650
f 3650 3372 3376
f 3650 3376 3377
f 3381 3382 3651
f 3651 3652 3381
f 3381 3652 3653
f 3381 3653 3380
f 3380 3653 3649
f 3380 3649 3379
f 3379 3649 3377
f 3402 3403 3654
f 3654 3403 3407
f 3654 3407 3655
f 3655 3407 3406
f 3655 3406 3405
f 3654 3656 3402
f 3402 3656 3657
f 3402 3657 3401
f 3401 3657 3658
f 3659 3397 3660
f 3660 3397 3398
f 3660 3398 3661
f 3661 3398 3399
f 3661 3399 3658
f 3658 3399 3400
f 3658 3400 3401
f 3662 3395 3659
f 3659 3395 3396
f 3659 3396 3397
f 3389 3388 3663
f 3663 3388 3664
f 3664 3388 3387
f 3664 3387 3665
f 3665 3387 3393
f 3665 3393 3662
f 3662 3393 3394
f 3662 3394 3395
f 3389 3663 3390
f 3390 3663 3666
f 3390 3666 3391
f 3391 3666 3667
f 3391 3667 3392
f 3392 3667 3668
f 3392 3668 3383
f 3383 3668 3384
f 3384 3668 3669
f 3384 3669 3385
f 3385 3669 3670
f 3385 3670 3386
f 3386 3670 3651
f 3386 3651 3382
f 3424 3423 3671
f 3424 3671 3425
f 3425 3671 3672
f 3425 3672 3418
f 3418 3672 3673
f 3418 3673 3417
f 3655 3405 3412
f 3412 3411 3655
f 3655 3411 3410
f 3655 3410 3674
f 3674 3410 3409
f 3674 3409 3675
f 3675 3409 3408
f 3675 3408 3676
f 3676 3408 3414
f 3676 3414 3677
f 3677 3414 3415
f 3677 3415 3673
f 3673 3415 3416
f 3673 3416 3417
f 3678 3671 3423
f 3422 3679 3421
f 3421 3679 3678
f 3421 3678 3420
f 3420 3678 3423
f 3680 3447 3681
f 3681 3447 3446
f 3681 3446 3682
f 3682 3446 3445
f 3682 3445 3683
f 3683 3445 3444
f 3683 3444 3684
f 3436 3439 3685
f 3439 3438 3685
f 3685 3438 3437
f 3685 3437 3686
f 3686 3437 3443
f 3686 3443 3687
f 3687 3443 3426
f 3687 3426 3680
f 3680 3426 3428
f 3680 3428 3447
f 3685 3688 3436
f 3436 3688 3689
f 3436 3689 3429
f 3429 3689 3690
f 3429 3690 3430
f 3430 3690 3691
f 3430 3691 3432
f 3432 3691 3692
f 3432 3692 3433
f 3433 3692 3693
f 3433 3693 3434
f 3422 3435 3679
f 3679 3435 3434
f 3679 3434 3694
f 3694 3434 3693
f 3695 3696 3463
f 3697 3698 3459
f 3459 3698 3699
f 3459 3699 3460
f 3460 3699 3695
f 3460 3695 3462
f 3462 3695 3463
f 3456 3465 3700
f 3459 3458 3697
f 3697 3458 3457
f 3697 3457 3701
f 3701 3457 3456
f 3701 3456 3702
f 3702 3456 3700
f 3700 3465 3471
f 3700 3471 3703
f 3471 3470 3703
f 3703 3470 3469
f 3703 3469 3704
f 3704 3469 3478
f 3704 3478 3705
f 3705 3478 3477
f 3705 3477 3706
f 3706 3477 3476
f 3484 3483 3707
f 3707 3708 3484
f 3484 3708 3709
f 3484 3709 3486
f 3486 3709 3710
f 3486 3710 3487
f 3487 3710 3711
f 3487 3711 3479
f 3479 3711 3712
f 3479 3712 3480
f 3480 3712 3713
f 3480 3713 3481
f 3481 3713 3714
f 3481 3714 3482
f 3482 3714 3715
f 3482 3715 3473
f 3473 3715 3716
f 3473 3716 3475
f 3475 3716 3717
f 3475 3717 3476
f 3476 3717 3718
f 3476 3718 3706
f 3707 3483 3719
f 3719 3483 3491
f 3719 3491 3720
f 3720 3491 3490
f 3720 3490 3721
f 3501 3500 3722
f 3721 3490 3495
f 3492 3723 3493
f 3493 3723 3721
f 3493 3721 3494
f 3494 3721 3495
f 3492 3496 3723
f 3723 3496 3497
f 3723 3497 3724
f 3724 3497 3498
f 3724 3498 3725
f 3725 3498 3489
f 3725 3489 3488
f 3725 3488 3726
f 3726 3488 3503
f 3726 3503 3722
f 3722 3503 3502
f 3722 3502 3501
f 3722 3500 3508
f 3722 3508 3727
f 3508 3509 3727
f 3727 3509 3511
f 3727 3511 3728
f 3728 3511 3512
f 3728 3512 3729
f 3729 3512 3510
f 3729 3510 3730
f 3730 3510 3507
f 3730 3507 3731
f 3731 3507 3506
f 3732 3519 3733
f 3733 3519 3520
f 3733 3520 3734
f 3506 3514 3731
f 3731 3514 3513
f 3731 3513 3735
f 3735 3513 3505
f 3735 3505 3736
f 3736 3505 3504
f 3736 3504 3737
f 3737 3504 3515
f 3737 3515 3738
f 3738 3515 3516
f 3738 3516 3732
f 3732 3516 3517
f 3732 3517 3519
f 3338 3622 3518
f 3518 3622 3739
f 3518 3739 3525
f 3525 3739 3740
f 3525 3740 3524
f 3524 3740 3741
f 3524 3741 3523
f 3523 3741 3742
f 3523 3742 3522
f 3522 3742 3734
f 3522 3734 3521
f 3521 3734 3520
f 3743 3744 3531
f 3531 3744 3532
f 3528 3745 3526
f 3526 3745 3684
f 3526 3684 3444
f 3532 3744 3534
f 3534 3744 3746
f 3534 3746 3535
f 3535 3746 3747
f 3535 3747 3527
f 3527 3747 3748
f 3527 3748 3528
f 3528 3748 3749
f 3528 3749 3745
f 3750 3605 3604
f 3605 3750 3603
f 3580 3579 3751
f 3255 3580 3536
f 3536 3580 3751
f 3536 3751 3537
f 3537 3751 3538
f 3752 3533 3539
f 3531 3533 3753
f 3753 3533 3752
f 3753 3752 3754
f 3754 3752 3755
f 3589 3756 3755
f 3755 3756 3757
f 3755 3757 3754
f 3589 3590 3756
f 3756 3590 3592
f 3756 3592 3758
f 3594 3759 3592
f 3592 3759 3760
f 3592 3760 3758
f 3553 3552 3750
f 3552 3556 3750
f 3750 3556 3557
f 3750 3557 3561
f 3317 3603 3559
f 3559 3603 3750
f 3559 3750 3560
f 3560 3750 3561
f 3581 3553 3761
f 3761 3553 3750
f 3761 3750 3762
f 3762 3750 3604
f 3579 3584 3751
f 3751 3584 3583
f 3751 3583 3761
f 3761 3583 3582
f 3761 3582 3581
f 3604 3589 3762
f 3762 3589 3755
f 3762 3755 3761
f 3761 3755 3752
f 3761 3752 3751
f 3751 3752 3539
f 3751 3539 3538
f 3763 3594 3764
f 3764 3594 3593
f 3764 3593 3765
f 3593 3591 3765
f 3765 3591 3599
f 3765 3599 3766
f 3601 3463 3696
f 3696 3767 3601
f 3601 3767 3768
f 3601 3768 3600
f 3600 3768 3769
f 3600 3769 3595
f 3595 3769 3770
f 3595 3770 3596
f 3596 3770 3766
f 3596 3766 3598
f 3598 3766 3599
f 3771 3622 3623
f 3771 3623 3772
f 3623 3624 3772
f 3772 3624 3625
f 3772 3625 3773
f 3773 3625 3621
f 3773 3621 3774
f 3774 3621 3775
f 3621 3620 3775
f 3775 3620 3619
f 3775 3619 3776
f 3619 3618 3776
f 3776 3618 3617
f 3776 3617 3777
f 3777 3617 3616
f 3777 3616 3778
f 3778 3616 3615
f 3778 3615 3779
f 3779 3615 3614
f 3779 3614 3780
f 3780 3614 3613
f 3613 3612 3780
f 3780 3612 3611
f 3780 3611 3781
f 3611 3610 3781
f 3781 3610 3609
f 3781 3609 3782
f 3782 3609 3608
f 3782 3608 3607
f 3635 3783 3634
f 3634 3783 3784
f 3634 3784 3633
f 3784 3785 3633
f 3633 3785 3786
f 3633 3786 3628
f 3628 3786 3787
f 3628 3787 3629
f 3629 3787 3630
f 3630 3787 3788
f 3630 3788 3789
f 3782 3607 3627
f 3627 3626 3782
f 3782 3626 3632
f 3782 3632 3789
f 3789 3632 3631
f 3789 3631 3630
f 3783 3635 3790
f 3790 3635 3636
f 3790 3636 3791
f 3792 3641 3793
f 3793 3641 3640
f 3791 3636 3792
f 3792 3636 3642
f 3792 3642 3641
f 3637 3794 3638
f 3638 3794 3795
f 3638 3795 3639
f 3639 3795 3796
f 3639 3796 3640
f 3640 3796 3797
f 3640 3797 3793
f 3651 3798 3652
f 3652 3798 3799
f 3652 3799 3653
f 3644 3643 3800
f 3800 3643 3650
f 3800 3650 3801
f 3801 3650 3649
f 3801 3649 3802
f 3802 3649 3653
f 3802 3653 3803
f 3803 3653 3799
f 3800 3804 3644
f 3644 3804 3805
f 3644 3805 3647
f 3647 3805 3806
f 3647 3806 3648
f 3648 3806 3646
f 3806 3807 3646
f 3646 3807 3808
f 3646 3808 3645
f 3645 3808 3794
f 3645 3794 3637
f 3798 3651 3809
f 3809 3651 3670
f 3809 3670 3669
f 3809 3669 3810
f 3810 3669 3668
f 3810 3668 3811
f 3811 3668 3667
f 3811 3667 3812
f 3667 3666 3812
f 3812 3666 3663
f 3812 3663 3813
f 3813 3663 3664
f 3813 3664 3814
f 3814 3664 3665
f 3660 3815 3659
f 3659 3815 3814
f 3659 3814 3662
f 3662 3814 3665
f 3816 3817 3660
f 3660 3817 3815
f 3818 3816 3658
f 3658 3816 3661
f 3661 3816 3660
f 3658 3657 3818
f 3818 3657 3656
f 3818 3656 3819
f 3819 3656 3654
f 3819 3654 3655
f 3819 3655 3820
f 3672 3671 3821
f 3821 3822 3672
f 3672 3822 3823
f 3672 3823 3673
f 3673 3823 3824
f 3673 3824 3677
f 3677 3824 3825
f 3677 3825 3676
f 3676 3825 3826
f 3676 3826 3675
f 3675 3826 3827
f 3675 3827 3674
f 3674 3827 3828
f 3674 3828 3655
f 3655 3828 3820
f 3821 3671 3829
f 3829 3671 3678
f 3829 3678 3830
f 3830 3678 3679
f 3830 3679 3831
f 3831 3679 3694
f 3831 3694 3832
f 3832 3694 3833
f 3833 3694 3693
f 3833 3693 3834
f 3834 3693 3692
f 3834 3692 3835
f 3835 3692 3691
f 3835 3691 3836
f 3836 3691 3690
f 3836 3690 3837
f 3837 3690 3689
f 3837 3689 3838
f 3838 3689 3688
f 3838 3688 3685
f 3839 3840 3685
f 3685 3840 3841
f 3685 3841 3838
f 3684 3842 3683
f 3683 3842 3843
f 3683 3843 3682
f 3682 3843 3681
f 3681 3843 3844
f 3681 3844 3680
f 3685 3686 3839
f 3839 3686 3687
f 3839 3687 3845
f 3845 3687 3680
f 3845 3680 3846
f 3846 3680 3844
f 3699 3698 3847
f 3847 3698 3697
f 3847 3697 3848
f 3848 3697 3701
f 3848 3701 3849
f 3849 3701 3702
f 3849 3702 3850
f 3850 3702 3700
f 3850 3700 3851
f 3847 3852 3699
f 3699 3852 3853
f 3699 3853 3695
f 3695 3853 3854
f 3695 3854 3696
f 3707 3855 3708
f 3708 3855 3856
f 3708 3856 3709
f 3709 3856 3857
f 3709 3857 3710
f 3710 3857 3858
f 3710 3858 3711
f 3711 3858 3712
f 3858 3859 3712
f 3712 3859 3860
f 3712 3860 3713
f 3713 3860 3861
f 3713 3861 3714
f 3714 3861 3715
f 3715 3861 3862
f 3715 3862 3716
f 3862 3863 3716
f 3716 3863 3864
f 3716 3864 3717
f 3717 3864 3865
f 3705 3706 3865
f 3865 3706 3718
f 3865 3718 3717
f 3865 3866 3705
f 3705 3866 3867
f 3705 3867 3704
f 3704 3867 3868
f 3704 3868 3703
f 3703 3868 3851
f 3703 3851 3700
f 3855 3707 3869
f 3869 3707 3719
f 3869 3719 3870
f 3870 3719 3720
f 3870 3720 3871
f 3871 3720 3721
f 3871 3721 3872
f 3872 3721 3723
f 3722 3873 3726
f 3726 3873 3874
f 3726 3874 3725
f 3725 3874 3875
f 3725 3875 3876
f 3725 3876 3724
f 3724 3876 3877
f 3724 3877 3723
f 3723 3877 3878
f 3723 3878 3872
f 3742 3741 3879
f 3879 3741 3740
f 3879 3740 3880
f 3880 3740 3739
f 3880 3739 3622
f 3880 3622 3771
f 3879 3881 3742
f 3742 3881 3734
f 3734 3881 3882
f 3734 3882 3733
f 3733 3882 3732
f 3732 3882 3883
f 3732 3883 3738
f 3738 3883 3884
f 3738 3884 3737
f 3737 3884 3736
f 3884 3885 3736
f 3736 3885 3886
f 3736 3886 3735
f 3735 3886 3731
f 3731 3886 3887
f 3731 3887 3730
f 3730 3887 3729
f 3729 3887 3888
f 3729 3888 3728
f 3728 3888 3889
f 3728 3889 3727
f 3727 3889 3873
f 3727 3873 3722
f 3743 3890 3744
f 3744 3890 3891
f 3744 3891 3746
f 3746 3891 3892
f 3746 3892 3747
f 3747 3892 3893
f 3747 3893 3748
f 3748 3893 3894
f 3748 3894 3749
f 3749 3894 3895
f 3749 3895 3745
f 3745 3895 3896
f 3745 3896 3684
f 3684 3896 3842
f 3594 3763 3759
f 3759 3763 3897
f 3759 3897 3760
f 3760 3897 3898
f 3760 3898 3899
f 3743 3531 3900
f 3900 3531 3753
f 3900 3753 3901
f 3901 3753 3754
f 3901 3754 3902
f 3902 3754 3757
f 3902 3757 3903
f 3903 3757 3756
f 3903 3756 3899
f 3899 3756 3758
f 3899 3758 3760
f 3696 3854 3767
f 3767 3854 3904
f 3767 3904 3768
f 3904 3905 3768
f 3768 3905 3906
f 3768 3906 3769
f 3769 3906 3907
f 3764 3765 3908
f 3908 3765 3766
f 3908 3766 3907
f 3907 3766 3770
f 3907 3770 3769
f 3764 3908 3763
f 3763 3908 3909
f 3763 3909 3910
f 3777 3911 3776
f 3776 3911 3912
f 3776 3912 3775
f 3775 3912 3913
f 3775 3913 3774
f 3774 3913 3914
f 3774 3914 3773
f 3773 3914 3915
f 3773 3915 3772
f 3772 3915 3916
f 3772 3916 3771
f 3771 3916 3917
f 3780 3918 3779
f 3779 3918 3919
f 3779 3919 3778
f 3778 3919 3920
f 3778 3920 3777
f 3777 3920 3921
f 3777 3921 3911
f 3782 3922 3781
f 3781 3922 3923
f 3781 3923 3780
f 3780 3923 3924
f 3780 3924 3918
f 3783 3925 3784
f 3784 3925 3926
f 3784 3926 3785
f 3785 3926 3927
f 3785 3927 3786
f 3786 3927 3787
f 3787 3927 3928
f 3787 3928 3788
f 3788 3928 3929
f 3788 3929 3789
f 3789 3929 3922
f 3789 3922 3782
f 3783 3790 3925
f 3925 3790 3930
f 3931 3932 3792
f 3930 3790 3932
f 3932 3790 3791
f 3932 3791 3792
f 3794 3933 3795
f 3795 3933 3934
f 3795 3934 3796
f 3796 3934 3935
f 3796 3935 3797
f 3797 3935 3931
f 3797 3931 3793
f 3793 3931 3792
f 3802 3803 3936
f 3936 3803 3799
f 3936 3799 3937
f 3937 3799 3798
f 3936 3938 3802
f 3802 3938 3939
f 3802 3939 3801
f 3801 3939 3940
f 3801 3940 3800
f 3800 3940 3941
f 3800 3941 3804
f 3804 3941 3942
f 3804 3942 3805
f 3933 3794 3943
f 3943 3794 3808
f 3942 3944 3805
f 3805 3944 3945
f 3805 3945 3806
f 3806 3945 3946
f 3806 3946 3807
f 3807 3946 3947
f 3807 3947 3808
f 3808 3947 3948
f 3808 3948 3943
f 3949 3937 3798
f 3949 3798 3950
f 3950 3798 3951
f 3951 3798 3809
f 3951 3809 3952
f 3952 3809 3953
f 3953 3809 3954
f 3954 3809 3810
f 3954 3810 3955
f 3955 3810 3811
f 3955 3811 3956
f 3956 3811 3957
f 3957 3811 3958
f 3958 3811 3812
f 3958 3812 3959
f 3959 3812 3960
f 3812 3813 3960
f 3960 3813 3814
f 3960 3814 3961
f 3814 3962 3963
f 3963 3964 3814
f 3814 3964 3965
f 3814 3965 3966
f 3814 3966 3961
f 3814 3815 3962
f 3962 3815 3817
f 3967 3968 3816
f 3816 3968 3969
f 3816 3969 3817
f 3817 3969 3970
f 3817 3970 3962
f 3967 3816 3818
f 3967 3818 3971
f 3971 3818 3819
f 3820 3972 3973
f 3973 3974 3820
f 3820 3974 3975
f 3820 3975 3819
f 3819 3975 3976
f 3819 3976 3977
f 3819 3977 3971
f 3827 3978 3828
f 3828 3978 3979
f 3828 3979 3820
f 3820 3979 3980
f 3820 3980 3972
f 3823 3981 3824
f 3824 3981 3982
f 3824 3982 3825
f 3825 3982 3983
f 3825 3983 3826
f 3826 3983 3984
f 3826 3984 3827
f 3827 3984 3985
f 3827 3985 3978
f 3986 3987 3821
f 3821 3987 3988
f 3821 3988 3822
f 3822 3988 3989
f 3822 3989 3823
f 3823 3989 3990
f 3823 3990 3981
f 3830 3991 3829
f 3829 3991 3992
f 3829 3992 3821
f 3821 3992 3986
f 3993 3991 3830
f 3993 3830 3994
f 3994 3830 3831
f 3994 3831 3995
f 3840 3996 3841
f 3841 3996 3997
f 3831 3832 3995
f 3995 3832 3833
f 3995 3833 3998
f 3998 3833 3834
f 3998 3834 3999
f 3999 3834 3835
f 3999 3835 4000
f 4000 3835 3836
f 4000 3836 4001
f 4001 3836 3837
f 4001 3837 3997
f 3997 3837 3838
f 3997 3838 3841
f 3845 4002 3839
f 3839 4002 4003
f 3839 4003 3840
f 3840 4003 4004
f 3840 4004 3996
f 4005 4006 3842
f 3842 4006 4007
f 3842 4007 3843
f 3843 4007 4008
f 3843 4008 3844
f 3844 4008 4009
f 3844 4009 3846
f 3846 4009 4010
f 3846 4010 3845
f 3845 4010 4011
f 3845 4011 4002
f 3851 4012 3850
f 3850 4012 4013
f 3850 4013 3849
f 3849 4013 3848
f 4013 4014 3848
f 3848 4014 4015
f 3848 4015 3847
f 3847 4015 4016
f 3847 4016 3852
f 3852 4016 4017
f 3852 4017 3853
f 3853 4017 4018
f 3853 4018 3854
f 4019 4020 3851
f 3851 4020 4021
f 3851 4021 4012
f 4019 3851 4022
f 4022 3851 3868
f 4022 3868 4023
f 3866 4024 3867
f 3867 4024 4025
f 3867 4025 3868
f 3868 4025 4026
f 3868 4026 4023
f 4027 4028 3860
f 3860 4028 4029
f 3860 4029 3861
f 3861 4029 4030
f 3861 4030 3862
f 3862 4030 4031
f 3862 4031 3863
f 3863 4031 4032
f 3863 4032 3864
f 3864 4032 4033
f 3864 4033 3865
f 3865 4033 4034
f 3865 4034 3866
f 3866 4034 4035
f 3866 4035 4024
f 3860 3859 4027
f 4027 3859 3858
f 4027 3858 4036
f 4036 3858 3857
f 4036 3857 4037
f 3857 3856 4037
f 4037 3856 3855
f 4037 3855 4038
f 3871 4039 3870
f 3870 4039 4040
f 3870 4040 3869
f 3869 4040 4041
f 3869 4041 3855
f 3855 4041 4038
f 4042 4039 3871
f 3874 3873 4043
f 3876 3875 4044
f 4044 3875 3874
f 4044 3874 4045
f 4045 3874 4043
f 4046 4047 3872
f 3872 4047 4048
f 3872 4048 3871
f 3871 4048 4049
f 3871 4049 4042
f 3877 4050 3878
f 3878 4050 4051
f 3878 4051 3872
f 3872 4051 4052
f 3872 4052 4046
f 4044 4053 3876
f 3876 4053 4054
f 3876 4054 3877
f 3877 4054 4055
f 3877 4055 4050
f 3771 3917 4056
f 3887 4057 4058
f 3887 4058 3888
f 3888 4058 3889
f 4059 4043 3873
f 4058 4060 3889
f 3889 4060 4061
f 3889 4061 4062
f 3889 4062 3873
f 3873 4062 4063
f 3873 4063 4059
f 3886 4064 3887
f 3887 4064 4065
f 3887 4065 4057
f 3884 4066 4067
f 3884 4067 3885
f 3885 4067 4068
f 3885 4068 3886
f 3886 4068 4069
f 3886 4069 4070
f 3886 4070 4064
f 4071 4072 3883
f 3883 4072 4073
f 3883 4073 3884
f 3884 4073 4074
f 3884 4074 4066
f 3883 3882 4071
f 4071 3882 4075
f 4075 3882 3881
f 4075 3881 4076
f 4076 3881 4077
f 4077 3881 3879
f 4056 4078 3771
f 3771 4078 4079
f 3771 4079 3880
f 3880 4079 4080
f 3880 4080 4081
f 3880 4081 3879
f 3879 4081 4082
f 3879 4082 4077
f 3890 4083 3891
f 3891 4083 4084
f 3891 4084 3892
f 3892 4084 4085
f 3892 4085 3893
f 3893 4085 4086
f 3893 4086 3894
f 3894 4086 4087
f 3894 4087 3895
f 3895 4087 4088
f 3895 4088 3896
f 3896 4088 4005
f 3896 4005 3842
f 3890 3743 4089
f 4089 3743 3900
f 4089 3900 4090
f 4090 3900 4091
f 3900 3901 4091
f 4091 3901 3902
f 4091 3902 4092
f 4092 3902 3903
f 4092 3903 4093
f 4093 3903 3899
f 4093 3899 4094
f 3763 3910 3897
f 3897 3910 4094
f 3897 4094 3898
f 3898 4094 3899
f 3854 4018 3904
f 3904 4018 4095
f 3907 3906 4095
f 4095 3906 3905
f 4095 3905 3904
f 4096 3910 4097
f 4097 3910 3909
f 4095 4098 3907
f 3907 4098 4099
f 3907 4099 3908
f 3908 4099 4100
f 3908 4100 3909
f 3909 4100 4101
f 3909 4101 4097
f 4102 4103 4104
f 3912 3911 4105
f 3912 4105 3913
f 4104 3917 4102
f 4102 3917 3916
f 4102 3916 4106
f 4106 3916 3915
f 4106 3915 4107
f 4107 3915 3914
f 4107 3914 4108
f 4108 3914 3913
f 4108 3913 4109
f 4109 3913 4105
f 3920 3919 4110
f 3920 4110 3921
f 4110 4111 3921
f 3921 4111 4112
f 3921 4112 3911
f 3911 4112 4113
f 3911 4113 4105
f 3919 3918 4110
f 4110 3918 3924
f 4110 3924 4114
f 4114 3924 3923
f 4114 3923 4115
f 4115 3923 3922
f 4115 3922 3929
f 4116 4117 4118
f 3926 3925 4116
f 3926 4116 3927
f 4114 4115 4118
f 4118 4115 3929
f 4118 3929 4116
f 4116 3929 3928
f 4116 3928 3927
f 4119 4120 4121
f 3925 3930 4116
f 4116 3930 3932
f 4116 3932 3931
f 3931 3935 4116
f 4116 3935 3934
f 4116 3934 4117
f 4117 3934 4121
f 4121 3934 3933
f 4121 3933 4119
f 4122 4123 3941
f 4124 4125 4126
f 4122 3941 4127
f 3937 4124 3936
f 3936 4124 4126
f 3936 4126 3938
f 3938 4126 4128
f 3938 4128 3939
f 3939 4128 4127
f 3939 4127 3940
f 3940 4127 3941
f 4119 3933 3943
f 4129 4130 3943
f 3943 4130 4120
f 3943 4120 4119
f 3943 3948 4129
f 4129 3948 3947
f 4129 3947 4131
f 4131 3947 3946
f 4131 3946 4132
f 4132 3946 3945
f 4132 3945 4133
f 4133 3945 3944
f 4133 3944 4123
f 4123 3944 3942
f 4123 3942 3941
f 3976 3975 4134
f 4134 3975 3974
f 4134 3974 3973
f 3973 3972 4134
f 4134 3972 4135
f 4134 4135 4136
f 3976 4134 3977
f 3977 4134 4137
f 3977 4137 3971
f 3971 4137 4138
f 3971 4138 3967
f 3967 4138 4139
f 3967 4139 3968
f 3968 4139 4140
f 3968 4140 3969
f 4141 3964 3963
f 4140 4142 3969
f 3969 4142 4143
f 3969 4143 3970
f 3970 4143 4141
f 3970 4141 3962
f 3962 4141 3963
f 4141 4144 3964
f 3964 4144 4145
f 3964 4145 3965
f 3965 4145 4146
f 3965 4146 3966
f 3966 4146 3961
f 3961 4146 4147
f 3961 4147 3960
f 3960 4147 4148
f 3960 4148 3959
f 3959 4148 4149
f 3959 4149 3958
f 3958 4149 4150
f 3958 4150 3957
f 3957 4150 3956
f 3956 4150 4151
f 3956 4151 3955
f 3955 4151 4152
f 3955 4152 3954
f 3954 4152 4153
f 3954 4153 3953
f 3953 4153 3952
f 3952 4153 4154
f 3952 4154 3951
f 4124 3937 3949
f 4154 4125 4124
f 4124 3949 4154
f 4154 3949 3950
f 4154 3950 3951
f 4155 4156 4157
f 4157 4156 3991
f 3991 4156 3992
f 3992 4156 4158
f 3992 4158 3986
f 3986 4158 4159
f 3986 4159 3987
f 4159 4160 3987
f 3987 4160 4161
f 3987 4161 3988
f 3988 4161 4162
f 3988 4162 3989
f 3989 4162 4163
f 3989 4163 3990
f 3990 4163 3981
f 3981 4163 4164
f 3981 4164 3982
f 3982 4164 4165
f 3982 4165 3983
f 4165 4166 3983
f 3983 4166 4167
f 3983 4167 3984
f 3984 4167 4168
f 4169 3979 4170
f 4170 3979 3978
f 4170 3978 4168
f 4168 3978 3985
f 4168 3985 3984
f 4169 4136 3979
f 3979 4136 4135
f 3979 4135 3980
f 3980 4135 3972
f 4171 4172 4173
f 4006 4005 4171
f 4173 4008 4171
f 4171 4008 4007
f 4171 4007 4006
f 4173 4174 4008
f 4008 4174 4175
f 4008 4175 4009
f 4009 4175 4176
f 4009 4176 4177
f 4002 4011 4177
f 4177 4011 4010
f 4177 4010 4009
f 4177 4178 4002
f 4002 4178 4179
f 4002 4179 4003
f 4003 4179 4004
f 4178 4180 4179
f 4179 4180 4181
f 4179 4181 4182
f 4183 3994 4184
f 4184 3994 3995
f 4184 3995 4185
f 4185 3995 3998
f 4185 3998 4186
f 4186 3998 3999
f 4186 3999 4187
f 4187 3999 4000
f 4187 4000 4188
f 4188 4000 4001
f 4188 4001 4182
f 4182 4001 3997
f 4182 3997 4179
f 4179 3997 3996
f 4179 3996 4004
f 4183 4155 3994
f 3994 4155 4157
f 3994 4157 3993
f 3993 4157 3991
f 4189 4018 4017
f 4016 4015 4190
f 4016 4190 4017
f 4191 4189 4192
f 4192 4189 4017
f 4192 4017 4193
f 4193 4017 4190
f 4012 4194 4013
f 4013 4194 4195
f 4013 4195 4014
f 4014 4195 4196
f 4014 4196 4015
f 4015 4196 4197
f 4015 4197 4190
f 4198 4199 4022
f 4022 4199 4200
f 4022 4200 4019
f 4019 4200 4201
f 4019 4201 4020
f 4020 4201 4021
f 4195 4194 4201
f 4201 4194 4012
f 4201 4012 4021
f 4202 4203 4034
f 4204 4205 4202
f 4022 4023 4198
f 4198 4023 4026
f 4198 4026 4206
f 4206 4026 4025
f 4206 4025 4207
f 4207 4025 4024
f 4207 4024 4203
f 4203 4024 4035
f 4203 4035 4034
f 4205 4204 4208
f 4038 4209 4037
f 4037 4209 4210
f 4037 4210 4036
f 4036 4210 4211
f 4036 4211 4027
f 4027 4211 4212
f 4027 4212 4028
f 4028 4212 4213
f 4028 4213 4029
f 4029 4213 4214
f 4029 4214 4030
f 4030 4214 4208
f 4030 4208 4031
f 4031 4208 4204
f 4031 4204 4032
f 4202 4034 4204
f 4204 4034 4033
f 4204 4033 4032
f 4215 4210 4209
f 4039 4216 4217
f 4209 4038 4041
f 4215 4209 4218
f 4218 4209 4041
f 4218 4041 4217
f 4217 4041 4040
f 4217 4040 4039
f 4219 4220 4047
f 4047 4220 4221
f 4047 4221 4048
f 4048 4221 4222
f 4048 4222 4049
f 4049 4222 4216
f 4049 4216 4042
f 4042 4216 4039
f 4047 4046 4219
f 4219 4046 4052
f 4219 4052 4223
f 4223 4052 4051
f 4223 4051 4224
f 4224 4051 4050
f 4224 4050 4225
f 4226 4227 4228
f 4043 4226 4045
f 4045 4226 4228
f 4045 4228 4044
f 4044 4228 4229
f 4044 4229 4053
f 4053 4229 4230
f 4053 4230 4054
f 4054 4230 4225
f 4054 4225 4055
f 4055 4225 4050
f 4231 4227 4226
f 4063 4231 4059
f 4059 4231 4226
f 4059 4226 4043
f 4063 4062 4231
f 4231 4062 4061
f 4231 4061 4232
f 4232 4061 4060
f 4232 4060 4233
f 4233 4060 4058
f 4233 4058 4234
f 4234 4058 4057
f 4234 4057 4235
f 4235 4057 4065
f 4064 4236 4065
f 4065 4236 4237
f 4065 4237 4235
f 4238 4239 4068
f 4068 4239 4240
f 4068 4240 4069
f 4069 4240 4236
f 4069 4236 4070
f 4070 4236 4064
f 4068 4067 4238
f 4238 4067 4066
f 4238 4066 4241
f 4241 4066 4074
f 4241 4074 4242
f 4242 4074 4243
f 4074 4073 4243
f 4243 4073 4072
f 4243 4072 4244
f 4244 4072 4071
f 4244 4071 4245
f 4245 4071 4075
f 4245 4075 4246
f 4246 4075 4076
f 4246 4076 4247
f 4247 4076 4077
f 4247 4077 4248
f 4248 4077 4082
f 4248 4082 4249
f 4249 4082 4081
f 4249 4081 4080
f 4080 4079 4249
f 4249 4079 4078
f 4249 4078 4056
f 4056 3917 4249
f 4249 3917 4104
f 4249 4104 4103
f 4084 4083 4250
f 4087 4086 4251
f 4251 4086 4085
f 4251 4085 4252
f 4252 4085 4084
f 4252 4084 4253
f 4253 4084 4250
f 4253 4250 4254
f 4171 4005 4088
f 4251 4255 4087
f 4087 4255 4256
f 4087 4256 4088
f 4088 4256 4172
f 4088 4172 4171
f 4094 3910 4096
f 4257 4083 3890
f 4257 3890 4258
f 4259 4260 4090
f 3890 4089 4258
f 4258 4089 4090
f 4258 4090 4261
f 4261 4090 4260
f 4090 4091 4259
f 4259 4091 4092
f 4259 4092 4262
f 4262 4092 4093
f 4096 4263 4094
f 4094 4263 4264
f 4094 4264 4093
f 4093 4264 4265
f 4093 4265 4262
f 4266 4096 4097
f 4267 4268 4266
f 4267 4266 4269
f 4269 4266 4097
f 4269 4097 4270
f 4270 4097 4101
f 4270 4101 4271
f 4101 4100 4271
f 4271 4100 4099
f 4271 4099 4272
f 4095 4018 4189
f 4099 4098 4272
f 4272 4098 4095
f 4272 4095 4273
f 4273 4095 4189
f 4273 4189 4191
f 4114 4274 4110
f 4110 4274 4275
f 4110 4275 4111
f 4111 4275 4276
f 4111 4276 4112
f 4112 4276 4277
f 4112 4277 4113
f 4113 4277 4105
f 4105 4277 4109
f 4109 4277 4278
f 4109 4278 4108
f 4108 4278 4279
f 4108 4279 4280
f 4103 4102 4281
f 4281 4102 4106
f 4281 4106 4280
f 4280 4106 4107
f 4280 4107 4108
f 4274 4114 4282
f 4282 4114 4118
f 4282 4118 4283
f 4283 4118 4117
f 4283 4117 4284
f 4284 4117 4121
f 4284 4121 4285
f 4285 4121 4120
f 4127 4128 4286
f 4286 4128 4126
f 4286 4126 4287
f 4287 4126 4125
f 4287 4125 4288
f 4286 4289 4127
f 4127 4289 4290
f 4127 4290 4122
f 4122 4290 4291
f 4130 4129 4291
f 4291 4129 4131
f 4131 4132 4291
f 4291 4132 4133
f 4291 4133 4123
f 4291 4123 4122
f 4130 4291 4120
f 4120 4291 4292
f 4120 4292 4285
f 4293 4288 4125
f 4148 4294 4295
f 4125 4154 4293
f 4293 4154 4153
f 4293 4153 4296
f 4296 4153 4152
f 4296 4152 4297
f 4297 4152 4151
f 4297 4151 4150
f 4148 4295 4149
f 4149 4295 4298
f 4149 4298 4150
f 4150 4298 4299
f 4150 4299 4297
f 4148 4147 4294
f 4294 4147 4146
f 4294 4146 4300
f 4300 4146 4301
f 4302 4303 4143
f 4143 4303 4141
f 4146 4145 4301
f 4301 4145 4144
f 4301 4144 4304
f 4304 4144 4141
f 4304 4141 4305
f 4305 4141 4303
f 4134 4136 4306
f 4306 4307 4134
f 4134 4307 4308
f 4134 4308 4137
f 4137 4308 4309
f 4137 4309 4138
f 4138 4309 4310
f 4138 4310 4139
f 4139 4310 4311
f 4139 4311 4140
f 4140 4311 4302
f 4140 4302 4142
f 4142 4302 4143
f 4136 4169 4306
f 4306 4169 4170
f 4306 4170 4312
f 4155 4313 4156
f 4156 4313 4314
f 4156 4314 4158
f 4158 4314 4315
f 4158 4315 4159
f 4170 4168 4312
f 4312 4168 4167
f 4312 4167 4316
f 4316 4167 4166
f 4166 4165 4316
f 4316 4165 4164
f 4316 4164 4317
f 4164 4163 4317
f 4317 4163 4162
f 4317 4162 4318
f 4318 4162 4161
f 4318 4161 4315
f 4315 4161 4160
f 4315 4160 4159
f 4172 4319 4320
f 4321 4176 4322
f 4322 4176 4175
f 4322 4175 4323
f 4323 4175 4174
f 4323 4174 4320
f 4320 4174 4173
f 4320 4173 4172
f 4324 4182 4325
f 4325 4182 4181
f 4325 4181 4326
f 4326 4181 4180
f 4326 4180 4327
f 4327 4180 4178
f 4327 4178 4321
f 4321 4178 4177
f 4321 4177 4176
f 4328 4186 4329
f 4329 4186 4187
f 4329 4187 4324
f 4324 4187 4188
f 4324 4188 4182
f 4155 4183 4313
f 4313 4183 4184
f 4313 4184 4328
f 4328 4184 4185
f 4328 4185 4186
f 4197 4330 4331
f 4332 4191 4333
f 4333 4191 4192
f 4333 4192 4334
f 4334 4192 4193
f 4334 4193 4331
f 4331 4193 4190
f 4331 4190 4197
f 4330 4197 4335
f 4335 4197 4196
f 4335 4196 4336
f 4336 4196 4195
f 4336 4195 4337
f 4200 4338 4201
f 4201 4338 4337
f 4201 4337 4195
f 4200 4199 4338
f 4338 4199 4198
f 4338 4198 4339
f 4339 4198 4206
f 4339 4206 4340
f 4340 4206 4207
f 4340 4207 4341
f 4341 4207 4203
f 4341 4203 4342
f 4342 4203 4202
f 4342 4202 4343
f 4343 4202 4205
f 4343 4205 4344
f 4210 4345 4211
f 4211 4345 4346
f 4211 4346 4212
f 4212 4346 4347
f 4212 4347 4213
f 4213 4347 4348
f 4213 4348 4214
f 4214 4348 4344
f 4214 4344 4208
f 4208 4344 4205
f 4227 4349 4228
f 4228 4349 4350
f 4228 4350 4229
f 4229 4350 4351
f 4229 4351 4230
f 4230 4351 4225
f 4225 4351 4352
f 4353 4221 4220
f 4220 4219 4353
f 4353 4219 4223
f 4353 4223 4352
f 4352 4223 4224
f 4352 4224 4225
f 4354 4222 4355
f 4355 4222 4221
f 4355 4221 4353
f 4345 4210 4354
f 4354 4210 4215
f 4215 4218 4354
f 4354 4218 4217
f 4354 4217 4216
f 4354 4216 4222
f 4103 4281 4356
f 4103 4356 4249
f 4249 4356 4357
f 4249 4357 4248
f 4248 4357 4247
f 4247 4357 4358
f 4247 4358 4246
f 4246 4358 4359
f 4246 4359 4245
f 4245 4359 4244
f 4244 4359 4360
f 4244 4360 4243
f 4243 4360 4361
f 4243 4361 4242
f 4242 4361 4241
f 4241 4361 4362
f 4241 4362 4238
f 4362 4363 4238
f 4238 4363 4364
f 4238 4364 4239
f 4234 4235 4365
f 4365 4235 4237
f 4365 4237 4366
f 4366 4237 4236
f 4366 4236 4364
f 4364 4236 4240
f 4364 4240 4239
f 4349 4227 4367
f 4367 4227 4231
f 4367 4231 4368
f 4368 4231 4232
f 4368 4232 4369
f 4369 4232 4233
f 4369 4233 4370
f 4370 4233 4234
f 4370 4234 4371
f 4371 4234 4365
f 4254 4372 4373
f 4254 4373 4253
f 4253 4373 4374
f 4253 4374 4252
f 4252 4374 4375
f 4252 4375 4251
f 4251 4375 4376
f 4251 4376 4255
f 4377 4319 4172
f 4376 4377 4255
f 4255 4377 4256
f 4256 4377 4172
f 4266 4268 4378
f 4096 4266 4263
f 4263 4266 4378
f 4263 4378 4264
f 4264 4378 4379
f 4264 4379 4265
f 4265 4379 4380
f 4265 4380 4262
f 4250 4083 4257
f 4262 4380 4259
f 4259 4380 4381
f 4259 4381 4260
f 4260 4381 4382
f 4260 4382 4261
f 4261 4382 4383
f 4261 4383 4258
f 4258 4383 4384
f 4258 4384 4257
f 4257 4384 4254
f 4257 4254 4250
f 4385 4386 4271
f 4273 4191 4332
f 4332 4387 4273
f 4273 4387 4385
f 4273 4385 4272
f 4272 4385 4271
f 4386 4388 4271
f 4271 4388 4389
f 4271 4389 4270
f 4270 4389 4269
f 4269 4389 4390
f 4269 4390 4267
f 4267 4390 4391
f 4267 4391 4268
f 4392 4281 4393
f 4393 4281 4280
f 4393 4280 4394
f 4394 4280 4279
f 4394 4279 4395
f 4395 4279 4278
f 4395 4278 4396
f 4396 4278 4277
f 4396 4277 4397
f 4397 4277 4276
f 4397 4276 4398
f 4398 4276 4275
f 4398 4275 4399
f 4399 4275 4274
f 4399 4274 4400
f 4400 4274 4282
f 4400 4282 4401
f 4401 4282 4283
f 4401 4283 4402
f 4402 4283 4403
f 4403 4283 4284
f 4403 4284 4404
f 4404 4284 4285
f 4288 4405 4287
f 4287 4405 4406
f 4287 4406 4286
f 4286 4406 4407
f 4286 4407 4289
f 4407 4408 4289
f 4289 4408 4409
f 4289 4409 4290
f 4290 4409 4291
f 4291 4409 4410
f 4291 4410 4411
f 4291 4411 4292
f 4411 4412 4292
f 4292 4412 4404
f 4292 4404 4285
f 4413 4414 4311
f 4415 4416 4299
f 4306 4417 4418
f 4419 4405 4293
f 4293 4405 4288
f 4419 4293 4420
f 4420 4293 4296
f 4420 4296 4416
f 4416 4296 4297
f 4416 4297 4299
f 4421 4305 4422
f 4422 4305 4303
f 4422 4303 4414
f 4414 4303 4302
f 4414 4302 4311
f 4311 4310 4413
f 4413 4310 4309
f 4413 4309 4423
f 4423 4309 4308
f 4423 4308 4418
f 4418 4308 4307
f 4418 4307 4306
f 4415 4299 4424
f 4424 4299 4298
f 4424 4298 4425
f 4425 4298 4295
f 4425 4295 4426
f 4426 4295 4294
f 4426 4294 4427
f 4427 4294 4300
f 4427 4300 4428
f 4428 4300 4301
f 4428 4301 4421
f 4421 4301 4304
f 4421 4304 4305
f 4312 4316 4429
f 4429 4430 4312
f 4312 4430 4431
f 4312 4431 4306
f 4306 4431 4417
f 4313 4432 4314
f 4314 4432 4433
f 4314 4433 4315
f 4317 4434 4316
f 4316 4434 4435
f 4316 4435 4429
f 4433 4436 4315
f 4315 4436 4437
f 4315 4437 4318
f 4318 4437 4438
f 4318 4438 4317
f 4317 4438 4439
f 4317 4439 4434
f 4319 4440 4320
f 4320 4440 4441
f 4432 4313 4442
f 4442 4313 4328
f 4442 4328 4329
f 4442 4329 4443
f 4443 4329 4324
f 4443 4324 4444
f 4444 4324 4325
f 4444 4325 4326
f 4444 4326 4445
f 4445 4326 4327
f 4445 4327 4446
f 4446 4327 4321
f 4446 4321 4322
f 4446 4322 4441
f 4441 4322 4323
f 4441 4323 4320
f 4447 4332 4448
f 4448 4332 4333
f 4448 4333 4449
f 4449 4333 4334
f 4449 4334 4450
f 4450 4334 4331
f 4450 4331 4451
f 4451 4331 4330
f 4451 4330 4452
f 4452 4330 4335
f 4452 4335 4453
f 4453 4335 4336
f 4453 4336 4454
f 4454 4336 4337
f 4345 4455 4346
f 4346 4455 4456
f 4346 4456 4347
f 4347 4456 4457
f 4347 4457 4348
f 4348 4457 4344
f 4344 4457 4458
f 4344 4458 4343
f 4343 4458 4459
f 4343 4459 4342
f 4342 4459 4341
f 4341 4459 4460
f 4341 4460 4340
f 4340 4460 4461
f 4340 4461 4339
f 4339 4461 4338
f 4338 4461 4454
f 4338 4454 4337
f 4349 4462 4350
f 4350 4462 4463
f 4350 4463 4351
f 4463 4464 4351
f 4351 4464 4465
f 4351 4465 4466
f 4351 4466 4352
f 4352 4466 4467
f 4352 4467 4353
f 4353 4467 4468
f 4353 4468 4469
f 4353 4469 4355
f 4355 4469 4470
f 4355 4470 4354
f 4354 4470 4471
f 4471 4472 4354
f 4354 4472 4455
f 4354 4455 4345
f 4473 4356 4474
f 4474 4356 4281
f 4474 4281 4392
f 4462 4349 4475
f 4475 4349 4367
f 4367 4368 4475
f 4475 4368 4369
f 4475 4369 4476
f 4476 4369 4370
f 4476 4370 4477
f 4477 4370 4371
f 4477 4371 4478
f 4479 4362 4480
f 4480 4362 4361
f 4480 4361 4481
f 4481 4361 4360
f 4481 4360 4482
f 4482 4360 4359
f 4482 4359 4483
f 4483 4359 4358
f 4483 4358 4473
f 4473 4358 4357
f 4473 4357 4356
f 4371 4365 4478
f 4478 4365 4366
f 4478 4366 4484
f 4484 4366 4364
f 4484 4364 4479
f 4479 4364 4363
f 4479 4363 4362
f 4485 4440 4319
f 4372 4486 4373
f 4373 4486 4487
f 4373 4487 4374
f 4487 4488 4374
f 4374 4488 4489
f 4374 4489 4375
f 4375 4489 4490
f 4375 4490 4376
f 4376 4490 4485
f 4376 4485 4377
f 4377 4485 4319
f 4381 4380 4491
f 4491 4380 4379
f 4491 4379 4391
f 4391 4379 4378
f 4391 4378 4268
f 4372 4254 4384
f 4381 4491 4492
f 4381 4492 4382
f 4382 4492 4372
f 4382 4372 4383
f 4383 4372 4384
f 4389 4388 4493
f 4388 4386 4493
f 4493 4386 4385
f 4493 4385 4447
f 4447 4385 4387
f 4447 4387 4332
f 4389 4493 4494
f 4389 4494 4390
f 4390 4494 4495
f 4390 4495 4391
f 4391 4495 4496
f 4497 4392 4498
f 4498 4392 4393
f 4498 4393 4499
f 4499 4393 4500
f 4393 4394 4500
f 4500 4394 4395
f 4500 4395 4501
f 4501 4395 4396
f 4501 4396 4502
f 4398 4503 4504
f 4502 4396 4504
f 4504 4396 4397
f 4504 4397 4398
f 4503 4398 4505
f 4505 4398 4399
f 4505 4399 4506
f 4507 4506 4399
f 4402 4508 4401
f 4401 4508 4507
f 4401 4507 4400
f 4400 4507 4399
f 4404 4509 4403
f 4403 4509 4510
f 4403 4510 4402
f 4402 4510 4508
f 4511 4509 4404
f 4405 4512 4406
f 4406 4512 4513
f 4406 4513 4407
f 4407 4513 4514
f 4515 4516 4409
f 4409 4516 4517
f 4409 4517 4410
f 4410 4517 4518
f 4410 4518 4519
f 4514 4520 4407
f 4407 4520 4515
f 4407 4515 4408
f 4408 4515 4409
f 4521 4412 4519
f 4519 4412 4411
f 4519 4411 4410
f 4521 4522 4412
f 4412 4522 4523
f 4412 4523 4404
f 4404 4523 4524
f 4404 4524 4511
f 4525 4512 4405
f 4525 4405 4526
f 4526 4405 4419
f 4526 4419 4527
f 4415 4528 4416
f 4416 4528 4527
f 4416 4527 4420
f 4420 4527 4419
f 4529 4530 4413
f 4413 4530 4531
f 4413 4531 4414
f 4414 4531 4532
f 4414 4532 4422
f 4422 4532 4533
f 4422 4533 4421
f 4421 4533 4534
f 4421 4534 4428
f 4428 4534 4535
f 4428 4535 4427
f 4427 4535 4536
f 4427 4536 4426
f 4426 4536 4537
f 4426 4537 4425
f 4425 4537 4538
f 4425 4538 4424
f 4424 4538 4539
f 4424 4539 4415
f 4415 4539 4540
f 4415 4540 4528
f 4417 4541 4418
f 4418 4541 4529
f 4418 4529 4423
f 4423 4529 4413
f 4542 4541 4417
f 4542 4417 4543
f 4543 4417 4431
f 4543 4431 4544
f 4545 4546 4435
f 4544 4431 4547
f 4547 4431 4430
f 4547 4430 4546
f 4546 4430 4429
f 4546 4429 4435
f 4548 4549 4434
f 4434 4549 4550
f 4434 4550 4435
f 4435 4550 4551
f 4435 4551 4545
f 4434 4439 4548
f 4548 4439 4438
f 4548 4438 4552
f 4552 4438 4437
f 4553 4554 4432
f 4432 4554 4555
f 4432 4555 4433
f 4433 4555 4556
f 4433 4556 4436
f 4436 4556 4557
f 4436 4557 4437
f 4437 4557 4558
f 4437 4558 4552
f 4559 4560 4442
f 4442 4560 4561
f 4442 4561 4432
f 4432 4561 4562
f 4432 4562 4553
f 4559 4442 4563
f 4563 4442 4443
f 4564 4565 4444
f 4444 4565 4566
f 4444 4566 4443
f 4443 4566 4567
f 4443 4567 4563
f 4564 4444 4445
f 4564 4445 4568
f 4568 4445 4446
f 4568 4446 4569
f 4569 4446 4570
f 4570 4446 4571
f 4571 4446 4441
f 4571 4441 4572
f 4572 4441 4573
f 4573 4441 4440
f 4573 4440 4574
f 4454 4575 4453
f 4453 4575 4576
f 4453 4576 4452
f 4452 4576 4577
f 4452 4577 4451
f 4451 4577 4450
f 4450 4577 4578
f 4450 4578 4449
f 4578 4579 4449
f 4449 4579 4580
f 4449 4580 4448
f 4448 4580 4581
f 4448 4581 4447
f 4582 4575 4454
f 4461 4583 4584
f 4584 4585 4461
f 4461 4585 4586
f 4461 4586 4454
f 4454 4586 4587
f 4454 4587 4582
f 4583 4461 4460
f 4583 4460 4588
f 4588 4460 4459
f 4457 4589 4458
f 4458 4589 4590
f 4458 4590 4459
f 4459 4590 4591
f 4459 4591 4592
f 4459 4592 4588
f 4455 4593 4456
f 4456 4593 4594
f 4456 4594 4457
f 4457 4594 4595
f 4457 4595 4596
f 4457 4596 4589
f 4471 4470 4597
f 4597 4470 4598
f 4599 4593 4455
f 4597 4600 4471
f 4471 4600 4601
f 4471 4601 4472
f 4472 4601 4602
f 4472 4602 4455
f 4455 4602 4603
f 4455 4603 4599
f 4470 4469 4598
f 4598 4469 4468
f 4598 4468 4604
f 4467 4466 4605
f 4605 4466 4465
f 4605 4465 4606
f 4605 4607 4467
f 4467 4607 4608
f 4467 4608 4468
f 4468 4608 4609
f 4468 4609 4604
f 4462 4610 4463
f 4463 4610 4611
f 4463 4611 4464
f 4464 4611 4612
f 4464 4612 4465
f 4465 4612 4613
f 4465 4613 4606
f 4392 4497 4474
f 4474 4497 4614
f 4474 4614 4473
f 4480 4615 4479
f 4479 4615 4616
f 4479 4616 4484
f 4614 4617 4473
f 4473 4617 4618
f 4473 4618 4483
f 4483 4618 4619
f 4483 4619 4482
f 4482 4619 4620
f 4482 4620 4481
f 4481 4620 4621
f 4481 4621 4480
f 4480 4621 4622
f 4480 4622 4615
f 4616 4623 4484
f 4484 4623 4624
f 4484 4624 4478
f 4478 4624 4625
f 4478 4625 4477
f 4477 4625 4626
f 4477 4626 4476
f 4476 4626 4627
f 4476 4627 4475
f 4475 4627 4628
f 4475 4628 4462
f 4462 4628 4629
f 4462 4629 4610
f 4574 4440 4630
f 4630 4440 4485
f 4630 4485 4631
f 4631 4485 4490
f 4631 4490 4632
f 4632 4490 4489
f 4632 4489 4633
f 4633 4489 4488
f 4633 4488 4634
f 4634 4488 4487
f 4634 4487 4635
f 4635 4487 4486
f 4391 4496 4491
f 4491 4496 4636
f 4491 4636 4492
f 4492 4636 4486
f 4492 4486 4372
f 4493 4447 4581
f 4581 4637 4493
f 4493 4637 4638
f 4493 4638 4639
f 4640 4641 4496
f 4640 4496 4642
f 4642 4496 4495
f 4642 4495 4643
f 4643 4495 4494
f 4643 4494 4639
f 4639 4494 4493
f 4644 4645 4646
f 4647 4648 4649
f 4650 4651 4652
f 4653 4504 4652
f 4652 4504 4503
f 4652 4503 4650
f 4650 4503 4505
f 4650 4505 4506
f 4499 4500 4653
f 4500 4501 4653
f 4653 4501 4502
f 4653 4502 4504
f 4497 4498 4654
f 4654 4498 4655
f 4654 4655 4656
f 4656 4655 4657
f 4647 4658 4648
f 4648 4658 4659
f 4648 4659 4660
f 4660 4659 4661
f 4660 4661 4662
f 4663 4664 4649
f 4649 4664 4665
f 4649 4665 4647
f 4666 4667 4668
f 4668 4667 4669
f 4668 4669 4670
f 4670 4669 4671
f 4670 4671 4672
f 4672 4671 4673
f 4644 4646 4674
f 4675 4676 4677
f 4677 4676 4678
f 4498 4499 4655
f 4655 4499 4653
f 4655 4653 4679
f 4679 4653 4652
f 4669 4663 4671
f 4671 4663 4649
f 4671 4649 4680
f 4680 4649 4648
f 4680 4648 4679
f 4679 4648 4660
f 4679 4660 4655
f 4655 4660 4662
f 4655 4662 4657
f 4681 4675 4682
f 4682 4675 4677
f 4682 4677 4683
f 4684 4685 4686
f 4686 4685 4687
f 4686 4687 4688
f 4688 4687 4689
f 4688 4689 4690
f 4690 4683 4688
f 4688 4683 4677
f 4688 4677 4646
f 4646 4677 4678
f 4646 4678 4674
f 4651 4684 4652
f 4652 4684 4686
f 4652 4686 4679
f 4679 4686 4688
f 4679 4688 4680
f 4680 4688 4646
f 4680 4646 4671
f 4671 4646 4645
f 4671 4645 4673
f 4691 4681 4682
f 4692 4693 4694
f 4694 4693 4695
f 4690 4696 4683
f 4683 4696 4697
f 4683 4697 4682
f 4682 4697 4698
f 4682 4698 4691
f 4694 4699 4700
f 4700 4701 4702
f 4700 4702 4694
f 4694 4702 4703
f 4694 4703 4692
f 4704 4705 4694
f 4694 4705 4706
f 4694 4706 4699
f 4684 4704 4685
f 4685 4704 4687
f 4506 4507 4650
f 4650 4507 4508
f 4650 4508 4651
f 4651 4508 4707
f 4651 4707 4684
f 4684 4707 4708
f 4684 4708 4704
f 4704 4708 4709
f 4704 4709 4705
f 4687 4704 4689
f 4689 4704 4694
f 4689 4694 4690
f 4690 4694 4695
f 4690 4695 4696
f 4710 4711 4712
f 4709 4713 4714
f 4714 4713 4715
f 4714 4715 4716
f 4709 4708 4713
f 4713 4708 4707
f 4713 4707 4717
f 4717 4707 4508
f 4717 4508 4718
f 4718 4508 4510
f 4718 4510 4509
f 4700 4699 4712
f 4712 4699 4706
f 4712 4706 4714
f 4714 4706 4705
f 4714 4705 4709
f 4701 4700 4719
f 4719 4700 4712
f 4719 4712 4720
f 4720 4712 4711
f 4721 4722 4723
f 4723 4722 4724
f 4724 4725 4723
f 4723 4725 4726
f 4723 4726 4727
f 4727 4726 4710
f 4727 4710 4728
f 4728 4710 4712
f 4728 4712 4729
f 4729 4712 4714
f 4729 4714 4730
f 4730 4714 4716
f 4731 4732 4733
f 4734 4735 4736
f 4737 4721 4723
f 4738 4739 4740
f 4740 4739 4741
f 4740 4741 4742
f 4734 4736 4743
f 4513 4512 4744
f 4515 4520 4745
f 4745 4520 4514
f 4745 4514 4513
f 4746 4517 4745
f 4745 4517 4516
f 4745 4516 4515
f 4521 4519 4746
f 4746 4519 4518
f 4746 4518 4517
f 4747 4523 4522
f 4523 4747 4524
f 4524 4747 4717
f 4524 4717 4511
f 4511 4717 4718
f 4511 4718 4509
f 4748 4749 4750
f 4750 4749 4733
f 4750 4733 4751
f 4751 4733 4732
f 4732 4752 4751
f 4751 4752 4753
f 4751 4753 4750
f 4750 4753 4754
f 4750 4754 4736
f 4736 4754 4755
f 4736 4755 4743
f 4743 4755 4756
f 4743 4756 4757
f 4513 4744 4745
f 4745 4744 4758
f 4745 4758 4759
f 4522 4521 4747
f 4747 4521 4746
f 4747 4746 4748
f 4748 4746 4745
f 4748 4745 4749
f 4749 4745 4759
f 4760 4715 4713
f 4742 4737 4740
f 4740 4737 4723
f 4740 4723 4761
f 4761 4723 4727
f 4761 4727 4728
f 4728 4729 4761
f 4761 4729 4730
f 4761 4730 4760
f 4760 4730 4716
f 4760 4716 4715
f 4759 4762 4749
f 4749 4762 4763
f 4749 4763 4733
f 4733 4763 4764
f 4733 4764 4731
f 4735 4738 4736
f 4736 4738 4740
f 4736 4740 4750
f 4750 4740 4761
f 4750 4761 4748
f 4748 4761 4760
f 4748 4760 4747
f 4747 4760 4713
f 4747 4713 4717
f 4765 4766 4767
f 4754 4753 4768
f 4763 4762 4769
f 4527 4528 4770
f 4534 4533 4771
f 4771 4533 4532
f 4532 4531 4771
f 4771 4531 4530
f 4771 4530 4772
f 4772 4530 4529
f 4772 4529 4541
f 4540 4539 4773
f 4773 4539 4538
f 4538 4537 4773
f 4773 4537 4536
f 4773 4536 4771
f 4771 4536 4535
f 4771 4535 4534
f 4527 4770 4526
f 4744 4512 4525
f 4525 4526 4744
f 4744 4526 4770
f 4744 4770 4758
f 4758 4770 4759
f 4753 4752 4768
f 4768 4752 4732
f 4768 4732 4774
f 4774 4732 4731
f 4774 4731 4769
f 4769 4731 4764
f 4769 4764 4763
f 4766 4775 4767
f 4767 4775 4776
f 4767 4776 4777
f 4754 4768 4755
f 4755 4768 4767
f 4755 4767 4756
f 4756 4767 4777
f 4756 4777 4757
f 4778 4779 4780
f 4780 4779 4781
f 4782 4783 4784
f 4785 4786 4782
f 4787 4785 4788
f 4788 4785 4782
f 4788 4782 4789
f 4789 4782 4784
f 4790 4791 4792
f 4790 4792 4793
f 4794 4795 4796
f 4796 4795 4790
f 4796 4790 4797
f 4797 4790 4793
f 4797 4793 4780
f 4780 4793 4785
f 4780 4785 4778
f 4778 4785 4787
f 4792 4798 4793
f 4793 4798 4799
f 4793 4799 4785
f 4785 4799 4800
f 4785 4800 4786
f 4772 4801 4771
f 4771 4801 4802
f 4771 4802 4803
f 4528 4540 4770
f 4770 4540 4773
f 4770 4773 4794
f 4794 4773 4771
f 4794 4771 4795
f 4795 4771 4803
f 4803 4804 4795
f 4795 4804 4805
f 4795 4805 4790
f 4790 4805 4806
f 4790 4806 4791
f 4781 4765 4780
f 4780 4765 4767
f 4780 4767 4797
f 4797 4767 4768
f 4797 4768 4796
f 4796 4768 4774
f 4796 4774 4794
f 4794 4774 4769
f 4794 4769 4770
f 4770 4769 4762
f 4770 4762 4759
f 4807 4808 4809
f 4810 4811 4812
f 4813 4814 4815
f 4815 4814 4816
f 4815 4816 4817
f 4818 4819 4820
f 4820 4819 4821
f 4820 4821 4816
f 4816 4821 4822
f 4816 4822 4817
f 4558 4557 4812
f 4812 4557 4556
f 4553 4810 4554
f 4554 4810 4812
f 4554 4812 4555
f 4555 4812 4556
f 4549 4548 4823
f 4823 4548 4552
f 4824 4547 4546
f 4546 4545 4824
f 4824 4545 4551
f 4824 4551 4823
f 4823 4551 4550
f 4823 4550 4549
f 4543 4772 4542
f 4542 4772 4541
f 4824 4801 4547
f 4547 4801 4772
f 4547 4772 4544
f 4544 4772 4543
f 4808 4825 4809
f 4809 4825 4826
f 4809 4826 4827
f 4814 4828 4816
f 4816 4828 4829
f 4816 4829 4830
f 4830 4829 4831
f 4830 4831 4832
f 4811 4818 4812
f 4812 4818 4820
f 4812 4820 4833
f 4833 4820 4816
f 4833 4816 4834
f 4834 4816 4830
f 4804 4803 4824
f 4824 4803 4802
f 4824 4802 4801
f 4805 4804 4835
f 4835 4804 4824
f 4835 4824 4833
f 4833 4824 4823
f 4833 4823 4812
f 4812 4823 4552
f 4812 4552 4558
f 4800 4799 4836
f 4836 4799 4798
f 4836 4798 4837
f 4800 4836 4786
f 4786 4836 4809
f 4786 4809 4782
f 4782 4809 4827
f 4782 4827 4783
f 4798 4792 4837
f 4837 4792 4791
f 4837 4791 4806
f 4832 4807 4830
f 4830 4807 4809
f 4830 4809 4834
f 4834 4809 4836
f 4834 4836 4833
f 4833 4836 4837
f 4833 4837 4835
f 4835 4837 4806
f 4835 4806 4805
f 4838 4839 4840
f 4573 4574 4841
f 4573 4841 4572
f 4569 4570 4842
f 4842 4570 4571
f 4842 4571 4572
f 4566 4565 4843
f 4843 4565 4564
f 4843 4564 4844
f 4563 4845 4846
f 4563 4567 4845
f 4845 4567 4566
f 4845 4566 4846
f 4846 4566 4843
f 4846 4843 4840
f 4818 4811 4846
f 4846 4811 4810
f 4810 4553 4562
f 4562 4561 4810
f 4810 4561 4560
f 4810 4560 4846
f 4846 4560 4559
f 4846 4559 4563
f 4847 4848 4849
f 4849 4848 4850
f 4851 4852 4839
f 4839 4852 4853
f 4839 4853 4854
f 4855 4856 4838
f 4838 4856 4857
f 4851 4839 4858
f 4858 4839 4838
f 4858 4838 4859
f 4859 4838 4857
f 4859 4857 4860
f 4572 4841 4842
f 4842 4841 4861
f 4842 4861 4862
f 4822 4821 4863
f 4863 4821 4819
f 4822 4863 4817
f 4817 4863 4849
f 4817 4849 4815
f 4815 4849 4850
f 4815 4850 4813
f 4861 4864 4862
f 4862 4864 4865
f 4862 4865 4866
f 4564 4568 4844
f 4844 4568 4569
f 4844 4569 4843
f 4843 4569 4842
f 4843 4842 4840
f 4840 4842 4862
f 4840 4862 4838
f 4838 4862 4866
f 4838 4866 4855
f 4854 4847 4839
f 4839 4847 4849
f 4839 4849 4840
f 4840 4849 4863
f 4840 4863 4846
f 4846 4863 4819
f 4846 4819 4818
f 4867 4868 4869
f 4869 4870 4867
f 4867 4870 4871
f 4867 4871 4872
f 4873 4874 4875
f 4875 4874 4876
f 4875 4876 4867
f 4867 4876 4877
f 4867 4877 4868
f 4576 4575 4878
f 4576 4878 4577
f 4580 4579 4879
f 4879 4579 4578
f 4879 4578 4577
f 4880 4881 4882
f 4882 4881 4883
f 4882 4883 4879
f 4879 4883 4581
f 4879 4581 4580
f 4880 4882 4867
f 4880 4867 4884
f 4884 4867 4872
f 4884 4872 4885
f 4878 4886 4577
f 4577 4886 4887
f 4577 4887 4879
f 4879 4887 4888
f 4879 4888 4882
f 4888 4889 4882
f 4882 4889 4890
f 4882 4890 4867
f 4867 4890 4891
f 4867 4891 4875
f 4892 4893 4894
f 4895 4896 4894
f 4873 4875 4897
f 4897 4875 4892
f 4897 4892 4898
f 4899 4900 4901
f 4901 4900 4902
f 4901 4902 4903
f 4904 4905 4899
f 4905 4906 4899
f 4899 4906 4907
f 4899 4907 4900
f 4908 4895 4909
f 4909 4895 4594
f 4909 4594 4593
f 4589 4596 4895
f 4895 4596 4595
f 4895 4595 4594
f 4910 4591 4590
f 4584 4583 4911
f 4911 4583 4588
f 4911 4588 4910
f 4910 4588 4592
f 4910 4592 4591
f 4582 4587 4911
f 4587 4586 4911
f 4911 4586 4585
f 4911 4585 4584
f 4912 4896 4913
f 4913 4896 4895
f 4913 4895 4914
f 4914 4895 4908
f 4575 4582 4878
f 4878 4582 4911
f 4878 4911 4886
f 4886 4911 4887
f 4888 4887 4893
f 4893 4887 4911
f 4893 4911 4894
f 4894 4911 4910
f 4894 4910 4895
f 4895 4910 4590
f 4895 4590 4589
f 4915 4916 4899
f 4899 4916 4917
f 4899 4917 4904
f 4875 4891 4892
f 4892 4891 4890
f 4892 4890 4893
f 4893 4890 4889
f 4893 4889 4888
f 4912 4915 4896
f 4896 4915 4899
f 4896 4899 4894
f 4894 4899 4901
f 4894 4901 4892
f 4892 4901 4903
f 4892 4903 4898
f 4918 4919 4920
f 4904 4917 4921
f 4921 4917 4922
f 4921 4922 4923
f 4923 4922 4924
f 4925 4926 4927
f 4926 4928 4927
f 4927 4928 4929
f 4927 4929 4922
f 4922 4929 4930
f 4922 4930 4924
f 4931 4932 4933
f 4611 4610 4934
f 4918 4920 4934
f 4605 4920 4607
f 4607 4920 4935
f 4607 4935 4608
f 4605 4606 4920
f 4920 4606 4613
f 4920 4613 4934
f 4934 4613 4612
f 4934 4612 4611
f 4597 4598 4935
f 4598 4604 4935
f 4935 4604 4609
f 4935 4609 4608
f 4593 4599 4936
f 4936 4599 4603
f 4603 4602 4936
f 4936 4602 4601
f 4936 4601 4600
f 4914 4908 4936
f 4936 4908 4909
f 4936 4909 4593
f 4937 4913 4914
f 4917 4916 4922
f 4922 4916 4915
f 4922 4915 4937
f 4937 4915 4912
f 4937 4912 4913
f 4600 4597 4936
f 4936 4597 4935
f 4936 4935 4938
f 4938 4935 4920
f 4914 4936 4937
f 4937 4936 4938
f 4937 4938 4922
f 4922 4938 4939
f 4922 4939 4927
f 4940 4931 4941
f 4941 4931 4933
f 4941 4933 4942
f 4942 4933 4943
f 4942 4943 4944
f 4945 4946 4947
f 4947 4946 4948
f 4947 4948 4943
f 4943 4948 4949
f 4943 4949 4944
f 4950 4951 4952
f 4952 4951 4953
f 4952 4953 4947
f 4947 4953 4954
f 4947 4954 4945
f 4932 4925 4933
f 4933 4925 4927
f 4933 4927 4943
f 4943 4927 4939
f 4943 4939 4947
f 4947 4939 4938
f 4947 4938 4952
f 4952 4938 4920
f 4952 4920 4950
f 4950 4920 4919
f 4953 4951 4955
f 4919 4918 4956
f 4665 4664 4957
f 4666 4958 4959
f 4959 4958 4960
f 4959 4960 4961
f 4664 4663 4957
f 4957 4663 4669
f 4957 4669 4959
f 4959 4669 4667
f 4959 4667 4666
f 4665 4957 4647
f 4647 4957 4962
f 4647 4962 4658
f 4963 4661 4962
f 4962 4661 4659
f 4962 4659 4658
f 4654 4656 4964
f 4964 4656 4657
f 4964 4657 4963
f 4963 4657 4662
f 4963 4662 4661
f 4497 4654 4614
f 4614 4654 4964
f 4614 4964 4617
f 4617 4964 4618
f 4621 4620 4964
f 4964 4620 4619
f 4964 4619 4618
f 4965 4615 4622
f 4625 4624 4956
f 4956 4624 4623
f 4956 4623 4616
f 4934 4610 4629
f 4629 4628 4934
f 4934 4628 4627
f 4934 4627 4918
f 4918 4627 4956
f 4956 4627 4626
f 4956 4626 4625
f 4942 4966 4967
f 4942 4967 4941
f 4941 4967 4968
f 4941 4968 4940
f 4969 4970 4971
f 4971 4970 4972
f 4971 4972 4973
f 4974 4975 4976
f 4955 4951 4956
f 4956 4951 4950
f 4956 4950 4919
f 4949 4977 4944
f 4944 4977 4971
f 4944 4971 4942
f 4942 4971 4973
f 4942 4973 4966
f 4975 4969 4976
f 4976 4969 4971
f 4976 4971 4978
f 4978 4971 4977
f 4978 4977 4979
f 4979 4977 4980
f 4979 4980 4981
f 4949 4948 4977
f 4977 4948 4946
f 4977 4946 4980
f 4980 4946 4945
f 4980 4945 4954
f 4954 4953 4980
f 4980 4953 4955
f 4980 4955 4981
f 4981 4955 4956
f 4981 4956 4965
f 4965 4956 4616
f 4965 4616 4615
f 4622 4621 4965
f 4965 4621 4964
f 4965 4964 4981
f 4981 4964 4963
f 4981 4963 4979
f 4979 4963 4962
f 4979 4962 4978
f 4978 4962 4957
f 4978 4957 4976
f 4976 4957 4959
f 4976 4959 4974
f 4974 4959 4961
f 4634 4635 4982
f 4631 4632 4983
f 4983 4632 4633
f 4983 4633 4634
f 4984 4857 4985
f 4984 4986 4857
f 4857 4986 4987
f 4857 4987 4860
f 4988 4989 4985
f 4988 4985 4990
f 4989 4991 4985
f 4985 4991 4992
f 4985 4992 4993
f 4993 4994 4985
f 4985 4994 4995
f 4985 4995 4984
f 4634 4982 4983
f 4983 4982 4996
f 4983 4996 4997
f 4997 4865 4983
f 4983 4865 4864
f 4983 4864 4631
f 4631 4864 4861
f 4631 4861 4630
f 4630 4861 4841
f 4630 4841 4574
f 4857 4856 4985
f 4985 4856 4855
f 4985 4855 4997
f 4997 4855 4866
f 4997 4866 4865
f 4996 4998 4997
f 4997 4998 4985
f 4985 4998 4999
f 4985 4999 4990
f 4636 5000 5001
f 4636 5001 4486
f 4486 5001 5002
f 4486 5002 4635
f 4641 5003 4496
f 4496 5003 5004
f 4496 5004 4636
f 4636 5004 5005
f 4636 5005 5000
f 4637 4581 4883
f 5006 5007 5008
f 5008 5007 5009
f 5009 5010 5008
f 5008 5010 5011
f 5012 4884 5013
f 5013 4884 4885
f 5014 5015 5008
f 5008 5015 5016
f 5008 5016 5006
f 5012 5017 4884
f 4884 5017 5018
f 4884 5018 4880
f 4880 5018 5014
f 4880 5014 5008
f 4637 4883 4638
f 4642 4643 5008
f 5008 4643 4639
f 5008 4639 4880
f 4880 4639 4638
f 4880 4638 4881
f 4881 4638 4883
f 4642 5008 4640
f 4640 5008 5011
f 4640 5011 4641
f 4961 4960 5019
f 4691 4698 5020
f 4757 4777 5021
f 4783 4827 5022
f 4906 4905 5023
f 4905 4904 5023
f 5023 4904 4921
f 5023 4921 4923
f 4903 4902 5024
f 5024 4902 4900
f 5024 4900 4907
f 4873 4897 5025
f 4877 4876 5025
f 5025 4876 4874
f 5025 4874 4873
f 4885 4872 5026
f 5026 4872 4871
f 5026 4871 4870
f 5018 5017 5027
f 5027 5017 5012
f 5027 5012 5013
f 5028 5015 5027
f 5027 5015 5014
f 5027 5014 5018
f 5009 5007 5029
f 5029 5007 5006
f 5029 5006 5028
f 5028 5006 5016
f 5028 5016 5015
f 5030 5031 5032
f 5032 5031 5033
f 5032 5033 5034
f 5034 5035 5032
f 5032 5035 5036
f 5032 5036 5037
f 5030 5038 5039
f 5039 5038 5040
f 4994 4993 5041
f 5041 4993 4992
f 5041 4992 5042
f 5042 4992 4991
f 4991 4989 5042
f 5042 4989 4988
f 5042 4988 5043
f 5043 4988 4990
f 5043 4990 5038
f 5038 4990 5044
f 5038 5044 5040
f 4995 5045 4984
f 4984 5045 4986
f 4860 5046 4859
f 4859 5046 4858
f 4853 4852 5046
f 5046 4852 4851
f 5046 4851 4858
f 4814 4813 5046
f 5046 4813 4850
f 5046 4850 4848
f 4848 4847 5046
f 5046 4847 4854
f 5046 4854 4853
f 5047 4829 5046
f 5046 4829 4828
f 5046 4828 4814
f 4827 4826 5047
f 4826 4825 5047
f 5047 4825 4808
f 5047 4808 4807
f 4807 4832 5047
f 5047 4832 4831
f 5047 4831 4829
f 5048 4765 4781
f 4781 4779 5048
f 5048 4779 4778
f 5048 4778 4787
f 4787 4788 5048
f 5048 4788 4789
f 5048 4789 5022
f 5022 4789 4784
f 5022 4784 4783
f 4765 5048 4766
f 4766 5048 5049
f 4766 5049 4775
f 5050 5021 5051
f 5051 5021 4777
f 5051 4777 5049
f 5049 4777 4776
f 5049 4776 4775
f 5021 4738 4735
f 4735 4734 5021
f 5021 4734 4743
f 5021 4743 4757
f 4742 4741 5050
f 5050 4741 5021
f 5021 4741 4739
f 5021 4739 4738
f 4722 4721 5050
f 5050 4721 4737
f 5050 4737 4742
f 5052 4725 4724
f 4725 5052 4726
f 4726 5052 5053
f 4726 5053 4710
f 5054 4720 5053
f 5053 4720 4711
f 5053 4711 4710
f 4702 4701 5054
f 5054 4701 4719
f 5054 4719 4720
f 4703 5055 4692
f 4692 5055 5056
f 4692 5056 4693
f 4698 4697 5020
f 5020 4697 4696
f 5020 4696 5056
f 5056 4696 4695
f 5056 4695 4693
f 5057 4678 5058
f 5058 4678 4676
f 5058 4676 4675
f 4670 4672 5057
f 5057 4672 4673
f 5057 4673 4645
f 4645 4644 5057
f 5057 4644 4674
f 5057 4674 4678
f 4960 4958 5019
f 5019 4958 4666
f 5019 4666 5057
f 5057 4666 4668
f 5057 4668 4670
f 4973 4972 5059
f 5059 4972 4970
f 4970 4969 5059
f 5059 4969 4975
f 5059 4975 5019
f 5019 4975 4974
f 5019 4974 4961
f 5060 4967 5059
f 5059 4967 4966
f 5059 4966 4973
f 5060 4932 4931
f 4931 4940 5060
f 5060 4940 4968
f 5060 4968 4967
f 4924 4930 5061
f 5061 4930 4929
f 4929 4928 5061
f 5061 4928 4926
f 5061 4926 5060
f 5060 4926 4925
f 5060 4925 4932
f 5062 5063 5064
f 4724 5064 5052
f 5052 5064 5063
f 5052 5063 5053
f 5053 5063 5055
f 5053 5055 5054
f 5054 5055 4703
f 5054 4703 4702
f 5065 5066 5067
f 5068 5069 5070
f 5070 5069 5071
f 5072 5071 5067
f 5067 5071 5069
f 5067 5069 5065
f 5065 5069 5068
f 5065 5068 5073
f 5073 5068 5070
f 5074 5075 5076
f 5076 5075 5073
f 5076 5073 5077
f 5077 5073 5070
f 5077 5070 5078
f 5078 5070 5071
f 5078 5071 5079
f 5079 5071 5072
f 5079 5072 5080
f 4897 4898 5025
f 5025 4898 4903
f 5025 4903 5081
f 5081 4903 5024
f 5081 5024 5082
f 5082 5024 5083
f 4907 4906 5024
f 5024 4906 5023
f 5024 5023 5083
f 5083 5023 5084
f 5085 5086 5087
f 5087 5086 5066
f 5087 5066 5088
f 5088 5066 5065
f 5088 5065 5089
f 5089 5065 5073
f 5089 5073 5084
f 5084 5073 5075
f 5084 5075 5083
f 5083 5075 5074
f 5083 5074 5082
f 4923 4924 5023
f 5023 4924 5061
f 5023 5061 5084
f 5084 5061 5060
f 5084 5060 5089
f 5089 5060 5059
f 5089 5059 5088
f 5088 5059 5019
f 5088 5019 5087
f 5087 5019 5057
f 5087 5057 5085
f 5085 5057 5058
f 5090 5091 5092
f 5092 5091 5093
f 5092 5093 5045
f 5045 5093 4987
f 5045 4987 4986
f 5043 5090 5042
f 5042 5090 5092
f 5042 5092 5041
f 5041 5092 5045
f 5041 5045 4994
f 4994 5045 4995
f 5094 5095 5096
f 5096 5097 5094
f 5094 5097 5098
f 5094 5098 5099
f 5099 5098 5100
f 5030 5032 5038
f 5038 5032 5101
f 5038 5101 5043
f 5043 5101 5102
f 5043 5102 5090
f 5090 5102 5103
f 5090 5103 5091
f 5104 5105 5106
f 4885 5026 5013
f 5013 5026 5107
f 5013 5107 5027
f 5027 5107 5106
f 5027 5106 5028
f 5028 5106 5105
f 5028 5105 5029
f 5104 5106 5108
f 5108 5106 5107
f 5108 5107 5109
f 5109 5107 5026
f 5109 5026 5110
f 5110 5026 4870
f 5110 4870 5111
f 5111 4870 4869
f 5111 4869 4868
f 5077 5112 5076
f 5076 5112 5104
f 5076 5104 5074
f 5074 5104 5108
f 5074 5108 5082
f 5082 5108 5109
f 5082 5109 5081
f 5081 5109 5110
f 5081 5110 5025
f 5025 5110 5111
f 5025 5111 4877
f 4877 5111 4868
f 5113 5114 5115
f 5115 5114 5096
f 5115 5096 5116
f 5116 5096 5095
f 4827 5047 5022
f 5022 5047 5114
f 5022 5114 5048
f 5048 5114 5113
f 5048 5113 5049
f 5049 5113 5062
f 5049 5062 5051
f 5051 5062 5064
f 5051 5064 5050
f 5050 5064 4724
f 5050 4724 4722
f 5037 5100 5032
f 5032 5100 5098
f 5032 5098 5101
f 5101 5098 5097
f 5101 5097 5102
f 5102 5097 5096
f 5102 5096 5103
f 5103 5096 5114
f 5103 5114 5091
f 5091 5114 5047
f 5091 5047 5093
f 5093 5047 5046
f 5093 5046 4987
f 4987 5046 4860
f 4675 4681 5058
f 5058 4681 4691
f 5058 4691 5085
f 5085 4691 5020
f 5085 5020 5086
f 5086 5020 5056
f 5086 5056 5066
f 5066 5056 5055
f 5066 5055 5067
f 5067 5055 5063
f 5067 5063 5072
f 5072 5063 5062
f 5072 5062 5080
f 5080 5062 5113
f 5080 5113 5079
f 5079 5113 5115
f 5079 5115 5078
f 5078 5115 5116
f 5078 5116 5077
f 5077 5116 5095
f 5077 5095 5112
f 5112 5095 5094
f 5112 5094 5104
f 5104 5094 5099
f 5104 5099 5105
f 5105 5099 5100
f 5105 5100 5029
f 5029 5100 5037
f 5029 5037 5009
f 5003 4641 5011
f 5000 5005 5117
f 5117 5005 5004
f 5003 5011 5004
f 4635 5002 4982
f 4982 5002 4996
f 5002 5001 4996
f 4996 5001 5000
f 4996 5000 4998
f 4998 5000 5117
f 5034 5033 5117
f 5117 5033 5031
f 5117 5031 4998
f 4998 5031 5030
f 4998 5030 4999
f 4999 5030 5039
f 5039 5040 4999
f 4999 5040 5044
f 4999 5044 4990
f 5004 5011 5117
f 5117 5011 5010
f 5009 5037 5010
f 5010 5037 5036
f 5010 5036 5117
f 5117 5036 5035
f 5117 5035 5034
