# Converti depuis Knee_Link.STL
# 5152 sommets, 10300 faces
o Knee_Link
v -0.060547 0.093115 -0.059674
v -0.064793 0.092204 -0.053738
v -0.068382 0.101708 -0.056590
v 0.015563 0.053314 -0.098397
v 0.015354 0.046660 -0.092481
v 0.007349 0.052443 -0.093198
v -0.008393 0.071094 -0.097952
v -0.007370 0.070311 -0.098152
v -0.007180 0.063479 -0.092573
v 0.004891 0.061035 -0.099125
v 0.004858 0.054242 -0.093421
v 0.003872 0.061804 -0.099064
v 0.004690 0.054370 -0.093414
v 0.003612 0.062000 -0.099048
v 0.004106 0.054816 -0.093392
v -0.005574 0.068937 -0.098503
v -0.004386 0.061293 -0.093067
v -0.006018 0.062570 -0.092778
v -0.015791 0.076755 -0.096507
v -0.014541 0.069238 -0.091270
v -0.018194 0.078549 -0.095692
v -0.039087 0.086680 -0.080039
v -0.044323 0.089492 -0.076233
v -0.048298 0.098154 -0.079287
v -0.050620 0.099051 -0.077144
v -0.046756 0.090463 -0.074124
v -0.048401 0.091120 -0.072698
v -0.051431 0.099364 -0.076396
v -0.050048 0.091777 -0.071270
v -0.055075 0.100772 -0.073032
v -0.055650 0.093035 -0.065543
v -0.059850 0.101799 -0.067785
v -0.056597 0.093050 -0.064408
v -0.060266 0.101889 -0.067328
v -0.056960 0.093056 -0.063973
v -0.060863 0.102017 -0.066673
v -0.065925 0.102102 -0.060153
v -0.016748 0.070938 -0.090560
v -0.018273 0.072113 -0.090069
v -0.020115 0.079984 -0.095040
v -0.023416 0.076074 -0.088414
v -0.025690 0.084145 -0.093149
v -0.026998 0.078666 -0.086773
v -0.029169 0.086572 -0.091473
v -0.028987 0.080105 -0.085862
v -0.031356 0.088097 -0.090420
v -0.031122 0.081649 -0.084884
v -0.033948 0.089906 -0.089171
v -0.036907 0.085383 -0.081464
v -0.040175 0.093784 -0.085307
v -0.038079 0.086139 -0.080771
v -0.041491 0.094603 -0.084490
v -0.041877 0.094805 -0.084195
v -0.060575 0.042934 0.050264
v -0.060657 0.049942 0.049994
v -0.068124 0.050722 0.039625
v -0.060484 0.035857 0.050530
v -0.066760 0.035734 0.042285
v -0.067932 0.035808 0.040261
v -0.071560 0.036036 0.033994
v -0.069176 0.050831 0.038164
v -0.069361 0.050937 0.037777
v -0.071960 0.036061 0.033304
v -0.073964 0.053567 0.028147
v -0.073763 0.036322 0.028982
v -0.075968 0.036642 0.023695
v -0.075474 0.054430 0.024989
v -0.077775 0.036985 0.016902
v -0.075583 0.054601 0.024581
v -0.077943 0.058316 0.015728
v -0.078574 0.037136 0.013897
v -0.078640 0.037149 0.013647
v -0.079180 0.060263 0.011090
v -0.079803 0.037212 0.004622
v -0.079394 0.060600 0.010288
v -0.079804 0.037188 0.004222
v -0.079809 0.064662 0.002534
v -0.079839 0.036691 -0.004094
v -0.080064 0.067169 -0.002250
v -0.080364 0.070108 -0.007859
v -0.072401 0.087199 -0.039684
v -0.073622 0.032281 -0.029240
v -0.076431 0.081436 -0.028339
v -0.076333 0.033630 -0.022522
v -0.077482 0.079932 -0.025379
v -0.076420 0.033695 -0.022186
v -0.077773 0.079516 -0.024559
v -0.078709 0.035419 -0.013282
v -0.079196 0.074350 -0.015389
v -0.078883 0.035616 -0.011863
v -0.079849 0.071980 -0.011182
v -0.079252 0.036031 -0.008866
v -0.079808 0.036656 -0.004345
v -0.062331 0.028296 -0.048831
v -0.062548 0.028360 -0.048519
v -0.071816 0.087884 -0.041141
v -0.066858 0.029633 -0.042315
v -0.072002 0.087770 -0.040808
v -0.070682 0.031019 -0.035492
v -0.072170 0.031558 -0.032837
v -0.063426 0.061195 -0.051336
v -0.063391 0.060152 -0.051257
v -0.051508 0.051702 0.058784
v -0.051398 0.036752 0.059345
v -0.056821 0.036128 0.054502
v -0.049910 0.052009 0.060319
v -0.048977 0.037031 0.061508
v -0.049825 0.052026 0.060401
v -0.045688 0.037506 0.063756
v -0.041165 0.055445 0.066044
v -0.029730 0.061023 0.071525
v -0.037704 0.056812 0.068300
v -0.031678 0.039499 0.071780
v -0.037946 0.056716 0.068142
v -0.040497 0.038257 0.067305
v -0.041217 0.038153 0.066813
v -0.029867 0.039687 0.072423
v -0.026872 0.039998 0.073487
v -0.025413 0.063302 0.073270
v -0.022840 0.040417 0.074920
v -0.024333 0.063873 0.073707
v -0.017584 0.040621 0.076074
v -0.017281 0.068161 0.074943
v -0.012697 0.070949 0.075746
v -0.013971 0.040761 0.076868
v -0.007748 0.073959 0.076613
v -0.009271 0.040540 0.077288
v -0.004542 0.040318 0.077710
v -0.004062 0.076245 0.076466
v 0.000070 0.078808 0.076302
v -0.004350 0.040309 0.077727
v -0.001439 0.039943 0.077606
v 0.009139 0.084432 0.075941
v 0.005482 0.039074 0.077319
v 0.009923 0.084857 0.075763
v 0.037789 0.033929 0.067016
v 0.038500 0.065885 0.066640
v 0.025946 0.093288 0.071895
v 0.038524 0.066931 0.066627
v 0.039208 0.098055 0.066599
v 0.009113 0.038512 0.076681
v 0.015926 0.037458 0.075485
v 0.012926 0.086483 0.075082
v 0.016676 0.037340 0.075247
v 0.024453 0.092724 0.072466
v 0.023250 0.036305 0.073163
v 0.024602 0.092804 0.072432
v 0.027056 0.035706 0.071956
v 0.037441 0.033987 0.067176
v 0.091381 0.050938 -0.004511
v 0.096938 0.057893 -0.004239
v 0.090635 0.057125 0.003171
v 0.095973 0.064995 0.004593
v 0.090386 0.059191 0.005734
v 0.095420 0.066962 0.006919
v 0.068455 0.093374 0.046094
v 0.073930 0.100202 0.046709
v 0.072476 0.101135 0.048120
v 0.056821 0.098379 0.055977
v 0.054559 0.108115 0.062479
v 0.050914 0.099148 0.060003
v 0.053362 0.108186 0.063198
v 0.050450 0.099208 0.060319
v 0.052824 0.108218 0.063521
v 0.050437 0.099210 0.060328
v 0.048145 0.108493 0.066331
v 0.043562 0.098856 0.064361
v 0.041045 0.107865 0.070025
v 0.062601 0.096517 0.051436
v 0.068637 0.103597 0.051845
v 0.062121 0.096672 0.051813
v 0.064079 0.105523 0.055576
v 0.060385 0.097231 0.053177
v 0.063228 0.105883 0.056273
v 0.061850 0.106465 0.057401
v 0.069214 0.092776 0.045273
v 0.070956 0.091402 0.043386
v 0.074943 0.099552 0.045726
v 0.074048 0.088964 0.040038
v 0.080597 0.094502 0.039120
v 0.080678 0.094430 0.039026
v 0.076742 0.086016 0.036474
v 0.081993 0.092848 0.037127
v 0.078048 0.084587 0.034746
v 0.085817 0.088245 0.031602
v 0.079270 0.083250 0.033129
v 0.087169 0.086067 0.029091
v 0.082888 0.077812 0.026965
v 0.088119 0.084535 0.027325
v 0.083691 0.076606 0.025599
v 0.090045 0.081432 0.023749
v 0.084085 0.076013 0.024926
v 0.092121 0.076758 0.018382
v 0.087434 0.068801 0.016848
v 0.092489 0.075928 0.017430
v 0.087872 0.067857 0.015790
v 0.093613 0.073399 0.014526
v 0.087952 0.067685 0.015597
v 0.095357 0.067186 0.007183
v 0.090253 0.059660 0.006280
v 0.090384 0.059203 0.005750
v 0.096818 0.050336 -0.014119
v 0.091070 0.045080 -0.012298
v 0.086146 0.036546 -0.032822
v 0.094187 0.042923 -0.030759
v 0.087089 0.036220 -0.029611
v 0.094505 0.043222 -0.029204
v 0.087750 0.036731 -0.027334
v 0.095200 0.043876 -0.025805
v 0.095363 0.044301 -0.024848
v 0.092006 0.047934 -0.041366
v 0.092564 0.044965 -0.038239
v 0.084267 0.040465 -0.039566
v 0.092910 0.044193 -0.036617
v 0.084833 0.038493 -0.037421
v 0.093259 0.043415 -0.034980
v 0.085016 0.038184 -0.036779
v 0.093525 0.043273 -0.033768
v 0.085864 0.036746 -0.033790
v 0.085940 0.036617 -0.033523
v 0.096604 0.049052 -0.016101
v 0.090501 0.042872 -0.015537
v 0.096236 0.046986 -0.019327
v 0.090051 0.041125 -0.018100
v 0.089732 0.039887 -0.019915
v 0.089394 0.039239 -0.021222
v 0.096100 0.046226 -0.020513
v 0.090713 0.043695 -0.014330
v 0.096817 0.050247 -0.014236
v 0.082805 0.047982 -0.045566
v 0.082119 0.057060 -0.049812
v 0.091748 0.053344 -0.044438
v 0.083936 0.041615 -0.040817
v 0.083747 0.042273 -0.041533
v 0.092005 0.047952 -0.041377
v 0.082889 0.047471 -0.045204
v 0.091772 0.052070 -0.043834
v 0.091761 0.052260 -0.043948
v 0.088307 0.037161 -0.025412
v 0.089974 0.057521 0.006323
v 0.086172 0.058621 0.016853
v 0.080929 0.059655 0.026755
v 0.074440 0.060846 0.036041
v 0.066901 0.062329 0.044740
v 0.080590 0.029701 0.019243
v 0.081618 0.029155 0.016793
v 0.085160 0.025239 0.003490
v 0.084616 0.026377 0.006850
v 0.084578 0.026415 0.006983
v 0.086206 0.023052 -0.002967
v 0.088956 0.036952 -0.003767
v 0.090219 0.044233 -0.004154
v 0.082179 0.028857 0.015455
v 0.071553 0.031922 0.035400
v 0.074107 0.031778 0.031810
v 0.075471 0.031452 0.029399
v 0.077242 0.031029 0.026271
v 0.078785 0.030660 0.023544
v 0.069279 0.032051 0.038596
v 0.068539 0.032093 0.039637
v 0.058436 0.064021 0.052840
v 0.061130 0.031974 0.048287
v 0.064666 0.032031 0.044159
v 0.052840 0.032122 0.056353
v 0.054636 0.032090 0.054606
v 0.056768 0.032052 0.052532
v 0.044822 0.032888 0.062693
v 0.047856 0.032598 0.060295
v 0.049033 0.065501 0.060233
v 0.121420 0.235233 -0.012365
v 0.117698 0.207225 -0.013517
v 0.117542 0.207606 -0.021843
v 0.103620 0.226771 -0.066194
v 0.104933 0.236295 -0.064488
v 0.109596 0.236441 -0.056606
v 0.105415 0.239792 -0.063861
v 0.098799 0.187453 -0.068978
v 0.101248 0.207426 -0.067564
v 0.108000 0.207725 -0.055828
v 0.102028 0.213784 -0.067114
v 0.098785 0.187342 -0.068986
v 0.105930 0.179389 -0.054307
v 0.103440 0.151375 -0.052284
v 0.096142 0.160779 -0.068027
v 0.097951 0.178962 -0.068683
v 0.092604 0.113866 -0.062838
v 0.093937 0.133969 -0.065627
v 0.094862 0.147911 -0.067562
v 0.095157 0.150870 -0.067669
v 0.097396 0.095978 -0.047547
v 0.091718 0.056895 -0.045977
v 0.091708 0.080470 -0.054442
v 0.091707 0.082684 -0.055237
v 0.092077 0.095541 -0.058371
v 0.092412 0.107176 -0.061207
v 0.101893 0.096502 -0.032510
v 0.103314 0.096872 -0.018419
v 0.109147 0.146690 -0.006931
v 0.104103 0.109206 -0.006422
v 0.103642 0.105904 -0.006282
v 0.102402 0.097020 -0.005904
v 0.115346 0.265413 -0.047293
v 0.116324 0.265357 -0.045181
v 0.113779 0.236469 -0.047853
v 0.118828 0.265212 -0.039776
v 0.117118 0.236385 -0.039040
v 0.113765 0.265505 -0.050705
v 0.110601 0.265560 -0.056339
v 0.108972 0.265588 -0.059239
v 0.111709 0.207848 -0.047305
v 0.106499 0.151575 -0.044194
v 0.108695 0.151720 -0.036183
v 0.110039 0.151799 -0.028357
v 0.110587 0.151795 -0.020814
v 0.125338 0.263328 -0.010189
v 0.124855 0.262358 -0.000430
v 0.123841 0.255563 -0.001219
v 0.117270 0.208216 -0.005057
v 0.118861 0.220185 -0.004435
v 0.125337 0.263329 -0.010201
v 0.121966 0.264795 -0.030662
v 0.119541 0.236170 -0.030191
v 0.119452 0.265129 -0.037962
v 0.119369 0.265140 -0.038204
v 0.122355 0.264743 -0.029533
v 0.122468 0.264710 -0.029017
v 0.120989 0.235797 -0.021307
v 0.124497 0.264114 -0.019755
v 0.124844 0.263790 -0.015816
v 0.114556 0.207884 -0.038767
v 0.116504 0.207813 -0.030267
v 0.114115 0.184470 -0.006291
v 0.110382 0.156077 -0.006772
v 0.109773 0.151445 -0.006851
v 0.117057 0.206608 -0.005141
v 0.083708 0.135585 -0.067100
v 0.084266 0.142505 -0.067756
v 0.086040 0.159039 -0.068356
v 0.081368 0.086814 -0.059329
v 0.081431 0.082355 -0.058041
v 0.081710 0.104152 -0.063054
v 0.081926 0.108343 -0.063693
v 0.082664 0.122656 -0.065875
v 0.083636 0.134694 -0.067016
v 0.089600 0.187548 -0.068072
v 0.089867 0.189595 -0.068023
v 0.091347 0.199578 -0.067188
v 0.093458 0.213809 -0.065998
v 0.093590 0.214693 -0.065924
v 0.102248 0.265584 -0.057291
v 0.097823 0.240607 -0.062228
v 0.097697 0.239839 -0.062337
v 0.096470 0.232327 -0.063409
v 0.096292 0.231240 -0.063564
v 0.081569 0.072703 -0.055253
v 0.082099 0.057537 -0.049986
v 0.081620 0.069089 -0.054209
v 0.086746 0.165618 -0.068595
v 0.086266 0.161141 -0.068432
v 0.014412 0.019013 -0.086038
v 0.016851 0.018275 -0.085851
v 0.025629 0.016412 -0.075152
v 0.059492 0.008267 -0.064813
v 0.066333 0.008190 -0.057726
v 0.051079 0.014018 -0.044827
v -0.031861 0.036084 0.051883
v -0.044839 0.034437 0.037077
v -0.018778 0.038919 0.066540
v -0.002767 0.035793 0.052854
v 0.010169 0.036971 0.067719
v 0.013245 0.032678 0.039168
v 0.029320 0.030269 0.025392
v 0.042243 0.031305 0.040275
v 0.058467 0.030567 0.026289
v 0.066547 0.029846 0.019341
v 0.074563 0.028400 0.012484
v 0.085455 0.017253 -0.019277
v 0.085732 0.018055 -0.016990
v 0.077213 0.019315 -0.015466
v 0.086443 0.020115 -0.011120
v 0.086280 0.022138 -0.005504
v 0.075331 0.009817 -0.045284
v 0.077429 0.010734 -0.041345
v 0.064070 0.015812 -0.030039
v 0.078938 0.011394 -0.038512
v 0.079403 0.011597 -0.037639
v 0.081892 0.013399 -0.031392
v 0.083103 0.014276 -0.028351
v 0.084783 0.016402 -0.021871
v 0.069529 0.008493 -0.053809
v 0.075259 0.009801 -0.045390
v 0.038278 0.014360 -0.059882
v 0.051907 0.009180 -0.071119
v 0.055289 0.008773 -0.068308
v 0.034345 0.013160 -0.081218
v 0.042370 0.011136 -0.077217
v 0.033246 0.013473 -0.081590
v 0.043497 0.010852 -0.076656
v 0.048989 0.009760 -0.073040
v 0.016921 0.018254 -0.085846
v 0.024932 0.015843 -0.084404
v 0.028413 0.014851 -0.083226
v -0.008672 0.024677 -0.084039
v -0.006075 0.024219 -0.084671
v -0.002812 0.024046 -0.077045
v -0.004572 0.023953 -0.085037
v 0.004182 0.021894 -0.086046
v 0.009819 0.021800 -0.061750
v 0.007773 0.020885 -0.086050
v 0.004269 0.021874 -0.086056
v -0.019559 0.026116 -0.080544
v -0.016172 0.025777 -0.081820
v -0.010828 0.025492 -0.070187
v -0.013218 0.025481 -0.082932
v -0.021803 0.026341 -0.079699
v -0.018908 0.026213 -0.063239
v -0.026063 0.026426 -0.077546
v -0.035728 0.026382 -0.072003
v -0.040217 0.026271 -0.069172
v -0.035132 0.026951 -0.049254
v -0.030467 0.026513 -0.075320
v -0.029565 0.026495 -0.075776
v -0.054168 0.026848 -0.057752
v -0.022263 0.027367 -0.034294
v -0.056493 0.027083 -0.055606
v -0.038338 0.029776 -0.020518
v -0.049242 0.026350 -0.062298
v -0.047528 0.026335 -0.063604
v -0.045160 0.026314 -0.065407
v -0.067206 0.032618 -0.021810
v -0.054350 0.032891 -0.006831
v -0.070361 0.036016 0.006854
v -0.057653 0.034633 0.022040
v -0.006166 0.025210 -0.048101
v -0.041542 0.032625 0.008214
v 0.003454 0.027983 -0.004346
v 0.006599 0.024462 -0.032994
v -0.015751 0.034076 0.038057
v -0.028690 0.032861 0.023197
v 0.016374 0.028979 0.010542
v 0.061403 0.024702 -0.002064
v 0.035320 0.019979 -0.031497
v 0.048295 0.021592 -0.016687
v 0.022503 0.020140 -0.046530
v 0.019444 0.024619 -0.018001
v 0.032390 0.025913 -0.003151
v 0.045417 0.028112 0.011585
v -0.027666 0.055102 -0.082104
v 0.014937 0.032788 -0.089413
v 0.015154 0.040009 -0.091010
v 0.004127 0.052691 -0.093009
v -0.006886 0.053385 -0.090822
v -0.017486 0.054117 -0.087118
v -0.037434 0.056459 -0.075983
v -0.046755 0.058103 -0.068874
v -0.055504 0.059620 -0.060725
v 0.025274 0.040011 -0.090063
v 0.024343 0.040567 -0.090411
v 0.025699 0.046403 -0.096392
v 0.024128 0.047349 -0.096831
v 0.038053 0.033942 -0.084835
v 0.040552 0.040190 -0.091609
v 0.041023 0.033613 -0.083461
v 0.042062 0.039991 -0.091053
v 0.043255 0.034152 -0.082451
v 0.042084 0.039995 -0.091045
v 0.054530 0.045844 -0.078039
v 0.051392 0.040654 -0.079092
v 0.052005 0.045715 -0.087654
v 0.049207 0.042575 -0.088462
v 0.050590 0.039758 -0.079403
v 0.049462 0.038497 -0.079841
v 0.047620 0.041657 -0.089018
v 0.047781 0.036620 -0.080492
v 0.046019 0.040732 -0.089579
v 0.046907 0.036064 -0.080865
v 0.044947 0.040531 -0.089978
v 0.044292 0.034403 -0.081982
v 0.044178 0.034375 -0.082034
v 0.052099 0.045821 -0.087627
v 0.054209 0.050161 -0.087330
v 0.057467 0.052811 -0.077338
v 0.054745 0.051262 -0.087254
v 0.058470 0.055729 -0.077176
v 0.026511 0.039271 -0.089600
v 0.027613 0.045250 -0.095858
v 0.029048 0.037754 -0.088652
v 0.030882 0.043282 -0.094947
v 0.032112 0.035922 -0.087506
v 0.031463 0.042932 -0.094785
v 0.036699 0.034093 -0.085461
v 0.036353 0.040990 -0.093128
v 0.037283 0.040621 -0.092813
v 0.063260 0.078882 -0.087320
v 0.065953 0.089504 -0.087542
v 0.066770 0.088235 -0.076782
v 0.066882 0.094446 -0.087799
v 0.069600 0.106217 -0.077679
v 0.069021 0.105815 -0.088391
v 0.069747 0.107651 -0.077808
v 0.069482 0.108269 -0.088519
v 0.071466 0.124454 -0.079318
v 0.072261 0.130058 -0.090377
v 0.071951 0.134035 -0.080531
v 0.072441 0.132726 -0.090692
v 0.072857 0.197388 -0.100169
v 0.071823 0.206787 -0.101976
v 0.068911 0.210193 -0.094259
v 0.068560 0.212401 -0.094785
v 0.067710 0.235430 -0.107774
v 0.067317 0.237723 -0.108257
v 0.064271 0.237940 -0.100960
v 0.066636 0.241696 -0.109095
v 0.060287 0.256898 -0.105880
v 0.061687 0.262928 -0.113952
v 0.058780 0.263139 -0.107586
v 0.065226 0.233396 -0.099781
v 0.065806 0.229744 -0.098912
v 0.070399 0.219741 -0.104465
v 0.071241 0.212081 -0.102993
v 0.061067 0.070227 -0.087140
v 0.058618 0.056239 -0.077159
v 0.055704 0.053833 -0.087215
v 0.065280 0.081445 -0.076728
v 0.063178 0.071868 -0.076653
v 0.063119 0.071665 -0.076660
v 0.070164 0.198386 -0.091717
v 0.071292 0.187753 -0.089428
v 0.073421 0.186016 -0.098223
v 0.071357 0.186524 -0.089195
v 0.073975 0.174865 -0.096314
v 0.072464 0.165793 -0.085262
v 0.073832 0.159526 -0.094063
v 0.072470 0.160364 -0.084392
v 0.073766 0.152310 -0.093005
v 0.072473 0.158386 -0.084075
v 0.073631 0.150317 -0.092769
v 0.072489 0.144689 -0.081880
v 0.071996 0.134927 -0.080644
v 0.035831 0.232639 -0.127133
v 0.044232 0.233474 -0.123458
v 0.045000 0.204980 -0.119359
v 0.028329 0.258965 -0.133557
v 0.033633 0.259663 -0.131223
v 0.056595 0.094009 -0.094822
v 0.015936 0.068432 -0.101252
v 0.016083 0.092485 -0.105790
v 0.028595 0.092992 -0.104898
v 0.042348 0.093477 -0.101456
v 0.059507 0.149565 -0.103235
v 0.068641 0.206588 -0.104691
v 0.066919 0.149956 -0.098203
v 0.060522 0.234884 -0.113458
v 0.052466 0.234217 -0.118874
v 0.050567 0.261707 -0.121635
v 0.058949 0.262627 -0.115843
v 0.035250 0.259876 -0.130512
v 0.042051 0.260772 -0.127520
v 0.042414 0.260812 -0.127268
v 0.048687 0.261500 -0.122934
v 0.018477 0.230599 -0.131523
v 0.021146 0.257939 -0.135532
v 0.027256 0.231692 -0.129835
v 0.024874 0.258489 -0.134773
v 0.026162 0.258679 -0.134510
v 0.010781 0.256410 -0.137643
v 0.013733 0.256845 -0.137042
v 0.015587 0.257119 -0.136664
v 0.028684 0.203604 -0.124746
v 0.012107 0.202296 -0.126734
v 0.010009 0.224978 -0.131274
v 0.009450 0.229308 -0.132208
v 0.006051 0.255674 -0.137895
v 0.015339 0.150732 -0.116769
v 0.015183 0.156751 -0.117903
v 0.029378 0.147881 -0.114853
v 0.029312 0.175649 -0.119781
v 0.013267 0.189764 -0.124226
v 0.012163 0.201689 -0.126613
v 0.016135 0.100988 -0.107394
v 0.016230 0.116421 -0.110305
v 0.015442 0.146790 -0.116026
v 0.044322 0.148758 -0.110770
v 0.051938 0.149166 -0.107437
v 0.044938 0.176739 -0.115143
v 0.053039 0.205561 -0.115303
v 0.060939 0.206094 -0.110390
v -0.046998 0.245081 -0.119109
v -0.047018 0.245076 -0.119094
v -0.052057 0.269362 -0.124352
v -0.091656 0.265126 -0.080175
v -0.087464 0.265811 -0.087712
v -0.078869 0.236406 -0.083685
v -0.038734 0.342386 -0.152961
v -0.030875 0.343275 -0.154655
v -0.022513 0.321540 -0.152169
v -0.069537 0.239211 -0.096910
v -0.069545 0.239208 -0.096900
v -0.077198 0.266722 -0.101583
v -0.121568 0.336425 -0.078160
v -0.122150 0.337901 -0.078136
v -0.119192 0.339269 -0.086575
v -0.078865 0.236407 -0.083691
v -0.082630 0.316836 -0.120700
v -0.073278 0.292658 -0.117845
v -0.086049 0.292713 -0.105127
v -0.095609 0.317269 -0.107684
v -0.105112 0.340379 -0.108957
v -0.092409 0.340085 -0.122039
v -0.121489 0.422765 -0.109996
v -0.117349 0.423348 -0.114139
v -0.108138 0.404283 -0.123072
v -0.052675 0.415624 -0.149585
v -0.049944 0.411496 -0.150509
v -0.063668 0.419137 -0.146705
v -0.059221 0.410244 -0.148923
v -0.064946 0.419436 -0.146253
v -0.065984 0.419680 -0.145887
v -0.075078 0.421809 -0.142679
v -0.075836 0.420258 -0.142535
v -0.075827 0.421928 -0.142336
v -0.077216 0.422149 -0.141703
v -0.094242 0.424251 -0.132921
v -0.093358 0.424170 -0.133423
v -0.090210 0.418021 -0.135680
v -0.085178 0.423413 -0.138068
v -0.107176 0.424284 -0.123421
v -0.106404 0.424327 -0.124076
v -0.102395 0.416194 -0.127607
v -0.104095 0.424457 -0.126033
v -0.094568 0.424258 -0.132693
v -0.112588 0.423981 -0.118835
v -0.102312 0.404895 -0.127810
v -0.113032 0.423956 -0.118458
v -0.116792 0.423427 -0.114696
v -0.133854 0.419307 -0.094221
v -0.133710 0.419360 -0.094432
v -0.128438 0.401407 -0.101321
v -0.129964 0.420730 -0.099904
v -0.118903 0.403027 -0.112786
v -0.126063 0.421667 -0.104550
v -0.125717 0.421750 -0.104962
v -0.136806 0.418228 -0.089909
v -0.136542 0.398965 -0.088375
v -0.140729 0.416184 -0.082632
v -0.142570 0.395171 -0.073145
v -0.142917 0.396590 -0.072781
v -0.146698 0.412044 -0.068810
v -0.146163 0.412527 -0.070356
v -0.142351 0.415338 -0.079623
v -0.140784 0.416155 -0.082531
v -0.130726 0.380529 -0.092295
v -0.121757 0.382248 -0.106133
v -0.110793 0.383075 -0.118479
v -0.098214 0.383596 -0.129474
v -0.132909 0.365175 -0.077694
v -0.130191 0.358285 -0.077806
v -0.127336 0.359907 -0.086424
v -0.129299 0.356023 -0.077842
v -0.136917 0.376935 -0.076209
v -0.137024 0.377250 -0.076170
v -0.141143 0.389336 -0.074644
v -0.059269 0.293282 -0.128855
v -0.068130 0.316878 -0.132098
v -0.077961 0.339943 -0.133588
v -0.100871 0.292263 -0.083178
v -0.106168 0.317343 -0.093219
v -0.115294 0.340028 -0.094443
v -0.096690 0.292694 -0.090885
v -0.065163 0.267749 -0.113848
v -0.100578 0.280427 -0.073899
v -0.103269 0.288986 -0.074808
v -0.095402 0.263968 -0.072151
v -0.076617 0.237190 -0.087949
v -0.104140 0.291243 -0.074968
v -0.110716 0.308291 -0.076172
v -0.120372 0.333326 -0.077941
v -0.047487 0.244965 -0.118753
v -0.058794 0.242115 -0.108688
v -0.058809 0.242111 -0.108675
v -0.063637 0.240895 -0.104378
v -0.023089 0.344177 -0.155468
v -0.012600 0.336465 -0.154184
v -0.008792 0.325613 -0.153010
v -0.002523 0.301496 -0.148367
v -0.015930 0.299571 -0.147910
v -0.006534 0.316925 -0.151337
v -0.008201 0.323341 -0.152572
v -0.037525 0.319453 -0.148330
v -0.046650 0.341580 -0.150447
v -0.007207 0.253406 -0.136624
v 0.001863 0.279057 -0.143332
v -0.010972 0.277024 -0.142554
v -0.001341 0.296950 -0.147492
v -0.001391 0.297142 -0.147529
v -0.007246 0.253399 -0.136620
v -0.010077 0.252915 -0.136348
v -0.020585 0.250837 -0.132917
v -0.030137 0.297093 -0.144278
v -0.024606 0.274342 -0.138989
v -0.020619 0.250830 -0.132906
v -0.043806 0.402217 -0.152588
v -0.040240 0.395912 -0.153360
v -0.044814 0.387881 -0.153864
v -0.067723 0.409066 -0.146566
v -0.060231 0.397953 -0.149787
v -0.075921 0.396202 -0.143919
v -0.036175 0.388725 -0.154241
v -0.028842 0.375760 -0.155830
v -0.032868 0.365895 -0.155946
v -0.024748 0.366692 -0.155818
v -0.019945 0.356052 -0.155803
v -0.017823 0.351353 -0.155796
v -0.015581 0.344962 -0.155104
v -0.096177 0.405547 -0.132268
v -0.082856 0.407087 -0.140231
v -0.090173 0.394926 -0.136059
v -0.084335 0.384256 -0.139011
v -0.088128 0.362221 -0.132855
v -0.101937 0.362187 -0.121439
v -0.113952 0.362012 -0.108569
v -0.123590 0.360999 -0.094237
v -0.053320 0.386913 -0.152217
v -0.041105 0.365014 -0.154813
v -0.061487 0.386057 -0.149820
v -0.049250 0.364212 -0.152826
v -0.069365 0.385329 -0.146766
v -0.057309 0.363527 -0.150067
v -0.073089 0.362590 -0.142552
v -0.062498 0.340403 -0.143234
v -0.052885 0.317766 -0.141478
v -0.044713 0.294823 -0.137803
v -0.038406 0.271638 -0.132834
v -0.026917 0.249585 -0.130850
v -0.086681 0.233686 -0.068892
v -0.090427 0.248146 -0.070470
v -0.090723 0.249086 -0.070570
v -0.033839 0.248039 -0.126875
v -0.033866 0.248033 -0.126860
v -0.045616 0.245409 -0.120113
v 0.001491 0.149211 -0.115607
v -0.060423 0.104177 -0.067587
v -0.068542 0.103912 -0.056768
v -0.051683 0.102429 -0.076842
v -0.042256 0.100431 -0.085002
v -0.032093 0.099107 -0.092212
v -0.021153 0.098750 -0.098366
v -0.009415 0.099211 -0.103193
v 0.003106 0.100102 -0.106329
v -0.001705 0.200282 -0.125547
v -0.015258 0.198298 -0.121947
v -0.028203 0.196707 -0.116294
v -0.040365 0.195798 -0.108965
v -0.051579 0.195680 -0.100227
v -0.061723 0.196149 -0.090160
v -0.070755 0.196554 -0.078570
v -0.075590 0.173242 -0.062793
v -0.077028 0.185324 -0.063885
v -0.011726 0.147786 -0.112139
v -0.024095 0.146955 -0.106839
v -0.035554 0.147137 -0.100125
v -0.046077 0.148474 -0.092271
v -0.055689 0.150636 -0.083332
v -0.064486 0.152621 -0.073061
v -0.082642 0.213448 -0.066797
v -0.079077 0.195588 -0.064948
v -0.070274 0.127797 -0.058705
v -0.070419 0.129800 -0.058867
v -0.073121 0.152495 -0.060918
v -0.082899 0.067963 0.011404
v -0.063536 0.056618 0.052158
v -0.066613 0.056589 0.048388
v -0.083749 0.070420 0.006621
v -0.071114 0.057257 0.041838
v -0.071909 0.057375 0.040681
v -0.072659 0.057693 0.039287
v -0.076286 0.059232 0.032552
v -0.077408 0.060157 0.029809
v -0.079200 0.061633 0.025430
v -0.079609 0.061971 0.024430
v -0.081848 0.065290 0.016748
v -0.082108 0.065675 0.015857
v -0.072855 0.100033 -0.049125
v -0.083508 0.083776 -0.015965
v -0.082146 0.088683 -0.024233
v -0.082030 0.088911 -0.024655
v -0.081392 0.090167 -0.026980
v -0.080699 0.091531 -0.029504
v -0.079662 0.093572 -0.033281
v -0.076556 0.097333 -0.041485
v -0.076300 0.097520 -0.042014
v -0.075764 0.097911 -0.043119
v -0.083999 0.072665 0.002722
v -0.084327 0.075614 -0.002401
v -0.084389 0.076170 -0.003366
v -0.083959 0.081367 -0.011944
v -0.083866 0.082485 -0.013790
v -0.057320 0.057462 0.058631
v -0.054443 0.058247 0.061052
v -0.031598 0.068184 0.074779
v -0.035639 0.065871 0.073210
v -0.039647 0.063914 0.071111
v -0.043366 0.062099 0.069162
v -0.043697 0.061970 0.068939
v -0.050547 0.059310 0.064330
v -0.052188 0.058862 0.062949
v 0.036065 0.106827 0.072271
v 0.028214 0.104307 0.075216
v 0.010445 0.095390 0.079335
v 0.008143 0.093942 0.079545
v 0.000982 0.089436 0.080201
v 0.026842 0.103699 0.075606
v 0.025685 0.103185 0.075935
v 0.019823 0.100584 0.077601
v 0.012960 0.096825 0.078922
v 0.011155 0.095837 0.079270
v -0.000450 0.088469 0.080169
v -0.004348 0.085837 0.080080
v -0.009445 0.082395 0.079964
v -0.013573 0.079608 0.079377
v -0.018492 0.076288 0.078678
v -0.018921 0.075998 0.078617
v -0.026641 0.071082 0.076587
v -0.027578 0.070484 0.076341
v 0.041630 0.134068 0.071234
v 0.041094 0.110078 0.070127
v 0.052954 0.110556 0.063601
v 0.042469 0.171629 0.072966
v 0.042187 0.159002 0.072383
v 0.055441 0.159369 0.065707
v 0.072993 0.106916 0.048355
v 0.081664 0.105508 0.039421
v 0.095822 0.105132 0.018584
v 0.121769 0.260661 0.012623
v 0.114179 0.206801 0.008553
v 0.107279 0.155163 0.006809
v 0.100706 0.105593 0.006613
v 0.094986 0.153656 0.030957
v 0.063458 0.108908 0.056389
v 0.098637 0.253186 0.050324
v 0.087174 0.250327 0.060216
v 0.082098 0.203201 0.054455
v 0.086670 0.154015 0.041306
v 0.092364 0.203266 0.044621
v 0.077309 0.155417 0.050502
v 0.066969 0.157538 0.058597
v 0.070648 0.203597 0.063008
v 0.057858 0.203791 0.070248
v 0.087163 0.250324 0.060226
v 0.082270 0.249104 0.064448
v 0.074108 0.247292 0.069302
v 0.074099 0.247290 0.069307
v 0.064319 0.245119 0.075124
v 0.108738 0.205274 0.021538
v 0.101989 0.154184 0.019449
v 0.108503 0.256047 0.037836
v 0.101339 0.203995 0.033605
v 0.113371 0.257478 0.031475
v 0.116262 0.258532 0.025477
v 0.121104 0.260296 0.015436
v 0.116274 0.258536 0.025452
v 0.121762 0.260657 0.012653
v 0.043693 0.220630 0.078880
v 0.043674 0.219832 0.078737
v 0.043240 0.202471 0.076658
v 0.042676 0.179893 0.073955
v 0.044188 0.241049 0.082533
v 0.059815 0.244209 0.076782
v 0.059819 0.244210 0.076780
v 0.108489 0.256043 0.037855
v 0.100233 0.253615 0.048645
v 0.099050 0.253297 0.049889
v 0.099036 0.253294 0.049903
v 0.112595 0.280134 0.041886
v 0.044446 0.256607 0.086284
v 0.133338 0.373572 0.025377
v 0.132964 0.375618 0.026263
v 0.131713 0.375155 0.034486
v 0.049509 0.369856 0.118200
v 0.057724 0.371201 0.115557
v 0.053825 0.390912 0.121245
v 0.044928 0.285684 0.093293
v 0.044698 0.271853 0.089959
v 0.053099 0.273270 0.087318
v 0.061126 0.274172 0.084218
v 0.061622 0.301601 0.092294
v 0.129035 0.351826 0.041162
v 0.125434 0.351262 0.048668
v 0.125739 0.328638 0.040578
v 0.086694 0.435217 0.099362
v 0.085940 0.435212 0.100100
v 0.091141 0.427083 0.096328
v 0.041101 0.426402 0.127730
v 0.040994 0.426370 0.127767
v 0.048217 0.409360 0.125405
v 0.034749 0.424467 0.129954
v 0.027571 0.422078 0.131744
v 0.029196 0.415510 0.131269
v 0.026811 0.421817 0.131901
v 0.026773 0.421804 0.131909
v 0.031977 0.406446 0.129606
v 0.053653 0.429928 0.122383
v 0.053424 0.429867 0.122491
v 0.062075 0.412126 0.119117
v 0.045870 0.427856 0.126060
v 0.056195 0.430605 0.121182
v 0.074718 0.413921 0.111248
v 0.064667 0.432444 0.116172
v 0.080792 0.425481 0.105739
v 0.066566 0.432857 0.115050
v 0.065133 0.432546 0.115897
v 0.076128 0.434377 0.108294
v 0.075990 0.434355 0.108391
v 0.075329 0.434250 0.108858
v 0.085532 0.435210 0.100500
v 0.101122 0.434516 0.083779
v 0.097751 0.434850 0.087729
v 0.100809 0.428769 0.085344
v 0.096894 0.434935 0.088733
v 0.093597 0.435263 0.092597
v 0.111717 0.431276 0.067703
v 0.109238 0.432286 0.071851
v 0.109574 0.430690 0.071999
v 0.108460 0.432603 0.073151
v 0.107296 0.433077 0.075100
v 0.115280 0.419362 0.065182
v 0.121531 0.421079 0.048112
v 0.120145 0.425347 0.050382
v 0.118057 0.427311 0.055263
v 0.114808 0.429474 0.061812
v 0.112703 0.430875 0.066055
v 0.131623 0.330212 0.026179
v 0.133815 0.331308 0.012144
v 0.131814 0.352428 0.033590
v 0.134553 0.344781 0.015710
v 0.133712 0.352999 0.025962
v 0.134725 0.347932 0.016544
v 0.134430 0.353386 0.018423
v 0.129432 0.307749 0.020285
v 0.133251 0.321009 0.009417
v 0.133459 0.324798 0.010420
v 0.125947 0.284727 0.015872
v 0.131024 0.304580 0.006345
v 0.131629 0.309043 0.007180
v 0.128213 0.283854 0.002470
v 0.128216 0.283871 0.002473
v 0.128533 0.286214 0.002911
v 0.120562 0.282510 0.028982
v 0.123887 0.305759 0.033940
v 0.116049 0.350448 0.063359
v 0.116806 0.327313 0.054867
v 0.115470 0.303836 0.047541
v 0.060147 0.349899 0.108556
v 0.051839 0.348892 0.111322
v 0.053065 0.326033 0.103540
v 0.061360 0.326769 0.100624
v 0.053417 0.300944 0.095345
v 0.044154 0.332327 0.108052
v 0.043224 0.342549 0.111486
v 0.042801 0.347194 0.113046
v 0.041125 0.365595 0.119226
v 0.044879 0.288644 0.094230
v 0.076287 0.275357 0.076011
v 0.044284 0.324540 0.105588
v 0.044408 0.317015 0.103207
v 0.044698 0.299554 0.097682
v 0.073244 0.372545 0.108032
v 0.075959 0.350567 0.100556
v 0.090754 0.350391 0.089894
v 0.077199 0.326992 0.092268
v 0.091976 0.326659 0.081332
v 0.077248 0.301900 0.083820
v 0.091682 0.301940 0.073027
v 0.090114 0.276485 0.065820
v 0.032412 0.405028 0.129346
v 0.035943 0.393522 0.127236
v 0.068725 0.392966 0.114270
v 0.087707 0.372857 0.097995
v 0.104283 0.350197 0.077281
v 0.105354 0.326639 0.068636
v 0.104577 0.302501 0.060727
v 0.102330 0.278049 0.054286
v 0.126662 0.405284 0.039714
v 0.124031 0.396891 0.052992
v 0.128660 0.399133 0.036444
v 0.128833 0.398186 0.036034
v 0.086393 0.415228 0.102016
v 0.097166 0.416425 0.091445
v 0.106906 0.417764 0.079338
v 0.133818 0.364695 0.022319
v 0.131284 0.384796 0.030236
v 0.130932 0.386718 0.031069
v 0.129433 0.374610 0.042512
v 0.127133 0.385732 0.047551
v 0.126318 0.374090 0.050320
v 0.119820 0.384737 0.062924
v 0.122448 0.373640 0.057925
v 0.112763 0.373047 0.072493
v 0.101003 0.372862 0.085984
v 0.106581 0.394998 0.081894
v 0.116378 0.395779 0.068153
v 0.082486 0.393949 0.105159
v 0.095162 0.394476 0.094277
v 0.102298 0.405756 0.086645
v 0.112085 0.406780 0.073618
v 0.120091 0.408099 0.058859
v 0.125320 0.409414 0.041910
v 0.037193 0.387057 0.125408
v 0.037254 0.386740 0.125319
v 0.040899 0.367889 0.119988
v 0.040931 0.367726 0.119942
v 0.096353 0.232331 -0.063693
v 0.070340 0.045567 -0.063007
v 0.072838 0.072188 -0.066460
v 0.078026 0.135279 -0.074012
v 0.075026 0.095492 -0.069483
v 0.078672 0.143841 -0.074986
v 0.081117 0.189790 -0.079333
v 0.088281 0.199401 -0.071595
v 0.081379 0.199022 -0.080009
v 0.082261 0.230067 -0.082280
v 0.097469 0.265441 -0.064281
v 0.097788 0.265451 -0.063815
v 0.082266 0.231581 -0.082358
v 0.082370 0.264793 -0.084064
v 0.092949 0.265306 -0.070893
v 0.118362 0.305406 -0.042528
v 0.128565 0.388992 -0.000332
v 0.128646 0.390421 0.001026
v 0.129268 0.385692 -0.000628
v 0.120218 0.425271 0.050203
v 0.122367 0.422543 0.044630
v 0.127471 0.410673 0.024783
v 0.126610 0.413322 0.028912
v 0.128370 0.406179 0.028362
v 0.125734 0.416019 0.033116
v 0.125382 0.417105 0.034808
v 0.124745 0.418252 0.036886
v 0.122384 0.422507 0.044595
v 0.132271 0.385465 0.019506
v 0.128379 0.404624 0.016733
v 0.128105 0.406450 0.019163
v 0.128859 0.394150 0.004571
v 0.128657 0.402124 0.013565
v 0.131390 0.385686 0.009313
v 0.128637 0.402910 0.014453
v 0.126938 0.372451 -0.014013
v 0.127248 0.374470 -0.012711
v 0.130634 0.365290 -0.006796
v 0.128294 0.384243 -0.004845
v 0.128374 0.385641 -0.003516
v 0.127537 0.345134 -0.020510
v 0.122516 0.344818 -0.030794
v 0.123314 0.349224 -0.028653
v 0.125788 0.364958 -0.018844
v 0.127345 0.365136 -0.015989
v 0.125320 0.361909 -0.020810
v 0.123697 0.351341 -0.027624
v 0.118936 0.325015 -0.040265
v 0.122293 0.305482 -0.034782
v 0.118900 0.324814 -0.040339
v 0.118452 0.322305 -0.041260
v 0.115405 0.305247 -0.047526
v 0.113824 0.296390 -0.050779
v 0.113499 0.294332 -0.051344
v 0.119167 0.326307 -0.039791
v 0.126908 0.325329 -0.024113
v 0.125663 0.305494 -0.026943
v 0.123980 0.285381 -0.029111
v 0.127819 0.284840 -0.013684
v 0.133473 0.325149 0.001345
v 0.131345 0.305007 -0.002581
v 0.133174 0.345258 -0.002902
v 0.132192 0.325323 -0.007337
v 0.130315 0.305273 -0.010886
v 0.134241 0.365163 0.012197
v 0.134545 0.345122 0.006211
v 0.132993 0.365313 0.002583
v 0.125170 0.417330 0.034624
v 0.124593 0.418404 0.036692
v 0.124207 0.419120 0.038072
v 0.126154 0.413634 0.028529
v 0.126542 0.412175 0.026124
v 0.126491 0.389642 -0.000980
v 0.126820 0.393073 0.002374
v 0.127133 0.396334 0.005562
v 0.127281 0.402617 0.012987
v 0.127305 0.403643 0.014199
v 0.127332 0.404791 0.015555
v 0.127090 0.407515 0.019387
v 0.126741 0.411428 0.024892
v 0.126274 0.387380 -0.003191
v 0.126150 0.386089 -0.004452
v 0.124606 0.375619 -0.013124
v 0.124551 0.375315 -0.013367
v 0.113303 0.319766 -0.041915
v 0.113943 0.322605 -0.040759
v 0.122942 0.366074 -0.019791
v 0.122974 0.366253 -0.019691
v 0.123067 0.366783 -0.019320
v 0.122357 0.362888 -0.021584
v 0.120384 0.352123 -0.027639
v 0.119893 0.349799 -0.028758
v 0.119155 0.346304 -0.030440
v 0.117245 0.337257 -0.034794
v 0.115211 0.328233 -0.038468
v 0.110273 0.306001 -0.046522
v 0.109127 0.300797 -0.048264
v 0.107839 0.294404 -0.050007
v 0.105650 0.283548 -0.052967
v 0.104997 0.280308 -0.053851
v 0.109660 0.448726 0.056696
v 0.109844 0.448317 0.056585
v 0.111971 0.449851 0.045105
v 0.108793 0.450783 -0.001324
v 0.111350 0.451080 0.010290
v 0.115543 0.440360 0.008102
v 0.097747 0.473393 0.008427
v 0.095565 0.477027 0.014308
v 0.100792 0.470259 0.013436
v 0.083907 0.490541 0.038024
v 0.083777 0.490661 0.038248
v 0.087568 0.487260 0.038125
v 0.081092 0.493122 0.042859
v 0.075876 0.495787 0.049552
v 0.086109 0.486553 0.049484
v 0.105211 0.450319 -0.012893
v 0.101081 0.449807 -0.023512
v 0.101067 0.450149 -0.023227
v 0.100848 0.454388 -0.018726
v 0.100714 0.456985 -0.015967
v 0.100428 0.460661 -0.011000
v 0.111165 0.428565 -0.017800
v 0.106353 0.428267 -0.028450
v 0.101138 0.448485 -0.024613
v 0.113473 0.428708 -0.012693
v 0.111398 0.428580 -0.017284
v 0.108837 0.439919 -0.014968
v 0.101485 0.427966 -0.039224
v 0.101559 0.430661 -0.037559
v 0.103506 0.428091 -0.034752
v 0.101406 0.442264 -0.029795
v 0.101373 0.443032 -0.029155
v 0.073009 0.497252 0.053233
v 0.074280 0.493900 0.060850
v 0.067371 0.500133 0.060468
v 0.067193 0.500197 0.060671
v 0.082831 0.486303 0.061067
v 0.083343 0.485848 0.061080
v 0.087475 0.487270 0.031895
v 0.101467 0.470204 0.036565
v 0.090606 0.484400 0.026517
v 0.092270 0.482515 0.023190
v 0.101695 0.470404 0.024977
v 0.091790 0.483314 0.024482
v 0.100199 0.463615 -0.007009
v 0.098839 0.469216 0.001828
v 0.098684 0.469856 0.002838
v 0.097879 0.473174 0.008072
v 0.119331 0.428641 0.007967
v 0.118624 0.428649 0.005473
v 0.116898 0.428669 -0.000612
v 0.097549 0.468811 0.060122
v 0.097876 0.468279 0.060035
v 0.100148 0.469540 0.048237
v 0.103506 0.459116 0.058540
v 0.109036 0.450118 0.057072
v 0.112964 0.450739 0.033521
v 0.112764 0.451107 0.021912
v 0.114780 0.437311 0.053613
v 0.121034 0.425975 0.045968
v 0.122084 0.427693 0.029261
v 0.121969 0.427739 0.028292
v 0.117841 0.439691 0.031195
v 0.121613 0.427883 0.025272
v 0.117293 0.440213 0.019670
v 0.121272 0.426365 0.042177
v 0.121442 0.426643 0.039473
v 0.121800 0.427230 0.033769
v 0.083712 0.485405 0.061055
v 0.090123 0.477716 0.060622
v 0.097406 0.468983 0.060132
v 0.120628 0.428281 0.016914
v 0.120597 0.428293 0.016646
v 0.119747 0.428636 0.009434
v 0.074109 0.264269 -0.092954
v 0.074055 0.198600 -0.088056
v 0.064581 0.263583 -0.102237
v 0.064996 0.263614 -0.101855
v 0.070876 0.264064 -0.096433
v 0.054088 0.280671 -0.112599
v 0.059519 0.270828 -0.115870
v 0.052367 0.287100 -0.114438
v 0.053221 0.290960 -0.121132
v 0.051035 0.291215 -0.115742
v 0.053046 0.291519 -0.121278
v 0.047392 0.302467 -0.119307
v 0.049285 0.301564 -0.124162
v 0.046133 0.306355 -0.120538
v 0.045738 0.311037 -0.126882
v 0.041366 0.318505 -0.124696
v 0.013149 0.368051 -0.144733
v 0.013363 0.369059 -0.142020
v 0.014500 0.366224 -0.144166
v 0.016906 0.364598 -0.140439
v 0.019800 0.359057 -0.141942
v 0.042618 0.318050 -0.129032
v 0.041586 0.320369 -0.129742
v 0.039207 0.324009 -0.126580
v 0.041466 0.320639 -0.129825
v 0.039138 0.324155 -0.126631
v 0.038371 0.327594 -0.131957
v 0.031590 0.340143 -0.132237
v 0.031964 0.339765 -0.135819
v 0.030916 0.341354 -0.132647
v 0.030569 0.342414 -0.136659
v 0.029069 0.344669 -0.133770
v 0.029598 0.343973 -0.137157
v 0.023602 0.354484 -0.137093
v 0.022350 0.355609 -0.140872
v 0.021783 0.357231 -0.138002
v 0.021848 0.356288 -0.141083
v 0.019915 0.360053 -0.138935
v 0.019334 0.360931 -0.139226
v -0.038332 0.409066 -0.151787
v -0.046494 0.413006 -0.150810
v -0.044390 0.412126 -0.151117
v -0.039624 0.409909 -0.151491
v -0.038172 0.409233 -0.151604
v -0.035733 0.407812 -0.152098
v -0.034507 0.407527 -0.151891
v -0.034353 0.407025 -0.152128
v -0.029942 0.404510 -0.152224
v -0.029644 0.404870 -0.151745
v -0.025125 0.401763 -0.152328
v -0.027136 0.403500 -0.151669
v -0.024865 0.402259 -0.151601
v -0.019739 0.398138 -0.151941
v -0.020197 0.399223 -0.151005
v -0.017231 0.396449 -0.151760
v -0.014848 0.395745 -0.150322
v -0.015084 0.395004 -0.151606
v -0.013944 0.394094 -0.151421
v -0.013554 0.394731 -0.150046
v -0.005009 0.386964 -0.149972
v 0.004188 0.379316 -0.145504
v 0.004215 0.378193 -0.147684
v 0.002992 0.380447 -0.145855
v 0.003745 0.378639 -0.147801
v 0.000734 0.382580 -0.146518
v 0.000427 0.381794 -0.148624
v -0.002713 0.385836 -0.147530
v -0.000988 0.383140 -0.148975
v -0.005190 0.388176 -0.148256
v -0.007521 0.390003 -0.148755
v -0.009995 0.357048 -0.154695
v 0.022835 0.299491 -0.141108
v 0.015119 0.298792 -0.144177
v 0.010922 0.318500 -0.147655
v 0.000966 0.378473 -0.149084
v 0.022307 0.339213 -0.142269
v 0.008240 0.358403 -0.148415
v 0.016851 0.358919 -0.143840
v -0.008547 0.377813 -0.152605
v -0.028796 0.397337 -0.153491
v -0.052485 0.415554 -0.149627
v -0.046532 0.413040 -0.150800
v 0.007075 0.298015 -0.146370
v 0.047051 0.281615 -0.125670
v 0.044633 0.301258 -0.127839
v 0.026727 0.319692 -0.140030
v 0.002539 0.317782 -0.150156
v -0.003072 0.337379 -0.153023
v 0.030295 0.300128 -0.137291
v 0.033157 0.280271 -0.134200
v -0.018480 0.376983 -0.154924
v -0.000684 0.357792 -0.152092
v 0.005726 0.338088 -0.150369
v -0.059700 0.478349 -0.119227
v -0.048296 0.479616 -0.119081
v -0.046185 0.470994 -0.125714
v -0.002838 0.421961 -0.139411
v -0.008716 0.421451 -0.141693
v -0.012291 0.433168 -0.139812
v 0.022787 0.438109 -0.120552
v 0.025294 0.434959 -0.120134
v 0.009546 0.434333 -0.129855
v -0.037418 0.477948 -0.120095
v -0.036290 0.477350 -0.120332
v -0.032431 0.462858 -0.130218
v -0.000718 0.457937 -0.123778
v 0.003365 0.455400 -0.123304
v 0.003604 0.454584 -0.123646
v -0.032618 0.475404 -0.121105
v -0.023096 0.470358 -0.123108
v -0.021153 0.463398 -0.127663
v -0.019208 0.468297 -0.123926
v -0.016805 0.466951 -0.123906
v -0.049119 0.483153 -0.115524
v -0.048881 0.483047 -0.115616
v -0.042119 0.480039 -0.118258
v -0.043905 0.462024 -0.131642
v -0.056209 0.486307 -0.112754
v -0.061740 0.488139 -0.109724
v -0.071585 0.477573 -0.117478
v -0.073007 0.485638 -0.109463
v -0.074171 0.492243 -0.102898
v -0.073941 0.492182 -0.103041
v -0.065841 0.489498 -0.107478
v 0.025469 0.434739 -0.120105
v 0.033014 0.424114 -0.118450
v 0.028987 0.423917 -0.121262
v 0.022307 0.423590 -0.125926
v 0.003693 0.455196 -0.123266
v 0.011461 0.449426 -0.122221
v 0.006467 0.444764 -0.127148
v 0.012126 0.448931 -0.122132
v 0.015886 0.445555 -0.121591
v 0.016363 0.445040 -0.121519
v 0.022337 0.438595 -0.120619
v -0.064781 0.449688 -0.136140
v -0.055599 0.460777 -0.131975
v -0.061503 0.439064 -0.141302
v -0.049832 0.440748 -0.142113
v -0.044434 0.417012 -0.149413
v -0.057339 0.427670 -0.145576
v -0.060531 0.435912 -0.142833
v -0.061372 0.438639 -0.141508
v -0.026860 0.443251 -0.139644
v -0.023459 0.432294 -0.143191
v -0.034742 0.431106 -0.145356
v -0.030734 0.419089 -0.148126
v -0.038283 0.442230 -0.141484
v -0.041747 0.417464 -0.149357
v -0.035894 0.418450 -0.149235
v -0.036096 0.418416 -0.149240
v -0.010936 0.463662 -0.123860
v -0.018499 0.453959 -0.132501
v -0.015580 0.443939 -0.136579
v 0.013218 0.423039 -0.131056
v 0.012725 0.423009 -0.131334
v 0.001177 0.422309 -0.137852
v -0.069695 0.468778 -0.124245
v -0.071255 0.475699 -0.119341
v -0.071419 0.476630 -0.118416
v -0.067044 0.457022 -0.132576
v -0.067468 0.458901 -0.131245
v -0.067632 0.459630 -0.130729
v -0.069492 0.467882 -0.124881
v -0.018530 0.420600 -0.145503
v -0.019338 0.420500 -0.145677
v -0.019599 0.420468 -0.145733
v -0.017356 0.467112 -0.122353
v -0.032986 0.475520 -0.119264
v -0.032934 0.475523 -0.119583
v -0.040439 0.479174 -0.117185
v -0.007731 0.461605 -0.120958
v -0.002297 0.458546 -0.120430
v -0.001512 0.458243 -0.122094
v -0.017658 0.467186 -0.121225
v -0.014579 0.465457 -0.121325
v -0.012270 0.464161 -0.121400
v -0.032907 0.475482 -0.119286
v -0.026232 0.471897 -0.120390
v -0.022032 0.469641 -0.121084
v -0.048976 0.483121 -0.114466
v -0.044343 0.481088 -0.116096
v -0.042502 0.480185 -0.116609
v -0.055378 0.485937 -0.112766
v -0.062616 0.488625 -0.109131
v -0.057812 0.486763 -0.111096
v -0.053235 0.484990 -0.112967
v -0.065875 0.489685 -0.107450
v -0.071257 0.491435 -0.104675
v -0.072255 0.491713 -0.104067
v -0.149445 0.444145 -0.055017
v -0.148872 0.450199 -0.051441
v -0.142930 0.454617 -0.065643
v -0.071692 0.441489 -0.138477
v -0.074164 0.451853 -0.133444
v -0.068651 0.430639 -0.142759
v -0.148314 0.422535 -0.065024
v -0.148757 0.430995 -0.061106
v -0.142955 0.435309 -0.075535
v -0.147252 0.415574 -0.067547
v -0.146785 0.412514 -0.068656
v -0.135726 0.438725 -0.087351
v -0.127703 0.441236 -0.097780
v -0.118904 0.442945 -0.107423
v -0.107978 0.433987 -0.120879
v -0.108854 0.443956 -0.116757
v -0.095294 0.434059 -0.130158
v -0.078705 0.432494 -0.138942
v -0.076162 0.461644 -0.127676
v -0.085134 0.472162 -0.117251
v -0.085997 0.480796 -0.110031
v -0.084242 0.494789 -0.096383
v -0.086677 0.488818 -0.102118
v -0.097525 0.497335 -0.086731
v -0.093625 0.496795 -0.089790
v -0.098111 0.482464 -0.101585
v -0.087093 0.495399 -0.094380
v -0.085703 0.495101 -0.095357
v -0.098706 0.497498 -0.085806
v -0.108430 0.482942 -0.092901
v -0.102384 0.498007 -0.082920
v -0.117508 0.482344 -0.084032
v -0.110952 0.498469 -0.074921
v -0.106581 0.498234 -0.079002
v -0.122336 0.497469 -0.061177
v -0.121856 0.497551 -0.061829
v -0.125792 0.480654 -0.074732
v -0.118528 0.498118 -0.066354
v -0.114787 0.498292 -0.070584
v -0.125369 0.496951 -0.057051
v -0.133515 0.477835 -0.064591
v -0.129311 0.495658 -0.050652
v -0.131585 0.494912 -0.046961
v -0.140604 0.474081 -0.053047
v -0.133055 0.494255 -0.044305
v -0.141565 0.488595 -0.026224
v -0.140144 0.489746 -0.029548
v -0.145593 0.472793 -0.037306
v -0.138644 0.490961 -0.033058
v -0.135700 0.492696 -0.038981
v -0.148595 0.453113 -0.049719
v -0.147404 0.465688 -0.042289
v -0.146277 0.470109 -0.039189
v -0.148924 0.434198 -0.059624
v -0.135595 0.458544 -0.077222
v -0.127594 0.461434 -0.087397
v -0.118945 0.463263 -0.096845
v -0.109263 0.464170 -0.106020
v -0.096571 0.444152 -0.125986
v -0.097383 0.454264 -0.120940
v -0.097861 0.464162 -0.115108
v -0.084049 0.462929 -0.123798
v -0.082679 0.453160 -0.129635
v -0.080937 0.442964 -0.134698
v -0.152826 0.410168 -0.047464
v -0.132269 0.409738 0.070066
v -0.132650 0.425918 0.070882
v -0.142028 0.426721 0.055163
v -0.079510 0.149422 0.025537
v -0.077079 0.276594 0.053165
v -0.079952 0.288589 0.055065
v -0.089782 0.287990 0.041882
v -0.110732 0.372345 0.077595
v -0.113593 0.380174 0.079686
v -0.125342 0.379736 0.064508
v -0.121189 0.441877 0.083250
v -0.120976 0.443530 0.082986
v -0.130862 0.443435 0.070320
v -0.146209 0.466382 0.029518
v -0.146350 0.466566 0.028978
v -0.151302 0.449485 0.025218
v -0.106225 0.282090 -0.057197
v -0.115978 0.308864 -0.058682
v -0.125676 0.332638 -0.059111
v -0.134695 0.354050 -0.058316
v -0.142494 0.373723 -0.056168
v -0.148643 0.392245 -0.052573
v -0.149012 0.469066 -0.029914
v -0.144133 0.485784 -0.018912
v -0.151341 0.465434 -0.022246
v -0.147514 0.480590 -0.006130
v -0.147191 0.481143 -0.007471
v -0.146782 0.481845 -0.009174
v -0.146143 0.482941 -0.011830
v -0.145103 0.484723 -0.016151
v -0.153915 0.459006 -0.006579
v -0.153843 0.453692 0.009325
v -0.148537 0.471646 0.015453
v -0.148800 0.475583 0.005799
v -0.148716 0.476350 0.003962
v -0.148473 0.477208 0.001921
v -0.146990 0.467403 0.026530
v -0.148174 0.470464 0.018503
v -0.148518 0.471353 0.016172
v -0.146485 0.446380 0.040852
v -0.142190 0.462209 0.042545
v -0.143703 0.463305 0.038662
v -0.144273 0.463853 0.036917
v -0.129000 0.456919 0.068215
v -0.139600 0.444366 0.055972
v -0.134906 0.458302 0.058549
v -0.135371 0.458507 0.057614
v -0.136156 0.458854 0.056036
v -0.139754 0.460444 0.048801
v -0.119302 0.456553 0.080906
v -0.122586 0.456462 0.076956
v -0.127867 0.456838 0.069760
v -0.128314 0.456870 0.069150
v -0.120784 0.407862 0.084554
v -0.120989 0.409998 0.084628
v -0.121814 0.418574 0.084924
v -0.121903 0.426099 0.084635
v -0.121948 0.429842 0.084491
v -0.115471 0.385313 0.081059
v -0.118145 0.394870 0.082906
v -0.129762 0.394518 0.067885
v -0.118806 0.397230 0.083362
v -0.107713 0.365251 0.075330
v -0.119366 0.364757 0.060222
v -0.099922 0.346950 0.069487
v -0.104646 0.331284 0.050457
v -0.086465 0.311747 0.059568
v -0.092425 0.328568 0.063901
v -0.093742 0.331799 0.064882
v -0.074276 0.261476 0.051478
v -0.073114 0.255208 0.050779
v -0.083538 0.260834 0.038973
v -0.069956 0.231953 0.049180
v -0.078568 0.229191 0.037319
v -0.069763 0.229894 0.049113
v -0.067521 0.206021 0.048337
v -0.075037 0.192620 0.037006
v -0.066769 0.193356 0.048303
v -0.063759 0.077436 0.051338
v -0.064610 0.141069 0.048979
v -0.072886 0.150861 0.037942
v -0.064954 0.151643 0.048763
v -0.065758 0.176321 0.048257
v -0.084655 0.096687 0.001291
v -0.084349 0.092789 -0.012690
v -0.086385 0.141389 -0.016003
v -0.083749 0.137482 -0.030446
v -0.078405 0.132955 -0.044765
v -0.142084 0.410400 0.053393
v -0.149344 0.428553 0.038494
v -0.139834 0.395016 0.050647
v -0.149691 0.412016 0.035644
v -0.154402 0.431422 0.021141
v -0.135501 0.380047 0.047057
v -0.147611 0.396368 0.032255
v -0.154905 0.414592 0.017087
v -0.157025 0.435331 0.003363
v -0.086447 0.144682 -0.001689
v -0.084096 0.147360 0.012242
v -0.089645 0.187356 -0.004096
v -0.086954 0.189601 0.010322
v -0.094511 0.224826 -0.005659
v -0.091389 0.226642 0.009393
v -0.100986 0.257404 -0.006224
v -0.097384 0.258773 0.009595
v -0.108772 0.285561 -0.005741
v -0.104688 0.286449 0.010931
v -0.117399 0.309887 -0.004250
v -0.112877 0.310261 0.013293
v -0.126300 0.331054 -0.001863
v -0.082024 0.191356 0.024112
v -0.086018 0.228096 0.023812
v -0.091514 0.259913 0.024755
v -0.098305 0.287255 0.026899
v -0.097067 0.251681 -0.054856
v -0.089111 0.217033 -0.051871
v -0.082819 0.177604 -0.048449
v -0.154403 0.446268 -0.032430
v -0.154812 0.428011 -0.040780
v -0.081401 0.294640 0.056024
v -0.096968 0.311244 0.045820
v -0.106016 0.310708 0.030076
v -0.114151 0.330958 0.034021
v -0.121420 0.330887 0.016489
v -0.129450 0.364864 0.042870
v -0.137216 0.365552 0.024340
v -0.143333 0.381087 0.028422
v -0.148672 0.382849 0.008873
v -0.152920 0.398574 0.012981
v -0.155615 0.401624 -0.006907
v -0.157567 0.418124 -0.002012
v -0.157560 0.422603 -0.021388
v -0.157063 0.440282 -0.014579
v -0.155599 0.405499 -0.027143
v -0.151385 0.385317 -0.011319
v -0.142504 0.366810 0.004902
v -0.087696 0.181372 -0.033745
v -0.089937 0.184617 -0.018874
v -0.093464 0.220047 -0.036561
v -0.095239 0.222635 -0.021069
v -0.100900 0.253894 -0.038721
v -0.102189 0.255788 -0.022422
v -0.109598 0.283424 -0.040076
v -0.110436 0.284565 -0.022835
v -0.118999 0.309236 -0.040506
v -0.119464 0.309559 -0.022274
v -0.128473 0.331978 -0.039928
v -0.128675 0.331432 -0.020759
v -0.137395 0.352323 -0.038301
v -0.137446 0.350883 -0.018358
v -0.145193 0.370937 -0.035616
v -0.145188 0.368617 -0.015172
v -0.151385 0.388462 -0.031888
v -0.067256 0.473050 0.116400
v -0.072420 0.470728 0.114501
v -0.068607 0.454139 0.120901
v -0.031456 0.150322 0.073150
v 0.026400 0.138850 0.076496
v 0.011253 0.142826 0.079474
v -0.004233 0.097296 0.080007
v -0.018281 0.100421 0.078089
v -0.044023 0.151418 0.066599
v -0.055383 0.151845 0.058195
v -0.056778 0.193648 0.058133
v -0.059361 0.230272 0.059544
v -0.063241 0.261976 0.062459
v -0.068331 0.289197 0.066702
v -0.074389 0.312515 0.071945
v -0.081056 0.332611 0.077753
v -0.094462 0.366159 0.089038
v -0.100289 0.381146 0.093496
v -0.104982 0.395912 0.096557
v -0.108235 0.411090 0.097876
v -0.109873 0.427200 0.097236
v -0.109899 0.444614 0.094576
v -0.109532 0.457893 0.090932
v -0.111800 0.457407 0.088893
v -0.097293 0.461047 0.100998
v -0.098680 0.460635 0.099953
v -0.097042 0.446761 0.105215
v -0.103731 0.459137 0.096149
v -0.108983 0.458011 0.091426
v -0.083203 0.449940 0.114074
v -0.085743 0.465084 0.108444
v -0.095018 0.461722 0.102711
v -0.072929 0.470500 0.114314
v -0.076234 0.469014 0.113099
v -0.085039 0.465375 0.108789
v -0.062589 0.475256 0.117541
v -0.053474 0.459340 0.125456
v -0.059605 0.476667 0.118270
v -0.038025 0.465528 0.127511
v -0.047522 0.482467 0.119956
v -0.057391 0.477714 0.118812
v -0.036008 0.487912 0.119730
v -0.022477 0.472686 0.126854
v -0.035439 0.488165 0.119646
v -0.032853 0.489314 0.119263
v -0.037319 0.487305 0.119835
v -0.037535 0.487204 0.119853
v -0.046507 0.482948 0.119946
v -0.007114 0.480584 0.122924
v -0.018236 0.495534 0.116477
v -0.014733 0.476623 0.125450
v -0.025408 0.492621 0.118162
v -0.025704 0.492489 0.118206
v 0.007486 0.458952 0.129455
v 0.005658 0.461791 0.128764
v -0.011939 0.454285 0.132405
v -0.002107 0.473853 0.125827
v -0.005177 0.477980 0.124047
v 0.022299 0.432117 0.132379
v 0.017960 0.440354 0.131787
v -0.002870 0.436562 0.135021
v 0.016306 0.443494 0.131561
v 0.011210 0.453168 0.130864
v 0.026679 0.422036 0.131928
v 0.004882 0.419043 0.135008
v 0.026585 0.422268 0.131946
v 0.025274 0.425281 0.132079
v 0.011402 0.401250 0.132604
v 0.016742 0.382683 0.128073
v 0.020949 0.362808 0.121768
v 0.024080 0.341064 0.114160
v 0.026214 0.316864 0.105838
v 0.027457 0.289611 0.097476
v 0.027941 0.258714 0.089783
v 0.027818 0.223611 0.083419
v 0.027251 0.183796 0.078904
v -0.043274 0.372393 0.119716
v -0.061649 0.369803 0.111775
v -0.032506 0.336332 0.106662
v -0.049920 0.334910 0.099219
v -0.027830 0.314926 0.099386
v -0.044523 0.314106 0.092382
v -0.023928 0.290334 0.092427
v -0.039849 0.290097 0.085953
v -0.020961 0.261906 0.086369
v -0.036133 0.262219 0.080466
v -0.019009 0.229074 0.081700
v -0.033515 0.229898 0.076357
v -0.018043 0.191384 0.078751
v -0.032005 0.192692 0.073901
v -0.017904 0.148538 0.077619
v -0.044996 0.193439 0.066956
v -0.047048 0.230288 0.068902
v -0.050311 0.262231 0.072429
v -0.054735 0.289706 0.077313
v -0.060127 0.313290 0.083172
v -0.066186 0.333657 0.089519
v -0.078794 0.367714 0.101484
v -0.093224 0.413149 0.109928
v -0.095749 0.429325 0.108711
v -0.076873 0.416114 0.119898
v -0.080434 0.432430 0.118228
v -0.059421 0.419964 0.127566
v -0.064162 0.436499 0.125553
v -0.041107 0.424677 0.132738
v -0.047166 0.441513 0.130475
v -0.022175 0.430221 0.135258
v -0.029680 0.447450 0.132808
v -0.084544 0.382915 0.106018
v -0.089442 0.397851 0.108953
v -0.067323 0.385364 0.116371
v -0.072469 0.400596 0.119199
v -0.048870 0.388465 0.124350
v -0.054304 0.404123 0.127084
v -0.029431 0.392179 0.129787
v -0.035192 0.408400 0.132428
v -0.009257 0.396460 0.132560
v -0.015379 0.413389 0.135096
v -0.003592 0.146047 0.079792
v -0.003351 0.189488 0.081309
v 0.011828 0.186971 0.081406
v -0.003783 0.227780 0.084750
v 0.011909 0.225975 0.085359
v -0.005054 0.261253 0.089968
v 0.011332 0.260208 0.091135
v -0.007232 0.290371 0.096576
v 0.009982 0.290152 0.098282
v -0.010306 0.315700 0.104027
v 0.007794 0.316370 0.106198
v -0.014198 0.337873 0.111696
v 0.004747 0.339474 0.114213
v -0.018786 0.357560 0.118937
v 0.000859 0.360102 0.121665
v -0.003827 0.378892 0.127950
v -0.023916 0.375440 0.125145
v 0.045424 0.448895 0.122243
v 0.105022 0.442819 0.073637
v 0.057873 0.503143 0.070786
v 0.056731 0.503503 0.072025
v 0.064830 0.497280 0.073115
v 0.032857 0.445179 0.127882
v 0.022175 0.463863 0.125374
v 0.009154 0.482441 0.120202
v 0.003265 0.502463 0.109287
v -0.004982 0.500097 0.112334
v -0.007227 0.499453 0.113164
v -0.009588 0.498612 0.113874
v 0.003491 0.502528 0.109203
v 0.021415 0.486488 0.114641
v 0.007352 0.503354 0.107485
v 0.013874 0.504748 0.104582
v 0.032427 0.489494 0.108304
v 0.018693 0.505427 0.102017
v 0.042746 0.491299 0.101356
v 0.022805 0.506007 0.099829
v 0.019415 0.505529 0.101633
v 0.052808 0.491954 0.093622
v 0.038581 0.506422 0.088954
v 0.033813 0.506561 0.092623
v 0.032392 0.506603 0.093716
v 0.029051 0.506395 0.095846
v 0.062921 0.491466 0.084693
v 0.046459 0.505655 0.082159
v 0.041384 0.506339 0.086797
v 0.055169 0.503997 0.073721
v 0.050057 0.505170 0.078871
v 0.047564 0.505506 0.081149
v 0.073119 0.489691 0.074020
v 0.080781 0.481446 0.074680
v 0.099338 0.461580 0.067285
v 0.105162 0.451415 0.066139
v 0.110352 0.440698 0.064352
v 0.093845 0.444689 0.088684
v 0.082827 0.444712 0.099892
v 0.067512 0.453411 0.108263
v 0.056780 0.451593 0.115671
v 0.094268 0.463081 0.075082
v 0.077178 0.473965 0.087395
v 0.087841 0.472557 0.075058
v 0.092887 0.471112 0.067890
v 0.100007 0.453120 0.074652
v 0.083476 0.464405 0.088306
v 0.066532 0.474016 0.097361
v 0.078154 0.454455 0.099614
v 0.089057 0.454573 0.088787
v 0.034499 0.468069 0.119567
v 0.045583 0.471132 0.112959
v 0.056094 0.473066 0.105664
v 0.083488 0.489956 0.036715
v 0.082773 0.490565 0.037946
v 0.079955 0.493539 0.043847
v 0.079511 0.493346 0.043566
v 0.077940 0.494399 0.045978
v 0.073354 0.497473 0.053021
v 0.073133 0.497571 0.053295
v 0.068601 0.499586 0.058936
v 0.090505 0.482468 0.023245
v 0.085909 0.487380 0.032013
v 0.086967 0.486255 0.029959
v 0.088663 0.484451 0.026666
v 0.095920 0.473485 0.008716
v 0.094803 0.473520 0.008854
v 0.094399 0.474905 0.011031
v 0.092478 0.478592 0.016948
v 0.091382 0.480695 0.020323
v 0.090130 0.482424 0.023244
v 0.096631 0.464112 -0.005963
v 0.096282 0.467490 -0.000629
v 0.098404 0.463865 -0.006483
v 0.096127 0.468988 0.001736
v 0.095341 0.471680 0.005964
v 0.126657 0.407697 0.015860
v 0.116011 0.346099 -0.036470
v 0.100690 0.417219 -0.045815
v 0.106300 0.406845 -0.040310
v 0.100060 0.413090 -0.048483
v 0.099782 0.411274 -0.049656
v 0.107745 0.386011 -0.044248
v 0.098445 0.405837 -0.053558
v 0.098515 0.406122 -0.053353
v 0.091331 0.392095 -0.067179
v 0.098642 0.385155 -0.058463
v 0.088114 0.389435 -0.071827
v 0.088481 0.384236 -0.072268
v 0.088085 0.389411 -0.071868
v 0.092505 0.393657 -0.065242
v 0.094565 0.396395 -0.061845
v 0.095847 0.398750 -0.059455
v 0.096014 0.399177 -0.059090
v 0.097382 0.402661 -0.056104
v 0.098137 0.404583 -0.054458
v 0.082642 0.386565 -0.079078
v 0.082963 0.386715 -0.078659
v 0.087225 0.388700 -0.073111
v 0.077444 0.383297 -0.085547
v 0.077258 0.385574 -0.085498
v 0.080105 0.344361 -0.085959
v 0.079047 0.363128 -0.085948
v 0.099399 0.364807 -0.060400
v 0.078957 0.364728 -0.085947
v 0.099105 0.305422 -0.063287
v 0.080140 0.343391 -0.085943
v 0.099612 0.344836 -0.061716
v 0.081553 0.304893 -0.085305
v 0.081563 0.304410 -0.085290
v 0.106881 0.305846 -0.052002
v 0.116224 0.366271 -0.033504
v 0.122215 0.387231 -0.014719
v 0.122940 0.366779 -0.019645
v 0.122894 0.407972 -0.000391
v 0.125010 0.407903 0.007755
v 0.108339 0.365591 -0.047100
v 0.115630 0.386733 -0.029653
v 0.114091 0.407522 -0.024597
v 0.120357 0.407920 -0.008521
v 0.096728 0.444334 -0.028037
v 0.096784 0.447354 -0.025555
v 0.096784 0.458917 -0.013202
v 0.096813 0.457910 -0.014607
v 0.096840 0.455296 -0.017672
v 0.096848 0.454566 -0.018528
v 0.096828 0.452390 -0.020648
v 0.096279 0.429760 -0.037924
v 0.096520 0.434121 -0.035190
v 0.096652 0.440570 -0.030673
v 0.096669 0.441411 -0.030084
v 0.096727 0.444276 -0.028077
v 0.062332 0.303353 -0.105836
v 0.036348 0.341617 -0.128647
v 0.019741 0.360973 -0.139054
v -0.030059 0.408623 -0.151061
v -0.013939 0.410449 -0.146698
v -0.009007 0.400363 -0.147313
v -0.004504 0.390280 -0.147587
v 0.013785 0.381130 -0.140180
v 0.032479 0.361559 -0.130403
v 0.058959 0.342549 -0.108753
v 0.047824 0.342106 -0.119155
v 0.052296 0.302775 -0.115161
v 0.065867 0.382964 -0.098433
v 0.069744 0.342972 -0.097626
v 0.065781 0.387742 -0.097833
v 0.065354 0.387974 -0.098230
v 0.065179 0.388069 -0.098393
v 0.066844 0.387308 -0.096782
v 0.071523 0.386020 -0.091913
v 0.072077 0.385867 -0.091336
v 0.054376 0.395600 -0.107767
v 0.053667 0.382625 -0.110503
v 0.053387 0.396674 -0.108449
v 0.050311 0.400015 -0.110570
v 0.055642 0.394424 -0.106795
v 0.059244 0.391622 -0.103792
v 0.060624 0.390548 -0.102641
v 0.049011 0.401427 -0.111466
v 0.040908 0.382250 -0.121583
v 0.047904 0.402879 -0.112080
v 0.035806 0.402878 -0.121877
v 0.034775 0.421492 -0.117938
v 0.042081 0.410665 -0.115197
v 0.042723 0.409755 -0.114896
v 0.043429 0.408752 -0.114564
v 0.047619 0.403254 -0.112239
v 0.021384 0.402306 -0.131865
v 0.044795 0.362016 -0.120626
v 0.002064 0.411755 -0.140133
v 0.006396 0.401508 -0.140383
v 0.027603 0.381780 -0.131506
v 0.001531 0.456237 -0.119836
v 0.005076 0.453709 -0.119244
v 0.009726 0.450391 -0.118467
v 0.010145 0.450092 -0.118397
v 0.012888 0.447738 -0.117875
v 0.013638 0.447094 -0.117733
v 0.020522 0.439988 -0.116253
v 0.020576 0.439932 -0.116242
v 0.022724 0.437305 -0.115753
v 0.023358 0.436529 -0.115608
v 0.023692 0.436121 -0.115532
v 0.030884 0.426080 -0.113592
v -0.000949 0.476202 -0.040886
v -0.009906 0.477220 -0.051741
v -0.021774 0.482370 -0.041734
v 0.001646 0.469722 -0.061360
v -0.116084 0.460665 0.059369
v -0.106998 0.460577 0.070079
v -0.093701 0.466056 0.058321
v 0.087988 0.477409 0.012023
v 0.089844 0.465403 -0.007541
v 0.013589 0.447394 -0.116955
v -0.001791 0.460248 -0.113571
v -0.036223 0.487738 0.118867
v 0.028269 0.500316 0.062521
v 0.040603 0.498635 0.051944
v 0.052753 0.495589 0.041591
v 0.015742 0.500563 0.073334
v -0.000214 0.501086 0.105646
v -0.009894 0.496725 0.095675
v 0.003019 0.499352 0.084389
v -0.055838 0.477124 0.099242
v -0.069113 0.471811 0.110973
v -0.088352 0.463989 0.090888
v -0.097756 0.461697 0.080574
v -0.125005 0.461927 0.048480
v -0.142418 0.467686 0.026156
v -0.146181 0.481552 -0.008360
v -0.129144 0.473000 0.014425
v -0.132948 0.486555 -0.020040
v -0.119851 0.490539 -0.031552
v -0.106938 0.493166 -0.042840
v -0.094215 0.494377 -0.053895
v -0.081689 0.494130 -0.064710
v -0.069355 0.492448 -0.075287
v -0.057205 0.489403 -0.085639
v -0.045252 0.484882 -0.095750
v -0.033505 0.478807 -0.105603
v -0.021972 0.471224 -0.115208
v -0.013137 0.469274 -0.104200
v 0.002555 0.458753 -0.107978
v 0.017766 0.444647 -0.111161
v 0.032232 0.423963 -0.113047
v 0.031019 0.428876 -0.103304
v 0.023027 0.437080 -0.115342
v 0.039552 0.412372 -0.109882
v 0.037871 0.415104 -0.110769
v 0.044729 0.404598 -0.106718
v 0.044047 0.405592 -0.107156
v 0.039975 0.414980 -0.101094
v 0.040932 0.410131 -0.109155
v 0.036031 0.419465 -0.107177
v 0.039565 0.412351 -0.109876
v 0.051682 0.397533 -0.101032
v 0.048935 0.399805 -0.103447
v 0.044068 0.411599 -0.095195
v 0.048777 0.399936 -0.103586
v 0.046045 0.403083 -0.105701
v 0.056869 0.394311 -0.096111
v 0.054406 0.395650 -0.098512
v 0.048311 0.409345 -0.089480
v 0.053098 0.396361 -0.099786
v 0.063753 0.391919 -0.089007
v 0.061817 0.392512 -0.091029
v 0.052677 0.407995 -0.083914
v 0.060111 0.393034 -0.092809
v 0.058066 0.393660 -0.094945
v 0.061683 0.407344 -0.073119
v 0.065918 0.391717 -0.086645
v 0.076702 0.392233 -0.074188
v 0.076662 0.392218 -0.074239
v 0.076073 0.400018 -0.066642
v 0.071308 0.391457 -0.080662
v 0.081805 0.394199 -0.067709
v 0.083486 0.395152 -0.065512
v 0.086403 0.397500 -0.061476
v 0.081616 0.394091 -0.067957
v 0.080134 0.393531 -0.069835
v 0.091825 0.405596 -0.052755
v 0.090171 0.402270 -0.055686
v 0.085699 0.403998 -0.056619
v 0.089768 0.401459 -0.056401
v 0.088283 0.399574 -0.058686
v 0.087079 0.398045 -0.060539
v 0.093645 0.411013 -0.048891
v 0.093323 0.409976 -0.049602
v 0.090728 0.407590 -0.051867
v 0.092869 0.408514 -0.050606
v 0.092193 0.406337 -0.052102
v 0.094470 0.415577 -0.046243
v 0.085790 0.417556 -0.048082
v 0.094471 0.415586 -0.046237
v 0.091009 0.422558 -0.043563
v 0.095246 0.419875 -0.043748
v 0.096050 0.427572 -0.039213
v 0.096332 0.441206 -0.030521
v 0.085995 0.431970 -0.039688
v 0.091069 0.448773 -0.026341
v 0.085022 0.463393 -0.012554
v 0.096055 0.452037 -0.021534
v 0.078493 0.474429 0.001824
v 0.076448 0.484994 0.021624
v 0.064705 0.491068 0.031480
v -0.067074 0.477262 0.034760
v -0.076163 0.477298 0.024067
v -0.102791 0.466136 0.047607
v -0.111713 0.467363 0.036728
v -0.053931 0.481598 0.023190
v -0.071987 0.482570 0.001655
v -0.085108 0.478406 0.013197
v -0.059064 0.485271 -0.009646
v -0.040984 0.484474 0.011860
v -0.046372 0.486252 -0.020663
v -0.028274 0.485588 0.000821
v -0.033936 0.485333 -0.031367
v -0.015832 0.484709 -0.009889
v -0.003684 0.481641 -0.020239
v 0.025884 0.437392 -0.099281
v 0.021845 0.441174 -0.105247
v 0.011050 0.454298 -0.096557
v 0.034070 0.430644 -0.087482
v -0.015887 0.474598 -0.083537
v 0.004209 0.463010 -0.081796
v -0.004416 0.466499 -0.093057
v 0.006830 0.456732 -0.102301
v -0.102623 0.483403 -0.009002
v -0.089579 0.487000 -0.020450
v -0.076733 0.489131 -0.031657
v -0.064102 0.489658 -0.042599
v -0.051697 0.488509 -0.053264
v -0.039523 0.485636 -0.063646
v -0.027586 0.481000 -0.073737
v 0.015244 0.451668 -0.090780
v 0.023678 0.446761 -0.079285
v 0.012854 0.459670 -0.070558
v 0.021649 0.457449 -0.059505
v 0.010541 0.468249 -0.050430
v 0.019608 0.468050 -0.039710
v 0.008140 0.476172 -0.030193
v 0.028867 0.469280 -0.029224
v 0.017377 0.477233 -0.019680
v 0.038298 0.471785 -0.018949
v 0.057417 0.478722 0.001284
v 0.068888 0.470623 -0.008235
v 0.026746 0.479282 -0.009329
v 0.045719 0.485124 0.011084
v 0.080861 0.440486 -0.035665
v 0.085653 0.455204 -0.021974
v 0.075598 0.448050 -0.031485
v 0.080133 0.460857 -0.017480
v 0.059187 0.466104 -0.018179
v 0.070221 0.454762 -0.027164
v 0.049505 0.461732 -0.028147
v 0.060329 0.448824 -0.036874
v 0.039975 0.458480 -0.038299
v 0.050665 0.444582 -0.046863
v 0.030680 0.456983 -0.048741
v 0.041328 0.442770 -0.057252
v 0.032340 0.443551 -0.068069
v 0.042626 0.426646 -0.076136
v 0.080719 0.413661 -0.052784
v 0.070721 0.432706 -0.045071
v 0.071002 0.409026 -0.062709
v 0.069472 0.391387 -0.082768
v 0.051593 0.425707 -0.065293
v 0.060952 0.427677 -0.054930
v -0.075061 0.469425 0.079137
v -0.084462 0.467167 0.068813
v -0.048455 0.480468 0.055607
v -0.029319 0.487527 0.075818
v 0.033782 0.489760 0.021176
v 0.014879 0.484432 0.000677
v 0.021609 0.492633 0.031557
v 0.002717 0.487395 0.011044
v 0.009203 0.493782 0.042222
v -0.009720 0.488314 0.021748
v -0.003428 0.493255 0.053164
v -0.022412 0.487333 0.032765
v -0.016275 0.491124 0.064370
v -0.035335 0.484632 0.044065
v -0.057837 0.478329 0.045272
v 0.070895 0.390944 -0.080281
v 0.075347 0.391898 -0.075905
v 0.076329 0.391710 -0.073799
v 0.076684 0.392304 -0.074247
v 0.076799 0.391776 -0.073238
v 0.080371 0.393425 -0.069677
v 0.081439 0.393510 -0.067210
v 0.081753 0.394243 -0.067837
v 0.081755 0.394244 -0.067834
v 0.082106 0.393759 -0.066344
v 0.086139 0.396349 -0.060522
v 0.084911 0.396113 -0.063631
v 0.086316 0.397495 -0.061587
v 0.086973 0.396884 -0.059318
v 0.088398 0.399544 -0.058556
v 0.090421 0.400317 -0.053637
v 0.090081 0.402231 -0.055789
v 0.090943 0.400837 -0.052777
v 0.091172 0.403973 -0.053995
v 0.091026 0.400919 -0.052641
v 0.093650 0.404658 -0.047587
v 0.091465 0.404734 -0.053412
v 0.092838 0.408294 -0.050688
v 0.094266 0.405535 -0.046401
v 0.094649 0.406081 -0.045663
v 0.093283 0.409450 -0.049803
v 0.093410 0.410018 -0.049454
v 0.097486 0.411892 -0.038949
v 0.094574 0.415224 -0.046248
v 0.097980 0.412903 -0.037781
v 0.095002 0.417141 -0.045068
v 0.098678 0.415318 -0.035538
v 0.096098 0.428007 -0.038916
v 0.099509 0.418192 -0.032868
v 0.096275 0.429761 -0.037923
v 0.100355 0.426830 -0.027135
v 0.100193 0.424087 -0.028828
v 0.101156 0.453696 -0.000895
v 0.101165 0.453622 -0.001009
v 0.096726 0.464018 -0.006115
v 0.101146 0.452784 -0.002307
v 0.096852 0.457069 -0.015651
v 0.101058 0.448754 -0.008551
v 0.096853 0.457008 -0.015735
v 0.101038 0.447833 -0.009978
v 0.096836 0.454910 -0.017972
v 0.100902 0.445740 -0.012456
v 0.096798 0.450145 -0.023055
v 0.100708 0.442772 -0.015972
v 0.096784 0.448867 -0.024121
v 0.100701 0.442668 -0.016095
v 0.096754 0.446160 -0.026379
v 0.100574 0.437088 -0.020722
v 0.096709 0.442064 -0.029797
v 0.100567 0.436719 -0.020953
v 0.096635 0.439841 -0.031271
v 0.100534 0.435127 -0.021948
v 0.096627 0.439611 -0.031424
v 0.100370 0.427053 -0.026993
v 0.096321 0.430430 -0.037511
v 0.087142 0.447488 -0.042468
v 0.093190 0.454430 -0.026440
v 0.095373 0.446190 -0.029353
v 0.079244 0.393271 -0.071083
v 0.069551 0.408404 -0.079968
v 0.080802 0.409139 -0.066867
v 0.091173 0.409866 -0.052803
v 0.089304 0.427674 -0.049867
v 0.085836 0.445997 -0.045378
v 0.095185 0.459254 -0.016133
v 0.093880 0.455223 -0.024611
v 0.093808 0.455140 -0.024802
v 0.084306 0.445912 -0.047272
v 0.085577 0.446618 -0.045119
v 0.086892 0.447349 -0.042891
v 0.077090 0.441901 -0.059495
v 0.078479 0.427040 -0.064606
v 0.076571 0.441797 -0.060160
v 0.075398 0.441563 -0.061661
v 0.063806 0.439240 -0.076502
v 0.066571 0.426248 -0.078260
v 0.068775 0.415891 -0.079661
v 0.058214 0.407868 -0.093004
v 0.045796 0.407313 -0.105308
v 0.041766 0.424999 -0.104871
v 0.044120 0.405716 -0.106957
v 0.043054 0.407163 -0.107681
v 0.007358 0.451659 -0.118818
v -0.002128 0.458456 -0.120497
v 0.015901 0.450958 -0.114602
v 0.037590 0.443284 -0.101330
v 0.049315 0.440220 -0.091742
v 0.054780 0.425707 -0.092027
v 0.049424 0.440213 -0.091628
v 0.050751 0.440123 -0.090232
v 0.035944 0.443190 -0.103107
v 0.021492 0.442033 -0.114838
v 0.033588 0.444330 -0.104603
v 0.033447 0.444367 -0.104718
v 0.018403 0.441686 -0.116644
v 0.016196 0.444164 -0.117130
v 0.017913 0.450184 -0.113570
v 0.016373 0.450761 -0.114448
v 0.016344 0.450773 -0.114457
v 0.013331 0.447380 -0.117761
v 0.009356 0.450228 -0.118464
v 0.030882 0.426081 -0.113588
v 0.031928 0.424392 -0.113143
v 0.039536 0.412103 -0.109906
v 0.025642 0.433560 -0.115050
v 0.023962 0.435445 -0.115420
v 0.023944 0.435466 -0.115424
v 0.040188 0.411049 -0.109629
v 0.054718 0.395335 -0.098269
v 0.054359 0.395634 -0.098583
v 0.048997 0.400096 -0.103272
v 0.047098 0.401676 -0.104932
v 0.046675 0.402250 -0.105220
v 0.065688 0.391849 -0.086918
v 0.063028 0.392034 -0.089879
v 0.060034 0.393223 -0.092902
v 0.035631 0.443796 -0.102932
v -0.006143 0.447659 -0.125049
v -0.004706 0.446843 -0.124790
v 0.001598 0.443258 -0.123653
v 0.001673 0.443205 -0.123635
v 0.005675 0.440382 -0.122681
v 0.007781 0.438898 -0.122179
v 0.009136 0.437550 -0.121864
v 0.012799 0.433907 -0.121011
v 0.014280 0.431869 -0.120674
v 0.015415 0.430307 -0.120416
v 0.018137 0.426560 -0.119797
v 0.020810 0.422576 -0.119050
v 0.020959 0.422363 -0.119003
v 0.026760 0.414289 -0.116934
v 0.029566 0.411435 -0.115503
v 0.031649 0.409316 -0.114441
v 0.032935 0.408255 -0.113645
v 0.038271 0.403850 -0.110342
v 0.040114 0.402552 -0.109004
v 0.041308 0.401710 -0.108138
v 0.045831 0.398524 -0.104856
v 0.046161 0.398338 -0.104581
v 0.046968 0.397885 -0.103908
v 0.052109 0.394995 -0.099621
v 0.053338 0.394510 -0.098472
v 0.058402 0.392508 -0.093733
v 0.059359 0.392302 -0.092742
v 0.059393 0.392295 -0.092706
v 0.065191 0.391050 -0.086701
v 0.065256 0.391049 -0.086628
v 0.119199 0.404626 0.015638
v 0.120091 0.404147 0.023258
v 0.123438 0.383673 0.015697
v 0.103030 0.305228 -0.049529
v 0.095464 0.304966 -0.060682
v 0.094906 0.343778 -0.058642
v 0.113240 0.426985 0.010513
v 0.114420 0.426837 0.015855
v 0.117751 0.404995 0.007856
v 0.113334 0.265587 -0.022357
v 0.110301 0.265743 -0.031229
v 0.115194 0.305627 -0.027186
v 0.094390 0.265558 -0.061489
v 0.094026 0.265541 -0.061972
v 0.079342 0.264870 -0.081451
v 0.078781 0.291152 -0.082244
v 0.100518 0.265746 -0.051776
v 0.097301 0.265691 -0.057628
v 0.109677 0.305450 -0.038340
v 0.106104 0.265842 -0.041614
v 0.100753 0.265750 -0.051349
v 0.110215 0.265747 -0.031481
v 0.107816 0.265871 -0.038499
v 0.106284 0.265845 -0.041286
v 0.114571 0.264975 -0.011520
v 0.114565 0.264978 -0.011576
v 0.119340 0.305754 -0.016134
v 0.113440 0.265534 -0.021431
v 0.113422 0.265543 -0.021588
v 0.114560 0.264142 -0.001461
v 0.114964 0.264781 -0.008076
v 0.118460 0.285452 0.002082
v 0.121821 0.305822 -0.005265
v 0.113977 0.424505 0.040146
v 0.112773 0.423502 0.047864
v 0.116454 0.413252 0.042406
v 0.120287 0.403594 0.030561
v 0.116473 0.413176 0.042371
v 0.119141 0.402835 0.037548
v 0.114613 0.426500 0.020057
v 0.114804 0.426166 0.024222
v 0.115051 0.425737 0.029579
v 0.115181 0.425509 0.032425
v 0.114184 0.424677 0.038818
v 0.104881 0.427216 -0.016499
v 0.108058 0.427306 -0.008576
v 0.113452 0.405367 -0.007764
v 0.110210 0.427367 -0.003206
v 0.110835 0.427288 -0.000374
v 0.107428 0.405319 -0.023068
v 0.101853 0.427131 -0.024054
v 0.099744 0.404986 -0.037884
v 0.101504 0.384033 -0.041627
v 0.071817 0.382539 -0.080669
v 0.092578 0.383626 -0.055134
v 0.075583 0.348214 -0.082255
v 0.075878 0.342951 -0.082254
v 0.078049 0.304216 -0.082246
v 0.078049 0.304219 -0.082246
v 0.075879 0.342949 -0.082254
v 0.103307 0.344067 -0.046381
v 0.110520 0.324838 -0.036279
v 0.125407 0.344483 0.003715
v 0.126031 0.336836 0.012758
v 0.124685 0.325332 0.009961
v 0.122785 0.309085 0.006010
v 0.122177 0.305763 0.005458
v 0.122176 0.305758 0.005457
v 0.116523 0.325006 -0.024432
v 0.110730 0.344288 -0.033925
v 0.110267 0.364035 -0.031156
v 0.109143 0.384306 -0.027688
v 0.123338 0.386568 0.029961
v 0.124136 0.383411 0.022420
v 0.121706 0.392895 0.032912
v 0.123746 0.383137 0.028648
v 0.126084 0.363801 0.015491
v 0.126046 0.363756 0.021233
v 0.126047 0.363754 0.021232
v 0.125195 0.363869 0.009265
v 0.126238 0.362141 0.020615
v 0.126094 0.344536 0.015149
v 0.126094 0.344533 0.015148
v 0.115401 0.384363 -0.013315
v 0.120252 0.384139 0.001336
v 0.116636 0.364121 -0.017684
v 0.121713 0.364041 -0.004044
v 0.117022 0.344416 -0.021302
v 0.122025 0.344459 -0.008632
v 0.121195 0.325128 -0.012634
v 0.124208 0.325238 -0.001105
v 0.124685 0.325328 0.009960
v 0.098060 0.463274 0.015258
v 0.096822 0.465555 0.019395
v 0.099772 0.461785 0.018885
v 0.082641 0.479497 0.045018
v 0.079422 0.481891 0.049582
v 0.086707 0.474133 0.049406
v 0.073625 0.484439 0.059093
v 0.077433 0.483028 0.052085
v 0.072753 0.485382 0.059098
v 0.071874 0.486193 0.059067
v 0.080381 0.477134 0.059049
v 0.083975 0.473249 0.059025
v 0.079388 0.481916 0.049629
v 0.086289 0.476784 0.039847
v 0.087906 0.475073 0.039770
v 0.086824 0.476386 0.039088
v 0.087973 0.475305 0.037146
v 0.091837 0.471670 0.030613
v 0.099991 0.460407 0.038480
v 0.092319 0.471216 0.029797
v 0.096499 0.466151 0.020475
v 0.100431 0.461205 0.028687
v 0.092516 0.471031 0.029464
v 0.100921 0.455380 0.001723
v 0.099993 0.458663 0.007207
v 0.104978 0.453889 0.017628
v 0.099377 0.460846 0.010853
v 0.098764 0.461975 0.012901
v 0.109092 0.445495 0.015961
v 0.101082 0.454231 -0.000063
v 0.104330 0.445863 -0.003677
v 0.106938 0.436928 -0.005768
v 0.111896 0.436528 0.013674
v 0.093230 0.461749 0.058398
v 0.095318 0.458750 0.058103
v 0.098376 0.459539 0.048305
v 0.099012 0.453445 0.057582
v 0.103482 0.451584 0.047150
v 0.100424 0.450725 0.056969
v 0.104044 0.443752 0.055399
v 0.107906 0.443075 0.045365
v 0.104936 0.442034 0.055013
v 0.106581 0.438864 0.054299
v 0.111566 0.434051 0.042712
v 0.108582 0.433900 0.052219
v 0.108944 0.433002 0.051843
v 0.112805 0.435114 0.033104
v 0.105183 0.452516 0.037311
v 0.105667 0.453323 0.027482
v 0.109502 0.444086 0.035590
v 0.109884 0.444920 0.025793
v 0.112894 0.435955 0.023413
v 0.089024 0.467790 0.058992
v 0.073238 0.497037 0.052520
v 0.073229 0.497042 0.052533
v 0.077679 0.494715 0.046532
v 0.078886 0.493585 0.044347
v 0.078890 0.493581 0.044338
v 0.087952 0.485092 0.027927
v 0.088761 0.484334 0.026462
v 0.094265 0.475094 0.011345
v 0.094269 0.475088 0.011336
v 0.094451 0.474783 0.010837
v 0.095539 0.469634 0.002729
v 0.055002 0.504468 0.047815
v 0.050316 0.505879 0.052478
v 0.053875 0.506331 0.056793
v 0.047531 0.506717 0.055249
v 0.045239 0.507308 0.057408
v 0.046083 0.507586 0.058492
v 0.059924 0.503778 0.050710
v 0.056545 0.503881 0.046038
v 0.055960 0.504104 0.046712
v 0.055834 0.503819 0.073035
v 0.061410 0.502140 0.067093
v 0.053330 0.505905 0.069090
v 0.059215 0.504404 0.064062
v 0.053275 0.505951 0.069004
v 0.056825 0.505817 0.060701
v 0.048257 0.507610 0.061572
v 0.048329 0.507611 0.061674
v 0.051242 0.507645 0.065800
v 0.059926 0.503778 0.050713
v 0.062835 0.503690 0.054734
v 0.062868 0.503689 0.054779
v 0.065064 0.501916 0.057771
v 0.070007 0.495321 0.028191
v 0.067858 0.496950 0.031213
v 0.071635 0.497324 0.035254
v 0.066222 0.501209 0.042977
v 0.062570 0.500828 0.038560
v 0.063093 0.500563 0.037911
v 0.064285 0.499659 0.036235
v 0.078231 0.486423 0.013071
v 0.075920 0.489668 0.018432
v 0.079696 0.489451 0.020993
v 0.075643 0.490058 0.019076
v 0.071902 0.493552 0.025127
v 0.080578 0.477425 -0.001037
v 0.079976 0.481487 0.005303
v 0.088453 0.479474 0.007892
v 0.079937 0.481757 0.005724
v 0.086046 0.484381 0.015879
v 0.078404 0.485948 0.012324
v 0.078292 0.486255 0.012806
v 0.090448 0.468995 -0.009031
v 0.090445 0.468996 -0.009032
v 0.089911 0.474291 -0.000208
v 0.080986 0.471692 -0.010466
v 0.080982 0.474694 -0.005300
v 0.080814 0.475832 -0.003523
v 0.080672 0.476786 -0.002034
v 0.094968 0.466400 -0.007401
v 0.093550 0.472451 0.001131
v 0.077010 0.495686 0.041829
v 0.069202 0.500734 0.046864
v 0.074672 0.496887 0.038848
v 0.085808 0.487349 0.025776
v 0.083024 0.488720 0.023483
v 0.094126 0.466886 -0.007707
v 0.090504 0.468979 -0.009023
v 0.091894 0.477760 0.009505
v 0.062345 0.442178 -0.075383
v 0.084650 0.450462 -0.043383
v 0.079933 0.466874 -0.019303
v 0.087530 0.460199 -0.026301
v 0.081261 0.452950 -0.043052
v 0.072917 0.457083 -0.040958
v 0.074316 0.458180 -0.037904
v 0.077675 0.462344 -0.028400
v 0.077775 0.462467 -0.028118
v 0.078317 0.463574 -0.025904
v 0.064321 0.452019 -0.057440
v 0.065331 0.452493 -0.055668
v 0.072196 0.447818 -0.059054
v 0.068284 0.453879 -0.050486
v 0.069652 0.454521 -0.048085
v 0.058855 0.450708 -0.065275
v 0.060701 0.445452 -0.074121
v 0.055276 0.450346 -0.069670
v 0.091328 0.458110 -0.025902
v 0.074856 0.444967 -0.060001
v 0.060732 0.445423 -0.074146
v 0.016919 0.453923 -0.111998
v 0.016659 0.456211 -0.108305
v 0.032644 0.450215 -0.099306
v 0.004736 0.464533 -0.103370
v 0.013599 0.460459 -0.100054
v -0.001072 0.461531 -0.117858
v -0.000402 0.463864 -0.114208
v -0.000402 0.463883 -0.114152
v -0.000402 0.463884 -0.114149
v -0.000496 0.467108 -0.104747
v -0.001228 0.460988 -0.118707
v 0.048406 0.450453 -0.076857
v 0.047378 0.446421 -0.087770
v 0.042793 0.451236 -0.081728
v 0.040781 0.451517 -0.083475
v 0.029160 0.454620 -0.091587
v 0.032647 0.453478 -0.089432
v 0.038057 0.452174 -0.085469
v 0.014761 0.459990 -0.099473
v 0.017105 0.459044 -0.098300
v 0.023361 0.456520 -0.095171
v 0.033585 0.447589 -0.102470
v 0.048839 0.443503 -0.090105
v -0.060260 0.493450 -0.102934
v -0.069109 0.496266 -0.097935
v -0.065565 0.496718 -0.094490
v -0.056878 0.494283 -0.099459
v -0.048270 0.490577 -0.103485
v -0.051356 0.489797 -0.106976
v -0.020268 0.468632 -0.121057
v -0.020274 0.468636 -0.121057
v -0.018928 0.471525 -0.118725
v -0.015777 0.466138 -0.121436
v -0.010157 0.466616 -0.118866
v -0.011302 0.463626 -0.121215
v -0.005671 0.460466 -0.120937
v -0.009134 0.471693 -0.106007
v -0.008411 0.471277 -0.105961
v -0.009454 0.468701 -0.115180
v -0.007621 0.470861 -0.105840
v -0.010091 0.472244 -0.106067
v -0.017919 0.473489 -0.115189
v -0.016701 0.476046 -0.106485
v -0.029547 0.483082 -0.105091
v -0.025792 0.481123 -0.106079
v -0.026399 0.478054 -0.114228
v -0.024077 0.480173 -0.106204
v -0.018592 0.477134 -0.106605
v -0.038028 0.487349 -0.102062
v -0.032771 0.484763 -0.104243
v -0.032622 0.483132 -0.108969
v -0.044711 0.490636 -0.099289
v -0.053838 0.494690 -0.094800
v -0.053032 0.494332 -0.095197
v -0.050425 0.493174 -0.096479
v -0.044816 0.490683 -0.099237
v -0.034562 0.482104 -0.112573
v -0.053903 0.488320 -0.109647
v -0.036355 0.480475 -0.115576
v -0.038059 0.478060 -0.117951
v -0.047389 0.482471 -0.115077
v -0.056001 0.486016 -0.111789
v -0.056007 0.486019 -0.111786
v -0.026344 0.472007 -0.120545
v -0.036975 0.477547 -0.118285
v -0.060073 0.487693 -0.110234
v -0.065154 0.489423 -0.107768
v -0.065163 0.489426 -0.107764
v -0.069149 0.496261 -0.097974
v -0.069721 0.490979 -0.105552
v -0.065562 0.496718 -0.094487
v -0.061444 0.497243 -0.090484
v -0.030641 0.483652 -0.104803
v -0.081454 0.494102 -0.098212
v -0.081456 0.494102 -0.098211
v -0.078889 0.496634 -0.095735
v -0.069423 0.499372 -0.085052
v -0.068856 0.499221 -0.085438
v -0.072579 0.499217 -0.089524
v -0.062181 0.497440 -0.089982
v -0.078205 0.500455 -0.084731
v -0.074495 0.500572 -0.081133
v -0.073087 0.500245 -0.082216
v -0.072009 0.499995 -0.083047
v -0.075985 0.498344 -0.092970
v -0.081290 0.500358 -0.087723
v -0.078295 0.500452 -0.084819
v -0.084859 0.498235 -0.090774
v -0.084781 0.498281 -0.090707
v -0.081734 0.500094 -0.088102
v -0.081656 0.500140 -0.088036
v -0.086915 0.497012 -0.092532
v -0.088221 0.495714 -0.093647
v -0.071230 0.478141 -0.106515
v -0.063357 0.475066 -0.110798
v -0.060622 0.487854 -0.110007
v -0.060518 0.473958 -0.112342
v -0.059141 0.473420 -0.113091
v -0.046638 0.467709 -0.118792
v -0.046727 0.467750 -0.118752
v -0.049655 0.469087 -0.117417
v -0.055452 0.471735 -0.114773
v -0.039486 0.464285 -0.121259
v -0.038596 0.463859 -0.121566
v -0.035626 0.462437 -0.122590
v -0.027393 0.458576 -0.124375
v -0.014564 0.452223 -0.125357
v -0.017628 0.453850 -0.125410
v -0.020530 0.455288 -0.125226
v -0.021071 0.455555 -0.125192
v -0.023031 0.456493 -0.124953
v -0.026920 0.458355 -0.124477
v -0.008337 0.448916 -0.125248
v -0.007001 0.448151 -0.125127
v -0.019664 0.419246 -0.138970
v -0.023536 0.418794 -0.140099
v -0.027596 0.428051 -0.139144
v -0.012989 0.420024 -0.137025
v -0.014271 0.419875 -0.137399
v -0.018146 0.429212 -0.136794
v -0.035554 0.417020 -0.141999
v -0.042104 0.415925 -0.142422
v -0.046768 0.425143 -0.140492
v -0.023708 0.418774 -0.140149
v -0.033177 0.417418 -0.141846
v -0.037144 0.426677 -0.140399
v -0.035840 0.453538 -0.128989
v -0.002554 0.439849 -0.127351
v -0.021246 0.438162 -0.134850
v -0.023898 0.446638 -0.131490
v -0.026279 0.454693 -0.126965
v -0.058938 0.465938 -0.119117
v -0.049287 0.467354 -0.118973
v -0.045543 0.452219 -0.129914
v -0.068804 0.464657 -0.117756
v -0.069539 0.468739 -0.114353
v -0.070902 0.476321 -0.108032
v 0.011244 0.421987 -0.125304
v 0.009324 0.421869 -0.126559
v 0.003824 0.421465 -0.129467
v 0.000322 0.430929 -0.129131
v -0.050357 0.434170 -0.137758
v -0.060848 0.434497 -0.135378
v -0.053176 0.442769 -0.134116
v -0.064153 0.444003 -0.131428
v -0.055445 0.450884 -0.129678
v -0.056166 0.423703 -0.139180
v -0.056644 0.424605 -0.138925
v -0.058873 0.428815 -0.137739
v -0.060236 0.432737 -0.136109
v -0.051175 0.414277 -0.141837
v -0.043432 0.415687 -0.142368
v -0.042384 0.415878 -0.142440
v -0.030818 0.437004 -0.137010
v -0.040514 0.435646 -0.137990
v -0.033506 0.445493 -0.133552
v -0.043251 0.444165 -0.134438
v -0.003941 0.420857 -0.133331
v -0.001933 0.421041 -0.132511
v -0.065519 0.449687 -0.127990
v -0.066267 0.452801 -0.126106
v -0.067878 0.459506 -0.122050
v -0.023452 0.363664 -0.148106
v -0.028775 0.374476 -0.147476
v -0.022449 0.375165 -0.147190
v -0.014569 0.408420 -0.139588
v 0.032538 0.401205 -0.115645
v 0.005481 0.258005 -0.127674
v 0.002183 0.277982 -0.133000
v 0.008296 0.299437 -0.136621
v 0.001967 0.278948 -0.133247
v -0.002464 0.298756 -0.138311
v 0.024874 0.260521 -0.123541
v 0.020269 0.260040 -0.125430
v 0.018677 0.300093 -0.132608
v 0.015456 0.259378 -0.126160
v 0.015400 0.259370 -0.126169
v 0.025019 0.260536 -0.123481
v 0.028998 0.300780 -0.126921
v 0.034486 0.261524 -0.119598
v 0.053120 0.263088 -0.106773
v 0.052754 0.263061 -0.107094
v 0.049318 0.302209 -0.111677
v 0.049854 0.262848 -0.109631
v 0.043797 0.262326 -0.113559
v 0.059246 0.302931 -0.102588
v 0.061786 0.263723 -0.099194
v 0.071237 0.264369 -0.090124
v 0.067130 0.264115 -0.094518
v 0.062242 0.263757 -0.098794
v 0.061046 0.381924 -0.093174
v 0.055284 0.341551 -0.104488
v 0.049562 0.381207 -0.104905
v 0.037500 0.380433 -0.115683
v 0.019005 0.400344 -0.125380
v 0.004760 0.399252 -0.133528
v -0.029963 0.406393 -0.143435
v -0.032025 0.395025 -0.145675
v -0.005666 0.313075 -0.141972
v 0.003602 0.318454 -0.140655
v 0.014559 0.319130 -0.136020
v 0.025540 0.319889 -0.129705
v 0.043482 0.262299 -0.113763
v 0.039222 0.301489 -0.119861
v 0.033147 0.339925 -0.123693
v 0.021587 0.339049 -0.131726
v 0.009796 0.338147 -0.138488
v -0.001911 0.337322 -0.143601
v 0.044382 0.340753 -0.114561
v -0.035660 0.388460 -0.146661
v -0.038976 0.393977 -0.145630
v -0.024864 0.395992 -0.144466
v -0.010028 0.397806 -0.139993
v -0.020218 0.355495 -0.147573
v -0.012980 0.336740 -0.146114
v -0.013642 0.338883 -0.146489
v -0.007159 0.317904 -0.142817
v 0.024830 0.379563 -0.125244
v 0.029394 0.359487 -0.124730
v 0.011539 0.378520 -0.133490
v 0.017009 0.358517 -0.132959
v -0.002218 0.377250 -0.140370
v 0.004277 0.357435 -0.139925
v -0.015920 0.375834 -0.145551
v -0.008357 0.356357 -0.145264
v -0.014376 0.355900 -0.147031
v 0.036516 0.230552 -0.114079
v 0.027469 0.229834 -0.117576
v 0.079223 0.233108 -0.079803
v 0.078503 0.201924 -0.077665
v 0.071335 0.201527 -0.085438
v 0.027805 0.025708 -0.081911
v 0.022754 0.026970 -0.083380
v 0.028387 0.049406 -0.087265
v 0.016371 0.028657 -0.084222
v 0.030769 0.024968 -0.081049
v 0.042022 0.049394 -0.081917
v 0.033419 0.024352 -0.079996
v 0.042358 0.022489 -0.075548
v 0.041029 0.022764 -0.076218
v 0.033976 0.024223 -0.079775
v 0.047457 0.021690 -0.072168
v 0.050449 0.079495 -0.083055
v 0.050311 0.021242 -0.070275
v 0.057652 0.079774 -0.077747
v 0.054944 0.020761 -0.066564
v 0.053706 0.020889 -0.067555
v 0.050791 0.021192 -0.069891
v 0.061854 0.020511 -0.059962
v 0.070638 0.080418 -0.064959
v 0.064635 0.020612 -0.056863
v 0.070638 0.080424 -0.064959
v 0.070647 0.080515 -0.064972
v 0.075768 0.146054 -0.072584
v 0.075413 0.140840 -0.072024
v 0.068749 0.140460 -0.079203
v 0.075412 0.140836 -0.072023
v 0.074555 0.128256 -0.070671
v 0.078444 0.199350 -0.077489
v 0.076522 0.158414 -0.073837
v 0.079331 0.237799 -0.080125
v 0.015315 0.055614 -0.089811
v 0.015202 0.049394 -0.088549
v 0.014829 0.029065 -0.084425
v 0.043147 0.079246 -0.087359
v 0.028938 0.078785 -0.092815
v 0.015731 0.078319 -0.094417
v 0.022097 0.137913 -0.103704
v 0.029547 0.138405 -0.102405
v 0.037271 0.138845 -0.100054
v 0.045209 0.139257 -0.096538
v 0.053229 0.139658 -0.091839
v 0.061146 0.140058 -0.086018
v 0.045512 0.231153 -0.109267
v 0.046053 0.200223 -0.104934
v 0.054677 0.200668 -0.099512
v 0.063159 0.201099 -0.092963
v 0.008534 0.227509 -0.120951
v 0.018289 0.228906 -0.119727
v 0.011106 0.201824 -0.115289
v 0.014577 0.145383 -0.105458
v 0.011382 0.197337 -0.114507
v 0.020200 0.198404 -0.113789
v 0.011267 0.199205 -0.114833
v 0.015784 0.081163 -0.094994
v 0.015736 0.083709 -0.095409
v 0.014728 0.137332 -0.104146
v 0.014659 0.141006 -0.104745
v 0.037409 0.199735 -0.109128
v 0.028801 0.199156 -0.112065
v 0.088340 0.059716 -0.005365
v 0.087367 0.053443 -0.005085
v 0.087999 0.052753 -0.018289
v 0.103508 0.234415 -0.042162
v 0.083982 0.029011 -0.016600
v 0.083863 0.028840 -0.017177
v 0.093027 0.233874 -0.061616
v 0.085156 0.202303 -0.069446
v 0.081551 0.141177 -0.064389
v 0.087194 0.141520 -0.055877
v 0.070573 0.021281 -0.049259
v 0.081408 0.081105 -0.050258
v 0.073516 0.022060 -0.044503
v 0.079660 0.024534 -0.032515
v 0.077190 0.023367 -0.037752
v 0.085614 0.081469 -0.042365
v 0.075579 0.022606 -0.041167
v 0.075464 0.022576 -0.041353
v 0.082693 0.027157 -0.022860
v 0.082352 0.026665 -0.024520
v 0.084705 0.051789 -0.032528
v 0.080210 0.024970 -0.030882
v 0.084190 0.032967 -0.004169
v 0.084287 0.032492 -0.005642
v 0.084474 0.031569 -0.008500
v 0.098818 0.234189 -0.051884
v 0.091418 0.202687 -0.060265
v 0.096672 0.203029 -0.050921
v 0.100791 0.203301 -0.041598
v 0.092151 0.082336 -0.019672
v 0.098852 0.142301 -0.022213
v 0.099072 0.142240 -0.014639
v 0.092518 0.088035 -0.006480
v 0.092001 0.083318 -0.006421
v 0.091888 0.082585 -0.006388
v 0.091809 0.141825 -0.047198
v 0.088813 0.081810 -0.034519
v 0.095301 0.142072 -0.038578
v 0.097635 0.142238 -0.030207
v 0.109730 0.233228 -0.003835
v 0.109976 0.234064 -0.013638
v 0.109146 0.234429 -0.023069
v 0.105853 0.203221 -0.014681
v 0.106842 0.214743 -0.005254
v 0.105643 0.204492 -0.005610
v 0.105422 0.202605 -0.005676
v 0.099893 0.155356 -0.007319
v 0.098840 0.145748 -0.007199
v 0.098435 0.142044 -0.007153
v 0.106977 0.234515 -0.032550
v 0.103697 0.203463 -0.032428
v 0.105369 0.203462 -0.023469
v 0.096464 0.145365 0.004960
v 0.090294 0.088773 0.004784
v 0.103138 0.203217 0.006819
v 0.068739 0.040836 0.034023
v 0.069126 0.040793 0.033450
v 0.074068 0.090947 0.034262
v 0.078366 0.038921 0.017885
v 0.079385 0.038363 0.015338
v 0.086301 0.089173 0.015360
v 0.082418 0.035941 0.005731
v 0.082773 0.035613 0.004488
v 0.083308 0.034614 0.001219
v 0.080403 0.037806 0.012796
v 0.086598 0.060924 0.005190
v 0.080812 0.089752 0.025177
v 0.074082 0.040249 0.026110
v 0.074892 0.040001 0.024562
v 0.078301 0.038957 0.018047
v 0.067081 0.040861 0.036130
v 0.066283 0.092947 0.042634
v 0.065536 0.040884 0.038092
v 0.052803 0.040791 0.051326
v 0.054218 0.040776 0.049983
v 0.057567 0.095523 0.050290
v 0.058541 0.040732 0.045882
v 0.062114 0.040810 0.041903
v 0.051341 0.040805 0.052712
v 0.047867 0.097877 0.057198
v 0.045406 0.041359 0.057348
v 0.043050 0.041579 0.059188
v 0.042569 0.098522 0.060350
v 0.040653 0.041942 0.060639
v 0.036181 0.042618 0.063344
v 0.036798 0.069899 0.063342
v 0.036144 0.042623 0.063367
v 0.038045 0.121370 0.063401
v 0.037983 0.119304 0.063297
v 0.037485 0.098513 0.063316
v 0.038974 0.152571 0.064974
v 0.044840 0.152735 0.061856
v 0.039425 0.167682 0.065735
v 0.039665 0.175741 0.066142
v 0.040828 0.209072 0.070299
v 0.040524 0.200372 0.069214
v 0.047064 0.201077 0.066205
v 0.041483 0.227858 0.072643
v 0.081823 0.251754 0.055019
v 0.076097 0.199610 0.048533
v 0.082172 0.251845 0.054746
v 0.085217 0.199402 0.039495
v 0.085151 0.252620 0.052421
v 0.041984 0.242535 0.075318
v 0.053504 0.245038 0.071642
v 0.056054 0.245607 0.070481
v 0.053728 0.201189 0.063236
v 0.056636 0.245737 0.070216
v 0.065650 0.200468 0.056464
v 0.064774 0.247554 0.066508
v 0.075335 0.250065 0.060086
v 0.070040 0.248806 0.063306
v 0.069579 0.248696 0.063586
v 0.113931 0.263603 0.003032
v 0.104895 0.258990 0.028588
v 0.101430 0.257712 0.033900
v 0.098936 0.201525 0.018553
v 0.092902 0.200096 0.029463
v 0.112227 0.262480 0.010542
v 0.112211 0.262469 0.010616
v 0.111789 0.262191 0.012475
v 0.108952 0.260732 0.020409
v 0.107973 0.260312 0.022383
v 0.107903 0.260282 0.022524
v 0.050841 0.152088 0.058756
v 0.061558 0.149517 0.052029
v 0.070976 0.146759 0.044474
v 0.079293 0.144879 0.036014
v 0.086454 0.144223 0.026618
v 0.092259 0.144584 0.016275
v 0.101293 0.257661 0.034109
v 0.099482 0.256993 0.036885
v 0.092793 0.254828 0.044968
v 0.123613 0.361493 0.035961
v 0.118641 0.389892 0.047478
v 0.115793 0.399484 0.051848
v 0.110106 0.395241 0.065052
v 0.087687 0.405798 0.092531
v 0.085135 0.404598 0.094546
v 0.093296 0.385899 0.087284
v 0.055531 0.392169 0.112781
v 0.049891 0.390427 0.114266
v 0.055259 0.372506 0.108864
v 0.122823 0.323537 0.023440
v 0.116291 0.283895 0.013783
v 0.111781 0.281216 0.025819
v 0.104891 0.277905 0.037528
v 0.095727 0.274327 0.048622
v 0.084568 0.270752 0.058749
v 0.071769 0.267338 0.067508
v 0.058594 0.282263 0.079260
v 0.073309 0.285503 0.072445
v 0.042916 0.279092 0.084013
v 0.042910 0.278851 0.083956
v 0.042074 0.246037 0.076151
v 0.124161 0.342604 0.029355
v 0.120018 0.304075 0.018199
v 0.119248 0.338968 0.042700
v 0.117992 0.320100 0.036391
v 0.111744 0.334526 0.054968
v 0.110543 0.315859 0.048508
v 0.101803 0.329924 0.066058
v 0.100645 0.311446 0.059639
v 0.115305 0.300954 0.030668
v 0.108063 0.297087 0.042583
v 0.098441 0.293008 0.053722
v 0.074698 0.303587 0.077998
v 0.059940 0.318369 0.090333
v 0.075583 0.321752 0.083998
v 0.059741 0.336431 0.096416
v 0.043107 0.286587 0.085796
v 0.042975 0.308028 0.092432
v 0.042932 0.315123 0.094627
v 0.085133 0.404597 0.094548
v 0.074669 0.399676 0.102815
v 0.082296 0.381241 0.096147
v 0.074667 0.399675 0.102816
v 0.072836 0.398813 0.104263
v 0.062775 0.394950 0.109216
v 0.035921 0.386114 0.117944
v 0.037278 0.378377 0.115513
v 0.049887 0.390426 0.114267
v 0.058348 0.354499 0.102671
v 0.075425 0.340047 0.090320
v 0.089652 0.325596 0.075809
v 0.088577 0.307287 0.069565
v 0.086730 0.289083 0.063794
v 0.039025 0.368417 0.112385
v 0.039991 0.362912 0.110655
v 0.040409 0.357363 0.108758
v 0.073621 0.358427 0.096841
v 0.089352 0.344073 0.082388
v 0.108709 0.419476 0.060450
v 0.112336 0.409201 0.056528
v 0.108174 0.419077 0.061486
v 0.101824 0.414347 0.073790
v 0.102583 0.390628 0.076890
v 0.099730 0.412787 0.077845
v 0.094071 0.409503 0.084746
v 0.120884 0.380384 0.043392
v 0.118572 0.357713 0.049526
v 0.115590 0.376429 0.056936
v 0.111096 0.353197 0.061845
v 0.108133 0.371891 0.069141
v 0.101305 0.348521 0.072840
v 0.098597 0.367203 0.079931
v 0.087065 0.362664 0.089208
v 0.069614 0.376765 0.103377
v 0.062778 0.394952 0.109214
v 0.040911 0.350708 0.106483
v 0.042166 0.334074 0.100796
v 0.042250 0.332970 0.100418
v 0.042872 0.324713 0.097595
v 0.073528 0.479582 0.070118
v 0.103577 0.430780 0.066226
v 0.009146 0.449749 0.125443
v 0.010727 0.447023 0.125543
v 0.023821 0.451395 0.122044
v 0.032576 0.397567 0.120647
v 0.051547 0.492712 0.079429
v 0.051359 0.492734 0.079586
v 0.057426 0.487747 0.080043
v -0.008493 0.475218 0.121051
v -0.005625 0.471185 0.121836
v 0.006658 0.475264 0.118391
v -0.004474 0.486586 0.115474
v -0.014472 0.482809 0.118705
v -0.003304 0.486954 0.114971
v 0.003975 0.489238 0.111842
v 0.013022 0.491474 0.107168
v 0.009714 0.490811 0.109062
v 0.018114 0.479081 0.113110
v 0.007705 0.490287 0.110072
v 0.005418 0.489691 0.111221
v 0.018606 0.492592 0.103970
v 0.028882 0.482496 0.106435
v 0.019893 0.492850 0.103233
v 0.021928 0.493069 0.101881
v 0.039160 0.494002 0.089665
v 0.030646 0.493936 0.096028
v 0.038998 0.485251 0.098567
v 0.029917 0.493931 0.096573
v 0.029486 0.493884 0.096859
v 0.048501 0.487088 0.089703
v 0.041695 0.493905 0.087687
v 0.040403 0.493977 0.088712
v 0.039848 0.494007 0.089152
v 0.065810 0.486971 0.069785
v 0.064084 0.489446 0.067621
v 0.062039 0.490034 0.069592
v 0.055611 0.491883 0.075788
v 0.041486 0.415750 0.120417
v 0.028882 0.410215 0.123632
v 0.045730 0.403213 0.118057
v 0.032129 0.399097 0.121008
v 0.036571 0.427878 0.121845
v 0.026587 0.415481 0.124213
v 0.028301 0.411547 0.123779
v 0.017519 0.435319 0.125973
v 0.018994 0.432776 0.126066
v 0.030712 0.439698 0.122389
v 0.019219 0.432389 0.126080
v 0.023095 0.423493 0.125098
v -0.002718 0.467097 0.122632
v 0.003107 0.458903 0.124228
v 0.015845 0.463184 0.120754
v 0.007059 0.453345 0.125311
v 0.093408 0.452898 0.070089
v 0.098804 0.442207 0.068845
v 0.097008 0.426960 0.078475
v 0.092106 0.439285 0.080792
v 0.086598 0.450833 0.081693
v 0.080324 0.461391 0.081728
v 0.079950 0.417720 0.098735
v 0.089110 0.422536 0.089318
v 0.075162 0.430678 0.100828
v 0.084215 0.435337 0.091469
v 0.069791 0.442968 0.101660
v 0.078729 0.447391 0.092252
v 0.063505 0.454449 0.101636
v 0.072394 0.458505 0.092172
v 0.042696 0.444601 0.116922
v 0.048701 0.432803 0.116575
v 0.053730 0.420549 0.115371
v 0.058149 0.407824 0.113152
v 0.069599 0.412738 0.106693
v 0.035638 0.456104 0.116480
v 0.053617 0.449666 0.109944
v 0.059781 0.437969 0.109806
v 0.064983 0.425637 0.108817
v 0.027492 0.467530 0.115241
v 0.046443 0.460852 0.109400
v 0.087335 0.462665 0.070476
v 0.073355 0.470974 0.081304
v 0.065750 0.479711 0.080696
v 0.065244 0.468722 0.091589
v 0.057317 0.478196 0.090734
v 0.056293 0.465203 0.101028
v 0.048169 0.475411 0.099994
v 0.038247 0.471730 0.108242
v 0.042977 0.509458 0.073183
v -0.020253 0.498248 0.112925
v -0.020224 0.498220 0.113007
v -0.000351 0.504823 0.106235
v 0.045567 0.508194 0.077045
v 0.042625 0.507932 0.059827
v 0.037066 0.508739 0.064550
v 0.040170 0.509764 0.068998
v 0.038637 0.508098 0.086261
v 0.039780 0.506398 0.088062
v 0.040197 0.506357 0.087701
v 0.037363 0.509155 0.084263
v 0.047017 0.505685 0.081802
v 0.048062 0.505464 0.080764
v 0.029798 0.508275 0.092944
v 0.030901 0.506524 0.094685
v 0.031406 0.506523 0.094317
v 0.038642 0.506511 0.089046
v 0.021507 0.505802 0.100489
v 0.022023 0.505847 0.100178
v 0.020423 0.507588 0.098851
v 0.029817 0.506526 0.095475
v 0.010680 0.506065 0.103963
v 0.011766 0.504285 0.105498
v 0.012238 0.504365 0.105265
v 0.019785 0.505652 0.101528
v 0.000723 0.503774 0.108330
v 0.002187 0.502102 0.109619
v 0.009214 0.503850 0.106762
v -0.010488 0.498389 0.114211
v -0.001928 0.501079 0.111293
v 0.001817 0.502010 0.109770
v -0.018249 0.495550 0.116468
v -0.019307 0.497091 0.114955
v -0.019353 0.497158 0.114889
v -0.019777 0.497777 0.114281
v -0.003744 0.506056 0.096024
v -0.022604 0.500192 0.103073
v -0.021943 0.499926 0.108103
v -0.023335 0.500486 0.097522
v -0.011945 0.503791 0.093416
v -0.011598 0.503892 0.093291
v -0.004972 0.505429 0.090319
v 0.014752 0.509480 0.086778
v 0.032089 0.510387 0.075460
v 0.024027 0.509394 0.074355
v 0.013812 0.508676 0.080690
v 0.012462 0.508581 0.081526
v 0.000373 0.506669 0.087921
v 0.036421 0.508833 0.065099
v 0.034459 0.509118 0.066766
v 0.029270 0.509255 0.070541
v 0.034757 0.510206 0.080022
v 0.026049 0.510166 0.086272
v 0.016909 0.509396 0.091904
v -0.002223 0.505816 0.101324
v -0.021879 0.499863 0.108285
v 0.019229 0.508578 0.096713
v 0.028554 0.509284 0.090851
v 0.009547 0.507069 0.101827
v 0.036620 0.488076 0.005843
v 0.046630 0.482565 -0.002541
v 0.031261 0.477458 -0.019619
v 0.006043 0.466143 -0.089105
v -0.013861 0.479160 -0.072534
v 0.001016 0.475756 -0.054615
v -0.094493 0.480231 0.043014
v -0.086955 0.480258 0.051803
v -0.065894 0.487144 0.033266
v -0.090333 0.476990 0.085154
v -0.090153 0.477027 0.085301
v -0.071741 0.482709 0.069141
v -0.036028 0.486803 -0.099662
v -0.120265 0.475474 0.050289
v -0.119937 0.475376 0.050928
v -0.116935 0.474476 0.056767
v -0.128579 0.480394 0.028984
v -0.125193 0.477158 0.040265
v -0.101984 0.481007 0.034146
v -0.124875 0.476855 0.041322
v -0.129441 0.489092 0.000762
v -0.130386 0.487685 0.005603
v -0.116837 0.484855 0.016184
v -0.130771 0.487112 0.007574
v -0.130241 0.483950 0.017440
v -0.129847 0.481605 0.024761
v -0.129160 0.480949 0.027048
v -0.110627 0.495583 -0.020315
v -0.123817 0.494833 -0.018744
v -0.127460 0.492041 -0.009384
v -0.114239 0.499268 -0.036130
v -0.089764 0.499027 -0.038511
v -0.110109 0.500687 -0.042719
v -0.103136 0.502082 -0.052333
v -0.117623 0.498105 -0.030729
v -0.118229 0.497785 -0.029557
v -0.079415 0.499340 -0.047469
v -0.097342 0.502630 -0.059425
v -0.102175 0.502173 -0.053509
v -0.082820 0.502022 -0.074182
v -0.083448 0.502084 -0.073600
v -0.069129 0.498583 -0.056323
v -0.088999 0.502632 -0.068449
v -0.089957 0.502632 -0.067412
v -0.081149 0.501857 -0.075732
v -0.058908 0.496705 -0.065066
v -0.048750 0.493735 -0.073701
v -0.028635 0.484313 -0.090625
v 0.020923 0.462813 -0.071193
v 0.028421 0.462137 -0.062335
v 0.035961 0.462191 -0.053550
v 0.043544 0.462987 -0.044838
v 0.051169 0.464515 -0.036197
v 0.066533 0.469547 -0.019113
v 0.072073 0.483295 0.006038
v 0.062099 0.489419 0.014362
v 0.052075 0.494679 0.022771
v 0.041986 0.498841 0.031288
v 0.031828 0.501811 0.039922
v 0.021606 0.503689 0.048664
v -0.019892 0.500688 0.084668
v 0.000971 0.504133 0.066476
v 0.011320 0.504446 0.057517
v -0.056347 0.488258 0.086174
v -0.042904 0.494051 0.100876
v -0.035322 0.494489 0.067703
v -0.040921 0.494761 0.100967
v -0.035839 0.496416 0.099971
v -0.070266 0.483678 0.096360
v -0.068538 0.484375 0.096880
v -0.059351 0.488080 0.099647
v -0.057500 0.488827 0.100205
v -0.047795 0.492301 0.100651
v -0.087558 0.477552 0.087417
v -0.080581 0.479957 0.091319
v -0.073088 0.482540 0.095510
v -0.100948 0.474840 0.076496
v -0.099309 0.475172 0.077833
v -0.079371 0.481081 0.060512
v -0.099203 0.475194 0.077920
v -0.114248 0.474421 0.060372
v -0.113864 0.474413 0.060888
v -0.107310 0.474279 0.069680
v -0.073432 0.487106 0.024479
v -0.044992 0.491282 0.015002
v -0.052532 0.491217 0.006217
v -0.080928 0.487818 0.015617
v -0.034636 0.491712 0.006031
v -0.049678 0.492259 -0.011605
v -0.060033 0.491848 -0.002637
v -0.039396 0.491432 -0.020452
v -0.128019 0.491208 -0.006520
v -0.095813 0.491085 -0.002288
v -0.074934 0.494827 -0.020514
v -0.064582 0.495194 -0.029478
v -0.054298 0.494393 -0.038327
v -0.044085 0.492371 -0.047055
v -0.024354 0.490878 -0.002814
v -0.014148 0.488735 -0.011531
v -0.029188 0.489316 -0.029171
v -0.038661 0.489572 -0.082217
v -0.023871 0.484671 -0.064151
v -0.033944 0.489117 -0.055662
v -0.019054 0.485925 -0.037764
v -0.011556 0.485254 -0.028906
v -0.004016 0.485307 -0.020120
v 0.001058 0.491019 0.005826
v -0.009150 0.493134 0.014545
v -0.019432 0.493961 0.023391
v 0.011192 0.487628 -0.002767
v 0.003567 0.486106 -0.011407
v 0.023634 0.475901 -0.028256
v 0.016051 0.475093 -0.036967
v 0.008512 0.475050 -0.045754
v -0.050683 0.489520 0.050613
v -0.029787 0.493550 0.032360
v -0.014443 0.498231 0.049479
v -0.004091 0.498598 0.040515
v 0.006193 0.497798 0.031666
v 0.016407 0.495776 0.022938
v 0.026548 0.492522 0.014332
v -0.058310 0.487957 0.041977
v -0.037409 0.492068 0.023715
v -0.126533 0.496592 -0.055196
v -0.126773 0.496513 -0.054805
v -0.125480 0.498404 -0.053593
v -0.086805 0.502620 -0.077923
v -0.094399 0.503271 -0.070900
v -0.108070 0.502570 -0.055343
v -0.119741 0.499531 -0.038204
v -0.129177 0.494181 -0.020255
v -0.131479 0.494960 -0.047143
v -0.132211 0.494584 -0.045746
v -0.131139 0.496357 -0.044255
v -0.132360 0.494508 -0.045463
v -0.136687 0.492285 -0.037206
v -0.119215 0.498042 -0.065495
v -0.120133 0.497876 -0.064230
v -0.119080 0.499739 -0.062572
v -0.120454 0.497818 -0.063787
v -0.125677 0.496875 -0.056590
v -0.114410 0.498413 -0.071211
v -0.111907 0.500302 -0.071025
v -0.113377 0.498401 -0.072263
v -0.093892 0.500347 -0.084322
v -0.102268 0.501298 -0.077304
v -0.097762 0.497441 -0.086686
v -0.105138 0.498185 -0.080427
v -0.105538 0.498226 -0.080087
v -0.104005 0.500072 -0.078790
v -0.106527 0.498325 -0.079248
v -0.112968 0.498397 -0.072681
v -0.090515 0.501947 -0.081280
v -0.098509 0.502707 -0.074180
v -0.105953 0.502739 -0.066470
v -0.112816 0.502098 -0.058204
v -0.124744 0.498923 -0.040453
v -0.134227 0.493568 -0.021679
v -0.140205 0.490317 -0.024992
v -0.129275 0.497570 -0.042952
v -0.140267 0.490249 -0.025043
v -0.141393 0.488999 -0.025982
v -0.141559 0.488612 -0.026211
v -0.110069 0.501484 -0.069553
v -0.117188 0.500903 -0.061141
v -0.123583 0.499579 -0.052224
v -0.139229 0.491400 -0.024178
v -0.138622 0.491663 -0.023875
v -0.138546 0.491696 -0.023837
v -0.090400 0.483668 -0.093158
v -0.083224 0.481790 -0.098454
v -0.080938 0.481192 -0.100141
v -0.078706 0.480608 -0.101789
v -0.081598 0.470914 -0.109315
v -0.065094 0.409329 -0.139000
v -0.077951 0.404232 -0.134225
v -0.083896 0.416797 -0.130835
v -0.082190 0.402552 -0.132650
v -0.089676 0.399165 -0.127866
v -0.095550 0.412163 -0.124340
v -0.077384 0.443327 -0.127504
v -0.144056 0.459159 -0.040910
v -0.143679 0.463440 -0.037953
v -0.138838 0.467189 -0.049891
v -0.082753 0.478677 -0.102038
v -0.094148 0.479289 -0.095260
v -0.106606 0.485728 -0.078956
v -0.105405 0.485647 -0.080074
v -0.104962 0.478532 -0.087785
v -0.100092 0.485288 -0.085020
v -0.094744 0.484394 -0.089511
v -0.114122 0.485714 -0.071444
v -0.110586 0.485918 -0.075175
v -0.115016 0.476674 -0.079560
v -0.109318 0.485911 -0.076431
v -0.123652 0.484548 -0.060660
v -0.121167 0.484994 -0.063638
v -0.124132 0.473984 -0.070537
v -0.118586 0.485457 -0.066731
v -0.115061 0.485660 -0.070452
v -0.125860 0.484152 -0.058015
v -0.132132 0.470733 -0.060664
v -0.127650 0.483570 -0.055516
v -0.137408 0.479364 -0.040271
v -0.134944 0.480866 -0.044833
v -0.133509 0.481516 -0.047113
v -0.132335 0.482048 -0.048979
v -0.131150 0.482434 -0.050633
v -0.140007 0.477779 -0.035458
v -0.142605 0.475599 -0.029555
v -0.114616 0.466329 -0.088300
v -0.113962 0.455691 -0.095924
v -0.124037 0.462683 -0.079473
v -0.123464 0.451363 -0.087150
v -0.132319 0.458627 -0.069616
v -0.131809 0.446756 -0.077225
v -0.139258 0.454549 -0.058658
v -0.138807 0.442320 -0.066087
v -0.143951 0.438372 -0.053415
v -0.144076 0.441047 -0.051912
v -0.137581 0.430289 -0.072308
v -0.130664 0.434906 -0.083638
v -0.122418 0.439820 -0.093709
v -0.112993 0.444576 -0.102553
v -0.144532 0.450792 -0.046438
v -0.144623 0.452741 -0.045343
v -0.132910 0.405970 -0.081360
v -0.137779 0.402218 -0.068313
v -0.138915 0.406216 -0.067264
v -0.098124 0.395344 -0.122466
v -0.100431 0.394157 -0.120167
v -0.105960 0.407278 -0.116370
v -0.109892 0.389292 -0.110737
v -0.115096 0.402364 -0.107007
v -0.111550 0.388439 -0.109085
v -0.122914 0.397654 -0.096347
v -0.079122 0.453347 -0.122091
v -0.058226 0.411795 -0.140499
v -0.064012 0.409758 -0.139402
v -0.071017 0.420972 -0.135783
v -0.099006 0.425060 -0.120517
v -0.109352 0.420329 -0.112655
v -0.111549 0.432810 -0.108142
v -0.118490 0.415347 -0.103462
v -0.120820 0.427854 -0.099141
v -0.126366 0.410448 -0.093001
v -0.128879 0.422857 -0.088877
v -0.135621 0.418235 -0.077374
v -0.139895 0.409661 -0.066360
v -0.087495 0.429210 -0.127003
v -0.101160 0.437314 -0.115869
v -0.093191 0.470833 -0.103150
v -0.104266 0.469175 -0.096168
v -0.103497 0.459291 -0.103612
v -0.092260 0.461714 -0.110279
v -0.102539 0.448717 -0.110205
v -0.091200 0.451791 -0.116705
v -0.089743 0.440953 -0.122323
v -0.074853 0.432465 -0.132071
v -0.117725 0.384796 -0.099642
v -0.122175 0.382171 -0.092838
v -0.129353 0.393379 -0.084524
v -0.124382 0.380622 -0.087380
v -0.129849 0.376787 -0.073864
v -0.133638 0.387646 -0.072136
v -0.133800 0.388218 -0.071986
v -0.134237 0.389754 -0.071583
v -0.140699 0.414331 -0.064424
v -0.142298 0.423608 -0.060579
v -0.142771 0.426355 -0.059440
v -0.143619 0.431276 -0.057401
v -0.095804 0.309606 -0.089874
v -0.102255 0.307205 -0.073670
v -0.109141 0.324435 -0.074496
v -0.079765 0.380368 -0.134100
v -0.067190 0.385265 -0.140094
v -0.084893 0.334270 -0.119227
v -0.073926 0.338662 -0.129916
v -0.066259 0.320468 -0.128402
v -0.009077 0.255320 -0.126750
v -0.018738 0.253144 -0.123966
v -0.022701 0.273650 -0.129787
v -0.026105 0.251485 -0.121843
v -0.030916 0.250268 -0.119150
v -0.035117 0.270028 -0.124473
v -0.080884 0.239128 -0.066172
v -0.088383 0.266721 -0.069429
v -0.083323 0.274278 -0.084949
v -0.064402 0.241169 -0.091514
v -0.070485 0.239316 -0.083887
v -0.072724 0.238454 -0.079599
v -0.073021 0.238340 -0.079030
v -0.079945 0.235675 -0.065764
v -0.031132 0.250214 -0.119029
v -0.043066 0.247197 -0.112349
v -0.047246 0.266282 -0.116809
v -0.054067 0.244189 -0.102871
v -0.058711 0.262691 -0.107035
v -0.054402 0.244097 -0.102582
v -0.069070 0.259414 -0.095454
v -0.058145 0.243074 -0.099358
v -0.018890 0.253110 -0.123922
v -0.010278 0.276774 -0.132667
v -0.006633 0.255770 -0.126905
v -0.006708 0.255757 -0.126900
v -0.091165 0.375521 -0.126151
v -0.101304 0.370911 -0.116293
v -0.118627 0.348173 -0.075634
v -0.122994 0.359310 -0.074945
v -0.117399 0.362792 -0.090914
v -0.126853 0.369148 -0.074336
v -0.110085 0.366654 -0.104549
v -0.082227 0.357029 -0.129295
v -0.092859 0.352540 -0.118978
v -0.102161 0.348536 -0.106552
v -0.077460 0.316193 -0.117552
v -0.094571 0.330483 -0.106379
v -0.109963 0.345029 -0.092077
v -0.116108 0.341869 -0.075332
v -0.052787 0.284499 -0.121261
v -0.064261 0.280588 -0.110914
v -0.074596 0.277182 -0.098693
v -0.089983 0.271391 -0.069918
v -0.090063 0.271625 -0.069943
v -0.099791 0.300013 -0.072917
v -0.064065 0.241271 -0.091936
v -0.020771 0.315458 -0.142709
v -0.027926 0.292895 -0.135061
v -0.040571 0.288725 -0.129399
v -0.046965 0.306997 -0.133742
v -0.059197 0.302453 -0.125311
v -0.070568 0.298332 -0.114578
v -0.087421 0.312581 -0.104611
v -0.102711 0.327291 -0.091553
v -0.109574 0.325520 -0.074548
v -0.046289 0.392129 -0.145247
v -0.036141 0.373036 -0.147650
v -0.053517 0.389958 -0.144057
v -0.034852 0.352578 -0.147395
v -0.043501 0.371135 -0.146813
v -0.024188 0.364989 -0.148113
v -0.027337 0.334080 -0.145939
v -0.070397 0.361846 -0.137432
v -0.057466 0.366692 -0.143304
v -0.061857 0.343466 -0.138276
v -0.048810 0.348296 -0.144148
v -0.054071 0.325196 -0.136892
v -0.041066 0.329948 -0.142796
v -0.034108 0.311542 -0.139601
v -0.015066 0.296475 -0.138104
v 0.004590 0.056310 -0.089700
v -0.013568 0.195195 -0.111623
v 0.002201 0.140061 -0.104109
v -0.064197 0.133301 -0.054961
v -0.065760 0.146676 -0.056279
v -0.061911 0.146728 -0.061664
v -0.070577 0.187899 -0.060343
v -0.071790 0.194088 -0.061045
v -0.068206 0.194591 -0.067172
v -0.060478 0.069381 -0.049648
v -0.061847 0.092919 -0.051604
v -0.058150 0.092856 -0.056190
v -0.060309 0.064437 -0.049266
v -0.059355 0.037243 -0.047199
v -0.059384 0.037248 -0.047166
v -0.054231 0.092132 -0.060938
v -0.053203 0.035947 -0.054368
v -0.055958 0.036527 -0.051158
v -0.043433 0.035275 -0.063006
v -0.044982 0.035269 -0.061816
v -0.045875 0.089703 -0.069401
v -0.045790 0.035266 -0.061196
v -0.052060 0.035842 -0.055421
v -0.037254 0.035299 -0.067753
v -0.036914 0.087140 -0.076772
v -0.034309 0.035381 -0.069668
v -0.021105 0.035404 -0.077327
v -0.024884 0.035459 -0.075303
v -0.027409 0.085238 -0.083155
v -0.027846 0.035502 -0.073716
v -0.029197 0.035521 -0.072992
v -0.005973 0.056909 -0.087565
v -0.005389 0.033554 -0.082691
v -0.008029 0.033995 -0.082061
v -0.015244 0.034913 -0.079731
v -0.017389 0.084227 -0.088449
v -0.012851 0.034713 -0.080713
v -0.006860 0.083931 -0.092434
v -0.010600 0.034425 -0.081448
v -0.001829 0.032958 -0.083540
v 0.004648 0.031548 -0.084207
v 0.007262 0.030979 -0.084476
v 0.009351 0.030450 -0.084462
v -0.067508 0.161639 -0.057754
v -0.063171 0.115671 -0.053495
v -0.001441 0.197333 -0.114187
v -0.057941 0.145968 -0.067113
v -0.064305 0.194548 -0.073338
v -0.049605 0.143263 -0.076595
v -0.055838 0.193633 -0.084107
v -0.040633 0.140480 -0.084665
v -0.046435 0.192716 -0.093246
v -0.030968 0.138675 -0.091566
v -0.036163 0.192573 -0.100950
v -0.020606 0.138199 -0.097259
v -0.025161 0.193453 -0.107145
v -0.009556 0.138856 -0.101533
v -0.073467 0.202641 -0.062016
v 0.004193 0.083929 -0.094842
v -0.064412 0.046274 0.038154
v -0.068109 0.046302 0.031648
v -0.039345 0.042149 0.006990
v 0.074795 0.029869 -0.016164
v 0.059518 0.034519 -0.003187
v 0.047023 0.031920 -0.017227
v 0.028484 0.043889 0.066975
v -0.011569 0.040137 0.008047
v 0.022040 0.044908 0.069258
v 0.010045 0.045566 0.063998
v -0.002298 0.044769 0.049739
v 0.003882 0.037539 -0.005180
v 0.016230 0.038404 0.009071
v 0.028592 0.039429 0.023302
v 0.040933 0.040207 0.037563
v 0.072058 0.037646 0.010789
v 0.056547 0.039538 0.024102
v 0.034630 0.030533 -0.031414
v 0.022355 0.030533 -0.045770
v 0.025459 0.027093 -0.073250
v 0.010182 0.031743 -0.060273
v -0.001947 0.033482 -0.074840
v -0.017457 0.035374 -0.061528
v -0.033071 0.036043 -0.048066
v -0.020744 0.036653 -0.033784
v -0.070074 0.040978 -0.028689
v -0.069551 0.040708 -0.030040
v -0.036220 0.038953 -0.020521
v -0.067375 0.039878 -0.034204
v -0.064997 0.038971 -0.038753
v -0.074860 0.043982 -0.013494
v -0.072815 0.042429 -0.021426
v -0.063960 0.041402 -0.021631
v -0.072678 0.042324 -0.021959
v -0.051634 0.041993 -0.007347
v -0.075472 0.044720 -0.008708
v -0.075025 0.044181 -0.012203
v -0.075451 0.046342 0.008631
v -0.075799 0.046044 0.003758
v -0.067036 0.045169 0.005809
v -0.076087 0.045798 -0.000268
v -0.075959 0.045329 -0.004661
v -0.075950 0.045296 -0.004970
v -0.068702 0.046307 0.030606
v -0.070031 0.046354 0.027375
v -0.072366 0.046438 0.021696
v -0.073635 0.046469 0.017528
v -0.073973 0.046445 0.015870
v -0.074689 0.046395 0.012362
v -0.027036 0.042554 0.021296
v -0.062184 0.046302 0.041564
v -0.063927 0.046270 0.039008
v -0.050765 0.046989 0.054412
v -0.057546 0.046495 0.047473
v -0.028722 0.048996 0.068250
v -0.014677 0.043537 0.035533
v -0.017700 0.047945 0.062896
v -0.030045 0.048926 0.067777
v -0.038089 0.048221 0.063714
v -0.039552 0.048075 0.062776
v -0.043267 0.047704 0.060394
v -0.043480 0.047684 0.060223
v -0.049306 0.047129 0.055576
v -0.017003 0.049373 0.071840
v -0.014203 0.049380 0.072485
v -0.008791 0.049057 0.073069
v -0.021737 0.049363 0.070751
v -0.025356 0.049173 0.069455
v -0.005387 0.048854 0.073436
v 0.018586 0.045454 0.070482
v 0.016108 0.045836 0.071028
v 0.008686 0.046979 0.072665
v 0.003598 0.047750 0.073263
v -0.000932 0.048307 0.073350
v -0.004567 0.048753 0.073420
v -0.005239 0.034703 -0.047090
v 0.006999 0.034258 -0.032680
v 0.019297 0.034518 -0.018356
v 0.031668 0.035646 -0.004137
v 0.044098 0.037479 0.009996
v -0.028732 0.476410 0.121421
v -0.029243 0.476157 0.121455
v -0.018747 0.459962 0.126116
v -0.042954 0.469380 0.122371
v -0.043149 0.469284 0.122384
v -0.034816 0.453458 0.126556
v -0.089989 0.447101 0.107324
v -0.096116 0.445170 0.102770
v -0.095041 0.435856 0.104328
v -0.016200 0.136345 0.070118
v 0.022764 0.075812 0.068854
v 0.009123 0.080809 0.071954
v -0.003264 0.133744 0.072019
v -0.004074 0.084925 0.072547
v -0.028458 0.138228 0.066115
v -0.039842 0.139412 0.060205
v -0.050146 0.139912 0.052598
v -0.058656 0.135173 0.044120
v -0.051228 0.182196 0.052214
v -0.059840 0.173819 0.043265
v -0.058797 0.139764 0.044019
v -0.063956 0.230738 0.044054
v -0.062928 0.219383 0.043718
v -0.053343 0.219713 0.053157
v -0.061591 0.204601 0.043281
v -0.060303 0.181960 0.043269
v -0.066706 0.252024 0.045395
v -0.056712 0.252623 0.055560
v -0.069765 0.269996 0.047165
v -0.061350 0.281231 0.059353
v -0.072041 0.280711 0.048611
v -0.067085 0.305952 0.064281
v -0.078374 0.305328 0.052887
v -0.077559 0.302778 0.052307
v -0.073060 0.285512 0.049259
v -0.083524 0.321446 0.056555
v -0.073592 0.327285 0.069946
v -0.085469 0.326541 0.057988
v -0.098809 0.390650 0.090400
v -0.111390 0.389723 0.077319
v -0.109077 0.383066 0.075643
v -0.093449 0.376811 0.086512
v -0.102388 0.367082 0.070639
v -0.087215 0.362084 0.081544
v -0.099831 0.361199 0.068716
v -0.090520 0.339773 0.061710
v -0.113313 0.395255 0.078711
v -0.103070 0.404293 0.092957
v -0.115394 0.403307 0.080118
v -0.116290 0.406773 0.080724
v -0.106146 0.418436 0.094060
v -0.118069 0.417196 0.081754
v -0.119173 0.429531 0.082107
v -0.108075 0.433764 0.093682
v -0.119249 0.432704 0.082019
v -0.108811 0.441697 0.092466
v -0.119426 0.440035 0.081816
v -0.096820 0.444948 0.102246
v -0.105480 0.442218 0.095808
v -0.108465 0.441751 0.092814
v -0.073133 0.454284 0.116008
v -0.083201 0.449994 0.110821
v -0.080973 0.438918 0.113147
v -0.084090 0.449615 0.110364
v -0.062486 0.459439 0.119608
v -0.070022 0.455790 0.117060
v -0.066105 0.442904 0.119917
v -0.070800 0.455413 0.116797
v -0.044218 0.468756 0.122456
v -0.056624 0.462428 0.120522
v -0.050655 0.447765 0.124443
v -0.056986 0.462244 0.120465
v -0.025925 0.477798 0.121233
v 0.024325 0.333267 0.103377
v 0.026040 0.308372 0.095092
v 0.026825 0.280216 0.087039
v 0.026815 0.248338 0.079890
v 0.026192 0.212304 0.074238
v 0.025173 0.171727 0.070500
v 0.023975 0.126294 0.068798
v -0.028688 0.181085 0.066474
v -0.016006 0.179681 0.070802
v -0.029733 0.219161 0.068407
v -0.016503 0.218220 0.073187
v -0.031839 0.252638 0.071976
v -0.017939 0.252167 0.077290
v -0.035081 0.281832 0.077009
v -0.020419 0.281847 0.082884
v -0.039382 0.307157 0.083144
v -0.023921 0.307679 0.089551
v -0.044539 0.329105 0.089884
v -0.028310 0.330148 0.096748
v -0.050260 0.348224 0.096667
v -0.033374 0.349790 0.103879
v -0.056216 0.365107 0.102931
v -0.038863 0.367186 0.110369
v -0.062088 0.380389 0.108178
v -0.044525 0.382955 0.115716
v -0.067610 0.394730 0.112022
v -0.050155 0.397742 0.119540
v -0.072613 0.408811 0.114207
v -0.055624 0.412217 0.121594
v -0.077043 0.423318 0.114601
v -0.060909 0.427052 0.121744
v -0.072414 0.363397 0.093262
v -0.078474 0.378332 0.098381
v -0.083905 0.392357 0.102244
v -0.088504 0.406160 0.104594
v -0.092198 0.420434 0.105302
v -0.040503 0.181917 0.060211
v -0.042092 0.219650 0.061666
v -0.044844 0.252780 0.064670
v -0.048806 0.281615 0.069104
v -0.053852 0.306570 0.074661
v -0.059714 0.328140 0.080891
v -0.066034 0.346880 0.087270
v -0.008748 0.443008 0.128592
v -0.000252 0.426653 0.128889
v 0.006934 0.410304 0.127155
v 0.012933 0.393362 0.123497
v 0.017809 0.375243 0.118091
v 0.021597 0.355389 0.111235
v 0.010176 0.130404 0.071636
v -0.002675 0.177676 0.073018
v 0.011107 0.175038 0.072963
v -0.002634 0.216792 0.075839
v 0.011660 0.214837 0.076226
v -0.003384 0.251326 0.080455
v 0.011601 0.250069 0.081351
v -0.005064 0.281619 0.086581
v 0.010753 0.281096 0.087989
v -0.007712 0.308092 0.093738
v 0.009012 0.308344 0.095604
v -0.011271 0.331224 0.101341
v 0.006345 0.332284 0.103567
v -0.015618 0.351539 0.108767
v 0.002777 0.353423 0.111234
v -0.020590 0.369598 0.115432
v -0.001629 0.372299 0.118021
v -0.026019 0.385997 0.120844
v -0.006796 0.389479 0.123455
v -0.031768 0.401364 0.124638
v -0.012669 0.405562 0.127198
v -0.037761 0.416346 0.126582
v -0.019238 0.421167 0.129042
v -0.044015 0.431600 0.126549
v -0.026567 0.436926 0.128868
v -0.102832 0.472180 0.082289
v -0.109183 0.473008 0.071380
v -0.111353 0.470998 0.073350
v -0.072662 0.478405 0.106893
v -0.071774 0.481338 0.101982
v -0.084288 0.473913 0.101443
v -0.082782 0.477245 0.096787
v -0.095339 0.470448 0.094425
v -0.093207 0.474164 0.090129
v -0.105606 0.468155 0.086086
v -0.112529 0.469908 0.074418
v -0.048216 0.491108 0.106794
v -0.060548 0.483641 0.110489
v -0.072184 0.470808 0.114717
v -0.059283 0.476850 0.118064
v -0.072987 0.474944 0.111350
v -0.060276 0.480690 0.115111
v -0.046512 0.485300 0.118614
v -0.059043 0.476962 0.118126
v -0.054690 0.479001 0.119255
v -0.045711 0.483293 0.119580
v -0.045548 0.483372 0.119586
v -0.032991 0.491580 0.117847
v -0.037738 0.487105 0.119869
v -0.031928 0.489623 0.118855
v -0.032010 0.489588 0.118869
v -0.047190 0.486840 0.116669
v -0.033855 0.492937 0.115909
v -0.109233 0.457964 0.091194
v -0.118169 0.460717 0.079728
v -0.107728 0.463352 0.089350
v -0.117500 0.462056 0.079086
v -0.085407 0.465397 0.108161
v -0.085219 0.469950 0.105638
v -0.091968 0.462770 0.104730
v -0.096864 0.466005 0.098230
v -0.097209 0.461251 0.100724
v -0.108792 0.458026 0.091646
v -0.107917 0.458148 0.092539
v -0.097631 0.461129 0.100402
v -0.114769 0.466901 0.076496
v -0.115717 0.465628 0.077375
v -0.085027 0.465548 0.108360
v -0.074909 0.469599 0.113650
v -0.072658 0.470597 0.114531
v -0.035081 0.494823 0.111232
v -0.047994 0.489258 0.111989
v -0.035718 0.495974 0.106030
v -0.138830 0.488956 -0.008705
v -0.135875 0.459071 0.055983
v -0.135608 0.458973 0.056484
v -0.133345 0.463850 0.056203
v -0.128301 0.457094 0.068799
v -0.127901 0.457070 0.069337
v -0.125923 0.462269 0.068404
v -0.125228 0.472289 0.053244
v -0.118700 0.471244 0.064022
v -0.145956 0.483325 -0.012764
v -0.145984 0.483291 -0.012678
v -0.144906 0.485250 -0.011535
v -0.146366 0.482832 -0.011510
v -0.147329 0.479556 0.002153
v -0.145580 0.481234 0.003013
v -0.148115 0.471961 0.014904
v -0.145620 0.475787 0.016594
v -0.148091 0.471856 0.015171
v -0.143424 0.470861 0.030094
v -0.147184 0.467761 0.025559
v -0.146456 0.466572 0.028881
v -0.148060 0.477584 0.001005
v -0.148084 0.477510 0.001180
v -0.148831 0.475193 0.006704
v -0.143182 0.486753 -0.010480
v -0.136177 0.486105 0.005192
v -0.141189 0.483951 0.004338
v -0.141235 0.479010 0.017350
v -0.139141 0.474556 0.030203
v -0.130511 0.474464 0.041764
v -0.122642 0.467146 0.066475
v -0.129592 0.468434 0.054969
v -0.135165 0.470944 0.042792
v -0.134304 0.477721 0.029850
v -0.130916 0.457251 0.065282
v -0.139977 0.460577 0.048293
v -0.139247 0.466789 0.043352
v -0.141761 0.462179 0.043056
v -0.146378 0.466445 0.029235
v -0.146213 0.466176 0.029988
v -0.141909 0.462312 0.042620
v -0.133838 0.490428 -0.007397
v -0.068354 0.070685 -0.036577
v -0.067829 0.181262 0.033005
v -0.147824 0.451177 0.027557
v -0.147887 0.451375 0.027077
v -0.149426 0.438216 0.023508
v -0.149723 0.457152 0.013059
v -0.149739 0.457202 0.012938
v -0.151875 0.442070 0.007323
v -0.150203 0.458661 0.009396
v -0.149331 0.463303 -0.000968
v -0.151923 0.446870 -0.008946
v -0.146895 0.469691 -0.015548
v -0.149455 0.452608 -0.025123
v -0.149300 0.463466 -0.001333
v -0.148562 0.467395 -0.010107
v -0.147073 0.469446 -0.014968
v -0.143339 0.446563 0.041329
v -0.136923 0.442907 0.055485
v -0.141754 0.444933 0.046195
v -0.144716 0.435332 0.039391
v -0.143163 0.446383 0.041867
v -0.121332 0.439958 0.079564
v -0.128735 0.440651 0.069294
v -0.129193 0.432576 0.069247
v -0.128833 0.440660 0.069159
v -0.132352 0.440989 0.064276
v -0.136770 0.442842 0.055779
v -0.137909 0.433445 0.054726
v -0.128548 0.417176 0.068139
v -0.126330 0.402984 0.066044
v -0.122526 0.389316 0.062958
v -0.110709 0.360763 0.054359
v -0.117236 0.375473 0.058988
v -0.095588 0.326048 0.044495
v -0.088015 0.304775 0.040063
v -0.081120 0.280119 0.036478
v -0.075320 0.251576 0.034029
v -0.070872 0.218727 0.032874
v -0.066019 0.139019 0.034231
v -0.072007 0.137602 0.022988
v -0.076126 0.135546 0.010958
v -0.078201 0.132856 -0.001623
v -0.073649 0.076152 -0.023820
v -0.144829 0.419504 0.036166
v -0.149711 0.422056 0.018992
v -0.143096 0.404845 0.032652
v -0.148077 0.407016 0.014617
v -0.139530 0.390683 0.028805
v -0.137715 0.417873 0.052634
v -0.135790 0.403499 0.049879
v -0.132134 0.389643 0.046439
v -0.126850 0.375610 0.042406
v -0.080931 0.176027 -0.004323
v -0.078574 0.178278 0.008751
v -0.085212 0.214354 -0.006315
v -0.082466 0.216194 0.007390
v -0.091107 0.248050 -0.007372
v -0.087909 0.249483 0.007098
v -0.098423 0.277458 -0.007373
v -0.094758 0.278474 0.007957
v -0.106763 0.303018 -0.006305
v -0.102665 0.303597 0.009920
v -0.115595 0.325237 -0.004249
v -0.111133 0.325358 0.012829
v -0.124325 0.344673 -0.001358
v -0.119589 0.344323 0.016447
v -0.132374 0.361925 0.002167
v -0.127459 0.361099 0.020496
v -0.139243 0.377626 0.006119
v -0.134236 0.376330 0.024696
v -0.144554 0.392431 0.010312
v -0.074151 0.180024 0.021277
v -0.077634 0.217650 0.020541
v -0.082596 0.250656 0.020988
v -0.088942 0.279357 0.022664
v -0.096368 0.304178 0.025466
v -0.104417 0.325625 0.029166
v -0.112543 0.344264 0.033455
v -0.120189 0.360709 0.037981
v -0.114609 0.325451 -0.057381
v -0.104976 0.301000 -0.056503
v -0.095551 0.273331 -0.054560
v -0.086956 0.241937 -0.051753
v -0.079732 0.206345 -0.048324
v -0.074237 0.166134 -0.044525
v -0.070547 0.120975 -0.040572
v -0.149626 0.435081 -0.034416
v -0.147893 0.418346 -0.041944
v -0.144345 0.401793 -0.047887
v -0.139041 0.384811 -0.052348
v -0.132116 0.366808 -0.055384
v -0.123835 0.347206 -0.057041
v -0.076360 0.080858 -0.011094
v -0.075564 0.125580 -0.027572
v -0.078065 0.129535 -0.014533
v -0.078884 0.169974 -0.031164
v -0.081078 0.173264 -0.017701
v -0.083939 0.209458 -0.034391
v -0.085738 0.212116 -0.020320
v -0.090705 0.244313 -0.037025
v -0.092069 0.246336 -0.022161
v -0.098878 0.274927 -0.038864
v -0.099822 0.276287 -0.023062
v -0.107967 0.301762 -0.039750
v -0.108553 0.302418 -0.022944
v -0.117375 0.325323 -0.039587
v -0.117697 0.325236 -0.021803
v -0.126487 0.346151 -0.038335
v -0.126645 0.345292 -0.019701
v -0.134744 0.364809 -0.036005
v -0.134825 0.363170 -0.016747
v -0.141694 0.381889 -0.032633
v -0.141753 0.379486 -0.013070
v -0.147022 0.398003 -0.028260
v -0.147080 0.394876 -0.008788
v -0.150553 0.413779 -0.022901
v -0.150596 0.409998 -0.003977
v -0.152209 0.429858 -0.016510
v -0.152210 0.425513 0.001359
v 0.009375 -0.083439 0.009504
v 0.008124 -0.083509 0.010023
v 0.004747 -0.084367 -0.000000
v 0.016302 0.082892 0.001846
v 0.005824 0.084294 0.000930
v 0.005619 0.084282 0.002272
v -0.004747 0.084367 -0.000000
v 0.005856 0.084296 -0.000427
v -0.014871 0.083130 -0.002930
v -0.024760 0.080582 -0.005813
v -0.025337 0.080549 -0.003183
v 0.016366 0.082896 -0.000846
v 0.026619 0.080188 -0.001253
v 0.005715 0.084288 -0.001776
v 0.016086 0.082880 -0.003525
v 0.026204 0.080165 -0.005217
v 0.035909 0.076185 -0.006828
v 0.005402 0.084270 -0.003097
v 0.015466 0.082845 -0.006145
v 0.025287 0.080113 -0.009096
v 0.034708 0.076118 -0.011904
v 0.043582 0.070922 -0.014523
v 0.004924 0.084243 -0.004367
v 0.014517 0.082792 -0.008664
v 0.023881 0.080034 -0.012825
v 0.032869 0.076014 -0.016784
v 0.041338 0.070796 -0.020478
v 0.049155 0.064461 -0.023849
v 0.004287 0.084208 -0.005564
v 0.013254 0.082720 -0.011041
v 0.022012 0.079929 -0.016344
v 0.030422 0.075877 -0.021389
v 0.038353 0.070628 -0.026096
v 0.045679 0.064265 -0.030392
v 0.052284 0.056889 -0.034209
v 0.003503 0.084163 -0.006671
v 0.011698 0.082633 -0.013237
v 0.019708 0.079799 -0.019594
v 0.027407 0.075707 -0.025642
v 0.034674 0.070421 -0.031286
v 0.041395 0.064024 -0.036436
v 0.047462 0.056618 -0.041012
v 0.052781 0.048319 -0.044941
v 0.002584 0.084112 -0.007668
v -0.067281 0.050162 -0.009862
v -0.072955 0.041244 -0.010807
v -0.073756 0.041199 -0.001700
v 0.009874 0.082530 -0.015215
v 0.017008 0.079647 -0.022523
v 0.023874 0.075508 -0.029475
v 0.030364 0.070178 -0.035962
v 0.036375 0.063742 -0.041882
v 0.041812 0.056300 -0.047142
v 0.046589 0.047970 -0.051658
v 0.050632 0.038884 -0.055360
v 0.001545 0.084053 -0.008539
v -0.078337 0.031628 -0.001821
v -0.077943 0.031650 0.007968
v 0.007813 0.082414 -0.016944
v 0.013957 0.079476 -0.025082
v 0.019881 0.075284 -0.032823
v 0.025492 0.069904 -0.040048
v 0.030700 0.063423 -0.046640
v 0.035425 0.055941 -0.052498
v 0.039590 0.047576 -0.057527
v 0.043132 0.038462 -0.061649
v 0.045993 0.028741 -0.064799
v 0.000403 0.083989 -0.009270
v -0.081267 0.021581 0.008375
v -0.079543 0.021678 0.018527
v 0.005547 0.082287 -0.018394
v 0.010604 0.079287 -0.027228
v 0.015493 0.075037 -0.035633
v 0.020138 0.069603 -0.043476
v 0.024465 0.063072 -0.050633
v 0.028406 0.055546 -0.056991
v 0.031900 0.047144 -0.062451
v 0.034890 0.037998 -0.066926
v 0.037330 0.028254 -0.070345
v 0.039182 0.018063 -0.072655
v -0.000822 0.083920 -0.009849
v -0.081529 0.011272 0.019136
v -0.078424 0.011446 0.029307
v 0.003115 0.082150 -0.019543
v 0.007004 0.079084 -0.028928
v 0.010782 0.074772 -0.037858
v 0.014390 0.069280 -0.046190
v 0.017771 0.062695 -0.053794
v 0.020872 0.055122 -0.060549
v 0.023643 0.046679 -0.066350
v 0.026042 0.037500 -0.071104
v 0.028030 0.027730 -0.074737
v 0.029576 0.017523 -0.077191
v 0.030656 0.007039 -0.078428
v -0.002112 0.083847 -0.010266
v -0.079075 0.000865 0.029776
v -0.074627 0.001115 0.039622
v 0.000557 0.082006 -0.020370
v 0.003217 0.078871 -0.030153
v 0.005826 0.074493 -0.039460
v 0.008343 0.068939 -0.048146
v 0.010729 0.062299 -0.056071
v 0.012945 0.054676 -0.063113
v 0.014957 0.046191 -0.069159
v 0.016734 0.036977 -0.074114
v 0.018246 0.027180 -0.077901
v 0.019471 0.016954 -0.080459
v 0.020388 0.006461 -0.081748
v 0.020984 -0.004134 -0.081748
v -0.003444 0.083773 -0.010515
v -0.074031 -0.009479 0.039622
v -0.068362 -0.009160 0.048816
v -0.002086 0.081857 -0.020863
v -0.000696 0.078651 -0.030883
v 0.000706 0.074205 -0.040415
v 0.002096 0.068588 -0.049311
v 0.003453 0.061890 -0.057428
v 0.004756 0.054215 -0.064640
v 0.005984 0.045686 -0.070833
v 0.007117 0.036436 -0.075908
v 0.008138 0.026611 -0.079786
v 0.009031 0.016367 -0.082406
v 0.009781 0.005865 -0.083727
v 0.010377 -0.004730 -0.083727
v 0.010810 -0.015251 -0.082406
v -0.004796 0.083696 -0.010590
v -0.066687 -0.019611 0.048046
v -0.059998 -0.019234 0.056307
v -0.004770 0.081706 -0.021014
v -0.004669 0.078428 -0.031105
v -0.004494 0.073912 -0.040707
v -0.004248 0.068231 -0.049666
v -0.003936 0.061474 -0.057842
v -0.003561 0.053747 -0.065106
v -0.003130 0.045173 -0.071343
v -0.002650 0.035886 -0.076455
v -0.002127 0.026034 -0.080362
v -0.001572 0.015770 -0.083000
v -0.000991 0.005258 -0.084330
v -0.000395 -0.005336 -0.084330
v 0.000207 -0.015847 -0.083000
v 0.000806 -0.026108 -0.080362
v -0.006148 0.083620 -0.010492
v -0.057485 -0.029388 0.054517
v -0.050041 -0.028969 0.061620
v -0.007452 0.081555 -0.020819
v -0.008638 0.078204 -0.030817
v -0.009689 0.073620 -0.040330
v -0.010586 0.067874 -0.049206
v -0.011317 0.061059 -0.057306
v -0.011869 0.053280 -0.064503
v -0.012234 0.044661 -0.070682
v -0.012406 0.035337 -0.075747
v -0.012382 0.025457 -0.079617
v -0.012163 0.015174 -0.082232
v -0.011753 0.004653 -0.083549
v -0.011156 -0.005942 -0.083549
v -0.010384 -0.016443 -0.082232
v -0.009449 -0.026685 -0.079617
v -0.008364 -0.036506 -0.075747
v -0.007476 0.083546 -0.010222
v -0.046983 -0.038679 0.058625
v -0.039095 -0.038235 0.064420
v -0.010087 0.081407 -0.020282
v -0.012538 0.077985 -0.030023
v -0.014792 0.073333 -0.039290
v -0.016813 0.067524 -0.047938
v -0.018569 0.060650 -0.055830
v -0.020032 0.052820 -0.062841
v -0.021179 0.044157 -0.068861
v -0.021992 0.034798 -0.073795
v -0.022458 0.024890 -0.077565
v -0.022570 0.014589 -0.080113
v -0.022326 0.004058 -0.081396
v -0.021730 -0.006537 -0.081396
v -0.020791 -0.017029 -0.080113
v -0.019524 -0.027252 -0.077565
v -0.017949 -0.037045 -0.073795
v -0.016092 -0.046254 -0.068861
v -0.008758 0.083474 -0.009784
v -0.035824 -0.047365 0.060112
v -0.027834 -0.046915 0.064533
v -0.012631 0.081264 -0.019413
v -0.016305 0.077773 -0.028736
v -0.019722 0.073055 -0.037606
v -0.022827 0.067186 -0.045883
v -0.025573 0.060256 -0.053436
v -0.027915 0.052377 -0.060147
v -0.029818 0.043671 -0.065909
v -0.031249 0.034277 -0.070631
v -0.032189 0.024342 -0.074240
v -0.032620 0.014023 -0.076678
v -0.032537 0.003484 -0.077907
v -0.031941 -0.007111 -0.077907
v -0.030841 -0.017594 -0.076678
v -0.029255 -0.027799 -0.074240
v -0.027207 -0.037566 -0.070631
v -0.024731 -0.046740 -0.065909
v -0.021864 -0.055178 -0.060147
v -0.009974 0.083405 -0.009185
v -0.024696 -0.055337 0.058891
v -0.016949 -0.054901 0.061958
v -0.015044 0.081128 -0.018225
v -0.019876 0.077572 -0.026977
v -0.024395 0.072792 -0.035304
v -0.028530 0.066865 -0.043074
v -0.032214 0.059883 -0.050165
v -0.035390 0.051956 -0.056465
v -0.038009 0.043210 -0.061874
v -0.040027 0.033783 -0.066308
v -0.041415 0.023823 -0.069696
v -0.042149 0.013487 -0.071984
v -0.042219 0.002939 -0.073138
v -0.041623 -0.007656 -0.073138
v -0.040371 -0.018130 -0.071984
v -0.038481 -0.028318 -0.069696
v -0.035985 -0.038060 -0.066308
v -0.032922 -0.047201 -0.061874
v -0.029339 -0.055598 -0.056465
v -0.025293 -0.063118 -0.050165
v -0.011103 0.083342 -0.008435
v -0.014286 -0.062499 0.055046
v -0.007113 -0.062095 0.056867
v -0.017285 0.081002 -0.016737
v -0.023193 0.077385 -0.024775
v -0.028737 0.072548 -0.032423
v -0.033826 0.066567 -0.039559
v -0.038383 0.059536 -0.046071
v -0.042334 0.051566 -0.051856
v -0.045617 0.042782 -0.056824
v -0.048181 0.033324 -0.060896
v -0.049985 0.023341 -0.064007
v -0.051001 0.012989 -0.066109
v -0.051213 0.002433 -0.067168
v -0.050617 -0.008162 -0.067168
v -0.049222 -0.018628 -0.066109
v -0.047052 -0.028801 -0.064007
v -0.044139 -0.038519 -0.060896
v -0.040530 -0.047629 -0.056824
v -0.036282 -0.055989 -0.051856
v -0.031462 -0.063465 -0.046071
v -0.026146 -0.069941 -0.039559
v -0.012128 0.083284 -0.007547
v -0.005238 -0.068765 0.048828
v 0.001071 -0.068410 0.049590
v -0.019317 0.080888 -0.014975
v -0.026202 0.077216 -0.022166
v -0.032674 0.072327 -0.029009
v -0.038631 0.066297 -0.035393
v -0.043978 0.059221 -0.041220
v -0.048632 0.051211 -0.046396
v -0.052519 0.042394 -0.050841
v -0.055577 0.032908 -0.054484
v -0.057759 0.022903 -0.057267
v -0.059030 0.012537 -0.059148
v -0.059371 0.001974 -0.060096
v -0.058774 -0.008621 -0.060096
v -0.057251 -0.019080 -0.059148
v -0.054826 -0.029238 -0.057267
v -0.051535 -0.038935 -0.054484
v -0.047432 -0.048018 -0.050841
v -0.042580 -0.056343 -0.046396
v -0.037058 -0.063780 -0.041220
v -0.030950 -0.070211 -0.035393
v -0.024355 -0.075535 -0.029009
v -0.013030 0.083233 -0.006535
v 0.001890 -0.074059 0.040645
v 0.007098 -0.073766 0.040602
v -0.021108 0.080787 -0.012966
v -0.028854 0.077067 -0.019194
v -0.036144 0.072131 -0.025118
v -0.042864 0.066058 -0.030647
v -0.048908 0.058944 -0.035692
v -0.054181 0.050899 -0.040174
v -0.058599 0.042052 -0.044023
v -0.062094 0.032542 -0.047177
v -0.064609 0.022518 -0.049587
v -0.066105 0.012139 -0.051216
v -0.066558 0.001569 -0.052036
v -0.065962 -0.009025 -0.052036
v -0.064326 -0.019478 -0.051216
v -0.061675 -0.029623 -0.049587
v -0.058052 -0.039301 -0.047177
v -0.053513 -0.048360 -0.044023
v -0.048130 -0.056655 -0.040174
v -0.041988 -0.064058 -0.035692
v -0.035184 -0.070450 -0.030647
v -0.027825 -0.075731 -0.025118
v -0.020027 -0.079817 -0.019194
v -0.013796 0.083190 -0.005415
v 0.006658 -0.078316 0.031025
v 0.010601 -0.078094 0.030483
v -0.022628 0.080702 -0.010745
v -0.031104 0.076940 -0.015906
v -0.039088 0.071966 -0.020816
v -0.046456 0.065856 -0.025397
v -0.053092 0.058708 -0.029578
v -0.058890 0.050634 -0.033292
v -0.063760 0.041762 -0.036482
v -0.067624 0.032230 -0.039096
v -0.070421 0.022191 -0.041093
v -0.072108 0.011802 -0.042442
v -0.072658 0.001226 -0.043122
v -0.072062 -0.009369 -0.043122
v -0.070329 -0.019816 -0.042442
v -0.067488 -0.029950 -0.041093
v -0.063582 -0.039613 -0.039096
v -0.058673 -0.048650 -0.036482
v -0.052839 -0.056920 -0.033292
v -0.046172 -0.064293 -0.029578
v -0.038776 -0.070652 -0.025397
v -0.030769 -0.075896 -0.020816
v -0.022277 -0.079944 -0.015906
v -0.013433 -0.082731 -0.010745
v -0.014413 0.083155 -0.004207
v 0.008778 -0.081481 0.020593
v 0.011373 -0.081335 0.019889
v -0.052857 0.065496 -0.007523
v -0.060547 0.058289 -0.008761
v -0.061197 0.058252 -0.001378
v -0.068013 0.050121 -0.001551
v -0.067677 0.050140 0.006785
v -0.073389 0.041220 0.007435
v -0.071858 0.041306 0.016448
v -0.076302 0.031742 0.017627
v -0.073442 0.031903 0.026996
v -0.076536 0.021847 0.028375
v -0.072297 0.022086 0.037757
v -0.074046 0.011693 0.038997
v -0.068466 0.012007 0.048046
v -0.068958 0.001434 0.048816
v -0.062161 0.001817 0.057209
v -0.061565 -0.008778 0.057209
v -0.053753 -0.008339 0.064663
v -0.052309 -0.018802 0.063643
v -0.043747 -0.018320 0.069934
v -0.041750 -0.028502 0.067711
v -0.032750 -0.027996 0.072690
v -0.030533 -0.037753 0.069157
v -0.021436 -0.037241 0.072759
v -0.019345 -0.046437 0.067894
v -0.010497 -0.045940 0.070140
v -0.008875 -0.054447 0.064008
v -0.000605 -0.053982 0.065007
v 0.000235 -0.061682 0.057754
v 0.007635 -0.061266 0.057693
v 0.007425 -0.068052 0.049538
v 0.013720 -0.067698 0.048672
v 0.012257 -0.073475 0.039892
v 0.017284 -0.073193 0.038527
v 0.014442 -0.077878 0.029440
v 0.018119 -0.077671 0.027914
v 0.013856 -0.081195 0.018858
v 0.016188 -0.081064 0.017517
v 0.010551 -0.083373 0.008828
v 0.011630 -0.083312 0.008007
v 0.006816 -0.083583 0.010378
v 0.006114 -0.081631 0.020959
v 0.005474 -0.083658 0.010563
v 0.002679 -0.078540 0.031058
v 0.003426 -0.081782 0.020981
v 0.004119 -0.083735 0.010574
v -0.003281 -0.074350 0.040020
v -0.001272 -0.078762 0.030581
v 0.000757 -0.081932 0.020659
v 0.002774 -0.083810 0.010412
v -0.011398 -0.069111 0.047265
v -0.008330 -0.074634 0.038739
v -0.005130 -0.078979 0.029602
v -0.001850 -0.082079 0.019998
v 0.001460 -0.083884 0.010078
v -0.021169 -0.062886 0.052321
v -0.017307 -0.069444 0.044925
v -0.013173 -0.074906 0.036821
v -0.008831 -0.079187 0.028136
v -0.004350 -0.082219 0.019008
v 0.000200 -0.083955 0.009579
v -0.031987 -0.055747 0.054857
v -0.027646 -0.063251 0.048737
v -0.022869 -0.069757 0.041848
v -0.017732 -0.075163 0.034299
v -0.012315 -0.079383 0.026209
v -0.006703 -0.082352 0.017706
v -0.000986 -0.084022 0.008923
v -0.043184 -0.047779 0.054705
v -0.038704 -0.056125 0.049922
v -0.033613 -0.063586 0.044352
v -0.027993 -0.070045 0.038083
v -0.021931 -0.075399 0.031213
v -0.015523 -0.079564 0.023851
v -0.008871 -0.082474 0.016113
v -0.002078 -0.084083 0.008120
v -0.054065 -0.039077 0.051867
v -0.049793 -0.048151 0.048399
v -0.044735 -0.056464 0.044168
v -0.038972 -0.063888 0.039240
v -0.032594 -0.070304 0.033693
v -0.025702 -0.075611 0.027615
v -0.018405 -0.079726 0.021102
v -0.010818 -0.082583 0.014256
v -0.003060 -0.084138 0.007184
v -0.063961 -0.029752 0.046519
v -0.060227 -0.039424 0.044258
v -0.055542 -0.048474 0.041298
v -0.049982 -0.056760 0.037688
v -0.043633 -0.064150 0.033483
v -0.036597 -0.070529 0.028750
v -0.028983 -0.075796 0.023564
v -0.020912 -0.079867 0.018006
v -0.012511 -0.082679 0.012164
v -0.003913 -0.084186 0.006130
v -0.072267 -0.019925 0.038997
v -0.069364 -0.030056 0.037757
v -0.065366 -0.039713 0.035922
v -0.060338 -0.048744 0.033520
v -0.054359 -0.057006 0.030589
v -0.047522 -0.064369 0.027177
v -0.039935 -0.070717 0.023335
v -0.031719 -0.075950 0.019126
v -0.023003 -0.079985 0.014615
v -0.013924 -0.082758 0.009873
v -0.004625 -0.084226 0.004976
v -0.078479 -0.009730 0.029776
v -0.076645 -0.020171 0.029307
v -0.073603 -0.030294 0.028375
v -0.069399 -0.039940 0.026996
v -0.064102 -0.048956 0.025191
v -0.057793 -0.057199 0.022988
v -0.050573 -0.064541 0.020424
v -0.042555 -0.070864 0.017537
v -0.033867 -0.076070 0.014373
v -0.024644 -0.080077 0.010983
v -0.015032 -0.082820 0.007420
v -0.005184 -0.084258 0.003739
v -0.082230 0.000688 0.019442
v -0.081634 -0.009907 0.019442
v -0.079750 -0.020346 0.019136
v -0.076609 -0.030464 0.018527
v -0.072260 -0.040101 0.017627
v -0.066771 -0.049106 0.016448
v -0.060229 -0.057336 0.015010
v -0.052737 -0.064662 0.013335
v -0.044413 -0.070969 0.011450
v -0.035389 -0.076156 0.009385
v -0.025807 -0.080142 0.007171
v -0.015818 -0.082865 0.004845
v -0.005580 -0.084280 0.002442
v -0.083310 0.011171 0.008650
v -0.084040 0.000586 0.008789
v -0.083444 -0.010009 0.008789
v -0.081531 -0.020446 0.008650
v -0.078334 -0.030561 0.008375
v -0.073900 -0.040193 0.007968
v -0.068302 -0.049192 0.007435
v -0.061626 -0.057415 0.006785
v -0.053978 -0.064732 0.006028
v -0.045479 -0.071029 0.005176
v -0.036263 -0.076205 0.004242
v -0.026475 -0.080180 0.003242
v -0.016269 -0.082890 0.002190
v -0.005807 -0.084293 0.001104
v -0.081681 0.021558 -0.001914
v -0.083738 0.011147 -0.001977
v -0.084474 0.000561 -0.002009
v -0.083878 -0.010033 -0.002009
v -0.081959 -0.020470 -0.001977
v -0.078748 -0.030584 -0.001914
v -0.074294 -0.040215 -0.001821
v -0.068669 -0.049213 -0.001700
v -0.061961 -0.057434 -0.001551
v -0.054276 -0.064749 -0.001378
v -0.045735 -0.071043 -0.001183
v -0.036473 -0.076217 -0.000970
v -0.026635 -0.080189 -0.000741
v -0.016378 -0.082896 -0.000501
v -0.005862 -0.084296 -0.000252
v -0.077477 0.031676 -0.011581
v -0.080778 0.021608 -0.012173
v -0.082806 0.011200 -0.012572
v -0.083527 0.000615 -0.012774
v -0.082931 -0.009980 -0.012774
v -0.081027 -0.020418 -0.012572
v -0.077845 -0.030533 -0.012173
v -0.073435 -0.040167 -0.011581
v -0.067868 -0.049167 -0.010807
v -0.061230 -0.057393 -0.009862
v -0.053626 -0.064712 -0.008761
v -0.045177 -0.071012 -0.007523
v -0.036015 -0.076191 -0.006166
v -0.026286 -0.080169 -0.004712
v -0.016141 -0.082883 -0.003183
v -0.005743 -0.084289 -0.001604
v -0.023852 0.080633 -0.008348
v -0.034259 0.076763 -0.008605
v -0.032915 0.076838 -0.012357
v -0.043218 0.071733 -0.011261
v -0.041459 0.071832 -0.016171
v -0.051495 0.065573 -0.013739
v -0.049349 0.065694 -0.019730
v -0.058960 0.058378 -0.016001
v -0.056461 0.058519 -0.022978
v -0.065495 0.050263 -0.018011
v -0.062682 0.050421 -0.025864
v -0.070997 0.041354 -0.019736
v -0.067915 0.041528 -0.028341
v -0.075379 0.031794 -0.021150
v -0.072077 0.031980 -0.030372
v -0.078573 0.021732 -0.022231
v -0.075102 0.021928 -0.031924
v -0.080528 0.011328 -0.022961
v -0.076942 0.011530 -0.032972
v -0.081212 0.000745 -0.023329
v -0.077570 0.000950 -0.033501
v -0.080616 -0.009850 -0.023329
v -0.076974 -0.009645 -0.033501
v -0.078749 -0.020289 -0.022961
v -0.075164 -0.020088 -0.032972
v -0.075640 -0.030409 -0.022231
v -0.072168 -0.030214 -0.031924
v -0.071337 -0.040049 -0.021150
v -0.068035 -0.039863 -0.030372
v -0.065910 -0.049057 -0.019736
v -0.062828 -0.048884 -0.028341
v -0.059443 -0.057292 -0.018011
v -0.056631 -0.057134 -0.025864
v -0.052039 -0.064623 -0.016001
v -0.049540 -0.064483 -0.022978
v -0.043814 -0.070935 -0.013739
v -0.041669 -0.070814 -0.019730
v -0.034898 -0.076129 -0.011261
v -0.033140 -0.076030 -0.016171
v -0.025432 -0.080121 -0.008605
v -0.024088 -0.080046 -0.012357
v -0.015565 -0.082850 -0.005813
v -0.014657 -0.082799 -0.008348
v -0.005452 -0.084273 -0.002930
v -0.004995 -0.084247 -0.004207
v -0.004378 -0.084213 -0.005415
v -0.003612 -0.084169 -0.006535
v -0.011913 -0.082645 -0.012966
v -0.010122 -0.082544 -0.014975
v -0.017376 -0.079668 -0.022166
v -0.014367 -0.079499 -0.024775
v -0.020417 -0.075314 -0.032423
v -0.016076 -0.075070 -0.035304
v -0.020849 -0.069643 -0.043074
v -0.015147 -0.069322 -0.045883
v -0.018653 -0.062745 -0.053436
v -0.011648 -0.062351 -0.055830
v -0.013980 -0.054734 -0.062841
v -0.005818 -0.054275 -0.064503
v -0.007147 -0.045751 -0.070682
v 0.001957 -0.045239 -0.071343
v 0.001393 -0.035957 -0.076455
v 0.011159 -0.035407 -0.075908
v 0.011072 -0.025530 -0.079786
v 0.021180 -0.024962 -0.077901
v 0.021250 -0.014663 -0.080459
v 0.031355 -0.014095 -0.077191
v 0.031252 -0.003556 -0.078428
v 0.041011 -0.003007 -0.073819
v 0.040415 0.007588 -0.073819
v 0.049506 0.008100 -0.067999
v 0.048129 0.018567 -0.066926
v 0.056271 0.019025 -0.060099
v 0.053876 0.029185 -0.058188
v 0.060851 0.029577 -0.050622
v 0.057268 0.039257 -0.048161
v 0.062930 0.039576 -0.040172
v 0.058065 0.048616 -0.037486
v 0.062353 0.048857 -0.029416
v 0.056198 0.057109 -0.026844
v 0.059139 0.057275 -0.019038
v 0.051768 0.064608 -0.016914
v 0.053475 0.064704 -0.009702
v 0.045047 0.071005 -0.008330
v 0.045709 0.071042 -0.002001
v 0.036451 0.076216 -0.001640
v 0.036327 0.076209 0.003575
v 0.026524 0.080183 0.002732
v 0.025921 0.080149 0.006672
v 0.015895 0.082869 0.004507
v 0.015151 0.082827 0.007095
v 0.005244 0.084261 0.003576
v 0.004705 0.084231 0.004821
v -0.002709 -0.084119 -0.007547
v -0.001685 -0.084061 -0.008435
v -0.008089 -0.082430 -0.016737
v -0.005848 -0.082304 -0.018225
v -0.011049 -0.079312 -0.026977
v -0.007478 -0.079111 -0.028736
v -0.011402 -0.074807 -0.037606
v -0.006473 -0.074529 -0.039290
v -0.009133 -0.068984 -0.047938
v -0.002906 -0.068634 -0.049206
v -0.004396 -0.061943 -0.057306
v 0.002985 -0.061527 -0.057842
v 0.002491 -0.053807 -0.065106
v 0.010807 -0.053339 -0.064640
v 0.011071 -0.044726 -0.070833
v 0.020044 -0.044221 -0.069159
v 0.020776 -0.034866 -0.074114
v 0.030084 -0.034343 -0.071104
v 0.030964 -0.024411 -0.074737
v 0.040264 -0.023888 -0.070345
v 0.040960 -0.013554 -0.072655
v 0.049908 -0.013051 -0.066926
v 0.050102 -0.002495 -0.067999
v 0.058375 -0.002030 -0.061062
v 0.057779 0.008565 -0.061062
v 0.065098 0.008977 -0.053122
v 0.063475 0.019430 -0.052284
v 0.069622 0.019776 -0.043611
v 0.066803 0.029912 -0.042225
v 0.071633 0.030184 -0.033134
v 0.067526 0.039835 -0.031523
v 0.070980 0.040029 -0.022357
v 0.065576 0.049039 -0.020862
v 0.067681 0.049157 -0.011966
v 0.061059 0.057383 -0.010920
v 0.061927 0.057432 -0.002623
v 0.054246 0.064747 -0.002330
v 0.054069 0.064737 0.005080
v 0.045558 0.071033 0.004362
v 0.044595 0.070979 0.010653
v 0.035538 0.076165 0.008731
v 0.034098 0.076083 0.013744
v 0.024820 0.080087 0.010502
v 0.023239 0.079998 0.014160
v 0.014083 0.082767 0.009566
v 0.012709 0.082690 0.011880
v 0.004013 0.084192 0.005987
v 0.003177 0.084145 0.007055
v 0.002211 0.084091 0.008007
v 0.011050 0.082596 0.013999
v 0.021204 0.079883 0.017586
v 0.032029 0.075967 0.018531
v 0.042837 0.070880 0.016769
v 0.052949 0.064674 0.012407
v 0.061729 0.057421 0.005718
v 0.068632 0.049210 -0.002874
v 0.073235 0.040156 -0.012824
v 0.075264 0.030388 -0.023499
v 0.074611 0.020057 -0.034222
v 0.071343 0.009328 -0.044310
v 0.065694 -0.001618 -0.053122
v 0.058050 -0.012593 -0.060099
v 0.048927 -0.023400 -0.064799
v 0.038932 -0.033845 -0.066926
v 0.028730 -0.043733 -0.066350
v 0.018996 -0.052879 -0.063113
v 0.010374 -0.061112 -0.057428
v 0.003432 -0.068277 -0.049666
v -0.001370 -0.074242 -0.040330
v -0.003711 -0.078899 -0.030023
v -0.003436 -0.082168 -0.019413
v -0.000555 -0.083998 -0.009185
v 0.001132 0.084030 0.008828
v 0.009134 0.082489 0.015889
v 0.018749 0.079745 0.020723
v 0.029366 0.075817 0.023014
v 0.040313 0.070738 0.022610
v 0.050901 0.064559 0.019530
v 0.060467 0.057350 0.013965
v 0.068414 0.049198 0.006266
v 0.074254 0.040213 -0.003080
v 0.077634 0.030521 -0.013479
v 0.078361 0.020268 -0.024271
v 0.076412 0.009613 -0.034770
v 0.071939 -0.001267 -0.044310
v 0.065254 -0.012187 -0.052284
v 0.056810 -0.022957 -0.058188
v 0.047174 -0.033381 -0.061649
v 0.036987 -0.043268 -0.062451
v 0.026923 -0.052433 -0.060549
v 0.017649 -0.060702 -0.056071
v 0.009776 -0.067920 -0.049311
v 0.003825 -0.073950 -0.040707
v 0.000188 -0.078680 -0.030817
v -0.000891 -0.082025 -0.020282
v 0.000661 -0.083929 -0.009784
v -0.000043 0.083964 0.009504
v 0.006993 0.082368 0.017517
v 0.015913 0.079586 0.023519
v 0.026152 0.075636 0.027119
v 0.037064 0.070555 0.028079
v 0.047962 0.064394 0.026332
v 0.058163 0.057220 0.021982
v 0.067032 0.049120 0.015303
v 0.074021 0.040200 0.006715
v 0.078705 0.030581 -0.003237
v 0.080809 0.020405 -0.013921
v 0.080222 0.009828 -0.024660
v 0.077008 -0.000981 -0.034770
v 0.071401 -0.011841 -0.043611
v 0.063785 -0.022564 -0.050622
v 0.054674 -0.032959 -0.055360
v 0.044677 -0.042835 -0.057527
v 0.034458 -0.052009 -0.056991
v 0.024692 -0.060306 -0.053794
v 0.016023 -0.067569 -0.048146
v 0.009025 -0.073657 -0.040415
v 0.004158 -0.078456 -0.031105
v 0.001743 -0.081877 -0.020819
v 0.001943 -0.083857 -0.010222
v -0.001295 0.083893 0.010023
v 0.004661 0.082237 0.018858
v 0.012743 0.079407 0.025929
v 0.022441 0.075428 0.030779
v 0.033143 0.070335 0.033088
v 0.044178 0.064181 0.032702
v 0.054854 0.057034 0.029639
v 0.064507 0.048978 0.024088
v 0.072539 0.040117 0.016399
v 0.078461 0.030568 0.007058
v 0.081916 0.020468 -0.003343
v 0.082709 0.009968 -0.014145
v 0.080818 -0.000767 -0.024660
v 0.076390 -0.011561 -0.034222
v 0.069736 -0.022230 -0.042225
v 0.061310 -0.032586 -0.048161
v 0.051676 -0.042442 -0.051658
v 0.041476 -0.051614 -0.052498
v 0.031385 -0.059929 -0.050633
v 0.022070 -0.067228 -0.046190
v 0.014145 -0.073369 -0.039460
v 0.008131 -0.078233 -0.030883
v 0.004425 -0.081726 -0.021014
v 0.003271 -0.083782 -0.010492
v -0.002603 0.083820 0.010378
v 0.002177 0.082097 0.019889
v 0.009292 0.079213 0.027914
v 0.018293 0.075194 0.033933
v 0.028615 0.070080 0.037553
v 0.039611 0.063924 0.038535
v 0.050594 0.056794 0.036809
v 0.060881 0.048774 0.032478
v 0.069834 0.039964 0.025814
v 0.076903 0.030480 0.017237
v 0.081663 0.020453 0.007290
v 0.083834 0.010031 -0.003397
v 0.083305 -0.000627 -0.014145
v 0.080140 -0.011350 -0.024271
v 0.074567 -0.021958 -0.033134
v 0.066972 -0.032267 -0.040172
v 0.057868 -0.042093 -0.044941
v 0.047863 -0.051255 -0.047142
v 0.037621 -0.059579 -0.046640
v 0.027818 -0.066905 -0.043476
v 0.019101 -0.073090 -0.037858
v 0.012044 -0.078013 -0.030153
v 0.007109 -0.081575 -0.020863
v 0.004622 -0.083706 -0.010590
v -0.003945 0.083744 0.010563
v -0.000418 0.081951 0.020593
v 0.005615 0.079006 0.029440
v 0.013776 0.074940 0.036530
v 0.023554 0.069795 0.041402
v 0.034338 0.063627 0.043735
v 0.045455 0.056505 0.043374
v 0.056213 0.048512 0.040335
v 0.065948 0.039746 0.034805
v 0.074059 0.030320 0.027133
v 0.080054 0.020363 0.017803
v 0.083577 0.010017 0.007407
v 0.084430 -0.000564 -0.003397
v 0.082588 -0.011212 -0.013921
v 0.078197 -0.021754 -0.023499
v 0.071568 -0.032009 -0.031523
v 0.063152 -0.041796 -0.037486
v 0.053514 -0.050937 -0.041012
v 0.043295 -0.059259 -0.041882
v 0.033172 -0.066604 -0.040048
v 0.023812 -0.072825 -0.035633
v 0.015831 -0.077800 -0.028928
v 0.009752 -0.081426 -0.020370
v 0.005975 -0.083630 -0.010515
v -0.005300 0.083668 0.010574
v -0.003081 0.081801 0.020959
v 0.001774 0.078790 0.030483
v 0.008965 0.074669 0.038527
v 0.018043 0.069485 0.044570
v 0.028443 0.063296 0.048217
v 0.039519 0.056171 0.049227
v 0.050581 0.048195 0.047529
v 0.060946 0.039464 0.043225
v 0.069975 0.030090 0.036584
v 0.077117 0.020198 0.028024
v 0.081942 0.009925 0.018088
v 0.084173 -0.000578 0.007407
v 0.083694 -0.011150 -0.003343
v 0.080568 -0.021620 -0.013479
v 0.075022 -0.031814 -0.022357
v 0.067440 -0.041555 -0.029416
v 0.058335 -0.050665 -0.034209
v 0.048315 -0.058977 -0.036436
v 0.038044 -0.066330 -0.035962
v 0.028200 -0.072578 -0.032823
v 0.019431 -0.077597 -0.027228
v 0.012311 -0.081282 -0.019543
v 0.007307 -0.083555 -0.010266
v -0.006645 0.083592 0.010412
v -0.005769 0.081650 0.020981
v -0.002168 0.078568 0.031025
v 0.003938 0.074387 0.039892
v 0.012173 0.069155 0.047007
v 0.022025 0.062934 0.051907
v 0.032884 0.055798 0.054272
v 0.044077 0.047829 0.053943
v 0.054910 0.039125 0.050935
v 0.064717 0.029794 0.045434
v 0.072898 0.019960 0.037785
v 0.078958 0.009757 0.028473
v 0.082539 -0.000670 0.018088
v 0.083441 -0.011164 0.007290
v 0.081639 -0.021560 -0.003237
v 0.077277 -0.031687 -0.012824
v 0.070663 -0.041373 -0.020862
v 0.062249 -0.050445 -0.026844
v 0.052599 -0.058736 -0.030392
v 0.042355 -0.066087 -0.031286
v 0.032194 -0.072354 -0.029475
v 0.022784 -0.077408 -0.025082
v 0.014743 -0.081145 -0.018394
v 0.008597 -0.083483 -0.009849
v -0.007959 0.083519 0.010078
v -0.008439 0.081500 0.020659
v -0.006148 0.078344 0.031058
v -0.001222 0.074096 0.040602
v 0.006040 0.068810 0.048672
v 0.015189 0.062550 0.054745
v 0.025660 0.055391 0.058426
v 0.036807 0.047420 0.059472
v 0.047940 0.038733 0.057809
v 0.058373 0.029438 0.053537
v 0.067468 0.019655 0.046925
v 0.074672 0.009516 0.038390
v 0.079554 -0.000838 0.028473
v 0.081833 -0.011255 0.017803
v 0.081394 -0.021574 0.007058
v 0.078296 -0.031630 -0.003080
v 0.072767 -0.041255 -0.011966
v 0.065190 -0.050280 -0.019038
v 0.056076 -0.058540 -0.023849
v 0.046033 -0.065880 -0.026096
v 0.035727 -0.072155 -0.025642
v 0.025835 -0.077237 -0.022523
v 0.017008 -0.081018 -0.016944
v 0.009822 -0.083414 -0.009270
v -0.009219 0.083448 0.009579
v -0.011045 0.081353 0.019998
v -0.010099 0.078122 0.030581
v -0.006430 0.073803 0.040645
v -0.000256 0.068456 0.049538
v 0.008046 0.062148 0.056685
v 0.017965 0.054958 0.061620
v 0.028891 0.046974 0.064023
v 0.040149 0.038294 0.063733
v 0.051047 0.029025 0.060762
v 0.060916 0.019286 0.055295
v 0.069155 0.009205 0.047677
v 0.075268 -0.001079 0.038390
v 0.078895 -0.011420 0.028024
v 0.079837 -0.021661 0.017237
v 0.078063 -0.031643 0.006715
v 0.073719 -0.041201 -0.002874
v 0.067110 -0.050172 -0.010920
v 0.058689 -0.058393 -0.016914
v 0.049019 -0.065712 -0.020478
v 0.038741 -0.071985 -0.021389
v 0.028535 -0.077085 -0.019594
v 0.019069 -0.080902 -0.015215
v 0.010964 -0.083349 -0.008539
v -0.010405 0.083381 0.008923
v -0.013545 0.081213 0.019008
v -0.013957 0.077905 0.029602
v -0.011600 0.073512 0.040020
v -0.006610 0.068098 0.049590
v 0.000714 0.061735 0.057693
v 0.009926 0.054506 0.063803
v 0.020459 0.046500 0.067524
v 0.031666 0.037817 0.068611
v 0.042858 0.028565 0.066989
v 0.053348 0.018860 0.062757
v 0.062497 0.008831 0.056181
v 0.069751 -0.001390 0.047677
v 0.074677 -0.011657 0.037785
v 0.076993 -0.021821 0.027133
v 0.076582 -0.031726 0.016399
v 0.073501 -0.041214 0.006266
v 0.067978 -0.050123 -0.002623
v 0.060395 -0.058297 -0.009702
v 0.051262 -0.065586 -0.014523
v 0.041188 -0.071848 -0.016784
v 0.030838 -0.076955 -0.016344
v 0.020893 -0.080799 -0.013237
v 0.012003 -0.083291 -0.007668
v -0.011497 0.083319 0.008120
v -0.015898 0.081080 0.017706
v -0.017658 0.077697 0.028136
v -0.016649 0.073228 0.038739
v -0.012919 0.067743 0.048828
v -0.006686 0.061319 0.057754
v 0.001673 0.054042 0.064938
v 0.011649 0.046004 0.069915
v 0.022629 0.037308 0.072362
v 0.033941 0.028063 0.072116
v 0.044891 0.018384 0.069189
v 0.054809 0.008398 0.063763
v 0.063093 -0.001764 0.056181
v 0.069247 -0.011963 0.046925
v 0.072908 -0.022051 0.036584
v 0.073876 -0.031879 0.025814
v 0.072119 -0.041291 0.015303
v 0.067780 -0.050134 0.005718
v 0.061166 -0.058254 -0.002330
v 0.052727 -0.065503 -0.008330
v 0.043027 -0.071744 -0.011904
v 0.032708 -0.076850 -0.012825
v 0.022449 -0.080712 -0.011041
v 0.012922 -0.083239 -0.006671
v -0.012478 0.083264 0.007184
v -0.018066 0.080958 0.016113
v -0.021141 0.077501 0.026209
v -0.021492 0.072956 0.036821
v -0.019078 0.067397 0.047265
v -0.014033 0.060906 0.056867
v -0.006656 0.053573 0.065007
v 0.002606 0.045496 0.071159
v 0.013188 0.036777 0.074925
v 0.024443 0.027528 0.076059
v 0.035681 0.017866 0.074484
v 0.046215 0.007914 0.070298
v 0.055405 -0.002197 0.063763
v 0.062695 -0.012331 0.055295
v 0.067651 -0.022347 0.045434
v 0.069990 -0.032097 0.034805
v 0.069594 -0.041433 0.024088
v 0.066518 -0.050205 0.013965
v 0.060990 -0.058264 0.005080
v 0.053389 -0.065466 -0.002001
v 0.044228 -0.071677 -0.006828
v 0.034113 -0.076771 -0.009096
v 0.023712 -0.080641 -0.008664
v 0.013706 -0.083195 -0.005564
v -0.013332 0.083216 0.006130
v -0.020013 0.080849 0.014256
v -0.024350 0.077320 0.023851
v -0.026051 0.072699 0.034299
v -0.024988 0.067064 0.044925
v -0.021207 0.060502 0.055046
v -0.014926 0.053108 0.064008
v -0.006522 0.044982 0.071234
v 0.003497 0.036232 0.076258
v 0.014519 0.026970 0.078753
v 0.025871 0.017314 0.078557
v 0.036858 0.007388 0.075678
v 0.046812 -0.002680 0.070298
v 0.055127 -0.012757 0.062757
v 0.061307 -0.022704 0.053537
v 0.064988 -0.032379 0.043225
v 0.065968 -0.041637 0.032478
v 0.064214 -0.050335 0.021982
v 0.059869 -0.058327 0.012407
v 0.053238 -0.065475 0.004362
v 0.044771 -0.071646 -0.001640
v 0.035031 -0.076719 -0.005217
v 0.024662 -0.080587 -0.006145
v 0.014343 -0.083159 -0.004367
v -0.014044 0.083176 0.004976
v -0.021706 0.080753 0.012164
v -0.027232 0.077158 0.021102
v -0.030250 0.072463 0.031213
v -0.030550 0.066751 0.041848
v -0.028089 0.060115 0.052321
v -0.023001 0.052653 0.061958
v -0.015584 0.044472 0.070140
v -0.006285 0.035682 0.076339
v 0.004333 0.026397 0.080154
v 0.015621 0.016738 0.081339
v 0.026891 0.006827 0.079815
v 0.037454 -0.003207 0.075678
v 0.046669 -0.013233 0.069189
v 0.053980 -0.023116 0.060762
v 0.058952 -0.032718 0.050935
v 0.061300 -0.041900 0.040335
v 0.060905 -0.050521 0.029639
v 0.057822 -0.058442 0.019530
v 0.052276 -0.065529 0.010653
v 0.044646 -0.071653 0.003575
v 0.035446 -0.076696 -0.001253
v 0.025282 -0.080552 -0.003525
v 0.014821 -0.083132 -0.003097
v -0.014602 0.083145 0.003739
v -0.023119 0.080674 0.009873
v -0.029739 0.077017 0.018006
v -0.034021 0.072251 0.027615
v -0.035674 0.066463 0.038083
v -0.034567 0.059750 0.048737
v -0.030747 0.052218 0.058891
v -0.024432 0.043974 0.067894
v -0.015996 0.035135 0.075166
v -0.005948 0.025819 0.080239
v 0.005101 0.016146 0.082786
v 0.016477 0.006241 0.082643
v 0.027487 -0.003768 0.079815
v 0.037460 -0.013751 0.074484
v 0.045791 -0.023577 0.066989
v 0.051982 -0.033111 0.057809
v 0.055668 -0.042217 0.047529
v 0.056646 -0.050760 0.036809
v 0.054882 -0.058607 0.026332
v 0.050518 -0.065628 0.016769
v 0.043858 -0.071697 0.008731
v 0.035351 -0.076701 0.002732
v 0.025562 -0.080537 -0.000846
v 0.015133 -0.083115 -0.001776
v -0.014998 0.083122 0.002442
v -0.024227 0.080612 0.007420
v -0.031830 0.076899 0.014615
v -0.037302 0.072066 0.023564
v -0.040274 0.066204 0.033693
v -0.040534 0.059415 0.044352
v -0.038039 0.051807 0.054857
v -0.032921 0.043497 0.064533
v -0.025478 0.034602 0.072759
v -0.016156 0.025244 0.079006
v -0.005518 0.015548 0.082874
v 0.005788 0.005640 0.084113
v 0.017074 -0.004354 0.082643
v 0.027650 -0.014303 0.078557
v 0.036875 -0.024079 0.072116
v 0.044191 -0.033549 0.063733
v 0.049164 -0.042583 0.053943
v 0.051506 -0.051050 0.043374
v 0.051098 -0.058820 0.032702
v 0.047994 -0.065770 0.022610
v 0.042417 -0.071778 0.013744
v 0.034748 -0.076735 0.006672
v 0.025498 -0.080540 0.001846
v 0.015275 -0.083107 -0.000427
v -0.015226 0.083110 0.001104
v -0.025014 0.080567 0.004845
v -0.033471 0.076807 0.010983
v -0.040038 0.071912 0.019126
v -0.044277 0.065979 0.028750
v -0.045892 0.059113 0.039240
v -0.044755 0.051429 0.049922
v -0.040911 0.043047 0.060112
v -0.034575 0.034090 0.069157
v -0.026122 0.024683 0.076476
v -0.016061 0.014955 0.081600
v -0.005001 0.005033 0.084202
v 0.006384 -0.004955 0.084113
v 0.017400 -0.014880 0.081339
v 0.027376 -0.024613 0.076059
v 0.035708 -0.034026 0.068611
v 0.041894 -0.042992 0.059472
v 0.045570 -0.051384 0.049227
v 0.046532 -0.059077 0.038535
v 0.044744 -0.065953 0.028079
v 0.040348 -0.071895 0.018531
v 0.033647 -0.076797 0.010502
v 0.025090 -0.080563 0.004507
v 0.015242 -0.083109 0.000930
v -0.015280 0.083107 -0.000252
v -0.025465 0.080542 0.002190
v -0.034634 0.076742 0.007171
v -0.042186 0.071791 0.014373
v -0.047616 0.065791 0.023335
v -0.050554 0.058851 0.033483
v -0.050786 0.051090 0.044168
v -0.048271 0.042633 0.054705
v -0.043138 0.033608 0.064420
v -0.035684 0.024146 0.072690
v -0.026355 0.014376 0.078987
v -0.015713 0.004430 0.082908
v -0.004405 -0.005562 0.084202
v 0.006880 -0.015472 0.082786
v 0.017453 -0.025171 0.078753
v 0.026671 -0.034535 0.072362
v 0.033978 -0.043437 0.064023
v 0.038936 -0.051757 0.054272
v 0.041258 -0.059374 0.043735
v 0.040823 -0.066173 0.033088
v 0.037685 -0.072045 0.023014
v 0.032066 -0.076886 0.014160
v 0.024347 -0.080605 0.007095
v 0.015037 -0.083120 0.002272
v -0.015161 0.083113 -0.001604
v -0.025573 0.080536 -0.000501
v -0.035302 0.076704 0.003242
v -0.043709 0.071706 0.009385
v -0.050236 0.065644 0.017537
v -0.054442 0.058632 0.027177
v -0.056033 0.050795 0.037688
v -0.054880 0.042261 0.048399
v -0.051025 0.033164 0.058625
v -0.044684 0.023639 0.067711
v -0.036230 0.013820 0.075077
v -0.026171 0.003842 0.080253
v -0.015117 -0.006165 0.082908
v -0.003739 -0.016069 0.082874
v 0.007267 -0.025744 0.080154
v 0.017230 -0.035066 0.074925
v 0.025545 -0.043912 0.067524
v 0.031712 -0.052163 0.058426
v 0.035364 -0.059706 0.048217
v 0.036295 -0.066428 0.037553
v 0.034471 -0.072226 0.027119
v 0.030031 -0.077001 0.017586
v 0.023279 -0.080665 0.009566
v 0.014662 -0.083141 0.003576
v 0.030760 -0.072434 0.030779
v 0.027576 -0.077139 0.020723
v 0.021904 -0.080742 0.011880
v 0.014124 -0.083172 0.004821
v -0.035112 0.076715 -0.004712
v -0.035462 0.076695 -0.000741
v -0.044792 0.071645 -0.000970
v -0.044582 0.071657 0.004242
v -0.053160 0.065479 0.005176
v -0.052094 0.065539 0.011450
v -0.059657 0.058339 0.013335
v -0.057493 0.058460 0.020424
v -0.063844 0.050355 0.022988
v -0.060410 0.050549 0.030589
v -0.065425 0.041668 0.033520
v -0.060629 0.041938 0.041298
v -0.064269 0.032419 0.044258
v -0.058107 0.032766 0.051867
v -0.060419 0.022754 0.054517
v -0.052974 0.023173 0.061620
v -0.054088 0.012816 0.063643
v -0.045526 0.013297 0.069934
v -0.045650 0.002746 0.071055
v -0.036205 0.003277 0.076280
v -0.035609 -0.007318 0.076280
v -0.025575 -0.006753 0.080253
v -0.024576 -0.017241 0.078987
v -0.014282 -0.016662 0.081600
v -0.013222 -0.026897 0.079006
v -0.003015 -0.026323 0.080239
v -0.002242 -0.036161 0.076339
v 0.007539 -0.035611 0.076258
v 0.007692 -0.044916 0.071159
v 0.016735 -0.044407 0.069915
v 0.015977 -0.053049 0.063803
v 0.024017 -0.052596 0.061620
v 0.022109 -0.060451 0.054745
v 0.028946 -0.060067 0.051907
v 0.025723 -0.067023 0.044570
v 0.031234 -0.066713 0.041402
v 0.026612 -0.072668 0.033933
v 0.024740 -0.077298 0.023519
v 0.020245 -0.080836 0.013999
v 0.013431 -0.083211 0.005987
v -0.044335 0.071671 -0.006166
v -0.053416 0.065465 -0.001183
v -0.060899 0.058269 0.006028
v -0.066280 0.050218 0.015010
v -0.069189 0.041456 0.025191
v -0.069409 0.032130 0.035922
v -0.066895 0.022389 0.046519
v -0.061777 0.012383 0.056307
v -0.054349 0.002256 0.064663
v -0.045053 -0.007849 0.071055
v -0.034451 -0.017797 0.075077
v -0.023189 -0.027458 0.076476
v -0.011954 -0.036708 0.075166
v -0.001435 -0.045430 0.071234
v 0.007725 -0.053513 0.064938
v 0.014967 -0.060853 0.056685
v 0.019853 -0.067353 0.047007
v 0.022095 -0.072922 0.036530
v 0.021570 -0.077477 0.025929
v 0.018329 -0.080943 0.015889
v 0.012595 -0.083258 0.007055
f 1 2 3
f 4 5 6
f 7 8 9
f 4 6 10
f 10 6 11
f 10 11 12
f 12 11 13
f 12 13 14
f 14 13 15
f 14 15 16
f 16 15 17
f 16 17 8
f 8 17 18
f 8 18 9
f 7 9 19
f 19 9 20
f 19 20 21
f 22 23 24
f 24 23 25
f 23 26 25
f 25 26 27
f 25 27 28
f 28 27 29
f 28 29 30
f 30 29 31
f 30 31 32
f 32 31 33
f 32 33 34
f 34 33 35
f 34 35 36
f 36 35 1
f 36 1 37
f 37 1 3
f 20 38 21
f 21 38 39
f 21 39 40
f 40 39 41
f 40 41 42
f 42 41 43
f 42 43 44
f 44 43 45
f 44 45 46
f 46 45 47
f 46 47 48
f 48 47 49
f 48 49 50
f 50 49 51
f 50 51 52
f 52 51 22
f 52 22 53
f 53 22 24
f 54 55 56
f 57 54 58
f 58 54 59
f 59 54 56
f 59 56 60
f 56 61 60
f 60 61 62
f 60 62 63
f 63 62 64
f 63 64 65
f 65 64 66
f 66 64 67
f 66 67 68
f 67 69 68
f 68 69 70
f 68 70 71
f 71 70 72
f 72 70 73
f 72 73 74
f 74 73 75
f 74 75 76
f 76 75 77
f 76 77 78
f 78 77 79
f 78 79 80
f 81 82 83
f 83 82 84
f 83 84 85
f 85 84 86
f 85 86 87
f 87 86 88
f 87 88 89
f 89 88 90
f 89 90 91
f 91 90 92
f 91 92 80
f 80 92 93
f 80 93 78
f 94 95 96
f 96 95 97
f 96 97 98
f 98 97 99
f 98 99 81
f 81 99 100
f 81 100 82
f 2 101 96
f 96 101 102
f 96 102 94
f 103 55 104
f 104 55 54
f 104 54 105
f 105 54 57
f 103 104 106
f 106 104 107
f 106 107 108
f 108 107 109
f 108 109 110
f 111 112 113
f 113 112 114
f 113 114 115
f 115 114 110
f 115 110 116
f 116 110 109
f 113 117 111
f 111 117 118
f 111 118 119
f 119 118 120
f 119 120 121
f 121 120 122
f 121 122 123
f 123 122 124
f 124 122 125
f 124 125 126
f 125 127 126
f 126 127 128
f 126 128 129
f 129 128 130
f 128 131 130
f 130 131 132
f 130 132 133
f 133 132 134
f 133 134 135
f 136 137 138
f 138 137 139
f 138 139 140
f 134 141 135
f 135 141 142
f 135 142 143
f 143 142 144
f 143 144 145
f 145 144 146
f 145 146 147
f 147 146 148
f 147 148 138
f 138 148 149
f 138 149 136
f 150 151 152
f 152 151 153
f 152 153 154
f 154 153 155
f 156 157 158
f 159 160 161
f 161 160 162
f 161 162 163
f 163 162 164
f 163 164 165
f 165 164 166
f 165 166 167
f 167 166 168
f 167 168 140
f 156 158 169
f 169 158 170
f 169 170 171
f 171 170 172
f 171 172 173
f 173 172 174
f 173 174 159
f 159 174 175
f 159 175 160
f 156 176 157
f 157 176 177
f 157 177 178
f 178 177 179
f 178 179 180
f 180 179 181
f 181 179 182
f 181 182 183
f 183 182 184
f 183 184 185
f 185 184 186
f 185 186 187
f 187 186 188
f 187 188 189
f 189 188 190
f 189 190 191
f 191 190 192
f 191 192 193
f 193 192 194
f 193 194 195
f 195 194 196
f 195 196 197
f 197 196 198
f 197 198 199
f 199 198 200
f 199 200 155
f 155 200 201
f 155 201 154
f 151 150 202
f 202 150 203
f 204 205 206
f 206 205 207
f 206 207 208
f 208 207 209
f 208 209 210
f 211 212 213
f 213 212 214
f 213 214 215
f 215 214 216
f 215 216 217
f 217 216 218
f 217 218 219
f 219 218 205
f 219 205 220
f 220 205 204
f 221 222 223
f 223 222 224
f 224 225 223
f 223 225 226
f 223 226 227
f 203 228 202
f 202 228 222
f 202 222 229
f 229 222 221
f 230 231 232
f 213 233 211
f 211 233 234
f 211 234 235
f 235 234 236
f 235 236 237
f 237 236 230
f 237 230 238
f 238 230 232
f 227 226 210
f 210 226 239
f 210 239 208
f 201 200 240
f 196 194 241
f 190 188 242
f 184 182 243
f 177 176 244
f 245 246 241
f 247 150 248
f 248 150 152
f 248 152 249
f 250 251 247
f 247 251 252
f 247 252 150
f 241 246 240
f 240 246 253
f 240 253 249
f 254 255 243
f 243 255 256
f 243 256 242
f 242 256 257
f 242 257 241
f 241 257 258
f 241 258 245
f 254 243 259
f 259 243 244
f 259 244 260
f 261 262 244
f 244 262 263
f 244 263 260
f 264 265 261
f 261 265 266
f 261 266 262
f 267 268 269
f 269 268 264
f 161 163 269
f 269 163 165
f 269 165 167
f 136 267 137
f 137 267 269
f 137 269 139
f 139 269 167
f 139 167 140
f 264 261 269
f 269 261 159
f 269 159 161
f 169 171 261
f 261 171 173
f 261 173 159
f 244 176 261
f 261 176 156
f 261 156 169
f 243 182 244
f 244 182 179
f 244 179 177
f 242 188 243
f 243 188 186
f 243 186 184
f 241 194 242
f 242 194 192
f 242 192 190
f 240 200 241
f 241 200 198
f 241 198 196
f 249 152 240
f 240 152 154
f 240 154 201
f 270 271 272
f 273 274 275
f 275 274 276
f 277 278 279
f 279 278 280
f 281 277 282
f 283 284 282
f 282 284 285
f 282 285 281
f 286 287 283
f 287 288 283
f 283 288 289
f 283 289 284
f 290 237 238
f 238 232 290
f 290 232 291
f 290 291 292
f 292 293 290
f 290 293 294
f 290 294 295
f 205 218 296
f 296 218 216
f 296 216 214
f 214 212 296
f 296 212 211
f 296 211 235
f 227 210 296
f 210 209 296
f 296 209 207
f 296 207 205
f 151 202 297
f 202 229 297
f 297 229 221
f 297 221 296
f 296 221 223
f 296 223 227
f 298 299 297
f 299 300 297
f 297 300 301
f 297 301 151
f 302 303 304
f 304 303 305
f 304 305 306
f 302 304 307
f 307 304 275
f 307 275 308
f 308 275 276
f 308 276 309
f 277 279 282
f 282 279 310
f 282 310 283
f 311 296 290
f 290 296 235
f 290 235 237
f 311 312 296
f 296 312 313
f 296 313 297
f 297 313 314
f 297 314 298
f 315 316 317
f 318 271 319
f 319 271 270
f 319 270 317
f 317 270 320
f 317 320 315
f 321 322 323
f 323 322 306
f 323 306 324
f 324 306 305
f 321 325 322
f 322 325 326
f 322 326 327
f 327 326 328
f 327 328 329
f 280 273 279
f 279 273 275
f 279 275 310
f 310 275 304
f 310 304 330
f 330 304 306
f 330 306 331
f 331 306 322
f 331 322 272
f 272 322 327
f 272 327 270
f 270 327 329
f 270 329 320
f 332 333 314
f 314 333 334
f 314 334 298
f 295 286 290
f 290 286 283
f 290 283 311
f 311 283 310
f 311 310 312
f 312 310 330
f 312 330 313
f 313 330 331
f 313 331 314
f 314 331 272
f 314 272 332
f 332 272 271
f 332 271 335
f 335 271 318
f 287 336 288
f 288 336 337
f 288 337 289
f 289 337 338
f 289 338 284
f 295 294 339
f 339 294 340
f 339 341 295
f 295 341 342
f 295 342 286
f 286 342 343
f 286 343 287
f 287 343 344
f 287 344 336
f 277 345 346
f 277 346 278
f 346 347 278
f 278 347 348
f 278 348 280
f 280 348 349
f 280 349 273
f 350 309 351
f 351 309 276
f 351 276 352
f 352 276 274
f 352 274 353
f 353 274 273
f 353 273 354
f 354 273 349
f 294 293 340
f 340 293 292
f 340 292 355
f 232 231 291
f 291 231 356
f 291 356 292
f 292 356 357
f 292 357 355
f 277 281 345
f 345 281 285
f 345 285 358
f 358 285 284
f 358 284 359
f 359 284 338
f 360 361 362
f 363 364 365
f 366 109 107
f 105 57 367
f 366 107 367
f 367 107 104
f 367 104 105
f 113 115 366
f 366 115 116
f 366 116 109
f 128 127 368
f 368 127 125
f 368 125 122
f 122 120 368
f 368 120 118
f 368 118 366
f 366 118 117
f 366 117 113
f 132 131 369
f 370 141 134
f 136 149 371
f 371 149 148
f 148 146 371
f 371 146 144
f 371 144 370
f 370 144 142
f 370 142 141
f 267 372 268
f 268 372 373
f 268 373 264
f 262 266 373
f 373 266 265
f 373 265 264
f 254 259 374
f 374 259 260
f 374 260 263
f 258 257 375
f 375 257 256
f 375 256 255
f 376 245 258
f 250 247 376
f 376 247 248
f 376 248 249
f 249 253 376
f 376 253 246
f 376 246 245
f 377 378 379
f 379 378 380
f 379 380 381
f 382 383 384
f 384 383 385
f 384 385 386
f 386 387 384
f 384 387 388
f 384 388 379
f 379 388 389
f 379 389 377
f 365 364 390
f 365 390 384
f 384 390 391
f 384 391 382
f 392 393 394
f 395 396 392
f 395 392 397
f 396 398 392
f 392 398 399
f 392 399 393
f 361 400 362
f 362 400 401
f 362 401 402
f 403 404 405
f 405 404 406
f 405 406 407
f 360 408 409
f 409 408 405
f 409 405 410
f 410 405 407
f 411 412 413
f 413 412 414
f 411 413 415
f 415 413 416
f 415 416 417
f 418 416 419
f 419 416 420
f 418 421 416
f 416 421 422
f 416 422 417
f 423 424 425
f 425 424 426
f 425 426 94
f 427 428 420
f 420 428 429
f 420 429 419
f 100 99 426
f 99 97 426
f 426 97 95
f 426 95 94
f 92 90 430
f 430 90 88
f 88 86 430
f 430 86 84
f 430 84 82
f 93 92 431
f 431 92 430
f 431 430 426
f 426 430 82
f 426 82 100
f 432 71 72
f 72 74 432
f 432 74 76
f 432 76 78
f 433 60 63
f 63 65 433
f 433 65 66
f 433 66 68
f 367 57 58
f 367 58 59
f 413 434 416
f 416 434 424
f 416 424 420
f 420 424 423
f 420 423 427
f 78 93 432
f 432 93 431
f 432 431 435
f 435 431 426
f 435 426 436
f 436 426 424
f 436 424 437
f 437 424 434
f 437 434 408
f 408 434 413
f 408 413 405
f 405 413 414
f 405 414 403
f 131 128 369
f 369 128 368
f 369 368 438
f 438 368 366
f 438 366 439
f 439 366 367
f 439 367 433
f 433 367 59
f 433 59 60
f 267 136 372
f 372 136 371
f 372 371 440
f 440 371 436
f 134 132 370
f 370 132 369
f 370 369 371
f 371 369 438
f 371 438 436
f 436 438 439
f 436 439 435
f 435 439 433
f 435 433 432
f 432 433 68
f 432 68 71
f 258 375 376
f 376 375 441
f 376 441 250
f 394 363 392
f 392 363 365
f 392 365 442
f 442 365 384
f 442 384 443
f 443 384 379
f 443 379 441
f 441 379 381
f 441 381 250
f 402 397 362
f 362 397 392
f 362 392 444
f 444 392 442
f 444 442 445
f 445 442 443
f 445 443 446
f 446 443 441
f 446 441 447
f 447 441 375
f 447 375 374
f 374 375 255
f 374 255 254
f 360 362 408
f 408 362 444
f 408 444 437
f 437 444 445
f 437 445 436
f 436 445 446
f 436 446 440
f 440 446 447
f 440 447 372
f 372 447 374
f 372 374 373
f 373 374 263
f 373 263 262
f 47 45 448
f 449 360 409
f 449 409 450
f 450 409 6
f 450 6 5
f 409 410 6
f 6 410 451
f 6 451 11
f 11 451 13
f 9 18 452
f 452 18 17
f 452 17 451
f 451 17 15
f 451 15 13
f 9 452 20
f 20 452 453
f 20 453 38
f 45 43 448
f 448 43 41
f 448 41 453
f 453 41 39
f 453 39 38
f 22 51 454
f 454 51 49
f 454 49 47
f 22 454 23
f 23 454 455
f 23 455 26
f 1 35 456
f 456 35 33
f 33 31 456
f 456 31 29
f 456 29 455
f 455 29 27
f 455 27 26
f 456 423 425
f 2 1 101
f 101 1 456
f 101 456 102
f 102 456 425
f 102 425 94
f 423 456 427
f 427 456 455
f 427 455 428
f 421 418 454
f 454 418 419
f 454 419 455
f 455 419 429
f 455 429 428
f 47 448 454
f 454 448 422
f 454 422 421
f 412 411 453
f 453 411 415
f 453 415 448
f 448 415 417
f 448 417 422
f 412 453 414
f 414 453 452
f 414 452 403
f 410 407 451
f 451 407 406
f 451 406 452
f 452 406 404
f 452 404 403
f 457 458 459
f 5 4 458
f 458 4 460
f 458 460 459
f 461 462 463
f 463 462 464
f 463 464 465
f 465 464 466
f 467 468 469
f 469 468 470
f 468 471 470
f 470 471 472
f 470 472 473
f 473 472 474
f 473 474 475
f 475 474 476
f 475 476 477
f 477 476 478
f 477 478 466
f 466 478 479
f 466 479 465
f 469 480 467
f 467 480 481
f 467 481 482
f 482 481 483
f 482 483 484
f 457 459 485
f 485 459 486
f 485 486 487
f 487 486 488
f 487 488 489
f 489 488 490
f 489 490 491
f 491 490 492
f 491 492 461
f 461 492 493
f 461 493 462
f 494 495 496
f 496 495 497
f 496 497 498
f 498 497 499
f 498 499 500
f 500 499 501
f 500 501 502
f 502 501 503
f 502 503 504
f 504 503 505
f 506 507 508
f 508 507 509
f 510 511 512
f 512 511 513
f 512 513 514
f 514 513 515
f 514 515 516
f 512 517 510
f 510 517 518
f 510 518 519
f 519 518 509
f 519 509 520
f 520 509 507
f 521 522 523
f 523 522 484
f 523 484 483
f 496 524 494
f 494 524 525
f 494 525 521
f 521 525 526
f 521 526 522
f 508 527 506
f 506 527 528
f 506 528 529
f 529 528 530
f 529 530 531
f 531 530 532
f 531 532 533
f 533 532 534
f 533 534 535
f 535 534 536
f 535 536 537
f 537 536 538
f 537 538 505
f 505 538 539
f 505 539 504
f 540 541 542
f 543 544 540
f 499 497 545
f 546 547 548
f 4 546 460
f 460 546 459
f 459 546 486
f 486 546 548
f 486 548 488
f 493 492 549
f 549 492 490
f 470 473 469
f 469 473 549
f 469 549 480
f 473 475 549
f 549 475 477
f 549 477 466
f 466 464 549
f 549 464 462
f 549 462 493
f 497 495 545
f 545 495 494
f 545 494 521
f 521 523 545
f 545 523 483
f 545 483 481
f 550 503 545
f 545 503 501
f 545 501 499
f 507 506 551
f 551 506 529
f 551 529 552
f 552 529 531
f 552 531 533
f 533 535 552
f 552 535 537
f 552 537 505
f 510 519 551
f 551 519 520
f 551 520 507
f 513 511 553
f 554 555 556
f 544 557 540
f 540 557 558
f 540 558 541
f 541 558 559
f 541 559 560
f 561 562 563
f 563 562 564
f 563 564 565
f 566 567 561
f 561 567 568
f 561 568 562
f 569 570 563
f 563 570 571
f 563 571 561
f 561 571 572
f 561 572 566
f 566 572 573
f 574 575 576
f 576 575 577
f 577 575 578
f 577 578 569
f 569 578 579
f 569 579 570
f 547 580 548
f 548 580 581
f 548 581 576
f 576 581 582
f 576 582 574
f 549 583 584
f 584 583 585
f 584 585 586
f 585 542 586
f 586 542 541
f 586 541 554
f 554 541 560
f 554 560 555
f 511 510 553
f 553 510 551
f 553 551 587
f 587 551 552
f 587 552 550
f 550 552 505
f 550 505 503
f 515 513 556
f 556 513 553
f 556 553 554
f 554 553 587
f 554 587 586
f 586 587 550
f 586 550 584
f 584 550 545
f 584 545 549
f 549 545 481
f 549 481 480
f 490 488 549
f 549 488 548
f 549 548 583
f 583 548 576
f 583 576 585
f 585 576 577
f 585 577 542
f 542 577 569
f 542 569 540
f 540 569 563
f 540 563 543
f 543 563 565
f 588 589 590
f 591 592 593
f 594 595 596
f 597 598 599
f 600 601 602
f 593 592 603
f 604 605 606
f 607 608 609
f 610 611 612
f 613 614 615
f 615 614 616
f 615 616 617
f 617 616 618
f 619 620 621
f 621 620 622
f 623 624 625
f 625 624 626
f 627 628 629
f 629 628 630
f 629 630 625
f 625 630 631
f 625 631 623
f 632 633 634
f 634 633 612
f 634 612 635
f 635 612 611
f 636 637 638
f 638 637 639
f 638 639 640
f 640 639 641
f 640 641 642
f 636 638 643
f 643 638 644
f 643 644 645
f 644 646 647
f 648 649 647
f 647 649 650
f 647 650 644
f 644 650 651
f 644 651 645
f 652 644 653
f 653 644 638
f 653 638 654
f 654 638 640
f 654 640 655
f 656 652 657
f 657 652 658
f 657 658 659
f 656 660 652
f 652 660 661
f 652 661 644
f 644 661 662
f 644 662 646
f 663 605 664
f 664 605 604
f 664 604 665
f 666 602 667
f 667 602 668
f 667 668 608
f 608 607 667
f 667 607 669
f 667 669 666
f 592 606 599
f 599 606 605
f 599 605 670
f 670 605 663
f 670 663 590
f 671 672 666
f 671 666 673
f 599 598 592
f 592 598 674
f 592 674 603
f 672 675 666
f 666 675 676
f 666 676 602
f 602 676 677
f 602 677 600
f 589 678 590
f 590 678 679
f 590 679 670
f 670 679 680
f 670 680 599
f 599 680 681
f 599 681 597
f 595 682 596
f 596 682 683
f 596 683 684
f 685 686 687
f 687 686 596
f 687 596 688
f 688 596 684
f 689 690 594
f 573 691 692
f 692 691 693
f 692 693 694
f 694 693 686
f 694 686 695
f 695 686 685
f 691 696 693
f 693 696 697
f 693 697 698
f 594 596 689
f 689 596 686
f 689 686 699
f 699 686 693
f 699 693 700
f 700 693 698
f 700 698 701
f 702 703 704
f 618 616 705
f 705 616 706
f 705 706 707
f 708 709 710
f 711 712 682
f 712 713 682
f 682 713 714
f 682 714 683
f 632 627 633
f 633 627 629
f 633 629 715
f 715 629 625
f 619 618 620
f 620 618 705
f 620 705 716
f 716 705 707
f 716 707 717
f 717 707 718
f 717 718 655
f 655 718 719
f 655 719 654
f 654 719 720
f 654 720 653
f 653 720 721
f 653 721 652
f 652 721 722
f 652 722 658
f 703 708 704
f 704 708 710
f 704 710 723
f 723 710 724
f 723 724 725
f 725 724 726
f 725 726 727
f 727 726 728
f 727 728 729
f 729 728 730
f 729 730 665
f 665 730 731
f 665 731 664
f 664 731 732
f 664 732 663
f 663 732 733
f 663 733 590
f 642 610 640
f 640 610 612
f 640 612 655
f 655 612 633
f 655 633 717
f 717 633 715
f 717 715 716
f 716 715 625
f 716 625 620
f 620 625 626
f 620 626 622
f 709 711 710
f 710 711 682
f 710 682 724
f 724 682 595
f 724 595 726
f 726 595 594
f 726 594 728
f 728 594 690
f 728 690 730
f 730 690 689
f 730 689 731
f 731 689 699
f 731 699 732
f 732 699 700
f 732 700 733
f 733 700 701
f 733 701 734
f 593 735 736
f 736 737 593
f 593 737 673
f 593 673 591
f 591 673 666
f 591 666 592
f 592 666 669
f 592 669 606
f 606 669 607
f 606 607 604
f 604 607 609
f 604 609 665
f 734 738 733
f 733 738 739
f 733 739 590
f 590 739 740
f 590 740 588
f 601 659 602
f 602 659 658
f 602 658 668
f 668 658 722
f 668 722 608
f 608 722 721
f 608 721 609
f 609 721 720
f 609 720 665
f 665 720 719
f 665 719 729
f 729 719 718
f 729 718 727
f 727 718 707
f 727 707 725
f 725 707 706
f 725 706 723
f 723 706 616
f 723 616 704
f 704 616 614
f 704 614 702
f 575 574 741
f 742 34 36
f 742 36 743
f 743 36 37
f 743 37 3
f 744 28 30
f 744 30 742
f 742 30 32
f 742 32 34
f 52 53 745
f 745 53 24
f 745 24 744
f 744 24 25
f 744 25 28
f 52 745 50
f 50 745 746
f 50 746 48
f 40 42 747
f 747 42 44
f 747 44 746
f 746 44 46
f 746 46 48
f 40 747 21
f 21 747 748
f 21 748 19
f 749 8 748
f 748 8 7
f 748 7 19
f 4 10 546
f 546 10 547
f 10 12 547
f 547 12 14
f 547 14 749
f 749 14 16
f 749 16 8
f 582 581 749
f 749 581 580
f 749 580 547
f 575 741 578
f 691 573 750
f 750 573 572
f 572 571 750
f 750 571 570
f 750 570 579
f 701 751 734
f 734 751 752
f 734 752 738
f 701 698 751
f 751 698 697
f 751 697 750
f 750 697 696
f 750 696 691
f 589 753 678
f 678 753 754
f 678 754 679
f 598 755 674
f 674 755 756
f 674 756 603
f 603 756 593
f 598 597 755
f 755 597 681
f 755 681 754
f 754 681 680
f 754 680 679
f 757 758 756
f 579 578 750
f 750 578 741
f 750 741 751
f 751 741 759
f 751 759 752
f 752 759 760
f 752 760 753
f 753 760 761
f 753 761 754
f 754 761 762
f 754 762 755
f 755 762 763
f 755 763 756
f 756 763 764
f 756 764 757
f 735 593 765
f 765 593 756
f 765 756 766
f 766 756 758
f 589 588 753
f 753 588 740
f 753 740 752
f 752 740 739
f 752 739 738
f 767 768 764
f 764 768 769
f 764 769 757
f 743 767 742
f 742 767 764
f 742 764 744
f 744 764 763
f 744 763 745
f 745 763 762
f 745 762 746
f 746 762 761
f 746 761 747
f 747 761 760
f 747 760 748
f 748 760 759
f 748 759 749
f 749 759 741
f 749 741 582
f 582 741 574
f 75 73 770
f 55 771 772
f 75 770 77
f 77 770 773
f 77 773 79
f 55 772 56
f 56 772 774
f 56 774 61
f 61 774 775
f 61 775 62
f 62 775 776
f 62 776 64
f 776 777 64
f 64 777 778
f 64 778 67
f 67 778 779
f 67 779 69
f 69 779 780
f 69 780 70
f 70 780 781
f 70 781 73
f 73 781 782
f 73 782 770
f 3 2 783
f 783 2 96
f 89 784 87
f 87 784 785
f 87 785 85
f 85 785 786
f 85 786 83
f 83 786 787
f 787 788 83
f 83 788 789
f 83 789 81
f 81 789 790
f 81 790 98
f 98 790 791
f 98 791 96
f 96 791 792
f 96 792 783
f 773 793 79
f 79 793 794
f 79 794 80
f 80 794 795
f 80 795 91
f 91 795 796
f 91 796 89
f 89 796 797
f 89 797 784
f 771 55 798
f 798 55 103
f 798 103 799
f 799 103 106
f 119 800 111
f 111 800 801
f 111 801 112
f 112 801 802
f 112 802 114
f 114 802 803
f 114 803 110
f 110 803 804
f 110 804 108
f 108 804 805
f 108 805 106
f 106 805 806
f 106 806 799
f 168 807 140
f 140 807 808
f 140 808 138
f 143 809 135
f 135 809 810
f 135 810 133
f 133 810 811
f 133 811 130
f 808 812 138
f 138 812 813
f 138 813 147
f 147 813 814
f 147 814 145
f 145 814 815
f 145 815 143
f 143 815 816
f 143 816 809
f 811 817 130
f 130 817 818
f 130 818 129
f 129 818 819
f 129 819 126
f 126 819 820
f 126 820 124
f 124 820 821
f 124 821 123
f 123 821 822
f 123 822 121
f 121 822 823
f 121 823 119
f 119 823 824
f 119 824 800
f 825 826 827
f 828 829 830
f 170 158 831
f 178 180 832
f 191 193 833
f 317 316 834
f 317 834 319
f 333 332 835
f 835 332 335
f 835 335 318
f 298 334 836
f 837 300 299
f 300 837 301
f 197 199 837
f 837 199 155
f 837 155 301
f 301 155 153
f 301 153 151
f 833 193 837
f 837 193 195
f 837 195 197
f 191 833 189
f 189 833 838
f 189 838 187
f 181 183 838
f 838 183 185
f 838 185 187
f 831 158 832
f 832 158 157
f 832 157 178
f 170 831 172
f 172 831 839
f 172 839 174
f 164 162 827
f 827 162 160
f 827 160 839
f 839 160 175
f 839 175 174
f 164 827 166
f 166 827 826
f 166 826 168
f 840 841 842
f 843 844 845
f 845 844 842
f 845 842 846
f 846 847 830
f 830 847 848
f 846 842 847
f 847 842 841
f 847 841 849
f 849 850 847
f 847 850 851
f 847 851 848
f 848 851 852
f 848 852 853
f 854 855 835
f 835 855 836
f 835 836 333
f 333 836 334
f 856 857 858
f 858 857 859
f 860 861 854
f 318 319 835
f 835 319 834
f 835 834 854
f 854 834 862
f 854 862 860
f 299 298 837
f 837 298 836
f 837 836 833
f 833 836 855
f 833 855 838
f 838 855 854
f 838 854 857
f 857 854 861
f 857 861 859
f 863 864 848
f 848 864 865
f 848 865 830
f 830 865 866
f 830 866 828
f 867 863 868
f 868 863 848
f 868 848 869
f 869 848 853
f 829 825 830
f 830 825 827
f 830 827 846
f 846 827 839
f 846 839 845
f 845 839 831
f 845 831 843
f 843 831 832
f 180 181 832
f 832 181 838
f 832 838 843
f 843 838 857
f 843 857 844
f 844 857 856
f 844 856 870
f 870 871 844
f 844 871 872
f 844 872 842
f 842 872 873
f 842 873 840
f 871 870 874
f 875 867 868
f 876 877 878
f 879 880 881
f 882 883 884
f 884 885 886
f 887 888 889
f 890 891 892
f 893 894 895
f 896 897 898
f 898 897 899
f 898 899 900
f 896 898 894
f 894 898 901
f 894 901 895
f 902 903 904
f 904 903 905
f 902 904 906
f 906 904 907
f 906 907 908
f 909 910 907
f 907 910 911
f 907 911 908
f 912 913 909
f 909 913 914
f 909 914 910
f 892 891 909
f 909 891 915
f 909 915 912
f 916 917 918
f 918 917 919
f 918 919 892
f 892 919 920
f 892 920 890
f 921 922 923
f 923 922 924
f 923 924 918
f 918 924 925
f 918 925 916
f 926 927 928
f 928 929 926
f 926 929 930
f 926 930 931
f 932 933 934
f 934 933 935
f 934 935 936
f 936 935 937
f 936 937 938
f 939 940 932
f 932 940 941
f 932 941 933
f 942 943 939
f 939 943 944
f 939 944 940
f 945 946 942
f 942 946 947
f 942 947 943
f 316 945 834
f 834 945 942
f 834 942 862
f 862 942 860
f 948 942 949
f 949 942 939
f 949 939 889
f 889 939 932
f 889 932 887
f 887 932 934
f 888 950 889
f 889 950 951
f 889 951 949
f 949 951 952
f 949 952 948
f 948 952 874
f 870 856 874
f 874 856 858
f 874 858 948
f 948 858 859
f 948 859 942
f 942 859 861
f 942 861 860
f 953 954 955
f 953 955 956
f 956 955 957
f 956 957 886
f 958 955 959
f 959 955 954
f 959 954 960
f 960 954 961
f 886 957 884
f 884 957 962
f 884 962 882
f 850 963 851
f 851 963 852
f 958 964 955
f 955 964 965
f 955 965 957
f 957 965 966
f 957 966 962
f 881 880 967
f 967 880 968
f 967 968 969
f 969 968 970
f 969 970 971
f 971 970 972
f 971 972 973
f 973 972 963
f 973 963 974
f 974 963 850
f 974 850 849
f 975 976 881
f 901 975 895
f 895 975 881
f 895 881 977
f 977 881 967
f 977 967 978
f 978 967 969
f 978 969 979
f 979 969 971
f 979 971 980
f 980 971 973
f 980 973 981
f 981 973 974
f 981 974 982
f 982 974 849
f 982 849 841
f 983 984 985
f 985 984 986
f 907 987 909
f 909 987 988
f 909 988 892
f 892 988 989
f 892 989 918
f 918 989 926
f 918 926 923
f 923 926 931
f 923 931 921
f 876 878 990
f 877 991 878
f 878 991 992
f 878 992 993
f 993 992 994
f 993 994 995
f 995 994 996
f 995 996 997
f 997 996 998
f 999 998 1000
f 1000 998 996
f 1000 996 1001
f 1001 996 994
f 1001 994 984
f 984 994 992
f 984 992 986
f 1002 999 1003
f 1003 999 1000
f 1003 1000 1004
f 1004 1000 1001
f 1004 1001 1005
f 1005 1001 984
f 1005 984 1006
f 1006 984 983
f 1006 983 1007
f 904 1002 907
f 907 1002 1003
f 907 1003 987
f 987 1003 1004
f 987 1004 988
f 988 1004 1005
f 988 1005 989
f 989 1005 1006
f 989 1006 926
f 926 1006 1007
f 926 1007 927
f 883 875 884
f 884 875 868
f 884 868 885
f 885 868 869
f 885 869 853
f 841 840 982
f 982 840 873
f 982 873 872
f 872 871 982
f 982 871 874
f 982 874 981
f 981 874 952
f 981 952 980
f 980 952 951
f 980 951 979
f 979 951 950
f 976 1008 881
f 881 1008 1009
f 881 1009 879
f 879 1009 1010
f 879 1010 1011
f 1011 961 879
f 879 961 954
f 879 954 880
f 880 954 953
f 880 953 968
f 968 953 956
f 968 956 970
f 970 956 886
f 970 886 972
f 972 886 885
f 972 885 963
f 963 885 853
f 963 853 852
f 938 990 936
f 936 990 878
f 936 878 934
f 934 878 993
f 934 993 887
f 887 993 995
f 887 995 888
f 888 995 997
f 888 997 950
f 950 997 998
f 950 998 979
f 979 998 999
f 979 999 978
f 978 999 1002
f 978 1002 977
f 977 1002 904
f 977 904 895
f 895 904 905
f 895 905 893
f 354 1012 353
f 203 150 252
f 381 380 224
f 224 380 378
f 224 378 225
f 251 250 381
f 381 224 251
f 251 224 222
f 251 222 252
f 252 222 228
f 252 228 203
f 204 206 388
f 388 206 389
f 389 206 208
f 389 208 377
f 377 208 239
f 377 239 378
f 378 239 226
f 378 226 225
f 213 215 385
f 385 215 217
f 217 219 385
f 385 219 220
f 385 220 386
f 386 220 204
f 386 204 387
f 387 204 388
f 230 391 231
f 231 391 356
f 383 234 385
f 385 234 233
f 385 233 213
f 230 236 391
f 391 236 234
f 391 234 382
f 382 234 383
f 390 364 1013
f 340 355 1014
f 1014 355 357
f 1014 357 1013
f 1013 357 356
f 1013 356 390
f 390 356 391
f 344 343 1015
f 1015 343 1016
f 343 342 1016
f 1016 342 341
f 1016 341 1014
f 1014 341 339
f 1014 339 340
f 1017 1018 1019
f 1019 1018 1020
f 1019 1020 1021
f 347 346 1019
f 1019 346 345
f 1019 345 358
f 358 359 1019
f 1019 359 338
f 1019 338 1017
f 1017 338 337
f 1017 337 1015
f 1015 337 336
f 1015 336 344
f 347 1019 348
f 348 1019 1021
f 348 1021 349
f 353 1012 352
f 352 1012 1022
f 352 1022 351
f 351 1022 1023
f 351 1023 350
f 1024 1025 1026
f 349 1021 354
f 354 1021 1024
f 354 1024 1012
f 1012 1024 1026
f 1012 1026 1022
f 305 303 1027
f 1028 1029 1030
f 1031 928 927
f 1031 927 1032
f 1033 1034 1035
f 1035 1034 1036
f 1035 1036 983
f 983 1036 1037
f 983 1037 1007
f 1007 1037 1038
f 1007 1038 927
f 927 1038 1039
f 927 1039 1032
f 1040 1041 1035
f 1035 1041 1042
f 1035 1042 1033
f 1043 1044 1045
f 1045 1044 1046
f 1047 1048 1049
f 1049 1048 1050
f 1049 1050 1030
f 1030 1050 1051
f 1030 1051 1028
f 1052 1053 1054
f 1055 1056 1057
f 1057 1056 1052
f 1057 1052 1058
f 1058 1052 1054
f 1059 1060 1061
f 1061 1060 1027
f 1061 1027 1062
f 1062 1027 1063
f 1027 303 1063
f 1063 303 302
f 1063 302 1064
f 1064 302 307
f 1064 307 1065
f 1065 307 308
f 1065 308 309
f 305 1027 324
f 324 1027 1060
f 324 1060 323
f 1053 1052 1066
f 1066 1052 1067
f 1066 1067 1059
f 1059 1067 1068
f 1059 1068 1060
f 1060 1068 1069
f 1060 1069 323
f 326 325 1069
f 1069 325 321
f 1069 321 323
f 316 315 945
f 945 315 320
f 945 320 1070
f 1070 320 329
f 1070 329 328
f 933 941 1071
f 1071 941 940
f 1071 940 1072
f 1072 940 944
f 1073 1071 1074
f 1074 1071 1072
f 1074 1072 1075
f 1075 1072 1070
f 944 943 1072
f 1072 943 947
f 1072 947 1070
f 1070 947 946
f 1070 946 945
f 983 985 1035
f 1035 985 986
f 1035 986 1040
f 1040 986 992
f 1040 992 991
f 991 877 1040
f 1040 877 876
f 1040 876 1076
f 876 990 1076
f 1076 990 938
f 1076 938 1077
f 1077 938 937
f 1077 937 935
f 1073 1049 1078
f 1078 1049 1030
f 1078 1030 1045
f 1045 1030 1029
f 1045 1029 1043
f 1046 1041 1045
f 1045 1041 1040
f 1045 1040 1078
f 1078 1040 1076
f 1078 1076 1073
f 1073 1076 1077
f 1073 1077 1071
f 1071 1077 935
f 1071 935 933
f 1055 1047 1056
f 1056 1047 1049
f 1056 1049 1052
f 1052 1049 1073
f 1052 1073 1067
f 1067 1073 1074
f 1067 1074 1068
f 1068 1074 1075
f 1068 1075 1069
f 1069 1075 1070
f 1069 1070 326
f 326 1070 328
f 1079 1080 1038
f 1038 1080 1081
f 1038 1081 1039
f 1038 1037 1079
f 1079 1037 1036
f 1079 1036 1082
f 1082 1036 1034
f 1082 1034 1083
f 1083 1034 1033
f 1084 1085 1043
f 1043 1085 1086
f 1043 1086 1044
f 1044 1086 1087
f 1044 1087 1046
f 1046 1087 1088
f 1046 1088 1041
f 1041 1088 1089
f 1041 1089 1042
f 1042 1089 1090
f 1042 1090 1033
f 1033 1090 1091
f 1033 1091 1083
f 1043 1029 1084
f 1084 1029 1028
f 1084 1028 1092
f 1092 1028 1051
f 1092 1051 1093
f 1093 1051 1050
f 1093 1050 1094
f 1094 1050 1048
f 1094 1048 1095
f 1096 1097 1062
f 1098 1099 1055
f 1055 1099 1100
f 1055 1100 1047
f 1047 1100 1095
f 1047 1095 1048
f 1098 1055 1101
f 1101 1055 1057
f 1101 1057 1102
f 1102 1057 1058
f 1102 1058 1103
f 1103 1058 1054
f 1103 1054 1104
f 1104 1054 1053
f 1104 1053 1105
f 1105 1053 1066
f 1105 1066 1106
f 1106 1066 1059
f 1106 1059 1097
f 1097 1059 1061
f 1097 1061 1062
f 1096 1062 1107
f 1107 1062 1063
f 1107 1063 1108
f 1108 1063 1064
f 1108 1064 1109
f 1109 1064 1065
f 1109 1065 1110
f 1110 1065 1111
f 1111 1065 309
f 1111 309 350
f 1112 1113 1114
f 1115 1116 1117
f 1118 1119 1120
f 1121 1122 1123
f 1124 1125 1126
f 1127 1128 1129
f 1129 1130 1127
f 1127 1130 1131
f 1127 1131 1132
f 1133 1134 1135
f 1136 1137 1138
f 1138 1137 1133
f 1138 1133 1127
f 1127 1133 1135
f 1127 1135 1128
f 1139 1140 1141
f 1141 1140 1142
f 1141 1142 1134
f 1134 1142 1143
f 1134 1143 1135
f 1125 1144 1145
f 1145 1144 1146
f 1145 1146 1147
f 1125 1145 1126
f 1126 1145 1148
f 1126 1148 1149
f 1121 1123 1150
f 1150 1123 1151
f 1150 1151 1152
f 1119 1153 1154
f 1154 1153 1155
f 1154 1155 1152
f 1132 1156 1115
f 1115 1156 1157
f 1115 1157 1116
f 1116 1157 1158
f 1116 1158 1120
f 1120 1158 1159
f 1120 1159 1118
f 1160 1161 1117
f 1117 1161 1162
f 1132 1115 1127
f 1127 1115 1117
f 1127 1117 1138
f 1138 1117 1162
f 1138 1162 1136
f 1163 1164 1165
f 1165 1164 1166
f 1165 1166 1114
f 1114 1166 1167
f 1114 1167 1112
f 1152 1151 1154
f 1154 1151 1168
f 1154 1168 1169
f 1113 1170 1114
f 1114 1170 928
f 1114 928 1171
f 1172 1173 1174
f 1174 1173 1175
f 1174 1175 1176
f 1171 1177 1114
f 1114 1177 1178
f 1114 1178 1174
f 1174 1178 1179
f 1174 1179 1172
f 1149 1180 1126
f 1126 1180 1181
f 1126 1181 1165
f 1165 1181 1182
f 1165 1182 1163
f 1176 1169 1174
f 1174 1169 1168
f 1174 1168 1114
f 1114 1168 1151
f 1114 1151 1165
f 1165 1151 1123
f 1165 1123 1126
f 1126 1123 1122
f 1126 1122 1124
f 1175 1183 1176
f 1176 1183 1184
f 1176 1184 1185
f 1119 1154 1120
f 1120 1154 1169
f 1120 1169 1116
f 1116 1169 1176
f 1116 1176 1117
f 1117 1176 1185
f 1117 1185 1160
f 457 450 458
f 458 450 5
f 361 360 449
f 361 449 400
f 489 402 487
f 487 402 401
f 487 401 485
f 485 401 400
f 485 400 457
f 457 400 449
f 457 449 450
f 489 491 402
f 402 491 461
f 402 461 397
f 397 461 463
f 397 463 395
f 476 474 399
f 395 463 396
f 396 463 465
f 396 465 398
f 398 465 479
f 398 479 399
f 399 479 478
f 399 478 476
f 474 472 399
f 399 472 471
f 399 471 393
f 393 471 468
f 393 468 394
f 394 468 467
f 394 467 482
f 1013 364 522
f 1013 522 1014
f 1014 522 526
f 482 484 394
f 394 484 522
f 394 522 363
f 363 522 364
f 496 1016 524
f 524 1016 1014
f 524 1014 525
f 525 1014 526
f 502 1015 500
f 500 1015 1016
f 500 1016 498
f 498 1016 496
f 502 504 1015
f 1015 504 539
f 1015 539 1017
f 539 538 1017
f 1017 538 536
f 1017 536 1018
f 1025 1024 1186
f 1186 1024 1021
f 1186 1021 1187
f 1187 1021 1020
f 1187 1020 1018
f 516 1188 514
f 514 1188 1189
f 514 1189 512
f 1187 527 508
f 1187 508 1186
f 1186 508 509
f 1186 509 1190
f 1190 509 518
f 1190 518 1189
f 1189 518 517
f 1189 517 512
f 1018 536 1187
f 1187 536 534
f 1187 534 532
f 532 530 1187
f 1187 530 528
f 1187 528 527
f 1191 516 1192
f 1192 516 515
f 1191 1192 1193
f 1193 1192 1194
f 1193 1194 1195
f 1195 1194 1196
f 1195 1196 1197
f 1197 1196 1198
f 1197 1198 1199
f 1199 1198 1200
f 1199 1200 1201
f 1202 1203 1204
f 1204 1203 1205
f 1204 1205 1206
f 1200 1207 1201
f 1201 1207 1208
f 1201 1208 1209
f 1209 1208 1210
f 1209 1210 1211
f 1211 1210 1212
f 1211 1212 1213
f 1213 1212 1214
f 1213 1214 1215
f 1215 1214 1216
f 1215 1216 1217
f 1217 1216 1218
f 1217 1218 1219
f 1219 1218 1220
f 1219 1220 1221
f 1221 1220 1222
f 1221 1222 1223
f 1223 1222 1206
f 1223 1206 1224
f 1224 1206 1205
f 1225 1226 1227
f 1227 1228 1225
f 1225 1228 1229
f 1225 1229 1230
f 1230 1229 1231
f 1230 1231 1232
f 1232 1231 1233
f 1233 1231 1234
f 1233 1234 1235
f 1234 1236 1235
f 1235 1236 1237
f 1235 1237 1238
f 1238 1237 1239
f 1238 1239 1240
f 1240 1239 1241
f 1240 1241 1242
f 1242 1241 1243
f 1243 1241 1244
f 1243 1244 1245
f 1203 1202 1246
f 1246 1202 1247
f 1246 1247 1248
f 1248 1247 1249
f 1248 1249 1250
f 1250 1249 1251
f 1250 1251 1252
f 1252 1251 1253
f 1252 1253 1254
f 1254 1253 1245
f 1254 1245 1255
f 1255 1245 1244
f 713 712 1256
f 1257 1258 1259
f 544 543 1257
f 1245 1253 1260
f 1261 1262 1263
f 1263 1262 1202
f 1253 1251 1260
f 1260 1251 1249
f 1260 1249 1247
f 1243 1264 1242
f 1242 1264 1240
f 1232 1233 1265
f 1265 1233 1235
f 1266 1267 1226
f 613 1266 614
f 614 1266 1226
f 614 1226 702
f 702 1226 1225
f 568 567 1268
f 1268 567 566
f 566 573 1268
f 1268 573 692
f 1268 692 694
f 562 1258 564
f 564 1258 1257
f 564 1257 565
f 565 1257 543
f 1269 560 559
f 560 1269 555
f 515 556 1192
f 1192 556 555
f 1192 555 1194
f 1194 555 1269
f 1194 1269 1196
f 1196 1269 1270
f 1270 1208 1207
f 1207 1200 1270
f 1270 1200 1198
f 1270 1198 1196
f 1212 1271 1261
f 1220 1218 1261
f 1202 1204 1263
f 1263 1204 1206
f 1263 1206 1261
f 1261 1206 1222
f 1261 1222 1220
f 1218 1216 1261
f 1261 1216 1214
f 1261 1214 1212
f 1272 688 1273
f 1273 688 684
f 1273 684 683
f 694 695 1268
f 1268 695 685
f 1268 685 1272
f 1272 685 687
f 1272 687 688
f 1212 1210 1271
f 1271 1210 1208
f 1271 1208 1274
f 1274 1208 1270
f 1274 1270 1275
f 1275 1270 1269
f 1275 1269 558
f 558 1269 559
f 1225 1230 702
f 702 1230 1232
f 702 1232 703
f 703 1232 1265
f 703 1265 708
f 708 1265 1276
f 712 711 1276
f 1276 711 709
f 1276 709 708
f 713 1256 714
f 712 1276 1256
f 1256 1276 1277
f 1256 1277 1278
f 1243 1245 1264
f 1264 1245 1260
f 1264 1260 1262
f 1262 1260 1247
f 1262 1247 1202
f 562 568 1258
f 1258 568 1268
f 1258 1268 1259
f 1259 1268 1272
f 1259 1272 1278
f 1278 1272 1273
f 1278 1273 1256
f 1256 1273 683
f 1256 683 714
f 1235 1238 1265
f 1265 1238 1240
f 1265 1240 1276
f 1276 1240 1264
f 1276 1264 1277
f 1277 1264 1262
f 1277 1262 1278
f 1278 1262 1261
f 1278 1261 1259
f 1259 1261 1271
f 1259 1271 1257
f 1257 1271 1274
f 1257 1274 544
f 544 1274 1275
f 544 1275 557
f 557 1275 558
f 1279 1280 1281
f 1282 1283 1284
f 1285 1286 1287
f 1288 1289 1290
f 1291 1292 1293
f 1294 1295 1296
f 1296 1295 1297
f 1296 1297 1298
f 1299 1300 1280
f 1280 1300 1301
f 1280 1301 1281
f 1281 1301 1288
f 1281 1288 1302
f 1299 1280 1303
f 1303 1280 1279
f 1303 1279 1304
f 1304 1279 1305
f 1304 1305 1306
f 1307 1308 1306
f 1306 1308 1309
f 1306 1309 1304
f 1310 1311 1312
f 1310 1312 1286
f 1286 1312 1313
f 1286 1313 1287
f 1292 1314 1293
f 1293 1314 1315
f 1293 1315 1316
f 1316 1315 1317
f 1317 1318 1316
f 1316 1318 1319
f 1316 1319 1287
f 1287 1319 1320
f 1287 1320 1285
f 1321 1322 1323
f 1323 1322 1324
f 1325 613 1324
f 1324 613 1326
f 1326 1327 1324
f 1324 1327 1328
f 1324 1328 1323
f 1329 1330 1331
f 1331 1330 1332
f 1289 1294 1290
f 1290 1294 1296
f 1290 1296 1329
f 1288 1290 1302
f 1302 1290 1329
f 1302 1329 1333
f 1333 1329 1331
f 1333 1331 1334
f 1332 1335 1331
f 1331 1335 1336
f 1331 1336 1334
f 1337 1291 1338
f 1338 1291 1293
f 1338 1293 1339
f 1339 1293 1316
f 1339 1316 1284
f 1284 1316 1287
f 1313 1340 1287
f 1287 1340 1341
f 1287 1341 1284
f 1284 1341 1342
f 1284 1342 1282
f 1343 1344 1279
f 1279 1344 1345
f 1279 1345 1305
f 1321 1346 1322
f 1322 1346 1347
f 1322 1347 1348
f 1343 1279 1349
f 1349 1279 1281
f 1349 1281 1348
f 1348 1281 1302
f 1348 1302 1322
f 1322 1302 1333
f 1322 1333 1324
f 1324 1333 1334
f 1324 1334 1325
f 1350 1351 1330
f 1330 1351 1352
f 1330 1352 1332
f 1283 1350 1284
f 1284 1350 1330
f 1284 1330 1339
f 1339 1330 1329
f 1339 1329 1338
f 1338 1329 1296
f 1338 1296 1337
f 1337 1296 1298
f 1337 1298 1353
f 1354 1355 1356
f 1357 1358 1359
f 1353 1360 1361
f 1357 1359 1362
f 1354 1363 1355
f 1355 1363 1364
f 1355 1364 1353
f 1353 1364 1365
f 1353 1365 1360
f 1301 1300 1366
f 1366 1367 1301
f 1301 1367 1368
f 1301 1368 1288
f 1288 1368 1356
f 1300 1299 1369
f 1369 1299 1303
f 1369 1303 1304
f 1370 1371 1300
f 1300 1371 1372
f 1300 1372 1366
f 1300 1369 1370
f 1370 1369 1304
f 1370 1304 1373
f 1373 1304 1309
f 1373 1309 1374
f 1374 1309 1308
f 1374 1308 1375
f 1298 1297 1353
f 1353 1297 1295
f 1353 1295 1355
f 1355 1295 1294
f 1355 1294 1356
f 1356 1294 1289
f 1356 1289 1288
f 1361 1362 1353
f 1353 1362 1359
f 1353 1359 1337
f 1337 1359 1291
f 1376 1377 1378
f 1323 1379 1380
f 1327 1326 1381
f 1382 1383 1384
f 651 650 1384
f 1382 1384 1385
f 1385 1384 650
f 1385 650 1386
f 1386 650 649
f 1386 649 648
f 637 636 1387
f 1387 636 643
f 1387 643 1384
f 1384 643 645
f 1384 645 651
f 637 1387 639
f 639 1387 1388
f 639 1388 641
f 635 611 1389
f 1389 611 610
f 1389 610 1388
f 1388 610 642
f 1388 642 641
f 632 634 1390
f 632 1390 627
f 635 1389 634
f 634 1389 1391
f 634 1391 1390
f 626 624 1392
f 1392 624 623
f 631 630 1390
f 1390 630 628
f 1390 628 627
f 619 621 1393
f 1393 621 622
f 1381 617 618
f 617 1381 615
f 615 1381 1326
f 615 1326 613
f 1379 1323 1381
f 1381 1323 1328
f 1381 1328 1327
f 1347 1346 1380
f 1380 1346 1321
f 1380 1321 1323
f 1347 1380 1348
f 1348 1380 1394
f 1348 1394 1349
f 1349 1394 1343
f 1343 1394 1395
f 1343 1395 1344
f 1396 1305 1395
f 1395 1305 1345
f 1395 1345 1344
f 1307 1306 1397
f 1397 1306 1398
f 1399 1400 1401
f 1401 1400 1402
f 1401 1402 1398
f 1398 1402 1403
f 1398 1403 1397
f 1399 1401 1404
f 1404 1401 1405
f 1404 1405 1406
f 1407 1408 1405
f 1405 1408 1409
f 1405 1409 1406
f 1410 1411 1412
f 1412 1411 1413
f 1412 1413 1407
f 1407 1413 1414
f 1407 1414 1408
f 1410 1412 1415
f 1415 1412 1416
f 1415 1416 1417
f 1417 1416 1418
f 1418 1416 1419
f 1418 1419 1420
f 1421 1422 1423
f 1423 1422 1424
f 1423 1424 1419
f 1419 1424 1425
f 1419 1425 1420
f 1426 1427 1419
f 1419 1427 1428
f 1419 1428 1423
f 1376 1378 1429
f 1383 1429 1384
f 1384 1429 1378
f 1384 1378 1387
f 1387 1378 1430
f 1387 1430 1388
f 1388 1430 1431
f 1388 1431 1389
f 1389 1431 1432
f 1389 1432 1391
f 1391 1432 1433
f 623 631 1392
f 1392 631 1390
f 1392 1390 1434
f 1434 1390 1391
f 1434 1391 1435
f 1435 1391 1433
f 1435 1433 1436
f 1436 1437 1435
f 1435 1437 1438
f 1435 1438 1434
f 1434 1438 1439
f 1434 1439 1392
f 1392 1439 1393
f 1392 1393 626
f 626 1393 622
f 618 619 1381
f 1381 619 1393
f 1381 1393 1379
f 1379 1393 1439
f 1379 1439 1380
f 1380 1439 1438
f 1380 1438 1394
f 1394 1438 1437
f 1394 1437 1395
f 1395 1437 1436
f 1395 1436 1396
f 1306 1305 1398
f 1398 1305 1396
f 1398 1396 1401
f 1401 1396 1436
f 1401 1436 1405
f 1405 1436 1433
f 1405 1433 1407
f 1407 1433 1432
f 1407 1432 1412
f 1412 1432 1431
f 1412 1431 1416
f 1416 1431 1430
f 1416 1430 1419
f 1419 1430 1378
f 1419 1378 1426
f 1426 1378 1377
f 1382 1385 1440
f 1441 1442 1443
f 779 778 1444
f 1445 1446 1447
f 1448 1449 1450
f 1451 1452 1453
f 1454 1455 1456
f 675 1457 676
f 676 1457 1458
f 676 1458 1459
f 1460 659 1459
f 1459 659 601
f 601 600 1459
f 1459 600 677
f 1459 677 676
f 661 660 1461
f 1461 660 656
f 1461 656 1460
f 1460 656 657
f 1460 657 659
f 661 1461 662
f 662 1461 1462
f 662 1462 646
f 1385 1386 1440
f 1440 1386 648
f 1440 648 1462
f 1462 648 647
f 1462 647 646
f 1463 1464 1421
f 1465 1466 1467
f 1467 1468 1465
f 1465 1468 1469
f 1465 1469 1470
f 1471 1472 1473
f 1473 1474 1471
f 1471 1474 1475
f 1471 1475 1476
f 1455 1477 1456
f 1456 1477 1478
f 1456 1478 1472
f 1472 1478 1479
f 1472 1479 1473
f 1480 1481 1482
f 1480 1482 1456
f 1456 1482 1483
f 1456 1483 1454
f 1453 1484 1485
f 1485 1484 1486
f 1486 1487 1485
f 1485 1487 1488
f 1485 1488 1480
f 1480 1488 1489
f 1480 1489 1481
f 1490 1491 1452
f 1452 1491 1492
f 1452 1492 1453
f 1453 1492 1493
f 1453 1493 1484
f 1494 1495 1441
f 1441 1495 1496
f 1441 1496 1442
f 1442 1496 1497
f 1442 1497 1498
f 1499 1500 1501
f 1501 1500 1502
f 1503 1504 1505
f 1505 1504 1506
f 1507 1508 1506
f 1506 1508 1509
f 1506 1509 1505
f 1445 1447 1510
f 1511 1512 1513
f 1513 1512 1514
f 1513 1514 1515
f 1515 1514 1516
f 1516 1514 1517
f 1516 1517 1518
f 1519 1520 1521
f 1521 1520 1522
f 1521 1522 1517
f 1517 1522 1523
f 1517 1523 1518
f 777 776 1521
f 776 775 1521
f 1521 775 774
f 1521 774 1519
f 1519 774 772
f 1519 772 771
f 779 1444 780
f 770 1524 773
f 773 1524 793
f 796 795 1524
f 1524 795 794
f 1524 794 793
f 797 1525 784
f 784 1525 785
f 785 1525 786
f 786 1525 1526
f 786 1526 787
f 791 790 1527
f 1527 790 789
f 1527 789 788
f 768 767 1528
f 1528 767 743
f 792 1528 783
f 783 1528 743
f 783 743 3
f 1502 1494 1501
f 1501 1494 1441
f 1501 1441 1529
f 1529 1441 1443
f 1529 1443 1530
f 1449 1499 1450
f 1450 1499 1501
f 1450 1501 1531
f 1531 1501 1529
f 1531 1529 1532
f 1532 1529 1530
f 1532 1530 1533
f 1503 1448 1504
f 1504 1448 1450
f 1504 1450 1534
f 1534 1450 1531
f 1534 1531 1535
f 1535 1531 1532
f 1535 1532 1536
f 1536 1532 1533
f 1536 1533 1537
f 770 782 1524
f 1524 782 781
f 1524 781 1538
f 1538 781 1539
f 1538 1539 1540
f 1540 1539 1541
f 1540 1541 1542
f 1542 1541 1543
f 1542 1543 1544
f 1544 1543 1545
f 1544 1545 1546
f 1546 1545 1547
f 1546 1547 1548
f 1548 1547 1549
f 1548 1549 1550
f 781 780 1539
f 1539 780 1444
f 1539 1444 1541
f 1541 1444 1551
f 1541 1551 1543
f 1543 1551 1552
f 1543 1552 1545
f 1545 1552 1553
f 1545 1553 1547
f 1547 1553 1554
f 1547 1554 1549
f 778 777 1444
f 1444 777 1521
f 1444 1521 1551
f 1551 1521 1517
f 1551 1517 1552
f 1552 1517 1514
f 1552 1514 1553
f 1553 1514 1512
f 1553 1512 1554
f 675 672 1457
f 1457 672 671
f 1457 671 1555
f 1555 671 673
f 673 737 1555
f 1555 737 736
f 1555 736 1556
f 736 735 1556
f 1556 735 765
f 1556 765 1557
f 1557 765 766
f 766 758 1557
f 1557 758 757
f 1557 757 1528
f 1528 757 769
f 1528 769 768
f 1558 1426 1377
f 1421 1423 1463
f 1463 1423 1428
f 1463 1428 1558
f 1558 1428 1427
f 1558 1427 1426
f 1376 1429 1559
f 1559 1429 1383
f 1471 1537 1472
f 1472 1537 1533
f 1472 1533 1456
f 1456 1533 1530
f 1456 1530 1480
f 1480 1530 1443
f 1480 1443 1485
f 1485 1443 1442
f 1485 1442 1453
f 1453 1442 1498
f 1453 1498 1451
f 1446 1560 1447
f 1447 1560 1561
f 1447 1561 1562
f 1562 1561 1563
f 1562 1563 1564
f 1564 1563 1565
f 1564 1565 1566
f 1566 1565 1567
f 1566 1567 1568
f 1568 1567 1569
f 1568 1569 1570
f 1570 1569 1571
f 1570 1571 1572
f 1572 1571 1573
f 1572 1573 1558
f 1558 1573 1465
f 1558 1465 1463
f 1463 1465 1470
f 1463 1470 1464
f 1377 1376 1558
f 1558 1376 1559
f 1558 1559 1572
f 1572 1559 1574
f 1572 1574 1570
f 1570 1574 1575
f 1570 1575 1568
f 1568 1575 1576
f 1568 1576 1566
f 1566 1576 1550
f 1566 1550 1564
f 1564 1550 1549
f 1564 1549 1562
f 1562 1549 1554
f 1562 1554 1447
f 1447 1554 1512
f 1447 1512 1510
f 1510 1512 1511
f 788 787 1527
f 1527 787 1526
f 1527 1526 1577
f 1577 1526 1578
f 1577 1578 1579
f 1579 1578 1580
f 1579 1580 1581
f 1581 1580 1582
f 1581 1582 1583
f 1583 1582 1584
f 1583 1584 1585
f 1585 1584 1586
f 1585 1586 1587
f 1587 1586 1588
f 1587 1588 1589
f 1589 1588 1590
f 1589 1590 1591
f 1591 1590 1592
f 1591 1592 1593
f 1560 1507 1561
f 1561 1507 1506
f 1561 1506 1563
f 1563 1506 1504
f 1563 1504 1565
f 1565 1504 1534
f 1565 1534 1567
f 1567 1534 1535
f 1567 1535 1569
f 1569 1535 1536
f 1569 1536 1571
f 1571 1536 1537
f 1571 1537 1573
f 1573 1537 1471
f 1573 1471 1465
f 1465 1471 1476
f 1465 1476 1466
f 792 791 1528
f 1528 791 1527
f 1528 1527 1557
f 1557 1527 1577
f 1557 1577 1556
f 1556 1577 1579
f 1556 1579 1555
f 1555 1579 1581
f 1555 1581 1457
f 1457 1581 1583
f 1457 1583 1458
f 1458 1583 1585
f 1458 1585 1459
f 1459 1585 1587
f 1459 1587 1460
f 1460 1587 1589
f 1460 1589 1461
f 1461 1589 1591
f 1461 1591 1462
f 1462 1591 1593
f 1462 1593 1440
f 797 796 1525
f 1525 796 1524
f 1525 1524 1526
f 1526 1524 1538
f 1526 1538 1578
f 1578 1538 1540
f 1578 1540 1580
f 1580 1540 1542
f 1580 1542 1582
f 1582 1542 1544
f 1582 1544 1584
f 1584 1544 1546
f 1584 1546 1586
f 1586 1546 1548
f 1586 1548 1588
f 1588 1548 1550
f 1588 1550 1590
f 1590 1550 1576
f 1590 1576 1592
f 1592 1576 1575
f 1592 1575 1593
f 1593 1575 1574
f 1593 1574 1440
f 1440 1574 1559
f 1440 1559 1382
f 1382 1559 1383
f 1594 1595 1596
f 801 800 1597
f 814 813 1598
f 1598 813 812
f 168 826 807
f 807 826 1598
f 807 1598 808
f 808 1598 812
f 810 809 1599
f 1599 809 816
f 1599 816 815
f 819 818 1600
f 1600 818 817
f 824 823 1601
f 823 822 1601
f 1601 822 821
f 1601 821 820
f 805 804 1602
f 1602 804 803
f 1602 803 802
f 1603 799 806
f 771 798 1519
f 1519 798 799
f 1519 799 1520
f 1520 799 1603
f 1520 1603 1522
f 1522 1603 1523
f 1523 1603 1604
f 1523 1604 1518
f 1605 1606 1511
f 1511 1513 1605
f 1605 1513 1515
f 1605 1515 1604
f 1604 1515 1516
f 1604 1516 1518
f 1560 1446 1607
f 1607 1446 1445
f 1607 1445 1606
f 1606 1445 1510
f 1606 1510 1511
f 1560 1607 1507
f 1507 1607 1608
f 1507 1608 1508
f 1508 1608 1609
f 1508 1609 1509
f 1610 1503 1609
f 1609 1503 1505
f 1609 1505 1509
f 1499 1449 1611
f 1611 1449 1448
f 1502 1500 1612
f 1612 1500 1499
f 1496 1495 1613
f 1613 1495 1494
f 1614 1497 1496
f 1615 1451 1498
f 1616 1617 1615
f 1451 1615 1452
f 1452 1615 1617
f 1452 1617 1490
f 1618 1619 1620
f 1620 1619 1621
f 1620 1621 1615
f 1615 1621 1622
f 1615 1622 1616
f 1623 1624 1620
f 1620 1624 1625
f 1620 1625 1618
f 1595 1626 1596
f 1596 1626 1627
f 1596 1627 1623
f 1623 1627 1628
f 1623 1628 1624
f 1594 1596 1629
f 1629 1596 1630
f 1629 1630 1631
f 1632 1633 1630
f 1630 1633 1634
f 1630 1634 1631
f 1635 1636 1637
f 1637 1636 1638
f 1635 1639 1636
f 1636 1639 1640
f 1636 1640 1632
f 1632 1640 1641
f 1632 1641 1633
f 1642 1643 1644
f 1644 1643 1645
f 1644 1645 1646
f 1647 1648 1649
f 1649 1648 1650
f 1649 1650 1644
f 1644 1650 1651
f 1644 1651 1642
f 1652 1653 1654
f 1654 1653 1655
f 1654 1655 1656
f 900 1657 1658
f 1657 1659 1658
f 1658 1659 1660
f 1658 1660 1652
f 976 975 1661
f 1661 975 901
f 1661 901 898
f 1009 1008 1662
f 1662 1008 976
f 1011 1010 1663
f 1664 960 1663
f 1663 960 961
f 1663 961 1011
f 965 964 1665
f 1665 964 958
f 1665 958 1664
f 1664 958 959
f 1664 959 960
f 965 1665 966
f 966 1665 1666
f 966 1666 962
f 1667 875 883
f 1667 883 1666
f 1666 883 882
f 1666 882 962
f 875 1667 867
f 867 1667 1668
f 867 1668 863
f 1669 866 865
f 1669 865 1668
f 1668 865 864
f 1668 864 863
f 826 825 1598
f 1598 825 829
f 1598 829 1669
f 1669 829 828
f 1669 828 866
f 1670 1671 1672
f 1672 1671 1673
f 1672 1673 1674
f 1674 1673 1675
f 1674 1675 1676
f 1676 1675 1677
f 1676 1677 1678
f 1678 1677 1679
f 1678 1679 1680
f 1680 1679 1681
f 1680 1681 1682
f 1682 1681 1683
f 1682 1683 1684
f 1684 1683 1597
f 1684 1597 1601
f 1601 1597 800
f 1601 800 824
f 806 805 1603
f 1603 805 1602
f 1603 1602 1604
f 1604 1602 1685
f 1604 1685 1605
f 1605 1685 1686
f 1605 1686 1606
f 1606 1686 1687
f 1606 1687 1607
f 1607 1687 1688
f 1607 1688 1608
f 1608 1688 1689
f 1608 1689 1609
f 1609 1689 1690
f 1609 1690 1610
f 1610 1690 1691
f 802 801 1602
f 1602 801 1597
f 1602 1597 1685
f 1685 1597 1683
f 1685 1683 1686
f 1686 1683 1681
f 1686 1681 1687
f 1687 1681 1679
f 1687 1679 1688
f 1688 1679 1677
f 1688 1677 1689
f 1689 1677 1675
f 1689 1675 1690
f 1690 1675 1673
f 1690 1673 1691
f 1691 1673 1671
f 1496 1613 1614
f 1614 1613 1692
f 1614 1692 1693
f 1693 1692 1694
f 1693 1694 1695
f 1695 1694 1696
f 1695 1696 1697
f 1697 1696 1698
f 1697 1698 1699
f 1699 1698 1700
f 1699 1700 1701
f 1701 1700 1654
f 1701 1654 1649
f 1649 1654 1656
f 1649 1656 1647
f 1646 1638 1644
f 1644 1638 1636
f 1644 1636 1649
f 1649 1636 1632
f 1649 1632 1701
f 1701 1632 1630
f 1701 1630 1699
f 1699 1630 1596
f 1699 1596 1697
f 1697 1596 1623
f 1697 1623 1695
f 1695 1623 1620
f 1695 1620 1693
f 1693 1620 1615
f 1693 1615 1614
f 1614 1615 1498
f 1614 1498 1497
f 1499 1611 1612
f 1612 1611 1702
f 1612 1702 1703
f 1703 1702 1704
f 1703 1704 1705
f 1705 1704 1706
f 1705 1706 1707
f 1707 1706 1708
f 1707 1708 1709
f 1709 1708 1710
f 1709 1710 1711
f 1711 1710 1661
f 1711 1661 1658
f 1658 1661 898
f 1658 898 900
f 817 811 1600
f 1600 811 810
f 1600 810 1712
f 1712 810 1599
f 1712 1599 1713
f 1713 1599 1714
f 1713 1714 1715
f 1715 1714 1716
f 1715 1716 1717
f 1717 1716 1718
f 1717 1718 1719
f 1719 1718 1720
f 1719 1720 1721
f 1721 1720 1722
f 1721 1722 1723
f 1723 1722 1724
f 1723 1724 1725
f 1725 1724 1726
f 976 1661 1662
f 1662 1661 1710
f 1662 1710 1727
f 1727 1710 1708
f 1727 1708 1728
f 1728 1708 1706
f 1728 1706 1670
f 1670 1706 1704
f 1670 1704 1671
f 1671 1704 1702
f 1671 1702 1691
f 1691 1702 1611
f 1691 1611 1610
f 1610 1611 1448
f 1610 1448 1503
f 815 814 1599
f 1599 814 1598
f 1599 1598 1714
f 1714 1598 1669
f 1714 1669 1716
f 1716 1669 1668
f 1716 1668 1718
f 1718 1668 1667
f 1718 1667 1720
f 1720 1667 1666
f 1720 1666 1722
f 1722 1666 1665
f 1722 1665 1724
f 1724 1665 1664
f 1724 1664 1726
f 1726 1664 1663
f 1652 1654 1658
f 1658 1654 1700
f 1658 1700 1711
f 1711 1700 1698
f 1711 1698 1709
f 1709 1698 1696
f 1709 1696 1707
f 1707 1696 1694
f 1707 1694 1705
f 1705 1694 1692
f 1705 1692 1703
f 1703 1692 1613
f 1703 1613 1612
f 1612 1613 1494
f 1612 1494 1502
f 820 819 1601
f 1601 819 1600
f 1601 1600 1684
f 1684 1600 1712
f 1684 1712 1682
f 1682 1712 1713
f 1682 1713 1680
f 1680 1713 1715
f 1680 1715 1678
f 1678 1715 1717
f 1678 1717 1676
f 1676 1717 1719
f 1676 1719 1674
f 1674 1719 1721
f 1674 1721 1672
f 1672 1721 1723
f 1672 1723 1670
f 1670 1723 1725
f 1670 1725 1728
f 1728 1725 1726
f 1728 1726 1727
f 1727 1726 1663
f 1727 1663 1662
f 1662 1663 1010
f 1662 1010 1009
f 903 902 1729
f 924 922 1730
f 1731 1732 1733
f 1655 1653 1734
f 1653 1652 1734
f 1734 1652 1660
f 1734 1660 896
f 896 1660 1659
f 896 1659 897
f 897 1659 899
f 899 1659 1657
f 899 1657 900
f 1648 1647 1735
f 1735 1647 1656
f 1736 1651 1650
f 1737 1738 1736
f 1736 1738 1739
f 1736 1739 1651
f 1651 1739 1740
f 1651 1740 1642
f 1642 1740 1643
f 1737 1736 1741
f 1741 1736 1742
f 1741 1742 1743
f 1743 1742 1744
f 1744 1742 1745
f 1744 1745 1746
f 1747 1748 1745
f 1745 1748 1749
f 1745 1749 1746
f 1750 1751 1747
f 1747 1751 1752
f 1752 1753 1747
f 1747 1753 1754
f 1747 1754 1748
f 1755 1756 1750
f 1750 1756 1757
f 1750 1757 1751
f 1758 1759 1755
f 1755 1759 1760
f 1755 1760 1756
f 1149 1148 1761
f 1761 1148 1145
f 1761 1145 1733
f 1733 1145 1147
f 1733 1147 1731
f 1762 1181 1180
f 1180 1149 1762
f 1762 1149 1761
f 1762 1761 1755
f 1755 1761 1733
f 1755 1733 1758
f 1758 1733 1732
f 1763 1166 1164
f 1113 1112 1764
f 1764 1112 1167
f 921 931 1765
f 1765 931 930
f 1765 930 1170
f 1170 930 929
f 1170 929 928
f 919 917 1766
f 1766 917 916
f 1766 916 1730
f 1730 916 925
f 1730 925 924
f 912 915 1767
f 915 891 1767
f 1767 891 890
f 1767 890 1766
f 1766 890 920
f 1766 920 919
f 913 1768 914
f 914 1768 1769
f 914 1769 910
f 902 906 1729
f 1729 906 908
f 1729 908 1769
f 1769 908 911
f 1769 911 910
f 896 894 1734
f 1734 894 893
f 1734 893 1729
f 1729 893 905
f 1729 905 903
f 1770 1764 1763
f 1763 1764 1167
f 1763 1167 1166
f 1771 1770 1772
f 1772 1770 1763
f 1772 1763 1773
f 1773 1763 1164
f 1773 1164 1163
f 1170 1113 1765
f 1765 1113 1764
f 1765 1764 1774
f 1774 1764 1770
f 1774 1770 1775
f 1775 1770 1771
f 1775 1771 1776
f 913 912 1768
f 1768 912 1767
f 1768 1767 1777
f 1777 1767 1766
f 1777 1766 1778
f 1778 1766 1730
f 1656 1655 1735
f 1735 1655 1734
f 1735 1734 1779
f 1779 1734 1729
f 1779 1729 1780
f 1780 1729 1769
f 1780 1769 1781
f 1781 1769 1768
f 1781 1768 1776
f 1776 1768 1777
f 1776 1777 1775
f 1775 1777 1778
f 1775 1778 1774
f 1774 1778 1730
f 1774 1730 1765
f 1765 1730 922
f 1765 922 921
f 1163 1182 1773
f 1773 1182 1181
f 1773 1181 1772
f 1772 1181 1762
f 1772 1762 1771
f 1771 1762 1755
f 1771 1755 1776
f 1776 1755 1750
f 1776 1750 1781
f 1781 1750 1747
f 1781 1747 1780
f 1780 1747 1745
f 1780 1745 1779
f 1779 1745 1742
f 1779 1742 1735
f 1735 1742 1736
f 1735 1736 1648
f 1648 1736 1650
f 1782 1783 1121
f 1121 1783 1122
f 1784 1785 1786
f 1784 1786 1125
f 1125 1786 1787
f 1125 1787 1144
f 1125 1124 1784
f 1784 1124 1122
f 1784 1122 1785
f 1785 1122 1783
f 1787 1788 1144
f 1144 1788 1789
f 1144 1789 1146
f 1150 1152 1790
f 1790 1152 1155
f 1782 1121 1791
f 1791 1121 1150
f 1791 1150 1792
f 1792 1150 1790
f 1792 1790 1793
f 1794 1795 1796
f 1796 1797 1794
f 1794 1797 1798
f 1794 1798 1790
f 1790 1798 1799
f 1790 1799 1793
f 1800 1801 1802
f 1802 1801 1803
f 1802 1803 1794
f 1794 1803 1804
f 1794 1804 1795
f 1155 1153 1790
f 1790 1153 1119
f 1790 1119 1794
f 1794 1119 1118
f 1794 1118 1159
f 1156 1802 1157
f 1157 1802 1794
f 1157 1794 1158
f 1158 1794 1159
f 1091 1090 1805
f 1105 1106 1806
f 928 1031 1171
f 1171 1031 1032
f 1171 1032 1177
f 1807 1808 1809
f 1809 1808 1810
f 1811 1812 1808
f 1808 1812 1813
f 1808 1813 1810
f 1814 1815 1816
f 1816 1815 1817
f 1816 1817 1818
f 1814 1819 1815
f 1815 1819 1820
f 1815 1820 1821
f 1821 1822 1815
f 1815 1822 1823
f 1815 1823 1811
f 1811 1823 1824
f 1811 1824 1812
f 1825 1826 1817
f 1817 1826 1827
f 1817 1827 1818
f 1817 1828 1829
f 1817 1829 1825
f 1830 1831 1832
f 1832 1831 1833
f 1022 1026 1834
f 1835 1836 1837
f 1837 1836 1834
f 1837 1834 1838
f 1838 1834 1026
f 1838 1026 1025
f 1022 1834 1023
f 1023 1834 1111
f 1023 1111 350
f 1107 1108 1839
f 1839 1108 1109
f 1839 1109 1110
f 1806 1106 1836
f 1836 1106 1097
f 1836 1097 1096
f 1096 1107 1836
f 1836 1107 1839
f 1836 1839 1834
f 1834 1839 1110
f 1834 1110 1111
f 1098 1101 1840
f 1101 1102 1840
f 1840 1102 1103
f 1840 1103 1806
f 1806 1103 1104
f 1806 1104 1105
f 1841 1092 1093
f 1093 1094 1841
f 1841 1094 1095
f 1841 1095 1842
f 1842 1095 1100
f 1842 1100 1099
f 1085 1084 1843
f 1090 1089 1805
f 1805 1089 1088
f 1805 1088 1844
f 1844 1088 1087
f 1844 1087 1086
f 1175 1173 1083
f 1032 1039 1177
f 1177 1039 1081
f 1177 1081 1178
f 1178 1081 1179
f 1179 1081 1080
f 1179 1080 1079
f 1173 1172 1083
f 1083 1172 1179
f 1083 1179 1082
f 1082 1179 1079
f 1134 1808 1141
f 1141 1808 1807
f 1141 1807 1139
f 1811 1845 1815
f 1815 1845 1832
f 1815 1832 1817
f 1817 1832 1833
f 1817 1833 1828
f 1835 1830 1836
f 1836 1830 1832
f 1836 1832 1806
f 1806 1832 1845
f 1806 1845 1840
f 1840 1845 1811
f 1840 1811 1846
f 1846 1811 1808
f 1846 1808 1847
f 1847 1808 1134
f 1847 1134 1133
f 1083 1091 1175
f 1175 1091 1805
f 1175 1805 1183
f 1183 1805 1844
f 1183 1844 1184
f 1184 1844 1185
f 1160 1185 1843
f 1843 1185 1844
f 1843 1844 1085
f 1085 1844 1086
f 1092 1841 1084
f 1084 1841 1848
f 1084 1848 1843
f 1843 1848 1161
f 1843 1161 1160
f 1137 1136 1848
f 1848 1136 1162
f 1848 1162 1161
f 1099 1098 1842
f 1842 1098 1840
f 1842 1840 1841
f 1841 1840 1846
f 1841 1846 1848
f 1848 1846 1847
f 1848 1847 1137
f 1137 1847 1133
f 1802 1156 1132
f 1143 1849 1135
f 1135 1849 1850
f 1135 1850 1128
f 1800 1802 1851
f 1851 1802 1132
f 1851 1132 1852
f 1852 1132 1131
f 1852 1131 1853
f 1853 1131 1130
f 1853 1130 1854
f 1854 1130 1855
f 1855 1130 1850
f 1850 1130 1129
f 1850 1129 1128
f 1139 1856 1140
f 1140 1856 1857
f 1140 1857 1142
f 1857 1858 1142
f 1142 1858 1859
f 1142 1859 1143
f 1143 1859 1860
f 1143 1860 1849
f 1189 1188 1861
f 1213 1215 1862
f 1221 1223 1863
f 1863 1223 1224
f 613 1325 1266
f 1266 1325 1267
f 1864 1236 1234
f 1864 1234 1336
f 1234 1231 1336
f 1336 1231 1229
f 1336 1229 1334
f 1334 1229 1228
f 1334 1228 1325
f 1325 1228 1227
f 1325 1227 1267
f 1267 1227 1226
f 1236 1864 1237
f 1237 1864 1865
f 1237 1865 1239
f 1239 1865 1866
f 1239 1866 1241
f 1252 1254 1867
f 1867 1254 1255
f 1867 1255 1866
f 1866 1255 1244
f 1866 1244 1241
f 1205 1203 1868
f 1868 1203 1246
f 1868 1246 1248
f 1217 1219 1869
f 1217 1869 1215
f 1199 1201 1870
f 1871 1209 1862
f 1862 1209 1211
f 1862 1211 1213
f 1188 516 1861
f 1861 516 1191
f 1861 1191 1872
f 1872 1191 1193
f 1872 1193 1195
f 1828 1833 1873
f 1873 1833 1831
f 1873 1831 1874
f 1874 1831 1830
f 1874 1830 1835
f 1875 1873 1876
f 1876 1873 1877
f 1875 1878 1873
f 1873 1878 1879
f 1873 1879 1880
f 1880 1829 1873
f 1873 1829 1828
f 1881 1882 1883
f 1883 1882 1884
f 1881 1885 1882
f 1882 1885 1886
f 1882 1886 1887
f 1884 1882 1888
f 1888 1882 1889
f 1888 1889 1890
f 1312 1311 1891
f 1891 1311 1892
f 1891 1892 1893
f 1893 1894 1891
f 1891 1894 1895
f 1891 1895 1896
f 1838 1861 1837
f 1837 1861 1874
f 1837 1874 1835
f 1312 1891 1313
f 1313 1891 1897
f 1313 1897 1340
f 1215 1869 1862
f 1862 1869 1898
f 1862 1898 1871
f 1195 1197 1872
f 1872 1197 1199
f 1872 1199 1861
f 1861 1199 1870
f 1861 1870 1874
f 1874 1870 1882
f 1874 1882 1873
f 1873 1882 1887
f 1873 1887 1877
f 1336 1335 1864
f 1864 1335 1332
f 1864 1332 1865
f 1865 1332 1352
f 1865 1352 1351
f 1865 1899 1866
f 1866 1899 1900
f 1866 1900 1867
f 1867 1900 1250
f 1867 1250 1252
f 1351 1350 1865
f 1865 1350 1283
f 1865 1283 1899
f 1899 1283 1282
f 1899 1282 1342
f 1342 1341 1899
f 1899 1341 1340
f 1899 1340 1900
f 1900 1340 1897
f 1900 1897 1901
f 1901 1897 1891
f 1901 1891 1889
f 1889 1891 1896
f 1889 1896 1890
f 1219 1221 1869
f 1869 1221 1863
f 1869 1863 1868
f 1868 1863 1224
f 1868 1224 1205
f 1201 1209 1870
f 1870 1209 1871
f 1870 1871 1882
f 1882 1871 1898
f 1882 1898 1889
f 1889 1898 1869
f 1889 1869 1901
f 1901 1869 1868
f 1901 1868 1900
f 1900 1868 1248
f 1900 1248 1250
f 1838 1025 1186
f 1838 1186 1861
f 1861 1186 1190
f 1861 1190 1189
f 1359 1358 1902
f 1291 1359 1292
f 1292 1359 1902
f 1292 1902 1314
f 1314 1902 1903
f 1314 1903 1315
f 1903 1904 1315
f 1315 1904 1905
f 1315 1905 1317
f 1317 1905 1906
f 1317 1906 1318
f 1318 1906 1907
f 1318 1907 1319
f 1319 1907 1320
f 1907 1908 1320
f 1320 1908 1909
f 1320 1909 1285
f 1909 1910 1285
f 1285 1910 1911
f 1285 1911 1286
f 1286 1911 1912
f 1286 1912 1310
f 1310 1912 1913
f 1310 1913 1311
f 1914 1915 1916
f 1915 1914 1917
f 1918 1919 1920
f 1798 1797 1921
f 1800 1851 1922
f 1907 1906 1923
f 1904 1903 1924
f 1640 1639 1925
f 1757 1756 1926
f 1732 1731 1927
f 1927 1731 1928
f 1928 1731 1147
f 1928 1147 1146
f 1756 1760 1926
f 1926 1760 1759
f 1926 1759 1927
f 1927 1759 1758
f 1927 1758 1732
f 1754 1753 1929
f 1929 1753 1752
f 1929 1752 1926
f 1926 1752 1751
f 1926 1751 1757
f 1743 1930 1741
f 1741 1930 1737
f 1743 1744 1930
f 1930 1744 1746
f 1930 1746 1749
f 1740 1739 1930
f 1930 1739 1738
f 1930 1738 1737
f 1643 1931 1645
f 1645 1931 1646
f 1754 1929 1748
f 1748 1929 1932
f 1748 1932 1749
f 1749 1932 1931
f 1749 1931 1930
f 1930 1931 1643
f 1930 1643 1740
f 1639 1635 1925
f 1925 1635 1637
f 1925 1637 1931
f 1931 1637 1638
f 1931 1638 1646
f 1641 1933 1633
f 1633 1933 1634
f 1627 1626 1934
f 1934 1626 1595
f 1595 1594 1934
f 1934 1594 1629
f 1934 1629 1933
f 1933 1629 1631
f 1933 1631 1634
f 1621 1619 1935
f 1935 1619 1618
f 1618 1625 1935
f 1935 1625 1624
f 1935 1624 1628
f 1617 1616 1936
f 1936 1616 1622
f 1918 1491 1919
f 1919 1491 1490
f 1484 1493 1918
f 1918 1493 1492
f 1918 1492 1491
f 1937 1487 1486
f 1454 1483 1937
f 1937 1483 1482
f 1937 1482 1481
f 1481 1489 1937
f 1937 1489 1488
f 1937 1488 1487
f 1477 1455 1938
f 1469 1468 1939
f 1939 1468 1467
f 1939 1467 1940
f 1940 1467 1466
f 1466 1476 1940
f 1940 1476 1475
f 1940 1475 1474
f 1474 1473 1940
f 1940 1473 1479
f 1940 1479 1938
f 1938 1479 1478
f 1938 1478 1477
f 1941 1422 1421
f 1421 1464 1941
f 1941 1464 1470
f 1941 1470 1469
f 1420 1425 1942
f 1942 1425 1424
f 1410 1415 1943
f 1943 1415 1417
f 1943 1417 1942
f 1942 1417 1418
f 1942 1418 1420
f 1408 1414 1944
f 1944 1414 1413
f 1944 1413 1943
f 1943 1413 1411
f 1943 1411 1410
f 1399 1404 1945
f 1945 1404 1406
f 1945 1406 1944
f 1944 1406 1409
f 1944 1409 1408
f 1399 1945 1400
f 1400 1945 1946
f 1400 1946 1402
f 1308 1307 1947
f 1947 1307 1397
f 1947 1397 1946
f 1946 1397 1403
f 1946 1403 1402
f 1373 1947 1370
f 1370 1947 1948
f 1373 1374 1947
f 1947 1374 1375
f 1947 1375 1308
f 1366 1948 1367
f 1367 1948 1949
f 1366 1372 1948
f 1948 1372 1371
f 1948 1371 1370
f 1363 1354 1949
f 1354 1356 1949
f 1949 1356 1368
f 1949 1368 1367
f 1362 1361 1950
f 1950 1361 1360
f 1360 1365 1950
f 1950 1365 1364
f 1950 1364 1363
f 1363 1949 1950
f 1950 1949 1951
f 1950 1951 1362
f 1903 1902 1924
f 1924 1902 1358
f 1924 1358 1357
f 1905 1904 1952
f 1952 1904 1924
f 1952 1924 1951
f 1951 1924 1357
f 1951 1357 1362
f 1910 1909 1953
f 1907 1923 1908
f 1954 1913 1955
f 1955 1913 1912
f 1955 1912 1956
f 1956 1912 1911
f 1956 1911 1910
f 1957 1958 1954
f 1959 1960 1961
f 1961 1960 1962
f 1961 1962 1963
f 1963 1962 1964
f 1963 1964 1957
f 1965 1966 1967
f 1967 1966 1968
f 1967 1968 1961
f 1961 1968 1969
f 1961 1969 1959
f 1970 1971 1972
f 1972 1971 1973
f 1974 1975 1976
f 1976 1975 1977
f 1976 1977 1978
f 1979 1980 1974
f 1981 1982 1983
f 1983 1982 1984
f 1985 1983 1986
f 1986 1983 1987
f 1985 1988 1983
f 1983 1988 1989
f 1983 1989 1981
f 1990 1991 1992
f 1991 1993 1992
f 1992 1993 1994
f 1992 1994 1983
f 1983 1994 1995
f 1983 1995 1987
f 1996 1997 1998
f 1998 1997 1999
f 1998 1999 2000
f 2001 2002 2003
f 2003 2002 2004
f 2003 2004 2005
f 2005 2004 2006
f 1860 1859 2007
f 2007 1859 1858
f 2007 1858 2008
f 2008 1858 1857
f 2008 1857 1856
f 2009 1849 1860
f 1852 1853 2010
f 2010 1853 1854
f 2010 1854 2011
f 2011 1854 1855
f 2011 1855 1850
f 1921 1804 2012
f 2012 1804 1803
f 2012 1803 1922
f 1922 1803 1801
f 1922 1801 1800
f 1797 1796 1921
f 1921 1796 1795
f 1921 1795 1804
f 1791 1792 2013
f 2013 1792 1793
f 2013 1793 1799
f 1786 1785 2014
f 2014 1785 1783
f 2014 1783 1782
f 1146 1789 1928
f 1928 1789 1788
f 1928 1788 1787
f 2015 2016 2017
f 2017 2016 2018
f 2017 2018 1937
f 2019 2020 2021
f 2015 2019 2016
f 2016 2019 2021
f 2016 2021 2018
f 2018 2021 1940
f 2018 1940 1937
f 1937 1940 1938
f 1937 1938 1454
f 1454 1938 1455
f 2020 2019 2022
f 2022 2019 2023
f 2022 2023 2024
f 2024 2023 2025
f 2024 2025 2026
f 2026 2025 2027
f 2026 2027 1916
f 1916 2027 2028
f 1916 2028 1914
f 2029 2030 2031
f 1957 1954 1963
f 1963 1954 1955
f 1963 1955 1961
f 1961 1955 2032
f 1961 2032 1967
f 2033 2034 2035
f 2035 2034 2031
f 2035 2031 2036
f 2036 2031 2030
f 1469 1939 1941
f 1941 1939 1940
f 1941 1940 2037
f 2037 1940 2021
f 2037 2021 2038
f 2038 2021 2020
f 2038 2020 2039
f 2039 2020 2022
f 2039 2022 2040
f 2040 2022 2024
f 2040 2024 2041
f 2041 2024 2026
f 2041 2026 2042
f 2042 2026 1916
f 2042 1916 2043
f 2043 1916 1915
f 2043 1915 2033
f 2033 1915 1917
f 2033 1917 2034
f 1909 1908 1953
f 1953 1908 1923
f 1953 1923 1952
f 1952 1923 1906
f 1952 1906 1905
f 2030 1953 2036
f 2036 1953 1952
f 2036 1952 2035
f 2035 1952 1951
f 2035 1951 2033
f 2033 1951 1949
f 2033 1949 2043
f 2043 1949 1948
f 2043 1948 2042
f 2042 1948 1947
f 2042 1947 2041
f 2041 1947 1946
f 2041 1946 2040
f 2040 1946 1945
f 2040 1945 2039
f 2039 1945 1944
f 2039 1944 2038
f 2038 1944 1943
f 2038 1943 2037
f 2037 1943 1942
f 2037 1942 1941
f 1941 1942 1424
f 1941 1424 1422
f 2029 2044 2045
f 2045 2044 2046
f 2045 2046 2047
f 2047 2046 2048
f 2047 2048 2049
f 2049 2048 2050
f 2049 2050 2051
f 2051 2050 2052
f 2051 2052 2053
f 2053 2054 2055
f 2029 2031 2044
f 2044 2031 2034
f 2044 2034 2046
f 2046 2034 1917
f 2046 1917 2048
f 2048 1917 1914
f 2048 1914 2050
f 2050 1914 2028
f 2050 2028 2052
f 2052 2028 2056
f 2052 2056 2053
f 2053 2056 2057
f 2053 2057 2054
f 2054 2057 2014
f 2054 2014 2013
f 2013 2014 1782
f 2013 1782 1791
f 1799 1798 2013
f 2013 1798 1921
f 2013 1921 2054
f 2054 1921 2012
f 2054 2012 2055
f 2055 2012 1922
f 2055 1922 2010
f 2010 1922 1851
f 2010 1851 1852
f 2009 2058 2059
f 2059 2058 2060
f 2059 2060 2061
f 2062 2063 2064
f 2064 2063 2065
f 2064 2065 2066
f 2066 2065 2067
f 2066 2067 2068
f 2068 2067 2069
f 2068 2069 2070
f 2070 2069 2071
f 2070 2071 2032
f 2032 2071 1972
f 2032 1972 1967
f 1967 1972 1973
f 1967 1973 1965
f 2001 1996 2002
f 2002 1996 1998
f 2002 1998 2072
f 1860 2007 2009
f 2009 2007 2008
f 2009 2008 2058
f 2058 2008 2073
f 2058 2073 2060
f 2000 1990 1998
f 1998 1990 1992
f 1998 1992 2072
f 2072 1992 1983
f 2072 1983 2074
f 2074 1983 1984
f 2074 1984 1979
f 1979 1984 2075
f 1979 2075 1980
f 1974 1976 1979
f 1979 1976 2076
f 1979 2076 2074
f 2074 2076 2077
f 2074 2077 2072
f 2072 2077 2073
f 2072 2073 2002
f 2002 2073 2008
f 2002 2008 2004
f 2004 2008 1856
f 2004 1856 2006
f 2062 2061 2063
f 2063 2061 2060
f 2063 2060 2065
f 2065 2060 2073
f 2065 2073 2067
f 2067 2073 2077
f 2067 2077 2069
f 2069 2077 2076
f 2069 2076 2071
f 2071 2076 1976
f 2071 1976 1972
f 1972 1976 1978
f 1972 1978 1970
f 1910 1953 1956
f 1956 1953 2030
f 1956 2030 1955
f 1955 2030 2029
f 1955 2029 2032
f 2032 2029 2045
f 2032 2045 2070
f 2070 2045 2047
f 2070 2047 2068
f 2068 2047 2049
f 2068 2049 2066
f 2066 2049 2051
f 2066 2051 2064
f 2064 2051 2053
f 2064 2053 2062
f 2062 2053 2055
f 2062 2055 2061
f 2061 2055 2010
f 2061 2010 2059
f 2059 2010 2011
f 2059 2011 2009
f 2009 2011 1850
f 2009 1850 1849
f 1933 2078 1934
f 1934 2078 1935
f 1934 1935 1627
f 1627 1935 1628
f 1622 1621 1936
f 1936 1621 1935
f 1936 1935 2079
f 2079 1935 2078
f 2079 2078 2080
f 2080 2078 1933
f 2080 1933 2081
f 2082 2083 2084
f 2084 2083 2085
f 2084 2085 2086
f 2086 2085 2087
f 2086 2087 2088
f 2088 2087 2089
f 2088 2089 2090
f 2090 2089 2091
f 1490 1617 1919
f 1919 1617 1936
f 1919 1936 1920
f 1920 1936 2079
f 1920 2079 2092
f 2092 2079 2080
f 2092 2080 2091
f 2091 2080 2081
f 2091 2081 2090
f 1928 2082 1927
f 1927 2082 2084
f 1927 2084 1926
f 1926 2084 2086
f 1926 2086 1929
f 1929 2086 2088
f 1929 2088 1932
f 1932 2088 2090
f 1932 2090 1931
f 1931 2090 2081
f 1931 2081 1925
f 1925 2081 1933
f 1925 1933 1640
f 1640 1933 1641
f 1486 1484 1937
f 1937 1484 1918
f 1937 1918 2017
f 2017 1918 1920
f 2017 1920 2015
f 2015 1920 2092
f 2015 2092 2019
f 2019 2092 2091
f 2019 2091 2023
f 2023 2091 2089
f 2023 2089 2025
f 2025 2089 2087
f 2025 2087 2027
f 2027 2087 2085
f 2027 2085 2028
f 2028 2085 2083
f 2028 2083 2056
f 2056 2083 2082
f 2056 2082 2057
f 2057 2082 1928
f 2057 1928 2014
f 2014 1928 1787
f 2014 1787 1786
f 1829 1984 1825
f 1825 1984 1982
f 1825 1982 1826
f 1826 1982 1981
f 1826 1981 1827
f 1827 1981 1989
f 1827 1989 1818
f 1818 1989 1988
f 1818 1988 1816
f 1816 1988 1985
f 1816 1985 1814
f 1814 1985 1986
f 1814 1986 1819
f 1819 1986 1987
f 1819 1987 1820
f 1987 1995 1820
f 1820 1995 1994
f 1820 1994 1821
f 1821 1994 1993
f 1821 1993 1822
f 1822 1993 1991
f 1822 1991 1823
f 1823 1991 1990
f 1823 1990 1824
f 1824 1990 1812
f 1990 2000 1812
f 1812 2000 1999
f 1812 1999 1813
f 1813 1999 1997
f 1813 1997 1810
f 1810 1997 1996
f 1810 1996 1809
f 1809 1996 2001
f 1809 2001 1807
f 1807 2001 2003
f 1856 1139 2006
f 2006 1139 1807
f 2006 1807 2005
f 2005 1807 2003
f 1311 1913 1954
f 1957 1894 1958
f 1958 1894 1893
f 1958 1893 1954
f 1954 1893 1892
f 1954 1892 1311
f 1957 1964 1894
f 1894 1964 1962
f 1894 1962 1895
f 1895 1962 1960
f 1895 1960 1896
f 1896 1960 1890
f 1890 1960 1959
f 1890 1959 1888
f 1888 1959 1969
f 1888 1969 1884
f 1884 1969 1968
f 1884 1968 1883
f 1883 1968 1966
f 1883 1966 1881
f 1881 1966 1965
f 1881 1965 1885
f 1885 1965 1973
f 1885 1973 1886
f 1973 1971 1886
f 1886 1971 1970
f 1886 1970 1887
f 1887 1970 1978
f 1887 1978 1877
f 1877 1978 1977
f 1877 1977 1876
f 1876 1977 1875
f 1875 1977 1975
f 1875 1975 1878
f 1878 1975 1974
f 1878 1974 1879
f 1879 1974 1980
f 1879 1980 1880
f 1880 1980 2075
f 1880 2075 1829
f 1829 2075 1984
f 2093 1984 2094
f 2093 2094 2095
f 2095 2094 2096
f 2095 2096 2097
f 2097 2096 2098
f 2097 2098 2099
f 2098 2100 2099
f 2099 2100 2101
f 2099 2101 2102
f 2102 2101 2103
f 2101 2104 2103
f 2103 2104 2105
f 2103 2105 2106
f 2106 2105 2107
f 2106 2107 2108
f 2108 2107 2109
f 2108 2109 2110
f 2110 2109 2111
f 2110 2111 2112
f 2112 2111 2113
f 2111 2114 2113
f 2113 2114 2115
f 2113 2115 2116
f 2116 2115 2117
f 2115 2118 2117
f 2117 2118 2119
f 2117 2119 2120
f 2120 2119 2121
f 2120 2121 2122
f 2122 2121 2123
f 2122 2123 2124
f 2124 2123 2125
f 2124 2125 2126
f 2127 2128 2125
f 2125 2128 2129
f 2125 2129 2126
f 2130 2131 2132
f 2132 2131 2133
f 2132 2133 2134
f 2134 2133 2135
f 2134 2135 2136
f 2136 2135 2137
f 2136 2137 2138
f 2138 2137 2139
f 2138 2139 2140
f 2140 2139 2141
f 2140 2141 2142
f 2142 2141 2143
f 2142 2143 2144
f 2144 2143 2145
f 2144 2145 2146
f 2146 2145 2147
f 2146 2147 2148
f 2148 2147 2149
f 2148 2149 2150
f 2150 2149 2151
f 2150 2151 2152
f 2152 2151 2128
f 2152 2128 2127
f 2153 2154 2155
f 2156 2096 2157
f 2157 2096 2094
f 2157 2094 1984
f 2114 2111 2158
f 2111 2109 2158
f 2158 2109 2107
f 2158 2107 2105
f 2105 2104 2158
f 2158 2104 2101
f 2158 2101 2100
f 2118 2115 2159
f 2125 2123 2160
f 2160 2123 2121
f 2160 2121 2159
f 2159 2121 2119
f 2159 2119 2118
f 2125 2160 2127
f 2127 2160 2161
f 2127 2161 2152
f 2144 2146 2155
f 2155 2146 2148
f 2155 2148 2161
f 2161 2148 2150
f 2161 2150 2152
f 2144 2155 2142
f 2142 2155 2154
f 2142 2154 2140
f 2162 2138 2163
f 2163 2138 2140
f 2163 2140 2164
f 2164 2140 2154
f 2132 2134 2162
f 2162 2134 2136
f 2162 2136 2138
f 2160 2165 2161
f 2161 2165 2166
f 2161 2166 2155
f 2155 2166 2167
f 2155 2167 2153
f 2168 2169 2170
f 2170 2169 2171
f 2168 2165 2169
f 2169 2165 2160
f 2169 2160 2158
f 2158 2160 2159
f 2158 2159 2114
f 2114 2159 2115
f 2172 2171 2173
f 2173 2171 2169
f 2173 2169 2174
f 2174 2169 2158
f 2174 2158 2157
f 2157 2158 2100
f 2157 2100 2156
f 2156 2100 2098
f 2156 2098 2096
f 2175 2176 2177
f 2178 2179 2176
f 2180 2181 2182
f 2183 2184 2185
f 2185 2184 2186
f 2185 2186 2187
f 2188 2189 2190
f 2190 2189 2191
f 2189 2192 2193
f 2191 2189 2194
f 2194 2189 2193
f 2194 2193 2195
f 2195 2193 2196
f 2196 2193 2197
f 2196 2197 2182
f 2182 2197 2198
f 2182 2198 2180
f 2199 2188 2200
f 2200 2188 2177
f 2200 2177 2201
f 2199 2202 2188
f 2188 2202 2203
f 2188 2203 2189
f 2189 2203 2204
f 2189 2204 2192
f 2176 2179 2177
f 2177 2179 2205
f 2177 2205 2201
f 2206 2207 2175
f 2207 2208 2175
f 2175 2208 2209
f 2175 2209 2176
f 2176 2209 2210
f 2176 2210 2178
f 1984 2211 2157
f 2157 2211 2212
f 2157 2212 2175
f 2175 2212 2213
f 2175 2213 2206
f 2187 2172 2185
f 2185 2172 2173
f 2185 2173 2174
f 2190 2214 2188
f 2188 2214 2183
f 2188 2183 2177
f 2177 2183 2185
f 2177 2185 2175
f 2175 2185 2174
f 2175 2174 2157
f 2215 2181 2216
f 2216 2181 2180
f 2216 2180 2217
f 2217 2180 2218
f 2218 2180 2219
f 2219 2180 2198
f 2219 2198 2220
f 2220 2198 2197
f 2220 2197 2221
f 2221 2197 2193
f 2221 2193 2222
f 2222 2193 2192
f 2222 2192 2223
f 2223 2192 2204
f 2223 2204 2224
f 2224 2204 2203
f 2224 2203 2225
f 2225 2203 2202
f 2225 2202 2226
f 2226 2202 2199
f 2226 2199 2227
f 2227 2199 2228
f 2228 2199 2200
f 2228 2200 2229
f 2229 2200 2230
f 2230 2200 2201
f 2230 2201 2231
f 2231 2201 2205
f 2231 2205 2232
f 2232 2205 2179
f 2232 2179 2233
f 2233 2179 2178
f 2233 2178 2234
f 2234 2178 2210
f 2234 2210 2235
f 2235 2210 2209
f 2235 2209 2236
f 2236 2209 2208
f 2236 2208 2237
f 2237 2208 2238
f 2238 2208 2207
f 2238 2207 2239
f 2239 2207 2206
f 2239 2206 2240
f 2240 2206 2213
f 2240 2213 2241
f 2241 2213 2242
f 2242 2213 2212
f 2242 2212 2243
f 2243 2212 2211
f 2243 2211 2244
f 2244 2211 1984
f 2244 1984 2093
f 2245 2246 2247
f 2248 2249 2250
f 2251 2252 2253
f 2254 2255 2256
f 2249 2257 2258
f 2258 2259 2260
f 2248 2261 2249
f 2249 2261 2262
f 2249 2262 2257
f 2263 2264 2248
f 2248 2264 2265
f 2248 2265 2261
f 2266 2267 2263
f 2263 2267 2268
f 2263 2268 2264
f 2269 2270 2271
f 2271 2270 2272
f 2271 2272 2273
f 2274 2275 2276
f 2276 2275 2277
f 2278 2279 2280
f 2278 2280 2281
f 2281 2280 2282
f 2281 2282 2283
f 2284 2285 2245
f 2245 2285 2286
f 2245 2286 2246
f 2246 2286 2287
f 2246 2287 2288
f 2289 2290 2291
f 2291 2290 2292
f 2291 2292 2293
f 2294 2126 2129
f 2294 2129 2295
f 2295 2129 2128
f 2295 2128 2151
f 2116 2117 2296
f 2117 2120 2296
f 2296 2120 2122
f 2296 2122 2124
f 2297 2112 2296
f 2296 2112 2113
f 2296 2113 2116
f 2298 2093 2095
f 2097 2099 2299
f 2299 2099 2102
f 2299 2102 2103
f 2103 2106 2299
f 2299 2106 2108
f 2299 2108 2110
f 2095 2097 2298
f 2298 2097 2299
f 2298 2299 2300
f 2300 2299 2301
f 2258 2260 2249
f 2249 2260 2302
f 2249 2302 2250
f 2250 2302 2303
f 2250 2303 2304
f 2305 2299 2297
f 2297 2299 2110
f 2297 2110 2112
f 2255 2266 2256
f 2256 2266 2263
f 2256 2263 2306
f 2306 2263 2248
f 2306 2248 2305
f 2305 2248 2250
f 2305 2250 2299
f 2299 2250 2304
f 2299 2304 2301
f 2307 2308 2309
f 2310 2311 2277
f 2277 2311 2312
f 2277 2312 2276
f 2273 2254 2271
f 2271 2254 2256
f 2271 2256 2313
f 2313 2256 2306
f 2313 2306 2314
f 2314 2306 2305
f 2314 2305 2315
f 2315 2305 2297
f 2315 2297 2316
f 2316 2297 2296
f 2316 2296 2294
f 2294 2296 2124
f 2294 2124 2126
f 2317 2318 2319
f 2319 2318 2281
f 2319 2281 2283
f 2317 2320 2318
f 2318 2320 2321
f 2321 2320 2322
f 2321 2322 2323
f 2307 2324 2321
f 2321 2324 2247
f 2321 2247 2318
f 2318 2247 2246
f 2318 2246 2281
f 2281 2246 2288
f 2281 2288 2278
f 2323 2325 2321
f 2321 2325 2326
f 2321 2326 2307
f 2307 2326 2327
f 2307 2327 2308
f 2293 2251 2291
f 2291 2251 2253
f 2291 2253 2328
f 2328 2253 2329
f 2328 2329 2330
f 2330 2329 2331
f 2330 2331 2332
f 2332 2331 2333
f 2332 2333 2334
f 2334 2333 2335
f 2334 2335 2277
f 2277 2335 2336
f 2277 2336 2310
f 2252 2284 2253
f 2253 2284 2245
f 2253 2245 2329
f 2329 2245 2247
f 2329 2247 2331
f 2331 2247 2324
f 2331 2324 2333
f 2333 2324 2307
f 2333 2307 2335
f 2335 2307 2309
f 2335 2309 2336
f 2275 2269 2277
f 2277 2269 2271
f 2277 2271 2334
f 2334 2271 2313
f 2334 2313 2332
f 2332 2313 2314
f 2332 2314 2330
f 2330 2314 2315
f 2330 2315 2328
f 2328 2315 2316
f 2328 2316 2291
f 2291 2316 2294
f 2291 2294 2289
f 2289 2294 2295
f 2337 2338 2339
f 2340 2341 2342
f 2343 2344 2345
f 2345 2344 2346
f 2343 2347 2344
f 2344 2347 2348
f 2344 2348 2349
f 2340 2342 2350
f 2350 2351 2352
f 2352 2351 2353
f 2353 2351 2354
f 2354 2351 2355
f 2354 2355 2356
f 2338 2357 2358
f 2358 2357 2359
f 2358 2359 2356
f 2360 2361 2362
f 2362 2361 2363
f 2362 2363 2339
f 2339 2363 2364
f 2339 2364 2337
f 2133 2131 2365
f 2365 2131 2130
f 2365 2130 2362
f 2362 2130 2366
f 2362 2366 2360
f 2137 2135 2367
f 2149 2147 2368
f 2368 2147 2145
f 2145 2143 2368
f 2368 2143 2141
f 2368 2141 2367
f 2367 2141 2139
f 2367 2139 2137
f 2295 2151 2149
f 2135 2133 2367
f 2367 2133 2365
f 2367 2365 2368
f 2368 2365 2369
f 2293 2368 2251
f 2251 2368 2369
f 2251 2369 2252
f 2293 2292 2368
f 2368 2292 2290
f 2368 2290 2149
f 2149 2290 2289
f 2149 2289 2295
f 2370 2371 2372
f 2372 2371 2373
f 2372 2373 2374
f 2373 2375 2374
f 2374 2375 2376
f 2374 2376 2377
f 2376 2378 2377
f 2377 2378 2379
f 2377 2379 2380
f 2380 2379 2381
f 2380 2381 2382
f 2382 2279 2278
f 2383 2286 2285
f 2356 2355 2358
f 2358 2355 2384
f 2358 2384 2385
f 2385 2384 2386
f 2385 2386 2387
f 2387 2386 2383
f 2387 2383 2388
f 2388 2383 2285
f 2388 2285 2284
f 2382 2278 2380
f 2380 2278 2288
f 2380 2288 2287
f 2370 2372 2389
f 2389 2372 2342
f 2389 2342 2348
f 2348 2342 2341
f 2348 2341 2349
f 2350 2342 2351
f 2351 2342 2372
f 2351 2372 2355
f 2355 2372 2374
f 2355 2374 2384
f 2384 2374 2377
f 2384 2377 2386
f 2386 2377 2380
f 2386 2380 2383
f 2383 2380 2287
f 2383 2287 2286
f 2338 2358 2339
f 2339 2358 2385
f 2339 2385 2362
f 2362 2385 2387
f 2362 2387 2365
f 2365 2387 2388
f 2365 2388 2369
f 2369 2388 2284
f 2369 2284 2252
f 2366 2130 2132
f 2390 2391 2344
f 2344 2391 1147
f 2344 1147 2346
f 2390 2344 2392
f 2392 2344 2349
f 2392 2349 2393
f 2349 2341 2393
f 2393 2341 2340
f 2393 2340 2394
f 2394 2340 2350
f 2394 2350 2395
f 2350 2352 2395
f 2395 2352 2353
f 2395 2353 2354
f 2395 2354 2396
f 2354 2356 2396
f 2396 2356 2359
f 2396 2359 2397
f 2359 2357 2397
f 2397 2357 2338
f 2397 2338 2398
f 2398 2338 2337
f 2398 2337 2399
f 2399 2337 2364
f 2399 2364 2400
f 2364 2363 2400
f 2400 2363 2361
f 2400 2361 2132
f 2132 2361 2360
f 2132 2360 2366
f 2401 2402 2403
f 2402 2404 2403
f 2403 2404 2405
f 2403 2405 2406
f 2407 2408 2409
f 2410 2411 2412
f 2412 2411 2413
f 2412 2413 2414
f 2414 2413 2415
f 2406 2416 2403
f 2403 2416 2417
f 2403 2417 2415
f 2415 2417 2418
f 2415 2418 2414
f 2409 2401 2407
f 2407 2401 2403
f 2407 2403 2419
f 2419 2403 2415
f 2419 2415 2420
f 2420 2415 2421
f 2421 2415 2413
f 2421 2413 2422
f 2422 2413 2411
f 2422 2411 1147
f 2423 2424 2425
f 2407 2419 2426
f 2408 2407 2427
f 2427 2407 2426
f 2427 2426 2428
f 2425 2424 2426
f 2426 2424 2429
f 2426 2429 2428
f 2430 2431 2432
f 2432 2431 2433
f 2432 2433 2425
f 2425 2433 2434
f 2425 2434 2423
f 2435 2436 2437
f 2437 2436 2438
f 2437 2438 2439
f 2439 2438 2440
f 2439 2440 2441
f 2442 2443 2444
f 2444 2443 2445
f 2445 2446 2444
f 2444 2446 2447
f 2444 2447 2448
f 2132 2449 2450
f 2397 2398 2450
f 2398 2399 2450
f 2450 2399 2400
f 2450 2400 2132
f 2392 2393 2451
f 2452 2451 2453
f 2453 2451 2454
f 2441 2430 2439
f 2439 2430 2432
f 2439 2432 2455
f 2455 2432 2425
f 2449 2456 2450
f 2450 2456 2457
f 2393 2394 2451
f 2451 2394 2395
f 2451 2395 2454
f 2454 2395 2458
f 2458 2395 2396
f 2396 2397 2458
f 2458 2397 2450
f 2458 2450 2444
f 2444 2450 2457
f 2444 2457 2442
f 2422 1147 2391
f 2452 2420 2421
f 2392 2451 2390
f 2390 2451 2452
f 2390 2452 2391
f 2391 2452 2421
f 2391 2421 2422
f 2419 2420 2426
f 2426 2420 2452
f 2426 2452 2425
f 2425 2452 2453
f 2425 2453 2455
f 2455 2453 2454
f 2455 2454 2439
f 2439 2454 2458
f 2439 2458 2437
f 2437 2458 2444
f 2437 2444 2435
f 2435 2444 2448
f 2171 2172 2459
f 2153 2167 2460
f 2461 2445 2462
f 2462 2445 2443
f 2462 2443 2442
f 2463 2464 2465
f 2466 2467 2462
f 2462 2467 2468
f 2462 2468 2461
f 2469 2470 2471
f 2471 2470 2472
f 2471 2472 2463
f 2463 2472 2473
f 2463 2473 2464
f 2474 2475 2476
f 2469 2471 2474
f 2474 2471 2475
f 2457 2456 2477
f 2477 2456 2162
f 2162 2456 2449
f 2162 2449 2132
f 2162 2163 2477
f 2477 2163 2164
f 2477 2164 2154
f 2465 2466 2463
f 2463 2466 2462
f 2463 2462 2477
f 2477 2462 2442
f 2477 2442 2457
f 2478 2170 2171
f 2167 2166 2460
f 2460 2166 2165
f 2460 2165 2478
f 2478 2165 2168
f 2478 2168 2170
f 2171 2459 2478
f 2478 2459 2479
f 2154 2153 2477
f 2477 2153 2460
f 2477 2460 2463
f 2463 2460 2478
f 2463 2478 2471
f 2471 2478 2479
f 2471 2479 2475
f 2480 2481 2482
f 2483 2484 2481
f 2480 2485 2486
f 2480 2486 2481
f 2481 2486 2487
f 2481 2487 2483
f 2483 2487 2488
f 2483 2488 2489
f 2485 2480 2490
f 2490 2480 2182
f 2490 2182 2181
f 2476 2475 2491
f 2491 2475 2492
f 2491 2492 2493
f 2493 2492 2494
f 2482 2495 2496
f 2482 2496 2492
f 2492 2496 2497
f 2492 2497 2494
f 2484 2498 2481
f 2481 2498 2499
f 2481 2499 2482
f 2482 2499 2500
f 2482 2500 2495
f 2214 2190 2501
f 2501 2190 2191
f 2194 2195 2480
f 2480 2195 2196
f 2480 2196 2182
f 2172 2187 2459
f 2459 2187 2502
f 2475 2479 2502
f 2502 2479 2459
f 2187 2186 2502
f 2502 2186 2184
f 2502 2184 2501
f 2501 2184 2183
f 2501 2183 2214
f 2492 2475 2502
f 2492 2502 2482
f 2482 2502 2501
f 2482 2501 2480
f 2480 2501 2191
f 2480 2191 2194
f 2503 2504 2505
f 2506 2507 2508
f 2509 2510 2511
f 2509 2511 2512
f 2512 2511 2513
f 2512 2513 2514
f 2485 2490 2513
f 2514 2513 2515
f 2515 2513 2490
f 2515 2490 2181
f 2516 2517 2518
f 2518 2517 2519
f 2516 2518 2520
f 2520 2518 2521
f 2520 2521 2522
f 2523 2524 2525
f 2525 2524 2526
f 2525 2526 2521
f 2521 2526 2527
f 2521 2527 2522
f 2528 2529 2530
f 2507 2531 2528
f 2532 2533 2506
f 2506 2533 2534
f 2506 2534 2507
f 2507 2534 2535
f 2507 2535 2531
f 2528 2530 2507
f 2507 2530 2536
f 2507 2536 2508
f 2537 2538 2539
f 2539 2540 2537
f 2537 2540 2541
f 2537 2541 2503
f 2503 2541 2542
f 2488 2487 2513
f 2487 2486 2513
f 2513 2486 2485
f 2543 2544 2538
f 2538 2544 2539
f 2542 2545 2503
f 2503 2545 2546
f 2503 2546 2547
f 2504 2503 2547
f 2504 2547 2548
f 2548 2547 2549
f 2548 2549 1307
f 2510 2543 2511
f 2511 2543 2538
f 2511 2538 2536
f 2536 2538 2537
f 2536 2537 2508
f 2508 2537 2503
f 2508 2503 2506
f 2506 2503 2505
f 2506 2505 2532
f 2532 2505 2550
f 2532 2550 2551
f 2529 2552 2530
f 2530 2552 2523
f 2530 2523 2536
f 2536 2523 2525
f 2536 2525 2511
f 2511 2525 2521
f 2511 2521 2513
f 2513 2521 2518
f 2513 2518 2488
f 2488 2518 2519
f 2488 2519 2489
f 2553 2554 2555
f 2556 2557 2558
f 2559 2551 2550
f 2560 2561 2562
f 2560 2562 2558
f 2558 2562 2563
f 2558 2563 2556
f 2564 2565 2558
f 2558 2565 2566
f 2558 2566 2560
f 2567 2568 2555
f 2555 2568 2569
f 2555 2569 2564
f 2564 2569 2570
f 2564 2570 2565
f 2567 2555 2571
f 2571 2555 2554
f 2571 2554 2572
f 2564 2504 2548
f 2564 2548 2555
f 2555 2548 1307
f 2555 1307 2553
f 2557 2559 2558
f 2558 2559 2550
f 2558 2550 2564
f 2564 2550 2505
f 2564 2505 2504
f 2573 1307 2549
f 2573 2549 2574
f 2574 2575 2576
f 2576 2575 2542
f 2576 2542 2577
f 2549 2547 2574
f 2574 2547 2546
f 2574 2546 2575
f 2575 2546 2545
f 2575 2545 2542
f 2578 2579 2541
f 2541 2579 2580
f 2541 2580 2542
f 2542 2580 2581
f 2542 2581 2577
f 2541 2540 2578
f 2578 2540 2539
f 2578 2539 2582
f 2582 2539 2583
f 2583 2539 2544
f 2583 2544 2584
f 2584 2544 2543
f 2584 2543 2585
f 2585 2543 2510
f 2586 2587 2514
f 2514 2587 2588
f 2514 2588 2512
f 2512 2588 2589
f 2512 2589 2509
f 2509 2589 2590
f 2509 2590 2510
f 2510 2590 2591
f 2510 2591 2585
f 2586 2514 2592
f 2592 2514 2515
f 2592 2515 2593
f 2593 2515 2181
f 2593 2181 2215
f 2594 2595 2596
f 2597 2598 2599
f 2600 2601 2602
f 2603 2604 2605
f 2582 2583 2606
f 2215 2216 2607
f 2608 2609 2593
f 2610 2588 2609
f 2609 2588 2587
f 2587 2586 2609
f 2609 2586 2592
f 2609 2592 2593
f 2584 2585 2610
f 2610 2585 2591
f 2591 2590 2610
f 2610 2590 2589
f 2610 2589 2588
f 2611 2612 2613
f 2613 2612 2579
f 2613 2579 2578
f 2576 2577 2611
f 2611 2577 2581
f 2611 2581 2612
f 2612 2581 2580
f 2612 2580 2579
f 2611 2614 2576
f 2576 2614 2615
f 2576 2615 2574
f 2574 2615 2616
f 2574 2616 2573
f 2225 2226 2617
f 2225 2617 2224
f 2224 2617 2618
f 2224 2618 2619
f 2607 2219 2620
f 2620 2219 2220
f 2220 2221 2620
f 2620 2221 2222
f 2620 2222 2223
f 2216 2217 2607
f 2607 2217 2218
f 2607 2218 2219
f 2621 2622 2623
f 2623 2622 2624
f 2623 2624 2625
f 2626 2627 2602
f 2602 2627 2628
f 2602 2628 2621
f 2621 2628 2629
f 2621 2629 2622
f 2630 2626 2631
f 2631 2626 2602
f 2631 2602 2632
f 2632 2602 2601
f 2595 2603 2596
f 2596 2603 2605
f 2596 2605 2633
f 2633 2605 2634
f 2633 2634 2635
f 2635 2634 2636
f 2635 2636 2606
f 2606 2636 2613
f 2606 2613 2582
f 2582 2613 2578
f 2597 2599 2637
f 2638 2620 2619
f 2619 2620 2223
f 2619 2223 2224
f 2638 2637 2620
f 2620 2637 2599
f 2620 2599 2607
f 2607 2599 2608
f 2607 2608 2215
f 2215 2608 2593
f 2624 2639 2625
f 2625 2639 2640
f 2625 2640 2641
f 2604 2600 2605
f 2605 2600 2602
f 2605 2602 2634
f 2634 2602 2621
f 2634 2621 2636
f 2636 2621 2623
f 2636 2623 2613
f 2613 2623 2625
f 2613 2625 2611
f 2611 2625 2641
f 2611 2641 2614
f 2598 2594 2599
f 2599 2594 2596
f 2599 2596 2608
f 2608 2596 2633
f 2608 2633 2609
f 2609 2633 2635
f 2609 2635 2610
f 2610 2635 2606
f 2610 2606 2584
f 2584 2606 2583
f 2642 2643 2644
f 2595 2594 2645
f 2228 2229 2646
f 2647 2648 2649
f 2649 2648 2650
f 2649 2650 2651
f 2652 2653 2654
f 2654 2653 2655
f 2654 2655 2649
f 2649 2655 2656
f 2649 2656 2647
f 2652 2654 2657
f 2657 2654 2658
f 2657 2658 2659
f 2660 2661 2662
f 2662 2661 2663
f 2662 2663 2664
f 2665 2666 2660
f 2260 2259 2667
f 2665 2303 2302
f 2260 2667 2302
f 2302 2667 2668
f 2302 2668 2665
f 2665 2668 2669
f 2665 2669 2666
f 2670 2298 2671
f 2093 2298 2244
f 2244 2298 2670
f 2244 2670 2243
f 2243 2670 2242
f 2239 2240 2670
f 2670 2240 2241
f 2670 2241 2242
f 2237 2238 2672
f 2672 2238 2239
f 2229 2230 2646
f 2646 2230 2231
f 2646 2231 2232
f 2232 2233 2646
f 2646 2233 2234
f 2646 2234 2673
f 2673 2234 2235
f 2673 2235 2672
f 2672 2235 2236
f 2672 2236 2237
f 2617 2226 2227
f 2617 2227 2674
f 2675 2619 2674
f 2674 2619 2618
f 2674 2618 2617
f 2594 2598 2645
f 2645 2598 2597
f 2645 2597 2637
f 2676 2600 2604
f 2676 2604 2645
f 2645 2604 2603
f 2645 2603 2595
f 2631 2632 2677
f 2677 2632 2601
f 2651 2678 2679
f 2651 2679 2649
f 2649 2679 2680
f 2649 2680 2654
f 2654 2680 2681
f 2654 2681 2658
f 2682 2659 2683
f 2683 2659 2658
f 2683 2658 2684
f 2684 2658 2681
f 2684 2681 2685
f 2685 2681 2680
f 2685 2680 2686
f 2686 2680 2679
f 2686 2679 2687
f 2660 2662 2665
f 2665 2662 2688
f 2665 2688 2671
f 2298 2300 2671
f 2671 2300 2301
f 2671 2301 2665
f 2665 2301 2304
f 2665 2304 2303
f 2239 2670 2672
f 2672 2670 2671
f 2672 2671 2673
f 2673 2671 2688
f 2673 2688 2684
f 2684 2688 2662
f 2684 2662 2683
f 2683 2662 2664
f 2683 2664 2682
f 2643 2689 2677
f 2630 2631 2690
f 2690 2631 2677
f 2690 2677 2689
f 2601 2600 2677
f 2677 2600 2676
f 2677 2676 2691
f 2691 2676 2645
f 2691 2645 2692
f 2692 2645 2637
f 2692 2637 2675
f 2675 2637 2638
f 2675 2638 2619
f 2642 2644 2693
f 2694 2695 2687
f 2678 2696 2679
f 2679 2696 2687
f 2687 2696 2694
f 2697 2698 2699
f 2699 2698 2700
f 2699 2700 2701
f 2701 2700 2702
f 2701 2702 2703
f 2703 2702 2704
f 2703 2704 2644
f 2644 2704 2705
f 2644 2705 2693
f 2674 2697 2675
f 2675 2697 2699
f 2675 2699 2692
f 2692 2699 2701
f 2692 2701 2691
f 2691 2701 2703
f 2691 2703 2677
f 2677 2703 2644
f 2677 2644 2643
f 2227 2228 2674
f 2674 2228 2646
f 2674 2646 2697
f 2697 2646 2673
f 2697 2673 2698
f 2698 2673 2684
f 2698 2684 2700
f 2700 2684 2685
f 2700 2685 2702
f 2702 2685 2686
f 2702 2686 2704
f 2704 2686 2687
f 2704 2687 2705
f 2705 2687 2695
f 2705 2695 2693
f 2706 2707 2657
f 2708 2709 2710
f 2711 2712 2713
f 2713 2712 2714
f 2711 2713 2715
f 2715 2713 2716
f 2715 2716 2717
f 2718 2719 2716
f 2716 2719 2720
f 2716 2720 2717
f 2721 2722 2723
f 2723 2722 2724
f 2725 2726 2724
f 2724 2726 2727
f 2724 2727 2723
f 2728 2729 2730
f 2728 2725 2729
f 2729 2725 2724
f 2729 2724 2731
f 2731 2724 2732
f 2733 2734 2735
f 2735 2734 2736
f 2735 2736 2724
f 2724 2736 2737
f 2724 2737 2732
f 2709 2738 2735
f 2735 2738 2739
f 2735 2739 2733
f 2667 2259 2740
f 2741 2713 2742
f 2742 2713 2714
f 2742 2714 2743
f 2721 2718 2722
f 2722 2718 2716
f 2722 2716 2744
f 2744 2716 2713
f 2744 2713 2745
f 2745 2713 2741
f 2745 2741 2746
f 2747 2748 2745
f 2745 2748 2749
f 2745 2749 2744
f 2744 2749 2750
f 2744 2750 2722
f 2722 2750 2751
f 2722 2751 2724
f 2724 2751 2752
f 2724 2752 2735
f 2663 2661 2753
f 2754 2660 2755
f 2755 2660 2666
f 2755 2666 2756
f 2740 2708 2667
f 2667 2708 2710
f 2667 2710 2668
f 2668 2710 2756
f 2668 2756 2669
f 2669 2756 2666
f 2647 2656 2757
f 2757 2656 2758
f 2757 2758 2759
f 2760 2761 2762
f 2762 2761 2763
f 2656 2655 2758
f 2758 2655 2653
f 2758 2653 2707
f 2707 2653 2652
f 2707 2652 2657
f 2657 2659 2706
f 2706 2659 2682
f 2706 2682 2753
f 2753 2682 2664
f 2753 2664 2663
f 2746 2764 2745
f 2745 2764 2765
f 2745 2765 2747
f 2747 2765 2766
f 2747 2766 2767
f 2661 2660 2753
f 2753 2660 2754
f 2753 2754 2706
f 2706 2754 2768
f 2706 2768 2707
f 2707 2768 2769
f 2707 2769 2758
f 2758 2769 2762
f 2758 2762 2759
f 2759 2762 2763
f 2710 2709 2735
f 2710 2735 2756
f 2756 2735 2752
f 2756 2752 2755
f 2755 2752 2751
f 2755 2751 2754
f 2754 2751 2750
f 2754 2750 2768
f 2768 2750 2749
f 2768 2749 2769
f 2769 2749 2748
f 2769 2748 2762
f 2762 2748 2747
f 2762 2747 2760
f 2760 2747 2767
f 2770 2771 2772
f 2265 2264 2773
f 2774 2775 2772
f 2259 2258 2740
f 2740 2258 2776
f 2740 2776 2708
f 2777 2734 2733
f 2733 2739 2777
f 2777 2739 2738
f 2777 2738 2709
f 2731 2778 2779
f 2731 2732 2778
f 2778 2732 2737
f 2778 2737 2736
f 2730 2729 2780
f 2780 2729 2781
f 2780 2781 2782
f 2783 2784 2785
f 2785 2784 2786
f 2785 2786 2781
f 2781 2786 2787
f 2781 2787 2782
f 2788 2789 2790
f 2790 2789 2791
f 2790 2791 2783
f 2771 2792 2793
f 2771 2793 2772
f 2772 2793 2794
f 2772 2794 2774
f 2261 2795 2262
f 2262 2795 2776
f 2262 2776 2257
f 2257 2776 2258
f 2777 2709 2708
f 2777 2708 2796
f 2796 2708 2776
f 2796 2776 2797
f 2797 2776 2795
f 2797 2795 2798
f 2799 2800 2801
f 2801 2802 2799
f 2799 2802 2803
f 2799 2803 2804
f 2804 2770 2799
f 2799 2770 2772
f 2799 2772 2790
f 2790 2772 2775
f 2790 2775 2788
f 2729 2731 2781
f 2781 2731 2779
f 2781 2779 2785
f 2785 2779 2805
f 2785 2805 2806
f 2806 2805 2807
f 2806 2807 2808
f 2783 2785 2790
f 2790 2785 2806
f 2790 2806 2799
f 2799 2806 2808
f 2799 2808 2800
f 2274 2809 2275
f 2275 2809 2269
f 2269 2809 2270
f 2270 2809 2810
f 2270 2810 2272
f 2272 2810 2811
f 2272 2811 2273
f 2812 2813 2814
f 2815 2816 2801
f 2816 2817 2801
f 2801 2817 2818
f 2801 2818 2802
f 2273 2811 2254
f 2254 2811 2819
f 2254 2819 2255
f 2264 2268 2773
f 2773 2268 2267
f 2773 2267 2819
f 2819 2267 2266
f 2819 2266 2255
f 2261 2265 2795
f 2795 2265 2773
f 2795 2773 2798
f 2798 2773 2819
f 2798 2819 2820
f 2820 2819 2811
f 2820 2811 2821
f 2821 2811 2810
f 2821 2810 2812
f 2812 2810 2809
f 2812 2809 2813
f 2736 2734 2778
f 2778 2734 2777
f 2778 2777 2779
f 2779 2777 2796
f 2779 2796 2805
f 2805 2796 2797
f 2805 2797 2807
f 2807 2797 2798
f 2807 2798 2808
f 2808 2798 2820
f 2808 2820 2800
f 2800 2820 2821
f 2800 2821 2801
f 2801 2821 2812
f 2801 2812 2815
f 2815 2812 2814
f 2818 2817 2822
f 2803 2802 2823
f 2815 2814 2824
f 2825 2826 2827
f 2828 2829 2830
f 2831 2832 2770
f 2770 2832 2771
f 2771 2832 2833
f 2771 2833 2792
f 2830 2829 2823
f 2823 2829 2834
f 2823 2834 2835
f 2827 2826 2836
f 2826 2837 2836
f 2836 2837 2838
f 2836 2838 2830
f 2830 2838 2839
f 2830 2839 2828
f 2825 2827 2840
f 2840 2827 2841
f 2840 2841 2842
f 2843 2844 2845
f 2845 2844 2846
f 2845 2846 2841
f 2841 2846 2847
f 2841 2847 2842
f 2843 2845 2848
f 2848 2845 2849
f 2848 2849 2850
f 2850 2849 2851
f 2851 2849 2852
f 2851 2852 2853
f 2853 2852 2854
f 2854 2852 2855
f 2854 2855 2856
f 2857 2858 2852
f 2852 2858 2859
f 2852 2859 2855
f 2860 2861 2862
f 2862 2861 2863
f 2864 2865 2866
f 2864 2866 2867
f 2868 2869 2870
f 2870 2869 2871
f 2870 2871 2872
f 2873 2867 2874
f 2874 2867 2866
f 2874 2866 2875
f 2875 2866 2876
f 2875 2876 2877
f 2877 2876 2878
f 2877 2878 2879
f 2868 2880 2869
f 2869 2880 2881
f 2869 2881 2878
f 2878 2881 2882
f 2878 2882 2879
f 2815 2824 2816
f 2274 2883 2809
f 2809 2883 2824
f 2809 2824 2813
f 2813 2824 2814
f 2884 2885 2886
f 2886 2885 2887
f 2883 2888 2824
f 2824 2888 2889
f 2824 2889 2890
f 2890 2891 2824
f 2824 2891 2892
f 2824 2892 2886
f 2886 2892 2893
f 2886 2893 2884
f 2865 2863 2866
f 2866 2863 2861
f 2866 2861 2876
f 2876 2861 2894
f 2876 2894 2878
f 2878 2894 2895
f 2878 2895 2869
f 2869 2895 2896
f 2869 2896 2871
f 2871 2896 2897
f 2871 2897 2887
f 2887 2897 2898
f 2887 2898 2886
f 2886 2898 2899
f 2886 2899 2824
f 2824 2899 2822
f 2824 2822 2816
f 2816 2822 2817
f 2834 2831 2835
f 2835 2831 2770
f 2835 2770 2823
f 2823 2770 2804
f 2823 2804 2803
f 2885 2900 2887
f 2887 2900 2901
f 2887 2901 2871
f 2871 2901 2902
f 2871 2902 2872
f 2860 2857 2861
f 2861 2857 2852
f 2861 2852 2894
f 2894 2852 2849
f 2894 2849 2895
f 2895 2849 2845
f 2895 2845 2896
f 2896 2845 2841
f 2896 2841 2897
f 2897 2841 2827
f 2897 2827 2898
f 2898 2827 2836
f 2898 2836 2899
f 2899 2836 2830
f 2899 2830 2822
f 2822 2830 2823
f 2822 2823 2818
f 2818 2823 2802
f 2323 2322 2903
f 2904 2905 2906
f 2907 2908 2909
f 2317 2319 2904
f 2910 2911 2912
f 2336 2309 2913
f 2889 2888 2914
f 2883 2274 2276
f 2915 2892 2891
f 2915 2891 2914
f 2914 2891 2890
f 2914 2890 2889
f 2892 2915 2893
f 2893 2915 2916
f 2893 2916 2884
f 2917 2902 2916
f 2916 2902 2901
f 2901 2900 2916
f 2916 2900 2885
f 2916 2885 2884
f 2918 2870 2872
f 2919 2880 2868
f 2875 2877 2920
f 2920 2877 2879
f 2921 2882 2919
f 2919 2882 2881
f 2919 2881 2880
f 2922 2923 2874
f 2874 2923 2924
f 2874 2924 2873
f 2309 2308 2925
f 2925 2308 2327
f 2925 2327 2326
f 2336 2913 2310
f 2312 2311 2926
f 2926 2311 2310
f 2312 2914 2276
f 2276 2914 2888
f 2276 2888 2883
f 2309 2925 2913
f 2913 2925 2927
f 2913 2927 2928
f 2928 2927 2929
f 2928 2929 2930
f 2930 2929 2931
f 2930 2931 2932
f 2312 2926 2914
f 2914 2926 2933
f 2914 2933 2915
f 2915 2933 2934
f 2915 2934 2916
f 2916 2934 2935
f 2916 2935 2917
f 2310 2913 2926
f 2926 2913 2928
f 2926 2928 2933
f 2933 2928 2930
f 2933 2930 2934
f 2934 2930 2932
f 2934 2932 2935
f 2921 2936 2937
f 2937 2936 2938
f 2937 2938 2939
f 2874 2875 2922
f 2922 2875 2920
f 2922 2920 2940
f 2940 2920 2941
f 2942 2941 2937
f 2937 2941 2920
f 2937 2920 2921
f 2921 2920 2879
f 2921 2879 2882
f 2943 2944 2945
f 2945 2944 2946
f 2945 2946 2947
f 2910 2912 2948
f 2949 2950 2951
f 2951 2950 2911
f 2952 2939 2953
f 2953 2939 2938
f 2953 2938 2954
f 2954 2938 2936
f 2954 2936 2955
f 2955 2936 2921
f 2955 2921 2956
f 2956 2921 2919
f 2956 2919 2918
f 2918 2919 2868
f 2918 2868 2870
f 2911 2950 2912
f 2912 2950 2957
f 2912 2957 2958
f 2958 2959 2912
f 2912 2959 2952
f 2912 2952 2960
f 2960 2952 2953
f 2960 2953 2961
f 2961 2953 2954
f 2961 2954 2931
f 2931 2954 2955
f 2931 2955 2932
f 2932 2955 2956
f 2932 2956 2935
f 2935 2956 2918
f 2935 2918 2917
f 2917 2918 2872
f 2917 2872 2902
f 2280 2279 2962
f 2963 2282 2280
f 2904 2319 2905
f 2905 2319 2283
f 2280 2962 2963
f 2963 2962 2964
f 2965 2966 2906
f 2965 2906 2964
f 2964 2906 2905
f 2964 2905 2963
f 2963 2905 2283
f 2963 2283 2282
f 2965 2967 2966
f 2966 2967 2968
f 2966 2968 2909
f 2909 2968 2907
f 2323 2903 2325
f 2322 2320 2903
f 2903 2320 2969
f 2903 2969 2970
f 2970 2969 2971
f 2970 2971 2972
f 2972 2971 2973
f 2972 2973 2974
f 2974 2973 2975
f 2974 2975 2976
f 2976 2975 2945
f 2976 2945 2977
f 2977 2945 2947
f 2977 2947 2978
f 2320 2317 2969
f 2969 2317 2904
f 2969 2904 2971
f 2971 2904 2906
f 2971 2906 2973
f 2973 2906 2966
f 2973 2966 2975
f 2975 2966 2909
f 2975 2909 2945
f 2945 2909 2908
f 2945 2908 2943
f 2959 2979 2952
f 2952 2979 2980
f 2952 2980 2939
f 2939 2980 2981
f 2939 2981 2937
f 2937 2981 2982
f 2937 2982 2942
f 2326 2325 2925
f 2925 2325 2903
f 2925 2903 2927
f 2927 2903 2970
f 2927 2970 2929
f 2929 2970 2972
f 2929 2972 2931
f 2931 2972 2974
f 2931 2974 2961
f 2961 2974 2976
f 2961 2976 2960
f 2960 2976 2977
f 2960 2977 2912
f 2912 2977 2978
f 2912 2978 2948
f 2348 2347 2983
f 2382 2381 2984
f 2985 2986 2987
f 2988 2949 2951
f 2989 2990 2991
f 2992 2993 2994
f 2995 2996 2992
f 2995 2992 2997
f 2997 2992 2994
f 2997 2994 2998
f 2999 3000 3001
f 3001 3000 3002
f 3001 3002 3003
f 3004 3005 3006
f 3006 3005 3007
f 3008 3009 3010
f 3010 3009 3011
f 3010 3011 3012
f 2991 2990 3013
f 2990 3014 3013
f 3013 3014 3015
f 3013 3015 3010
f 3010 3015 3016
f 3010 3016 3008
f 2343 2345 3017
f 3017 2345 2346
f 2346 3018 3017
f 3017 3018 3019
f 3017 3019 2991
f 2991 3019 3020
f 2991 3020 2989
f 3021 3022 3023
f 3023 3022 3024
f 3023 3024 2988
f 3025 3026 3021
f 3021 3026 3027
f 3021 3027 3022
f 3028 3029 3030
f 3030 3029 3031
f 3030 3031 3025
f 3025 3031 3032
f 3025 3032 3026
f 3033 3034 3035
f 3035 3034 3036
f 2373 3037 2375
f 2375 3037 3038
f 2381 2379 2984
f 2984 2379 2378
f 2984 2378 3038
f 3038 2378 2376
f 3038 2376 2375
f 2279 2382 2962
f 2962 2382 2984
f 2962 2984 2964
f 3039 2984 3040
f 3040 2984 3038
f 3040 3038 3041
f 3041 3038 3037
f 3041 3037 3042
f 3043 3044 3045
f 3045 3044 3046
f 3045 3046 3047
f 3047 3046 3048
f 3047 3048 3049
f 3049 3048 3050
f 2968 2967 3039
f 3039 2967 2965
f 3039 2965 2984
f 2984 2965 2964
f 2988 2951 3023
f 3023 2951 2911
f 3023 2911 2910
f 2986 3028 2987
f 2987 3028 3030
f 2987 3030 3051
f 3051 3030 3025
f 3051 3025 3052
f 3052 3025 3021
f 3052 3021 3053
f 3053 3021 3023
f 3053 3023 3054
f 3054 3023 2910
f 3054 2910 2948
f 3055 2978 2947
f 3036 2985 3035
f 3035 2985 2987
f 3035 2987 3056
f 3056 2987 3051
f 3056 3051 3057
f 3057 3051 3052
f 3057 3052 3058
f 3058 3052 3053
f 3058 3053 3059
f 3059 3053 3054
f 3059 3054 3055
f 3055 3054 2948
f 3055 2948 2978
f 2993 3033 2994
f 2994 3033 3035
f 2994 3035 3060
f 3060 3035 3056
f 3060 3056 3061
f 3061 3056 3057
f 3061 3057 3049
f 3049 3057 3058
f 3049 3058 3047
f 3047 3058 3059
f 3047 3059 3045
f 3045 3059 3055
f 3045 3055 3043
f 2371 2370 3062
f 3062 2370 2389
f 2389 2348 3062
f 3062 2348 2983
f 3062 2983 3063
f 3063 2983 3064
f 3063 3064 3065
f 3065 3064 3066
f 3065 3066 3067
f 3067 3066 3068
f 3067 3068 3069
f 3069 3068 3005
f 3069 3005 3001
f 3001 3005 3004
f 3001 3004 2999
f 2347 2343 2983
f 2983 2343 3017
f 2983 3017 3064
f 3064 3017 2991
f 3064 2991 3066
f 3066 2991 3013
f 3066 3013 3068
f 3068 3013 3010
f 3068 3010 3005
f 3005 3010 3012
f 3005 3012 3007
f 3042 3050 3041
f 3041 3050 3048
f 3041 3048 3040
f 3040 3048 3046
f 3040 3046 3039
f 3039 3046 3044
f 3039 3044 2968
f 2968 3044 2907
f 2947 2946 3055
f 3055 2946 2944
f 3055 2944 3043
f 3043 2944 2943
f 3043 2943 3044
f 3044 2943 2908
f 3044 2908 2907
f 2373 2371 3037
f 3037 2371 3062
f 3037 3062 3042
f 3042 3062 3063
f 3042 3063 3050
f 3050 3063 3065
f 3050 3065 3049
f 3049 3065 3067
f 3049 3067 3061
f 3061 3067 3069
f 3061 3069 3060
f 3060 3069 3001
f 3060 3001 2994
f 2994 3001 3003
f 2994 3003 2998
f 2346 1147 3018
f 3018 1147 2411
f 3018 2411 3019
f 3019 2411 2410
f 3019 2410 3020
f 2414 2418 3070
f 3071 3072 3073
f 2410 2412 3074
f 2405 3075 2406
f 2406 3075 2416
f 3076 3077 3075
f 3075 3077 2417
f 3075 2417 2416
f 3078 3079 3080
f 3081 3082 3074
f 3074 3082 3083
f 3074 3083 2410
f 3084 3085 3086
f 3084 3086 3078
f 3078 3086 3087
f 3078 3087 3079
f 3088 3089 3090
f 3090 3089 3091
f 3092 3093 3094
f 3092 3094 3090
f 3090 3094 3095
f 3090 3095 3088
f 3096 3097 3092
f 3092 3097 3098
f 3092 3098 3093
f 3099 3100 3096
f 3096 3100 3101
f 3096 3101 3097
f 3102 3099 3103
f 3103 3099 3096
f 3103 3096 3104
f 3104 3096 3105
f 3106 3107 3108
f 3109 3107 3110
f 3110 3107 3106
f 3110 3106 3111
f 3111 3106 3112
f 3113 3114 3115
f 3115 3116 3113
f 3113 3116 3117
f 3113 3117 3106
f 3106 3117 3118
f 3106 3118 3112
f 3076 3119 3077
f 3077 3119 3120
f 3077 3120 3114
f 3114 3120 3121
f 3114 3121 3115
f 2418 2417 3070
f 3070 2417 3077
f 3070 3077 3122
f 3122 3077 3114
f 3122 3114 3123
f 3123 3114 3113
f 3123 3113 3124
f 3124 3113 3106
f 3124 3106 3125
f 3125 3106 3108
f 3125 3108 3126
f 3127 3084 3128
f 3128 3084 3078
f 3128 3078 3081
f 3081 3078 3080
f 3081 3080 3082
f 3072 3105 3073
f 3073 3105 3096
f 3073 3096 3129
f 3129 3096 3092
f 3129 3092 3127
f 3127 3092 3090
f 3127 3090 3084
f 3084 3090 3091
f 3084 3091 3085
f 2412 2414 3074
f 3074 2414 3070
f 3074 3070 3081
f 3081 3070 3122
f 3081 3122 3128
f 3128 3122 3123
f 3128 3123 3127
f 3127 3123 3124
f 3127 3124 3129
f 3129 3124 3125
f 3129 3125 3073
f 3073 3125 3126
f 3073 3126 3071
f 3130 3131 3132
f 3133 3134 3135
f 3136 3137 3138
f 3139 3140 3141
f 2535 2534 3142
f 3143 3144 3136
f 3136 3144 3145
f 3146 3147 3148
f 3148 3147 3149
f 3150 3151 3152
f 3152 3151 3153
f 3153 3154 3152
f 3152 3154 3155
f 3152 3155 3156
f 3157 3158 3159
f 3160 3161 3162
f 3162 3161 3163
f 3160 3164 3157
f 3157 3164 3165
f 3157 3165 3158
f 3166 3167 3161
f 3161 3167 3168
f 3161 3168 3163
f 3169 3170 3171
f 3171 3170 3172
f 3171 3172 3166
f 3166 3172 3173
f 3166 3173 3167
f 3169 3171 3174
f 3174 3171 3175
f 3174 3175 2561
f 2556 2563 3175
f 3175 2563 2562
f 3175 2562 2561
f 2534 2533 3176
f 3176 2533 2532
f 2532 2551 3176
f 3176 2551 2559
f 3176 2559 3175
f 3175 2559 2557
f 3175 2557 2556
f 2535 3142 2531
f 3142 2523 2552
f 2552 2529 3142
f 3142 2529 2528
f 3142 2528 2531
f 2516 2520 3177
f 3177 2520 2522
f 2522 2527 3177
f 3177 2527 2526
f 3177 2526 2524
f 2499 2498 3133
f 3133 2498 2484
f 3133 2484 2483
f 2483 2489 3133
f 3133 2489 2519
f 3133 2519 3134
f 3134 2519 2517
f 3134 2517 2516
f 2497 2496 3178
f 3178 2496 2495
f 3178 2495 2500
f 2497 3178 2494
f 2494 3178 3179
f 2494 3179 2493
f 3180 2476 3179
f 3179 2476 2491
f 3179 2491 2493
f 3181 2474 3180
f 3180 2474 2476
f 3182 2470 3181
f 3181 2470 2469
f 3181 2469 2474
f 2464 3182 2465
f 2465 3182 3183
f 2464 2473 3182
f 3182 2473 2472
f 3182 2472 2470
f 2448 2447 3183
f 3183 2447 2446
f 2446 2445 3183
f 3183 2445 2461
f 3183 2461 2468
f 2468 2467 3183
f 3183 2467 2466
f 3183 2466 2465
f 2441 2440 3184
f 3184 2440 2438
f 3184 2438 2436
f 2434 2433 3185
f 3185 2433 2431
f 3185 2431 2430
f 2434 3185 2423
f 2423 3185 3186
f 2423 3186 2424
f 2408 2427 3187
f 3187 2427 2428
f 3187 2428 3186
f 3186 2428 2429
f 3186 2429 2424
f 2404 2402 3188
f 3188 2402 2401
f 3188 2401 3187
f 3187 2401 2409
f 3187 2409 2408
f 3189 3075 3188
f 3188 3075 2405
f 3188 2405 2404
f 3120 3119 3189
f 3189 3119 3076
f 3189 3076 3075
f 3190 3111 3191
f 3191 3111 3112
f 3191 3112 3118
f 3118 3117 3191
f 3191 3117 3116
f 3191 3116 3192
f 3192 3116 3115
f 3192 3115 3189
f 3189 3115 3121
f 3189 3121 3120
f 3193 3194 3195
f 3195 3194 3196
f 3197 3109 3190
f 3190 3109 3110
f 3190 3110 3111
f 3198 3199 3193
f 3193 3199 3200
f 3200 3201 3193
f 3193 3201 3202
f 3193 3202 3194
f 3140 3203 3141
f 3141 3203 3204
f 3141 3204 3205
f 3206 3207 3208
f 3208 3207 3209
f 3208 3209 3139
f 3145 3210 3136
f 3136 3210 3211
f 3136 3211 3137
f 3137 3211 3212
f 3137 3212 3206
f 3149 3143 3148
f 3148 3143 3136
f 3148 3136 3213
f 3213 3136 3138
f 3213 3138 3214
f 3214 3215 3213
f 3213 3215 3216
f 3213 3216 3148
f 3148 3216 3152
f 3148 3152 3146
f 3146 3152 3156
f 3217 3218 3219
f 3218 3217 3220
f 3159 3221 3157
f 3157 3221 3222
f 3157 3222 3223
f 3223 3222 3219
f 3223 3219 3224
f 3224 3219 3218
f 3224 3218 3225
f 3225 3218 3220
f 3225 3220 3226
f 3227 3228 3229
f 3160 3157 3161
f 3161 3157 3223
f 3161 3223 3166
f 3166 3223 3224
f 3166 3224 3171
f 3171 3224 3225
f 3171 3225 3175
f 3175 3225 3226
f 3175 3226 3176
f 3177 3230 3231
f 3231 3230 3232
f 3231 3232 3233
f 3233 3232 3229
f 3233 3229 3234
f 3234 3229 3228
f 3234 3228 3235
f 3236 3228 3237
f 3237 3228 3227
f 3237 3227 3238
f 3236 3239 3228
f 3228 3239 3240
f 3228 3240 3235
f 2436 2435 3184
f 3184 2435 2448
f 3184 2448 3131
f 3131 2448 3183
f 3131 3183 3132
f 3132 3183 3182
f 3132 3182 3241
f 3241 3182 3181
f 3241 3181 3242
f 3242 3181 3180
f 3242 3180 3243
f 3243 3180 3179
f 3243 3179 3135
f 3135 3179 3178
f 3135 3178 3133
f 3133 3178 2500
f 3133 2500 2499
f 2516 3177 3134
f 3134 3177 3231
f 3134 3231 3135
f 3135 3231 3233
f 3135 3233 3243
f 3243 3233 3234
f 3243 3234 3242
f 3242 3234 3235
f 3242 3235 3241
f 3241 3235 3240
f 3241 3240 3132
f 3132 3240 3239
f 3132 3239 3130
f 3205 3198 3141
f 3141 3198 3193
f 3141 3193 3244
f 3244 3193 3195
f 3244 3195 3245
f 3245 3195 3246
f 3245 3246 3238
f 3238 3246 3247
f 3238 3247 3237
f 3237 3247 3248
f 3237 3248 3236
f 3236 3248 3249
f 3236 3249 3239
f 3239 3249 3250
f 3239 3250 3130
f 3206 3208 3137
f 3137 3208 3251
f 3137 3251 3138
f 3138 3251 3252
f 3138 3252 3214
f 3214 3252 3217
f 3214 3217 3215
f 3215 3217 3219
f 3215 3219 3216
f 3216 3219 3222
f 3216 3222 3152
f 3152 3222 3221
f 3152 3221 3150
f 3196 3197 3195
f 3195 3197 3190
f 3195 3190 3246
f 3246 3190 3191
f 3246 3191 3247
f 3247 3191 3192
f 3247 3192 3248
f 3248 3192 3189
f 3248 3189 3249
f 3249 3189 3188
f 3249 3188 3250
f 3250 3188 3187
f 3250 3187 3130
f 3130 3187 3186
f 3130 3186 3131
f 3131 3186 3185
f 3131 3185 3184
f 3184 3185 2430
f 3184 2430 2441
f 3139 3141 3208
f 3208 3141 3244
f 3208 3244 3251
f 3251 3244 3245
f 3251 3245 3252
f 3252 3245 3238
f 3252 3238 3217
f 3217 3238 3227
f 3217 3227 3220
f 3220 3227 3229
f 3220 3229 3226
f 3226 3229 3232
f 3226 3232 3176
f 3176 3232 3230
f 3176 3230 2534
f 2534 3230 3177
f 2534 3177 3142
f 3142 3177 2524
f 3142 2524 2523
f 3253 3254 3255
f 3174 2561 3256
f 3256 2561 2560
f 3173 3172 3257
f 3257 3172 3170
f 3257 3170 3256
f 3256 3170 3169
f 3256 3169 3174
f 3173 3257 3167
f 3167 3257 3258
f 3167 3258 3168
f 3164 3160 3259
f 3259 3160 3162
f 3259 3162 3258
f 3258 3162 3163
f 3258 3163 3168
f 3260 3158 3259
f 3259 3158 3165
f 3259 3165 3164
f 3261 3262 3263
f 3263 3262 3264
f 3263 3264 3265
f 3266 3267 3268
f 3268 3267 3269
f 3268 3269 3255
f 3255 3269 3270
f 3255 3270 3253
f 3266 3268 3271
f 3271 3268 3272
f 3271 3272 3273
f 2568 2567 3274
f 3274 2567 2571
f 3274 2571 3275
f 3275 2571 2572
f 3275 2572 3276
f 3277 3278 3279
f 3279 3278 3280
f 3279 3280 3272
f 3272 3280 3281
f 3272 3281 3273
f 2566 2565 3282
f 3282 2565 2570
f 3282 2570 2569
f 2560 2566 3256
f 3256 2566 3282
f 3256 3282 3257
f 3257 3282 3283
f 3257 3283 3258
f 3283 3284 3258
f 3258 3284 3285
f 3258 3285 3259
f 3259 3285 3286
f 3259 3286 3260
f 3260 3286 3287
f 3288 3289 3290
f 3290 3289 3263
f 3290 3263 3291
f 3291 3263 3265
f 3291 3265 3292
f 3276 3277 3275
f 3275 3277 3279
f 3275 3279 3293
f 3293 3279 3272
f 3293 3272 3294
f 3294 3272 3268
f 3294 3268 3295
f 3295 3268 3255
f 3288 3296 3289
f 3289 3296 3297
f 3289 3297 3286
f 3286 3297 3298
f 3286 3298 3287
f 2569 2568 3282
f 3282 2568 3274
f 3282 3274 3283
f 3283 3274 3275
f 3283 3275 3284
f 3284 3275 3293
f 3284 3293 3285
f 3285 3293 3294
f 3285 3294 3286
f 3286 3294 3295
f 3286 3295 3289
f 3289 3295 3255
f 3289 3255 3263
f 3263 3255 3254
f 3263 3254 3261
f 3299 2572 3300
f 3300 2572 2554
f 3300 2554 3301
f 3301 2554 2553
f 3301 2553 3302
f 3302 2553 1307
f 3302 1307 2573
f 2616 2615 3303
f 3304 3305 3306
f 3307 3308 3309
f 3310 2624 2622
f 2624 3310 2639
f 3311 3312 3313
f 2573 2616 3302
f 3302 2616 3314
f 3302 3314 3301
f 3315 3299 3314
f 3314 3299 3300
f 3314 3300 3301
f 3316 3317 3318
f 3318 3317 3319
f 3318 3319 3315
f 3315 3319 3320
f 3315 3320 3299
f 3321 3322 3323
f 3323 3322 3324
f 3325 3326 3327
f 3327 3326 3328
f 3327 3328 3323
f 3323 3328 3329
f 3323 3329 3321
f 3325 3327 3330
f 3330 3327 3331
f 3330 3331 3332
f 3313 3333 3334
f 3334 3335 3313
f 3313 3335 3336
f 3313 3336 3331
f 3331 3336 3337
f 3331 3337 3332
f 3333 3313 3338
f 3338 3313 3312
f 3338 3312 3339
f 3340 3341 3342
f 3342 3341 3343
f 3342 3343 3344
f 3344 3343 3345
f 3344 3345 3346
f 3346 3345 3347
f 3347 3348 3349
f 3350 3347 3351
f 3351 3347 3345
f 3351 3345 3352
f 3352 3345 3343
f 3352 3343 3353
f 3353 3343 3341
f 3347 3349 3346
f 3346 3349 3354
f 3346 3354 3355
f 3355 3311 3346
f 3346 3311 3313
f 3346 3313 3344
f 3344 3313 3331
f 3344 3331 3342
f 3342 3331 3327
f 3342 3327 3340
f 3340 3327 3323
f 3356 3357 3358
f 3359 3360 3361
f 3361 3360 3362
f 3361 3362 3363
f 3363 3362 3364
f 3363 3364 3365
f 2641 2640 3366
f 3366 2640 2639
f 3367 3368 3369
f 2626 2630 3367
f 2626 3367 2627
f 2627 3367 3369
f 2627 3369 2628
f 3305 3307 3306
f 3306 3307 3309
f 3306 3309 3370
f 3370 3309 3371
f 3370 3371 3372
f 3372 3371 3373
f 3372 3373 3374
f 3374 3373 3375
f 3374 3375 3376
f 3376 3375 3356
f 3376 3356 3377
f 3377 3356 3358
f 3377 3358 3378
f 3368 3304 3369
f 3369 3304 3306
f 3369 3306 3379
f 3379 3306 3370
f 3379 3370 3380
f 3380 3370 3372
f 3380 3372 3353
f 3353 3372 3374
f 3353 3374 3352
f 3352 3374 3376
f 3352 3376 3351
f 3351 3376 3377
f 3351 3377 3350
f 3303 2615 3366
f 3366 2615 2614
f 3366 2614 2641
f 2616 3303 3314
f 3314 3303 3381
f 3314 3381 3315
f 3315 3381 3382
f 3315 3382 3318
f 3383 3384 3385
f 3385 3384 3386
f 3385 3386 3387
f 3387 3386 3310
f 3387 3310 3388
f 3388 3310 2622
f 3388 2622 2629
f 2639 3310 3366
f 3366 3310 3386
f 3366 3386 3303
f 3303 3386 3384
f 3303 3384 3381
f 3381 3384 3383
f 3381 3383 3382
f 3364 3389 3365
f 3365 3389 3390
f 3365 3390 3391
f 3391 3390 3392
f 3391 3392 3393
f 3393 3394 3391
f 3391 3394 3395
f 3391 3395 3396
f 3378 3397 3377
f 3377 3397 3398
f 3377 3398 3350
f 3350 3398 3399
f 3350 3399 3347
f 3347 3399 3400
f 3347 3400 3348
f 3308 3359 3309
f 3309 3359 3361
f 3309 3361 3371
f 3371 3361 3363
f 3371 3363 3373
f 3373 3363 3365
f 3373 3365 3375
f 3375 3365 3391
f 3375 3391 3356
f 3356 3391 3396
f 3356 3396 3357
f 3324 3316 3323
f 3323 3316 3318
f 3323 3318 3340
f 3340 3318 3382
f 3340 3382 3341
f 3341 3382 3383
f 3341 3383 3353
f 3353 3383 3385
f 3353 3385 3380
f 3380 3385 3387
f 3380 3387 3379
f 3379 3387 3388
f 3379 3388 3369
f 3369 3388 2629
f 3369 2629 2628
f 3401 3402 3403
f 3359 3308 3404
f 3307 3305 3405
f 3406 3407 3408
f 3409 3410 3411
f 3412 3413 3414
f 3415 3416 3417
f 3418 3419 3417
f 3417 3419 3420
f 3417 3420 3415
f 3415 3420 3421
f 3415 3421 3422
f 3423 3424 3425
f 3425 3424 3426
f 3425 3426 3427
f 3427 3426 3428
f 3427 3428 3429
f 3429 3428 3430
f 3412 3414 3431
f 3432 3433 3434
f 3360 3435 3362
f 3362 3435 3436
f 3362 3436 3364
f 3437 3438 3439
f 3439 3438 3440
f 3364 3436 3389
f 3389 3436 3441
f 3389 3441 3390
f 3390 3441 3439
f 3390 3439 3392
f 3392 3439 3440
f 3392 3440 3393
f 3442 3407 3443
f 3443 3407 3406
f 3443 3406 3444
f 3408 3445 3406
f 3406 3445 3446
f 3406 3446 3444
f 3444 3446 3447
f 3448 3437 3447
f 3447 3437 3439
f 3447 3439 3444
f 3444 3439 3441
f 3444 3441 3443
f 3443 3441 3436
f 3443 3436 3442
f 3442 3436 3435
f 3413 3423 3414
f 3414 3423 3425
f 3414 3425 3449
f 3449 3425 3427
f 3449 3427 3450
f 3450 3427 3429
f 3450 3429 3451
f 3416 3452 3417
f 3417 3452 3453
f 3417 3453 3454
f 3430 3455 3429
f 3429 3455 3418
f 3429 3418 3451
f 3451 3418 3417
f 3451 3417 3401
f 3401 3417 3454
f 3401 3454 3402
f 3456 2696 2678
f 2647 3433 2648
f 2648 3433 3432
f 2648 3432 2650
f 2650 3432 2651
f 3434 3409 3432
f 3432 3409 3411
f 3432 3411 3457
f 3457 3411 3458
f 3457 3458 3459
f 3459 3458 3460
f 3459 3460 3408
f 3408 3460 3461
f 3408 3461 3445
f 3445 3461 3462
f 3445 3462 3446
f 3446 3462 3463
f 3446 3463 3447
f 3447 3463 3464
f 3447 3464 3448
f 3367 2630 3465
f 3465 2630 2690
f 2643 3466 2689
f 2689 3466 3465
f 2689 3465 2690
f 3467 3304 3368
f 3468 3469 3466
f 3466 3469 3467
f 3466 3467 3465
f 3465 3467 3368
f 3465 3368 3367
f 2643 2642 3470
f 3470 2642 2693
f 2694 3471 2695
f 3466 2643 3470
f 3466 3470 3468
f 3468 3470 2693
f 3468 2693 3471
f 3471 2693 2695
f 3308 3307 3404
f 3404 3307 3405
f 3404 3405 3472
f 3472 3405 3473
f 3472 3473 3474
f 3474 3473 3475
f 3474 3475 3476
f 3476 3475 3477
f 3476 3477 3478
f 3478 3477 3456
f 3478 3456 3479
f 3479 3456 2678
f 3479 2678 2651
f 3305 3304 3405
f 3405 3304 3467
f 3405 3467 3473
f 3473 3467 3469
f 3473 3469 3475
f 3475 3469 3468
f 3475 3468 3477
f 3477 3468 3471
f 3477 3471 3456
f 3456 3471 2694
f 3456 2694 2696
f 3410 3431 3411
f 3411 3431 3414
f 3411 3414 3458
f 3458 3414 3449
f 3458 3449 3460
f 3460 3449 3450
f 3460 3450 3461
f 3461 3450 3451
f 3461 3451 3462
f 3462 3451 3401
f 3462 3401 3463
f 3463 3401 3403
f 3463 3403 3464
f 3360 3359 3435
f 3435 3359 3404
f 3435 3404 3442
f 3442 3404 3472
f 3442 3472 3407
f 3407 3472 3474
f 3407 3474 3408
f 3408 3474 3476
f 3408 3476 3459
f 3459 3476 3478
f 3459 3478 3457
f 3457 3478 3479
f 3457 3479 3432
f 3432 3479 2651
f 2746 2741 3480
f 3412 3431 3481
f 2760 2767 3482
f 3483 3484 3485
f 3486 3487 3488
f 3489 3490 3491
f 3489 3491 3492
f 3492 3491 3493
f 3492 3493 3494
f 3495 3496 3491
f 3491 3496 3497
f 3491 3497 3493
f 3498 3499 3500
f 3500 3499 3501
f 3500 3501 3495
f 3495 3501 3502
f 3495 3502 3496
f 3498 3500 3503
f 3503 3500 3504
f 3503 3504 3505
f 3506 3507 3508
f 3508 3507 3509
f 3508 3509 3504
f 3504 3509 3510
f 3504 3510 3505
f 3511 3512 3513
f 3506 3508 3514
f 3514 3508 3515
f 3514 3515 3516
f 3516 3515 3517
f 3516 3517 3518
f 3512 3511 3519
f 3519 3511 3480
f 3519 3480 3520
f 3520 3480 3521
f 3521 3480 2741
f 3521 2741 3522
f 3522 2741 2742
f 3522 2742 2743
f 3486 3488 3523
f 3483 3485 3524
f 2757 2759 3525
f 3525 2759 2763
f 3525 2763 2761
f 2647 2757 3433
f 3433 2757 3525
f 3433 3525 3434
f 3434 3525 3409
f 3481 3431 3525
f 3525 3431 3410
f 3525 3410 3409
f 3484 3523 3485
f 3485 3523 3488
f 3485 3488 3526
f 3526 3488 3527
f 3526 3527 3528
f 3528 3527 3529
f 3528 3529 3530
f 3530 3529 3531
f 3530 3531 3532
f 3532 3531 3533
f 3532 3533 3534
f 3534 3533 3535
f 3534 3535 3536
f 3536 3535 3481
f 3536 3481 3482
f 3482 3481 3525
f 3482 3525 2760
f 2760 3525 2761
f 3487 3537 3488
f 3488 3537 3422
f 3488 3422 3527
f 3527 3422 3421
f 3527 3421 3529
f 3529 3421 3420
f 3420 3419 3529
f 3529 3419 3418
f 3529 3418 3531
f 3531 3418 3455
f 3531 3455 3430
f 2766 2765 3538
f 3538 2765 2764
f 3513 3518 3511
f 3511 3518 3517
f 3511 3517 3480
f 3480 3517 3538
f 3480 3538 2746
f 2746 3538 2764
f 3430 3428 3531
f 3531 3428 3426
f 3531 3426 3533
f 3533 3426 3424
f 3533 3424 3535
f 3535 3424 3423
f 3535 3423 3481
f 3481 3423 3413
f 3481 3413 3412
f 3490 3524 3491
f 3491 3524 3485
f 3491 3485 3495
f 3495 3485 3526
f 3495 3526 3500
f 3500 3526 3528
f 3500 3528 3504
f 3504 3528 3530
f 3504 3530 3508
f 3508 3530 3532
f 3508 3532 3515
f 3515 3532 3534
f 3515 3534 3517
f 3517 3534 3536
f 3517 3536 3538
f 3538 3536 3482
f 3538 3482 2766
f 2766 3482 2767
f 3539 3540 3541
f 3542 3543 3544
f 2856 3545 3546
f 3545 3547 3546
f 3546 3547 3548
f 3546 3548 3549
f 3546 3550 3551
f 3551 3552 2850
f 2850 3552 3553
f 2850 3553 2848
f 2848 3553 2843
f 2850 2851 3551
f 3551 2851 2853
f 3551 2853 3546
f 3546 2853 2854
f 3546 2854 2856
f 2847 2846 3553
f 3553 2846 2844
f 3553 2844 2843
f 3554 2828 2839
f 2826 3555 2837
f 2837 3555 2838
f 2826 2825 3555
f 3555 2825 2840
f 3555 2840 2842
f 2832 2831 3554
f 2831 2834 3554
f 3554 2834 2829
f 3554 2829 2828
f 3542 2793 3543
f 3543 2793 2792
f 3543 2792 3554
f 3554 2792 2833
f 3554 2833 2832
f 2775 2774 3542
f 3542 2774 2794
f 3542 2794 2793
f 2786 2784 3544
f 3544 2784 2783
f 2783 2791 3544
f 3544 2791 2789
f 3544 2789 3542
f 3542 2789 2788
f 3542 2788 2775
f 2730 2780 3556
f 3556 2780 2782
f 3556 2782 3544
f 3544 2782 2787
f 3544 2787 2786
f 2727 2726 3556
f 2726 2725 3556
f 3556 2725 2728
f 3556 2728 2730
f 2719 2718 3557
f 3557 2718 2721
f 3557 2721 2723
f 2743 2714 3558
f 3558 2714 2712
f 3558 2712 2711
f 2711 2715 3558
f 3558 2715 2717
f 3558 2717 3557
f 3557 2717 2720
f 3557 2720 2719
f 3522 2743 3559
f 3512 3519 3560
f 3560 3519 3520
f 3560 3520 3521
f 3514 3561 3506
f 3506 3561 3507
f 3514 3516 3561
f 3561 3516 3518
f 3561 3518 3560
f 3560 3518 3513
f 3560 3513 3512
f 3503 3505 3562
f 3562 3505 3510
f 3562 3510 3561
f 3561 3510 3509
f 3561 3509 3507
f 3496 3502 3563
f 3501 3499 3562
f 3562 3499 3498
f 3562 3498 3503
f 3564 3565 3566
f 3566 3565 3567
f 3566 3567 3568
f 3568 3494 3566
f 3566 3494 3493
f 3566 3493 3563
f 3563 3493 3497
f 3563 3497 3496
f 3569 3570 3571
f 3571 3570 3572
f 3573 3574 3571
f 3571 3574 3575
f 3571 3575 3569
f 3576 3577 3578
f 3577 3579 3578
f 3578 3579 3580
f 3578 3580 3573
f 3573 3580 3581
f 3573 3581 3574
f 3540 3582 3541
f 3541 3582 3583
f 3541 3583 3584
f 3584 3585 3541
f 3541 3585 3586
f 3541 3586 3587
f 3588 3589 3590
f 3591 3592 3588
f 3588 3592 3589
f 3593 3594 3595
f 3593 3596 3594
f 3594 3596 3597
f 3594 3597 3598
f 3598 3599 3594
f 3594 3599 3600
f 3594 3600 3588
f 3588 3600 3601
f 3588 3601 3591
f 3602 3595 3603
f 3603 3595 3604
f 3602 3605 3595
f 3595 3605 3606
f 3595 3606 3593
f 3588 3546 3594
f 3594 3546 3549
f 3594 3549 3595
f 3595 3549 3607
f 3595 3607 3604
f 3547 3608 3548
f 3548 3608 3609
f 3548 3609 3610
f 3610 3611 3548
f 3548 3611 3612
f 3548 3612 3549
f 3549 3612 3613
f 3549 3613 3607
f 3560 3614 3561
f 3561 3614 3563
f 3561 3563 3562
f 3562 3563 3502
f 3562 3502 3501
f 3572 3564 3571
f 3571 3564 3566
f 3571 3566 3573
f 3573 3566 3541
f 3573 3541 3578
f 3578 3541 3587
f 3578 3587 3576
f 3521 3522 3560
f 3560 3522 3559
f 3560 3559 3614
f 3614 3559 3615
f 3614 3615 3563
f 3563 3615 3550
f 3563 3550 3566
f 3566 3550 3546
f 3566 3546 3541
f 3541 3546 3588
f 3541 3588 3539
f 3539 3588 3590
f 2723 2727 3557
f 3557 2727 3556
f 3557 3556 3616
f 3616 3556 3544
f 3616 3544 3617
f 3617 3544 3543
f 3617 3543 3618
f 3618 3543 3554
f 3618 3554 3555
f 3555 3554 2839
f 3555 2839 2838
f 2743 3558 3559
f 3559 3558 3557
f 3559 3557 3615
f 3615 3557 3616
f 3615 3616 3550
f 3550 3616 3617
f 3550 3617 3551
f 3551 3617 3618
f 3551 3618 3552
f 3552 3618 3555
f 3552 3555 3553
f 3553 3555 2842
f 3553 2842 2847
f 3619 3620 3621
f 3622 3623 3624
f 3625 3626 3627
f 3605 3602 3628
f 3545 2856 2855
f 3610 3609 3629
f 3609 3608 3629
f 3629 3608 3547
f 3629 3547 3545
f 3612 3611 3630
f 3603 3604 3631
f 3631 3604 3632
f 3632 3604 3607
f 3632 3607 3613
f 3596 3593 3633
f 3633 3593 3606
f 3599 3598 3634
f 3634 3598 3597
f 3635 3601 3600
f 3601 3635 3591
f 3591 3635 3636
f 3591 3636 3592
f 3637 3638 3635
f 3635 3638 3639
f 3635 3639 3636
f 3640 3641 3642
f 3642 3641 3643
f 3642 3643 3637
f 3637 3643 3644
f 3637 3644 3638
f 3640 3642 3645
f 3645 3642 3646
f 3645 3646 3647
f 3647 3646 3648
f 3647 3648 3649
f 3650 3651 3652
f 3650 3652 3648
f 3648 3652 3653
f 3648 3653 3649
f 3651 3650 3654
f 3654 3650 3655
f 3654 3655 3656
f 3657 3658 3659
f 3657 3659 3660
f 3660 3659 3661
f 3660 3661 3662
f 3662 3661 3663
f 3662 3663 3655
f 3655 3663 3664
f 3655 3664 3656
f 3658 3657 3665
f 3665 3657 3666
f 3665 3666 3667
f 3667 3666 3668
f 3668 3666 3669
f 3668 3669 3670
f 3670 3669 3671
f 3671 3669 3672
f 3671 3672 3673
f 3673 3672 3674
f 3673 3674 3675
f 3676 3677 3672
f 3672 3677 3678
f 3672 3678 3674
f 3679 3680 3681
f 3681 3680 3682
f 3683 3684 3685
f 3685 3684 3686
f 3687 3688 3689
f 3689 3688 3690
f 3621 2993 2992
f 3619 3621 3691
f 3691 3621 2992
f 3691 2992 2996
f 2981 3692 2982
f 2982 3692 3693
f 2982 3693 2942
f 2923 3694 2924
f 2924 3694 3695
f 2923 2922 3694
f 3694 2922 2940
f 3694 2940 3693
f 3693 2940 2941
f 3693 2941 2942
f 2865 2864 3696
f 3696 2864 2867
f 3696 2867 3695
f 3695 2867 2873
f 3695 2873 2924
f 2865 3696 2863
f 2863 3696 3697
f 2863 3697 2862
f 3545 2855 3629
f 3629 2855 2859
f 3629 2859 3698
f 2859 2858 3698
f 3698 2858 2857
f 3698 2857 3697
f 3697 2857 2860
f 3697 2860 2862
f 3606 3605 3633
f 3633 3605 3628
f 3633 3628 3699
f 3699 3628 3700
f 3699 3700 3701
f 3701 3700 3702
f 3701 3702 3703
f 3703 3702 3704
f 3703 3704 3705
f 3705 3704 3706
f 3705 3706 3707
f 3707 3706 3708
f 3707 3708 3709
f 3709 3708 3710
f 3709 3710 3711
f 3711 3710 3712
f 3711 3712 3713
f 3713 3712 3714
f 3713 3714 3715
f 3715 3714 3716
f 3715 3716 3717
f 3717 3716 3718
f 3717 3718 3719
f 3719 3718 3720
f 3719 3720 3721
f 3721 3720 3722
f 3721 3722 3681
f 3681 3722 3685
f 3681 3685 3679
f 3679 3685 3686
f 3662 3723 3660
f 3660 3723 3724
f 3660 3724 3657
f 3657 3724 3725
f 3657 3725 3666
f 3666 3725 3726
f 3666 3726 3669
f 3669 3726 3727
f 3669 3727 3672
f 3672 3727 3627
f 3672 3627 3676
f 3676 3627 3626
f 3600 3599 3635
f 3635 3599 3634
f 3635 3634 3637
f 3637 3634 3728
f 3637 3728 3642
f 3642 3728 3729
f 3642 3729 3646
f 3646 3729 3730
f 3646 3730 3648
f 3648 3730 3731
f 3648 3731 3650
f 3650 3731 3732
f 3650 3732 3655
f 3655 3732 3733
f 3655 3733 3662
f 3662 3733 3734
f 3662 3734 3723
f 3597 3596 3634
f 3634 3596 3633
f 3634 3633 3728
f 3728 3633 3699
f 3728 3699 3729
f 3729 3699 3701
f 3729 3701 3730
f 3730 3701 3703
f 3730 3703 3731
f 3731 3703 3705
f 3731 3705 3732
f 3732 3705 3707
f 3732 3707 3733
f 3733 3707 3709
f 3733 3709 3734
f 3734 3709 3711
f 3734 3711 3723
f 3723 3711 3713
f 3723 3713 3724
f 3724 3713 3715
f 3724 3715 3725
f 3725 3715 3717
f 3725 3717 3726
f 3726 3717 3719
f 3726 3719 3727
f 3727 3719 3721
f 3727 3721 3627
f 3627 3721 3681
f 3627 3681 3625
f 3625 3681 3682
f 2985 3036 3735
f 3735 3036 3034
f 3735 3034 3621
f 3621 3034 3033
f 3621 3033 2993
f 2985 3735 2986
f 2986 3735 3736
f 2986 3736 3028
f 3026 3032 3737
f 3737 3032 3031
f 3737 3031 3736
f 3736 3031 3029
f 3736 3029 3028
f 2988 3024 3738
f 3738 3024 3022
f 3738 3022 3737
f 3737 3022 3027
f 3737 3027 3026
f 2988 3738 2949
f 2949 3738 3739
f 2949 3739 2950
f 2950 3739 2957
f 2957 3739 3740
f 2957 3740 2958
f 2981 2980 3692
f 3692 2980 2979
f 3692 2979 3740
f 3740 2979 2959
f 3740 2959 2958
f 3613 3612 3632
f 3632 3612 3630
f 3632 3630 3631
f 3631 3630 3741
f 3631 3741 3742
f 3742 3741 3743
f 3742 3743 3744
f 3744 3743 3745
f 3744 3745 3746
f 3746 3745 3747
f 3746 3747 3748
f 3748 3747 3749
f 3748 3749 3750
f 3750 3749 3751
f 3750 3751 3752
f 3752 3751 3753
f 3752 3753 3754
f 3754 3753 3755
f 3754 3755 3756
f 3756 3755 3757
f 3756 3757 3758
f 3758 3757 3759
f 3758 3759 3760
f 3760 3759 3761
f 3760 3761 3762
f 3762 3761 3763
f 3762 3763 3764
f 3764 3763 3765
f 3764 3765 3689
f 3689 3765 3624
f 3689 3624 3687
f 3687 3624 3623
f 3611 3610 3630
f 3630 3610 3629
f 3630 3629 3741
f 3741 3629 3698
f 3741 3698 3743
f 3743 3698 3697
f 3743 3697 3745
f 3745 3697 3696
f 3745 3696 3747
f 3747 3696 3695
f 3747 3695 3749
f 3749 3695 3694
f 3749 3694 3751
f 3751 3694 3693
f 3751 3693 3753
f 3753 3693 3692
f 3753 3692 3755
f 3755 3692 3740
f 3755 3740 3757
f 3757 3740 3739
f 3757 3739 3759
f 3759 3739 3738
f 3759 3738 3761
f 3761 3738 3737
f 3761 3737 3763
f 3763 3737 3736
f 3763 3736 3765
f 3765 3736 3735
f 3765 3735 3624
f 3624 3735 3621
f 3624 3621 3622
f 3622 3621 3620
f 3602 3603 3628
f 3628 3603 3631
f 3628 3631 3700
f 3700 3631 3742
f 3700 3742 3702
f 3702 3742 3744
f 3702 3744 3704
f 3704 3744 3746
f 3704 3746 3706
f 3706 3746 3748
f 3706 3748 3708
f 3708 3748 3750
f 3708 3750 3710
f 3710 3750 3752
f 3710 3752 3712
f 3712 3752 3754
f 3712 3754 3714
f 3714 3754 3756
f 3714 3756 3716
f 3716 3756 3758
f 3716 3758 3718
f 3718 3758 3760
f 3718 3760 3720
f 3720 3760 3762
f 3720 3762 3722
f 3722 3762 3764
f 3722 3764 3685
f 3685 3764 3689
f 3685 3689 3683
f 3683 3689 3690
f 3080 3008 3016
f 3020 2410 2989
f 2989 2410 3083
f 2989 3083 2990
f 2990 3083 3082
f 2990 3082 3014
f 3014 3082 3080
f 3014 3080 3015
f 3015 3080 3016
f 3080 3079 3008
f 3008 3079 3087
f 3008 3087 3009
f 2998 3003 3097
f 3097 3003 3002
f 3097 3002 3098
f 3098 3002 3000
f 3098 3000 3093
f 3093 3000 2999
f 3093 2999 3094
f 3094 2999 3004
f 3094 3004 3095
f 3095 3004 3006
f 3095 3006 3088
f 3088 3006 3007
f 3088 3007 3089
f 3089 3007 3012
f 3089 3012 3091
f 3091 3012 3011
f 3091 3011 3085
f 3085 3011 3009
f 3085 3009 3086
f 3086 3009 3087
f 3099 3102 2996
f 2996 2995 3099
f 3099 2995 2997
f 3099 2997 3100
f 3100 2997 2998
f 3100 2998 3101
f 3101 2998 3097
f 3766 3206 3212
f 3212 3767 3766
f 3766 3767 3768
f 3769 3770 3771
f 3771 3770 3772
f 3771 3772 3773
f 3773 3772 3774
f 3773 3774 3775
f 3775 3774 3766
f 3775 3766 3776
f 3776 3766 3768
f 3140 3139 3774
f 3774 3139 3209
f 3774 3209 3766
f 3766 3209 3207
f 3766 3207 3206
f 3194 3202 3777
f 3777 3202 3201
f 3777 3201 3778
f 3778 3201 3200
f 3778 3200 3769
f 3769 3200 3199
f 3769 3199 3770
f 3779 3780 3781
f 3781 3780 3782
f 3783 3784 3785
f 3785 3786 3783
f 3783 3786 3787
f 3783 3787 3788
f 3788 3787 3789
f 3102 3103 3790
f 3790 3103 3788
f 3790 3788 3791
f 3791 3788 3789
f 3103 3104 3788
f 3788 3104 3105
f 3788 3105 3072
f 3780 3784 3782
f 3782 3784 3783
f 3782 3783 3792
f 3792 3783 3788
f 3792 3788 3793
f 3793 3788 3072
f 3793 3072 3071
f 1490 3794 3795
f 3795 3794 3796
f 3795 3796 3797
f 3798 3799 3800
f 3800 3799 3801
f 3800 3801 3802
f 3794 3803 3796
f 3796 3803 3804
f 3796 3804 3801
f 3801 3804 3805
f 3801 3805 3802
f 3806 3807 3796
f 3796 3807 3797
f 3798 3808 3799
f 3799 3808 3809
f 3799 3809 3781
f 3781 3809 3810
f 3781 3810 3779
f 3811 3126 3108
f 3778 3812 3777
f 3777 3812 3811
f 3777 3811 3813
f 3813 3811 3108
f 3813 3108 3107
f 3194 3777 3196
f 3196 3777 3813
f 3196 3813 3197
f 3197 3813 3107
f 3197 3107 3109
f 3199 3198 3770
f 3770 3198 3205
f 3770 3205 3772
f 3772 3205 3204
f 3772 3204 3774
f 3774 3204 3203
f 3774 3203 3140
f 3071 3126 3793
f 3793 3126 3811
f 3793 3811 3792
f 3792 3811 3812
f 3792 3812 3782
f 3782 3812 3778
f 3782 3778 3781
f 3781 3778 3769
f 3781 3769 3799
f 3799 3769 3771
f 3799 3771 3801
f 3801 3771 3773
f 3801 3773 3796
f 3796 3773 3775
f 3796 3775 3806
f 3806 3775 3776
f 3260 3287 3814
f 3815 3816 3817
f 3818 3819 3820
f 3821 3822 3145
f 3768 3211 3822
f 3822 3211 3210
f 3822 3210 3145
f 3211 3768 3767
f 3211 3767 3212
f 3822 3806 3776
f 3822 3776 3768
f 3797 3820 3795
f 3795 3820 3819
f 3795 3819 1490
f 3823 3824 3825
f 3825 3824 3826
f 3825 3826 3827
f 3296 3288 3825
f 3825 3288 3290
f 3825 3290 3823
f 3823 3290 3291
f 3823 3291 3292
f 3828 3829 3830
f 3830 3829 3831
f 3830 3831 3832
f 3832 3831 3833
f 3832 3833 3834
f 3826 3835 3827
f 3827 3835 3836
f 3827 3836 3837
f 3838 3298 3297
f 3297 3296 3838
f 3838 3296 3825
f 3838 3825 3828
f 3828 3825 3827
f 3828 3827 3829
f 3829 3827 3837
f 3839 3151 3150
f 3153 3840 3154
f 3154 3840 3841
f 3154 3841 3155
f 3155 3841 3842
f 3155 3842 3156
f 3145 3144 3821
f 3821 3144 3143
f 3821 3143 3843
f 3807 3806 3844
f 3844 3806 3822
f 3844 3822 3845
f 3845 3822 3821
f 3845 3821 3846
f 3846 3821 3843
f 3846 3843 3842
f 3842 3843 3847
f 3842 3847 3156
f 3817 3816 3820
f 3820 3816 3848
f 3820 3848 3818
f 3815 3817 3849
f 3849 3817 3850
f 3849 3850 3851
f 3834 3852 3832
f 3832 3852 3853
f 3832 3853 3850
f 3850 3853 3854
f 3850 3854 3851
f 3839 3150 3855
f 3855 3150 3221
f 3855 3221 3159
f 3158 3260 3159
f 3159 3260 3814
f 3159 3814 3855
f 3855 3814 3840
f 3855 3840 3839
f 3839 3840 3153
f 3839 3153 3151
f 3143 3149 3843
f 3843 3149 3147
f 3843 3147 3847
f 3847 3147 3146
f 3847 3146 3156
f 3287 3298 3814
f 3814 3298 3838
f 3814 3838 3840
f 3840 3838 3828
f 3840 3828 3841
f 3841 3828 3830
f 3841 3830 3842
f 3842 3830 3832
f 3842 3832 3846
f 3846 3832 3850
f 3846 3850 3845
f 3845 3850 3817
f 3845 3817 3844
f 3844 3817 3820
f 3844 3820 3807
f 3807 3820 3797
f 3299 3320 2572
f 2572 3320 3276
f 3320 3319 3276
f 3276 3319 3317
f 3276 3317 3277
f 3277 3317 3316
f 3277 3316 3278
f 3278 3316 3324
f 3278 3324 3280
f 3280 3324 3281
f 3324 3322 3281
f 3281 3322 3321
f 3281 3321 3273
f 3273 3321 3271
f 3271 3321 3329
f 3271 3329 3266
f 3266 3329 3328
f 3266 3328 3267
f 3267 3328 3326
f 3267 3326 3269
f 3269 3326 3270
f 3270 3326 3325
f 3270 3325 3253
f 3325 3330 3253
f 3253 3330 3332
f 3253 3332 3254
f 3254 3332 3261
f 3261 3332 3337
f 3261 3337 3262
f 3337 3336 3262
f 3262 3336 3335
f 3262 3335 3264
f 3264 3335 3334
f 3264 3334 3265
f 3265 3334 3333
f 3265 3333 3292
f 3292 3333 3338
f 3292 3338 3339
f 3489 3492 3856
f 3638 3644 3857
f 3858 3859 3860
f 3861 3862 3863
f 3864 3865 3866
f 3339 3312 3867
f 3867 3312 3868
f 3869 3870 3868
f 3868 3870 3871
f 3868 3871 3867
f 3858 3860 3872
f 3873 3874 3875
f 3875 3874 3876
f 3877 3878 3879
f 3879 3878 3880
f 3881 3882 3883
f 3675 3877 3673
f 3673 3877 3879
f 3673 3879 3671
f 3671 3879 3884
f 3885 3668 3884
f 3884 3668 3670
f 3884 3670 3671
f 3886 3665 3885
f 3885 3665 3667
f 3885 3667 3668
f 3887 3663 3661
f 3887 3661 3888
f 3888 3661 3659
f 3888 3659 3886
f 3886 3659 3658
f 3886 3658 3665
f 3663 3887 3664
f 3664 3887 3889
f 3664 3889 3656
f 3890 3651 3889
f 3889 3651 3654
f 3889 3654 3656
f 3647 3649 3891
f 3891 3649 3653
f 3891 3653 3890
f 3890 3653 3652
f 3890 3652 3651
f 3647 3891 3645
f 3645 3891 3892
f 3645 3892 3640
f 3640 3892 3893
f 3640 3893 3641
f 3857 3644 3893
f 3893 3644 3643
f 3893 3643 3641
f 3894 3590 3589
f 3638 3857 3639
f 3639 3857 3894
f 3639 3894 3636
f 3636 3894 3589
f 3636 3589 3592
f 3582 3540 3894
f 3894 3540 3539
f 3894 3539 3590
f 3586 3585 3895
f 3895 3585 3584
f 3895 3584 3583
f 3577 3576 3896
f 3896 3576 3587
f 3580 3579 3897
f 3580 3897 3581
f 3564 3572 3898
f 3898 3572 3570
f 3898 3570 3569
f 3856 3567 3565
f 3567 3856 3568
f 3568 3856 3492
f 3568 3492 3494
f 3876 3872 3875
f 3875 3872 3860
f 3875 3860 3899
f 3899 3860 3900
f 3899 3900 3901
f 3901 3900 3902
f 3901 3902 3903
f 3882 3873 3883
f 3883 3873 3875
f 3883 3875 3904
f 3904 3875 3899
f 3904 3899 3905
f 3905 3899 3901
f 3905 3901 3906
f 3906 3901 3903
f 3906 3903 3907
f 3880 3881 3879
f 3879 3881 3883
f 3879 3883 3884
f 3884 3883 3904
f 3884 3904 3885
f 3885 3904 3905
f 3885 3905 3886
f 3886 3905 3906
f 3886 3906 3888
f 3888 3906 3907
f 3888 3907 3887
f 3579 3577 3897
f 3897 3577 3896
f 3897 3896 3908
f 3908 3896 3909
f 3908 3909 3910
f 3910 3909 3911
f 3910 3911 3912
f 3912 3911 3913
f 3912 3913 3914
f 3914 3913 3915
f 3914 3915 3916
f 3916 3915 3917
f 3916 3917 3918
f 3918 3917 3919
f 3918 3919 3920
f 3920 3919 3921
f 3920 3921 3922
f 3922 3921 3923
f 3922 3923 3924
f 3924 3923 3925
f 3924 3925 3926
f 3587 3586 3896
f 3896 3586 3895
f 3896 3895 3909
f 3909 3895 3927
f 3909 3927 3911
f 3911 3927 3928
f 3911 3928 3913
f 3913 3928 3929
f 3913 3929 3915
f 3915 3929 3930
f 3915 3930 3917
f 3917 3930 3931
f 3917 3931 3919
f 3919 3931 3932
f 3919 3932 3921
f 3921 3932 3933
f 3921 3933 3923
f 3923 3933 3934
f 3923 3934 3925
f 3583 3582 3895
f 3895 3582 3894
f 3895 3894 3927
f 3927 3894 3857
f 3927 3857 3928
f 3928 3857 3893
f 3928 3893 3929
f 3929 3893 3892
f 3929 3892 3930
f 3930 3892 3891
f 3930 3891 3931
f 3931 3891 3890
f 3931 3890 3932
f 3932 3890 3889
f 3932 3889 3933
f 3933 3889 3887
f 3933 3887 3934
f 3934 3887 3907
f 3934 3907 3925
f 3925 3907 3903
f 3925 3903 3926
f 3926 3903 3902
f 3403 3402 3935
f 3935 3402 3936
f 3402 3454 3936
f 3936 3454 3453
f 3936 3453 3937
f 3453 3452 3937
f 3937 3452 3416
f 3937 3416 3938
f 3537 3939 3422
f 3422 3939 3938
f 3422 3938 3415
f 3415 3938 3416
f 3537 3487 3939
f 3939 3487 3486
f 3939 3486 3940
f 3486 3523 3940
f 3940 3523 3484
f 3940 3484 3941
f 3484 3483 3941
f 3941 3483 3524
f 3941 3524 3856
f 3856 3524 3490
f 3856 3490 3489
f 3349 3348 3942
f 3942 3348 3400
f 3942 3400 3943
f 3312 3311 3868
f 3868 3311 3355
f 3868 3355 3942
f 3942 3355 3354
f 3942 3354 3349
f 3400 3399 3943
f 3943 3399 3398
f 3943 3398 3944
f 3944 3398 3397
f 3944 3397 3378
f 3396 3945 3357
f 3357 3945 3944
f 3357 3944 3358
f 3358 3944 3378
f 3440 3438 3946
f 3946 3438 3947
f 3396 3395 3945
f 3945 3395 3394
f 3945 3394 3946
f 3946 3394 3393
f 3946 3393 3440
f 3438 3437 3947
f 3947 3437 3448
f 3947 3448 3935
f 3935 3448 3464
f 3935 3464 3403
f 3569 3575 3898
f 3898 3575 3948
f 3898 3948 3949
f 3949 3948 3950
f 3949 3950 3951
f 3951 3950 3952
f 3951 3952 3953
f 3953 3952 3954
f 3953 3954 3955
f 3955 3954 3956
f 3955 3956 3957
f 3957 3956 3958
f 3957 3958 3959
f 3959 3958 3960
f 3959 3960 3961
f 3961 3960 3962
f 3961 3962 3963
f 3963 3962 3964
f 3963 3964 3965
f 3965 3964 3966
f 3965 3966 3967
f 3967 3966 3968
f 3967 3968 3969
f 3969 3968 3970
f 3969 3970 3971
f 3971 3970 3972
f 3971 3972 3973
f 3973 3972 3974
f 3973 3974 3866
f 3866 3974 3863
f 3866 3863 3864
f 3864 3863 3862
f 3565 3564 3856
f 3856 3564 3898
f 3856 3898 3941
f 3941 3898 3949
f 3941 3949 3940
f 3940 3949 3951
f 3940 3951 3939
f 3939 3951 3953
f 3939 3953 3938
f 3938 3953 3955
f 3938 3955 3937
f 3937 3955 3957
f 3937 3957 3936
f 3936 3957 3959
f 3936 3959 3935
f 3935 3959 3961
f 3935 3961 3947
f 3947 3961 3963
f 3947 3963 3946
f 3946 3963 3965
f 3946 3965 3945
f 3945 3965 3967
f 3945 3967 3944
f 3944 3967 3969
f 3944 3969 3943
f 3943 3969 3971
f 3943 3971 3942
f 3942 3971 3973
f 3942 3973 3868
f 3868 3973 3866
f 3868 3866 3869
f 3869 3866 3865
f 3575 3574 3948
f 3948 3574 3581
f 3948 3581 3950
f 3950 3581 3897
f 3950 3897 3952
f 3952 3897 3908
f 3952 3908 3954
f 3954 3908 3910
f 3954 3910 3956
f 3956 3910 3912
f 3956 3912 3958
f 3958 3912 3914
f 3958 3914 3960
f 3960 3914 3916
f 3960 3916 3962
f 3962 3916 3918
f 3962 3918 3964
f 3964 3918 3920
f 3964 3920 3966
f 3966 3920 3922
f 3966 3922 3968
f 3968 3922 3924
f 3968 3924 3970
f 3970 3924 3926
f 3970 3926 3972
f 3972 3926 3902
f 3972 3902 3974
f 3974 3902 3900
f 3974 3900 3863
f 3863 3900 3860
f 3863 3860 3861
f 3861 3860 3859
f 3686 3684 3779
f 3779 3684 3683
f 3779 3683 3780
f 3683 3690 3780
f 3780 3690 3688
f 3780 3688 3784
f 3784 3688 3687
f 3784 3687 3785
f 3785 3687 3623
f 3785 3623 3786
f 3786 3623 3622
f 3786 3622 3787
f 3787 3622 3620
f 2996 3102 3691
f 3691 3102 3790
f 3691 3790 3619
f 3619 3790 3791
f 3619 3791 3620
f 3620 3791 3789
f 3620 3789 3787
f 3779 3810 3686
f 3686 3810 3809
f 3686 3809 3679
f 3679 3809 3808
f 1490 3675 3794
f 3794 3675 3674
f 3794 3674 3803
f 3803 3674 3678
f 3803 3678 3804
f 3804 3678 3677
f 3804 3677 3805
f 3805 3677 3676
f 3805 3676 3802
f 3802 3676 3626
f 3802 3626 3800
f 3800 3626 3625
f 3800 3625 3798
f 3798 3625 3682
f 3798 3682 3808
f 3808 3682 3680
f 3808 3680 3679
f 3859 3858 3834
f 3829 3861 3831
f 3831 3861 3859
f 3831 3859 3833
f 3833 3859 3834
f 3871 3870 3835
f 3835 3870 3869
f 3835 3869 3836
f 3836 3869 3865
f 3836 3865 3837
f 3837 3865 3864
f 3837 3864 3829
f 3829 3864 3862
f 3829 3862 3861
f 3675 1490 3877
f 3877 1490 3819
f 3877 3819 3878
f 3878 3819 3880
f 3880 3819 3818
f 3880 3818 3881
f 3292 3339 3823
f 3823 3339 3867
f 3823 3867 3824
f 3824 3867 3871
f 3824 3871 3826
f 3826 3871 3835
f 3818 3848 3881
f 3881 3848 3816
f 3881 3816 3882
f 3882 3816 3815
f 3882 3815 3873
f 3873 3815 3849
f 3873 3849 3874
f 3874 3849 3851
f 3874 3851 3876
f 3876 3851 3854
f 3876 3854 3872
f 3872 3854 3853
f 3872 3853 3858
f 3858 3853 3852
f 3858 3852 3834
f 3975 3976 3977
f 3978 3979 3980
f 3980 3979 3981
f 3982 3981 3979
f 3983 3984 3985
f 3982 3979 3986
f 3986 3979 3978
f 3986 3978 3987
f 3988 3981 3982
f 3988 3982 3989
f 3989 3982 3986
f 3989 3986 3990
f 3990 3986 3987
f 3990 3987 3991
f 3992 3981 3988
f 3992 3988 3993
f 3993 3988 3989
f 3993 3989 3994
f 3994 3989 3990
f 3994 3990 3995
f 3995 3990 3991
f 3995 3991 3996
f 3997 3981 3992
f 3997 3992 3998
f 3998 3992 3993
f 3998 3993 3999
f 3999 3993 3994
f 3999 3994 4000
f 4000 3994 3995
f 4000 3995 4001
f 4001 3995 3996
f 4001 3996 4002
f 4003 3981 3997
f 4003 3997 4004
f 4004 3997 3998
f 4004 3998 4005
f 4005 3998 3999
f 4005 3999 4006
f 4006 3999 4000
f 4006 4000 4007
f 4007 4000 4001
f 4007 4001 4008
f 4008 4001 4002
f 4008 4002 4009
f 4010 3981 4003
f 4010 4003 4011
f 4011 4003 4004
f 4011 4004 4012
f 4012 4004 4005
f 4012 4005 4013
f 4013 4005 4006
f 4013 4006 4014
f 4014 4006 4007
f 4014 4007 4015
f 4015 4007 4008
f 4015 4008 4016
f 4016 4008 4009
f 4016 4009 4017
f 4018 3981 4010
f 4019 4020 4021
f 4018 4010 4022
f 4022 4010 4011
f 4022 4011 4023
f 4023 4011 4012
f 4023 4012 4024
f 4024 4012 4013
f 4024 4013 4025
f 4025 4013 4014
f 4025 4014 4026
f 4026 4014 4015
f 4026 4015 4027
f 4027 4015 4016
f 4027 4016 4028
f 4028 4016 4017
f 4028 4017 4029
f 4030 3981 4018
f 4021 4031 4032
f 4030 4018 4033
f 4033 4018 4022
f 4033 4022 4034
f 4034 4022 4023
f 4034 4023 4035
f 4035 4023 4024
f 4035 4024 4036
f 4036 4024 4025
f 4036 4025 4037
f 4037 4025 4026
f 4037 4026 4038
f 4038 4026 4027
f 4038 4027 4039
f 4039 4027 4028
f 4039 4028 4040
f 4040 4028 4029
f 4040 4029 4041
f 4042 3981 4030
f 4032 4043 4044
f 4042 4030 4045
f 4045 4030 4033
f 4045 4033 4046
f 4046 4033 4034
f 4046 4034 4047
f 4047 4034 4035
f 4047 4035 4048
f 4048 4035 4036
f 4048 4036 4049
f 4049 4036 4037
f 4049 4037 4050
f 4050 4037 4038
f 4050 4038 4051
f 4051 4038 4039
f 4051 4039 4052
f 4052 4039 4040
f 4052 4040 4053
f 4053 4040 4041
f 4053 4041 4054
f 4055 3981 4042
f 4044 4056 4057
f 4055 4042 4058
f 4058 4042 4045
f 4058 4045 4059
f 4059 4045 4046
f 4059 4046 4060
f 4060 4046 4047
f 4060 4047 4061
f 4061 4047 4048
f 4061 4048 4062
f 4062 4048 4049
f 4062 4049 4063
f 4063 4049 4050
f 4063 4050 4064
f 4064 4050 4051
f 4064 4051 4065
f 4065 4051 4052
f 4065 4052 4066
f 4066 4052 4053
f 4066 4053 4067
f 4067 4053 4054
f 4067 4054 4068
f 4069 3981 4055
f 4057 4070 4071
f 4069 4055 4072
f 4072 4055 4058
f 4072 4058 4073
f 4073 4058 4059
f 4073 4059 4074
f 4074 4059 4060
f 4074 4060 4075
f 4075 4060 4061
f 4075 4061 4076
f 4076 4061 4062
f 4076 4062 4077
f 4077 4062 4063
f 4077 4063 4078
f 4078 4063 4064
f 4078 4064 4079
f 4079 4064 4065
f 4079 4065 4080
f 4080 4065 4066
f 4080 4066 4081
f 4081 4066 4067
f 4081 4067 4082
f 4082 4067 4068
f 4082 4068 4083
f 4084 3981 4069
f 4071 4085 4086
f 4084 4069 4087
f 4087 4069 4072
f 4087 4072 4088
f 4088 4072 4073
f 4088 4073 4089
f 4089 4073 4074
f 4089 4074 4090
f 4090 4074 4075
f 4090 4075 4091
f 4091 4075 4076
f 4091 4076 4092
f 4092 4076 4077
f 4092 4077 4093
f 4093 4077 4078
f 4093 4078 4094
f 4094 4078 4079
f 4094 4079 4095
f 4095 4079 4080
f 4095 4080 4096
f 4096 4080 4081
f 4096 4081 4097
f 4097 4081 4082
f 4097 4082 4098
f 4098 4082 4083
f 4098 4083 4099
f 4100 3981 4084
f 4086 4101 4102
f 4100 4084 4103
f 4103 4084 4087
f 4103 4087 4104
f 4104 4087 4088
f 4104 4088 4105
f 4105 4088 4089
f 4105 4089 4106
f 4106 4089 4090
f 4106 4090 4107
f 4107 4090 4091
f 4107 4091 4108
f 4108 4091 4092
f 4108 4092 4109
f 4109 4092 4093
f 4109 4093 4110
f 4110 4093 4094
f 4110 4094 4111
f 4111 4094 4095
f 4111 4095 4112
f 4112 4095 4096
f 4112 4096 4113
f 4113 4096 4097
f 4113 4097 4114
f 4114 4097 4098
f 4114 4098 4115
f 4115 4098 4099
f 4115 4099 4116
f 4117 3981 4100
f 4102 4118 4119
f 4117 4100 4120
f 4120 4100 4103
f 4120 4103 4121
f 4121 4103 4104
f 4121 4104 4122
f 4122 4104 4105
f 4122 4105 4123
f 4123 4105 4106
f 4123 4106 4124
f 4124 4106 4107
f 4124 4107 4125
f 4125 4107 4108
f 4125 4108 4126
f 4126 4108 4109
f 4126 4109 4127
f 4127 4109 4110
f 4127 4110 4128
f 4128 4110 4111
f 4128 4111 4129
f 4129 4111 4112
f 4129 4112 4130
f 4130 4112 4113
f 4130 4113 4131
f 4131 4113 4114
f 4131 4114 4132
f 4132 4114 4115
f 4132 4115 4133
f 4133 4115 4116
f 4133 4116 4134
f 4135 3981 4117
f 4119 4136 4137
f 4135 4117 4138
f 4138 4117 4120
f 4138 4120 4139
f 4139 4120 4121
f 4139 4121 4140
f 4140 4121 4122
f 4140 4122 4141
f 4141 4122 4123
f 4141 4123 4142
f 4142 4123 4124
f 4142 4124 4143
f 4143 4124 4125
f 4143 4125 4144
f 4144 4125 4126
f 4144 4126 4145
f 4145 4126 4127
f 4145 4127 4146
f 4146 4127 4128
f 4146 4128 4147
f 4147 4128 4129
f 4147 4129 4148
f 4148 4129 4130
f 4148 4130 4149
f 4149 4130 4131
f 4149 4131 4150
f 4150 4131 4132
f 4150 4132 4151
f 4151 4132 4133
f 4151 4133 4152
f 4152 4133 4134
f 4152 4134 4153
f 4154 3981 4135
f 4137 4155 4156
f 4154 4135 4157
f 4157 4135 4138
f 4157 4138 4158
f 4158 4138 4139
f 4158 4139 4159
f 4159 4139 4140
f 4159 4140 4160
f 4160 4140 4141
f 4160 4141 4161
f 4161 4141 4142
f 4161 4142 4162
f 4162 4142 4143
f 4162 4143 4163
f 4163 4143 4144
f 4163 4144 4164
f 4164 4144 4145
f 4164 4145 4165
f 4165 4145 4146
f 4165 4146 4166
f 4166 4146 4147
f 4166 4147 4167
f 4167 4147 4148
f 4167 4148 4168
f 4168 4148 4149
f 4168 4149 4169
f 4169 4149 4150
f 4169 4150 4170
f 4170 4150 4151
f 4170 4151 4171
f 4171 4151 4152
f 4171 4152 4172
f 4172 4152 4153
f 4172 4153 4173
f 4174 3981 4154
f 4156 4175 4176
f 4174 4154 4177
f 4177 4154 4157
f 4177 4157 4178
f 4178 4157 4158
f 4178 4158 4179
f 4179 4158 4159
f 4179 4159 4180
f 4180 4159 4160
f 4180 4160 4181
f 4181 4160 4161
f 4181 4161 4182
f 4182 4161 4162
f 4182 4162 4183
f 4183 4162 4163
f 4183 4163 4184
f 4184 4163 4164
f 4184 4164 4185
f 4185 4164 4165
f 4185 4165 4186
f 4186 4165 4166
f 4186 4166 4187
f 4187 4166 4167
f 4187 4167 4188
f 4188 4167 4168
f 4188 4168 4189
f 4189 4168 4169
f 4189 4169 4190
f 4190 4169 4170
f 4190 4170 4191
f 4191 4170 4171
f 4191 4171 4192
f 4192 4171 4172
f 4192 4172 4193
f 4193 4172 4173
f 4193 4173 4194
f 4195 3981 4174
f 4176 4196 4197
f 4195 4174 4198
f 4198 4174 4177
f 4198 4177 4199
f 4199 4177 4178
f 4199 4178 4200
f 4200 4178 4179
f 4200 4179 4201
f 4201 4179 4180
f 4201 4180 4202
f 4202 4180 4181
f 4202 4181 4203
f 4203 4181 4182
f 4203 4182 4204
f 4204 4182 4183
f 4204 4183 4205
f 4205 4183 4184
f 4205 4184 4206
f 4206 4184 4185
f 4206 4185 4207
f 4207 4185 4186
f 4207 4186 4208
f 4208 4186 4187
f 4208 4187 4209
f 4209 4187 4188
f 4209 4188 4210
f 4210 4188 4189
f 4210 4189 4211
f 4211 4189 4190
f 4211 4190 4212
f 4212 4190 4191
f 4212 4191 4213
f 4213 4191 4192
f 4213 4192 4214
f 4214 4192 4193
f 4214 4193 4215
f 4215 4193 4194
f 4215 4194 4216
f 4217 3981 4195
f 4197 4218 4219
f 4217 4195 4220
f 4220 4195 4198
f 4220 4198 4221
f 4221 4198 4199
f 4221 4199 4222
f 4222 4199 4200
f 4222 4200 4223
f 4223 4200 4201
f 4223 4201 4224
f 4224 4201 4202
f 4224 4202 4225
f 4225 4202 4203
f 4225 4203 4226
f 4226 4203 4204
f 4226 4204 4227
f 4227 4204 4205
f 4227 4205 4228
f 4228 4205 4206
f 4228 4206 4229
f 4229 4206 4207
f 4229 4207 4230
f 4230 4207 4208
f 4230 4208 4231
f 4231 4208 4209
f 4231 4209 4232
f 4232 4209 4210
f 4232 4210 4233
f 4233 4210 4211
f 4233 4211 4234
f 4234 4211 4212
f 4234 4212 4235
f 4235 4212 4213
f 4235 4213 4236
f 4236 4213 4214
f 4236 4214 4237
f 4237 4214 4215
f 4237 4215 4238
f 4238 4215 4216
f 4238 4216 4239
f 4240 3981 4217
f 4219 4241 4242
f 4240 4217 4243
f 4243 4217 4220
f 4243 4220 4244
f 4244 4220 4221
f 4244 4221 4245
f 4245 4221 4222
f 4245 4222 4246
f 4246 4222 4223
f 4246 4223 4247
f 4247 4223 4224
f 4247 4224 4248
f 4248 4224 4225
f 4248 4225 4249
f 4249 4225 4226
f 4249 4226 4250
f 4250 4226 4227
f 4250 4227 4251
f 4251 4227 4228
f 4251 4228 4252
f 4252 4228 4229
f 4252 4229 4253
f 4253 4229 4230
f 4253 4230 4254
f 4254 4230 4231
f 4254 4231 4255
f 4255 4231 4232
f 4255 4232 4256
f 4256 4232 4233
f 4256 4233 4257
f 4257 4233 4234
f 4257 4234 4258
f 4258 4234 4235
f 4258 4235 4259
f 4259 4235 4236
f 4259 4236 4260
f 4260 4236 4237
f 4260 4237 4261
f 4261 4237 4238
f 4261 4238 4262
f 4262 4238 4239
f 4262 4239 4263
f 4264 3981 4240
f 4242 4265 4266
f 4264 4240 4267
f 4267 4240 4243
f 4267 4243 4268
f 4268 4243 4244
f 4268 4244 4269
f 4269 4244 4245
f 4269 4245 4270
f 4270 4245 4246
f 4270 4246 4271
f 4271 4246 4247
f 4271 4247 4272
f 4272 4247 4248
f 4272 4248 4273
f 4273 4248 4249
f 4273 4249 4274
f 4274 4249 4250
f 4274 4250 4275
f 4275 4250 4251
f 4275 4251 4276
f 4276 4251 4252
f 4276 4252 4277
f 4277 4252 4253
f 4277 4253 4278
f 4278 4253 4254
f 4278 4254 4279
f 4279 4254 4255
f 4279 4255 4280
f 4280 4255 4256
f 4280 4256 4281
f 4281 4256 4257
f 4281 4257 4282
f 4282 4257 4258
f 4282 4258 4283
f 4283 4258 4259
f 4283 4259 4284
f 4284 4259 4260
f 4284 4260 4285
f 4285 4260 4261
f 4285 4261 4286
f 4286 4261 4262
f 4286 4262 4287
f 4287 4262 4263
f 4287 4263 4288
f 4289 3981 4264
f 4266 4290 4291
f 4292 4293 4294
f 4294 4293 4295
f 4294 4295 4296
f 4296 4295 4297
f 4296 4297 4298
f 4298 4297 4299
f 4298 4299 4300
f 4300 4299 4301
f 4300 4301 4302
f 4302 4301 4303
f 4302 4303 4304
f 4304 4303 4305
f 4304 4305 4306
f 4306 4305 4307
f 4306 4307 4308
f 4308 4307 4309
f 4308 4309 4310
f 4310 4309 4311
f 4310 4311 4312
f 4312 4311 4313
f 4312 4313 4314
f 4314 4313 4315
f 4314 4315 4316
f 4316 4315 4317
f 4316 4317 4318
f 4318 4317 4319
f 4318 4319 4320
f 4320 4319 4321
f 4320 4321 4322
f 4322 4321 4323
f 4322 4323 4324
f 4324 4323 4325
f 4324 4325 4326
f 4326 4325 4327
f 4326 4327 4328
f 4328 4327 4329
f 4328 4329 4330
f 3976 3975 4291
f 4291 4290 3976
f 3976 4290 4331
f 3976 4331 3977
f 4266 4265 4290
f 4290 4265 4332
f 4290 4332 4331
f 4331 4332 4333
f 4331 4333 3977
f 4242 4241 4265
f 4265 4241 4334
f 4265 4334 4332
f 4332 4334 4335
f 4332 4335 4333
f 4333 4335 4336
f 4333 4336 3977
f 4219 4218 4241
f 4241 4218 4337
f 4241 4337 4334
f 4334 4337 4338
f 4334 4338 4335
f 4335 4338 4339
f 4335 4339 4336
f 4336 4339 4340
f 4336 4340 3977
f 4197 4196 4218
f 4218 4196 4341
f 4218 4341 4337
f 4337 4341 4342
f 4337 4342 4338
f 4338 4342 4343
f 4338 4343 4339
f 4339 4343 4344
f 4339 4344 4340
f 4340 4344 4345
f 4340 4345 3977
f 4176 4175 4196
f 4196 4175 4346
f 4196 4346 4341
f 4341 4346 4347
f 4341 4347 4342
f 4342 4347 4348
f 4342 4348 4343
f 4343 4348 4349
f 4343 4349 4344
f 4344 4349 4350
f 4344 4350 4345
f 4345 4350 4351
f 4345 4351 3977
f 4156 4155 4175
f 4175 4155 4352
f 4175 4352 4346
f 4346 4352 4353
f 4346 4353 4347
f 4347 4353 4354
f 4347 4354 4348
f 4348 4354 4355
f 4348 4355 4349
f 4349 4355 4356
f 4349 4356 4350
f 4350 4356 4357
f 4350 4357 4351
f 4351 4357 4358
f 4351 4358 3977
f 4137 4136 4155
f 4155 4136 4359
f 4155 4359 4352
f 4352 4359 4360
f 4352 4360 4353
f 4353 4360 4361
f 4353 4361 4354
f 4354 4361 4362
f 4354 4362 4355
f 4355 4362 4363
f 4355 4363 4356
f 4356 4363 4364
f 4356 4364 4357
f 4357 4364 4365
f 4357 4365 4358
f 4358 4365 4366
f 4358 4366 3977
f 4119 4118 4136
f 4136 4118 4367
f 4136 4367 4359
f 4359 4367 4368
f 4359 4368 4360
f 4360 4368 4369
f 4360 4369 4361
f 4361 4369 4370
f 4361 4370 4362
f 4362 4370 4371
f 4362 4371 4363
f 4363 4371 4372
f 4363 4372 4364
f 4364 4372 4373
f 4364 4373 4365
f 4365 4373 4374
f 4365 4374 4366
f 4366 4374 4375
f 4366 4375 3977
f 4102 4101 4118
f 4118 4101 4376
f 4118 4376 4367
f 4367 4376 4377
f 4367 4377 4368
f 4368 4377 4378
f 4368 4378 4369
f 4369 4378 4379
f 4369 4379 4370
f 4370 4379 4380
f 4370 4380 4371
f 4371 4380 4381
f 4371 4381 4372
f 4372 4381 4382
f 4372 4382 4373
f 4373 4382 4383
f 4373 4383 4374
f 4374 4383 4384
f 4374 4384 4375
f 4375 4384 4385
f 4375 4385 3977
f 4086 4085 4101
f 4101 4085 4386
f 4101 4386 4376
f 4376 4386 4387
f 4376 4387 4377
f 4377 4387 4388
f 4377 4388 4378
f 4378 4388 4389
f 4378 4389 4379
f 4379 4389 4390
f 4379 4390 4380
f 4380 4390 4391
f 4380 4391 4381
f 4381 4391 4392
f 4381 4392 4382
f 4382 4392 4393
f 4382 4393 4383
f 4383 4393 4394
f 4383 4394 4384
f 4384 4394 4395
f 4384 4395 4385
f 4385 4395 4396
f 4385 4396 3977
f 4071 4070 4085
f 4085 4070 4397
f 4085 4397 4386
f 4386 4397 4398
f 4386 4398 4387
f 4387 4398 4399
f 4387 4399 4388
f 4388 4399 4400
f 4388 4400 4389
f 4389 4400 4401
f 4389 4401 4390
f 4390 4401 4402
f 4390 4402 4391
f 4391 4402 4403
f 4391 4403 4392
f 4392 4403 4404
f 4392 4404 4393
f 4393 4404 4405
f 4393 4405 4394
f 4394 4405 4406
f 4394 4406 4395
f 4395 4406 4407
f 4395 4407 4396
f 4396 4407 4408
f 4396 4408 3977
f 4057 4056 4070
f 4070 4056 4409
f 4070 4409 4397
f 4397 4409 4410
f 4397 4410 4398
f 4398 4410 4411
f 4398 4411 4399
f 4399 4411 4412
f 4399 4412 4400
f 4400 4412 4413
f 4400 4413 4401
f 4401 4413 4414
f 4401 4414 4402
f 4402 4414 4415
f 4402 4415 4403
f 4403 4415 4416
f 4403 4416 4404
f 4404 4416 4417
f 4404 4417 4405
f 4405 4417 4418
f 4405 4418 4406
f 4406 4418 4419
f 4406 4419 4407
f 4407 4419 4420
f 4407 4420 4408
f 4408 4420 4421
f 4408 4421 3977
f 4044 4043 4056
f 4056 4043 4422
f 4056 4422 4409
f 4409 4422 4423
f 4409 4423 4410
f 4410 4423 4424
f 4410 4424 4411
f 4411 4424 4425
f 4411 4425 4412
f 4412 4425 4426
f 4412 4426 4413
f 4413 4426 4427
f 4413 4427 4414
f 4414 4427 4428
f 4414 4428 4415
f 4415 4428 4429
f 4415 4429 4416
f 4416 4429 4430
f 4416 4430 4417
f 4417 4430 4431
f 4417 4431 4418
f 4418 4431 4432
f 4418 4432 4419
f 4419 4432 4433
f 4419 4433 4420
f 4420 4433 4434
f 4420 4434 4421
f 4421 4434 4435
f 4421 4435 3977
f 4032 4031 4043
f 4043 4031 4436
f 4043 4436 4422
f 4422 4436 4437
f 4422 4437 4423
f 4423 4437 4438
f 4423 4438 4424
f 4424 4438 4439
f 4424 4439 4425
f 4425 4439 4440
f 4425 4440 4426
f 4426 4440 4441
f 4426 4441 4427
f 4427 4441 4442
f 4427 4442 4428
f 4428 4442 4443
f 4428 4443 4429
f 4429 4443 4444
f 4429 4444 4430
f 4430 4444 4445
f 4430 4445 4431
f 4431 4445 4446
f 4431 4446 4432
f 4432 4446 4447
f 4432 4447 4433
f 4433 4447 4448
f 4433 4448 4434
f 4434 4448 4449
f 4434 4449 4435
f 4435 4449 4450
f 4435 4450 3977
f 4021 4020 4031
f 4031 4020 4451
f 4031 4451 4436
f 4436 4451 4452
f 4436 4452 4437
f 4437 4452 4453
f 4437 4453 4438
f 4438 4453 4454
f 4438 4454 4439
f 4439 4454 4455
f 4439 4455 4440
f 4440 4455 4456
f 4440 4456 4441
f 4441 4456 4457
f 4441 4457 4442
f 4442 4457 4458
f 4442 4458 4443
f 4443 4458 4459
f 4443 4459 4444
f 4444 4459 4460
f 4444 4460 4445
f 4445 4460 4461
f 4445 4461 4446
f 4446 4461 4462
f 4446 4462 4447
f 4447 4462 4463
f 4447 4463 4448
f 4448 4463 4464
f 4448 4464 4449
f 4449 4464 4465
f 4449 4465 4450
f 4450 4465 4466
f 4450 4466 3977
f 3983 4289 3984
f 3984 4289 4467
f 3984 4467 4468
f 4468 4467 4469
f 4468 4469 4470
f 4470 4469 4471
f 4470 4471 4472
f 4472 4471 4473
f 4472 4473 4474
f 4474 4473 4475
f 4474 4475 4476
f 4476 4475 4477
f 4476 4477 4478
f 4478 4477 4479
f 4478 4479 4480
f 4480 4479 4481
f 4480 4481 4482
f 4482 4481 4483
f 4482 4483 4484
f 4484 4483 4485
f 4484 4485 4486
f 4486 4485 4487
f 4486 4487 4488
f 4488 4487 4489
f 4488 4489 4490
f 4490 4489 4491
f 4490 4491 4492
f 4492 4491 4493
f 4492 4493 4494
f 4494 4493 4495
f 4494 4495 4496
f 4496 4495 4497
f 4496 4497 4498
f 4498 4497 4499
f 4498 4499 4500
f 4500 4499 4501
f 4500 4501 4502
f 4502 4501 4503
f 4502 4503 4504
f 4504 4503 4505
f 4504 4505 4506
f 4506 4505 4507
f 4506 4507 4508
f 4508 4507 4509
f 4508 4509 4510
f 4510 4509 4511
f 4510 4511 3977
f 3977 4512 4513
f 4513 4512 4514
f 4513 4514 4515
f 4515 4514 4516
f 4515 4516 4517
f 4517 4516 4518
f 4517 4518 4519
f 4519 4518 4520
f 4519 4520 4521
f 4521 4520 4522
f 4521 4522 4523
f 4523 4522 4524
f 4523 4524 4525
f 4525 4524 4526
f 4525 4526 4527
f 4527 4526 4528
f 4527 4528 4529
f 4529 4528 4530
f 4529 4530 4531
f 4531 4530 4532
f 4531 4532 4533
f 4533 4532 4534
f 4533 4534 4535
f 4535 4534 4536
f 4535 4536 4537
f 4537 4536 4538
f 4537 4538 4539
f 4539 4538 4540
f 4539 4540 4541
f 4541 4540 4542
f 4541 4542 4543
f 4543 4542 4544
f 4543 4544 4545
f 4545 4544 4546
f 4545 4546 4547
f 4547 4546 4548
f 4547 4548 4549
f 4549 4548 4550
f 4549 4550 4551
f 4551 4550 4552
f 4551 4552 4553
f 4553 4552 4554
f 4553 4554 4555
f 4555 4554 4556
f 4555 4556 4557
f 4557 4556 4558
f 4557 4558 4559
f 4559 4558 3981
f 3977 4560 4561
f 4561 4560 4562
f 4561 4562 4563
f 4563 4562 4564
f 4563 4564 4565
f 4565 4564 4566
f 4565 4566 4567
f 4567 4566 4568
f 4567 4568 4569
f 4569 4568 4570
f 4569 4570 4571
f 4571 4570 4572
f 4571 4572 4573
f 4573 4572 4574
f 4573 4574 4575
f 4575 4574 4576
f 4575 4576 4577
f 4577 4576 4578
f 4577 4578 4579
f 4579 4578 4580
f 4579 4580 4581
f 4581 4580 4582
f 4581 4582 4583
f 4583 4582 4584
f 4583 4584 4585
f 4585 4584 4586
f 4585 4586 4587
f 4587 4586 4588
f 4587 4588 4589
f 4589 4588 4590
f 4589 4590 4591
f 4591 4590 4592
f 4591 4592 4593
f 4593 4592 4594
f 4593 4594 4595
f 4595 4594 4596
f 4595 4596 4597
f 4597 4596 4598
f 4597 4598 4599
f 4599 4598 4600
f 4599 4600 4601
f 4601 4600 4602
f 4601 4602 4603
f 4603 4602 4604
f 4603 4604 4605
f 4605 4604 4606
f 4605 4606 4607
f 4607 4606 3981
f 3981 4608 4607
f 4607 4608 4609
f 4607 4609 4605
f 4605 4609 4610
f 4605 4610 4603
f 4603 4610 4611
f 4603 4611 4601
f 4601 4611 4612
f 4601 4612 4599
f 4599 4612 4613
f 4599 4613 4597
f 4597 4613 4614
f 4597 4614 4595
f 4595 4614 4615
f 4595 4615 4593
f 4593 4615 4616
f 4593 4616 4591
f 4591 4616 4617
f 4591 4617 4589
f 4589 4617 4618
f 4589 4618 4587
f 4587 4618 4619
f 4587 4619 4585
f 4585 4619 4620
f 4585 4620 4583
f 4583 4620 4621
f 4583 4621 4581
f 4581 4621 4622
f 4581 4622 4579
f 4579 4622 4623
f 4579 4623 4577
f 4577 4623 4624
f 4577 4624 4575
f 4575 4624 4625
f 4575 4625 4573
f 4573 4625 4626
f 4573 4626 4571
f 4571 4626 4627
f 4571 4627 4569
f 4569 4627 4628
f 4569 4628 4567
f 4567 4628 4629
f 4567 4629 4565
f 4565 4629 4630
f 4565 4630 4563
f 4563 4630 4631
f 4563 4631 4561
f 4561 4631 3977
f 3981 4632 4608
f 4608 4632 4633
f 4608 4633 4609
f 4609 4633 4634
f 4609 4634 4610
f 4610 4634 4635
f 4610 4635 4611
f 4611 4635 4636
f 4611 4636 4612
f 4612 4636 4637
f 4612 4637 4613
f 4613 4637 4638
f 4613 4638 4614
f 4614 4638 4639
f 4614 4639 4615
f 4615 4639 4640
f 4615 4640 4616
f 4616 4640 4641
f 4616 4641 4617
f 4617 4641 4642
f 4617 4642 4618
f 4618 4642 4643
f 4618 4643 4619
f 4619 4643 4644
f 4619 4644 4620
f 4620 4644 4645
f 4620 4645 4621
f 4621 4645 4646
f 4621 4646 4622
f 4622 4646 4647
f 4622 4647 4623
f 4623 4647 4648
f 4623 4648 4624
f 4624 4648 4649
f 4624 4649 4625
f 4625 4649 4650
f 4625 4650 4626
f 4626 4650 4651
f 4626 4651 4627
f 4627 4651 4652
f 4627 4652 4628
f 4628 4652 4653
f 4628 4653 4629
f 4629 4653 4654
f 4629 4654 4630
f 4630 4654 4655
f 4630 4655 4631
f 4631 4655 3977
f 3981 4656 4632
f 4632 4656 4657
f 4632 4657 4633
f 4633 4657 4658
f 4633 4658 4634
f 4634 4658 4659
f 4634 4659 4635
f 4635 4659 4660
f 4635 4660 4636
f 4636 4660 4661
f 4636 4661 4637
f 4637 4661 4662
f 4637 4662 4638
f 4638 4662 4663
f 4638 4663 4639
f 4639 4663 4664
f 4639 4664 4640
f 4640 4664 4665
f 4640 4665 4641
f 4641 4665 4666
f 4641 4666 4642
f 4642 4666 4667
f 4642 4667 4643
f 4643 4667 4668
f 4643 4668 4644
f 4644 4668 4669
f 4644 4669 4645
f 4645 4669 4670
f 4645 4670 4646
f 4646 4670 4671
f 4646 4671 4647
f 4647 4671 4672
f 4647 4672 4648
f 4648 4672 4673
f 4648 4673 4649
f 4649 4673 4674
f 4649 4674 4650
f 4650 4674 4675
f 4650 4675 4651
f 4651 4675 4676
f 4651 4676 4652
f 4652 4676 4677
f 4652 4677 4653
f 4653 4677 4678
f 4653 4678 4654
f 4654 4678 4679
f 4654 4679 4655
f 4655 4679 3977
f 3981 4680 4656
f 4656 4680 4681
f 4656 4681 4657
f 4657 4681 4682
f 4657 4682 4658
f 4658 4682 4683
f 4658 4683 4659
f 4659 4683 4684
f 4659 4684 4660
f 4660 4684 4685
f 4660 4685 4661
f 4661 4685 4686
f 4661 4686 4662
f 4662 4686 4687
f 4662 4687 4663
f 4663 4687 4688
f 4663 4688 4664
f 4664 4688 4689
f 4664 4689 4665
f 4665 4689 4690
f 4665 4690 4666
f 4666 4690 4691
f 4666 4691 4667
f 4667 4691 4692
f 4667 4692 4668
f 4668 4692 4693
f 4668 4693 4669
f 4669 4693 4694
f 4669 4694 4670
f 4670 4694 4695
f 4670 4695 4671
f 4671 4695 4696
f 4671 4696 4672
f 4672 4696 4697
f 4672 4697 4673
f 4673 4697 4698
f 4673 4698 4674
f 4674 4698 4699
f 4674 4699 4675
f 4675 4699 4700
f 4675 4700 4676
f 4676 4700 4701
f 4676 4701 4677
f 4677 4701 4702
f 4677 4702 4678
f 4678 4702 4703
f 4678 4703 4679
f 4679 4703 3977
f 3981 4704 4680
f 4680 4704 4705
f 4680 4705 4681
f 4681 4705 4706
f 4681 4706 4682
f 4682 4706 4707
f 4682 4707 4683
f 4683 4707 4708
f 4683 4708 4684
f 4684 4708 4709
f 4684 4709 4685
f 4685 4709 4710
f 4685 4710 4686
f 4686 4710 4711
f 4686 4711 4687
f 4687 4711 4712
f 4687 4712 4688
f 4688 4712 4713
f 4688 4713 4689
f 4689 4713 4714
f 4689 4714 4690
f 4690 4714 4715
f 4690 4715 4691
f 4691 4715 4716
f 4691 4716 4692
f 4692 4716 4717
f 4692 4717 4693
f 4693 4717 4718
f 4693 4718 4694
f 4694 4718 4719
f 4694 4719 4695
f 4695 4719 4720
f 4695 4720 4696
f 4696 4720 4721
f 4696 4721 4697
f 4697 4721 4722
f 4697 4722 4698
f 4698 4722 4723
f 4698 4723 4699
f 4699 4723 4724
f 4699 4724 4700
f 4700 4724 4725
f 4700 4725 4701
f 4701 4725 4726
f 4701 4726 4702
f 4702 4726 4727
f 4702 4727 4703
f 4703 4727 3977
f 3981 4728 4704
f 4704 4728 4729
f 4704 4729 4705
f 4705 4729 4730
f 4705 4730 4706
f 4706 4730 4731
f 4706 4731 4707
f 4707 4731 4732
f 4707 4732 4708
f 4708 4732 4733
f 4708 4733 4709
f 4709 4733 4734
f 4709 4734 4710
f 4710 4734 4735
f 4710 4735 4711
f 4711 4735 4736
f 4711 4736 4712
f 4712 4736 4737
f 4712 4737 4713
f 4713 4737 4738
f 4713 4738 4714
f 4714 4738 4739
f 4714 4739 4715
f 4715 4739 4740
f 4715 4740 4716
f 4716 4740 4741
f 4716 4741 4717
f 4717 4741 4742
f 4717 4742 4718
f 4718 4742 4743
f 4718 4743 4719
f 4719 4743 4744
f 4719 4744 4720
f 4720 4744 4745
f 4720 4745 4721
f 4721 4745 4746
f 4721 4746 4722
f 4722 4746 4747
f 4722 4747 4723
f 4723 4747 4748
f 4723 4748 4724
f 4724 4748 4749
f 4724 4749 4725
f 4725 4749 4750
f 4725 4750 4726
f 4726 4750 4751
f 4726 4751 4727
f 4727 4751 3977
f 3981 4752 4728
f 4728 4752 4753
f 4728 4753 4729
f 4729 4753 4754
f 4729 4754 4730
f 4730 4754 4755
f 4730 4755 4731
f 4731 4755 4756
f 4731 4756 4732
f 4732 4756 4757
f 4732 4757 4733
f 4733 4757 4758
f 4733 4758 4734
f 4734 4758 4759
f 4734 4759 4735
f 4735 4759 4760
f 4735 4760 4736
f 4736 4760 4761
f 4736 4761 4737
f 4737 4761 4762
f 4737 4762 4738
f 4738 4762 4763
f 4738 4763 4739
f 4739 4763 4764
f 4739 4764 4740
f 4740 4764 4765
f 4740 4765 4741
f 4741 4765 4766
f 4741 4766 4742
f 4742 4766 4767
f 4742 4767 4743
f 4743 4767 4768
f 4743 4768 4744
f 4744 4768 4769
f 4744 4769 4745
f 4745 4769 4770
f 4745 4770 4746
f 4746 4770 4771
f 4746 4771 4747
f 4747 4771 4772
f 4747 4772 4748
f 4748 4772 4773
f 4748 4773 4749
f 4749 4773 4774
f 4749 4774 4750
f 4750 4774 4775
f 4750 4775 4751
f 4751 4775 3977
f 3981 4776 4752
f 4752 4776 4777
f 4752 4777 4753
f 4753 4777 4778
f 4753 4778 4754
f 4754 4778 4779
f 4754 4779 4755
f 4755 4779 4780
f 4755 4780 4756
f 4756 4780 4781
f 4756 4781 4757
f 4757 4781 4782
f 4757 4782 4758
f 4758 4782 4783
f 4758 4783 4759
f 4759 4783 4784
f 4759 4784 4760
f 4760 4784 4785
f 4760 4785 4761
f 4761 4785 4786
f 4761 4786 4762
f 4762 4786 4787
f 4762 4787 4763
f 4763 4787 4788
f 4763 4788 4764
f 4764 4788 4789
f 4764 4789 4765
f 4765 4789 4790
f 4765 4790 4766
f 4766 4790 4791
f 4766 4791 4767
f 4767 4791 4792
f 4767 4792 4768
f 4768 4792 4793
f 4768 4793 4769
f 4769 4793 4794
f 4769 4794 4770
f 4770 4794 4795
f 4770 4795 4771
f 4771 4795 4796
f 4771 4796 4772
f 4772 4796 4797
f 4772 4797 4773
f 4773 4797 4798
f 4773 4798 4774
f 4774 4798 4799
f 4774 4799 4775
f 4775 4799 3977
f 3981 4800 4776
f 4776 4800 4801
f 4776 4801 4777
f 4777 4801 4802
f 4777 4802 4778
f 4778 4802 4803
f 4778 4803 4779
f 4779 4803 4804
f 4779 4804 4780
f 4780 4804 4805
f 4780 4805 4781
f 4781 4805 4806
f 4781 4806 4782
f 4782 4806 4807
f 4782 4807 4783
f 4783 4807 4808
f 4783 4808 4784
f 4784 4808 4809
f 4784 4809 4785
f 4785 4809 4810
f 4785 4810 4786
f 4786 4810 4811
f 4786 4811 4787
f 4787 4811 4812
f 4787 4812 4788
f 4788 4812 4813
f 4788 4813 4789
f 4789 4813 4814
f 4789 4814 4790
f 4790 4814 4815
f 4790 4815 4791
f 4791 4815 4816
f 4791 4816 4792
f 4792 4816 4817
f 4792 4817 4793
f 4793 4817 4818
f 4793 4818 4794
f 4794 4818 4819
f 4794 4819 4795
f 4795 4819 4820
f 4795 4820 4796
f 4796 4820 4821
f 4796 4821 4797
f 4797 4821 4822
f 4797 4822 4798
f 4798 4822 4823
f 4798 4823 4799
f 4799 4823 3977
f 3981 4824 4800
f 4800 4824 4825
f 4800 4825 4801
f 4801 4825 4826
f 4801 4826 4802
f 4802 4826 4827
f 4802 4827 4803
f 4803 4827 4828
f 4803 4828 4804
f 4804 4828 4829
f 4804 4829 4805
f 4805 4829 4830
f 4805 4830 4806
f 4806 4830 4831
f 4806 4831 4807
f 4807 4831 4832
f 4807 4832 4808
f 4808 4832 4833
f 4808 4833 4809
f 4809 4833 4834
f 4809 4834 4810
f 4810 4834 4835
f 4810 4835 4811
f 4811 4835 4836
f 4811 4836 4812
f 4812 4836 4837
f 4812 4837 4813
f 4813 4837 4838
f 4813 4838 4814
f 4814 4838 4839
f 4814 4839 4815
f 4815 4839 4840
f 4815 4840 4816
f 4816 4840 4841
f 4816 4841 4817
f 4817 4841 4842
f 4817 4842 4818
f 4818 4842 4843
f 4818 4843 4819
f 4819 4843 4844
f 4819 4844 4820
f 4820 4844 4845
f 4820 4845 4821
f 4821 4845 4846
f 4821 4846 4822
f 4822 4846 4847
f 4822 4847 4823
f 4823 4847 3977
f 3981 4848 4824
f 4824 4848 4849
f 4824 4849 4825
f 4825 4849 4850
f 4825 4850 4826
f 4826 4850 4851
f 4826 4851 4827
f 4827 4851 4852
f 4827 4852 4828
f 4828 4852 4853
f 4828 4853 4829
f 4829 4853 4854
f 4829 4854 4830
f 4830 4854 4855
f 4830 4855 4831
f 4831 4855 4856
f 4831 4856 4832
f 4832 4856 4857
f 4832 4857 4833
f 4833 4857 4858
f 4833 4858 4834
f 4834 4858 4859
f 4834 4859 4835
f 4835 4859 4860
f 4835 4860 4836
f 4836 4860 4861
f 4836 4861 4837
f 4837 4861 4862
f 4837 4862 4838
f 4838 4862 4863
f 4838 4863 4839
f 4839 4863 4864
f 4839 4864 4840
f 4840 4864 4865
f 4840 4865 4841
f 4841 4865 4866
f 4841 4866 4842
f 4842 4866 4867
f 4842 4867 4843
f 4843 4867 4868
f 4843 4868 4844
f 4844 4868 4869
f 4844 4869 4845
f 4845 4869 4870
f 4845 4870 4846
f 4846 4870 4871
f 4846 4871 4847
f 4847 4871 3977
f 3981 4872 4848
f 4848 4872 4873
f 4848 4873 4849
f 4849 4873 4874
f 4849 4874 4850
f 4850 4874 4875
f 4850 4875 4851
f 4851 4875 4876
f 4851 4876 4852
f 4852 4876 4877
f 4852 4877 4853
f 4853 4877 4878
f 4853 4878 4854
f 4854 4878 4879
f 4854 4879 4855
f 4855 4879 4880
f 4855 4880 4856
f 4856 4880 4881
f 4856 4881 4857
f 4857 4881 4882
f 4857 4882 4858
f 4858 4882 4883
f 4858 4883 4859
f 4859 4883 4884
f 4859 4884 4860
f 4860 4884 4885
f 4860 4885 4861
f 4861 4885 4886
f 4861 4886 4862
f 4862 4886 4887
f 4862 4887 4863
f 4863 4887 4888
f 4863 4888 4864
f 4864 4888 4889
f 4864 4889 4865
f 4865 4889 4890
f 4865 4890 4866
f 4866 4890 4891
f 4866 4891 4867
f 4867 4891 4892
f 4867 4892 4868
f 4868 4892 4893
f 4868 4893 4869
f 4869 4893 4894
f 4869 4894 4870
f 4870 4894 4895
f 4870 4895 4871
f 4871 4895 3977
f 3981 4896 4872
f 4872 4896 4897
f 4872 4897 4873
f 4873 4897 4898
f 4873 4898 4874
f 4874 4898 4899
f 4874 4899 4875
f 4875 4899 4900
f 4875 4900 4876
f 4876 4900 4901
f 4876 4901 4877
f 4877 4901 4902
f 4877 4902 4878
f 4878 4902 4903
f 4878 4903 4879
f 4879 4903 4904
f 4879 4904 4880
f 4880 4904 4905
f 4880 4905 4881
f 4881 4905 4906
f 4881 4906 4882
f 4882 4906 4907
f 4882 4907 4883
f 4883 4907 4908
f 4883 4908 4884
f 4884 4908 4909
f 4884 4909 4885
f 4885 4909 4910
f 4885 4910 4886
f 4886 4910 4911
f 4886 4911 4887
f 4887 4911 4912
f 4887 4912 4888
f 4888 4912 4913
f 4888 4913 4889
f 4889 4913 4914
f 4889 4914 4890
f 4890 4914 4915
f 4890 4915 4891
f 4891 4915 4916
f 4891 4916 4892
f 4892 4916 4917
f 4892 4917 4893
f 4893 4917 4918
f 4893 4918 4894
f 4894 4918 4919
f 4894 4919 4895
f 4895 4919 3977
f 3981 4920 4896
f 4896 4920 4921
f 4896 4921 4897
f 4897 4921 4922
f 4897 4922 4898
f 4898 4922 4923
f 4898 4923 4899
f 4899 4923 4924
f 4899 4924 4900
f 4900 4924 4925
f 4900 4925 4901
f 4901 4925 4926
f 4901 4926 4902
f 4902 4926 4927
f 4902 4927 4903
f 4903 4927 4928
f 4903 4928 4904
f 4904 4928 4929
f 4904 4929 4905
f 4905 4929 4930
f 4905 4930 4906
f 4906 4930 4931
f 4906 4931 4907
f 4907 4931 4932
f 4907 4932 4908
f 4908 4932 4933
f 4908 4933 4909
f 4909 4933 4934
f 4909 4934 4910
f 4910 4934 4935
f 4910 4935 4911
f 4911 4935 4936
f 4911 4936 4912
f 4912 4936 4937
f 4912 4937 4913
f 4913 4937 4938
f 4913 4938 4914
f 4914 4938 4939
f 4914 4939 4915
f 4915 4939 4940
f 4915 4940 4916
f 4916 4940 4941
f 4916 4941 4917
f 4917 4941 4942
f 4917 4942 4918
f 4918 4942 4943
f 4918 4943 4919
f 4919 4943 3977
f 3981 4944 4920
f 4920 4944 4945
f 4920 4945 4921
f 4921 4945 4946
f 4921 4946 4922
f 4922 4946 4947
f 4922 4947 4923
f 4923 4947 4948
f 4923 4948 4924
f 4924 4948 4949
f 4924 4949 4925
f 4925 4949 4950
f 4925 4950 4926
f 4926 4950 4951
f 4926 4951 4927
f 4927 4951 4952
f 4927 4952 4928
f 4928 4952 4953
f 4928 4953 4929
f 4929 4953 4954
f 4929 4954 4930
f 4930 4954 4955
f 4930 4955 4931
f 4931 4955 4956
f 4931 4956 4932
f 4932 4956 4957
f 4932 4957 4933
f 4933 4957 4958
f 4933 4958 4934
f 4934 4958 4959
f 4934 4959 4935
f 4935 4959 4960
f 4935 4960 4936
f 4936 4960 4961
f 4936 4961 4937
f 4937 4961 4962
f 4937 4962 4938
f 4938 4962 4963
f 4938 4963 4939
f 4939 4963 4964
f 4939 4964 4940
f 4940 4964 4965
f 4940 4965 4941
f 4941 4965 4966
f 4941 4966 4942
f 4942 4966 4967
f 4942 4967 4943
f 4943 4967 3977
f 3981 4968 4944
f 4944 4968 4969
f 4944 4969 4945
f 4945 4969 4970
f 4945 4970 4946
f 4946 4970 4971
f 4946 4971 4947
f 4947 4971 4972
f 4947 4972 4948
f 4948 4972 4973
f 4948 4973 4949
f 4949 4973 4974
f 4949 4974 4950
f 4950 4974 4975
f 4950 4975 4951
f 4951 4975 4976
f 4951 4976 4952
f 4952 4976 4977
f 4952 4977 4953
f 4953 4977 4978
f 4953 4978 4954
f 4954 4978 4979
f 4954 4979 4955
f 4955 4979 4980
f 4955 4980 4956
f 4956 4980 4981
f 4956 4981 4957
f 4957 4981 4982
f 4957 4982 4958
f 4958 4982 4983
f 4958 4983 4959
f 4959 4983 4984
f 4959 4984 4960
f 4960 4984 4985
f 4960 4985 4961
f 4961 4985 4986
f 4961 4986 4962
f 4962 4986 4987
f 4962 4987 4963
f 4963 4987 4988
f 4963 4988 4964
f 4964 4988 4989
f 4964 4989 4965
f 4965 4989 4990
f 4965 4990 4966
f 4966 4990 4991
f 4966 4991 4967
f 4967 4991 3977
f 3981 4992 4968
f 4968 4992 4993
f 4968 4993 4969
f 4969 4993 4994
f 4969 4994 4970
f 4970 4994 4995
f 4970 4995 4971
f 4971 4995 4996
f 4971 4996 4972
f 4972 4996 4997
f 4972 4997 4973
f 4973 4997 4998
f 4973 4998 4974
f 4974 4998 4999
f 4974 4999 4975
f 4975 4999 5000
f 4975 5000 4976
f 4976 5000 5001
f 4976 5001 4977
f 4977 5001 5002
f 4977 5002 4978
f 4978 5002 5003
f 4978 5003 4979
f 4979 5003 5004
f 4979 5004 4980
f 4980 5004 5005
f 4980 5005 4981
f 4981 5005 5006
f 4981 5006 4982
f 4982 5006 5007
f 4982 5007 4983
f 4983 5007 5008
f 4983 5008 4984
f 4984 5008 5009
f 4984 5009 4985
f 4985 5009 5010
f 4985 5010 4986
f 4986 5010 5011
f 4986 5011 4987
f 4987 5011 5012
f 4987 5012 4988
f 4988 5012 5013
f 4988 5013 4989
f 4989 5013 5014
f 4989 5014 4990
f 4990 5014 5015
f 4990 5015 4991
f 4991 5015 3977
f 3981 5016 4992
f 4992 5016 5017
f 4992 5017 4993
f 4993 5017 5018
f 4993 5018 4994
f 4994 5018 5019
f 4994 5019 4995
f 4995 5019 5020
f 4995 5020 4996
f 4996 5020 5021
f 4996 5021 4997
f 4997 5021 5022
f 4997 5022 4998
f 4998 5022 5023
f 4998 5023 4999
f 4999 5023 5024
f 4999 5024 5000
f 5000 5024 5025
f 5000 5025 5001
f 5001 5025 5026
f 5001 5026 5002
f 5002 5026 5027
f 5002 5027 5003
f 5003 5027 5028
f 5003 5028 5004
f 5004 5028 5029
f 5004 5029 5005
f 5005 5029 5030
f 5005 5030 5006
f 5006 5030 5031
f 5006 5031 5007
f 5007 5031 5032
f 5007 5032 5008
f 5008 5032 5033
f 5008 5033 5009
f 5009 5033 5034
f 5009 5034 5010
f 5010 5034 5035
f 5010 5035 5011
f 5011 5035 5036
f 5011 5036 5012
f 5012 5036 5037
f 5012 5037 5013
f 5013 5037 5038
f 5013 5038 5014
f 5014 5038 5039
f 5014 5039 5015
f 5015 5039 3977
f 3981 5040 5016
f 5016 5040 5041
f 5016 5041 5017
f 5017 5041 5042
f 5017 5042 5018
f 5018 5042 5043
f 5018 5043 5019
f 5019 5043 5044
f 5019 5044 5020
f 5020 5044 5045
f 5020 5045 5021
f 5021 5045 5046
f 5021 5046 5022
f 5022 5046 5047
f 5022 5047 5023
f 5023 5047 5048
f 5023 5048 5024
f 5024 5048 5049
f 5024 5049 5025
f 5025 5049 5050
f 5025 5050 5026
f 5026 5050 5051
f 5026 5051 5027
f 5027 5051 5052
f 5027 5052 5028
f 5028 5052 5053
f 5028 5053 5029
f 5029 5053 5054
f 5029 5054 5030
f 5030 5054 5055
f 5030 5055 5031
f 5031 5055 5056
f 5031 5056 5032
f 5032 5056 5057
f 5032 5057 5033
f 5033 5057 5058
f 5033 5058 5034
f 5034 5058 5059
f 5034 5059 5035
f 5035 5059 5060
f 5035 5060 5036
f 5036 5060 5061
f 5036 5061 5037
f 5037 5061 5062
f 5037 5062 5038
f 5038 5062 5063
f 5038 5063 5039
f 5039 5063 3977
f 3981 5064 5040
f 5040 5064 5065
f 5040 5065 5041
f 5041 5065 5066
f 5041 5066 5042
f 5042 5066 5067
f 5042 5067 5043
f 5043 5067 5068
f 5043 5068 5044
f 5044 5068 5069
f 5044 5069 5045
f 5045 5069 5070
f 5045 5070 5046
f 5046 5070 5071
f 5046 5071 5047
f 5047 5071 5072
f 5047 5072 5048
f 5048 5072 5073
f 5048 5073 5049
f 5049 5073 5074
f 5049 5074 5050
f 5050 5074 5075
f 5050 5075 5051
f 5051 5075 5076
f 5051 5076 5052
f 5052 5076 5077
f 5052 5077 5053
f 5053 5077 5078
f 5053 5078 5054
f 5054 5078 5079
f 5054 5079 5055
f 5055 5079 5080
f 5055 5080 5056
f 5056 5080 5081
f 5056 5081 5057
f 5057 5081 5082
f 5057 5082 5058
f 5058 5082 5083
f 5058 5083 5059
f 5059 5083 5084
f 5059 5084 5060
f 5060 5084 5085
f 5060 5085 5061
f 5061 5085 5086
f 5061 5086 5062
f 5062 5086 5087
f 5062 5087 5063
f 5063 5087 3977
f 5083 5088 5084
f 5084 5088 5089
f 5084 5089 5085
f 5085 5089 5090
f 5085 5090 5086
f 5086 5090 5091
f 5086 5091 5087
f 5087 5091 3977
f 3985 5092 5093
f 5093 5092 5094
f 5093 5094 5095
f 5095 5094 5096
f 5095 5096 5097
f 5097 5096 5098
f 5097 5098 5099
f 5099 5098 5100
f 5099 5100 5101
f 5101 5100 5102
f 5101 5102 5103
f 5103 5102 5104
f 5103 5104 5105
f 5105 5104 5106
f 5105 5106 5107
f 5107 5106 5108
f 5107 5108 5109
f 5109 5108 5110
f 5109 5110 5111
f 5111 5110 5112
f 5111 5112 5113
f 5113 5112 5114
f 5113 5114 5115
f 5115 5114 5116
f 5115 5116 5117
f 5117 5116 5118
f 5117 5118 5119
f 5119 5118 5120
f 5119 5120 5121
f 5121 5120 5122
f 5121 5122 5123
f 5123 5122 5124
f 5123 5124 5125
f 5125 5124 5126
f 5125 5126 5127
f 5127 5126 5128
f 5127 5128 5088
f 5088 5128 5129
f 5088 5129 5089
f 5089 5129 5130
f 5089 5130 5090
f 5090 5130 5131
f 5090 5131 5091
f 5091 5131 3977
f 5092 5132 5094
f 5094 5132 5133
f 5094 5133 5096
f 5096 5133 5134
f 5096 5134 5098
f 5098 5134 5135
f 5098 5135 5100
f 5100 5135 5136
f 5100 5136 5102
f 5102 5136 5137
f 5102 5137 5104
f 5104 5137 5138
f 5104 5138 5106
f 5106 5138 5139
f 5106 5139 5108
f 5108 5139 5140
f 5108 5140 5110
f 5110 5140 5141
f 5110 5141 5112
f 5112 5141 5142
f 5112 5142 5114
f 5114 5142 5143
f 5114 5143 5116
f 5116 5143 5144
f 5116 5144 5118
f 5118 5144 5145
f 5118 5145 5120
f 5120 5145 5146
f 5120 5146 5122
f 5122 5146 5147
f 5122 5147 5124
f 5124 5147 5148
f 5124 5148 5126
f 5126 5148 5149
f 5126 5149 5128
f 5128 5149 5150
f 5128 5150 5129
f 5129 5150 5151
f 5129 5151 5130
f 5130 5151 5152
f 5130 5152 5131
f 5131 5152 3977
f 5132 4292 5133
f 5133 4292 4294
f 5133 4294 5134
f 5134 4294 4296
f 5134 4296 5135
f 5135 4296 4298
f 5135 4298 5136
f 5136 4298 4300
f 5136 4300 5137
f 5137 4300 4302
f 5137 4302 5138
f 5138 4302 4304
f 5138 4304 5139
f 5139 4304 4306
f 5139 4306 5140
f 5140 4306 4308
f 5140 4308 5141
f 5141 4308 4310
f 5141 4310 5142
f 5142 4310 4312
f 5142 4312 5143
f 5143 4312 4314
f 5143 4314 5144
f 5144 4314 4316
f 5144 4316 5145
f 5145 4316 4318
f 5145 4318 5146
f 5146 4318 4320
f 5146 4320 5147
f 5147 4320 4322
f 5147 4322 5148
f 5148 4322 4324
f 5148 4324 5149
f 5149 4324 4326
f 5149 4326 5150
f 5150 4326 4328
f 5150 4328 5151
f 5151 4328 4330
f 5151 4330 5152
f 5152 4330 3977
f 3977 4513 4560
f 4560 4513 4515
f 4560 4515 4562
f 4562 4515 4517
f 4562 4517 4564
f 4564 4517 4519
f 4564 4519 4566
f 4566 4519 4521
f 4566 4521 4568
f 4568 4521 4523
f 4568 4523 4570
f 4570 4523 4525
f 4570 4525 4572
f 4572 4525 4527
f 4572 4527 4574
f 4574 4527 4529
f 4574 4529 4576
f 4576 4529 4531
f 4576 4531 4578
f 4578 4531 4533
f 4578 4533 4580
f 4580 4533 4535
f 4580 4535 4582
f 4582 4535 4537
f 4582 4537 4584
f 4584 4537 4539
f 4584 4539 4586
f 4586 4539 4541
f 4586 4541 4588
f 4588 4541 4543
f 4588 4543 4590
f 4590 4543 4545
f 4590 4545 4592
f 4592 4545 4547
f 4592 4547 4594
f 4594 4547 4549
f 4594 4549 4596
f 4596 4549 4551
f 4596 4551 4598
f 4598 4551 4553
f 4598 4553 4600
f 4600 4553 4555
f 4600 4555 4602
f 4602 4555 4557
f 4602 4557 4604
f 4604 4557 4559
f 4604 4559 4606
f 4606 4559 3981
f 4512 4288 4514
f 4514 4288 4263
f 4514 4263 4516
f 4516 4263 4239
f 4516 4239 4518
f 4518 4239 4216
f 4518 4216 4520
f 4520 4216 4194
f 4520 4194 4522
f 4522 4194 4173
f 4522 4173 4524
f 4524 4173 4153
f 4524 4153 4526
f 4526 4153 4134
f 4526 4134 4528
f 4528 4134 4116
f 4528 4116 4530
f 4530 4116 4099
f 4530 4099 4532
f 4532 4099 4083
f 4532 4083 4534
f 4534 4083 4068
f 4534 4068 4536
f 4536 4068 4054
f 4536 4054 4538
f 4538 4054 4041
f 4538 4041 4540
f 4540 4041 4029
f 4540 4029 4542
f 4542 4029 4017
f 4542 4017 4544
f 4544 4017 4009
f 4544 4009 4546
f 4546 4009 4002
f 4546 4002 4548
f 4548 4002 3996
f 4548 3996 4550
f 4550 3996 3991
f 4550 3991 4552
f 4552 3991 3987
f 4552 3987 4554
f 4554 3987 3978
f 4554 3978 4556
f 4556 3978 3980
f 4556 3980 4558
f 4558 3980 3981
f 4289 4264 4467
f 4467 4264 4267
f 4467 4267 4469
f 4469 4267 4268
f 4469 4268 4471
f 4471 4268 4269
f 4471 4269 4473
f 4473 4269 4270
f 4473 4270 4475
f 4475 4270 4271
f 4475 4271 4477
f 4477 4271 4272
f 4477 4272 4479
f 4479 4272 4273
f 4479 4273 4481
f 4481 4273 4274
f 4481 4274 4483
f 4483 4274 4275
f 4483 4275 4485
f 4485 4275 4276
f 4485 4276 4487
f 4487 4276 4277
f 4487 4277 4489
f 4489 4277 4278
f 4489 4278 4491
f 4491 4278 4279
f 4491 4279 4493
f 4493 4279 4280
f 4493 4280 4495
f 4495 4280 4281
f 4495 4281 4497
f 4497 4281 4282
f 4497 4282 4499
f 4499 4282 4283
f 4499 4283 4501
f 4501 4283 4284
f 4501 4284 4503
f 4503 4284 4285
f 4503 4285 4505
f 4505 4285 4286
f 4505 4286 4507
f 4507 4286 4287
f 4507 4287 4509
f 4509 4287 4288
f 4509 4288 4511
f 4511 4288 4512
f 4511 4512 3977
f 4329 3977 4330
f 4293 4019 4295
f 4295 4019 4021
f 4295 4021 4297
f 4297 4021 4032
f 4297 4032 4299
f 4299 4032 4044
f 4299 4044 4301
f 4301 4044 4057
f 4301 4057 4303
f 4303 4057 4071
f 4303 4071 4305
f 4305 4071 4086
f 4305 4086 4307
f 4307 4086 4102
f 4307 4102 4309
f 4309 4102 4119
f 4309 4119 4311
f 4311 4119 4137
f 4311 4137 4313
f 4313 4137 4156
f 4313 4156 4315
f 4315 4156 4176
f 4315 4176 4317
f 4317 4176 4197
f 4317 4197 4319
f 4319 4197 4219
f 4319 4219 4321
f 4321 4219 4242
f 4321 4242 4323
f 4323 4242 4266
f 4323 4266 4325
f 4325 4266 4291
f 4325 4291 4327
f 4327 4291 3975
f 4327 3975 4329
f 4329 3975 3977
f 3983 3981 4289
f 3985 3984 5092
f 5092 3984 4468
f 5092 4468 5132
f 5132 4468 4470
f 5132 4470 4292
f 4292 4470 4472
f 4292 4472 4293
f 4293 4472 4474
f 4293 4474 4019
f 4019 4474 4476
f 4019 4476 4020
f 4020 4476 4478
f 4020 4478 4451
f 4451 4478 4480
f 4451 4480 4452
f 4452 4480 4482
f 4452 4482 4453
f 4453 4482 4484
f 4453 4484 4454
f 4454 4484 4486
f 4454 4486 4455
f 4455 4486 4488
f 4455 4488 4456
f 4456 4488 4490
f 4456 4490 4457
f 4457 4490 4492
f 4457 4492 4458
f 4458 4492 4494
f 4458 4494 4459
f 4459 4494 4496
f 4459 4496 4460
f 4460 4496 4498
f 4460 4498 4461
f 4461 4498 4500
f 4461 4500 4462
f 4462 4500 4502
f 4462 4502 4463
f 4463 4502 4504
f 4463 4504 4464
f 4464 4504 4506
f 4464 4506 4465
f 4465 4506 4508
f 4465 4508 4466
f 4466 4508 4510
f 4466 4510 3977
f 5088 5083 5127
f 5127 5083 5082
f 5127 5082 5125
f 5125 5082 5081
f 5125 5081 5123
f 5123 5081 5080
f 5123 5080 5121
f 5121 5080 5079
f 5121 5079 5119
f 5119 5079 5078
f 5119 5078 5117
f 5117 5078 5077
f 5117 5077 5115
f 5115 5077 5076
f 5115 5076 5113
f 5113 5076 5075
f 5113 5075 5111
f 5111 5075 5074
f 5111 5074 5109
f 5109 5074 5073
f 5109 5073 5107
f 5107 5073 5072
f 5107 5072 5105
f 5105 5072 5071
f 5105 5071 5103
f 5103 5071 5070
f 5103 5070 5101
f 5101 5070 5069
f 5101 5069 5099
f 5099 5069 5068
f 5099 5068 5097
f 5097 5068 5067
f 5097 5067 5095
f 5095 5067 5066
f 5095 5066 5093
f 5093 5066 5065
f 5093 5065 3985
f 3985 5065 5064
f 3985 5064 3983
f 3983 5064 3981
