# Converti depuis Left_1_2_Link.STL
# 2072 sommets, 4144 faces
o Left_1_2_Link
v 0.004792 0.002702 -0.002896
v 0.004792 0.002702 0.001323
v 0.004673 0.003149 0.001323
v 0.004673 0.003149 -0.002896
v 0.004767 0.003602 0.001323
v 0.004767 0.003602 -0.002896
v 0.005055 0.003963 0.001323
v 0.005055 0.003963 -0.002896
v 0.004472 -0.000501 0.001323
v 0.004432 0.000779 0.000423
v 0.004432 0.000779 0.001323
v 0.004033 0.001996 0.000423
v 0.004033 0.001996 0.001323
v 0.003307 0.003052 0.000423
v 0.003307 0.003052 0.001323
v 0.002314 0.003860 0.000423
v 0.002314 0.003860 0.001323
v 0.001132 0.004355 0.000423
v 0.001132 0.004355 0.001323
v -0.000140 0.004498 0.000423
v -0.000140 0.004498 0.001323
v -0.001402 0.004276 0.000423
v -0.001402 0.004276 0.001323
v -0.002550 0.003708 0.000423
v -0.002550 0.003708 0.001323
v -0.003491 0.002839 0.000423
v -0.003491 0.002839 0.001323
v -0.004150 0.001741 0.000423
v -0.004150 0.001741 0.001323
v -0.004472 0.000501 0.000423
v -0.004472 0.000501 0.001323
v -0.004432 -0.000779 0.000423
v -0.004432 -0.000779 0.001323
v -0.004033 -0.001996 0.000423
v -0.004033 -0.001996 0.001323
v -0.003307 -0.003052 0.000423
v -0.003307 -0.003052 0.001323
v -0.002314 -0.003860 0.000423
v -0.002314 -0.003860 0.001323
v -0.001132 -0.004355 0.000423
v -0.001132 -0.004355 0.001323
v 0.000140 -0.004498 0.000423
v 0.000140 -0.004498 0.001323
v 0.001402 -0.004276 0.000423
v 0.001402 -0.004276 0.001323
v 0.002550 -0.003708 0.000423
v 0.002550 -0.003708 0.001323
v 0.003491 -0.002839 0.000423
v 0.003491 -0.002839 0.001323
v 0.004150 -0.001741 0.000423
v 0.004150 -0.001741 0.001323
v 0.004472 -0.000501 0.000423
v -0.000805 0.000593 0.000423
v -0.000400 0.000916 0.000423
v 0.000111 0.000994 0.000423
v -0.000994 0.000111 0.000423
v 0.000400 -0.000916 0.000423
v 0.000805 -0.000593 0.000423
v 0.000994 -0.000111 0.000423
v 0.000916 0.000400 0.000423
v -0.000916 -0.000400 0.000423
v -0.000111 -0.000994 0.000423
v -0.000593 -0.000805 0.000423
v 0.000593 0.000805 0.000423
v 0.013693 -0.015541 0.005616
v 0.013665 -0.015287 0.005679
v 0.012913 -0.015081 0.006042
v 0.013742 -0.015968 0.005509
v 0.013737 -0.015929 0.005519
v 0.012980 -0.015745 0.005854
v 0.013010 -0.016883 0.005427
v 0.013071 -0.017355 0.005120
v 0.013557 -0.017302 0.005027
v 0.011962 -0.011360 0.006563
v 0.011533 -0.011288 0.006783
v 0.012089 -0.012490 0.006633
v 0.008358 -0.011358 0.007548
v 0.008040 -0.010545 0.007722
v 0.007504 -0.010414 0.007769
v 0.009409 -0.016619 0.005394
v 0.009969 -0.016864 0.005371
v 0.009856 -0.016186 0.005801
v 0.010644 -0.015828 0.006070
v 0.009779 -0.015466 0.006146
v 0.009030 -0.016390 0.005411
v 0.007648 -0.015547 0.005472
v 0.007731 -0.015604 0.005467
v 0.008948 -0.015708 0.005856
v 0.008830 -0.016269 0.005419
v 0.008892 -0.014997 0.006217
v 0.007153 -0.015203 0.005498
v 0.007151 -0.014508 0.005950
v 0.007150 -0.014022 0.006266
v 0.007149 -0.013839 0.006351
v 0.007943 -0.013063 0.006889
v 0.008776 -0.013560 0.006797
v 0.008691 -0.012842 0.007064
v 0.007820 -0.011718 0.007407
v 0.007137 -0.012402 0.007024
v 0.007121 -0.011582 0.007365
v 0.007112 -0.011245 0.007482
v 0.007099 -0.010726 0.007662
v 0.013616 -0.014857 0.005786
v 0.013562 -0.014687 0.005822
v 0.012756 -0.014342 0.006239
v 0.013521 -0.014555 0.005850
v 0.013249 -0.013691 0.006032
v 0.012487 -0.013492 0.006440
v 0.012115 -0.014873 0.006293
v 0.011958 -0.014120 0.006511
v 0.011301 -0.014638 0.006466
v 0.011148 -0.013871 0.006703
v 0.010469 -0.014350 0.006592
v 0.010330 -0.013582 0.006844
v 0.009623 -0.013991 0.006700
v 0.013238 -0.013656 0.006039
v 0.013198 -0.013529 0.006066
v 0.012256 -0.011402 0.006365
v 0.012688 -0.012377 0.006228
v 0.012813 -0.012661 0.006188
v 0.011704 -0.013277 0.006732
v 0.011332 -0.012306 0.006942
v 0.010913 -0.013037 0.006940
v 0.010572 -0.012101 0.007164
v 0.010120 -0.012767 0.007093
v 0.009814 -0.011873 0.007326
v 0.008561 -0.012114 0.007318
v 0.007703 -0.011070 0.007619
v 0.007089 -0.010312 0.007806
v 0.012318 -0.016834 0.005581
v 0.012615 -0.017404 0.005207
v 0.012938 -0.017369 0.005146
v 0.013643 -0.016946 0.005192
v 0.013645 -0.016938 0.005196
v 0.013652 -0.016860 0.005221
v 0.012997 -0.016344 0.005658
v 0.013690 -0.016484 0.005343
v 0.013712 -0.016262 0.005414
v 0.011624 -0.017371 0.005295
v 0.011704 -0.017374 0.005288
v 0.011559 -0.016738 0.005678
v 0.012104 -0.017387 0.005253
v 0.012458 -0.017399 0.005221
v 0.009995 -0.016876 0.005370
v 0.010582 -0.017132 0.005347
v 0.010735 -0.016536 0.005744
v 0.010869 -0.017198 0.005333
v 0.011105 -0.017252 0.005321
v 0.011469 -0.016068 0.005982
v 0.012252 -0.016223 0.005854
v 0.010972 -0.011195 0.007070
v 0.010821 -0.011165 0.007120
v 0.010081 -0.011020 0.007367
v 0.009384 -0.010861 0.007511
v 0.008614 -0.010686 0.007671
v 0.007138 -0.012505 0.006976
v 0.006444 -0.009479 0.007949
v 0.006475 -0.009519 0.007943
v 0.006851 -0.009341 0.008003
v 0.005316 0.002151 0.007480
v 0.005161 0.002037 0.007602
v 0.006058 -0.000181 0.007492
v 0.002599 -0.003827 0.008565
v 0.002995 -0.003196 0.008601
v 0.002422 -0.003522 0.008584
v 0.001734 -0.000908 0.008707
v 0.001272 -0.001537 0.008704
v 0.002274 -0.000271 0.008662
v 0.002227 -0.000319 0.008670
v 0.003452 -0.002600 0.008562
v 0.001996 -0.000552 0.008708
v 0.001755 -0.000880 0.008707
v 0.002765 0.000225 0.008581
v 0.003951 -0.002043 0.008462
v 0.002847 0.000308 0.008568
v 0.003341 0.000703 0.008426
v 0.004476 -0.001527 0.008310
v 0.003429 0.000773 0.008401
v 0.003856 0.001114 0.008278
v 0.005010 -0.001052 0.008112
v 0.003929 0.001166 0.008245
v 0.005542 -0.000608 0.007847
v 0.004542 0.001598 0.007970
v 0.004015 0.001227 0.008207
v 0.005144 0.002025 0.007613
v 0.004732 0.001731 0.007884
v 0.004599 0.001638 0.007944
v 0.007590 -0.007480 0.007927
v 0.007023 -0.007657 0.008066
v 0.007930 -0.009233 0.007892
v 0.007350 -0.009258 0.007976
v 0.006497 -0.007869 0.008152
v 0.006038 -0.008136 0.008174
v 0.003749 -0.005706 0.008425
v 0.003926 -0.005961 0.008397
v 0.004408 -0.005629 0.008429
v 0.002751 -0.004090 0.008549
v 0.007455 -0.001763 0.006920
v 0.006926 -0.000639 0.006975
v 0.006567 0.000245 0.007020
v 0.006423 0.000603 0.007039
v 0.005680 0.002435 0.007133
v 0.004833 -0.005126 0.008399
v 0.005307 -0.004658 0.008305
v 0.005811 -0.004222 0.008158
v 0.006330 -0.003816 0.007963
v 0.006853 -0.003435 0.007701
v 0.007373 -0.003075 0.007346
v 0.010524 -0.009251 0.006998
v 0.011936 -0.010759 0.006421
v 0.011481 -0.009841 0.006500
v 0.011176 -0.009244 0.006532
v 0.010973 -0.008848 0.006554
v 0.008953 -0.004901 0.006766
v 0.008720 -0.004447 0.006791
v 0.007907 -0.002720 0.006874
v 0.009865 -0.009249 0.007335
v 0.009207 -0.009243 0.007581
v 0.008559 -0.009234 0.007759
v 0.008177 -0.007319 0.007741
v 0.008772 -0.007167 0.007488
v 0.009369 -0.007023 0.007141
v 0.009965 -0.006879 0.006660
v 0.004063 -0.006159 0.008376
v 0.005603 -0.008384 0.008134
v 0.005653 -0.008456 0.008126
v 0.005673 -0.008483 0.008122
v 0.012616 -0.010815 0.005847
v 0.013427 -0.012502 0.005689
v 0.014479 -0.015759 0.005140
v 0.015183 -0.015988 0.004554
v 0.015044 -0.015091 0.004704
v 0.014762 -0.018182 0.003752
v 0.014833 -0.018233 0.003638
v 0.015395 -0.017673 0.003707
v 0.016368 -0.017752 0.002403
v 0.016154 -0.018108 0.002380
v 0.016345 -0.018220 0.001703
v 0.015786 -0.018930 0.001072
v 0.015787 -0.018931 0.001009
v 0.016441 -0.018276 0.001023
v 0.005927 0.002645 0.006841
v 0.006857 0.001020 0.006431
v 0.006146 0.002849 0.006531
v 0.006589 0.003328 0.005679
v 0.006526 0.003260 0.005800
v 0.007258 0.001431 0.005711
v 0.006193 0.002900 0.006442
v 0.007592 0.001804 0.004905
v 0.006844 0.003648 0.004994
v 0.006689 0.003436 0.005487
v 0.006887 0.003707 0.004857
v 0.007845 0.002113 0.004041
v 0.007059 0.003942 0.004312
v 0.007088 0.003994 0.004130
v 0.007253 0.004291 0.003087
v 0.007232 0.004254 0.003216
v 0.008010 0.002337 0.003142
v 0.007110 0.004034 0.003989
v 0.007310 0.004444 0.002168
v 0.007305 0.004428 0.002274
v 0.008103 0.002483 0.002221
v 0.007265 0.004313 0.003009
v 0.008143 0.002561 0.001285
v 0.007338 0.004532 0.001313
v 0.007336 0.004519 0.001690
v 0.008152 0.002584 0.000341
v 0.007341 0.004564 0.000338
v 0.007338 0.004534 0.001251
v 0.007333 0.004530 -0.000631
v 0.007334 0.004536 -0.000561
v 0.008143 0.002561 -0.000603
v 0.007343 0.004578 -0.000093
v 0.007316 0.004454 -0.001475
v 0.008103 0.002483 -0.001540
v 0.007314 0.004443 -0.001596
v 0.007313 0.004438 -0.001648
v 0.008010 0.002337 -0.002461
v 0.007243 0.004280 -0.002388
v 0.007079 0.003987 -0.003443
v 0.007111 0.004038 -0.003295
v 0.007190 0.004163 -0.002939
v 0.007229 0.004249 -0.002535
v 0.006853 0.003656 -0.004318
v 0.006907 0.003722 -0.004183
v 0.007845 0.002113 -0.003360
v 0.006924 0.003743 -0.004139
v 0.006146 0.002849 -0.005850
v 0.006197 0.002901 -0.005763
v 0.007258 0.001431 -0.005031
v 0.006468 0.003180 -0.005291
v 0.006534 0.003261 -0.005125
v 0.006567 0.000246 -0.006340
v 0.006423 0.000603 -0.006358
v 0.006857 0.001019 -0.005751
v 0.005680 0.002435 -0.006452
v 0.006061 0.002767 -0.005977
v 0.015684 -0.018855 0.001671
v 0.015626 -0.018813 0.002011
v 0.015508 -0.018727 0.002329
v 0.015310 -0.018582 0.002865
v 0.016696 -0.015568 0.001821
v 0.016491 -0.015509 0.002558
v 0.016626 -0.016506 0.002488
v 0.015232 -0.018525 0.002991
v 0.015842 -0.017927 0.003051
v 0.016045 -0.017585 0.003082
v 0.016187 -0.017214 0.003117
v 0.015711 -0.016999 0.003792
v 0.014856 -0.017381 0.004312
v 0.015119 -0.016746 0.004424
v 0.014269 -0.017096 0.004826
v 0.014448 -0.016490 0.004979
v 0.014359 -0.017888 0.004214
v 0.013950 -0.017590 0.004682
v 0.013935 -0.017578 0.004696
v 0.015798 -0.016203 0.003896
v 0.016267 -0.016813 0.003155
v 0.016517 -0.017367 0.002429
v 0.016565 -0.017855 0.001719
v 0.016105 -0.014310 0.002635
v 0.016305 -0.014352 0.001872
v 0.016403 -0.014372 0.001107
v 0.015455 -0.012810 0.002713
v 0.015646 -0.012835 0.001923
v 0.015740 -0.012847 0.001132
v 0.015765 -0.012850 0.000341
v 0.015293 -0.014132 0.004149
v 0.015661 -0.015269 0.004017
v 0.013993 -0.013835 0.005507
v 0.014336 -0.014892 0.005318
v 0.014688 -0.013996 0.004864
v 0.013244 -0.010856 0.005158
v 0.014094 -0.012613 0.005020
v 0.014676 -0.012701 0.004279
v 0.011122 -0.003960 0.002087
v 0.013544 -0.008649 0.002013
v 0.013627 -0.008643 0.001178
v 0.013096 -0.008687 0.003676
v 0.013375 -0.008663 0.002847
v 0.010979 -0.004018 0.002953
v 0.011212 -0.003927 0.000341
v 0.009376 -0.000217 0.001251
v 0.009320 -0.000268 0.002155
v 0.009202 -0.000369 0.003050
v 0.010744 -0.004116 0.003811
v 0.009005 -0.000534 0.003930
v 0.008342 -0.001068 0.005588
v 0.009480 -0.004667 0.006164
v 0.009973 -0.004450 0.005447
v 0.011600 -0.008809 0.005974
v 0.012183 -0.008765 0.005271
v 0.016603 -0.016952 0.002457
v 0.016288 -0.016381 0.003197
v 0.016152 -0.015411 0.003293
v 0.015774 -0.014238 0.003397
v 0.015137 -0.012767 0.003500
v 0.014227 -0.010903 0.003595
v 0.013792 -0.010884 0.004396
v 0.012691 -0.008722 0.004494
v 0.010402 -0.004262 0.004651
v 0.008713 -0.000771 0.004785
v 0.007909 -0.001407 0.006310
v 0.010971 -0.008848 -0.005871
v 0.009963 -0.006880 -0.005980
v 0.009480 -0.004667 -0.005484
v 0.008951 -0.004903 -0.006089
v 0.008855 -0.004716 -0.006099
v 0.006585 0.003325 -0.004995
v 0.007592 0.001804 -0.004224
v 0.009005 -0.000534 -0.003249
v 0.009202 -0.000369 -0.002369
v 0.010979 -0.004018 -0.002272
v 0.011122 -0.003960 -0.001406
v 0.013649 -0.008641 0.000341
v 0.013627 -0.008643 -0.000497
v 0.013544 -0.008649 -0.001332
v 0.008342 -0.001068 -0.004908
v 0.008713 -0.000771 -0.004104
v 0.010402 -0.004262 -0.003970
v 0.010744 -0.004116 -0.003130
v 0.013096 -0.008687 -0.002995
v 0.013375 -0.008663 -0.002165
v 0.007910 -0.002719 -0.006195
v 0.007909 -0.001407 -0.005630
v 0.007457 -0.001762 -0.006241
v 0.006926 -0.000639 -0.006294
v 0.009391 -0.000203 0.000341
v 0.009376 -0.000217 -0.000569
v 0.009320 -0.000268 -0.001474
v 0.013557 -0.017301 -0.004347
v 0.013609 -0.017099 -0.004446
v 0.014269 -0.017096 -0.004146
v 0.013920 -0.017567 -0.003992
v 0.014856 -0.017381 -0.003632
v 0.014372 -0.017897 -0.003551
v 0.013632 -0.016941 -0.004503
v 0.013645 -0.016856 -0.004534
v 0.013699 -0.016485 -0.004667
v 0.013731 -0.016266 -0.004746
v 0.013741 -0.016036 -0.004811
v 0.014479 -0.015759 -0.004460
v 0.013731 -0.015929 -0.004838
v 0.013693 -0.015540 -0.004936
v 0.013668 -0.015287 -0.005000
v 0.013635 -0.014945 -0.005086
v 0.014336 -0.014892 -0.004638
v 0.015395 -0.017673 -0.003026
v 0.014827 -0.018229 -0.002949
v 0.014395 -0.017914 -0.003528
v 0.014448 -0.016490 -0.004299
v 0.015182 -0.015988 -0.003874
v 0.015119 -0.016746 -0.003743
v 0.015798 -0.016203 -0.003215
v 0.015711 -0.016998 -0.003111
v 0.013555 -0.014688 -0.005140
v 0.013515 -0.014556 -0.005168
v 0.013993 -0.013835 -0.004827
v 0.013248 -0.013691 -0.005353
v 0.013237 -0.013656 -0.005360
v 0.013198 -0.013528 -0.005387
v 0.013427 -0.012502 -0.005009
v 0.012813 -0.012661 -0.005509
v 0.012688 -0.012377 -0.005549
v 0.012616 -0.010815 -0.005167
v 0.012256 -0.011402 -0.005686
v 0.011937 -0.010758 -0.005744
v 0.011620 -0.010116 -0.005801
v 0.011600 -0.008809 -0.005295
v 0.011174 -0.009245 -0.005849
v 0.009973 -0.004450 -0.004766
v 0.012183 -0.008765 -0.004591
v 0.012691 -0.008722 -0.003813
v 0.013244 -0.010856 -0.004478
v 0.013792 -0.010884 -0.003715
v 0.014094 -0.012613 -0.004340
v 0.015725 -0.018886 -0.000865
v 0.015692 -0.018861 -0.000991
v 0.016345 -0.018220 -0.001022
v 0.015516 -0.018732 -0.001654
v 0.016154 -0.018108 -0.001699
v 0.015480 -0.018706 -0.001788
v 0.015841 -0.017927 -0.002370
v 0.015223 -0.018518 -0.002304
v 0.015050 -0.018392 -0.002650
v 0.016934 -0.016620 -0.000377
v 0.016807 -0.017037 -0.001073
v 0.016832 -0.016582 -0.001094
v 0.016603 -0.016952 -0.001776
v 0.016626 -0.016506 -0.001807
v 0.016267 -0.016813 -0.002474
v 0.016288 -0.016381 -0.002516
v 0.016663 -0.017907 0.001031
v 0.016467 -0.018292 0.000341
v 0.016690 -0.017921 0.000341
v 0.016441 -0.018276 -0.000342
v 0.016663 -0.017907 -0.000350
v 0.016565 -0.017855 -0.001038
v 0.016368 -0.017752 -0.001722
v 0.016045 -0.017585 -0.002401
v 0.015774 -0.018921 -0.000325
v 0.015812 -0.018950 0.000097
v 0.015806 -0.018945 0.000340
v 0.016818 -0.017508 0.001039
v 0.016846 -0.017521 0.000341
v 0.016961 -0.016630 0.000341
v 0.016818 -0.017508 -0.000358
v 0.016718 -0.017461 -0.001055
v 0.016517 -0.017367 -0.001748
v 0.016187 -0.017214 -0.002436
v 0.016718 -0.017461 0.001736
v 0.015044 -0.015091 -0.004024
v 0.015293 -0.014132 -0.003469
v 0.015661 -0.015269 -0.003337
v 0.015774 -0.014238 -0.002716
v 0.016152 -0.015411 -0.002612
v 0.016105 -0.014310 -0.001954
v 0.016491 -0.015509 -0.001877
v 0.016305 -0.014352 -0.001191
v 0.016696 -0.015568 -0.001140
v 0.016403 -0.014372 -0.000425
v 0.016797 -0.015597 -0.000400
v 0.016429 -0.014378 0.000341
v 0.016824 -0.015605 0.000341
v 0.016797 -0.015597 0.001081
v 0.016934 -0.016620 0.001058
v 0.016832 -0.016582 0.001775
v 0.016807 -0.017037 0.001754
v 0.015740 -0.012847 -0.000451
v 0.015646 -0.012835 -0.001242
v 0.015455 -0.012810 -0.002032
v 0.015137 -0.012767 -0.002819
v 0.014688 -0.013996 -0.004184
v 0.014676 -0.012701 -0.003599
v 0.010030 -0.011010 -0.006705
v 0.010100 -0.011023 -0.006680
v 0.010572 -0.012101 -0.006488
v 0.012980 -0.015745 -0.005175
v 0.012997 -0.016344 -0.004979
v 0.007658 -0.015532 -0.004795
v 0.007153 -0.015202 -0.004820
v 0.007151 -0.014512 -0.005279
v 0.008688 -0.010700 -0.006973
v 0.009384 -0.010861 -0.006834
v 0.009814 -0.011873 -0.006651
v 0.012487 -0.013492 -0.005762
v 0.012913 -0.015081 -0.005363
v 0.012756 -0.014342 -0.005561
v 0.011236 -0.011242 -0.006279
v 0.011532 -0.011288 -0.006107
v 0.012089 -0.012490 -0.005955
v 0.010816 -0.011161 -0.006427
v 0.011332 -0.012306 -0.006265
v 0.010913 -0.013037 -0.006264
v 0.011704 -0.013277 -0.006055
v 0.011148 -0.013871 -0.006027
v 0.011958 -0.014120 -0.005834
v 0.011300 -0.014638 -0.005789
v 0.012115 -0.014873 -0.005615
v 0.009623 -0.013990 -0.006024
v 0.008776 -0.013559 -0.006122
v 0.008691 -0.012841 -0.006390
v 0.007943 -0.013063 -0.006214
v 0.008561 -0.012113 -0.006644
v 0.008358 -0.011358 -0.006874
v 0.008040 -0.010545 -0.007056
v 0.008424 -0.010639 -0.007026
v 0.010120 -0.012767 -0.006418
v 0.010330 -0.013582 -0.006169
v 0.010469 -0.014350 -0.005916
v 0.007138 -0.012505 -0.006304
v 0.007130 -0.012000 -0.006520
v 0.007820 -0.011718 -0.006733
v 0.010644 -0.015828 -0.005392
v 0.009856 -0.016185 -0.005123
v 0.009778 -0.015466 -0.005468
v 0.008948 -0.015708 -0.005178
v 0.008892 -0.014996 -0.005540
v 0.008818 -0.016288 -0.004740
v 0.009991 -0.016887 -0.004692
v 0.009965 -0.016874 -0.004693
v 0.009023 -0.016400 -0.004731
v 0.008881 -0.016329 -0.004737
v 0.007151 -0.014173 -0.005504
v 0.007149 -0.013836 -0.005669
v 0.013374 -0.017331 -0.004394
v 0.013010 -0.016883 -0.004748
v 0.012456 -0.017399 -0.004538
v 0.012318 -0.016834 -0.004901
v 0.012938 -0.017363 -0.004462
v 0.013072 -0.017353 -0.004441
v 0.011705 -0.017356 -0.004605
v 0.011559 -0.016738 -0.004999
v 0.012105 -0.017394 -0.004577
v 0.012290 -0.017411 -0.004564
v 0.011260 -0.017314 -0.004636
v 0.011103 -0.017265 -0.004643
v 0.010734 -0.016536 -0.005066
v 0.010872 -0.017193 -0.004653
v 0.010166 -0.016975 -0.004685
v 0.012199 -0.015571 -0.005403
v 0.012252 -0.016222 -0.005176
v 0.011469 -0.016067 -0.005303
v 0.007112 -0.011240 -0.006796
v 0.007099 -0.010724 -0.006983
v 0.007703 -0.011069 -0.006946
v 0.007089 -0.010312 -0.007133
v 0.007505 -0.010414 -0.007099
v 0.007143 -0.012778 -0.006188
v 0.009369 -0.007023 -0.006463
v 0.009207 -0.009243 -0.006905
v 0.009865 -0.009249 -0.006659
v 0.010524 -0.009251 -0.006320
v 0.007373 -0.003075 -0.006667
v 0.004541 0.001600 -0.007282
v 0.005541 -0.000608 -0.007168
v 0.004305 0.001434 -0.007419
v 0.005010 -0.001052 -0.007433
v 0.003340 0.000716 -0.007752
v 0.003424 0.000779 -0.007723
v 0.004476 -0.001527 -0.007631
v 0.003937 0.001160 -0.007546
v 0.004019 0.001221 -0.007518
v 0.003217 0.000625 -0.007795
v 0.003951 -0.002042 -0.007784
v 0.002844 0.000276 -0.007872
v 0.002778 0.000215 -0.007885
v 0.003452 -0.002600 -0.007884
v 0.002267 -0.000262 -0.007990
v 0.002994 -0.003196 -0.007923
v 0.002193 -0.000331 -0.008005
v 0.002220 -0.000305 -0.008000
v 0.001463 -0.001242 -0.008041
v 0.001732 -0.000907 -0.008028
v 0.001753 -0.000880 -0.008027
v 0.001272 -0.001536 -0.008024
v 0.002431 -0.003516 -0.007901
v 0.002609 -0.003821 -0.007882
v 0.003192 -0.004818 -0.007820
v 0.006058 -0.000180 -0.006812
v 0.004592 0.001636 -0.007252
v 0.005144 0.002026 -0.006931
v 0.005161 0.002037 -0.006921
v 0.005431 0.002238 -0.006699
v 0.003928 -0.005960 -0.007721
v 0.004408 -0.005629 -0.007754
v 0.004833 -0.005126 -0.007724
v 0.005307 -0.004657 -0.007629
v 0.005811 -0.004222 -0.007481
v 0.006329 -0.003816 -0.007285
v 0.006853 -0.003435 -0.007022
v 0.007350 -0.009258 -0.007303
v 0.007930 -0.009232 -0.007218
v 0.006851 -0.009341 -0.007330
v 0.006469 -0.009527 -0.007287
v 0.006438 -0.009487 -0.007295
v 0.006416 -0.009460 -0.007300
v 0.007590 -0.007480 -0.007252
v 0.007023 -0.007657 -0.007391
v 0.006497 -0.007869 -0.007478
v 0.006038 -0.008136 -0.007501
v 0.005691 -0.008467 -0.007429
v 0.008559 -0.009234 -0.007085
v 0.008772 -0.007167 -0.006811
v 0.008177 -0.007318 -0.007065
v 0.005620 -0.008369 -0.007442
v 0.004438 -0.006751 -0.007652
v 0.004059 -0.006163 -0.007703
v -0.002868 -0.005750 0.002293
v -0.002856 -0.005757 0.002456
v -0.002868 -0.005750 0.003577
v -0.002832 -0.005770 0.002620
v -0.002690 -0.005845 0.003577
v -0.003050 -0.005652 0.003577
v -0.003050 -0.005652 0.001323
v -0.002944 -0.005709 0.001323
v -0.002260 -0.006481 0.001266
v -0.002259 -0.006477 0.001323
v -0.002184 -0.006157 0.001323
v -0.002184 -0.006157 -0.002896
v -0.002229 -0.006348 -0.002004
v -0.002205 -0.006246 -0.002896
v -0.002233 -0.006364 -0.001835
v -0.002250 -0.006437 -0.001059
v -0.002260 -0.006481 -0.000585
v -0.002266 -0.006505 -0.000014
v -0.002264 -0.006498 0.000346
v 0.007675 -0.016223 -0.004224
v 0.014015 -0.018704 -0.002926
v 0.012112 -0.018552 0.004217
v 0.012658 -0.018524 0.004214
v 0.012350 -0.017990 0.004782
v 0.000310 -0.009388 0.005513
v 0.000011 -0.009934 0.004746
v 0.001584 -0.011774 0.004605
v 0.001384 -0.009785 -0.005398
v 0.002054 -0.010535 -0.005315
v 0.001824 -0.011192 -0.004661
v 0.004306 -0.014406 -0.003724
v 0.005353 -0.015239 -0.003665
v 0.005275 -0.015793 -0.002952
v -0.001866 -0.008718 -0.003014
v -0.001737 -0.008572 -0.003355
v -0.000290 -0.010394 -0.003258
v -0.000892 -0.007371 -0.005354
v -0.000743 -0.007073 -0.005696
v 0.000584 -0.008765 -0.005510
v 0.000311 -0.009388 -0.004832
v -0.001047 -0.007644 -0.004998
v -0.001011 -0.007580 -0.005081
v -0.001299 -0.007996 -0.004417
v 0.000011 -0.009933 -0.004066
v -0.001397 -0.008134 -0.004189
v -0.001593 -0.008408 -0.003738
v -0.000549 -0.010751 -0.002460
v -0.002043 -0.008918 -0.002536
v -0.002035 -0.008910 -0.002566
v -0.002121 -0.008998 -0.002238
v -0.000736 -0.010991 -0.001709
v -0.002247 -0.009127 -0.001755
v -0.000853 -0.011133 -0.001002
v -0.002329 -0.009210 -0.001404
v -0.002321 -0.009203 -0.001473
v -0.002472 -0.009337 -0.000226
v -0.002458 -0.009325 -0.000338
v -0.000914 -0.011200 -0.000323
v -0.002435 -0.009305 -0.000528
v -0.002375 -0.009250 -0.001030
v -0.002447 -0.009318 0.001249
v -0.002448 -0.009318 0.001203
v -0.000914 -0.011200 0.001004
v -0.002451 -0.009321 0.001020
v -0.002462 -0.009330 0.000340
v -0.002257 -0.009139 0.002442
v -0.002269 -0.009151 0.002401
v -0.000736 -0.010991 0.002390
v -0.002320 -0.009199 0.002072
v -0.000549 -0.010751 0.003141
v -0.002032 -0.008904 0.003210
v -0.002121 -0.008996 0.002907
v -0.001405 -0.008169 0.004862
v -0.001737 -0.008565 0.004032
v -0.000290 -0.010394 0.003939
v -0.001873 -0.008727 0.003692
v -0.001942 -0.008809 0.003520
v -0.001010 -0.007581 0.005764
v -0.001048 -0.007644 0.005679
v -0.001297 -0.008011 0.005108
v -0.001396 -0.008156 0.004883
v 0.000585 -0.008764 0.006191
v -0.000743 -0.007074 0.006377
v -0.000975 -0.007522 0.005843
v 0.003504 -0.012940 -0.004495
v 0.004731 -0.013261 -0.005013
v 0.005433 -0.014611 -0.004339
v 0.005041 -0.013553 -0.004981
v 0.005519 -0.013927 -0.004944
v 0.002683 -0.011239 -0.005237
v 0.003217 -0.011839 -0.005171
v 0.003666 -0.012261 -0.005124
v 0.003670 -0.012264 -0.005124
v 0.003336 -0.013551 -0.003789
v 0.004183 -0.014950 -0.002996
v 0.001584 -0.011774 -0.003924
v 0.000885 -0.009149 -0.005468
v 0.005209 -0.016235 -0.002241
v 0.004078 -0.015383 -0.002271
v 0.005161 -0.016540 -0.001562
v 0.004002 -0.015681 -0.001581
v 0.005131 -0.016724 -0.000911
v 0.003955 -0.015860 -0.000923
v 0.005116 -0.016815 -0.000280
v 0.003930 -0.015948 -0.000286
v 0.005111 -0.016840 0.000341
v 0.003923 -0.015972 0.000341
v 0.003171 -0.014082 -0.003045
v 0.003031 -0.014503 -0.002306
v 0.002930 -0.014791 -0.001604
v 0.002866 -0.014965 -0.000937
v 0.002833 -0.015049 -0.000292
v 0.002823 -0.015072 0.000341
v 0.000843 -0.013185 0.000341
v -0.000931 -0.011217 0.000341
v 0.000857 -0.013165 -0.000307
v 0.000905 -0.013089 -0.000968
v 0.000997 -0.012931 -0.001654
v 0.001143 -0.012664 -0.002380
v 0.001347 -0.012273 -0.003149
v 0.005433 -0.014611 0.005019
v 0.003504 -0.012940 0.005175
v 0.003336 -0.013551 0.004469
v 0.001823 -0.011192 0.005341
v 0.005899 -0.014227 0.005593
v 0.005521 -0.013925 0.005623
v 0.004872 -0.013407 0.005675
v 0.004725 -0.013267 0.005691
v 0.003672 -0.012263 0.005803
v 0.002051 -0.010538 0.005995
v 0.001423 -0.009831 0.006073
v 0.000886 -0.009149 0.006148
v 0.003668 -0.012259 0.005803
v 0.003107 -0.011725 0.005863
v 0.002679 -0.011243 0.005916
v 0.014859 -0.019510 0.000341
v 0.014837 -0.019490 0.000996
v 0.014759 -0.019417 0.001651
v 0.014606 -0.019273 0.002306
v 0.014360 -0.019038 0.002960
v 0.013254 -0.019361 0.002933
v 0.012636 -0.019428 0.002922
v 0.012812 -0.019697 0.002268
v 0.011983 -0.019419 0.002913
v 0.011302 -0.019324 0.002905
v 0.011430 -0.019610 0.002249
v 0.014015 -0.018704 0.003607
v 0.013622 -0.018298 0.004211
v 0.012976 -0.018990 0.003587
v 0.012391 -0.019041 0.003581
v 0.011773 -0.019017 0.003576
v 0.013243 -0.017854 0.004735
v 0.011296 -0.017922 0.004814
v 0.011840 -0.017987 0.004799
v 0.011532 -0.018510 0.004220
v 0.010923 -0.018387 0.004224
v 0.011125 -0.018910 0.003572
v 0.010458 -0.018721 0.003569
v 0.010601 -0.019145 0.002898
v 0.009174 -0.018591 0.002889
v 0.009234 -0.018894 0.002229
v 0.007784 -0.018170 0.002224
v 0.007797 -0.018358 0.001584
v 0.006408 -0.017557 0.001585
v 0.006403 -0.017650 0.000958
v 0.005116 -0.016815 0.000962
v 0.003930 -0.015948 0.000967
v 0.002833 -0.015049 0.000973
v 0.000857 -0.013165 0.000988
v -0.002462 -0.009330 0.000336
v 0.010128 -0.017569 0.004840
v 0.008900 -0.016970 0.004867
v 0.008996 -0.017601 0.004239
v 0.007706 -0.016857 0.004260
v 0.007737 -0.017416 0.003576
v 0.006457 -0.016614 0.003598
v 0.006434 -0.017061 0.002900
v 0.005209 -0.016235 0.002922
v 0.005161 -0.016540 0.002243
v 0.004078 -0.015383 0.002952
v 0.004002 -0.015681 0.002262
v 0.003031 -0.014503 0.002987
v 0.002930 -0.014791 0.002285
v 0.001143 -0.012664 0.003061
v 0.000997 -0.012931 0.002335
v 0.004306 -0.014406 0.004404
v 0.005353 -0.015239 0.004345
v 0.007675 -0.016223 0.004903
v 0.001347 -0.012273 0.003830
v 0.003171 -0.014082 0.003726
v 0.004183 -0.014950 0.003677
v 0.005275 -0.015793 0.003633
v 0.006483 -0.016055 0.004295
v 0.010723 -0.017782 0.004827
v 0.010292 -0.018186 0.004228
v 0.009091 -0.018152 0.003568
v 0.007764 -0.017862 0.002889
v 0.006418 -0.017370 0.002229
v 0.005131 -0.016724 0.001592
v 0.003955 -0.015860 0.001604
v 0.002866 -0.014965 0.001618
v 0.000905 -0.013089 0.001649
v -0.000853 -0.011133 0.001683
v -0.002376 -0.009251 0.001710
v 0.013243 -0.017854 -0.004055
v 0.012349 -0.017989 -0.004102
v 0.013622 -0.018298 -0.003530
v 0.012658 -0.018524 -0.003533
v 0.012976 -0.018989 -0.002906
v 0.011296 -0.017922 -0.004134
v 0.011840 -0.017987 -0.004119
v 0.014360 -0.019038 -0.002279
v 0.014606 -0.019273 -0.001625
v 0.014759 -0.019417 -0.000970
v 0.014837 -0.019490 -0.000315
v 0.013831 -0.019228 -0.002264
v 0.014056 -0.019474 -0.001611
v 0.014196 -0.019626 -0.000959
v 0.014268 -0.019702 -0.000309
v 0.014288 -0.019723 0.000341
v 0.014268 -0.019702 0.000990
v 0.014196 -0.019626 0.001640
v 0.014056 -0.019474 0.002292
v 0.013831 -0.019228 0.002945
v 0.013455 -0.019619 0.002279
v 0.012924 -0.019861 0.001621
v 0.013581 -0.019777 0.001630
v 0.012983 -0.019943 0.000980
v 0.013647 -0.019856 0.000985
v 0.013000 -0.019965 0.000341
v 0.013666 -0.019878 0.000341
v 0.012983 -0.019943 -0.000298
v 0.013647 -0.019856 -0.000304
v 0.012924 -0.019861 -0.000940
v 0.013581 -0.019777 -0.000949
v 0.012812 -0.019697 -0.001587
v 0.013455 -0.019619 -0.001598
v 0.012636 -0.019428 -0.002241
v 0.013254 -0.019361 -0.002252
v 0.012391 -0.019041 -0.002900
v 0.012112 -0.018552 -0.003536
v 0.012135 -0.019697 0.002258
v 0.011513 -0.019784 0.001605
v 0.012232 -0.019866 0.001613
v 0.011557 -0.019871 0.000971
v 0.012283 -0.019951 0.000975
v 0.011569 -0.019894 0.000341
v 0.012298 -0.019973 0.000341
v 0.011557 -0.019871 -0.000290
v 0.012283 -0.019951 -0.000294
v 0.011513 -0.019784 -0.000924
v 0.012232 -0.019866 -0.000932
v 0.011430 -0.019610 -0.001568
v 0.012135 -0.019697 -0.001577
v 0.011302 -0.019324 -0.002224
v 0.011982 -0.019419 -0.002232
v 0.011125 -0.018910 -0.002892
v 0.011772 -0.019017 -0.002895
v 0.010923 -0.018387 -0.003544
v 0.011532 -0.018509 -0.003540
v 0.010723 -0.017782 -0.004147
v 0.008900 -0.016970 -0.004188
v 0.010128 -0.017569 -0.004160
v 0.005901 -0.014225 -0.004915
v 0.008996 -0.017601 -0.003559
v 0.010292 -0.018186 -0.003547
v 0.009091 -0.018152 -0.002888
v 0.010458 -0.018721 -0.002889
v 0.009174 -0.018591 -0.002208
v 0.010601 -0.019145 -0.002217
v 0.009234 -0.018894 -0.001548
v 0.010707 -0.019438 -0.001560
v 0.009274 -0.019079 -0.000907
v 0.010774 -0.019617 -0.000918
v 0.009295 -0.019170 -0.000280
v 0.010811 -0.019705 -0.000286
v 0.009302 -0.019195 0.000341
v 0.010821 -0.019729 0.000341
v 0.010811 -0.019705 0.000967
v 0.006483 -0.016055 -0.003615
v 0.007706 -0.016857 -0.003580
v 0.006457 -0.016614 -0.002918
v 0.007737 -0.017416 -0.002896
v 0.006434 -0.017061 -0.002219
v 0.007764 -0.017862 -0.002208
v 0.006418 -0.017370 -0.001548
v 0.007784 -0.018170 -0.001543
v 0.006408 -0.017557 -0.000904
v 0.007797 -0.018358 -0.000902
v 0.006403 -0.017650 -0.000277
v 0.007804 -0.018451 -0.000277
v 0.006402 -0.017675 0.000341
v 0.007807 -0.018476 0.000341
v 0.007804 -0.018451 0.000958
v 0.009295 -0.019170 0.000961
v 0.009274 -0.019079 0.001589
v 0.010774 -0.019617 0.001599
v 0.010707 -0.019438 0.002241
v 0.006840 -0.014976 0.005518
v -0.001949 -0.005712 0.001323
v -0.001949 -0.005712 -0.002896
v -0.001527 -0.005438 0.001323
v -0.001527 -0.005438 -0.002896
v -0.001024 -0.005404 0.001323
v -0.001024 -0.005404 -0.002896
v 0.004843 0.002606 0.001323
v 0.004843 0.002606 -0.002896
v 0.005109 0.004005 -0.002896
v 0.005167 0.004051 -0.002702
v 0.005198 0.004075 -0.002598
v 0.005686 0.004458 0.000275
v 0.005657 0.004435 0.001309
v 0.005656 0.004434 0.001323
v 0.005697 0.004466 -0.000120
v 0.005658 0.004435 -0.000426
v 0.005568 0.004365 -0.001116
v 0.005512 0.004322 -0.001545
v 0.005455 0.004277 -0.001738
v -0.002277 -0.006441 0.001323
v 0.005650 0.004441 0.001323
v -0.002346 -0.006298 0.001323
v -0.002545 -0.006023 0.001323
v -0.002553 -0.006015 0.001323
v -0.002668 -0.005901 0.001323
v 0.005344 0.004751 0.001323
v -0.004587 0.005533 0.001323
v -0.003842 0.006019 0.001323
v -0.006223 -0.001589 0.001323
v -0.004144 -0.004907 0.001323
v -0.000982 0.007073 0.001323
v -0.001678 0.006989 0.001323
v -0.002300 0.006762 0.001323
v -0.006417 -0.000279 0.001323
v -0.006557 0.002944 0.001323
v -0.006266 0.003433 0.001323
v 0.005338 0.001326 0.001323
v 0.005500 -0.000037 0.001323
v -0.005062 -0.003953 0.001323
v -0.005765 -0.002831 0.001323
v 0.002351 0.006742 0.001323
v 0.003122 0.006474 0.001323
v 0.003632 0.006151 0.001323
v 0.003883 0.005993 0.001323
v -0.000778 0.007098 0.001323
v -0.000053 0.007187 0.001323
v 0.000669 0.007110 0.001323
v 0.000784 0.007097 0.001323
v 0.001575 0.007012 0.001323
v 0.002252 0.006777 0.001323
v -0.005077 0.005022 0.001323
v -0.004883 0.005225 0.001323
v 0.005319 -0.001397 0.001323
v 0.004808 -0.002671 0.001323
v 0.003997 -0.003778 0.001323
v 0.002937 -0.004650 0.001323
v 0.001694 -0.005233 0.001323
v 0.000346 -0.005489 0.001323
v 0.004506 0.005599 0.001323
v 0.004759 0.005343 0.001323
v -0.006198 0.003548 0.001323
v -0.005720 0.004351 0.001323
v -0.005691 0.004382 0.001323
v -0.003744 0.006083 0.001323
v -0.003216 0.006428 0.001323
v -0.002530 0.006678 0.001323
v -0.006541 0.002573 0.002070
v -0.006417 -0.000279 0.003577
v -0.006458 0.000667 0.003577
v -0.006481 0.001209 0.003315
v -0.006535 0.002451 0.002316
v -0.006515 0.001975 0.002788
v -0.006508 0.001815 0.002946
v -0.006501 0.001664 0.003095
v -0.004144 -0.004907 0.003577
v -0.005062 -0.003953 0.003577
v -0.005765 -0.002831 0.003577
v -0.006223 -0.001589 0.003577
v -0.000994 0.000111 0.003577
v -0.000805 0.000593 0.003577
v -0.000400 0.000916 0.003577
v 0.000111 0.000994 0.003577
v 0.000593 0.000805 0.003577
v 0.000916 0.000400 0.003577
v 0.000994 -0.000111 0.003577
v 0.000805 -0.000593 0.003577
v 0.000400 -0.000916 0.003577
v -0.000111 -0.000994 0.003577
v -0.000593 -0.000805 0.003577
v -0.000916 -0.000400 0.003577
v 0.005928 -0.013573 0.006077
v 0.005345 -0.008837 0.008003
v 0.006232 -0.009875 0.007840
v 0.002080 -0.004201 0.008476
v 0.001309 -0.007083 0.007489
v 0.001192 -0.007800 0.007132
v 0.002926 -0.009882 0.006871
v 0.000083 -0.004410 0.008021
v 0.000062 -0.004491 0.007987
v 0.001436 -0.006354 0.007793
v -0.000107 -0.005132 0.007724
v -0.000123 -0.005194 0.007698
v -0.000205 -0.005505 0.007570
v -0.000305 -0.005835 0.007355
v -0.000309 -0.005847 0.007348
v -0.000501 -0.006480 0.006936
v 0.000134 -0.004215 0.008101
v 0.001599 -0.005624 0.008065
v 0.000566 -0.002957 0.008466
v 0.000551 -0.002999 0.008454
v 0.001811 -0.004903 0.008297
v 0.000292 -0.003754 0.008235
v 0.000591 -0.002882 0.008487
v 0.001124 -0.001787 0.008680
v 0.000902 -0.002243 0.008600
v 0.000895 -0.002257 0.008597
v -0.000619 -0.006790 0.006664
v 0.001057 -0.008496 0.006694
v -0.000511 -0.006507 0.006912
v 0.002812 -0.010576 0.006443
v 0.003420 -0.007175 0.008076
v 0.003635 -0.006555 0.008274
v 0.006122 -0.010380 0.007645
v 0.006027 -0.011588 0.007120
v 0.003131 -0.008494 0.007539
v 0.003257 -0.007823 0.007825
v 0.004999 -0.010590 0.007264
v 0.005178 -0.009368 0.007801
v 0.004806 -0.012595 0.006195
v 0.005965 -0.012901 0.006480
v 0.003772 -0.011595 0.006318
v 0.003868 -0.010907 0.006740
v 0.004876 -0.011917 0.006609
v 0.001662 0.000047 -0.007415
v 0.001702 0.000088 -0.007409
v 0.001755 0.000069 -0.007646
v 0.004368 0.002320 -0.006591
v 0.004498 0.002423 -0.006491
v 0.004644 0.002431 -0.006693
v 0.004771 0.002641 -0.006280
v 0.005132 0.002813 -0.006260
v 0.005036 0.002825 -0.006183
v 0.004807 0.002672 -0.006244
v 0.004957 0.002802 -0.006092
v 0.004068 0.002096 -0.006752
v 0.004090 0.002024 -0.007016
v 0.003976 0.002027 -0.006801
v 0.003497 0.001597 -0.007250
v 0.003407 0.001605 -0.007021
v 0.003920 0.001986 -0.006831
v 0.002671 0.001024 -0.007232
v 0.002899 0.001140 -0.007424
v 0.002250 0.000647 -0.007322
v 0.002314 0.000634 -0.007557
v 0.002183 0.000586 -0.007336
v 0.002747 0.001085 -0.007211
v 0.002826 0.001148 -0.007190
v 0.003305 0.001530 -0.007059
v 0.002132 0.000533 -0.007344
v 0.001243 -0.000554 -0.007681
v 0.001207 -0.000519 -0.007447
v 0.001559 -0.000081 -0.007422
v 0.000822 -0.001100 -0.007435
v 0.001040 -0.000770 -0.007442
v 0.001201 -0.000528 -0.007447
v 0.003784 0.001362 -0.007547
v 0.003179 0.000907 -0.007735
v 0.004401 0.001795 -0.007288
v 0.004994 0.002216 -0.006931
v 0.004817 0.002359 -0.006847
v 0.005263 0.002795 -0.006365
v 0.000853 -0.001275 -0.007777
v 0.000813 -0.001241 -0.007651
v 0.000768 -0.001204 -0.007510
v 0.000765 -0.001196 -0.007429
v 0.004239 0.001942 -0.007187
v 0.003630 0.001512 -0.007434
v 0.003024 0.001055 -0.007616
v 0.002435 0.000550 -0.007754
v 0.001872 -0.000012 -0.007845
v 0.001355 -0.000633 -0.007880
v 0.001030 -0.001391 -0.007958
v 0.000916 -0.001316 -0.007841
v 0.001075 -0.001418 -0.007970
v 0.001522 -0.000753 -0.008008
v 0.002035 -0.000143 -0.007970
v 0.002594 0.000409 -0.007877
v 0.005326 0.002756 -0.006391
v 0.005493 0.002655 -0.006460
v 0.005519 0.002624 -0.006459
v 0.000940 -0.000917 0.008194
v 0.001242 -0.000556 0.008363
v 0.000946 -0.000908 0.008193
v 0.001204 -0.000532 0.008141
v 0.000770 -0.001208 0.008211
v 0.000806 -0.001238 0.008336
v 0.001729 0.000121 0.008087
v 0.001699 0.000085 0.008090
v 0.001752 0.000066 0.008328
v 0.001560 -0.000082 0.008101
v 0.001284 -0.000415 0.008125
v 0.002133 0.000532 0.008023
v 0.002309 0.000629 0.008241
v 0.002238 0.000639 0.008006
v 0.002747 0.001085 0.007892
v 0.002895 0.001135 0.008108
v 0.002804 0.001135 0.007880
v 0.002819 0.001147 0.007875
v 0.003493 0.001593 0.007934
v 0.003403 0.001603 0.007708
v 0.004087 0.002021 0.007699
v 0.004644 0.002431 0.007376
v 0.004406 0.002349 0.007245
v 0.004068 0.002096 0.007433
v 0.003957 0.002013 0.007494
v 0.003425 0.001620 0.007702
v 0.005132 0.002820 0.006947
v 0.004957 0.002802 0.006773
v 0.004865 0.002722 0.006870
v 0.004806 0.002671 0.006927
v 0.004770 0.002640 0.006962
v 0.004498 0.002423 0.007173
v 0.003175 0.000902 0.008417
v 0.002590 0.000404 0.008559
v 0.002033 -0.000147 0.008652
v 0.001522 -0.000754 0.008688
v 0.001084 -0.001425 0.008666
v 0.000911 -0.001314 0.008529
v 0.001355 -0.000635 0.008561
v 0.000827 -0.001256 0.008408
v 0.005330 0.002754 0.007073
v 0.005162 0.002823 0.006977
v 0.001870 -0.000015 0.008527
v 0.002431 0.000545 0.008437
v 0.003020 0.001050 0.008299
v 0.003625 0.001507 0.008118
v 0.004236 0.001939 0.007870
v 0.004817 0.002358 0.007529
v 0.005398 0.002726 0.007112
v 0.004993 0.002215 0.007613
v 0.005517 0.002617 0.007133
v 0.005613 0.002531 0.007149
v 0.004397 0.001792 0.007971
v 0.003779 0.001357 0.008230
v 0.000939 -0.001333 0.008568
v 0.001074 -0.001419 0.008659
v 0.006338 0.004664 -0.001517
v 0.006341 0.004672 -0.001468
v 0.006595 0.004819 -0.001498
v 0.007170 0.004794 0.001265
v 0.007171 0.004824 0.000339
v 0.007087 0.004526 0.003126
v 0.007150 0.004697 0.002198
v 0.006741 0.003935 0.004913
v 0.006957 0.004272 0.004039
v 0.006039 0.003099 0.006476
v 0.006437 0.003537 0.005727
v 0.006611 0.004911 0.001266
v 0.006611 0.004940 0.000339
v 0.006358 0.004786 0.000590
v 0.006284 0.004511 0.003042
v 0.006541 0.004653 0.003100
v 0.006326 0.004619 0.002521
v 0.006595 0.004817 0.002190
v 0.006337 0.004664 0.002164
v 0.006355 0.004752 0.001252
v 0.006353 0.004732 0.001635
v 0.006337 0.004665 0.002156
v 0.006169 0.004267 0.003961
v 0.006150 0.004231 0.004084
v 0.006427 0.004409 0.003985
v 0.006234 0.004085 0.004826
v 0.005960 0.003702 0.005608
v 0.005737 0.003628 0.005470
v 0.005639 0.003510 0.005685
v 0.005598 0.003281 0.006322
v 0.006006 0.003997 0.004697
v 0.005962 0.003935 0.004832
v 0.005789 0.003692 0.005355
v 0.005825 0.003233 0.006431
v 0.006208 0.003669 0.005699
v 0.006499 0.004066 0.004898
v 0.006705 0.004402 0.004035
v 0.006829 0.004656 0.003130
v 0.006887 0.004827 0.002204
v 0.006905 0.004923 0.001270
v 0.006906 0.004954 0.000339
v 0.006610 0.004911 -0.000581
v 0.006282 0.004505 0.003070
v 0.006258 0.004443 0.003366
v 0.006178 0.004286 0.003898
v 0.005598 0.003281 -0.005641
v 0.005825 0.003234 -0.005750
v 0.006208 0.003670 -0.005017
v 0.005960 0.003703 -0.004926
v 0.006500 0.004067 -0.004213
v 0.006235 0.004087 -0.004141
v 0.006708 0.004406 -0.003343
v 0.006429 0.004413 -0.003293
v 0.006830 0.004659 -0.002434
v 0.005251 0.003079 -0.005719
v 0.005634 0.003499 -0.005034
v 0.005735 0.003627 -0.004787
v 0.005874 0.003805 -0.004443
v 0.005950 0.003918 -0.004181
v 0.005394 0.003230 -0.005482
v 0.005502 0.003345 -0.005304
v 0.005622 0.003483 -0.005065
v 0.006181 0.004291 -0.003206
v 0.006207 0.004336 -0.003075
v 0.006542 0.004656 -0.002406
v 0.006887 0.004828 -0.001510
v 0.006281 0.004500 -0.002422
v 0.006289 0.004519 -0.002350
v 0.006299 0.004540 -0.002266
v 0.006905 0.004924 -0.000584
v 0.005996 0.003986 -0.004024
v 0.006074 0.004103 -0.003753
v 0.006161 0.004255 -0.003311
v 0.006039 0.003099 -0.005794
v 0.006437 0.003538 -0.005045
v 0.006742 0.003937 -0.004228
v 0.006959 0.004276 -0.003346
v 0.007088 0.004530 -0.002430
v 0.007150 0.004699 -0.001502
v 0.007169 0.004794 -0.000577
v 0.005502 0.003345 0.005985
v 0.005395 0.003231 0.006164
v 0.005283 0.003111 0.006352
v 0.006344 0.004683 -0.001405
v 0.006357 0.004764 -0.000514
v 0.006358 0.004781 0.000324
v 0.006358 0.004781 0.000340
v 0.003772 -0.011595 -0.005640
v 0.001309 -0.007083 -0.006810
v 0.001436 -0.006354 -0.007114
v 0.003132 -0.008494 -0.006863
v 0.006122 -0.010380 -0.006972
v 0.000035 -0.004578 -0.007291
v 0.000060 -0.004499 -0.007316
v 0.000087 -0.004413 -0.007343
v 0.000295 -0.003752 -0.007552
v 0.001599 -0.005624 -0.007386
v 0.000902 -0.002244 -0.007919
v 0.000895 -0.002258 -0.007916
v 0.000547 -0.002998 -0.007776
v 0.000564 -0.002957 -0.007786
v 0.002080 -0.004200 -0.007798
v 0.000687 -0.002655 -0.007857
v -0.000303 -0.005841 -0.006684
v -0.000253 -0.005684 -0.006793
v -0.000125 -0.005192 -0.007015
v -0.000109 -0.005130 -0.007042
v 0.001057 -0.008496 -0.006014
v -0.000504 -0.006473 -0.006243
v -0.000307 -0.005852 -0.006676
v -0.000545 -0.006600 -0.006154
v -0.000513 -0.006501 -0.006223
v 0.006028 -0.011588 -0.006446
v 0.006232 -0.009875 -0.007167
v 0.001811 -0.004903 -0.007619
v 0.003635 -0.006555 -0.007599
v 0.003420 -0.007175 -0.007400
v 0.005345 -0.008837 -0.007329
v 0.005178 -0.009368 -0.007127
v 0.003257 -0.007823 -0.007149
v 0.000479 -0.003165 -0.007737
v 0.002812 -0.010576 -0.005764
v 0.005965 -0.012901 -0.005804
v 0.005928 -0.013572 -0.005400
v 0.002927 -0.009882 -0.006193
v 0.001193 -0.007800 -0.006453
v 0.004876 -0.011917 -0.005932
v 0.004999 -0.010590 -0.006589
v 0.004806 -0.012595 -0.005517
v 0.003868 -0.010907 -0.006063
v -0.002407 -0.006039 0.003577
v -0.002160 -0.006956 0.001249
v -0.002060 -0.006961 0.002446
v -0.002160 -0.006953 0.001250
v -0.002164 -0.006933 0.001250
v -0.002099 -0.007460 0.002418
v -0.002174 -0.007446 0.001723
v -0.002197 -0.007441 0.001503
v -0.002213 -0.007438 0.001240
v -0.002181 -0.006478 0.002493
v -0.002454 -0.006063 0.002554
v -0.002304 -0.006140 0.003577
v -0.001985 -0.006613 0.003577
v -0.002020 -0.006543 0.003577
v -0.002069 -0.006447 0.003577
v -0.002273 -0.006169 0.003577
v -0.001889 -0.006937 0.003577
v -0.001880 -0.007009 0.003577
v -0.002095 -0.007461 0.002457
v -0.002081 -0.007463 0.002585
v -0.001958 -0.007482 0.003232
v -0.001867 -0.007127 0.003577
v -0.001893 -0.007492 0.003577
v -0.002179 -0.006984 0.000346
v -0.002244 -0.007473 0.000346
v -0.002247 -0.007477 0.000503
v -0.002203 -0.006753 -0.000575
v -0.002160 -0.006953 -0.000568
v -0.002160 -0.006956 -0.000568
v -0.002244 -0.007473 0.000341
v -0.002230 -0.007458 -0.000311
v -0.002175 -0.007094 -0.000565
v -0.002213 -0.007438 -0.000558
v -0.002170 -0.007446 -0.001042
v -0.002189 -0.006458 -0.001823
v -0.002085 -0.006782 -0.001788
v -0.001963 -0.007482 -0.002553
v -0.001868 -0.007164 -0.002896
v -0.001942 -0.007485 -0.002675
v -0.001865 -0.007203 -0.002896
v -0.001893 -0.007492 -0.002896
v -0.001974 -0.007480 -0.002488
v -0.002056 -0.007121 -0.001762
v -0.001876 -0.007029 -0.002896
v -0.001921 -0.006838 -0.002896
v -0.001954 -0.006696 -0.002896
v -0.002021 -0.006534 -0.002896
v -0.002029 -0.006523 -0.002896
v -0.002116 -0.007457 -0.001648
v -0.002095 -0.007461 -0.001776
v -0.002100 -0.007460 -0.001745
v -0.002457 -0.008978 0.002056
v -0.001940 -0.008199 0.003855
v -0.002037 -0.008297 0.003574
v -0.002003 -0.008532 0.003659
v -0.002258 -0.008790 -0.002212
v -0.002456 -0.008976 -0.001384
v -0.002571 -0.009074 -0.000524
v -0.001141 -0.007432 -0.005025
v -0.001424 -0.007853 -0.004381
v -0.002001 -0.008530 -0.002984
v -0.002606 -0.009099 0.000336
v -0.002602 -0.008822 0.000188
v -0.002342 -0.008600 -0.001909
v -0.002384 -0.008639 -0.001704
v -0.002460 -0.008708 -0.001336
v -0.002482 -0.008728 -0.001232
v -0.002568 -0.008798 -0.000505
v -0.002564 -0.008796 -0.000583
v -0.002512 -0.008752 -0.000997
v -0.001604 -0.007816 -0.004012
v -0.001891 -0.008147 -0.003301
v -0.001902 -0.008158 -0.003270
v -0.002035 -0.008296 -0.002899
v -0.001561 -0.007758 -0.004113
v -0.001488 -0.007659 -0.004288
v -0.001345 -0.007466 -0.004626
v -0.001219 -0.007254 -0.004923
v -0.002275 -0.008536 -0.002138
v -0.002183 -0.008446 -0.002458
v -0.002139 -0.008403 -0.002611
v -0.001033 -0.006918 0.006048
v -0.001095 -0.007045 0.005898
v -0.001142 -0.007432 0.005706
v -0.000887 -0.006939 0.006306
v -0.000974 -0.006785 0.006193
v -0.000815 -0.007006 0.006341
v -0.001194 -0.007212 0.005663
v -0.001219 -0.007254 0.005604
v -0.001423 -0.007852 0.005064
v -0.001346 -0.007468 0.005304
v -0.001487 -0.007657 0.004970
v -0.002186 -0.008449 0.003140
v -0.002199 -0.008462 0.003103
v -0.002260 -0.008792 0.002884
v -0.002569 -0.008798 0.001177
v -0.002572 -0.009074 0.001196
v -0.002513 -0.008753 0.001678
v -0.002498 -0.008741 0.001811
v -0.002460 -0.008707 0.002008
v -0.002278 -0.008538 0.002811
v -0.002376 -0.008632 0.002445
v -0.002388 -0.008642 0.002386
v -0.001562 -0.007756 0.004794
v -0.001629 -0.007846 0.004635
v -0.001902 -0.008156 0.003950
v -0.001194 -0.007212 -0.004983
v -0.001094 -0.007045 -0.005217
v -0.000973 -0.006785 -0.005512
v -0.000930 -0.006862 -0.005568
v -0.000887 -0.006939 -0.005625
v -0.002577 -0.008805 0.001104
v -0.002598 -0.008819 0.000340
v -0.002598 -0.008819 0.000336
v 0.005338 0.001326 -0.002896
v 0.005500 -0.000037 -0.002896
v 0.005320 -0.001397 -0.002896
v 0.004808 -0.002671 -0.002896
v 0.003997 -0.003778 -0.002896
v 0.002937 -0.004650 -0.002896
v 0.001694 -0.005233 -0.002896
v 0.000346 -0.005489 -0.002896
v 0.001377 0.006308 0.003577
v 0.001407 0.006300 0.003577
v 0.002250 0.006421 0.002855
v 0.006306 0.003445 0.001210
v 0.006003 0.003712 0.002014
v 0.006148 0.003359 0.002173
v 0.006339 0.003463 -0.000319
v 0.006242 0.003617 -0.000422
v 0.005967 0.004119 0.000559
v 0.006281 0.003432 -0.000681
v 0.006125 0.003346 -0.001634
v 0.006000 0.003491 -0.001764
v 0.005591 0.003866 -0.002193
v 0.004416 0.005545 0.001878
v 0.003046 0.006358 0.002048
v 0.001513 0.006877 0.002084
v -0.001676 0.006865 0.001979
v -0.003137 0.006336 0.001963
v -0.004980 0.005161 0.001430
v -0.006208 0.003514 0.001372
v -0.006395 0.001052 0.003577
v -0.006322 0.001463 0.003577
v -0.006338 0.001406 0.003577
v -0.006342 0.002930 0.002293
v -0.006503 0.001857 0.002965
v -0.006276 0.002249 0.003199
v -0.005831 0.004069 0.001776
v -0.004387 0.005519 0.002046
v -0.003763 0.005737 0.002696
v -0.002430 0.006415 0.002700
v -0.000920 0.006774 0.002768
v 0.000673 0.006776 0.002841
v -0.000094 0.007051 0.002040
v 0.005809 0.004171 -0.000876
v 0.005715 0.003122 -0.002844
v 0.005697 0.003113 -0.002896
v 0.005220 0.003837 -0.002896
v 0.006122 0.003345 -0.001647
v 0.006021 0.003290 -0.001944
v 0.006339 0.003463 -0.000329
v 0.006339 0.003463 0.001011
v 0.006339 0.003463 0.000952
v 0.005476 0.003952 0.002991
v 0.005784 0.003160 0.003323
v 0.006122 0.003345 0.002328
v 0.005697 0.003113 0.003577
v 0.005039 0.004043 0.003577
v 0.004834 0.004333 0.003577
v 0.003715 0.005324 0.003577
v 0.004097 0.004986 0.003577
v 0.004312 0.004983 0.003374
v 0.004504 0.004625 0.003577
v 0.004990 0.004810 0.002481
v 0.002398 0.006033 0.003577
v 0.002882 0.005772 0.003577
v 0.002927 0.005801 0.003564
v 0.002939 0.005742 0.003577
v 0.003717 0.005744 0.002751
v 0.000955 0.006421 0.003577
v -0.000539 0.006470 0.003577
v -0.000184 0.006509 0.003537
v -0.000242 0.006460 0.003577
v -0.000142 0.006457 0.003577
v -0.002005 0.006175 0.003577
v -0.001723 0.006330 0.003437
v -0.001896 0.006196 0.003577
v -0.001582 0.006260 0.003577
v -0.003364 0.005552 0.003577
v -0.003124 0.005808 0.003362
v -0.003347 0.005560 0.003577
v -0.002907 0.005762 0.003577
v -0.004841 0.004808 0.002805
v -0.004545 0.004636 0.003577
v -0.004298 0.004997 0.003371
v -0.004435 0.004721 0.003577
v -0.004085 0.004993 0.003577
v -0.006010 0.002584 0.003476
v -0.005904 0.002604 0.003577
v -0.005641 0.003150 0.003577
v -0.006187 0.001939 0.003577
v -0.006134 0.002126 0.003577
v -0.005953 0.002502 0.003577
v 0.005547 0.004520 0.001534
v -0.005356 0.004496 0.002269
v -0.005994 0.003368 0.002654
v -0.005601 0.003720 0.003062
v -0.005175 0.003978 0.003505
v -0.005091 0.003960 0.003577
v -0.005485 0.003473 0.003577
v -0.005150 0.003887 0.003577
v 0.006592 -0.004988 0.003577
v 0.006792 -0.004685 0.003577
v 0.006836 -0.004618 0.003577
v 0.007260 -0.003547 0.003577
v 0.006134 -0.005682 0.003577
v 0.006024 -0.005848 0.003577
v 0.007379 -0.003248 0.003577
v 0.007509 -0.002490 0.003577
v 0.007544 -0.002287 0.003577
v 0.007628 -0.001796 0.003577
v 0.007604 -0.001126 0.003577
v 0.002298 -0.008223 0.003577
v 0.002363 -0.008212 0.003577
v 0.007594 -0.000850 0.003577
v 0.007574 -0.000323 0.003577
v 0.003393 -0.007817 0.003577
v 0.003739 -0.007684 0.003577
v 0.004409 -0.007251 0.003577
v 0.004977 -0.006884 0.003577
v 0.005328 -0.006537 0.003577
v -0.000062 -0.008401 0.003577
v 0.000324 -0.008419 0.003577
v -0.001270 -0.008195 0.003577
v -0.001990 -0.008008 0.003577
v -0.000564 -0.008378 0.003577
v 0.000908 -0.008447 0.003577
v 0.001133 -0.008411 0.003577
v -0.000604 -0.006450 0.006874
v 0.000370 -0.002872 0.008417
v -0.000873 -0.006524 0.006446
v -0.000682 -0.006385 0.006820
v -0.000790 -0.006234 0.006667
v -0.000780 -0.006200 0.006693
v -0.000636 -0.005565 0.007077
v -0.000642 -0.005597 0.007059
v -0.000593 -0.005669 0.007167
v -0.000741 -0.006065 0.006795
v -0.000464 -0.004958 0.007487
v -0.000514 -0.004889 0.007348
v -0.000537 -0.005013 0.007307
v -0.000596 -0.005343 0.007169
v -0.000319 -0.004212 0.007737
v -0.000351 -0.004164 0.007620
v -0.000444 -0.004517 0.007469
v 0.000285 -0.002225 0.008161
v 0.000107 -0.002694 0.008079
v 0.000115 -0.002707 0.008123
v 0.000047 -0.002852 0.008051
v -0.000044 -0.003130 0.007976
v -0.000162 -0.003492 0.007879
v -0.000207 -0.003642 0.007827
v -0.000269 -0.003853 0.007754
v 0.000307 -0.002175 0.008165
v 0.000422 -0.001964 0.008256
v 0.000663 -0.001413 0.008211
v 0.000557 -0.001616 0.008211
v 0.000409 -0.001947 0.008184
v 0.000524 -0.002042 0.008442
v -0.000254 -0.005088 0.007692
v -0.000086 -0.004354 0.007978
v -0.000418 -0.005799 0.007330
v -0.000223 -0.004285 0.007877
v -0.000375 -0.005026 0.007605
v -0.000517 -0.005737 0.007258
v 0.000215 -0.002785 0.008296
v 0.000686 -0.002138 0.008567
v 0.005219 0.003300 0.004837
v 0.001296 -0.000399 -0.007313
v 0.001568 -0.000071 -0.007225
v 0.002655 0.001025 -0.006731
v 0.002776 0.001129 -0.006657
v 0.005066 0.003049 0.005736
v 0.004226 0.002336 0.006219
v 0.004113 0.002236 0.006351
v 0.004076 0.002203 0.006393
v 0.003616 0.001817 0.006847
v 0.003355 0.001604 0.007055
v 0.003116 0.001409 0.007243
v 0.002771 0.001118 0.007463
v 0.002587 0.000962 0.007580
v 0.002536 0.000915 0.007607
v 0.002475 0.000859 0.007639
v 0.002170 0.000578 0.007798
v 0.002141 0.000548 0.007810
v 0.001710 0.000101 0.007991
v 0.001708 0.000098 0.007992
v 0.001562 -0.000078 0.008038
v 0.005267 0.003396 0.004420
v 0.004989 0.003078 0.005051
v 0.004755 0.002837 0.005461
v 0.004655 0.002735 0.005636
v 0.004264 0.002369 0.006175
v 0.004550 0.002636 0.005782
v 0.004615 0.002697 0.005691
v 0.005373 0.003525 0.004128
v 0.005284 0.003416 0.004373
v 0.005280 0.003412 0.004383
v 0.005277 0.003408 0.004392
v 0.005429 0.003600 0.003935
v 0.005569 0.003786 0.003455
v 0.005576 0.003796 0.003430
v 0.005657 0.003915 0.003040
v 0.005660 0.003921 0.003022
v 0.005715 0.004001 0.002759
v 0.005874 0.004271 0.001305
v 0.005849 0.004223 0.001720
v 0.005847 0.004219 0.001751
v 0.005827 0.004183 0.001967
v 0.005803 0.004143 0.002142
v 0.005794 0.004129 0.002205
v 0.005725 0.004016 0.002709
v 0.005900 0.004323 0.000179
v 0.005902 0.004327 0.000236
v 0.005901 0.004324 0.000324
v 0.005898 0.004319 0.000544
v 0.005894 0.004309 0.000913
v 0.005893 0.004307 0.000992
v 0.005886 0.004299 -0.000197
v 0.005875 0.004279 -0.000518
v 0.005656 0.003930 -0.002211
v 0.005673 0.003955 -0.002120
v 0.005762 0.004090 -0.001627
v 0.005774 0.004111 -0.001521
v 0.005778 0.004116 -0.001493
v 0.005831 0.004205 -0.001026
v 0.005849 0.004234 -0.000870
v 0.005870 0.004271 -0.000587
v 0.005447 0.003639 -0.003062
v 0.005499 0.003710 -0.002863
v 0.005621 0.003878 -0.002391
v 0.005629 0.003890 -0.002359
v 0.004996 0.003108 -0.004191
v 0.005129 0.003252 -0.003925
v 0.005158 0.003287 -0.003851
v 0.005268 0.003418 -0.003565
v 0.005375 0.003547 -0.003286
v 0.005380 0.003553 -0.003273
v 0.004429 0.002534 -0.005141
v 0.004470 0.002572 -0.005088
v 0.005059 0.003039 -0.005088
v 0.004750 0.002848 -0.004649
v 0.004827 0.002923 -0.004530
v 0.004246 0.002367 -0.005375
v 0.004303 0.002417 -0.005307
v 0.004274 0.002391 -0.005345
v 0.002823 0.001170 -0.006628
v 0.003338 0.001597 -0.006266
v 0.003355 0.001611 -0.006251
v 0.003828 0.002003 -0.005836
v 0.004104 0.002243 -0.005532
v 0.002147 0.000556 -0.006997
v 0.002187 0.000597 -0.006980
v 0.002535 0.000915 -0.006794
v 0.001710 0.000100 -0.007180
v 0.001742 0.000138 -0.007170
v 0.001847 0.000247 -0.007125
v 0.000930 -0.000925 -0.007386
v 0.000680 -0.001348 -0.007418
v 0.000598 -0.001500 -0.007405
v 0.001040 -0.000766 -0.007364
v 0.000944 -0.000904 -0.007383
v 0.000116 -0.002707 -0.007442
v 0.000215 -0.002785 -0.007615
v -0.000223 -0.004285 -0.007196
v 0.000422 -0.001963 -0.007575
v 0.000396 -0.001919 -0.007377
v 0.000422 -0.001865 -0.007381
v 0.000088 -0.002657 -0.007276
v 0.000131 -0.002535 -0.007303
v 0.000291 -0.002145 -0.007359
v 0.000307 -0.002105 -0.007365
v -0.000421 -0.004404 -0.006821
v -0.000357 -0.004145 -0.006889
v -0.000319 -0.004212 -0.007056
v -0.000329 -0.004029 -0.006920
v -0.000222 -0.003590 -0.007035
v -0.000198 -0.003513 -0.007058
v -0.000101 -0.003194 -0.007155
v -0.000566 -0.005179 -0.006564
v -0.000464 -0.004958 -0.006806
v -0.000596 -0.005343 -0.006488
v -0.000593 -0.005668 -0.006486
v -0.000516 -0.004915 -0.006652
v -0.000511 -0.004887 -0.006661
v -0.000434 -0.004478 -0.006797
v -0.000775 -0.006194 -0.006023
v -0.000679 -0.005789 -0.006281
v -0.000643 -0.005594 -0.006371
v -0.000922 -0.006657 -0.005641
v -0.000786 -0.006243 -0.005992
v -0.000743 -0.006314 -0.006072
v -0.000786 -0.006240 -0.005994
v 0.000370 -0.002872 -0.007736
v -0.000087 -0.004354 -0.007297
v 0.000686 -0.002137 -0.007887
v 0.000524 -0.002041 -0.007761
v -0.000682 -0.006385 -0.006139
v -0.000517 -0.005737 -0.006577
v -0.000375 -0.005026 -0.006923
v -0.000254 -0.005088 -0.007011
v -0.000418 -0.005799 -0.006649
v -0.000617 -0.005217 0.007070
v -0.000668 -0.005417 0.006946
v -0.000921 -0.006240 0.006303
v -0.001022 -0.006486 0.006050
v -0.002146 -0.007639 -0.001767
v -0.001085 -0.006640 0.005893
v -0.001065 -0.006591 0.005943
v -0.001118 -0.006721 0.005810
v -0.001120 -0.006724 0.005805
v -0.001337 -0.007144 0.005273
v -0.001531 -0.007444 0.004797
v -0.001494 -0.007388 0.004886
v -0.001573 -0.007510 0.004692
v -0.001625 -0.007578 0.004560
v -0.001748 -0.007736 0.004248
v -0.001838 -0.007838 0.003998
v -0.001911 -0.007919 0.003796
v -0.002336 -0.007791 0.000340
v -0.002259 -0.007735 -0.001033
v -0.001980 -0.007950 -0.002896
v -0.001827 -0.007774 -0.003328
v -0.001826 -0.007772 -0.003330
v -0.001674 -0.007571 -0.003725
v -0.001648 -0.007536 -0.003794
v -0.001579 -0.007446 -0.003970
v -0.001475 -0.007285 -0.004231
v -0.001442 -0.007234 -0.004313
v -0.001270 -0.006919 -0.004736
v -0.001064 -0.006533 -0.005251
v -0.001009 -0.006349 -0.005378
v -0.001216 -0.006820 -0.004868
v -0.001117 -0.006596 -0.005111
v -0.001093 -0.006540 -0.005172
v -0.000641 -0.005173 -0.006284
v -0.000591 -0.004987 -0.006402
v -0.000890 -0.006009 -0.005675
v -0.000822 -0.005816 -0.005844
v -0.000742 -0.005550 -0.006043
v -0.000721 -0.005473 -0.006092
v -0.000578 -0.004940 -0.006432
v -0.000562 -0.004874 -0.006466
v -0.000470 -0.004513 -0.006649
v -0.000412 -0.004284 -0.006765
v -0.000345 -0.004041 -0.006859
v -0.000226 -0.003606 -0.007028
v -0.000691 -0.005511 0.006888
v -0.000763 -0.005746 0.006705
v -0.000865 -0.006082 0.006444
v -0.000532 -0.004883 0.007279
v -0.000455 -0.004562 0.007445
v 0.003044 -0.007888 -0.002896
v 0.002387 -0.008145 -0.002896
v 0.000929 -0.008387 -0.002896
v 0.001103 -0.008358 -0.002896
v 0.002268 -0.008165 -0.002896
v 0.004998 -0.006792 -0.002896
v 0.004756 -0.006952 -0.002896
v 0.007219 -0.003474 -0.002896
v 0.006834 -0.004494 -0.002896
v 0.007492 -0.000173 -0.002896
v -0.000549 -0.008321 -0.002896
v -0.001309 -0.008124 -0.002896
v -0.001591 -0.008050 -0.002896
v 0.006754 -0.004620 -0.002896
v 0.006107 -0.005629 -0.002896
v 0.006037 -0.005740 -0.002896
v 0.005300 -0.006486 -0.002896
v 0.007578 -0.001649 -0.002896
v 0.007495 -0.002197 -0.002896
v 0.007355 -0.003111 -0.002896
v 0.007343 -0.003144 -0.002896
v -0.000095 -0.008341 -0.002896
v 0.004380 -0.007199 -0.002896
v 0.003764 -0.007606 -0.002896
v 0.003364 -0.007762 -0.002896
v 0.007512 -0.000504 -0.002896
v 0.007524 -0.000720 -0.002896
v 0.007571 -0.001531 -0.002896
v 0.007802 0.000001 -0.002032
v 0.007877 0.000042 -0.001777
v 0.007729 -0.000038 -0.002280
v 0.007617 -0.000102 -0.002571
v 0.008089 0.000147 -0.000716
v 0.008052 0.000132 -0.000997
v 0.008011 0.000111 -0.001192
v 0.007915 0.000063 -0.001646
v 0.008171 0.000163 0.000448
v 0.008174 0.000168 0.000344
v 0.008160 0.000168 0.000080
v 0.008141 0.000167 -0.000296
v 0.008139 0.000167 -0.000329
v 0.007990 -0.000010 0.002198
v 0.008087 0.000069 0.001673
v 0.008135 0.000115 0.001219
v 0.008157 0.000136 0.001011
v 0.008161 0.000145 0.000821
v 0.007795 -0.000161 0.002964
v 0.007817 -0.000144 0.002882
v 0.007862 -0.000109 0.002713
v 0.007966 -0.000030 0.002328
v 0.006280 0.002791 -0.002879
v 0.006044 0.003223 -0.002713
v 0.005341 0.003291 -0.003643
v 0.007741 0.001006 -0.001401
v 0.007601 0.001262 -0.001598
v 0.007484 0.000587 -0.002543
v 0.006972 0.002955 0.001370
v 0.007047 0.002819 0.001458
v 0.006586 0.003120 0.002488
v 0.007361 0.002426 0.000405
v 0.007842 0.001363 0.000426
v 0.007834 0.001377 0.000603
v 0.007837 0.001372 0.000248
v 0.007780 0.001477 0.000940
v 0.007735 0.001559 0.001092
v 0.007813 0.001416 0.000776
v 0.006799 0.003272 0.000981
v 0.006763 0.003339 0.000820
v 0.006847 0.003184 0.001129
v 0.006905 0.003078 0.001260
v 0.006727 0.003404 0.000473
v 0.006728 0.003401 0.000295
v 0.006738 0.003383 0.000649
v 0.006770 0.003325 -0.000050
v 0.006810 0.003253 -0.000208
v 0.006743 0.003375 0.000119
v 0.006118 0.003978 -0.000808
v 0.006860 0.003161 -0.000352
v 0.006920 0.003050 -0.000478
v 0.006989 0.002924 -0.000584
v 0.007146 0.002637 -0.000723
v 0.007230 0.002483 -0.000754
v 0.007065 0.002785 -0.000666
v 0.006949 0.002455 -0.001887
v 0.007316 0.002327 -0.000758
v 0.007631 0.001750 -0.000508
v 0.007693 0.001635 -0.000387
v 0.007560 0.001880 -0.000608
v 0.007789 0.001461 -0.000093
v 0.007819 0.001405 0.000073
v 0.007747 0.001538 -0.000248
v 0.007398 -0.001991 -0.003210
v 0.007690 0.000210 -0.002253
v 0.008144 0.000269 0.000797
v 0.008160 0.000239 0.000446
v 0.004334 -0.007110 0.003987
v 0.001097 -0.008355 0.003749
v 0.004391 0.001727 0.006458
v 0.005574 0.002866 0.004626
v 0.005774 0.003717 0.003216
v 0.006025 0.004147 0.001227
v 0.006097 0.004015 0.001545
v 0.006217 0.003795 -0.001092
v 0.001228 -0.001425 -0.007373
v -0.001344 -0.008094 -0.003018
v -0.000545 -0.007544 -0.004198
v -0.001623 -0.007583 -0.003750
v -0.000910 -0.006876 -0.004901
v 0.000164 -0.006648 -0.005298
v -0.000279 -0.005837 -0.005920
v 0.000782 -0.005451 -0.006219
v 0.000276 -0.004525 -0.006716
v 0.001319 -0.004026 -0.006878
v 0.000770 -0.003022 -0.007215
v 0.001795 -0.002462 -0.007215
v 0.002237 -0.000863 -0.007199
v 0.002673 0.000666 -0.006833
v 0.003619 0.001128 -0.006329
v 0.004496 0.001534 -0.005674
v 0.005284 0.001877 -0.004884
v 0.004900 0.002580 -0.004744
v 0.005647 0.002731 -0.003859
v 0.005823 0.003627 -0.002473
v 0.006337 0.003577 -0.001342
v 0.006040 0.004120 -0.000495
v 0.005957 0.004271 0.000187
v 0.005986 0.004219 -0.000160
v 0.005954 0.004277 0.000539
v 0.005977 0.004235 0.000889
v 0.006192 0.003842 0.001837
v 0.006307 0.003631 0.002096
v 0.005990 0.003321 0.003472
v 0.004811 0.002743 0.005502
v 0.005193 0.002045 0.005671
v 0.002547 0.000895 0.007612
v 0.003503 0.001341 0.007110
v 0.003080 -0.000080 0.007675
v 0.002105 -0.000621 0.008019
v 0.001093 -0.001178 0.008193
v 0.000638 -0.002779 0.008078
v 0.001662 -0.002219 0.008078
v 0.000152 -0.004298 0.007618
v 0.001192 -0.003793 0.007783
v -0.000389 -0.005635 0.006855
v 0.000666 -0.005239 0.007160
v 0.000064 -0.006464 0.006267
v -0.001003 -0.006705 0.005858
v -0.000626 -0.007395 0.005183
v -0.001405 -0.007982 0.004008
v -0.000304 -0.007986 0.004396
v 0.002222 -0.008088 0.003907
v 0.003310 -0.007670 0.003987
v 0.005273 -0.006421 0.003907
v 0.006106 -0.005618 0.003749
v 0.005825 -0.005103 0.004695
v 0.006552 -0.004240 0.004396
v 0.007144 -0.003312 0.004008
v 0.007334 -0.001874 0.004158
v 0.006852 -0.002778 0.004719
v 0.007038 -0.001333 0.004688
v 0.007418 -0.000510 0.003952
v 0.007644 0.000295 0.003137
v 0.007838 0.000829 0.002031
v 0.007832 -0.000050 0.002799
v 0.008037 0.000465 0.001463
v 0.008103 0.000345 0.001139
v 0.008150 0.000257 0.000094
v 0.008115 0.000322 -0.000250
v 0.007971 0.000586 -0.000886
v 0.008054 0.000433 -0.000580
v 0.006926 -0.002913 -0.003750
v 0.005897 -0.005236 -0.003671
v 0.006619 -0.004364 -0.003387
v 0.007205 -0.003423 -0.003018
v 0.005055 -0.006021 -0.003864
v 0.004111 -0.006701 -0.003961
v 0.003355 -0.007747 -0.002923
v 0.004371 -0.007183 -0.002927
v 0.003086 -0.007261 -0.003961
v 0.002004 -0.007688 -0.003864
v 0.000888 -0.007973 -0.003671
v -0.000236 -0.008109 -0.003387
v 0.006783 0.002760 -0.001826
v 0.006623 0.003053 -0.001713
v 0.006473 0.003327 -0.001550
v 0.006439 0.003389 0.002314
v 0.006223 0.002895 0.003656
v 0.006744 0.002830 0.002614
v 0.007127 0.002673 0.001522
v 0.007679 0.001661 0.001227
v 0.007948 0.000628 0.001763
v 0.007865 0.000779 -0.001162
v 0.007211 -0.000131 -0.003423
v 0.007615 0.001780 0.001343
v 0.007709 0.001064 0.002261
v 0.006525 0.002343 -0.002969
v 0.005965 0.002149 -0.003975
v 0.007210 0.002520 0.001559
v 0.006910 0.002528 0.002687
v 0.006466 0.002450 0.003764
v 0.005890 0.002287 0.004766
v 0.007118 0.002146 -0.001894
v 0.006773 0.001888 -0.002979
v 0.006288 0.001558 -0.003989
v 0.005674 0.001163 -0.004900
v 0.004945 0.000714 -0.005693
v 0.004116 0.000219 -0.006350
v 0.003206 -0.000311 -0.006856
v 0.007295 0.002364 0.001569
v 0.007079 0.002219 0.002707
v 0.006715 0.001995 0.003793
v 0.006212 0.001697 0.004804
v 0.005582 0.001332 0.005717
v 0.004839 0.000907 0.006511
v 0.003999 0.000433 0.007169
v 0.007400 0.002172 -0.000734
v 0.007286 0.001839 -0.001848
v 0.007020 0.001436 -0.002911
v 0.006609 0.000972 -0.003900
v 0.006061 0.000456 -0.004793
v 0.005389 -0.000100 -0.005569
v 0.004608 -0.000682 -0.006213
v 0.003735 -0.001279 -0.006708
v 0.002791 -0.001877 -0.007045
v 0.007381 0.002208 0.001551
v 0.007247 0.001911 0.002673
v 0.006962 0.001542 0.003743
v 0.006534 0.001109 0.004739
v 0.005970 0.000621 0.005638
v 0.005285 0.000091 0.006421
v 0.004493 -0.000471 0.007068
v 0.003612 -0.001053 0.007567
v 0.002661 -0.001640 0.007906
v 0.007482 0.002022 -0.000684
v 0.007448 0.001542 -0.001748
v 0.007259 0.000999 -0.002764
v 0.006919 0.000404 -0.003709
v 0.006435 -0.000229 -0.004563
v 0.005819 -0.000887 -0.005305
v 0.005084 -0.001554 -0.005920
v 0.004247 -0.002216 -0.006394
v 0.003327 -0.002858 -0.006715
v 0.002343 -0.003466 -0.006878
v 0.007463 0.002056 0.001507
v 0.007411 0.001611 0.002585
v 0.007203 0.001101 0.003615
v 0.006847 0.000536 0.004572
v 0.006348 -0.000070 0.005437
v 0.005719 -0.000704 0.006189
v 0.004974 -0.001352 0.006812
v 0.004129 -0.001999 0.007292
v 0.003203 -0.002631 0.007618
v 0.002216 -0.003234 0.007783
v 0.001836 -0.004973 -0.006371
v 0.002861 -0.004413 -0.006371
v 0.003833 -0.003784 -0.006219
v 0.004731 -0.003100 -0.005920
v 0.005534 -0.002377 -0.005479
v 0.006225 -0.001629 -0.004907
v 0.006788 -0.000875 -0.004217
v 0.007542 0.001912 0.001437
v 0.007566 0.001327 0.002447
v 0.007432 0.000682 0.003411
v 0.007144 -0.000008 0.004308
v 0.006707 -0.000727 0.005118
v 0.006132 -0.001459 0.005822
v 0.005431 -0.002188 0.006406
v 0.004620 -0.002898 0.006855
v 0.003717 -0.003572 0.007160
v 0.002742 -0.004196 0.007315
v 0.001718 -0.004756 0.007315
v 0.001246 -0.006300 -0.005568
v 0.002310 -0.005841 -0.005704
v 0.003335 -0.005281 -0.005704
v 0.004297 -0.004633 -0.005568
v 0.005173 -0.003911 -0.005298
v 0.005946 -0.003131 -0.004901
v 0.006597 -0.002310 -0.004385
v 0.007111 -0.001467 -0.003762
v 0.007479 -0.000621 -0.003046
v 0.001141 -0.006108 0.006544
v 0.002203 -0.005645 0.006684
v 0.003228 -0.005085 0.006684
v 0.004192 -0.004441 0.006544
v 0.005073 -0.003727 0.006267
v 0.005852 -0.002960 0.005858
v 0.006512 -0.002156 0.005328
v 0.000816 -0.007840 0.004695
v 0.001928 -0.007549 0.004898
v 0.003009 -0.007119 0.005001
v 0.004033 -0.006559 0.005001
v 0.004979 -0.005882 0.004898
v 0.000556 -0.007365 -0.004542
v 0.001656 -0.007052 -0.004777
v 0.002730 -0.006610 -0.004895
v 0.003755 -0.006050 -0.004895
v 0.004707 -0.005385 -0.004777
v 0.005565 -0.004628 -0.004542
v 0.006310 -0.003798 -0.004198
v 0.000469 -0.007205 0.005541
v 0.001565 -0.006884 0.005784
v 0.002637 -0.006439 0.005907
v 0.003661 -0.005879 0.005907
v 0.004616 -0.005217 0.005784
v 0.005478 -0.004468 0.005541
v 0.006229 -0.003649 0.005183
f 1 2 3
f 1 3 4
f 4 3 5
f 4 5 6
f 6 5 7
f 6 7 8
f 9 10 11
f 11 10 12
f 11 12 13
f 13 12 14
f 13 14 15
f 15 14 16
f 15 16 17
f 17 16 18
f 17 18 19
f 19 18 20
f 19 20 21
f 21 20 22
f 21 22 23
f 23 22 24
f 23 24 25
f 25 24 26
f 25 26 27
f 27 26 28
f 27 28 29
f 29 28 30
f 29 30 31
f 31 30 32
f 31 32 33
f 33 32 34
f 33 34 35
f 35 34 36
f 35 36 37
f 37 36 38
f 37 38 39
f 39 38 40
f 39 40 41
f 41 40 42
f 41 42 43
f 43 42 44
f 43 44 45
f 45 44 46
f 45 46 47
f 47 46 48
f 47 48 49
f 49 48 50
f 49 50 51
f 51 50 52
f 51 52 9
f 9 52 10
f 53 24 54
f 54 24 22
f 54 22 55
f 56 28 53
f 53 28 26
f 53 26 24
f 46 57 58
f 59 50 58
f 58 50 48
f 58 48 46
f 60 10 59
f 59 10 52
f 59 52 50
f 61 32 56
f 56 32 30
f 56 30 28
f 46 44 57
f 57 44 42
f 57 42 62
f 62 42 40
f 62 40 63
f 64 14 60
f 60 14 12
f 60 12 10
f 22 20 55
f 55 20 18
f 55 18 64
f 64 18 16
f 64 16 14
f 40 38 63
f 63 38 36
f 63 36 61
f 61 36 34
f 61 34 32
f 65 66 67
f 68 69 70
f 71 72 73
f 74 75 76
f 77 78 79
f 80 81 82
f 83 84 82
f 80 82 85
f 86 87 88
f 88 87 89
f 88 89 85
f 85 82 88
f 88 82 84
f 88 84 90
f 91 86 92
f 92 86 88
f 92 88 93
f 93 88 90
f 93 90 94
f 95 96 97
f 95 97 98
f 99 95 100
f 100 95 98
f 100 98 101
f 101 98 102
f 66 103 67
f 67 103 104
f 67 104 105
f 104 106 105
f 105 106 107
f 105 107 108
f 109 110 111
f 111 110 112
f 111 112 113
f 113 112 114
f 113 114 115
f 107 116 108
f 108 116 117
f 108 117 76
f 118 74 119
f 119 74 76
f 119 76 120
f 120 76 117
f 121 122 123
f 123 122 124
f 123 124 125
f 125 124 126
f 125 126 77
f 110 121 112
f 112 121 123
f 112 123 114
f 114 123 125
f 114 125 127
f 127 125 77
f 127 77 128
f 128 77 79
f 128 79 129
f 130 131 71
f 71 131 132
f 71 132 72
f 73 133 71
f 71 133 134
f 71 134 135
f 136 137 138
f 69 65 70
f 70 65 67
f 70 67 109
f 109 67 105
f 109 105 110
f 110 105 108
f 110 108 121
f 121 108 76
f 121 76 122
f 122 76 75
f 139 140 141
f 141 140 142
f 141 142 130
f 130 142 143
f 130 143 131
f 144 145 146
f 146 145 147
f 146 147 141
f 141 147 148
f 141 148 139
f 81 144 82
f 82 144 146
f 82 146 83
f 83 146 141
f 83 141 149
f 149 141 130
f 149 130 150
f 150 130 71
f 150 71 136
f 136 71 135
f 136 135 137
f 129 102 128
f 128 102 98
f 128 98 127
f 127 98 97
f 127 97 114
f 114 97 96
f 114 96 115
f 75 151 122
f 122 151 152
f 122 152 124
f 124 152 153
f 124 153 126
f 126 153 154
f 126 154 77
f 77 154 155
f 77 155 78
f 99 156 95
f 95 156 94
f 95 94 96
f 96 94 90
f 96 90 115
f 115 90 84
f 115 84 113
f 113 84 83
f 113 83 111
f 111 83 149
f 111 149 109
f 109 149 150
f 109 150 70
f 70 150 136
f 70 136 68
f 68 136 138
f 157 158 159
f 160 161 162
f 163 164 165
f 165 164 166
f 165 166 167
f 168 169 170
f 170 169 171
f 170 171 164
f 164 171 172
f 164 172 166
f 168 170 173
f 173 170 174
f 173 174 175
f 175 174 176
f 176 174 177
f 176 177 178
f 178 177 179
f 179 177 180
f 179 180 181
f 182 183 180
f 180 183 184
f 180 184 181
f 161 185 162
f 162 185 186
f 162 186 182
f 182 186 187
f 182 187 183
f 188 189 190
f 158 129 159
f 159 129 79
f 159 79 191
f 191 79 78
f 191 78 190
f 190 189 191
f 191 189 192
f 191 192 159
f 159 192 193
f 159 193 157
f 194 195 196
f 194 196 197
f 198 199 162
f 162 199 200
f 162 200 160
f 160 200 201
f 160 201 202
f 163 197 164
f 164 197 196
f 164 196 170
f 170 196 203
f 170 203 174
f 174 203 204
f 174 204 177
f 177 204 205
f 177 205 180
f 180 205 206
f 180 206 182
f 182 206 207
f 182 207 162
f 162 207 208
f 162 208 198
f 152 151 209
f 209 151 75
f 209 75 210
f 210 75 74
f 210 74 118
f 210 211 209
f 209 211 212
f 209 212 213
f 214 215 208
f 208 215 216
f 208 216 198
f 209 217 152
f 152 217 218
f 152 218 153
f 153 218 219
f 153 219 154
f 154 219 155
f 78 155 190
f 190 155 219
f 190 219 188
f 188 219 218
f 188 218 220
f 220 218 217
f 220 217 221
f 221 217 209
f 221 209 222
f 222 209 213
f 222 213 223
f 224 225 193
f 225 226 193
f 193 226 227
f 193 227 157
f 195 224 196
f 196 224 193
f 196 193 203
f 203 193 192
f 203 192 204
f 204 192 189
f 204 189 205
f 205 189 188
f 205 188 206
f 206 188 220
f 206 220 207
f 207 220 221
f 207 221 208
f 208 221 222
f 208 222 214
f 214 222 223
f 211 210 228
f 118 119 229
f 230 231 232
f 233 234 235
f 236 237 238
f 239 240 241
f 242 202 201
f 243 244 242
f 245 246 247
f 247 246 248
f 249 250 251
f 252 253 254
f 254 253 255
f 256 257 258
f 258 257 259
f 260 261 262
f 262 261 263
f 262 263 256
f 264 265 266
f 267 268 269
f 270 271 272
f 272 271 273
f 272 273 267
f 267 273 268
f 270 272 274
f 274 272 275
f 274 275 276
f 276 275 277
f 277 275 278
f 277 278 279
f 280 281 278
f 281 282 278
f 278 282 283
f 278 283 279
f 284 285 286
f 286 285 287
f 288 289 290
f 290 289 291
f 290 291 292
f 293 294 295
f 295 294 296
f 295 296 297
f 298 238 299
f 299 238 237
f 299 237 300
f 300 237 301
f 302 303 304
f 305 301 306
f 306 301 237
f 306 237 307
f 307 237 236
f 307 236 308
f 308 309 307
f 307 309 235
f 307 235 306
f 306 235 234
f 306 234 305
f 310 311 312
f 312 311 313
f 312 134 133
f 314 310 315
f 315 310 312
f 315 312 316
f 316 312 133
f 316 133 73
f 317 309 318
f 318 309 308
f 318 308 319
f 319 308 236
f 319 236 320
f 320 236 238
f 320 238 241
f 241 238 298
f 241 298 239
f 230 65 69
f 69 68 230
f 230 68 313
f 230 313 231
f 231 313 311
f 68 138 313
f 313 138 137
f 313 137 312
f 312 137 135
f 312 135 134
f 321 303 322
f 322 303 302
f 322 302 323
f 324 321 325
f 325 321 322
f 325 322 326
f 326 322 323
f 326 323 327
f 328 232 329
f 329 232 231
f 329 231 317
f 317 231 311
f 317 311 309
f 309 311 310
f 309 310 235
f 235 310 314
f 235 314 233
f 107 106 330
f 330 106 331
f 330 331 332
f 210 118 228
f 228 118 229
f 228 229 333
f 333 229 334
f 333 334 335
f 120 117 330
f 330 117 116
f 330 116 107
f 119 120 229
f 229 120 330
f 229 330 334
f 334 330 332
f 334 332 335
f 335 332 328
f 106 104 331
f 331 104 103
f 331 103 66
f 328 332 232
f 232 332 331
f 232 331 230
f 230 331 66
f 230 66 65
f 336 337 338
f 339 340 341
f 338 342 336
f 336 342 343
f 336 343 344
f 344 343 264
f 344 264 262
f 262 264 266
f 262 266 260
f 256 258 262
f 262 258 345
f 262 345 344
f 344 345 341
f 344 341 336
f 336 341 340
f 336 340 337
f 339 341 346
f 346 341 345
f 346 345 347
f 347 345 258
f 347 258 253
f 253 258 259
f 253 259 255
f 348 349 350
f 350 349 351
f 350 351 352
f 353 304 354
f 354 304 303
f 354 303 355
f 355 303 321
f 355 321 356
f 356 321 324
f 356 324 357
f 357 324 358
f 357 358 359
f 359 358 360
f 359 360 352
f 352 360 361
f 352 361 350
f 350 361 362
f 350 362 348
f 348 362 249
f 363 247 243
f 243 247 248
f 243 248 244
f 242 201 243
f 243 201 200
f 243 200 363
f 200 199 363
f 363 199 198
f 363 198 216
f 251 245 249
f 249 245 247
f 249 247 348
f 348 247 363
f 348 363 349
f 349 363 216
f 349 216 215
f 364 365 366
f 366 365 367
f 366 367 368
f 369 284 370
f 370 284 286
f 370 286 371
f 371 286 372
f 371 372 373
f 373 372 374
f 338 375 342
f 342 375 376
f 342 376 374
f 374 376 377
f 374 377 373
f 297 288 295
f 295 288 290
f 295 290 378
f 378 290 379
f 378 379 380
f 380 379 381
f 380 381 382
f 382 381 383
f 368 384 385
f 385 384 386
f 385 386 387
f 292 369 290
f 290 369 370
f 290 370 379
f 379 370 371
f 379 371 381
f 381 371 373
f 381 373 383
f 383 373 377
f 267 388 272
f 272 388 389
f 272 389 275
f 275 389 390
f 275 390 278
f 287 280 286
f 286 280 278
f 286 278 372
f 372 278 390
f 372 390 374
f 374 390 389
f 374 389 342
f 342 389 388
f 342 388 343
f 343 388 267
f 343 267 264
f 264 267 269
f 264 269 265
f 391 392 393
f 391 393 394
f 394 393 395
f 394 395 396
f 392 397 393
f 393 397 398
f 393 398 399
f 400 401 402
f 402 401 403
f 402 403 404
f 405 406 407
f 408 409 395
f 395 409 410
f 395 410 396
f 400 402 411
f 411 402 412
f 411 412 413
f 413 412 414
f 413 414 415
f 416 417 418
f 418 417 419
f 419 420 418
f 418 420 421
f 418 421 422
f 421 423 422
f 422 423 424
f 422 424 425
f 425 424 426
f 426 427 425
f 425 427 428
f 425 428 429
f 429 428 430
f 429 430 364
f 368 385 366
f 366 385 431
f 366 431 432
f 432 431 433
f 432 433 434
f 434 433 435
f 434 435 436
f 364 366 429
f 429 366 432
f 429 432 425
f 425 432 434
f 425 434 422
f 422 434 436
f 422 436 418
f 437 438 439
f 439 438 440
f 439 440 441
f 441 440 442
f 441 442 443
f 443 442 444
f 443 444 408
f 408 444 445
f 408 445 409
f 446 447 448
f 448 447 449
f 448 449 450
f 450 449 451
f 450 451 452
f 453 454 455
f 455 454 456
f 455 456 457
f 457 456 439
f 457 439 458
f 458 439 441
f 458 441 459
f 459 441 443
f 459 443 460
f 460 443 408
f 460 408 415
f 415 408 395
f 415 395 413
f 413 395 393
f 413 393 411
f 411 393 399
f 411 399 400
f 437 439 461
f 461 439 456
f 461 456 462
f 462 456 454
f 462 454 463
f 464 465 466
f 466 465 467
f 466 467 446
f 446 467 468
f 446 468 447
f 447 468 469
f 447 469 449
f 449 469 470
f 449 470 451
f 471 453 464
f 464 453 455
f 464 455 465
f 465 455 457
f 465 457 467
f 467 457 458
f 467 458 468
f 468 458 459
f 468 459 469
f 469 459 460
f 469 460 470
f 470 460 415
f 470 415 451
f 451 415 414
f 451 414 452
f 472 473 474
f 474 473 475
f 474 475 476
f 476 475 477
f 476 477 478
f 478 477 479
f 478 479 480
f 480 479 481
f 480 481 482
f 482 481 483
f 482 483 484
f 484 483 485
f 484 485 486
f 486 485 487
f 486 487 488
f 353 488 304
f 304 488 487
f 304 487 302
f 302 487 485
f 302 485 323
f 323 485 483
f 323 483 327
f 327 483 481
f 327 481 489
f 489 481 479
f 489 479 490
f 490 479 477
f 490 477 491
f 491 477 475
f 491 475 492
f 492 475 473
f 353 471 488
f 488 471 464
f 488 464 486
f 486 464 466
f 486 466 484
f 484 466 446
f 484 446 482
f 482 446 448
f 482 448 480
f 480 448 450
f 480 450 478
f 478 450 452
f 478 452 476
f 476 452 414
f 476 414 474
f 474 414 412
f 474 412 472
f 472 412 402
f 406 416 407
f 407 416 418
f 407 418 493
f 493 418 436
f 493 436 494
f 494 436 435
f 494 435 382
f 382 435 433
f 382 433 380
f 380 433 431
f 380 431 378
f 378 431 385
f 378 385 295
f 295 385 387
f 295 387 293
f 215 214 349
f 349 214 223
f 349 223 351
f 351 223 213
f 351 213 212
f 212 211 351
f 351 211 228
f 351 228 352
f 352 228 333
f 352 333 359
f 359 333 335
f 359 335 357
f 357 335 328
f 357 328 356
f 356 328 329
f 356 329 355
f 355 329 317
f 355 317 354
f 354 317 318
f 354 318 353
f 353 318 319
f 353 319 471
f 471 319 320
f 471 320 453
f 453 320 241
f 453 241 454
f 454 241 240
f 454 240 463
f 404 405 402
f 402 405 407
f 402 407 472
f 472 407 493
f 472 493 473
f 473 493 494
f 473 494 492
f 492 494 382
f 492 382 491
f 491 382 383
f 491 383 490
f 490 383 377
f 490 377 489
f 489 377 376
f 489 376 327
f 327 376 375
f 327 375 326
f 326 375 338
f 326 338 325
f 325 338 337
f 325 337 324
f 324 337 340
f 324 340 358
f 358 340 339
f 358 339 360
f 360 339 346
f 360 346 361
f 361 346 347
f 361 347 362
f 362 347 253
f 362 253 249
f 249 253 252
f 249 252 250
f 495 496 497
f 404 403 498
f 400 399 499
f 500 501 502
f 503 504 505
f 420 419 506
f 406 405 507
f 506 419 508
f 508 419 417
f 508 417 507
f 507 417 416
f 507 416 406
f 509 510 511
f 511 510 426
f 426 424 511
f 511 424 423
f 511 423 506
f 506 423 421
f 506 421 420
f 496 512 497
f 497 512 513
f 497 513 514
f 514 513 515
f 514 515 516
f 516 515 517
f 516 517 518
f 518 517 519
f 512 509 513
f 513 509 511
f 513 511 515
f 515 511 506
f 515 506 517
f 517 506 508
f 517 508 519
f 519 508 507
f 520 521 522
f 522 521 523
f 522 523 524
f 525 526 527
f 527 503 525
f 525 503 505
f 525 505 524
f 524 505 528
f 524 528 522
f 522 528 529
f 522 529 520
f 520 529 530
f 531 532 533
f 534 535 536
f 536 535 537
f 536 537 538
f 500 502 539
f 540 541 535
f 535 541 542
f 535 542 537
f 537 542 543
f 543 539 537
f 537 539 502
f 537 502 538
f 538 502 544
f 538 544 545
f 391 546 392
f 392 546 547
f 392 547 397
f 397 547 398
f 548 549 550
f 550 549 547
f 550 547 551
f 551 547 546
f 552 553 554
f 554 553 549
f 554 549 555
f 555 549 548
f 552 556 553
f 553 556 557
f 553 557 558
f 558 557 559
f 558 559 560
f 400 499 401
f 403 401 498
f 498 401 499
f 498 499 561
f 561 499 562
f 561 562 563
f 399 398 499
f 499 398 547
f 499 547 562
f 562 547 549
f 562 549 563
f 563 549 553
f 563 553 534
f 534 553 558
f 534 558 535
f 535 558 560
f 535 560 540
f 532 564 533
f 533 564 565
f 533 565 566
f 566 565 567
f 566 567 568
f 504 495 505
f 505 495 497
f 505 497 528
f 528 497 514
f 528 514 529
f 529 514 516
f 529 516 530
f 530 516 518
f 569 531 523
f 523 531 533
f 523 533 524
f 524 533 566
f 524 566 525
f 525 566 568
f 525 568 526
f 405 404 507
f 507 404 498
f 507 498 519
f 519 498 561
f 519 561 518
f 518 561 563
f 518 563 530
f 530 563 534
f 530 534 520
f 520 534 536
f 520 536 521
f 521 536 538
f 521 538 523
f 523 538 545
f 523 545 569
f 367 365 570
f 571 572 512
f 364 430 573
f 386 384 574
f 575 576 577
f 577 576 578
f 579 580 581
f 581 580 582
f 581 582 578
f 578 582 583
f 578 583 577
f 579 581 584
f 584 581 585
f 584 585 586
f 586 585 587
f 587 585 588
f 587 588 589
f 590 591 588
f 588 591 592
f 588 592 589
f 593 594 590
f 590 594 595
f 590 595 591
f 596 593 597
f 597 593 590
f 597 590 598
f 598 590 599
f 294 293 600
f 575 601 576
f 576 601 602
f 576 602 600
f 600 602 603
f 600 603 294
f 294 603 604
f 294 604 296
f 386 574 387
f 605 599 606
f 606 599 590
f 606 590 607
f 607 590 588
f 607 588 608
f 608 588 585
f 608 585 609
f 609 585 581
f 609 581 610
f 610 581 578
f 610 578 611
f 611 578 576
f 611 576 574
f 574 576 600
f 574 600 387
f 387 600 293
f 612 613 527
f 567 614 568
f 568 614 612
f 568 612 526
f 526 612 527
f 567 615 614
f 614 615 616
f 614 616 617
f 618 613 619
f 619 613 612
f 619 612 620
f 620 612 614
f 620 614 621
f 621 614 617
f 621 617 622
f 426 510 427
f 427 510 428
f 512 572 509
f 509 572 573
f 509 573 510
f 510 573 430
f 510 430 428
f 512 496 571
f 571 496 495
f 571 495 623
f 623 495 504
f 623 504 503
f 367 570 368
f 365 364 570
f 570 364 573
f 570 573 624
f 624 573 572
f 624 572 625
f 625 572 571
f 625 571 618
f 618 571 623
f 618 623 613
f 613 623 503
f 613 503 527
f 626 627 606
f 606 627 628
f 606 628 605
f 622 626 621
f 621 626 606
f 621 606 620
f 620 606 607
f 620 607 619
f 619 607 608
f 619 608 618
f 618 608 609
f 618 609 625
f 625 609 610
f 625 610 624
f 624 610 611
f 624 611 570
f 570 611 574
f 570 574 368
f 368 574 384
f 629 630 631
f 631 630 632
f 631 632 633
f 631 634 629
f 629 634 635
f 629 635 636
f 637 638 639
f 639 640 641
f 641 640 642
f 641 643 639
f 639 643 644
f 639 644 645
f 645 646 639
f 639 646 647
f 639 647 637
f 501 500 648
f 410 409 649
f 546 391 394
f 650 651 652
f 653 654 655
f 656 657 658
f 659 660 661
f 662 663 664
f 665 666 667
f 668 669 670
f 669 668 671
f 671 668 672
f 671 672 673
f 664 663 672
f 672 663 674
f 672 674 673
f 675 676 677
f 676 675 678
f 678 675 679
f 678 679 680
f 681 682 679
f 679 682 683
f 679 683 680
f 684 685 686
f 686 685 687
f 686 687 681
f 681 687 688
f 681 688 682
f 689 690 691
f 691 690 692
f 691 692 693
f 694 695 696
f 696 695 697
f 698 699 700
f 701 702 703
f 703 702 704
f 703 704 705
f 706 707 653
f 653 707 708
f 653 708 654
f 654 708 709
f 654 709 701
f 710 711 712
f 713 714 715
f 715 714 716
f 715 716 717
f 718 719 713
f 719 720 713
f 713 720 721
f 713 721 714
f 722 659 723
f 657 718 658
f 658 718 713
f 658 713 724
f 725 668 667
f 667 668 670
f 667 670 665
f 725 656 668
f 668 656 658
f 668 658 672
f 672 658 724
f 672 724 664
f 659 661 723
f 723 661 726
f 723 726 727
f 727 726 728
f 727 728 729
f 729 728 730
f 729 730 731
f 731 730 732
f 731 732 733
f 733 732 734
f 733 734 735
f 722 723 736
f 736 723 727
f 736 727 737
f 737 727 729
f 737 729 738
f 738 729 731
f 738 731 739
f 739 731 733
f 739 733 740
f 740 733 735
f 740 735 741
f 742 743 744
f 744 743 686
f 744 686 745
f 745 686 681
f 745 681 746
f 746 681 679
f 746 679 747
f 747 679 675
f 747 675 748
f 741 742 740
f 740 742 744
f 740 744 739
f 739 744 745
f 739 745 738
f 738 745 746
f 738 746 737
f 737 746 747
f 737 747 736
f 736 747 748
f 736 748 722
f 749 750 751
f 751 750 752
f 751 752 655
f 753 754 749
f 749 754 755
f 749 755 750
f 750 755 756
f 750 756 757
f 655 752 653
f 653 752 758
f 653 758 759
f 712 706 710
f 710 706 653
f 710 653 760
f 760 653 759
f 757 761 750
f 750 761 762
f 750 762 752
f 752 762 763
f 752 763 758
f 764 240 765
f 765 240 239
f 765 239 766
f 239 298 766
f 766 298 299
f 766 299 767
f 299 300 767
f 767 300 301
f 767 301 768
f 769 770 771
f 772 773 774
f 301 305 768
f 768 305 234
f 768 234 775
f 775 234 233
f 775 233 776
f 777 651 778
f 778 651 650
f 778 650 779
f 316 780 315
f 315 780 776
f 315 776 314
f 314 776 233
f 316 73 780
f 780 73 72
f 780 72 132
f 140 139 781
f 652 131 143
f 142 140 782
f 782 140 781
f 782 781 783
f 783 781 784
f 783 784 785
f 785 784 786
f 785 786 787
f 787 786 788
f 787 788 789
f 789 788 790
f 789 790 791
f 791 790 792
f 791 792 793
f 793 792 794
f 793 794 734
f 734 794 795
f 734 795 735
f 735 795 796
f 735 796 741
f 741 796 797
f 741 797 742
f 742 797 691
f 742 691 743
f 743 691 693
f 743 693 686
f 686 693 798
f 686 798 684
f 799 81 800
f 800 81 80
f 800 80 85
f 799 800 801
f 801 800 802
f 801 802 803
f 803 802 804
f 803 804 805
f 805 804 806
f 805 806 807
f 807 806 808
f 807 808 809
f 809 808 810
f 809 810 811
f 811 810 812
f 811 812 813
f 813 812 698
f 813 698 696
f 696 698 700
f 696 700 694
f 751 814 749
f 749 814 815
f 749 815 816
f 701 703 654
f 654 703 817
f 654 817 655
f 655 817 818
f 655 818 751
f 751 818 819
f 751 819 814
f 814 819 820
f 814 820 815
f 815 820 821
f 815 821 816
f 89 87 816
f 85 89 800
f 800 89 816
f 800 816 802
f 802 816 821
f 802 821 804
f 804 821 820
f 804 820 806
f 806 820 819
f 806 819 808
f 808 819 818
f 808 818 810
f 810 818 817
f 810 817 812
f 812 817 703
f 812 703 698
f 698 703 705
f 698 705 699
f 147 145 799
f 799 145 144
f 799 144 81
f 139 148 781
f 781 148 822
f 781 822 784
f 784 822 823
f 784 823 786
f 786 823 824
f 786 824 788
f 788 824 825
f 788 825 790
f 790 825 826
f 790 826 792
f 792 826 827
f 792 827 794
f 794 827 828
f 794 828 795
f 795 828 829
f 795 829 796
f 796 829 830
f 796 830 797
f 797 830 831
f 797 831 691
f 691 831 832
f 691 832 689
f 148 147 822
f 822 147 799
f 822 799 823
f 823 799 801
f 823 801 824
f 824 801 803
f 824 803 825
f 825 803 805
f 825 805 826
f 826 805 807
f 826 807 827
f 827 807 809
f 827 809 828
f 828 809 811
f 828 811 829
f 829 811 813
f 829 813 830
f 830 813 696
f 830 696 831
f 831 696 697
f 831 697 832
f 548 550 833
f 833 550 551
f 834 554 555
f 396 835 394
f 394 835 833
f 394 833 546
f 546 833 551
f 555 548 834
f 834 548 833
f 834 833 836
f 836 833 835
f 836 835 837
f 838 557 556
f 556 552 839
f 445 444 840
f 840 444 442
f 840 442 841
f 841 442 440
f 841 440 842
f 440 438 842
f 842 438 437
f 842 437 843
f 409 445 649
f 649 445 840
f 649 840 844
f 844 840 841
f 844 841 845
f 845 841 842
f 845 842 846
f 846 842 843
f 846 843 847
f 847 843 764
f 847 764 848
f 848 764 765
f 848 765 849
f 849 765 766
f 849 766 850
f 850 766 767
f 850 767 851
f 851 767 768
f 851 768 852
f 852 768 775
f 852 775 777
f 777 775 776
f 777 776 651
f 651 776 780
f 651 780 652
f 652 780 132
f 652 132 131
f 437 461 843
f 843 461 462
f 843 462 764
f 764 462 463
f 764 463 240
f 769 771 853
f 853 771 854
f 853 854 855
f 855 854 856
f 855 856 857
f 857 856 858
f 857 858 859
f 859 858 860
f 859 860 861
f 861 860 862
f 861 862 863
f 863 862 864
f 863 864 865
f 865 864 866
f 865 866 867
f 867 866 868
f 867 868 837
f 837 868 869
f 837 869 836
f 836 869 839
f 836 839 834
f 834 839 552
f 834 552 554
f 772 774 870
f 870 774 871
f 870 871 872
f 872 871 873
f 872 873 874
f 874 873 875
f 874 875 876
f 876 875 877
f 876 877 878
f 878 877 879
f 878 879 880
f 880 879 881
f 880 881 882
f 882 881 883
f 882 883 884
f 884 883 885
f 884 885 886
f 886 885 887
f 886 887 888
f 888 887 889
f 888 889 838
f 838 889 559
f 838 559 557
f 556 839 838
f 838 839 869
f 838 869 888
f 888 869 868
f 888 868 886
f 886 868 866
f 886 866 884
f 884 866 864
f 884 864 882
f 882 864 862
f 882 862 880
f 880 862 860
f 880 860 878
f 878 860 858
f 878 858 876
f 876 858 856
f 876 856 874
f 874 856 854
f 874 854 872
f 872 854 771
f 872 771 870
f 870 771 770
f 870 770 772
f 396 410 835
f 835 410 649
f 835 649 837
f 837 649 844
f 837 844 867
f 867 844 845
f 867 845 865
f 865 845 846
f 865 846 863
f 863 846 847
f 863 847 861
f 861 847 848
f 861 848 859
f 859 848 849
f 859 849 857
f 857 849 850
f 857 850 855
f 855 850 851
f 855 851 853
f 853 851 852
f 853 852 769
f 769 852 777
f 769 777 770
f 770 777 778
f 770 778 772
f 772 778 779
f 772 779 773
f 890 539 543
f 542 541 891
f 891 541 540
f 891 540 560
f 501 648 892
f 543 542 890
f 890 542 891
f 890 891 893
f 893 891 894
f 893 894 895
f 895 894 896
f 895 896 897
f 897 896 898
f 897 898 899
f 899 898 900
f 899 900 901
f 901 900 902
f 901 902 903
f 903 902 904
f 903 904 905
f 905 904 906
f 905 906 907
f 717 892 715
f 715 892 648
f 715 648 908
f 908 648 909
f 908 909 910
f 910 909 911
f 910 911 912
f 912 911 913
f 912 913 914
f 914 913 915
f 914 915 916
f 916 915 917
f 916 917 918
f 918 917 919
f 918 919 920
f 920 919 921
f 920 921 922
f 922 921 923
f 922 923 924
f 924 923 925
f 924 925 926
f 500 539 648
f 648 539 890
f 648 890 909
f 909 890 893
f 909 893 911
f 911 893 895
f 911 895 913
f 913 895 897
f 913 897 915
f 915 897 899
f 915 899 917
f 917 899 901
f 917 901 919
f 919 901 903
f 919 903 921
f 921 903 905
f 921 905 923
f 923 905 907
f 923 907 925
f 773 926 774
f 774 926 925
f 774 925 871
f 871 925 907
f 871 907 873
f 873 907 906
f 873 906 875
f 875 906 904
f 875 904 877
f 877 904 902
f 877 902 879
f 879 902 900
f 879 900 881
f 881 900 898
f 881 898 883
f 883 898 896
f 883 896 885
f 885 896 894
f 885 894 887
f 887 894 891
f 887 891 889
f 889 891 560
f 889 560 559
f 87 86 816
f 816 86 91
f 816 91 749
f 749 91 927
f 749 927 753
f 143 142 652
f 652 142 782
f 652 782 650
f 650 782 783
f 650 783 779
f 779 783 785
f 779 785 773
f 773 785 787
f 773 787 926
f 926 787 789
f 926 789 924
f 924 789 791
f 924 791 922
f 922 791 793
f 922 793 920
f 920 793 734
f 920 734 918
f 918 734 732
f 918 732 916
f 916 732 730
f 916 730 914
f 914 730 728
f 914 728 912
f 912 728 726
f 912 726 910
f 910 726 661
f 910 661 908
f 908 661 660
f 908 660 715
f 715 660 659
f 715 659 713
f 713 659 722
f 713 722 724
f 724 722 748
f 724 748 664
f 664 748 675
f 664 675 662
f 662 675 677
f 640 639 928
f 640 928 929
f 929 928 930
f 929 930 931
f 931 930 932
f 931 932 933
f 934 2 935
f 935 2 1
f 936 8 937
f 937 8 7
f 937 7 938
f 939 7 940
f 940 7 941
f 939 942 7
f 7 942 943
f 7 943 944
f 944 945 7
f 7 945 946
f 7 946 938
f 639 638 947
f 948 941 7
f 947 949 639
f 639 949 950
f 639 950 928
f 928 950 951
f 928 951 952
f 948 7 953
f 954 955 25
f 41 930 39
f 39 930 928
f 39 928 37
f 37 928 956
f 37 956 35
f 35 956 33
f 952 636 928
f 928 636 635
f 928 635 957
f 958 5 959
f 959 5 960
f 13 15 3
f 3 15 17
f 3 17 5
f 5 17 19
f 5 19 960
f 960 19 21
f 960 21 23
f 33 956 31
f 31 956 961
f 31 961 29
f 29 961 962
f 29 962 963
f 3 2 13
f 13 2 934
f 13 934 11
f 11 934 964
f 11 964 9
f 9 964 965
f 9 965 51
f 957 966 928
f 928 966 967
f 928 967 956
f 968 969 7
f 7 969 970
f 7 970 971
f 958 972 5
f 5 972 973
f 5 973 974
f 974 975 5
f 5 975 976
f 5 976 7
f 7 976 977
f 7 977 968
f 27 978 25
f 25 978 979
f 25 979 954
f 965 980 51
f 51 980 981
f 51 981 49
f 49 981 982
f 49 982 47
f 47 982 983
f 47 983 45
f 45 983 984
f 45 984 43
f 43 984 985
f 43 985 41
f 41 985 932
f 41 932 930
f 971 986 7
f 7 986 987
f 7 987 953
f 963 988 29
f 29 988 989
f 29 989 27
f 27 989 990
f 27 990 978
f 955 991 25
f 25 991 992
f 25 992 23
f 23 992 993
f 23 993 960
f 994 962 961
f 995 996 961
f 961 996 997
f 998 994 999
f 999 994 961
f 999 961 1000
f 1000 961 997
f 1000 997 1001
f 635 634 1002
f 635 1002 957
f 957 1002 1003
f 957 1003 966
f 966 1003 1004
f 966 1004 967
f 967 1004 1005
f 967 1005 956
f 956 1005 995
f 956 995 961
f 1006 56 1007
f 1007 56 53
f 1007 53 1008
f 1008 53 54
f 1008 54 1009
f 1009 54 55
f 1009 55 1010
f 1010 55 64
f 1010 64 1011
f 1011 64 60
f 1011 60 1012
f 1012 60 59
f 1012 59 1013
f 1013 59 58
f 1013 58 1014
f 1014 58 57
f 1014 57 1015
f 1015 57 62
f 1015 62 1016
f 1016 62 63
f 1016 63 1017
f 1017 63 61
f 1017 61 1006
f 1006 61 56
f 754 753 1018
f 226 225 1019
f 158 157 1020
f 163 165 1021
f 1022 1023 1024
f 1025 1026 1027
f 1028 1029 1022
f 1029 1030 1022
f 1022 1030 1031
f 1022 1031 1023
f 1023 1031 1032
f 1023 1032 1033
f 1034 1025 1035
f 1036 1037 1038
f 1038 1037 1039
f 1040 1036 1021
f 167 1041 165
f 165 1041 1042
f 165 1042 1021
f 1021 1042 1043
f 1021 1043 1040
f 711 710 1044
f 1044 710 1045
f 1044 1045 1046
f 1046 1045 1033
f 710 760 1045
f 1045 760 759
f 1045 759 1047
f 1036 1038 1021
f 1021 1038 1048
f 1021 1048 1049
f 224 195 1049
f 1049 195 194
f 1049 194 1021
f 1021 194 197
f 1021 197 163
f 1050 1051 100
f 100 101 1050
f 1050 101 102
f 1050 102 1020
f 1020 102 129
f 1020 129 158
f 226 1019 227
f 1025 1027 1035
f 1035 1027 1052
f 1035 1052 1053
f 1053 1052 1054
f 1053 1054 1055
f 1018 753 92
f 92 753 927
f 92 927 91
f 1056 756 755
f 93 94 1057
f 1057 94 156
f 1057 156 1051
f 1051 156 99
f 1051 99 100
f 756 1056 757
f 757 1056 1058
f 757 1058 761
f 759 758 1047
f 1047 758 763
f 1047 763 1058
f 1058 763 762
f 1058 762 761
f 1056 1059 1058
f 1058 1059 1024
f 1058 1024 1047
f 1047 1024 1023
f 1047 1023 1045
f 1045 1023 1033
f 92 93 1018
f 1018 93 1057
f 1018 1057 1060
f 1060 1057 1051
f 1060 1051 1054
f 1054 1051 1050
f 1054 1050 1055
f 1055 1050 1020
f 1055 1020 1019
f 1019 1020 157
f 1019 157 227
f 225 224 1019
f 1019 224 1049
f 1019 1049 1055
f 1055 1049 1048
f 1055 1048 1053
f 1053 1048 1038
f 1053 1038 1035
f 1035 1038 1039
f 1035 1039 1034
f 1026 1028 1027
f 1027 1028 1022
f 1027 1022 1052
f 1052 1022 1024
f 1052 1024 1054
f 1054 1024 1059
f 1054 1059 1060
f 1060 1059 1056
f 1060 1056 1018
f 1018 1056 755
f 1018 755 754
f 1061 1062 1063
f 1064 1065 1066
f 1065 1067 1068
f 1068 1067 1069
f 1069 1067 1070
f 1069 1070 1071
f 1064 1066 1072
f 1072 1066 1073
f 1072 1073 1074
f 1075 1076 1073
f 1073 1076 1077
f 1073 1077 1074
f 1078 1079 1080
f 1080 1079 1081
f 1080 1081 1082
f 1078 1083 1079
f 1079 1083 1084
f 1079 1084 1075
f 1075 1084 1085
f 1075 1085 1076
f 1063 1062 1081
f 1081 1062 1086
f 1081 1086 1082
f 1087 1088 1063
f 1063 1088 1089
f 1063 1089 1061
f 1090 1091 1087
f 1087 1091 1092
f 1087 1092 1088
f 582 580 1093
f 1093 580 1094
f 601 1095 1096
f 601 575 1095
f 1095 575 577
f 1095 577 1093
f 1093 577 583
f 1093 583 582
f 604 603 1096
f 1096 603 602
f 1096 602 601
f 1097 1068 1098
f 1099 1100 1087
f 1087 1100 1090
f 1090 1100 1101
f 1090 1101 1102
f 1065 1068 1066
f 1066 1068 1097
f 1066 1097 1073
f 1073 1097 1103
f 1073 1103 1075
f 1075 1103 1104
f 1075 1104 1079
f 1079 1104 1105
f 1079 1105 1081
f 1081 1105 1106
f 1081 1106 1063
f 1063 1106 1107
f 1063 1107 1087
f 1087 1107 1108
f 1087 1108 1099
f 1109 1110 1108
f 1108 1110 1099
f 596 1111 593
f 593 1111 594
f 594 1111 1112
f 594 1112 595
f 595 1112 1113
f 595 1113 591
f 591 1113 592
f 592 1113 589
f 589 1113 1114
f 589 1114 587
f 580 579 1094
f 1094 579 584
f 1094 584 1114
f 1114 584 586
f 1114 586 587
f 1115 1116 1096
f 1096 1116 1117
f 1096 1117 604
f 604 1117 296
f 1098 1115 1097
f 1097 1115 1096
f 1097 1096 1103
f 1103 1096 1095
f 1103 1095 1104
f 1104 1095 1093
f 1104 1093 1105
f 1105 1093 1094
f 1105 1094 1106
f 1106 1094 1114
f 1106 1114 1107
f 1107 1114 1113
f 1107 1113 1108
f 1108 1113 1112
f 1108 1112 1109
f 1109 1112 1111
f 1118 1119 1120
f 1120 1119 1121
f 1118 1122 1119
f 1119 1122 1123
f 1124 1125 1126
f 1126 1125 1127
f 1126 1127 1119
f 1119 1127 1128
f 1119 1128 1121
f 1124 1126 1129
f 1129 1126 1130
f 1129 1130 1131
f 1131 1130 1132
f 1132 1130 1133
f 1132 1133 1134
f 1134 1133 1135
f 1135 1133 1136
f 1135 1136 1137
f 1138 1139 1140
f 1140 1141 1138
f 1138 1141 1142
f 1138 1142 1136
f 1136 1142 1143
f 1136 1143 1137
f 1144 1145 1146
f 1146 1147 1144
f 1144 1147 1148
f 1144 1148 1139
f 1139 1148 1149
f 1139 1149 1140
f 1150 1151 175
f 171 169 1152
f 1152 169 168
f 1152 168 1151
f 1151 168 173
f 1151 173 175
f 171 1152 172
f 172 1152 1153
f 172 1153 166
f 166 1153 1154
f 166 1154 167
f 1155 1156 1157
f 1158 1159 1139
f 1139 1159 1144
f 1123 1157 1119
f 1119 1157 1156
f 1119 1156 1126
f 1126 1156 1160
f 1126 1160 1130
f 1130 1160 1161
f 1130 1161 1133
f 1133 1161 1162
f 1133 1162 1136
f 1136 1162 1163
f 1136 1163 1138
f 1138 1163 1164
f 1138 1164 1139
f 1139 1164 1165
f 1139 1165 1158
f 1158 1165 1166
f 1167 161 160
f 1168 1167 1169
f 1169 1167 160
f 1169 160 202
f 183 187 1170
f 1170 187 186
f 1170 186 1167
f 1167 186 185
f 1167 185 161
f 183 1170 184
f 184 1170 1171
f 184 1171 181
f 175 176 1150
f 1150 176 178
f 1150 178 1171
f 1171 178 179
f 1171 179 181
f 1172 1173 1153
f 1153 1173 1154
f 1155 1172 1156
f 1156 1172 1153
f 1156 1153 1160
f 1160 1153 1152
f 1160 1152 1161
f 1161 1152 1151
f 1161 1151 1162
f 1162 1151 1150
f 1162 1150 1163
f 1163 1150 1171
f 1163 1171 1164
f 1164 1171 1170
f 1164 1170 1165
f 1165 1170 1167
f 1165 1167 1166
f 1166 1167 1168
f 1174 1175 1176
f 265 269 1177
f 1177 269 268
f 1177 268 1178
f 1179 263 261
f 1179 261 1180
f 1180 261 260
f 1180 260 1177
f 1177 260 266
f 1177 266 265
f 1181 252 1182
f 1182 252 254
f 1182 254 255
f 248 246 1183
f 1183 246 1184
f 246 245 1184
f 1184 245 251
f 1184 251 1181
f 1181 251 250
f 1181 250 252
f 255 259 1182
f 1182 259 257
f 1182 257 1179
f 1179 257 256
f 1179 256 263
f 202 242 1169
f 1169 242 1168
f 1168 242 1183
f 1183 242 244
f 1183 244 248
f 1185 1186 1187
f 1188 1189 1190
f 1190 1189 1191
f 1190 1191 1192
f 1187 1193 1185
f 1185 1193 1194
f 1185 1194 1191
f 1191 1194 1195
f 1191 1195 1192
f 1196 1197 1198
f 1198 1197 1199
f 1200 1201 1202
f 1200 1202 1203
f 1197 1204 1199
f 1199 1204 1205
f 1199 1205 1200
f 1200 1205 1206
f 1200 1206 1201
f 1144 1159 1203
f 1203 1159 1207
f 1203 1207 1200
f 1200 1207 1208
f 1200 1208 1199
f 1199 1208 1209
f 1199 1209 1198
f 1198 1209 1210
f 1198 1210 1189
f 1189 1210 1211
f 1189 1211 1191
f 1191 1211 1212
f 1191 1212 1185
f 1185 1212 1213
f 1185 1213 1186
f 1186 1213 1214
f 1186 1214 1215
f 1188 1216 1189
f 1189 1216 1217
f 1189 1217 1198
f 1198 1217 1218
f 1198 1218 1196
f 1098 1068 1219
f 1220 1219 1221
f 1221 1219 1222
f 1221 1222 1223
f 1223 1222 1224
f 1223 1224 1225
f 1225 1224 1226
f 1225 1226 1227
f 1069 1071 1228
f 1219 1068 1228
f 1228 1068 1069
f 1229 1230 1222
f 1222 1230 1231
f 1222 1231 1224
f 1224 1231 1232
f 1228 1233 1219
f 1219 1233 1234
f 1219 1234 1222
f 1222 1234 1235
f 1222 1235 1229
f 1236 1237 1226
f 1226 1237 1238
f 1226 1238 1227
f 1227 1238 1239
f 1237 1240 1238
f 1238 1240 1241
f 1238 1241 1242
f 1242 1174 1238
f 1238 1174 1176
f 1238 1176 1239
f 1239 1176 1243
f 1232 1244 1224
f 1224 1244 1245
f 1224 1245 1226
f 1226 1245 1246
f 1226 1246 1236
f 1247 288 297
f 369 1248 284
f 284 1248 1249
f 284 1249 285
f 285 1249 287
f 369 292 1248
f 1248 292 291
f 1248 291 1247
f 1247 291 289
f 1247 289 288
f 1117 1116 1220
f 1220 1116 1115
f 1220 1115 1219
f 1219 1115 1098
f 287 1249 280
f 280 1249 1250
f 280 1250 281
f 1251 283 1250
f 1250 283 282
f 1250 282 281
f 274 1252 270
f 270 1252 1253
f 274 276 1252
f 1252 276 277
f 1252 277 1251
f 1251 277 279
f 1251 279 283
f 1178 268 273
f 1178 273 1253
f 1253 273 271
f 1253 271 270
f 1202 1254 1203
f 1203 1254 1255
f 1203 1255 1256
f 1256 1145 1203
f 1203 1145 1144
f 1158 1166 1183
f 1183 1166 1168
f 1175 1257 1176
f 1176 1257 1215
f 1176 1215 1243
f 1243 1215 1214
f 1257 1258 1215
f 1215 1258 1259
f 1215 1259 1186
f 1186 1259 1260
f 1186 1260 1187
f 1159 1158 1207
f 1207 1158 1183
f 1207 1183 1208
f 1208 1183 1184
f 1208 1184 1209
f 1209 1184 1181
f 1209 1181 1210
f 1210 1181 1182
f 1210 1182 1211
f 1211 1182 1179
f 1211 1179 1212
f 1212 1179 1180
f 1212 1180 1213
f 1213 1180 1177
f 1213 1177 1214
f 1214 1177 1178
f 1214 1178 1243
f 1243 1178 1253
f 1243 1253 1239
f 1239 1253 1252
f 1239 1252 1227
f 1227 1252 1251
f 1227 1251 1225
f 1225 1251 1250
f 1225 1250 1223
f 1223 1250 1249
f 1223 1249 1221
f 1221 1249 1248
f 1221 1248 1220
f 1220 1248 1247
f 1220 1247 1117
f 1117 1247 297
f 1117 297 296
f 721 720 1261
f 1262 1263 1264
f 565 564 1265
f 1266 1267 1263
f 1268 1269 1270
f 1271 596 597
f 1271 597 1272
f 1273 1274 1275
f 1275 1274 1276
f 1275 1276 1272
f 1268 1270 1267
f 1277 1278 1262
f 1262 1278 1279
f 1262 1279 1263
f 1263 1279 1280
f 1263 1280 1266
f 1281 1282 1283
f 667 666 1284
f 1281 725 667
f 667 1284 1281
f 1281 1284 1285
f 1281 1285 1282
f 1265 564 1286
f 617 616 1287
f 1287 616 615
f 1288 1289 1290
f 1290 1289 1291
f 1290 1291 1292
f 1292 1291 1287
f 1287 1291 622
f 1287 622 617
f 1267 1270 1263
f 1263 1270 1293
f 1263 1293 1264
f 1272 597 1275
f 1275 597 598
f 1275 598 599
f 1294 1273 1288
f 1288 1273 1275
f 1288 1275 1289
f 1289 1275 599
f 1289 599 605
f 719 718 1295
f 1295 718 657
f 1295 657 1281
f 1281 657 656
f 1281 656 725
f 1296 545 1297
f 1297 545 544
f 1297 544 502
f 502 501 1297
f 1297 501 892
f 1297 892 717
f 721 1261 714
f 720 719 1261
f 1261 719 1295
f 1261 1295 1298
f 1298 1295 1281
f 1298 1281 1299
f 1299 1281 1283
f 564 532 1286
f 1286 532 531
f 1286 531 1296
f 1296 531 569
f 1296 569 545
f 1297 1300 1296
f 1296 1300 1301
f 1296 1301 1286
f 1286 1301 1292
f 1286 1292 1265
f 1265 1292 1287
f 1265 1287 565
f 565 1287 615
f 565 615 567
f 716 714 1302
f 1302 714 1261
f 1302 1261 1303
f 1303 1261 1298
f 1303 1298 1264
f 1264 1298 1299
f 1264 1299 1262
f 1262 1299 1283
f 1262 1283 1277
f 605 628 1289
f 1289 628 627
f 1289 627 1291
f 1291 627 626
f 1291 626 622
f 717 716 1297
f 1297 716 1302
f 1297 1302 1300
f 1300 1302 1303
f 1300 1303 1301
f 1301 1303 1264
f 1301 1264 1292
f 1292 1264 1293
f 1292 1293 1290
f 1290 1293 1270
f 1290 1270 1288
f 1288 1270 1269
f 1288 1269 1294
f 1304 633 632
f 1305 1306 1307
f 1307 1306 1308
f 1309 1306 1310
f 1310 1306 1305
f 1310 1305 1311
f 1311 1305 1312
f 637 1308 638
f 638 1308 1306
f 638 1306 947
f 947 1306 1313
f 952 951 1314
f 1314 951 950
f 1314 950 1313
f 1313 950 949
f 1313 949 947
f 629 636 952
f 1315 1304 1314
f 1314 1304 632
f 1314 632 952
f 952 632 630
f 952 630 629
f 1316 1317 1313
f 1313 1317 1318
f 1313 1318 1314
f 1314 1318 1319
f 1314 1319 1315
f 1316 1313 1320
f 1320 1313 1306
f 1320 1306 1321
f 1309 1322 1306
f 1306 1322 1323
f 1306 1323 1321
f 1321 1323 1324
f 1321 1324 1325
f 1325 1324 1326
f 1327 646 645
f 1327 1307 1308
f 646 1327 647
f 647 1327 1308
f 647 1308 637
f 1327 1328 1329
f 1307 1327 1305
f 1305 1327 1329
f 1305 1329 1312
f 645 1330 1327
f 1327 1330 1331
f 1327 1331 1332
f 1328 1327 1333
f 1333 1327 1332
f 1333 1332 1334
f 1334 1332 1335
f 1334 1335 1336
f 1337 1336 1335
f 1338 643 641
f 1330 645 644
f 643 1338 644
f 644 1338 1339
f 644 1339 1330
f 1340 1341 1342
f 1342 1341 1343
f 1342 1343 1344
f 1340 1345 1341
f 1341 1345 1346
f 1341 1346 1347
f 1347 1346 1339
f 1347 1339 1348
f 1348 1339 1349
f 1349 1339 1350
f 1350 1339 1338
f 1350 1338 1351
f 1351 1338 641
f 1351 641 642
f 1337 1335 1352
f 1345 1353 1346
f 1346 1353 1354
f 1346 1354 1352
f 1352 1335 1346
f 1346 1335 1332
f 1346 1332 1339
f 1339 1332 1331
f 1339 1331 1330
f 832 697 1355
f 1356 1357 1358
f 676 678 1359
f 1359 678 1360
f 1360 678 680
f 1360 680 683
f 683 682 1360
f 1360 682 688
f 1360 688 1361
f 1361 688 687
f 1361 687 685
f 1362 670 669
f 1362 669 1363
f 669 671 1363
f 1363 671 673
f 1363 673 1364
f 1364 673 674
f 674 663 1364
f 1364 663 662
f 1364 662 1359
f 1359 662 677
f 1359 677 676
f 685 684 1361
f 1361 684 1365
f 1361 1365 1366
f 1367 1359 1368
f 1368 1359 1360
f 1368 1360 1369
f 1369 1360 1370
f 1366 1371 1361
f 1361 1371 1372
f 1361 1372 1360
f 1360 1372 1373
f 1360 1373 1370
f 1374 1363 1375
f 1375 1363 1364
f 1375 1364 1376
f 1376 1364 1377
f 1374 1378 1363
f 1363 1378 1379
f 1363 1379 1362
f 1362 1379 1380
f 1362 1380 1381
f 1367 1382 1359
f 1359 1382 1383
f 1359 1383 1364
f 1364 1383 1384
f 1364 1384 1377
f 1385 1386 1387
f 1388 1389 1385
f 1388 1385 1387
f 1388 1387 1390
f 1386 1391 1387
f 1387 1391 1392
f 1387 1392 1393
f 1393 1392 1394
f 1393 1394 1395
f 1396 1397 1398
f 1396 1398 1357
f 1399 1400 1401
f 1401 1400 1355
f 1401 1355 1402
f 1402 1355 1403
f 1397 1404 1398
f 1398 1404 1405
f 1398 1405 1355
f 1355 1405 1406
f 1355 1406 1403
f 1395 1407 1393
f 1393 1407 1408
f 1393 1408 1358
f 1358 1408 1409
f 1358 1409 1356
f 709 708 1393
f 1393 708 707
f 1393 707 1387
f 1387 707 706
f 1387 706 1390
f 1390 706 712
f 1390 712 711
f 1357 1398 1358
f 1358 1398 699
f 1358 699 705
f 832 1355 689
f 689 1355 1400
f 689 1400 690
f 697 695 1355
f 1355 695 694
f 1355 694 1398
f 1398 694 700
f 1398 700 699
f 705 704 1358
f 1358 704 702
f 1358 702 1393
f 1393 702 701
f 1393 701 709
f 1381 1410 1362
f 1362 1410 1411
f 1362 1411 1412
f 1412 1413 1362
f 1362 1413 1414
f 1414 666 1362
f 1362 666 665
f 1362 665 670
f 1399 1415 1400
f 1400 1415 1416
f 1400 1416 1365
f 1365 1416 1417
f 1365 1417 1366
f 684 798 1365
f 1365 798 693
f 1365 693 1400
f 1400 693 692
f 1400 692 690
f 934 935 964
f 964 935 1418
f 964 1418 965
f 965 1418 1419
f 965 1419 980
f 980 1419 1420
f 980 1420 981
f 981 1420 1421
f 981 1421 982
f 982 1421 1422
f 982 1422 983
f 983 1422 1423
f 983 1423 984
f 984 1423 1424
f 984 1424 985
f 985 1424 1425
f 985 1425 932
f 932 1425 933
f 1426 1427 1428
f 1429 1430 1431
f 1432 1433 1434
f 1435 1436 1437
f 946 1438 938
f 953 987 1439
f 971 970 1440
f 968 977 1441
f 959 960 1442
f 992 991 1443
f 978 1444 979
f 963 1445 988
f 996 1446 997
f 1000 1001 1447
f 997 1446 1001
f 1001 1446 1448
f 1001 1448 1447
f 1449 994 998
f 1000 1450 999
f 999 1450 1451
f 999 1451 998
f 988 1445 989
f 989 1445 1452
f 989 1452 990
f 979 1444 954
f 954 1444 1453
f 954 1453 955
f 955 1453 1454
f 955 1454 991
f 992 1443 993
f 993 1443 1455
f 993 1455 960
f 959 1442 958
f 958 1442 1456
f 958 1456 972
f 977 976 1441
f 1441 976 975
f 1441 975 1457
f 1457 975 974
f 1457 974 1458
f 1458 974 973
f 1458 973 972
f 945 944 1459
f 1459 944 943
f 1459 943 1433
f 1433 943 942
f 1433 942 1434
f 1434 942 939
f 1434 939 940
f 946 1437 1438
f 1438 1437 1460
f 1438 1460 938
f 938 1460 1461
f 938 1461 937
f 937 1461 1462
f 937 1462 936
f 1436 1463 1437
f 1437 1463 1464
f 1437 1464 1460
f 946 945 1437
f 1437 945 1459
f 1437 1459 1435
f 1435 1459 1433
f 1435 1433 1465
f 1465 1433 1432
f 1430 1429 940
f 940 1429 1466
f 940 1466 1434
f 1434 1466 1467
f 1434 1467 1432
f 1468 1469 1430
f 1430 1469 1470
f 1430 1470 1431
f 1471 1469 1472
f 1472 1469 1468
f 1472 1468 1473
f 1474 1475 1476
f 1476 1475 1477
f 1476 1477 1478
f 1479 1480 1481
f 1481 1480 1482
f 1481 1482 1483
f 970 969 1440
f 1440 969 968
f 1440 968 1428
f 1428 968 1441
f 1428 1441 1426
f 1426 1441 1457
f 1426 1457 1484
f 1456 1485 1486
f 1486 1485 1487
f 1486 1487 1488
f 1455 1489 1490
f 1490 1489 1491
f 1490 1491 1492
f 1454 1493 1494
f 1494 1493 1495
f 1494 1495 1496
f 1497 1498 1499
f 1499 1498 1500
f 1499 1500 1501
f 1502 1503 1504
f 1000 1447 1450
f 1450 1447 1505
f 1450 1505 1451
f 1451 1505 1506
f 1451 1506 1502
f 1502 1506 1507
f 1502 1507 1503
f 940 941 1430
f 1430 941 1508
f 1430 1508 1468
f 1468 1508 1478
f 1468 1478 1473
f 1473 1478 1477
f 941 948 1508
f 1508 948 953
f 1508 953 1478
f 1478 953 1439
f 1478 1439 1476
f 1476 1439 1483
f 1476 1483 1474
f 1474 1483 1482
f 987 986 1439
f 1439 986 971
f 1439 971 1483
f 1483 971 1440
f 1483 1440 1481
f 1481 1440 1428
f 1481 1428 1479
f 1479 1428 1427
f 972 1456 1458
f 1458 1456 1486
f 1458 1486 1457
f 1457 1486 1488
f 1457 1488 1484
f 960 1455 1442
f 1442 1455 1490
f 1442 1490 1456
f 1456 1490 1492
f 1456 1492 1485
f 991 1454 1443
f 1443 1454 1494
f 1443 1494 1455
f 1455 1494 1496
f 1455 1496 1489
f 990 1452 978
f 978 1452 1509
f 978 1509 1444
f 1444 1509 1497
f 1444 1497 1453
f 1453 1497 1499
f 1453 1499 1454
f 1454 1499 1501
f 1454 1501 1493
f 962 994 963
f 963 994 1449
f 963 1449 1445
f 1445 1449 1510
f 1445 1510 1452
f 1452 1510 1511
f 1452 1511 1509
f 1509 1511 1512
f 1509 1512 1497
f 1497 1512 1513
f 1497 1513 1498
f 998 1451 1449
f 1449 1451 1502
f 1449 1502 1510
f 1510 1502 1504
f 1510 1504 1511
f 1511 1504 1514
f 1511 1514 1512
f 1512 1514 1515
f 1512 1515 1513
f 1516 1517 1013
f 1013 1517 1518
f 1013 1518 1519
f 1516 1013 1520
f 1520 1013 1014
f 1520 1014 1521
f 1016 1017 1003
f 1505 1447 1006
f 1492 1491 1008
f 1519 1522 1013
f 1013 1522 1523
f 1013 1523 1524
f 1524 1525 1013
f 1013 1525 1526
f 1013 1526 1012
f 1014 1527 1528
f 996 995 1006
f 1006 995 1005
f 1006 1005 1017
f 1017 1005 1004
f 1017 1004 1003
f 1427 1426 1009
f 1526 1529 1012
f 1012 1529 1530
f 1012 1530 1011
f 1011 1530 1471
f 1011 1471 1472
f 1475 1010 1011
f 1528 1531 1014
f 1014 1531 1532
f 1014 1532 1533
f 1533 1534 1014
f 1014 1534 1535
f 1014 1535 1521
f 1014 1536 1537
f 1321 1325 1538
f 1538 1325 1326
f 1538 1326 1539
f 1505 1006 1506
f 1447 1448 1006
f 1006 1448 1446
f 1006 1446 996
f 1501 1500 1007
f 1492 1008 1485
f 1427 1009 1479
f 1472 1473 1011
f 1011 1473 1477
f 1011 1477 1475
f 1536 1014 1540
f 1540 1014 1015
f 1540 1015 1538
f 1538 1015 1320
f 1538 1320 1321
f 1007 1515 1514
f 1514 1504 1007
f 1007 1504 1503
f 1007 1503 1006
f 1006 1503 1507
f 1006 1507 1506
f 1501 1007 1493
f 1500 1498 1007
f 1007 1498 1513
f 1007 1513 1515
f 1426 1484 1009
f 1009 1484 1488
f 1009 1488 1008
f 1008 1488 1487
f 1008 1487 1485
f 1475 1474 1010
f 1010 1474 1482
f 1010 1482 1009
f 1009 1482 1480
f 1009 1480 1479
f 1537 1541 1014
f 1014 1541 1542
f 1014 1542 1527
f 633 1304 1015
f 1318 1317 1015
f 1015 1317 1316
f 1015 1316 1320
f 1491 1489 1008
f 1008 1489 1496
f 1008 1496 1007
f 1007 1496 1495
f 1007 1495 1493
f 1304 1315 1015
f 1015 1315 1319
f 1015 1319 1318
f 1003 1002 1016
f 1016 1002 634
f 1016 634 1015
f 1015 634 631
f 1015 631 633
f 1388 1390 1543
f 1037 1036 1544
f 1389 1388 1545
f 1545 1388 1546
f 1545 1546 1547
f 1547 1546 1548
f 1549 1550 1551
f 1551 1550 1552
f 1553 1554 1555
f 1553 1555 1551
f 1551 1555 1556
f 1551 1556 1549
f 1557 1558 1553
f 1553 1558 1559
f 1553 1559 1554
f 1560 1561 1562
f 1562 1561 1563
f 1562 1563 1564
f 1565 1566 1557
f 1557 1566 1567
f 1557 1567 1558
f 1568 1560 1569
f 1122 1570 1123
f 1123 1570 1571
f 1123 1571 1569
f 1569 1571 1572
f 1569 1572 1568
f 1573 1157 1569
f 1569 1157 1123
f 1029 1028 1574
f 1574 1028 1026
f 1574 1026 1575
f 1046 1033 1543
f 1543 1033 1576
f 1033 1032 1576
f 1576 1032 1031
f 1576 1031 1574
f 1574 1031 1030
f 1574 1030 1029
f 1390 711 1543
f 1543 711 1044
f 1543 1044 1046
f 1577 1557 1578
f 1578 1557 1553
f 1578 1553 1579
f 1579 1553 1551
f 1579 1551 1546
f 1546 1551 1552
f 1546 1552 1548
f 1560 1562 1569
f 1569 1562 1580
f 1569 1580 1573
f 1041 167 1154
f 1172 1155 1573
f 1573 1155 1157
f 1154 1173 1041
f 1041 1173 1042
f 1042 1173 1581
f 1042 1581 1043
f 1043 1581 1544
f 1043 1544 1040
f 1040 1544 1036
f 1026 1025 1575
f 1575 1025 1034
f 1575 1034 1039
f 1173 1172 1581
f 1581 1172 1573
f 1581 1573 1544
f 1544 1573 1580
f 1544 1580 1577
f 1577 1580 1562
f 1577 1562 1557
f 1557 1562 1564
f 1557 1564 1565
f 1546 1388 1543
f 1546 1543 1579
f 1579 1543 1576
f 1579 1576 1578
f 1578 1576 1574
f 1578 1574 1577
f 1577 1574 1575
f 1577 1575 1544
f 1544 1575 1039
f 1544 1039 1037
f 1206 1205 1582
f 1583 1584 1089
f 1585 1586 1083
f 1587 1147 1146
f 1146 1145 1587
f 1587 1145 1256
f 1587 1256 1255
f 1588 1141 1140
f 1588 1589 1141
f 1141 1589 1590
f 1141 1590 1142
f 1142 1590 1591
f 1142 1591 1143
f 1143 1591 1592
f 1143 1592 1137
f 1137 1592 1593
f 1137 1593 1135
f 1135 1593 1594
f 1595 1132 1594
f 1594 1132 1134
f 1594 1134 1135
f 1595 1596 1132
f 1132 1596 1597
f 1132 1597 1131
f 1131 1597 1598
f 1131 1598 1129
f 1598 1599 1129
f 1129 1599 1600
f 1129 1600 1124
f 1124 1600 1601
f 1124 1601 1125
f 1125 1601 1602
f 1125 1602 1127
f 1127 1602 1128
f 1582 1603 1604
f 1582 1604 1587
f 1587 1604 1605
f 1587 1605 1606
f 1140 1149 1588
f 1588 1149 1148
f 1588 1148 1607
f 1607 1148 1147
f 1607 1147 1608
f 1608 1147 1587
f 1608 1587 1609
f 1609 1587 1606
f 1610 1611 1205
f 1205 1611 1612
f 1205 1612 1582
f 1582 1612 1613
f 1582 1613 1603
f 1205 1204 1610
f 1610 1204 1197
f 1610 1197 1614
f 1614 1197 1196
f 1614 1196 1615
f 1615 1196 1218
f 1615 1218 1616
f 1616 1218 1217
f 1616 1217 1617
f 1617 1217 1216
f 1617 1216 1618
f 1618 1216 1188
f 1618 1188 1619
f 1194 1193 1620
f 1620 1621 1194
f 1194 1621 1622
f 1194 1622 1195
f 1195 1622 1623
f 1195 1623 1192
f 1192 1623 1624
f 1192 1624 1190
f 1190 1624 1625
f 1190 1625 1188
f 1188 1625 1626
f 1188 1626 1619
f 1627 1628 1259
f 1259 1628 1629
f 1259 1629 1260
f 1260 1629 1630
f 1260 1630 1187
f 1187 1630 1631
f 1187 1631 1193
f 1193 1631 1632
f 1193 1632 1620
f 1627 1259 1633
f 1633 1259 1258
f 1633 1258 1634
f 1240 1635 1241
f 1241 1635 1636
f 1241 1636 1242
f 1242 1636 1637
f 1242 1637 1174
f 1637 1638 1174
f 1174 1638 1639
f 1174 1639 1175
f 1175 1639 1640
f 1175 1640 1257
f 1257 1640 1641
f 1257 1641 1258
f 1258 1641 1642
f 1258 1642 1634
f 1246 1643 1236
f 1236 1643 1644
f 1236 1644 1237
f 1237 1644 1645
f 1237 1645 1240
f 1240 1645 1646
f 1240 1646 1635
f 1647 1648 1232
f 1232 1648 1649
f 1232 1649 1244
f 1244 1649 1650
f 1244 1650 1245
f 1245 1650 1651
f 1245 1651 1246
f 1246 1651 1652
f 1246 1652 1643
f 1653 1654 1655
f 1655 1654 1656
f 1232 1231 1647
f 1647 1231 1230
f 1647 1230 1657
f 1657 1230 1229
f 1657 1229 1656
f 1064 1072 1658
f 1653 1655 1659
f 1659 1655 1070
f 1659 1070 1660
f 1660 1070 1067
f 1660 1067 1658
f 1658 1067 1065
f 1658 1065 1064
f 1083 1586 1084
f 1084 1586 1661
f 1084 1661 1085
f 1085 1661 1076
f 1076 1661 1662
f 1076 1662 1077
f 1077 1662 1663
f 1077 1663 1074
f 1074 1663 1664
f 1074 1664 1072
f 1072 1664 1665
f 1072 1665 1658
f 1086 1666 1082
f 1082 1666 1667
f 1585 1083 1668
f 1668 1083 1078
f 1668 1078 1667
f 1667 1078 1080
f 1667 1080 1082
f 1089 1584 1061
f 1061 1584 1669
f 1061 1669 1062
f 1062 1669 1670
f 1062 1670 1086
f 1086 1670 1671
f 1086 1671 1666
f 1672 1091 1090
f 1090 1102 1672
f 1672 1102 1673
f 1672 1673 1674
f 1089 1088 1583
f 1583 1088 1092
f 1583 1092 1675
f 1675 1092 1091
f 1675 1091 1676
f 1676 1091 1672
f 1234 1233 1655
f 1656 1229 1655
f 1655 1229 1235
f 1655 1235 1234
f 1233 1228 1655
f 1655 1228 1071
f 1655 1071 1070
f 1255 1254 1587
f 1587 1254 1202
f 1587 1202 1582
f 1582 1202 1201
f 1582 1201 1206
f 1677 1678 1679
f 1674 1673 1100
f 1680 1681 1682
f 1102 1101 1673
f 1673 1101 1100
f 1677 1683 1684
f 1684 1685 1680
f 1680 1685 1686
f 1680 1686 1681
f 1687 1688 1689
f 1689 1688 1690
f 1690 1691 1689
f 1689 1691 1692
f 1689 1692 1693
f 1694 1695 1696
f 1696 1695 1697
f 1694 1698 1695
f 1695 1698 1699
f 1695 1699 1689
f 1689 1699 1700
f 1689 1700 1687
f 1701 1702 1697
f 1697 1702 1703
f 1697 1703 1696
f 1704 1705 1706
f 1706 1705 1707
f 1706 1707 1701
f 1413 1412 1704
f 1708 1274 1273
f 1273 1294 1708
f 1708 1294 1269
f 1708 1269 1709
f 1709 1269 1268
f 596 1271 1710
f 1710 1271 1272
f 1710 1272 1708
f 1708 1272 1276
f 1708 1276 1274
f 1684 1680 1677
f 1677 1680 1711
f 1677 1711 1678
f 1110 1711 1099
f 1099 1711 1680
f 1099 1680 1100
f 1100 1680 1682
f 1100 1682 1674
f 1704 1706 1413
f 1413 1706 1712
f 1413 1712 1414
f 1713 1697 1714
f 1714 1697 1695
f 1714 1695 1679
f 1679 1695 1689
f 1679 1689 1677
f 1677 1689 1693
f 1677 1693 1683
f 1414 1712 1284
f 1414 1284 666
f 1715 1279 1716
f 1716 1279 1278
f 1268 1267 1709
f 1709 1267 1266
f 1709 1266 1715
f 1715 1266 1280
f 1715 1280 1279
f 1701 1697 1706
f 1706 1697 1713
f 1706 1713 1712
f 1712 1713 1285
f 1712 1285 1284
f 1278 1277 1716
f 1716 1277 1283
f 1716 1283 1282
f 1109 1111 1710
f 1710 1111 596
f 1110 1109 1711
f 1711 1109 1710
f 1711 1710 1678
f 1678 1710 1708
f 1678 1708 1679
f 1679 1708 1709
f 1679 1709 1714
f 1714 1709 1715
f 1714 1715 1713
f 1713 1715 1716
f 1713 1716 1285
f 1285 1716 1282
f 1717 1718 1556
f 1719 1720 1548
f 1367 1368 1721
f 1539 1326 1324
f 1548 1720 1547
f 1391 1386 1722
f 1722 1386 1385
f 1722 1385 1723
f 1723 1385 1389
f 1723 1389 1720
f 1720 1389 1545
f 1720 1545 1547
f 1722 1724 1391
f 1391 1724 1725
f 1391 1725 1392
f 1392 1725 1726
f 1727 1407 1728
f 1728 1407 1395
f 1728 1395 1726
f 1726 1395 1394
f 1726 1394 1392
f 1727 1729 1407
f 1407 1729 1730
f 1407 1730 1408
f 1408 1730 1731
f 1408 1731 1409
f 1731 1732 1409
f 1409 1732 1733
f 1409 1733 1356
f 1356 1733 1539
f 1323 1397 1324
f 1324 1397 1396
f 1324 1396 1539
f 1539 1396 1357
f 1539 1357 1356
f 1406 1405 1323
f 1323 1405 1404
f 1323 1404 1397
f 1323 1322 1406
f 1406 1322 1309
f 1406 1309 1403
f 1403 1309 1310
f 1329 1415 1312
f 1312 1415 1399
f 1312 1399 1311
f 1311 1399 1401
f 1311 1401 1310
f 1310 1401 1402
f 1310 1402 1403
f 1328 1734 1329
f 1329 1734 1416
f 1329 1416 1415
f 1372 1371 1735
f 1735 1371 1366
f 1735 1366 1734
f 1734 1366 1417
f 1734 1417 1416
f 1368 1369 1735
f 1369 1370 1735
f 1735 1370 1373
f 1735 1373 1372
f 1342 1344 1736
f 1367 1721 1382
f 1382 1721 1345
f 1382 1345 1383
f 1383 1345 1340
f 1383 1340 1384
f 1340 1342 1384
f 1384 1342 1736
f 1384 1736 1377
f 1377 1736 1376
f 1736 1737 1376
f 1376 1737 1738
f 1376 1738 1375
f 1375 1738 1374
f 1738 1739 1374
f 1374 1739 1740
f 1374 1740 1378
f 1740 1741 1378
f 1378 1741 1742
f 1378 1742 1379
f 1379 1742 1743
f 1379 1743 1380
f 1380 1743 1381
f 1381 1743 1744
f 1381 1744 1410
f 1705 1704 1745
f 1704 1412 1745
f 1745 1412 1411
f 1745 1411 1410
f 1746 1701 1745
f 1745 1701 1707
f 1745 1707 1705
f 1744 1747 1410
f 1410 1747 1748
f 1410 1748 1745
f 1745 1748 1749
f 1745 1749 1746
f 1750 1751 1698
f 1746 1752 1701
f 1701 1752 1753
f 1701 1753 1702
f 1702 1753 1754
f 1702 1754 1703
f 1703 1754 1755
f 1703 1755 1696
f 1696 1755 1750
f 1696 1750 1694
f 1694 1750 1698
f 1751 1756 1698
f 1698 1756 1757
f 1698 1757 1699
f 1699 1757 1700
f 1700 1757 1758
f 1700 1758 1687
f 1687 1758 1759
f 1687 1759 1688
f 1688 1759 1760
f 1688 1760 1690
f 1690 1760 1761
f 1690 1761 1691
f 1368 1735 1721
f 1721 1735 1337
f 1721 1337 1352
f 1352 1354 1721
f 1721 1354 1353
f 1721 1353 1345
f 1328 1333 1734
f 1734 1333 1334
f 1734 1334 1735
f 1735 1334 1336
f 1735 1336 1337
f 1556 1718 1549
f 1549 1718 1762
f 1549 1762 1550
f 1550 1762 1552
f 1552 1762 1763
f 1552 1763 1548
f 1548 1763 1764
f 1548 1764 1719
f 1765 1554 1766
f 1766 1554 1559
f 1717 1556 1765
f 1765 1556 1555
f 1765 1555 1554
f 1341 1347 1425
f 933 1425 1351
f 1351 1425 1350
f 1767 1768 1424
f 1347 1348 1425
f 1425 1348 1349
f 1425 1349 1350
f 1351 642 640
f 1343 1341 1769
f 1769 1341 1425
f 1769 1425 1770
f 1770 1425 1424
f 1770 1424 1771
f 1771 1424 1768
f 1772 1773 1423
f 1421 1774 1775
f 935 1461 1418
f 1418 1461 1776
f 1418 1776 1419
f 8 936 1462
f 1777 1778 1344
f 1344 1778 1779
f 1344 1779 1736
f 640 929 1351
f 1351 929 931
f 1351 931 933
f 1775 1780 1421
f 1421 1780 1781
f 1421 1781 1422
f 1422 1781 1782
f 1422 1782 1423
f 1423 1782 1783
f 1423 1783 1772
f 1784 1785 1420
f 1420 1785 1786
f 1420 1786 1421
f 1421 1786 1787
f 1421 1787 1774
f 1343 1769 1344
f 1344 1769 1788
f 1344 1788 1777
f 1773 1789 1423
f 1423 1789 1790
f 1423 1790 1424
f 1424 1790 1791
f 1424 1791 1767
f 1776 1792 1419
f 1419 1792 1793
f 1419 1793 1420
f 1420 1793 1794
f 1420 1794 1784
f 935 1 1461
f 1461 1 4
f 1461 4 1462
f 1462 4 6
f 1462 6 8
f 1795 1464 1796
f 1796 1464 1463
f 1795 1797 1464
f 1464 1797 1798
f 1464 1798 1460
f 1460 1798 1776
f 1460 1776 1461
f 1465 1799 1435
f 1435 1799 1800
f 1435 1800 1436
f 1436 1800 1801
f 1436 1801 1463
f 1463 1801 1802
f 1463 1802 1796
f 1803 1804 1467
f 1467 1804 1805
f 1467 1805 1432
f 1432 1805 1806
f 1432 1806 1465
f 1465 1806 1807
f 1465 1807 1799
f 1470 1808 1431
f 1431 1808 1809
f 1431 1809 1429
f 1429 1809 1810
f 1429 1810 1466
f 1466 1810 1811
f 1466 1811 1467
f 1467 1811 1812
f 1467 1812 1803
f 1471 1530 1469
f 1469 1530 1813
f 1813 1814 1469
f 1469 1814 1815
f 1469 1815 1470
f 1470 1815 1816
f 1470 1816 1808
f 1817 1818 1819
f 1820 1821 1822
f 1823 1824 1825
f 1826 1827 1828
f 1829 1827 1826
f 1826 1830 1831
f 1832 1830 1826
f 1828 1832 1826
f 1824 1823 1826
f 1826 1833 1834
f 1835 1833 1826
f 1836 1835 1826
f 1826 1837 1838
f 1839 1837 1826
f 1834 1839 1826
f 1826 1840 1841
f 1842 1840 1826
f 1838 1842 1826
f 1843 1844 1841
f 1841 1844 1826
f 1826 1845 1846
f 1826 1847 1848
f 1849 1847 1826
f 1846 1849 1826
f 1850 1851 1848
f 1848 1851 1826
f 1826 1852 1853
f 1854 1852 1826
f 1826 1855 1856
f 1857 1855 1826
f 1853 1857 1826
f 1856 1829 1826
f 1784 1794 1858
f 1776 1798 1859
f 1812 1860 1861
f 1534 1533 1862
f 1541 1537 1863
f 1590 1589 1864
f 1603 1613 1865
f 1614 1615 1866
f 1620 1867 1868
f 1639 1638 1869
f 1674 1682 1870
f 1736 1779 1737
f 1737 1779 1871
f 1737 1871 1738
f 1738 1871 1739
f 1744 1743 1872
f 1743 1742 1872
f 1872 1742 1741
f 1872 1741 1873
f 1873 1741 1740
f 1873 1740 1739
f 1749 1748 1874
f 1874 1748 1747
f 1874 1747 1744
f 1749 1874 1746
f 1746 1874 1875
f 1746 1875 1752
f 1755 1754 1876
f 1876 1754 1753
f 1876 1753 1752
f 1757 1756 1877
f 1877 1756 1751
f 1877 1751 1876
f 1876 1751 1750
f 1876 1750 1755
f 1760 1759 1878
f 1878 1759 1758
f 1878 1758 1757
f 1879 1691 1878
f 1878 1691 1761
f 1878 1761 1760
f 1880 1685 1684
f 1684 1683 1880
f 1880 1683 1693
f 1880 1693 1692
f 1685 1880 1686
f 1686 1880 1881
f 1686 1881 1681
f 1674 1870 1672
f 1882 1669 1584
f 1584 1583 1882
f 1882 1583 1675
f 1882 1675 1870
f 1870 1675 1676
f 1870 1676 1672
f 1668 1667 1883
f 1883 1667 1666
f 1883 1666 1671
f 1884 1663 1662
f 1662 1661 1884
f 1884 1661 1586
f 1884 1586 1883
f 1883 1586 1585
f 1883 1585 1668
f 1663 1884 1664
f 1664 1884 1885
f 1664 1885 1665
f 1886 1660 1885
f 1885 1660 1658
f 1885 1658 1665
f 1656 1654 1887
f 1887 1654 1653
f 1887 1653 1659
f 1649 1648 1888
f 1888 1648 1647
f 1888 1647 1887
f 1887 1647 1657
f 1887 1657 1656
f 1650 1819 1651
f 1651 1819 1818
f 1651 1818 1652
f 1636 1635 1889
f 1889 1635 1646
f 1646 1645 1889
f 1889 1645 1644
f 1889 1644 1818
f 1818 1644 1643
f 1818 1643 1652
f 1869 1638 1890
f 1640 1843 1641
f 1641 1843 1891
f 1892 1633 1893
f 1893 1633 1634
f 1893 1634 1891
f 1891 1634 1642
f 1891 1642 1641
f 1630 1629 1892
f 1629 1628 1892
f 1892 1628 1627
f 1892 1627 1633
f 1892 1894 1630
f 1630 1894 1895
f 1630 1895 1631
f 1867 1620 1895
f 1895 1620 1632
f 1895 1632 1631
f 1624 1623 1896
f 1896 1623 1622
f 1896 1622 1868
f 1868 1622 1621
f 1868 1621 1620
f 1897 1626 1896
f 1896 1626 1625
f 1896 1625 1624
f 1615 1616 1866
f 1866 1616 1617
f 1866 1617 1618
f 1898 1611 1610
f 1609 1606 1899
f 1899 1606 1605
f 1899 1605 1865
f 1865 1605 1604
f 1865 1604 1603
f 1589 1588 1864
f 1864 1588 1607
f 1864 1607 1900
f 1900 1607 1608
f 1901 1596 1902
f 1902 1596 1595
f 1902 1595 1594
f 1594 1593 1902
f 1902 1593 1592
f 1902 1592 1864
f 1864 1592 1591
f 1864 1591 1590
f 1903 1598 1597
f 1128 1602 1904
f 1602 1601 1904
f 1904 1601 1600
f 1904 1600 1903
f 1903 1600 1599
f 1903 1599 1598
f 1905 1570 1122
f 1122 1118 1905
f 1905 1118 1120
f 1905 1120 1904
f 1904 1120 1121
f 1904 1121 1128
f 1561 1906 1563
f 1563 1906 1564
f 1561 1560 1906
f 1906 1560 1568
f 1906 1568 1907
f 1907 1568 1572
f 1907 1572 1571
f 1558 1908 1559
f 1559 1908 1766
f 1565 1909 1566
f 1566 1909 1908
f 1566 1908 1567
f 1567 1908 1558
f 1764 1763 1910
f 1910 1763 1762
f 1765 1911 1717
f 1717 1911 1910
f 1717 1910 1718
f 1718 1910 1762
f 1912 1719 1764
f 1726 1725 1913
f 1913 1725 1724
f 1724 1722 1913
f 1913 1722 1723
f 1913 1723 1912
f 1912 1723 1720
f 1912 1720 1719
f 1729 1727 1914
f 1914 1727 1728
f 1914 1728 1726
f 1915 1730 1916
f 1916 1730 1729
f 1733 1732 1915
f 1915 1732 1731
f 1915 1731 1730
f 1539 1733 1538
f 1538 1733 1915
f 1538 1915 1540
f 1540 1915 1916
f 1540 1916 1536
f 1541 1863 1542
f 1542 1863 1917
f 1542 1917 1527
f 1527 1917 1528
f 1528 1917 1918
f 1528 1918 1531
f 1862 1533 1918
f 1918 1533 1532
f 1918 1532 1531
f 1534 1862 1535
f 1535 1862 1919
f 1535 1919 1521
f 1521 1919 1920
f 1521 1920 1520
f 1921 1922 1516
f 1522 1519 1923
f 1923 1519 1518
f 1923 1518 1922
f 1922 1518 1517
f 1922 1517 1516
f 1525 1524 1924
f 1924 1524 1523
f 1924 1523 1925
f 1526 1926 1529
f 1529 1926 1927
f 1529 1927 1530
f 1530 1927 1928
f 1530 1928 1813
f 1929 1816 1930
f 1930 1816 1815
f 1930 1815 1814
f 1931 1932 1809
f 1809 1932 1810
f 1860 1812 1932
f 1932 1812 1811
f 1932 1811 1810
f 1805 1804 1861
f 1861 1804 1803
f 1861 1803 1812
f 1861 1933 1805
f 1805 1933 1934
f 1805 1934 1806
f 1935 1800 1936
f 1936 1800 1799
f 1936 1799 1934
f 1934 1799 1807
f 1934 1807 1806
f 1798 1797 1859
f 1859 1797 1795
f 1859 1795 1796
f 1937 1786 1858
f 1858 1786 1785
f 1858 1785 1784
f 1938 1780 1939
f 1939 1780 1775
f 1939 1775 1940
f 1940 1775 1774
f 1940 1774 1787
f 1941 1782 1938
f 1938 1782 1781
f 1938 1781 1780
f 1942 1772 1941
f 1941 1772 1783
f 1941 1783 1782
f 1767 1791 1943
f 1943 1791 1790
f 1943 1790 1944
f 1944 1790 1789
f 1944 1789 1773
f 1767 1945 1768
f 1768 1945 1946
f 1768 1946 1771
f 1771 1946 1947
f 1948 1769 1947
f 1947 1769 1770
f 1947 1770 1771
f 1779 1778 1871
f 1871 1778 1777
f 1871 1777 1948
f 1948 1777 1788
f 1948 1788 1769
f 1850 1848 1949
f 1949 1848 1847
f 1949 1847 1950
f 1950 1847 1849
f 1950 1849 1951
f 1951 1849 1846
f 1951 1846 1890
f 1890 1846 1845
f 1890 1845 1869
f 1843 1841 1891
f 1891 1841 1840
f 1891 1840 1893
f 1893 1840 1842
f 1893 1842 1892
f 1892 1842 1838
f 1892 1838 1894
f 1894 1838 1837
f 1894 1837 1895
f 1895 1837 1839
f 1895 1839 1867
f 1867 1839 1834
f 1867 1834 1868
f 1868 1834 1833
f 1868 1833 1896
f 1896 1833 1835
f 1896 1835 1897
f 1897 1835 1836
f 1897 1836 1952
f 1953 1825 1954
f 1954 1825 1824
f 1954 1824 1955
f 1955 1824 1826
f 1956 1957 1929
f 1929 1957 1808
f 1929 1808 1816
f 1854 1821 1852
f 1852 1821 1820
f 1852 1820 1853
f 1853 1820 1958
f 1853 1958 1857
f 1857 1958 1935
f 1857 1935 1855
f 1855 1935 1936
f 1855 1936 1856
f 1856 1936 1934
f 1856 1934 1829
f 1829 1934 1933
f 1829 1933 1827
f 1827 1933 1861
f 1827 1861 1828
f 1828 1861 1860
f 1828 1860 1832
f 1832 1860 1932
f 1832 1932 1830
f 1830 1932 1931
f 1830 1931 1831
f 1959 1776 1822
f 1822 1776 1859
f 1822 1859 1820
f 1820 1859 1796
f 1820 1796 1958
f 1958 1796 1802
f 1958 1802 1935
f 1935 1802 1801
f 1935 1801 1800
f 1638 1637 1890
f 1890 1637 1636
f 1890 1636 1951
f 1951 1636 1889
f 1951 1889 1950
f 1950 1889 1818
f 1950 1818 1949
f 1949 1818 1817
f 1949 1817 1850
f 1640 1639 1843
f 1843 1639 1869
f 1843 1869 1844
f 1844 1869 1845
f 1844 1845 1826
f 1610 1614 1898
f 1898 1614 1866
f 1898 1866 1952
f 1952 1866 1618
f 1952 1618 1897
f 1897 1618 1619
f 1897 1619 1626
f 1613 1612 1865
f 1865 1612 1611
f 1865 1611 1953
f 1953 1611 1898
f 1953 1898 1825
f 1825 1898 1952
f 1825 1952 1823
f 1823 1952 1836
f 1823 1836 1826
f 1826 1956 1960
f 1960 1956 1929
f 1960 1929 1961
f 1961 1929 1930
f 1961 1930 1928
f 1928 1930 1814
f 1928 1814 1813
f 1962 1888 1963
f 1963 1888 1887
f 1963 1887 1886
f 1886 1887 1659
f 1886 1659 1660
f 1826 1964 1955
f 1955 1964 1965
f 1955 1965 1954
f 1954 1965 1966
f 1954 1966 1953
f 1953 1966 1967
f 1953 1967 1865
f 1865 1967 1900
f 1865 1900 1899
f 1899 1900 1608
f 1899 1608 1609
f 1968 1962 1969
f 1969 1962 1963
f 1969 1963 1970
f 1970 1963 1886
f 1970 1886 1971
f 1971 1886 1885
f 1971 1885 1972
f 1972 1885 1884
f 1972 1884 1973
f 1973 1884 1883
f 1973 1883 1974
f 1974 1883 1671
f 1974 1671 1882
f 1882 1671 1670
f 1882 1670 1669
f 1826 1975 1964
f 1964 1975 1976
f 1964 1976 1965
f 1965 1976 1977
f 1965 1977 1966
f 1966 1977 1978
f 1966 1978 1967
f 1967 1978 1979
f 1967 1979 1900
f 1900 1979 1980
f 1900 1980 1864
f 1864 1980 1981
f 1864 1981 1902
f 1902 1981 1903
f 1902 1903 1901
f 1901 1903 1597
f 1901 1597 1596
f 1982 1968 1983
f 1983 1968 1969
f 1983 1969 1984
f 1984 1969 1970
f 1984 1970 1985
f 1985 1970 1971
f 1985 1971 1986
f 1986 1971 1972
f 1986 1972 1987
f 1987 1972 1973
f 1987 1973 1988
f 1988 1973 1974
f 1988 1974 1989
f 1989 1974 1882
f 1989 1882 1990
f 1990 1882 1870
f 1990 1870 1881
f 1881 1870 1682
f 1881 1682 1681
f 1826 1991 1975
f 1975 1991 1992
f 1975 1992 1976
f 1976 1992 1993
f 1976 1993 1977
f 1977 1993 1994
f 1977 1994 1978
f 1978 1994 1995
f 1978 1995 1979
f 1979 1995 1996
f 1979 1996 1980
f 1980 1996 1997
f 1980 1997 1981
f 1981 1997 1998
f 1981 1998 1903
f 1903 1998 1999
f 1903 1999 1904
f 1904 1999 1907
f 1904 1907 1905
f 1905 1907 1571
f 1905 1571 1570
f 1767 1943 1945
f 1945 1943 1944
f 1945 1944 1942
f 1942 1944 1773
f 1942 1773 1772
f 1826 1982 2000
f 2000 1982 1983
f 2000 1983 2001
f 2001 1983 1984
f 2001 1984 2002
f 2002 1984 1985
f 2002 1985 2003
f 2003 1985 1986
f 2003 1986 2004
f 2004 1986 1987
f 2004 1987 2005
f 2005 1987 1988
f 2005 1988 2006
f 2006 1988 1989
f 2006 1989 2007
f 2007 1989 1990
f 2007 1990 2008
f 2008 1990 1881
f 2008 1881 2009
f 2009 1881 1880
f 2009 1880 1879
f 1879 1880 1692
f 1879 1692 1691
f 1826 2010 1991
f 1991 2010 2011
f 1991 2011 1992
f 1992 2011 2012
f 1992 2012 1993
f 1993 2012 2013
f 1993 2013 1994
f 1994 2013 2014
f 1994 2014 1995
f 1995 2014 2015
f 1995 2015 1996
f 1996 2015 2016
f 1996 2016 1997
f 1997 2016 2017
f 1997 2017 1998
f 1998 2017 2018
f 1998 2018 1999
f 1999 2018 2019
f 1999 2019 1907
f 1907 2019 1909
f 1907 1909 1906
f 1906 1909 1565
f 1906 1565 1564
f 1757 1877 1878
f 1878 1877 2020
f 1878 2020 1879
f 1879 2020 2021
f 1879 2021 2009
f 2009 2021 2022
f 2009 2022 2008
f 2008 2022 2023
f 2008 2023 2007
f 2007 2023 2024
f 2007 2024 2006
f 2006 2024 2025
f 2006 2025 2005
f 2005 2025 2026
f 2005 2026 2004
f 2004 2026 1959
f 2004 1959 2003
f 2003 1959 1822
f 2003 1822 2002
f 2002 1822 1821
f 2002 1821 2001
f 2001 1821 1854
f 2001 1854 2000
f 2000 1854 1826
f 1650 1649 1819
f 1819 1649 1888
f 1819 1888 1817
f 1817 1888 1962
f 1817 1962 1850
f 1850 1962 1968
f 1850 1968 1851
f 1851 1968 1982
f 1851 1982 1826
f 1826 2027 2010
f 2010 2027 2028
f 2010 2028 2011
f 2011 2028 2029
f 2011 2029 2012
f 2012 2029 2030
f 2012 2030 2013
f 2013 2030 2031
f 2013 2031 2014
f 2014 2031 2032
f 2014 2032 2015
f 2015 2032 2033
f 2015 2033 2016
f 2016 2033 2034
f 2016 2034 2017
f 2017 2034 2035
f 2017 2035 2018
f 2018 2035 2036
f 2018 2036 2019
f 2019 2036 2037
f 2019 2037 1909
f 1909 2037 1911
f 1909 1911 1908
f 1908 1911 1765
f 1908 1765 1766
f 1752 1875 1876
f 1876 1875 2038
f 1876 2038 1877
f 1877 2038 2039
f 1877 2039 2020
f 2020 2039 2040
f 2020 2040 2021
f 2021 2040 2041
f 2021 2041 2022
f 2022 2041 2042
f 2022 2042 2023
f 2023 2042 2043
f 2023 2043 2024
f 2024 2043 2044
f 2024 2044 2025
f 2025 2044 2045
f 2025 2045 2026
f 2026 2045 2046
f 2026 2046 1959
f 1959 2046 1792
f 1959 1792 1776
f 1764 1910 1912
f 1912 1910 1911
f 1912 1911 2047
f 2047 1911 2037
f 2047 2037 2048
f 2048 2037 2036
f 2048 2036 2049
f 2049 2036 2035
f 2049 2035 2050
f 2050 2035 2034
f 2050 2034 2051
f 2051 2034 2033
f 2051 2033 2052
f 2052 2033 2032
f 2052 2032 2053
f 2053 2032 2031
f 2053 2031 1926
f 1926 2031 2030
f 1926 2030 1927
f 1927 2030 2029
f 1927 2029 1928
f 1928 2029 2028
f 1928 2028 1961
f 1961 2028 2027
f 1961 2027 1960
f 1960 2027 1826
f 1809 1808 1931
f 1931 1808 1957
f 1931 1957 1831
f 1831 1957 1956
f 1831 1956 1826
f 1536 1916 1537
f 1537 1916 2054
f 1537 2054 1863
f 1863 2054 2055
f 1863 2055 1917
f 1917 2055 2056
f 1917 2056 1918
f 1918 2056 2057
f 1918 2057 1862
f 1862 2057 2058
f 1862 2058 1919
f 1919 2058 1921
f 1919 1921 1920
f 1920 1921 1516
f 1920 1516 1520
f 1744 1872 1874
f 1874 1872 2059
f 1874 2059 1875
f 1875 2059 2060
f 1875 2060 2038
f 2038 2060 2061
f 2038 2061 2039
f 2039 2061 2062
f 2039 2062 2040
f 2040 2062 2063
f 2040 2063 2041
f 2041 2063 2064
f 2041 2064 2042
f 2042 2064 2065
f 2042 2065 2043
f 2043 2065 1937
f 2043 1937 2044
f 2044 1937 1858
f 2044 1858 2045
f 2045 1858 1794
f 2045 1794 2046
f 2046 1794 1793
f 2046 1793 1792
f 1726 1913 1914
f 1914 1913 1912
f 1914 1912 2066
f 2066 1912 2047
f 2066 2047 2067
f 2067 2047 2048
f 2067 2048 2068
f 2068 2048 2049
f 2068 2049 2069
f 2069 2049 2050
f 2069 2050 2070
f 2070 2050 2051
f 2070 2051 2071
f 2071 2051 2052
f 2071 2052 2072
f 2072 2052 2053
f 2072 2053 1925
f 1925 2053 1926
f 1925 1926 1924
f 1924 1926 1526
f 1924 1526 1525
f 1729 1914 1916
f 1916 1914 2066
f 1916 2066 2054
f 2054 2066 2067
f 2054 2067 2055
f 2055 2067 2068
f 2055 2068 2056
f 2056 2068 2069
f 2056 2069 2057
f 2057 2069 2070
f 2057 2070 2058
f 2058 2070 2071
f 2058 2071 1921
f 1921 2071 2072
f 1921 2072 1922
f 1922 2072 1925
f 1922 1925 1923
f 1923 1925 1523
f 1923 1523 1522
f 1739 1871 1873
f 1873 1871 1948
f 1873 1948 1872
f 1872 1948 1947
f 1872 1947 2059
f 2059 1947 1946
f 2059 1946 2060
f 2060 1946 1945
f 2060 1945 2061
f 2061 1945 1942
f 2061 1942 2062
f 2062 1942 1941
f 2062 1941 2063
f 2063 1941 1938
f 2063 1938 2064
f 2064 1938 1939
f 2064 1939 2065
f 2065 1939 1940
f 2065 1940 1937
f 1937 1940 1787
f 1937 1787 1786
