# Converti depuis Left_4_3_Link.STL
# 2397 sommets, 4794 faces
o Left_4_3_Link
v 0.006148 -0.008583 0.002338
v 0.005923 -0.008537 0.003105
v 0.005392 -0.013100 0.002984
v 0.002103 -0.021457 0.002284
v 0.002183 -0.021679 0.001779
v 0.002969 -0.021541 0.001824
v 0.001894 -0.020883 0.003074
v 0.001926 -0.020972 0.002951
v 0.002622 -0.020839 0.003014
v 0.004566 -0.016828 0.003524
v 0.004177 -0.016470 0.004188
v 0.003929 -0.017778 0.004048
v 0.001760 -0.020514 -0.003472
v 0.001752 -0.020493 -0.003489
v 0.002367 -0.020351 -0.003561
v 0.001581 -0.020021 -0.003884
v 0.002073 -0.019846 -0.004022
v 0.002507 -0.019488 -0.004158
v 0.002878 -0.020013 -0.003661
v 0.003692 -0.012475 -0.005544
v 0.003732 -0.012144 -0.005561
v 0.004219 -0.012433 -0.005046
v 0.004311 -0.018182 -0.003412
v 0.004566 -0.016827 -0.003528
v 0.004876 -0.017108 -0.002831
v 0.004519 -0.006022 -0.005853
v 0.004654 -0.005116 -0.005893
v 0.005167 -0.005081 -0.005346
v 0.005596 -0.008471 -0.003860
v 0.005923 -0.008536 -0.003108
v 0.005392 -0.013099 -0.002987
v 0.007006 -0.000754 -0.004001
v 0.007237 -0.000655 -0.003386
v 0.006875 -0.002426 -0.003312
v 0.007410 -0.000581 -0.002927
v 0.007480 -0.000539 -0.002573
v 0.007110 -0.002344 -0.002508
v 0.005426 -0.001094 -0.006083
v 0.005875 -0.001039 -0.005656
v 0.005595 -0.002739 -0.005454
v 0.005426 -0.001095 0.006083
v 0.005060 -0.002832 0.005998
v 0.005531 -0.001085 0.005991
v 0.005595 -0.002740 0.005454
v 0.005979 -0.001024 0.005543
v 0.006099 -0.002637 0.004809
v 0.006465 -0.000912 0.004888
v 0.006040 -0.001009 0.005460
v 0.006961 -0.000763 0.004033
v 0.006895 -0.000786 0.004165
v 0.006533 -0.002528 0.004086
v 0.006671 -0.000865 0.004611
v 0.006550 -0.000893 0.004774
v 0.007199 -0.000680 0.003558
v 0.006875 -0.002427 0.003312
v 0.007110 -0.002345 0.002507
v 0.007290 -0.000635 0.003248
v 0.007248 -0.000656 0.003391
v 0.007625 -0.000446 0.001730
v 0.007537 -0.000511 0.002396
v 0.007251 -0.002284 0.001683
v 0.007525 -0.000517 0.002437
v 0.007485 -0.000537 0.002573
v 0.007321 -0.002247 0.000845
v 0.007691 -0.000397 0.001232
v 0.007641 -0.000434 0.001615
v 0.007721 -0.000365 -0.000001
v 0.007702 -0.000385 0.000804
v 0.007700 -0.000387 0.000870
v 0.007339 -0.002234 -0.000000
v 0.007730 -0.000355 -0.000372
v 0.007321 -0.002247 -0.000845
v 0.007702 -0.000382 -0.000809
v 0.007251 -0.002284 -0.001683
v 0.007648 -0.000433 -0.001631
v 0.007698 -0.000386 -0.000869
v 0.007505 -0.000524 -0.002447
v 0.007640 -0.000441 -0.001760
v 0.007642 -0.000439 -0.001733
v 0.007286 -0.000635 -0.003256
v 0.006387 -0.000939 -0.005035
v 0.006472 -0.000914 -0.004894
v 0.006099 -0.002635 -0.004809
v 0.006544 -0.000892 -0.004774
v 0.006533 -0.002526 -0.004087
v 0.006905 -0.000784 -0.004169
v 0.006978 -0.000762 -0.004046
v 0.005979 -0.001022 -0.005544
v 0.006044 -0.001009 -0.005463
v 0.006282 -0.008612 -0.001565
v 0.006784 -0.004950 -0.001625
v 0.006852 -0.004941 -0.000815
v 0.006417 -0.004987 -0.003214
v 0.006082 -0.005015 -0.003979
v 0.005658 -0.005048 -0.004699
v 0.004223 -0.008001 -0.005767
v 0.003971 -0.010128 -0.005661
v 0.004198 -0.008211 -0.005756
v 0.004709 -0.008304 -0.005215
v 0.004822 -0.003994 -0.005942
v 0.004998 -0.003150 -0.005983
v 0.005064 -0.002832 -0.005999
v 0.003774 -0.021454 -0.000003
v 0.003459 -0.021671 -0.000003
v 0.003447 -0.021647 -0.000621
v 0.004288 -0.020833 -0.000646
v 0.003986 -0.021077 -0.001269
v 0.004232 -0.020754 -0.001287
v 0.003877 -0.020911 -0.001899
v 0.004117 -0.020594 -0.001926
v 0.003697 -0.020640 -0.002524
v 0.003760 -0.021430 -0.000629
v 0.003399 -0.021559 -0.001238
v 0.003709 -0.021345 -0.001253
v 0.003304 -0.021384 -0.001851
v 0.003607 -0.021174 -0.001874
v 0.003148 -0.021099 -0.002459
v 0.003437 -0.020896 -0.002490
v 0.002622 -0.020838 -0.003019
v 0.002827 -0.021250 -0.002431
v 0.002969 -0.021541 -0.001830
v 0.003055 -0.021720 -0.001224
v 0.003098 -0.021810 -0.000614
v 0.003110 -0.021835 -0.000003
v 0.002288 -0.021967 0.000596
v 0.002295 -0.021987 -0.000003
v 0.002298 -0.021995 -0.000233
v 0.002284 -0.021955 -0.000600
v 0.002265 -0.021902 -0.001092
v 0.003653 -0.019954 -0.003187
v 0.004017 -0.019199 -0.003295
v 0.004311 -0.019551 -0.002646
v 0.004615 -0.018502 -0.002739
v 0.004826 -0.018722 -0.002057
v 0.005091 -0.017300 -0.002126
v 0.005220 -0.017415 -0.001419
v 0.005612 -0.013222 -0.002245
v 0.005744 -0.013297 -0.001499
v 0.006148 -0.008582 -0.002340
v 0.006647 -0.004965 -0.002426
v 0.005184 -0.008393 -0.004573
v 0.005074 -0.012921 -0.003720
v 0.004814 -0.015058 -0.003632
v 0.003975 -0.014413 -0.004931
v 0.003499 -0.014029 -0.005447
v 0.003584 -0.013386 -0.005499
v 0.003016 -0.016801 -0.005102
v 0.003018 -0.016797 -0.005103
v 0.003493 -0.017309 -0.004627
v 0.003061 -0.016652 -0.005133
v 0.003737 -0.016052 -0.004790
v 0.003208 -0.015818 -0.005242
v 0.003249 -0.015588 -0.005272
v 0.003422 -0.014603 -0.005400
v 0.006366 -0.008634 -0.000001
v 0.005809 -0.013335 -0.000751
v 0.005285 -0.017471 -0.000711
v 0.004953 -0.018853 -0.001373
v 0.004514 -0.019793 -0.001988
v 0.003928 -0.020332 -0.002561
v 0.004674 -0.012695 -0.004416
v 0.004421 -0.014761 -0.004315
v 0.004177 -0.016469 -0.004192
v 0.003929 -0.017777 -0.004052
v 0.003647 -0.018758 -0.003910
v 0.003303 -0.019487 -0.003777
v 0.002260 -0.018710 -0.004642
v 0.002421 -0.018410 -0.004727
v 0.002894 -0.018964 -0.004301
v 0.002533 -0.018199 -0.004786
v 0.003220 -0.018256 -0.004459
v 0.001688 -0.019418 -0.004352
v 0.001733 -0.019363 -0.004375
v 0.001951 -0.019101 -0.004485
v 0.002075 -0.018953 -0.004548
v 0.002229 -0.018768 -0.004626
v 0.003192 -0.020497 -0.003094
v 0.001925 -0.020967 -0.002951
v 0.002677 -0.017931 -0.004862
v 0.002742 -0.017714 -0.004908
v 0.002783 -0.017579 -0.004937
v 0.002253 -0.021870 -0.001196
v 0.002186 -0.021685 -0.001790
v 0.002171 -0.021645 -0.001917
v 0.002075 -0.021380 -0.002372
v 0.002008 -0.021196 -0.002687
v 0.004219 -0.012434 0.005044
v 0.003729 -0.012145 0.005563
v 0.003687 -0.012476 0.005541
v 0.003975 -0.014414 0.004929
v 0.003278 -0.015539 0.005296
v 0.003736 -0.016053 0.004787
v 0.003422 -0.014605 0.005398
v 0.003494 -0.014030 0.005437
v 0.004421 -0.014762 0.004312
v 0.004814 -0.015059 0.003629
v 0.004674 -0.012696 0.004414
v 0.003266 -0.015594 0.005287
v 0.003217 -0.015822 0.005250
v 0.003493 -0.017310 0.004624
v 0.003010 -0.016796 0.005092
v 0.003009 -0.016801 0.005092
v 0.002548 -0.018210 0.004785
v 0.002530 -0.018258 0.004773
v 0.003220 -0.018257 0.004456
v 0.002923 -0.017200 0.005027
v 0.002783 -0.017579 0.004936
v 0.002733 -0.017711 0.004904
v 0.002894 -0.018966 0.004297
v 0.002429 -0.018414 0.004723
v 0.002245 -0.018698 0.004632
v 0.002878 -0.020014 0.003656
v 0.003192 -0.020498 0.003089
v 0.003653 -0.019955 0.003182
v 0.002507 -0.019489 0.004153
v 0.003303 -0.019488 0.003772
v 0.004017 -0.019200 0.003290
v 0.004311 -0.019552 0.002641
v 0.004615 -0.018503 0.002734
v 0.004826 -0.018722 0.002052
v 0.005091 -0.017300 0.002121
v 0.005220 -0.017415 0.001414
v 0.005744 -0.013298 0.001496
v 0.005809 -0.013335 0.000748
v 0.002076 -0.018958 0.004549
v 0.002006 -0.019065 0.004515
v 0.001960 -0.019112 0.004489
v 0.001728 -0.019351 0.004358
v 0.002073 -0.019847 0.004017
v 0.001676 -0.019404 0.004329
v 0.002367 -0.020352 0.003556
v 0.001747 -0.020480 0.003469
v 0.001586 -0.020038 0.003901
v 0.001586 -0.020037 0.003902
v 0.001443 -0.019643 0.004198
v 0.005827 -0.013345 -0.000002
v 0.005285 -0.017471 0.000706
v 0.004953 -0.018854 0.001368
v 0.004514 -0.019794 0.001983
v 0.003928 -0.020333 0.002556
v 0.003697 -0.020641 0.002518
v 0.003607 -0.021175 0.001868
v 0.003877 -0.020912 0.001893
v 0.004117 -0.020595 0.001921
v 0.004637 -0.019941 0.001323
v 0.005016 -0.018918 0.000683
v 0.005302 -0.017486 -0.000002
v 0.004637 -0.019940 -0.001328
v 0.005016 -0.018918 -0.000688
v 0.004697 -0.020012 -0.000666
v 0.005033 -0.018935 -0.000003
v 0.004714 -0.020032 -0.000003
v 0.004697 -0.020013 0.000660
v 0.004288 -0.020833 0.000640
v 0.004232 -0.020754 0.001282
v 0.003986 -0.021077 0.001264
v 0.002079 -0.021392 0.002373
v 0.002827 -0.021251 0.002426
v 0.003148 -0.021100 0.002453
v 0.003304 -0.021385 0.001845
v 0.003437 -0.020896 0.002484
v 0.003055 -0.021720 0.001218
v 0.003098 -0.021810 0.000608
v 0.003399 -0.021560 0.001232
v 0.003447 -0.021647 0.000615
v 0.003709 -0.021345 0.001247
v 0.003760 -0.021431 0.000623
v 0.002286 -0.021964 0.000687
v 0.002249 -0.021860 0.001189
v 0.002224 -0.021792 0.001522
v 0.004304 -0.020855 -0.000003
v 0.004641 -0.005116 0.005892
v 0.005167 -0.005082 0.005345
v 0.004871 -0.003729 0.005955
v 0.004992 -0.003153 0.005983
v 0.004504 -0.005941 0.005855
v 0.004494 -0.006022 0.005851
v 0.004709 -0.008306 0.005214
v 0.004220 -0.008215 0.005755
v 0.003980 -0.010132 0.005671
v 0.003834 -0.011295 0.005620
v 0.005074 -0.012922 0.003717
v 0.005596 -0.008473 0.003858
v 0.005184 -0.008394 0.004571
v 0.006082 -0.005017 0.003978
v 0.005658 -0.005049 0.004699
v 0.006417 -0.004988 0.003212
v 0.006647 -0.004966 0.002425
v 0.006784 -0.004950 0.001624
v 0.006869 -0.004938 -0.000001
v 0.006852 -0.004941 0.000814
v 0.006282 -0.008613 0.001562
v 0.005612 -0.013223 0.002242
v 0.004876 -0.017108 0.002826
v 0.004311 -0.018183 0.003408
v 0.003647 -0.018759 0.003905
v 0.001443 -0.019642 -0.004202
v 0.001684 -0.019421 -0.004350
v 0.000342 -0.001187 -0.006901
v 0.000733 -0.001039 -0.006865
v 0.000723 -0.000996 -0.006909
v 0.000578 -0.001040 -0.007018
v 0.000328 -0.001145 -0.007030
v 0.000325 -0.001138 -0.007015
v -0.000031 -0.001356 -0.006909
v -0.000027 -0.001364 -0.006902
v -0.000012 -0.001397 -0.006890
v 0.000193 -0.001320 -0.006873
v 0.000328 -0.001149 -0.006944
v -0.000048 -0.001325 -0.006942
v 0.000320 -0.001127 -0.006998
v -0.000059 -0.001306 -0.006998
v -0.000060 -0.001304 -0.007002
v -0.000060 -0.001307 -0.007024
v -0.000060 -0.001309 -0.007047
v 0.001544 -0.000727 -0.006855
v 0.001252 -0.000810 -0.006919
v 0.001541 -0.000728 -0.006840
v 0.001539 -0.000733 -0.006828
v 0.000728 -0.000976 -0.007012
v 0.000725 -0.000974 -0.006992
v 0.000851 -0.000925 -0.007006
v 0.000720 -0.000970 -0.006965
v 0.001534 -0.000744 -0.006799
v 0.001527 -0.000779 -0.006746
v 0.001528 -0.000757 -0.006766
v 0.001526 -0.000825 -0.006703
v 0.001526 -0.000827 -0.006703
v 0.001394 -0.000912 -0.006721
v 0.001532 -0.000883 -0.006685
v 0.000366 -0.001255 -0.006858
v 0.000753 -0.001109 -0.006824
v 0.001032 -0.001003 -0.006800
v 0.001240 -0.000951 -0.006755
v 0.003206 -0.012154 -0.005966
v 0.003458 -0.009936 -0.006094
v -0.000071 -0.007145 -0.007165
v -0.000061 -0.006647 -0.007201
v 0.000466 -0.006426 -0.007246
v 0.004951 -0.001124 -0.006435
v 0.004839 -0.001127 -0.006499
v 0.004406 -0.003212 -0.006406
v 0.004813 -0.001128 -0.006513
v 0.004441 -0.001139 -0.006723
v 0.003809 -0.003272 -0.006724
v 0.004227 -0.001143 -0.006814
v 0.003473 -0.001163 -0.007087
v 0.003589 -0.001159 -0.007050
v 0.003193 -0.003337 -0.006961
v 0.003896 -0.001149 -0.006954
v 0.004150 -0.001144 -0.006846
v 0.003293 -0.001168 -0.007143
v 0.002559 -0.003424 -0.007139
v 0.002927 -0.001195 -0.007229
v 0.002134 -0.001285 -0.007386
v 0.002242 -0.001270 -0.007367
v 0.001912 -0.003546 -0.007275
v 0.002606 -0.001219 -0.007305
v 0.002804 -0.001205 -0.007258
v 0.001916 -0.001315 -0.007423
v 0.001263 -0.003711 -0.007365
v 0.001547 -0.001395 -0.007462
v 0.000794 -0.001603 -0.007508
v 0.000853 -0.001585 -0.007505
v 0.000627 -0.003926 -0.007400
v 0.001290 -0.001451 -0.007489
v 0.001461 -0.001414 -0.007471
v 0.000717 -0.001627 -0.007511
v 0.000051 -0.003849 -0.007382
v 0.000173 -0.001851 -0.007491
v 0.000057 -0.010324 -0.006822
v 0.000054 -0.010274 -0.006829
v 0.000431 -0.010379 -0.006866
v 0.000025 -0.009881 -0.006888
v -0.000005 -0.009040 -0.006973
v 0.001985 -0.013223 -0.006301
v 0.001556 -0.012766 -0.006427
v 0.001753 -0.011156 -0.006648
v 0.001118 -0.012301 -0.006556
v 0.001287 -0.010840 -0.006767
v 0.001067 -0.012247 -0.006571
v 0.000843 -0.010568 -0.006842
v 0.003252 -0.014450 -0.005554
v 0.002941 -0.014157 -0.005774
v 0.002942 -0.009743 -0.006404
v 0.002717 -0.011822 -0.006268
v 0.002425 -0.009556 -0.006631
v 0.002231 -0.011488 -0.006488
v 0.001908 -0.009381 -0.006798
v 0.002008 -0.013245 -0.006291
v 0.002473 -0.013709 -0.006074
v 0.002601 -0.013837 -0.006015
v -0.000001 -0.009160 -0.006961
v 0.000428 -0.009087 -0.007019
v 0.000902 -0.009120 -0.006998
v 0.001032 -0.006266 -0.007219
v 0.001398 -0.009227 -0.006921
v 0.001618 -0.006156 -0.007135
v 0.002209 -0.006085 -0.007003
v 0.002797 -0.006044 -0.006828
v 0.003376 -0.006024 -0.006594
v 0.003942 -0.006018 -0.006276
v 0.000714 -0.011859 -0.006616
v 0.000381 -0.011494 -0.006658
v 0.000123 -0.011211 -0.006691
v -0.000057 -0.006409 -0.007219
v -0.000033 -0.005208 -0.007307
v 0.000029 -0.004198 -0.007362
v -0.000690 -0.012488 -0.006142
v -0.000324 -0.011913 -0.006389
v -0.000036 -0.012622 -0.006333
v -0.002165 -0.014721 -0.004768
v -0.001927 -0.014364 -0.005026
v -0.001190 -0.016155 -0.004944
v 0.002550 -0.016274 -0.005468
v 0.001245 -0.019057 -0.004561
v 0.001298 -0.017676 -0.005147
v 0.001011 -0.018187 -0.004943
v 0.000506 -0.017681 -0.005057
v 0.001792 -0.018196 -0.004943
v 0.000545 -0.012623 -0.006460
v 0.001370 -0.013734 -0.006261
v 0.000318 -0.013287 -0.006254
v 0.000201 -0.012081 -0.006523
v -0.000075 -0.011523 -0.006557
v -0.000367 -0.018397 -0.004467
v -0.000514 -0.018231 -0.004477
v -0.000274 -0.017663 -0.004845
v -0.000643 -0.018085 -0.004485
v -0.000752 -0.016963 -0.004895
v -0.001008 -0.017563 -0.004510
v -0.001013 -0.017556 -0.004510
v 0.001505 -0.018650 -0.004767
v 0.001104 -0.019482 -0.004289
v 0.000755 -0.018676 -0.004698
v 0.000238 -0.018225 -0.004785
v 0.000012 -0.017091 -0.005136
v 0.001052 -0.019451 -0.004298
v 0.000948 -0.019391 -0.004316
v 0.000572 -0.019174 -0.004380
v -0.000876 -0.015597 -0.005268
v -0.000244 -0.014470 -0.005787
v -0.000451 -0.016389 -0.005204
v 0.000171 -0.015214 -0.005700
v 0.000620 -0.015904 -0.005604
v 0.001095 -0.016533 -0.005491
v 0.001583 -0.017115 -0.005336
v 0.002073 -0.017668 -0.005111
v 0.002754 -0.015330 -0.005641
v 0.002326 -0.017040 -0.005288
v 0.001820 -0.014282 -0.006116
v 0.002283 -0.014814 -0.005917
v 0.001151 -0.014552 -0.006052
v 0.001606 -0.015149 -0.005915
v 0.002075 -0.015722 -0.005729
v -0.001025 -0.017535 -0.004511
v -0.001405 -0.016870 -0.004538
v -0.001482 -0.016709 -0.004545
v -0.001568 -0.016527 -0.004552
v -0.002273 -0.014882 -0.004624
v -0.002065 -0.015393 -0.004601
v -0.001818 -0.016002 -0.004573
v -0.001593 -0.013864 -0.005387
v -0.001515 -0.013748 -0.005471
v -0.000616 -0.013684 -0.005869
v -0.000936 -0.012864 -0.005942
v 0.001843 -0.016476 -0.005532
v 0.001365 -0.015887 -0.005703
v 0.000900 -0.015263 -0.005830
v 0.000051 -0.013893 -0.006027
v 0.000314 -0.018991 -0.004409
v 0.000134 -0.018864 -0.004428
v 0.000029 -0.018771 -0.004437
v -0.000271 -0.018505 -0.004460
v 0.001085 -0.020915 -0.002930
v -0.000253 -0.019854 0.003471
v 0.000166 -0.020104 0.003468
v 0.000203 -0.019553 0.003978
v -0.003988 -0.012882 -0.003642
v -0.003626 -0.014023 -0.003589
v -0.003959 -0.014397 -0.002952
v -0.003908 -0.007268 0.005202
v -0.003941 -0.006833 0.005240
v -0.004457 -0.007161 0.004633
v -0.004530 -0.005139 -0.004847
v -0.004085 -0.004915 -0.005407
v -0.003942 -0.006832 -0.005241
v -0.003856 -0.007994 -0.005140
v -0.003732 -0.008880 -0.005066
v -0.004231 -0.009254 -0.004481
v -0.002390 -0.015912 -0.004090
v -0.000892 -0.017742 0.004499
v -0.000997 -0.017558 0.004507
v -0.001238 -0.018134 0.004030
v -0.002272 -0.014883 0.004622
v -0.002372 -0.014614 0.004636
v -0.003252 -0.013596 0.004191
v -0.002716 -0.013534 0.004707
v -0.002845 -0.013130 0.004733
v -0.001013 -0.017530 0.004508
v -0.001479 -0.016708 0.004542
v -0.001851 -0.017078 0.004055
v -0.001551 -0.016580 0.004547
v -0.001572 -0.016530 0.004550
v -0.000501 -0.018222 0.004472
v 0.000038 -0.018759 0.004429
v -0.000261 -0.018515 0.004456
v -0.000545 -0.018978 0.004007
v 0.000935 -0.019898 0.003936
v 0.000953 -0.019381 0.004301
v 0.000575 -0.019166 0.004369
v -0.002715 -0.013532 -0.004709
v -0.003853 -0.011391 -0.004332
v -0.003103 -0.012235 -0.004796
v -0.003253 -0.013595 -0.004193
v -0.003018 -0.012607 -0.004767
v -0.002847 -0.013129 -0.004734
v -0.003617 -0.009714 -0.004997
v -0.003518 -0.010428 -0.004937
v -0.003395 -0.010961 -0.004896
v -0.003393 -0.010972 -0.004895
v -0.004592 -0.005170 -0.004770
v -0.004457 -0.007159 -0.004634
v -0.003910 -0.007267 -0.005203
v -0.004952 -0.007416 -0.003948
v -0.004960 -0.005333 -0.004273
v -0.004824 -0.005286 -0.004477
v -0.005740 -0.005581 -0.003007
v -0.005579 -0.005540 -0.003316
v -0.005405 -0.007609 -0.003225
v -0.005520 -0.005525 -0.003431
v -0.005101 -0.005381 -0.004060
v -0.006035 -0.007832 -0.001837
v -0.006078 -0.005666 -0.002313
v -0.005776 -0.007746 -0.002510
v -0.006039 -0.005658 -0.002433
v -0.005965 -0.005639 -0.002574
v -0.006393 -0.005728 -0.001231
v -0.006364 -0.005724 -0.001450
v -0.006193 -0.007879 -0.001203
v -0.006329 -0.005717 -0.001557
v -0.006223 -0.005695 -0.001877
v -0.006453 -0.005736 -0.000771
v -0.006271 -0.007899 -0.000596
v -0.006475 -0.005739 -0.000607
v -0.006293 -0.007903 -0.000001
v -0.006497 -0.005742 -0.000001
v -0.006508 -0.005743 -0.000355
v -0.006474 -0.005740 0.000802
v -0.006479 -0.005741 0.000608
v -0.006271 -0.007899 0.000594
v -0.006497 -0.005742 0.000003
v -0.006240 -0.005701 0.001881
v -0.006261 -0.005706 0.001831
v -0.006035 -0.007832 0.001835
v -0.006316 -0.005715 0.001564
v -0.005776 -0.007746 0.002508
v -0.005958 -0.005638 0.002570
v -0.006063 -0.005661 0.002314
v -0.005142 -0.005407 0.004023
v -0.005568 -0.005531 0.003306
v -0.005405 -0.007610 0.003223
v -0.005742 -0.005581 0.003014
v -0.005853 -0.005614 0.002826
v -0.004952 -0.007417 0.003946
v -0.005109 -0.005393 0.004066
v -0.004085 -0.004917 0.005406
v -0.004327 -0.005054 0.005120
v -0.004529 -0.005142 0.004847
v -0.004589 -0.005167 0.004768
v -0.004960 -0.005328 0.004267
v -0.003394 -0.010963 0.004894
v -0.003533 -0.010341 0.004943
v -0.003853 -0.011393 0.004330
v -0.004231 -0.009255 0.004479
v -0.003620 -0.009715 0.004995
v -0.003735 -0.008882 0.005065
v -0.003850 -0.008048 0.005135
v -0.003057 -0.012467 0.004776
v -0.003108 -0.012237 0.004794
v -0.003392 -0.010973 0.004894
v -0.004283 -0.011762 -0.003700
v -0.004351 -0.013226 -0.002991
v -0.004700 -0.009568 -0.003821
v -0.004229 -0.014693 -0.002315
v -0.004645 -0.013495 -0.002342
v -0.004416 -0.014896 -0.001706
v -0.004850 -0.013680 -0.001723
v -0.004531 -0.015019 -0.001124
v -0.004975 -0.013790 -0.001134
v -0.004588 -0.015079 -0.000558
v -0.005038 -0.013843 -0.000563
v -0.004603 -0.015095 -0.000002
v -0.005055 -0.013857 -0.000002
v -0.004671 -0.012076 -0.003034
v -0.004985 -0.012319 -0.002372
v -0.005204 -0.012484 -0.001744
v -0.005338 -0.012581 -0.001146
v -0.005405 -0.012628 -0.000569
v -0.005423 -0.012640 -0.000002
v -0.005955 -0.010250 -0.000001
v -0.005935 -0.010242 -0.000582
v -0.005861 -0.010209 -0.001173
v -0.005714 -0.010137 -0.001788
v -0.005472 -0.010011 -0.002439
v -0.005126 -0.009822 -0.003127
v -0.004283 -0.011763 0.003697
v -0.003988 -0.012883 0.003640
v -0.004700 -0.009569 0.003819
v 0.001311 -0.021936 -0.000003
v 0.001304 -0.021910 0.000584
v 0.001282 -0.021817 0.001171
v 0.001240 -0.021634 0.001758
v 0.001174 -0.021336 0.002345
v 0.000192 -0.021025 0.002320
v -0.000301 -0.020767 0.002311
v -0.000303 -0.021055 0.001724
v -0.000782 -0.020435 0.002302
v -0.001240 -0.020025 0.002295
v -0.001287 -0.020302 0.001707
v 0.001085 -0.020916 0.002924
v 0.000995 -0.020417 0.003466
v 0.000170 -0.020610 0.002906
v -0.000289 -0.020357 0.002901
v -0.000737 -0.020031 0.002897
v 0.001293 -0.019574 0.004240
v 0.001057 -0.019440 0.004282
v 0.000319 -0.018987 0.004403
v -0.000174 -0.019298 0.003993
v -0.000663 -0.019533 0.003474
v -0.001054 -0.019139 0.003478
v -0.001165 -0.019629 0.002893
v -0.001567 -0.019157 0.002891
v -0.001672 -0.019544 0.002289
v -0.002456 -0.018421 0.002281
v -0.002562 -0.018677 0.001690
v -0.003280 -0.017417 0.001686
v -0.003363 -0.017563 0.001111
v -0.003997 -0.016275 0.001113
v -0.004047 -0.016342 0.000551
v -0.004588 -0.015079 0.000554
v -0.005038 -0.013843 0.000559
v -0.005405 -0.012628 0.000565
v -0.005935 -0.010242 0.000579
v -0.000361 -0.018393 0.004463
v -0.000901 -0.018589 0.004018
v -0.001423 -0.018676 0.003481
v -0.002299 -0.018054 0.002890
v -0.003141 -0.017177 0.002281
v -0.003896 -0.016141 0.001690
v -0.004531 -0.015019 0.001119
v -0.004975 -0.013790 0.001130
v -0.005338 -0.012582 0.001142
v -0.005861 -0.010209 0.001171
v -0.006193 -0.007879 0.001201
v -0.006386 -0.005726 0.001226
v -0.002095 -0.017596 0.003492
v -0.002683 -0.016401 0.003510
v -0.002938 -0.016831 0.002898
v -0.003490 -0.015597 0.002917
v -0.003730 -0.015919 0.002291
v -0.004229 -0.014693 0.002311
v -0.004416 -0.014897 0.001702
v -0.004645 -0.013496 0.002338
v -0.004850 -0.013680 0.001720
v -0.004985 -0.012320 0.002369
v -0.005204 -0.012484 0.001740
v -0.005472 -0.010012 0.002436
v -0.005714 -0.010137 0.001786
v -0.003625 -0.014024 0.003586
v -0.002389 -0.015913 0.004087
v -0.002057 -0.015390 0.004600
v -0.005126 -0.009823 0.003125
v -0.004671 -0.012077 0.003031
v -0.004351 -0.013226 0.002988
v -0.003959 -0.014397 0.002948
v -0.003192 -0.015195 0.003542
v 0.000935 -0.019897 -0.003941
v 0.000995 -0.020417 -0.003471
v 0.000203 -0.019552 -0.003982
v 0.000166 -0.020103 -0.003473
v 0.000170 -0.020609 -0.002912
v -0.000174 -0.019297 -0.003998
v -0.000545 -0.018977 -0.004011
v -0.000902 -0.018588 -0.004022
v 0.001174 -0.021336 -0.002351
v 0.001240 -0.021633 -0.001764
v 0.001282 -0.021817 -0.001178
v 0.001304 -0.021910 -0.000590
v 0.000687 -0.021213 -0.002337
v 0.000731 -0.021508 -0.001752
v 0.000760 -0.021691 -0.001168
v 0.000775 -0.021784 -0.000585
v 0.000780 -0.021810 -0.000003
v 0.000775 -0.021784 0.000579
v 0.000760 -0.021692 0.001162
v 0.000731 -0.021509 0.001746
v 0.000687 -0.021214 0.002331
v 0.000454 -0.019097 0.004391
v 0.000213 -0.021317 0.001734
v -0.000302 -0.021233 0.001145
v 0.000228 -0.021498 0.001153
v -0.000299 -0.021323 0.000570
v 0.000237 -0.021589 0.000574
v -0.000298 -0.021348 -0.000003
v 0.000240 -0.021615 -0.000003
v -0.000299 -0.021323 -0.000576
v 0.000237 -0.021589 -0.000580
v -0.000302 -0.021232 -0.001151
v 0.000228 -0.021498 -0.001159
v -0.000303 -0.021054 -0.001730
v 0.000213 -0.021317 -0.001740
v -0.000301 -0.020766 -0.002316
v 0.000192 -0.021025 -0.002326
v -0.000289 -0.020356 -0.002906
v -0.000253 -0.019853 -0.003476
v -0.000807 -0.020718 0.001715
v -0.001313 -0.020473 0.001131
v -0.000819 -0.020892 0.001137
v -0.001323 -0.020559 0.000562
v -0.000823 -0.020981 0.000566
v -0.001325 -0.020583 -0.000003
v -0.000823 -0.021005 -0.000003
v -0.001323 -0.020559 -0.000568
v -0.000823 -0.020980 -0.000571
v -0.001313 -0.020473 -0.001136
v -0.000819 -0.020892 -0.001143
v -0.001287 -0.020302 -0.001713
v -0.000807 -0.020717 -0.001721
v -0.001240 -0.020025 -0.002301
v -0.000782 -0.020434 -0.002308
v -0.001165 -0.019629 -0.002898
v -0.000738 -0.020030 -0.002902
v -0.001054 -0.019138 -0.003482
v -0.000663 -0.019533 -0.003479
v -0.001851 -0.017077 -0.004058
v -0.001238 -0.018134 -0.004034
v -0.002095 -0.017595 -0.003496
v -0.001423 -0.018675 -0.003486
v -0.002299 -0.018053 -0.002895
v -0.001567 -0.019156 -0.002896
v -0.002456 -0.018421 -0.002286
v -0.001672 -0.019544 -0.002294
v -0.002562 -0.018677 -0.001695
v -0.001739 -0.019814 -0.001705
v -0.002625 -0.018834 -0.001121
v -0.001778 -0.019981 -0.001130
v -0.002655 -0.018913 -0.000559
v -0.001795 -0.020065 -0.000564
v -0.002662 -0.018935 -0.000003
v -0.001799 -0.020088 -0.000003
v -0.001795 -0.020065 0.000559
v -0.003192 -0.015194 -0.003545
v -0.002683 -0.016400 -0.003514
v -0.003490 -0.015596 -0.002921
v -0.002939 -0.016831 -0.002902
v -0.003730 -0.015918 -0.002295
v -0.003141 -0.017176 -0.002285
v -0.003896 -0.016140 -0.001695
v -0.003280 -0.017416 -0.001690
v -0.003997 -0.016275 -0.001117
v -0.003363 -0.017563 -0.001116
v -0.004047 -0.016341 -0.000556
v -0.003404 -0.017636 -0.000556
v -0.004060 -0.016359 -0.000002
v -0.003415 -0.017655 -0.000002
v -0.003404 -0.017636 0.000551
v -0.002655 -0.018913 0.000554
v -0.002625 -0.018834 0.001116
v -0.001778 -0.019981 0.001125
v -0.001739 -0.019815 0.001700
v -0.001686 -0.014005 0.005310
v -0.001926 -0.014365 0.005028
v -0.001189 -0.016156 0.004942
v -0.000274 -0.017664 0.004842
v 0.002801 -0.014031 0.005893
v 0.002470 -0.013704 0.006059
v 0.002283 -0.014816 0.005917
v 0.001064 -0.012245 0.006575
v 0.000714 -0.011861 0.006620
v 0.000545 -0.012625 0.006463
v 0.000381 -0.011496 0.006662
v -0.000076 -0.011526 0.006566
v -0.000326 -0.011919 0.006405
v -0.000036 -0.012624 0.006337
v -0.000478 -0.012158 0.006307
v -0.000888 -0.012797 0.005991
v -0.000616 -0.013686 0.005871
v -0.000244 -0.014472 0.005789
v 0.000051 -0.013895 0.006029
v 0.000900 -0.015264 0.005831
v 0.000318 -0.013288 0.006257
v 0.000201 -0.012083 0.006527
v 0.000123 -0.011213 0.006695
v 0.001583 -0.017116 0.005334
v 0.001843 -0.016478 0.005530
v 0.001095 -0.016535 0.005490
v 0.001365 -0.015888 0.005703
v 0.000620 -0.015905 0.005604
v 0.000171 -0.015215 0.005701
v 0.002073 -0.017669 0.005109
v 0.002326 -0.017041 0.005286
v 0.002075 -0.015724 0.005729
v 0.001606 -0.015151 0.005916
v 0.001151 -0.014553 0.006054
v 0.001820 -0.014283 0.006117
v 0.002008 -0.013247 0.006291
v 0.001370 -0.013736 0.006263
v 0.001983 -0.013222 0.006304
v 0.001556 -0.012768 0.006430
v 0.002550 -0.016275 0.005466
v 0.002754 -0.015331 0.005639
v 0.000238 -0.018226 0.004782
v 0.000755 -0.018677 0.004695
v 0.001245 -0.019058 0.004557
v 0.001505 -0.018651 0.004764
v 0.000012 -0.017092 0.005135
v 0.000506 -0.017683 0.005055
v 0.001011 -0.018189 0.004940
v -0.000752 -0.016965 0.004893
v -0.001594 -0.013867 0.005388
v -0.000876 -0.015598 0.005267
v -0.000451 -0.016390 0.005203
v 0.002942 -0.014162 0.005780
v 0.001792 -0.018197 0.004940
v -0.000936 -0.012869 0.005950
v 0.000059 -0.010275 0.006824
v 0.000063 -0.010324 0.006817
v 0.000431 -0.010382 0.006870
v 0.005143 -0.001116 0.006304
v 0.004842 -0.001130 0.006504
v 0.004406 -0.003215 0.006406
v 0.000051 -0.003851 0.007383
v 0.000035 -0.004201 0.007362
v 0.000627 -0.003930 0.007402
v 0.000859 -0.001604 0.007494
v 0.000802 -0.001624 0.007494
v 0.000174 -0.001852 0.007492
v 0.000096 -0.002916 0.007439
v 0.001203 -0.001479 0.007495
v 0.001263 -0.003715 0.007367
v 0.001466 -0.001426 0.007464
v 0.001912 -0.003549 0.007277
v 0.002140 -0.001288 0.007384
v 0.001548 -0.001409 0.007454
v 0.002925 -0.001206 0.007220
v 0.002809 -0.001216 0.007246
v 0.002559 -0.003427 0.007140
v 0.002267 -0.001262 0.007369
v 0.002242 -0.001267 0.007372
v 0.003413 -0.001165 0.007110
v 0.003193 -0.003341 0.006962
v 0.003479 -0.001163 0.007086
v 0.003809 -0.003275 0.006725
v 0.004151 -0.001147 0.006838
v 0.003587 -0.001161 0.007046
v 0.004816 -0.001130 0.006518
v 0.004365 -0.001142 0.006760
v 0.004226 -0.001145 0.006811
v -0.000064 -0.006262 0.007238
v -0.000061 -0.006411 0.007224
v 0.000466 -0.006429 0.007250
v 0.003942 -0.006021 0.006276
v 0.003375 -0.006027 0.006595
v 0.002797 -0.006047 0.006830
v 0.002209 -0.006089 0.007005
v 0.001618 -0.006159 0.007138
v 0.001032 -0.006269 0.007223
v 0.002231 -0.011490 0.006490
v 0.002717 -0.011825 0.006269
v 0.003206 -0.012156 0.005965
v 0.001908 -0.009384 0.006800
v 0.002424 -0.009559 0.006633
v 0.002942 -0.009746 0.006405
v 0.003458 -0.009939 0.006094
v 0.000843 -0.010570 0.006846
v 0.001287 -0.010842 0.006770
v 0.001753 -0.011159 0.006651
v -0.000057 -0.006650 0.007203
v -0.000019 -0.009043 0.006988
v 0.000428 -0.009090 0.007023
v -0.000018 -0.009129 0.006981
v -0.000016 -0.009164 0.006976
v 0.000902 -0.009122 0.007002
v 0.001398 -0.009230 0.006925
v 0.000039 -0.001253 0.007014
v -0.000061 -0.001303 0.007014
v -0.000048 -0.001346 0.007123
v 0.000012 -0.001504 0.007360
v 0.000075 -0.001645 0.007445
v 0.000711 -0.001381 0.007474
v 0.000085 -0.001668 0.007459
v -0.000038 -0.001380 0.007211
v 0.000638 -0.001190 0.007347
v -0.000003 -0.001467 0.007316
v 0.000841 -0.000942 0.006931
v 0.000575 -0.001039 0.006964
v 0.000587 -0.001061 0.007149
v 0.000218 -0.001168 0.007009
v 0.000202 -0.001175 0.007010
v 0.001192 -0.000815 0.006887
v 0.001283 -0.000845 0.007120
v 0.001250 -0.000801 0.006881
v 0.001656 -0.000704 0.006843
v 0.001984 -0.000698 0.007044
v 0.001939 -0.000658 0.006802
v 0.002676 -0.000609 0.006926
v 0.002380 -0.000586 0.006738
v 0.002241 -0.000608 0.006758
v 0.003351 -0.000564 0.006772
v 0.003219 -0.000511 0.006561
v 0.002619 -0.000564 0.006688
v 0.003913 -0.000475 0.006347
v 0.003843 -0.000479 0.006376
v 0.004006 -0.000540 0.006565
v 0.003320 -0.000506 0.006532
v 0.003281 -0.000508 0.006543
v 0.004345 -0.000452 0.006163
v 0.004624 -0.000512 0.006278
v 0.004454 -0.000444 0.006102
v 0.004852 -0.000409 0.005854
v 0.004670 -0.000428 0.005979
v 0.004499 -0.000441 0.006076
v 0.003460 -0.000921 0.007068
v 0.002780 -0.000960 0.007236
v 0.004138 -0.000905 0.006838
v 0.004796 -0.000888 0.006517
v 0.005311 -0.000633 0.006022
v 0.004728 -0.000670 0.006432
v 0.005351 -0.000691 0.006060
v 0.002093 -0.001042 0.007361
v 0.001400 -0.001179 0.007443
v 0.005392 -0.000852 0.006083
v 0.004085 -0.000691 0.006737
v 0.003414 -0.000710 0.006956
v 0.002733 -0.000751 0.007118
v 0.002039 -0.000836 0.007240
v 0.001336 -0.000978 0.007318
v 0.005422 -0.000972 0.006100
v 0.005026 -0.000387 0.005719
v 0.005183 -0.000468 0.005894
v 0.005208 -0.000481 0.005922
v 0.006023 -0.000757 0.005493
v 0.006953 0.000289 -0.001618
v 0.007251 0.000271 -0.001648
v 0.006889 0.000236 -0.002164
v 0.007130 0.000178 -0.002460
v 0.006841 0.000204 -0.002403
v 0.006953 0.000289 -0.001615
v 0.006982 0.000313 -0.001368
v 0.007308 0.000331 -0.000824
v 0.007022 0.000360 -0.000509
v 0.007322 0.000353 0.000001
v 0.005890 -0.000203 -0.004744
v 0.006232 -0.000228 -0.004700
v 0.005559 -0.000288 -0.005179
v 0.005756 -0.000358 -0.005337
v 0.005512 -0.000301 -0.005241
v 0.005924 -0.000194 -0.004699
v 0.006005 -0.000167 -0.004562
v 0.006624 -0.000084 -0.004002
v 0.006279 -0.000074 -0.004093
v 0.006327 -0.000053 -0.003982
v 0.006370 -0.000035 -0.003886
v 0.006926 0.000057 -0.003251
v 0.006561 0.000046 -0.003450
v 0.006636 0.000086 -0.003208
v 0.006650 0.000093 -0.003163
v 0.006753 0.000147 -0.002833
v 0.006837 0.000202 -0.002420
v 0.007723 -0.000056 0.000001
v 0.007707 -0.000077 -0.000825
v 0.007645 -0.000138 -0.001657
v 0.007513 -0.000231 -0.002487
v 0.006962 -0.000491 -0.004091
v 0.007290 -0.000352 -0.003306
v 0.006023 -0.000755 -0.005493
v 0.006537 -0.000632 -0.004821
v 0.006963 -0.000492 0.004087
v 0.006538 -0.000633 0.004820
v 0.007516 -0.000230 0.002474
v 0.007294 -0.000351 0.003295
v 0.007706 -0.000077 0.000818
v 0.007645 -0.000137 0.001644
v 0.005392 -0.000851 -0.006083
v 0.005351 -0.000689 -0.006060
v 0.005920 -0.000524 -0.005448
v 0.006420 -0.000394 -0.004792
v 0.006834 -0.000248 -0.004075
v 0.007154 -0.000104 -0.003301
v 0.007371 0.000020 -0.002490
v 0.007499 0.000116 -0.001663
v 0.007559 0.000177 -0.000829
v 0.007574 0.000199 0.000001
v 0.007559 0.000178 0.000824
v 0.007499 0.000117 0.001651
v 0.007373 0.000021 0.002478
v 0.007157 -0.000103 0.003291
v 0.006835 -0.000249 0.004071
v 0.006421 -0.000395 0.004791
v 0.005920 -0.000525 0.005447
v 0.005424 -0.000320 0.005340
v 0.005756 -0.000360 0.005337
v 0.006323 -0.000057 0.003994
v 0.006280 -0.000075 0.004090
v 0.006626 -0.000085 0.003999
v 0.006233 -0.000230 0.004700
v 0.006005 -0.000168 0.004561
v 0.005924 -0.000196 0.004699
v 0.005885 -0.000207 0.004755
v 0.005809 -0.000229 0.004866
v 0.005556 -0.000289 0.005176
v 0.006653 0.000094 0.003154
v 0.006632 0.000083 0.003220
v 0.006929 0.000058 0.003241
v 0.006543 0.000037 0.003498
v 0.006372 -0.000036 0.003883
v 0.006880 0.000228 0.002224
v 0.006844 0.000205 0.002393
v 0.007133 0.000179 0.002449
v 0.006836 0.000200 0.002432
v 0.006737 0.000137 0.002893
v 0.006954 0.000289 0.001631
v 0.007251 0.000272 0.001639
v 0.006957 0.000291 0.001609
v 0.007022 0.000360 0.000001
v 0.007022 0.000360 0.000006
v 0.007307 0.000332 0.000821
v 0.007023 0.000360 0.000501
v 0.006973 0.000304 0.001478
v 0.005422 -0.000970 -0.006100
v 0.005311 -0.000631 -0.006022
v 0.005208 -0.000479 -0.005922
v 0.005183 -0.000467 -0.005894
v 0.005026 -0.000386 -0.005719
v 0.002315 -0.000592 -0.006748
v 0.002613 -0.000563 -0.006688
v 0.002670 -0.000608 -0.006927
v 0.004624 -0.000511 -0.006278
v 0.004497 -0.000438 -0.006072
v 0.004669 -0.000426 -0.005979
v 0.003691 -0.000484 -0.006427
v 0.003909 -0.000474 -0.006344
v 0.004003 -0.000538 -0.006566
v 0.004199 -0.000459 -0.006233
v 0.004456 -0.000441 -0.006094
v 0.003320 -0.000505 -0.006529
v 0.003345 -0.000562 -0.006773
v 0.003274 -0.000507 -0.006541
v 0.003081 -0.000518 -0.006594
v 0.002241 -0.000604 -0.006759
v 0.001979 -0.000697 -0.007044
v 0.001934 -0.000656 -0.006803
v 0.001280 -0.000844 -0.007120
v 0.001631 -0.000707 -0.006846
v 0.000586 -0.001059 -0.007149
v -0.000049 -0.001342 -0.007119
v -0.000001 -0.001470 -0.007308
v -0.000001 -0.001468 -0.007306
v -0.000031 -0.001397 -0.007240
v -0.000049 -0.001344 -0.007122
v 0.000637 -0.001188 -0.007347
v 0.000075 -0.001644 -0.007438
v 0.000053 -0.001597 -0.007426
v 0.000710 -0.001380 -0.007473
v 0.001397 -0.001177 -0.007443
v 0.002088 -0.001041 -0.007362
v 0.002774 -0.000959 -0.007237
v 0.003453 -0.000919 -0.007070
v 0.004796 -0.000886 -0.006517
v 0.004134 -0.000903 -0.006839
v 0.004728 -0.000668 -0.006432
v 0.004082 -0.000690 -0.006738
v 0.003408 -0.000708 -0.006958
v 0.002727 -0.000750 -0.007119
v 0.002034 -0.000835 -0.007240
v 0.001332 -0.000977 -0.007318
v -0.002984 -0.010519 -0.005357
v -0.002563 -0.005941 -0.006404
v -0.002105 -0.005462 -0.006677
v -0.001912 -0.007895 -0.006450
v -0.003369 -0.004420 -0.006122
v -0.003148 -0.004236 -0.006278
v -0.003008 -0.006416 -0.006085
v -0.003137 -0.004227 -0.006286
v -0.002691 -0.003855 -0.006602
v -0.002637 -0.003810 -0.006632
v -0.002190 -0.003428 -0.006844
v -0.000819 -0.002388 -0.007340
v -0.000465 -0.002196 -0.007394
v -0.000551 -0.004183 -0.007289
v -0.000437 -0.009249 -0.006866
v -0.000296 -0.010461 -0.006721
v -0.000570 -0.006705 -0.007108
v -0.000427 -0.002176 -0.007400
v -0.002121 -0.003370 -0.006876
v -0.001619 -0.005001 -0.006920
v -0.001728 -0.003035 -0.007062
v -0.001668 -0.002993 -0.007080
v -0.001083 -0.002576 -0.007260
v -0.002670 -0.003838 -0.006616
v -0.003608 -0.004600 -0.005907
v -0.003655 -0.004633 -0.005863
v -0.003456 -0.006866 -0.005692
v -0.003628 -0.004614 -0.005888
v -0.001483 -0.007458 -0.006707
v -0.003189 -0.009284 -0.005468
v -0.002715 -0.011776 -0.005247
v -0.002569 -0.010055 -0.005735
v -0.002757 -0.008825 -0.005852
v -0.002006 -0.012579 -0.005503
v -0.002369 -0.013061 -0.005142
v -0.000630 -0.010782 -0.006547
v -0.001304 -0.011634 -0.006076
v -0.000826 -0.009561 -0.006686
v -0.001039 -0.007058 -0.006931
v -0.001102 -0.004571 -0.007129
v -0.002324 -0.011307 -0.005617
v -0.001570 -0.010381 -0.006205
v -0.001031 -0.002539 -0.007275
v 0.005979 -0.002551 -0.000000
v 0.005510 -0.003449 -0.000000
v 0.000815 -0.000580 -0.000000
v 0.000491 -0.006481 -0.000001
v -0.000522 -0.006479 -0.000001
v -0.000095 -0.000995 -0.000000
v -0.006500 -0.000035 0.000000
v -0.006422 0.001004 0.000000
v -0.000995 0.000095 0.000000
v -0.002847 0.005843 0.000001
v -0.000416 0.000910 0.000000
v -0.003744 0.005314 0.000001
v -0.000815 0.000580 0.000000
v -0.004544 0.004647 0.000001
v -0.003389 -0.005547 -0.000001
v -0.000580 -0.000815 -0.000000
v -0.002486 -0.006006 -0.000001
v -0.001522 -0.006319 -0.000001
v 0.006302 -0.001591 -0.000000
v 0.000995 -0.000095 -0.000000
v 0.006473 -0.000592 -0.000000
v 0.005934 0.002652 0.000000
v 0.006282 0.001670 0.000000
v 0.000910 0.000416 0.000000
v 0.006468 0.000645 0.000000
v 0.006488 -0.000396 -0.000000
v -0.001877 0.006223 0.000001
v -0.000859 0.006443 0.000001
v 0.000095 0.000995 0.000000
v 0.000181 0.006497 0.000001
v 0.001216 0.006385 0.000001
v 0.002220 0.006109 0.000001
v 0.003167 0.005676 0.000001
v 0.000580 0.000815 0.000000
v 0.001492 -0.006327 -0.000001
v 0.000416 -0.000910 -0.000000
v 0.002457 -0.006018 -0.000001
v 0.004907 -0.004263 -0.000001
v 0.004185 -0.004973 -0.000001
v 0.003362 -0.005563 -0.000001
v 0.004033 0.005097 0.000001
v 0.004796 0.004388 0.000001
v 0.005435 0.003566 0.000001
v -0.006179 0.002016 0.000000
v -0.005778 0.002977 0.000000
v -0.005228 0.003862 0.000001
v -0.005843 -0.004860 -0.000001
v -0.006102 -0.005046 -0.000001
v -0.005665 -0.004664 -0.000001
v -0.006411 -0.001073 -0.000000
v -0.000910 -0.000416 -0.000000
v -0.006157 -0.002083 -0.000000
v -0.005268 -0.004248 -0.000001
v -0.004228 -0.004943 -0.000001
v -0.004392 -0.004842 -0.000001
v -0.005234 -0.004108 -0.000001
v -0.005225 -0.004073 -0.000001
v -0.004144 -0.005007 -0.000001
v -0.005242 -0.003913 -0.000001
v -0.005244 -0.003896 -0.000001
v -0.005320 -0.003734 -0.000001
v -0.005746 -0.003039 -0.000000
v -0.005674 -0.004777 -0.000001
v -0.004612 -0.004753 -0.000001
v -0.004688 -0.004723 -0.000001
v -0.005296 -0.004292 -0.000001
v -0.004862 -0.004684 -0.000001
v -0.005363 -0.004396 -0.000001
v -0.005137 -0.004668 -0.000001
v -0.005181 -0.004665 -0.000001
v -0.005412 -0.004443 -0.000001
v -0.005371 -0.004687 -0.000001
v -0.005658 -0.004773 -0.000001
v -0.005123 -0.004078 0.001149
v -0.004990 -0.003641 0.002022
v -0.005092 -0.003671 0.001652
v -0.005135 -0.003884 0.001142
v -0.005173 -0.003694 0.001357
v -0.004910 -0.003617 0.002249
v -0.004833 -0.003790 0.002249
v -0.004825 -0.003808 0.002249
v -0.004819 -0.003988 0.002249
v -0.005181 -0.004262 0.001168
v -0.004879 -0.004162 0.002249
v -0.005000 -0.004314 0.002249
v -0.004881 -0.004167 0.002249
v -0.005111 -0.004350 0.001897
v -0.005213 -0.004383 0.001576
v -0.005283 -0.004404 0.001233
v -0.005405 -0.004441 0.000310
v -0.005341 -0.004421 0.000949
v -0.005291 -0.004406 0.001195
v -0.005207 -0.003704 0.001147
v -0.005259 -0.003718 0.000833
v -0.005284 -0.003724 0.000678
v -0.004107 -0.004820 0.005370
v -0.004129 -0.004723 0.005334
v -0.004562 -0.004960 0.004799
v -0.004562 -0.004959 -0.004800
v -0.004129 -0.004721 -0.005335
v -0.005831 -0.005173 0.002495
v -0.005936 -0.005192 0.002215
v -0.006063 -0.005413 0.002289
v -0.006071 -0.005215 0.001822
v -0.006157 -0.005228 0.001498
v -0.006303 -0.005453 0.001547
v -0.006288 -0.005242 0.000729
v -0.006317 -0.005242 0.000004
v -0.006477 -0.005470 0.000004
v -0.006043 -0.005211 0.001929
v -0.006284 -0.005241 0.000755
v -0.006438 -0.005469 0.000775
v -0.006219 -0.005236 0.001192
v -0.006194 -0.005233 0.001356
v -0.004923 -0.004934 0.004131
v -0.004979 -0.005132 0.004226
v -0.004699 -0.004854 0.004466
v -0.004527 -0.004771 0.004697
v -0.004484 -0.004750 0.004753
v -0.005029 -0.004972 0.003972
v -0.005091 -0.004994 0.003880
v -0.005742 -0.005347 0.002980
v -0.005479 -0.005099 0.003218
v -0.005498 -0.005104 0.003184
v -0.005640 -0.005133 0.002894
v -0.005820 -0.005171 0.002523
v -0.004978 -0.005130 -0.004228
v -0.006066 -0.005413 -0.002282
v -0.006306 -0.005453 -0.001539
v -0.006439 -0.005468 -0.000767
v -0.005745 -0.005347 -0.002975
v -0.004293 -0.004653 -0.005007
v -0.004114 -0.004544 -0.005221
v -0.004122 -0.004631 -0.005277
v -0.004484 -0.004747 -0.004755
v -0.004527 -0.004769 -0.004698
v -0.005939 -0.005192 -0.002208
v -0.005829 -0.005172 -0.002494
v -0.006284 -0.005241 -0.000763
v -0.006219 -0.005235 -0.001192
v -0.006193 -0.005233 -0.001364
v -0.006159 -0.005228 -0.001491
v -0.006070 -0.005214 -0.001822
v -0.006032 -0.005209 -0.001965
v -0.005793 -0.005165 -0.002586
v -0.005643 -0.005133 -0.002889
v -0.005482 -0.005099 -0.003216
v -0.005481 -0.005099 -0.003218
v -0.005092 -0.004993 -0.003880
v -0.005030 -0.004971 -0.003972
v -0.004922 -0.004932 -0.004133
v -0.004679 -0.004844 -0.004496
v -0.004114 -0.004545 0.005219
v -0.004204 -0.004602 0.005114
v -0.004293 -0.004655 0.005005
v -0.004338 -0.004680 0.004950
v -0.006317 -0.005242 -0.000000
v -0.006320 -0.005242 -0.000056
v -0.006285 -0.005241 -0.000748
v -0.003189 -0.009286 0.005468
v -0.002757 -0.008827 0.005852
v -0.003007 -0.006418 0.006084
v -0.002984 -0.010520 0.005356
v -0.000569 -0.006706 0.007112
v -0.001200 -0.009949 0.006463
v -0.001569 -0.010382 0.006207
v -0.001303 -0.011635 0.006079
v -0.001657 -0.003000 0.007069
v -0.001619 -0.005003 0.006921
v -0.001102 -0.004573 0.007130
v -0.003456 -0.006868 0.005692
v -0.003608 -0.004601 0.005906
v -0.003628 -0.004615 0.005886
v -0.003851 -0.004770 0.005662
v -0.002683 -0.003850 0.006589
v -0.002895 -0.004033 0.006477
v -0.002562 -0.005943 0.006405
v -0.003134 -0.004224 0.006285
v -0.002002 -0.003259 0.006950
v -0.002128 -0.003368 0.006883
v -0.002104 -0.005464 0.006677
v -0.002195 -0.003427 0.006847
v -0.002631 -0.003804 0.006616
v -0.000465 -0.002197 0.007395
v -0.001000 -0.002507 0.007296
v -0.000551 -0.004185 0.007291
v -0.001037 -0.002535 0.007283
v -0.001088 -0.002573 0.007265
v -0.000058 -0.001961 0.007470
v -0.000437 -0.009251 0.006871
v -0.000826 -0.009563 0.006690
v -0.000296 -0.010463 0.006726
v -0.000629 -0.010784 0.006551
v -0.002714 -0.011778 0.005246
v -0.002569 -0.010056 0.005735
v -0.002368 -0.013062 0.005142
v -0.002324 -0.011308 0.005618
v -0.002005 -0.012581 0.005504
v -0.003147 -0.004235 0.006274
v -0.000426 -0.002175 0.007402
v -0.001039 -0.007060 0.006934
v -0.001483 -0.007460 0.006709
v -0.001912 -0.007897 0.006452
v 0.004708 -0.000339 -0.005190
v 0.004800 -0.000327 -0.005111
v 0.005102 -0.000271 -0.004797
v 0.005290 -0.000236 -0.004602
v 0.005460 -0.000194 -0.004382
v 0.005759 -0.000120 -0.003984
v 0.005723 -0.000130 -0.004042
v 0.006095 -0.000018 -0.003441
v 0.006121 -0.000008 -0.003385
v 0.006212 0.000024 -0.003196
v 0.006404 0.000094 -0.002796
v 0.006770 0.000256 -0.001613
v 0.006815 0.000277 -0.001430
v 0.006644 0.000196 -0.002121
v 0.006591 0.000173 -0.002271
v 0.006542 0.000152 -0.002409
v 0.006868 0.000305 -0.001075
v 0.006918 0.000332 -0.000734
v 0.006956 0.000353 -0.000040
v 0.006954 0.000352 0.000006
v 0.006948 0.000348 0.000167
v 0.006928 0.000336 0.000671
v 0.006829 0.000282 0.001384
v 0.006770 0.000254 0.001625
v 0.006539 0.000150 0.002421
v 0.006659 0.000201 0.002081
v 0.006483 0.000126 0.002579
v 0.006423 0.000101 0.002748
v 0.006202 0.000021 0.003209
v 0.006114 -0.000011 0.003391
v 0.005948 -0.000061 0.003658
v 0.005306 -0.000230 0.004550
v 0.005740 -0.000125 0.003994
v 0.005738 -0.000125 0.003996
v 0.005241 -0.000243 0.004618
v 0.005053 -0.000278 0.004812
v 0.004721 -0.000335 0.005137
v 0.004810 -0.000323 0.005063
v 0.004369 -0.000382 0.005432
v 0.004248 -0.000399 0.005534
v 0.003629 -0.000460 0.005951
v 0.002378 -0.000583 0.006555
v 0.002999 -0.000515 0.006291
v 0.003363 -0.000483 0.006094
v 0.003379 -0.000482 0.006086
v 0.002253 -0.000603 0.006596
v 0.002251 -0.000603 0.006596
v 0.001782 -0.000678 0.006749
v 0.001668 -0.000705 0.006776
v 0.003672 -0.000457 -0.005971
v 0.003373 -0.000482 -0.006135
v 0.004261 -0.000399 -0.005567
v 0.004641 -0.000348 -0.005246
v 0.003024 -0.000512 -0.006326
v 0.002594 -0.000559 -0.006508
v 0.002330 -0.000588 -0.006619
v 0.002250 -0.000601 -0.006645
v 0.002019 -0.000639 -0.006718
v 0.001741 -0.000684 -0.006806
v -0.000975 -0.001832 -0.006909
v -0.000670 -0.001648 -0.006968
v -0.000669 -0.001674 -0.007052
v -0.000546 -0.001966 -0.007367
v -0.000628 -0.001796 -0.007240
v -0.000630 -0.001625 -0.006976
v -0.000461 -0.001523 -0.007009
v -0.000195 -0.001379 -0.007038
v -0.001270 -0.002074 -0.006935
v -0.001171 -0.001970 -0.006851
v -0.001267 -0.002036 -0.006823
v -0.001590 -0.002263 -0.006727
v -0.001829 -0.002510 -0.006780
v -0.001685 -0.002340 -0.006689
v -0.001822 -0.002452 -0.006633
v -0.002201 -0.002762 -0.006482
v -0.002172 -0.002735 -0.006492
v -0.002349 -0.002975 -0.006595
v -0.002168 -0.002732 -0.006493
v -0.002832 -0.003372 -0.006233
v -0.002744 -0.003282 -0.006280
v -0.002831 -0.003457 -0.006374
v -0.002703 -0.003242 -0.006295
v -0.002343 -0.002897 -0.006429
v -0.003199 -0.003750 -0.006040
v -0.003282 -0.003919 -0.006091
v -0.003205 -0.003756 -0.006035
v -0.003738 -0.004258 -0.005610
v -0.003705 -0.004229 -0.005640
v -0.003713 -0.004319 -0.005725
v -0.003525 -0.004072 -0.005804
v -0.003282 -0.003831 -0.005980
v -0.003950 -0.004430 -0.005403
v -0.003834 -0.004341 -0.005523
v -0.002730 -0.003685 -0.006582
v -0.002236 -0.003224 -0.006838
v -0.003210 -0.004128 -0.006256
v -0.003258 -0.004019 -0.006184
v -0.002796 -0.003564 -0.006493
v -0.002311 -0.003089 -0.006736
v -0.003702 -0.004413 -0.005794
v -0.001232 -0.002194 -0.007110
v -0.001152 -0.002354 -0.007232
v -0.006067 -0.005045 -0.000771
v -0.006008 -0.005047 -0.001201
v -0.006061 -0.005045 -0.000817
v -0.005621 -0.004767 -0.000760
v -0.005894 -0.005055 -0.001835
v -0.005937 -0.005051 -0.001640
v -0.005510 -0.004758 -0.001524
v -0.005965 -0.005048 -0.001515
v -0.005801 -0.005064 -0.002251
v -0.005542 -0.004860 -0.002251
v -0.005347 -0.004754 -0.002251
v -0.005338 -0.004751 -0.002251
v -0.005263 -0.004725 -0.002251
v -0.004994 -0.004640 -0.001393
v -0.004821 -0.004612 -0.002078
v -0.004766 -0.004608 -0.002251
v -0.004818 -0.004609 -0.002251
v -0.005027 -0.004644 -0.002251
v -0.003928 -0.004740 -0.002251
v -0.004160 -0.004668 -0.002251
v -0.004297 -0.004688 -0.001882
v -0.004254 -0.004639 -0.002251
v -0.004469 -0.004606 -0.002251
v -0.003828 -0.004962 -0.001718
v -0.003628 -0.004932 -0.002173
v -0.003687 -0.004864 -0.002251
v -0.003594 -0.004927 -0.002251
v -0.004107 -0.005002 -0.000586
v -0.004012 -0.004988 -0.001131
v -0.004469 -0.004721 -0.001267
v -0.004574 -0.004741 -0.000636
v -0.004115 -0.005003 -0.000539
v -0.004121 -0.005004 -0.000423
v -0.004003 -0.004986 -0.001161
v -0.003967 -0.004981 -0.001279
v -0.003847 -0.004964 -0.001674
v -0.005100 -0.004658 -0.000696
v 0.006022 -0.002075 -0.001296
v 0.006042 -0.001854 -0.001517
v 0.005603 -0.002425 -0.002230
v 0.006359 -0.000970 -0.000933
v 0.006346 -0.001111 -0.000861
v 0.006373 -0.000820 -0.000982
v 0.006387 -0.000664 -0.001007
v 0.006324 -0.001350 -0.000656
v 0.006316 -0.001443 -0.000528
v 0.006335 -0.001238 -0.000768
v 0.005510 -0.002613 -0.002250
v 0.005224 -0.003135 -0.002250
v 0.005574 -0.002749 -0.001905
v 0.002164 -0.005668 -0.002251
v 0.002497 -0.005580 -0.002208
v 0.002485 -0.005523 -0.002251
v -0.000980 -0.006019 -0.002251
v -0.001476 -0.005877 -0.002251
v -0.001506 -0.006142 -0.001502
v -0.003336 -0.005072 -0.002251
v -0.003348 -0.005104 -0.002233
v -0.003147 -0.005178 -0.002251
v 0.006394 -0.000585 -0.001010
v 0.006363 -0.000582 -0.001141
v 0.006160 -0.000564 -0.001995
v 0.006146 -0.000719 -0.001989
v 0.006073 -0.000556 -0.002250
v 0.006303 -0.001588 -0.000079
v 0.005979 -0.002545 -0.000157
v 0.005511 -0.003440 -0.000231
v 0.004908 -0.004251 -0.000299
v 0.004186 -0.004959 -0.000359
v 0.003363 -0.005547 -0.000411
v 0.002458 -0.006000 -0.000453
v 0.001493 -0.006308 -0.000485
v 0.000493 -0.006462 -0.000504
v -0.000520 -0.006459 -0.000511
v -0.001521 -0.006299 -0.000506
v -0.002484 -0.005987 -0.000488
v -0.003387 -0.005529 -0.000458
v -0.003374 -0.005386 -0.001362
v -0.002470 -0.005835 -0.001450
v -0.002442 -0.005575 -0.002251
v -0.002351 -0.005626 -0.002251
v -0.000484 -0.006041 -0.002251
v -0.000506 -0.006300 -0.001518
v 0.000445 -0.006082 -0.002251
v 0.000507 -0.006305 -0.001497
v 0.000527 -0.006066 -0.002251
v 0.001507 -0.006157 -0.001440
v 0.001526 -0.005873 -0.002251
v 0.003145 -0.005224 -0.002251
v 0.003398 -0.005166 -0.002004
v 0.003396 -0.005030 -0.002251
v 0.004217 -0.004627 -0.001750
v 0.004237 -0.004378 -0.002251
v 0.005549 -0.003018 -0.001532
v 0.005166 -0.003239 -0.002250
v 0.004958 -0.003705 -0.001985
v 0.004965 -0.003490 -0.002250
v 0.004444 -0.004138 -0.002251
v 0.005574 -0.002454 -0.002250
v 0.005607 -0.002374 -0.002250
v 0.005778 -0.001951 -0.002250
v 0.005787 -0.001917 -0.002250
v 0.006065 -0.001602 -0.001701
v 0.006091 -0.001324 -0.001844
v 0.005991 -0.001095 -0.002250
v 0.005966 -0.001262 -0.002250
v 0.005905 -0.001486 -0.002250
v 0.006046 -0.000733 -0.002250
v 0.006118 -0.001027 -0.001940
v 0.006005 -0.002258 -0.001043
v 0.006309 -0.001514 -0.000387
v 0.005992 -0.002399 -0.000764
v 0.005530 -0.003226 -0.001122
v 0.004933 -0.003975 -0.001454
v 0.004273 -0.004351 -0.002251
v 0.006305 -0.001563 -0.000236
v 0.005984 -0.002496 -0.000466
v 0.005517 -0.003368 -0.000685
v 0.004917 -0.004158 -0.000887
v 0.004197 -0.004847 -0.001068
v 0.003375 -0.005419 -0.001223
v 0.002471 -0.005859 -0.001348
v 0.001846 -0.005812 -0.002251
v -0.000095 -0.000996 0.003900
v -0.000580 -0.000815 0.003900
v -0.000910 -0.000416 0.003900
v -0.000995 0.000094 0.003900
v -0.000815 0.000579 0.003900
v -0.000416 0.000909 0.003900
v 0.000095 0.000995 0.003900
v 0.000580 0.000814 0.003900
v 0.000910 0.000415 0.003900
v 0.000995 -0.000095 0.003900
v 0.000815 -0.000580 0.003900
v 0.000416 -0.000910 0.003900
v 0.004468 -0.003202 0.003470
v 0.004429 -0.003499 0.003198
v 0.004846 -0.002920 0.003200
v 0.004388 -0.003810 0.002913
v 0.004342 -0.004156 0.002445
v 0.004596 -0.003891 0.002447
v 0.006073 -0.000556 0.002250
v 0.006260 -0.000573 0.001655
v 0.006274 -0.000383 0.001655
v 0.006360 -0.000582 0.001140
v 0.006419 -0.000588 0.000834
v 0.006434 -0.000393 0.000834
v -0.005556 -0.002939 0.001654
v -0.004514 -0.003411 0.003200
v -0.003975 -0.004018 0.003198
v -0.003966 -0.003364 0.003900
v -0.003977 -0.004161 0.002995
v -0.003976 -0.004074 0.003138
v -0.004805 -0.003630 0.002447
v -0.004163 -0.004351 0.002447
v -0.004216 -0.004406 0.002249
v -0.003982 -0.004499 0.002443
v -0.003984 -0.004617 0.002249
v -0.004866 -0.003676 0.002249
v -0.005323 -0.002816 0.002447
v -0.005698 -0.003014 0.000834
v 0.005949 -0.001339 0.002250
v 0.006010 -0.000367 0.002448
v 0.005875 -0.001322 0.002448
v 0.005588 -0.002244 0.002447
v 0.005659 -0.002272 0.002250
v 0.005158 -0.003107 0.002447
v 0.005224 -0.003147 0.002250
v 0.004654 -0.003941 0.002249
v 0.004323 -0.004301 0.002249
v 0.004399 -0.003728 0.002987
v -0.004149 -0.003135 0.003900
v -0.004597 -0.002432 0.003900
v -0.005001 -0.002646 0.003200
v -0.004926 -0.001667 0.003900
v -0.005359 -0.001813 0.003200
v -0.005129 -0.000859 0.003900
v -0.005580 -0.000934 0.003200
v -0.005200 -0.000028 0.003900
v -0.005657 -0.000031 0.003200
v -0.005138 0.000802 0.003900
v -0.005590 0.000873 0.003200
v -0.004943 0.001613 0.003900
v -0.005378 0.001755 0.003201
v -0.004622 0.002381 0.003900
v -0.005029 0.002591 0.003201
v -0.004183 0.003089 0.003900
v -0.004551 0.003361 0.003201
v -0.003635 0.003717 0.003901
v -0.003955 0.004045 0.003201
v -0.002995 0.004250 0.003901
v -0.003259 0.004624 0.003201
v -0.002278 0.004674 0.003901
v -0.002478 0.005085 0.003201
v -0.001502 0.004978 0.003901
v -0.001634 0.005416 0.003201
v -0.000687 0.005154 0.003901
v -0.000748 0.005607 0.003201
v 0.000145 0.005197 0.003901
v 0.000157 0.005655 0.003201
v 0.000973 0.005108 0.003901
v 0.001058 0.005557 0.003201
v 0.001776 0.004887 0.003901
v 0.001932 0.005317 0.003201
v 0.002534 0.004540 0.003901
v 0.002757 0.004940 0.003201
v 0.003227 0.004077 0.003901
v 0.003511 0.004436 0.003201
v 0.003836 0.003510 0.003900
v 0.004174 0.003819 0.003201
v 0.004348 0.002852 0.003900
v 0.004730 0.003103 0.003201
v 0.004748 0.002121 0.003900
v 0.005165 0.002308 0.003201
v 0.005025 0.001335 0.003900
v 0.005468 0.001453 0.003201
v 0.005174 0.000516 0.003900
v 0.005630 0.000561 0.003200
v 0.005190 -0.000317 0.003900
v 0.005647 -0.000345 0.003200
v 0.005073 -0.001142 0.003900
v 0.005519 -0.001243 0.003200
v 0.004826 -0.001938 0.003900
v 0.005250 -0.002108 0.003200
v 0.004560 -0.002501 0.003900
v 0.004529 -0.002735 0.003756
v 0.005992 0.000597 0.002448
v 0.005819 0.001547 0.002448
v 0.005498 0.002456 0.002448
v 0.005035 0.003303 0.002448
v 0.004443 0.004064 0.002448
v 0.003736 0.004722 0.002448
v 0.002934 0.005258 0.002448
v 0.002057 0.005659 0.002449
v 0.001127 0.005915 0.002449
v 0.000167 0.006019 0.002449
v -0.000796 0.005968 0.002449
v -0.001739 0.005765 0.002449
v -0.002638 0.005413 0.002449
v -0.003468 0.004922 0.002448
v -0.004210 0.004305 0.002448
v -0.004843 0.003577 0.002448
v -0.005353 0.002758 0.002448
v -0.005724 0.001868 0.002448
v -0.005949 0.000929 0.002448
v -0.006021 -0.000033 0.002448
v -0.005939 -0.000994 0.002448
v -0.005704 -0.001930 0.002447
v 0.006255 0.000624 0.001655
v 0.006075 0.001615 0.001655
v 0.005739 0.002564 0.001655
v 0.005256 0.003448 0.001655
v 0.004638 0.004243 0.001655
v 0.003900 0.004929 0.001655
v 0.003063 0.005489 0.001655
v 0.002147 0.005908 0.001656
v 0.001176 0.006175 0.001656
v 0.000175 0.006283 0.001656
v -0.000831 0.006230 0.001656
v -0.001815 0.006018 0.001656
v -0.002753 0.005651 0.001655
v -0.003620 0.005138 0.001655
v -0.004395 0.004494 0.001655
v -0.005056 0.003735 0.001655
v -0.005588 0.002879 0.001655
v -0.005976 0.001950 0.001655
v -0.006210 0.000970 0.001655
v -0.006286 -0.000034 0.001655
v -0.006200 -0.001037 0.001655
v -0.005954 -0.002014 0.001654
v 0.006414 0.000640 0.000834
v 0.006230 0.001656 0.000834
v 0.005885 0.002630 0.000835
v 0.005390 0.003536 0.000835
v 0.004756 0.004351 0.000835
v 0.004000 0.005055 0.000835
v 0.003141 0.005629 0.000835
v 0.002202 0.006058 0.000835
v 0.001206 0.006332 0.000835
v 0.000179 0.006444 0.000835
v -0.000852 0.006390 0.000835
v -0.001862 0.006171 0.000835
v -0.002824 0.005795 0.000835
v -0.003713 0.005270 0.000835
v -0.004507 0.004609 0.000835
v -0.005185 0.003830 0.000835
v -0.005730 0.002953 0.000835
v -0.006128 0.002000 0.000835
v -0.006369 0.000995 0.000834
v -0.006446 -0.000035 0.000834
v -0.006358 -0.001064 0.000834
v -0.006106 -0.002066 0.000834
v -0.002831 -0.003373 0.006238
v -0.002823 -0.003365 0.006243
v -0.003241 -0.003764 0.005944
v -0.005864 -0.005126 0.002249
v -0.004207 -0.004569 0.005061
v -0.004134 -0.004519 0.005142
v -0.004110 -0.004503 0.005167
v -0.004421 -0.004686 0.004793
v -0.004518 -0.004738 0.004671
v -0.004771 -0.004876 0.004354
v -0.004907 -0.004918 0.004137
v -0.005008 -0.004949 0.003973
v -0.005758 -0.005113 0.002496
v -0.005578 -0.005090 0.002918
v -0.005449 -0.005074 0.003219
v -0.005271 -0.005030 0.003552
v -0.005386 -0.005066 0.003367
v -0.005864 -0.005125 -0.002251
v -0.005778 -0.005118 -0.002497
v -0.005775 -0.005118 -0.002503
v -0.005294 -0.005045 -0.003537
v -0.005443 -0.005068 -0.003216
v -0.005534 -0.005082 -0.003022
v -0.005162 -0.005001 -0.003743
v -0.005013 -0.004952 -0.003975
v -0.004758 -0.004867 -0.004371
v -0.004731 -0.004852 -0.004403
v -0.004400 -0.004663 -0.004806
v -0.004172 -0.004532 -0.005085
v -0.004258 -0.004582 -0.004979
v -0.004133 -0.004505 -0.005126
v -0.004094 -0.004477 -0.005166
v -0.004022 -0.004423 -0.005240
v -0.003867 -0.004295 -0.005384
v -0.003768 -0.004213 -0.005477
v -0.003672 -0.004135 -0.005566
v -0.003279 -0.003772 -0.005874
v -0.003272 -0.003766 -0.005879
v -0.003260 -0.003754 -0.005886
v -0.002729 -0.003246 -0.006215
v -0.002731 -0.003247 -0.006215
v -0.002781 -0.003293 -0.006190
v -0.004061 -0.004468 0.005220
v -0.004011 -0.004475 0.005336
v -0.003847 -0.004291 0.005422
v -0.003759 -0.004265 0.005576
v -0.003683 -0.004156 0.005576
v -0.003704 -0.004219 0.005628
v -0.003455 -0.003968 0.005791
v -0.003491 -0.004042 0.005830
v -0.003246 -0.003769 0.005940
v -0.003276 -0.003824 0.005963
v -0.003209 -0.003755 0.006005
v -0.002235 -0.003227 0.006838
v -0.002793 -0.003565 0.006495
v -0.003255 -0.004020 0.006186
v -0.003207 -0.004128 0.006257
v -0.000667 -0.001677 0.007056
v -0.002352 -0.002943 0.006535
v -0.002373 -0.002961 0.006526
v -0.002348 -0.002979 0.006597
v -0.002398 -0.002984 0.006513
v -0.002424 -0.003006 0.006500
v -0.002450 -0.003030 0.006485
v -0.002828 -0.003459 0.006377
v -0.002820 -0.003361 0.006245
v -0.001386 -0.002143 0.006871
v -0.001541 -0.002267 0.006827
v -0.001269 -0.002078 0.006939
v -0.001901 -0.002555 0.006726
v -0.002205 -0.002817 0.006597
v -0.000669 -0.001653 0.006980
v -0.000795 -0.001728 0.006970
v -0.000828 -0.001751 0.006965
v -0.001269 -0.002061 0.006891
v -0.000238 -0.001397 0.007011
v -0.000626 -0.001799 0.007242
v -0.000545 -0.001969 0.007367
v -0.001150 -0.002357 0.007232
v -0.003673 -0.004515 0.005848
v -0.002727 -0.003685 0.006583
v -0.002310 -0.003093 0.006737
v -0.003701 -0.004416 0.005794
v -0.003279 -0.003921 0.006093
v -0.001231 -0.002198 0.007112
v 0.006237 -0.000281 0.002088
v 0.006129 -0.000315 0.002383
v 0.006156 -0.000167 0.002411
v 0.005735 -0.000427 0.003283
v 0.005653 -0.000444 0.003421
v 0.005674 -0.000313 0.003452
v 0.001186 -0.000860 0.006798
v 0.001186 -0.000850 0.006813
v 0.001652 -0.000738 0.006694
v 0.005840 -0.000095 0.003585
v 0.005364 -0.000222 -0.004300
v 0.004893 -0.000596 -0.004516
v 0.005196 -0.000547 -0.004122
v 0.005217 -0.000423 -0.004155
v 0.005735 -0.000431 -0.003273
v 0.005797 -0.000414 -0.003148
v 0.005821 -0.000276 -0.003181
v 0.006455 -0.000188 -0.001128
v 0.006477 -0.000178 -0.000983
v 0.006509 -0.000020 -0.000998
v 0.006503 -0.000167 -0.000820
v 0.006517 -0.000160 -0.000729
v 0.006519 -0.000160 -0.000720
v 0.006524 -0.000158 -0.000622
v 0.006531 -0.000154 -0.000471
v 0.006578 0.000013 0.000155
v 0.006539 -0.000151 -0.000323
v 0.006546 -0.000148 -0.000184
v 0.006553 -0.000145 -0.000058
v 0.006556 -0.000144 -0.000000
v 0.006555 -0.000144 0.000056
v 0.006237 -0.000277 -0.002089
v 0.006280 -0.000260 -0.001925
v 0.006255 -0.000129 -0.002120
v 0.006402 -0.000211 -0.001460
v 0.006404 -0.000210 -0.001451
v 0.005899 -0.000386 -0.002944
v 0.005978 -0.000364 -0.002784
v 0.006234 -0.000278 -0.002100
v 0.005324 -0.000527 -0.003957
v 0.005383 -0.000513 -0.003861
v 0.005680 -0.000447 -0.003385
v 0.004741 -0.000612 -0.004676
v 0.004456 -0.000539 -0.005020
v 0.004440 -0.000643 -0.004992
v 0.003540 -0.000701 -0.005727
v 0.003857 -0.000686 -0.005505
v 0.003555 -0.000612 -0.005755
v 0.003994 -0.000677 -0.005388
v 0.004371 -0.000650 -0.005065
v 0.002530 -0.000682 -0.006336
v 0.002527 -0.000755 -0.006314
v 0.002529 -0.000755 -0.006313
v 0.002741 -0.000740 -0.006213
v 0.003152 -0.000720 -0.005980
v 0.003298 -0.000712 -0.005897
v 0.001791 -0.000837 -0.006607
v 0.001982 -0.000814 -0.006535
v 0.001982 -0.000747 -0.006559
v 0.002230 -0.000783 -0.006441
v 0.002366 -0.000767 -0.006390
v 0.002001 -0.000648 -0.006660
v 0.002569 -0.000570 -0.006446
v 0.003631 -0.000472 -0.005884
v 0.004569 -0.000369 -0.005163
v 0.005998 -0.000045 -0.003311
v 0.006454 0.000126 -0.002218
v 0.006722 0.000251 -0.001049
v 0.006797 0.000291 0.000164
v 0.006672 0.000224 0.001368
v 0.006350 0.000082 0.002520
v 0.005155 -0.000266 0.004537
v 0.004312 -0.000400 0.005359
v 0.003331 -0.000496 0.006036
v 0.002235 -0.000612 0.006550
v 0.001186 -0.000841 0.006825
v 0.001186 -0.000824 0.006848
v 0.001658 -0.000711 0.006736
v 0.001188 -0.000822 0.006859
v 0.001189 -0.000882 0.006787
v 0.001192 -0.000901 0.006777
v 0.001651 -0.000778 0.006665
v 0.001193 -0.000908 0.006773
v 0.001245 -0.000907 0.006758
v 0.001195 -0.000917 0.006772
v 0.002214 -0.000692 0.006470
v 0.001758 -0.000795 0.006621
v 0.001654 -0.000818 0.006649
v 0.002244 -0.000736 0.006441
v 0.002235 -0.000737 0.006445
v 0.002213 -0.000740 0.006453
v 0.003266 -0.000677 0.005911
v 0.003154 -0.000681 0.005978
v 0.003277 -0.000606 0.005933
v 0.002835 -0.000694 0.006168
v 0.002310 -0.000728 0.006417
v 0.003452 -0.000669 0.005800
v 0.004221 -0.000545 0.005234
v 0.003990 -0.000648 0.005401
v 0.004986 -0.000565 0.004406
v 0.004743 -0.000591 0.004675
v 0.005025 -0.000447 0.004400
v 0.004524 -0.000615 0.004918
v 0.004204 -0.000634 0.005208
v 0.005391 -0.000501 0.003858
v 0.005387 -0.000501 0.003863
v 0.005010 -0.000562 0.004374
v 0.006011 -0.000353 0.002706
v 0.005898 -0.000383 0.002943
v 0.005743 -0.000425 0.003269
v 0.006460 -0.000191 0.001110
v 0.006432 -0.000205 0.001284
v 0.006459 -0.000046 0.001303
v 0.006410 -0.000216 0.001422
v 0.006403 -0.000219 0.001449
v 0.006279 -0.000265 0.001926
v 0.006240 -0.000280 0.002080
v 0.006555 -0.000144 0.000103
v 0.006552 -0.000145 0.000152
v 0.006550 -0.000146 0.000177
v 0.006542 -0.000150 0.000316
v 0.006532 -0.000154 0.000467
v 0.006522 -0.000159 0.000626
v 0.006517 -0.000161 0.000711
v 0.006514 -0.000163 0.000766
v 0.006508 -0.000166 0.000804
v 0.001987 -0.000688 -0.006601
v 0.002544 -0.000615 -0.006381
v 0.003585 -0.000527 -0.005807
v 0.004500 -0.000436 -0.005079
v 0.005273 -0.000302 -0.004216
v 0.005888 -0.000140 -0.003237
v 0.006330 0.000019 -0.002163
v 0.006590 0.000136 -0.001021
v 0.006662 0.000172 0.000159
v 0.006540 0.000109 0.001332
v 0.006229 -0.000022 0.002458
v 0.005737 -0.000183 0.003508
v 0.005075 -0.000338 0.004457
v 0.004257 -0.000457 0.005285
v 0.003298 -0.000539 0.005975
v 0.002221 -0.000644 0.006503
v -0.001625 -0.002358 -0.006576
v -0.001131 -0.001989 -0.006751
v -0.001154 -0.001967 -0.006782
v -0.000630 -0.001615 -0.006943
v -0.001171 -0.001959 -0.006822
v -0.000576 -0.001686 -0.006848
v -0.000565 -0.001680 -0.006849
v -0.000596 -0.001653 -0.006863
v -0.000542 -0.001667 -0.006852
v -0.000379 -0.001583 -0.006866
v -0.000617 -0.001627 -0.006898
v -0.000119 -0.001448 -0.006887
v -0.001046 -0.001977 -0.006755
v -0.000885 -0.001871 -0.006793
v -0.000856 -0.001852 -0.006799
v -0.000661 -0.001734 -0.006835
v -0.000611 -0.001705 -0.006843
v -0.000598 -0.001698 -0.006845
v -0.000583 -0.001690 -0.006847
v -0.001482 -0.002297 -0.006610
v -0.001105 -0.002020 -0.006735
v -0.001764 -0.002535 -0.006480
v -0.001751 -0.002523 -0.006487
v -0.001988 -0.002751 -0.006349
v -0.002069 -0.002753 -0.006345
v -0.001990 -0.002753 -0.006348
v -0.002023 -0.002788 -0.006326
v -0.001829 -0.002594 -0.006445
v -0.001787 -0.002555 -0.006468
v -0.001776 -0.002546 -0.006474
v -0.001693 -0.002474 -0.006514
v -0.001592 -0.002389 -0.006560
v -0.002157 -0.002722 -0.006450
v -0.002152 -0.002722 -0.006442
v -0.001679 -0.002330 -0.006653
v -0.002149 -0.002722 -0.006437
v -0.001656 -0.002337 -0.006609
v -0.002126 -0.002723 -0.006394
v -0.002081 -0.002744 -0.006349
v -0.005394 -0.004951 -0.002936
v -0.002643 -0.003212 -0.006043
v -0.005551 -0.004955 -0.002251
v -0.005409 -0.004945 -0.002251
v -0.005174 -0.004891 -0.002819
v -0.004791 -0.005077 -0.002583
v -0.004767 -0.005072 -0.002637
v -0.004946 -0.004939 -0.002711
v -0.004944 -0.005107 -0.002251
v -0.005120 -0.004993 -0.002251
v -0.005149 -0.004985 -0.002251
v -0.005325 -0.004939 -0.002251
v -0.005662 -0.005002 -0.002251
v -0.005768 -0.005048 -0.002251
v -0.004179 -0.004461 -0.004839
v -0.003710 -0.004119 -0.005339
v -0.003221 -0.003693 -0.005766
v -0.002704 -0.003215 -0.006130
v -0.002417 -0.003217 -0.006021
v -0.002562 -0.003243 -0.005981
v -0.002481 -0.003294 -0.005955
v -0.003002 -0.003709 -0.005555
v -0.002757 -0.003625 -0.005674
v -0.002486 -0.003301 -0.005950
v -0.003416 -0.004114 -0.005074
v -0.003100 -0.004029 -0.005253
v -0.003094 -0.004023 -0.005260
v -0.002884 -0.003775 -0.005517
v -0.003684 -0.004570 -0.004437
v -0.003653 -0.004546 -0.004481
v -0.003821 -0.004438 -0.004545
v -0.003441 -0.004376 -0.004787
v -0.003268 -0.004200 -0.005023
v -0.004119 -0.004844 -0.003777
v -0.004219 -0.004678 -0.003974
v -0.004276 -0.004910 -0.003521
v -0.004600 -0.004840 -0.003363
v -0.004095 -0.004834 -0.003817
v -0.004041 -0.004801 -0.003899
v -0.003762 -0.004633 -0.004323
v -0.004755 -0.005070 -0.002662
v -0.004437 -0.004979 -0.003257
v -0.004420 -0.004972 -0.003284
v -0.004621 -0.004706 -0.004267
v -0.005031 -0.004863 -0.003631
v -0.004824 -0.004794 -0.003488
v -0.004434 -0.004635 -0.004108
v -0.004018 -0.004399 -0.004674
v -0.003582 -0.004077 -0.005186
v -0.003127 -0.003674 -0.005642
v -0.004183 -0.005678 -0.002251
v 0.004349 -0.004772 -0.002251
v 0.004699 -0.004422 -0.002251
v -0.003863 -0.005919 -0.002251
v -0.003287 -0.006190 -0.002251
v -0.002639 -0.006495 -0.002251
v -0.002335 -0.006568 -0.002251
v -0.001325 -0.006810 -0.002251
v -0.000313 -0.006842 -0.002251
v 0.000026 -0.006852 -0.002251
v 0.000704 -0.006734 -0.002251
v 0.001358 -0.006619 -0.002251
v 0.001700 -0.006484 -0.002251
v 0.002615 -0.006121 -0.002251
v 0.002661 -0.006091 -0.002251
v 0.003546 -0.005509 -0.002251
v 0.003744 -0.005378 -0.002251
v 0.003895 -0.005228 -0.002251
v 0.005719 -0.002588 -0.002250
v 0.005690 -0.002662 -0.002250
v 0.005492 -0.003162 -0.002250
v 0.005441 -0.003291 -0.002250
v 0.005937 -0.002034 -0.002250
v 0.005066 -0.003864 -0.002251
v 0.004969 -0.004011 -0.002251
v 0.005929 -0.002055 -0.002250
v 0.006343 -0.001924 0.000169
v 0.006351 -0.001922 -0.000000
v 0.006247 -0.001952 -0.001143
v 0.006164 -0.001975 -0.001503
v 0.006125 -0.001985 -0.001669
v 0.005949 -0.002031 -0.002214
v 0.006118 -0.001988 -0.001702
v 0.006327 -0.001929 -0.000533
v 0.006335 -0.001927 -0.000348
v 0.006343 -0.001924 -0.000169
v 0.006325 -0.001930 -0.000577
v 0.006297 -0.001938 -0.000779
v 0.006258 -0.001949 -0.001065
v 0.006297 -0.001938 0.000779
v 0.006258 -0.001949 0.001064
v 0.006325 -0.001930 0.000576
v 0.006327 -0.001929 0.000532
v 0.006335 -0.001927 0.000348
v 0.006118 -0.001988 0.001701
v 0.005949 -0.002032 0.002213
v 0.005937 -0.002035 0.002250
v 0.006125 -0.001986 0.001668
v 0.006164 -0.001975 0.001502
v 0.006247 -0.001952 0.001143
v 0.005540 -0.003092 0.002250
v 0.005688 -0.002697 0.002250
v 0.004969 -0.004067 0.002249
v 0.004358 -0.004792 0.002249
v 0.004241 -0.004930 0.002249
v 0.005735 -0.002573 0.002250
v 0.005930 -0.002055 0.002250
v 0.005024 -0.003973 0.002249
v 0.005072 -0.003891 0.002249
v 0.005511 -0.003141 0.002250
v 0.004421 -0.003561 0.003756
v 0.004443 -0.003389 0.003900
v 0.004287 -0.004579 0.002734
v 0.004329 -0.004261 0.003171
v 0.004348 -0.004117 0.003291
v -0.003987 -0.004849 0.003899
v -0.003208 -0.005314 0.003899
v -0.002255 -0.005723 0.003899
v -0.001501 -0.005957 0.003899
v -0.001261 -0.005973 0.003899
v -0.000238 -0.006039 0.003899
v 0.002475 -0.005268 0.003899
v 0.002748 -0.005063 0.003899
v 0.003273 -0.004669 0.003899
v 0.004206 -0.003676 0.003899
v -0.002810 -0.005551 0.003899
v -0.002614 -0.005611 0.003899
v -0.000134 -0.006046 0.003899
v 0.000640 -0.005912 0.003899
v 0.000783 -0.005887 0.003899
v 0.001217 -0.005812 0.003899
v 0.001783 -0.005567 0.003899
v 0.003570 -0.004445 0.003899
v 0.003660 -0.004337 0.003899
v -0.003990 -0.005060 0.003602
v -0.003995 -0.005407 0.003113
v -0.003998 -0.005568 0.002786
v -0.004002 -0.005834 0.002249
v -0.004189 -0.005689 0.002249
v -0.005405 -0.004945 0.002249
v -0.005335 -0.004939 0.002249
v -0.005145 -0.004986 0.002249
v -0.005125 -0.004991 0.002249
v -0.004944 -0.005108 0.002249
v -0.005756 -0.005041 0.002249
v -0.005776 -0.005054 0.002249
v -0.005661 -0.005001 0.002249
v -0.005560 -0.004958 0.002249
v -0.004119 -0.004842 0.003770
v -0.004196 -0.004880 0.003649
v -0.004372 -0.004756 0.003727
v -0.005214 -0.004901 0.002720
v -0.005437 -0.004959 0.002834
v -0.004804 -0.005077 0.002541
v -0.004986 -0.004952 0.002616
v -0.004694 -0.004875 0.003186
v -0.004619 -0.005037 0.002926
v -0.004784 -0.005073 0.002582
v -0.004277 -0.004919 0.003522
v -0.004286 -0.004924 0.003508
v -0.004516 -0.005002 0.003107
v -0.003943 -0.004756 0.004045
v -0.004032 -0.004584 0.004238
v -0.003859 -0.004702 0.004166
v -0.003669 -0.004578 0.004441
v -0.003680 -0.004355 0.004718
v -0.003600 -0.004533 0.004540
v -0.003105 -0.004093 0.005195
v -0.003170 -0.004159 0.005114
v -0.003320 -0.004065 0.005165
v -0.003230 -0.004219 0.005041
v -0.003515 -0.004461 0.004655
v -0.002556 -0.003498 0.005825
v -0.002823 -0.003797 0.005532
v -0.002953 -0.003719 0.005575
v -0.002919 -0.003904 0.005427
v -0.003047 -0.004034 0.005268
v -0.002697 -0.003312 0.006014
v -0.002612 -0.003335 0.005940
v -0.002484 -0.003416 0.005895
v -0.002588 -0.003350 0.005932
v -0.002590 -0.003349 0.005932
v -0.002779 -0.003319 0.006129
v -0.002725 -0.003304 0.006038
v -0.003095 -0.003678 0.005676
v -0.003202 -0.003702 0.005818
v -0.002796 -0.003324 0.006159
v -0.004423 -0.004611 0.004540
v -0.004032 -0.004373 0.005017
v -0.003624 -0.004067 0.005443
v -0.004792 -0.004781 0.004014
v -0.005134 -0.004893 0.003446
v -0.003491 -0.004024 0.005283
v -0.003874 -0.004313 0.004848
v -0.004243 -0.004541 0.004373
v -0.004593 -0.004710 0.003859
v -0.004921 -0.004826 0.003309
v -0.000785 -0.001782 0.006830
v -0.001460 -0.002286 0.006633
v -0.001508 -0.002253 0.006689
v -0.002194 -0.002782 0.006508
v -0.001538 -0.002247 0.006763
v -0.000062 -0.001301 0.006987
v -0.000060 -0.001304 0.006976
v -0.001621 -0.002524 0.006512
v -0.001980 -0.002877 0.006294
v -0.002063 -0.002816 0.006330
v -0.002142 -0.002779 0.006405
v -0.002002 -0.002898 0.006280
v -0.002079 -0.002974 0.006233
v -0.002397 -0.003321 0.005968
v -0.001405 -0.002336 0.006601
v -0.001584 -0.002491 0.006527
v -0.001148 -0.002113 0.006708
v -0.000889 -0.001921 0.006775
v -0.000385 -0.001584 0.006864
v -0.000703 -0.001782 0.006823
v -0.000754 -0.001820 0.006810
v -0.000022 -0.001374 0.006895
v -0.000212 -0.001476 0.006886
v -0.000030 -0.001359 0.006900
v -0.000036 -0.001347 0.006905
v -0.000038 -0.001343 0.006909
v -0.000826 -0.001743 0.006918
v -0.000811 -0.001754 0.006868
v -0.000053 -0.001316 0.006939
v -0.000042 -0.001335 0.006917
v 0.000834 -0.000926 0.006924
v 0.000197 -0.001282 0.006882
v 0.000215 -0.001210 0.006914
v 0.000205 -0.001185 0.006948
v 0.000201 -0.001174 0.006983
v 0.000238 -0.001265 0.006879
v 0.000226 -0.001235 0.006897
v 0.000845 -0.000998 0.006839
v 0.000850 -0.001017 0.006835
v 0.000770 -0.001041 0.006847
v 0.000982 -0.000976 0.006814
v 0.000838 -0.000970 0.006855
v 0.000834 -0.000941 0.006888
v 0.004593 -0.002292 0.004407
v 0.004533 -0.002943 0.004114
v 0.003766 -0.003214 0.004737
v 0.006408 -0.001358 -0.000898
v 0.006421 -0.001216 -0.000962
v 0.006167 -0.001532 -0.001904
v 0.006527 -0.000879 -0.000000
v 0.006363 -0.001842 0.000308
v 0.006369 -0.001784 0.000453
v 0.006360 -0.001878 0.000156
v 0.006359 -0.001890 -0.000000
v 0.006376 -0.001705 0.000588
v 0.006385 -0.001605 0.000709
v 0.006421 -0.001216 0.000962
v 0.006435 -0.001066 0.001004
v 0.006408 -0.001358 0.000898
v 0.006396 -0.001489 0.000813
v 0.006463 -0.000755 0.001016
v 0.006477 -0.000602 0.000986
v 0.006449 -0.000911 0.001022
v 0.006477 -0.000602 -0.000986
v 0.006463 -0.000755 -0.001016
v 0.006490 -0.000455 -0.000933
v 0.006396 -0.001489 -0.000813
v 0.006385 -0.001605 -0.000709
v 0.006363 -0.001842 -0.000309
v 0.006360 -0.001878 -0.000156
v 0.006369 -0.001784 -0.000454
v 0.006376 -0.001704 -0.000588
v 0.006142 -0.001814 0.001777
v 0.005108 -0.003551 0.002685
v 0.004388 -0.004530 0.002694
v 0.004430 -0.004075 0.003247
v 0.003703 -0.003904 0.004288
v -0.004178 -0.005483 0.002752
v -0.002128 -0.004273 0.005468
v -0.000949 -0.002569 0.006582
v 0.006503 -0.000318 0.000858
v 0.006514 -0.000194 0.000763
v 0.006503 -0.000318 -0.000858
v 0.006279 -0.000317 -0.001951
v 0.005895 -0.000477 -0.002960
v 0.004721 -0.000893 -0.004680
v 0.000166 -0.001626 -0.006834
v 0.004388 -0.004529 -0.002695
v 0.005108 -0.003551 -0.002686
v 0.005699 -0.002617 -0.002370
v 0.002680 -0.005914 -0.002657
v 0.003560 -0.005460 -0.002394
v 0.001732 -0.006246 -0.002864
v 0.000738 -0.006449 -0.003009
v -0.002309 -0.006258 -0.003052
v -0.001305 -0.006455 -0.003104
v -0.000282 -0.006520 -0.003090
v -0.003274 -0.005931 -0.002934
v -0.004178 -0.005482 -0.002754
v -0.003227 -0.005416 -0.003804
v -0.004133 -0.004999 -0.003570
v -0.003168 -0.004774 -0.004585
v -0.002128 -0.004272 -0.005469
v -0.002047 -0.003392 -0.006042
v -0.001038 -0.003540 -0.006145
v -0.000949 -0.002567 -0.006583
v 0.000072 -0.002650 -0.006552
v 0.001174 -0.001684 -0.006656
v 0.002147 -0.001710 -0.006335
v 0.003148 -0.000799 -0.005983
v 0.003982 -0.000852 -0.005389
v 0.005349 -0.000919 -0.003870
v 0.005854 -0.000931 -0.002978
v 0.006251 -0.000620 -0.002010
v 0.006514 -0.000194 -0.000763
v 0.006490 -0.000455 0.000933
v 0.006251 -0.000621 0.002009
v 0.006279 -0.000318 0.001950
v 0.005854 -0.000932 0.002978
v 0.005895 -0.000478 0.002960
v 0.005349 -0.000920 0.003870
v 0.004721 -0.000894 0.004680
v 0.003982 -0.000854 0.005389
v 0.003148 -0.000800 0.005982
v 0.002147 -0.001712 0.006334
v 0.001174 -0.001686 0.006655
v 0.000166 -0.001628 0.006834
v -0.002047 -0.003393 0.006041
v -0.003168 -0.004775 0.004584
v -0.004133 -0.005000 0.003569
v -0.002199 -0.005056 0.004768
v -0.001255 -0.005911 0.004023
v -0.000232 -0.005978 0.004004
v -0.000170 -0.005303 0.004827
v 0.000846 -0.005265 0.004700
v 0.001835 -0.005118 0.004474
v 0.002775 -0.004867 0.004151
v 0.002838 -0.004186 0.004761
v 0.004478 -0.003543 0.003724
v 0.005149 -0.003111 0.003080
v 0.005699 -0.002617 0.002370
v 0.005734 -0.002236 0.002618
v 0.005772 -0.001821 0.002804
v 0.006142 -0.001813 -0.001777
v 0.006167 -0.001533 0.001904
v 0.006195 -0.001235 0.001986
v 0.006223 -0.000929 0.002021
v 0.006449 -0.000911 -0.001022
v 0.006223 -0.000928 -0.002021
v 0.005812 -0.001383 0.002925
v 0.005194 -0.002615 0.003402
v 0.005244 -0.002076 0.003645
v 0.005296 -0.001507 0.003802
v 0.006435 -0.001065 -0.001004
v 0.006195 -0.001235 -0.001986
v 0.005812 -0.001382 -0.002926
v 0.005296 -0.001506 -0.003802
v 0.004656 -0.001602 -0.004598
v 0.003907 -0.001669 -0.005294
v 0.003065 -0.001705 -0.005878
v 0.003065 -0.001707 0.005877
v 0.004656 -0.001603 0.004597
v 0.003834 -0.002463 0.005075
v 0.002908 -0.003420 0.005259
v 0.001902 -0.004384 0.005131
v 0.003907 -0.001671 0.005294
v 0.002984 -0.002587 0.005634
v 0.001978 -0.003558 0.005668
v 0.000917 -0.004493 0.005391
v 0.001083 -0.002681 -0.006381
v 0.002060 -0.002659 -0.006073
v 0.002984 -0.002586 -0.005635
v 0.003834 -0.002462 -0.005076
v 0.004593 -0.002291 -0.004408
v 0.005244 -0.002075 -0.003645
v 0.005772 -0.001821 -0.002805
v 0.000072 -0.002652 0.006551
v -0.000016 -0.003618 -0.006116
v 0.000996 -0.003624 -0.005956
v 0.001978 -0.003557 -0.005669
v 0.002908 -0.003419 -0.005260
v 0.003766 -0.003212 -0.004738
v 0.004533 -0.002942 -0.004115
v 0.005194 -0.002614 -0.003403
v 0.005734 -0.002235 -0.002618
v -0.001038 -0.003542 0.006144
v 0.002060 -0.002661 0.006072
v 0.000996 -0.003625 0.005955
v -0.000098 -0.004511 0.005536
v -0.001193 -0.005233 0.004849
v -0.002260 -0.005723 0.003955
v -0.002199 -0.005055 -0.004769
v -0.001193 -0.005232 -0.004851
v -0.001120 -0.004436 -0.005563
v -0.000170 -0.005302 -0.004828
v -0.000098 -0.004509 -0.005537
v 0.000846 -0.005263 -0.004702
v 0.000917 -0.004492 -0.005392
v 0.001835 -0.005117 -0.004475
v 0.001902 -0.004383 -0.005132
v 0.002775 -0.004866 -0.004152
v 0.002838 -0.004185 -0.004762
v 0.003646 -0.004516 -0.003740
v 0.003703 -0.003902 -0.004289
v 0.004430 -0.004075 -0.003248
v 0.004478 -0.003541 -0.003725
v 0.005149 -0.003110 -0.003081
v -0.001120 -0.004437 0.005562
v -0.000016 -0.003620 0.006115
v 0.001083 -0.002682 0.006380
v -0.002260 -0.005722 -0.003957
v -0.001255 -0.005910 -0.004025
v -0.000232 -0.005977 -0.004006
v 0.000786 -0.005921 -0.003901
v 0.001778 -0.005743 -0.003713
v 0.002722 -0.005447 -0.003445
v 0.003599 -0.005039 -0.003103
f 1 2 3
f 4 5 6
f 7 8 9
f 10 11 12
f 13 14 15
f 15 14 16
f 17 18 19
f 20 21 22
f 23 24 25
f 26 27 28
f 29 30 31
f 32 33 34
f 35 36 37
f 38 39 40
f 41 42 43
f 43 42 44
f 43 44 45
f 46 47 48
f 49 50 51
f 51 50 52
f 51 52 53
f 54 49 55
f 56 57 55
f 55 57 58
f 55 58 54
f 59 60 61
f 61 60 62
f 61 62 56
f 56 62 63
f 56 63 57
f 64 65 61
f 61 65 66
f 61 66 59
f 67 68 64
f 64 68 69
f 64 69 65
f 67 64 70
f 67 70 71
f 71 70 72
f 71 72 73
f 74 75 72
f 72 75 76
f 72 76 73
f 36 77 37
f 37 77 78
f 37 78 74
f 74 78 79
f 74 79 75
f 34 33 37
f 37 33 80
f 37 80 35
f 81 82 83
f 83 82 84
f 83 84 85
f 85 84 86
f 85 86 34
f 34 86 87
f 34 87 32
f 39 88 40
f 40 88 83
f 83 88 89
f 83 89 81
f 90 91 92
f 93 30 94
f 94 30 29
f 94 29 95
f 26 28 96
f 97 98 99
f 99 98 96
f 100 101 40
f 40 101 102
f 40 102 38
f 103 104 105
f 106 107 108
f 108 107 109
f 108 109 110
f 110 109 111
f 103 105 112
f 112 105 113
f 112 113 114
f 114 113 115
f 114 115 116
f 116 115 117
f 116 117 118
f 119 117 120
f 120 117 115
f 120 115 121
f 121 115 113
f 121 113 122
f 122 113 105
f 122 105 123
f 123 105 104
f 123 104 124
f 125 126 124
f 124 126 127
f 124 127 123
f 123 127 128
f 123 128 122
f 122 128 129
f 130 131 132
f 132 131 133
f 132 133 134
f 134 133 135
f 134 135 136
f 136 135 137
f 136 137 138
f 138 137 139
f 138 139 90
f 90 139 140
f 90 140 91
f 25 24 31
f 28 95 141
f 141 95 29
f 141 29 142
f 142 29 31
f 142 31 143
f 143 31 24
f 131 23 133
f 133 23 25
f 133 25 135
f 135 25 31
f 135 31 137
f 137 31 30
f 137 30 139
f 139 30 93
f 139 93 140
f 144 145 22
f 22 145 146
f 22 146 20
f 147 148 149
f 149 148 150
f 149 150 151
f 150 152 151
f 151 152 153
f 151 153 144
f 144 153 154
f 144 154 145
f 92 155 90
f 90 155 156
f 90 156 138
f 138 156 157
f 138 157 136
f 136 157 158
f 136 158 134
f 134 158 159
f 134 159 132
f 132 159 160
f 132 160 130
f 96 28 99
f 99 28 141
f 99 141 161
f 161 141 142
f 161 142 162
f 162 142 143
f 162 143 163
f 163 143 24
f 163 24 164
f 164 24 23
f 164 23 165
f 165 23 131
f 165 131 166
f 166 131 130
f 166 130 19
f 167 168 169
f 169 168 170
f 169 170 171
f 172 173 17
f 17 173 174
f 17 174 18
f 18 174 175
f 18 175 169
f 169 175 176
f 169 176 167
f 118 117 177
f 177 117 119
f 177 119 15
f 15 119 178
f 15 178 13
f 170 179 171
f 171 179 180
f 171 180 149
f 149 180 181
f 149 181 147
f 129 182 122
f 122 182 183
f 122 183 121
f 121 183 184
f 121 184 120
f 120 184 185
f 120 185 119
f 119 185 186
f 119 186 178
f 187 188 189
f 187 189 190
f 191 192 193
f 193 192 190
f 193 190 194
f 194 190 189
f 11 10 195
f 195 10 196
f 195 196 197
f 191 198 192
f 192 198 199
f 192 199 200
f 200 199 201
f 200 201 202
f 203 204 205
f 202 206 200
f 200 206 207
f 200 207 205
f 205 207 208
f 205 208 203
f 209 210 211
f 212 213 214
f 215 212 216
f 216 212 214
f 216 214 217
f 217 214 218
f 217 218 219
f 219 218 220
f 219 220 221
f 221 220 222
f 221 222 223
f 223 222 224
f 215 225 226
f 227 228 229
f 229 228 230
f 226 227 215
f 215 227 229
f 215 229 212
f 212 229 231
f 212 231 213
f 213 231 9
f 7 9 232
f 232 9 231
f 232 231 233
f 233 231 229
f 233 229 234
f 234 229 230
f 234 230 235
f 236 224 237
f 237 224 222
f 237 222 238
f 238 222 220
f 238 220 239
f 239 220 218
f 239 218 240
f 240 218 214
f 240 214 241
f 241 214 213
f 242 243 241
f 241 243 240
f 240 243 244
f 240 244 239
f 239 244 245
f 239 245 238
f 238 245 246
f 238 246 237
f 237 246 247
f 237 247 236
f 248 249 250
f 250 249 251
f 250 251 252
f 252 251 253
f 252 253 254
f 254 253 255
f 254 255 256
f 257 4 258
f 258 4 6
f 258 6 259
f 259 6 260
f 259 260 261
f 261 260 242
f 262 263 264
f 264 263 265
f 264 265 266
f 266 265 267
f 268 263 269
f 269 263 262
f 269 262 270
f 110 248 108
f 108 248 250
f 108 250 106
f 106 250 252
f 106 252 271
f 271 252 254
f 271 254 267
f 267 254 256
f 267 256 266
f 242 241 261
f 261 241 213
f 261 213 259
f 259 213 9
f 259 9 258
f 258 9 8
f 258 8 257
f 5 270 6
f 6 270 262
f 6 262 260
f 260 262 264
f 260 264 242
f 242 264 266
f 242 266 243
f 243 266 256
f 243 256 244
f 244 256 255
f 244 255 245
f 245 255 253
f 245 253 246
f 246 253 251
f 246 251 247
f 247 251 249
f 272 273 274
f 274 273 44
f 274 44 275
f 275 44 42
f 272 276 273
f 273 276 277
f 273 277 278
f 277 279 278
f 278 279 280
f 278 280 187
f 187 280 281
f 187 281 188
f 196 282 197
f 197 282 283
f 197 283 284
f 284 283 285
f 284 285 286
f 286 285 51
f 286 51 46
f 46 51 53
f 46 53 47
f 205 12 200
f 200 12 11
f 200 11 192
f 192 11 195
f 192 195 190
f 190 195 197
f 190 197 187
f 187 197 284
f 187 284 278
f 278 284 286
f 278 286 273
f 273 286 46
f 273 46 44
f 44 46 48
f 44 48 45
f 287 2 288
f 288 2 1
f 288 1 289
f 92 290 155
f 155 290 291
f 155 291 292
f 291 289 292
f 292 289 1
f 292 1 293
f 293 1 3
f 293 3 294
f 27 100 28
f 28 100 40
f 28 40 95
f 95 40 83
f 95 83 94
f 94 83 85
f 94 85 93
f 93 85 34
f 93 34 140
f 140 34 37
f 140 37 91
f 91 37 74
f 91 74 92
f 92 74 72
f 92 72 290
f 290 72 70
f 290 70 291
f 291 70 64
f 291 64 289
f 289 64 61
f 289 61 288
f 288 61 56
f 288 56 287
f 287 56 55
f 49 51 55
f 55 51 285
f 55 285 287
f 287 285 283
f 287 283 2
f 2 283 282
f 2 282 3
f 3 282 196
f 3 196 294
f 294 196 10
f 294 10 295
f 295 10 12
f 295 12 296
f 296 12 205
f 296 205 209
f 209 205 204
f 209 204 210
f 16 297 17
f 17 297 298
f 17 298 172
f 19 18 166
f 166 18 169
f 166 169 165
f 165 169 171
f 165 171 164
f 164 171 149
f 164 149 163
f 163 149 151
f 163 151 162
f 162 151 144
f 162 144 161
f 161 144 22
f 161 22 99
f 99 22 21
f 99 21 97
f 268 125 263
f 263 125 124
f 263 124 265
f 265 124 104
f 265 104 267
f 267 104 103
f 267 103 271
f 271 103 112
f 271 112 106
f 106 112 114
f 106 114 107
f 107 114 116
f 107 116 109
f 109 116 118
f 109 118 111
f 111 118 177
f 16 17 15
f 15 17 19
f 15 19 177
f 177 19 130
f 177 130 111
f 111 130 160
f 111 160 110
f 110 160 159
f 110 159 248
f 248 159 158
f 248 158 249
f 249 158 157
f 249 157 247
f 247 157 156
f 247 156 236
f 236 156 155
f 236 155 224
f 224 155 292
f 224 292 223
f 223 292 293
f 223 293 221
f 221 293 294
f 221 294 219
f 219 294 295
f 219 295 217
f 217 295 296
f 217 296 216
f 216 296 209
f 216 209 215
f 215 209 211
f 215 211 225
f 299 300 301
f 302 303 304
f 305 306 299
f 299 306 307
f 299 307 308
f 305 309 310
f 310 309 311
f 310 311 312
f 312 311 313
f 313 311 304
f 313 304 314
f 314 304 303
f 314 303 315
f 316 317 318
f 318 317 319
f 320 321 322
f 322 321 317
f 317 321 319
f 319 321 323
f 319 323 324
f 301 325 326
f 301 326 323
f 323 326 324
f 325 301 327
f 327 301 300
f 327 300 328
f 328 329 330
f 308 331 299
f 299 331 332
f 299 332 300
f 300 332 333
f 300 333 328
f 328 333 334
f 328 334 329
f 320 302 321
f 321 302 304
f 321 304 323
f 323 304 311
f 323 311 301
f 301 311 309
f 301 309 299
f 299 309 305
f 21 20 335
f 98 97 336
f 337 338 339
f 38 102 340
f 340 102 101
f 340 101 341
f 341 101 342
f 341 342 343
f 343 342 344
f 344 342 345
f 344 345 346
f 347 348 349
f 349 348 350
f 349 350 345
f 345 350 351
f 345 351 346
f 347 349 352
f 352 349 353
f 352 353 354
f 355 356 357
f 357 356 358
f 357 358 353
f 353 358 359
f 353 359 354
f 355 357 360
f 360 357 361
f 360 361 362
f 363 364 365
f 365 364 366
f 365 366 361
f 361 366 367
f 361 367 362
f 363 365 368
f 368 365 369
f 368 369 370
f 371 372 373
f 373 372 374
f 337 339 375
f 376 377 378
f 378 377 379
f 378 379 380
f 380 379 381
f 380 381 382
f 98 336 96
f 154 383 145
f 145 383 384
f 145 384 146
f 97 21 336
f 336 21 335
f 336 335 385
f 385 335 386
f 385 386 387
f 387 386 388
f 387 388 389
f 390 388 391
f 391 388 386
f 391 386 392
f 392 386 335
f 392 335 384
f 384 335 20
f 384 20 146
f 393 375 394
f 394 375 339
f 394 339 395
f 395 339 396
f 395 396 397
f 397 396 398
f 397 398 389
f 389 398 399
f 389 399 387
f 387 399 400
f 387 400 385
f 385 400 401
f 385 401 336
f 336 401 402
f 336 402 96
f 100 27 402
f 402 27 26
f 402 26 96
f 381 403 382
f 382 403 404
f 382 404 373
f 373 404 405
f 373 405 371
f 406 407 365
f 365 407 408
f 365 408 369
f 390 376 388
f 388 376 378
f 388 378 389
f 389 378 380
f 389 380 397
f 397 380 382
f 397 382 395
f 395 382 373
f 395 373 394
f 394 373 374
f 394 374 393
f 338 406 339
f 339 406 365
f 339 365 396
f 396 365 361
f 396 361 398
f 398 361 357
f 398 357 399
f 399 357 353
f 399 353 400
f 400 353 349
f 400 349 401
f 401 349 345
f 401 345 402
f 402 345 342
f 402 342 100
f 100 342 101
f 409 410 411
f 412 413 414
f 148 147 415
f 172 298 416
f 417 418 419
f 168 167 420
f 404 403 421
f 403 381 421
f 421 381 379
f 421 379 422
f 423 411 424
f 425 405 404
f 411 410 424
f 424 410 425
f 426 427 428
f 428 427 429
f 428 429 430
f 430 429 431
f 430 431 432
f 167 176 420
f 420 176 433
f 420 433 417
f 176 175 433
f 433 175 174
f 433 174 416
f 416 174 173
f 416 173 172
f 298 297 434
f 418 435 419
f 419 435 436
f 419 436 437
f 298 434 416
f 416 434 438
f 416 438 439
f 417 433 418
f 418 433 416
f 418 416 435
f 435 416 439
f 435 439 440
f 441 442 443
f 443 442 444
f 443 444 437
f 437 444 445
f 437 445 419
f 419 445 446
f 419 446 417
f 417 446 447
f 417 447 420
f 420 447 448
f 420 448 168
f 383 154 449
f 449 154 153
f 449 153 152
f 148 415 150
f 147 181 450
f 180 179 448
f 448 179 170
f 448 170 168
f 451 391 452
f 452 391 392
f 452 392 449
f 449 392 384
f 449 384 383
f 379 377 422
f 422 377 376
f 422 376 451
f 451 376 390
f 451 390 391
f 425 404 424
f 424 404 421
f 424 421 423
f 423 421 422
f 423 422 453
f 453 422 451
f 453 451 454
f 454 451 452
f 454 452 455
f 455 452 449
f 455 449 415
f 415 449 152
f 415 152 150
f 432 456 430
f 430 456 457
f 430 457 414
f 414 457 458
f 414 458 459
f 460 412 461
f 461 412 414
f 461 414 462
f 462 414 459
f 463 464 465
f 465 464 466
f 147 450 415
f 415 450 467
f 415 467 455
f 455 467 468
f 455 468 454
f 454 468 469
f 454 469 453
f 453 469 470
f 453 470 423
f 423 470 465
f 423 465 411
f 411 465 466
f 411 466 409
f 440 471 435
f 435 471 472
f 435 472 436
f 436 472 473
f 436 473 474
f 474 426 436
f 436 426 428
f 436 428 437
f 437 428 430
f 437 430 443
f 443 430 414
f 443 414 441
f 441 414 413
f 413 463 441
f 441 463 465
f 441 465 442
f 442 465 470
f 442 470 444
f 444 470 469
f 444 469 445
f 445 469 468
f 445 468 446
f 446 468 467
f 446 467 447
f 447 467 450
f 447 450 448
f 448 450 181
f 448 181 180
f 13 178 475
f 434 297 16
f 476 477 478
f 479 480 481
f 482 483 484
f 485 486 487
f 488 489 490
f 460 461 491
f 492 493 494
f 495 496 497
f 497 496 498
f 497 498 499
f 500 501 502
f 502 501 503
f 502 503 504
f 492 494 505
f 506 507 508
f 509 510 511
f 460 491 512
f 513 514 515
f 515 514 516
f 515 516 517
f 518 519 513
f 519 520 513
f 513 520 521
f 513 521 514
f 522 485 523
f 523 485 487
f 523 487 524
f 525 526 523
f 523 526 527
f 523 527 522
f 528 529 530
f 530 529 531
f 530 531 525
f 525 531 532
f 525 532 526
f 533 534 535
f 535 534 536
f 535 536 537
f 538 539 540
f 540 539 541
f 540 541 533
f 533 541 542
f 533 542 534
f 538 540 543
f 543 540 544
f 543 544 545
f 546 547 544
f 544 547 548
f 544 548 545
f 549 550 551
f 551 550 552
f 553 554 555
f 555 554 556
f 557 558 559
f 560 561 562
f 562 561 563
f 562 563 564
f 565 566 560
f 567 568 483
f 483 568 569
f 483 569 484
f 484 569 570
f 484 570 571
f 572 573 574
f 574 573 575
f 573 576 575
f 575 576 577
f 575 577 484
f 484 577 578
f 484 578 482
f 579 580 574
f 574 580 581
f 574 581 572
f 582 479 583
f 489 518 490
f 490 518 513
f 490 513 584
f 524 488 523
f 523 488 490
f 523 490 525
f 525 490 584
f 525 584 530
f 479 481 583
f 583 481 585
f 583 585 586
f 586 585 587
f 586 587 588
f 588 587 589
f 588 589 590
f 590 589 591
f 590 591 592
f 592 591 593
f 592 593 594
f 582 583 595
f 595 583 586
f 595 586 596
f 596 586 588
f 596 588 597
f 597 588 590
f 597 590 598
f 598 590 592
f 598 592 599
f 599 592 594
f 599 594 600
f 601 546 602
f 602 546 544
f 602 544 603
f 603 544 540
f 603 540 604
f 604 540 533
f 604 533 605
f 605 533 535
f 605 535 606
f 600 601 599
f 599 601 602
f 599 602 598
f 598 602 603
f 598 603 597
f 597 603 604
f 597 604 596
f 596 604 605
f 596 605 595
f 595 605 606
f 595 606 582
f 607 608 497
f 499 579 497
f 497 579 574
f 497 574 607
f 607 574 575
f 607 575 609
f 609 575 484
f 609 484 565
f 565 484 571
f 565 571 566
f 610 125 611
f 611 125 268
f 611 268 612
f 268 269 612
f 612 269 270
f 612 270 613
f 270 5 613
f 613 5 4
f 613 4 614
f 615 616 617
f 618 619 620
f 4 257 614
f 614 257 8
f 614 8 621
f 621 8 7
f 621 7 622
f 623 477 624
f 624 477 476
f 624 476 625
f 234 235 626
f 7 232 622
f 622 232 233
f 622 233 509
f 509 233 234
f 234 626 509
f 509 626 627
f 509 627 510
f 628 506 629
f 629 506 508
f 629 508 630
f 630 508 631
f 630 631 632
f 632 631 633
f 632 633 634
f 634 633 635
f 634 635 636
f 636 635 637
f 636 637 638
f 638 637 639
f 638 639 640
f 640 639 641
f 640 641 593
f 593 641 642
f 593 642 594
f 594 642 643
f 594 643 600
f 600 643 644
f 600 644 601
f 601 644 551
f 601 551 546
f 546 551 552
f 546 552 547
f 507 645 508
f 508 645 646
f 508 646 631
f 631 646 647
f 631 647 633
f 633 647 648
f 633 648 635
f 635 648 649
f 635 649 637
f 637 649 650
f 637 650 639
f 639 650 651
f 639 651 641
f 641 651 652
f 641 652 642
f 642 652 653
f 642 653 643
f 643 653 654
f 643 654 644
f 644 654 655
f 644 655 551
f 551 655 656
f 551 656 549
f 493 500 494
f 494 500 502
f 494 502 657
f 657 502 658
f 657 658 659
f 659 658 660
f 659 660 661
f 661 660 662
f 661 662 663
f 663 662 664
f 663 664 665
f 665 664 666
f 665 666 667
f 667 666 668
f 667 668 669
f 669 668 557
f 669 557 555
f 555 557 559
f 555 559 553
f 608 670 497
f 497 670 671
f 497 671 495
f 495 671 672
f 560 562 565
f 565 562 673
f 565 673 609
f 609 673 674
f 609 674 607
f 607 674 675
f 607 675 608
f 608 675 676
f 608 676 670
f 670 676 677
f 670 677 671
f 504 672 502
f 502 672 671
f 502 671 658
f 658 671 677
f 658 677 660
f 660 677 676
f 660 676 662
f 662 676 675
f 662 675 664
f 664 675 674
f 664 674 666
f 666 674 673
f 666 673 668
f 668 673 562
f 668 562 557
f 557 562 564
f 557 564 558
f 645 505 646
f 646 505 494
f 646 494 647
f 647 494 657
f 647 657 648
f 648 657 659
f 648 659 649
f 649 659 661
f 649 661 650
f 650 661 663
f 650 663 651
f 651 663 665
f 651 665 652
f 652 665 667
f 652 667 653
f 653 667 669
f 653 669 654
f 654 669 555
f 654 555 655
f 655 555 556
f 655 556 656
f 678 440 439
f 678 439 438
f 14 679 16
f 16 679 678
f 16 678 434
f 434 678 438
f 471 440 680
f 680 440 678
f 680 678 681
f 681 678 679
f 681 679 682
f 473 472 683
f 426 474 684
f 684 474 473
f 685 429 427
f 186 185 686
f 686 185 184
f 686 184 687
f 687 184 183
f 687 183 688
f 183 182 688
f 688 182 129
f 688 129 689
f 178 186 475
f 475 186 686
f 475 686 690
f 690 686 687
f 690 687 691
f 691 687 688
f 691 688 692
f 692 688 689
f 692 689 693
f 693 689 610
f 693 610 694
f 694 610 611
f 694 611 695
f 695 611 612
f 695 612 696
f 696 612 613
f 696 613 697
f 697 613 614
f 697 614 698
f 698 614 621
f 698 621 623
f 623 621 622
f 623 622 477
f 477 622 509
f 477 509 478
f 478 509 511
f 478 511 699
f 129 128 689
f 689 128 127
f 689 127 610
f 610 127 126
f 610 126 125
f 615 617 700
f 700 617 701
f 700 701 702
f 702 701 703
f 702 703 704
f 704 703 705
f 704 705 706
f 706 705 707
f 706 707 708
f 708 707 709
f 708 709 710
f 710 709 711
f 710 711 712
f 712 711 713
f 712 713 714
f 714 713 715
f 714 715 682
f 682 715 716
f 682 716 681
f 681 716 683
f 681 683 680
f 680 683 472
f 680 472 471
f 618 620 717
f 717 620 718
f 717 718 719
f 719 718 720
f 719 720 721
f 721 720 722
f 721 722 723
f 723 722 724
f 723 724 725
f 725 724 726
f 725 726 727
f 727 726 728
f 727 728 729
f 729 728 730
f 729 730 731
f 731 730 732
f 731 732 733
f 733 732 734
f 733 734 735
f 735 734 685
f 735 685 684
f 684 685 427
f 684 427 426
f 473 683 684
f 684 683 716
f 684 716 735
f 735 716 715
f 735 715 733
f 733 715 713
f 733 713 731
f 731 713 711
f 731 711 729
f 729 711 709
f 729 709 727
f 727 709 707
f 727 707 725
f 725 707 705
f 725 705 723
f 723 705 703
f 723 703 721
f 721 703 701
f 721 701 719
f 719 701 617
f 719 617 717
f 717 617 616
f 717 616 618
f 14 13 679
f 679 13 475
f 679 475 682
f 682 475 690
f 682 690 714
f 714 690 691
f 714 691 712
f 712 691 692
f 712 692 710
f 710 692 693
f 710 693 708
f 708 693 694
f 708 694 706
f 706 694 695
f 706 695 704
f 704 695 696
f 704 696 702
f 702 696 697
f 702 697 700
f 700 697 698
f 700 698 615
f 615 698 623
f 615 623 616
f 616 623 624
f 616 624 618
f 618 624 625
f 618 625 619
f 462 459 736
f 736 459 458
f 457 456 737
f 737 456 432
f 737 432 431
f 458 457 736
f 736 457 737
f 736 737 738
f 738 737 739
f 738 739 740
f 740 739 741
f 740 741 742
f 742 741 743
f 742 743 744
f 744 743 745
f 744 745 746
f 746 745 747
f 746 747 748
f 748 747 749
f 748 749 750
f 750 749 751
f 750 751 752
f 517 512 515
f 515 512 491
f 515 491 753
f 753 491 754
f 753 754 755
f 755 754 756
f 755 756 757
f 757 756 758
f 757 758 759
f 759 758 760
f 759 760 761
f 761 760 762
f 761 762 763
f 763 762 764
f 763 764 765
f 765 764 766
f 765 766 767
f 767 766 768
f 767 768 769
f 769 768 770
f 769 770 771
f 461 462 491
f 491 462 736
f 491 736 754
f 754 736 738
f 754 738 756
f 756 738 740
f 756 740 758
f 758 740 742
f 758 742 760
f 760 742 744
f 760 744 762
f 762 744 746
f 762 746 764
f 764 746 748
f 764 748 766
f 766 748 750
f 766 750 768
f 768 750 752
f 768 752 770
f 619 771 620
f 620 771 770
f 620 770 718
f 718 770 752
f 718 752 720
f 720 752 751
f 720 751 722
f 722 751 749
f 722 749 724
f 724 749 747
f 724 747 726
f 726 747 745
f 726 745 728
f 728 745 743
f 728 743 730
f 730 743 741
f 730 741 732
f 732 741 739
f 732 739 734
f 734 739 737
f 734 737 685
f 685 737 431
f 685 431 429
f 699 628 478
f 478 628 629
f 478 629 476
f 476 629 630
f 476 630 625
f 625 630 632
f 625 632 619
f 619 632 634
f 619 634 771
f 771 634 636
f 771 636 769
f 769 636 638
f 769 638 767
f 767 638 640
f 767 640 765
f 765 640 593
f 765 593 763
f 763 593 591
f 763 591 761
f 761 591 589
f 761 589 759
f 759 589 587
f 759 587 757
f 757 587 585
f 757 585 755
f 755 585 481
f 755 481 753
f 753 481 480
f 753 480 515
f 515 480 479
f 515 479 513
f 513 479 582
f 513 582 584
f 584 582 606
f 584 606 530
f 530 606 535
f 530 535 528
f 528 535 537
f 772 773 774
f 492 505 775
f 776 777 778
f 779 780 781
f 781 780 782
f 783 784 785
f 786 787 788
f 789 790 788
f 788 790 785
f 788 785 786
f 786 785 784
f 789 791 790
f 790 791 792
f 790 792 785
f 785 792 793
f 785 793 783
f 783 793 794
f 795 796 797
f 797 796 798
f 797 798 799
f 799 798 791
f 799 791 800
f 800 791 789
f 204 203 801
f 801 203 208
f 801 208 802
f 796 803 798
f 798 803 804
f 798 804 791
f 791 804 805
f 791 805 792
f 792 805 781
f 792 781 793
f 793 781 782
f 793 782 794
f 778 777 806
f 806 777 807
f 806 807 808
f 808 807 809
f 808 809 810
f 208 207 802
f 802 207 206
f 802 206 811
f 811 206 202
f 811 202 812
f 812 202 201
f 812 201 199
f 645 507 813
f 813 507 506
f 813 506 814
f 814 506 628
f 814 628 699
f 699 511 814
f 814 511 510
f 814 510 815
f 815 510 627
f 815 627 626
f 816 227 226
f 228 815 230
f 230 815 626
f 230 626 235
f 817 813 818
f 818 813 814
f 818 814 819
f 819 814 815
f 819 815 816
f 816 815 228
f 816 228 227
f 504 774 672
f 672 774 773
f 672 773 495
f 504 503 774
f 774 503 501
f 774 501 820
f 820 501 500
f 820 500 775
f 775 500 493
f 775 493 492
f 821 772 822
f 822 772 774
f 822 774 823
f 823 774 820
f 823 820 817
f 817 820 775
f 817 775 813
f 813 775 505
f 813 505 645
f 193 824 191
f 191 824 812
f 191 812 198
f 198 812 199
f 803 778 804
f 804 778 806
f 804 806 805
f 805 806 808
f 805 808 781
f 781 808 810
f 781 810 779
f 225 211 825
f 825 211 210
f 210 204 825
f 825 204 801
f 825 801 795
f 795 801 802
f 795 802 796
f 796 802 811
f 796 811 803
f 803 811 812
f 803 812 778
f 778 812 824
f 778 824 776
f 226 225 816
f 816 225 825
f 816 825 819
f 819 825 795
f 819 795 818
f 818 795 797
f 818 797 817
f 817 797 799
f 817 799 823
f 823 799 800
f 823 800 822
f 822 800 789
f 822 789 821
f 821 789 788
f 821 788 826
f 826 788 787
f 827 828 829
f 830 831 832
f 833 834 835
f 835 836 837
f 837 838 835
f 835 838 839
f 835 839 833
f 836 835 840
f 840 835 841
f 840 841 842
f 843 844 841
f 841 844 845
f 841 845 842
f 846 847 848
f 848 847 849
f 848 849 843
f 843 849 850
f 843 850 844
f 846 848 851
f 851 848 852
f 851 852 853
f 854 855 852
f 852 855 856
f 852 856 853
f 831 857 832
f 832 857 858
f 832 858 854
f 854 858 859
f 854 859 855
f 860 861 862
f 272 274 832
f 832 274 275
f 832 275 830
f 830 275 42
f 830 42 41
f 279 277 863
f 863 277 276
f 276 272 863
f 863 272 832
f 863 832 864
f 864 832 854
f 864 854 865
f 865 854 852
f 865 852 866
f 866 852 848
f 866 848 867
f 867 848 843
f 867 843 868
f 868 843 841
f 868 841 862
f 862 841 835
f 862 835 860
f 860 835 834
f 809 807 869
f 869 807 777
f 869 777 870
f 870 777 871
f 871 777 776
f 871 776 824
f 824 193 194
f 188 281 871
f 824 194 871
f 871 194 189
f 871 189 188
f 872 869 873
f 873 869 870
f 873 870 874
f 874 870 871
f 874 871 875
f 875 871 281
f 875 281 280
f 828 794 829
f 829 794 782
f 829 782 876
f 876 782 780
f 876 780 877
f 877 780 779
f 877 779 878
f 878 779 810
f 879 880 881
f 881 880 882
f 881 882 883
f 883 827 881
f 881 827 829
f 881 829 884
f 884 829 876
f 884 876 885
f 885 876 877
f 885 877 872
f 872 877 878
f 872 878 869
f 869 878 810
f 869 810 809
f 280 279 875
f 875 279 863
f 875 863 874
f 874 863 864
f 874 864 873
f 873 864 865
f 873 865 872
f 872 865 866
f 872 866 885
f 885 866 867
f 885 867 884
f 884 867 868
f 884 868 881
f 881 868 862
f 881 862 879
f 879 862 861
f 886 887 888
f 889 890 891
f 891 890 892
f 888 893 894
f 894 893 895
f 896 897 898
f 898 897 899
f 898 899 900
f 896 898 901
f 901 898 902
f 901 902 903
f 903 902 904
f 904 902 905
f 904 905 906
f 907 908 905
f 905 908 909
f 905 909 906
f 910 911 907
f 907 911 912
f 907 912 908
f 913 914 915
f 915 914 916
f 915 916 910
f 910 916 917
f 910 917 911
f 913 915 918
f 918 915 919
f 918 919 920
f 921 922 919
f 919 922 923
f 919 923 920
f 851 924 846
f 846 924 925
f 926 859 858
f 926 858 927
f 928 929 930
f 851 853 924
f 924 853 856
f 924 856 926
f 926 856 855
f 926 855 859
f 844 931 845
f 845 931 932
f 845 932 842
f 842 932 840
f 840 932 836
f 836 932 891
f 836 891 837
f 837 891 892
f 837 892 838
f 933 930 927
f 927 930 929
f 927 929 926
f 926 929 934
f 926 934 924
f 924 934 935
f 924 935 925
f 925 935 936
f 925 936 931
f 931 936 937
f 931 937 932
f 932 937 938
f 932 938 891
f 891 938 894
f 891 894 889
f 889 894 895
f 858 857 927
f 927 857 831
f 927 831 933
f 933 831 830
f 933 830 939
f 939 830 41
f 940 921 941
f 941 921 919
f 941 919 942
f 844 850 931
f 931 850 849
f 931 849 925
f 925 849 847
f 925 847 846
f 928 942 929
f 929 942 919
f 929 919 934
f 934 919 915
f 934 915 935
f 935 915 910
f 935 910 936
f 936 910 907
f 936 907 937
f 937 907 905
f 937 905 938
f 938 905 902
f 938 902 894
f 894 902 898
f 894 898 888
f 888 898 900
f 888 900 886
f 930 933 943
f 944 945 946
f 946 945 947
f 946 947 948
f 944 949 945
f 945 949 950
f 945 950 951
f 951 950 952
f 951 952 953
f 954 955 956
f 956 955 957
f 956 957 958
f 954 959 955
f 955 959 960
f 955 960 961
f 961 960 962
f 962 963 961
f 961 963 964
f 961 964 965
f 965 964 966
f 965 966 967
f 967 968 965
f 965 968 969
f 965 969 947
f 947 969 970
f 947 970 948
f 67 71 971
f 971 71 972
f 79 78 973
f 973 78 974
f 71 73 972
f 972 73 76
f 972 76 973
f 973 76 75
f 973 75 79
f 32 975 33
f 33 975 976
f 33 976 80
f 89 977 81
f 81 977 978
f 81 978 82
f 32 87 975
f 975 87 86
f 975 86 978
f 978 86 84
f 978 84 82
f 78 77 974
f 974 77 36
f 974 36 976
f 976 36 35
f 976 35 80
f 939 41 43
f 939 43 933
f 933 43 45
f 933 45 943
f 979 980 52
f 45 48 943
f 943 48 47
f 943 47 980
f 980 47 53
f 980 53 52
f 62 981 63
f 63 981 982
f 63 982 57
f 57 982 58
f 983 984 65
f 62 60 981
f 981 60 59
f 981 59 984
f 984 59 66
f 984 66 65
f 52 50 979
f 979 50 49
f 979 49 982
f 982 49 54
f 982 54 58
f 985 986 977
f 977 986 987
f 977 987 978
f 978 987 988
f 978 988 975
f 975 988 989
f 975 989 976
f 976 989 990
f 976 990 974
f 974 990 991
f 974 991 973
f 973 991 992
f 973 992 972
f 972 992 993
f 972 993 971
f 971 993 994
f 971 994 983
f 983 994 995
f 983 995 984
f 984 995 996
f 984 996 981
f 981 996 997
f 981 997 982
f 982 997 998
f 982 998 979
f 979 998 999
f 979 999 980
f 980 999 1000
f 980 1000 943
f 943 1000 1001
f 943 1001 930
f 1002 940 1003
f 1003 940 941
f 1004 1005 1006
f 1006 1005 1007
f 1007 1005 1008
f 1007 1008 1009
f 1009 1010 1007
f 1007 1010 1011
f 1007 1011 1003
f 1003 1011 1012
f 1003 1012 1002
f 942 928 1001
f 1001 928 930
f 1013 1014 1015
f 1015 1014 1016
f 1015 1016 1006
f 1006 1016 1017
f 1006 1017 1004
f 1018 1019 1020
f 1020 1019 1021
f 1020 1021 1015
f 1015 1021 1022
f 1015 1022 1013
f 1018 1020 1023
f 1023 1020 1024
f 1023 1024 1025
f 952 1026 953
f 953 1026 1027
f 953 1027 1028
f 1028 1027 1029
f 1028 1029 1024
f 1024 1029 1030
f 1024 1030 1025
f 89 88 977
f 977 88 39
f 39 38 977
f 977 38 1031
f 977 1031 985
f 1032 1033 957
f 957 1033 1034
f 957 1034 958
f 958 1034 1035
f 65 69 983
f 983 69 68
f 983 68 971
f 971 68 67
f 986 1032 987
f 987 1032 957
f 987 957 988
f 988 957 955
f 988 955 989
f 989 955 961
f 989 961 990
f 990 961 965
f 990 965 991
f 991 965 947
f 991 947 992
f 992 947 945
f 992 945 993
f 993 945 951
f 993 951 994
f 994 951 953
f 994 953 995
f 995 953 1028
f 995 1028 996
f 996 1028 1024
f 996 1024 997
f 997 1024 1020
f 997 1020 998
f 998 1020 1015
f 998 1015 999
f 999 1015 1006
f 999 1006 1000
f 1000 1006 1007
f 1000 1007 1001
f 1001 1007 1003
f 1001 1003 942
f 942 1003 941
f 1036 1037 1038
f 1039 1040 1041
f 1042 1043 1044
f 1044 1043 1045
f 1044 1045 1039
f 1039 1045 1046
f 1039 1046 1040
f 1042 1044 1047
f 1047 1044 1048
f 1047 1048 1049
f 1038 1037 1048
f 1048 1037 1050
f 1048 1050 1049
f 1036 1038 1051
f 1051 1038 1052
f 1051 1052 1053
f 322 317 1054
f 1054 317 316
f 1054 316 1052
f 1052 316 1055
f 1052 1055 1053
f 322 1054 320
f 320 1054 1056
f 320 1056 302
f 302 1056 303
f 303 1056 1057
f 303 1057 315
f 1058 1059 1056
f 1059 1060 1056
f 1056 1060 1061
f 1056 1061 1057
f 1062 1063 1064
f 1065 363 368
f 1066 367 366
f 1066 366 1065
f 1065 366 364
f 1065 364 363
f 1067 355 360
f 1067 360 1066
f 1066 360 362
f 1066 362 367
f 1068 359 358
f 1068 358 1067
f 1067 358 356
f 1067 356 355
f 1069 347 352
f 1069 352 1068
f 1068 352 354
f 1068 354 359
f 38 340 1031
f 1031 340 1070
f 1031 1070 985
f 985 1070 986
f 346 351 1071
f 1071 351 350
f 1071 350 1069
f 1069 350 348
f 1069 348 347
f 340 341 1070
f 1070 341 343
f 1070 343 1071
f 1071 343 344
f 1071 344 346
f 1072 1070 1073
f 1073 1070 1071
f 1073 1071 1074
f 1074 1071 1069
f 1074 1069 1075
f 1075 1069 1068
f 1075 1068 1076
f 1076 1068 1067
f 1076 1067 1077
f 1077 1067 1066
f 1077 1066 1062
f 1062 1066 1065
f 1062 1065 1063
f 1063 1065 368
f 1063 368 370
f 1034 1033 1072
f 1072 1033 1032
f 1072 1032 1070
f 1070 1032 986
f 1064 1058 1062
f 1062 1058 1056
f 1062 1056 1077
f 1077 1056 1054
f 1077 1054 1076
f 1076 1054 1052
f 1076 1052 1075
f 1075 1052 1038
f 1075 1038 1074
f 1074 1038 1048
f 1074 1048 1073
f 1073 1048 1044
f 1073 1044 1072
f 1072 1044 1039
f 1072 1039 1034
f 1034 1039 1041
f 1034 1041 1035
f 521 520 1078
f 412 460 512
f 1079 1080 1081
f 1082 1083 1084
f 1085 1086 1079
f 1087 1088 1080
f 1089 1090 1091
f 375 393 1092
f 1092 393 374
f 1092 374 1093
f 1093 374 372
f 1093 372 371
f 375 1092 337
f 337 1092 1094
f 337 1094 338
f 369 408 1091
f 1091 408 407
f 1091 407 1094
f 1094 407 406
f 1094 406 338
f 1091 1090 369
f 369 1090 1095
f 369 1095 370
f 1088 1096 1097
f 1096 1098 1097
f 1097 1098 1099
f 1097 1099 1100
f 1079 1086 1080
f 1080 1086 1101
f 1080 1101 1087
f 1082 1084 1102
f 487 486 1103
f 1104 524 487
f 487 1103 1104
f 1104 1103 1105
f 1104 1105 1102
f 1088 1097 1080
f 1080 1097 1106
f 1080 1106 1081
f 519 518 1107
f 1107 518 489
f 1107 489 1104
f 1104 489 488
f 1104 488 524
f 412 512 413
f 521 1078 514
f 516 514 1108
f 1108 514 1078
f 1108 1078 1109
f 1109 1078 1110
f 1109 1110 1081
f 1081 1110 1084
f 1081 1084 1079
f 1079 1084 1083
f 1079 1083 1085
f 464 463 1111
f 1111 463 413
f 1111 413 1112
f 1112 413 512
f 1112 512 517
f 1113 425 410
f 1113 410 1114
f 410 409 1114
f 1114 409 466
f 1114 466 1111
f 1111 466 464
f 1093 1115 1092
f 1092 1115 1116
f 1092 1116 1094
f 1094 1116 1117
f 1094 1117 1091
f 1112 1118 1111
f 1111 1118 1119
f 1111 1119 1114
f 1114 1119 1115
f 1114 1115 1113
f 1113 1115 1093
f 1113 1093 425
f 425 1093 371
f 425 371 405
f 520 519 1078
f 1078 519 1107
f 1078 1107 1110
f 1110 1107 1104
f 1110 1104 1084
f 1084 1104 1102
f 517 516 1112
f 1112 516 1108
f 1112 1108 1118
f 1118 1108 1109
f 1118 1109 1119
f 1119 1109 1081
f 1119 1081 1115
f 1115 1081 1106
f 1115 1106 1116
f 1116 1106 1097
f 1116 1097 1117
f 1117 1097 1100
f 1117 1100 1091
f 1091 1100 1120
f 1091 1120 1089
f 1121 1122 1123
f 1124 1125 1126
f 1127 1128 1129
f 1130 1131 1132
f 1132 1131 1133
f 1132 1133 1134
f 1135 1136 1137
f 1137 1136 1126
f 1137 1126 1138
f 1138 1126 1125
f 1121 1123 1139
f 1139 1123 1140
f 1139 1140 1141
f 1142 1143 1144
f 1144 1143 1145
f 1144 1145 1140
f 1140 1145 1146
f 1140 1146 1141
f 1130 1147 1131
f 1131 1147 1148
f 1131 1148 1149
f 1149 1148 1150
f 1149 1150 1151
f 1151 1152 1149
f 1149 1152 1153
f 1149 1153 1154
f 1124 1126 1155
f 1155 1126 1156
f 1155 1156 1157
f 1122 1158 1123
f 1123 1158 1159
f 1123 1159 1156
f 1156 1159 1160
f 1156 1160 1157
f 1153 1161 1154
f 1154 1161 1162
f 1154 1162 1144
f 1144 1162 1163
f 1144 1163 1142
f 1128 1164 1129
f 1129 1164 1165
f 1129 1165 1133
f 1133 1165 1166
f 1133 1166 1134
f 1167 1168 1169
f 1127 1129 1170
f 1170 1129 1171
f 1170 1171 1172
f 1173 1174 1175
f 1173 1176 1174
f 1174 1176 1177
f 1174 1177 1178
f 1179 1136 1177
f 1177 1136 1135
f 1177 1135 1178
f 1179 1180 1136
f 1136 1180 1181
f 1136 1181 1171
f 1171 1181 1182
f 1171 1182 1172
f 1167 1169 1183
f 1175 1184 1173
f 1173 1184 1185
f 1173 1185 1186
f 1186 1185 1187
f 1186 1187 1188
f 1187 1189 1188
f 1188 1189 1190
f 1188 1190 1191
f 1191 1190 1192
f 1191 1192 1169
f 1169 1192 1193
f 1169 1193 1183
f 1177 1176 1194
f 1195 1196 1197
f 1197 1196 1198
f 1199 1195 1200
f 1200 1195 1197
f 1200 1197 1201
f 1201 1197 1194
f 1201 1194 1202
f 1202 1194 1203
f 1202 1203 1204
f 1205 1206 1207
f 1207 1206 1204
f 1207 1204 1208
f 1208 1204 1203
f 1208 1203 1209
f 1203 1186 1188
f 1191 1210 1188
f 1188 1210 1211
f 1188 1211 1203
f 1203 1211 1212
f 1203 1212 1209
f 1194 1176 1203
f 1203 1176 1173
f 1203 1173 1186
f 1198 1213 1197
f 1197 1213 1214
f 1197 1214 1215
f 1177 1194 1179
f 1179 1194 1197
f 1179 1197 1180
f 1180 1197 1215
f 1180 1215 1181
f 1216 1217 1218
f 1219 1220 486
f 1221 1222 1223
f 1224 1225 1226
f 1227 1228 1229
f 1224 1226 1230
f 1231 1232 1233
f 1233 1232 1226
f 1233 1226 1234
f 1234 1226 1225
f 1235 1236 1237
f 1237 1236 1218
f 1237 1218 1238
f 1238 1218 1239
f 1235 1240 1236
f 1236 1240 1241
f 1236 1241 1242
f 1242 1241 1243
f 1243 1244 1242
f 1242 1244 1245
f 1242 1245 1223
f 1223 1245 1246
f 1223 1246 1221
f 547 552 1229
f 1229 552 1232
f 1229 1232 1227
f 1227 1232 1231
f 1226 556 554
f 554 553 1226
f 1226 553 1223
f 1226 1223 1230
f 1230 1223 1222
f 552 550 1232
f 1232 550 549
f 1232 549 1226
f 1226 549 656
f 1226 656 556
f 1242 563 561
f 1242 561 1236
f 1236 561 560
f 1236 560 566
f 553 559 1223
f 1223 559 558
f 1223 558 1242
f 1242 558 564
f 1242 564 563
f 486 485 1219
f 1219 485 522
f 1219 522 1247
f 1247 522 527
f 1247 527 526
f 528 537 1248
f 541 539 1249
f 1249 539 538
f 1249 538 1250
f 537 536 1248
f 1248 536 534
f 1248 534 1249
f 1249 534 542
f 1249 542 541
f 531 529 1251
f 531 1251 532
f 1252 1253 1254
f 1254 1220 1252
f 1252 1220 1255
f 1255 1220 1219
f 1255 1219 1256
f 1257 1258 1248
f 1248 1258 1251
f 1248 1251 528
f 528 1251 529
f 1250 1259 1249
f 1249 1259 1260
f 1249 1260 1261
f 1261 1262 1249
f 1249 1262 1263
f 1249 1263 1248
f 1248 1263 1264
f 1248 1264 1257
f 1258 1265 1251
f 1251 1265 1266
f 1251 1266 1267
f 1268 1269 1247
f 526 532 1247
f 1247 532 1251
f 1247 1251 1268
f 1268 1251 1267
f 1269 1270 1247
f 1247 1270 1271
f 1247 1271 1219
f 1219 1271 1272
f 1219 1272 1256
f 566 571 1236
f 1236 571 570
f 1236 570 1218
f 1218 570 569
f 1218 569 1216
f 1216 569 568
f 1216 568 567
f 1273 1274 1217
f 1217 1274 1275
f 1217 1275 1218
f 1218 1275 1276
f 1218 1276 1239
f 538 543 1250
f 1250 543 545
f 1250 545 1229
f 1229 545 548
f 1229 548 547
f 1228 1277 1229
f 1229 1277 1278
f 1229 1278 1250
f 1250 1278 1279
f 1250 1279 1259
f 1280 1281 1282
f 496 495 773
f 573 572 1283
f 879 861 1284
f 1285 1286 1287
f 1288 1289 1290
f 1291 1292 1293
f 1291 1293 1294
f 1294 567 483
f 1295 1296 1297
f 1297 1296 1298
f 1288 1299 1289
f 1289 1299 1300
f 1289 1300 1301
f 1301 1300 1302
f 1301 1302 1303
f 1304 1305 1306
f 1306 1305 1307
f 1306 1307 1290
f 1290 1307 1308
f 1290 1308 1288
f 839 838 1309
f 1310 1311 1312
f 1312 1311 1313
f 828 827 1312
f 1312 827 883
f 1312 883 1310
f 1310 883 882
f 1310 882 880
f 1287 826 787
f 787 786 1287
f 1287 786 1313
f 1287 1313 1285
f 1285 1313 1311
f 573 1283 576
f 572 581 1283
f 1283 581 1314
f 1283 1314 1315
f 581 580 1314
f 1314 580 579
f 1314 579 1316
f 1316 579 499
f 1316 499 498
f 772 1316 773
f 773 1316 498
f 773 498 496
f 1315 1314 1317
f 1317 1314 1316
f 1317 1316 1318
f 1318 1316 772
f 1318 772 821
f 1294 483 1291
f 1291 483 482
f 1291 482 578
f 1319 1292 1282
f 1282 1292 1291
f 1282 1291 1280
f 1280 1291 578
f 1280 578 577
f 786 784 1313
f 1313 784 783
f 1313 783 1312
f 1312 783 794
f 1312 794 828
f 1309 1320 839
f 839 1320 1304
f 839 1304 833
f 833 1304 1306
f 833 1306 834
f 834 1306 860
f 821 826 1318
f 1318 826 1287
f 1318 1287 1317
f 1317 1287 1286
f 1317 1286 1315
f 1315 1286 1281
f 1315 1281 1283
f 1283 1281 1280
f 1283 1280 576
f 576 1280 577
f 861 860 1284
f 1284 860 1306
f 1284 1306 1321
f 1321 1306 1290
f 1321 1290 1322
f 1322 1290 1289
f 1322 1289 1323
f 1323 1289 1301
f 1323 1301 1297
f 1297 1301 1303
f 1297 1303 1295
f 880 879 1310
f 1310 879 1284
f 1310 1284 1311
f 1311 1284 1321
f 1311 1321 1285
f 1285 1321 1322
f 1285 1322 1286
f 1286 1322 1323
f 1286 1323 1281
f 1281 1323 1297
f 1281 1297 1282
f 1282 1297 1298
f 1282 1298 1319
f 1040 1046 1324
f 1040 1324 1041
f 1041 1324 1035
f 1035 1324 1325
f 1035 1325 958
f 958 1325 1326
f 958 1326 956
f 956 1326 954
f 954 1326 1327
f 954 1327 1328
f 1329 962 1330
f 1330 962 960
f 1330 960 1328
f 1328 960 959
f 1328 959 954
f 966 964 1329
f 1329 964 963
f 1329 963 962
f 1329 1331 966
f 966 1331 1332
f 966 1332 967
f 967 1332 1333
f 967 1333 968
f 968 1333 1334
f 1335 1336 950
f 950 949 1335
f 1335 949 944
f 1335 944 1337
f 1337 944 946
f 1337 946 1338
f 1338 946 948
f 1338 948 1339
f 1339 948 970
f 1339 970 1334
f 1334 970 969
f 1334 969 968
f 1336 1340 950
f 950 1340 1341
f 950 1341 952
f 952 1341 1026
f 1026 1341 1342
f 1026 1342 1027
f 1342 1343 1027
f 1027 1343 1344
f 1027 1344 1029
f 1029 1344 1345
f 1029 1345 1030
f 1030 1345 1346
f 1030 1346 1025
f 1025 1346 1347
f 1022 1021 1348
f 1348 1021 1019
f 1348 1019 1349
f 1349 1019 1018
f 1349 1018 1347
f 1347 1018 1023
f 1347 1023 1025
f 1348 1350 1022
f 1022 1350 1351
f 1022 1351 1013
f 1013 1351 1352
f 1013 1352 1014
f 1014 1352 1016
f 1016 1352 1353
f 1016 1353 1017
f 1017 1353 1354
f 1017 1354 1004
f 1355 1010 1009
f 1354 1356 1004
f 1004 1356 1357
f 1004 1357 1005
f 1005 1357 1355
f 1005 1355 1008
f 1008 1355 1009
f 1355 1358 1010
f 1010 1358 1359
f 1010 1359 1011
f 920 923 1360
f 1360 923 922
f 922 921 1360
f 1360 921 940
f 1360 940 1361
f 1361 940 1002
f 1361 1002 1359
f 1359 1002 1012
f 1359 1012 1011
f 1360 1362 920
f 920 1362 1363
f 920 1363 918
f 918 1363 1364
f 918 1364 913
f 909 908 1365
f 1365 908 912
f 1365 912 1366
f 1366 912 911
f 1366 911 1367
f 1367 911 917
f 1367 917 1368
f 1368 917 916
f 1368 916 1364
f 1364 916 914
f 1364 914 913
f 1365 1369 909
f 909 1369 1370
f 909 1370 906
f 906 1370 1371
f 906 1371 904
f 904 1371 1372
f 904 1372 903
f 903 1372 901
f 1373 1043 1042
f 1373 1042 1374
f 1043 1373 1045
f 1045 1373 1375
f 1045 1375 1046
f 1046 1375 1376
f 1046 1376 1324
f 1042 1047 1374
f 1374 1047 1049
f 1374 1049 1377
f 1377 1049 1050
f 1377 1050 1378
f 1378 1050 1037
f 1378 1037 1379
f 1379 1037 1036
f 1379 1036 1380
f 1380 1036 1051
f 1380 1051 1381
f 1381 1051 1053
f 1381 1053 1382
f 1382 1053 1055
f 1382 1055 316
f 1383 1384 1385
f 1063 370 1095
f 1064 1063 1386
f 1057 1061 1385
f 1385 1061 1060
f 1385 1060 1387
f 1387 1060 1059
f 1387 1059 1386
f 1386 1059 1058
f 1386 1058 1064
f 1384 1388 1385
f 1385 1388 1389
f 1385 1389 1057
f 1057 1389 1390
f 1057 1390 315
f 1383 1391 1392
f 1392 1391 1393
f 1394 1395 1396
f 1396 1395 1397
f 1398 1399 1400
f 1400 1399 1401
f 1402 1403 1404
f 1404 1403 1405
f 1404 1405 1400
f 1400 1405 1406
f 1400 1406 1398
f 1402 1404 1407
f 1407 1404 1408
f 1407 1408 1409
f 1410 1411 1412
f 1412 1411 1413
f 1412 1413 1408
f 1408 1413 1414
f 1408 1414 1409
f 1254 1253 1415
f 1254 1415 1412
f 1412 1415 1416
f 1412 1416 1410
f 1087 1417 1088
f 1088 1417 1418
f 1419 1420 1417
f 1417 1420 1421
f 1417 1421 1418
f 1418 1421 1422
f 1419 1083 1420
f 1420 1083 1082
f 1420 1082 1423
f 1423 1082 1102
f 1087 1101 1417
f 1417 1101 1086
f 1417 1086 1419
f 1419 1086 1085
f 1419 1085 1083
f 1090 1386 1095
f 1095 1386 1063
f 1383 1385 1391
f 1391 1385 1387
f 1391 1387 1424
f 1424 1387 1386
f 1424 1386 1425
f 1425 1386 1090
f 1425 1090 1089
f 486 1220 1103
f 1103 1220 1423
f 1103 1423 1105
f 1105 1423 1102
f 1099 1098 1418
f 1418 1098 1096
f 1418 1096 1088
f 1089 1120 1425
f 1425 1120 1100
f 1425 1100 1099
f 1099 1418 1425
f 1425 1418 1422
f 1425 1422 1424
f 1424 1422 1395
f 1424 1395 1391
f 1391 1395 1394
f 1391 1394 1393
f 1220 1254 1423
f 1423 1254 1412
f 1423 1412 1420
f 1420 1412 1408
f 1420 1408 1421
f 1421 1408 1404
f 1421 1404 1422
f 1422 1404 1400
f 1422 1400 1395
f 1395 1400 1401
f 1395 1401 1397
f 1426 1168 1167
f 1427 1428 1429
f 1429 1428 1426
f 1426 1167 1429
f 1429 1167 1183
f 1429 1183 1193
f 1430 1431 1432
f 1432 1431 1433
f 1434 1430 1435
f 1435 1430 1432
f 1435 1432 1436
f 1436 1432 1437
f 1437 1432 1438
f 1438 1432 1439
f 1438 1439 1440
f 1441 1442 1440
f 1440 1442 1443
f 1440 1443 1438
f 1444 1445 1446
f 1446 1445 1447
f 1446 1447 1448
f 1446 1449 1444
f 1444 1449 1450
f 1444 1450 1451
f 1451 1450 1452
f 1453 1454 1455
f 1185 1184 1456
f 1456 1184 1175
f 1456 1175 1457
f 1457 1175 1174
f 1457 1174 1458
f 1458 1174 1178
f 1454 1459 1455
f 1455 1459 1460
f 1455 1460 1446
f 1446 1460 1461
f 1446 1461 1449
f 1193 1192 1429
f 1429 1192 1190
f 1429 1190 1462
f 1462 1190 1189
f 1462 1189 1187
f 1433 1427 1432
f 1432 1427 1429
f 1432 1429 1439
f 1439 1429 1462
f 1439 1462 1456
f 1456 1462 1187
f 1456 1187 1185
f 1457 1453 1456
f 1456 1453 1455
f 1456 1455 1439
f 1439 1455 1446
f 1439 1446 1440
f 1440 1446 1448
f 1440 1448 1441
f 1463 1464 1465
f 1141 1466 1467
f 1468 1466 1141
f 1469 1468 1141
f 1141 1470 1471
f 1472 1470 1141
f 1467 1472 1141
f 1473 1474 1475
f 1476 1477 1478
f 1479 1480 1481
f 1482 1483 1484
f 1485 1469 1141
f 1486 1487 1488
f 1488 1487 1489
f 1141 1490 1139
f 1139 1490 1491
f 1139 1491 1121
f 1121 1491 1492
f 1121 1492 1122
f 1122 1492 1493
f 1122 1493 1158
f 1158 1493 1494
f 1158 1494 1159
f 1159 1494 1495
f 1159 1495 1160
f 1160 1495 1496
f 1160 1496 1157
f 1157 1496 1497
f 1157 1497 1155
f 1155 1497 1498
f 1155 1498 1124
f 1124 1498 1499
f 1124 1499 1125
f 1125 1499 1500
f 1125 1500 1138
f 1138 1500 1501
f 1138 1501 1137
f 1137 1501 1502
f 1137 1502 1135
f 1454 1453 1502
f 1503 1459 1454
f 1178 1135 1458
f 1458 1135 1502
f 1458 1502 1457
f 1457 1502 1453
f 1450 1449 1503
f 1449 1461 1503
f 1503 1461 1460
f 1503 1460 1459
f 1482 1452 1450
f 1482 1450 1483
f 1483 1450 1503
f 1483 1503 1484
f 1484 1503 1504
f 1484 1504 1505
f 1481 1480 1504
f 1504 1480 1506
f 1504 1506 1505
f 1479 1481 1507
f 1507 1481 1508
f 1507 1508 1509
f 1509 1508 1510
f 1509 1510 1511
f 1511 1510 1512
f 1511 1512 1513
f 1478 1477 1514
f 1514 1477 1515
f 1514 1515 1516
f 1516 1515 1517
f 1516 1517 1518
f 1519 1520 1521
f 1521 1520 1522
f 1521 1522 1523
f 1473 1475 1524
f 1525 1465 1526
f 1526 1465 1464
f 1526 1464 1527
f 1527 1464 1528
f 1527 1528 1529
f 1530 1531 1529
f 1529 1531 1532
f 1529 1532 1527
f 1489 1533 1488
f 1488 1533 1530
f 1488 1530 1534
f 1534 1530 1529
f 1485 1486 1469
f 1469 1486 1488
f 1469 1488 1468
f 1468 1488 1534
f 1468 1534 1466
f 1466 1534 1529
f 1466 1529 1467
f 1467 1529 1528
f 1467 1528 1472
f 1472 1528 1464
f 1472 1464 1470
f 1470 1464 1463
f 1470 1463 1471
f 1535 1475 1519
f 1519 1475 1474
f 1519 1474 1520
f 1536 1535 1537
f 1537 1535 1519
f 1537 1519 1538
f 1538 1519 1521
f 1538 1521 1539
f 1539 1521 1523
f 1539 1523 1517
f 1517 1523 1540
f 1517 1540 1518
f 1141 1536 1541
f 1541 1536 1537
f 1541 1537 1542
f 1542 1537 1538
f 1542 1538 1543
f 1543 1538 1539
f 1543 1539 1544
f 1544 1539 1517
f 1544 1517 1545
f 1545 1517 1515
f 1545 1515 1546
f 1546 1515 1477
f 1546 1477 1547
f 1547 1477 1476
f 1547 1476 1512
f 1512 1476 1548
f 1512 1548 1513
f 1454 1502 1503
f 1503 1502 1501
f 1503 1501 1504
f 1504 1501 1500
f 1504 1500 1481
f 1481 1500 1499
f 1481 1499 1508
f 1508 1499 1498
f 1508 1498 1510
f 1510 1498 1497
f 1510 1497 1512
f 1512 1497 1496
f 1512 1496 1547
f 1547 1496 1495
f 1547 1495 1546
f 1546 1495 1494
f 1546 1494 1545
f 1545 1494 1493
f 1545 1493 1544
f 1544 1493 1492
f 1544 1492 1543
f 1543 1492 1491
f 1543 1491 1542
f 1542 1491 1490
f 1542 1490 1541
f 1541 1490 1141
f 1525 1524 1465
f 1465 1524 1475
f 1465 1475 1463
f 1463 1475 1535
f 1463 1535 1471
f 1471 1535 1536
f 1471 1536 1141
f 1549 1126 1550
f 1550 1126 1136
f 1550 1136 1551
f 1551 1136 1171
f 1551 1171 1552
f 1552 1171 1129
f 1552 1129 1553
f 1553 1129 1133
f 1553 1133 1554
f 1554 1133 1131
f 1554 1131 1555
f 1555 1131 1149
f 1555 1149 1556
f 1556 1149 1154
f 1556 1154 1557
f 1557 1154 1144
f 1557 1144 1558
f 1558 1144 1140
f 1558 1140 1559
f 1559 1140 1123
f 1559 1123 1560
f 1560 1123 1156
f 1560 1156 1549
f 1549 1156 1126
f 1561 1562 1563
f 1564 1565 1566
f 1567 1568 1569
f 1570 1571 1572
f 1198 1196 1573
f 1574 1575 1576
f 1577 1578 1579
f 1580 1581 1582
f 1582 1581 1583
f 1582 1577 1580
f 1580 1577 1579
f 1580 1579 1581
f 1581 1579 1584
f 1584 1579 1199
f 1199 1579 1585
f 1199 1585 1195
f 1215 1214 1586
f 1586 1214 1213
f 1571 1141 1146
f 1570 1572 1568
f 1587 1567 1588
f 1588 1589 1587
f 1587 1589 1590
f 1587 1590 1591
f 1591 1590 1592
f 1591 1592 1593
f 1593 1592 1566
f 1593 1566 1594
f 1594 1566 1565
f 1594 1565 1595
f 1564 1566 1596
f 1596 1566 1592
f 1596 1592 1562
f 1576 1597 1574
f 1574 1597 1598
f 1574 1598 1599
f 1599 1598 1600
f 1599 1600 1601
f 1601 1600 1602
f 1601 1602 1603
f 1603 1602 1604
f 1603 1604 1605
f 1605 1604 1606
f 1605 1606 1607
f 1607 1606 1608
f 1607 1608 1609
f 1609 1608 1610
f 1609 1610 1611
f 1611 1610 1612
f 1611 1612 1613
f 1613 1612 1614
f 1613 1614 1615
f 1615 1614 1616
f 1615 1616 1617
f 1617 1616 1618
f 1617 1618 1619
f 1619 1618 1620
f 1619 1620 1621
f 1621 1620 1622
f 1621 1622 1623
f 1623 1622 1624
f 1623 1624 1625
f 1625 1624 1626
f 1625 1626 1627
f 1627 1626 1628
f 1627 1628 1629
f 1629 1628 1630
f 1629 1630 1631
f 1631 1630 1632
f 1631 1632 1633
f 1633 1632 1634
f 1633 1634 1635
f 1635 1634 1636
f 1635 1636 1637
f 1637 1636 1638
f 1637 1638 1639
f 1639 1638 1640
f 1639 1640 1641
f 1641 1640 1642
f 1641 1642 1643
f 1643 1642 1644
f 1643 1644 1645
f 1645 1644 1646
f 1645 1646 1647
f 1647 1646 1648
f 1647 1648 1649
f 1649 1648 1650
f 1649 1650 1563
f 1563 1650 1651
f 1563 1651 1561
f 1562 1592 1563
f 1563 1592 1590
f 1563 1590 1649
f 1649 1590 1589
f 1649 1589 1647
f 1647 1589 1588
f 1647 1588 1645
f 1645 1588 1652
f 1645 1652 1643
f 1643 1652 1653
f 1643 1653 1641
f 1641 1653 1654
f 1641 1654 1639
f 1639 1654 1655
f 1639 1655 1637
f 1637 1655 1656
f 1637 1656 1635
f 1635 1656 1657
f 1635 1657 1633
f 1633 1657 1658
f 1633 1658 1631
f 1631 1658 1659
f 1631 1659 1629
f 1629 1659 1660
f 1629 1660 1627
f 1627 1660 1661
f 1627 1661 1625
f 1625 1661 1662
f 1625 1662 1623
f 1623 1662 1663
f 1623 1663 1621
f 1621 1663 1664
f 1621 1664 1619
f 1619 1664 1665
f 1619 1665 1617
f 1617 1665 1666
f 1617 1666 1615
f 1615 1666 1667
f 1615 1667 1613
f 1613 1667 1668
f 1613 1668 1611
f 1611 1668 1669
f 1611 1669 1609
f 1609 1669 1670
f 1609 1670 1607
f 1607 1670 1671
f 1607 1671 1605
f 1605 1671 1672
f 1605 1672 1603
f 1603 1672 1673
f 1603 1673 1601
f 1601 1673 1585
f 1601 1585 1599
f 1599 1585 1579
f 1599 1579 1574
f 1574 1579 1578
f 1574 1578 1575
f 1567 1569 1588
f 1588 1569 1674
f 1588 1674 1652
f 1652 1674 1675
f 1652 1675 1653
f 1653 1675 1676
f 1653 1676 1654
f 1654 1676 1677
f 1654 1677 1655
f 1655 1677 1678
f 1655 1678 1656
f 1656 1678 1679
f 1656 1679 1657
f 1657 1679 1680
f 1657 1680 1658
f 1658 1680 1681
f 1658 1681 1659
f 1659 1681 1682
f 1659 1682 1660
f 1660 1682 1683
f 1660 1683 1661
f 1661 1683 1684
f 1661 1684 1662
f 1662 1684 1685
f 1662 1685 1663
f 1663 1685 1686
f 1663 1686 1664
f 1664 1686 1687
f 1664 1687 1665
f 1665 1687 1688
f 1665 1688 1666
f 1666 1688 1689
f 1666 1689 1667
f 1667 1689 1690
f 1667 1690 1668
f 1668 1690 1691
f 1668 1691 1669
f 1669 1691 1692
f 1669 1692 1670
f 1670 1692 1693
f 1670 1693 1671
f 1671 1693 1694
f 1671 1694 1672
f 1672 1694 1695
f 1672 1695 1673
f 1673 1695 1573
f 1673 1573 1585
f 1585 1573 1196
f 1585 1196 1195
f 1568 1572 1569
f 1569 1572 1696
f 1569 1696 1674
f 1674 1696 1697
f 1674 1697 1675
f 1675 1697 1698
f 1675 1698 1676
f 1676 1698 1699
f 1676 1699 1677
f 1677 1699 1700
f 1677 1700 1678
f 1678 1700 1701
f 1678 1701 1679
f 1679 1701 1702
f 1679 1702 1680
f 1680 1702 1703
f 1680 1703 1681
f 1681 1703 1704
f 1681 1704 1682
f 1682 1704 1705
f 1682 1705 1683
f 1683 1705 1706
f 1683 1706 1684
f 1684 1706 1707
f 1684 1707 1685
f 1685 1707 1708
f 1685 1708 1686
f 1686 1708 1709
f 1686 1709 1687
f 1687 1709 1710
f 1687 1710 1688
f 1688 1710 1711
f 1688 1711 1689
f 1689 1711 1712
f 1689 1712 1690
f 1690 1712 1713
f 1690 1713 1691
f 1691 1713 1714
f 1691 1714 1692
f 1692 1714 1715
f 1692 1715 1693
f 1693 1715 1716
f 1693 1716 1694
f 1694 1716 1717
f 1694 1717 1695
f 1695 1717 1586
f 1695 1586 1573
f 1573 1586 1213
f 1573 1213 1198
f 1571 1146 1572
f 1572 1146 1145
f 1572 1145 1696
f 1696 1145 1143
f 1696 1143 1697
f 1697 1143 1142
f 1697 1142 1698
f 1698 1142 1163
f 1698 1163 1699
f 1699 1163 1162
f 1699 1162 1700
f 1700 1162 1161
f 1700 1161 1701
f 1701 1161 1153
f 1701 1153 1702
f 1702 1153 1152
f 1702 1152 1703
f 1703 1152 1151
f 1703 1151 1704
f 1704 1151 1150
f 1704 1150 1705
f 1705 1150 1148
f 1705 1148 1706
f 1706 1148 1147
f 1706 1147 1707
f 1707 1147 1130
f 1707 1130 1708
f 1708 1130 1132
f 1708 1132 1709
f 1709 1132 1134
f 1709 1134 1710
f 1710 1134 1166
f 1710 1166 1711
f 1711 1166 1165
f 1711 1165 1712
f 1712 1165 1164
f 1712 1164 1713
f 1713 1164 1128
f 1713 1128 1714
f 1714 1128 1127
f 1714 1127 1715
f 1715 1127 1170
f 1715 1170 1716
f 1716 1170 1172
f 1716 1172 1717
f 1717 1172 1182
f 1717 1182 1586
f 1586 1182 1181
f 1586 1181 1215
f 1718 1719 1720
f 1721 1205 1207
f 1276 1275 1722
f 1722 1275 1274
f 1722 1274 1723
f 1723 1274 1273
f 1723 1273 1724
f 1276 1722 1239
f 1239 1722 1725
f 1239 1725 1238
f 1238 1725 1726
f 1238 1726 1237
f 1237 1726 1727
f 1237 1727 1235
f 1235 1727 1728
f 1235 1728 1240
f 1240 1728 1729
f 1240 1729 1241
f 1730 1246 1731
f 1731 1246 1245
f 1731 1245 1732
f 1729 1733 1241
f 1241 1733 1734
f 1241 1734 1243
f 1243 1734 1732
f 1243 1732 1244
f 1244 1732 1245
f 1233 1234 1209
f 1209 1234 1225
f 1209 1225 1208
f 1208 1225 1224
f 1208 1224 1207
f 1207 1224 1230
f 1207 1230 1721
f 1721 1230 1222
f 1721 1222 1730
f 1730 1222 1221
f 1730 1221 1246
f 1209 1212 1233
f 1233 1212 1211
f 1233 1211 1231
f 1231 1211 1210
f 1231 1210 1227
f 1227 1210 1228
f 1169 1277 1228
f 1168 1279 1278
f 1426 1260 1168
f 1168 1260 1259
f 1168 1259 1279
f 1426 1428 1260
f 1260 1428 1427
f 1260 1427 1261
f 1261 1427 1433
f 1261 1433 1262
f 1262 1433 1263
f 1430 1434 1735
f 1433 1431 1263
f 1263 1431 1430
f 1263 1430 1264
f 1264 1430 1735
f 1264 1735 1257
f 1257 1735 1258
f 1258 1735 1736
f 1258 1736 1737
f 1270 1269 1738
f 1738 1269 1268
f 1738 1268 1739
f 1739 1268 1267
f 1739 1267 1740
f 1740 1267 1266
f 1740 1266 1737
f 1737 1266 1265
f 1737 1265 1258
f 1738 1741 1270
f 1270 1741 1742
f 1270 1742 1271
f 1271 1742 1743
f 1271 1743 1272
f 1743 1744 1272
f 1272 1744 1745
f 1272 1745 1256
f 1746 1253 1747
f 1747 1253 1252
f 1747 1252 1745
f 1745 1252 1255
f 1745 1255 1256
f 1746 1748 1253
f 1253 1748 1749
f 1253 1749 1415
f 1415 1749 1750
f 1415 1750 1416
f 1416 1750 1751
f 1416 1751 1410
f 1410 1751 1752
f 1410 1752 1411
f 1411 1752 1753
f 1411 1753 1413
f 1413 1753 1414
f 1414 1753 1754
f 1414 1754 1409
f 1409 1754 1755
f 1409 1755 1756
f 1757 1405 1758
f 1758 1405 1403
f 1758 1403 1759
f 1759 1403 1402
f 1759 1402 1756
f 1756 1402 1407
f 1756 1407 1409
f 1757 1401 1399
f 1399 1398 1757
f 1757 1398 1406
f 1757 1406 1405
f 1228 1210 1169
f 1169 1210 1191
f 1278 1277 1168
f 1168 1277 1169
f 1724 1273 1760
f 1760 1273 1761
f 1760 1761 1762
f 1762 1761 1763
f 1762 1763 1764
f 1764 1763 1765
f 1764 1765 1766
f 1766 1765 1767
f 1766 1767 1768
f 1768 1767 1769
f 1768 1769 1720
f 1720 1769 1770
f 1720 1770 1718
f 1302 1300 1771
f 1761 1273 1217
f 1772 1773 1774
f 893 888 1775
f 1776 1777 1778
f 1778 1777 1779
f 1779 1780 1778
f 1778 1780 1781
f 1778 1781 1782
f 1782 1781 1783
f 1784 1785 1786
f 1786 1785 1787
f 1786 1787 1778
f 1778 1787 1788
f 1778 1788 1776
f 1789 1790 1775
f 1775 1790 1791
f 1775 1791 1786
f 1786 1791 1792
f 1786 1792 1784
f 888 887 1793
f 1789 1775 1793
f 1793 1775 888
f 889 895 1794
f 1309 838 892
f 890 889 1795
f 1795 889 1794
f 1795 1794 1796
f 892 890 1309
f 1309 890 1320
f 1320 890 1795
f 1320 1795 1304
f 1304 1795 1796
f 1304 1796 1305
f 1305 1796 1307
f 1300 1299 1771
f 1771 1299 1288
f 1771 1288 1796
f 1796 1288 1308
f 1796 1308 1307
f 567 1294 1797
f 1298 1296 1798
f 1798 1296 1295
f 1798 1295 1303
f 1292 1319 1774
f 1294 1293 1797
f 1797 1293 1292
f 1319 1298 1774
f 1774 1298 1798
f 1774 1798 1772
f 1772 1798 1799
f 1800 1765 1763
f 567 1797 1216
f 1216 1797 1800
f 1216 1800 1217
f 1217 1800 1763
f 1217 1763 1761
f 1783 1719 1782
f 1782 1719 1718
f 1782 1718 1801
f 1801 1718 1770
f 1801 1770 1769
f 1292 1774 1797
f 1797 1774 1773
f 1797 1773 1800
f 1800 1773 1767
f 1800 1767 1765
f 1303 1302 1798
f 1798 1302 1771
f 1798 1771 1799
f 1799 1771 1796
f 1799 1796 1802
f 1802 1796 1794
f 895 893 1794
f 1794 893 1775
f 1794 1775 1802
f 1802 1775 1786
f 1802 1786 1799
f 1799 1786 1778
f 1799 1778 1772
f 1772 1778 1782
f 1772 1782 1773
f 1773 1782 1801
f 1773 1801 1767
f 1767 1801 1769
f 1803 1804 1805
f 1806 1807 1808
f 1809 1810 1811
f 1356 1354 1812
f 1330 1328 1813
f 1814 1815 1816
f 1817 1818 1819
f 1820 1821 1822
f 1821 1823 1822
f 1822 1823 1824
f 1822 1824 1825
f 1825 1826 1822
f 1822 1826 1827
f 1822 1827 1828
f 1828 1827 1829
f 1828 1829 1830
f 1830 1831 1828
f 1828 1831 1832
f 1828 1832 1833
f 1834 1835 1836
f 1836 1835 1837
f 1836 1837 1822
f 1822 1837 1838
f 1822 1838 1820
f 1818 1839 1819
f 1819 1839 1840
f 1819 1840 1836
f 1836 1840 1841
f 1836 1841 1834
f 1815 1842 1816
f 1816 1842 1843
f 1816 1843 1819
f 1819 1843 1844
f 1819 1844 1817
f 1814 1816 1845
f 1845 1816 1846
f 1845 1846 1847
f 1848 1849 1850
f 1850 1849 1851
f 1850 1851 1846
f 1846 1851 1852
f 1846 1852 1847
f 1853 1854 1855
f 1855 1856 1853
f 1853 1856 1857
f 1853 1857 1850
f 1850 1857 1858
f 1850 1858 1848
f 1859 1860 1861
f 1861 1860 1862
f 1861 1862 1853
f 1853 1862 1863
f 1853 1863 1854
f 325 327 1861
f 330 1859 328
f 328 1859 1861
f 328 1861 327
f 1864 324 326
f 319 1381 318
f 318 1381 1382
f 318 1382 316
f 319 324 1381
f 1381 324 1864
f 1381 1864 1380
f 1380 1864 1865
f 1380 1865 1379
f 1379 1865 1378
f 1378 1865 1377
f 1377 1865 1866
f 1377 1866 1374
f 1324 1376 1867
f 1867 1376 1375
f 1867 1375 1866
f 1866 1375 1373
f 1866 1373 1374
f 1328 1327 1813
f 1813 1327 1326
f 1813 1326 1867
f 1867 1326 1325
f 1867 1325 1324
f 1868 1332 1331
f 1868 1331 1813
f 1813 1331 1329
f 1813 1329 1330
f 1338 1339 1869
f 1869 1339 1334
f 1869 1334 1868
f 1868 1334 1333
f 1868 1333 1332
f 1340 1336 1870
f 1870 1336 1335
f 1870 1335 1869
f 1869 1335 1337
f 1869 1337 1338
f 1344 1343 1871
f 1871 1343 1342
f 1871 1342 1870
f 1870 1342 1341
f 1870 1341 1340
f 1872 1346 1871
f 1871 1346 1345
f 1871 1345 1344
f 1350 1348 1873
f 1873 1348 1349
f 1873 1349 1872
f 1872 1349 1347
f 1872 1347 1346
f 1354 1353 1812
f 1812 1353 1352
f 1812 1352 1873
f 1873 1352 1351
f 1873 1351 1350
f 1359 1358 1874
f 1874 1358 1355
f 1874 1355 1812
f 1812 1355 1357
f 1812 1357 1356
f 1875 1362 1360
f 1875 1360 1874
f 1874 1360 1361
f 1874 1361 1359
f 1876 1368 1364
f 1876 1364 1875
f 1875 1364 1363
f 1875 1363 1362
f 1877 1370 1369
f 1369 1365 1877
f 1877 1365 1366
f 1877 1366 1876
f 1876 1366 1367
f 1876 1367 1368
f 1878 1879 1880
f 1880 1879 1881
f 1370 1877 1371
f 1371 1877 1880
f 1371 1880 1372
f 1372 1880 1881
f 1372 1881 901
f 1809 1811 1882
f 1883 1884 1885
f 1885 1884 1886
f 1885 1886 1887
f 1888 1889 1884
f 1884 1889 1890
f 1884 1890 1886
f 1891 1892 1888
f 1888 1892 1893
f 1888 1893 1889
f 1894 1895 1896
f 1896 1895 1897
f 1896 1897 1888
f 1888 1897 1898
f 1888 1898 1891
f 1894 1896 1899
f 1899 1896 1900
f 1899 1900 1901
f 1902 1903 1904
f 1904 1903 1905
f 1904 1905 1900
f 1900 1905 1906
f 1900 1906 1901
f 1807 1907 1808
f 1808 1907 1908
f 1808 1908 1904
f 1904 1908 1909
f 1904 1909 1902
f 1804 1910 1805
f 1805 1910 1911
f 1805 1911 1808
f 1808 1911 1912
f 1808 1912 1806
f 1913 1914 1915
f 1915 1914 1916
f 1916 1917 1915
f 1915 1917 1918
f 1915 1918 1805
f 1805 1918 1919
f 1805 1919 1803
f 1833 1920 1828
f 1828 1920 1921
f 1828 1921 1922
f 1922 1923 1828
f 1828 1923 1924
f 1828 1924 1925
f 1925 1926 1828
f 1828 1926 1927
f 1828 1927 1915
f 1915 1927 1928
f 1915 1928 1913
f 326 325 1864
f 1864 325 1929
f 1864 1929 1865
f 1865 1929 1930
f 1865 1930 1866
f 1866 1930 1931
f 1866 1931 1867
f 1867 1931 1932
f 1867 1932 1813
f 1813 1932 1933
f 1813 1933 1868
f 1868 1933 1934
f 1868 1934 1869
f 1869 1934 1935
f 1869 1935 1870
f 1870 1935 1936
f 1870 1936 1871
f 1871 1936 1937
f 1871 1937 1872
f 1872 1937 1938
f 1872 1938 1873
f 1873 1938 1939
f 1873 1939 1812
f 1812 1939 1940
f 1812 1940 1874
f 1874 1940 1941
f 1874 1941 1875
f 1875 1941 1942
f 1875 1942 1876
f 1876 1942 1943
f 1876 1943 1877
f 1877 1943 1944
f 1877 1944 1880
f 1880 1944 1811
f 1880 1811 1878
f 1878 1811 1810
f 1929 325 1861
f 1929 1861 1930
f 1930 1861 1853
f 1930 1853 1931
f 1931 1853 1850
f 1931 1850 1932
f 1932 1850 1846
f 1932 1846 1933
f 1933 1846 1816
f 1933 1816 1934
f 1934 1816 1819
f 1934 1819 1935
f 1935 1819 1836
f 1935 1836 1936
f 1936 1836 1822
f 1936 1822 1937
f 1937 1822 1828
f 1937 1828 1938
f 1938 1828 1915
f 1938 1915 1939
f 1939 1915 1805
f 1939 1805 1940
f 1940 1805 1808
f 1940 1808 1941
f 1941 1808 1904
f 1941 1904 1942
f 1942 1904 1900
f 1942 1900 1943
f 1943 1900 1896
f 1943 1896 1944
f 1944 1896 1888
f 1944 1888 1811
f 1811 1888 1884
f 1811 1884 1882
f 1882 1884 1883
f 1945 1946 1947
f 1948 1949 1947
f 1948 313 1388
f 1388 313 1389
f 1389 313 314
f 1389 314 1390
f 1390 314 315
f 1950 1951 1952
f 1952 1951 1953
f 1952 1953 1954
f 312 1955 310
f 310 1955 1952
f 310 1952 305
f 305 1952 1954
f 305 1954 1956
f 307 306 1956
f 1956 306 305
f 1946 1957 1958
f 1959 1960 1952
f 1952 1960 1961
f 1961 1962 1952
f 1952 1962 1963
f 1952 1963 1950
f 1945 1964 1946
f 1946 1964 1965
f 1946 1965 1957
f 1966 1967 1945
f 1968 1969 1970
f 1970 1969 1971
f 1968 1972 1969
f 1969 1972 1973
f 1969 1973 1945
f 1945 1973 1974
f 1945 1974 1966
f 1967 1975 1945
f 1945 1975 1976
f 1945 1976 1964
f 1401 1977 1397
f 1397 1977 1978
f 1397 1978 1979
f 1979 1978 1980
f 1979 1980 1981
f 1981 1980 1982
f 1981 1982 1983
f 1393 1394 1979
f 1979 1394 1396
f 1979 1396 1397
f 1388 1384 1948
f 1948 1384 1383
f 1948 1383 1949
f 1949 1383 1392
f 1958 1959 1946
f 1946 1959 1952
f 1946 1952 1947
f 1947 1952 1955
f 1947 1955 1948
f 1948 1955 312
f 1948 312 313
f 1392 1393 1949
f 1949 1393 1979
f 1949 1979 1947
f 1947 1979 1981
f 1947 1981 1945
f 1945 1981 1983
f 1945 1983 1969
f 1739 1740 1984
f 1983 1982 1985
f 1986 1987 1988
f 1989 1990 1991
f 1992 1989 1993
f 1993 1989 1991
f 1993 1991 1994
f 1994 1991 1995
f 1984 1740 1996
f 1996 1740 1737
f 1996 1737 1997
f 1997 1737 1736
f 1997 1736 1735
f 1750 1998 1751
f 1751 1998 1999
f 1751 1999 1752
f 1750 1749 1998
f 1998 1749 1748
f 1998 1748 1746
f 1755 1754 2000
f 2000 1754 1999
f 1999 1754 1753
f 1999 1753 1752
f 1757 1758 2001
f 2001 1758 1759
f 2001 1759 2000
f 2000 1759 1756
f 2000 1756 1755
f 1401 1757 1977
f 1977 1757 2001
f 1977 2001 1978
f 1978 2001 1980
f 1983 1985 1969
f 1971 1969 2002
f 2002 1969 2003
f 2002 2003 2004
f 2005 2006 2003
f 2003 2006 2007
f 2003 2007 2004
f 2008 2009 2010
f 2008 2010 2005
f 2005 2010 2011
f 2005 2011 2006
f 2012 2013 2014
f 2014 2013 2015
f 2014 2015 2008
f 2008 2015 2016
f 2008 2016 2009
f 2017 2018 2019
f 2019 2018 2020
f 2017 2021 2018
f 2018 2021 2022
f 2018 2022 2014
f 2014 2022 2023
f 2014 2023 2012
f 1990 2024 1991
f 1991 2024 2025
f 1991 2025 2020
f 2020 2025 2026
f 2020 2026 2019
f 1746 1747 1998
f 1998 1747 1745
f 1998 1745 2027
f 1739 1984 1738
f 1738 1984 2028
f 1738 2028 1741
f 1745 1744 2027
f 2027 1744 1743
f 2027 1743 2028
f 2028 1743 1742
f 2028 1742 1741
f 1996 1986 1984
f 1984 1986 1988
f 1984 1988 2028
f 2028 1988 2029
f 2028 2029 2027
f 2027 2029 2030
f 2027 2030 1998
f 1998 2030 2031
f 1998 2031 1999
f 1999 2031 2032
f 1999 2032 2000
f 2000 2032 2033
f 2000 2033 2001
f 2001 2033 1985
f 2001 1985 1980
f 1980 1985 1982
f 1987 1995 1988
f 1988 1995 1991
f 1988 1991 2029
f 2029 1991 2020
f 2029 2020 2030
f 2030 2020 2018
f 2030 2018 2031
f 2031 2018 2014
f 2031 2014 2032
f 2032 2014 2008
f 2032 2008 2033
f 2033 2008 2005
f 2033 2005 1985
f 1985 2005 2003
f 1985 2003 1969
f 1735 1434 1997
f 1997 1434 1435
f 1997 1435 1996
f 1996 1435 1986
f 1986 1435 1987
f 1987 1435 1436
f 1987 1436 1995
f 1436 1437 1995
f 1995 1437 1438
f 1995 1438 1994
f 1994 1438 1443
f 1994 1443 1993
f 1993 1443 1442
f 1993 1442 1992
f 1442 1441 1992
f 1992 1441 1448
f 1992 1448 2034
f 2034 1448 1447
f 1447 1445 2034
f 2034 1445 1444
f 2034 1444 1451
f 1516 1518 2035
f 2035 1518 1540
f 2035 1540 2036
f 2036 1540 1523
f 1451 1452 2034
f 2034 1452 1482
f 2034 1482 2037
f 2037 1482 1484
f 2037 1484 2038
f 2038 1484 1505
f 2038 1505 2039
f 2039 1505 1506
f 2039 1506 2040
f 2040 1506 1480
f 2040 1480 2041
f 2041 1480 1479
f 2041 1479 2042
f 2042 1479 1507
f 2042 1507 2043
f 2043 1507 1509
f 2043 1509 2044
f 2044 1509 1511
f 2044 1511 2045
f 2045 1511 1513
f 2045 1513 2046
f 2046 1513 1548
f 2046 1548 2047
f 2047 1548 1476
f 2047 1476 2048
f 2048 1476 1478
f 2048 1478 2049
f 2049 1478 1514
f 2049 1514 2050
f 2050 1514 1516
f 2050 1516 2051
f 2051 1516 2035
f 2052 2053 1473
f 1473 2053 2054
f 1473 2054 1474
f 1474 2054 2055
f 1474 2055 1520
f 1532 1531 2056
f 1520 2055 1522
f 1522 2055 2057
f 1522 2057 1523
f 1523 2057 2058
f 1523 2058 2036
f 1531 1530 2056
f 2056 1530 1533
f 2056 1533 1489
f 1473 1524 2052
f 2052 1524 1525
f 2052 1525 2059
f 2059 1525 1526
f 2059 1526 2056
f 2056 1526 1527
f 2056 1527 1532
f 2060 2061 1141
f 1486 2062 1487
f 1487 2062 2063
f 1487 2063 2064
f 2056 1489 2065
f 2065 1489 1487
f 2065 1487 2066
f 2066 1487 2064
f 2067 1485 2068
f 2068 1485 1141
f 2068 1141 2069
f 2069 1141 2061
f 2067 2070 1485
f 1485 2070 2071
f 1485 2071 1486
f 1486 2071 2072
f 1486 2072 2062
f 2073 1571 2074
f 2074 1571 1570
f 2073 2075 1571
f 1571 2075 2076
f 1571 2076 1141
f 1141 2076 2077
f 1141 2077 2060
f 2078 1568 2079
f 2079 1568 1567
f 2079 1567 2080
f 2078 2081 1568
f 1568 2081 2082
f 1568 2082 1570
f 1570 2082 2083
f 1570 2083 2074
f 2084 2085 1593
f 1593 2085 1591
f 2086 1594 2087
f 2087 1594 1595
f 2087 1595 2088
f 2085 2089 1591
f 1591 2089 2090
f 1591 2090 1587
f 1587 2090 2080
f 1587 2080 1567
f 2086 2091 1594
f 1594 2091 2092
f 1594 2092 1593
f 1593 2092 2093
f 1593 2093 2084
f 2094 1561 2095
f 2095 1561 1651
f 2095 1651 1650
f 2088 1595 2096
f 2096 1595 1565
f 2096 1565 2097
f 2097 1565 1564
f 2097 1564 2098
f 2098 1564 1596
f 2098 1596 2094
f 2094 1596 1562
f 2094 1562 1561
f 1608 1606 1552
f 1644 1576 1646
f 1646 1576 1648
f 1576 1550 1597
f 1597 1550 1551
f 1597 1551 1598
f 1576 2099 2100
f 1632 1630 1556
f 1556 1630 1628
f 1556 1628 1555
f 1555 1628 1626
f 1555 1626 1624
f 1558 1559 1644
f 1644 1559 1560
f 1644 1560 1576
f 1576 1560 1549
f 1576 1549 1550
f 2101 2102 1576
f 1576 2102 2103
f 1576 2103 2104
f 2105 2106 1576
f 1576 2106 2107
f 1648 1576 1650
f 1650 1576 2108
f 1650 2108 2095
f 1632 1556 1634
f 1634 1556 1557
f 1634 1557 1636
f 1644 1642 1558
f 1558 1642 1640
f 1558 1640 1557
f 1557 1640 1638
f 1557 1638 1636
f 1624 1622 1555
f 1555 1622 1620
f 1555 1620 1554
f 2100 2109 1576
f 1576 2109 2110
f 1576 2110 2101
f 2104 2111 1576
f 1576 2111 2112
f 1576 2112 2113
f 2113 2114 1576
f 1576 2114 2115
f 1576 2115 2105
f 1608 1552 1610
f 1610 1552 1553
f 1610 1553 1612
f 1620 1618 1554
f 1554 1618 1616
f 1554 1616 1553
f 1553 1616 1614
f 1553 1614 1612
f 2107 2116 1576
f 1576 2116 2117
f 1576 2117 2108
f 1606 1604 1552
f 1552 1604 1602
f 1552 1602 1551
f 1551 1602 1600
f 1551 1600 1598
f 1576 1575 2099
f 2099 1575 1578
f 2099 1578 2118
f 2118 1578 1577
f 2118 1577 2119
f 2119 1577 1582
f 2119 1582 2120
f 2120 1582 1583
f 2120 1583 2121
f 2122 2121 1583
f 1201 1581 1200
f 1200 1581 1584
f 1200 1584 1199
f 1206 1583 1204
f 1204 1583 1581
f 1204 1581 1202
f 1202 1581 1201
f 2123 2124 1205
f 1205 2124 2125
f 1205 2125 1206
f 1206 2125 2126
f 1206 2126 1583
f 1583 2126 2127
f 1583 2127 2122
f 2128 1205 2129
f 2129 1205 1721
f 2128 2130 1205
f 1205 2130 2131
f 1205 2131 2123
f 2132 2133 2134
f 2124 2123 2135
f 2131 2130 2136
f 2130 2128 1730
f 1730 2128 2129
f 1730 2129 1721
f 2124 2135 2125
f 2137 2127 2138
f 2138 2127 2126
f 2139 2140 2138
f 2138 2140 2141
f 2138 2141 2137
f 2133 2142 2134
f 2134 2142 2143
f 2134 2143 2139
f 2139 2143 2144
f 2139 2144 2140
f 2132 2134 2145
f 2145 2134 2146
f 2145 2146 2147
f 2147 2146 2148
f 2148 2146 2149
f 2148 2149 2150
f 2151 2152 2153
f 2153 2152 2154
f 2153 2154 2149
f 2149 2154 2155
f 2149 2155 2150
f 2156 2157 2158
f 2158 2157 2159
f 2158 2159 2153
f 2153 2159 2160
f 2153 2160 2151
f 2161 2162 2158
f 2163 2156 2164
f 2164 2156 2158
f 2164 2158 2165
f 2165 2158 2162
f 2166 2167 2168
f 2168 2167 2161
f 1768 1720 2169
f 2169 1720 1719
f 2166 2169 2170
f 2170 2169 1719
f 2170 1719 1783
f 2171 1725 2172
f 2172 1725 1722
f 2172 1722 1723
f 1768 2169 1766
f 1766 2169 2173
f 1766 2173 1764
f 1723 1724 2172
f 2172 1724 1760
f 2172 1760 2173
f 2173 1760 1762
f 2173 1762 1764
f 1729 2174 1733
f 1733 2174 2175
f 1733 2175 1734
f 2130 1730 2136
f 2136 1730 1731
f 2136 1731 2175
f 2175 1731 1732
f 2175 1732 1734
f 2169 2166 2168
f 2169 2168 2173
f 2173 2168 2176
f 2173 2176 2172
f 2172 2176 2177
f 2172 2177 2171
f 2171 2177 2178
f 2171 2178 2174
f 2174 2178 2179
f 2174 2179 2175
f 2175 2179 2180
f 2175 2180 2136
f 2136 2180 2135
f 2136 2135 2131
f 2131 2135 2123
f 1729 1728 2174
f 2174 1728 1727
f 2174 1727 2171
f 2171 1727 1726
f 2171 1726 1725
f 2168 2161 2158
f 2168 2158 2176
f 2176 2158 2153
f 2176 2153 2177
f 2177 2153 2149
f 2177 2149 2178
f 2178 2149 2146
f 2178 2146 2179
f 2179 2146 2134
f 2179 2134 2180
f 2180 2134 2139
f 2180 2139 2135
f 2135 2139 2138
f 2135 2138 2125
f 2125 2138 2126
f 2181 2182 2183
f 2184 2185 2183
f 1789 2186 2187
f 2188 2189 2190
f 2184 2166 2170
f 2170 1783 2184
f 2184 1783 1781
f 2184 1781 1780
f 1780 1779 2184
f 2184 1779 1777
f 2184 1777 1776
f 2191 2161 2167
f 2161 2191 2162
f 2162 2191 2190
f 2162 2190 2165
f 2189 2192 2190
f 2190 2192 2193
f 2190 2193 2165
f 2165 2193 2194
f 2165 2194 2164
f 2164 2194 2163
f 2182 2195 2196
f 2195 2182 2197
f 2197 2182 2181
f 2197 2181 2198
f 2199 2200 2181
f 2181 2200 2201
f 2181 2201 2198
f 2202 2203 2204
f 2204 2203 2205
f 2199 2181 2203
f 2203 2181 2206
f 2203 2206 2205
f 2186 1789 1793
f 2186 1793 887
f 1792 1791 2207
f 2207 1791 1790
f 1776 1788 2184
f 2184 1788 1787
f 2184 1787 2185
f 2185 1787 1785
f 2185 1785 1784
f 2196 2188 2182
f 2182 2188 2190
f 2182 2190 2183
f 2183 2190 2191
f 2183 2191 2184
f 2184 2191 2167
f 2184 2167 2166
f 1790 1789 2207
f 2207 1789 2187
f 2207 2187 2208
f 2208 2187 2209
f 2208 2209 2210
f 1784 1792 2185
f 2185 1792 2207
f 2185 2207 2183
f 2183 2207 2208
f 2183 2208 2181
f 2181 2208 2210
f 2181 2210 2206
f 897 896 2211
f 2212 2202 2204
f 2186 887 886
f 2206 2210 2213
f 2213 2210 2209
f 2213 2209 2214
f 2214 2209 2187
f 2214 2187 2215
f 2215 2187 2186
f 2216 2212 2217
f 2217 2212 2204
f 2217 2204 2213
f 2213 2204 2205
f 2213 2205 2206
f 2218 2219 2220
f 2218 1883 1885
f 2219 2218 2221
f 2221 2218 1885
f 2221 1885 1887
f 1883 2218 1882
f 1882 2218 2222
f 1882 2222 1809
f 1809 2222 1810
f 1810 2222 2223
f 1810 2223 1878
f 1878 2223 1879
f 1879 2223 2211
f 1879 2211 1881
f 1881 2211 896
f 1881 896 901
f 899 897 2215
f 2186 886 2215
f 2215 886 900
f 2215 900 899
f 897 2211 2215
f 2215 2211 2223
f 2215 2223 2214
f 2214 2223 2222
f 2214 2222 2213
f 2213 2222 2218
f 2213 2218 2217
f 2217 2218 2220
f 2217 2220 2216
f 2224 2225 2226
f 2227 2228 2229
f 2230 2231 2232
f 2233 2231 2230
f 2234 2233 2230
f 2230 2235 2236
f 2230 2237 2238
f 2239 2237 2230
f 2240 2239 2230
f 2230 2241 2242
f 2243 2241 2230
f 2238 2243 2230
f 2230 2244 2245
f 2246 2244 2230
f 2228 2227 2230
f 2230 2247 2248
f 2230 2249 2250
f 2251 2249 2230
f 2250 2234 2230
f 2071 2252 2248
f 2248 2252 2230
f 2227 2247 2230
f 2082 2081 2253
f 2092 2254 2093
f 2091 2255 2256
f 2095 2108 2257
f 2257 2108 2117
f 2137 2141 2258
f 2151 2160 2259
f 2188 2196 2260
f 1914 1913 2261
f 1925 2230 2262
f 2230 1925 1924
f 1920 1833 2230
f 1832 1831 2230
f 1829 2230 1830
f 2230 1829 1827
f 1831 1830 2230
f 1821 1820 2263
f 1837 1835 2264
f 1818 1817 2265
f 1814 1845 2266
f 1956 1954 2267
f 2036 2058 2268
f 2055 2054 2269
f 2270 2052 2059
f 2271 2049 2272
f 2272 2049 2050
f 2272 2050 2051
f 2273 2047 2271
f 2271 2047 2048
f 2271 2048 2049
f 2274 2045 2273
f 2273 2045 2046
f 2273 2046 2047
f 2275 2041 2276
f 2276 2041 2042
f 2276 2042 2277
f 2277 2042 2043
f 2277 2043 2274
f 2274 2043 2044
f 2274 2044 2045
f 2278 2039 2275
f 2275 2039 2040
f 2275 2040 2041
f 2034 2037 2278
f 2278 2037 2038
f 2278 2038 2039
f 2278 2279 2034
f 2034 2279 1989
f 2034 1989 1992
f 2026 2025 2279
f 2026 2279 2019
f 2025 2024 2279
f 2279 2024 1990
f 2279 1990 1989
f 2012 2023 2280
f 2023 2022 2280
f 2280 2022 2021
f 2280 2021 2281
f 2281 2021 2017
f 2281 2017 2019
f 2009 2016 2282
f 2016 2015 2282
f 2282 2015 2013
f 2282 2013 2012
f 2006 2011 2283
f 2283 2011 2010
f 2283 2010 2009
f 2284 2007 2006
f 1970 1971 2284
f 1971 2002 2284
f 2284 2002 2004
f 2284 2004 2007
f 1975 1967 2285
f 2285 1967 1966
f 2285 1966 1974
f 1974 1973 2285
f 2285 1973 1972
f 2285 1972 2284
f 2284 1972 1968
f 2284 1968 1970
f 1957 1965 2286
f 1965 1964 2286
f 2286 1964 1976
f 2286 1976 1975
f 1954 1953 2287
f 2287 1953 1951
f 2287 1951 1950
f 1950 1963 2287
f 2287 1963 1962
f 2287 1962 1961
f 1961 1960 2287
f 2287 1960 1959
f 2287 1959 2286
f 2286 1959 1958
f 2286 1958 1957
f 1956 2267 307
f 2288 334 333
f 333 332 2288
f 2288 332 331
f 2288 331 2267
f 2267 331 308
f 2267 308 307
f 1863 1862 2289
f 2289 1862 1860
f 1860 1859 2289
f 2289 1859 330
f 2289 330 2288
f 2288 330 329
f 2288 329 334
f 1858 1857 2290
f 2290 1857 1856
f 2290 1856 1855
f 1858 2290 1848
f 1848 2290 2291
f 1848 2291 1849
f 1845 1847 2266
f 2266 1847 1852
f 2266 1852 2291
f 2291 1852 1851
f 2291 1851 1849
f 1814 2266 1815
f 1815 2266 2292
f 1815 2292 1842
f 2293 1844 2292
f 2292 1844 1843
f 2292 1843 1842
f 1834 1841 2294
f 2294 1841 1840
f 2294 1840 2265
f 2265 1840 1839
f 2265 1839 1818
f 1820 1838 2246
f 2246 1838 1837
f 2246 1837 2244
f 2244 1837 2264
f 2244 2264 2245
f 1821 2263 1823
f 2230 1825 2295
f 2295 1825 1824
f 2295 1824 1823
f 1823 2263 2295
f 2295 2263 2230
f 1826 1825 2230
f 1827 1826 2230
f 1820 2246 2263
f 2263 2246 2230
f 1833 1832 2230
f 2230 1922 1921
f 1923 1922 2230
f 1924 1923 2230
f 1921 1920 2230
f 1928 1927 2262
f 2262 1927 1926
f 2262 1926 1925
f 1913 1928 2261
f 2261 1928 2262
f 2261 2262 2230
f 2296 1917 1916
f 1916 1914 2296
f 2296 1914 2261
f 2296 2261 2230
f 1918 1917 2242
f 2242 1917 2296
f 2242 2296 2230
f 1911 1910 2297
f 1919 2298 1803
f 1803 2298 2297
f 1803 2297 1804
f 1804 2297 1910
f 1907 1807 2299
f 2299 1807 1806
f 2299 1806 2300
f 2300 1806 1912
f 1902 1909 2301
f 2301 1909 1908
f 2301 1908 1907
f 1906 1905 2302
f 2302 1905 1903
f 2302 1903 1902
f 1899 1901 2303
f 2303 1901 1906
f 1897 1895 2304
f 2304 1895 1894
f 2305 1892 1891
f 1890 1889 2305
f 2305 1889 1893
f 2305 1893 1892
f 2220 2219 2306
f 2219 2221 2306
f 2306 2221 1887
f 2306 1887 1886
f 2200 2199 2307
f 2307 2199 2203
f 2203 2202 2307
f 2307 2202 2212
f 2307 2212 2216
f 2196 2195 2260
f 2260 2195 2197
f 2260 2197 2198
f 2163 2194 2308
f 2308 2194 2193
f 2308 2193 2192
f 2160 2159 2259
f 2259 2159 2157
f 2259 2157 2156
f 2155 2154 2309
f 2147 2148 2309
f 2309 2148 2150
f 2309 2150 2155
f 2100 2099 2145
f 2145 2099 2132
f 2132 2310 2133
f 2133 2310 2142
f 2141 2140 2258
f 2258 2140 2144
f 2258 2144 2310
f 2310 2144 2143
f 2310 2143 2142
f 2122 2127 2137
f 2137 2258 2122
f 2122 2258 2120
f 2122 2120 2121
f 2132 2099 2310
f 2310 2099 2118
f 2310 2118 2258
f 2258 2118 2119
f 2258 2119 2120
f 2145 2147 2100
f 2100 2147 2309
f 2100 2309 2109
f 2109 2309 2311
f 2109 2311 2110
f 2312 2103 2102
f 2104 2103 2313
f 2313 2103 2312
f 2313 2312 2314
f 2315 2113 2112
f 2316 2115 2114
f 2116 2107 2317
f 2317 2107 2106
f 2317 2106 2105
f 2117 2116 2318
f 2318 2116 2317
f 2318 2317 2316
f 2316 2317 2105
f 2316 2105 2115
f 2117 2318 2257
f 2257 2318 2226
f 2257 2226 2095
f 2226 2225 2095
f 2095 2225 2319
f 2095 2319 2094
f 2094 2319 2256
f 2094 2256 2098
f 2255 2096 2256
f 2256 2096 2097
f 2256 2097 2098
f 2088 2096 2087
f 2087 2096 2255
f 2087 2255 2086
f 2086 2255 2091
f 2093 2254 2084
f 2084 2254 2320
f 2084 2320 2085
f 2321 2322 2089
f 2089 2322 2090
f 2090 2322 2080
f 2080 2322 2323
f 2080 2323 2079
f 2235 2074 2236
f 2236 2074 2240
f 2236 2240 2230
f 2076 2075 2235
f 2235 2075 2073
f 2235 2073 2074
f 2070 2067 2251
f 2251 2067 2068
f 2251 2068 2249
f 2249 2068 2069
f 2249 2069 2250
f 2250 2069 2061
f 2250 2061 2234
f 2234 2061 2060
f 2234 2060 2233
f 2233 2060 2077
f 2233 2077 2231
f 2231 2077 2076
f 2231 2076 2232
f 2232 2076 2235
f 2232 2235 2230
f 2071 2070 2252
f 2252 2070 2251
f 2252 2251 2230
f 2324 2064 2063
f 2229 2324 2227
f 2227 2324 2063
f 2227 2063 2247
f 2247 2063 2062
f 2247 2062 2248
f 2248 2062 2072
f 2248 2072 2071
f 2074 2083 2240
f 2240 2083 2082
f 2240 2082 2239
f 2239 2082 2253
f 2239 2253 2237
f 2237 2253 2325
f 2237 2325 2238
f 2238 2325 2326
f 2238 2326 2243
f 2243 2326 2327
f 2243 2327 2241
f 2241 2327 2297
f 2241 2297 2242
f 2242 2297 2298
f 2242 2298 1918
f 1918 2298 1919
f 2328 2294 2329
f 2329 2294 2265
f 2329 2265 2293
f 2293 2265 1817
f 2293 1817 1844
f 2081 2078 2253
f 2253 2078 2079
f 2253 2079 2325
f 2325 2079 2323
f 2325 2323 2326
f 2326 2323 2330
f 2326 2330 2327
f 2327 2330 2299
f 2327 2299 2297
f 2297 2299 2300
f 2297 2300 1911
f 1911 2300 1912
f 2089 2085 2321
f 2321 2085 2320
f 2321 2320 2322
f 2322 2320 2331
f 2322 2331 2323
f 2323 2331 2332
f 2323 2332 2330
f 2330 2332 2333
f 2330 2333 2299
f 2092 2091 2254
f 2254 2091 2256
f 2254 2256 2320
f 2320 2256 2319
f 2320 2319 2331
f 2331 2319 2225
f 2331 2225 2332
f 2332 2225 2224
f 2332 2224 2333
f 2230 2328 2334
f 2334 2328 2329
f 2334 2329 2335
f 2335 2329 2293
f 2335 2293 2336
f 2336 2293 2292
f 2336 2292 2337
f 2337 2292 2266
f 2337 2266 2338
f 2338 2266 2291
f 2338 2291 2339
f 2339 2291 2290
f 2339 2290 2340
f 2340 2290 1855
f 2340 1855 2289
f 2289 1855 1854
f 2289 1854 1863
f 1894 1899 2304
f 2304 1899 2303
f 2304 2303 2341
f 1907 2299 2301
f 2301 2299 2333
f 2301 2333 2342
f 2342 2333 2224
f 2342 2224 2343
f 2343 2224 2226
f 2343 2226 2344
f 2344 2226 2318
f 2344 2318 2345
f 2345 2318 2316
f 2345 2316 2315
f 2315 2316 2114
f 2315 2114 2113
f 1902 2301 2302
f 2302 2301 2342
f 2302 2342 2346
f 2346 2342 2343
f 2346 2343 2347
f 2347 2343 2344
f 2347 2344 2348
f 2348 2344 2345
f 2348 2345 2349
f 2349 2345 2315
f 2349 2315 2314
f 2314 2315 2112
f 2314 2112 2313
f 2313 2112 2111
f 2313 2111 2104
f 1954 2287 2267
f 2267 2287 2350
f 2267 2350 2288
f 2288 2350 2351
f 2288 2351 2289
f 2289 2351 2352
f 2289 2352 2340
f 2340 2352 2353
f 2340 2353 2339
f 2339 2353 2354
f 2339 2354 2338
f 2338 2354 2355
f 2338 2355 2337
f 2337 2355 2356
f 2337 2356 2336
f 2336 2356 2229
f 2336 2229 2335
f 2335 2229 2228
f 2335 2228 2334
f 2334 2228 2230
f 1835 1834 2264
f 2264 1834 2294
f 2264 2294 2245
f 2245 2294 2328
f 2245 2328 2230
f 2201 2200 2357
f 2357 2200 2307
f 2357 2307 2306
f 2306 2307 2216
f 2306 2216 2220
f 1975 2285 2286
f 2286 2285 2358
f 2286 2358 2287
f 2287 2358 2359
f 2287 2359 2350
f 2350 2359 2360
f 2350 2360 2351
f 2351 2360 2361
f 2351 2361 2352
f 2352 2361 2362
f 2352 2362 2353
f 2353 2362 2363
f 2353 2363 2354
f 2354 2363 2364
f 2354 2364 2355
f 2355 2364 2365
f 2355 2365 2356
f 2189 2188 2366
f 2366 2188 2260
f 2366 2260 2357
f 2357 2260 2198
f 2357 2198 2201
f 1906 2302 2303
f 2303 2302 2346
f 2303 2346 2341
f 2341 2346 2347
f 2341 2347 2367
f 2367 2347 2348
f 2367 2348 2368
f 2368 2348 2349
f 2368 2349 2369
f 2369 2349 2314
f 2369 2314 2370
f 2370 2314 2312
f 2370 2312 2371
f 2371 2312 2102
f 2371 2102 2101
f 2009 2282 2372
f 2009 2372 2283
f 2283 2372 2373
f 2283 2373 2374
f 2374 2373 2375
f 2374 2375 2376
f 2376 2375 2377
f 2376 2377 2378
f 2378 2377 2379
f 2378 2379 2380
f 2380 2379 2381
f 2380 2381 2382
f 2382 2381 2383
f 2382 2383 2384
f 2384 2383 2385
f 2384 2385 2386
f 2386 2385 2269
f 2386 2269 2387
f 2387 2269 2054
f 2387 2054 2270
f 2270 2054 2053
f 2270 2053 2052
f 2006 2283 2284
f 2284 2283 2374
f 2284 2374 2285
f 2285 2374 2376
f 2285 2376 2358
f 2358 2376 2378
f 2358 2378 2359
f 2359 2378 2380
f 2359 2380 2360
f 2360 2380 2382
f 2360 2382 2361
f 2361 2382 2384
f 2361 2384 2362
f 2362 2384 2386
f 2362 2386 2363
f 2363 2386 2387
f 2363 2387 2364
f 2364 2387 2270
f 2364 2270 2365
f 2365 2270 2059
f 2365 2059 2356
f 2356 2059 2056
f 2356 2056 2229
f 2229 2056 2065
f 2229 2065 2324
f 2324 2065 2066
f 2324 2066 2064
f 2156 2163 2259
f 2259 2163 2308
f 2259 2308 2366
f 2366 2308 2192
f 2366 2192 2189
f 2154 2152 2309
f 2309 2152 2151
f 2309 2151 2311
f 2311 2151 2259
f 2311 2259 2388
f 2388 2259 2366
f 2388 2366 2389
f 2389 2366 2357
f 2389 2357 2390
f 2390 2357 2306
f 2390 2306 2305
f 2305 2306 1886
f 2305 1886 1890
f 2101 2110 2371
f 2371 2110 2311
f 2371 2311 2370
f 2370 2311 2388
f 2370 2388 2369
f 2369 2388 2389
f 2369 2389 2368
f 2368 2389 2390
f 2368 2390 2367
f 2367 2390 2305
f 2367 2305 2341
f 2341 2305 1891
f 2341 1891 2304
f 2304 1891 1898
f 2304 1898 1897
f 2012 2280 2282
f 2282 2280 2391
f 2282 2391 2372
f 2372 2391 2392
f 2372 2392 2373
f 2373 2392 2393
f 2373 2393 2375
f 2375 2393 2394
f 2375 2394 2377
f 2377 2394 2395
f 2377 2395 2379
f 2379 2395 2396
f 2379 2396 2381
f 2381 2396 2397
f 2381 2397 2383
f 2383 2397 2268
f 2383 2268 2385
f 2385 2268 2058
f 2385 2058 2269
f 2269 2058 2057
f 2269 2057 2055
f 2019 2279 2281
f 2281 2279 2278
f 2281 2278 2280
f 2280 2278 2275
f 2280 2275 2391
f 2391 2275 2276
f 2391 2276 2392
f 2392 2276 2277
f 2392 2277 2393
f 2393 2277 2274
f 2393 2274 2394
f 2394 2274 2273
f 2394 2273 2395
f 2395 2273 2271
f 2395 2271 2396
f 2396 2271 2272
f 2396 2272 2397
f 2397 2272 2051
f 2397 2051 2268
f 2268 2051 2035
f 2268 2035 2036
