# Converti depuis Left_Elbow_X_Link.STL
# 4237 sommets, 8470 faces
o Left_Elbow_X_Link
v 0.014704 -0.012540 -0.031979
v 0.014741 -0.009508 -0.033930
v 0.011214 -0.009739 -0.035518
v 0.014634 -0.018324 -0.028256
v 0.014656 -0.016547 -0.029400
v 0.011180 -0.017318 -0.030675
v 0.003871 -0.018186 -0.032098
v 0.003941 -0.025593 -0.025955
v 0.007698 -0.025044 -0.025544
v 0.007812 -0.031188 -0.018595
v 0.000005 -0.036976 -0.011657
v 0.000005 -0.037374 -0.010922
v 0.004084 -0.037162 -0.010953
v -0.000001 -0.051370 0.017075
v 0.000000 -0.055168 0.023866
v 0.004162 -0.054715 0.023247
v 0.004156 -0.050024 0.014584
v -0.000000 -0.050363 0.015018
v -0.000001 -0.050561 0.015423
v 0.000002 -0.046208 0.006535
v 0.004146 -0.045796 0.005965
v 0.000002 -0.046070 0.006253
v 0.004125 -0.041655 -0.002588
v 0.000005 -0.041948 -0.002266
v 0.000003 -0.045070 0.004210
v 0.000005 -0.037396 -0.010883
v 0.000005 -0.040986 -0.004262
v 0.000005 -0.041871 -0.002426
v 0.000005 -0.033566 -0.016956
v 0.004020 -0.031905 -0.018850
v 0.000004 -0.032057 -0.018895
v 0.000002 -0.025735 -0.026119
v 0.000004 -0.029589 -0.022066
v 0.000004 -0.032006 -0.018960
v 0.000002 -0.025577 -0.026285
v 0.000001 -0.021351 -0.029975
v 0.000001 -0.018211 -0.032273
v 0.003848 -0.010018 -0.037459
v 0.000000 -0.015802 -0.034035
v 0.000001 -0.017936 -0.032474
v 0.003824 -0.010019 -0.037464
v 0.003480 -0.010028 -0.037529
v 0.000000 -0.010027 -0.037765
v 0.011457 -0.039401 -0.003156
v 0.014649 -0.039415 -0.000857
v 0.014689 -0.036689 -0.005385
v 0.011445 -0.035039 -0.010895
v 0.011177 -0.051941 0.020279
v 0.014288 -0.049937 0.017966
v 0.014568 -0.041782 0.003377
v 0.014585 -0.041272 0.002465
v 0.011422 -0.043490 0.004724
v 0.007943 -0.049077 0.013831
v 0.007954 -0.044895 0.005514
v 0.007944 -0.040775 -0.002773
v 0.007898 -0.036336 -0.010898
v 0.004589 -0.054668 0.023183
v 0.007839 -0.053515 0.022003
v 0.004167 -0.054714 0.023246
v 0.007598 -0.017856 -0.031539
v 0.007581 -0.009914 -0.036689
v 0.007122 -0.009936 -0.036836
v 0.014651 -0.019945 -0.026738
v 0.007585 -0.009913 -0.036687
v 0.014718 -0.026462 -0.020399
v 0.014713 -0.025788 -0.021270
v 0.011269 -0.024169 -0.024931
v 0.014682 -0.022884 -0.023988
v 0.007842 -0.053514 0.022002
v 0.009829 -0.052809 0.021281
v 0.014758 -0.031999 -0.013179
v 0.014760 -0.031837 -0.013448
v 0.014734 -0.028465 -0.017808
v 0.014739 -0.033301 -0.011014
v 0.019293 -0.015000 0.024951
v 0.019293 -0.013594 0.025806
v 0.019227 -0.013619 0.025853
v 0.019011 0.023370 0.017392
v 0.019000 0.023816 0.016591
v 0.019000 0.021283 0.019771
v 0.019168 -0.001433 0.029195
v 0.019168 0.004908 0.028816
v 0.019109 0.004909 0.028807
v 0.019226 0.028441 -0.006702
v 0.019293 0.028575 -0.005941
v 0.019292 0.027480 -0.009734
v 0.019292 0.016321 -0.024141
v 0.019292 0.015883 -0.024423
v 0.019226 0.015946 -0.024518
v 0.019293 0.010795 -0.027072
v 0.019293 0.010252 -0.027318
v 0.019225 0.010265 -0.027352
v 0.019293 0.016321 0.024159
v 0.019293 0.016566 0.024000
v 0.019226 0.016624 0.024083
v 0.019293 0.021350 0.019853
v 0.019293 0.023490 0.017325
v 0.019227 0.023442 0.017455
v 0.019293 0.023887 0.016691
v 0.019293 0.013426 0.025892
v 0.019293 0.014147 0.025562
v 0.019226 0.013904 0.025737
v 0.019293 0.017584 0.023342
v 0.019292 0.020330 0.020930
v 0.019292 0.020753 0.020558
v 0.019293 -0.013444 0.025897
v 0.019293 -0.013411 0.025917
v 0.019292 -0.009585 0.027545
v 0.019292 -0.009525 0.027571
v 0.019293 -0.007674 0.028064
v 0.019227 -0.007703 0.028170
v 0.019294 -0.005492 0.028646
v 0.019294 -0.005262 0.028674
v 0.019227 -0.001433 0.029182
v 0.019293 -0.001432 0.029144
v 0.019227 0.001745 0.029169
v 0.019293 0.006309 0.028491
v 0.019293 0.010356 0.027296
v 0.019227 0.004905 0.028804
v 0.019293 0.002159 0.029103
v 0.019293 0.002263 0.029087
v 0.019293 0.004887 0.028701
v 0.019293 0.010790 0.027098
v 0.019293 0.010987 0.027008
v 0.019226 0.011020 0.027080
v 0.019227 0.024770 -0.015475
v 0.019293 0.024674 -0.015415
v 0.019294 0.023891 -0.016654
v 0.019293 0.020820 -0.020451
v 0.019227 0.022951 -0.018086
v 0.019294 0.023327 -0.017517
v 0.019294 0.023396 -0.017436
v 0.019292 0.018000 -0.022962
v 0.019292 0.017581 -0.023329
v 0.019226 0.018518 -0.022640
v 0.019293 0.020679 -0.020615
v 0.019227 0.029016 -0.003572
v 0.019294 0.028902 -0.003557
v 0.019293 0.028756 -0.004621
v 0.019295 0.029151 -0.001742
v 0.019227 0.029107 0.002780
v 0.019294 0.029112 0.002047
v 0.019294 0.029109 0.002347
v 0.019293 0.025683 -0.013820
v 0.019226 0.027531 -0.009751
v 0.019293 0.026806 -0.011319
v 0.019292 0.027412 -0.009970
v 0.019226 0.021420 0.019911
v 0.019167 0.021430 0.019919
v 0.019168 0.011027 0.027091
v 0.019212 0.010268 -0.027358
v 0.019189 0.010269 -0.027360
v 0.019225 0.013181 -0.026094
v 0.019292 0.014105 -0.025570
v 0.019167 0.015955 -0.024529
v 0.019168 0.024782 -0.015482
v 0.019226 0.020859 -0.020486
v 0.019168 0.020869 -0.020495
v 0.019168 0.029029 -0.003574
v 0.019226 0.028620 0.005925
v 0.019168 0.029120 0.002781
v 0.019168 -0.007706 0.028183
v 0.019109 -0.001431 0.029186
v 0.019079 0.004908 0.028792
v 0.019079 0.027521 -0.009748
v 0.019110 0.029019 -0.003574
v 0.019109 0.027535 -0.009753
v 0.019167 0.027544 -0.009756
v 0.019036 -0.007689 0.028122
v 0.019080 -0.013612 0.025844
v 0.019079 -0.007699 0.028160
v 0.019110 -0.013619 0.025857
v 0.019110 -0.007703 0.028174
v 0.019168 -0.013624 0.025865
v 0.019168 0.016633 0.024092
v 0.019109 0.021425 0.019912
v 0.019109 0.016630 0.024084
v 0.019079 0.021416 0.019901
v 0.019079 0.016623 0.024071
v 0.019036 0.021388 0.019873
v 0.019036 0.016603 0.024037
v 0.019036 0.004903 0.028753
v 0.019036 -0.001427 0.029133
v 0.019079 -0.001430 0.029172
v 0.019036 0.011010 0.027031
v 0.019079 0.011022 0.027068
v 0.019109 0.011026 0.027082
v 0.019167 0.010270 -0.027361
v 0.019137 0.010271 -0.027363
v 0.019109 0.015951 -0.024520
v 0.019081 0.010264 -0.027340
v 0.019079 0.015945 -0.024508
v 0.019065 0.010262 -0.027334
v 0.019036 0.015925 -0.024474
v 0.019110 0.020864 -0.020488
v 0.019079 0.020854 -0.020477
v 0.019036 0.020827 -0.020449
v 0.019036 0.027485 -0.009735
v 0.019036 0.028966 -0.003568
v 0.019080 0.029005 -0.003572
v 0.019167 0.027807 0.009002
v 0.019110 0.029111 0.002780
v 0.019109 0.027799 0.008998
v 0.019080 0.029097 0.002779
v 0.019079 0.027785 0.008993
v 0.019036 0.029058 0.002774
v 0.019036 0.027749 0.008981
v 0.019036 0.024729 -0.015448
v 0.019080 0.024762 -0.015469
v 0.019110 0.024774 -0.015477
v 0.019011 0.021356 0.019841
v 0.019011 0.019084 0.022054
v 0.019011 0.022876 -0.018025
v 0.019011 0.024689 -0.015424
v 0.019011 0.029144 -0.000399
v 0.019226 0.027795 0.008998
v 0.019011 0.026216 -0.012645
v 0.019000 0.024960 0.014652
v 0.019011 0.025109 0.014741
v 0.019036 0.025149 0.014765
v 0.019011 0.016578 0.023998
v 0.019000 0.016485 0.023861
v 0.019000 0.015431 0.024629
v 0.019000 0.011739 0.026566
v 0.019011 0.010994 0.026987
v 0.019011 0.013869 0.025648
v 0.019000 0.018735 0.022220
v 0.019080 0.025182 0.014786
v 0.019110 0.025194 0.014794
v 0.019168 0.025202 0.014800
v 0.019227 0.025190 0.014795
v 0.019294 0.024944 0.015000
v 0.019000 0.007787 0.027960
v 0.019000 0.004871 0.028551
v 0.019011 0.004897 0.028707
v 0.019000 0.003744 0.028779
v 0.019011 0.001747 0.029073
v 0.019000 -0.000363 0.029020
v 0.019011 -0.001423 0.029087
v 0.019000 -0.001412 0.028928
v 0.019000 -0.007645 0.027959
v 0.019000 -0.008035 0.027872
v 0.019011 -0.007676 0.028078
v 0.019011 -0.010687 0.027084
v 0.019036 -0.013593 0.025810
v 0.019011 -0.004577 0.028749
v 0.019000 -0.004559 0.028649
v 0.019000 0.010943 0.026847
v 0.019011 0.007991 0.028009
v 0.019018 0.010243 -0.027279
v 0.019017 0.010242 -0.027274
v 0.019011 0.013146 -0.026006
v 0.019015 0.010237 -0.027262
v 0.019000 0.010204 -0.027168
v 0.019000 0.013513 -0.025707
v 0.019011 0.015902 -0.024435
v 0.019011 0.018461 -0.022564
v 0.019011 0.020794 -0.020417
v 0.019000 0.015815 -0.024294
v 0.019000 0.016961 -0.023591
v 0.019000 0.020127 -0.020941
v 0.019000 0.020686 -0.020313
v 0.019000 0.022888 -0.017843
v 0.019011 0.027442 -0.009720
v 0.019011 0.028348 -0.006681
v 0.019011 0.028920 -0.003562
v 0.019000 0.028872 -0.003106
v 0.019000 0.024553 -0.015337
v 0.019000 0.025211 -0.014347
v 0.019000 0.027004 -0.010598
v 0.019000 0.027297 -0.009671
v 0.019000 0.028253 -0.006648
v 0.019000 0.028795 -0.003546
v 0.019294 0.025104 0.014744
v 0.019294 0.025750 0.013710
v 0.019293 0.027449 0.009885
v 0.019293 0.027710 0.008973
v 0.019293 0.027807 0.008634
v 0.019292 0.028578 0.005945
v 0.019294 0.029046 0.002773
v 0.019189 -0.018891 0.022298
v 0.019212 -0.018890 0.022296
v 0.019225 -0.018886 0.022290
v 0.019226 -0.016354 0.024221
v 0.019292 -0.016896 0.023799
v 0.019015 -0.018817 0.022226
v 0.019017 -0.018825 0.022235
v 0.019011 -0.016298 0.024145
v 0.019011 -0.013571 0.025769
v 0.019000 -0.011903 0.026465
v 0.019292 -0.018864 0.022261
v 0.019137 -0.018892 0.022302
v 0.019088 -0.018876 0.022288
v 0.019066 -0.018869 0.022281
v 0.019018 -0.018829 0.022239
v 0.019000 -0.013490 0.025618
v 0.019000 -0.015493 0.024548
v 0.019000 -0.018749 0.022151
v 0.019000 0.029027 0.000998
v 0.019000 0.028837 0.002751
v 0.019011 0.029012 0.002769
v 0.019000 0.028583 0.005104
v 0.019011 0.028528 0.005903
v 0.019000 0.027597 0.008931
v 0.019011 0.027705 0.008966
v 0.019000 0.027548 0.009121
v 0.019011 0.026560 0.011922
v 0.019000 0.025943 0.012988
v 0.019000 -0.030549 0.012130
v 0.019000 -0.016301 -0.021168
v 0.019000 -0.017569 -0.020199
v 0.019000 -0.010680 -0.025462
v 0.019000 -0.028387 0.013133
v 0.019000 -0.009765 -0.025952
v 0.019000 -0.027830 0.013606
v 0.019000 0.004004 -0.028849
v 0.019000 -0.002335 -0.029926
v 0.019000 -0.023871 0.016974
v 0.019000 -0.039627 0.011055
v 0.019000 -0.037251 0.010672
v 0.019000 -0.036698 0.006167
v 0.019000 -0.036541 0.010744
v 0.019000 -0.030363 -0.004403
v 0.019000 -0.033435 0.011059
v 0.019000 -0.027359 -0.008585
v 0.019000 -0.032695 0.011134
v 0.019000 -0.023981 -0.013287
v 0.019000 -0.022112 -0.015301
v 0.019000 -0.023139 0.017713
v 0.018175 -0.035293 -0.003910
v 0.018162 -0.039890 0.003792
v 0.018877 -0.038624 0.004927
v 0.017923 -0.045677 0.014016
v 0.017968 -0.045585 0.013948
v 0.016980 -0.008987 -0.032639
v 0.016635 -0.009068 -0.032837
v 0.016640 -0.012155 -0.031189
v 0.018322 -0.007755 -0.031534
v 0.018096 -0.007992 -0.031731
v 0.018120 -0.011640 -0.029766
v 0.017820 -0.008282 -0.031971
v 0.017195 -0.008938 -0.032515
v 0.018839 -0.005763 -0.030705
v 0.018822 -0.006128 -0.030788
v 0.018864 -0.010887 -0.027951
v 0.018802 -0.006193 -0.030817
v 0.018446 -0.007350 -0.031348
v 0.018879 -0.004915 -0.030512
v 0.018732 -0.042822 0.012372
v 0.018731 -0.042836 0.012378
v 0.018613 -0.044247 0.012960
v 0.018549 -0.044380 0.013058
v 0.016663 -0.040661 0.002942
v 0.016398 -0.048045 0.015960
v 0.016466 -0.047984 0.015895
v 0.017073 -0.047441 0.015318
v 0.017296 -0.046978 0.014977
v 0.016626 -0.019445 -0.026007
v 0.018864 -0.017751 -0.023008
v 0.018868 -0.023814 -0.016919
v 0.018165 -0.030413 -0.011406
v 0.018874 -0.029186 -0.010017
v 0.018140 -0.024978 -0.018449
v 0.018114 -0.018749 -0.024684
v 0.016721 -0.031259 -0.012524
v 0.016716 -0.036108 -0.004891
v 0.016680 -0.025796 -0.019679
v -0.000814 -0.010040 -0.037745
v -0.003606 -0.009989 -0.037320
v -0.003637 -0.017825 -0.032385
v -0.007597 -0.009916 -0.036714
v -0.011038 -0.009719 -0.035373
v -0.011118 -0.016603 -0.031206
v -0.004389 -0.054707 0.023490
v -0.004168 -0.054730 0.023509
v -0.003726 -0.050153 0.015222
v -0.003695 -0.054780 0.023550
v -0.000014 -0.055167 0.023866
v -0.011225 -0.051763 0.020107
v -0.011187 -0.051784 0.020133
v -0.007542 -0.049305 0.014536
v -0.008370 -0.053371 0.021991
v -0.007943 -0.053515 0.022152
v -0.007473 -0.053673 0.022329
v -0.011458 -0.039420 -0.003037
v -0.014683 -0.037885 -0.003508
v -0.014678 -0.038341 -0.002776
v -0.011418 -0.043645 0.005128
v -0.014580 -0.041271 0.002466
v -0.014547 -0.042251 0.004219
v -0.011356 -0.047981 0.013384
v -0.014288 -0.049937 0.017966
v -0.013521 -0.050469 0.018593
v -0.011370 -0.029821 -0.018540
v -0.014734 -0.028224 -0.018120
v -0.014757 -0.030511 -0.015349
v -0.011448 -0.034943 -0.011002
v -0.014743 -0.031901 -0.013117
v -0.014730 -0.033237 -0.010970
v -0.014695 -0.036709 -0.005395
v -0.011239 -0.023738 -0.025353
v -0.014676 -0.022351 -0.024587
v -0.014693 -0.024308 -0.022866
v -0.014715 -0.026393 -0.020339
v -0.014656 -0.015541 -0.030139
v -0.014632 -0.017279 -0.029047
v -0.014655 -0.019931 -0.026715
v -0.014741 -0.009508 -0.033930
v -0.014698 -0.012563 -0.032011
v -0.003804 -0.009985 -0.037290
v -0.007363 -0.009920 -0.036749
v -0.007377 -0.017368 -0.031945
v -0.003676 -0.025381 -0.026173
v -0.003720 -0.031794 -0.018957
v -0.003746 -0.037098 -0.010908
v -0.003752 -0.041613 -0.002358
v -0.003743 -0.045803 0.006399
v -0.007581 -0.044958 0.005925
v -0.007605 -0.040762 -0.002612
v -0.007597 -0.036271 -0.010943
v -0.007545 -0.031045 -0.018802
v -0.007458 -0.024763 -0.025867
v -0.016715 -0.036108 -0.004891
v -0.016639 -0.012155 -0.031190
v -0.016378 -0.048026 0.015959
v -0.016453 -0.047958 0.015887
v -0.017958 -0.045586 0.013957
v -0.017917 -0.045676 0.014022
v -0.016662 -0.040661 0.002942
v -0.017324 -0.046998 0.014971
v -0.017199 -0.047275 0.015170
v -0.018759 -0.042836 0.012348
v -0.018672 -0.043996 0.012815
v -0.018162 -0.039890 0.003791
v -0.018511 -0.044354 0.013072
v -0.018864 -0.010887 -0.027951
v -0.018859 -0.005795 -0.030689
v -0.019000 -0.007560 -0.027276
v -0.018895 -0.004920 -0.030496
v -0.019000 -0.002335 -0.029926
v -0.018126 -0.008043 -0.031731
v -0.018179 -0.007999 -0.031689
v -0.018398 -0.007322 -0.031373
v -0.018855 -0.005912 -0.030714
v -0.016664 -0.009141 -0.032851
v -0.016865 -0.009103 -0.032738
v -0.016974 -0.009011 -0.032651
v -0.017836 -0.008287 -0.031963
v -0.018119 -0.011640 -0.029767
v -0.015878 -0.009291 -0.033292
v -0.016625 -0.019445 -0.026007
v -0.016680 -0.025796 -0.019680
v -0.016720 -0.031259 -0.012524
v -0.019000 -0.039627 0.011055
v -0.018759 -0.042833 0.012346
v -0.019000 -0.036744 0.006138
v -0.018877 -0.038624 0.004927
v -0.019000 -0.033089 -0.000096
v -0.018874 -0.029187 -0.010017
v -0.019000 -0.028483 -0.007212
v -0.018863 -0.017751 -0.023008
v -0.019000 -0.016513 -0.021141
v -0.018868 -0.023814 -0.016919
v -0.019000 -0.020363 -0.017442
v -0.019000 -0.009759 -0.025948
v -0.019000 -0.012127 -0.024518
v -0.019000 -0.016367 -0.021254
v -0.018114 -0.018749 -0.024684
v -0.018140 -0.024978 -0.018449
v -0.018165 -0.030414 -0.011407
v -0.018174 -0.035294 -0.003910
v -0.019000 -0.022166 -0.015355
v -0.019000 -0.024337 -0.012843
v -0.019000 -0.027433 -0.008638
v -0.019000 -0.036516 0.010847
v -0.019000 -0.030105 0.012145
v -0.019000 -0.027883 0.013695
v -0.019000 -0.025662 0.015245
v -0.019000 0.028472 0.005674
v -0.019000 0.027397 0.008862
v -0.019000 0.026142 0.012580
v -0.019000 0.004004 -0.028849
v -0.019000 0.010204 -0.027168
v -0.019000 -0.030491 0.012026
v -0.019000 -0.033473 0.011112
v -0.019000 0.015819 -0.024291
v -0.019000 0.016345 -0.024021
v -0.019000 0.020620 -0.020231
v -0.019000 0.024995 0.014673
v -0.019000 0.024612 0.015371
v -0.019000 0.021169 0.019680
v -0.019000 0.020217 0.020870
v -0.019000 0.016401 0.023752
v -0.019000 0.014518 0.025173
v -0.019000 0.010875 0.026691
v -0.019000 0.007909 0.027926
v -0.019000 0.004850 0.028399
v -0.019000 0.021751 -0.019228
v -0.019000 0.024440 -0.015259
v -0.019000 0.025808 -0.013238
v -0.019000 0.027269 -0.009655
v -0.019000 0.027755 -0.008462
v -0.019000 0.028641 -0.003518
v -0.019000 0.029003 -0.001499
v -0.019000 0.028689 0.002743
v -0.019000 -0.001398 0.028791
v -0.019000 -0.006243 0.028327
v -0.019000 -0.007604 0.027850
v -0.019000 -0.012921 0.025986
v -0.019000 -0.013482 0.025617
v -0.019000 -0.034732 0.010727
v -0.019000 0.000890 0.029010
v -0.019000 -0.023166 0.017739
v -0.019000 -0.018749 0.022151
v -0.019011 -0.013571 0.025769
v -0.019015 -0.018817 0.022226
v -0.019036 0.028966 -0.003568
v -0.019036 0.027485 -0.009735
v -0.019079 0.027521 -0.009748
v -0.019292 0.013403 -0.025939
v -0.019292 0.015892 -0.024433
v -0.019226 0.015946 -0.024518
v -0.019011 0.016578 0.023998
v -0.019168 -0.001433 0.029195
v -0.019168 -0.007706 0.028183
v -0.019110 -0.007703 0.028174
v -0.019109 0.021425 0.019912
v -0.019110 0.025194 0.014794
v -0.019168 0.025202 0.014800
v -0.019293 0.018755 0.022409
v -0.019293 0.016561 0.023998
v -0.019226 0.016624 0.024083
v -0.019294 0.023872 0.016777
v -0.019294 0.023824 0.016859
v -0.019227 0.023442 0.017455
v -0.019293 0.016307 0.024182
v -0.019293 0.015438 0.024811
v -0.019293 0.013372 0.025886
v -0.019293 0.011714 0.026750
v -0.019293 0.010989 0.027004
v -0.019226 0.011020 0.027080
v -0.019293 0.006303 0.028425
v -0.019293 0.004885 0.028710
v -0.019227 0.004905 0.028804
v -0.019293 0.003735 0.028941
v -0.019293 0.002273 0.029026
v -0.019292 -0.013325 0.025887
v -0.019227 -0.013619 0.025853
v -0.019292 -0.012030 0.026582
v -0.019227 -0.007703 0.028170
v -0.019293 -0.009628 0.027464
v -0.019293 -0.008181 0.027996
v -0.019294 -0.000384 0.029179
v -0.019293 -0.001427 0.029087
v -0.019227 -0.001433 0.029182
v -0.019293 -0.001444 0.029086
v -0.019227 -0.004594 0.028844
v -0.019293 -0.004588 0.028807
v -0.019293 -0.005270 0.028653
v -0.019293 -0.007687 0.028108
v -0.019293 0.010809 0.027067
v -0.019293 0.007788 0.028126
v -0.019226 0.008006 0.028105
v -0.019292 0.021391 0.019887
v -0.019226 0.021420 0.019911
v -0.019167 0.021430 0.019919
v -0.019168 0.011027 0.027091
v -0.019292 0.020307 0.020924
v -0.019226 0.019139 0.022131
v -0.019168 0.016633 0.024092
v -0.019109 0.011026 0.027082
v -0.019110 0.004909 0.028807
v -0.019079 0.004908 0.028792
v -0.019080 0.025182 0.014786
v -0.019079 0.021416 0.019901
v -0.019079 0.016623 0.024071
v -0.019080 -0.013612 0.025844
v -0.019110 -0.013619 0.025857
v -0.019168 -0.013624 0.025865
v -0.019109 0.016630 0.024084
v -0.019079 0.011022 0.027068
v -0.019036 0.004903 0.028753
v -0.019036 0.025149 0.014765
v -0.019036 0.021388 0.019873
v -0.019036 0.016603 0.024037
v -0.019036 0.011010 0.027031
v -0.019036 -0.007689 0.028122
v -0.019036 -0.001427 0.029133
v -0.019079 -0.001430 0.029172
v -0.019011 -0.007676 0.028078
v -0.019011 -0.004577 0.028749
v -0.019011 -0.001423 0.029087
v -0.019011 0.001747 0.029073
v -0.019011 0.007991 0.028009
v -0.019011 0.010994 0.026987
v -0.019011 0.013869 0.025648
v -0.019011 0.004897 0.028707
v -0.019227 0.025190 0.014795
v -0.019011 0.019084 0.022054
v -0.019011 0.021356 0.019841
v -0.019293 0.010790 -0.027083
v -0.019226 0.013181 -0.026094
v -0.019293 0.020793 -0.020426
v -0.019294 0.022992 -0.017971
v -0.019227 0.022951 -0.018086
v -0.019294 0.023299 -0.017509
v -0.019294 0.023901 -0.016604
v -0.019292 0.016302 -0.024184
v -0.019292 0.016938 -0.023800
v -0.019292 0.017957 -0.022954
v -0.019227 0.020859 -0.020486
v -0.019293 0.020188 -0.021102
v -0.019292 0.027448 -0.009723
v -0.019293 0.028396 -0.006727
v -0.019226 0.028441 -0.006702
v -0.019294 0.028764 -0.004620
v -0.019295 0.029187 0.001040
v -0.019227 0.029016 -0.003572
v -0.019295 0.029040 -0.003040
v -0.019294 0.028949 -0.003562
v -0.019227 0.024770 -0.015475
v -0.019294 0.024687 -0.015422
v -0.019293 0.025349 -0.014426
v -0.019293 0.026830 -0.011325
v -0.019226 0.027531 -0.009751
v -0.019292 0.027158 -0.010639
v -0.019293 0.010252 -0.027318
v -0.019224 0.010264 -0.027348
v -0.019189 0.010270 -0.027362
v -0.019185 0.010271 -0.027364
v -0.019168 0.020869 -0.020495
v -0.019167 0.027544 -0.009756
v -0.019168 0.029120 0.002781
v -0.019227 0.029107 0.002780
v -0.019226 0.028620 0.005925
v -0.019226 0.027795 0.008998
v -0.019167 0.027807 0.009002
v -0.019167 0.015955 -0.024529
v -0.019109 0.015951 -0.024520
v -0.019109 0.010269 -0.027357
v -0.019079 0.015945 -0.024508
v -0.019080 0.029005 -0.003572
v -0.019109 0.027535 -0.009753
v -0.019110 0.029019 -0.003574
v -0.019168 0.029029 -0.003574
v -0.019036 0.029058 0.002774
v -0.019080 0.029097 0.002779
v -0.019110 0.029111 0.002780
v -0.019294 0.029076 0.002043
v -0.019044 0.010256 -0.027316
v -0.019036 0.015925 -0.024474
v -0.019038 0.010252 -0.027305
v -0.019036 0.024729 -0.015448
v -0.019079 0.020854 -0.020477
v -0.019080 0.024762 -0.015469
v -0.019110 0.020864 -0.020488
v -0.019110 0.024774 -0.015477
v -0.019168 0.024782 -0.015482
v -0.019011 0.022876 -0.018025
v -0.019011 0.020794 -0.020417
v -0.019036 0.020827 -0.020449
v -0.019011 0.024689 -0.015424
v -0.019036 0.027749 0.008981
v -0.019011 0.027705 0.008966
v -0.019011 0.028528 0.005903
v -0.019109 0.027799 0.008998
v -0.019079 0.027785 0.008993
v -0.019011 0.029012 0.002769
v -0.019011 0.029144 -0.000399
v -0.019011 0.028920 -0.003562
v -0.019011 0.028348 -0.006681
v -0.019011 0.027442 -0.009720
v -0.019011 0.026216 -0.012645
v -0.019011 0.015902 -0.024435
v -0.019008 0.010234 -0.027254
v -0.019013 0.010237 -0.027262
v -0.019019 0.010241 -0.027273
v -0.019292 -0.013568 0.025757
v -0.019293 -0.014979 0.025000
v -0.019293 -0.015610 0.024662
v -0.019292 -0.018864 0.022261
v -0.019225 -0.018886 0.022290
v -0.019226 -0.016354 0.024221
v -0.019189 -0.018891 0.022298
v -0.019212 -0.018890 0.022296
v -0.019167 -0.018891 0.022300
v -0.019137 -0.018892 0.022302
v -0.019088 -0.018876 0.022288
v -0.019081 -0.018874 0.022286
v -0.019066 -0.018869 0.022281
v -0.019168 0.004908 0.028816
v -0.019109 -0.001431 0.029186
v -0.019079 -0.007699 0.028160
v -0.019036 -0.013593 0.025810
v -0.019018 -0.018829 0.022239
v -0.019017 -0.018825 0.022235
v -0.019293 0.027663 0.009273
v -0.019294 0.026036 0.013158
v -0.019294 0.028995 0.002769
v -0.019293 0.028721 0.005227
v -0.019293 0.027829 0.008639
v -0.019293 0.027739 0.008982
v -0.019294 0.025091 0.014738
v -0.019294 0.024936 0.014998
v -0.019011 0.025109 0.014741
v -0.019011 0.026560 0.011922
v -0.014966 -0.009304 -0.034624
v -0.014952 -0.009279 -0.034586
v -0.007717 -0.009642 -0.037521
v -0.007691 -0.009572 -0.037374
v 0.000000 -0.009942 -0.037821
v 0.000000 -0.009780 -0.037985
v 0.000000 -0.009772 -0.037993
v -0.003895 -0.009743 -0.038324
v -0.003915 -0.009989 -0.038556
v 0.000000 -0.009751 -0.038611
v 0.000000 -0.009748 -0.038608
v -0.003881 -0.009676 -0.038168
v -0.003867 -0.009658 -0.038000
v 0.000000 -0.009991 -0.038886
v -0.003408 -0.010000 -0.038656
v -0.007620 -0.009656 -0.036919
v -0.003844 -0.009769 -0.037691
v -0.007640 -0.009581 -0.037057
v -0.003854 -0.009690 -0.037836
v -0.007664 -0.009552 -0.037215
v 0.000000 -0.009654 -0.038287
v 0.000000 -0.009728 -0.038037
v -0.007271 -0.009913 -0.037894
v -0.007757 -0.009891 -0.037733
v -0.007812 -0.009888 -0.037715
v -0.015015 -0.009517 -0.034759
v -0.011068 -0.009739 -0.036634
v -0.007964 -0.009881 -0.037664
v 0.000000 -0.009653 -0.038292
v 0.000000 -0.009653 -0.038295
v 0.000000 -0.009706 -0.038560
v -0.014789 -0.009267 -0.034094
v -0.014828 -0.009211 -0.034213
v -0.014844 -0.009186 -0.034265
v -0.014910 -0.009199 -0.034463
v -0.014913 -0.009205 -0.034472
v -0.019043 0.004121 -0.028992
v -0.019015 0.004078 -0.028953
v -0.019084 0.004166 -0.029016
v -0.019134 0.004208 -0.029025
v -0.019188 0.004242 -0.029016
v -0.019293 0.006028 -0.028574
v -0.019177 -0.001927 -0.030074
v -0.019292 -0.001825 -0.030002
v -0.019292 -0.000566 -0.029800
v -0.019292 -0.000110 -0.029715
v -0.019293 0.003705 -0.029006
v -0.019293 0.004272 -0.028901
v -0.019149 -0.001952 -0.030091
v -0.019077 -0.002060 -0.030090
v -0.019058 -0.002089 -0.030090
v -0.019016 -0.002207 -0.030033
v -0.019008 -0.002232 -0.030021
v -0.017610 -0.008837 -0.032894
v -0.018288 -0.008223 -0.032181
v -0.018725 -0.007241 -0.031555
v -0.015927 -0.009265 -0.033371
v -0.018040 -0.008216 -0.032242
v -0.018615 -0.007235 -0.031538
v -0.018564 -0.007248 -0.031508
v -0.018816 -0.006127 -0.030909
v -0.018495 -0.007302 -0.031419
v -0.018522 -0.007271 -0.031466
v -0.018946 -0.004850 -0.030547
v -0.018842 -0.006090 -0.030950
v -0.018884 -0.006054 -0.030980
v -0.018934 -0.006025 -0.030996
v -0.018985 -0.004805 -0.030575
v -0.019026 -0.004756 -0.030601
v -0.018986 -0.006007 -0.030996
v -0.018668 -0.007237 -0.031551
v -0.019178 -0.004680 -0.030584
v -0.019128 -0.004681 -0.030597
v -0.018776 -0.007125 -0.031481
v -0.018909 -0.006827 -0.031291
v -0.018097 -0.008243 -0.032279
v -0.017233 -0.008897 -0.033087
v -0.017317 -0.008954 -0.033103
v -0.015399 -0.009485 -0.034528
v -0.016240 -0.009414 -0.034024
v -0.018642 -0.007234 -0.031547
v -0.018960 -0.006014 -0.030998
v -0.019076 -0.004711 -0.030610
v -0.017007 -0.008949 -0.032701
v -0.015957 -0.009176 -0.033450
v -0.017861 -0.008264 -0.032014
v -0.017904 -0.008257 -0.032062
v -0.017029 -0.008879 -0.032765
v -0.017935 -0.008225 -0.032125
v -0.017070 -0.008838 -0.032848
v -0.017983 -0.008210 -0.032188
v -0.017126 -0.008828 -0.032941
v -0.017188 -0.008850 -0.033030
v -0.019216 -0.004935 -0.030616
v -0.019223 -0.004637 -0.030557
v -0.019259 -0.003181 -0.030270
v -0.017337 -0.009068 -0.033174
v -0.017366 -0.009058 -0.033152
v 0.003838 -0.009776 -0.037683
v 0.003861 -0.009658 -0.037993
v 0.003848 -0.009693 -0.037828
v 0.003875 -0.009674 -0.038163
v 0.003889 -0.009741 -0.038321
v 0.014764 -0.009377 -0.034010
v 0.007615 -0.009664 -0.036911
v 0.014777 -0.009306 -0.034054
v 0.014789 -0.009281 -0.034091
v 0.007635 -0.009584 -0.037050
v 0.003915 -0.009993 -0.038579
v 0.004011 -0.009994 -0.038572
v 0.007713 -0.009640 -0.037518
v 0.007659 -0.009552 -0.037208
v 0.007686 -0.009571 -0.037370
v 0.014949 -0.009262 -0.034578
v 0.014952 -0.009271 -0.034585
v 0.014953 -0.009274 -0.034587
v 0.015015 -0.009517 -0.034759
v 0.011711 -0.009703 -0.036370
v 0.007939 -0.009888 -0.037709
v 0.007915 -0.009889 -0.037714
v 0.007760 -0.009893 -0.037749
v 0.007973 -0.009886 -0.037697
v 0.014791 -0.009275 -0.034099
v 0.014825 -0.009202 -0.034207
v 0.014868 -0.009190 -0.034336
v 0.014890 -0.009184 -0.034402
v 0.017904 -0.008257 -0.032062
v 0.018495 -0.007302 -0.031419
v 0.018522 -0.007271 -0.031466
v 0.017029 -0.008879 -0.032765
v 0.018778 -0.007103 -0.031476
v 0.018727 -0.007247 -0.031556
v 0.018710 -0.007241 -0.031557
v 0.018934 -0.006025 -0.030996
v 0.018615 -0.007235 -0.031538
v 0.018564 -0.007248 -0.031508
v 0.015396 -0.009470 -0.034517
v 0.017242 -0.008894 -0.033082
v 0.017188 -0.008850 -0.033030
v 0.018040 -0.008216 -0.032242
v 0.018642 -0.007234 -0.031547
v 0.018097 -0.008243 -0.032279
v 0.018668 -0.007237 -0.031551
v 0.016754 -0.009303 -0.033658
v 0.017305 -0.009018 -0.033169
v 0.017303 -0.008961 -0.033130
v 0.017638 -0.008846 -0.032875
v 0.019178 -0.004674 -0.030587
v 0.019219 -0.004632 -0.030560
v 0.018988 -0.006509 -0.031147
v 0.018986 -0.006007 -0.030996
v 0.018960 -0.006014 -0.030998
v 0.018884 -0.006054 -0.030980
v 0.018842 -0.006090 -0.030950
v 0.018816 -0.006127 -0.030909
v 0.018488 -0.007338 -0.031370
v 0.018959 -0.004853 -0.030536
v 0.019076 -0.004711 -0.030610
v 0.019026 -0.004756 -0.030601
v 0.018985 -0.004805 -0.030575
v 0.017697 -0.008501 -0.032179
v 0.017798 -0.008406 -0.032093
v 0.017870 -0.008332 -0.032029
v 0.017894 -0.008307 -0.032007
v 0.017822 -0.008382 -0.032072
v 0.017846 -0.008357 -0.032050
v 0.017007 -0.008949 -0.032701
v 0.017482 -0.008672 -0.032353
v 0.017935 -0.008225 -0.032125
v 0.017126 -0.008828 -0.032941
v 0.019131 -0.004689 -0.030600
v 0.019271 -0.003186 -0.030255
v 0.019254 -0.004348 -0.030471
v 0.018510 -0.007860 -0.031895
v 0.017801 -0.008761 -0.032730
v 0.017983 -0.008210 -0.032188
v 0.017070 -0.008838 -0.032848
v 0.019292 -0.001825 -0.030002
v 0.019177 -0.001927 -0.030074
v 0.019149 -0.001952 -0.030091
v 0.019077 -0.002060 -0.030090
v 0.019058 -0.002089 -0.030090
v 0.019016 -0.002207 -0.030033
v 0.019008 -0.002232 -0.030021
v 0.019292 -0.000129 -0.029701
v 0.019015 0.004078 -0.028953
v 0.019294 0.009705 -0.027515
v 0.019043 0.004121 -0.028992
v 0.019084 0.004166 -0.029016
v 0.019134 0.004208 -0.029025
v 0.019188 0.004242 -0.029016
v 0.019293 0.005363 -0.028727
v 0.019293 0.004276 -0.028920
v 0.019293 0.003709 -0.029021
v 0.011330 -0.059558 0.029411
v 0.014614 -0.057923 0.027775
v 0.014323 -0.053701 0.023392
v 0.007950 -0.056936 0.026674
v 0.000000 -0.058636 0.028457
v -0.000000 -0.062184 0.031977
v 0.001200 -0.062130 0.031930
v 0.004160 -0.057933 0.027676
v 0.011336 -0.055471 0.025180
v 0.011062 -0.059691 0.029544
v 0.011208 -0.059619 0.029471
v 0.000000 -0.056146 0.025414
v 0.000000 -0.058367 0.028128
v 0.000000 -0.058389 0.028155
v 0.003867 -0.061792 0.031609
v 0.003974 -0.061778 0.031596
v 0.004480 -0.061715 0.031535
v 0.007699 -0.060922 0.030761
v 0.007766 -0.060905 0.030745
v 0.007788 -0.060897 0.030737
v 0.029922 0.005623 -0.017169
v 0.029642 0.005781 -0.017503
v 0.028761 0.009332 -0.017519
v 0.025246 0.008272 -0.022748
v 0.024975 0.008362 -0.022956
v 0.023041 0.012855 -0.022971
v 0.021448 0.018077 0.020940
v 0.020559 0.011474 0.025897
v 0.022495 -0.017447 0.020299
v 0.022510 -0.017438 0.020285
v 0.022138 -0.017151 0.020940
v 0.027834 -0.014155 0.015637
v 0.028060 -0.013938 0.015318
v 0.025063 -0.012458 0.020940
v 0.028277 -0.013729 0.015012
v 0.029260 -0.012785 0.013625
v 0.030422 -0.008306 0.015020
v 0.031836 -0.010310 0.009990
v 0.032651 -0.008917 0.008645
v 0.032390 -0.009426 0.008636
v 0.032713 -0.008909 0.007845
v 0.026315 -0.015092 0.016963
v 0.022895 -0.017200 0.019949
v 0.021455 -0.017907 0.020935
v 0.021055 -0.010461 0.025897
v 0.022691 -0.006187 0.025897
v 0.023479 -0.001756 0.025897
v 0.023388 0.002734 0.025897
v 0.022384 0.007271 0.025897
v 0.024472 0.013651 0.020940
v 0.019860 0.024569 0.015020
v 0.024156 0.020356 0.015020
v 0.021314 0.026366 0.008645
v 0.021975 0.027183 0.002047
v 0.021813 0.026982 -0.004627
v 0.020801 0.025732 -0.011337
v 0.025301 0.021319 -0.011337
v 0.023150 0.019510 -0.017519
v 0.020193 0.017022 -0.022971
v 0.020124 0.009975 -0.026680
v 0.023423 0.008878 -0.024148
v 0.026415 0.014732 -0.017519
v 0.025341 0.008218 -0.022635
v 0.028981 0.006156 -0.018292
v 0.026394 0.007622 -0.021379
v 0.031869 0.003645 -0.013362
v 0.031045 0.004482 -0.014973
v 0.031433 0.010196 -0.011337
v 0.032842 0.003826 -0.011337
v 0.032817 0.002681 -0.011506
v 0.032912 0.002585 -0.011322
v 0.034672 0.000708 -0.004627
v 0.034032 0.000713 -0.007910
v 0.034440 0.004011 -0.004627
v 0.034008 0.000828 -0.008107
v 0.033140 0.002353 -0.010875
v 0.034735 -0.002625 -0.002171
v 0.034483 -0.001429 -0.004227
v 0.034436 -0.001206 -0.004610
v 0.034832 -0.002621 0.002047
v 0.034308 -0.005213 0.002041
v 0.034697 -0.003593 -0.000566
v 0.033231 -0.008082 0.006579
v 0.033784 -0.002541 0.008645
v 0.033860 -0.007076 0.005039
v 0.034156 -0.005843 0.003055
v 0.034697 0.004041 0.002047
v 0.034931 0.000713 0.002047
v 0.034825 -0.003056 -0.001430
v 0.027011 -0.007371 0.020940
v 0.031478 -0.002365 0.015020
v 0.027949 -0.002096 0.020940
v 0.027840 0.003249 0.020940
v 0.031356 0.003655 0.015020
v 0.033653 0.003920 0.008645
v 0.033865 0.007385 -0.004627
v 0.034118 0.007440 0.002047
v 0.026646 0.008648 0.020940
v 0.032209 0.010447 0.008645
v 0.033208 0.010770 0.002047
v 0.029582 0.016495 0.008645
v 0.030500 0.017006 0.002047
v 0.025926 0.021845 0.008645
v 0.030011 0.009737 0.015020
v 0.027563 0.015371 0.015020
v 0.028869 0.016098 -0.011337
v 0.024469 0.024971 0.002047
v 0.026730 0.022521 0.002047
v 0.032962 0.010691 -0.004627
v 0.030274 0.016880 -0.004627
v 0.026532 0.022355 -0.004627
v 0.024288 0.024786 -0.004627
v 0.019115 -0.030893 0.012308
v 0.019040 -0.030745 0.012221
v 0.019050 -0.033696 0.011359
v 0.019145 -0.033859 0.011518
v 0.019290 -0.034033 0.011635
v 0.019229 -0.031041 0.012360
v 0.019174 -0.036908 0.011479
v 0.019351 -0.037090 0.011684
v 0.019330 -0.022155 0.019048
v 0.019239 -0.023484 0.017754
v 0.019384 -0.023518 0.017715
v 0.019442 -0.040073 0.012429
v 0.019226 -0.039902 0.012139
v 0.019134 -0.039829 0.012015
v 0.019105 -0.039786 0.011811
v 0.019060 -0.036754 0.011228
v 0.019031 -0.028016 0.013693
v 0.019089 -0.028137 0.013735
v 0.019176 -0.028252 0.013749
v 0.019020 -0.023289 0.017783
v 0.019056 -0.023355 0.017795
v 0.019108 -0.023414 0.017794
v 0.019172 -0.023459 0.017780
v 0.019481 -0.025863 0.015466
v 0.019472 -0.025712 0.015578
v 0.019305 -0.025833 0.015564
v 0.019469 -0.025674 0.015606
v 0.020660 -0.040914 0.013054
v 0.020634 -0.040623 0.012939
v 0.020016 -0.040478 0.012804
v 0.020583 -0.040049 0.012711
v 0.019839 -0.037489 0.011923
v 0.020467 -0.038750 0.012195
v 0.020390 -0.037854 0.012011
v 0.020119 -0.034640 0.011701
v 0.020028 -0.033545 0.011722
v 0.019683 -0.034370 0.011717
v 0.019926 -0.032259 0.012047
v 0.019532 -0.031290 0.012345
v 0.019862 -0.031456 0.012250
v 0.020370 -0.037618 0.011963
v 0.020249 -0.036201 0.011672
v 0.020135 -0.034835 0.011698
v 0.019601 -0.040198 0.012643
v 0.019579 -0.037288 0.011834
v 0.019474 -0.034208 0.011702
v 0.019372 -0.031177 0.012372
v 0.019285 -0.028349 0.013735
v 0.019403 -0.028421 0.013696
v 0.019623 -0.028188 0.013742
v 0.019819 -0.030913 0.012387
v 0.019746 -0.029889 0.012896
v 0.019646 -0.028504 0.013585
v 0.019782 -0.042423 0.013792
v 0.019469 -0.042038 0.013405
v 0.018888 -0.054789 0.024617
v 0.017536 -0.051232 0.020908
v 0.017600 -0.056035 0.025871
v 0.016135 -0.052552 0.022251
v 0.019239 -0.054449 0.024275
v 0.020116 -0.053004 0.022833
v 0.018509 -0.049690 0.019424
v 0.020227 -0.052822 0.022652
v 0.020361 -0.052600 0.022430
v 0.017810 -0.048360 0.017506
v 0.016945 -0.049678 0.018754
v 0.018650 -0.044784 0.013995
v 0.019228 -0.041707 0.012970
v 0.018905 -0.043086 0.012916
v 0.018799 -0.045165 0.014831
v 0.019008 -0.043337 0.013555
v 0.019048 -0.045588 0.015570
v 0.019203 -0.043671 0.014154
v 0.019492 -0.044085 0.014706
v 0.018206 -0.046339 0.015164
v 0.018411 -0.046853 0.016187
v 0.018710 -0.047382 0.017068
v 0.014705 -0.057871 0.027724
v 0.014948 -0.057734 0.027586
v 0.016923 -0.056469 0.026309
v 0.020954 -0.043818 0.014762
v 0.020146 -0.042826 0.014116
v 0.020971 -0.043990 0.014863
v 0.020273 -0.045067 0.015653
v 0.021110 -0.046041 0.016473
v 0.021195 -0.047281 0.017446
v 0.020916 -0.050667 0.020546
v 0.019093 -0.047956 0.017843
v 0.021035 -0.050252 0.020142
v 0.021207 -0.047464 0.017591
v -0.006809 -0.061182 0.031016
v -0.003971 -0.061780 0.031597
v -0.004184 -0.057932 0.027763
v -0.014306 -0.051892 0.020785
v -0.008046 -0.056854 0.026640
v -0.011447 -0.055354 0.025053
v -0.011396 -0.053420 0.022633
v -0.003486 -0.061881 0.031696
v -0.003882 -0.061798 0.031615
v -0.014323 -0.053680 0.023361
v -0.014323 -0.053701 0.023392
v -0.014614 -0.057923 0.027775
v -0.011136 -0.059615 0.029467
v -0.011311 -0.059536 0.029388
v -0.013289 -0.058639 0.028494
v -0.010057 -0.060104 0.029954
v -0.007766 -0.060864 0.030703
v -0.007697 -0.060887 0.030726
v -0.014306 -0.051926 0.020833
v -0.019601 -0.040198 0.012643
v -0.020016 -0.040478 0.012804
v -0.020146 -0.042826 0.014116
v -0.016944 -0.049678 0.018753
v -0.016128 -0.052548 0.022244
v -0.017535 -0.051232 0.020907
v -0.018509 -0.049690 0.019423
v -0.017810 -0.048360 0.017506
v -0.018411 -0.046853 0.016187
v -0.018710 -0.047382 0.017068
v -0.019093 -0.047956 0.017843
v -0.020010 -0.049258 0.019220
v -0.020248 -0.052830 0.022659
v -0.020230 -0.052886 0.022714
v -0.020138 -0.053026 0.022853
v -0.019057 -0.054667 0.024493
v -0.018912 -0.054801 0.024629
v -0.019442 -0.040073 0.012429
v -0.019782 -0.042423 0.013792
v -0.020273 -0.045067 0.015653
v -0.020946 -0.043803 0.014799
v -0.020660 -0.040914 0.013054
v -0.020777 -0.042112 0.013682
v -0.019492 -0.044085 0.014706
v -0.019469 -0.042038 0.013405
v -0.019134 -0.039829 0.012015
v -0.019226 -0.039902 0.012139
v -0.019228 -0.041706 0.012970
v -0.019105 -0.039786 0.011811
v -0.019008 -0.043337 0.013555
v -0.018799 -0.045165 0.014831
v -0.019048 -0.045588 0.015570
v -0.019203 -0.043671 0.014154
v -0.017490 -0.056119 0.025956
v -0.016927 -0.056472 0.026312
v -0.014712 -0.057862 0.027714
v -0.021066 -0.045002 0.015591
v -0.021117 -0.046052 0.016456
v -0.021176 -0.047282 0.017469
v -0.021210 -0.047986 0.018049
v -0.020950 -0.050675 0.020550
v -0.020943 -0.050754 0.020623
v -0.019060 -0.036754 0.011228
v -0.019351 -0.037090 0.011684
v -0.019604 -0.027892 0.013930
v -0.019648 -0.028513 0.013601
v -0.019403 -0.028421 0.013696
v -0.019328 -0.022050 0.019159
v -0.019239 -0.023484 0.017754
v -0.019384 -0.023516 0.017712
v -0.019459 -0.025485 0.015769
v -0.019305 -0.025833 0.015564
v -0.019473 -0.025721 0.015589
v -0.019482 -0.025870 0.015475
v -0.019285 -0.028349 0.013735
v -0.019176 -0.028252 0.013749
v -0.019108 -0.023414 0.017794
v -0.019172 -0.023459 0.017780
v -0.019031 -0.028016 0.013693
v -0.019020 -0.023289 0.017783
v -0.019040 -0.030745 0.012221
v -0.019050 -0.033696 0.011359
v -0.019115 -0.030893 0.012308
v -0.019089 -0.028137 0.013735
v -0.019056 -0.023355 0.017795
v -0.020418 -0.038177 0.012030
v -0.020580 -0.040011 0.012716
v -0.020634 -0.040622 0.012945
v -0.019579 -0.037288 0.011834
v -0.019839 -0.037489 0.011923
v -0.020191 -0.035516 0.011626
v -0.020370 -0.037622 0.011946
v -0.020391 -0.037861 0.011982
v -0.019925 -0.032255 0.012030
v -0.019984 -0.033006 0.011807
v -0.019683 -0.034370 0.011717
v -0.020119 -0.034643 0.011689
v -0.020135 -0.034835 0.011675
v -0.019174 -0.036908 0.011479
v -0.019145 -0.033859 0.011518
v -0.019290 -0.034033 0.011635
v -0.019229 -0.031041 0.012360
v -0.019474 -0.034208 0.011702
v -0.019372 -0.031177 0.012372
v -0.019532 -0.031290 0.012345
v -0.019744 -0.029879 0.012877
v -0.019788 -0.030498 0.012549
v -0.019863 -0.031462 0.012264
v -0.025926 0.021845 0.008645
v -0.024156 0.020356 0.015020
v -0.019860 0.024569 0.015020
v -0.022384 0.007271 0.025897
v -0.020801 0.025732 -0.011337
v -0.033135 -0.008076 0.006551
v -0.032663 -0.008889 0.007802
v -0.032651 -0.008917 0.008645
v -0.032348 -0.009429 0.008634
v -0.030422 -0.008306 0.015020
v -0.031836 -0.010310 0.009990
v -0.029935 -0.012369 0.013042
v -0.029361 -0.012803 0.013667
v -0.034263 -0.005842 0.003076
v -0.034205 -0.006234 0.003716
v -0.033784 -0.002541 0.008645
v -0.034355 -0.005211 0.002047
v -0.034800 -0.002180 -0.002895
v -0.034737 -0.002610 -0.002193
v -0.034832 -0.002621 0.002047
v -0.034591 -0.003602 -0.000576
v -0.034672 0.000708 -0.004627
v -0.034493 -0.001198 -0.004609
v -0.034562 -0.001419 -0.004223
v -0.034931 0.000713 0.002047
v -0.033904 0.000687 -0.007901
v -0.031037 0.004473 -0.014959
v -0.031946 0.003677 -0.013394
v -0.032842 0.003826 -0.011337
v -0.032531 0.003164 -0.012387
v -0.033627 0.001572 -0.009446
v -0.034440 0.004011 -0.004627
v -0.032925 0.002591 -0.011329
v -0.032854 0.002696 -0.011522
v -0.028944 0.006306 -0.018561
v -0.028761 0.009332 -0.017519
v -0.026351 0.007596 -0.021339
v -0.025313 0.008113 -0.022451
v -0.029067 0.006199 -0.018350
v -0.029568 0.005760 -0.017487
v -0.031433 0.010196 -0.011337
v -0.020146 0.009987 -0.026699
v -0.023041 0.012855 -0.022971
v -0.023521 0.008938 -0.024249
v -0.023872 0.008829 -0.023994
v -0.023150 0.019510 -0.017519
v -0.020193 0.017022 -0.022971
v -0.021813 0.026982 -0.004627
v -0.021975 0.027183 0.002047
v -0.021314 0.026366 0.008645
v -0.021448 0.018077 0.020940
v -0.020559 0.011474 0.025897
v -0.024472 0.013651 0.020940
v -0.023388 0.002734 0.025897
v -0.019450 0.000417 0.029077
v -0.023479 -0.001756 0.025897
v -0.022691 -0.006187 0.025897
v -0.022138 -0.017151 0.020940
v -0.021240 -0.017904 0.020923
v -0.025063 -0.012458 0.020940
v -0.021055 -0.010461 0.025897
v -0.028005 -0.013830 0.015146
v -0.026320 -0.015107 0.016983
v -0.025203 -0.015952 0.018200
v -0.022806 -0.017133 0.019847
v -0.022490 -0.017289 0.020064
v -0.027011 -0.007371 0.020940
v -0.028143 -0.013726 0.014995
v -0.027840 0.003249 0.020940
v -0.026646 0.008648 0.020940
v -0.031357 0.003655 0.015020
v -0.030011 0.009737 0.015020
v -0.033653 0.003920 0.008645
v -0.027949 -0.002096 0.020940
v -0.031478 -0.002365 0.015020
v -0.033865 0.007385 -0.004627
v -0.032962 0.010691 -0.004627
v -0.034118 0.007440 0.002047
v -0.033208 0.010770 0.002047
v -0.032209 0.010447 0.008645
v -0.034697 0.004041 0.002047
v -0.024469 0.024971 0.002047
v -0.026730 0.022521 0.002047
v -0.024288 0.024786 -0.004627
v -0.026532 0.022355 -0.004627
v -0.025301 0.021319 -0.011337
v -0.027563 0.015371 0.015020
v -0.029582 0.016495 0.008645
v -0.030500 0.017006 0.002047
v -0.030274 0.016880 -0.004627
v -0.028869 0.016098 -0.011337
v -0.026415 0.014732 -0.017519
v -0.024873 0.008331 -0.022922
v -0.015732 -0.011517 -0.036227
v -0.015955 -0.012181 -0.037170
v -0.019583 -0.012853 -0.035475
v -0.033968 -0.021748 -0.019126
v -0.034937 -0.024027 -0.015760
v -0.033306 -0.022182 -0.013943
v -0.018771 -0.009109 -0.032229
v -0.007974 -0.009892 -0.037703
v -0.008061 -0.010742 -0.038532
v 0.000000 -0.010269 -0.039147
v -0.015534 -0.010676 -0.035349
v -0.019010 -0.011351 -0.033618
v -0.022179 -0.004100 -0.028153
v -0.021888 -0.010030 -0.030092
v -0.024978 -0.005303 -0.025569
v -0.022950 0.002590 -0.026453
v -0.019670 0.003619 -0.028831
v -0.030398 -0.001772 -0.017515
v -0.028359 -0.000116 -0.020738
v -0.031956 -0.003600 -0.014136
v -0.033016 -0.005565 -0.010673
v -0.033195 -0.011913 -0.000406
v -0.032293 -0.014051 0.002804
v -0.033629 -0.009759 -0.003754
v -0.033573 -0.007631 -0.007193
v -0.031015 -0.016195 0.005909
v -0.032333 -0.014045 -0.009854
v -0.031764 -0.012046 -0.013128
v -0.030412 -0.013197 -0.017539
v -0.027442 -0.014785 -0.026368
v -0.031107 -0.018180 -0.020332
v -0.028940 -0.014165 -0.021910
v -0.030464 -0.015932 -0.018804
v -0.032400 -0.019850 -0.022221
v -0.030937 -0.018079 -0.025112
v -0.032249 -0.018170 -0.003510
v -0.032486 -0.016096 -0.006636
v -0.032101 -0.017081 -0.011118
v -0.034298 -0.026556 -0.007562
v -0.032365 -0.019839 -0.012441
v -0.032953 -0.024048 -0.006175
v -0.032314 -0.021208 -0.004867
v -0.030975 -0.024030 0.001553
v -0.030897 -0.022284 0.002435
v -0.036264 -0.028626 -0.009222
v -0.035978 -0.026474 -0.012146
v -0.034435 -0.031028 -0.001347
v -0.032575 -0.028575 -0.000250
v -0.032497 -0.028356 -0.000163
v -0.031429 -0.025321 0.001041
v 0.000000 -0.010467 -0.039440
v 0.000000 -0.011087 -0.040360
v -0.022843 -0.013795 -0.033373
v -0.025901 -0.014904 -0.031015
v -0.025010 -0.013401 -0.029088
v -0.007171 -0.011281 -0.039720
v -0.008169 -0.011367 -0.039466
v -0.014465 -0.011904 -0.037866
v -0.030756 -0.010133 -0.016407
v -0.029290 -0.008347 -0.019624
v -0.028943 -0.011427 -0.020689
v -0.027032 -0.009825 -0.023702
v -0.027002 -0.012572 -0.024874
v -0.024645 -0.011186 -0.027623
v -0.022187 -0.012255 -0.031521
v -0.020939 -0.013105 -0.034842
v -0.027359 -0.006726 -0.022704
v -0.025864 0.001344 -0.023738
v -0.035215 -0.032056 -0.001806
v -0.036901 -0.033422 -0.002705
v -0.030759 -0.019175 0.004006
v -0.030721 -0.018307 0.004444
v -0.026555 -0.015142 -0.030511
v -0.028386 -0.016368 -0.028256
v -0.030728 -0.017939 -0.025368
v 0.033637 -0.030256 -0.000935
v 0.034415 -0.031011 -0.001357
v 0.034298 -0.026556 -0.007562
v 0.024645 -0.011186 -0.027623
v 0.021888 -0.010030 -0.030092
v 0.022179 -0.004100 -0.028153
v 0.019670 0.003619 -0.028831
v 0.022950 0.002590 -0.026453
v 0.018771 -0.009109 -0.032229
v 0.019010 -0.011351 -0.033618
v 0.015534 -0.010676 -0.035349
v 0.008061 -0.010742 -0.038532
v 0.007974 -0.009892 -0.037703
v 0.008616 -0.011365 -0.039456
v 0.008186 -0.011351 -0.039501
v 0.008175 -0.011351 -0.039503
v 0.022187 -0.012255 -0.031521
v 0.025010 -0.013401 -0.029088
v 0.021981 -0.013391 -0.034186
v 0.019553 -0.012876 -0.035441
v 0.015732 -0.011517 -0.036227
v 0.027337 -0.015548 -0.029718
v 0.025839 -0.014945 -0.030968
v 0.022890 -0.013757 -0.033428
v 0.024977 -0.005303 -0.025570
v 0.027359 -0.006725 -0.022704
v 0.027032 -0.009825 -0.023702
v 0.019552 -0.012875 -0.035442
v 0.016013 -0.012124 -0.037272
v 0.015920 -0.012104 -0.037320
v 0.028943 -0.011427 -0.020689
v 0.029290 -0.008347 -0.019624
v 0.030412 -0.013197 -0.017539
v 0.030756 -0.010133 -0.016407
v 0.031764 -0.012046 -0.013128
v 0.032101 -0.017081 -0.011118
v 0.030848 -0.022249 0.002403
v 0.031413 -0.025352 0.001047
v 0.032249 -0.018170 -0.003510
v 0.032314 -0.021208 -0.004867
v 0.032486 -0.016096 -0.006636
v 0.032333 -0.014045 -0.009854
v 0.031107 -0.018180 -0.020332
v 0.027442 -0.014785 -0.026368
v 0.027002 -0.012572 -0.024874
v 0.032420 -0.019839 -0.022230
v 0.031424 -0.018537 -0.024325
v 0.030658 -0.017977 -0.025336
v 0.028425 -0.016344 -0.028282
v 0.034958 -0.024018 -0.015763
v 0.033306 -0.022182 -0.013943
v 0.036073 -0.026827 -0.011647
v 0.036298 -0.028617 -0.009220
v 0.028940 -0.014165 -0.021910
v 0.030464 -0.015932 -0.018804
v 0.032365 -0.019839 -0.012442
v 0.032953 -0.024048 -0.006175
v 0.034250 -0.022231 -0.018381
v 0.031592 -0.026338 0.000616
v 0.032612 -0.028292 -0.000158
v 0.028359 -0.000116 -0.020739
v 0.030398 -0.001772 -0.017515
v 0.031955 -0.003600 -0.014136
v 0.033016 -0.005565 -0.010673
v 0.033573 -0.007631 -0.007193
v 0.033629 -0.009759 -0.003754
v 0.033195 -0.011913 -0.000406
v 0.030976 -0.016056 0.005867
v 0.032293 -0.014051 0.002804
v 0.030971 -0.016130 0.005824
v 0.025864 0.001344 -0.023739
v 0.036901 -0.033422 -0.002705
v 0.036298 -0.028618 -0.009218
v 0.030778 -0.019202 0.004027
v 0.030653 -0.021177 0.002872
v 0.020224 -0.062774 0.031293
v 0.023363 -0.060458 0.028883
v 0.022297 -0.058033 0.027484
v 0.019240 -0.060026 0.029543
v 0.015843 -0.061767 0.031318
v 0.016636 -0.064503 0.033051
v 0.029697 -0.024152 0.004434
v 0.028538 -0.026177 0.006049
v 0.029490 -0.029758 0.005116
v 0.030249 -0.035627 0.006941
v 0.029173 -0.038034 0.009020
v 0.031908 -0.041458 0.010489
v 0.025283 -0.040186 0.011716
v 0.024230 -0.037879 0.010898
v 0.022577 -0.039348 0.011981
v 0.021809 -0.043284 0.014295
v 0.023033 -0.045991 0.016222
v 0.024891 -0.044310 0.014662
v 0.029518 -0.020839 0.005948
v 0.022692 -0.033172 0.010639
v 0.021827 -0.024463 0.014568
v 0.025284 -0.022049 0.012443
v 0.028417 -0.019149 0.009540
v 0.004149 -0.064950 0.034494
v -0.000000 -0.065231 0.034678
v 0.004408 -0.067981 0.036539
v -0.000000 -0.066214 0.035544
v 0.000000 -0.068266 0.036863
v 0.000000 -0.068315 0.036886
v 0.000000 -0.068365 0.036908
v 0.000000 -0.062375 0.032159
v 0.008231 -0.064281 0.033836
v 0.012151 -0.063204 0.032764
v 0.014838 -0.058346 0.028187
v 0.011336 -0.059587 0.029440
v 0.021008 -0.055132 0.024898
v 0.018079 -0.056848 0.026661
v 0.025845 -0.051141 0.020749
v 0.020751 -0.040563 0.012872
v 0.023365 -0.035527 0.010536
v 0.022211 -0.030855 0.011173
v 0.021915 -0.028615 0.012067
v 0.028227 -0.022589 0.007588
v 0.025235 -0.025938 0.010210
v 0.025815 -0.030066 0.008658
v 0.027320 -0.053475 0.022667
v 0.028566 -0.055511 0.023608
v 0.030736 -0.052845 0.020776
v 0.030967 -0.048389 0.017121
v 0.030245 -0.053669 0.021622
v 0.032364 -0.050126 0.017624
v 0.032368 -0.050120 0.017617
v 0.033658 -0.047962 0.015182
v 0.033890 -0.047314 0.014489
v 0.034837 -0.044543 0.011103
v 0.029400 -0.046523 0.015885
v 0.026513 -0.042413 0.012923
v 0.033461 -0.043024 0.011064
v 0.036167 -0.040689 0.006506
v 0.035813 -0.041662 0.007829
v 0.036342 -0.038959 0.004314
v 0.034964 -0.037620 0.004689
v 0.034038 -0.033640 0.001829
v 0.036342 -0.038954 0.004308
v 0.033541 -0.036223 0.004792
v 0.031898 -0.030697 0.002511
v 0.027118 -0.034186 0.008230
v 0.028053 -0.036158 0.008488
v 0.032830 -0.038842 0.007669
v 0.031160 -0.033154 0.004798
v 0.030460 -0.027483 0.003307
v 0.026372 -0.032144 0.008286
v 0.006650 -0.067786 0.036350
v 0.008675 -0.067244 0.035810
v 0.008686 -0.067241 0.035807
v 0.012838 -0.066129 0.034698
v 0.012852 -0.066126 0.034694
v 0.013794 -0.065874 0.034443
v 0.016627 -0.064508 0.033055
v 0.023365 -0.060456 0.028881
v 0.025487 -0.058891 0.027251
v 0.026209 -0.058098 0.026397
v 0.028560 -0.055519 0.023616
v -0.025286 -0.022048 0.012441
v -0.028418 -0.019148 0.009539
v -0.021813 -0.043282 0.014292
v -0.020755 -0.040560 0.012870
v -0.024233 -0.037876 0.010896
v -0.029402 -0.046519 0.015880
v -0.025850 -0.051137 0.020744
v -0.023037 -0.045988 0.016219
v -0.021015 -0.055127 0.024893
v -0.023368 -0.035525 0.010534
v -0.022695 -0.033170 0.010638
v -0.021830 -0.024462 0.014566
v -0.021917 -0.028613 0.012066
v -0.022214 -0.030854 0.011172
v -0.018088 -0.056843 0.026656
v -0.011349 -0.059583 0.029436
v -0.014849 -0.058341 0.028183
v -0.012165 -0.063200 0.032760
v -0.008246 -0.064277 0.033832
v -0.004165 -0.064949 0.034492
v -0.004420 -0.067953 0.036510
v -0.032430 -0.050128 0.017642
v -0.029648 -0.054455 0.022486
v -0.030970 -0.048385 0.017116
v -0.027325 -0.053470 0.022661
v -0.033462 -0.043022 0.011061
v -0.034942 -0.044536 0.011126
v -0.033099 -0.049087 0.016477
v -0.033541 -0.036222 0.004790
v -0.036820 -0.036242 0.000939
v -0.036319 -0.038948 0.004295
v -0.034964 -0.037618 0.004688
v -0.035574 -0.042976 0.009292
v -0.034038 -0.033639 0.001828
v -0.032267 -0.034733 0.004790
v -0.031909 -0.041455 0.010486
v -0.030467 -0.039798 0.009734
v -0.026516 -0.042410 0.012920
v -0.025286 -0.040184 0.011714
v -0.029491 -0.029757 0.005115
v -0.030460 -0.027482 0.003307
v -0.031898 -0.030696 0.002510
v -0.031161 -0.033152 0.004797
v -0.029174 -0.038032 0.009018
v -0.028054 -0.036155 0.008486
v -0.027119 -0.034184 0.008228
v -0.026374 -0.032142 0.008284
v -0.025817 -0.030064 0.008656
v -0.029518 -0.020838 0.005948
v -0.028228 -0.022588 0.007587
v -0.029698 -0.024151 0.004434
v -0.028539 -0.026176 0.006048
v -0.025237 -0.025936 0.010209
v -0.007147 -0.067699 0.036264
v -0.012866 -0.066122 0.034691
v -0.008716 -0.067266 0.035832
v -0.013866 -0.065847 0.034416
v -0.015854 -0.061762 0.031313
v -0.016680 -0.064526 0.033075
v -0.019250 -0.060020 0.029538
v -0.019496 -0.063203 0.031733
v -0.022305 -0.058028 0.027479
v -0.020253 -0.062671 0.031182
v -0.024890 -0.059412 0.027800
v -0.023395 -0.060462 0.028890
v -0.028618 -0.055528 0.023635
v -0.026169 -0.058079 0.026371
v -0.037682 -0.034261 -0.003364
v -0.037429 -0.033989 -0.003150
v -0.037007 -0.029091 -0.009716
v -0.001730 -0.014013 -0.044013
v -0.006396 -0.014157 -0.043528
v -0.008338 -0.013164 -0.042765
v -0.006419 -0.014157 -0.043526
v -0.037637 -0.032129 -0.010434
v -0.038084 -0.036208 -0.004845
v -0.037342 -0.029748 -0.010292
v -0.038040 -0.035491 -0.004304
v -0.037792 -0.034638 -0.003651
v -0.033061 -0.022650 -0.024877
v -0.033244 -0.020892 -0.023619
v -0.032032 -0.021569 -0.026742
v -0.031376 -0.019027 -0.026829
v -0.031813 -0.021340 -0.027137
v -0.035472 -0.025925 -0.019528
v -0.035895 -0.025106 -0.016986
v -0.033941 -0.023632 -0.023206
v -0.033812 -0.023439 -0.023516
v -0.035550 -0.026100 -0.019266
v -0.035848 -0.026768 -0.018259
v -0.036208 -0.027577 -0.017042
v -0.036751 -0.028797 -0.015205
v -0.036808 -0.029011 -0.014899
v -0.037431 -0.031355 -0.011543
v -0.026393 -0.016814 -0.033478
v -0.026202 -0.017829 -0.034001
v -0.027445 -0.018479 -0.032665
v -0.029071 -0.018226 -0.030598
v -0.022111 -0.016404 -0.037270
v -0.023338 -0.015644 -0.036081
v -0.019740 -0.015790 -0.038799
v -0.019945 -0.014714 -0.038346
v -0.019299 -0.015676 -0.039083
v -0.022870 -0.016600 -0.036780
v -0.023124 -0.016694 -0.036568
v -0.024860 -0.017334 -0.035120
v -0.008234 -0.014283 -0.043123
v -0.011123 -0.014483 -0.042481
v -0.016270 -0.014010 -0.040229
v -0.012970 -0.014697 -0.041839
v -0.015268 -0.014963 -0.041040
v -0.016085 -0.015107 -0.040643
v -0.019211 -0.015660 -0.039126
v 0.000000 -0.014003 -0.044061
v 0.000000 -0.012897 -0.043652
v 0.000000 -0.012080 -0.042750
v 0.000000 -0.012036 -0.042644
v -0.008360 -0.012291 -0.041781
v -0.016323 -0.013129 -0.039331
v -0.020008 -0.013832 -0.037504
v -0.023403 -0.014764 -0.035292
v -0.026451 -0.015943 -0.032735
v -0.029114 -0.017369 -0.029892
v -0.019889 -0.013205 -0.036490
v -0.023270 -0.014122 -0.034364
v -0.026300 -0.015289 -0.031886
v -0.016216 -0.012523 -0.038232
v -0.033020 -0.020233 -0.022931
v -0.035613 -0.024451 -0.016357
v -0.031179 -0.018367 -0.026100
v -0.028941 -0.016710 -0.029109
v -0.028862 -0.019220 -0.031143
v -0.029187 -0.019390 -0.030793
v -0.029843 -0.019877 -0.029880
v -0.031140 -0.020840 -0.028075
v 0.000000 -0.011197 -0.040638
v 0.023606 -0.014685 -0.035440
v 0.009845 -0.014363 -0.042978
v 0.008301 -0.014277 -0.043241
v 0.008411 -0.013154 -0.042877
v 0.006515 -0.014177 -0.043544
v 0.004959 -0.014090 -0.043809
v 0.013193 -0.014698 -0.041984
v 0.016431 -0.013984 -0.040432
v 0.014407 -0.014819 -0.041623
v 0.019916 -0.015792 -0.039018
v 0.019494 -0.015692 -0.039269
v 0.020156 -0.014683 -0.038582
v 0.018630 -0.015488 -0.039783
v 0.016221 -0.015106 -0.040833
v 0.022443 -0.016390 -0.037515
v 0.023595 -0.015611 -0.036334
v 0.022471 -0.016400 -0.037493
v 0.026435 -0.017840 -0.034250
v 0.025802 -0.017536 -0.034889
v 0.026684 -0.016784 -0.033729
v 0.025234 -0.017342 -0.035333
v 0.023342 -0.016697 -0.036812
v 0.032313 -0.021632 -0.026878
v 0.031457 -0.020835 -0.028306
v 0.031606 -0.018952 -0.026931
v 0.031181 -0.020578 -0.028765
v 0.029348 -0.017288 -0.030018
v 0.030184 -0.019913 -0.030053
v 0.029147 -0.019222 -0.031392
v 0.029379 -0.018203 -0.030828
v 0.028715 -0.018934 -0.031950
v 0.027812 -0.018501 -0.032861
v 0.034925 -0.022877 -0.020371
v 0.034889 -0.024659 -0.021733
v 0.033457 -0.020827 -0.023693
v 0.034173 -0.023703 -0.023317
v 0.033331 -0.022578 -0.025183
v 0.038143 -0.034499 -0.007271
v 0.037631 -0.031408 -0.011590
v 0.037438 -0.029730 -0.010297
v 0.037552 -0.030927 -0.012262
v 0.036049 -0.025065 -0.017014
v 0.036967 -0.029083 -0.014958
v 0.036556 -0.027785 -0.016854
v 0.036444 -0.027563 -0.017198
v 0.036066 -0.026811 -0.018361
v 0.035178 -0.025045 -0.021093
v 0.037015 -0.029050 -0.009713
v 0.037948 -0.034667 -0.003646
v 0.008424 -0.012264 -0.041862
v 0.026676 -0.015861 -0.032878
v 0.016459 -0.013070 -0.039459
v 0.020180 -0.013761 -0.037646
v 0.035657 -0.024397 -0.016356
v 0.033097 -0.020169 -0.022939
v 0.038267 -0.036292 -0.004846
v 0.013320 -0.067908 0.035195
v 0.009879 -0.070745 0.036302
v 0.013632 -0.069722 0.035187
v 0.001279 -0.071796 0.037435
v 0.004678 -0.071546 0.037168
v 0.004581 -0.069786 0.037131
v 0.038191 -0.040292 0.000405
v 0.037585 -0.040296 0.003624
v 0.037939 -0.041987 0.002561
v 0.038178 -0.040378 0.000515
v 0.029700 -0.057238 0.023701
v 0.033607 -0.051730 0.017445
v 0.036176 -0.046020 0.010692
v 0.031263 -0.057844 0.021812
v 0.032629 -0.056071 0.019754
v 0.032791 -0.055860 0.019510
v 0.033377 -0.054865 0.018334
v 0.034165 -0.053526 0.016753
v 0.036566 -0.048078 0.010185
v 0.036655 -0.047770 0.009804
v 0.037526 -0.044767 0.006096
v 0.037592 -0.044326 0.005536
v 0.034748 -0.052537 0.015584
v 0.035155 -0.051601 0.014456
v 0.036323 -0.048914 0.011217
v 0.000000 -0.070033 0.037372
v 0.000000 -0.071812 0.037451
v 0.009253 -0.070852 0.036417
v 0.009049 -0.069069 0.036398
v 0.006807 -0.071269 0.036869
v 0.005564 -0.071481 0.037098
v 0.017318 -0.066346 0.033560
v 0.017724 -0.068182 0.033498
v 0.020985 -0.064439 0.031542
v 0.020325 -0.066885 0.032063
v 0.021225 -0.066435 0.031566
v 0.027186 -0.059828 0.026562
v 0.024281 -0.062247 0.029192
v 0.026233 -0.062947 0.027653
v 0.021462 -0.066284 0.031397
v 0.024470 -0.064367 0.029256
v 0.024808 -0.064095 0.028949
v 0.013781 -0.069681 0.035143
v 0.013899 -0.069649 0.035108
v 0.017589 -0.068249 0.033573
v 0.027592 -0.061854 0.026418
v 0.027763 -0.061680 0.026219
v 0.030266 -0.059138 0.023314
v -0.038096 -0.038391 -0.001961
v -0.037480 -0.040256 0.003621
v -0.037086 -0.039537 0.004034
v -0.004297 -0.071589 0.037220
v -0.004572 -0.069771 0.037113
v -0.004658 -0.071536 0.037164
v -0.013286 -0.067871 0.035154
v -0.013541 -0.069632 0.035104
v -0.012525 -0.069990 0.035494
v -0.009205 -0.070804 0.036375
v -0.009029 -0.069042 0.036366
v -0.008532 -0.070969 0.036554
v -0.006816 -0.071220 0.036824
v -0.020918 -0.064389 0.031496
v -0.020317 -0.066755 0.031948
v -0.020028 -0.066930 0.032142
v -0.017269 -0.066302 0.033515
v -0.026208 -0.062759 0.027490
v -0.024197 -0.062193 0.029150
v -0.026489 -0.062545 0.027249
v -0.027088 -0.059772 0.026524
v -0.024614 -0.063976 0.028854
v -0.023463 -0.064854 0.029839
v -0.021293 -0.066165 0.031294
v -0.017595 -0.068073 0.033399
v -0.016470 -0.068602 0.033980
v -0.013769 -0.069552 0.035016
v -0.031707 -0.056953 0.020852
v -0.031190 -0.057577 0.021571
v -0.029589 -0.057182 0.023668
v -0.033960 -0.053434 0.016724
v -0.033896 -0.053565 0.016880
v -0.033482 -0.051679 0.017422
v -0.033257 -0.054554 0.018040
v -0.032309 -0.056021 0.019760
v -0.037953 -0.040015 0.000133
v -0.037786 -0.041906 0.002571
v -0.037755 -0.042263 0.003031
v -0.037393 -0.043962 0.005161
v -0.036888 -0.046334 0.008135
v -0.036055 -0.045976 0.010680
v -0.036417 -0.047683 0.009783
v -0.035523 -0.050242 0.012910
v -0.035021 -0.051269 0.014137
v -0.033074 -0.050871 0.017623
v -0.035645 -0.045209 0.010988
v -0.030043 -0.058960 0.023164
v -0.029322 -0.059830 0.024167
v -0.027524 -0.061553 0.026123
v -0.021261 -0.021184 -0.038844
v -0.022414 -0.021623 -0.037908
v -0.027226 -0.023453 -0.034003
v -0.027839 -0.023862 -0.033228
v -0.038137 -0.040798 -0.005902
v -0.038247 -0.041531 -0.004838
v -0.038174 -0.038869 -0.004841
v -0.037354 -0.035569 -0.013487
v -0.037268 -0.034992 -0.014324
v -0.037071 -0.034561 -0.015002
v -0.035660 -0.031470 -0.019864
v -0.035130 -0.030308 -0.021692
v -0.035669 -0.027601 -0.019336
v -0.034242 -0.029280 -0.023452
v -0.034252 -0.027617 -0.023444
v -0.033156 -0.028022 -0.025606
v -0.032793 -0.027600 -0.026326
v -0.032397 -0.027142 -0.027111
v -0.031906 -0.026573 -0.028085
v -0.030167 -0.025414 -0.030283
v -0.029837 -0.025194 -0.030701
v -0.025602 -0.022836 -0.035321
v -0.025176 -0.022674 -0.035667
v -0.019468 -0.020808 -0.039748
v -0.020449 -0.021014 -0.039254
v -0.014495 -0.019765 -0.042258
v -0.014245 -0.019739 -0.042327
v -0.013200 -0.019631 -0.042614
v -0.007267 -0.019021 -0.044242
v -0.007051 -0.018998 -0.044301
v -0.006542 -0.018983 -0.044346
v -0.000000 -0.018778 -0.044925
v 0.002487 -0.018862 -0.044691
v 0.006520 -0.018999 -0.044311
v 0.008376 -0.019062 -0.044136
v 0.009343 -0.019175 -0.043839
v 0.013227 -0.019631 -0.042644
v 0.015687 -0.019919 -0.041888
v 0.016335 -0.019995 -0.041688
v 0.019559 -0.020777 -0.039860
v 0.021375 -0.021217 -0.038830
v 0.022618 -0.021519 -0.038125
v 0.023144 -0.021646 -0.037827
v 0.025331 -0.022600 -0.035846
v 0.026414 -0.023072 -0.034865
v 0.028028 -0.023776 -0.033403
v 0.028562 -0.024009 -0.032919
v 0.029959 -0.024991 -0.031067
v 0.030386 -0.025292 -0.030500
v 0.035028 -0.029933 -0.022322
v 0.034380 -0.029199 -0.023590
v 0.034411 -0.027582 -0.023570
v 0.033171 -0.027831 -0.025953
v 0.032929 -0.027558 -0.026426
v 0.035705 -0.031328 -0.020109
v 0.038384 -0.041534 -0.004840
v 0.038272 -0.039762 -0.007342
v 0.038334 -0.038913 -0.004843
v 0.037167 -0.034338 -0.015333
v 0.037200 -0.034501 -0.015092
v 0.037432 -0.035641 -0.013413
v 0.031812 -0.026294 -0.028609
v 0.032512 -0.027086 -0.027242
v 0.038388 -0.041682 -0.004634
v 0.038392 -0.041832 -0.004424
v 0.038043 -0.045448 0.000476
v 0.037965 -0.046255 0.001569
v 0.037692 -0.049088 0.005408
v 0.037651 -0.049207 0.005563
v 0.036795 -0.051751 0.008852
v 0.036457 -0.052752 0.010147
v 0.033417 -0.056092 0.018368
v 0.031157 -0.061974 0.021742
v 0.031849 -0.061234 0.020841
v 0.032404 -0.060638 0.020116
v 0.034717 -0.056754 0.015258
v 0.035066 -0.056167 0.014524
v 0.027955 -0.065404 0.025916
v 0.027701 -0.065676 0.026247
v 0.026140 -0.066790 0.027574
v 0.023462 -0.068701 0.029850
v 0.022465 -0.069413 0.030697
v 0.020225 -0.070465 0.031932
v 0.018295 -0.071372 0.032996
v 0.016084 -0.072411 0.034214
v 0.013704 -0.073060 0.034969
v 0.012490 -0.073391 0.035353
v 0.008840 -0.074386 0.036510
v 0.006783 -0.074610 0.036768
v 0.006381 -0.074653 0.036819
v 0.000001 -0.075181 0.037429
v 0.001803 -0.075151 0.037394
v 0.035621 -0.055235 0.013358
v 0.035107 -0.056099 0.014439
v -0.003038 -0.074940 0.037150
v -0.013741 -0.073070 0.034981
v -0.009397 -0.074118 0.036197
v -0.007440 -0.074590 0.036745
v -0.006806 -0.074640 0.036804
v -0.014489 -0.072889 0.034772
v -0.015579 -0.072438 0.034244
v -0.020180 -0.070533 0.032015
v -0.020283 -0.070468 0.031939
v -0.021106 -0.069953 0.031329
v -0.025755 -0.067044 0.027885
v -0.026138 -0.066687 0.027454
v -0.029833 -0.063240 0.023293
v -0.030643 -0.062484 0.022380
v -0.031122 -0.061811 0.021548
v -0.033396 -0.058619 0.017600
v -0.033298 -0.056042 0.018077
v -0.034193 -0.057500 0.016216
v -0.034805 -0.056124 0.014464
v -0.034931 -0.055841 0.014103
v -0.035908 -0.053646 0.011307
v -0.036722 -0.051819 0.008979
v -0.037345 -0.048918 0.005141
v -0.038250 -0.041681 -0.004629
v -0.037514 -0.048136 0.004106
v -0.038085 -0.045478 0.000589
v -0.038099 -0.045166 0.000160
v -0.038252 -0.041831 -0.004420
v -0.004796 -0.019516 -0.044524
v -0.007202 -0.019669 -0.044102
v -0.007253 -0.019338 -0.044265
v -0.035690 -0.031745 -0.020042
v -0.037338 -0.035866 -0.013679
v -0.038149 -0.041090 -0.006118
v -0.038162 -0.041840 -0.005061
v -0.038178 -0.041781 -0.005018
v -0.037961 -0.042019 -0.005383
v -0.037969 -0.042111 -0.005253
v -0.038028 -0.042042 -0.005205
v -0.038142 -0.041910 -0.005111
v -0.037899 -0.041367 -0.006307
v -0.037623 -0.038436 -0.010461
v -0.037190 -0.036645 -0.013103
v -0.035441 -0.032035 -0.020140
v -0.035650 -0.032365 -0.019606
v -0.035663 -0.032386 -0.019573
v -0.036849 -0.035240 -0.015176
v -0.037071 -0.036155 -0.013827
v -0.033952 -0.029690 -0.023934
v -0.033211 -0.028274 -0.025780
v -0.033162 -0.028815 -0.025427
v -0.029915 -0.025421 -0.030889
v -0.029706 -0.025727 -0.030892
v -0.029912 -0.025855 -0.030649
v -0.030068 -0.025952 -0.030464
v -0.032098 -0.027636 -0.027440
v -0.032952 -0.028582 -0.025825
v -0.027375 -0.024278 -0.033644
v -0.025641 -0.023072 -0.035497
v -0.025588 -0.023452 -0.035316
v -0.020395 -0.021642 -0.039198
v -0.021109 -0.021813 -0.038800
v -0.020427 -0.021295 -0.039357
v -0.024641 -0.023013 -0.036203
v -0.025452 -0.023389 -0.035444
v -0.014121 -0.020368 -0.042253
v -0.014212 -0.020383 -0.042215
v -0.014210 -0.020052 -0.042363
v -0.017256 -0.020890 -0.040950
v -0.020285 -0.021616 -0.039259
v -0.007253 -0.019672 -0.044093
v -0.009330 -0.019805 -0.043728
v -0.013541 -0.020271 -0.042494
v 0.000001 -0.019412 -0.044820
v -0.000250 -0.019412 -0.044818
v 0.000000 -0.019099 -0.044900
v -0.000000 -0.018951 -0.044938
v -0.038185 -0.042142 -0.004646
v -0.038198 -0.042083 -0.004603
v -0.038207 -0.041935 -0.004813
v -0.037973 -0.042260 -0.005045
v -0.038041 -0.042196 -0.005000
v -0.037976 -0.042409 -0.004838
v -0.038031 -0.042339 -0.004788
v 0.015662 -0.020210 -0.041962
v 0.033331 -0.028789 -0.025456
v 0.032983 -0.028367 -0.026167
v 0.033221 -0.028078 -0.026122
v 0.021394 -0.021779 -0.038864
v 0.021275 -0.021751 -0.038931
v 0.021400 -0.021455 -0.038997
v 0.038343 -0.041771 -0.005011
v 0.002500 -0.019132 -0.044866
v 0.008849 -0.019729 -0.043929
v 0.008382 -0.019703 -0.044001
v 0.009348 -0.019462 -0.043930
v 0.004487 -0.019489 -0.044604
v 0.002485 -0.019455 -0.044700
v 0.013407 -0.020191 -0.042688
v 0.012446 -0.020094 -0.042950
v 0.009294 -0.019774 -0.043808
v 0.020047 -0.021455 -0.039621
v 0.017750 -0.020901 -0.040910
v 0.016351 -0.020673 -0.041482
v 0.015546 -0.020541 -0.041812
v 0.026473 -0.023292 -0.035046
v 0.024533 -0.022823 -0.036586
v 0.023458 -0.022465 -0.037366
v 0.027618 -0.024231 -0.033716
v 0.026508 -0.023724 -0.034749
v 0.026261 -0.023611 -0.034979
v 0.032671 -0.027990 -0.026805
v 0.030288 -0.025913 -0.030516
v 0.029948 -0.025257 -0.031201
v 0.029726 -0.025559 -0.031190
v 0.029176 -0.025212 -0.031849
v 0.034427 -0.030114 -0.023218
v 0.035733 -0.031594 -0.020283
v 0.035471 -0.031883 -0.020376
v 0.037188 -0.036203 -0.013745
v 0.037008 -0.035413 -0.014904
v 0.037454 -0.035922 -0.013602
v 0.036040 -0.032973 -0.018651
v 0.035885 -0.032583 -0.019250
v 0.038298 -0.041834 -0.005056
v 0.038295 -0.041837 -0.005058
v 0.038122 -0.042079 -0.005229
v 0.038101 -0.042107 -0.005249
v 0.037803 -0.038904 -0.009779
v 0.037501 -0.037577 -0.011728
v 0.038321 -0.042140 -0.004647
v 0.038133 -0.042377 -0.004816
v 0.038135 -0.042230 -0.005027
v 0.038111 -0.042405 -0.004836
v 0.038106 -0.042255 -0.005044
v 0.038322 -0.042138 -0.004646
v 0.038318 -0.041989 -0.004855
v 0.021028 -0.071015 0.031021
v 0.023528 -0.069486 0.029240
v 0.023629 -0.069371 0.029478
v 0.027526 -0.066508 0.025743
v 0.027923 -0.066113 0.025274
v 0.028039 -0.065993 0.025484
v 0.033743 -0.058952 0.016631
v 0.034653 -0.057394 0.014715
v 0.034863 -0.057123 0.015027
v 0.038124 -0.046542 0.001361
v 0.028061 -0.065627 0.025817
v 0.031975 -0.061452 0.020750
v 0.023624 -0.068978 0.029812
v 0.018483 -0.071722 0.033040
v 0.012635 -0.073794 0.035457
v 0.006440 -0.075044 0.036906
v 0.037718 -0.047881 0.002554
v 0.037879 -0.046808 0.001136
v 0.038001 -0.046001 0.000068
v 0.037444 -0.049700 0.004960
v 0.036948 -0.052081 0.008632
v 0.036703 -0.052348 0.008363
v 0.034922 -0.056934 0.014149
v 0.036390 -0.053442 0.009766
v 0.036410 -0.053392 0.009704
v 0.034883 -0.056954 0.015173
v 0.032833 -0.060509 0.018546
v 0.031972 -0.061632 0.020597
v 0.031919 -0.061791 0.020429
v 0.028075 -0.065823 0.025663
v 0.023650 -0.069190 0.029664
v 0.018514 -0.071949 0.032902
v 0.018505 -0.072142 0.032715
v 0.012663 -0.074036 0.035328
v 0.012661 -0.074239 0.035142
v 0.006456 -0.075297 0.036784
v 0.006456 -0.075507 0.036599
v 0.000001 -0.075782 0.037221
v 0.000000 -0.075907 0.037064
v 0.029825 -0.064225 0.023026
v 0.030314 -0.063739 0.022448
v 0.031748 -0.061901 0.020228
v 0.024329 -0.068997 0.028670
v 0.024362 -0.068971 0.028639
v 0.027295 -0.066687 0.025955
v 0.021008 -0.071027 0.031035
v 0.018419 -0.072253 0.032454
v 0.013275 -0.074202 0.034698
v 0.013300 -0.074193 0.034688
v 0.017291 -0.072787 0.033072
v 0.017325 -0.072771 0.033053
v 0.006430 -0.075628 0.036329
v 0.009013 -0.075226 0.035870
v 0.009341 -0.075175 0.035812
v 0.012616 -0.074365 0.034885
v 0.000000 -0.076082 0.036844
v 0.001185 -0.076069 0.036831
v 0.004550 -0.075842 0.036572
v 0.005443 -0.075782 0.036504
v 0.000001 -0.075500 0.037373
v 0.000001 -0.075459 0.037380
v -0.003079 -0.075356 0.037265
v -0.003087 -0.075611 0.037146
v -0.003087 -0.075823 0.036960
v -0.015699 -0.072749 0.034240
v -0.009502 -0.074495 0.036269
v -0.021257 -0.070239 0.031300
v -0.029983 -0.063477 0.023220
v -0.025928 -0.067183 0.027678
v -0.033541 -0.058826 0.017511
v -0.003076 -0.075941 0.036683
v -0.004184 -0.075890 0.036625
v -0.004534 -0.075844 0.036573
v -0.007876 -0.075409 0.036077
v -0.009524 -0.074950 0.035959
v -0.008964 -0.075172 0.035807
v -0.015725 -0.073181 0.033919
v -0.015679 -0.073323 0.033688
v -0.015560 -0.073374 0.033747
v -0.013216 -0.074112 0.034593
v -0.011808 -0.074555 0.035101
v -0.009480 -0.075060 0.035679
v -0.021170 -0.070752 0.030715
v -0.020875 -0.070916 0.030905
v -0.021273 -0.070644 0.030969
v -0.019351 -0.071759 0.031885
v -0.017202 -0.072674 0.032940
v -0.025824 -0.067687 0.027132
v -0.025581 -0.067899 0.027382
v -0.025919 -0.067560 0.027344
v -0.024180 -0.068872 0.028522
v -0.022659 -0.069929 0.029758
v -0.029788 -0.063939 0.022680
v -0.029605 -0.064142 0.022923
v -0.029943 -0.063828 0.022892
v -0.028596 -0.065266 0.024269
v -0.027079 -0.066591 0.025836
v -0.031198 -0.062368 0.020799
v -0.033466 -0.059154 0.017203
v -0.033344 -0.059278 0.017038
v -0.009525 -0.074743 0.036145
v -0.015730 -0.072984 0.034106
v -0.021288 -0.070458 0.031156
v -0.025948 -0.067385 0.027526
v -0.029989 -0.063664 0.023066
v -0.033528 -0.059000 0.017361
v -0.036037 -0.053991 0.011078
v -0.035251 -0.055696 0.012605
v -0.033577 -0.058896 0.016571
v -0.033479 -0.059083 0.016802
v -0.036676 -0.051858 0.007744
v -0.037645 -0.048445 0.003890
v -0.036105 -0.053396 0.009691
v -0.035784 -0.054260 0.010786
v -0.037939 -0.044590 -0.001844
v -0.037593 -0.047854 0.002533
v -0.037397 -0.048711 0.003648
v -0.036800 -0.043942 -0.004840
v -0.036769 -0.043563 -0.005374
v -0.036690 -0.042595 -0.006739
v -0.036546 -0.040820 -0.009241
v -0.036028 -0.038327 -0.012879
v -0.035926 -0.037838 -0.013592
v -0.035706 -0.037229 -0.014517
v -0.032107 -0.030696 -0.024856
v -0.032526 -0.031142 -0.024094
v -0.034923 -0.035057 -0.017811
v -0.034443 -0.034184 -0.019194
v -0.033509 -0.032484 -0.021886
v -0.033084 -0.031904 -0.022840
v -0.032670 -0.031338 -0.023771
v -0.030634 -0.029132 -0.027530
v -0.029215 -0.028016 -0.029541
v -0.028945 -0.027803 -0.029925
v -0.028372 -0.027352 -0.030737
v -0.026309 -0.026108 -0.033096
v -0.024804 -0.025413 -0.034486
v -0.024449 -0.025249 -0.034814
v -0.023408 -0.024768 -0.035775
v -0.020191 -0.023676 -0.038101
v -0.019815 -0.023582 -0.038311
v -0.018965 -0.023372 -0.038788
v -0.016872 -0.022853 -0.039962
v -0.013810 -0.022317 -0.041245
v -0.012974 -0.022171 -0.041595
v -0.008841 -0.021699 -0.042790
v -0.007056 -0.021563 -0.043145
v -0.006596 -0.021528 -0.043236
v -0.006499 -0.021524 -0.043247
v -0.002143 -0.021341 -0.043736
v 0.000008 -0.021317 -0.043801
v 0.000140 -0.021319 -0.043795
v 0.035000 -0.035072 -0.017787
v 0.034843 -0.034787 -0.018240
v 0.036918 -0.043955 -0.004822
v 0.035749 -0.037261 -0.014482
v 0.036823 -0.042579 -0.006750
v 0.036788 -0.042068 -0.007465
v 0.036301 -0.039258 -0.011520
v 0.036166 -0.038480 -0.012643
v 0.033484 -0.032305 -0.022177
v 0.033174 -0.031917 -0.022826
v 0.032632 -0.031240 -0.023958
v 0.032209 -0.030711 -0.024842
v 0.031530 -0.029863 -0.026261
v 0.030642 -0.028994 -0.027773
v 0.029389 -0.028013 -0.029548
v 0.028328 -0.027182 -0.031053
v 0.028290 -0.027160 -0.031095
v 0.025722 -0.025681 -0.033934
v 0.025644 -0.025636 -0.034020
v 0.024702 -0.025233 -0.034842
v 0.022938 -0.024477 -0.036382
v 0.022777 -0.024426 -0.036492
v 0.019692 -0.023447 -0.038608
v 0.019489 -0.023400 -0.038714
v 0.019260 -0.023348 -0.038834
v 0.016110 -0.022632 -0.040480
v 0.015914 -0.022599 -0.040560
v 0.013722 -0.022229 -0.041453
v 0.013220 -0.022168 -0.041605
v 0.012096 -0.022033 -0.041946
v 0.009703 -0.021745 -0.042671
v 0.008147 -0.021634 -0.042961
v 0.006775 -0.021537 -0.043217
v 0.005491 -0.021445 -0.043456
v 0.004500 -0.021401 -0.043574
v -0.001313 -0.195746 -0.033030
v -0.000170 -0.195745 -0.033036
v -0.000135 -0.196679 -0.033944
v -0.032563 -0.200353 -0.004977
v -0.031433 -0.199168 -0.004837
v -0.031091 -0.199920 -0.011723
v -0.030586 -0.198912 -0.009733
v -0.030380 -0.198854 -0.010558
v -0.030349 -0.198846 -0.010682
v -0.031005 -0.199895 -0.012115
v -0.030078 -0.198776 -0.011505
v -0.030773 -0.199827 -0.013179
v -0.029026 -0.198507 -0.014701
v -0.028753 -0.199350 -0.017598
v -0.028396 -0.198366 -0.016018
v -0.028685 -0.199334 -0.017748
v -0.027768 -0.198225 -0.017330
v -0.027875 -0.199142 -0.019519
v -0.027262 -0.198112 -0.018388
v -0.026172 -0.197893 -0.020163
v -0.025479 -0.198703 -0.022547
v -0.025499 -0.197772 -0.021038
v -0.025472 -0.198702 -0.022557
v -0.024625 -0.197616 -0.022173
v -0.023848 -0.197478 -0.023181
v -0.023271 -0.198299 -0.025339
v -0.021630 -0.197143 -0.025348
v -0.021553 -0.198056 -0.026752
v -0.021116 -0.197065 -0.025851
v -0.021315 -0.198022 -0.026948
v -0.020763 -0.197019 -0.026129
v -0.019659 -0.197788 -0.028310
v -0.019567 -0.196862 -0.027071
v -0.016764 -0.197496 -0.029847
v -0.016930 -0.196569 -0.028739
v -0.016328 -0.196502 -0.029119
v -0.016172 -0.197437 -0.030161
v -0.016220 -0.196493 -0.029170
v -0.013391 -0.197157 -0.031638
v -0.012791 -0.196198 -0.030754
v -0.011535 -0.197051 -0.032150
v -0.011634 -0.196124 -0.031135
v -0.011146 -0.196092 -0.031296
v -0.010482 -0.196991 -0.032441
v -0.009592 -0.195993 -0.031807
v -0.006374 -0.196757 -0.033575
v -0.005983 -0.195841 -0.032562
v -0.005941 -0.196751 -0.033600
v -0.005738 -0.195831 -0.032614
v -0.005524 -0.195822 -0.032658
v -0.004137 -0.196729 -0.033707
v 0.004747 -0.195813 -0.032702
v 0.005612 -0.196793 -0.033405
v 0.000437 -0.195744 -0.033040
v 0.002742 -0.196696 -0.033864
v -0.000143 -0.195745 -0.033036
v 0.001600 -0.196658 -0.034046
v 0.010333 -0.196064 -0.031448
v 0.011204 -0.197059 -0.032112
v 0.008949 -0.195984 -0.031852
v 0.009495 -0.196924 -0.032784
v 0.005637 -0.195850 -0.032522
v 0.005434 -0.195841 -0.032563
v 0.010820 -0.196100 -0.031260
v 0.011281 -0.196134 -0.031081
v 0.015907 -0.197428 -0.030262
v 0.014124 -0.196344 -0.029982
v 0.016110 -0.197444 -0.030182
v 0.015824 -0.196512 -0.029051
v 0.016486 -0.197491 -0.029921
v 0.016561 -0.196585 -0.028648
v 0.017634 -0.196691 -0.028061
v 0.021180 -0.198075 -0.026661
v 0.020259 -0.197014 -0.026163
v 0.021242 -0.197158 -0.025242
v 0.021269 -0.198086 -0.026600
v 0.022062 -0.198185 -0.026050
v 0.023055 -0.197424 -0.023545
v 0.023964 -0.198514 -0.023865
v 0.024228 -0.197627 -0.022093
v 0.025151 -0.198720 -0.022501
v 0.025145 -0.197785 -0.020959
v 0.026759 -0.198998 -0.020655
v 0.025496 -0.197846 -0.020525
v 0.027633 -0.199190 -0.018974
v 0.027211 -0.198184 -0.017764
v 0.028389 -0.199357 -0.017521
v 0.027440 -0.198235 -0.017274
v 0.028062 -0.198372 -0.015948
v 0.030057 -0.199725 -0.014315
v 0.028901 -0.198558 -0.014156
v 0.029794 -0.198779 -0.011445
v 0.030789 -0.199921 -0.011672
v 0.030306 -0.199792 -0.013414
v 0.030102 -0.198856 -0.010508
v 0.030177 -0.198874 -0.010283
v 0.032032 -0.200255 -0.007183
v 0.030437 -0.198943 -0.009254
v 0.032035 -0.200256 -0.007172
v 0.031234 -0.199169 -0.004804
v 0.032369 -0.200355 -0.004955
v 0.000014 -0.076508 0.035911
v 0.000002 -0.076508 0.035912
v 0.003381 -0.076394 0.035780
v 0.004443 -0.076274 0.035640
v 0.006861 -0.076000 0.035323
v 0.007364 -0.075944 0.035257
v 0.008792 -0.075654 0.034919
v 0.011262 -0.075152 0.034335
v 0.011712 -0.075037 0.034201
v 0.012964 -0.074647 0.033745
v 0.013494 -0.074482 0.033552
v 0.015413 -0.073885 0.032854
v 0.016878 -0.073271 0.032133
v 0.018872 -0.072436 0.031153
v 0.019729 -0.071974 0.030606
v 0.020472 -0.071572 0.030132
v 0.022085 -0.070701 0.029104
v 0.023717 -0.069603 0.027799
v 0.024686 -0.068952 0.027024
v 0.025343 -0.068406 0.026370
v 0.026555 -0.067398 0.025163
v 0.027409 -0.066689 0.024312
v 0.029009 -0.065026 0.022299
v 0.029790 -0.064214 0.021316
v 0.030137 -0.063771 0.020774
v 0.031051 -0.062601 0.019342
v 0.031499 -0.062028 0.018642
v 0.032800 -0.059938 0.016053
v 0.033373 -0.059018 0.014912
v 0.033829 -0.058044 0.013686
v 0.034843 -0.055875 0.010956
v 0.035261 -0.054617 0.009342
v 0.035924 -0.052620 0.006779
v 0.036880 -0.046807 -0.000914
v 0.036774 -0.047630 0.000184
v 0.036567 -0.049252 0.002346
v 0.036397 -0.050577 0.004112
v 0.036225 -0.051321 0.005084
v -0.036780 -0.045963 -0.002060
v -0.036416 -0.049217 0.002305
v -0.036349 -0.049818 0.003112
v -0.036014 -0.051174 0.004881
v -0.035405 -0.053641 0.008098
v -0.035094 -0.054565 0.009285
v -0.035059 -0.054670 0.009419
v -0.033670 -0.057908 0.013521
v -0.033557 -0.058171 0.013854
v -0.032562 -0.059865 0.015959
v -0.031621 -0.061465 0.017949
v -0.030741 -0.062602 0.019340
v -0.029945 -0.063630 0.020598
v -0.029248 -0.064530 0.021701
v -0.028852 -0.064957 0.022218
v -0.028227 -0.065631 0.023036
v -0.026383 -0.067318 0.025066
v -0.025533 -0.068096 0.026002
v -0.025230 -0.068315 0.026263
v -0.023564 -0.069521 0.027700
v -0.022497 -0.070293 0.028619
v -0.020973 -0.071216 0.029713
v -0.020380 -0.071515 0.030066
v -0.019638 -0.071890 0.030508
v -0.017631 -0.072903 0.031702
v -0.016806 -0.073221 0.032074
v -0.014019 -0.074293 0.033332
v -0.013455 -0.074468 0.033537
v -0.012930 -0.074631 0.033727
v -0.012586 -0.074738 0.033852
v -0.008774 -0.075659 0.034926
v -0.008769 -0.075661 0.034928
v -0.006821 -0.075951 0.035265
v -0.004036 -0.076327 0.035702
v -0.004791 -0.076254 0.035617
v -0.004433 -0.076288 0.035657
v 0.034247 -0.127003 -0.004762
v 0.033053 -0.155593 -0.004778
v 0.031678 -0.155279 -0.012213
v 0.036940 -0.046458 -0.004819
v 0.036795 -0.062758 -0.004802
v 0.036437 -0.065223 -0.009643
v 0.036612 -0.042565 -0.009713
v 0.035898 -0.042532 -0.014559
v 0.034808 -0.042497 -0.019020
v 0.033382 -0.042460 -0.023103
v 0.029523 -0.031250 -0.029781
v 0.024858 -0.031237 -0.035358
v 0.019379 -0.031217 -0.039614
v 0.013277 -0.031198 -0.042607
v 0.006749 -0.031188 -0.044384
v -0.006739 -0.031216 -0.044384
v 0.000005 -0.031193 -0.044973
v -0.013264 -0.031252 -0.042607
v -0.019359 -0.031294 -0.039614
v -0.024820 -0.031329 -0.035360
v -0.029453 -0.031346 -0.029785
v -0.034905 -0.042560 -0.019054
v -0.033548 -0.042534 -0.023137
v -0.036552 -0.042600 -0.009742
v -0.036858 -0.061367 -0.004837
v -0.036621 -0.065250 -0.009703
v -0.036366 -0.082546 -0.004835
v -0.036767 -0.065297 -0.004836
v -0.036826 -0.062775 -0.004837
v -0.036311 -0.084912 -0.004835
v -0.035439 -0.087792 -0.014084
v -0.036185 -0.087969 -0.004835
v -0.034494 -0.110356 -0.013492
v -0.035257 -0.110582 -0.004832
v -0.033334 -0.155594 -0.004833
v -0.034615 -0.126215 -0.004830
v -0.034790 -0.121953 -0.004830
v -0.032293 -0.155283 -0.012319
v -0.030107 -0.154820 -0.018906
v -0.026884 -0.154298 -0.024413
v -0.022746 -0.153788 -0.028890
v -0.017843 -0.153341 -0.032360
v -0.012352 -0.152995 -0.034829
v -0.006469 -0.152776 -0.036299
v -0.000405 -0.152701 -0.036771
v 0.005631 -0.152773 -0.036249
v 0.011441 -0.152989 -0.034738
v 0.016848 -0.153334 -0.032241
v 0.021701 -0.153781 -0.028759
v 0.025871 -0.154293 -0.024282
v 0.029241 -0.154815 -0.018783
v 0.036117 -0.085563 -0.004784
v 0.036009 -0.087956 -0.004783
v 0.034866 -0.087760 -0.013983
v 0.034989 -0.110571 -0.004771
v 0.034554 -0.065050 -0.018863
v 0.035681 -0.065143 -0.014444
v 0.036778 -0.064704 -0.004801
v 0.036760 -0.065280 -0.004800
v 0.036213 -0.082531 -0.004787
v -0.000134 -0.042161 -0.045648
v 0.006664 -0.042162 -0.045041
v 0.013240 -0.042190 -0.043224
v 0.019390 -0.042241 -0.040171
v 0.024921 -0.042308 -0.035839
v 0.029650 -0.042383 -0.030172
v -0.032318 -0.110015 -0.021114
v -0.033214 -0.087527 -0.022208
v -0.028932 -0.109638 -0.027479
v -0.029722 -0.087234 -0.028970
v -0.024509 -0.109273 -0.032642
v -0.025158 -0.086951 -0.034433
v -0.019243 -0.108956 -0.036631
v -0.019731 -0.086707 -0.038638
v -0.013343 -0.108712 -0.039462
v -0.013660 -0.086518 -0.041614
v -0.007034 -0.108557 -0.041144
v -0.007173 -0.086396 -0.043381
v -0.000543 -0.108498 -0.041684
v -0.000498 -0.086348 -0.043951
v 0.005912 -0.108540 -0.041087
v 0.006144 -0.086375 -0.043331
v 0.012130 -0.108681 -0.039357
v 0.012549 -0.086478 -0.041523
v 0.017927 -0.108914 -0.036495
v 0.018531 -0.086652 -0.038519
v 0.023145 -0.109225 -0.032492
v 0.023921 -0.086888 -0.034301
v 0.027637 -0.109591 -0.027330
v 0.028560 -0.087171 -0.028839
v 0.031251 -0.109977 -0.020975
v 0.032278 -0.087476 -0.022087
v 0.033803 -0.110331 -0.013376
v -0.036026 -0.065182 -0.014516
v 0.033097 -0.064950 -0.022913
v 0.029325 -0.064747 -0.029939
v 0.024590 -0.064560 -0.035595
v 0.019076 -0.064405 -0.039940
v 0.012958 -0.064292 -0.043018
v 0.006415 -0.064227 -0.044861
v -0.000360 -0.064213 -0.045485
v -0.007158 -0.064250 -0.044895
v -0.013760 -0.064337 -0.043080
v -0.019939 -0.064468 -0.040021
v -0.025471 -0.064634 -0.035685
v -0.030139 -0.064821 -0.030030
v -0.033728 -0.065012 -0.022997
v -0.035052 -0.065102 -0.018943
v -0.035917 -0.042582 -0.014592
v -0.033749 -0.053764 -0.023174
v -0.030127 -0.053632 -0.030261
v -0.025437 -0.053497 -0.035950
v -0.019889 -0.053373 -0.040302
v -0.013696 -0.053272 -0.043369
v -0.007078 -0.053203 -0.045189
v -0.000257 -0.053171 -0.045784
v 0.006548 -0.053179 -0.045166
v 0.013125 -0.053225 -0.043327
v 0.019276 -0.053307 -0.040247
v 0.024817 -0.053419 -0.035888
v 0.029565 -0.053552 -0.030198
v 0.033332 -0.053696 -0.023113
v -0.029915 -0.042469 -0.030205
v -0.025233 -0.042391 -0.035870
v -0.019705 -0.042311 -0.040199
v -0.013537 -0.042240 -0.043245
v -0.006940 -0.042187 -0.045053
v 0.034475 -0.121943 -0.004764
v -0.031310 -0.200264 -0.012228
v -0.008049 -0.197664 -0.033598
v -0.010563 -0.197806 -0.032896
v -0.010586 -0.197337 -0.032879
v 0.032436 -0.200462 -0.004967
v 0.032244 -0.200595 -0.007239
v 0.032643 -0.201090 -0.005018
v 0.032521 -0.201055 -0.005916
v 0.032594 -0.200779 -0.005000
v 0.032581 -0.200694 -0.004995
v 0.030587 -0.200153 -0.013540
v 0.032255 -0.200981 -0.007260
v 0.031672 -0.200821 -0.010196
v 0.031079 -0.200674 -0.012029
v 0.030580 -0.200551 -0.013575
v 0.027959 -0.199559 -0.019202
v 0.030187 -0.200453 -0.014790
v 0.028617 -0.200112 -0.018054
v 0.028201 -0.200021 -0.018920
v 0.027973 -0.199977 -0.019261
v 0.024279 -0.198876 -0.024203
v 0.025833 -0.199570 -0.022464
v 0.025283 -0.199478 -0.023087
v 0.021461 -0.198443 -0.026906
v 0.021425 -0.198885 -0.026941
v 0.023366 -0.199160 -0.025257
v 0.024255 -0.199308 -0.024250
v 0.016006 -0.197797 -0.030531
v 0.021174 -0.198850 -0.027159
v 0.020344 -0.198732 -0.027880
v 0.016707 -0.198316 -0.030232
v 0.016466 -0.198294 -0.030346
v 0.009619 -0.197306 -0.033027
v 0.015984 -0.198251 -0.030573
v 0.013089 -0.197995 -0.031936
v 0.011214 -0.197873 -0.032553
v 0.009606 -0.197768 -0.033081
v 0.002774 -0.197055 -0.034241
v 0.009184 -0.197740 -0.033220
v 0.005635 -0.197597 -0.033918
v 0.004695 -0.197559 -0.034102
v 0.002767 -0.197528 -0.034249
v -0.004168 -0.197073 -0.034150
v 0.000561 -0.197493 -0.034416
v -0.000129 -0.197499 -0.034389
v -0.003949 -0.197531 -0.034240
v -0.004163 -0.197537 -0.034206
v -0.005907 -0.197594 -0.033933
v -0.016358 -0.197786 -0.030585
v -0.011524 -0.197860 -0.032627
v -0.012159 -0.197896 -0.032450
v -0.015628 -0.198170 -0.031022
v -0.016333 -0.198242 -0.030628
v -0.021503 -0.198385 -0.027242
v -0.021541 -0.198839 -0.027234
v -0.022207 -0.198924 -0.026737
v -0.016779 -0.198287 -0.030378
v -0.018964 -0.198510 -0.029157
v -0.021475 -0.198831 -0.027283
v -0.024882 -0.199335 -0.024108
v -0.025630 -0.199469 -0.023145
v -0.025825 -0.199069 -0.022892
v -0.029015 -0.199705 -0.017953
v -0.025795 -0.199498 -0.022933
v -0.027270 -0.199762 -0.021033
v -0.028951 -0.200109 -0.018103
v -0.029012 -0.200121 -0.017998
v -0.029413 -0.200204 -0.017298
v -0.032628 -0.200457 -0.004989
v -0.032775 -0.200693 -0.005015
v -0.032788 -0.200777 -0.005020
v -0.032160 -0.200889 -0.009163
v -0.032836 -0.201090 -0.005038
v -0.030991 -0.200576 -0.013432
v -0.031311 -0.200662 -0.012263
v -0.031364 -0.200676 -0.012071
v 0.034541 -0.122007 0.000016
v -0.036013 -0.062790 0.004889
v -0.033641 -0.062702 0.013517
v -0.033245 -0.082448 0.013340
v -0.029649 -0.082249 0.020439
v -0.019522 -0.081828 0.030426
v -0.025009 -0.082030 0.026113
v -0.013384 -0.081670 0.033450
v -0.006802 -0.081570 0.035242
v 0.006826 -0.081572 0.035267
v 0.000009 -0.081536 0.035844
v 0.013426 -0.081674 0.033497
v 0.019592 -0.081833 0.030496
v 0.025116 -0.082034 0.026208
v 0.029788 -0.082251 0.020569
v 0.033387 -0.082447 0.013513
v 0.033821 -0.062701 0.013699
v 0.036147 -0.062784 0.005087
v 0.036713 -0.062788 0.000206
v 0.036176 -0.082573 0.000165
v 0.031545 -0.199276 -0.000263
v 0.031550 -0.199277 -0.000404
v 0.031434 -0.199237 -0.002017
v 0.034122 -0.121997 0.004652
v 0.031383 -0.199271 0.003912
v 0.031479 -0.199274 0.001429
v 0.033270 -0.121927 0.008919
v 0.031289 -0.199257 0.004764
v 0.031363 -0.199268 0.004095
v 0.030559 -0.199134 0.008717
v 0.030642 -0.199148 0.008265
v 0.030679 -0.199155 0.008063
v 0.028599 -0.121502 0.019611
v 0.026838 -0.198535 0.017450
v 0.032037 -0.121812 0.012828
v 0.028316 -0.198764 0.014733
v 0.028710 -0.198826 0.014009
v 0.029357 -0.198932 0.012486
v 0.029618 -0.198976 0.011668
v 0.024099 -0.121153 0.025070
v 0.022367 -0.197940 0.022825
v 0.022721 -0.197980 0.022524
v 0.024542 -0.198212 0.020568
v 0.024592 -0.198219 0.020500
v 0.026527 -0.198491 0.017873
v 0.016315 -0.197320 0.027281
v 0.017395 -0.197422 0.026586
v 0.018776 -0.120827 0.029260
v 0.019573 -0.197627 0.025183
v 0.019689 -0.197638 0.025108
v 0.012841 -0.120567 0.032224
v 0.011881 -0.197003 0.029267
v 0.013593 -0.197118 0.028562
v 0.014864 -0.197203 0.028039
v 0.006501 -0.120400 0.033993
v 0.006001 -0.196727 0.030904
v 0.006911 -0.196756 0.030741
v 0.007052 -0.196762 0.030702
v 0.010989 -0.196944 0.029635
v -0.000077 -0.196637 0.031422
v 0.000202 -0.196635 0.031430
v -0.000039 -0.120341 0.034587
v 0.000874 -0.196632 0.031449
v 0.005170 -0.196701 0.031054
v -0.003403 -0.196654 0.031325
v -0.006575 -0.120396 0.034012
v -0.006044 -0.196713 0.030986
v -0.006663 -0.196738 0.030844
v -0.012899 -0.120562 0.032257
v -0.010068 -0.196872 0.030061
v -0.018806 -0.120822 0.029295
v -0.017569 -0.197403 0.026722
v -0.017068 -0.197354 0.027059
v -0.013883 -0.197102 0.028673
v -0.013267 -0.197065 0.028897
v -0.012037 -0.196991 0.029344
v -0.019274 -0.197569 0.025574
v -0.024096 -0.121149 0.025085
v -0.020321 -0.197672 0.024869
v -0.025292 -0.198282 0.019937
v -0.024367 -0.198160 0.020989
v -0.028568 -0.121501 0.019577
v -0.023213 -0.198008 0.022301
v -0.022512 -0.197926 0.022923
v -0.032010 -0.121814 0.012717
v -0.029798 -0.198980 0.011685
v -0.029233 -0.198885 0.013179
v -0.028185 -0.198716 0.015295
v -0.027491 -0.198605 0.016697
v -0.026653 -0.198482 0.017931
v -0.029924 -0.199002 0.011352
v -0.033272 -0.121930 0.008767
v -0.030596 -0.199117 0.008861
v -0.031599 -0.199280 0.003100
v -0.031472 -0.199260 0.004008
v -0.034184 -0.122001 0.004465
v -0.031010 -0.199188 0.007328
v -0.030822 -0.199156 0.008023
v -0.031681 -0.199287 0.001748
v -0.031662 -0.199286 0.002059
v -0.034707 -0.122013 -0.000189
v -0.031617 -0.199231 -0.002842
v -0.031637 -0.199249 -0.001395
v -0.031651 -0.199261 -0.000386
v -0.035582 -0.082571 0.004782
v 0.035650 -0.082566 0.004988
v 0.024363 -0.208062 -0.021671
v 0.026088 -0.208062 -0.019662
v 0.025989 -0.208063 0.000422
v 0.026283 -0.208062 -0.019435
v 0.027703 -0.208062 -0.017203
v 0.028281 -0.208063 -0.016296
v 0.029900 -0.208063 -0.012761
v 0.030237 -0.208063 -0.011680
v 0.031081 -0.208063 -0.008979
v 0.031853 -0.208063 -0.004965
v 0.032150 -0.208063 -0.002145
v 0.032221 -0.208063 -0.000809
v 0.032206 -0.208063 -0.000163
v 0.015468 -0.208062 -0.027989
v 0.015703 -0.208062 -0.027879
v 0.015568 -0.208063 0.000372
v 0.015761 -0.208062 -0.027851
v 0.017794 -0.208062 -0.026717
v 0.022849 -0.208063 -0.023218
v 0.023881 -0.208062 -0.022233
v 0.016435 -0.208062 -0.027533
v 0.019829 -0.208062 -0.025574
v 0.020336 -0.208062 -0.025179
v 0.005402 -0.208063 -0.030771
v -0.000063 -0.208063 0.000297
v 0.003816 -0.208063 -0.030986
v 0.000086 -0.208063 -0.031130
v 0.007050 -0.208063 -0.030547
v 0.010726 -0.208063 -0.029671
v 0.011399 -0.208062 -0.029510
v -0.032012 -0.208063 -0.004985
v -0.032367 -0.208063 -0.000639
v -0.032354 -0.208063 -0.000161
v -0.031171 -0.208063 -0.009387
v -0.030424 -0.208063 -0.011703
v -0.029877 -0.208062 -0.013402
v -0.029356 -0.208062 -0.014630
v -0.027947 -0.208063 -0.017252
v -0.027565 -0.208063 -0.017963
v -0.025350 -0.208062 -0.020961
v -0.024638 -0.208062 -0.021742
v -0.024370 -0.208062 -0.022036
v -0.021644 -0.208063 -0.024482
v -0.020563 -0.208062 -0.025210
v -0.018560 -0.208062 -0.026559
v -0.016217 -0.208062 -0.027784
v -0.015968 -0.208062 -0.027883
v -0.012460 -0.208062 -0.029269
v -0.010902 -0.208063 -0.029682
v -0.008455 -0.208063 -0.030332
v -0.005456 -0.208063 -0.030834
v -0.000852 -0.208063 -0.031167
v -0.000078 -0.208063 -0.031137
v -0.031634 -0.208062 0.007760
v -0.032149 -0.208062 0.004281
v -0.031524 -0.208062 0.008261
v -0.028910 -0.208062 0.015398
v -0.028916 -0.208062 0.015384
v -0.000136 -0.208063 0.015517
v -0.030395 -0.208062 0.012063
v -0.030396 -0.208062 0.012060
v -0.032248 -0.208063 0.003613
v -0.032345 -0.208063 0.000143
v -0.022748 -0.208063 0.023450
v -0.022800 -0.208063 0.023396
v -0.025450 -0.208062 0.020635
v -0.027095 -0.208062 0.018368
v -0.027751 -0.208062 0.017465
v -0.028804 -0.208062 0.015636
v -0.000214 -0.208063 0.031692
v -0.002299 -0.208063 0.031697
v -0.000184 -0.208063 0.025664
v -0.004213 -0.208063 0.031537
v -0.006113 -0.208063 0.031211
v -0.008503 -0.208063 0.030800
v -0.012062 -0.208063 0.029725
v -0.012635 -0.208063 0.029552
v -0.014036 -0.208063 0.028994
v -0.017698 -0.208062 0.027154
v -0.017712 -0.208062 0.027147
v -0.020033 -0.208062 0.025570
v -0.021074 -0.208062 0.024863
v 0.013422 -0.208063 0.029107
v 0.011988 -0.208063 0.029598
v 0.015438 -0.208063 0.028127
v 0.009498 -0.208063 0.030450
v 0.006425 -0.208063 0.031156
v 0.006067 -0.208063 0.031200
v 0.002102 -0.208063 0.031686
v -0.000025 -0.208063 0.031691
v 0.015448 -0.208063 0.025737
v 0.017600 -0.208063 0.026990
v 0.017085 -0.208063 0.027327
v 0.025897 -0.208063 0.019791
v 0.023496 -0.208063 0.022503
v 0.015496 -0.208063 0.015592
v 0.022675 -0.208063 0.023213
v 0.020516 -0.208062 0.025078
v 0.019477 -0.208062 0.025759
v 0.028552 -0.208062 0.015657
v 0.027923 -0.208062 0.016885
v 0.025916 -0.208062 0.015643
v 0.026995 -0.208062 0.018243
v 0.026073 -0.208063 0.019592
v 0.032192 -0.208063 0.000451
v 0.032121 -0.208063 0.003573
v 0.032021 -0.208062 0.004251
v 0.031496 -0.208062 0.007790
v 0.031372 -0.208062 0.008294
v 0.031048 -0.208062 0.009606
v 0.030223 -0.208062 0.011951
v 0.029727 -0.208062 0.013362
v 0.028755 -0.208062 0.015261
v 0.016263 -0.203347 -0.029507
v 0.005585 -0.202851 -0.032927
v 0.032289 -0.205424 -0.004990
v 0.030824 -0.205116 -0.011915
v 0.032327 -0.205198 -0.004992
v 0.032430 -0.204576 -0.004998
v 0.032646 -0.201090 -0.004995
v 0.028341 -0.204681 -0.017753
v 0.025011 -0.204204 -0.022594
v 0.020945 -0.203745 -0.026499
v 0.011094 -0.203042 -0.031645
v -0.000102 -0.202784 -0.033362
v -0.005799 -0.202846 -0.032950
v -0.011332 -0.203035 -0.031687
v -0.016531 -0.203338 -0.029563
v -0.021238 -0.203736 -0.026560
v -0.025309 -0.204198 -0.022652
v -0.028618 -0.204678 -0.017799
v -0.031052 -0.205117 -0.011946
v -0.032499 -0.205201 -0.005012
v -0.032605 -0.204576 -0.005018
v -0.032839 -0.201091 -0.005015
v -0.032461 -0.205427 -0.005010
v 0.032372 -0.200356 -0.004932
v 0.032439 -0.200463 -0.004944
v 0.032581 -0.200692 -0.004971
v 0.032583 -0.200695 -0.004972
v 0.032597 -0.200780 -0.004977
v -0.027852 -0.199643 0.018239
v -0.030944 -0.200162 0.011722
v -0.032617 -0.200452 0.003984
v -0.032782 -0.200477 0.002597
v -0.032784 -0.200477 0.002478
v -0.032810 -0.200458 -0.000344
v -0.032823 -0.200448 -0.001730
v -0.032566 -0.200354 -0.004954
v -0.032297 -0.200402 0.006669
v -0.031831 -0.200319 0.008759
v -0.031630 -0.200284 0.009661
v -0.030476 -0.200079 0.013129
v -0.029838 -0.199971 0.014466
v -0.028711 -0.199780 0.016829
v -0.024392 -0.199137 0.022682
v -0.023533 -0.199029 0.023480
v -0.026609 -0.199455 0.019988
v -0.027045 -0.199518 0.019458
v -0.027537 -0.199593 0.018743
v -0.027643 -0.199610 0.018584
v -0.011074 -0.197880 0.030903
v -0.011524 -0.197910 0.030728
v -0.012484 -0.197975 0.030356
v -0.014963 -0.198142 0.029396
v -0.017296 -0.198347 0.028148
v -0.018273 -0.198433 0.027625
v -0.018362 -0.198442 0.027562
v -0.021658 -0.198794 0.025221
v -0.022380 -0.198884 0.024551
v 0.006707 -0.197711 0.031833
v 0.004335 -0.197629 0.032284
v 0.001688 -0.197597 0.032451
v 0.000253 -0.197580 0.032542
v -0.000124 -0.197576 0.032566
v -0.004211 -0.197616 0.032347
v -0.005176 -0.197643 0.032201
v -0.006221 -0.197672 0.032044
v -0.007070 -0.197696 0.031916
v 0.012962 -0.198027 0.030080
v 0.008776 -0.197784 0.031440
v 0.008498 -0.197774 0.031493
v 0.018736 -0.198519 0.027059
v 0.016924 -0.198341 0.028209
v 0.014905 -0.198180 0.029165
v 0.013004 -0.198029 0.030066
v 0.023856 -0.199103 0.022906
v 0.023269 -0.199023 0.023551
v 0.020633 -0.198716 0.025740
v 0.020041 -0.198647 0.026231
v 0.028056 -0.199707 0.017547
v 0.026076 -0.199405 0.020464
v 0.025119 -0.199275 0.021517
v 0.028449 -0.199767 0.016968
v 0.028724 -0.199813 0.016404
v 0.030329 -0.200080 0.013112
v 0.032480 -0.200456 0.004443
v 0.031657 -0.200313 0.009028
v 0.031119 -0.200219 0.010681
v 0.031027 -0.200203 0.010966
v 0.032705 -0.200475 0.000054
v 0.032622 -0.200445 -0.001189
v 0.032545 -0.200462 0.003174
v 0.032570 -0.200427 -0.001964
v -0.032630 -0.200458 -0.004965
v -0.032775 -0.200691 -0.004991
v -0.032777 -0.200694 -0.004992
v -0.032790 -0.200778 -0.004997
v -0.018104 -0.203826 0.027815
v -0.012374 -0.203497 0.030538
v 0.032720 -0.205297 -0.000129
v -0.029990 -0.200713 0.014598
v -0.030964 -0.200873 0.012316
v -0.030869 -0.205069 0.012274
v -0.032927 -0.201157 -0.000100
v -0.032865 -0.205301 -0.000128
v -0.032974 -0.201192 0.002499
v -0.032655 -0.205294 0.004376
v -0.032994 -0.201206 0.003602
v -0.032840 -0.201181 0.004411
v -0.031637 -0.200984 0.010742
v -0.031999 -0.201044 0.008837
v -0.031970 -0.205210 0.008507
v -0.032053 -0.201052 0.008550
v -0.027620 -0.204679 0.018757
v -0.027676 -0.200356 0.018798
v -0.028900 -0.200533 0.017149
v -0.029403 -0.204887 0.015687
v -0.022446 -0.199665 0.024727
v -0.023343 -0.199767 0.023986
v -0.023267 -0.204238 0.023911
v -0.024591 -0.199910 0.022955
v -0.026685 -0.200213 0.020133
v -0.019018 -0.199272 0.027557
v -0.018202 -0.199206 0.027960
v -0.017360 -0.199138 0.028376
v -0.012488 -0.198745 0.030784
v -0.011578 -0.198706 0.031008
v -0.006287 -0.203289 0.032135
v -0.006313 -0.198477 0.032299
v -0.005172 -0.198427 0.032578
v -0.000028 -0.203221 0.032642
v -0.000026 -0.198402 0.032716
v 0.006226 -0.203297 0.032073
v 0.002813 -0.198389 0.032791
v 0.001705 -0.198394 0.032762
v 0.010665 -0.198662 0.031260
v 0.008516 -0.198587 0.031679
v 0.006229 -0.198508 0.032125
v 0.014938 -0.198977 0.029358
v 0.012327 -0.198785 0.030520
v 0.012302 -0.203510 0.030424
v 0.017888 -0.199195 0.028044
v 0.018018 -0.203840 0.027667
v 0.018129 -0.199221 0.027857
v 0.027511 -0.204686 0.018620
v 0.027603 -0.200370 0.018680
v 0.023168 -0.204250 0.023754
v 0.025226 -0.200036 0.021719
v 0.023963 -0.199858 0.023334
v 0.023279 -0.199783 0.023864
v 0.020660 -0.199497 0.025895
v 0.031912 -0.201052 0.008486
v 0.031418 -0.200971 0.010985
v 0.030753 -0.205069 0.012183
v 0.030860 -0.200880 0.012228
v 0.029291 -0.204890 0.015570
v 0.028907 -0.200564 0.016580
v 0.028450 -0.200490 0.017597
v 0.031850 -0.205208 0.008447
v 0.032685 -0.201179 0.004571
v 0.032526 -0.205291 0.004347
v 0.032798 -0.201165 -0.000101
v 0.032835 -0.201204 0.003812
v 0.032721 -0.201185 0.004387
v 0.032761 -0.201125 -0.003996
v 0.032780 -0.201145 -0.002000
v -0.033006 -0.200814 0.002492
v 0.008549 -0.198122 0.031764
v 0.001702 -0.197939 0.032779
v -0.030101 -0.200320 0.014614
v -0.032076 -0.200663 0.008832
v -0.026819 -0.199801 0.020186
v -0.022552 -0.199230 0.024795
v -0.017419 -0.198691 0.028424
v -0.011596 -0.198257 0.031004
v -0.005206 -0.197991 0.032486
v 0.015021 -0.198521 0.029470
v 0.020787 -0.199060 0.025992
v 0.025331 -0.199620 0.021746
v 0.028955 -0.200159 0.016560
v 0.032686 -0.200791 0.004571
v 0.031400 -0.200569 0.010788
v 0.032854 -0.200780 -0.001989
v -0.033847 -0.028956 -0.024682
v -0.034250 -0.030498 -0.021948
v -0.032505 -0.027550 -0.027117
v -0.031532 -0.027272 -0.027349
v -0.032179 -0.027207 -0.027709
v -0.034168 -0.029387 -0.023964
v -0.034382 -0.029675 -0.023485
v -0.034253 -0.030498 -0.021949
v -0.034956 -0.030446 -0.022203
v -0.030092 -0.025522 -0.030767
v -0.030364 -0.025740 -0.030371
v -0.028155 -0.024727 -0.031965
v -0.032119 -0.027145 -0.027818
v -0.027756 -0.024087 -0.033517
v -0.027977 -0.024223 -0.033257
v -0.028699 -0.024667 -0.032406
v -0.026459 -0.024162 -0.032722
v -0.027085 -0.024552 -0.031996
v -0.027532 -0.024830 -0.031479
v -0.026289 -0.023357 -0.034981
v -0.025758 -0.023446 -0.034459
v -0.025756 -0.023446 -0.034458
v -0.025227 -0.023535 -0.033938
v -0.030866 -0.027344 -0.026984
v -0.030746 -0.027215 -0.027200
v -0.029376 -0.026098 -0.029169
v -0.028757 -0.025593 -0.030060
v -0.033549 -0.030550 -0.021694
v -0.033233 -0.030117 -0.022395
v -0.032785 -0.029501 -0.023390
v -0.032441 -0.029028 -0.024154
v -0.031429 -0.027946 -0.025972
v -0.025365 -0.022974 -0.035778
v -0.020999 -0.021451 -0.039070
v -0.021733 -0.021686 -0.038551
v -0.021324 -0.021770 -0.037974
v -0.022568 -0.021955 -0.037960
v -0.024049 -0.022430 -0.036912
v -0.016433 -0.020591 -0.040697
v -0.016741 -0.020499 -0.041326
v -0.017707 -0.020665 -0.040912
v -0.019624 -0.021123 -0.039839
v -0.016094 -0.020715 -0.040006
v -0.013458 -0.020256 -0.041121
v -0.013727 -0.020142 -0.041811
v -0.013728 -0.020141 -0.041814
v -0.013997 -0.020027 -0.042501
v -0.020864 -0.021892 -0.037340
v -0.019996 -0.021609 -0.037946
v -0.019061 -0.021384 -0.038460
v -0.016767 -0.020832 -0.039721
v -0.024593 -0.023267 -0.034481
v -0.022986 -0.022585 -0.035858
v -0.021899 -0.022230 -0.036617
v -0.002550 -0.019387 -0.043407
v -0.001499 -0.019374 -0.043443
v -0.001533 -0.019246 -0.044205
v -0.013352 -0.019948 -0.042709
v -0.006693 -0.019317 -0.044399
v -0.007771 -0.019510 -0.043465
v -0.002948 -0.019153 -0.044863
v -0.001564 -0.019135 -0.044916
v -0.007060 -0.019333 -0.044354
v -0.007914 -0.019404 -0.044161
v -0.011068 -0.019666 -0.043447
v 0.000114 -0.019353 -0.043499
v 0.000112 -0.019233 -0.044243
v 0.000110 -0.019113 -0.044980
v -0.006520 -0.019556 -0.042940
v -0.006591 -0.019559 -0.042932
v -0.012989 -0.020197 -0.041271
v -0.010527 -0.019888 -0.042060
v -0.007611 -0.019644 -0.042706
v 0.006745 -0.019297 -0.044456
v 0.003206 -0.019149 -0.044875
v 0.000163 -0.019114 -0.044978
v 0.007233 -0.019317 -0.044398
v 0.007025 -0.019309 -0.044422
v 0.006626 -0.019406 -0.043742
v 0.011134 -0.019629 -0.043546
v 0.012650 -0.019811 -0.043067
v 0.012428 -0.019905 -0.042397
v 0.013694 -0.019937 -0.042738
v 0.013998 -0.020110 -0.041867
v 0.014263 -0.020005 -0.042558
v 0.003210 -0.019389 -0.043390
v 0.006503 -0.019531 -0.042987
v 0.006851 -0.019546 -0.042944
v 0.007150 -0.019559 -0.042908
v 0.013731 -0.020215 -0.041172
v 0.013997 -0.020110 -0.041865
v 0.013334 -0.020166 -0.041298
v 0.012184 -0.020025 -0.041665
v 0.010960 -0.019874 -0.042055
v 0.000163 -0.019354 -0.043498
v 0.025675 -0.022959 -0.035808
v 0.024798 -0.022616 -0.036535
v 0.024342 -0.022669 -0.036007
v 0.019978 -0.021095 -0.039896
v 0.019807 -0.021058 -0.039985
v 0.019439 -0.021136 -0.039370
v 0.017072 -0.020461 -0.041410
v 0.016902 -0.020434 -0.041479
v 0.023441 -0.022084 -0.037659
v 0.022911 -0.021928 -0.038011
v 0.020389 -0.021184 -0.039682
v 0.026012 -0.023391 -0.034528
v 0.026544 -0.023321 -0.035054
v 0.026219 -0.023172 -0.035357
v 0.023838 -0.022753 -0.035436
v 0.024078 -0.022838 -0.035256
v 0.024908 -0.023206 -0.034516
v 0.025483 -0.023461 -0.034003
v 0.016564 -0.020686 -0.040007
v 0.019037 -0.021245 -0.038703
v 0.019412 -0.021330 -0.038505
v 0.019781 -0.021413 -0.038311
v 0.021245 -0.021831 -0.037384
v 0.022228 -0.022180 -0.036646
v 0.027500 -0.024545 -0.031914
v 0.029111 -0.025668 -0.029863
v 0.029763 -0.025593 -0.030311
v 0.033393 -0.030066 -0.022404
v 0.033673 -0.030484 -0.021734
v 0.034375 -0.030450 -0.021992
v 0.030604 -0.025729 -0.030391
v 0.030342 -0.025555 -0.030721
v 0.028257 -0.024209 -0.033283
v 0.028551 -0.024362 -0.032979
v 0.032894 -0.027694 -0.026851
v 0.032713 -0.027534 -0.027139
v 0.032846 -0.028410 -0.025360
v 0.030884 -0.025915 -0.030038
v 0.035079 -0.030416 -0.022252
v 0.034553 -0.029657 -0.023506
v 0.034512 -0.029598 -0.023604
v 0.034296 -0.029344 -0.024038
v 0.033481 -0.028385 -0.025673
v 0.031712 -0.027938 -0.025897
v 0.032139 -0.028464 -0.025029
v 0.032911 -0.029418 -0.023457
v 0.033189 -0.029761 -0.022893
v 0.029631 -0.026030 -0.029201
v 0.029765 -0.026123 -0.029031
v 0.031648 -0.027878 -0.026000
v 0.027381 -0.024481 -0.032037
v 0.037141 -0.034693 -0.015512
v 0.037043 -0.034463 -0.015869
v 0.036327 -0.034482 -0.015716
v 0.035980 -0.031960 -0.019760
v 0.036062 -0.032154 -0.019459
v 0.037424 -0.039227 -0.008784
v 0.038143 -0.039218 -0.008843
v 0.038093 -0.038660 -0.009636
v 0.038035 -0.038316 -0.010134
v 0.037929 -0.037698 -0.011033
v 0.037231 -0.035035 -0.015003
v 0.038290 -0.040886 -0.006476
v 0.037641 -0.042051 -0.004832
v 0.038392 -0.042039 -0.004840
v 0.036893 -0.042062 -0.004824
v 0.036799 -0.040914 -0.006415
v 0.036663 -0.039245 -0.008728
v 0.036642 -0.038986 -0.009088
v 0.035712 -0.034856 -0.015042
v 0.035900 -0.035611 -0.013947
v 0.036472 -0.037911 -0.010610
v 0.036642 -0.038984 -0.009090
v 0.034576 -0.032079 -0.019237
v 0.034807 -0.032644 -0.018383
v 0.035571 -0.034513 -0.015561
v 0.035044 -0.055521 0.012732
v 0.034335 -0.055518 0.012484
v 0.033778 -0.056700 0.013918
v 0.027058 -0.066387 0.025819
v 0.027601 -0.066398 0.026336
v 0.028971 -0.065109 0.024785
v 0.035753 -0.055525 0.012980
v 0.035215 -0.056631 0.014370
v 0.034867 -0.057346 0.015267
v 0.033449 -0.057399 0.014765
v 0.033440 -0.059730 0.018227
v 0.032052 -0.059806 0.017641
v 0.033224 -0.060091 0.018675
v 0.031840 -0.060173 0.018079
v 0.033075 -0.060289 0.018917
v 0.031764 -0.060276 0.018200
v 0.032439 -0.061134 0.019953
v 0.031150 -0.061118 0.019190
v 0.031360 -0.062566 0.021707
v 0.030037 -0.062644 0.020984
v 0.031255 -0.062706 0.021878
v 0.029911 -0.062816 0.021186
v 0.029727 -0.064397 0.023930
v 0.028433 -0.064489 0.023129
v 0.029608 -0.064510 0.024065
v 0.028250 -0.064697 0.023370
v 0.027737 -0.065194 0.023942
v 0.026517 -0.066377 0.025302
v 0.026359 -0.067390 0.027522
v 0.022765 -0.069593 0.029552
v 0.023200 -0.069597 0.030145
v 0.023519 -0.069383 0.029891
v 0.025687 -0.067927 0.028163
v 0.019992 -0.071383 0.032252
v 0.020500 -0.071105 0.031924
v 0.017939 -0.072162 0.032511
v 0.022954 -0.069763 0.030342
v 0.015101 -0.073398 0.034611
v 0.016804 -0.072780 0.033889
v 0.018253 -0.072145 0.033144
v 0.017577 -0.072134 0.031825
v 0.016994 -0.072418 0.032144
v 0.014822 -0.073388 0.033915
v 0.014544 -0.073379 0.033220
v 0.021871 -0.069866 0.029271
v 0.020041 -0.070935 0.030477
v 0.019543 -0.071178 0.030750
v 0.025203 -0.067469 0.026549
v 0.024600 -0.067971 0.027122
v 0.022297 -0.069570 0.028935
v 0.013270 -0.073778 0.033666
v 0.014019 -0.073725 0.034993
v 0.012328 -0.074237 0.035589
v 0.011749 -0.074255 0.034199
v 0.009535 -0.074864 0.036317
v 0.009190 -0.074843 0.034854
v 0.008772 -0.075035 0.036516
v 0.008285 -0.075051 0.035086
v 0.007133 -0.075270 0.036789
v 0.006597 -0.075295 0.035358
v 0.005134 -0.075557 0.037121
v 0.004739 -0.075564 0.035657
v 0.003763 -0.075650 0.037229
v 0.003632 -0.075640 0.035741
v 0.001669 -0.075792 0.037394
v 0.001625 -0.075777 0.035894
v 0.000055 -0.075782 0.037382
v -0.000272 -0.075765 0.035881
v -0.002057 -0.075770 0.037368
v -0.002000 -0.075754 0.035868
v -0.002161 -0.075763 0.037360
v -0.002080 -0.075749 0.035863
v -0.003730 -0.075667 0.037248
v -0.003505 -0.075660 0.035762
v -0.007022 -0.075277 0.036797
v -0.007124 -0.075220 0.035271
v -0.007442 -0.075227 0.036739
v -0.014586 -0.073396 0.033922
v -0.014865 -0.073404 0.034618
v -0.013886 -0.073687 0.034948
v -0.014308 -0.073388 0.033227
v -0.008006 -0.075115 0.036609
v -0.007711 -0.075099 0.035136
v -0.011030 -0.074513 0.035910
v -0.010619 -0.074498 0.034467
v -0.013302 -0.073856 0.035145
v -0.012806 -0.073840 0.033732
v -0.013756 -0.073554 0.033413
v -0.017509 -0.072405 0.033451
v -0.020012 -0.071226 0.032066
v -0.020733 -0.070886 0.031666
v -0.020348 -0.071067 0.031879
v -0.019650 -0.071237 0.031447
v -0.023354 -0.069340 0.029841
v -0.027349 -0.066390 0.026327
v -0.026360 -0.067211 0.027310
v -0.026806 -0.066380 0.025810
v -0.026179 -0.067342 0.027466
v -0.024223 -0.068442 0.028215
v -0.024674 -0.068432 0.028762
v -0.023711 -0.069130 0.029592
v -0.016963 -0.072336 0.032049
v -0.019238 -0.071204 0.030776
v -0.019959 -0.070845 0.030373
v -0.020094 -0.070778 0.030298
v -0.022981 -0.068974 0.028259
v -0.023710 -0.068417 0.027625
v -0.025390 -0.067131 0.026163
v -0.025523 -0.067015 0.026030
v -0.026263 -0.066371 0.025293
v -0.031136 -0.062495 0.021620
v -0.031095 -0.062540 0.021674
v -0.030493 -0.062539 0.021267
v -0.028782 -0.065059 0.024727
v -0.029083 -0.064780 0.024392
v -0.033471 -0.058157 0.015976
v -0.034143 -0.058160 0.016282
v -0.033388 -0.059431 0.017860
v -0.033221 -0.059664 0.018146
v -0.032169 -0.061129 0.019946
v -0.031398 -0.062203 0.021266
v -0.034802 -0.055501 0.012702
v -0.035511 -0.055503 0.012953
v -0.034981 -0.056563 0.014283
v -0.034383 -0.057756 0.015780
v -0.032197 -0.059175 0.016889
v -0.032770 -0.058150 0.015659
v -0.033196 -0.057387 0.014745
v -0.033849 -0.056015 0.013079
v -0.034094 -0.055498 0.012452
v -0.030233 -0.062065 0.020305
v -0.030248 -0.062048 0.020286
v -0.030882 -0.061115 0.019183
v -0.032181 -0.059204 0.016924
v -0.027989 -0.064692 0.023362
v -0.028000 -0.064680 0.023348
v -0.029842 -0.062522 0.020838
v -0.037341 -0.050198 0.006146
v -0.037330 -0.050262 0.006229
v -0.036609 -0.050202 0.006004
v -0.036406 -0.053220 0.010045
v -0.036260 -0.053690 0.010651
v -0.038155 -0.044594 -0.001338
v -0.038073 -0.045914 0.000460
v -0.037458 -0.044599 -0.001373
v -0.038043 -0.046395 0.001116
v -0.037441 -0.049656 0.005429
v -0.038266 -0.042802 -0.003780
v -0.037510 -0.042058 -0.004839
v -0.038259 -0.042041 -0.004838
v -0.035146 -0.052611 0.008877
v -0.035869 -0.050205 0.005860
v -0.035886 -0.050151 0.005792
v -0.036093 -0.049006 0.004315
v -0.036529 -0.046604 0.001217
v -0.036583 -0.046138 0.000606
v -0.036629 -0.045231 -0.000607
v -0.036660 -0.044620 -0.001425
v -0.036766 -0.042534 -0.004215
v -0.036760 -0.042076 -0.004840
v -0.034840 -0.053629 0.010153
v -0.018403 -0.160106 0.027713
v -0.023485 -0.160564 0.023659
v -0.024355 -0.120858 0.024845
v -0.031218 -0.200675 0.005911
v -0.031468 -0.200712 0.003504
v -0.034271 -0.121693 0.003933
v -0.000276 -0.080455 0.035863
v 0.013200 -0.080584 0.033602
v 0.034663 -0.054728 0.011517
v 0.035131 -0.053332 0.009785
v 0.035120 -0.061256 0.009805
v 0.036603 -0.047393 0.002269
v 0.036721 -0.045981 0.000406
v 0.036705 -0.061292 0.000437
v 0.036892 -0.058300 -0.004806
v 0.036805 -0.061262 -0.004803
v 0.036894 -0.043896 -0.002343
v 0.036117 -0.061287 0.005308
v 0.035281 -0.052886 0.009231
v 0.035772 -0.051424 0.007416
v 0.035916 -0.050883 0.006735
v 0.036139 -0.049750 0.005285
v 0.036599 -0.047415 0.002297
v 0.033754 -0.061205 0.013921
v 0.032057 -0.061142 0.017650
v 0.031661 -0.081253 0.017447
v 0.029692 -0.081151 0.020784
v 0.027453 -0.081044 0.023761
v 0.022281 -0.080833 0.028678
v 0.024973 -0.080936 0.026389
v 0.019404 -0.080739 0.030639
v 0.006569 -0.080487 0.035330
v -0.007106 -0.080490 0.035205
v -0.013691 -0.080591 0.033352
v -0.016826 -0.080664 0.031965
v -0.019821 -0.080749 0.030261
v -0.025290 -0.080950 0.025875
v -0.029896 -0.081167 0.020120
v -0.027713 -0.081059 0.023174
v -0.031812 -0.081268 0.016702
v -0.033824 -0.061216 0.013079
v -0.032181 -0.061153 0.016886
v -0.035144 -0.061266 0.008888
v -0.036111 -0.061297 0.004326
v -0.036692 -0.061302 -0.000597
v -0.036739 -0.061281 -0.004837
v -0.036313 -0.081443 -0.004834
v -0.036731 -0.069538 -0.004835
v -0.036737 -0.064045 -0.004836
v -0.033322 -0.155968 -0.004832
v -0.034822 -0.121642 -0.004831
v -0.034746 -0.121696 -0.000771
v -0.035235 -0.112182 -0.004831
v -0.035306 -0.110148 -0.004831
v -0.036114 -0.087122 -0.004834
v -0.036262 -0.081478 -0.000642
v -0.031370 -0.200595 -0.004838
v -0.031785 -0.191168 -0.004832
v -0.031621 -0.200697 -0.001632
v -0.031618 -0.200703 -0.000945
v -0.031608 -0.200724 0.001253
v -0.031604 -0.200732 0.002193
v -0.030025 -0.200456 0.010910
v -0.033402 -0.121628 0.008290
v -0.029883 -0.200430 0.011274
v -0.032176 -0.121516 0.012297
v -0.029489 -0.200359 0.012280
v -0.030443 -0.200534 0.009516
v -0.030862 -0.200610 0.007567
v -0.030976 -0.200631 0.007039
v -0.028732 -0.200221 0.014216
v -0.030627 -0.121372 0.015953
v -0.028516 -0.200184 0.014621
v -0.028790 -0.121209 0.019257
v -0.027083 -0.199939 0.017301
v -0.027241 -0.199966 0.017006
v -0.026690 -0.121035 0.022219
v -0.023285 -0.199362 0.022175
v -0.024163 -0.199491 0.021154
v -0.025557 -0.199695 0.019535
v -0.026855 -0.199902 0.017636
v -0.020705 -0.199033 0.024446
v -0.022340 -0.199234 0.023100
v -0.022748 -0.199289 0.022700
v -0.016327 -0.198564 0.027420
v -0.016522 -0.198581 0.027322
v -0.017794 -0.198711 0.026512
v -0.019567 -0.198893 0.025383
v -0.010731 -0.198144 0.029817
v -0.012721 -0.159741 0.030574
v -0.007051 -0.197967 0.030763
v -0.006636 -0.159505 0.032280
v -0.006414 -0.197948 0.030865
v -0.005723 -0.197927 0.030977
v -0.011268 -0.198181 0.029610
v -0.012292 -0.198251 0.029217
v -0.014251 -0.198386 0.028465
v -0.000342 -0.159423 0.032859
v -0.000332 -0.197845 0.031414
v -0.000666 -0.197842 0.031428
v -0.004559 -0.197892 0.031164
v -0.000040 -0.197847 0.031401
v 0.005962 -0.159498 0.032320
v 0.003206 -0.197874 0.031264
v 0.006516 -0.197965 0.030782
v 0.010163 -0.198137 0.029864
v 0.012080 -0.159727 0.030665
v 0.005998 -0.197951 0.030857
v 0.005756 -0.197944 0.030892
v 0.017817 -0.160083 0.027878
v 0.017222 -0.198684 0.026710
v 0.016909 -0.198654 0.026897
v 0.013631 -0.198370 0.028569
v 0.011855 -0.198251 0.029232
v 0.011657 -0.198238 0.029306
v 0.021737 -0.199193 0.023393
v 0.022978 -0.160531 0.023936
v 0.021944 -0.199221 0.023183
v 0.022189 -0.199254 0.022937
v 0.020339 -0.199021 0.024562
v 0.017382 -0.198700 0.026614
v 0.017266 -0.198689 0.026684
v 0.023761 -0.199468 0.021353
v 0.027337 -0.161011 0.018786
v 0.024215 -0.199529 0.020895
v 0.028092 -0.200139 0.015091
v 0.027701 -0.200072 0.015918
v 0.029137 -0.161235 0.015734
v 0.027136 -0.199980 0.016841
v 0.026343 -0.199850 0.018137
v 0.029239 -0.200339 0.012665
v 0.030641 -0.161435 0.012352
v 0.029513 -0.200389 0.011841
v 0.029575 -0.200400 0.011655
v 0.031806 -0.161593 0.008626
v 0.030378 -0.200548 0.009242
v 0.031248 -0.200703 0.004285
v 0.030957 -0.200654 0.006531
v 0.032578 -0.161690 0.004542
v 0.030906 -0.200645 0.006929
v 0.030604 -0.200589 0.008249
v 0.031404 -0.200729 0.003075
v 0.032903 -0.161704 0.000083
v 0.031456 -0.200719 0.000297
v 0.031177 -0.200603 -0.004806
v 0.031351 -0.200663 -0.003117
v 0.031479 -0.200715 -0.000937
v 0.031463 -0.200718 -0.000056
v 0.034497 -0.121636 -0.004763
v 0.033053 -0.155968 -0.004781
v 0.032816 -0.161619 -0.004784
v 0.036724 -0.064026 -0.004801
v 0.036214 -0.081431 -0.004787
v 0.036184 -0.081472 0.000397
v 0.036047 -0.087113 -0.004782
v 0.036025 -0.087885 -0.004781
v 0.035017 -0.110136 -0.004769
v 0.034536 -0.121695 0.000240
v 0.035636 -0.081464 0.005214
v 0.034672 -0.081418 0.009664
v 0.033333 -0.081344 0.013742
v 0.034096 -0.121682 0.004870
v 0.033224 -0.121610 0.009134
v 0.031969 -0.121493 0.013039
v 0.030378 -0.121346 0.016594
v 0.028491 -0.121182 0.019806
v 0.026337 -0.121008 0.022684
v 0.023948 -0.120833 0.025236
v -0.016202 -0.120385 0.030796
v -0.013448 -0.100453 0.032870
v -0.013188 -0.120264 0.032156
v -0.006988 -0.100318 0.034718
v -0.006863 -0.120094 0.033972
v -0.000293 -0.100270 0.035367
v -0.000313 -0.120035 0.034601
v 0.006417 -0.100313 0.034823
v 0.006251 -0.120088 0.034051
v 0.012921 -0.100443 0.033080
v 0.012617 -0.120252 0.032321
v 0.019012 -0.100649 0.030114
v 0.018583 -0.120508 0.029392
v -0.035693 -0.081474 0.004230
v -0.034741 -0.081431 0.008752
v -0.033437 -0.081359 0.012912
v -0.019085 -0.120527 0.029127
v 0.021354 -0.120663 0.027469
v 0.028966 -0.200106 0.016732
v 0.028414 -0.200022 0.017616
v 0.027801 -0.200003 0.017245
v 0.023316 -0.199311 0.023918
v 0.022945 -0.199264 0.024287
v 0.022460 -0.199242 0.023751
v 0.006272 -0.197996 0.032336
v 0.006260 -0.197995 0.032338
v 0.006131 -0.197970 0.031614
v -0.032182 -0.200632 0.008576
v -0.032442 -0.200678 0.007323
v -0.031753 -0.200664 0.007191
v -0.033117 -0.200755 -0.001807
v -0.032858 -0.200662 -0.005013
v -0.032113 -0.200629 -0.004926
v 0.017653 -0.198710 0.027328
v 0.031714 -0.200682 0.006665
v 0.032971 -0.200773 -0.000102
v 0.032962 -0.200774 0.000295
v 0.032255 -0.200757 0.000297
v 0.031919 -0.200633 -0.004900
v 0.032664 -0.200663 -0.004994
v 0.032843 -0.200719 -0.003306
v 0.032988 -0.200772 -0.000812
v 0.030321 -0.200429 0.011924
v 0.024336 -0.199489 0.021883
v 0.012133 -0.198266 0.029983
v -0.000035 -0.197865 0.032178
v -0.005843 -0.197946 0.031738
v -0.011517 -0.198200 0.030346
v -0.016688 -0.198586 0.028085
v -0.021207 -0.199053 0.025071
v -0.024762 -0.199514 0.021685
v -0.027899 -0.199989 0.017402
v -0.030236 -0.200388 0.012566
v -0.032394 -0.200760 0.001275
v -0.033112 -0.200780 0.001296
v -0.033114 -0.200769 -0.000102
v -0.032728 -0.200729 0.005950
v -0.032880 -0.200752 0.004423
v -0.033110 -0.200787 0.002123
v -0.030890 -0.200403 0.012815
v -0.031063 -0.200433 0.012361
v -0.031524 -0.200514 0.011149
v -0.031956 -0.200591 0.009666
v -0.027800 -0.199897 0.018893
v -0.028567 -0.200014 0.017747
v -0.029583 -0.200181 0.015795
v -0.030229 -0.200287 0.014555
v -0.026882 -0.199757 0.020262
v -0.025718 -0.199594 0.021641
v -0.023525 -0.199298 0.024042
v -0.024565 -0.199433 0.023005
v -0.025285 -0.199534 0.022152
v -0.021645 -0.199077 0.025621
v -0.017037 -0.198612 0.028725
v -0.017629 -0.198661 0.028420
v -0.018231 -0.198721 0.028026
v -0.020713 -0.198967 0.026404
v -0.011455 -0.198206 0.031158
v -0.011751 -0.198226 0.031042
v -0.012461 -0.198273 0.030764
v -0.015047 -0.198446 0.029750
v -0.007707 -0.198028 0.032160
v -0.004943 -0.197943 0.032626
v -0.005955 -0.197974 0.032455
v -0.006337 -0.197986 0.032391
v -0.000033 -0.197895 0.032890
v -0.000964 -0.197890 0.032921
v 0.002993 -0.197914 0.032788
v 0.012382 -0.198296 0.030636
v 0.012375 -0.198295 0.030639
v 0.010369 -0.198169 0.031369
v 0.006626 -0.198005 0.032287
v 0.018005 -0.198729 0.027992
v 0.017314 -0.198666 0.028397
v 0.013936 -0.198393 0.030071
v 0.022593 -0.199219 0.024637
v 0.021044 -0.199039 0.025916
v 0.018154 -0.198744 0.027890
v 0.024870 -0.199510 0.022374
v 0.027701 -0.199912 0.018759
v 0.027385 -0.199863 0.019266
v 0.025161 -0.199547 0.022084
v 0.030982 -0.200444 0.012164
v 0.030945 -0.200438 0.012272
v 0.030555 -0.200369 0.013419
v 0.029471 -0.200190 0.015678
v 0.032377 -0.200692 0.007210
v 0.032072 -0.200637 0.008519
v 0.031746 -0.200579 0.009921
v 0.032895 -0.200779 0.003264
v 0.032746 -0.200754 0.004395
v 0.032431 -0.200701 0.006793
v 0.036603 -0.053274 0.010111
v 0.036733 -0.052887 0.009613
v 0.036058 -0.052887 0.009435
v 0.037344 -0.047410 0.002381
v 0.038104 -0.047306 0.002334
v 0.038218 -0.045940 0.000487
v 0.038395 -0.043829 -0.002365
v 0.037312 -0.051157 0.007393
v 0.037612 -0.049699 0.005478
v 0.038084 -0.047405 0.002464
v 0.036222 -0.054414 0.011572
v 0.033601 -0.052275 -0.022754
v 0.033375 -0.063736 -0.022576
v 0.034800 -0.063831 -0.018448
v 0.033965 -0.086817 -0.017819
v 0.032542 -0.086672 -0.021774
v 0.031480 -0.109579 -0.020669
v -0.007136 -0.051791 -0.045189
v -0.007221 -0.063035 -0.044936
v -0.000350 -0.062998 -0.045539
v -0.028140 -0.052149 -0.033085
v -0.030370 -0.052214 -0.030021
v -0.030388 -0.063609 -0.029817
v -0.036111 -0.087073 -0.008902
v 0.034711 -0.110059 -0.008558
v 0.035013 -0.040863 -0.018557
v 0.033625 -0.040832 -0.022710
v 0.019561 -0.029415 -0.039382
v -0.013351 -0.029453 -0.042407
v -0.019489 -0.029490 -0.039376
v -0.034656 -0.032611 -0.018494
v -0.034692 -0.032679 -0.018388
v -0.035069 -0.040922 -0.018580
v -0.036710 -0.064011 -0.009092
v -0.036702 -0.040951 -0.006393
v -0.036591 -0.040949 -0.009114
v -0.036491 -0.039026 -0.009090
v -0.036667 -0.040259 -0.007346
v -0.036240 -0.037262 -0.011585
v -0.036029 -0.040936 -0.014041
v -0.036215 -0.037170 -0.011719
v -0.034996 -0.033262 -0.017486
v -0.035456 -0.034435 -0.015721
v -0.035791 -0.035642 -0.013955
v -0.033744 -0.040902 -0.022735
v -0.033730 -0.030836 -0.021242
v -0.032089 -0.040877 -0.026512
v -0.029626 -0.029522 -0.029433
v -0.031564 -0.029515 -0.026087
v -0.027423 -0.029522 -0.032424
v -0.024982 -0.029517 -0.035072
v -0.022329 -0.029505 -0.037386
v -0.006776 -0.029418 -0.044207
v 0.000026 -0.029397 -0.044806
v 0.006830 -0.029391 -0.044209
v 0.013411 -0.029400 -0.042412
v 0.022410 -0.029422 -0.037392
v 0.025075 -0.029427 -0.035078
v 0.027530 -0.029430 -0.032429
v 0.031706 -0.029427 -0.026090
v 0.031916 -0.040799 -0.026486
v 0.036043 -0.040891 -0.014020
v 0.036677 -0.040916 -0.009097
v 0.036556 -0.063986 -0.009050
v 0.035774 -0.087052 -0.008839
v 0.032562 -0.155855 -0.008035
v 0.031789 -0.155674 -0.011805
v 0.029887 -0.200221 -0.011012
v 0.030668 -0.200445 -0.007942
v 0.030728 -0.155455 -0.015285
v 0.027564 -0.199627 -0.016998
v 0.027583 -0.199631 -0.016966
v 0.027819 -0.199689 -0.016432
v 0.029030 -0.199988 -0.013693
v 0.029704 -0.200168 -0.011732
v 0.029871 -0.200216 -0.011076
v 0.025804 -0.199237 -0.019994
v 0.029404 -0.155210 -0.018484
v 0.024995 -0.199080 -0.021055
v 0.026048 -0.154684 -0.024069
v 0.024359 -0.198956 -0.021889
v 0.021867 -0.154166 -0.028610
v 0.020463 -0.198301 -0.025861
v 0.021265 -0.198416 -0.025228
v 0.021497 -0.198455 -0.024992
v 0.023714 -0.198830 -0.022735
v 0.016984 -0.153712 -0.032138
v 0.017185 -0.197864 -0.028212
v 0.018533 -0.198024 -0.027384
v 0.011537 -0.153362 -0.034672
v 0.010884 -0.197275 -0.031134
v 0.012467 -0.197386 -0.030612
v 0.015808 -0.197701 -0.029057
v 0.015949 -0.197718 -0.028970
v 0.005685 -0.153142 -0.036206
v 0.005476 -0.196989 -0.032466
v 0.006878 -0.197034 -0.032262
v 0.006903 -0.197035 -0.032256
v 0.008922 -0.197138 -0.031781
v -0.000905 -0.196879 -0.032963
v -0.000139 -0.196885 -0.032936
v -0.000402 -0.153069 -0.036736
v 0.000997 -0.196894 -0.032896
v 0.003010 -0.196911 -0.032824
v -0.003544 -0.196912 -0.032808
v -0.006516 -0.153145 -0.036256
v -0.003780 -0.196915 -0.032795
v -0.011065 -0.197238 -0.031282
v -0.009549 -0.197152 -0.031684
v -0.012443 -0.153368 -0.034761
v -0.007497 -0.197036 -0.032229
v -0.005761 -0.196979 -0.032493
v -0.016278 -0.197699 -0.028999
v -0.015131 -0.197573 -0.029644
v -0.017973 -0.153720 -0.032254
v -0.014471 -0.197511 -0.029956
v -0.011213 -0.197249 -0.031225
v -0.018167 -0.197906 -0.027938
v -0.022896 -0.154175 -0.028738
v -0.019965 -0.198150 -0.026618
v -0.023404 -0.198681 -0.023563
v -0.022648 -0.198559 -0.024280
v -0.027037 -0.154692 -0.024196
v -0.020926 -0.198280 -0.025912
v -0.020858 -0.198271 -0.025962
v -0.026134 -0.199208 -0.020082
v -0.026062 -0.199192 -0.020205
v -0.030245 -0.155216 -0.018599
v -0.028767 -0.154957 -0.021532
v -0.024719 -0.198929 -0.021953
v -0.023929 -0.198775 -0.022981
v -0.030121 -0.200197 -0.011264
v -0.028844 -0.199844 -0.014973
v -0.032383 -0.155679 -0.011896
v -0.028786 -0.199829 -0.015101
v -0.031455 -0.155461 -0.015390
v -0.027890 -0.199604 -0.017058
v -0.027847 -0.199593 -0.017154
v -0.033015 -0.155858 -0.008108
v -0.031018 -0.200475 -0.007285
v -0.030911 -0.200441 -0.007762
v -0.030559 -0.200332 -0.009322
v -0.030152 -0.200206 -0.011130
v -0.035162 -0.110076 -0.008635
v -0.027047 -0.109053 -0.030061
v -0.027795 -0.086286 -0.031722
v -0.029142 -0.109241 -0.027284
v -0.029959 -0.086432 -0.028779
v -0.030971 -0.109432 -0.024198
v -0.031848 -0.086579 -0.025503
v -0.032509 -0.109620 -0.020799
v -0.033433 -0.086724 -0.021885
v -0.033735 -0.109796 -0.017077
v -0.034690 -0.086859 -0.017918
v -0.034626 -0.109951 -0.013024
v -0.035591 -0.086978 -0.013592
v -0.036181 -0.063953 -0.013996
v -0.035254 -0.063880 -0.018514
v -0.033959 -0.063795 -0.022650
v -0.032327 -0.063704 -0.026415
v -0.032323 -0.052278 -0.026597
v -0.033971 -0.052338 -0.022805
v -0.025436 -0.040776 -0.035666
v -0.027907 -0.040813 -0.032968
v -0.030134 -0.040847 -0.029920
v -0.013820 -0.051860 -0.043338
v -0.013890 -0.063123 -0.043089
v -0.020070 -0.051961 -0.040220
v -0.020128 -0.063255 -0.039976
v -0.025661 -0.052083 -0.035800
v -0.025703 -0.063422 -0.035569
v -0.028171 -0.063514 -0.032866
v -0.019868 -0.040701 -0.040054
v -0.013647 -0.040632 -0.043146
v 0.033966 -0.109926 -0.012927
v 0.027355 -0.063441 -0.032781
v 0.024174 -0.086082 -0.034212
v 0.026615 -0.086221 -0.031594
v 0.023367 -0.108820 -0.032388
v 0.027881 -0.109191 -0.027138
v 0.029857 -0.052139 -0.029965
v 0.029622 -0.063538 -0.029734
v 0.028839 -0.086369 -0.028653
v 0.035874 -0.063916 -0.013941
v -0.006991 -0.040581 -0.044982
v -0.000243 -0.051760 -0.045796
v 0.006635 -0.051768 -0.045167
v 0.006500 -0.063012 -0.044904
v 0.013280 -0.051815 -0.043300
v 0.013112 -0.063079 -0.043031
v 0.019492 -0.051897 -0.040171
v -0.025598 -0.074780 -0.035056
v -0.020068 -0.074570 -0.039413
v -0.013875 -0.074408 -0.042495
v -0.007253 -0.074301 -0.044325
v -0.000434 -0.074258 -0.044919
v 0.006359 -0.074279 -0.044283
v 0.012909 -0.074364 -0.042420
v 0.016267 -0.063130 -0.041625
v 0.015775 -0.085742 -0.040182
v 0.018731 -0.085840 -0.038501
v 0.019293 -0.063193 -0.039901
v 0.022165 -0.063267 -0.037856
v 0.025085 -0.052008 -0.035746
v 0.025174 -0.040696 -0.035642
v 0.019595 -0.040633 -0.040033
v 0.013389 -0.040584 -0.043130
v 0.006750 -0.040556 -0.044973
v -0.000117 -0.040555 -0.045589
v 0.018104 -0.108501 -0.036456
v 0.021538 -0.085953 -0.036512
v 0.024860 -0.063350 -0.035486
v 0.027586 -0.052072 -0.033029
v 0.029920 -0.040765 -0.029894
v -0.025381 -0.086146 -0.034338
v -0.024711 -0.108871 -0.032534
v -0.019917 -0.085896 -0.038615
v -0.019413 -0.108546 -0.036588
v -0.013790 -0.085703 -0.041645
v -0.013464 -0.108297 -0.039469
v -0.007238 -0.085579 -0.043446
v -0.007096 -0.108137 -0.041183
v -0.000493 -0.085529 -0.044027
v -0.000541 -0.108077 -0.041733
v 0.006221 -0.085557 -0.043396
v 0.005980 -0.108120 -0.041126
v 0.012690 -0.085662 -0.041557
v 0.012254 -0.108264 -0.039367
v 0.027664 -0.040730 -0.032942
v 0.029749 -0.029430 -0.029436
v 0.031871 -0.052207 -0.026543
v 0.031638 -0.063637 -0.026335
v 0.030822 -0.086520 -0.025382
v 0.029805 -0.109386 -0.024059
v 0.032878 -0.109762 -0.016961
v 0.035055 -0.086947 -0.013511
v -0.024313 -0.198755 -0.024780
v -0.023699 -0.198662 -0.025353
v -0.023201 -0.198609 -0.024846
v 0.025632 -0.199122 -0.021535
v 0.017595 -0.197905 -0.028889
v -0.015455 -0.197626 -0.030316
v -0.032245 -0.200474 -0.008676
v -0.032019 -0.200409 -0.009658
v -0.031340 -0.200382 -0.009502
v -0.032455 -0.200534 -0.007764
v -0.029478 -0.199874 -0.015397
v -0.026760 -0.199257 -0.020505
v -0.020441 -0.198198 -0.027253
v -0.009756 -0.197195 -0.032452
v -0.003612 -0.196962 -0.033560
v 0.001024 -0.196934 -0.033694
v 0.007050 -0.197085 -0.032989
v 0.012622 -0.197425 -0.031355
v 0.022012 -0.198499 -0.025559
v 0.028516 -0.199730 -0.016776
v 0.030637 -0.200261 -0.011232
v 0.031169 -0.200247 -0.012059
v 0.031185 -0.200251 -0.012012
v 0.031329 -0.200290 -0.011437
v 0.032158 -0.200514 -0.008131
v 0.028660 -0.199655 -0.018076
v 0.027167 -0.199342 -0.020650
v 0.026184 -0.199162 -0.021950
v 0.025305 -0.199000 -0.023114
v 0.028975 -0.199721 -0.017533
v 0.029165 -0.199765 -0.017099
v 0.030449 -0.200065 -0.014174
v 0.021194 -0.198361 -0.027187
v 0.019591 -0.198142 -0.028470
v 0.017957 -0.197958 -0.029488
v 0.016618 -0.197806 -0.030322
v 0.022382 -0.198523 -0.026235
v 0.022507 -0.198543 -0.026107
v 0.024891 -0.198924 -0.023661
v 0.011225 -0.197364 -0.032599
v 0.012886 -0.197477 -0.032038
v 0.013209 -0.197498 -0.031929
v 0.016482 -0.197794 -0.030386
v 0.009593 -0.197254 -0.033150
v 0.007213 -0.197136 -0.033721
v -0.000135 -0.196987 -0.034438
v 0.001047 -0.196996 -0.034391
v 0.003261 -0.197015 -0.034304
v 0.005640 -0.197088 -0.033953
v -0.005918 -0.197081 -0.033982
v -0.007734 -0.197138 -0.033707
v -0.009938 -0.197257 -0.033130
v -0.011389 -0.197335 -0.032750
v -0.003930 -0.197019 -0.034283
v -0.003678 -0.197016 -0.034297
v -0.000735 -0.196982 -0.034462
v -0.015774 -0.197679 -0.030996
v -0.014882 -0.197599 -0.031413
v -0.011545 -0.197347 -0.032690
v -0.021587 -0.198347 -0.027290
v -0.020864 -0.198255 -0.027816
v -0.018898 -0.198004 -0.029246
v -0.016803 -0.197786 -0.030419
v -0.021747 -0.198367 -0.027174
v -0.027366 -0.199305 -0.020915
v -0.027198 -0.199270 -0.021197
v -0.025664 -0.198991 -0.023173
v -0.024997 -0.198869 -0.024032
v -0.029018 -0.199651 -0.018141
v -0.029050 -0.199658 -0.018088
v -0.031522 -0.200266 -0.011813
v -0.031427 -0.200242 -0.012088
v -0.030207 -0.199927 -0.015597
v 0.034553 -0.156032 -0.004913
v 0.036024 -0.121703 -0.004857
v 0.036036 -0.121760 0.000275
v 0.016525 -0.120444 0.032254
v 0.019550 -0.120583 0.030557
v 0.020367 -0.080782 0.031808
v 0.023346 -0.080879 0.029753
v 0.038202 -0.061315 0.000511
v 0.013952 -0.080620 0.034923
v -0.030826 -0.081191 0.021444
v -0.036384 -0.061275 0.010047
v -0.037439 -0.061310 0.005435
v -0.034611 -0.161764 0.000055
v 0.028649 -0.161070 0.019513
v 0.034403 -0.161762 0.000081
v 0.032957 -0.193294 -0.004973
v 0.034311 -0.161681 -0.004922
v 0.033575 -0.178877 -0.004950
v 0.034068 -0.161744 0.004684
v 0.033274 -0.161646 0.008918
v 0.030519 -0.161293 0.016323
v 0.032075 -0.161490 0.012795
v 0.024122 -0.160597 0.024911
v 0.026505 -0.160834 0.022373
v 0.018768 -0.160154 0.029051
v 0.006489 -0.159569 0.033744
v 0.012820 -0.159799 0.031983
v -0.000032 -0.159486 0.034353
v -0.006554 -0.159560 0.033813
v -0.012887 -0.159783 0.032110
v -0.018832 -0.160135 0.029211
v -0.024179 -0.160580 0.025071
v -0.026557 -0.160819 0.022519
v -0.028698 -0.161057 0.019636
v -0.030569 -0.161284 0.016416
v -0.032134 -0.161484 0.012851
v -0.033357 -0.161643 0.008939
v -0.034197 -0.161743 0.004673
v -0.038374 -0.059695 -0.004827
v -0.038336 -0.061297 -0.004827
v -0.038106 -0.061319 0.000468
v -0.034969 -0.061223 0.014289
v -0.033220 -0.061157 0.018153
v -0.032857 -0.081295 0.017964
v -0.028519 -0.081082 0.024559
v -0.025966 -0.080973 0.027315
v -0.023193 -0.080868 0.029718
v -0.020228 -0.080771 0.031778
v -0.013833 -0.080611 0.034902
v -0.007001 -0.080510 0.036750
v 0.000051 -0.080477 0.037365
v 0.007107 -0.080515 0.036761
v 0.026133 -0.080984 0.027356
v 0.028700 -0.081092 0.024608
v 0.031016 -0.081200 0.021501
v 0.033051 -0.081302 0.018030
v 0.033444 -0.061161 0.018235
v 0.035189 -0.061225 0.014371
v 0.036587 -0.061276 0.010125
v 0.037603 -0.061308 0.005502
v -0.038269 -0.064065 -0.004827
v -0.037852 -0.081491 -0.004830
v -0.037680 -0.081525 0.000412
v -0.037716 -0.087178 -0.004831
v -0.037676 -0.088865 -0.004831
v -0.036792 -0.110212 -0.004848
v -0.036184 -0.121762 0.000229
v -0.037026 -0.081511 0.005330
v -0.035985 -0.081463 0.009903
v -0.034586 -0.081388 0.014117
v -0.035620 -0.121743 0.004986
v -0.034661 -0.121667 0.009402
v -0.033338 -0.121549 0.013471
v -0.031686 -0.121403 0.017191
v -0.029733 -0.121238 0.020562
v -0.027510 -0.121064 0.023587
v -0.025047 -0.120890 0.026270
v -0.022372 -0.120723 0.028617
v 0.017227 -0.080694 0.033529
v 0.013677 -0.100505 0.034396
v 0.013372 -0.120325 0.033638
v 0.006956 -0.100369 0.036249
v 0.006789 -0.120158 0.035478
v 0.000030 -0.100320 0.036867
v 0.000005 -0.120098 0.036101
v -0.006894 -0.100363 0.036260
v -0.006776 -0.120151 0.035513
v -0.013603 -0.100494 0.034415
v -0.013351 -0.120312 0.033700
v -0.019886 -0.100702 0.031298
v -0.019513 -0.120568 0.030634
v 0.035585 -0.121745 0.005037
v 0.037683 -0.081523 0.000461
v 0.025106 -0.120905 0.026201
v 0.027580 -0.121078 0.023531
v 0.029811 -0.121249 0.020526
v 0.031764 -0.121412 0.017179
v 0.034770 -0.081393 0.014190
v 0.033404 -0.121557 0.013485
v 0.036140 -0.081466 0.009979
v 0.034692 -0.121672 0.009440
v 0.037124 -0.081512 0.005401
v 0.037676 -0.081484 -0.004833
v 0.038155 -0.069726 -0.004829
v 0.038227 -0.061289 -0.004832
v 0.038203 -0.064058 -0.004831
v 0.036340 -0.114317 -0.004845
v 0.036507 -0.110206 -0.004844
v 0.037445 -0.087169 -0.004835
v 0.022419 -0.120738 0.028541
v -0.034566 -0.161682 -0.004936
v -0.034813 -0.156033 -0.004925
v -0.036317 -0.121707 -0.004857
v -0.036964 -0.037139 -0.011808
v -0.037120 -0.035043 -0.014995
v -0.037699 -0.037112 -0.011897
v -0.037739 -0.037256 -0.011680
v -0.037894 -0.038338 -0.010119
v -0.038167 -0.040248 -0.007360
v -0.038201 -0.040911 -0.006427
v -0.035914 -0.032176 -0.019438
v -0.036095 -0.032525 -0.018885
v -0.035416 -0.032554 -0.018694
v -0.036525 -0.033352 -0.017572
v -0.036950 -0.034437 -0.015903
v -0.035269 -0.030933 -0.021409
v -0.032703 -0.155515 -0.016388
v -0.033708 -0.155726 -0.012837
v -0.035974 -0.110004 -0.013996
v -0.028801 -0.040747 -0.034235
v -0.026225 -0.040709 -0.036986
v -0.026452 -0.052072 -0.037122
v 0.032707 -0.063680 -0.027516
v 0.034529 -0.063774 -0.023714
v 0.033688 -0.086738 -0.022907
v 0.036035 -0.063863 -0.019550
v 0.037190 -0.063944 -0.015018
v 0.036361 -0.086999 -0.014574
v 0.020135 -0.029298 -0.040785
v 0.023089 -0.029313 -0.038758
v 0.017020 -0.176346 -0.031765
v -0.006302 -0.175717 -0.035654
v -0.022623 -0.176847 -0.028506
v -0.034408 -0.155903 -0.009011
v -0.030206 -0.177999 -0.018798
v -0.026851 -0.177417 -0.024157
v -0.012170 -0.175960 -0.034240
v -0.017672 -0.176347 -0.031861
v -0.000262 -0.175634 -0.036110
v 0.005760 -0.175717 -0.035614
v 0.011578 -0.175960 -0.034167
v 0.021930 -0.176844 -0.028402
v 0.026166 -0.177412 -0.024063
v 0.029598 -0.177993 -0.018728
v 0.032097 -0.178511 -0.012367
v 0.037956 -0.064011 -0.010113
v 0.038087 -0.040887 -0.010150
v 0.037370 -0.040864 -0.015085
v 0.036259 -0.040837 -0.019648
v 0.034789 -0.040807 -0.023838
v 0.032994 -0.040774 -0.027659
v 0.032788 -0.029348 -0.027251
v 0.030736 -0.029346 -0.030651
v 0.028417 -0.029338 -0.033698
v 0.025859 -0.029327 -0.036398
v 0.013780 -0.029268 -0.043867
v 0.017023 -0.029282 -0.042486
v 0.007007 -0.029249 -0.045694
v 0.000026 -0.029248 -0.046298
v -0.006953 -0.029267 -0.045691
v -0.013720 -0.029303 -0.043861
v -0.020063 -0.029345 -0.040776
v -0.023008 -0.029364 -0.038748
v -0.025767 -0.029380 -0.036388
v -0.028312 -0.029391 -0.033688
v -0.030616 -0.029397 -0.030641
v -0.032650 -0.029397 -0.027242
v -0.034923 -0.040843 -0.023845
v -0.036331 -0.040867 -0.019650
v -0.037371 -0.040887 -0.015084
v -0.038141 -0.064023 -0.010111
v 0.037162 -0.087102 -0.009883
v 0.036088 -0.110114 -0.009571
v 0.029811 -0.086452 -0.029879
v 0.028848 -0.109283 -0.028359
v 0.027493 -0.086313 -0.032867
v 0.024144 -0.108934 -0.033706
v 0.030905 -0.040738 -0.031117
v 0.030839 -0.052155 -0.031192
v 0.030601 -0.063586 -0.030962
v 0.028472 -0.052089 -0.034306
v 0.028551 -0.040701 -0.034217
v 0.025960 -0.040663 -0.036966
v 0.018683 -0.108637 -0.037854
v 0.022223 -0.086063 -0.037874
v 0.024956 -0.086183 -0.035531
v 0.028238 -0.063494 -0.034057
v 0.025647 -0.063407 -0.036809
v 0.025872 -0.052026 -0.037070
v 0.022852 -0.063326 -0.039223
v 0.020077 -0.051914 -0.041577
v 0.020176 -0.040591 -0.041439
v -0.000345 -0.063058 -0.047038
v 0.006822 -0.051777 -0.046658
v 0.006689 -0.063075 -0.046394
v 0.013661 -0.051828 -0.044760
v 0.013496 -0.063142 -0.044489
v 0.019880 -0.063255 -0.041304
v 0.013765 -0.040533 -0.044590
v 0.019617 -0.074605 -0.040717
v 0.013295 -0.074465 -0.043876
v 0.006549 -0.074382 -0.045771
v -0.000427 -0.074360 -0.046416
v -0.007431 -0.074400 -0.045814
v -0.007401 -0.063092 -0.046427
v -0.014246 -0.074498 -0.043955
v -0.014263 -0.063173 -0.044550
v -0.020644 -0.074650 -0.040819
v -0.020706 -0.063297 -0.041383
v -0.023697 -0.063372 -0.039305
v -0.027934 -0.109153 -0.031322
v -0.030134 -0.109330 -0.028484
v -0.030956 -0.086500 -0.029984
v -0.032943 -0.086639 -0.026648
v -0.033423 -0.063720 -0.027571
v -0.035145 -0.063808 -0.023754
v -0.035154 -0.052320 -0.023913
v -0.036585 -0.110127 -0.009581
v -0.020649 -0.051954 -0.041627
v -0.014194 -0.051858 -0.044800
v -0.007316 -0.051793 -0.046680
v -0.000240 -0.051765 -0.047296
v 0.006933 -0.040498 -0.046463
v -0.020446 -0.040632 -0.041459
v -0.014019 -0.040564 -0.044606
v -0.007170 -0.040514 -0.046472
v -0.000115 -0.040491 -0.047087
v -0.023425 -0.086112 -0.038000
v -0.026168 -0.086234 -0.035656
v -0.026494 -0.063454 -0.036890
v -0.029067 -0.063541 -0.034133
v -0.029036 -0.052135 -0.034354
v -0.031367 -0.052198 -0.031234
v -0.031129 -0.040783 -0.031132
v -0.033179 -0.040815 -0.027671
v 0.019317 -0.085956 -0.039900
v 0.013075 -0.085789 -0.043010
v 0.006411 -0.085689 -0.044880
v -0.000486 -0.085662 -0.045521
v -0.007415 -0.085708 -0.044931
v -0.014159 -0.085823 -0.043103
v -0.020489 -0.086002 -0.040020
v -0.025489 -0.108983 -0.033852
v -0.028688 -0.086364 -0.032986
v -0.031387 -0.063630 -0.031029
v -0.033416 -0.052261 -0.027756
v -0.029836 -0.155030 -0.022667
v -0.031408 -0.155279 -0.019663
v -0.033694 -0.109687 -0.021872
v -0.035004 -0.109854 -0.018093
v -0.035962 -0.086904 -0.018956
v -0.036943 -0.087019 -0.014594
v -0.037532 -0.063963 -0.015027
v -0.038015 -0.040904 -0.010146
v -0.036524 -0.063890 -0.019574
v 0.012634 -0.108416 -0.040818
v 0.006167 -0.108282 -0.042607
v -0.000533 -0.108242 -0.043224
v -0.007269 -0.108299 -0.042666
v -0.013825 -0.108448 -0.040926
v -0.019976 -0.108681 -0.037993
v -0.037541 -0.087114 -0.009886
v -0.028006 -0.154775 -0.025400
v -0.032062 -0.109510 -0.025335
v -0.034620 -0.086775 -0.022973
v 0.033922 -0.155894 -0.008988
v 0.035190 -0.086875 -0.018914
v 0.035264 -0.109983 -0.013967
v 0.034098 -0.109824 -0.018038
v 0.033076 -0.155713 -0.012798
v 0.031941 -0.155498 -0.016327
v 0.031885 -0.086595 -0.026560
v 0.032621 -0.109650 -0.021791
v 0.030863 -0.109467 -0.025229
v 0.030537 -0.155259 -0.019582
v 0.027003 -0.154752 -0.025285
v -0.023649 -0.154280 -0.030063
v -0.018510 -0.153846 -0.033667
v -0.012784 -0.153510 -0.036222
v -0.006677 -0.153297 -0.037740
v -0.000395 -0.153222 -0.038228
v 0.005859 -0.153290 -0.037690
v 0.011896 -0.153497 -0.036130
v 0.017537 -0.153828 -0.033546
v 0.022622 -0.154258 -0.029934
f 1 2 3
f 4 5 6
f 7 8 9
f 9 8 10
f 11 12 13
f 14 15 16
f 17 18 19
f 18 17 20
f 20 17 21
f 20 21 22
f 23 24 21
f 21 24 25
f 21 25 22
f 12 26 13
f 13 26 27
f 13 27 23
f 23 27 28
f 23 28 24
f 11 13 29
f 29 13 30
f 29 30 31
f 32 33 30
f 30 33 34
f 30 34 31
f 35 8 36
f 36 8 7
f 36 7 37
f 38 39 7
f 7 39 40
f 7 40 37
f 38 41 39
f 39 41 42
f 39 42 43
f 44 45 46
f 44 46 47
f 48 49 50
f 45 44 51
f 51 44 52
f 51 52 50
f 50 52 48
f 17 53 21
f 21 53 54
f 21 54 23
f 23 54 55
f 23 55 13
f 13 55 56
f 13 56 30
f 57 58 53
f 19 14 17
f 17 14 16
f 17 16 53
f 53 16 59
f 53 59 57
f 60 61 62
f 4 6 63
f 61 60 64
f 64 60 6
f 64 6 3
f 3 6 5
f 3 5 1
f 10 65 9
f 9 65 66
f 9 66 67
f 67 66 68
f 68 63 67
f 67 63 6
f 67 6 9
f 9 6 60
f 9 60 7
f 7 60 62
f 7 62 38
f 69 70 48
f 47 56 44
f 44 56 55
f 44 55 52
f 52 55 54
f 52 54 48
f 48 54 53
f 48 53 69
f 69 53 58
f 71 72 10
f 10 72 73
f 10 73 65
f 46 74 47
f 47 74 71
f 47 71 56
f 56 71 10
f 56 10 30
f 30 10 8
f 30 8 32
f 32 8 35
f 75 76 77
f 78 79 80
f 81 82 83
f 84 85 86
f 87 88 89
f 90 91 92
f 93 94 95
f 96 97 98
f 98 97 99
f 100 101 102
f 94 103 95
f 95 103 104
f 95 104 105
f 76 106 77
f 77 106 107
f 77 107 108
f 109 110 111
f 112 113 114
f 114 113 115
f 114 115 116
f 117 118 119
f 115 120 116
f 116 120 121
f 116 121 119
f 119 121 122
f 119 122 117
f 123 124 125
f 126 127 128
f 129 130 131
f 131 130 132
f 133 134 135
f 133 135 136
f 87 89 134
f 137 138 139
f 140 141 142
f 142 141 143
f 144 145 146
f 146 145 147
f 105 96 148
f 148 96 98
f 148 98 149
f 124 100 125
f 125 100 102
f 125 102 150
f 119 82 116
f 116 82 81
f 116 81 114
f 114 81 111
f 114 111 112
f 112 111 110
f 151 152 92
f 92 152 153
f 92 153 90
f 90 153 154
f 152 155 153
f 153 155 89
f 153 89 154
f 154 89 88
f 128 132 126
f 126 132 130
f 126 130 156
f 129 136 157
f 157 136 135
f 157 135 158
f 139 85 137
f 137 85 84
f 137 84 159
f 160 141 161
f 108 109 77
f 77 109 111
f 77 111 162
f 162 111 81
f 162 81 163
f 163 81 83
f 163 83 164
f 165 166 167
f 167 166 159
f 167 159 168
f 168 159 84
f 168 84 145
f 145 84 86
f 145 86 147
f 166 161 159
f 159 161 141
f 159 141 137
f 137 141 140
f 137 140 138
f 169 170 171
f 171 170 172
f 171 172 173
f 173 172 174
f 105 148 95
f 95 148 149
f 95 149 175
f 175 149 176
f 175 176 177
f 177 176 178
f 177 178 179
f 179 178 180
f 179 180 181
f 182 183 184
f 185 164 186
f 186 164 83
f 186 83 187
f 187 83 82
f 187 82 150
f 150 82 119
f 150 119 125
f 125 119 118
f 125 118 123
f 152 188 155
f 155 188 189
f 155 189 190
f 190 189 191
f 190 191 192
f 192 191 193
f 192 193 194
f 134 89 135
f 135 89 155
f 135 155 158
f 158 155 190
f 158 190 195
f 195 190 192
f 195 192 196
f 196 192 194
f 196 194 197
f 198 199 200
f 201 202 203
f 203 202 204
f 203 204 205
f 205 204 206
f 205 206 207
f 208 165 209
f 209 165 167
f 209 167 210
f 210 167 168
f 210 168 156
f 156 168 145
f 156 145 126
f 126 145 144
f 126 144 127
f 180 211 212
f 129 157 130
f 130 157 158
f 130 158 156
f 156 158 195
f 156 195 210
f 210 195 196
f 210 196 209
f 209 196 197
f 209 197 208
f 208 197 213
f 208 213 214
f 202 200 204
f 204 200 199
f 204 199 206
f 206 199 215
f 216 160 201
f 201 160 161
f 201 161 202
f 202 161 166
f 202 166 200
f 200 166 165
f 200 165 198
f 198 165 208
f 198 208 217
f 217 208 214
f 218 79 219
f 219 79 78
f 219 78 220
f 221 222 223
f 224 225 226
f 226 225 185
f 226 185 181
f 181 185 186
f 181 186 179
f 179 186 187
f 179 187 177
f 177 187 150
f 177 150 175
f 175 150 102
f 175 102 95
f 95 102 101
f 95 101 93
f 180 212 181
f 181 212 221
f 181 221 226
f 226 221 223
f 226 223 224
f 222 221 227
f 227 221 212
f 227 212 80
f 80 212 211
f 80 211 78
f 78 211 180
f 78 180 220
f 220 180 178
f 220 178 228
f 228 178 176
f 228 176 229
f 229 176 149
f 229 149 230
f 230 149 98
f 230 98 231
f 231 98 99
f 231 99 232
f 233 234 235
f 235 234 236
f 235 236 237
f 237 236 238
f 237 238 239
f 239 238 240
f 241 242 243
f 243 242 244
f 243 244 169
f 169 244 245
f 169 245 170
f 173 184 171
f 171 184 183
f 171 183 169
f 169 183 246
f 169 246 243
f 243 246 247
f 243 247 241
f 248 233 249
f 249 233 235
f 249 235 182
f 182 235 237
f 182 237 183
f 183 237 239
f 183 239 246
f 246 239 240
f 246 240 247
f 193 250 194
f 194 250 251
f 194 251 252
f 252 251 253
f 252 253 254
f 254 255 252
f 252 255 256
f 252 256 194
f 194 256 257
f 194 257 197
f 197 257 258
f 197 258 213
f 255 259 256
f 256 259 260
f 256 260 257
f 257 260 261
f 257 261 258
f 258 261 262
f 258 262 213
f 213 262 263
f 213 263 214
f 217 264 198
f 198 264 265
f 198 265 199
f 199 265 266
f 199 266 215
f 215 266 267
f 263 268 214
f 214 268 269
f 214 269 217
f 217 269 270
f 217 270 264
f 264 270 271
f 264 271 265
f 265 271 272
f 265 272 266
f 266 272 273
f 266 273 267
f 232 274 231
f 231 274 275
f 231 275 276
f 276 277 216
f 216 277 278
f 216 278 160
f 160 278 279
f 160 279 141
f 141 279 280
f 141 280 143
f 281 282 283
f 224 248 225
f 225 248 249
f 225 249 185
f 185 249 182
f 185 182 164
f 164 182 184
f 164 184 163
f 163 184 173
f 163 173 162
f 162 173 174
f 162 174 77
f 77 174 284
f 77 284 75
f 75 284 285
f 286 287 288
f 288 287 245
f 288 245 289
f 289 245 244
f 289 244 290
f 290 244 242
f 291 285 283
f 283 285 284
f 283 284 281
f 281 284 174
f 281 174 292
f 292 174 172
f 292 172 293
f 293 172 170
f 293 170 294
f 294 170 245
f 294 245 295
f 295 245 287
f 290 296 289
f 289 296 297
f 289 297 288
f 288 297 298
f 288 298 286
f 299 300 301
f 301 300 302
f 301 302 303
f 303 302 304
f 303 304 305
f 305 304 306
f 267 299 215
f 215 299 301
f 215 301 206
f 206 301 303
f 206 303 207
f 207 303 305
f 207 305 307
f 307 305 306
f 307 306 308
f 276 216 231
f 231 216 201
f 231 201 230
f 230 201 203
f 230 203 229
f 229 203 205
f 229 205 228
f 228 205 207
f 228 207 220
f 220 207 307
f 220 307 219
f 219 307 308
f 219 308 218
f 309 310 311
f 310 309 312
f 312 309 313
f 312 313 314
f 315 316 313
f 313 316 317
f 313 317 314
f 318 255 315
f 315 255 254
f 315 254 316
f 306 304 318
f 318 304 302
f 318 302 300
f 319 320 321
f 321 320 322
f 321 322 323
f 323 322 324
f 323 324 325
f 325 324 326
f 325 326 327
f 327 326 309
f 327 309 328
f 328 309 311
f 263 262 318
f 318 262 261
f 236 234 329
f 227 80 329
f 261 260 318
f 318 260 259
f 318 259 255
f 80 79 329
f 329 79 218
f 329 218 318
f 318 218 308
f 318 308 306
f 234 233 329
f 329 233 248
f 329 248 224
f 273 272 318
f 318 272 271
f 318 271 270
f 270 269 318
f 318 269 268
f 318 268 263
f 224 223 329
f 329 223 222
f 329 222 227
f 300 299 318
f 318 299 267
f 318 267 273
f 298 240 329
f 329 240 238
f 329 238 236
f 241 296 242
f 242 296 290
f 298 297 240
f 240 297 296
f 240 296 247
f 247 296 241
f 330 331 332
f 333 334 331
f 335 336 337
f 338 339 340
f 340 339 341
f 340 341 342
f 343 344 345
f 345 344 346
f 345 346 347
f 343 345 348
f 348 345 314
f 348 314 317
f 349 319 321
f 350 332 351
f 351 332 331
f 351 331 352
f 352 331 334
f 353 51 50
f 49 354 50
f 50 354 355
f 50 355 353
f 353 355 356
f 353 356 357
f 336 2 337
f 337 2 1
f 337 1 358
f 358 1 5
f 358 5 4
f 359 360 328
f 361 362 363
f 363 362 360
f 363 360 364
f 364 360 359
f 364 359 340
f 340 359 345
f 340 345 338
f 338 345 347
f 328 311 359
f 359 311 310
f 359 310 345
f 345 310 312
f 345 312 314
f 361 330 362
f 362 330 332
f 362 332 321
f 321 332 350
f 321 350 349
f 365 71 74
f 365 74 366
f 366 74 46
f 366 46 353
f 353 46 45
f 353 45 51
f 4 63 358
f 358 63 68
f 358 68 367
f 367 68 66
f 66 65 367
f 367 65 73
f 367 73 365
f 365 73 72
f 365 72 71
f 321 323 362
f 362 323 325
f 362 325 360
f 360 325 327
f 360 327 328
f 357 333 353
f 353 333 331
f 353 331 366
f 366 331 330
f 366 330 365
f 365 330 361
f 365 361 367
f 367 361 363
f 367 363 358
f 358 363 364
f 358 364 337
f 337 364 340
f 337 340 335
f 335 340 342
f 368 369 370
f 371 372 373
f 374 375 376
f 376 375 377
f 376 377 14
f 14 377 378
f 14 378 15
f 379 380 381
f 380 382 381
f 381 382 383
f 381 383 384
f 385 386 387
f 385 387 388
f 387 389 388
f 388 389 390
f 388 390 391
f 391 390 392
f 391 392 393
f 394 395 396
f 394 396 397
f 396 398 397
f 397 398 399
f 397 399 385
f 385 399 400
f 385 400 386
f 401 402 403
f 401 403 394
f 394 403 404
f 394 404 395
f 373 405 406
f 373 406 401
f 401 406 407
f 401 407 402
f 372 408 373
f 373 408 409
f 373 409 405
f 410 411 412
f 412 411 371
f 43 368 39
f 39 368 370
f 39 370 40
f 40 370 37
f 413 35 370
f 370 35 36
f 370 36 37
f 31 34 414
f 414 34 33
f 414 33 413
f 413 33 32
f 413 32 35
f 415 12 11
f 415 11 414
f 414 11 29
f 414 29 31
f 24 28 416
f 416 28 27
f 416 27 415
f 415 27 26
f 415 26 12
f 24 416 25
f 25 416 417
f 25 417 22
f 14 19 376
f 376 19 18
f 376 18 417
f 417 18 20
f 417 20 22
f 384 374 381
f 381 374 376
f 381 376 418
f 418 376 417
f 418 417 419
f 419 417 416
f 419 416 420
f 420 416 415
f 420 415 421
f 421 415 414
f 421 414 422
f 422 414 413
f 422 413 412
f 412 413 370
f 412 370 410
f 410 370 369
f 393 379 391
f 391 379 381
f 391 381 388
f 388 381 418
f 388 418 385
f 385 418 419
f 385 419 397
f 397 419 420
f 397 420 394
f 394 420 421
f 394 421 401
f 401 421 422
f 401 422 373
f 373 422 412
f 373 412 371
f 386 400 423
f 405 409 424
f 425 392 390
f 425 390 426
f 427 428 429
f 428 430 429
f 429 430 431
f 429 431 426
f 432 433 434
f 434 433 435
f 436 437 438
f 438 437 439
f 438 439 440
f 441 442 436
f 442 443 436
f 436 443 444
f 436 444 437
f 424 445 446
f 447 448 449
f 445 424 450
f 450 424 409
f 450 409 408
f 405 424 406
f 406 424 451
f 406 451 407
f 395 404 452
f 452 404 403
f 452 403 451
f 451 403 402
f 451 402 407
f 395 452 396
f 396 452 453
f 396 453 398
f 423 400 453
f 453 400 399
f 453 399 398
f 426 390 429
f 429 390 389
f 429 389 423
f 423 389 387
f 423 387 386
f 454 455 456
f 456 455 457
f 456 457 458
f 458 457 459
f 458 459 460
f 461 462 463
f 463 462 464
f 438 465 436
f 436 465 466
f 436 466 461
f 461 466 467
f 461 467 462
f 448 441 449
f 449 441 436
f 449 436 468
f 468 436 461
f 468 461 469
f 469 461 463
f 469 463 470
f 470 463 459
f 470 459 471
f 471 459 457
f 471 457 434
f 434 457 455
f 434 455 432
f 464 472 463
f 463 472 473
f 463 473 459
f 459 473 474
f 459 474 460
f 435 427 434
f 434 427 429
f 434 429 471
f 471 429 423
f 471 423 470
f 470 423 453
f 470 453 469
f 469 453 452
f 469 452 468
f 468 452 451
f 468 451 449
f 449 451 424
f 449 424 447
f 447 424 446
f 475 454 456
f 473 472 476
f 476 472 464
f 476 466 477
f 477 466 465
f 477 465 478
f 478 465 438
f 464 462 476
f 476 462 467
f 476 467 466
f 479 480 478
f 478 480 481
f 438 440 478
f 478 440 482
f 478 482 483
f 473 476 474
f 474 476 484
f 474 484 485
f 483 486 478
f 478 486 487
f 478 487 488
f 481 489 478
f 478 489 490
f 478 490 491
f 491 492 478
f 478 492 493
f 478 493 494
f 494 495 478
f 478 495 496
f 478 496 497
f 488 498 478
f 478 498 499
f 478 499 500
f 500 501 478
f 478 501 502
f 478 502 503
f 503 504 478
f 478 504 505
f 478 505 479
f 506 507 508
f 508 509 510
f 475 456 511
f 511 456 458
f 511 458 485
f 485 458 460
f 485 460 474
f 497 512 478
f 478 512 506
f 478 506 513
f 513 506 508
f 513 508 514
f 514 508 510
f 515 516 514
f 517 518 519
f 520 521 522
f 494 493 523
f 524 525 526
f 527 528 529
f 530 531 532
f 533 534 535
f 531 536 532
f 532 536 537
f 532 537 538
f 539 540 541
f 542 543 544
f 544 543 545
f 544 545 546
f 547 548 549
f 549 548 550
f 549 550 551
f 551 550 552
f 553 554 555
f 555 554 556
f 555 556 557
f 556 558 557
f 557 558 559
f 557 559 550
f 550 559 560
f 550 560 552
f 561 562 563
f 534 564 535
f 535 564 565
f 535 565 566
f 567 532 541
f 541 532 538
f 541 538 539
f 568 530 569
f 569 530 532
f 569 532 570
f 570 532 567
f 570 567 571
f 571 567 572
f 571 572 573
f 574 528 575
f 575 528 527
f 575 527 576
f 577 526 578
f 578 526 525
f 578 525 579
f 564 568 565
f 565 568 569
f 565 569 566
f 566 569 570
f 566 570 580
f 580 570 571
f 580 571 581
f 581 571 573
f 581 573 582
f 583 574 584
f 584 574 575
f 584 575 585
f 585 575 576
f 585 576 586
f 587 588 589
f 515 590 587
f 587 590 591
f 587 591 588
f 588 591 592
f 588 592 593
f 594 595 586
f 586 595 596
f 586 596 585
f 597 594 582
f 582 594 586
f 582 586 581
f 581 586 576
f 581 576 580
f 580 576 527
f 580 527 566
f 566 527 529
f 566 529 535
f 535 529 598
f 535 598 533
f 523 493 599
f 599 493 492
f 599 492 600
f 497 593 512
f 512 593 592
f 512 592 506
f 506 592 591
f 506 591 507
f 507 591 590
f 572 589 573
f 573 589 588
f 573 588 582
f 582 588 593
f 582 593 597
f 597 593 497
f 597 497 594
f 594 497 496
f 594 496 595
f 595 496 495
f 595 495 596
f 601 520 602
f 603 604 605
f 605 604 606
f 605 606 607
f 521 608 522
f 522 608 609
f 522 609 610
f 611 610 612
f 613 614 615
f 615 614 616
f 617 618 619
f 619 618 620
f 621 622 623
f 623 624 625
f 625 624 626
f 627 601 628
f 628 601 602
f 628 602 629
f 629 602 630
f 612 603 611
f 611 603 605
f 611 605 631
f 626 613 625
f 625 613 615
f 625 615 632
f 633 634 635
f 635 636 637
f 520 522 602
f 602 522 638
f 602 638 630
f 630 638 639
f 630 639 640
f 640 639 641
f 642 643 644
f 644 643 632
f 644 632 645
f 645 632 615
f 645 615 618
f 618 615 616
f 618 616 620
f 646 642 647
f 647 642 644
f 647 644 648
f 648 644 645
f 648 645 633
f 633 645 618
f 633 618 634
f 634 618 617
f 634 617 649
f 640 641 650
f 650 641 651
f 650 651 652
f 653 654 655
f 655 654 656
f 655 656 657
f 657 656 631
f 657 631 658
f 658 631 605
f 658 605 621
f 621 605 607
f 621 607 622
f 659 660 661
f 662 659 653
f 653 659 661
f 653 661 654
f 663 664 665
f 635 637 633
f 633 637 666
f 633 666 648
f 648 666 667
f 648 667 647
f 647 667 663
f 647 663 646
f 646 663 665
f 646 665 668
f 668 669 646
f 646 669 517
f 646 517 642
f 642 517 519
f 642 519 643
f 669 670 517
f 517 670 671
f 517 671 518
f 518 671 672
f 518 672 673
f 623 625 621
f 621 625 632
f 621 632 658
f 658 632 643
f 658 643 657
f 657 643 519
f 657 519 655
f 655 519 518
f 655 518 653
f 653 518 673
f 653 673 662
f 674 486 483
f 483 675 674
f 674 675 676
f 674 676 651
f 651 676 677
f 651 677 652
f 610 611 522
f 522 611 631
f 522 631 638
f 638 631 656
f 638 656 639
f 639 656 654
f 639 654 641
f 641 654 661
f 641 661 651
f 651 661 660
f 651 660 674
f 674 660 487
f 674 487 486
f 547 678 548
f 548 678 679
f 548 679 680
f 681 682 683
f 579 683 684
f 684 683 682
f 684 682 685
f 546 553 544
f 544 553 555
f 544 555 524
f 524 555 557
f 524 557 525
f 525 557 550
f 525 550 579
f 579 550 548
f 579 548 683
f 683 548 680
f 683 680 681
f 684 686 579
f 579 686 687
f 579 687 578
f 578 687 688
f 578 688 577
f 577 688 689
f 577 689 690
f 562 542 563
f 563 542 544
f 563 544 691
f 691 544 524
f 691 524 692
f 692 524 526
f 692 526 693
f 693 526 577
f 693 577 694
f 694 577 690
f 694 690 695
f 516 515 696
f 540 561 541
f 541 561 563
f 541 563 567
f 567 563 691
f 567 691 572
f 572 691 692
f 572 692 589
f 589 692 693
f 589 693 587
f 587 693 694
f 587 694 515
f 515 694 695
f 515 695 696
f 514 510 515
f 515 510 509
f 515 509 590
f 590 509 508
f 590 508 507
f 697 698 636
f 649 699 634
f 634 699 700
f 634 700 635
f 635 700 701
f 635 701 636
f 636 701 702
f 636 702 697
f 698 703 598
f 598 703 704
f 598 704 533
f 495 494 596
f 596 494 523
f 596 523 585
f 585 523 599
f 585 599 584
f 584 599 600
f 584 600 583
f 583 600 705
f 583 705 706
f 706 705 481
f 706 481 480
f 492 491 600
f 600 491 490
f 600 490 705
f 705 490 489
f 705 489 481
f 698 598 636
f 636 598 529
f 636 529 637
f 637 529 528
f 637 528 666
f 666 528 574
f 666 574 667
f 667 574 583
f 667 583 663
f 663 583 706
f 663 706 664
f 664 706 480
f 664 480 665
f 665 480 479
f 665 479 668
f 668 479 505
f 668 505 669
f 669 505 504
f 669 504 670
f 670 504 503
f 670 503 671
f 671 503 502
f 671 502 672
f 672 502 501
f 672 501 673
f 673 501 500
f 673 500 662
f 662 500 499
f 662 499 659
f 659 499 498
f 659 498 660
f 660 498 488
f 660 488 487
f 707 708 709
f 709 708 710
f 368 43 711
f 711 712 368
f 368 712 713
f 368 713 369
f 709 714 715
f 716 714 717
f 717 714 718
f 714 709 718
f 718 709 710
f 718 710 719
f 716 720 714
f 714 720 721
f 714 721 715
f 722 723 724
f 724 723 725
f 724 725 726
f 710 726 719
f 719 726 725
f 719 725 727
f 410 369 723
f 723 369 713
f 723 713 725
f 725 713 728
f 725 728 727
f 372 371 722
f 722 371 723
f 723 371 411
f 723 411 410
f 715 729 709
f 709 729 730
f 709 730 731
f 732 707 733
f 733 707 709
f 733 709 734
f 734 709 731
f 727 735 719
f 719 735 736
f 719 736 718
f 718 736 737
f 718 737 717
f 408 372 738
f 738 372 722
f 738 722 739
f 739 722 724
f 739 724 740
f 740 724 726
f 740 726 741
f 741 726 710
f 741 710 742
f 742 710 708
f 640 650 743
f 743 650 744
f 675 483 482
f 650 652 744
f 744 652 677
f 744 677 482
f 482 677 676
f 482 676 675
f 743 745 640
f 640 745 746
f 640 746 630
f 630 746 629
f 629 746 747
f 629 747 628
f 628 747 748
f 628 748 627
f 749 750 751
f 752 753 747
f 747 753 754
f 747 754 748
f 751 752 749
f 749 752 747
f 749 747 755
f 755 747 746
f 755 746 756
f 756 746 745
f 756 745 757
f 757 745 743
f 757 743 758
f 758 743 744
f 758 744 759
f 759 744 482
f 759 482 440
f 760 761 762
f 445 450 763
f 764 765 766
f 767 768 769
f 444 443 437
f 437 443 439
f 440 439 759
f 759 439 770
f 767 769 771
f 771 769 766
f 771 766 772
f 772 766 765
f 772 765 773
f 443 768 439
f 439 768 767
f 439 767 770
f 770 767 771
f 770 771 774
f 774 771 772
f 774 772 775
f 775 772 773
f 776 777 762
f 778 779 776
f 776 762 778
f 778 762 780
f 778 780 781
f 782 783 784
f 707 732 785
f 707 785 708
f 708 785 786
f 708 786 783
f 783 782 764
f 764 782 787
f 764 787 765
f 765 787 788
f 765 788 773
f 773 788 789
f 773 789 775
f 790 447 446
f 450 408 763
f 763 408 738
f 763 738 791
f 791 738 739
f 441 448 792
f 448 447 792
f 792 447 790
f 792 790 793
f 793 790 794
f 793 794 795
f 795 794 796
f 795 796 797
f 797 796 798
f 797 798 799
f 446 445 790
f 790 445 763
f 790 763 794
f 794 763 791
f 794 791 796
f 796 791 739
f 796 739 798
f 798 739 740
f 798 740 799
f 799 740 741
f 799 741 742
f 781 800 778
f 778 800 801
f 778 801 779
f 779 801 802
f 779 802 749
f 749 802 750
f 789 755 775
f 775 755 756
f 775 756 774
f 774 756 757
f 774 757 770
f 770 757 758
f 770 758 759
f 783 786 784
f 784 786 803
f 784 803 804
f 804 760 784
f 784 760 762
f 784 762 782
f 782 762 777
f 782 777 787
f 787 777 776
f 787 776 788
f 788 776 779
f 788 779 789
f 789 779 749
f 789 749 755
f 442 441 443
f 443 441 792
f 443 792 768
f 768 792 793
f 768 793 769
f 769 793 795
f 769 795 766
f 766 795 797
f 766 797 764
f 764 797 799
f 764 799 783
f 783 799 742
f 783 742 708
f 41 805 42
f 42 805 711
f 42 711 43
f 806 728 807
f 807 728 713
f 807 713 805
f 805 713 712
f 805 712 711
f 737 736 808
f 808 736 735
f 808 735 806
f 806 735 727
f 806 727 728
f 716 717 809
f 809 717 737
f 3 2 810
f 38 62 811
f 62 61 811
f 811 61 64
f 811 64 3
f 810 812 3
f 3 812 813
f 3 813 811
f 811 813 814
f 720 716 815
f 815 716 809
f 815 809 816
f 816 809 817
f 41 38 805
f 805 38 811
f 805 811 807
f 807 811 814
f 807 814 806
f 806 814 818
f 806 818 808
f 808 818 819
f 737 808 809
f 809 808 819
f 809 819 817
f 817 819 820
f 817 820 821
f 822 823 824
f 825 826 817
f 817 826 827
f 817 827 816
f 822 824 821
f 821 824 817
f 817 824 828
f 817 828 825
f 813 829 814
f 814 829 830
f 814 830 818
f 818 830 831
f 818 831 819
f 819 831 832
f 819 832 820
f 833 834 835
f 830 829 836
f 837 838 839
f 840 841 842
f 843 823 822
f 844 822 845
f 845 822 821
f 846 847 848
f 848 847 849
f 848 849 839
f 843 822 850
f 850 822 844
f 850 844 851
f 851 844 852
f 851 852 853
f 854 855 856
f 856 837 854
f 854 837 839
f 854 839 857
f 857 839 849
f 857 849 858
f 858 849 847
f 859 835 860
f 860 835 834
f 860 834 861
f 833 862 834
f 834 862 346
f 834 346 861
f 861 346 344
f 861 344 343
f 863 348 317
f 864 859 865
f 865 859 860
f 865 860 866
f 866 860 861
f 866 861 863
f 863 861 343
f 863 343 348
f 335 342 867
f 867 342 341
f 867 341 868
f 869 341 870
f 870 341 339
f 339 338 862
f 862 338 347
f 862 347 346
f 833 871 872
f 810 873 812
f 812 873 836
f 812 836 813
f 813 836 829
f 873 874 836
f 836 874 833
f 836 833 875
f 875 833 835
f 875 835 842
f 842 835 859
f 842 859 840
f 840 859 864
f 821 820 845
f 845 820 832
f 845 832 876
f 876 832 831
f 339 862 870
f 870 862 833
f 870 833 869
f 869 833 872
f 869 872 341
f 341 872 871
f 341 871 868
f 868 871 833
f 868 833 867
f 867 833 874
f 867 874 335
f 335 874 873
f 335 873 336
f 336 873 810
f 336 810 2
f 877 878 879
f 880 881 853
f 880 853 838
f 838 853 839
f 839 853 852
f 839 852 848
f 848 852 844
f 848 844 846
f 846 844 845
f 846 845 882
f 882 845 876
f 882 876 883
f 883 876 831
f 883 831 830
f 884 878 885
f 885 878 877
f 885 877 886
f 886 877 864
f 886 864 887
f 887 864 865
f 887 865 888
f 888 865 866
f 888 866 889
f 889 866 863
f 889 863 890
f 890 863 317
f 830 836 883
f 883 836 875
f 883 875 882
f 882 875 842
f 882 842 846
f 846 842 841
f 846 841 847
f 847 841 840
f 847 840 858
f 858 840 864
f 858 864 857
f 857 864 877
f 857 877 854
f 854 877 879
f 854 879 855
f 891 884 885
f 254 253 316
f 316 253 892
f 91 893 92
f 92 893 151
f 253 251 892
f 892 251 250
f 892 250 894
f 894 250 193
f 894 193 895
f 895 193 896
f 193 191 896
f 896 191 189
f 896 189 897
f 897 189 188
f 897 188 152
f 151 893 152
f 152 893 898
f 152 898 897
f 897 898 899
f 897 899 900
f 900 891 897
f 897 891 885
f 897 885 896
f 896 885 886
f 896 886 895
f 895 886 887
f 895 887 894
f 894 887 888
f 894 888 892
f 892 888 889
f 892 889 316
f 316 889 890
f 316 890 317
f 901 902 903
f 70 69 904
f 905 906 907
f 905 907 908
f 70 909 48
f 910 911 904
f 70 904 909
f 909 904 911
f 909 911 901
f 912 913 908
f 908 913 914
f 908 914 905
f 901 903 909
f 909 903 49
f 909 49 48
f 907 915 908
f 908 915 916
f 908 916 917
f 917 918 908
f 908 918 919
f 908 919 904
f 904 919 920
f 904 920 910
f 69 58 904
f 904 58 57
f 904 57 908
f 908 57 59
f 908 59 912
f 912 59 16
f 912 16 15
f 921 922 923
f 924 925 926
f 105 104 927
f 101 100 928
f 929 930 931
f 932 933 934
f 935 936 937
f 937 936 938
f 937 938 939
f 939 938 940
f 939 940 941
f 932 934 942
f 931 930 934
f 934 930 943
f 934 943 942
f 929 931 944
f 944 931 285
f 944 285 291
f 108 107 945
f 945 107 106
f 945 106 934
f 934 106 76
f 934 76 931
f 931 76 75
f 931 75 285
f 112 110 946
f 946 110 109
f 120 115 947
f 947 115 113
f 122 121 948
f 948 121 120
f 949 117 122
f 100 124 928
f 928 124 123
f 928 123 949
f 949 123 118
f 949 118 117
f 950 927 93
f 104 103 927
f 927 103 94
f 927 94 93
f 951 99 952
f 952 99 97
f 952 97 96
f 275 274 951
f 951 274 232
f 951 232 99
f 279 278 953
f 953 278 277
f 953 277 276
f 140 142 954
f 954 142 143
f 954 143 280
f 85 139 955
f 955 139 138
f 147 86 956
f 956 128 127
f 127 144 956
f 956 144 146
f 956 146 147
f 128 956 132
f 132 956 957
f 132 957 131
f 136 129 958
f 136 958 133
f 90 154 926
f 926 154 88
f 926 88 959
f 959 88 87
f 959 87 134
f 91 90 960
f 960 90 926
f 960 926 961
f 961 926 925
f 962 923 963
f 922 964 923
f 923 964 965
f 923 965 963
f 966 967 968
f 966 969 970
f 970 969 971
f 972 973 974
f 974 973 975
f 974 975 969
f 969 975 976
f 969 976 971
f 977 978 972
f 972 978 979
f 972 979 973
f 980 981 982
f 941 983 984
f 984 983 985
f 984 985 986
f 974 987 972
f 972 987 988
f 972 988 977
f 977 988 980
f 977 980 989
f 989 980 982
f 935 937 933
f 933 937 990
f 933 990 934
f 934 990 946
f 934 946 945
f 945 946 109
f 945 109 108
f 941 984 939
f 939 984 991
f 939 991 937
f 937 991 992
f 937 992 990
f 990 992 947
f 990 947 946
f 946 947 113
f 946 113 112
f 120 947 948
f 948 947 992
f 948 992 993
f 993 992 991
f 993 991 994
f 994 991 984
f 994 984 995
f 966 968 969
f 969 968 996
f 969 996 974
f 974 996 997
f 974 997 987
f 987 997 995
f 987 995 988
f 988 995 984
f 988 984 980
f 980 984 986
f 980 986 981
f 949 998 928
f 928 998 950
f 928 950 101
f 101 950 93
f 999 1000 1001
f 1001 1000 1002
f 1001 1002 1003
f 998 1004 950
f 950 1004 1005
f 950 1005 927
f 927 1005 952
f 927 952 105
f 105 952 96
f 967 921 968
f 968 921 923
f 968 923 1006
f 1006 923 962
f 1006 962 957
f 957 962 958
f 957 958 131
f 131 958 129
f 963 924 962
f 962 924 926
f 962 926 958
f 958 926 959
f 958 959 133
f 133 959 134
f 1004 999 1005
f 1005 999 1001
f 1005 1001 952
f 952 1001 1003
f 952 1003 951
f 951 1003 953
f 951 953 275
f 275 953 276
f 280 279 954
f 954 279 953
f 954 953 1007
f 1007 953 1003
f 1007 1003 1008
f 1008 1003 1002
f 1000 1009 1002
f 1002 1009 1010
f 1002 1010 1008
f 1008 1010 1011
f 1008 1011 1007
f 1007 1011 1012
f 1007 1012 954
f 954 1012 955
f 954 955 140
f 140 955 138
f 122 948 949
f 949 948 993
f 949 993 998
f 998 993 994
f 998 994 1004
f 1004 994 995
f 1004 995 999
f 999 995 997
f 999 997 1000
f 1000 997 996
f 1000 996 1009
f 1009 996 968
f 1009 968 1010
f 1010 968 1006
f 1010 1006 1011
f 1011 1006 957
f 1011 957 1012
f 1012 957 956
f 1012 956 955
f 955 956 86
f 955 86 85
f 1013 1014 1015
f 1016 1017 1018
f 1019 1020 1017
f 291 283 1021
f 1021 283 1022
f 1021 1022 1023
f 1024 1020 1025
f 1025 1020 1019
f 1025 1019 1026
f 1026 1019 1027
f 1028 322 320
f 1017 1016 1019
f 1019 1016 1028
f 1019 1028 1027
f 1027 1028 320
f 1027 320 319
f 1029 1014 1030
f 1030 1014 1013
f 1030 1013 1031
f 1031 1013 1018
f 1018 1013 1016
f 1016 1013 1015
f 1016 1015 1028
f 1028 1015 324
f 1028 324 322
f 329 318 1032
f 1032 318 1029
f 1032 1029 1033
f 1033 1029 1030
f 1033 1030 1034
f 1034 1030 1031
f 1034 1031 1035
f 1036 1037 1038
f 1038 1037 1039
f 1040 1041 1042
f 1042 1041 1043
f 1042 1043 1044
f 1044 1043 1045
f 1044 1045 1046
f 1047 1048 1049
f 1049 1048 1050
f 1049 1050 1051
f 1051 1050 1052
f 1046 1053 1044
f 1044 1053 1054
f 1044 1054 1049
f 1049 1054 1055
f 1049 1055 1047
f 1056 1042 1057
f 1057 1042 1044
f 1057 1044 1058
f 1058 1044 1049
f 1058 1049 1059
f 1059 1049 1051
f 1059 1051 1060
f 1060 1051 1061
f 1060 1061 1038
f 1038 1061 1062
f 1038 1062 1036
f 1052 1063 1051
f 1051 1063 1064
f 1051 1064 1061
f 1061 1064 1065
f 1061 1065 1062
f 1033 295 1032
f 1032 295 287
f 1032 287 329
f 329 287 286
f 329 286 298
f 318 315 1029
f 1029 315 313
f 1029 313 1014
f 1014 313 309
f 1014 309 1015
f 1015 309 326
f 1015 326 324
f 283 282 1022
f 1022 282 281
f 1022 281 1035
f 1035 281 292
f 1035 292 1034
f 1034 292 293
f 1034 293 1033
f 1033 293 294
f 1033 294 295
f 1024 1056 1020
f 1020 1056 1057
f 1020 1057 1017
f 1017 1057 1058
f 1017 1058 1018
f 1018 1058 1059
f 1018 1059 1031
f 1031 1059 1060
f 1031 1060 1035
f 1035 1060 1038
f 1035 1038 1022
f 1022 1038 1039
f 1022 1039 1023
f 1066 1056 1067
f 1067 1056 1024
f 1067 1024 1025
f 1068 1069 1070
f 1070 1069 1071
f 1068 1072 1069
f 1069 1072 1073
f 1069 1073 1074
f 1074 1073 1075
f 1074 1075 1076
f 357 356 1077
f 1077 356 355
f 1077 355 1078
f 1078 355 354
f 1078 354 49
f 350 351 1079
f 1079 351 352
f 1079 352 334
f 1027 319 349
f 1027 1080 1026
f 1026 1080 1025
f 350 1079 1081
f 1081 1079 1082
f 1081 1082 1083
f 1083 1082 1084
f 1083 1084 1085
f 1025 1080 1067
f 1067 1080 1086
f 1067 1086 1066
f 334 1087 1079
f 1079 1087 1088
f 1079 1088 1082
f 1082 1088 1089
f 1082 1089 1084
f 902 1090 903
f 903 1090 1091
f 903 1091 1071
f 1071 1091 1092
f 1071 1092 1070
f 1040 1042 1093
f 1093 1042 1094
f 1093 1094 1095
f 1095 1094 1096
f 1095 1096 1097
f 1097 1096 1098
f 1076 1099 1100
f 1100 1099 1101
f 1100 1101 1102
f 1102 1098 1100
f 1100 1098 1096
f 1100 1096 1086
f 1086 1096 1094
f 1086 1094 1066
f 1066 1094 1042
f 1066 1042 1056
f 1076 1100 1074
f 1074 1100 1077
f 1074 1077 1069
f 1069 1077 1078
f 1069 1078 1071
f 1071 1078 49
f 1071 49 903
f 334 333 1087
f 1087 333 357
f 1087 357 1088
f 1088 357 1077
f 1088 1077 1089
f 1089 1077 1100
f 1089 1100 1084
f 1084 1100 1086
f 1084 1086 1085
f 1085 1086 1080
f 1085 1080 1083
f 1083 1080 1027
f 1083 1027 1081
f 1081 1027 349
f 1081 349 350
f 1103 1104 1105
f 393 392 1106
f 1105 384 1107
f 1107 384 383
f 1107 383 1108
f 1108 383 382
f 1108 382 1109
f 1109 382 380
f 1109 380 379
f 377 375 1105
f 1105 375 374
f 1105 374 384
f 906 905 1110
f 1110 905 1105
f 1110 1105 1111
f 1111 1105 1104
f 15 378 912
f 912 378 377
f 912 377 913
f 913 377 1105
f 913 1105 914
f 914 1105 905
f 1112 1113 1108
f 1108 1113 1114
f 1115 1107 1116
f 1116 1107 1108
f 1116 1108 1117
f 1117 1108 1114
f 1115 1118 1107
f 1107 1118 1119
f 1107 1119 1105
f 1105 1119 1120
f 1105 1120 1103
f 1112 1108 1121
f 1121 1108 1109
f 1121 1109 1106
f 1106 1109 379
f 1106 379 393
f 1122 1123 1124
f 1125 1121 1106
f 1113 1112 1126
f 1126 1112 1121
f 1126 1121 1127
f 1127 1121 1125
f 1127 1125 1128
f 425 426 1129
f 1129 1130 1131
f 1128 1132 1133
f 1128 1134 1127
f 1127 1134 1135
f 1127 1135 1136
f 1136 1137 1127
f 1127 1137 1138
f 1127 1138 1126
f 1139 1122 1140
f 1140 1122 1124
f 1140 1124 1141
f 1141 1124 1142
f 1123 1143 1124
f 1124 1143 1144
f 1124 1144 1142
f 1133 1132 1141
f 1141 1132 1145
f 1141 1145 1140
f 1140 1145 1146
f 1140 1146 1139
f 1147 1148 1149
f 454 1150 455
f 455 1150 1151
f 455 1151 432
f 1152 435 1151
f 1151 435 433
f 1151 433 432
f 1131 1130 1153
f 1153 1130 1152
f 1153 1152 1154
f 1154 1152 1151
f 1154 1151 1149
f 1149 1151 1150
f 1149 1150 1147
f 426 431 1129
f 1129 431 430
f 1129 430 1130
f 1130 430 428
f 1130 428 1152
f 1152 428 427
f 1152 427 435
f 1138 1155 1126
f 1126 1155 1156
f 1126 1156 1113
f 1113 1156 1157
f 1113 1157 1114
f 1142 1158 1141
f 1141 1158 1159
f 1141 1159 1133
f 1133 1159 1160
f 1160 1161 1133
f 1133 1161 1162
f 1133 1162 1128
f 1128 1162 1163
f 1128 1163 1134
f 1148 1139 1149
f 1149 1139 1146
f 1149 1146 1154
f 1154 1146 1145
f 1154 1145 1153
f 1153 1145 1132
f 1153 1132 1131
f 1131 1132 1128
f 1131 1128 1129
f 1129 1128 1125
f 1129 1125 425
f 425 1125 1106
f 425 1106 392
f 1164 1150 454
f 1150 1164 1147
f 1165 1139 1148
f 1166 1167 1168
f 1169 1170 684
f 684 685 1169
f 1169 685 682
f 1169 682 681
f 1171 1172 1173
f 1173 1172 1174
f 1173 1174 1175
f 1176 1173 1168
f 1168 1173 1175
f 1168 1175 1166
f 1177 1178 1176
f 1176 1178 1179
f 1176 1179 1173
f 1173 1179 1170
f 1173 1170 1171
f 1171 1170 1169
f 476 477 1180
f 1180 477 478
f 1180 478 1181
f 1181 478 513
f 485 484 1182
f 475 511 1183
f 511 485 1183
f 1183 485 1182
f 1183 1182 1184
f 1184 1182 1185
f 1184 1185 1177
f 1177 1185 1186
f 1177 1186 1178
f 1187 1188 1123
f 1123 1188 1189
f 1123 1189 1143
f 1139 1165 1122
f 1122 1165 1190
f 1122 1190 1123
f 1123 1190 1191
f 1123 1191 1187
f 1192 1193 1191
f 1191 1193 1194
f 1191 1194 1187
f 1195 1196 1197
f 1197 1196 1198
f 1197 1198 1199
f 1147 1164 1200
f 1200 1164 1201
f 1200 1201 1202
f 1202 1201 1203
f 1202 1203 1204
f 1204 1203 1205
f 1204 1205 1197
f 1197 1205 1206
f 1197 1206 1195
f 1207 1208 1206
f 1206 1208 1209
f 1206 1209 1195
f 1199 1192 1197
f 1197 1192 1191
f 1197 1191 1204
f 1204 1191 1190
f 1204 1190 1202
f 1202 1190 1165
f 1202 1165 1200
f 1200 1165 1148
f 1200 1148 1147
f 513 514 1181
f 1181 514 516
f 1181 516 696
f 695 690 1186
f 1186 690 689
f 1186 689 1178
f 1178 689 688
f 1178 688 1179
f 1179 688 687
f 1179 687 1170
f 1170 687 686
f 1170 686 684
f 484 476 1182
f 1182 476 1180
f 1182 1180 1185
f 1185 1180 1181
f 1185 1181 1186
f 1186 1181 696
f 1186 696 695
f 454 475 1164
f 1164 475 1183
f 1164 1183 1201
f 1201 1183 1184
f 1201 1184 1203
f 1203 1184 1177
f 1203 1177 1205
f 1205 1177 1176
f 1205 1176 1206
f 1206 1176 1168
f 1206 1168 1207
f 1207 1168 1167
f 1210 1211 1212
f 543 542 1213
f 622 607 1214
f 1215 1216 1217
f 1217 1216 1218
f 1217 1218 1219
f 1218 1220 1219
f 1219 1220 1221
f 1219 1221 1222
f 1223 1224 1225
f 1223 1225 1226
f 1227 1228 1229
f 1229 1228 1230
f 1229 1230 1226
f 1231 1232 1233
f 1226 1225 1229
f 1229 1225 1234
f 1229 1234 1227
f 1232 1231 1235
f 1236 1237 1238
f 1238 1237 1239
f 1240 1241 1242
f 1242 1241 1238
f 1242 1238 1243
f 1243 1238 1239
f 1244 1245 1246
f 1246 1245 1247
f 1244 1248 1245
f 1245 1248 1249
f 1245 1249 1250
f 627 1251 1252
f 1252 1251 1253
f 1252 1253 1254
f 608 521 1252
f 521 520 1252
f 1252 520 601
f 1252 601 627
f 604 603 1255
f 1255 603 612
f 1255 612 1256
f 1256 612 610
f 1256 610 609
f 622 1214 623
f 613 1214 614
f 614 1214 1257
f 613 626 1214
f 1214 626 624
f 1214 624 623
f 619 620 1257
f 1257 620 616
f 1257 616 614
f 619 1257 617
f 617 1257 1258
f 617 1258 649
f 701 700 1258
f 1258 700 699
f 1258 699 649
f 703 698 1259
f 1259 698 697
f 1259 697 702
f 1211 534 1212
f 1212 534 533
f 1212 533 704
f 537 536 1260
f 1260 536 531
f 531 530 1260
f 1260 530 568
f 1260 568 1211
f 1211 568 564
f 1211 564 534
f 562 561 1261
f 1261 561 540
f 540 539 1261
f 1261 539 538
f 1261 538 1262
f 545 1263 546
f 546 1263 1264
f 546 1264 553
f 558 556 1265
f 1265 556 554
f 551 552 1266
f 1266 552 560
f 1266 560 559
f 1267 1268 681
f 681 680 1267
f 1267 680 679
f 1267 679 1269
f 1269 679 678
f 1269 678 1270
f 1270 678 547
f 1270 547 549
f 1269 1271 1272
f 1272 1273 1269
f 1269 1273 1274
f 1269 1274 1267
f 1267 1274 1275
f 1267 1275 1268
f 1240 1235 1241
f 1241 1235 1231
f 1241 1231 1234
f 1234 1231 1233
f 1234 1233 1227
f 549 551 1270
f 1270 551 1266
f 1270 1266 1269
f 1269 1266 1276
f 1269 1276 1271
f 1271 1276 1219
f 1271 1219 1277
f 1277 1219 1222
f 545 543 1263
f 1263 543 1213
f 1263 1213 1278
f 1278 1213 1279
f 1278 1279 1280
f 1280 1279 1281
f 1280 1281 1282
f 559 558 1266
f 1266 558 1265
f 1266 1265 1276
f 1276 1265 1283
f 1276 1283 1219
f 1219 1283 1284
f 1219 1284 1217
f 1217 1284 1225
f 1217 1225 1215
f 1215 1225 1224
f 1250 1285 1286
f 1286 1285 1287
f 1286 1287 1288
f 1288 1287 1289
f 1281 1289 1282
f 1282 1289 1287
f 1282 1287 1290
f 1290 1287 1285
f 1249 1236 1250
f 1250 1236 1238
f 1250 1238 1285
f 1285 1238 1241
f 1285 1241 1290
f 1290 1241 1234
f 1290 1234 1282
f 1282 1234 1225
f 1282 1225 1280
f 1280 1225 1284
f 1280 1284 1278
f 1278 1284 1283
f 1278 1283 1263
f 1263 1283 1265
f 1263 1265 1264
f 1264 1265 554
f 1264 554 553
f 704 703 1212
f 1212 703 1259
f 1212 1259 1210
f 1210 1259 1291
f 1210 1291 1292
f 1292 1291 1293
f 1292 1293 1294
f 1294 1293 1295
f 702 701 1259
f 1259 701 1258
f 1259 1258 1291
f 1291 1258 1257
f 1291 1257 1293
f 1293 1257 1214
f 1293 1214 1295
f 1295 1214 607
f 1295 607 1255
f 1255 607 606
f 1255 606 604
f 542 562 1213
f 1213 562 1261
f 1213 1261 1279
f 1279 1261 1262
f 1279 1262 1281
f 1281 1262 1296
f 1281 1296 1289
f 1289 1296 1297
f 1289 1297 1288
f 1288 1297 1298
f 1288 1298 1286
f 1286 1298 1299
f 1286 1299 1250
f 1250 1299 1300
f 1250 1300 1245
f 1245 1300 1301
f 1245 1301 1247
f 1247 1301 1252
f 1247 1252 1302
f 1302 1252 1254
f 538 537 1262
f 1262 537 1260
f 1262 1260 1296
f 1296 1260 1211
f 1296 1211 1297
f 1297 1211 1210
f 1297 1210 1298
f 1298 1210 1292
f 1298 1292 1299
f 1299 1292 1294
f 1299 1294 1300
f 1300 1294 1295
f 1300 1295 1301
f 1301 1295 1255
f 1301 1255 1252
f 1252 1255 1256
f 1252 1256 608
f 608 1256 609
f 1303 1304 1305
f 1306 1307 1308
f 781 780 1309
f 731 1310 734
f 730 729 1311
f 1311 729 715
f 1311 715 721
f 721 720 1312
f 734 1310 733
f 733 1310 1313
f 733 1313 732
f 804 803 1314
f 1314 803 786
f 1314 786 1313
f 1313 786 785
f 1313 785 732
f 780 762 1309
f 1309 762 761
f 1309 761 760
f 801 800 1315
f 1315 800 1316
f 1315 1316 1317
f 751 750 1315
f 1315 750 802
f 1315 802 801
f 1318 1319 752
f 748 754 1319
f 1319 754 753
f 1319 753 752
f 1236 1249 1320
f 1320 1249 1321
f 1242 1322 1240
f 1240 1322 1323
f 1242 1243 1322
f 1322 1243 1239
f 1322 1239 1320
f 1320 1239 1237
f 1320 1237 1236
f 1224 1324 1325
f 1224 1223 1324
f 1324 1223 1226
f 1324 1226 1326
f 1326 1226 1230
f 1326 1230 1327
f 1327 1230 1228
f 1327 1228 1227
f 1227 1233 1327
f 1327 1233 1232
f 1327 1232 1323
f 1323 1232 1235
f 1323 1235 1240
f 1218 1216 1325
f 1325 1216 1215
f 1325 1215 1224
f 1328 1220 1218
f 1329 1330 1331
f 1332 1333 1334
f 1334 1333 1335
f 1334 1335 1331
f 1336 1333 1337
f 1338 1339 1340
f 1308 1341 1342
f 1342 1341 1343
f 1342 1343 1340
f 1340 1343 1344
f 1340 1344 1338
f 1338 1344 1345
f 1338 1345 1346
f 1347 1341 1348
f 1308 1307 1341
f 1341 1307 1348
f 1341 1349 1350
f 1341 1350 1343
f 1343 1350 1351
f 1343 1351 1344
f 1344 1351 1352
f 1344 1352 1345
f 1336 1306 1333
f 1333 1306 1308
f 1333 1308 1335
f 1335 1308 1342
f 1335 1342 1331
f 1331 1342 1340
f 1331 1340 1329
f 1329 1340 1339
f 721 1312 1311
f 1311 1312 1353
f 1311 1353 1354
f 800 781 1316
f 1316 781 1309
f 1316 1309 1314
f 1314 1309 760
f 1314 760 804
f 1355 1356 1357
f 1305 1314 1313
f 1305 1313 1303
f 1303 1313 1310
f 1303 1310 1311
f 1311 1310 731
f 1311 731 730
f 1354 1358 1311
f 1311 1358 1359
f 1311 1359 1303
f 1303 1359 1360
f 1303 1360 1304
f 1361 1362 1363
f 1363 1362 1364
f 1363 1364 1365
f 1365 1364 1366
f 1365 1366 1357
f 1357 1366 1367
f 1357 1367 1355
f 1355 1367 1368
f 1305 1368 1314
f 1314 1368 1367
f 1314 1367 1316
f 1316 1367 1366
f 1316 1366 1317
f 1317 1366 1364
f 1317 1364 1369
f 1369 1364 1362
f 1370 1247 1318
f 1318 1247 1302
f 1302 1254 1318
f 1318 1254 1253
f 1318 1253 1319
f 1319 1253 1251
f 1319 1251 748
f 748 1251 627
f 1249 1248 1321
f 1321 1248 1244
f 1321 1244 1370
f 1370 1244 1246
f 1370 1246 1247
f 1349 1341 1371
f 1371 1341 1347
f 1371 1347 1372
f 1373 1374 1325
f 1218 1325 1328
f 1328 1325 1374
f 1375 1376 1332
f 1332 1376 1333
f 1333 1376 1377
f 1333 1377 1337
f 1356 1375 1357
f 1357 1375 1332
f 1357 1332 1365
f 1365 1332 1334
f 1365 1334 1363
f 1363 1334 1331
f 1363 1331 1361
f 1361 1331 1330
f 752 751 1318
f 1318 751 1315
f 1318 1315 1370
f 1370 1315 1317
f 1370 1317 1321
f 1321 1317 1369
f 1321 1369 1320
f 1320 1369 1362
f 1320 1362 1322
f 1322 1362 1361
f 1322 1361 1323
f 1323 1361 1330
f 1323 1330 1327
f 1327 1330 1329
f 1327 1329 1326
f 1326 1329 1339
f 1326 1339 1324
f 1324 1339 1338
f 1324 1338 1325
f 1325 1338 1346
f 1325 1346 1373
f 1378 1379 1380
f 1381 1382 1383
f 879 878 1383
f 893 91 960
f 1384 900 899
f 893 960 898
f 900 1384 891
f 891 1384 1385
f 891 1385 884
f 851 853 1386
f 1386 853 881
f 1386 881 880
f 880 838 1386
f 1386 838 837
f 1386 837 1382
f 1382 837 856
f 1382 856 1383
f 1383 856 855
f 1383 855 879
f 850 1387 843
f 843 1387 1388
f 843 1388 823
f 823 1388 824
f 815 816 1389
f 816 827 1389
f 1389 827 826
f 1389 826 1390
f 1390 826 825
f 1390 825 828
f 1391 1392 1389
f 1389 1392 1393
f 720 815 1312
f 1312 815 1389
f 1312 1389 1353
f 1353 1389 1393
f 1353 1393 1354
f 850 851 1387
f 1387 851 1386
f 1387 1386 1394
f 1394 1386 1382
f 1394 1382 1395
f 1395 1382 1381
f 1396 1397 1387
f 1387 1397 1398
f 1387 1398 1388
f 1399 1400 1395
f 1395 1400 1394
f 1394 1400 1401
f 1394 1401 1387
f 1387 1401 1396
f 1383 1402 1381
f 1381 1402 1403
f 1381 1403 1404
f 1397 1405 1398
f 1398 1405 1406
f 1398 1406 1407
f 1407 1391 1398
f 1398 1391 1389
f 1398 1389 1388
f 1388 1389 1390
f 1388 1390 824
f 824 1390 828
f 1404 1403 1408
f 1408 1403 1409
f 1408 1409 1410
f 1409 1411 1410
f 1410 1411 1412
f 1410 1412 1413
f 1414 1415 1416
f 1416 1415 1417
f 1416 1417 1418
f 1418 1417 1413
f 1418 1413 1419
f 1419 1413 1412
f 1420 1421 1422
f 1423 1424 1420
f 1420 1424 1425
f 1420 1425 1421
f 1421 1425 1426
f 1427 1428 1429
f 1429 1428 1380
f 1429 1380 1430
f 1422 1431 1420
f 1420 1431 1432
f 1420 1432 1428
f 1428 1432 1433
f 1428 1433 1380
f 1380 1433 1434
f 1380 1434 1378
f 1428 1427 1435
f 1428 1435 1420
f 1420 1435 1423
f 1436 1437 1434
f 1434 1437 1378
f 1438 922 921
f 1438 921 1439
f 971 976 1440
f 1440 976 975
f 1440 975 1441
f 921 967 1439
f 1439 967 966
f 1439 966 1440
f 1440 966 970
f 1440 970 971
f 978 1442 979
f 979 1442 1441
f 979 1441 973
f 973 1441 975
f 978 977 1442
f 1442 977 989
f 1442 989 1443
f 989 982 1443
f 1443 982 981
f 1443 981 1444
f 1444 981 986
f 1444 986 985
f 940 938 1445
f 1446 983 941
f 1447 1446 1445
f 1445 1446 941
f 1445 941 940
f 899 898 1384
f 1384 898 960
f 1384 960 1385
f 1385 960 961
f 1385 961 1448
f 1448 961 925
f 1448 925 924
f 924 963 1448
f 1448 963 965
f 1448 965 1438
f 1438 965 964
f 1438 964 922
f 1379 1449 1380
f 1380 1449 1450
f 1380 1450 1430
f 1415 1436 1417
f 1417 1436 1434
f 1417 1434 1413
f 1413 1434 1433
f 1413 1433 1410
f 1410 1433 1432
f 1410 1432 1408
f 1408 1432 1431
f 1408 1431 1404
f 1404 1431 1422
f 1404 1422 1381
f 1381 1422 1421
f 1381 1421 1395
f 1395 1421 1426
f 1395 1426 1399
f 1446 1447 1451
f 1446 1451 1416
f 1416 1451 1452
f 1416 1452 1414
f 878 884 1383
f 1383 884 1385
f 1383 1385 1402
f 1402 1385 1448
f 1402 1448 1403
f 1403 1448 1438
f 1403 1438 1409
f 1409 1438 1439
f 1409 1439 1411
f 1411 1439 1440
f 1411 1440 1412
f 1412 1440 1441
f 1412 1441 1419
f 1419 1441 1442
f 1419 1442 1418
f 1418 1442 1443
f 1418 1443 1416
f 1416 1443 1444
f 1416 1444 1446
f 1446 1444 985
f 1446 985 983
f 1453 1454 1455
f 1456 1457 1458
f 1459 1460 1461
f 1462 1463 1464
f 1465 1466 1467
f 1468 1469 1470
f 1452 1451 1471
f 1047 1055 1472
f 943 1473 1474
f 1039 1037 1473
f 1039 1473 1023
f 943 930 1473
f 1473 930 929
f 1473 929 944
f 1023 1473 1021
f 1021 1473 944
f 1021 944 291
f 935 933 1475
f 1475 933 932
f 1475 932 1474
f 1474 932 942
f 1474 942 943
f 935 1475 936
f 936 1475 1445
f 936 1445 938
f 1476 1477 1478
f 1478 1477 1479
f 1479 1480 1478
f 1478 1480 1481
f 1478 1481 1482
f 906 1483 907
f 907 1483 1477
f 907 1477 915
f 915 1477 1476
f 915 1476 916
f 920 919 1484
f 1484 919 918
f 1484 918 1476
f 1476 918 917
f 1476 917 916
f 911 910 1485
f 1090 902 1486
f 1486 902 901
f 1486 901 1487
f 1488 1072 1068
f 1488 1068 1489
f 1068 1070 1489
f 1489 1070 1092
f 1489 1092 1486
f 1486 1092 1091
f 1486 1091 1090
f 1098 1102 1490
f 1490 1102 1101
f 1490 1101 1099
f 1099 1076 1490
f 1490 1076 1075
f 1490 1075 1488
f 1488 1075 1073
f 1488 1073 1072
f 1040 1093 1468
f 1468 1093 1095
f 1468 1095 1469
f 1469 1095 1097
f 1466 1045 1467
f 1467 1045 1043
f 1467 1043 1491
f 1491 1043 1041
f 1491 1041 1040
f 1472 1055 1492
f 1055 1054 1492
f 1492 1054 1053
f 1492 1053 1466
f 1466 1053 1046
f 1466 1046 1045
f 1064 1063 1493
f 1063 1052 1493
f 1493 1052 1050
f 1493 1050 1472
f 1472 1050 1048
f 1472 1048 1047
f 1036 1062 1494
f 1494 1062 1065
f 1495 1496 1497
f 1497 1496 1494
f 1460 1459 1471
f 1471 1459 1414
f 1471 1414 1452
f 1495 1475 1496
f 1496 1475 1474
f 1496 1474 1494
f 1494 1474 1473
f 1494 1473 1036
f 1036 1473 1037
f 1451 1447 1475
f 1475 1447 1445
f 1498 1499 1500
f 1498 1500 1501
f 1499 1502 1500
f 1500 1502 1503
f 1500 1503 1501
f 1504 1505 1506
f 1506 1505 1507
f 1097 1098 1469
f 1469 1098 1490
f 1469 1490 1470
f 1470 1490 1508
f 1470 1508 1509
f 1040 1468 1491
f 1491 1468 1470
f 1491 1470 1467
f 1467 1470 1509
f 1467 1509 1465
f 1503 1504 1501
f 1501 1504 1506
f 1501 1506 1510
f 1510 1506 1507
f 1507 1511 1512
f 1512 1511 1513
f 1512 1513 1514
f 1449 1379 1515
f 1513 1516 1514
f 1514 1516 1449
f 1514 1449 1517
f 1517 1449 1515
f 1517 1515 1518
f 1461 1519 1462
f 1462 1519 1520
f 1462 1520 1463
f 1507 1512 1510
f 1510 1512 1514
f 1510 1514 1521
f 1521 1514 1517
f 1521 1517 1522
f 1522 1517 1518
f 1522 1518 1523
f 1451 1475 1471
f 1471 1475 1495
f 1471 1495 1460
f 1460 1495 1497
f 1460 1497 1461
f 1461 1497 1524
f 1461 1524 1519
f 1436 1523 1437
f 1437 1523 1518
f 1437 1518 1515
f 1437 1515 1378
f 1378 1515 1379
f 1065 1064 1494
f 1494 1064 1493
f 1494 1493 1497
f 1497 1493 1472
f 1497 1472 1524
f 1524 1472 1492
f 1524 1492 1519
f 1519 1492 1466
f 1519 1466 1520
f 1520 1466 1465
f 1520 1465 1463
f 1463 1465 1509
f 1463 1509 1464
f 1464 1509 1508
f 1476 1478 1525
f 1476 1525 1484
f 1484 1525 1526
f 1484 1526 1527
f 1527 1528 1484
f 1484 1528 1485
f 1484 1485 920
f 920 1485 910
f 1528 1529 1485
f 1485 1529 1530
f 1485 1530 1457
f 1457 1530 1531
f 1457 1531 1458
f 1532 1533 1534
f 1454 1532 1455
f 1455 1532 1534
f 1455 1534 1498
f 1498 1534 1535
f 1498 1535 1499
f 901 911 1487
f 1487 911 1485
f 1487 1485 1486
f 1486 1485 1457
f 1486 1457 1489
f 1489 1457 1456
f 1489 1456 1488
f 1436 1415 1523
f 1523 1415 1414
f 1458 1453 1456
f 1456 1453 1455
f 1456 1455 1488
f 1488 1455 1498
f 1488 1498 1490
f 1490 1498 1501
f 1490 1501 1508
f 1508 1501 1510
f 1508 1510 1464
f 1464 1510 1521
f 1464 1521 1462
f 1462 1521 1522
f 1462 1522 1461
f 1461 1522 1523
f 1461 1523 1459
f 1459 1523 1414
f 1273 1272 1536
f 1277 1222 1537
f 1538 1539 1540
f 1541 1542 1543
f 1137 1136 1544
f 1194 1193 1545
f 1192 1199 1546
f 1169 681 1268
f 1174 1172 1547
f 1547 1172 1171
f 1169 1268 1171
f 1171 1268 1547
f 1547 1268 1275
f 1547 1275 1274
f 1207 1167 1548
f 1548 1167 1166
f 1548 1166 1547
f 1547 1166 1175
f 1547 1175 1174
f 1207 1548 1208
f 1208 1548 1549
f 1208 1549 1209
f 1199 1198 1546
f 1546 1198 1196
f 1546 1196 1549
f 1549 1196 1195
f 1549 1195 1209
f 1187 1540 1188
f 1188 1540 1539
f 1188 1539 1189
f 1158 1142 1538
f 1538 1142 1144
f 1538 1144 1539
f 1539 1144 1143
f 1539 1143 1189
f 1134 1163 1542
f 1544 1136 1542
f 1542 1136 1135
f 1542 1135 1134
f 1163 1162 1542
f 1542 1162 1161
f 1542 1161 1543
f 1543 1161 1160
f 1543 1160 1159
f 1137 1544 1138
f 1138 1544 1550
f 1138 1550 1155
f 1115 1116 1551
f 1551 1116 1117
f 1551 1117 1552
f 1117 1114 1552
f 1552 1114 1157
f 1552 1157 1550
f 1550 1157 1156
f 1550 1156 1155
f 1118 1553 1119
f 1119 1553 1554
f 1104 1103 1554
f 1554 1103 1120
f 1554 1120 1119
f 1477 1110 1555
f 1555 1110 1111
f 1555 1111 1104
f 1110 1477 1483
f 1110 1483 906
f 1482 1481 1556
f 1556 1481 1480
f 1556 1480 1555
f 1555 1480 1479
f 1555 1479 1477
f 1557 1558 1559
f 1559 1558 1560
f 1561 1562 1563
f 1561 1563 1559
f 1559 1563 1557
f 1371 1372 1564
f 1564 1372 1565
f 1565 1566 1567
f 1567 1566 1561
f 1561 1566 1568
f 1561 1568 1562
f 1349 1371 1569
f 1569 1371 1564
f 1569 1564 1570
f 1570 1564 1571
f 1570 1571 1572
f 1572 1571 1541
f 1572 1541 1573
f 1573 1541 1543
f 1573 1543 1574
f 1575 1576 1577
f 1578 1579 1580
f 1577 1578 1575
f 1575 1578 1580
f 1575 1580 1581
f 1581 1580 1574
f 1187 1194 1540
f 1540 1194 1545
f 1540 1545 1582
f 1582 1545 1583
f 1345 1352 1576
f 1576 1352 1351
f 1576 1351 1577
f 1577 1351 1350
f 1577 1350 1349
f 1574 1580 1573
f 1573 1580 1579
f 1573 1579 1572
f 1572 1579 1578
f 1572 1578 1570
f 1570 1578 1577
f 1570 1577 1569
f 1569 1577 1349
f 1537 1584 1585
f 1585 1584 1586
f 1585 1586 1587
f 1536 1537 1588
f 1588 1537 1585
f 1588 1585 1583
f 1583 1585 1587
f 1583 1587 1582
f 1536 1272 1537
f 1537 1272 1271
f 1537 1271 1277
f 1346 1586 1373
f 1373 1586 1584
f 1373 1584 1374
f 1374 1584 1537
f 1374 1537 1328
f 1274 1273 1547
f 1547 1273 1536
f 1547 1536 1548
f 1548 1536 1588
f 1548 1588 1549
f 1549 1588 1583
f 1549 1583 1546
f 1546 1583 1545
f 1546 1545 1192
f 1192 1545 1193
f 1104 1554 1555
f 1555 1554 1589
f 1555 1589 1556
f 1553 1590 1591
f 1553 1591 1554
f 1554 1591 1589
f 1590 1553 1592
f 1592 1553 1593
f 1592 1593 1594
f 1595 1596 1593
f 1593 1596 1594
f 1597 1598 1595
f 1595 1598 1596
f 1599 1600 1597
f 1597 1600 1598
f 1558 1601 1560
f 1560 1601 1597
f 1597 1601 1602
f 1597 1602 1599
f 1565 1567 1564
f 1564 1567 1561
f 1564 1561 1571
f 1571 1561 1559
f 1571 1559 1541
f 1541 1559 1560
f 1541 1560 1542
f 1542 1560 1597
f 1542 1597 1544
f 1544 1597 1595
f 1544 1595 1550
f 1550 1595 1593
f 1550 1593 1552
f 1552 1593 1553
f 1552 1553 1551
f 1551 1553 1118
f 1551 1118 1115
f 1220 1328 1537
f 1220 1537 1221
f 1221 1537 1222
f 1346 1345 1586
f 1586 1345 1576
f 1586 1576 1587
f 1587 1576 1575
f 1587 1575 1582
f 1582 1575 1581
f 1582 1581 1540
f 1540 1581 1574
f 1540 1574 1538
f 1538 1574 1543
f 1538 1543 1158
f 1158 1543 1159
f 1603 1604 1605
f 1606 1607 1608
f 1608 1607 1609
f 1610 1611 1612
f 1612 1611 1613
f 1612 1613 1614
f 1615 1616 1617
f 1617 1616 1618
f 1617 1618 1619
f 1620 1621 1622
f 1622 1621 1616
f 1622 1616 1623
f 1623 1616 1615
f 1620 1624 1621
f 1621 1624 1625
f 1621 1625 1626
f 1626 1627 1621
f 1621 1627 1628
f 1621 1628 1612
f 1612 1628 1629
f 1612 1629 1610
f 1630 1631 1632
f 1630 1632 1633
f 1634 1635 1636
f 1636 1635 1637
f 1636 1637 1638
f 1634 1639 1635
f 1635 1639 1640
f 1635 1640 1630
f 1630 1640 1641
f 1630 1641 1631
f 1609 1642 1608
f 1608 1642 1643
f 1608 1643 1644
f 1644 1643 1645
f 1645 1646 1644
f 1644 1646 1647
f 1644 1647 1637
f 1637 1647 1648
f 1637 1648 1638
f 1649 1606 1650
f 1650 1606 1608
f 1650 1608 1651
f 1652 1651 1653
f 1653 1651 1608
f 1653 1608 1654
f 1654 1608 1644
f 1654 1644 1655
f 1655 1644 1637
f 1655 1637 1656
f 1656 1637 1635
f 1656 1635 1657
f 1657 1635 1630
f 1657 1630 1658
f 1658 1630 1633
f 1368 1659 1355
f 1355 1659 1660
f 1661 1356 1660
f 1660 1356 1355
f 1368 1305 1659
f 1659 1305 1662
f 1662 1305 1304
f 1347 1605 1372
f 1372 1605 1604
f 1306 1663 1307
f 1307 1663 1664
f 1337 1665 1336
f 1336 1665 1663
f 1336 1663 1306
f 1605 1347 1348
f 1605 1348 1664
f 1664 1348 1307
f 1337 1377 1665
f 1665 1377 1376
f 1665 1376 1666
f 1666 1376 1661
f 1661 1376 1375
f 1661 1375 1356
f 1632 1667 1633
f 1633 1667 1668
f 1633 1668 1658
f 1658 1668 1669
f 1658 1669 1618
f 1618 1669 1670
f 1618 1670 1619
f 1654 1360 1653
f 1653 1360 1359
f 1653 1359 1358
f 1652 1653 1671
f 1671 1653 1358
f 1671 1358 1354
f 1304 1360 1662
f 1662 1360 1654
f 1662 1654 1659
f 1659 1654 1655
f 1659 1655 1660
f 1660 1655 1656
f 1660 1656 1661
f 1661 1656 1657
f 1661 1657 1666
f 1666 1657 1658
f 1666 1658 1665
f 1665 1658 1618
f 1665 1618 1663
f 1663 1618 1616
f 1663 1616 1664
f 1664 1616 1621
f 1664 1621 1605
f 1605 1621 1612
f 1605 1612 1603
f 1603 1612 1614
f 1396 1401 1672
f 1673 1674 1675
f 1675 1674 1676
f 1675 1676 1677
f 1677 1649 1675
f 1675 1649 1650
f 1673 1675 1678
f 1678 1675 1679
f 1678 1679 1680
f 1681 1682 1683
f 1683 1682 1684
f 1683 1684 1679
f 1679 1684 1685
f 1679 1685 1680
f 1681 1683 1686
f 1686 1683 1687
f 1686 1687 1688
f 1689 1690 1691
f 1691 1690 1692
f 1691 1692 1687
f 1687 1692 1693
f 1687 1693 1688
f 1694 1695 1696
f 1696 1695 1697
f 1696 1697 1698
f 1699 1700 1701
f 1701 1700 1702
f 1701 1702 1691
f 1691 1702 1703
f 1691 1703 1689
f 1704 1705 1706
f 1706 1705 1707
f 1706 1707 1708
f 1709 1710 1711
f 1711 1710 1712
f 1711 1712 1713
f 1713 1712 1714
f 1713 1714 1715
f 1715 1716 1713
f 1713 1716 1717
f 1713 1717 1704
f 1704 1717 1718
f 1704 1718 1705
f 1450 1449 1719
f 1719 1449 1720
f 1354 1393 1671
f 1671 1393 1721
f 1651 1652 1721
f 1721 1652 1671
f 1399 1698 1400
f 1400 1698 1722
f 1672 1401 1722
f 1722 1401 1400
f 1393 1392 1721
f 1721 1392 1391
f 1721 1391 1723
f 1391 1407 1723
f 1723 1407 1406
f 1723 1406 1724
f 1724 1406 1405
f 1724 1405 1672
f 1672 1405 1397
f 1672 1397 1396
f 1697 1699 1698
f 1698 1699 1701
f 1698 1701 1722
f 1722 1701 1691
f 1722 1691 1672
f 1672 1691 1687
f 1672 1687 1724
f 1724 1687 1683
f 1724 1683 1723
f 1723 1683 1679
f 1723 1679 1721
f 1721 1679 1675
f 1721 1675 1651
f 1651 1675 1650
f 1725 1427 1429
f 1725 1429 1719
f 1719 1429 1430
f 1719 1430 1450
f 1726 1423 1435
f 1726 1435 1725
f 1725 1435 1427
f 1696 1424 1726
f 1726 1424 1423
f 1727 1709 1720
f 1720 1709 1711
f 1720 1711 1719
f 1719 1711 1713
f 1719 1713 1725
f 1725 1713 1704
f 1725 1704 1726
f 1726 1704 1706
f 1726 1706 1696
f 1696 1706 1708
f 1696 1708 1694
f 1399 1426 1698
f 1698 1426 1696
f 1696 1426 1425
f 1696 1425 1424
f 1529 1528 1728
f 1729 1730 1728
f 1731 1732 1733
f 1734 1727 1720
f 1735 1736 1737
f 1503 1502 1738
f 1739 1504 1503
f 1516 1513 1735
f 1735 1513 1511
f 1735 1511 1740
f 1511 1507 1740
f 1740 1507 1739
f 1739 1507 1505
f 1739 1505 1504
f 1503 1738 1739
f 1739 1738 1741
f 1739 1741 1742
f 1742 1743 1739
f 1739 1743 1744
f 1739 1744 1745
f 1746 1747 1740
f 1740 1747 1748
f 1740 1748 1735
f 1735 1748 1749
f 1735 1749 1736
f 1745 1750 1739
f 1739 1750 1751
f 1739 1751 1740
f 1740 1751 1752
f 1740 1752 1746
f 1753 1754 1731
f 1755 1756 1757
f 1757 1756 1733
f 1757 1733 1758
f 1758 1733 1732
f 1759 1760 1761
f 1761 1760 1762
f 1761 1762 1763
f 1764 1765 1766
f 1763 1767 1761
f 1761 1767 1768
f 1761 1768 1765
f 1765 1768 1769
f 1765 1769 1766
f 1730 1770 1728
f 1728 1770 1771
f 1728 1771 1759
f 1759 1771 1772
f 1759 1772 1760
f 1731 1733 1753
f 1753 1733 1478
f 1753 1478 1482
f 1528 1527 1728
f 1728 1527 1756
f 1728 1756 1729
f 1729 1756 1755
f 1527 1526 1756
f 1756 1526 1525
f 1756 1525 1733
f 1733 1525 1478
f 1764 1533 1765
f 1765 1533 1532
f 1765 1532 1761
f 1761 1532 1454
f 1454 1453 1761
f 1761 1453 1458
f 1761 1458 1759
f 1759 1458 1531
f 1759 1531 1728
f 1728 1531 1530
f 1728 1530 1529
f 1449 1516 1720
f 1720 1516 1735
f 1720 1735 1734
f 1734 1735 1737
f 1766 1773 1764
f 1764 1773 1774
f 1764 1774 1738
f 1738 1774 1775
f 1738 1775 1741
f 1502 1499 1738
f 1738 1499 1535
f 1738 1535 1764
f 1764 1535 1534
f 1764 1534 1533
f 1613 1611 1776
f 1613 1776 1614
f 1614 1776 1777
f 1603 1778 1604
f 1604 1778 1565
f 1604 1565 1372
f 1754 1753 1779
f 1779 1753 1780
f 1779 1780 1781
f 1782 1783 1784
f 1784 1785 1786
f 1786 1785 1787
f 1786 1787 1780
f 1780 1787 1788
f 1780 1788 1781
f 1789 1790 1791
f 1789 1791 1792
f 1793 1794 1795
f 1795 1794 1796
f 1793 1797 1794
f 1794 1797 1798
f 1794 1798 1789
f 1789 1798 1799
f 1789 1799 1790
f 1791 1800 1792
f 1792 1800 1801
f 1792 1801 1782
f 1782 1801 1802
f 1782 1802 1783
f 1803 1804 1805
f 1806 1807 1808
f 1808 1807 1809
f 1808 1809 1805
f 1805 1809 1810
f 1805 1810 1803
f 1776 1811 1777
f 1777 1811 1812
f 1777 1812 1813
f 1814 1815 1816
f 1815 1817 1816
f 1816 1817 1818
f 1816 1818 1808
f 1808 1818 1819
f 1808 1819 1806
f 1820 1563 1821
f 1821 1563 1562
f 1558 1557 1820
f 1820 1557 1563
f 1568 1566 1778
f 1778 1566 1565
f 1562 1568 1821
f 1821 1568 1778
f 1821 1778 1777
f 1777 1778 1603
f 1777 1603 1614
f 1601 1558 1805
f 1805 1558 1820
f 1805 1820 1808
f 1808 1820 1821
f 1808 1821 1816
f 1816 1821 1777
f 1816 1777 1814
f 1814 1777 1813
f 1753 1482 1556
f 1784 1786 1782
f 1782 1786 1591
f 1782 1591 1590
f 1753 1556 1780
f 1780 1556 1786
f 1786 1556 1589
f 1786 1589 1591
f 1792 1594 1789
f 1789 1594 1596
f 1789 1596 1598
f 1789 1598 1600
f 1789 1600 1794
f 1794 1600 1796
f 1782 1590 1592
f 1782 1592 1792
f 1792 1592 1594
f 1804 1822 1805
f 1805 1822 1823
f 1805 1823 1796
f 1796 1823 1824
f 1796 1824 1795
f 1600 1599 1796
f 1796 1599 1602
f 1796 1602 1805
f 1805 1602 1601
f 1825 1826 1634
f 1634 1826 1639
f 1827 1828 1632
f 1829 1830 1831
f 1831 1611 1610
f 1829 1831 1832
f 1832 1831 1610
f 1832 1610 1833
f 1833 1610 1629
f 1833 1629 1834
f 1834 1629 1628
f 1834 1628 1835
f 1628 1627 1835
f 1835 1627 1626
f 1835 1626 1836
f 1836 1626 1837
f 1836 1837 1838
f 1838 1837 1839
f 1838 1839 1840
f 1840 1839 1841
f 1839 1622 1841
f 1841 1622 1623
f 1841 1623 1842
f 1623 1615 1842
f 1842 1615 1617
f 1842 1617 1843
f 1843 1617 1619
f 1843 1619 1844
f 1619 1670 1844
f 1844 1670 1669
f 1844 1669 1845
f 1845 1669 1668
f 1845 1668 1828
f 1828 1668 1667
f 1828 1667 1632
f 1827 1632 1846
f 1846 1632 1631
f 1846 1631 1847
f 1847 1631 1641
f 1847 1641 1826
f 1826 1641 1640
f 1826 1640 1639
f 1638 1848 1849
f 1825 1634 1849
f 1849 1634 1636
f 1849 1636 1638
f 1638 1648 1848
f 1848 1648 1647
f 1848 1647 1850
f 1850 1647 1646
f 1850 1646 1851
f 1851 1646 1645
f 1851 1645 1852
f 1852 1645 1643
f 1852 1643 1853
f 1853 1643 1642
f 1853 1642 1854
f 1854 1642 1609
f 1854 1609 1855
f 1649 1856 1606
f 1606 1856 1855
f 1606 1855 1607
f 1607 1855 1609
f 1626 1625 1837
f 1837 1625 1624
f 1837 1624 1839
f 1839 1624 1620
f 1839 1620 1622
f 1856 1649 1857
f 1857 1649 1677
f 1857 1677 1858
f 1858 1677 1676
f 1858 1676 1859
f 1859 1676 1674
f 1859 1674 1860
f 1860 1674 1673
f 1860 1673 1861
f 1673 1678 1861
f 1861 1678 1680
f 1861 1680 1862
f 1862 1680 1685
f 1862 1685 1863
f 1863 1685 1684
f 1863 1684 1864
f 1684 1682 1864
f 1864 1682 1681
f 1864 1681 1865
f 1865 1681 1686
f 1865 1686 1866
f 1866 1686 1688
f 1866 1688 1867
f 1867 1688 1693
f 1867 1693 1868
f 1868 1693 1692
f 1692 1690 1868
f 1868 1690 1689
f 1868 1689 1869
f 1869 1689 1703
f 1869 1703 1870
f 1870 1703 1702
f 1870 1702 1871
f 1871 1702 1700
f 1871 1700 1872
f 1872 1700 1699
f 1872 1699 1873
f 1874 1875 1876
f 1876 1875 1877
f 1876 1877 1878
f 1879 1716 1715
f 1880 1881 1882
f 1882 1881 1727
f 1879 1715 1883
f 1883 1715 1714
f 1883 1714 1884
f 1884 1714 1712
f 1884 1712 1885
f 1885 1712 1710
f 1885 1710 1881
f 1881 1710 1709
f 1881 1709 1727
f 1879 1874 1716
f 1716 1874 1876
f 1716 1876 1717
f 1717 1876 1718
f 1699 1697 1873
f 1873 1697 1695
f 1873 1695 1886
f 1886 1695 1694
f 1886 1694 1887
f 1887 1694 1708
f 1887 1708 1878
f 1878 1708 1707
f 1878 1707 1876
f 1876 1707 1705
f 1876 1705 1718
f 1888 1880 1882
f 1888 1882 1727
f 1888 1727 1889
f 1889 1727 1734
f 1889 1734 1890
f 1890 1734 1737
f 1890 1737 1891
f 1891 1737 1736
f 1891 1736 1892
f 1892 1736 1749
f 1892 1749 1893
f 1893 1749 1748
f 1893 1748 1894
f 1894 1748 1747
f 1894 1747 1895
f 1743 1742 1896
f 1896 1742 1741
f 1897 1898 1741
f 1741 1898 1899
f 1741 1899 1896
f 1896 1899 1900
f 1896 1900 1901
f 1741 1775 1897
f 1897 1775 1774
f 1897 1774 1902
f 1902 1774 1773
f 1902 1773 1903
f 1903 1773 1766
f 1903 1766 1904
f 1766 1769 1904
f 1904 1769 1768
f 1904 1768 1905
f 1905 1768 1767
f 1905 1767 1906
f 1906 1767 1763
f 1906 1763 1907
f 1763 1762 1907
f 1907 1762 1760
f 1907 1760 1908
f 1908 1760 1772
f 1908 1772 1909
f 1909 1772 1771
f 1909 1771 1910
f 1771 1770 1910
f 1910 1770 1730
f 1910 1730 1911
f 1911 1730 1729
f 1911 1729 1912
f 1912 1729 1755
f 1912 1755 1913
f 1913 1755 1757
f 1913 1757 1914
f 1754 1915 1731
f 1731 1915 1916
f 1731 1916 1732
f 1732 1916 1914
f 1732 1914 1758
f 1758 1914 1757
f 1747 1746 1895
f 1895 1746 1752
f 1895 1752 1917
f 1917 1752 1751
f 1917 1751 1918
f 1918 1751 1750
f 1918 1750 1901
f 1901 1750 1745
f 1901 1745 1896
f 1896 1745 1744
f 1896 1744 1743
f 1919 1915 1754
f 1784 1920 1785
f 1785 1920 1921
f 1785 1921 1787
f 1787 1921 1922
f 1787 1922 1788
f 1788 1922 1923
f 1788 1923 1781
f 1781 1923 1919
f 1781 1919 1779
f 1779 1919 1754
f 1784 1783 1920
f 1920 1783 1802
f 1920 1802 1924
f 1924 1802 1925
f 1925 1802 1801
f 1925 1801 1926
f 1926 1801 1800
f 1926 1800 1927
f 1800 1791 1927
f 1927 1791 1790
f 1927 1790 1928
f 1928 1790 1799
f 1928 1799 1929
f 1799 1798 1929
f 1929 1798 1797
f 1929 1797 1930
f 1797 1793 1930
f 1930 1793 1795
f 1930 1795 1931
f 1795 1824 1931
f 1931 1824 1823
f 1931 1823 1932
f 1932 1823 1822
f 1932 1822 1933
f 1933 1822 1804
f 1933 1804 1934
f 1934 1935 1936
f 1936 1935 1937
f 1804 1803 1934
f 1934 1803 1810
f 1934 1810 1935
f 1935 1810 1809
f 1935 1809 1937
f 1809 1807 1937
f 1937 1807 1806
f 1937 1806 1938
f 1938 1806 1819
f 1938 1819 1939
f 1939 1819 1818
f 1939 1818 1940
f 1940 1818 1817
f 1940 1817 1941
f 1611 1831 1776
f 1776 1831 1830
f 1776 1830 1942
f 1817 1815 1941
f 1941 1815 1814
f 1941 1814 1943
f 1943 1814 1813
f 1943 1813 1944
f 1944 1813 1812
f 1944 1812 1945
f 1945 1812 1811
f 1945 1811 1946
f 1946 1811 1776
f 1946 1776 1942
f 1947 1948 1949
f 1835 1950 1834
f 1834 1950 1951
f 1834 1951 1833
f 1952 1953 1954
f 1833 1951 1832
f 1832 1951 1952
f 1832 1952 1829
f 1829 1952 1954
f 1829 1954 1830
f 1955 1956 1957
f 1957 1958 1955
f 1955 1958 1953
f 1955 1953 1959
f 1959 1953 1952
f 1959 1952 1960
f 1960 1952 1951
f 1960 1951 1961
f 1950 1962 1963
f 1963 1964 1950
f 1950 1964 1965
f 1950 1965 1951
f 1951 1965 1966
f 1951 1966 1961
f 1962 1950 1967
f 1967 1950 1968
f 1967 1968 1969
f 1970 1971 1972
f 1972 1973 1970
f 1970 1973 1974
f 1970 1974 1968
f 1968 1974 1975
f 1968 1975 1969
f 1971 1970 1976
f 1976 1970 1977
f 1976 1977 1978
f 1979 1980 1981
f 1981 1980 1982
f 1981 1982 1977
f 1977 1982 1983
f 1977 1983 1978
f 1984 1985 1986
f 1986 1985 1987
f 1986 1987 1981
f 1981 1987 1988
f 1981 1988 1979
f 1948 1989 1949
f 1949 1989 1990
f 1949 1990 1986
f 1986 1990 1991
f 1986 1991 1984
f 1992 1993 1994
f 1835 1836 1950
f 1950 1836 1838
f 1950 1838 1968
f 1968 1838 1840
f 1968 1840 1841
f 1844 1970 1843
f 1843 1970 1968
f 1843 1968 1842
f 1842 1968 1841
f 1844 1845 1970
f 1970 1845 1828
f 1970 1828 1977
f 1977 1828 1827
f 1977 1827 1846
f 1846 1847 1977
f 1977 1847 1826
f 1977 1826 1981
f 1981 1826 1825
f 1850 1986 1848
f 1848 1986 1981
f 1848 1981 1849
f 1849 1981 1825
f 1854 1855 1949
f 1850 1851 1986
f 1986 1851 1852
f 1986 1852 1949
f 1949 1852 1853
f 1949 1853 1854
f 1993 1947 1994
f 1994 1947 1949
f 1994 1949 1995
f 1995 1949 1855
f 1995 1855 1856
f 1996 1997 1998
f 1956 1999 1957
f 1957 1999 2000
f 1957 2000 1958
f 1958 2000 1998
f 1958 1998 1953
f 1953 1998 1954
f 1830 1954 1942
f 1942 1954 1998
f 1942 1998 1997
f 1942 1997 1946
f 1999 2001 2000
f 2000 2001 2002
f 2000 2002 1998
f 1998 2002 1996
f 1861 1862 2003
f 2004 2005 2006
f 2007 2008 2009
f 1995 1856 1857
f 1881 1880 2010
f 2011 1994 1995
f 2012 2013 2014
f 2014 2013 2015
f 2014 2015 2011
f 2011 2015 2016
f 2011 2016 1994
f 1994 2016 1992
f 2017 2018 2014
f 2014 2018 2019
f 2014 2019 2012
f 2008 2020 2009
f 2009 2020 2021
f 2009 2021 2003
f 2003 2021 2022
f 2003 2022 2023
f 2024 2025 2009
f 2009 2025 2026
f 2009 2026 2007
f 2027 2028 2024
f 2024 2028 2029
f 2024 2029 2025
f 2005 2030 2006
f 2006 2030 2031
f 2006 2031 2032
f 2032 2031 2033
f 2032 2033 2034
f 2004 2006 2035
f 2035 2006 2036
f 2035 2036 2037
f 2038 2039 2040
f 2040 2039 2041
f 2040 2041 2036
f 2036 2041 2042
f 2036 2042 2037
f 1881 2010 1885
f 1885 2010 2043
f 1885 2043 2040
f 2040 2043 2044
f 2040 2044 2045
f 2045 2046 2047
f 2045 2047 2040
f 2040 2047 2048
f 2040 2048 2038
f 1995 1857 2011
f 2011 1857 1858
f 2011 1858 2014
f 2014 1858 1859
f 2014 1859 1860
f 2023 2017 2003
f 2003 2017 2014
f 2003 2014 1861
f 1861 2014 1860
f 1862 1863 2003
f 2003 1863 1864
f 2003 1864 2009
f 2009 1864 1865
f 2009 1865 1866
f 2034 2027 2032
f 2032 2027 2024
f 2032 2024 1870
f 1866 1867 2009
f 2009 1867 1868
f 2009 1868 2024
f 2024 1868 1869
f 2024 1869 1870
f 1870 1871 2032
f 2032 1871 1872
f 2032 1872 1873
f 1873 1886 2032
f 2032 1886 1887
f 2032 1887 2006
f 2006 1887 1878
f 1878 1877 2006
f 2006 1877 1875
f 2006 1875 2036
f 2036 1875 1874
f 1874 1879 2036
f 2036 1879 1883
f 2036 1883 2040
f 2040 1883 1884
f 2040 1884 1885
f 2049 2050 2051
f 2051 2050 2052
f 2051 2052 2053
f 1889 2054 1888
f 1888 2054 2055
f 1888 2055 2010
f 1888 2010 1880
f 2045 2044 2055
f 2055 2044 2043
f 2055 2043 2010
f 2054 2049 2055
f 2055 2049 2051
f 2055 2051 2045
f 2045 2051 2053
f 2045 2053 2046
f 2056 2057 2058
f 2059 2060 2061
f 2062 2063 2064
f 1890 1891 2065
f 1902 2066 1897
f 1897 2066 2067
f 1902 1903 2066
f 2066 1903 1904
f 2066 1904 2068
f 1907 2069 1906
f 1906 2069 2068
f 1906 2068 1905
f 1905 2068 1904
f 1910 2070 1909
f 1909 2070 2069
f 1909 2069 1908
f 1908 2069 1907
f 1910 1911 2070
f 2070 1911 1912
f 2070 1912 2071
f 1912 1913 2071
f 2071 1913 1914
f 2071 1914 1916
f 2072 2073 2065
f 2065 2073 2074
f 2074 2052 2050
f 2074 2050 2065
f 2065 2050 2049
f 2065 2049 1890
f 1890 2049 2054
f 1890 2054 1889
f 2072 2065 2075
f 2075 2065 2076
f 2075 2076 2077
f 1894 2076 1893
f 1893 2076 2065
f 1893 2065 1892
f 1892 2065 1891
f 2063 2078 2064
f 2064 2078 2079
f 2064 2079 2076
f 2076 2079 2080
f 2076 2080 2077
f 1894 1895 2076
f 2076 1895 1917
f 2076 1917 2064
f 2064 1917 1918
f 2064 1918 1901
f 1901 1900 2081
f 2081 1900 1899
f 2081 1899 2067
f 2067 1899 1898
f 2067 1898 1897
f 2062 2064 2082
f 2082 2064 2083
f 2082 2083 2084
f 2084 2083 2085
f 2084 2085 2061
f 2061 2085 2086
f 2061 2086 2058
f 2058 2086 2087
f 2058 2087 2088
f 2088 2087 2089
f 2088 2089 2090
f 2090 2089 2091
f 2090 2091 2092
f 2092 2091 2093
f 2092 2093 2094
f 2060 2095 2061
f 2061 2095 2096
f 2061 2096 2084
f 2084 2096 2097
f 2084 2097 2082
f 2057 2098 2058
f 2058 2098 2099
f 2058 2099 2061
f 2061 2099 2100
f 2061 2100 2059
f 2056 2058 2101
f 2101 2058 2088
f 2101 2088 2102
f 2103 2104 2090
f 2090 2104 2105
f 2090 2105 2088
f 2088 2105 2106
f 2088 2106 2102
f 2107 2108 2092
f 2092 2108 2109
f 2092 2109 2090
f 2090 2109 2110
f 2090 2110 2103
f 2111 2112 2094
f 2094 2112 2113
f 2094 2113 2092
f 2092 2113 2114
f 2092 2114 2107
f 2115 2071 2116
f 2116 2071 1916
f 2116 1916 1915
f 1901 2081 2064
f 2064 2081 2067
f 2064 2067 2083
f 2083 2067 2066
f 2083 2066 2085
f 2085 2066 2068
f 2085 2068 2086
f 2086 2068 2069
f 2086 2069 2087
f 2087 2069 2070
f 2087 2070 2089
f 2089 2070 2071
f 2089 2071 2091
f 2091 2071 2115
f 2091 2115 2093
f 2115 2116 2117
f 2117 2116 1915
f 2117 1915 1919
f 2118 2093 2115
f 2119 2094 2093
f 1924 2120 1920
f 1920 2120 2121
f 1919 1923 2117
f 2117 1923 1922
f 2117 1922 2121
f 2121 1922 1921
f 2121 1921 1920
f 1924 1925 2120
f 2120 1925 1926
f 2120 1926 2122
f 2122 1926 1927
f 1931 2123 1930
f 1930 2123 2124
f 1930 2124 1929
f 1929 2124 2122
f 1929 2122 1928
f 1928 2122 1927
f 1931 1932 2123
f 2123 1932 1933
f 2123 1933 2125
f 2111 2094 2126
f 2126 2094 2119
f 2126 2119 2127
f 2127 2119 2128
f 2128 2119 2129
f 2129 2119 2130
f 2129 2130 2131
f 2132 2133 2134
f 2134 2135 2132
f 2132 2135 2136
f 2132 2136 2130
f 2130 2136 2137
f 2130 2137 2131
f 2138 2139 2140
f 2140 2139 2141
f 2140 2141 2132
f 2132 2141 2142
f 2132 2142 2133
f 2143 2144 2145
f 2145 2144 2146
f 2145 2146 2140
f 2140 2146 2147
f 2140 2147 2138
f 2148 2149 2150
f 2150 2149 2151
f 2150 2151 2145
f 2145 2151 2152
f 2145 2152 2143
f 2148 2150 2153
f 2153 2150 2154
f 2153 2154 2155
f 2115 2117 2118
f 2118 2117 2121
f 2118 2121 2156
f 2156 2121 2120
f 2156 2120 2157
f 2157 2120 2122
f 2157 2122 2158
f 2158 2122 2124
f 2158 2124 2159
f 2159 2124 2123
f 2159 2123 2160
f 2160 2123 2125
f 2160 2125 2161
f 2162 2163 2161
f 2161 2163 2164
f 2161 2164 2165
f 2093 2118 2119
f 2119 2118 2156
f 2119 2156 2130
f 2130 2156 2157
f 2130 2157 2132
f 2132 2157 2158
f 2132 2158 2140
f 2140 2158 2159
f 2140 2159 2145
f 2145 2159 2160
f 2145 2160 2150
f 2150 2160 2161
f 2150 2161 2154
f 2154 2161 2165
f 2154 2165 2155
f 1938 2162 1937
f 1937 2162 2161
f 1937 2161 1936
f 1936 2161 2125
f 1936 2125 1934
f 1934 2125 1933
f 2166 2162 2167
f 2166 2168 2162
f 2162 2168 2169
f 2162 2169 2163
f 1938 1939 2162
f 2162 1939 1940
f 2162 1940 2167
f 2167 1940 1941
f 2167 1941 1943
f 2170 2171 2167
f 2002 2001 2170
f 2167 2171 2172
f 2167 2172 2166
f 1945 1946 1997
f 2002 2170 1996
f 1996 2170 2167
f 1996 2167 1943
f 1996 1943 1997
f 1997 1943 1944
f 1997 1944 1945
f 2173 2001 2174
f 2174 2001 1999
f 1999 1956 2174
f 2174 1956 1955
f 2174 1955 2175
f 2175 1955 1959
f 2175 1959 2176
f 2176 1959 1960
f 2176 1960 2177
f 2177 1960 1961
f 2177 1961 2178
f 2178 1961 2179
f 2180 2181 1967
f 1961 1966 2179
f 2179 1966 1965
f 2179 1965 2182
f 2182 1965 1964
f 2182 1964 2183
f 2183 1964 1963
f 2183 1963 2184
f 2184 1963 1962
f 2184 1962 2185
f 2185 1962 1967
f 2185 1967 2186
f 2186 1967 2181
f 1967 1969 2180
f 2180 1969 1975
f 2180 1975 2187
f 2187 1975 1974
f 2187 1974 2188
f 2188 1974 1973
f 2188 1973 2189
f 2189 1973 1972
f 2189 1972 2190
f 2190 1972 1971
f 2190 1971 2191
f 2191 1971 1976
f 2191 1976 2192
f 2192 1976 1978
f 2192 1978 2193
f 2193 1978 1983
f 2193 1983 2194
f 2194 1983 1982
f 2194 1982 2195
f 2195 1982 1980
f 2195 1980 2196
f 2196 1980 1979
f 2196 1979 2197
f 2197 1979 1988
f 2197 1988 2198
f 2198 1988 1987
f 2198 1987 2199
f 1987 1985 2199
f 2199 1985 1984
f 2199 1984 2200
f 2200 1984 1991
f 2200 1991 2201
f 2201 1991 1990
f 2201 1990 2202
f 2202 1990 1989
f 2202 1989 2203
f 2203 1989 1948
f 2203 1948 2204
f 2204 1948 1947
f 2204 1947 2205
f 2205 1947 1993
f 2205 1993 2206
f 2206 1993 1992
f 2207 2206 1992
f 2208 2209 2041
f 2053 2052 2210
f 2053 2210 2046
f 2208 2041 2211
f 2210 2212 2046
f 2046 2212 2213
f 2046 2213 2047
f 2047 2213 2214
f 2047 2214 2048
f 2048 2214 2215
f 2048 2215 2038
f 2038 2215 2211
f 2038 2211 2039
f 2039 2211 2041
f 2216 2035 2037
f 2216 2037 2209
f 2209 2037 2042
f 2209 2042 2041
f 2216 2217 2035
f 2035 2217 2218
f 2035 2218 2004
f 2004 2218 2219
f 2004 2219 2005
f 2005 2219 2220
f 2005 2220 2030
f 2030 2220 2221
f 2030 2221 2031
f 2031 2221 2222
f 2031 2222 2033
f 2033 2222 2223
f 2033 2223 2034
f 2034 2223 2224
f 2034 2224 2027
f 2027 2224 2225
f 2027 2225 2028
f 2028 2225 2226
f 2028 2226 2029
f 2029 2226 2227
f 2029 2227 2025
f 2025 2227 2228
f 2025 2228 2026
f 2026 2228 2229
f 2026 2229 2007
f 2007 2229 2230
f 2007 2230 2008
f 2008 2230 2020
f 2230 2231 2020
f 2020 2231 2232
f 2020 2232 2021
f 2021 2232 2233
f 2021 2233 2022
f 2022 2233 2234
f 2022 2234 2023
f 2023 2234 2235
f 2023 2235 2017
f 2017 2235 2236
f 2017 2236 2018
f 2018 2236 2237
f 2018 2237 2019
f 2019 2237 2238
f 2019 2238 2012
f 2012 2238 2239
f 2012 2239 2013
f 2013 2239 2240
f 2013 2240 2015
f 2015 2240 2241
f 2015 2241 2242
f 2207 1992 2242
f 2242 1992 2016
f 2242 2016 2015
f 2243 2244 2245
f 2246 2247 2248
f 2248 2247 2249
f 2249 2250 2248
f 2248 2250 2251
f 2248 2251 2252
f 2252 2251 2253
f 2252 2253 2254
f 2254 2253 2255
f 2254 2255 2256
f 2256 2255 2257
f 2256 2257 2258
f 2258 2257 2259
f 2258 2259 2260
f 2259 2261 2260
f 2260 2261 2262
f 2260 2262 2263
f 2263 2262 2264
f 2263 2264 2265
f 2264 2266 2265
f 2265 2266 2267
f 2265 2267 2268
f 2268 2267 2269
f 2268 2269 2270
f 2270 2269 2271
f 2270 2271 2272
f 2272 2271 2273
f 2272 2273 2274
f 2274 2273 2275
f 2274 2275 2276
f 2275 2277 2276
f 2276 2277 2278
f 2276 2278 2279
f 2279 2278 2280
f 2279 2280 2281
f 2281 2280 2282
f 2281 2282 2283
f 2282 2284 2283
f 2283 2284 2285
f 2283 2285 2286
f 2286 2285 2287
f 2286 2287 2288
f 2288 2287 2289
f 2288 2289 2290
f 2290 2289 2291
f 2290 2291 2292
f 2243 2245 2292
f 2292 2245 2293
f 2292 2293 2290
f 2294 2295 2296
f 2296 2295 2297
f 2244 2298 2245
f 2245 2298 2296
f 2245 2296 2299
f 2299 2296 2297
f 2300 2301 2302
f 2302 2301 2303
f 2302 2303 2304
f 2304 2303 2295
f 2304 2295 2305
f 2305 2295 2294
f 2300 2306 2301
f 2301 2306 2307
f 2301 2307 2308
f 2308 2307 2309
f 2308 2309 2310
f 2310 2309 2311
f 2310 2311 2312
f 2311 2313 2312
f 2312 2313 2314
f 2312 2314 2315
f 2314 2316 2315
f 2315 2316 2317
f 2315 2317 2318
f 2318 2317 2319
f 2319 2317 2320
f 2319 2320 2321
f 2321 2320 2322
f 2321 2322 2323
f 2323 2322 2324
f 2323 2324 2325
f 2325 2324 2326
f 2325 2326 2327
f 2327 2326 2328
f 2327 2328 2329
f 2328 2330 2329
f 2329 2330 2331
f 2329 2331 2332
f 2332 2331 2333
f 2334 2335 2333
f 2333 2335 2336
f 2333 2336 2332
f 2334 2337 2335
f 2335 2337 2338
f 2335 2338 2339
f 2339 2338 2340
f 2339 2340 2341
f 2341 2340 2342
f 2341 2342 2343
f 2113 2112 2344
f 2344 2112 2111
f 2344 2111 2345
f 2344 2346 2113
f 2113 2346 2347
f 2113 2347 2114
f 2114 2347 2107
f 2347 2348 2107
f 2107 2348 2349
f 2107 2349 2108
f 2108 2349 2350
f 2108 2350 2109
f 2109 2350 2110
f 2350 2351 2110
f 2110 2351 2352
f 2110 2352 2103
f 2103 2352 2353
f 2103 2353 2104
f 2104 2353 2354
f 2104 2354 2105
f 2105 2354 2355
f 2105 2355 2106
f 2106 2355 2356
f 2106 2356 2102
f 2102 2356 2357
f 2102 2357 2101
f 2101 2357 2358
f 2101 2358 2056
f 2056 2358 2359
f 2056 2359 2057
f 2057 2359 2360
f 2057 2360 2098
f 2098 2360 2361
f 2098 2361 2099
f 2099 2361 2362
f 2099 2362 2100
f 2362 2363 2100
f 2100 2363 2364
f 2100 2364 2059
f 2059 2364 2365
f 2059 2365 2060
f 2060 2365 2095
f 2095 2365 2366
f 2095 2366 2096
f 2366 2367 2096
f 2096 2367 2368
f 2096 2368 2097
f 2368 2369 2097
f 2097 2369 2370
f 2097 2370 2082
f 2082 2370 2062
f 2370 2371 2062
f 2062 2371 2372
f 2062 2372 2063
f 2063 2372 2373
f 2063 2373 2078
f 2078 2373 2079
f 2373 2374 2079
f 2079 2374 2375
f 2079 2375 2080
f 2080 2375 2077
f 2077 2375 2376
f 2077 2376 2075
f 2210 2052 2377
f 2377 2052 2074
f 2377 2074 2378
f 2378 2074 2073
f 2378 2073 2379
f 2379 2073 2072
f 2379 2072 2380
f 2380 2072 2075
f 2380 2075 2381
f 2381 2075 2376
f 2001 2173 2170
f 2170 2173 2382
f 2170 2382 2171
f 2171 2382 2383
f 2171 2383 2172
f 2172 2383 2384
f 2172 2384 2166
f 2166 2384 2385
f 2166 2385 2168
f 2385 2386 2168
f 2168 2386 2387
f 2168 2387 2169
f 2169 2387 2388
f 2169 2388 2163
f 2163 2388 2389
f 2163 2389 2164
f 2389 2390 2164
f 2164 2390 2391
f 2164 2391 2165
f 2165 2391 2155
f 2155 2391 2392
f 2155 2392 2153
f 2392 2393 2153
f 2153 2393 2394
f 2153 2394 2148
f 2148 2394 2395
f 2148 2395 2149
f 2149 2395 2396
f 2149 2396 2151
f 2151 2396 2397
f 2151 2397 2152
f 2152 2397 2398
f 2152 2398 2143
f 2398 2399 2143
f 2143 2399 2400
f 2143 2400 2144
f 2144 2400 2401
f 2144 2401 2146
f 2146 2401 2147
f 2147 2401 2402
f 2147 2402 2138
f 2138 2402 2403
f 2138 2403 2139
f 2139 2403 2404
f 2139 2404 2141
f 2141 2404 2405
f 2141 2405 2142
f 2405 2406 2142
f 2142 2406 2407
f 2142 2407 2133
f 2133 2407 2408
f 2409 2135 2408
f 2408 2135 2134
f 2408 2134 2133
f 2409 2410 2135
f 2135 2410 2411
f 2135 2411 2136
f 2136 2411 2137
f 2137 2411 2412
f 2137 2412 2131
f 2131 2412 2413
f 2131 2413 2129
f 2129 2413 2414
f 2129 2414 2128
f 2415 2345 2111
f 2414 2416 2128
f 2128 2416 2417
f 2128 2417 2127
f 2127 2417 2415
f 2127 2415 2126
f 2126 2415 2111
f 2418 2419 2420
f 2421 2422 2423
f 2424 2212 2210
f 2211 2215 2425
f 2425 2215 2214
f 2425 2214 2424
f 2424 2214 2213
f 2424 2213 2212
f 2211 2425 2208
f 2208 2425 2426
f 2208 2426 2209
f 2209 2426 2427
f 2209 2427 2216
f 2221 2220 2428
f 2428 2220 2219
f 2428 2219 2218
f 2226 2225 2429
f 2225 2224 2429
f 2429 2224 2223
f 2429 2223 2428
f 2428 2223 2222
f 2428 2222 2221
f 2430 2231 2230
f 2230 2229 2430
f 2430 2229 2228
f 2430 2228 2429
f 2429 2228 2227
f 2429 2227 2226
f 2237 2236 2431
f 2431 2236 2235
f 2235 2234 2431
f 2431 2234 2233
f 2431 2233 2430
f 2430 2233 2232
f 2430 2232 2231
f 2237 2431 2238
f 2238 2431 2432
f 2238 2432 2239
f 2242 2241 2432
f 2432 2241 2240
f 2432 2240 2239
f 2203 2204 2433
f 2433 2204 2205
f 2433 2205 2434
f 2434 2205 2206
f 2434 2206 2207
f 2435 2200 2201
f 2435 2201 2433
f 2433 2201 2202
f 2433 2202 2203
f 2196 2197 2436
f 2436 2197 2198
f 2436 2198 2435
f 2435 2198 2199
f 2435 2199 2200
f 2437 2194 2436
f 2436 2194 2195
f 2436 2195 2196
f 2191 2192 2437
f 2437 2192 2193
f 2437 2193 2194
f 2438 2189 2437
f 2437 2189 2190
f 2437 2190 2191
f 2180 2438 2181
f 2181 2438 2186
f 2180 2187 2438
f 2438 2187 2188
f 2438 2188 2189
f 2179 2182 2439
f 2440 2183 2184
f 2175 2176 2441
f 2441 2176 2177
f 2442 2173 2174
f 2175 2441 2174
f 2174 2441 2443
f 2174 2443 2442
f 2444 2445 2443
f 2443 2445 2446
f 2443 2446 2442
f 2447 2448 2449
f 2449 2448 2450
f 2449 2450 2451
f 2452 2453 2450
f 2450 2453 2454
f 2450 2454 2451
f 2255 2253 2455
f 2455 2253 2251
f 2247 2452 2249
f 2249 2452 2250
f 2262 2456 2264
f 2264 2456 2457
f 2264 2457 2266
f 2262 2261 2456
f 2456 2261 2259
f 2456 2259 2455
f 2455 2259 2257
f 2455 2257 2255
f 2458 2273 2457
f 2457 2273 2271
f 2271 2269 2457
f 2457 2269 2267
f 2457 2267 2266
f 2459 2280 2458
f 2458 2280 2278
f 2278 2277 2458
f 2458 2277 2275
f 2458 2275 2273
f 2287 2285 2460
f 2460 2285 2284
f 2460 2284 2459
f 2459 2284 2282
f 2459 2282 2280
f 2287 2460 2289
f 2289 2460 2461
f 2289 2461 2291
f 2298 2244 2462
f 2462 2244 2243
f 2462 2243 2461
f 2461 2243 2292
f 2461 2292 2291
f 2463 2294 2462
f 2462 2294 2296
f 2462 2296 2298
f 2464 2306 2300
f 2300 2302 2464
f 2464 2302 2304
f 2464 2304 2463
f 2463 2304 2305
f 2463 2305 2294
f 2306 2464 2307
f 2307 2464 2465
f 2307 2465 2309
f 2316 2314 2466
f 2466 2314 2313
f 2466 2313 2465
f 2465 2313 2311
f 2465 2311 2309
f 2316 2466 2317
f 2317 2466 2467
f 2317 2467 2320
f 2468 2330 2328
f 2328 2326 2468
f 2468 2326 2324
f 2468 2324 2467
f 2467 2324 2322
f 2467 2322 2320
f 2330 2468 2331
f 2331 2468 2420
f 2331 2420 2333
f 2419 2342 2340
f 2340 2338 2419
f 2419 2338 2337
f 2419 2337 2420
f 2420 2337 2334
f 2420 2334 2333
f 2469 2470 2471
f 2471 2470 2472
f 2473 2474 2471
f 2471 2474 2423
f 2422 2475 2423
f 2423 2475 2476
f 2423 2476 2471
f 2471 2476 2477
f 2471 2477 2469
f 2473 2426 2474
f 2474 2426 2425
f 2474 2425 2423
f 2423 2425 2424
f 2423 2424 2421
f 2421 2424 2210
f 2478 2432 2479
f 2479 2432 2431
f 2479 2431 2480
f 2480 2431 2430
f 2480 2430 2481
f 2481 2430 2429
f 2481 2429 2482
f 2482 2429 2428
f 2482 2428 2483
f 2483 2428 2218
f 2483 2218 2427
f 2427 2218 2217
f 2427 2217 2216
f 2484 2485 2486
f 2486 2485 2487
f 2486 2487 2488
f 2488 2487 2489
f 2488 2489 2490
f 2490 2489 2491
f 2490 2491 2492
f 2492 2491 2493
f 2492 2493 2494
f 2494 2493 2495
f 2494 2495 2496
f 2496 2495 2497
f 2496 2497 2498
f 2498 2497 2499
f 2498 2499 2500
f 2500 2499 2501
f 2500 2501 2502
f 2502 2501 2503
f 2502 2503 2504
f 2504 2503 2505
f 2504 2505 2506
f 2506 2505 2507
f 2506 2507 2508
f 2508 2507 2509
f 2508 2509 2510
f 2511 2485 2448
f 2448 2485 2484
f 2448 2484 2450
f 2512 2509 2513
f 2513 2509 2507
f 2513 2507 2514
f 2514 2507 2505
f 2514 2505 2515
f 2515 2505 2503
f 2515 2503 2516
f 2516 2503 2501
f 2516 2501 2517
f 2517 2501 2499
f 2517 2499 2518
f 2518 2499 2497
f 2518 2497 2519
f 2519 2497 2495
f 2519 2495 2520
f 2520 2495 2493
f 2520 2493 2521
f 2521 2493 2491
f 2521 2491 2522
f 2522 2491 2489
f 2522 2489 2523
f 2523 2489 2487
f 2523 2487 2524
f 2524 2487 2485
f 2524 2485 2525
f 2525 2485 2511
f 2525 2511 2526
f 2447 2444 2448
f 2448 2444 2443
f 2448 2443 2511
f 2511 2443 2441
f 2511 2441 2526
f 2526 2441 2177
f 2526 2177 2178
f 2178 2179 2526
f 2526 2179 2439
f 2526 2439 2525
f 2525 2439 2527
f 2525 2527 2524
f 2524 2527 2528
f 2524 2528 2523
f 2523 2528 2529
f 2523 2529 2522
f 2522 2529 2530
f 2522 2530 2521
f 2521 2530 2531
f 2521 2531 2520
f 2520 2531 2532
f 2520 2532 2519
f 2519 2532 2533
f 2519 2533 2518
f 2518 2533 2534
f 2518 2534 2517
f 2517 2534 2535
f 2517 2535 2516
f 2516 2535 2536
f 2516 2536 2515
f 2515 2536 2537
f 2515 2537 2514
f 2514 2537 2538
f 2514 2538 2513
f 2513 2538 2539
f 2513 2539 2512
f 2182 2183 2439
f 2439 2183 2440
f 2439 2440 2527
f 2527 2440 2540
f 2527 2540 2528
f 2528 2540 2541
f 2528 2541 2529
f 2529 2541 2542
f 2529 2542 2530
f 2530 2542 2543
f 2530 2543 2531
f 2531 2543 2544
f 2531 2544 2532
f 2532 2544 2478
f 2532 2478 2533
f 2533 2478 2479
f 2533 2479 2534
f 2534 2479 2480
f 2534 2480 2535
f 2535 2480 2481
f 2535 2481 2536
f 2536 2481 2482
f 2536 2482 2537
f 2537 2482 2483
f 2537 2483 2538
f 2538 2483 2427
f 2538 2427 2539
f 2539 2427 2426
f 2539 2426 2512
f 2512 2426 2473
f 2512 2473 2509
f 2509 2473 2471
f 2509 2471 2510
f 2510 2471 2472
f 2510 2472 2545
f 2184 2185 2440
f 2440 2185 2186
f 2440 2186 2540
f 2540 2186 2438
f 2540 2438 2541
f 2541 2438 2437
f 2541 2437 2542
f 2542 2437 2436
f 2542 2436 2543
f 2543 2436 2435
f 2543 2435 2544
f 2544 2435 2433
f 2544 2433 2478
f 2478 2433 2434
f 2478 2434 2432
f 2432 2434 2207
f 2432 2207 2242
f 2545 2418 2510
f 2510 2418 2420
f 2510 2420 2508
f 2508 2420 2468
f 2508 2468 2506
f 2506 2468 2467
f 2506 2467 2504
f 2504 2467 2466
f 2504 2466 2502
f 2502 2466 2465
f 2502 2465 2500
f 2500 2465 2464
f 2500 2464 2498
f 2498 2464 2463
f 2498 2463 2496
f 2496 2463 2462
f 2496 2462 2494
f 2494 2462 2461
f 2494 2461 2492
f 2492 2461 2460
f 2492 2460 2490
f 2490 2460 2459
f 2490 2459 2488
f 2488 2459 2458
f 2488 2458 2486
f 2486 2458 2457
f 2486 2457 2484
f 2484 2457 2456
f 2484 2456 2450
f 2450 2456 2455
f 2450 2455 2452
f 2452 2455 2251
f 2452 2251 2250
f 2248 2252 2546
f 2547 2548 2549
f 2343 2550 2341
f 2341 2550 2551
f 2341 2551 2339
f 2552 2553 2554
f 2554 2553 2551
f 2554 2551 2555
f 2555 2551 2550
f 2339 2551 2335
f 2335 2551 2556
f 2335 2556 2336
f 2553 2557 2551
f 2551 2557 2558
f 2551 2558 2556
f 2556 2558 2559
f 2556 2559 2560
f 2325 2327 2561
f 2561 2327 2329
f 2561 2329 2556
f 2556 2329 2332
f 2556 2332 2336
f 2560 2562 2556
f 2556 2562 2563
f 2556 2563 2561
f 2561 2563 2564
f 2561 2564 2565
f 2566 2321 2323
f 2567 2568 2566
f 2323 2325 2566
f 2566 2325 2561
f 2566 2561 2567
f 2567 2561 2565
f 2321 2566 2319
f 2319 2566 2569
f 2319 2569 2318
f 2570 2569 2571
f 2571 2569 2566
f 2571 2566 2572
f 2572 2566 2568
f 2308 2310 2573
f 2573 2310 2312
f 2573 2312 2569
f 2569 2312 2315
f 2569 2315 2318
f 2570 2574 2569
f 2569 2574 2575
f 2569 2575 2573
f 2573 2575 2576
f 2573 2576 2577
f 2308 2573 2301
f 2301 2573 2578
f 2301 2578 2303
f 2577 2579 2573
f 2573 2579 2580
f 2573 2580 2578
f 2578 2580 2581
f 2578 2581 2582
f 2303 2578 2295
f 2295 2578 2583
f 2295 2583 2297
f 2582 2584 2578
f 2578 2584 2585
f 2578 2585 2583
f 2583 2585 2586
f 2583 2586 2587
f 2588 2245 2583
f 2583 2245 2299
f 2583 2299 2297
f 2587 2589 2583
f 2583 2589 2590
f 2583 2590 2588
f 2288 2290 2588
f 2588 2290 2293
f 2588 2293 2245
f 2590 2591 2588
f 2588 2591 2592
f 2588 2592 2593
f 2286 2288 2549
f 2549 2288 2588
f 2549 2588 2547
f 2547 2588 2593
f 2594 2279 2281
f 2594 2281 2549
f 2549 2281 2283
f 2549 2283 2286
f 2548 2595 2549
f 2549 2595 2596
f 2549 2596 2594
f 2594 2596 2597
f 2594 2597 2598
f 2599 2274 2594
f 2594 2274 2276
f 2594 2276 2279
f 2268 2270 2599
f 2599 2270 2272
f 2599 2272 2274
f 2600 2601 2599
f 2598 2602 2594
f 2594 2602 2603
f 2594 2603 2599
f 2599 2603 2604
f 2599 2604 2600
f 2605 2606 2607
f 2265 2268 2607
f 2607 2268 2599
f 2607 2599 2605
f 2605 2599 2601
f 2608 2260 2607
f 2607 2260 2263
f 2607 2263 2265
f 2606 2609 2607
f 2607 2609 2610
f 2607 2610 2608
f 2608 2610 2611
f 2608 2611 2612
f 2254 2256 2608
f 2608 2256 2258
f 2608 2258 2260
f 2612 2613 2608
f 2608 2613 2546
f 2608 2546 2254
f 2254 2546 2252
f 2246 2248 2614
f 2614 2248 2546
f 2614 2546 2615
f 2615 2546 2616
f 2617 2618 2616
f 2613 2619 2546
f 2546 2619 2620
f 2546 2620 2616
f 2616 2620 2621
f 2616 2621 2617
f 2418 2545 2622
f 2442 2446 2623
f 2442 2623 2384
f 2384 2383 2442
f 2442 2383 2382
f 2442 2382 2173
f 2624 2389 2623
f 2623 2389 2388
f 2623 2388 2387
f 2387 2386 2623
f 2623 2386 2385
f 2623 2385 2384
f 2624 2393 2392
f 2392 2391 2624
f 2624 2391 2390
f 2624 2390 2389
f 2625 2626 2394
f 2398 2397 2626
f 2397 2396 2626
f 2626 2396 2395
f 2626 2395 2394
f 2627 2404 2628
f 2628 2404 2403
f 2628 2403 2402
f 2402 2401 2628
f 2628 2401 2400
f 2628 2400 2626
f 2626 2400 2399
f 2626 2399 2398
f 2407 2406 2627
f 2627 2406 2405
f 2627 2405 2404
f 2629 2630 2414
f 2414 2413 2629
f 2629 2413 2412
f 2629 2412 2411
f 2411 2410 2629
f 2629 2410 2409
f 2629 2409 2627
f 2627 2409 2408
f 2627 2408 2407
f 2415 2417 2630
f 2630 2417 2416
f 2630 2416 2414
f 2348 2347 2631
f 2631 2347 2346
f 2631 2346 2632
f 2632 2346 2344
f 2632 2344 2630
f 2630 2344 2345
f 2630 2345 2415
f 2353 2352 2633
f 2352 2351 2633
f 2633 2351 2350
f 2633 2350 2631
f 2631 2350 2349
f 2631 2349 2348
f 2357 2356 2634
f 2634 2356 2355
f 2634 2355 2633
f 2633 2355 2354
f 2633 2354 2353
f 2635 2362 2361
f 2361 2360 2635
f 2635 2360 2359
f 2635 2359 2634
f 2634 2359 2358
f 2634 2358 2357
f 2636 2367 2366
f 2366 2365 2636
f 2636 2365 2364
f 2636 2364 2635
f 2635 2364 2363
f 2635 2363 2362
f 2637 2369 2636
f 2636 2369 2368
f 2636 2368 2367
f 2370 2638 2371
f 2371 2638 2372
f 2376 2375 2639
f 2639 2375 2374
f 2639 2374 2638
f 2638 2374 2373
f 2638 2373 2372
f 2640 2380 2639
f 2639 2380 2381
f 2639 2381 2376
f 2377 2378 2640
f 2640 2378 2379
f 2640 2379 2380
f 2476 2475 2640
f 2640 2475 2422
f 2640 2422 2377
f 2377 2422 2421
f 2377 2421 2210
f 2472 2470 2641
f 2641 2470 2469
f 2641 2469 2477
f 2418 2622 2419
f 2642 2643 2622
f 2622 2643 2644
f 2622 2644 2419
f 2419 2644 2342
f 2645 2646 2622
f 2622 2646 2647
f 2622 2647 2642
f 2648 2649 2645
f 2645 2649 2650
f 2645 2650 2646
f 2651 2652 2648
f 2648 2652 2653
f 2648 2653 2649
f 2654 2655 2656
f 2656 2655 2657
f 2656 2657 2658
f 2658 2659 2656
f 2656 2659 2660
f 2656 2660 2651
f 2661 2662 2654
f 2654 2662 2663
f 2654 2663 2664
f 2664 2665 2654
f 2654 2665 2666
f 2654 2666 2655
f 2667 2668 2669
f 2669 2668 2670
f 2669 2670 2661
f 2661 2670 2671
f 2661 2671 2662
f 2672 2673 2674
f 2672 2674 2669
f 2669 2674 2675
f 2669 2675 2667
f 2676 2677 2672
f 2672 2677 2678
f 2678 2679 2672
f 2672 2679 2680
f 2672 2680 2673
f 2681 2682 2683
f 2683 2682 2684
f 2683 2684 2676
f 2676 2684 2685
f 2676 2685 2677
f 2681 2683 2686
f 2686 2683 2687
f 2686 2687 2688
f 2688 2687 2689
f 2689 2687 2690
f 2689 2690 2691
f 2692 2693 2694
f 2694 2695 2692
f 2692 2695 2696
f 2692 2696 2690
f 2690 2696 2697
f 2690 2697 2691
f 2693 2692 2698
f 2698 2692 2699
f 2698 2699 2700
f 2701 2702 2703
f 2703 2702 2704
f 2703 2704 2699
f 2699 2704 2705
f 2699 2705 2700
f 2706 2707 2708
f 2708 2709 2706
f 2706 2709 2710
f 2706 2710 2703
f 2703 2710 2711
f 2703 2711 2701
f 2707 2706 2712
f 2712 2706 2713
f 2712 2713 2714
f 2715 2716 2717
f 2717 2716 2718
f 2717 2718 2713
f 2713 2718 2719
f 2713 2719 2714
f 2720 2721 2722
f 2722 2721 2715
f 2723 2724 2722
f 2722 2724 2725
f 2722 2725 2720
f 2247 2723 2452
f 2452 2723 2722
f 2452 2722 2453
f 2453 2722 2454
f 2445 2444 2726
f 2726 2444 2447
f 2726 2447 2449
f 2715 2717 2722
f 2722 2717 2451
f 2722 2451 2454
f 2394 2393 2625
f 2625 2393 2624
f 2625 2624 2726
f 2726 2624 2623
f 2726 2623 2445
f 2445 2623 2446
f 2545 2472 2622
f 2622 2472 2641
f 2622 2641 2645
f 2645 2641 2727
f 2645 2727 2648
f 2648 2727 2637
f 2651 2648 2656
f 2656 2648 2637
f 2656 2637 2654
f 2654 2637 2636
f 2654 2636 2661
f 2661 2636 2635
f 2661 2635 2669
f 2669 2635 2634
f 2669 2634 2672
f 2672 2634 2633
f 2672 2633 2676
f 2676 2633 2631
f 2676 2631 2683
f 2683 2631 2632
f 2683 2632 2687
f 2687 2632 2630
f 2687 2630 2690
f 2690 2630 2629
f 2690 2629 2692
f 2692 2629 2627
f 2692 2627 2699
f 2699 2627 2628
f 2699 2628 2703
f 2703 2628 2626
f 2703 2626 2706
f 2706 2626 2625
f 2706 2625 2713
f 2713 2625 2726
f 2713 2726 2717
f 2717 2726 2449
f 2717 2449 2451
f 2370 2369 2638
f 2638 2369 2637
f 2638 2637 2639
f 2639 2637 2727
f 2639 2727 2640
f 2640 2727 2641
f 2640 2641 2476
f 2476 2641 2477
f 2728 2729 2730
f 2730 2729 2731
f 2731 2732 2730
f 2730 2732 2733
f 2730 2733 2734
f 2734 2735 2730
f 2730 2735 2736
f 2730 2736 2737
f 2737 2738 2730
f 2730 2738 2739
f 2730 2739 2740
f 2741 2742 2743
f 2743 2742 2744
f 2743 2744 2745
f 2746 2747 2743
f 2744 2748 2745
f 2745 2748 2749
f 2745 2749 2743
f 2743 2749 2750
f 2743 2750 2746
f 2751 2752 2753
f 2753 2752 2754
f 2751 2755 2752
f 2752 2755 2756
f 2752 2756 2757
f 2758 2752 2759
f 2759 2752 2760
f 2758 2761 2752
f 2752 2761 2762
f 2752 2762 2763
f 2763 2764 2752
f 2752 2764 2765
f 2752 2765 2766
f 2766 2767 2752
f 2752 2767 2768
f 2752 2768 2769
f 2769 2770 2752
f 2752 2770 2771
f 2752 2771 2772
f 2772 2773 2752
f 2752 2773 2774
f 2752 2774 2775
f 2775 2776 2752
f 2752 2776 2777
f 2752 2777 2778
f 2778 2779 2752
f 2752 2779 2780
f 2752 2780 2754
f 2781 2782 2752
f 2781 2752 2783
f 2784 2785 2786
f 2786 2785 2787
f 2786 2787 2752
f 2752 2787 2788
f 2752 2788 2783
f 2782 2789 2752
f 2752 2789 2790
f 2752 2790 2760
f 2791 2792 2786
f 2786 2792 2793
f 2786 2793 2794
f 2794 2795 2786
f 2786 2795 2796
f 2786 2796 2784
f 2797 2798 2799
f 2799 2798 2800
f 2800 2801 2799
f 2799 2801 2802
f 2799 2802 2803
f 2803 2804 2799
f 2799 2804 2805
f 2799 2805 2806
f 2806 2807 2799
f 2799 2807 2808
f 2799 2808 2786
f 2786 2808 2809
f 2786 2809 2791
f 2810 2811 2799
f 2810 2799 2812
f 2811 2813 2799
f 2799 2813 2814
f 2799 2814 2815
f 2815 2816 2799
f 2799 2816 2817
f 2799 2817 2797
f 2818 2819 2820
f 2821 2822 2823
f 2822 2824 2823
f 2823 2824 2825
f 2823 2825 2818
f 2818 2825 2826
f 2818 2826 2819
f 2827 2828 2829
f 2829 2828 2830
f 2829 2830 2831
f 2740 2832 2730
f 2730 2832 2833
f 2730 2833 2834
f 2834 2835 2730
f 2730 2835 2836
f 2730 2836 2837
f 2837 2838 2730
f 2730 2838 2839
f 2730 2839 2829
f 2829 2839 2840
f 2829 2840 2827
f 2831 2821 2829
f 2829 2821 2823
f 2829 2823 2730
f 2730 2823 2743
f 2730 2743 2728
f 2728 2743 2747
f 2820 2812 2818
f 2818 2812 2799
f 2818 2799 2823
f 2823 2799 2786
f 2823 2786 2743
f 2743 2786 2752
f 2743 2752 2741
f 2741 2752 2757
f 2748 2744 2841
f 2755 2751 2842
f 2557 2553 2843
f 2559 2558 2844
f 2844 2558 2557
f 2843 2553 2845
f 2845 2553 2846
f 2846 2553 2552
f 2846 2552 2847
f 2564 2563 2848
f 2848 2563 2562
f 2848 2562 2844
f 2844 2562 2560
f 2844 2560 2559
f 2572 2568 2849
f 2849 2568 2567
f 2849 2567 2848
f 2848 2567 2565
f 2848 2565 2564
f 2572 2849 2571
f 2571 2849 2850
f 2571 2850 2570
f 2576 2575 2850
f 2850 2575 2574
f 2850 2574 2570
f 2841 2577 2576
f 2851 2580 2841
f 2841 2580 2579
f 2841 2579 2577
f 2584 2582 2851
f 2851 2582 2581
f 2851 2581 2580
f 2589 2587 2852
f 2852 2587 2586
f 2852 2586 2842
f 2842 2586 2585
f 2842 2585 2584
f 2593 2592 2853
f 2853 2592 2591
f 2853 2591 2852
f 2852 2591 2590
f 2852 2590 2589
f 2593 2853 2547
f 2547 2853 2854
f 2547 2854 2548
f 2855 2602 2598
f 2598 2597 2855
f 2855 2597 2596
f 2855 2596 2854
f 2854 2596 2595
f 2854 2595 2548
f 2602 2855 2603
f 2603 2855 2856
f 2603 2856 2604
f 2606 2605 2857
f 2857 2605 2601
f 2857 2601 2856
f 2856 2601 2600
f 2856 2600 2604
f 2612 2611 2858
f 2858 2611 2610
f 2858 2610 2857
f 2857 2610 2609
f 2857 2609 2606
f 2620 2619 2859
f 2859 2619 2858
f 2858 2619 2613
f 2858 2613 2612
f 2859 2860 2861
f 2862 2618 2861
f 2861 2618 2617
f 2861 2617 2859
f 2859 2617 2621
f 2859 2621 2620
f 2859 2762 2761
f 2860 2859 2863
f 2863 2859 2761
f 2863 2761 2758
f 2766 2765 2858
f 2858 2765 2764
f 2858 2764 2859
f 2859 2764 2763
f 2859 2763 2762
f 2766 2858 2767
f 2767 2858 2857
f 2767 2857 2768
f 2772 2771 2856
f 2856 2771 2770
f 2856 2770 2857
f 2857 2770 2769
f 2857 2769 2768
f 2772 2856 2773
f 2773 2856 2855
f 2773 2855 2774
f 2774 2855 2775
f 2775 2855 2854
f 2775 2854 2776
f 2852 2779 2853
f 2853 2779 2778
f 2853 2778 2854
f 2854 2778 2777
f 2854 2777 2776
f 2751 2753 2842
f 2842 2753 2754
f 2842 2754 2852
f 2852 2754 2780
f 2852 2780 2779
f 2584 2851 2842
f 2842 2851 2756
f 2842 2756 2755
f 2744 2742 2841
f 2841 2742 2741
f 2841 2741 2851
f 2851 2741 2757
f 2851 2757 2756
f 2576 2850 2841
f 2841 2850 2749
f 2841 2749 2748
f 2728 2747 2849
f 2849 2747 2746
f 2849 2746 2850
f 2850 2746 2750
f 2850 2750 2749
f 2848 2732 2731
f 2848 2731 2849
f 2849 2731 2729
f 2849 2729 2728
f 2736 2735 2844
f 2844 2735 2734
f 2844 2734 2848
f 2848 2734 2733
f 2848 2733 2732
f 2557 2843 2844
f 2844 2843 2737
f 2844 2737 2736
f 2343 2864 2550
f 2550 2864 2865
f 2550 2865 2555
f 2865 2866 2555
f 2555 2866 2867
f 2555 2867 2554
f 2867 2868 2554
f 2554 2868 2847
f 2554 2847 2552
f 2710 2709 2869
f 2712 2714 2870
f 2871 2721 2872
f 2872 2721 2720
f 2872 2720 2873
f 2873 2720 2725
f 2873 2725 2874
f 2874 2725 2724
f 2874 2724 2875
f 2875 2724 2723
f 2875 2723 2876
f 2876 2723 2247
f 2876 2247 2246
f 2877 2878 2719
f 2719 2878 2714
f 2714 2878 2879
f 2714 2879 2870
f 2719 2718 2877
f 2877 2718 2716
f 2877 2716 2871
f 2871 2716 2715
f 2871 2715 2721
f 2712 2870 2707
f 2707 2870 2880
f 2707 2880 2708
f 2708 2880 2881
f 2708 2881 2709
f 2709 2881 2882
f 2709 2882 2869
f 2883 2884 2702
f 2883 2702 2885
f 2885 2702 2701
f 2885 2701 2886
f 2886 2701 2711
f 2886 2711 2887
f 2710 2869 2711
f 2711 2869 2888
f 2711 2888 2887
f 2689 2691 2889
f 2889 2691 2890
f 2890 2691 2697
f 2890 2697 2891
f 2891 2697 2696
f 2891 2696 2892
f 2892 2696 2695
f 2892 2695 2893
f 2893 2695 2694
f 2893 2694 2894
f 2894 2694 2693
f 2894 2693 2895
f 2895 2693 2698
f 2895 2698 2896
f 2896 2698 2700
f 2896 2700 2897
f 2897 2700 2705
f 2897 2705 2884
f 2884 2705 2704
f 2884 2704 2702
f 2679 2678 2898
f 2898 2678 2677
f 2898 2677 2899
f 2899 2677 2685
f 2899 2685 2900
f 2900 2685 2684
f 2900 2684 2901
f 2901 2684 2682
f 2901 2682 2902
f 2902 2682 2681
f 2902 2681 2903
f 2903 2681 2686
f 2903 2686 2904
f 2904 2686 2688
f 2904 2688 2905
f 2905 2688 2689
f 2905 2689 2906
f 2906 2689 2889
f 2907 2680 2908
f 2908 2680 2679
f 2908 2679 2909
f 2909 2679 2898
f 2671 2670 2910
f 2910 2670 2668
f 2910 2668 2911
f 2911 2668 2667
f 2911 2667 2912
f 2912 2667 2675
f 2912 2675 2913
f 2913 2675 2674
f 2913 2674 2907
f 2907 2674 2673
f 2907 2673 2680
f 2914 2665 2664
f 2914 2664 2915
f 2664 2663 2915
f 2915 2663 2662
f 2915 2662 2916
f 2916 2662 2671
f 2916 2671 2917
f 2917 2671 2910
f 2657 2655 2918
f 2918 2655 2666
f 2918 2666 2919
f 2919 2666 2665
f 2919 2665 2920
f 2920 2665 2914
f 2918 2921 2657
f 2657 2921 2922
f 2657 2922 2658
f 2658 2922 2923
f 2658 2923 2659
f 2650 2649 2924
f 2924 2649 2925
f 2925 2649 2653
f 2925 2653 2926
f 2926 2653 2652
f 2926 2652 2927
f 2927 2652 2651
f 2927 2651 2923
f 2923 2651 2660
f 2923 2660 2659
f 2928 2929 2644
f 2644 2643 2928
f 2928 2643 2642
f 2928 2642 2930
f 2930 2642 2647
f 2930 2647 2924
f 2924 2647 2646
f 2924 2646 2650
f 2343 2342 2864
f 2864 2342 2644
f 2864 2644 2931
f 2931 2644 2929
f 2876 2246 2932
f 2932 2246 2614
f 2932 2614 2933
f 2933 2614 2615
f 2933 2615 2934
f 2934 2615 2616
f 2934 2616 2935
f 2935 2616 2618
f 2935 2618 2862
f 2807 2806 2936
f 2804 2803 2937
f 2832 2740 2938
f 2939 2940 2941
f 2862 2861 2942
f 2942 2861 2943
f 2942 2943 2944
f 2944 2943 2945
f 2944 2945 2946
f 2946 2945 2947
f 2940 2948 2941
f 2941 2948 2949
f 2941 2949 2950
f 2950 2949 2951
f 2950 2951 2947
f 2952 2953 2954
f 2952 2954 2955
f 2956 2957 2958
f 2958 2957 2959
f 2958 2959 2952
f 2952 2959 2960
f 2952 2960 2953
f 2956 2958 2961
f 2961 2958 2936
f 2961 2936 2962
f 2962 2936 2963
f 2963 2936 2937
f 2963 2937 2964
f 2964 2937 2965
f 2965 2937 2966
f 2965 2966 2967
f 2967 2966 2968
f 2968 2966 2969
f 2968 2969 2970
f 2971 2972 2969
f 2969 2972 2973
f 2969 2973 2970
f 2974 2975 2971
f 2971 2975 2976
f 2971 2976 2972
f 2977 2978 2979
f 2979 2978 2974
f 2977 2979 2980
f 2980 2979 2981
f 2980 2981 2982
f 2983 2984 2985
f 2985 2984 2986
f 2986 2987 2985
f 2985 2987 2988
f 2985 2988 2981
f 2981 2988 2989
f 2981 2989 2982
f 2990 2991 2992
f 2992 2991 2993
f 2992 2993 2994
f 2994 2993 2995
f 2994 2995 2983
f 2983 2995 2996
f 2983 2996 2984
f 2990 2997 2998
f 2998 2997 2999
f 3000 3001 2999
f 2999 3001 3002
f 2999 3002 2998
f 2847 3003 2846
f 2846 3003 2845
f 2740 2739 2938
f 2938 2739 2738
f 2938 2738 2737
f 3003 3004 2845
f 2845 3004 2938
f 2845 2938 2843
f 2843 2938 2737
f 2833 2832 2999
f 2999 2832 2938
f 2999 2938 3000
f 3000 2938 3004
f 2837 2836 2997
f 2997 2836 2835
f 2997 2835 2999
f 2999 2835 2834
f 2999 2834 2833
f 2990 2992 2997
f 2997 2992 2838
f 2997 2838 2837
f 2830 2828 2983
f 2983 2828 2827
f 2983 2827 2994
f 2994 2827 2840
f 2994 2840 2992
f 2992 2840 2839
f 2992 2839 2838
f 2824 2822 2985
f 2985 2822 2821
f 2985 2821 2983
f 2983 2821 2831
f 2983 2831 2830
f 2820 2819 2981
f 2981 2819 2826
f 2981 2826 2985
f 2985 2826 2825
f 2985 2825 2824
f 2813 2811 2979
f 2979 2811 2810
f 2979 2810 2981
f 2981 2810 2812
f 2981 2812 2820
f 2974 2971 2979
f 2979 2971 2814
f 2979 2814 2813
f 2797 2817 2969
f 2969 2817 2816
f 2969 2816 2971
f 2971 2816 2815
f 2971 2815 2814
f 2966 2801 2800
f 2966 2800 2969
f 2969 2800 2798
f 2969 2798 2797
f 2937 2803 2966
f 2966 2803 2802
f 2966 2802 2801
f 2936 2806 2937
f 2937 2806 2805
f 2937 2805 2804
f 2792 2791 2958
f 2958 2791 2809
f 2958 2809 2936
f 2936 2809 2808
f 2936 2808 2807
f 2792 2958 2793
f 2793 2958 2952
f 2793 2952 2794
f 2955 2796 2952
f 2952 2796 2795
f 2952 2795 2794
f 2788 2787 2955
f 2787 2785 2955
f 2955 2785 2784
f 2955 2784 2796
f 2781 2783 2950
f 2950 2783 2788
f 2950 2788 2941
f 2941 2788 2955
f 2941 2955 2939
f 2939 2955 2954
f 2947 2945 2950
f 2950 2945 2782
f 2950 2782 2781
f 2759 2760 2943
f 2943 2760 2790
f 2943 2790 2945
f 2945 2790 2789
f 2945 2789 2782
f 2758 2759 2863
f 2863 2759 2943
f 2863 2943 2860
f 2860 2943 2861
f 2942 2944 3005
f 2976 2975 3006
f 2899 2900 3007
f 2882 2881 3008
f 2933 2875 2932
f 2932 2875 2876
f 2871 2872 3005
f 3005 2872 2873
f 3005 2873 2874
f 2871 3005 2877
f 2877 3005 3009
f 2877 3009 2878
f 2881 2880 3008
f 3008 2880 2870
f 3008 2870 3009
f 3009 2870 2879
f 3009 2879 2878
f 2885 2886 3010
f 3010 2886 2887
f 2887 2888 3010
f 3010 2888 2869
f 3010 2869 2882
f 2885 3010 2883
f 2883 3010 3011
f 2883 3011 2884
f 2895 2896 3011
f 3011 2896 2897
f 3011 2897 2884
f 3012 2893 2894
f 2893 3012 2892
f 2892 3012 3013
f 2892 3013 2891
f 2906 2889 3013
f 3013 2889 2890
f 3013 2890 2891
f 2906 3014 2905
f 2905 3014 2904
f 2900 2901 3007
f 3007 2901 2902
f 3007 2902 3014
f 3014 2902 2903
f 3014 2903 2904
f 2908 2909 3006
f 3006 2909 2898
f 2908 3006 2907
f 2907 3006 3015
f 2907 3015 2913
f 3016 2916 2917
f 2917 2910 3016
f 3016 2910 2911
f 3016 2911 3015
f 3015 2911 2912
f 3015 2912 2913
f 2916 3016 2915
f 2915 3016 3017
f 2915 3017 2914
f 2923 2922 3018
f 3018 2922 2921
f 2921 2918 3018
f 3018 2918 2919
f 3018 2919 3017
f 3017 2919 2920
f 3017 2920 2914
f 2930 2924 3019
f 3019 2924 2925
f 3019 2925 3020
f 3020 2925 2926
f 3020 2926 2927
f 2930 3019 2928
f 2928 3019 3021
f 2928 3021 2929
f 2929 3021 2931
f 2931 3021 2865
f 2931 2865 2864
f 2868 2867 3021
f 3021 2867 2866
f 3021 2866 2865
f 3002 3001 3019
f 3019 3001 3000
f 3019 3000 3021
f 3021 3000 3004
f 3021 3004 2868
f 2868 3004 3003
f 2868 3003 2847
f 2993 2991 3020
f 3020 2991 2990
f 3020 2990 3019
f 3019 2990 2998
f 3019 2998 3002
f 2927 2923 3020
f 3020 2923 3018
f 3020 3018 2993
f 2993 3018 2995
f 3017 2986 2984
f 3017 2984 3018
f 3018 2984 2996
f 3018 2996 2995
f 3016 2989 2988
f 3016 2988 3017
f 3017 2988 2987
f 3017 2987 2986
f 2989 3016 2982
f 2982 3016 3015
f 2982 3015 2980
f 2975 2974 3006
f 3006 2974 2978
f 3006 2978 3015
f 3015 2978 2977
f 3015 2977 2980
f 2898 2899 3006
f 3006 2899 3007
f 3006 3007 2976
f 2976 3007 2972
f 2967 2968 3014
f 3014 2968 2970
f 3014 2970 3007
f 3007 2970 2973
f 3007 2973 2972
f 2906 3013 3014
f 3014 3013 2965
f 3014 2965 2967
f 2961 2962 3012
f 3012 2962 2963
f 3012 2963 3013
f 3013 2963 2964
f 3013 2964 2965
f 2894 2895 3012
f 3012 2895 3011
f 3012 3011 2961
f 2961 3011 2956
f 2953 2960 3010
f 3010 2960 2959
f 3010 2959 3011
f 3011 2959 2957
f 3011 2957 2956
f 2882 3008 3010
f 3010 3008 2954
f 3010 2954 2953
f 2949 2948 3009
f 3009 2948 2940
f 3009 2940 3008
f 3008 2940 2939
f 3008 2939 2954
f 2944 2946 3005
f 3005 2946 2947
f 3005 2947 3009
f 3009 2947 2951
f 3009 2951 2949
f 2935 2862 2942
f 2874 2875 3005
f 3005 2875 2933
f 3005 2933 2942
f 2942 2933 2934
f 2942 2934 2935
f 3022 3023 3024
f 3024 3023 3025
f 3024 3025 3026
f 3022 3027 3023
f 3023 3027 3028
f 3023 3028 3029
f 3029 3028 3030
f 3031 3032 3033
f 3033 3032 3025
f 3025 3032 3034
f 3025 3034 3026
f 3035 3036 3033
f 3033 3036 3037
f 3033 3037 3031
f 3038 3033 3039
f 3039 3033 3040
f 3041 3035 3042
f 3042 3035 3033
f 3042 3033 3043
f 3043 3033 3038
f 3043 3038 3044
f 3045 3046 3025
f 3025 3046 3047
f 3025 3047 3033
f 3033 3047 3048
f 3033 3048 3040
f 3023 3049 3050
f 3050 3051 3023
f 3023 3051 3052
f 3023 3052 3025
f 3025 3052 3053
f 3025 3053 3045
f 3054 3041 3042
f 3055 3056 3057
f 3057 3056 3058
f 3057 3058 3042
f 3042 3058 3059
f 3042 3059 3054
f 3060 3061 3062
f 3060 3062 3057
f 3057 3062 3063
f 3057 3063 3055
f 3064 3065 3060
f 3060 3065 3066
f 3060 3066 3061
f 3061 3066 3067
f 3061 3067 3068
f 3069 3070 3057
f 3057 3070 3071
f 3057 3071 3060
f 3060 3071 3072
f 3060 3072 3064
f 3043 3044 3073
f 3043 3073 3042
f 3042 3073 3074
f 3042 3074 3057
f 3057 3074 3075
f 3057 3075 3069
f 3076 3077 3078
f 3079 3068 3067
f 3080 3081 3082
f 3082 3081 3078
f 3082 3078 3083
f 3080 3084 3081
f 3081 3084 3085
f 3081 3085 3067
f 3067 3085 3086
f 3067 3086 3079
f 3077 3087 3078
f 3078 3087 3088
f 3078 3088 3083
f 3083 3088 3089
f 3076 3078 3090
f 3090 3078 3081
f 3090 3081 3091
f 3066 3065 3092
f 3066 3092 3067
f 3067 3092 3093
f 3067 3093 3081
f 3081 3093 3094
f 3081 3094 3091
f 3095 3096 3088
f 3088 3096 3097
f 3088 3097 3089
f 3098 3099 3100
f 3098 3100 3101
f 3102 3103 3104
f 3104 3103 3105
f 3104 3105 3106
f 3107 3108 3100
f 3100 3108 3109
f 3109 3110 3100
f 3100 3110 3103
f 3100 3103 3101
f 3101 3103 3102
f 3111 3112 3113
f 3113 3112 3105
f 3113 3105 3114
f 3114 3105 3103
f 3114 3103 3115
f 3115 3103 3110
f 3087 3116 3088
f 3088 3116 3107
f 3088 3107 3100
f 3088 3100 3095
f 3095 3100 3099
f 3117 3118 3119
f 3120 3121 3122
f 3122 3121 3123
f 3122 3123 3124
f 3118 3125 3119
f 3119 3125 3126
f 3119 3126 3122
f 3122 3126 3127
f 3122 3127 3120
f 3128 3129 3130
f 3119 3131 3132
f 3133 3134 3128
f 3130 3117 3128
f 3128 3117 3119
f 3128 3119 3132
f 3128 3132 3133
f 3135 3136 3122
f 3122 3136 3137
f 3137 3138 3122
f 3122 3138 3139
f 3122 3139 3119
f 3119 3139 3140
f 3119 3140 3131
f 3111 3135 3112
f 3112 3135 3122
f 3112 3122 3105
f 3105 3122 3124
f 3105 3124 3106
f 3141 3142 3143
f 3144 3145 3146
f 3147 3148 3143
f 3149 3129 3128
f 3149 3128 3150
f 3151 3152 3153
f 3153 3152 3143
f 3143 3152 3154
f 3143 3154 3147
f 3146 3155 3156
f 3156 3157 3146
f 3146 3157 3158
f 3146 3158 3153
f 3153 3158 3159
f 3153 3159 3151
f 3160 3161 3153
f 3153 3161 3162
f 3153 3162 3146
f 3146 3162 3163
f 3146 3163 3144
f 3142 3164 3143
f 3143 3164 3165
f 3143 3165 3153
f 3153 3165 3166
f 3153 3166 3160
f 3128 3134 3167
f 3167 3141 3128
f 3128 3141 3143
f 3128 3143 3148
f 3128 3148 3150
f 3168 3169 3170
f 3155 3146 3171
f 3171 3146 3172
f 3173 3174 3175
f 3175 3176 3173
f 3173 3176 3177
f 3173 3177 3170
f 3170 3177 3178
f 3170 3178 3168
f 3174 3173 3179
f 3179 3173 3180
f 3179 3180 3181
f 3182 3180 3183
f 3183 3180 3184
f 3184 3180 3173
f 3184 3173 3185
f 3186 3187 3170
f 3170 3187 3188
f 3170 3188 3173
f 3173 3188 3189
f 3173 3189 3185
f 3190 3191 3170
f 3170 3191 3192
f 3170 3192 3186
f 3169 3172 3170
f 3170 3172 3146
f 3170 3146 3190
f 3190 3146 3145
f 3193 3194 3195
f 3196 3197 3198
f 3199 3193 3200
f 3200 3193 3195
f 3200 3195 3201
f 3201 3195 3202
f 3201 3202 3203
f 3203 3202 3204
f 3203 3204 3205
f 3205 3204 3206
f 3205 3206 3207
f 3207 3206 3208
f 3207 3208 3209
f 3209 3208 3210
f 3209 3210 3211
f 3211 3210 3212
f 3211 3212 3213
f 3213 3212 3214
f 3213 3214 3215
f 3215 3214 3216
f 3215 3216 3217
f 3217 3216 3218
f 3217 3218 3198
f 3198 3218 3219
f 3198 3219 3196
f 3196 3219 3220
f 3221 3197 3196
f 3222 3223 3224
f 3222 3224 3196
f 3196 3224 3225
f 3196 3225 3221
f 3226 3227 3228
f 3228 3227 3222
f 3222 3227 3229
f 3222 3229 3223
f 3230 3231 3228
f 3228 3231 3232
f 3228 3232 3226
f 3228 3233 3234
f 3230 3228 3235
f 3235 3228 3234
f 3235 3234 3236
f 3222 3237 3238
f 3222 3238 3228
f 3228 3238 3239
f 3228 3239 3233
f 3220 3240 3196
f 3196 3240 3241
f 3196 3241 3222
f 3222 3241 3242
f 3222 3242 3237
f 3235 3236 3243
f 3230 3235 3244
f 3244 3235 3243
f 3244 3243 3245
f 3245 3243 3246
f 3245 3246 3247
f 3247 3246 3248
f 3247 3248 3249
f 3249 3248 3250
f 3249 3250 3251
f 3251 3250 3252
f 3251 3252 3253
f 3253 3252 3254
f 3253 3254 3255
f 3255 3254 3256
f 3255 3256 3257
f 3257 3256 3258
f 3257 3258 3259
f 3259 3258 3260
f 3259 3260 3261
f 3261 3260 3262
f 3261 3262 3263
f 3263 3262 3264
f 3263 3264 3265
f 3265 3264 3266
f 3265 3266 3267
f 3267 3266 3268
f 3267 3268 3269
f 3270 3271 3272
f 3270 3272 3273
f 3269 3268 3274
f 3274 3268 3275
f 3274 3275 3276
f 3276 3275 3277
f 3276 3277 3278
f 3278 3277 3279
f 3278 3279 3272
f 3272 3279 3280
f 3272 3280 3273
f 3281 3271 3270
f 3281 3270 3282
f 3283 3284 3285
f 3283 3285 3286
f 3287 3288 3289
f 3289 3288 3290
f 3289 3290 3291
f 3291 3290 3292
f 3291 3292 3293
f 3294 3295 3285
f 3285 3295 3296
f 3296 3297 3285
f 3285 3297 3291
f 3285 3291 3286
f 3286 3291 3293
f 3297 3298 3291
f 3291 3298 3299
f 3291 3299 3289
f 3289 3299 3300
f 3289 3300 3301
f 3289 3301 3302
f 3284 3282 3285
f 3285 3282 3270
f 3285 3270 3294
f 3294 3270 3273
f 3303 3304 3305
f 3306 3287 3289
f 3306 3289 3307
f 3308 3309 3310
f 3310 3311 3308
f 3308 3311 3312
f 3308 3312 3305
f 3305 3312 3313
f 3305 3313 3303
f 3314 3315 3316
f 3314 3316 3308
f 3308 3316 3317
f 3308 3317 3309
f 3318 3319 3308
f 3308 3319 3320
f 3308 3320 3314
f 3314 3320 3321
f 3314 3321 3322
f 3323 3324 3305
f 3305 3324 3325
f 3305 3325 3308
f 3308 3325 3326
f 3308 3326 3318
f 3327 3328 3305
f 3305 3328 3329
f 3305 3329 3323
f 3302 3327 3289
f 3289 3327 3305
f 3289 3305 3304
f 3289 3304 3307
f 3330 3331 3332
f 3332 3331 3333
f 3334 3315 3314
f 3335 3336 3337
f 3337 3336 3338
f 3337 3338 3332
f 3332 3338 3339
f 3332 3339 3330
f 3335 3337 3340
f 3340 3337 3341
f 3340 3341 3342
f 3343 3344 3332
f 3332 3344 3345
f 3345 3346 3332
f 3332 3346 3347
f 3332 3347 3337
f 3337 3347 3348
f 3348 3349 3337
f 3337 3349 3350
f 3337 3350 3341
f 3341 3350 3351
f 3341 3351 3352
f 3314 3322 3353
f 3334 3314 3333
f 3333 3314 3332
f 3332 3314 3353
f 3332 3353 3343
f 3354 3355 3356
f 3357 3358 3359
f 3262 3260 3360
f 3246 3243 3361
f 3362 3363 3364
f 3365 3366 3367
f 3368 3369 3367
f 3367 3366 3368
f 3368 3366 3370
f 3368 3370 3182
f 3364 3363 3371
f 3371 3363 3372
f 3371 3372 3373
f 3373 3374 3371
f 3371 3374 3375
f 3371 3375 3367
f 3367 3375 3376
f 3367 3376 3365
f 3377 3378 3204
f 3204 3202 3377
f 3377 3202 3195
f 3377 3195 3364
f 3364 3195 3194
f 3364 3194 3362
f 3210 3208 3378
f 3378 3208 3206
f 3378 3206 3204
f 3379 3380 3212
f 3381 3219 3380
f 3380 3219 3218
f 3218 3216 3380
f 3380 3216 3214
f 3380 3214 3212
f 3239 3238 3382
f 3242 3241 3383
f 3383 3241 3240
f 3383 3240 3381
f 3381 3240 3220
f 3381 3220 3219
f 3382 3238 3383
f 3383 3238 3237
f 3383 3237 3242
f 3361 3243 3384
f 3243 3236 3384
f 3384 3236 3234
f 3384 3234 3233
f 3385 3252 3250
f 3385 3250 3361
f 3361 3250 3248
f 3361 3248 3246
f 3260 3258 3360
f 3360 3258 3256
f 3360 3256 3385
f 3385 3256 3254
f 3385 3254 3252
f 3275 3268 3386
f 3386 3268 3266
f 3386 3266 3360
f 3360 3266 3264
f 3360 3264 3262
f 3280 3279 3387
f 3387 3279 3277
f 3387 3277 3275
f 3280 3387 3273
f 3273 3387 3388
f 3273 3388 3294
f 3294 3388 3389
f 3294 3389 3295
f 3390 3300 3299
f 3299 3298 3390
f 3390 3298 3297
f 3390 3297 3389
f 3389 3297 3296
f 3389 3296 3295
f 3328 3327 3390
f 3327 3302 3390
f 3390 3302 3301
f 3390 3301 3300
f 3391 3323 3329
f 3391 3329 3392
f 3323 3391 3324
f 3324 3391 3393
f 3324 3393 3325
f 3321 3320 3394
f 3394 3320 3319
f 3394 3319 3395
f 3395 3319 3318
f 3395 3318 3326
f 3321 3394 3322
f 3322 3394 3396
f 3322 3396 3353
f 3346 3345 3397
f 3397 3345 3344
f 3397 3344 3396
f 3396 3344 3343
f 3396 3343 3353
f 3346 3397 3347
f 3347 3397 3398
f 3347 3398 3348
f 3352 3351 3399
f 3399 3351 3350
f 3399 3350 3398
f 3398 3350 3349
f 3398 3349 3348
f 3400 3401 3398
f 3398 3401 3402
f 3398 3402 3399
f 3403 3404 3405
f 3405 3404 3406
f 3407 3408 3409
f 3410 3411 3412
f 3412 3411 3413
f 3411 3403 3413
f 3413 3403 3405
f 3413 3405 3414
f 3414 3405 3359
f 3414 3359 3415
f 3415 3359 3358
f 3416 3417 3418
f 3418 3417 3419
f 3418 3419 3420
f 3416 3421 3417
f 3417 3421 3422
f 3417 3422 3359
f 3359 3422 3423
f 3359 3423 3357
f 3420 3419 3424
f 3424 3419 3425
f 3424 3425 3426
f 3427 3428 3425
f 3425 3428 3429
f 3425 3429 3426
f 3356 3355 3430
f 3430 3355 3427
f 3427 3355 3431
f 3427 3431 3432
f 3432 3433 3427
f 3427 3433 3434
f 3427 3434 3428
f 3435 3436 3355
f 3355 3436 3437
f 3355 3437 3431
f 3438 3439 3354
f 3354 3439 3440
f 3354 3440 3355
f 3355 3440 3441
f 3355 3441 3435
f 3442 3443 3444
f 3444 3443 3445
f 3444 3445 3446
f 3446 3445 3447
f 3442 3448 3443
f 3443 3448 3449
f 3443 3449 3354
f 3354 3449 3450
f 3354 3450 3438
f 3451 3452 3453
f 3451 3453 3445
f 3445 3453 3454
f 3445 3454 3447
f 3452 3451 3455
f 3455 3451 3456
f 3455 3456 3457
f 3458 3456 3459
f 3459 3456 3460
f 3458 3461 3456
f 3456 3461 3462
f 3456 3462 3457
f 3463 3464 3465
f 3465 3466 3463
f 3463 3466 3467
f 3463 3467 3460
f 3460 3467 3468
f 3460 3468 3459
f 3469 3470 3471
f 3471 3470 3472
f 3469 3473 3470
f 3470 3473 3474
f 3470 3474 3475
f 3472 3470 3476
f 3476 3470 3477
f 3476 3477 3478
f 3479 3480 3481
f 3481 3480 3482
f 3481 3482 3477
f 3477 3482 3483
f 3477 3483 3478
f 3479 3481 3484
f 3484 3481 3485
f 3484 3485 3486
f 3486 3485 3487
f 3487 3485 3488
f 3487 3488 3489
f 3490 3491 3492
f 3492 3491 3493
f 3492 3493 3488
f 3488 3493 3494
f 3488 3494 3489
f 3490 3492 3495
f 3495 3492 3496
f 3495 3496 3497
f 3498 3499 3496
f 3499 3500 3496
f 3496 3500 3501
f 3496 3501 3497
f 3502 3503 3496
f 3496 3503 3504
f 3496 3504 3498
f 3505 3506 3507
f 3507 3506 3508
f 3509 3510 3511
f 3369 3505 3367
f 3367 3505 3507
f 3367 3507 3371
f 3371 3507 3512
f 3371 3512 3364
f 3364 3512 3513
f 3364 3513 3377
f 3377 3513 3514
f 3377 3514 3378
f 3378 3514 3379
f 3378 3379 3210
f 3210 3379 3212
f 3508 3509 3507
f 3507 3509 3511
f 3507 3511 3512
f 3512 3511 3515
f 3512 3515 3513
f 3513 3515 3516
f 3513 3516 3514
f 3514 3516 3517
f 3514 3517 3379
f 3379 3517 3518
f 3379 3518 3380
f 3380 3518 3519
f 3380 3519 3381
f 3381 3519 3520
f 3381 3520 3383
f 3383 3520 3521
f 3383 3521 3382
f 3522 3523 3524
f 3524 3523 3525
f 3524 3525 3526
f 3526 3525 3527
f 3526 3527 3528
f 3528 3527 3529
f 3528 3529 3530
f 3530 3529 3531
f 3530 3531 3532
f 3532 3531 3533
f 3532 3533 3534
f 3523 3386 3525
f 3525 3386 3360
f 3525 3360 3527
f 3527 3360 3385
f 3527 3385 3529
f 3529 3385 3361
f 3529 3361 3531
f 3531 3361 3384
f 3531 3384 3533
f 3406 3407 3405
f 3405 3407 3409
f 3405 3409 3359
f 3359 3409 3535
f 3359 3535 3417
f 3417 3535 3536
f 3417 3536 3419
f 3419 3536 3537
f 3419 3537 3425
f 3425 3537 3393
f 3425 3393 3427
f 3427 3393 3391
f 3427 3391 3430
f 3430 3391 3392
f 3430 3392 3356
f 3275 3386 3387
f 3387 3386 3523
f 3387 3523 3388
f 3388 3523 3522
f 3388 3522 3389
f 3389 3522 3538
f 3389 3538 3390
f 3408 3400 3409
f 3409 3400 3398
f 3409 3398 3535
f 3535 3398 3397
f 3535 3397 3536
f 3536 3397 3396
f 3536 3396 3537
f 3537 3396 3394
f 3537 3394 3393
f 3393 3394 3395
f 3393 3395 3325
f 3325 3395 3326
f 3539 3470 3463
f 3463 3470 3475
f 3463 3475 3464
f 3510 3502 3511
f 3511 3502 3496
f 3511 3496 3515
f 3515 3496 3492
f 3515 3492 3516
f 3516 3492 3488
f 3516 3488 3517
f 3517 3488 3485
f 3517 3485 3518
f 3518 3485 3481
f 3518 3481 3519
f 3519 3481 3477
f 3519 3477 3520
f 3520 3477 3470
f 3520 3470 3521
f 3521 3470 3539
f 3521 3539 3382
f 3329 3328 3392
f 3392 3328 3390
f 3392 3390 3356
f 3356 3390 3538
f 3356 3538 3354
f 3354 3538 3522
f 3354 3522 3443
f 3443 3522 3524
f 3443 3524 3445
f 3445 3524 3526
f 3445 3526 3451
f 3451 3526 3528
f 3451 3528 3456
f 3456 3528 3530
f 3456 3530 3460
f 3460 3530 3532
f 3460 3532 3463
f 3463 3532 3534
f 3463 3534 3539
f 3539 3534 3533
f 3539 3533 3382
f 3382 3533 3384
f 3382 3384 3239
f 3239 3384 3233
f 3540 3541 3542
f 3543 3544 3545
f 3546 3547 3548
f 3549 3550 3551
f 3552 3553 3554
f 3357 3423 3551
f 3464 3475 3555
f 3493 3491 3556
f 3557 3558 3559
f 3560 3561 3562
f 3560 3562 3559
f 3559 3562 3563
f 3559 3563 3557
f 3498 3560 3499
f 3499 3560 3500
f 3500 3560 3559
f 3500 3559 3501
f 3491 3490 3556
f 3556 3490 3495
f 3556 3495 3559
f 3559 3495 3497
f 3559 3497 3501
f 3486 3487 3564
f 3564 3487 3489
f 3564 3489 3556
f 3556 3489 3494
f 3556 3494 3493
f 3482 3480 3542
f 3542 3480 3479
f 3542 3479 3564
f 3564 3479 3484
f 3564 3484 3486
f 3472 3476 3565
f 3565 3476 3478
f 3565 3478 3542
f 3542 3478 3483
f 3542 3483 3482
f 3545 3471 3472
f 3475 3474 3555
f 3555 3474 3473
f 3555 3473 3545
f 3545 3473 3469
f 3545 3469 3471
f 3566 3467 3466
f 3566 3466 3555
f 3555 3466 3465
f 3555 3465 3464
f 3548 3458 3459
f 3548 3459 3566
f 3566 3459 3468
f 3566 3468 3467
f 3457 3548 3567
f 3457 3462 3548
f 3548 3462 3461
f 3548 3461 3458
f 3453 3567 3454
f 3454 3567 3568
f 3453 3452 3567
f 3567 3452 3455
f 3567 3455 3457
f 3569 3448 3442
f 3442 3444 3568
f 3444 3446 3568
f 3568 3446 3447
f 3568 3447 3454
f 3439 3438 3570
f 3570 3438 3450
f 3570 3450 3569
f 3569 3450 3449
f 3569 3449 3448
f 3436 3435 3571
f 3571 3435 3441
f 3571 3441 3570
f 3570 3441 3440
f 3570 3440 3439
f 3431 3437 3572
f 3572 3437 3436
f 3573 3429 3428
f 3428 3434 3573
f 3573 3434 3433
f 3573 3433 3572
f 3572 3433 3432
f 3572 3432 3431
f 3418 3420 3574
f 3574 3420 3424
f 3574 3424 3573
f 3573 3424 3426
f 3573 3426 3429
f 3423 3422 3551
f 3551 3422 3421
f 3551 3421 3574
f 3574 3421 3416
f 3574 3416 3418
f 3357 3551 3358
f 3358 3551 3575
f 3358 3575 3415
f 3412 3413 3575
f 3575 3413 3414
f 3575 3414 3415
f 3575 3576 3577
f 3577 3552 3575
f 3575 3552 3554
f 3575 3554 3412
f 3412 3554 3410
f 3550 3578 3551
f 3551 3578 3579
f 3551 3579 3575
f 3575 3579 3580
f 3575 3580 3576
f 3581 3582 3574
f 3574 3582 3583
f 3574 3583 3551
f 3551 3583 3584
f 3551 3584 3549
f 3585 3586 3573
f 3573 3586 3587
f 3573 3587 3574
f 3574 3587 3588
f 3574 3588 3581
f 3585 3573 3589
f 3589 3573 3572
f 3589 3572 3590
f 3591 3592 3572
f 3572 3592 3593
f 3572 3593 3590
f 3436 3571 3572
f 3572 3571 3594
f 3572 3594 3591
f 3595 3596 3570
f 3570 3596 3597
f 3570 3597 3571
f 3571 3597 3598
f 3571 3598 3594
f 3599 3600 3569
f 3569 3600 3601
f 3569 3601 3570
f 3570 3601 3602
f 3570 3602 3595
f 3442 3568 3569
f 3569 3568 3603
f 3569 3603 3599
f 3604 3605 3568
f 3568 3605 3606
f 3568 3606 3603
f 3567 3607 3568
f 3568 3607 3608
f 3568 3608 3604
f 3548 3547 3567
f 3567 3547 3609
f 3567 3609 3607
f 3610 3611 3566
f 3566 3611 3612
f 3566 3612 3548
f 3548 3612 3613
f 3548 3613 3546
f 3555 3614 3615
f 3555 3615 3566
f 3566 3615 3616
f 3566 3616 3610
f 3544 3617 3545
f 3545 3617 3618
f 3545 3618 3555
f 3555 3618 3619
f 3555 3619 3614
f 3472 3565 3545
f 3545 3565 3620
f 3545 3620 3543
f 3541 3621 3542
f 3542 3621 3622
f 3542 3622 3565
f 3565 3622 3623
f 3565 3623 3620
f 3624 3625 3564
f 3564 3625 3626
f 3564 3626 3542
f 3542 3626 3627
f 3542 3627 3540
f 3628 3629 3556
f 3556 3629 3564
f 3564 3629 3630
f 3564 3630 3624
f 3558 3631 3559
f 3559 3631 3632
f 3559 3632 3556
f 3556 3632 3633
f 3556 3633 3628
f 3362 3194 3193
f 3634 3635 3636
f 3365 3376 3637
f 3365 3637 3366
f 3366 3637 3370
f 3370 3637 3180
f 3370 3180 3182
f 3638 3639 3637
f 3637 3639 3640
f 3637 3640 3180
f 3180 3640 3181
f 3635 3641 3636
f 3636 3641 3642
f 3636 3642 3637
f 3637 3642 3643
f 3637 3643 3638
f 3634 3636 3644
f 3644 3636 3193
f 3644 3193 3199
f 3362 3193 3363
f 3363 3193 3636
f 3363 3636 3372
f 3376 3375 3637
f 3637 3375 3374
f 3637 3374 3636
f 3636 3374 3373
f 3636 3373 3372
f 3645 3646 3647
f 3648 3649 3650
f 3651 3652 3653
f 3654 3655 3656
f 3400 3408 3657
f 3502 3510 3658
f 3192 3191 3659
f 3145 3144 3660
f 3138 3137 3661
f 3093 3092 3662
f 3072 3071 3663
f 3664 3665 3666
f 3402 3667 3399
f 3399 3667 3668
f 3399 3668 3352
f 3669 3670 3671
f 3670 3669 3672
f 3672 3669 3673
f 3672 3673 3674
f 3665 3675 3666
f 3666 3675 3676
f 3666 3676 3673
f 3673 3676 3677
f 3673 3677 3674
f 3664 3678 3679
f 3679 3678 3049
f 3680 3051 3678
f 3678 3051 3050
f 3678 3050 3049
f 3047 3046 3681
f 3681 3046 3045
f 3681 3045 3682
f 3682 3045 3053
f 3682 3053 3052
f 3047 3681 3048
f 3048 3681 3683
f 3048 3683 3040
f 3073 3044 3684
f 3684 3044 3038
f 3684 3038 3683
f 3683 3038 3039
f 3683 3039 3040
f 3071 3070 3663
f 3663 3070 3069
f 3663 3069 3685
f 3685 3069 3075
f 3685 3075 3074
f 3092 3065 3662
f 3662 3065 3064
f 3662 3064 3072
f 3090 3091 3686
f 3686 3091 3094
f 3686 3094 3093
f 3087 3077 3687
f 3687 3077 3076
f 3109 3108 3688
f 3688 3108 3107
f 3688 3107 3687
f 3687 3107 3116
f 3687 3116 3087
f 3113 3114 3689
f 3689 3114 3115
f 3689 3115 3688
f 3688 3115 3110
f 3688 3110 3109
f 3137 3136 3661
f 3661 3136 3135
f 3661 3135 3689
f 3689 3135 3111
f 3689 3111 3113
f 3138 3661 3139
f 3139 3661 3690
f 3139 3690 3140
f 3134 3133 3691
f 3691 3133 3132
f 3691 3132 3690
f 3690 3132 3131
f 3690 3131 3140
f 3164 3142 3692
f 3692 3142 3141
f 3692 3141 3167
f 3693 3162 3161
f 3161 3160 3693
f 3693 3160 3166
f 3693 3166 3165
f 3162 3693 3163
f 3163 3693 3694
f 3163 3694 3144
f 3659 3191 3660
f 3660 3191 3190
f 3660 3190 3145
f 3695 3187 3659
f 3659 3187 3186
f 3659 3186 3192
f 3184 3185 3696
f 3696 3185 3189
f 3696 3189 3695
f 3695 3189 3188
f 3695 3188 3187
f 3697 3505 3369
f 3369 3368 3697
f 3697 3368 3182
f 3697 3182 3183
f 3509 3508 3698
f 3698 3508 3506
f 3502 3658 3503
f 3498 3504 3699
f 3700 3701 3699
f 3699 3701 3702
f 3699 3702 3498
f 3703 3704 3705
f 3703 3705 3700
f 3700 3705 3706
f 3700 3706 3707
f 3707 3708 3700
f 3700 3708 3709
f 3700 3709 3701
f 3710 3711 3712
f 3712 3711 3713
f 3712 3713 3714
f 3715 3716 3713
f 3713 3716 3717
f 3717 3718 3713
f 3713 3718 3719
f 3713 3719 3714
f 3720 3721 3715
f 3715 3721 3722
f 3715 3722 3716
f 3723 3724 3720
f 3720 3724 3725
f 3725 3726 3720
f 3720 3726 3727
f 3720 3727 3721
f 3728 3729 3723
f 3723 3729 3730
f 3730 3731 3723
f 3723 3731 3732
f 3723 3732 3724
f 3733 3734 3735
f 3735 3734 3736
f 3735 3736 3728
f 3728 3736 3737
f 3728 3737 3729
f 3733 3735 3738
f 3738 3735 3739
f 3738 3739 3740
f 3741 3742 3743
f 3743 3742 3744
f 3743 3744 3739
f 3739 3744 3745
f 3739 3745 3740
f 3746 3747 3748
f 3748 3747 3749
f 3748 3749 3743
f 3743 3749 3750
f 3743 3750 3741
f 3746 3748 3751
f 3751 3748 3752
f 3751 3752 3753
f 3754 3755 3756
f 3756 3755 3757
f 3756 3757 3752
f 3752 3757 3758
f 3752 3758 3753
f 3759 3760 3761
f 3761 3760 3762
f 3762 3760 3763
f 3762 3763 3756
f 3756 3763 3764
f 3756 3764 3754
f 3765 3766 3767
f 3767 3766 3768
f 3767 3768 3769
f 3769 3768 3770
f 3769 3770 3761
f 3761 3770 3771
f 3761 3771 3759
f 3404 3403 3772
f 3772 3403 3411
f 3410 3773 3411
f 3411 3773 3774
f 3411 3774 3772
f 3772 3774 3775
f 3772 3775 3767
f 3767 3775 3776
f 3767 3776 3765
f 3777 3407 3406
f 3400 3657 3401
f 3778 3779 3780
f 3780 3779 3781
f 3780 3781 3782
f 3782 3781 3783
f 3782 3783 3784
f 3784 3783 3785
f 3784 3785 3786
f 3786 3785 3787
f 3786 3787 3788
f 3788 3787 3789
f 3788 3789 3777
f 3777 3789 3657
f 3777 3657 3407
f 3407 3657 3408
f 3671 3668 3669
f 3669 3668 3667
f 3669 3667 3673
f 3673 3667 3790
f 3673 3790 3666
f 3666 3790 3791
f 3666 3791 3792
f 3656 3655 3793
f 3793 3655 3794
f 3793 3794 3792
f 3792 3794 3795
f 3792 3795 3666
f 3796 3684 3797
f 3797 3684 3683
f 3797 3683 3798
f 3798 3683 3681
f 3798 3681 3680
f 3680 3681 3682
f 3680 3682 3051
f 3051 3682 3052
f 3664 3666 3678
f 3678 3666 3795
f 3678 3795 3680
f 3680 3795 3794
f 3680 3794 3798
f 3798 3794 3655
f 3798 3655 3797
f 3797 3655 3654
f 3797 3654 3796
f 3652 3799 3800
f 3800 3799 3801
f 3800 3801 3802
f 3802 3801 3803
f 3802 3803 3804
f 3804 3803 3805
f 3656 3805 3654
f 3654 3805 3803
f 3654 3803 3796
f 3796 3803 3801
f 3796 3801 3806
f 3806 3801 3799
f 3652 3651 3799
f 3799 3651 3807
f 3799 3807 3806
f 3806 3807 3663
f 3806 3663 3796
f 3796 3663 3685
f 3796 3685 3684
f 3684 3685 3074
f 3684 3074 3073
f 3510 3509 3658
f 3658 3509 3698
f 3658 3698 3808
f 3809 3810 3811
f 3811 3810 3812
f 3811 3812 3813
f 3814 3809 3815
f 3815 3809 3811
f 3815 3811 3816
f 3816 3811 3813
f 3646 3649 3647
f 3647 3649 3648
f 3647 3648 3817
f 3072 3663 3662
f 3662 3663 3807
f 3662 3807 3818
f 3818 3807 3651
f 3818 3651 3819
f 3819 3651 3653
f 3819 3653 3820
f 3820 3653 3821
f 3820 3821 3822
f 3822 3821 3823
f 3822 3823 3824
f 3805 3825 3804
f 3804 3825 3826
f 3804 3826 3802
f 3802 3826 3827
f 3802 3827 3800
f 3800 3827 3828
f 3800 3828 3652
f 3652 3828 3829
f 3652 3829 3653
f 3653 3829 3830
f 3653 3830 3821
f 3821 3830 3831
f 3821 3831 3823
f 3823 3831 3832
f 3823 3832 3824
f 3833 3834 3835
f 3835 3834 3836
f 3835 3836 3837
f 3167 3134 3692
f 3692 3134 3691
f 3692 3691 3838
f 3838 3691 3690
f 3838 3690 3839
f 3839 3690 3661
f 3839 3661 3840
f 3840 3661 3689
f 3840 3689 3841
f 3841 3689 3688
f 3841 3688 3842
f 3842 3688 3687
f 3842 3687 3686
f 3686 3687 3076
f 3686 3076 3090
f 3093 3662 3686
f 3686 3662 3818
f 3686 3818 3842
f 3842 3818 3819
f 3842 3819 3841
f 3841 3819 3820
f 3841 3820 3840
f 3840 3820 3822
f 3840 3822 3839
f 3839 3822 3824
f 3839 3824 3838
f 3843 3812 3844
f 3844 3812 3810
f 3844 3810 3845
f 3845 3810 3809
f 3845 3809 3846
f 3846 3809 3814
f 3846 3814 3847
f 3848 3849 3850
f 3850 3849 3851
f 3850 3851 3852
f 3852 3851 3853
f 3852 3853 3854
f 3854 3853 3855
f 3854 3855 3856
f 3856 3855 3857
f 3856 3857 3858
f 3858 3857 3859
f 3858 3859 3860
f 3860 3859 3861
f 3860 3861 3833
f 3833 3861 3843
f 3833 3843 3834
f 3834 3843 3844
f 3834 3844 3836
f 3836 3844 3845
f 3836 3845 3837
f 3837 3845 3846
f 3837 3846 3862
f 3862 3846 3847
f 3862 3847 3863
f 3660 3645 3659
f 3659 3645 3647
f 3659 3647 3695
f 3695 3647 3817
f 3695 3817 3696
f 3144 3694 3660
f 3660 3694 3864
f 3660 3864 3645
f 3645 3864 3865
f 3645 3865 3646
f 3646 3865 3866
f 3646 3866 3649
f 3649 3866 3867
f 3649 3867 3650
f 3165 3863 3693
f 3693 3863 3847
f 3693 3847 3694
f 3694 3847 3814
f 3694 3814 3864
f 3864 3814 3815
f 3864 3815 3865
f 3865 3815 3816
f 3865 3816 3866
f 3866 3816 3813
f 3866 3813 3867
f 3805 3848 3825
f 3825 3848 3850
f 3825 3850 3826
f 3826 3850 3852
f 3826 3852 3827
f 3827 3852 3854
f 3827 3854 3828
f 3828 3854 3856
f 3828 3856 3829
f 3829 3856 3858
f 3829 3858 3830
f 3830 3858 3860
f 3830 3860 3831
f 3831 3860 3833
f 3831 3833 3832
f 3832 3833 3835
f 3832 3835 3824
f 3824 3835 3837
f 3824 3837 3838
f 3838 3837 3862
f 3838 3862 3692
f 3692 3862 3863
f 3692 3863 3164
f 3164 3863 3165
f 3504 3503 3699
f 3699 3503 3658
f 3699 3658 3700
f 3700 3658 3808
f 3700 3808 3703
f 3710 3704 3711
f 3711 3704 3703
f 3711 3703 3868
f 3868 3703 3808
f 3868 3808 3869
f 3869 3808 3698
f 3869 3698 3697
f 3697 3698 3506
f 3697 3506 3505
f 3406 3404 3777
f 3777 3404 3772
f 3777 3772 3788
f 3788 3772 3767
f 3788 3767 3786
f 3786 3767 3769
f 3786 3769 3784
f 3784 3769 3761
f 3784 3761 3782
f 3782 3761 3762
f 3782 3762 3780
f 3780 3762 3756
f 3780 3756 3778
f 3778 3756 3752
f 3402 3401 3667
f 3667 3401 3657
f 3667 3657 3790
f 3790 3657 3789
f 3790 3789 3791
f 3791 3789 3787
f 3791 3787 3792
f 3792 3787 3785
f 3792 3785 3793
f 3793 3785 3783
f 3793 3783 3656
f 3656 3783 3781
f 3656 3781 3805
f 3805 3781 3779
f 3805 3779 3848
f 3848 3779 3778
f 3848 3778 3849
f 3849 3778 3752
f 3849 3752 3851
f 3851 3752 3748
f 3851 3748 3853
f 3853 3748 3743
f 3853 3743 3855
f 3855 3743 3739
f 3855 3739 3857
f 3857 3739 3735
f 3857 3735 3859
f 3859 3735 3728
f 3859 3728 3861
f 3861 3728 3723
f 3861 3723 3843
f 3843 3723 3720
f 3843 3720 3812
f 3812 3720 3715
f 3812 3715 3813
f 3813 3715 3713
f 3813 3713 3867
f 3867 3713 3711
f 3867 3711 3650
f 3650 3711 3868
f 3650 3868 3648
f 3648 3868 3869
f 3648 3869 3817
f 3817 3869 3697
f 3817 3697 3696
f 3696 3697 3183
f 3696 3183 3184
f 3870 3871 3872
f 3710 3712 3873
f 3722 3721 3874
f 3749 3747 3875
f 3876 3877 3878
f 3876 3878 3879
f 3773 3878 3774
f 3774 3878 3775
f 3553 3879 3554
f 3554 3879 3878
f 3554 3878 3773
f 3554 3773 3410
f 3768 3766 3880
f 3880 3766 3765
f 3880 3765 3878
f 3878 3765 3776
f 3878 3776 3775
f 3760 3759 3881
f 3881 3759 3771
f 3881 3771 3880
f 3880 3771 3770
f 3880 3770 3768
f 3755 3754 3872
f 3872 3754 3764
f 3872 3764 3881
f 3881 3764 3763
f 3881 3763 3760
f 3755 3872 3757
f 3757 3872 3882
f 3757 3882 3758
f 3747 3746 3875
f 3875 3746 3751
f 3875 3751 3882
f 3882 3751 3753
f 3882 3753 3758
f 3749 3875 3750
f 3750 3875 3883
f 3750 3883 3741
f 3884 3738 3740
f 3740 3745 3884
f 3884 3745 3744
f 3884 3744 3883
f 3883 3744 3742
f 3883 3742 3741
f 3738 3884 3733
f 3733 3884 3885
f 3733 3885 3734
f 3886 3731 3730
f 3730 3729 3886
f 3886 3729 3737
f 3886 3737 3885
f 3885 3737 3736
f 3885 3736 3734
f 3731 3886 3732
f 3732 3886 3887
f 3732 3887 3724
f 3721 3727 3874
f 3874 3727 3726
f 3874 3726 3887
f 3887 3726 3725
f 3887 3725 3724
f 3722 3874 3716
f 3716 3874 3888
f 3716 3888 3717
f 3712 3714 3873
f 3873 3714 3719
f 3873 3719 3888
f 3888 3719 3718
f 3888 3718 3717
f 3710 3873 3704
f 3704 3873 3889
f 3704 3889 3705
f 3890 3701 3709
f 3709 3708 3890
f 3890 3708 3707
f 3890 3707 3889
f 3889 3707 3706
f 3889 3706 3705
f 3701 3890 3702
f 3702 3890 3560
f 3702 3560 3498
f 3891 3892 3890
f 3890 3892 3893
f 3890 3893 3560
f 3560 3893 3894
f 3560 3894 3561
f 3895 3889 3896
f 3896 3889 3873
f 3896 3873 3897
f 3897 3873 3898
f 3895 3899 3889
f 3889 3899 3900
f 3889 3900 3890
f 3890 3900 3901
f 3890 3901 3891
f 3902 3888 3903
f 3903 3888 3874
f 3903 3874 3904
f 3904 3874 3905
f 3902 3906 3888
f 3888 3906 3907
f 3888 3907 3873
f 3873 3907 3908
f 3873 3908 3898
f 3909 3910 3887
f 3887 3910 3911
f 3887 3911 3874
f 3874 3911 3912
f 3874 3912 3905
f 3909 3887 3913
f 3913 3887 3886
f 3913 3886 3914
f 3915 3916 3885
f 3885 3916 3917
f 3885 3917 3886
f 3886 3917 3918
f 3886 3918 3914
f 3919 3884 3920
f 3920 3884 3883
f 3920 3883 3921
f 3921 3883 3922
f 3919 3923 3884
f 3884 3923 3924
f 3884 3924 3885
f 3885 3924 3925
f 3885 3925 3915
f 3875 3926 3927
f 3875 3927 3883
f 3883 3927 3928
f 3883 3928 3922
f 3929 3930 3882
f 3882 3930 3931
f 3882 3931 3875
f 3875 3931 3932
f 3875 3932 3926
f 3872 3871 3882
f 3882 3871 3933
f 3882 3933 3929
f 3934 3935 3881
f 3881 3935 3936
f 3881 3936 3872
f 3872 3936 3937
f 3872 3937 3870
f 3934 3881 3938
f 3938 3881 3880
f 3938 3880 3939
f 3877 3940 3878
f 3878 3940 3941
f 3878 3941 3880
f 3880 3941 3942
f 3880 3942 3939
f 3943 3944 3945
f 3946 3947 3948
f 3948 3947 3949
f 3640 3639 3950
f 3225 3224 3949
f 3230 3244 3951
f 3304 3303 3952
f 3334 3333 3953
f 3330 3339 3954
f 3552 3577 3955
f 3622 3621 3956
f 3558 3557 3957
f 3562 3561 3958
f 3959 3957 3960
f 3960 3957 3557
f 3960 3557 3958
f 3958 3557 3563
f 3958 3563 3562
f 3558 3957 3631
f 3631 3957 3961
f 3631 3961 3632
f 3630 3629 3962
f 3962 3629 3628
f 3962 3628 3961
f 3961 3628 3633
f 3961 3633 3632
f 3540 3627 3963
f 3963 3627 3626
f 3963 3626 3964
f 3964 3626 3625
f 3964 3625 3962
f 3962 3625 3624
f 3962 3624 3630
f 3956 3621 3963
f 3963 3621 3541
f 3963 3541 3540
f 3619 3618 3965
f 3965 3618 3617
f 3617 3544 3965
f 3965 3544 3543
f 3965 3543 3966
f 3966 3543 3620
f 3966 3620 3956
f 3956 3620 3623
f 3956 3623 3622
f 3967 3615 3614
f 3968 3613 3969
f 3969 3613 3612
f 3612 3611 3969
f 3969 3611 3610
f 3969 3610 3967
f 3967 3610 3616
f 3967 3616 3615
f 3970 3607 3968
f 3968 3607 3609
f 3609 3547 3968
f 3968 3547 3546
f 3968 3546 3613
f 3606 3605 3971
f 3971 3605 3604
f 3971 3604 3970
f 3970 3604 3608
f 3970 3608 3607
f 3600 3599 3972
f 3972 3599 3971
f 3971 3599 3603
f 3971 3603 3606
f 3973 3597 3596
f 3596 3595 3973
f 3973 3595 3602
f 3973 3602 3972
f 3972 3602 3601
f 3972 3601 3600
f 3597 3973 3598
f 3598 3973 3974
f 3598 3974 3594
f 3590 3593 3975
f 3975 3593 3592
f 3975 3592 3974
f 3974 3592 3591
f 3974 3591 3594
f 3590 3975 3589
f 3589 3975 3976
f 3589 3976 3585
f 3585 3976 3586
f 3586 3976 3977
f 3586 3977 3587
f 3587 3977 3588
f 3588 3977 3978
f 3588 3978 3581
f 3549 3584 3979
f 3979 3584 3583
f 3979 3583 3978
f 3978 3583 3582
f 3978 3582 3581
f 3549 3979 3550
f 3550 3979 3980
f 3550 3980 3578
f 3577 3576 3955
f 3955 3576 3580
f 3955 3580 3980
f 3980 3580 3579
f 3980 3579 3578
f 3981 3982 3983
f 3983 3336 3335
f 3983 3335 3981
f 3981 3335 3340
f 3981 3340 3342
f 3954 3339 3983
f 3983 3339 3338
f 3983 3338 3336
f 3953 3333 3954
f 3954 3333 3331
f 3954 3331 3330
f 3309 3317 3984
f 3984 3317 3316
f 3984 3316 3953
f 3953 3316 3315
f 3953 3315 3334
f 3313 3312 3985
f 3985 3312 3311
f 3985 3311 3984
f 3984 3311 3310
f 3984 3310 3309
f 3952 3303 3986
f 3288 3987 3290
f 3290 3987 3988
f 3290 3988 3292
f 3288 3287 3987
f 3987 3287 3306
f 3987 3306 3952
f 3952 3306 3307
f 3952 3307 3304
f 3284 3283 3989
f 3989 3283 3286
f 3989 3286 3988
f 3988 3286 3293
f 3988 3293 3292
f 3990 3281 3282
f 3276 3991 3274
f 3274 3991 3992
f 3274 3992 3269
f 3269 3992 3267
f 3276 3278 3991
f 3991 3278 3272
f 3991 3272 3990
f 3990 3272 3271
f 3990 3271 3281
f 3259 3261 3993
f 3993 3261 3263
f 3993 3263 3992
f 3992 3263 3265
f 3992 3265 3267
f 3251 3253 3994
f 3994 3253 3255
f 3994 3255 3993
f 3993 3255 3257
f 3993 3257 3259
f 3244 3245 3951
f 3951 3245 3247
f 3951 3247 3994
f 3994 3247 3249
f 3994 3249 3251
f 3948 3226 3232
f 3224 3223 3949
f 3949 3223 3229
f 3949 3229 3948
f 3948 3229 3227
f 3948 3227 3226
f 3221 3995 3197
f 3197 3995 3996
f 3213 3215 3997
f 3997 3215 3217
f 3997 3217 3996
f 3996 3217 3198
f 3996 3198 3197
f 3998 3209 3997
f 3997 3209 3211
f 3997 3211 3213
f 3999 3205 3207
f 4000 3201 3999
f 3999 3201 3203
f 3999 3203 3205
f 3634 3644 4001
f 4001 3644 3199
f 4001 3199 4000
f 4000 3199 3200
f 4000 3200 3201
f 3634 4001 3635
f 3635 4001 4002
f 3635 4002 3641
f 3639 3638 3950
f 3950 3638 3643
f 3950 3643 4002
f 4002 3643 3642
f 4002 3642 3641
f 4003 4004 4005
f 4005 4004 4006
f 4007 4008 4009
f 3982 4003 3983
f 3983 4003 4005
f 3983 4005 3954
f 3954 4005 4010
f 3954 4010 3953
f 3953 4010 4011
f 3953 4011 3984
f 3984 4011 4012
f 3984 4012 3985
f 3985 4012 3986
f 3985 3986 3313
f 3313 3986 3303
f 4006 4007 4005
f 4005 4007 4009
f 4005 4009 4010
f 4010 4009 4013
f 4010 4013 4011
f 4011 4013 4014
f 4011 4014 4012
f 4012 4014 4015
f 4012 4015 3986
f 3986 4015 4016
f 3986 4016 3952
f 3952 4016 4017
f 3952 4017 3987
f 3987 4017 4018
f 3987 4018 3988
f 3988 4018 4019
f 3988 4019 3989
f 3989 4019 4020
f 3232 3231 3948
f 3948 3231 4021
f 3948 4021 3946
f 3946 4021 4022
f 3946 4022 4023
f 4023 4022 4024
f 4023 4024 4025
f 4025 4024 4026
f 4025 4026 4027
f 4027 4026 4028
f 4027 4028 4029
f 4029 4028 4030
f 4029 4030 4031
f 4031 4030 4032
f 4031 4032 4033
f 3231 3230 4021
f 4021 3230 3951
f 4021 3951 4022
f 4022 3951 3994
f 4022 3994 4024
f 4024 3994 3993
f 4024 3993 4026
f 4026 3993 3992
f 4026 3992 4028
f 4028 3992 3991
f 4028 3991 4030
f 4030 3991 3990
f 4030 3990 4032
f 4034 3945 4035
f 3995 4036 3996
f 3996 4036 4037
f 3996 4037 3997
f 3997 4037 4038
f 3997 4038 3998
f 3998 4038 4039
f 3998 4039 4040
f 4040 4039 4041
f 4040 4041 4042
f 4042 4041 4043
f 4042 4043 4044
f 3207 3209 3999
f 3999 3209 3998
f 3999 3998 4000
f 4000 3998 4040
f 4000 4040 4001
f 4001 4040 4042
f 4001 4042 4002
f 4002 4042 4044
f 4002 4044 3950
f 4043 4034 4044
f 4044 4034 4035
f 4044 4035 3950
f 3950 4035 4045
f 3950 4045 4046
f 3181 3640 4047
f 4047 3640 3950
f 4047 3950 4048
f 4048 3950 4046
f 3944 4049 3945
f 3945 4049 4050
f 3945 4050 4035
f 4035 4050 4051
f 4035 4051 4045
f 3614 3619 3967
f 3967 3619 3965
f 3967 3965 4052
f 3553 3552 4053
f 4053 3552 3955
f 4053 3955 4054
f 4054 3955 4055
f 3973 4020 3974
f 3974 4020 4019
f 3974 4019 3975
f 3975 4019 4018
f 3975 4018 3976
f 3976 4018 4017
f 3976 4017 3977
f 3977 4017 4016
f 3977 4016 3978
f 3978 4016 4015
f 3978 4015 3979
f 3979 4015 4014
f 3979 4014 3980
f 3980 4014 4013
f 3980 4013 3955
f 3955 4013 4009
f 3955 4009 4055
f 4055 4009 4008
f 3959 3943 3957
f 3957 3943 3945
f 3957 3945 3961
f 3961 3945 4034
f 3961 4034 3962
f 3962 4034 4043
f 3962 4043 3964
f 3964 4043 4041
f 3964 4041 3963
f 3963 4041 4039
f 3963 4039 3956
f 3956 4039 4038
f 3956 4038 3966
f 3966 4038 4037
f 3966 4037 3965
f 3965 4037 4036
f 3965 4036 4052
f 4052 4036 3995
f 3221 3225 3995
f 3995 3225 3949
f 3995 3949 4052
f 4052 3949 3947
f 4052 3947 3967
f 3967 3947 3946
f 3967 3946 3969
f 3969 3946 4023
f 3969 4023 3968
f 3968 4023 4025
f 3968 4025 3970
f 3970 4025 4027
f 3970 4027 3971
f 3971 4027 4029
f 3971 4029 3972
f 3972 4029 4031
f 3972 4031 3973
f 3973 4031 4033
f 3973 4033 4020
f 4020 4033 4032
f 4020 4032 3989
f 3989 4032 3990
f 3989 3990 3284
f 3284 3990 3282
f 3670 4056 3671
f 3671 4056 3341
f 3671 3341 3668
f 3668 3341 3352
f 4057 4058 4056
f 4056 4058 4059
f 4059 4060 4056
f 4056 4060 4061
f 4056 4061 3341
f 3341 4061 4062
f 3341 4062 3342
f 4063 4064 4065
f 4065 4064 4066
f 4065 4066 4067
f 4063 4065 4068
f 4068 4065 3029
f 4068 3029 3030
f 3676 3675 4065
f 3670 3672 4056
f 4056 3672 3674
f 4056 3674 3677
f 4067 4057 4065
f 4065 4057 4056
f 4065 4056 3676
f 3676 4056 3677
f 3049 3023 3679
f 3679 3023 3029
f 3679 3029 3664
f 3664 3029 4065
f 3664 4065 3665
f 3665 4065 3675
f 4069 4070 4071
f 4072 4073 4074
f 4075 4076 4077
f 4078 4079 4080
f 3121 3120 4081
f 3127 3126 4082
f 3905 3912 4083
f 3923 3919 4084
f 3930 3929 4085
f 3877 3876 4086
f 3879 3553 4053
f 3879 4053 3876
f 4070 3941 3940
f 4070 4069 4087
f 3934 3938 4087
f 4087 3938 3939
f 4087 3939 4070
f 4070 3939 3942
f 4070 3942 3941
f 3870 4088 3871
f 3871 4088 4085
f 3871 4085 3933
f 3933 4085 3929
f 3870 3937 4088
f 4088 3937 3936
f 4088 3936 4087
f 4087 3936 3935
f 4087 3935 3934
f 4089 3928 4090
f 4090 3928 3927
f 3927 3926 4090
f 4090 3926 3932
f 4090 3932 4085
f 4085 3932 3931
f 4085 3931 3930
f 3919 3920 4084
f 4084 3920 3921
f 4084 3921 4089
f 4089 3921 3922
f 4089 3922 3928
f 3923 4084 3924
f 3924 4084 4091
f 3924 4091 3925
f 3918 3917 4092
f 4092 3917 3916
f 4092 3916 4091
f 4091 3916 3915
f 4091 3915 3925
f 4093 3913 4092
f 4092 3913 3914
f 4092 3914 3918
f 3912 3911 4083
f 4083 3911 3910
f 4083 3910 4093
f 4093 3910 3909
f 4093 3909 3913
f 3905 4083 3904
f 3904 4083 4094
f 3904 4094 3903
f 4095 3898 3908
f 3908 3907 4095
f 4095 3907 3906
f 4095 3906 4094
f 4094 3906 3902
f 4094 3902 3903
f 3898 4095 3897
f 3897 4095 4096
f 3897 4096 3896
f 3900 4096 3901
f 3901 4096 4097
f 3900 3899 4096
f 4096 3899 3895
f 4096 3895 3896
f 3893 3892 4097
f 4097 3892 3891
f 4097 3891 3901
f 3181 4047 3179
f 3179 4047 4098
f 3174 4099 3175
f 3175 4099 3176
f 3176 4099 3177
f 3177 4099 4100
f 3177 4100 3178
f 3178 4100 3168
f 3168 4100 4101
f 3168 4101 3169
f 3156 3155 4102
f 4102 3155 3171
f 4102 3171 4101
f 4101 3171 3172
f 4101 3172 3169
f 3156 4102 3157
f 3157 4102 4103
f 3157 4103 3158
f 3151 3159 4104
f 4105 3154 4104
f 4104 3154 3152
f 4104 3152 3151
f 3149 3150 4106
f 4106 3150 3148
f 4106 3148 4105
f 4105 3148 3147
f 4105 3147 3154
f 3149 4106 3129
f 3129 4106 4107
f 3129 4107 3130
f 3126 3125 4082
f 4082 3125 3118
f 4082 3118 4107
f 4107 3118 3117
f 4107 3117 3130
f 3102 3104 4108
f 4108 3104 3106
f 4108 3106 4109
f 4109 3106 3124
f 4109 3124 3123
f 3095 3099 4110
f 4110 3099 3098
f 4110 3098 3101
f 3083 4111 3082
f 3082 4111 4112
f 3083 3089 4111
f 4111 3089 3097
f 4111 3097 3096
f 3085 4112 3086
f 3086 4112 4113
f 3085 3084 4112
f 4112 3084 3080
f 4112 3080 3082
f 3061 4113 3062
f 3062 4113 4114
f 3061 3068 4113
f 4113 3068 3079
f 4113 3079 3086
f 3056 3055 4114
f 4114 3055 3063
f 4114 3063 3062
f 3058 4115 3059
f 3059 4115 4116
f 3059 4116 3054
f 3054 4116 3041
f 3041 4116 3035
f 3035 4116 4117
f 3035 4117 3036
f 3034 3032 4118
f 4118 3032 3031
f 4118 3031 4117
f 4117 3031 3037
f 4117 3037 3036
f 3027 3022 4119
f 4119 3022 3024
f 4119 3024 4118
f 4118 3024 3026
f 4118 3026 3034
f 4068 3030 4120
f 4067 4066 4121
f 4121 4066 4064
f 4121 4064 4063
f 4060 4059 4122
f 4122 4059 4058
f 4122 4058 4057
f 4004 4003 4123
f 4123 4003 3982
f 3982 3981 4123
f 4123 3981 3342
f 4123 3342 4062
f 4051 4050 4124
f 4124 4050 4125
f 4047 4048 4098
f 4098 4048 4046
f 4098 4046 4124
f 4124 4046 4045
f 4124 4045 4051
f 4126 4127 4128
f 4128 4127 4129
f 4130 4103 4131
f 4131 4103 4132
f 4131 4132 4133
f 4130 4131 4134
f 4134 4131 4133
f 4134 4133 4135
f 4136 4137 4129
f 4129 4137 4138
f 4129 4138 4128
f 4139 4140 4141
f 4141 4140 4142
f 4141 4142 4143
f 4135 4144 4081
f 3159 3158 4104
f 4104 3158 4103
f 4104 4103 4105
f 4105 4103 4130
f 4105 4130 4106
f 4106 4130 4134
f 4106 4134 4107
f 4107 4134 4135
f 4107 4135 4082
f 4082 4135 4081
f 4082 4081 3127
f 3127 4081 3120
f 4145 4146 4147
f 4147 4146 4148
f 4147 4148 4149
f 4149 4148 4143
f 4149 4143 4150
f 4150 4143 4142
f 4132 4139 4133
f 4133 4139 4141
f 4133 4141 4135
f 4135 4141 4143
f 4135 4143 4144
f 4144 4143 4148
f 4144 4148 4151
f 4151 4148 4146
f 4142 4152 4150
f 4150 4152 4153
f 4150 4153 4149
f 4149 4153 4154
f 4149 4154 4147
f 4147 4154 4155
f 4147 4155 4145
f 4145 4155 4156
f 4145 4156 4157
f 4157 4156 4158
f 4157 4158 4159
f 4159 4158 4160
f 4159 4160 4161
f 4161 4160 4162
f 4163 4164 4165
f 4165 4164 4166
f 4165 4166 4167
f 4167 4166 4168
f 4167 4168 4169
f 4170 4008 4007
f 4162 4074 4161
f 4161 4074 4171
f 4161 4171 4159
f 4159 4171 4172
f 4159 4172 4157
f 4157 4172 4173
f 4157 4173 4145
f 4145 4173 4174
f 4145 4174 4146
f 4146 4174 4175
f 4146 4175 4151
f 4151 4175 4108
f 4151 4108 4144
f 4144 4108 4109
f 4144 4109 4081
f 4081 4109 3123
f 4081 3123 3121
f 4176 4114 4177
f 4177 4114 4113
f 4177 4113 4178
f 4178 4113 4112
f 4178 4112 4179
f 4179 4112 4111
f 4179 4111 4110
f 4110 4111 3096
f 4110 3096 3095
f 4074 4073 4171
f 4171 4073 4176
f 4171 4176 4172
f 4172 4176 4177
f 4172 4177 4173
f 4173 4177 4178
f 4173 4178 4174
f 4174 4178 4179
f 4174 4179 4175
f 4175 4179 4110
f 4175 4110 4108
f 4108 4110 3101
f 4108 3101 3102
f 4180 4181 4182
f 4182 4181 4183
f 4182 4183 4184
f 4184 4183 4185
f 4184 4185 4186
f 4186 4185 4187
f 4142 4188 4152
f 4152 4188 4189
f 4152 4189 4153
f 4153 4189 4190
f 4153 4190 4154
f 4154 4190 4191
f 4154 4191 4155
f 4155 4191 4192
f 4155 4192 4156
f 4156 4192 4193
f 4156 4193 4158
f 4158 4193 4194
f 4158 4194 4160
f 4160 4194 4180
f 4160 4180 4162
f 4162 4180 4182
f 4162 4182 4074
f 4074 4182 4184
f 4074 4184 4072
f 4072 4184 4186
f 4195 4163 4196
f 4196 4163 4165
f 4196 4165 4197
f 4197 4165 4167
f 4197 4167 4198
f 4198 4167 4169
f 4198 4169 4120
f 4199 4200 4201
f 4201 4200 4202
f 4201 4202 4203
f 4203 4202 4204
f 4203 4204 4205
f 4205 4204 4123
f 4205 4123 4206
f 4206 4123 4062
f 4206 4062 4061
f 4207 4122 4121
f 4121 4122 4057
f 4121 4057 4067
f 4132 4126 4139
f 4139 4126 4128
f 4139 4128 4140
f 4140 4128 4138
f 4140 4138 4142
f 4142 4138 4137
f 4142 4137 4188
f 4188 4137 4136
f 4188 4136 4189
f 4189 4136 4208
f 4189 4208 4190
f 4190 4208 4209
f 4190 4209 4191
f 4191 4209 4210
f 4191 4210 4192
f 4192 4210 4211
f 4192 4211 4193
f 4193 4211 4212
f 4193 4212 4194
f 4194 4212 4213
f 4194 4213 4180
f 4180 4213 4195
f 4180 4195 4181
f 4181 4195 4196
f 4181 4196 4183
f 4183 4196 4197
f 4183 4197 4185
f 4185 4197 4198
f 4185 4198 4187
f 4187 4198 4120
f 3030 3028 4120
f 4120 3028 3027
f 4120 3027 4187
f 4187 3027 4119
f 4187 4119 4186
f 4186 4119 4118
f 4186 4118 4072
f 4072 4118 4117
f 4072 4117 4073
f 4073 4117 4116
f 4073 4116 4176
f 4176 4116 4115
f 4176 4115 4114
f 4114 4115 3058
f 4114 3058 3056
f 4170 4007 4214
f 4214 4007 4006
f 4214 4006 4004
f 4214 4071 4170
f 4170 4071 4070
f 4170 4070 4086
f 4086 4070 3940
f 4086 3940 3877
f 4215 4199 4216
f 4216 4199 4201
f 4216 4201 4217
f 4217 4201 4203
f 4217 4203 4207
f 4207 4203 4205
f 4207 4205 4122
f 4122 4205 4206
f 4122 4206 4060
f 4060 4206 4061
f 3561 3894 3958
f 3958 3894 3893
f 3958 3893 3960
f 3960 3893 4097
f 3960 4097 3959
f 3959 4097 4218
f 4050 4049 4125
f 4125 4049 3944
f 4125 3944 4218
f 4218 3944 3943
f 4218 3943 3959
f 4078 4080 4219
f 4219 4080 4220
f 4219 4220 4221
f 4221 4220 4222
f 4221 4222 4223
f 4096 4223 4097
f 4097 4223 4222
f 4097 4222 4218
f 4218 4222 4220
f 4218 4220 4125
f 4125 4220 4080
f 4125 4080 4124
f 4124 4080 4079
f 4124 4079 4098
f 4075 4077 4224
f 4224 4077 4225
f 4224 4225 4226
f 4226 4225 4227
f 4226 4227 4228
f 4004 4123 4214
f 4214 4123 4204
f 4214 4204 4071
f 4071 4204 4202
f 4071 4202 4069
f 4069 4202 4200
f 4069 4200 4087
f 4087 4200 4199
f 4087 4199 4088
f 4088 4199 4215
f 4088 4215 4085
f 4085 4215 4229
f 4085 4229 4090
f 4090 4229 4230
f 4090 4230 4089
f 4089 4230 4231
f 4089 4231 4084
f 4084 4231 4232
f 4084 4232 4091
f 4091 4232 4233
f 4091 4233 4092
f 4092 4233 4234
f 4092 4234 4093
f 4093 4234 4235
f 4093 4235 4083
f 4083 4235 4236
f 4083 4236 4094
f 4094 4236 4237
f 4094 4237 4095
f 4095 4237 4228
f 4095 4228 4096
f 4096 4228 4227
f 4096 4227 4223
f 4223 4227 4225
f 4223 4225 4221
f 4221 4225 4077
f 4221 4077 4219
f 4219 4077 4076
f 4219 4076 4078
f 3876 4053 4086
f 4086 4053 4054
f 4086 4054 4170
f 4170 4054 4055
f 4170 4055 4008
f 3174 3179 4099
f 4099 3179 4098
f 4099 4098 4100
f 4100 4098 4079
f 4100 4079 4101
f 4101 4079 4078
f 4101 4078 4102
f 4102 4078 4076
f 4102 4076 4103
f 4103 4076 4075
f 4103 4075 4132
f 4132 4075 4224
f 4132 4224 4126
f 4126 4224 4226
f 4126 4226 4127
f 4127 4226 4228
f 4127 4228 4129
f 4129 4228 4237
f 4129 4237 4136
f 4136 4237 4236
f 4136 4236 4208
f 4208 4236 4235
f 4208 4235 4209
f 4209 4235 4234
f 4209 4234 4210
f 4210 4234 4233
f 4210 4233 4211
f 4211 4233 4232
f 4211 4232 4212
f 4212 4232 4231
f 4212 4231 4213
f 4213 4231 4230
f 4213 4230 4195
f 4195 4230 4229
f 4195 4229 4163
f 4163 4229 4215
f 4163 4215 4164
f 4164 4215 4216
f 4164 4216 4166
f 4166 4216 4217
f 4166 4217 4168
f 4168 4217 4207
f 4168 4207 4169
f 4169 4207 4121
f 4169 4121 4120
f 4120 4121 4063
f 4120 4063 4068
