# Converti depuis Left_5_3_Link.STL
# 2399 sommets, 4798 faces
o Left_5_3_Link
v -0.000157 -0.016714 0.004209
v -0.000033 -0.016538 0.004263
v -0.000372 -0.016009 0.004555
v -0.000349 -0.016984 0.004127
v -0.000334 -0.016963 0.004134
v -0.000690 -0.016444 0.004404
v -0.001285 -0.017143 0.004060
v -0.001502 -0.017459 0.003812
v -0.001182 -0.017689 0.003737
v 0.000576 -0.012657 0.005372
v 0.000481 -0.012531 0.005424
v 0.000174 -0.013493 0.005282
v 0.001080 -0.013286 0.004958
v 0.000842 -0.012990 0.005153
v 0.000528 -0.014011 0.005032
v -0.001102 -0.014875 0.004897
v -0.000739 -0.015455 0.004758
v -0.000428 -0.014918 0.004934
v -0.001116 -0.013718 0.005203
v -0.000802 -0.013116 0.005403
v -0.001386 -0.011884 0.005585
v -0.001760 -0.013583 0.005086
v -0.001446 -0.014255 0.005000
v -0.003300 -0.015056 0.004033
v -0.003100 -0.015494 0.004015
v -0.002802 -0.015026 0.004361
v -0.002136 -0.015236 0.004578
v -0.002461 -0.014552 0.004639
v -0.003408 -0.014704 0.004046
v -0.003781 -0.013463 0.004095
v -0.003760 -0.013552 0.004091
v -0.003090 -0.014250 0.004405
v -0.003461 -0.014530 0.004053
v -0.002741 -0.013793 0.004697
v -0.003895 -0.012980 0.004118
v -0.003522 -0.012562 0.004482
v -0.003263 -0.012272 0.004735
v -0.003163 -0.012159 0.004805
v -0.002269 -0.012121 0.005239
v -0.002036 -0.012868 0.005165
v -0.001700 -0.012391 0.005380
v -0.001618 -0.011248 0.005657
v -0.001339 -0.010795 0.005828
v -0.001101 -0.011322 0.005771
v -0.000505 -0.012415 0.005591
v -0.001516 -0.010264 0.005863
v -0.001788 -0.010583 0.005718
v -0.001953 -0.010776 0.005630
v -0.002400 -0.011295 0.005346
v -0.002451 -0.011353 0.005310
v -0.000588 -0.011052 0.005871
v -0.000218 -0.011576 0.005741
v 0.000109 -0.012038 0.005627
v 0.000172 -0.016250 0.004350
v 0.000223 -0.016137 0.004375
v -0.000069 -0.015481 0.004715
v 0.000276 -0.016021 0.004400
v 0.000578 -0.015356 0.004547
v 0.000228 -0.014827 0.004877
v -0.000780 -0.014333 0.005089
v 0.000580 -0.015352 0.004548
v 0.000636 -0.015228 0.004575
v 0.001215 -0.013448 0.004816
v 0.000937 -0.014303 0.004701
v 0.000871 -0.014503 0.004674
v -0.000127 -0.014276 0.005112
v -0.000472 -0.013706 0.005280
v -0.000172 -0.012960 0.005460
v 0.000125 -0.012060 0.005618
v -0.001673 -0.016741 0.004183
v -0.001801 -0.017245 0.003882
v -0.001589 -0.017397 0.003832
v -0.000939 -0.017521 0.003870
v -0.000928 -0.017514 0.003876
v -0.000888 -0.017477 0.003893
v -0.001002 -0.016813 0.004246
v -0.000662 -0.017270 0.003992
v -0.000533 -0.017152 0.004047
v -0.002377 -0.016693 0.003953
v -0.002334 -0.016735 0.003948
v -0.002078 -0.016275 0.004262
v -0.002099 -0.016959 0.003919
v -0.001894 -0.017156 0.003893
v -0.003088 -0.015520 0.004014
v -0.002873 -0.015991 0.003994
v -0.002464 -0.015709 0.004316
v -0.002740 -0.016179 0.003983
v -0.002625 -0.016342 0.003974
v -0.001770 -0.015824 0.004507
v -0.001384 -0.016338 0.004404
v -0.000854 -0.010662 0.005911
v -0.001105 -0.010295 0.005949
v -0.001299 -0.010010 0.005979
v 0.000527 -0.001021 0.006137
v 0.001254 -0.000969 0.005978
v 0.000982 -0.001017 0.006028
v 0.001254 -0.000982 0.005976
v 0.001263 -0.000890 0.006030
v 0.001259 -0.000904 0.006011
v 0.000523 -0.000981 0.006177
v 0.001257 -0.000934 0.005995
v 0.000524 -0.000957 0.006228
v 0.001272 -0.000855 0.006077
v 0.001285 -0.000845 0.006129
v 0.001279 -0.000850 0.006105
v 0.001015 -0.000890 0.006177
v 0.000526 -0.000954 0.006255
v 0.000528 -0.000971 0.006261
v -0.000154 -0.001141 0.006304
v 0.000153 -0.001053 0.006300
v 0.000150 -0.001045 0.006283
v 0.000318 -0.001005 0.006298
v 0.000381 -0.000995 0.006287
v -0.000218 -0.001163 0.006302
v -0.000218 -0.001160 0.006281
v -0.000218 -0.001158 0.006268
v -0.000217 -0.001161 0.006258
v 0.000150 -0.001047 0.006258
v -0.000211 -0.001173 0.006217
v 0.000154 -0.001067 0.006209
v -0.000210 -0.001177 0.006212
v 0.000162 -0.001103 0.006170
v -0.000198 -0.001209 0.006176
v 0.000008 -0.001197 0.006151
v -0.000186 -0.001247 0.006161
v -0.000198 -0.001210 0.006174
v 0.000174 -0.001155 0.006143
v 0.000533 -0.001074 0.006114
v 0.000448 -0.001085 0.006130
v 0.000419 -0.001092 0.006131
v 0.000545 -0.010522 0.005796
v -0.001238 -0.009166 0.006094
v -0.001241 -0.009211 0.006088
v -0.000921 -0.009308 0.006137
v 0.000160 -0.010167 0.005940
v -0.000447 -0.003438 0.006606
v -0.000512 -0.003749 0.006590
v 0.000065 -0.003583 0.006618
v -0.000078 -0.001675 0.006701
v 0.000510 -0.001551 0.006703
v 0.000564 -0.001540 0.006704
v 0.000888 -0.001472 0.006705
v 0.000659 -0.003472 0.006587
v 0.001125 -0.001449 0.006684
v 0.001836 -0.001429 0.006579
v 0.001739 -0.001429 0.006596
v 0.001258 -0.003406 0.006506
v 0.001335 -0.001428 0.006666
v 0.001203 -0.001441 0.006677
v 0.002348 -0.001431 0.006491
v 0.001850 -0.003379 0.006384
v 0.002433 -0.001431 0.006477
v 0.002425 -0.003381 0.006224
v 0.002944 -0.001481 0.006325
v 0.002459 -0.001433 0.006469
v 0.003619 -0.001552 0.006084
v 0.003552 -0.001544 0.006117
v 0.002983 -0.003400 0.006011
v 0.003415 -0.001528 0.006185
v 0.003049 -0.001492 0.006294
v 0.004148 -0.001614 0.005822
v 0.003522 -0.003421 0.005724
v 0.004172 -0.001617 0.005810
v 0.004200 -0.001620 0.005797
v 0.004157 -0.003163 0.005358
v 0.004698 -0.001660 0.005434
v 0.000522 -0.008605 0.006075
v 0.000087 -0.008403 0.006187
v -0.000216 -0.009826 0.006047
v -0.000577 -0.009528 0.006115
v -0.000342 -0.008245 0.006256
v -0.000761 -0.008157 0.006274
v -0.000825 -0.005459 0.006478
v -0.000856 -0.005708 0.006455
v -0.000392 -0.005791 0.006480
v -0.000545 -0.003903 0.006581
v 0.003504 -0.005147 0.005262
v 0.003795 -0.004170 0.005307
v 0.004057 -0.003441 0.005344
v 0.000132 -0.005719 0.006456
v 0.000668 -0.005694 0.006380
v 0.001204 -0.005706 0.006261
v 0.001733 -0.005743 0.006104
v 0.002251 -0.005798 0.005892
v 0.002756 -0.005864 0.005606
v 0.001354 -0.012945 0.004857
v 0.001330 -0.011238 0.005326
v 0.001571 -0.012167 0.004921
v 0.001724 -0.011586 0.004950
v 0.001801 -0.011295 0.004964
v 0.002711 -0.007848 0.005137
v 0.002816 -0.007450 0.005157
v 0.003267 -0.005939 0.005226
v 0.000936 -0.010881 0.005598
v 0.000960 -0.008826 0.005925
v 0.001398 -0.009057 0.005721
v 0.001833 -0.009294 0.005442
v 0.002267 -0.009530 0.005053
v -0.000883 -0.005922 0.006436
v -0.001154 -0.008059 0.006243
v -0.001162 -0.008129 0.006237
v -0.001165 -0.008167 0.006232
v 0.001731 -0.013347 0.004394
v 0.001760 -0.011457 -0.005051
v 0.001802 -0.011294 -0.005059
v 0.002198 -0.011612 -0.004583
v 0.001313 -0.014778 0.004267
v 0.000196 -0.017267 0.003826
v 0.000495 -0.017784 0.003354
v 0.000893 -0.017178 0.003474
v -0.001104 -0.018059 0.003470
v -0.000935 -0.018854 0.002723
v -0.000918 -0.018934 0.002616
v -0.000282 -0.018903 0.002672
v 0.000258 -0.019475 0.001620
v -0.000061 -0.019572 0.001602
v -0.000006 -0.019742 0.001056
v -0.000722 -0.019863 0.000573
v -0.000721 -0.019866 0.000496
v 0.000021 -0.019828 0.000507
v 0.004958 -0.001668 0.005198
v 0.004642 -0.003147 0.004868
v 0.005199 -0.001665 0.004949
v 0.005724 -0.001620 0.004257
v 0.005647 -0.001627 0.004359
v 0.005104 -0.003118 0.004287
v 0.005256 -0.001660 0.004874
v 0.005505 -0.003075 0.003637
v 0.006046 -0.001569 0.003708
v 0.005838 -0.001611 0.004108
v 0.006106 -0.001557 0.003593
v 0.005822 -0.003028 0.002940
v 0.006330 -0.001512 0.003163
v 0.006377 -0.001497 0.003012
v 0.006638 -0.001410 0.002165
v 0.006604 -0.001421 0.002275
v 0.006042 -0.002985 0.002216
v 0.006414 -0.001484 0.002892
v 0.006753 -0.001350 0.001425
v 0.006740 -0.001357 0.001517
v 0.006175 -0.002949 0.001474
v 0.006653 -0.001404 0.002115
v 0.006242 -0.002924 0.000720
v 0.006815 -0.001314 0.000743
v 0.006807 -0.001321 0.001056
v 0.006260 -0.002915 -0.000041
v 0.006835 -0.001297 -0.000042
v 0.006816 -0.001313 0.000689
v 0.006811 -0.001312 -0.000823
v 0.006815 -0.001309 -0.000763
v 0.006242 -0.002924 -0.000801
v 0.006844 -0.001289 -0.000380
v 0.006761 -0.001348 -0.001496
v 0.006175 -0.002948 -0.001555
v 0.006754 -0.001353 -0.001600
v 0.006751 -0.001355 -0.001633
v 0.006042 -0.002984 -0.002297
v 0.006625 -0.001410 -0.002230
v 0.006367 -0.001495 -0.003088
v 0.006417 -0.001482 -0.002962
v 0.006532 -0.001451 -0.002672
v 0.006598 -0.001422 -0.002356
v 0.006055 -0.001568 -0.003793
v 0.006125 -0.001558 -0.003679
v 0.005822 -0.003027 -0.003021
v 0.006149 -0.001554 -0.003641
v 0.005199 -0.001664 -0.005030
v 0.005259 -0.001660 -0.004957
v 0.005104 -0.003117 -0.004369
v 0.005576 -0.001641 -0.004570
v 0.005653 -0.001629 -0.004445
v 0.004057 -0.003439 -0.005426
v 0.004157 -0.003161 -0.005440
v 0.004642 -0.003146 -0.004950
v 0.004698 -0.001658 -0.005515
v 0.005105 -0.001666 -0.005131
v -0.000742 -0.019766 0.001030
v -0.000755 -0.019703 0.001325
v -0.000778 -0.019596 0.001561
v -0.000821 -0.019391 0.002011
v 0.001627 -0.018355 0.001150
v 0.001536 -0.018209 0.001744
v 0.001081 -0.018873 0.001688
v -0.000835 -0.019327 0.002095
v -0.000151 -0.019296 0.002143
v 0.000154 -0.019201 0.002168
v 0.000438 -0.019056 0.002195
v 0.000269 -0.018671 0.002740
v -0.000448 -0.018437 0.003160
v 0.000050 -0.018200 0.003249
v -0.000646 -0.017950 0.003574
v -0.000214 -0.017685 0.003697
v -0.001104 -0.018061 0.003469
v -0.001016 -0.018473 0.003081
v 0.000748 -0.018244 0.002823
v 0.000701 -0.018861 0.002226
v 0.000554 -0.019326 0.001641
v 0.000321 -0.019643 0.001069
v 0.001948 -0.017293 0.001806
v 0.002045 -0.017426 0.001191
v 0.002093 -0.017492 0.000575
v 0.002363 -0.016059 0.001869
v 0.002464 -0.016178 0.001233
v 0.002514 -0.016236 0.000595
v 0.002528 -0.016251 -0.000042
v 0.001557 -0.016748 0.003026
v 0.001168 -0.017617 0.002920
v 0.000938 -0.015868 0.004120
v 0.000576 -0.016677 0.003969
v 0.001268 -0.016339 0.003602
v 0.002085 -0.013713 0.003840
v 0.001654 -0.015205 0.003728
v 0.001955 -0.015572 0.003131
v 0.004517 -0.008467 0.001366
v 0.003448 -0.012574 0.001306
v 0.003502 -0.012616 0.000633
v 0.003160 -0.012354 0.002645
v 0.003340 -0.012491 0.001977
v 0.004400 -0.008423 0.002064
v 0.004588 -0.008496 -0.000041
v 0.005485 -0.005266 0.000692
v 0.005424 -0.005266 0.001421
v 0.005299 -0.005262 0.002142
v 0.004206 -0.008354 0.002755
v 0.005092 -0.005253 0.002851
v 0.004408 -0.005212 0.004188
v 0.003153 -0.007995 0.004652
v 0.003565 -0.008134 0.004073
v 0.002198 -0.011613 0.004498
v 0.002570 -0.011904 0.003931
v 0.000828 -0.019125 0.001664
v 0.000946 -0.018615 0.002260
v 0.001386 -0.017968 0.002336
v 0.001788 -0.017071 0.002420
v 0.002196 -0.015861 0.002503
v 0.002649 -0.014274 0.002580
v 0.002398 -0.014027 0.003225
v 0.002898 -0.012155 0.003304
v 0.003923 -0.008256 0.003432
v 0.004790 -0.005237 0.003540
v 0.003966 -0.005180 0.004770
v 0.002267 -0.009528 -0.005143
v 0.003153 -0.007994 -0.004735
v 0.002710 -0.007847 -0.005223
v 0.002756 -0.007670 -0.005232
v 0.005720 -0.001619 -0.004336
v 0.005505 -0.003074 -0.003719
v 0.005092 -0.005253 -0.002933
v 0.005299 -0.005262 -0.002224
v 0.004400 -0.008423 -0.002146
v 0.004517 -0.008466 -0.001449
v 0.003516 -0.012627 -0.000042
v 0.003502 -0.012615 -0.000716
v 0.003448 -0.012574 -0.001390
v 0.004408 -0.005211 -0.004270
v 0.004790 -0.005236 -0.003622
v 0.003923 -0.008255 -0.003515
v 0.004206 -0.008353 -0.002837
v 0.003159 -0.012353 -0.002729
v 0.003340 -0.012490 -0.002061
v 0.003270 -0.005938 -0.005309
v 0.003966 -0.005179 -0.004852
v 0.003505 -0.005146 -0.005345
v 0.003795 -0.004168 -0.005389
v 0.005502 -0.005266 -0.000041
v 0.005485 -0.005266 -0.000774
v 0.005424 -0.005266 -0.001503
v -0.001182 -0.017688 -0.003823
v -0.001044 -0.017596 -0.003902
v -0.000646 -0.017949 -0.003660
v -0.001107 -0.018043 -0.003537
v -0.000448 -0.018436 -0.003246
v -0.001014 -0.018485 -0.003181
v -0.000943 -0.017512 -0.003949
v -0.000891 -0.017469 -0.003973
v -0.000657 -0.017275 -0.004081
v -0.000523 -0.017164 -0.004143
v -0.000388 -0.017026 -0.004198
v 0.000196 -0.017266 -0.003912
v -0.000338 -0.016958 -0.004219
v -0.000157 -0.016712 -0.004295
v -0.000030 -0.016538 -0.004349
v 0.000134 -0.016315 -0.004418
v 0.000576 -0.016676 -0.004055
v -0.000282 -0.018902 -0.002758
v -0.000919 -0.018929 -0.002696
v -0.001009 -0.018505 -0.003165
v -0.000214 -0.017684 -0.003783
v 0.000495 -0.017783 -0.003440
v 0.000050 -0.018199 -0.003335
v 0.000748 -0.018244 -0.002909
v 0.000269 -0.018670 -0.002825
v 0.000271 -0.016017 -0.004485
v 0.000577 -0.015354 -0.004633
v 0.000938 -0.015866 -0.004206
v 0.000218 -0.016133 -0.004459
v 0.000579 -0.015350 -0.004634
v 0.000636 -0.015226 -0.004662
v 0.001313 -0.014777 -0.004352
v 0.000871 -0.014502 -0.004760
v 0.000937 -0.014301 -0.004787
v 0.001731 -0.013346 -0.004480
v 0.001215 -0.013446 -0.004902
v 0.001352 -0.012943 -0.004940
v 0.001725 -0.011584 -0.005042
v 0.003565 -0.008132 -0.004157
v 0.002570 -0.011903 -0.004016
v 0.002898 -0.012154 -0.003389
v 0.002085 -0.013712 -0.003925
v 0.002398 -0.014026 -0.003310
v 0.001654 -0.015204 -0.003813
v -0.000734 -0.019806 -0.001022
v -0.000740 -0.019775 -0.001117
v -0.000006 -0.019742 -0.001142
v -0.000777 -0.019602 -0.001651
v -0.000061 -0.019572 -0.001687
v -0.000784 -0.019565 -0.001764
v -0.000151 -0.019295 -0.002229
v -0.000837 -0.019316 -0.002175
v -0.000873 -0.019144 -0.002458
v 0.001204 -0.019107 -0.000621
v 0.000904 -0.019286 -0.001183
v 0.001164 -0.019029 -0.001199
v 0.000828 -0.019125 -0.001749
v 0.001081 -0.018872 -0.001774
v 0.000701 -0.018861 -0.002312
v 0.000946 -0.018615 -0.002346
v 0.000352 -0.019727 0.000514
v 0.000028 -0.019851 -0.000043
v 0.000360 -0.019750 -0.000043
v 0.000021 -0.019828 -0.000593
v 0.000352 -0.019727 -0.000599
v 0.000321 -0.019642 -0.001154
v 0.000258 -0.019474 -0.001706
v 0.000154 -0.019200 -0.002253
v -0.000724 -0.019855 -0.000580
v -0.000716 -0.019892 -0.000248
v -0.000717 -0.019885 -0.000043
v 0.000658 -0.019573 0.000520
v 0.000668 -0.019595 -0.000043
v 0.001215 -0.019128 -0.000043
v 0.000658 -0.019573 -0.000606
v 0.000624 -0.019490 -0.001168
v 0.000554 -0.019325 -0.001727
v 0.000438 -0.019056 -0.002281
v 0.000624 -0.019491 0.001082
v 0.000893 -0.017177 -0.003559
v 0.001557 -0.016747 -0.003112
v 0.001168 -0.017617 -0.003006
v 0.001788 -0.017071 -0.002505
v 0.001385 -0.017967 -0.002422
v 0.001948 -0.017293 -0.001892
v 0.001536 -0.018209 -0.001830
v 0.002045 -0.017426 -0.001276
v 0.001627 -0.018355 -0.001236
v 0.002093 -0.017491 -0.000660
v 0.001672 -0.018427 -0.000640
v 0.002106 -0.017509 -0.000043
v 0.001684 -0.018446 -0.000043
v 0.001672 -0.018427 0.000554
v 0.001204 -0.019107 0.000536
v 0.001164 -0.019029 0.001113
v 0.000904 -0.019286 0.001097
v 0.002514 -0.016236 -0.000680
v 0.002464 -0.016178 -0.001318
v 0.002363 -0.016059 -0.001954
v 0.002196 -0.015861 -0.002588
v 0.001268 -0.016338 -0.003688
v 0.001955 -0.015571 -0.003216
v 0.000093 -0.012015 -0.005722
v 0.000125 -0.012057 -0.005704
v -0.000172 -0.012958 -0.005549
v -0.001285 -0.017142 -0.004146
v -0.001673 -0.016740 -0.004270
v -0.001384 -0.016337 -0.004491
v -0.002633 -0.016348 -0.004061
v -0.002736 -0.016177 -0.004070
v -0.002464 -0.015708 -0.004402
v -0.001770 -0.015823 -0.004594
v -0.002461 -0.014551 -0.004727
v -0.002740 -0.013791 -0.004785
v -0.002036 -0.012867 -0.005254
v -0.002180 -0.011040 -0.005576
v -0.001785 -0.010578 -0.005797
v -0.001618 -0.011246 -0.005746
v -0.000372 -0.016008 -0.004642
v -0.000069 -0.015480 -0.004802
v 0.000228 -0.014825 -0.004964
v 0.000690 -0.012802 -0.005379
v 0.000842 -0.012988 -0.005241
v 0.000528 -0.014009 -0.005119
v -0.000218 -0.011574 -0.005828
v -0.000505 -0.012414 -0.005680
v -0.000549 -0.011103 -0.005940
v -0.001101 -0.011320 -0.005860
v -0.000669 -0.010932 -0.005981
v -0.000854 -0.010661 -0.006007
v -0.002269 -0.012120 -0.005328
v -0.002451 -0.011352 -0.005400
v -0.003043 -0.015661 -0.004095
v -0.003097 -0.015524 -0.004101
v -0.002802 -0.015025 -0.004448
v -0.003107 -0.015497 -0.004102
v -0.003417 -0.014705 -0.004132
v -0.003090 -0.014249 -0.004492
v -0.003465 -0.014582 -0.004137
v -0.003478 -0.014535 -0.004139
v -0.003524 -0.012563 -0.004574
v -0.003767 -0.013458 -0.004184
v -0.003895 -0.012979 -0.004204
v -0.002136 -0.015234 -0.004666
v -0.001759 -0.013582 -0.005175
v -0.001700 -0.012390 -0.005470
v -0.001386 -0.011883 -0.005675
v -0.001339 -0.010794 -0.005918
v -0.001314 -0.017603 -0.003863
v -0.001002 -0.016811 -0.004332
v -0.001501 -0.017458 -0.003899
v -0.001586 -0.017392 -0.003916
v -0.001895 -0.017153 -0.003977
v -0.002006 -0.017067 -0.003999
v -0.002102 -0.016963 -0.004008
v -0.002322 -0.016723 -0.004031
v -0.002078 -0.016273 -0.004349
v -0.002571 -0.016453 -0.004056
v -0.000690 -0.016443 -0.004491
v 0.000480 -0.012525 -0.005500
v 0.000173 -0.013491 -0.005369
v -0.000472 -0.013704 -0.005368
v -0.000127 -0.014274 -0.005200
v -0.000780 -0.014331 -0.005177
v -0.000428 -0.014917 -0.005022
v -0.001102 -0.014873 -0.004985
v -0.000740 -0.015453 -0.004845
v -0.001064 -0.015918 -0.004674
v -0.001445 -0.014253 -0.005088
v -0.001115 -0.013717 -0.005292
v -0.000802 -0.013115 -0.005492
v -0.001515 -0.010261 -0.005948
v -0.001299 -0.010008 -0.006068
v -0.001105 -0.010294 -0.006041
v -0.003346 -0.012364 -0.004752
v -0.003162 -0.012156 -0.004889
v -0.002606 -0.011529 -0.005300
v 0.001833 -0.009292 -0.005527
v 0.000545 -0.010520 -0.005884
v 0.000936 -0.010880 -0.005685
v 0.002756 -0.005862 -0.005690
v 0.003553 -0.001542 -0.006192
v 0.002983 -0.003398 -0.006094
v 0.003339 -0.001517 -0.006295
v 0.002425 -0.003379 -0.006307
v 0.003050 -0.001490 -0.006376
v 0.002950 -0.001481 -0.006403
v 0.001850 -0.003376 -0.006467
v 0.002456 -0.001437 -0.006542
v 0.001258 -0.003404 -0.006590
v 0.002261 -0.001419 -0.006596
v 0.002352 -0.001427 -0.006570
v 0.000659 -0.003470 -0.006671
v 0.001744 -0.001429 -0.006675
v 0.001837 -0.001427 -0.006661
v 0.000509 -0.001545 -0.006788
v 0.000562 -0.001537 -0.006786
v 0.000065 -0.003581 -0.006703
v 0.001143 -0.001441 -0.006767
v 0.001202 -0.001440 -0.006758
v -0.000502 -0.003748 -0.006669
v -0.000439 -0.003438 -0.006686
v 0.000213 -0.001594 -0.006797
v -0.000078 -0.001672 -0.006783
v 0.003617 -0.001549 -0.006161
v 0.004149 -0.001612 -0.005906
v 0.003522 -0.003419 -0.005806
v 0.004174 -0.001615 -0.005894
v 0.004443 -0.001641 -0.005714
v -0.000392 -0.005789 -0.006567
v 0.000132 -0.005717 -0.006542
v 0.000668 -0.005692 -0.006466
v 0.001204 -0.005704 -0.006346
v 0.001733 -0.005741 -0.006189
v 0.002251 -0.005796 -0.005977
v -0.000856 -0.005706 -0.006542
v -0.000683 -0.004637 -0.006621
v -0.000577 -0.009526 -0.006204
v -0.000216 -0.009824 -0.006136
v -0.000921 -0.009306 -0.006226
v -0.001246 -0.009210 -0.006187
v -0.001243 -0.009165 -0.006193
v -0.001220 -0.008814 -0.006245
v 0.000522 -0.008603 -0.006163
v 0.000087 -0.008402 -0.006275
v -0.000342 -0.008243 -0.006345
v -0.000761 -0.008155 -0.006363
v -0.001152 -0.008165 -0.006311
v 0.001330 -0.011237 -0.005412
v 0.000160 -0.010165 -0.006029
v 0.001398 -0.009055 -0.005807
v 0.000960 -0.008824 -0.006012
v -0.001140 -0.008057 -0.006322
v -0.000962 -0.006366 -0.006493
v -0.000890 -0.005920 -0.006526
v -0.004129 -0.013882 -0.003723
v -0.001661 -0.018777 -0.002677
v -0.002720 -0.017663 0.003083
v -0.002378 -0.017939 0.003081
v -0.002275 -0.017453 0.003539
v -0.004396 -0.005988 0.004641
v -0.004371 -0.005596 0.004675
v -0.004871 -0.005823 0.004129
v -0.004310 -0.010517 0.004273
v -0.004400 -0.009355 0.004363
v -0.004865 -0.009671 0.003856
v -0.006166 -0.011666 -0.001060
v -0.005925 -0.012817 -0.001051
v -0.005983 -0.012863 -0.000543
v -0.004440 -0.006637 -0.004668
v -0.004442 -0.007447 -0.004601
v -0.004934 -0.007717 -0.004074
v -0.005539 -0.011242 -0.002732
v -0.005337 -0.012334 -0.002697
v -0.005615 -0.012564 -0.002124
v -0.006090 -0.004285 -0.002234
v -0.006025 -0.004278 -0.002357
v -0.006121 -0.006179 -0.002299
v -0.004871 -0.005822 -0.004211
v -0.004741 -0.004032 -0.004333
v -0.004683 -0.004012 -0.004402
v -0.005345 -0.005989 -0.003593
v -0.005091 -0.004131 -0.003885
v -0.004965 -0.004107 -0.004068
v -0.005814 -0.004254 -0.002753
v -0.005668 -0.004238 -0.003025
v -0.005773 -0.006104 -0.002943
v -0.005611 -0.004232 -0.003132
v -0.005222 -0.004157 -0.003695
v -0.006356 -0.004301 -0.001450
v -0.006262 -0.004296 -0.001729
v -0.006362 -0.006223 -0.001693
v -0.006126 -0.004287 -0.002130
v -0.006417 -0.004303 -0.001147
v -0.006390 -0.004304 -0.001350
v -0.006509 -0.006245 -0.001123
v -0.006581 -0.006253 -0.000576
v -0.006491 -0.004303 -0.000587
v -0.006471 -0.004303 -0.000743
v -0.006512 -0.004303 -0.000041
v -0.006512 -0.004303 -0.000045
v -0.006521 -0.004302 -0.000363
v -0.006491 -0.004304 0.000655
v -0.006496 -0.004304 0.000507
v -0.006581 -0.006253 0.000494
v -0.006601 -0.006254 -0.000041
v -0.006277 -0.004298 0.001653
v -0.006297 -0.004300 0.001605
v -0.006362 -0.006224 0.001611
v -0.006349 -0.004301 0.001359
v -0.006509 -0.006246 0.001041
v -0.006410 -0.004302 0.001063
v -0.006491 -0.004304 0.000679
v -0.006118 -0.004285 0.002035
v -0.006121 -0.006180 0.002217
v -0.006018 -0.004277 0.002273
v -0.005922 -0.004269 0.002503
v -0.005773 -0.006105 0.002860
v -0.005821 -0.004255 0.002667
v -0.005345 -0.005990 0.003511
v -0.005260 -0.004174 0.003582
v -0.005657 -0.004231 0.002935
v -0.005089 -0.004127 0.003801
v -0.005231 -0.004166 0.003620
v -0.004258 -0.003870 0.004825
v -0.004494 -0.003963 0.004565
v -0.004683 -0.004015 0.004323
v -0.004739 -0.004031 0.004251
v -0.004865 -0.009669 -0.003940
v -0.004303 -0.010515 -0.004359
v -0.004607 -0.011709 -0.003815
v -0.004274 -0.010856 -0.004333
v -0.004187 -0.011345 -0.004303
v -0.004444 -0.008204 -0.004539
v -0.004445 -0.008850 -0.004485
v -0.004403 -0.009344 -0.004448
v -0.004402 -0.009353 -0.004447
v -0.004993 -0.012044 -0.003271
v -0.005173 -0.010981 -0.003319
v -0.005295 -0.009946 -0.003371
v -0.005802 -0.008111 -0.002855
v -0.005680 -0.010177 -0.002771
v -0.005835 -0.011445 -0.002148
v -0.005808 -0.012722 -0.001576
v -0.005391 -0.007938 -0.003480
v -0.004397 -0.005987 -0.004724
v -0.004372 -0.005595 -0.004758
v -0.004258 -0.003869 -0.004907
v -0.006135 -0.008236 -0.002235
v -0.005991 -0.010354 -0.002175
v -0.006041 -0.011584 -0.001591
v -0.006206 -0.010473 -0.001609
v -0.006366 -0.008318 -0.001650
v -0.006506 -0.008364 -0.001096
v -0.006338 -0.010543 -0.001071
v -0.006229 -0.011705 -0.000547
v -0.005999 -0.012876 -0.000042
v -0.005295 -0.009947 0.003287
v -0.004607 -0.011710 0.003730
v -0.005173 -0.010982 0.003235
v -0.005539 -0.011242 0.002648
v -0.005680 -0.010178 0.002688
v -0.005835 -0.011446 0.002064
v -0.005991 -0.010355 0.002092
v -0.006041 -0.011584 0.001508
v -0.006206 -0.010474 0.001526
v -0.006166 -0.011666 0.000977
v -0.006338 -0.010544 0.000988
v -0.006229 -0.011706 0.000463
v -0.006403 -0.010577 0.000469
v -0.006246 -0.011716 -0.000042
v -0.006421 -0.010585 -0.000042
v -0.006403 -0.010576 -0.000552
v -0.004934 -0.007718 0.003990
v -0.005391 -0.007939 0.003397
v -0.005802 -0.008112 0.002772
v -0.006135 -0.008237 0.002152
v -0.006366 -0.008318 0.001567
v -0.006506 -0.008364 0.001013
v -0.006576 -0.008384 0.000481
v -0.006595 -0.008388 -0.000041
v -0.006576 -0.008384 -0.000563
v -0.004401 -0.009345 0.004363
v -0.004450 -0.008718 0.004412
v -0.004448 -0.008205 0.004454
v -0.004445 -0.007448 0.004517
v -0.004442 -0.006691 0.004580
v -0.001588 -0.019716 -0.000043
v -0.001591 -0.019692 0.000486
v -0.001598 -0.019606 0.001014
v -0.001613 -0.019437 0.001542
v -0.001634 -0.019164 0.002070
v -0.002470 -0.018763 0.002048
v -0.002877 -0.018471 0.002039
v -0.002916 -0.018728 0.001512
v -0.003264 -0.018115 0.002032
v -0.003621 -0.017692 0.002025
v -0.003698 -0.017933 0.001496
v -0.001661 -0.018778 0.002591
v -0.001679 -0.018323 0.003078
v -0.002438 -0.018390 0.002575
v -0.002816 -0.018107 0.002570
v -0.003174 -0.017761 0.002567
v -0.001667 -0.017852 0.003501
v -0.002871 -0.016847 0.003565
v -0.002579 -0.017178 0.003553
v -0.003045 -0.017327 0.003086
v -0.003344 -0.016926 0.003089
v -0.003504 -0.017349 0.002564
v -0.003804 -0.016877 0.002561
v -0.003945 -0.017209 0.002020
v -0.004504 -0.016110 0.002013
v -0.004630 -0.016325 0.001480
v -0.005111 -0.015111 0.001477
v -0.005204 -0.015231 0.000960
v -0.005607 -0.014004 0.000961
v -0.005660 -0.014057 0.000456
v -0.003796 -0.014989 0.003608
v -0.004129 -0.013883 0.003637
v -0.004452 -0.014281 0.003118
v -0.004754 -0.013142 0.003147
v -0.005070 -0.013463 0.002585
v -0.003382 -0.016008 0.003586
v -0.004078 -0.015420 0.003102
v -0.004734 -0.014633 0.002567
v -0.005324 -0.013720 0.002022
v -0.003139 -0.016455 0.003575
v -0.003615 -0.016467 0.003092
v -0.004317 -0.015802 0.002560
v -0.004957 -0.014915 0.002013
v -0.005500 -0.013897 0.001481
v -0.005983 -0.012863 0.000459
v -0.005925 -0.012817 0.000967
v -0.005808 -0.012723 0.001492
v -0.005615 -0.012565 0.002040
v -0.005337 -0.012335 0.002613
v -0.004993 -0.012045 0.003187
v -0.001667 -0.017851 -0.003587
v -0.002275 -0.017452 -0.003625
v -0.001679 -0.018322 -0.003164
v -0.002378 -0.017938 -0.003167
v -0.002438 -0.018390 -0.002661
v -0.002870 -0.016845 -0.003651
v -0.002579 -0.017177 -0.003639
v -0.001634 -0.019163 -0.002156
v -0.001613 -0.019437 -0.001628
v -0.001598 -0.019606 -0.001100
v -0.001591 -0.019692 -0.000571
v -0.002053 -0.018993 -0.002144
v -0.002051 -0.019262 -0.001617
v -0.002048 -0.019428 -0.001091
v -0.002046 -0.019513 -0.000567
v -0.002045 -0.019536 -0.000043
v -0.002046 -0.019513 0.000481
v -0.002048 -0.019428 0.001005
v -0.002051 -0.019262 0.001531
v -0.002053 -0.018993 0.002058
v -0.002489 -0.019026 0.001521
v -0.002937 -0.018886 0.000990
v -0.002498 -0.019189 0.000997
v -0.002946 -0.018967 0.000473
v -0.002501 -0.019272 0.000477
v -0.002948 -0.018989 -0.000043
v -0.002502 -0.019295 -0.000043
v -0.002946 -0.018967 -0.000558
v -0.002501 -0.019272 -0.000562
v -0.002937 -0.018886 -0.001076
v -0.002498 -0.019189 -0.001083
v -0.002916 -0.018727 -0.001597
v -0.002489 -0.019026 -0.001606
v -0.002877 -0.018471 -0.002125
v -0.002470 -0.018763 -0.002133
v -0.002816 -0.018106 -0.002656
v -0.002720 -0.017662 -0.003169
v -0.003322 -0.018364 0.001503
v -0.003742 -0.018082 0.000977
v -0.003355 -0.018518 0.000983
v -0.003763 -0.018158 0.000466
v -0.003370 -0.018596 0.000469
v -0.003767 -0.018179 -0.000043
v -0.003373 -0.018618 -0.000043
v -0.003763 -0.018158 -0.000551
v -0.003370 -0.018596 -0.000554
v -0.003742 -0.018082 -0.001063
v -0.003355 -0.018517 -0.001069
v -0.003698 -0.017933 -0.001582
v -0.003322 -0.018363 -0.001589
v -0.003621 -0.017692 -0.002111
v -0.003264 -0.018114 -0.002117
v -0.003504 -0.017348 -0.002649
v -0.003174 -0.017760 -0.002652
v -0.003344 -0.016925 -0.003175
v -0.003045 -0.017326 -0.003172
v -0.003139 -0.016454 -0.003661
v -0.003796 -0.014988 -0.003694
v -0.003381 -0.016007 -0.003672
v -0.004119 -0.011721 -0.004280
v -0.004078 -0.015419 -0.003187
v -0.003615 -0.016466 -0.003178
v -0.004317 -0.015801 -0.002646
v -0.003804 -0.016876 -0.002647
v -0.004504 -0.016109 -0.002098
v -0.003945 -0.017209 -0.002105
v -0.004630 -0.016324 -0.001565
v -0.004040 -0.017441 -0.001575
v -0.004706 -0.016457 -0.001049
v -0.004095 -0.017585 -0.001057
v -0.004742 -0.016523 -0.000543
v -0.004121 -0.017658 -0.000548
v -0.004752 -0.016541 -0.000042
v -0.004127 -0.017678 -0.000043
v -0.004121 -0.017658 0.000463
v -0.004754 -0.013141 -0.003232
v -0.004452 -0.014280 -0.003204
v -0.005070 -0.013463 -0.002669
v -0.004733 -0.014632 -0.002652
v -0.005324 -0.013719 -0.002106
v -0.004957 -0.014914 -0.002097
v -0.005500 -0.013896 -0.001565
v -0.005111 -0.015111 -0.001562
v -0.005607 -0.014004 -0.001046
v -0.005204 -0.015231 -0.001045
v -0.005660 -0.014057 -0.000540
v -0.005250 -0.015291 -0.000540
v -0.005674 -0.014071 -0.000042
v -0.005262 -0.015307 -0.000042
v -0.005250 -0.015291 0.000456
v -0.004742 -0.016523 0.000458
v -0.004706 -0.016457 0.000964
v -0.004095 -0.017585 0.000972
v -0.004040 -0.017442 0.001490
v -0.003963 -0.012670 0.004133
v -0.004121 -0.011722 0.004194
v -0.004185 -0.011346 0.004218
v -0.004297 -0.010673 0.004261
v -0.003752 -0.011345 0.004584
v -0.003030 -0.004976 0.005722
v -0.003487 -0.005344 0.005434
v -0.003566 -0.007522 0.005224
v -0.001552 -0.008192 0.006137
v -0.000654 -0.001887 0.006621
v -0.000690 -0.001902 0.006614
v -0.001017 -0.003662 0.006519
v -0.001854 -0.002468 0.006321
v -0.002071 -0.004257 0.006187
v -0.001556 -0.003939 0.006375
v -0.002825 -0.003063 0.005913
v -0.002875 -0.003096 0.005889
v -0.003086 -0.003232 0.005789
v -0.003326 -0.003374 0.005615
v -0.003337 -0.003380 0.005607
v -0.003794 -0.003649 0.005275
v -0.002387 -0.002780 0.006122
v -0.002562 -0.004607 0.005967
v -0.002319 -0.002737 0.006154
v -0.002189 -0.002652 0.006216
v -0.001201 -0.002108 0.006527
v -0.001243 -0.002131 0.006514
v -0.001293 -0.002159 0.006498
v -0.000293 -0.001741 0.006683
v -0.001350 -0.005907 0.006356
v -0.001578 -0.009289 0.006006
v -0.004031 -0.003769 0.005056
v -0.003943 -0.005688 0.005081
v -0.003813 -0.003659 0.005258
v -0.004009 -0.007877 0.004879
v -0.002696 -0.006799 0.005763
v -0.002259 -0.006464 0.005994
v -0.001813 -0.006163 0.006196
v -0.002624 -0.010207 0.005426
v -0.001916 -0.009533 0.005849
v -0.001938 -0.008420 0.005975
v -0.002703 -0.009057 0.005541
v -0.003899 -0.010157 0.004679
v -0.003368 -0.010962 0.004909
v -0.003981 -0.009003 0.004778
v -0.003553 -0.008641 0.005119
v -0.003492 -0.009788 0.005013
v 0.004704 -0.001400 -0.005522
v 0.004704 -0.001434 -0.005521
v 0.004163 -0.001394 -0.005906
v 0.001998 -0.000820 -0.006113
v 0.002263 -0.000832 -0.006060
v 0.002308 -0.000879 -0.006274
v 0.003953 -0.000957 -0.005505
v 0.004108 -0.000968 -0.005421
v 0.004057 -0.001038 -0.005691
v 0.004430 -0.000977 -0.005187
v 0.004501 -0.001010 -0.005274
v 0.003223 -0.000897 -0.005827
v 0.003426 -0.000915 -0.005749
v 0.003503 -0.000985 -0.005949
v 0.003687 -0.000939 -0.005649
v 0.003916 -0.000955 -0.005525
v 0.002895 -0.000869 -0.005917
v 0.002916 -0.000924 -0.006135
v 0.002859 -0.000866 -0.005926
v 0.002657 -0.000849 -0.005982
v 0.001921 -0.000822 -0.006124
v 0.001681 -0.000871 -0.006380
v 0.001646 -0.000828 -0.006163
v 0.000707 -0.000915 -0.006285
v 0.001037 -0.000914 -0.006448
v 0.000631 -0.000934 -0.006290
v 0.000390 -0.001019 -0.006474
v 0.000960 -0.000876 -0.006239
v 0.001013 -0.000871 -0.006234
v 0.001431 -0.000833 -0.006194
v -0.000218 -0.001154 -0.006353
v 0.000036 -0.001088 -0.006334
v 0.000383 -0.000998 -0.006309
v -0.000198 -0.001265 -0.006586
v -0.000210 -0.001199 -0.006448
v -0.000139 -0.001476 -0.006735
v -0.000153 -0.001431 -0.006724
v 0.000419 -0.001141 -0.006652
v -0.000186 -0.001308 -0.006622
v 0.002357 -0.001205 -0.006552
v 0.002968 -0.001255 -0.006402
v 0.003574 -0.001326 -0.006194
v 0.004556 -0.001074 -0.005341
v 0.004130 -0.001191 -0.005830
v 0.003554 -0.001130 -0.006103
v 0.002954 -0.001062 -0.006301
v 0.002341 -0.001012 -0.006446
v 0.001712 -0.001001 -0.006556
v 0.001067 -0.001040 -0.006627
v 0.001099 -0.001226 -0.006739
v 0.000460 -0.001320 -0.006767
v 0.001735 -0.001191 -0.006666
v 0.004635 -0.001167 -0.005437
v 0.004653 -0.001229 -0.005459
v 0.004710 -0.001549 0.005449
v 0.004698 -0.001439 0.005434
v 0.004162 -0.001396 0.005825
v -0.000186 -0.001312 0.006535
v -0.000185 -0.001314 0.006537
v 0.000418 -0.001143 0.006571
v -0.000153 -0.001435 0.006643
v -0.000140 -0.001478 0.006654
v 0.000459 -0.001323 0.006686
v -0.000203 -0.001246 0.006477
v 0.000389 -0.001021 0.006393
v -0.000212 -0.001195 0.006370
v -0.000213 -0.001193 0.006366
v 0.001307 -0.000843 0.006127
v 0.001034 -0.000916 0.006368
v 0.001543 -0.000829 0.006100
v 0.001676 -0.000873 0.006299
v 0.001641 -0.000828 0.006084
v 0.002303 -0.000881 0.006194
v 0.002097 -0.000824 0.006015
v 0.001921 -0.000825 0.006042
v 0.002910 -0.000925 0.006055
v 0.002830 -0.000864 0.005858
v 0.002258 -0.000832 0.005980
v 0.003425 -0.000917 0.005674
v 0.003376 -0.000913 0.005694
v 0.003500 -0.000986 0.005869
v 0.002895 -0.000869 0.005839
v 0.002855 -0.000866 0.005851
v 0.003805 -0.000950 0.005512
v 0.004057 -0.001040 0.005610
v 0.003914 -0.000957 0.005451
v 0.004273 -0.000976 0.005229
v 0.004108 -0.000970 0.005341
v 0.003954 -0.000960 0.005428
v 0.002352 -0.001207 0.006473
v 0.001730 -0.001193 0.006585
v 0.001097 -0.001228 0.006659
v 0.004431 -0.000978 0.005107
v 0.004560 -0.001070 0.005265
v 0.004581 -0.001085 0.005290
v 0.001065 -0.001042 0.006546
v 0.001707 -0.001003 0.006476
v 0.002336 -0.001014 0.006366
v 0.002948 -0.001063 0.006222
v 0.003551 -0.001131 0.006024
v 0.004130 -0.001193 0.005749
v 0.004682 -0.001290 0.005414
v 0.004654 -0.001233 0.005379
v 0.003571 -0.001328 0.006115
v 0.002962 -0.001257 0.006322
v 0.005272 -0.001433 0.004903
v 0.005255 -0.000920 -0.004269
v 0.005331 -0.000905 -0.004146
v 0.005526 -0.000988 -0.004270
v 0.006859 -0.001039 0.000702
v 0.006875 -0.001022 -0.000041
v 0.006666 -0.001152 0.002198
v 0.006795 -0.001085 0.001451
v 0.006142 -0.001315 0.003641
v 0.006453 -0.001232 0.002935
v 0.005747 -0.001387 0.004299
v 0.006160 -0.000663 0.001960
v 0.006377 -0.000740 0.002174
v 0.006235 -0.000617 0.001417
v 0.006496 -0.000671 0.001443
v 0.006235 -0.000617 0.001414
v 0.006570 -0.000608 -0.000041
v 0.006304 -0.000564 -0.000041
v 0.006554 -0.000625 0.000702
v 0.006304 -0.000564 0.000411
v 0.006253 -0.000606 0.001280
v 0.005673 -0.000835 0.003457
v 0.005893 -0.000910 0.003562
v 0.005836 -0.000791 0.003108
v 0.006179 -0.000822 0.002885
v 0.005925 -0.000760 0.002847
v 0.005938 -0.000755 0.002807
v 0.005633 -0.000845 0.003544
v 0.005587 -0.000857 0.003641
v 0.005525 -0.000990 0.004190
v 0.005330 -0.000906 0.004065
v 0.005255 -0.000921 0.004189
v 0.005210 -0.001214 0.004863
v 0.006123 -0.000680 0.002123
v 0.006119 -0.000681 0.002138
v 0.006021 -0.000726 0.002562
v 0.005210 -0.001212 -0.004943
v 0.004583 -0.000972 -0.005039
v 0.005085 -0.001044 -0.004843
v 0.005894 -0.000909 -0.003639
v 0.005550 -0.000865 -0.003790
v 0.005625 -0.000846 -0.003634
v 0.004874 -0.000962 -0.004758
v 0.004918 -0.000957 -0.004701
v 0.005215 -0.000924 -0.004320
v 0.006182 -0.000820 -0.002957
v 0.005940 -0.000754 -0.002878
v 0.006015 -0.000728 -0.002665
v 0.006379 -0.000738 -0.002244
v 0.006118 -0.000682 -0.002229
v 0.006126 -0.000678 -0.002194
v 0.006155 -0.000665 -0.002072
v 0.006233 -0.000618 -0.001508
v 0.006497 -0.000670 -0.001515
v 0.005674 -0.000833 -0.003535
v 0.005806 -0.000799 -0.003261
v 0.005919 -0.000761 -0.002938
v 0.005085 -0.001046 0.004763
v 0.005672 -0.001161 0.004272
v 0.006059 -0.001083 0.003627
v 0.006362 -0.000994 0.002931
v 0.006571 -0.000910 0.002201
v 0.006697 -0.000841 0.001457
v 0.006759 -0.000794 0.000706
v 0.006775 -0.000776 -0.000041
v 0.006554 -0.000624 -0.000779
v 0.006759 -0.000793 -0.000782
v 0.006698 -0.000839 -0.001527
v 0.006574 -0.000908 -0.002270
v 0.006366 -0.000992 -0.003002
v 0.006060 -0.001081 -0.003704
v 0.005673 -0.001160 -0.004352
v 0.005273 -0.001432 -0.004984
v 0.005747 -0.001386 -0.004379
v 0.006144 -0.001314 -0.003719
v 0.006456 -0.001230 -0.003006
v 0.006669 -0.001150 -0.002266
v 0.006796 -0.001084 -0.001520
v 0.006858 -0.001038 -0.000777
v 0.005227 -0.000925 0.004229
v 0.005148 -0.000936 0.004339
v 0.004916 -0.000957 0.004618
v 0.004794 -0.000969 0.004765
v 0.006236 -0.000616 -0.001488
v 0.006252 -0.000606 -0.001371
v 0.006303 -0.000564 -0.000494
v 0.006304 -0.000564 -0.000046
v -0.003981 -0.009001 -0.004864
v -0.003752 -0.011344 -0.004671
v -0.003030 -0.004974 -0.005806
v -0.002562 -0.004605 -0.006051
v -0.002696 -0.006798 -0.005849
v -0.003555 -0.003516 -0.005552
v -0.003338 -0.003381 -0.005691
v -0.003487 -0.005342 -0.005518
v -0.003325 -0.003373 -0.005700
v -0.002882 -0.003099 -0.005982
v -0.002827 -0.003064 -0.006010
v -0.002382 -0.002781 -0.006200
v -0.001029 -0.002026 -0.006647
v -0.000691 -0.001900 -0.006696
v -0.001017 -0.003660 -0.006603
v -0.003838 -0.003671 -0.005317
v -0.003943 -0.005687 -0.005164
v -0.003813 -0.003658 -0.005340
v -0.003793 -0.003648 -0.005357
v -0.001552 -0.008190 -0.006226
v -0.001578 -0.009288 -0.006096
v -0.001350 -0.005905 -0.006443
v -0.000653 -0.001886 -0.006701
v -0.002314 -0.002738 -0.006229
v -0.002071 -0.004255 -0.006271
v -0.001921 -0.002489 -0.006396
v -0.001863 -0.002459 -0.006413
v -0.001289 -0.002161 -0.006574
v -0.002860 -0.003085 -0.005996
v -0.002623 -0.010206 -0.005514
v -0.001916 -0.009531 -0.005938
v -0.002259 -0.006462 -0.006080
v -0.001938 -0.008419 -0.006063
v -0.001813 -0.006161 -0.006283
v -0.001556 -0.003937 -0.006459
v -0.004009 -0.007875 -0.004963
v -0.003566 -0.007520 -0.005309
v -0.003368 -0.010960 -0.004997
v -0.003491 -0.009786 -0.005099
v -0.002703 -0.009056 -0.005629
v -0.003899 -0.010156 -0.004765
v -0.003553 -0.008640 -0.005205
v -0.001238 -0.002135 -0.006588
v -0.004689 -0.003848 -0.004360
v -0.004273 -0.003690 -0.004842
v -0.006305 -0.004070 0.001344
v -0.004266 -0.003780 0.004793
v -0.004273 -0.003692 0.004760
v -0.004689 -0.003849 0.004279
v -0.005621 -0.003866 0.002678
v -0.005676 -0.003869 0.002560
v -0.005792 -0.004046 0.002636
v -0.006079 -0.003887 0.001570
v -0.006145 -0.003887 0.001300
v -0.006303 -0.004069 -0.001434
v -0.006425 -0.004066 -0.000739
v -0.005789 -0.004045 -0.002723
v -0.005082 -0.003948 -0.003844
v -0.006083 -0.004063 -0.002101
v -0.006291 -0.003879 -0.000092
v -0.006459 -0.004062 -0.000045
v -0.006030 -0.003886 -0.001809
v -0.006065 -0.003886 -0.001681
v -0.006144 -0.003887 -0.001390
v -0.006176 -0.003887 -0.001271
v -0.006259 -0.003883 -0.000721
v -0.006259 -0.003883 -0.000733
v -0.006200 -0.003886 -0.001114
v -0.004779 -0.003731 -0.004086
v -0.005007 -0.003779 -0.003759
v -0.005106 -0.003800 -0.003616
v -0.005672 -0.003867 -0.002646
v -0.005525 -0.003857 -0.002936
v -0.005524 -0.003857 -0.002938
v -0.005166 -0.003812 -0.003531
v -0.005942 -0.003882 -0.002035
v -0.005844 -0.003878 -0.002286
v -0.005811 -0.003877 -0.002369
v -0.004518 -0.003651 0.004338
v -0.004411 -0.003611 0.004465
v -0.004325 -0.003575 0.004562
v -0.004238 -0.003535 0.004657
v -0.004598 -0.003675 0.004234
v -0.004634 -0.003685 0.004188
v -0.005081 -0.003949 0.003764
v -0.004869 -0.003754 0.003883
v -0.005006 -0.003780 0.003679
v -0.005843 -0.003879 0.002202
v -0.006086 -0.004064 0.002012
v -0.006259 -0.003883 0.000631
v -0.006426 -0.004066 0.000649
v -0.006203 -0.003886 0.001032
v -0.006195 -0.003887 0.001095
v -0.005896 -0.003882 0.002091
v -0.005947 -0.003883 0.001946
v -0.006069 -0.003887 0.001599
v -0.005105 -0.003798 0.003533
v -0.005257 -0.003827 0.003308
v -0.005520 -0.003855 0.002853
v -0.004633 -0.003683 -0.004268
v -0.004591 -0.003669 -0.004321
v -0.004411 -0.003610 -0.004546
v -0.004255 -0.003612 -0.004790
v -0.004237 -0.003534 -0.004739
v -0.006264 -0.003883 0.000592
v -0.006289 -0.003880 -0.000041
v -0.006289 -0.003880 -0.000045
v -0.005153 -0.003149 -0.001092
v -0.005271 -0.003264 -0.001117
v -0.005332 -0.003245 -0.000041
v -0.005346 -0.003276 -0.000673
v -0.005381 -0.003282 -0.000041
v -0.005108 -0.003238 -0.001749
v -0.005249 -0.003260 -0.001244
v -0.005265 -0.003263 -0.001152
v -0.004998 -0.003218 -0.002066
v -0.005095 -0.003235 -0.001795
v -0.004931 -0.003165 -0.002066
v -0.004875 -0.003094 -0.002066
v -0.004836 -0.003044 -0.002066
v -0.005078 -0.002992 -0.001075
v -0.004798 -0.002939 -0.002066
v -0.004784 -0.002901 -0.002066
v -0.005065 -0.002818 -0.001068
v -0.004783 -0.002770 -0.002066
v -0.005147 -0.002653 -0.000878
v -0.005106 -0.002648 -0.001072
v -0.005022 -0.002637 -0.001477
v -0.005005 -0.002634 -0.001529
v -0.004830 -0.002607 -0.002066
v -0.004782 -0.002750 -0.002066
v -0.005164 -0.002831 -0.000041
v -0.005163 -0.002815 -0.000041
v -0.005211 -0.002661 -0.000041
v -0.005206 -0.002660 -0.000273
v -0.005155 -0.002654 -0.000791
v -0.005169 -0.002975 -0.000041
v -0.005259 -0.003161 -0.000041
v -0.005228 -0.003126 -0.000041
v -0.005180 -0.003005 -0.000041
v 0.005291 0.002493 -0.000040
v 0.004825 0.003306 -0.000040
v 0.000964 0.000263 -0.000040
v 0.000702 0.000710 -0.000040
v 0.004235 0.004034 -0.000040
v 0.003536 0.004659 -0.000040
v 0.000252 0.000966 -0.000040
v 0.002746 0.005164 -0.000039
v 0.001886 0.005536 -0.000039
v 0.005417 -0.002211 -0.000040
v 0.005694 -0.001343 -0.000040
v 0.000968 -0.000254 -0.000040
v 0.005732 -0.001170 -0.000040
v 0.000977 0.005766 -0.000039
v 0.000044 0.005848 -0.000039
v -0.000265 0.000962 -0.000040
v -0.000891 0.005780 -0.000039
v -0.001803 0.005563 -0.000039
v 0.005845 -0.000239 -0.000040
v 0.005808 0.000697 -0.000040
v 0.005622 0.001616 -0.000040
v -0.000702 -0.000714 -0.000040
v -0.004323 -0.003944 -0.000041
v -0.003717 -0.004519 -0.000041
v 0.005008 -0.003026 -0.000041
v 0.000712 -0.000704 -0.000040
v 0.004477 -0.003767 -0.000041
v 0.001433 -0.005674 -0.000041
v 0.002297 -0.005382 -0.000041
v 0.000265 -0.000966 -0.000040
v 0.003105 -0.004960 -0.000041
v 0.003837 -0.004417 -0.000041
v -0.005848 -0.000152 -0.000040
v -0.000964 -0.000267 -0.000040
v -0.005797 0.000784 -0.000040
v -0.000968 0.000251 -0.000040
v -0.005597 0.001700 -0.000040
v -0.005254 0.002572 -0.000040
v -0.000712 0.000701 -0.000040
v -0.004775 0.003378 -0.000040
v -0.002669 0.005204 -0.000039
v -0.003466 0.004711 -0.000039
v -0.004174 0.004097 -0.000040
v -0.000252 -0.000969 -0.000040
v -0.000377 -0.005840 -0.000041
v 0.000535 -0.005827 -0.000041
v -0.002970 -0.005042 -0.000041
v -0.002151 -0.005442 -0.000041
v -0.001279 -0.005710 -0.000041
v -0.005749 -0.001084 -0.000040
v -0.005502 -0.001988 -0.000040
v -0.004536 -0.003755 -0.000041
v -0.004682 -0.003665 -0.000041
v -0.005397 -0.003505 -0.000041
v -0.005852 -0.003613 -0.000041
v -0.005993 -0.003683 -0.000041
v -0.006072 -0.003732 -0.000041
v -0.005641 -0.003548 -0.000041
v -0.005576 -0.003528 -0.000041
v -0.005164 -0.003517 -0.000041
v -0.005113 -0.003520 -0.000041
v -0.004951 -0.003556 -0.000041
v -0.004706 -0.003656 -0.000041
v -0.004672 -0.003652 0.000531
v -0.005131 -0.003512 0.000585
v -0.004418 -0.003640 0.001652
v -0.004252 -0.003652 0.001984
v -0.004058 -0.003756 0.001984
v -0.004035 -0.003943 0.001504
v -0.004020 -0.003943 0.001549
v -0.003853 -0.003942 0.001914
v -0.003822 -0.003941 0.001984
v -0.004750 -0.003513 0.001984
v -0.004553 -0.003548 0.001984
v -0.004293 -0.003638 0.001984
v -0.005283 -0.003548 0.001984
v -0.005056 -0.003509 0.001984
v -0.004876 -0.003507 0.001828
v -0.004826 -0.003512 0.001984
v -0.005508 -0.003550 0.001330
v -0.005352 -0.003568 0.001984
v -0.005307 -0.003552 0.001984
v -0.005586 -0.003654 0.001984
v -0.005886 -0.003767 0.001609
v -0.005806 -0.003786 0.001984
v -0.005608 -0.003544 0.000642
v -0.006029 -0.003738 0.000693
v -0.005988 -0.003745 0.001040
v -0.005965 -0.003748 0.001238
v -0.005923 -0.003758 0.001434
v -0.006053 -0.003733 0.000487
v -0.005033 -0.003509 0.001213
v -0.004290 -0.003943 0.000486
v -0.004299 -0.003943 0.000339
v -0.004163 -0.003943 0.001110
v -0.004186 -0.003943 0.001038
v -0.004576 -0.003648 0.001099
v -0.004193 -0.003943 0.001003
v -0.004289 -0.003943 0.000503
v -0.003841 -0.003564 0.005223
v -0.000806 -0.001411 0.006306
v -0.004077 -0.003455 0.004821
v -0.003869 -0.003329 0.005006
v -0.003854 -0.003471 0.005173
v -0.003834 -0.003308 0.005037
v -0.003408 -0.003176 0.005524
v -0.003468 -0.003055 0.005308
v -0.003747 -0.003255 0.005114
v -0.002958 -0.002729 0.005696
v -0.002948 -0.002654 0.005570
v -0.003077 -0.002753 0.005519
v -0.003418 -0.003084 0.005440
v -0.003329 -0.002947 0.005383
v -0.003406 -0.003007 0.005342
v -0.002467 -0.002360 0.005895
v -0.002695 -0.002461 0.005670
v -0.002816 -0.002553 0.005622
v -0.001945 -0.002011 0.006061
v -0.001935 -0.001957 0.005933
v -0.002189 -0.002110 0.005838
v -0.002276 -0.002166 0.005803
v -0.002453 -0.002290 0.005747
v -0.001292 -0.001606 0.006131
v -0.001393 -0.001692 0.006201
v -0.001062 -0.001497 0.006186
v -0.000857 -0.001406 0.006227
v -0.001295 -0.001607 0.006131
v -0.001387 -0.001656 0.006103
v -0.001834 -0.001896 0.005970
v -0.000701 -0.001342 0.006253
v -0.000753 -0.001363 0.006245
v -0.000806 -0.001385 0.006236
v -0.000370 -0.001216 0.006292
v -0.000582 -0.001295 0.006270
v -0.000635 -0.001316 0.006263
v -0.000648 -0.001321 0.006261
v -0.000661 -0.001326 0.006259
v -0.000675 -0.001331 0.006257
v -0.000785 -0.001525 0.006475
v -0.000734 -0.001687 0.006589
v -0.002398 -0.002596 0.006114
v -0.002896 -0.002944 0.005883
v -0.003379 -0.003279 0.005589
v -0.002940 -0.002828 0.005803
v -0.002448 -0.002466 0.006022
v -0.001927 -0.002121 0.006205
v -0.001374 -0.001804 0.006359
v -0.001322 -0.001957 0.006468
v 0.005826 -0.000696 -0.002295
v 0.005851 -0.000689 -0.002220
v 0.004526 -0.000887 0.004273
v 0.004844 -0.000863 0.003905
v 0.004928 -0.000856 0.003807
v 0.004155 -0.000896 0.004626
v 0.004509 -0.000888 0.004292
v 0.002942 -0.000857 0.005492
v 0.002947 -0.000857 0.005489
v 0.003219 -0.000871 0.005321
v 0.003510 -0.000885 0.005142
v 0.004036 -0.000899 0.004738
v 0.004094 -0.000897 0.004684
v 0.002384 -0.000829 0.005765
v 0.002243 -0.000827 0.005820
v 0.001720 -0.000826 0.006007
v 0.001929 -0.000822 0.005939
v 0.001838 -0.000821 0.005974
v 0.005111 -0.000832 0.003546
v 0.005296 -0.000808 0.003281
v 0.005449 -0.000779 0.003004
v 0.005541 -0.000761 0.002837
v 0.005609 -0.000748 0.002714
v 0.005857 -0.000688 0.002129
v 0.005862 -0.000686 0.002116
v 0.005896 -0.000676 0.002004
v 0.006053 -0.000630 0.001491
v 0.006068 -0.000624 0.001412
v 0.006163 -0.000592 0.000928
v 0.006179 -0.000586 0.000845
v 0.006239 -0.000563 0.000192
v 0.006236 -0.000565 -0.000046
v 0.006234 -0.000565 -0.000191
v 0.006231 -0.000567 -0.000453
v 0.006160 -0.000594 -0.001073
v 0.006110 -0.000611 -0.001302
v 0.006066 -0.000626 -0.001503
v 0.006026 -0.000639 -0.001689
v 0.005796 -0.000703 -0.002362
v 0.005564 -0.000757 -0.002878
v 0.005534 -0.000762 -0.002929
v 0.005297 -0.000804 -0.003335
v 0.005243 -0.000813 -0.003427
v 0.005088 -0.000832 -0.003637
v 0.004866 -0.000859 -0.003940
v 0.003443 -0.000879 -0.005228
v 0.003846 -0.000891 -0.004929
v 0.004032 -0.000927 -0.005127
v 0.003962 -0.000894 -0.004844
v 0.004170 -0.000891 -0.004656
v 0.001933 -0.000822 -0.005974
v 0.002256 -0.000822 -0.005858
v 0.002874 -0.000850 -0.005567
v 0.002939 -0.000853 -0.005529
v 0.002950 -0.000854 -0.005522
v 0.001168 -0.000853 -0.006197
v 0.001398 -0.000839 -0.006137
v 0.001697 -0.000821 -0.006058
v 0.001930 -0.000822 -0.005975
v 0.004637 -0.000874 -0.004193
v 0.004479 -0.000885 -0.004368
v 0.004436 -0.000887 -0.004415
v -0.003687 -0.003212 -0.005239
v -0.003404 -0.003003 -0.005425
v -0.003415 -0.003082 -0.005525
v -0.001321 -0.001956 -0.006550
v -0.000733 -0.001686 -0.006671
v -0.000783 -0.001525 -0.006558
v -0.000781 -0.001375 -0.006328
v -0.000805 -0.001411 -0.006391
v -0.000805 -0.001387 -0.006325
v -0.001657 -0.001828 -0.006184
v -0.001390 -0.001676 -0.006244
v -0.001392 -0.001692 -0.006285
v -0.001330 -0.001641 -0.006258
v -0.000956 -0.001460 -0.006306
v -0.002350 -0.002252 -0.005974
v -0.002321 -0.002234 -0.005983
v -0.002467 -0.002360 -0.005979
v -0.001874 -0.001951 -0.006136
v -0.002955 -0.002727 -0.005781
v -0.002939 -0.002644 -0.005660
v -0.002935 -0.002641 -0.005661
v -0.002538 -0.002375 -0.005891
v -0.002487 -0.002341 -0.005914
v -0.002466 -0.002328 -0.005923
v -0.002555 -0.002386 -0.005882
v -0.002397 -0.002595 -0.006195
v -0.001373 -0.001804 -0.006441
v -0.002447 -0.002466 -0.006104
v -0.003984 -0.003402 -0.004991
v -0.003851 -0.003386 -0.005194
v -0.003359 -0.002970 -0.005455
v -0.003328 -0.002947 -0.005469
v -0.002947 -0.002650 -0.005656
v -0.003867 -0.003327 -0.005089
v -0.003833 -0.003305 -0.005117
v -0.003406 -0.003174 -0.005608
v -0.002937 -0.002827 -0.005886
v -0.003853 -0.003471 -0.005255
v -0.003376 -0.003276 -0.005673
v -0.002893 -0.002942 -0.005966
v -0.005870 -0.003833 0.001984
v -0.005636 -0.003444 -0.000041
v -0.005775 -0.003835 0.002205
v -0.005570 -0.003838 0.002679
v -0.005495 -0.003839 0.002855
v -0.005435 -0.003840 0.002994
v -0.005224 -0.003808 0.003325
v -0.005091 -0.003787 0.003535
v -0.004522 -0.003616 0.004274
v -0.004927 -0.003763 0.003791
v -0.004823 -0.003725 0.003916
v -0.003987 -0.003346 0.004804
v -0.004211 -0.003478 0.004608
v -0.004249 -0.003498 0.004572
v -0.004287 -0.003518 0.004535
v -0.004374 -0.003560 0.004446
v -0.004395 -0.003570 0.004426
v -0.003855 -0.003268 0.004919
v -0.003481 -0.003013 0.005191
v -0.003888 -0.003287 0.004891
v -0.003396 -0.002953 0.005241
v -0.003376 -0.002938 0.005253
v -0.003047 -0.002700 0.005450
v -0.002841 -0.002555 0.005548
v -0.002839 -0.002553 0.005550
v -0.002517 -0.002325 0.005704
v -0.005560 -0.003452 -0.001141
v -0.005442 -0.003455 -0.001727
v -0.005342 -0.003460 -0.002066
v -0.005870 -0.003832 -0.002066
v -0.005830 -0.003835 -0.002184
v -0.005782 -0.003835 -0.002291
v -0.005612 -0.003836 -0.002668
v -0.005491 -0.003837 -0.002937
v -0.005404 -0.003837 -0.003130
v -0.005333 -0.003825 -0.003241
v -0.005090 -0.003786 -0.003617
v -0.004897 -0.003755 -0.003917
v -0.004994 -0.003771 -0.003767
v -0.004621 -0.003654 -0.004244
v -0.004526 -0.003619 -0.004356
v -0.004323 -0.003544 -0.004596
v -0.004252 -0.003509 -0.004669
v -0.004228 -0.003497 -0.004692
v -0.004180 -0.003472 -0.004740
v -0.003967 -0.003341 -0.004921
v -0.003361 -0.002947 -0.005391
v -0.003367 -0.002951 -0.005387
v -0.003577 -0.003102 -0.005253
v -0.003804 -0.003241 -0.005060
v 0.000252 0.000966 -0.003550
v -0.000265 0.000963 -0.003550
v -0.000712 0.000701 -0.003550
v -0.000968 0.000251 -0.003550
v -0.000964 -0.000267 -0.003550
v -0.000702 -0.000713 -0.003550
v -0.000252 -0.000969 -0.003550
v 0.000265 -0.000965 -0.003550
v 0.000712 -0.000704 -0.003550
v 0.000968 -0.000254 -0.003550
v 0.000964 0.000264 -0.003550
v 0.000702 0.000710 -0.003550
v 0.005490 -0.001901 0.000651
v 0.005467 -0.002000 0.000550
v 0.005106 -0.002608 0.001126
v 0.005545 -0.001665 0.000799
v 0.005576 -0.001533 0.000843
v 0.005516 -0.001789 0.000735
v 0.003755 -0.004005 0.001984
v 0.003989 -0.003727 0.001984
v 0.003953 -0.003927 0.001745
v 0.004582 -0.003023 0.001984
v 0.004659 -0.002890 0.001984
v 0.004689 -0.002867 0.001966
v 0.004698 -0.002822 0.001984
v 0.005609 -0.001396 0.000866
v 0.005625 -0.001327 0.000869
v 0.005387 -0.001416 0.001750
v 0.005419 -0.001279 0.001755
v 0.005598 -0.001321 0.000986
v 0.005204 -0.002192 0.001491
v 0.005076 -0.002069 0.001985
v 0.005262 -0.001947 0.001619
v 0.005158 -0.001877 0.001985
v 0.005323 -0.001687 0.001706
v 0.005202 -0.001731 0.001985
v 0.005296 -0.001415 0.001985
v 0.005152 -0.002414 0.001325
v 0.004904 -0.002467 0.001985
v 0.004916 -0.002438 0.001985
v 0.004566 -0.003389 0.001338
v 0.002722 -0.004768 0.001984
v 0.003218 -0.004402 0.001984
v 0.003177 -0.004655 0.001534
v 0.003430 -0.004245 0.001984
v 0.003897 -0.004164 0.001267
v 0.002395 -0.004907 0.001984
v 0.002379 -0.005033 0.001762
v 0.001541 -0.005270 0.001984
v 0.001524 -0.005289 0.001946
v 0.001527 -0.005272 0.001984
v 0.000619 -0.005425 0.001984
v 0.001230 -0.005322 0.001984
v 0.000570 -0.005678 0.001254
v 0.001466 -0.005534 0.001171
v -0.002231 -0.005016 0.001984
v -0.002062 -0.005069 0.001984
v -0.002114 -0.005287 0.001310
v -0.001191 -0.005340 0.001984
v -0.001242 -0.005553 0.001325
v -0.001005 -0.005398 0.001984
v -0.000340 -0.005685 0.001306
v -0.000290 -0.005446 0.001984
v 0.000275 -0.005484 0.001984
v -0.002865 -0.004640 0.001984
v -0.002934 -0.004892 0.001263
v -0.003335 -0.004361 0.001984
v -0.003684 -0.004378 0.001185
v -0.003523 -0.004198 0.001984
v -0.003625 -0.004131 0.001968
v -0.003618 -0.004117 0.001984
v -0.003713 -0.004504 0.000371
v 0.005417 -0.002209 0.000031
v 0.005009 -0.003021 0.000100
v 0.004479 -0.003760 0.000166
v 0.003840 -0.004407 0.000227
v 0.003108 -0.004948 0.000282
v 0.002300 -0.005368 0.000329
v 0.001437 -0.005658 0.000366
v 0.000538 -0.005811 0.000394
v -0.000373 -0.005822 0.000412
v -0.001275 -0.005693 0.000418
v -0.002147 -0.005425 0.000413
v -0.002966 -0.005025 0.000397
v 0.005342 -0.001260 0.001985
v 0.005068 -0.002769 0.000898
v 0.005447 -0.002081 0.000434
v 0.004188 -0.003491 0.001984
v 0.004622 -0.003152 0.001673
v 0.005432 -0.002144 0.000307
v 0.005039 -0.002893 0.000647
v 0.004523 -0.003572 0.000969
v 0.005422 -0.002187 0.000172
v 0.005019 -0.002978 0.000379
v 0.004494 -0.003697 0.000575
v 0.003859 -0.004325 0.000757
v 0.003131 -0.004849 0.000920
v 0.002327 -0.005255 0.001059
v -0.005457 -0.001972 -0.000791
v 0.005595 -0.001319 -0.001067
v 0.005507 -0.001299 -0.001530
v 0.005543 -0.001131 -0.001530
v 0.003452 -0.003876 -0.002730
v 0.003507 -0.003675 -0.002919
v 0.003952 -0.003212 -0.002921
v 0.003749 -0.002802 -0.003551
v 0.004414 -0.002539 -0.002921
v 0.003693 -0.003007 -0.003421
v 0.003579 -0.003416 -0.003164
v 0.003348 -0.004251 -0.002241
v 0.003432 -0.003947 -0.002663
v 0.003607 -0.004046 -0.002244
v 0.004206 -0.003418 -0.002244
v 0.003653 -0.004098 -0.002066
v 0.003313 -0.004377 -0.002066
v 0.004260 -0.003462 -0.002066
v 0.004698 -0.002703 -0.002244
v 0.004758 -0.002737 -0.002066
v 0.005069 -0.001918 -0.002243
v 0.005134 -0.001942 -0.002065
v 0.005342 -0.001260 -0.002065
v 0.005310 -0.001084 -0.002243
v 0.005685 -0.001160 -0.000791
v 0.005647 -0.001332 -0.000791
v -0.005321 -0.001923 -0.001530
v -0.005097 -0.001842 -0.002243
v -0.004738 -0.002632 -0.002244
v -0.004798 -0.002666 -0.002066
v -0.004257 -0.003355 -0.002244
v -0.004311 -0.003398 -0.002066
v -0.004114 -0.003510 -0.002239
v -0.004131 -0.003615 -0.002066
v -0.004092 -0.002273 -0.003550
v -0.003957 -0.002500 -0.003550
v -0.004047 -0.003082 -0.002919
v 0.005797 -0.000237 -0.000791
v 0.005760 0.000691 -0.000791
v 0.005575 0.001603 -0.000791
v 0.005248 0.002472 -0.000791
v 0.004785 0.003279 -0.000791
v 0.004200 0.004001 -0.000790
v 0.003507 0.004620 -0.000790
v 0.002724 0.005121 -0.000790
v 0.001870 0.005490 -0.000790
v 0.000969 0.005718 -0.000790
v 0.000043 0.005800 -0.000790
v -0.000884 0.005732 -0.000790
v -0.001788 0.005517 -0.000790
v -0.002647 0.005161 -0.000790
v -0.003437 0.004672 -0.000790
v -0.004140 0.004063 -0.000790
v -0.004736 0.003350 -0.000790
v -0.005210 0.002550 -0.000791
v -0.005551 0.001686 -0.000791
v -0.005749 0.000777 -0.000791
v -0.005800 -0.000151 -0.000791
v -0.005701 -0.001075 -0.000791
v 0.005653 -0.000231 -0.001529
v 0.005617 0.000674 -0.001529
v 0.005437 0.001563 -0.001529
v 0.005117 0.002411 -0.001529
v 0.004666 0.003197 -0.001529
v 0.004095 0.003901 -0.001529
v 0.003419 0.004505 -0.001529
v 0.002656 0.004994 -0.001529
v 0.001824 0.005354 -0.001529
v 0.000945 0.005576 -0.001529
v 0.000042 0.005656 -0.001529
v -0.000862 0.005590 -0.001529
v -0.001744 0.005380 -0.001529
v -0.002581 0.005033 -0.001529
v -0.003352 0.004556 -0.001529
v -0.004037 0.003962 -0.001529
v -0.004618 0.003267 -0.001529
v -0.005080 0.002487 -0.001529
v -0.005413 0.001644 -0.001529
v -0.005606 0.000758 -0.001529
v -0.005655 -0.000147 -0.001529
v -0.005560 -0.001048 -0.001530
v 0.005415 -0.000222 -0.002243
v 0.005381 0.000646 -0.002243
v 0.005208 0.001497 -0.002243
v 0.004902 0.002310 -0.002243
v 0.004470 0.003063 -0.002243
v 0.003923 0.003737 -0.002243
v 0.003276 0.004316 -0.002243
v 0.002544 0.004784 -0.002242
v 0.001747 0.005128 -0.002242
v 0.000905 0.005342 -0.002242
v 0.000040 0.005418 -0.002242
v -0.000826 0.005355 -0.002242
v -0.001670 0.005154 -0.002242
v -0.002472 0.004821 -0.002242
v -0.003211 0.004364 -0.002243
v -0.003867 0.003795 -0.002243
v -0.004424 0.003129 -0.002243
v -0.004867 0.002382 -0.002243
v -0.005185 0.001575 -0.002243
v -0.005370 0.000726 -0.002243
v -0.005418 -0.000141 -0.002243
v -0.005326 -0.001004 -0.002243
v 0.004763 -0.001802 -0.002921
v 0.004989 -0.001018 -0.002921
v 0.005088 -0.000208 -0.002920
v 0.005055 0.000607 -0.002920
v 0.004893 0.001407 -0.002920
v 0.004606 0.002170 -0.002920
v 0.004200 0.002878 -0.002920
v 0.003686 0.003511 -0.002920
v 0.003078 0.004055 -0.002920
v 0.002390 0.004494 -0.002920
v 0.001642 0.004819 -0.002920
v 0.000851 0.005019 -0.002920
v 0.000038 0.005090 -0.002920
v -0.000776 0.005031 -0.002920
v -0.001569 0.004842 -0.002920
v -0.002323 0.004530 -0.002920
v -0.003017 0.004101 -0.002920
v -0.003633 0.003566 -0.002920
v -0.004156 0.002940 -0.002920
v -0.004573 0.002238 -0.002920
v -0.004872 0.001479 -0.002920
v -0.005046 0.000682 -0.002920
v -0.005090 -0.000132 -0.002920
v -0.005004 -0.000943 -0.002921
v -0.004789 -0.001731 -0.002921
v -0.004452 -0.002473 -0.002921
v 0.004057 -0.002334 -0.003550
v 0.004378 -0.001656 -0.003550
v 0.004586 -0.000936 -0.003550
v 0.004676 -0.000191 -0.003550
v 0.004646 0.000558 -0.003550
v 0.004498 0.001293 -0.003550
v 0.004233 0.001994 -0.003550
v 0.003860 0.002645 -0.003550
v 0.003388 0.003227 -0.003550
v 0.002829 0.003727 -0.003550
v 0.002197 0.004131 -0.003550
v 0.001509 0.004429 -0.003550
v 0.000782 0.004613 -0.003550
v 0.000035 0.004679 -0.003549
v -0.000713 0.004624 -0.003550
v -0.001442 0.004451 -0.003550
v -0.002135 0.004163 -0.003550
v -0.002773 0.003769 -0.003550
v -0.003339 0.003278 -0.003550
v -0.003820 0.002702 -0.003550
v -0.004203 0.002057 -0.003550
v -0.004478 0.001360 -0.003550
v -0.004638 0.000627 -0.003550
v -0.004678 -0.000122 -0.003550
v -0.004599 -0.000867 -0.003550
v -0.004402 -0.001591 -0.003550
v -0.004055 -0.003132 -0.002865
v -0.004067 -0.003209 -0.002737
v -0.005674 -0.003749 0.001984
v -0.005774 -0.003776 0.001984
v -0.005570 -0.003721 0.001984
v -0.005442 -0.003730 0.001984
v -0.005366 -0.003735 0.001984
v 0.005036 -0.002561 0.001985
v -0.005216 -0.003798 0.001984
v -0.005190 -0.003808 0.001984
v -0.005047 -0.003933 0.001984
v 0.002661 -0.005266 0.001984
v 0.003276 -0.004802 0.001984
v 0.003535 -0.004607 0.001984
v 0.003632 -0.004533 0.001984
v 0.004029 -0.004082 0.001984
v 0.004256 -0.003824 0.001984
v 0.004435 -0.003619 0.001984
v 0.004636 -0.003266 0.001984
v 0.004736 -0.003089 0.001984
v 0.002468 -0.005357 0.001984
v 0.001606 -0.005765 0.001984
v -0.004629 -0.004350 0.001984
v 0.004902 -0.002797 0.001984
v -0.004186 -0.004792 0.001984
v -0.004441 -0.004537 0.001984
v -0.003707 -0.005106 0.001984
v -0.003168 -0.005459 0.001984
v -0.002906 -0.005562 0.001984
v -0.002036 -0.005905 0.001984
v -0.001138 -0.006060 0.001984
v -0.000837 -0.006112 0.001984
v -0.000219 -0.006092 0.001984
v 0.000379 -0.006072 0.001984
v 0.000700 -0.005994 0.001984
v 0.001550 -0.005788 0.001984
v 0.001561 -0.005786 0.001984
v -0.005225 -0.003711 0.002495
v -0.005429 -0.003737 0.002601
v -0.002814 -0.002528 0.005476
v -0.004757 -0.003911 0.002580
v -0.004879 -0.003920 0.002329
v -0.005029 -0.003783 0.002398
v -0.004683 -0.003897 0.002704
v -0.004707 -0.003738 0.002985
v -0.004560 -0.003873 0.002911
v -0.004148 -0.003751 0.003547
v -0.004203 -0.003770 0.003466
v -0.004348 -0.003641 0.003535
v -0.004278 -0.003796 0.003356
v -0.004420 -0.003846 0.003147
v -0.003963 -0.003478 0.004050
v -0.003826 -0.003597 0.003993
v -0.004068 -0.003722 0.003666
v -0.003421 -0.003328 0.004508
v -0.003440 -0.003341 0.004484
v -0.003562 -0.003240 0.004525
v -0.003561 -0.003425 0.004333
v -0.003753 -0.003559 0.004091
v -0.003142 -0.002931 0.004958
v -0.003045 -0.003009 0.004928
v -0.003076 -0.003036 0.004899
v -0.003267 -0.003198 0.004682
v -0.002691 -0.002572 0.005342
v -0.002669 -0.002665 0.005288
v -0.002956 -0.002927 0.005014
v -0.002186 -0.002199 0.005663
v -0.002188 -0.002197 0.005666
v -0.002154 -0.002234 0.005652
v -0.002263 -0.002319 0.005586
v -0.002282 -0.002335 0.005574
v -0.002626 -0.002628 0.005320
v -0.002269 -0.002160 0.005778
v -0.002265 -0.002157 0.005766
v -0.002258 -0.002159 0.005752
v -0.003334 -0.002890 0.005149
v -0.003824 -0.003208 0.004764
v -0.004284 -0.003454 0.004314
v -0.004710 -0.003616 0.003799
v -0.005095 -0.003704 0.003227
v -0.004901 -0.003669 0.003098
v -0.004534 -0.003577 0.003656
v -0.004134 -0.003418 0.004166
v -0.003705 -0.003186 0.004626
v -0.003249 -0.002884 0.005037
v -0.002759 -0.002534 0.005397
v -0.002232 -0.002166 0.005708
v -0.001788 -0.001869 0.005944
v -0.001289 -0.001602 0.006097
v -0.001275 -0.001613 0.006061
v -0.000739 -0.001403 0.006135
v -0.001257 -0.001635 0.006034
v -0.000767 -0.001364 0.006224
v -0.001214 -0.001650 0.006030
v -0.001240 -0.001664 0.006022
v -0.001980 -0.002102 0.005748
v -0.002030 -0.002138 0.005722
v -0.002042 -0.002148 0.005716
v -0.002057 -0.002159 0.005707
v -0.002076 -0.002173 0.005697
v -0.002118 -0.002206 0.005673
v -0.001259 -0.001675 0.006016
v -0.001665 -0.001897 0.005887
v -0.001744 -0.001902 0.005877
v -0.001721 -0.001931 0.005865
v -0.001773 -0.001964 0.005844
v -0.001024 -0.001560 0.006073
v -0.001012 -0.001554 0.006076
v -0.000722 -0.001438 0.006117
v -0.000550 -0.001370 0.006141
v -0.000753 -0.001377 0.006165
v -0.001293 -0.001603 0.006115
v -0.000764 -0.001364 0.006204
v -0.001768 -0.001879 0.005905
v 0.005357 -0.001064 -0.002365
v 0.005423 -0.001052 -0.002185
v 0.005466 -0.000922 -0.002210
v 0.001685 -0.000866 0.005901
v 0.005340 -0.000797 0.002940
v 0.005768 -0.000701 0.001956
v 0.005670 -0.000726 -0.002308
v 0.002907 -0.000861 -0.005473
v 0.000957 -0.000880 -0.006222
v 0.000954 -0.000886 -0.006204
v 0.001389 -0.000842 -0.006103
v 0.000949 -0.000968 -0.006135
v 0.000996 -0.000963 -0.006125
v 0.000949 -0.000945 -0.006143
v 0.001039 -0.000959 -0.006115
v 0.000948 -0.000934 -0.006146
v 0.001374 -0.000901 -0.006039
v 0.001380 -0.000865 -0.006066
v 0.000951 -0.000893 -0.006185
v 0.000950 -0.000916 -0.006163
v 0.000958 -0.000877 -0.006230
v 0.001915 -0.000826 -0.005935
v 0.003793 -0.000899 -0.004864
v 0.004561 -0.000885 -0.004124
v 0.005193 -0.000819 -0.003267
v 0.005974 -0.000640 -0.001272
v 0.006094 -0.000596 -0.000187
v 0.006023 -0.000623 0.000904
v 0.004753 -0.000874 0.003830
v 0.004026 -0.000906 0.004607
v 0.003177 -0.000880 0.005255
v 0.002217 -0.000834 0.005761
v 0.001702 -0.000833 0.005954
v 0.001665 -0.000973 0.005842
v 0.001672 -0.000918 0.005863
v 0.002240 -0.000993 0.005607
v 0.002157 -0.000988 0.005643
v 0.002169 -0.000929 0.005662
v 0.001891 -0.000975 0.005758
v 0.001793 -0.000970 0.005800
v 0.002730 -0.001041 0.005341
v 0.003091 -0.000994 0.005139
v 0.003067 -0.001072 0.005115
v 0.003874 -0.001136 0.004450
v 0.003677 -0.001126 0.004642
v 0.003904 -0.001043 0.004478
v 0.003474 -0.001109 0.004808
v 0.003238 -0.001088 0.005000
v 0.004597 -0.001034 0.003699
v 0.004564 -0.001145 0.003671
v 0.004520 -0.001148 0.003735
v 0.004406 -0.001148 0.003870
v 0.004151 -0.001148 0.004172
v 0.004115 -0.001148 0.004214
v 0.005154 -0.000979 0.002823
v 0.004879 -0.001128 0.003218
v 0.004730 -0.001136 0.003432
v 0.005209 -0.001089 0.002610
v 0.005163 -0.001096 0.002712
v 0.005117 -0.001101 0.002794
v 0.005349 -0.001065 0.002292
v 0.005559 -0.000901 0.001868
v 0.005421 -0.001053 0.002129
v 0.005799 -0.000836 0.000858
v 0.005748 -0.000976 0.000912
v 0.005706 -0.000987 0.001113
v 0.005620 -0.001010 0.001515
v 0.005563 -0.001022 0.001692
v 0.005514 -0.001033 0.001843
v 0.005819 -0.000955 -0.000147
v 0.005824 -0.000953 -0.000040
v 0.005864 -0.000815 -0.000180
v 0.005822 -0.000954 0.000064
v 0.005819 -0.000955 0.000172
v 0.005787 -0.000964 0.000546
v 0.005778 -0.000967 0.000630
v 0.005817 -0.000955 0.000261
v 0.005814 -0.000956 0.000290
v 0.005797 -0.000961 0.000451
v 0.005758 -0.000973 0.000821
v 0.005755 -0.000973 0.000845
v 0.005708 -0.000991 -0.001215
v 0.005710 -0.000990 -0.001197
v 0.005751 -0.000853 -0.001213
v 0.005715 -0.000989 -0.001168
v 0.005753 -0.000977 -0.000910
v 0.005801 -0.000962 -0.000517
v 0.005807 -0.000960 -0.000388
v 0.005786 -0.000967 -0.000681
v 0.005788 -0.000967 -0.000671
v 0.005797 -0.000964 -0.000610
v 0.005813 -0.000958 -0.000264
v 0.005818 -0.000956 -0.000177
v 0.005545 -0.001030 -0.001851
v 0.005565 -0.001025 -0.001776
v 0.005601 -0.001016 -0.001632
v 0.004981 -0.001108 -0.003119
v 0.005072 -0.001101 -0.002969
v 0.005018 -0.000991 -0.003147
v 0.005208 -0.001084 -0.002688
v 0.005335 -0.001068 -0.002423
v 0.004422 -0.001030 -0.004000
v 0.004395 -0.001131 -0.003978
v 0.004738 -0.001125 -0.003517
v 0.004749 -0.001124 -0.003501
v 0.004153 -0.001124 -0.004249
v 0.003994 -0.001119 -0.004427
v 0.003694 -0.001015 -0.004751
v 0.004354 -0.001130 -0.004024
v 0.003482 -0.001079 -0.004891
v 0.003551 -0.001086 -0.004838
v 0.003668 -0.001094 -0.004729
v 0.003083 -0.001039 -0.005198
v 0.002844 -0.000952 -0.005381
v 0.002825 -0.001013 -0.005359
v 0.001899 -0.000937 -0.005840
v 0.002003 -0.000940 -0.005801
v 0.001886 -0.000894 -0.005863
v 0.002547 -0.000985 -0.005533
v 0.002726 -0.001003 -0.005421
v 0.001371 -0.000937 -0.006024
v 0.001527 -0.000927 -0.005981
v 0.001879 -0.000937 -0.005848
v 0.002190 -0.000871 0.005703
v 0.003129 -0.000923 0.005186
v 0.003956 -0.000956 0.004531
v 0.004662 -0.000934 0.003755
v 0.005231 -0.000866 0.002873
v 0.005644 -0.000780 0.001907
v 0.005891 -0.000708 0.000879
v 0.005959 -0.000685 -0.000183
v 0.005843 -0.000725 -0.001239
v 0.005550 -0.000803 -0.002253
v 0.005091 -0.000885 -0.003198
v 0.004481 -0.000939 -0.004052
v 0.003737 -0.000942 -0.004797
v 0.002872 -0.000895 -0.005418
v 0.001899 -0.000853 -0.005893
v 0.000365 -0.001079 -0.006210
v 0.000631 -0.001028 -0.006176
v 0.000627 -0.000988 -0.006199
v 0.000051 -0.001145 -0.006243
v 0.000105 -0.001128 -0.006243
v 0.000044 -0.001122 -0.006251
v -0.000200 -0.001200 -0.006255
v -0.000192 -0.001222 -0.006246
v 0.000018 -0.001156 -0.006244
v -0.000203 -0.001192 -0.006259
v 0.000038 -0.001096 -0.006272
v -0.000204 -0.001189 -0.006260
v -0.000209 -0.001176 -0.006275
v 0.000033 -0.001076 -0.006305
v -0.000214 -0.001161 -0.006293
v -0.000217 -0.001155 -0.006319
v 0.000034 -0.001084 -0.006323
v -0.000218 -0.001152 -0.006336
v 0.000629 -0.000935 -0.006278
v 0.000625 -0.000960 -0.006219
v 0.000625 -0.000936 -0.006252
v -0.000955 -0.001450 -0.006267
v -0.001653 -0.001809 -0.006128
v -0.001627 -0.001818 -0.006061
v -0.000943 -0.001461 -0.006221
v -0.002192 -0.002251 -0.005737
v -0.001588 -0.001854 -0.006011
v -0.002305 -0.002204 -0.005898
v -0.002910 -0.002611 -0.005584
v -0.002894 -0.002609 -0.005558
v -0.000664 -0.001411 -0.006210
v -0.001551 -0.001903 -0.005989
v -0.001197 -0.001688 -0.006100
v -0.001124 -0.001644 -0.006123
v -0.001034 -0.001598 -0.006140
v -0.000923 -0.001490 -0.006187
v -0.000899 -0.001530 -0.006166
v -0.001986 -0.002206 -0.005791
v -0.002125 -0.002315 -0.005705
v -0.002391 -0.002522 -0.005540
v -0.002166 -0.002346 -0.005680
v -0.002148 -0.002333 -0.005691
v -0.002819 -0.002613 -0.005453
v -0.002747 -0.002644 -0.005387
v -0.002729 -0.002659 -0.005380
v -0.002727 -0.002661 -0.005379
v -0.002643 -0.002732 -0.005347
v -0.002258 -0.002208 -0.005806
v -0.002843 -0.002603 -0.005475
v -0.005578 -0.003721 -0.002066
v -0.005438 -0.003729 -0.002066
v -0.005263 -0.003713 -0.002490
v -0.003319 -0.002898 -0.005277
v -0.003220 -0.002890 -0.005150
v -0.003099 -0.002943 -0.005058
v -0.002898 -0.002951 -0.005112
v -0.002991 -0.003030 -0.005027
v -0.003348 -0.003310 -0.004645
v -0.003316 -0.003288 -0.004682
v -0.003470 -0.003206 -0.004690
v -0.003283 -0.003262 -0.004718
v -0.002994 -0.003033 -0.005024
v -0.003537 -0.003436 -0.004421
v -0.003826 -0.003419 -0.004287
v -0.003679 -0.003531 -0.004253
v -0.003693 -0.003538 -0.004234
v -0.004169 -0.003580 -0.003855
v -0.004038 -0.003714 -0.003783
v -0.004494 -0.003690 -0.003395
v -0.004279 -0.003800 -0.003435
v -0.004144 -0.003752 -0.003630
v -0.004686 -0.003899 -0.002786
v -0.004654 -0.003893 -0.002839
v -0.004796 -0.003756 -0.002909
v -0.004375 -0.003833 -0.003297
v -0.004354 -0.003826 -0.003327
v -0.005375 -0.003733 -0.002066
v -0.005211 -0.003799 -0.002066
v -0.005065 -0.003788 -0.002395
v -0.005195 -0.003805 -0.002066
v -0.005047 -0.003932 -0.002066
v -0.004980 -0.003930 -0.002217
v -0.004922 -0.003924 -0.002330
v -0.004701 -0.003903 -0.002761
v -0.005783 -0.003780 -0.002066
v -0.004142 -0.003391 -0.004556
v -0.004521 -0.003554 -0.004127
v -0.003741 -0.003170 -0.004940
v -0.003617 -0.003148 -0.004796
v -0.003994 -0.003358 -0.004405
v -0.004351 -0.003515 -0.003977
v -0.004685 -0.003621 -0.003515
v -0.004992 -0.003684 -0.003019
v -0.005763 -0.003770 -0.002066
v -0.005673 -0.003746 -0.002066
v -0.005469 -0.003738 -0.002592
v -0.005190 -0.003716 -0.003142
v -0.004871 -0.003660 -0.003654
v -0.004299 -0.004697 -0.002066
v -0.004448 -0.004545 -0.002066
v -0.004647 -0.004342 -0.002066
v -0.004163 -0.003821 -0.003551
v -0.004292 -0.004652 -0.002160
v -0.004231 -0.004257 -0.002930
v -0.004240 -0.004318 -0.002844
v -0.000879 -0.005372 -0.003551
v -0.000971 -0.005353 -0.003551
v -0.002086 -0.005121 -0.003551
v -0.002728 -0.004818 -0.003551
v -0.001874 -0.005165 -0.003551
v -0.003202 -0.004594 -0.003551
v -0.003526 -0.004333 -0.003551
v 0.001543 -0.005007 -0.003551
v 0.000890 -0.005186 -0.003551
v 0.000354 -0.005333 -0.003551
v -0.000042 -0.005346 -0.003551
v 0.002623 -0.004411 -0.003551
v 0.001813 -0.004858 -0.003551
v 0.001555 -0.005000 -0.003551
v 0.003534 -0.003579 -0.003551
v 0.002879 -0.004178 -0.003551
v 0.002717 -0.004326 -0.003551
v 0.003425 -0.003973 -0.003213
v 0.003322 -0.004343 -0.002895
v 0.003297 -0.004433 -0.002768
v 0.003193 -0.004808 -0.002235
v 0.003160 -0.004928 -0.002066
v 0.005036 -0.002560 -0.002066
v 0.003918 -0.004250 -0.002066
v 0.004910 -0.002792 -0.002066
v 0.004731 -0.003120 -0.002066
v 0.004662 -0.003246 -0.002066
v 0.003504 -0.004620 -0.002066
v 0.003281 -0.004819 -0.002066
v 0.004549 -0.003453 -0.002066
v 0.004252 -0.003828 -0.002066
v 0.004031 -0.004106 -0.002066
v 0.005415 -0.002513 0.000034
v 0.005419 -0.002513 -0.000041
v 0.005298 -0.002530 -0.001170
v 0.005209 -0.002541 -0.001542
v 0.005175 -0.002545 -0.001652
v 0.005202 -0.002542 -0.001572
v 0.005415 -0.002513 -0.000115
v 0.005408 -0.002514 -0.000272
v 0.005400 -0.002516 -0.000437
v 0.005394 -0.002516 -0.000559
v 0.005385 -0.002518 -0.000621
v 0.005350 -0.002522 -0.000868
v 0.005322 -0.002526 -0.001069
v 0.005385 -0.002518 0.000540
v 0.005394 -0.002516 0.000478
v 0.005400 -0.002516 0.000356
v 0.005408 -0.002514 0.000191
v 0.005202 -0.002542 0.001491
v 0.005175 -0.002545 0.001571
v 0.005209 -0.002541 0.001461
v 0.005298 -0.002530 0.001089
v 0.005322 -0.002527 0.000988
v 0.005350 -0.002523 0.000787
v 0.005681 -0.001419 0.000863
v 0.005649 -0.001555 0.000879
v 0.005461 -0.001476 0.001779
v 0.005706 -0.001605 -0.000040
v 0.005681 -0.001419 -0.000944
v 0.005649 -0.001555 -0.000960
v 0.005712 -0.001287 -0.000906
v 0.005500 -0.002185 -0.000727
v 0.005478 -0.002280 -0.000626
v 0.005435 -0.002461 -0.000250
v 0.005430 -0.002482 -0.000111
v 0.005445 -0.002420 -0.000384
v 0.005435 -0.002461 0.000169
v 0.005445 -0.002420 0.000303
v 0.005430 -0.002482 0.000030
v 0.005478 -0.002280 0.000545
v 0.005500 -0.002185 0.000646
v 0.005712 -0.001287 0.000826
v 0.005741 -0.001162 0.000768
v 0.005459 -0.002359 -0.000511
v 0.005526 -0.002076 -0.000813
v 0.005218 -0.002507 0.001488
v 0.004789 -0.002887 0.002211
v 0.001690 -0.005417 0.002713
v 0.002527 -0.005143 0.002439
v -0.004452 -0.004533 0.002047
v -0.004365 -0.004164 0.002813
v -0.003493 -0.004155 0.003745
v -0.003348 -0.003540 0.004402
v -0.002153 -0.002355 0.005607
v 0.005769 -0.001046 -0.000772
v -0.001063 -0.001723 -0.006110
v 0.000925 -0.005081 -0.003736
v 0.003386 -0.004399 -0.002722
v 0.003301 -0.004760 -0.002195
v 0.003489 -0.003963 -0.003187
v 0.003607 -0.003464 -0.003578
v 0.002879 -0.003649 -0.004115
v 0.001930 -0.004398 -0.004063
v 0.002744 -0.004224 -0.003664
v 0.000022 -0.005101 -0.003923
v -0.001794 -0.004827 -0.004046
v -0.000891 -0.005016 -0.004027
v -0.002667 -0.004537 -0.003978
v -0.003493 -0.004154 -0.003827
v -0.004452 -0.004533 -0.002128
v -0.004365 -0.004164 -0.002894
v -0.003348 -0.003539 -0.004483
v -0.002517 -0.003897 -0.004661
v -0.002344 -0.003164 -0.005235
v -0.001271 -0.002606 -0.005784
v -0.002153 -0.002354 -0.005688
v -0.000164 -0.001927 -0.006082
v 0.000730 -0.002093 -0.005924
v 0.000940 -0.001200 -0.006102
v 0.001799 -0.001368 -0.005809
v 0.002610 -0.001510 -0.005393
v 0.003356 -0.001622 -0.004862
v 0.004021 -0.001704 -0.004227
v 0.004713 -0.001233 -0.003524
v 0.005147 -0.001367 -0.002720
v 0.005461 -0.001475 -0.001860
v 0.005524 -0.001206 -0.001828
v 0.005741 -0.001161 -0.000849
v 0.005769 -0.001047 0.000691
v 0.005524 -0.001206 0.001747
v 0.005147 -0.001368 0.002640
v 0.004713 -0.001234 0.003443
v 0.004021 -0.001705 0.004147
v 0.004591 -0.001753 0.003422
v 0.003356 -0.001624 0.004781
v 0.002610 -0.001511 0.005312
v 0.001799 -0.001370 0.005729
v 0.000940 -0.001202 0.006021
v -0.000164 -0.001929 0.006001
v 0.000730 -0.002095 0.005843
v -0.001063 -0.001725 0.006029
v -0.001271 -0.002607 0.005703
v -0.002344 -0.003165 0.005154
v -0.002517 -0.003899 0.004580
v -0.003613 -0.004665 0.003000
v -0.003706 -0.005058 0.002183
v -0.002889 -0.005478 0.002273
v -0.002019 -0.005783 0.002312
v -0.001115 -0.005968 0.002301
v -0.000197 -0.006029 0.002240
v 0.000717 -0.005963 0.002130
v 0.000807 -0.005580 0.002927
v 0.003301 -0.004761 0.002113
v 0.003386 -0.004399 0.002641
v 0.004066 -0.003982 0.002177
v 0.004151 -0.003621 0.002562
v 0.004248 -0.003208 0.002885
v 0.004872 -0.002536 0.002407
v 0.005274 -0.002268 0.001621
v 0.005526 -0.002076 0.000732
v 0.005459 -0.002359 0.000430
v 0.005218 -0.002506 -0.001569
v 0.005274 -0.002268 -0.001702
v 0.004872 -0.002535 -0.002488
v 0.004066 -0.003981 -0.002259
v 0.004151 -0.003621 -0.002643
v 0.004789 -0.002886 -0.002292
v 0.004248 -0.003207 -0.002966
v 0.005554 -0.001956 0.000799
v 0.005554 -0.001956 -0.000880
v 0.005617 -0.001692 0.000874
v 0.005397 -0.001747 0.001768
v 0.005053 -0.001767 0.002624
v 0.005617 -0.001692 -0.000954
v 0.005397 -0.001746 -0.001849
v 0.005053 -0.001766 -0.002705
v 0.004591 -0.001752 -0.003503
v 0.005585 -0.001827 0.000847
v 0.005334 -0.002013 0.001715
v 0.004960 -0.002160 0.002546
v 0.004471 -0.002263 0.003321
v 0.003876 -0.002322 0.004024
v 0.003189 -0.002334 0.004640
v 0.002425 -0.002299 0.005155
v 0.001599 -0.002219 0.005559
v 0.005585 -0.001827 -0.000928
v 0.005334 -0.002013 -0.001796
v 0.004960 -0.002159 -0.002626
v 0.004471 -0.002262 -0.003402
v 0.003876 -0.002321 -0.004105
v 0.003189 -0.002333 -0.004721
v 0.002425 -0.002298 -0.005236
v 0.001599 -0.002217 -0.005640
v -0.000371 -0.002807 0.005677
v 0.000529 -0.002950 0.005527
v 0.001407 -0.003033 0.005258
v 0.002247 -0.003055 0.004876
v 0.003029 -0.003015 0.004388
v 0.003737 -0.002913 0.003805
v 0.004355 -0.002752 0.003140
v -0.000371 -0.002806 -0.005758
v 0.000529 -0.002949 -0.005608
v 0.001407 -0.003032 -0.005340
v 0.002247 -0.003054 -0.004957
v 0.003029 -0.003013 -0.004469
v 0.003737 -0.002912 -0.003887
v 0.004355 -0.002751 -0.003221
v -0.001465 -0.003431 0.005243
v -0.000564 -0.003627 0.005218
v 0.000340 -0.003749 0.005081
v 0.001228 -0.003794 0.004834
v 0.002080 -0.003760 0.004482
v 0.002879 -0.003650 0.004033
v 0.003607 -0.003465 0.003497
v -0.001641 -0.004177 0.004658
v -0.000739 -0.004370 0.004637
v 0.000170 -0.004472 0.004514
v 0.001066 -0.004482 0.004295
v 0.001930 -0.004399 0.003982
v 0.002744 -0.004225 0.003583
v 0.003489 -0.003964 0.003106
v -0.001641 -0.004176 -0.004740
v -0.001465 -0.003430 -0.005324
v -0.000739 -0.004369 -0.004718
v -0.000564 -0.003626 -0.005300
v 0.000170 -0.004471 -0.004596
v 0.000340 -0.003748 -0.005162
v 0.001066 -0.004481 -0.004376
v 0.001228 -0.003792 -0.004915
v 0.002080 -0.003759 -0.004563
v -0.002667 -0.004538 0.003897
v -0.001794 -0.004828 0.003964
v -0.000891 -0.005017 0.003945
v 0.000022 -0.005103 0.003841
v 0.000925 -0.005082 0.003654
v 0.001799 -0.004956 0.003387
v 0.002625 -0.004726 0.003047
v -0.002792 -0.005069 0.003122
v -0.001921 -0.005367 0.003176
v -0.001018 -0.005554 0.003161
v -0.000102 -0.005626 0.003077
f 1 2 3
f 4 5 6
f 7 8 9
f 10 11 12
f 13 14 15
f 16 17 18
f 19 20 21
f 22 23 19
f 24 25 26
f 27 28 26
f 24 26 29
f 30 31 32
f 32 31 33
f 32 33 29
f 29 26 32
f 32 26 28
f 32 28 34
f 35 30 36
f 36 30 32
f 36 32 37
f 37 32 34
f 37 34 38
f 39 40 41
f 39 41 42
f 43 21 44
f 44 21 20
f 44 20 45
f 46 47 43
f 43 47 42
f 43 42 21
f 21 42 41
f 21 41 19
f 19 41 40
f 19 40 22
f 42 47 48
f 42 48 39
f 39 48 49
f 39 49 50
f 51 44 52
f 52 44 45
f 52 45 53
f 2 54 3
f 3 54 55
f 3 55 56
f 55 57 56
f 56 57 58
f 56 58 59
f 23 16 60
f 58 61 59
f 59 61 62
f 59 62 15
f 63 13 64
f 64 13 15
f 64 15 65
f 65 15 62
f 16 18 60
f 60 18 66
f 60 66 67
f 67 66 12
f 67 12 68
f 68 12 11
f 68 11 69
f 70 71 7
f 7 71 72
f 7 72 8
f 9 73 7
f 7 73 74
f 7 74 75
f 76 77 78
f 5 1 6
f 6 1 3
f 6 3 17
f 17 3 56
f 17 56 18
f 18 56 59
f 18 59 66
f 66 59 15
f 66 15 12
f 12 15 14
f 12 14 10
f 79 80 81
f 81 80 82
f 81 82 70
f 70 82 83
f 70 83 71
f 84 85 86
f 86 85 87
f 86 87 81
f 81 87 88
f 81 88 79
f 25 84 26
f 26 84 86
f 26 86 27
f 27 86 81
f 27 81 89
f 89 81 70
f 89 70 90
f 90 70 7
f 90 7 76
f 76 7 75
f 76 75 77
f 51 91 44
f 44 91 92
f 44 92 43
f 43 92 93
f 43 93 46
f 23 60 19
f 19 60 67
f 19 67 20
f 20 67 68
f 20 68 45
f 45 68 69
f 45 69 53
f 39 50 38
f 39 38 40
f 40 38 34
f 40 34 22
f 22 34 28
f 22 28 23
f 23 28 27
f 23 27 16
f 16 27 89
f 16 89 17
f 17 89 90
f 17 90 6
f 6 90 76
f 6 76 4
f 4 76 78
f 94 95 96
f 96 95 97
f 98 99 100
f 100 99 101
f 100 101 94
f 94 101 95
f 98 100 102
f 98 102 103
f 104 105 106
f 106 105 107
f 106 107 108
f 109 110 111
f 111 110 112
f 111 112 113
f 114 109 115
f 115 109 111
f 115 111 116
f 116 111 117
f 117 118 119
f 119 118 120
f 119 120 121
f 121 120 122
f 121 122 123
f 124 125 126
f 122 127 124
f 124 126 122
f 122 126 123
f 96 128 94
f 94 128 129
f 94 129 130
f 118 117 111
f 118 111 107
f 107 111 113
f 107 113 108
f 105 103 107
f 107 103 102
f 107 102 118
f 118 102 100
f 118 100 120
f 120 100 94
f 120 94 122
f 122 94 130
f 122 130 127
f 131 69 11
f 132 133 134
f 51 52 135
f 136 137 138
f 139 136 140
f 140 136 138
f 140 138 141
f 141 138 142
f 142 138 143
f 142 143 144
f 145 146 147
f 147 146 148
f 147 148 143
f 143 148 149
f 143 149 144
f 145 147 150
f 150 147 151
f 150 151 152
f 153 154 151
f 151 154 155
f 151 155 152
f 156 157 158
f 158 157 159
f 158 159 153
f 153 159 160
f 153 160 154
f 156 158 161
f 161 158 162
f 161 162 163
f 163 162 164
f 164 162 165
f 164 165 166
f 167 168 169
f 133 93 134
f 134 93 92
f 134 92 170
f 170 92 91
f 170 91 169
f 169 168 170
f 170 168 171
f 170 171 134
f 134 171 172
f 134 172 132
f 173 174 175
f 173 175 176
f 177 178 162
f 162 178 179
f 162 179 165
f 137 176 138
f 138 176 175
f 138 175 143
f 143 175 180
f 143 180 147
f 147 180 181
f 147 181 151
f 151 181 182
f 151 182 153
f 153 182 183
f 153 183 158
f 158 183 184
f 158 184 162
f 162 184 185
f 162 185 177
f 13 63 186
f 13 186 14
f 14 186 187
f 14 187 10
f 186 188 187
f 187 188 189
f 187 189 190
f 191 192 185
f 185 192 193
f 185 193 177
f 10 187 11
f 11 187 194
f 11 194 131
f 135 52 131
f 131 52 53
f 131 53 69
f 91 51 169
f 169 51 135
f 169 135 167
f 167 135 131
f 167 131 195
f 195 131 194
f 195 194 196
f 196 194 187
f 196 187 197
f 197 187 190
f 197 190 198
f 199 200 172
f 200 201 172
f 172 201 202
f 172 202 132
f 174 199 175
f 175 199 172
f 175 172 180
f 180 172 171
f 180 171 181
f 181 171 168
f 181 168 182
f 182 168 167
f 182 167 183
f 183 167 195
f 183 195 184
f 184 195 196
f 184 196 185
f 185 196 197
f 185 197 191
f 191 197 198
f 188 186 203
f 204 205 206
f 63 64 207
f 208 209 210
f 73 9 211
f 212 213 214
f 215 216 217
f 218 219 220
f 221 166 165
f 222 223 221
f 224 225 226
f 226 225 227
f 228 229 230
f 231 232 233
f 233 232 234
f 235 236 237
f 237 236 238
f 239 240 241
f 241 240 242
f 241 242 235
f 243 244 245
f 246 247 248
f 249 250 251
f 251 250 252
f 251 252 246
f 246 252 247
f 249 251 253
f 253 251 254
f 253 254 255
f 255 254 256
f 256 254 257
f 256 257 258
f 259 260 257
f 260 261 257
f 257 261 262
f 257 262 258
f 263 264 265
f 265 264 266
f 267 268 269
f 269 268 270
f 269 270 271
f 272 273 274
f 274 273 275
f 274 275 276
f 277 217 278
f 278 217 216
f 278 216 279
f 279 216 280
f 281 282 283
f 284 280 285
f 285 280 216
f 285 216 286
f 286 216 215
f 286 215 287
f 287 288 286
f 286 288 214
f 286 214 285
f 285 214 213
f 285 213 284
f 289 290 291
f 291 290 292
f 74 73 291
f 291 73 211
f 291 211 289
f 289 211 293
f 289 293 294
f 295 288 296
f 296 288 287
f 296 287 297
f 297 287 215
f 297 215 298
f 298 215 217
f 298 217 220
f 220 217 277
f 220 277 218
f 208 1 5
f 5 4 208
f 208 4 292
f 208 292 209
f 209 292 290
f 4 78 292
f 292 78 77
f 292 77 291
f 291 77 75
f 291 75 74
f 299 282 300
f 300 282 281
f 300 281 301
f 302 299 303
f 303 299 300
f 303 300 304
f 304 300 301
f 304 301 305
f 306 210 307
f 307 210 209
f 307 209 295
f 295 209 290
f 295 290 288
f 288 290 289
f 288 289 214
f 214 289 294
f 214 294 212
f 58 57 308
f 308 57 309
f 308 309 310
f 186 63 203
f 203 63 207
f 203 207 311
f 311 207 312
f 311 312 313
f 65 62 308
f 308 62 61
f 308 61 58
f 64 65 207
f 207 65 308
f 207 308 312
f 312 308 310
f 312 310 313
f 313 310 306
f 57 55 309
f 309 55 54
f 309 54 2
f 306 310 210
f 210 310 309
f 210 309 208
f 208 309 2
f 208 2 1
f 314 315 316
f 317 318 319
f 316 320 314
f 314 320 321
f 314 321 322
f 322 321 243
f 322 243 241
f 241 243 245
f 241 245 239
f 235 237 241
f 241 237 323
f 241 323 322
f 322 323 319
f 322 319 314
f 314 319 318
f 314 318 315
f 317 319 324
f 324 319 323
f 324 323 325
f 325 323 237
f 325 237 232
f 232 237 238
f 232 238 234
f 326 327 328
f 328 327 329
f 328 329 330
f 331 283 332
f 332 283 282
f 332 282 333
f 333 282 299
f 333 299 334
f 334 299 302
f 334 302 335
f 335 302 336
f 335 336 337
f 337 336 338
f 337 338 330
f 330 338 339
f 330 339 328
f 328 339 340
f 328 340 326
f 326 340 228
f 341 226 222
f 222 226 227
f 222 227 223
f 221 165 222
f 222 165 179
f 222 179 341
f 179 178 341
f 341 178 177
f 341 177 193
f 230 224 228
f 228 224 226
f 228 226 326
f 326 226 341
f 326 341 327
f 327 341 193
f 327 193 192
f 205 342 343
f 343 342 344
f 343 344 345
f 346 263 347
f 347 263 265
f 347 265 348
f 348 265 349
f 348 349 350
f 350 349 351
f 316 352 320
f 320 352 353
f 320 353 351
f 351 353 354
f 351 354 350
f 276 267 274
f 274 267 269
f 274 269 355
f 355 269 356
f 355 356 357
f 357 356 358
f 357 358 359
f 359 358 360
f 345 361 362
f 362 361 363
f 362 363 364
f 271 346 269
f 269 346 347
f 269 347 356
f 356 347 348
f 356 348 358
f 358 348 350
f 358 350 360
f 360 350 354
f 246 365 251
f 251 365 366
f 251 366 254
f 254 366 367
f 254 367 257
f 266 259 265
f 265 259 257
f 265 257 349
f 349 257 367
f 349 367 351
f 351 367 366
f 351 366 320
f 320 366 365
f 320 365 321
f 321 365 246
f 321 246 243
f 243 246 248
f 243 248 244
f 368 369 370
f 368 370 371
f 371 370 372
f 371 372 373
f 369 374 370
f 370 374 375
f 370 375 376
f 377 378 379
f 379 378 380
f 379 380 381
f 382 383 384
f 385 386 372
f 372 386 387
f 372 387 373
f 377 379 388
f 388 379 389
f 388 389 390
f 390 389 391
f 390 391 392
f 393 394 395
f 393 395 396
f 394 397 395
f 395 397 398
f 395 398 399
f 398 400 399
f 399 400 401
f 399 401 402
f 401 403 402
f 402 403 404
f 402 404 206
f 206 404 405
f 206 405 204
f 345 362 343
f 343 362 406
f 343 406 407
f 407 406 408
f 407 408 409
f 409 408 410
f 409 410 411
f 205 343 206
f 206 343 407
f 206 407 402
f 402 407 409
f 402 409 399
f 399 409 411
f 399 411 395
f 412 413 414
f 414 413 415
f 414 415 416
f 416 415 417
f 416 417 418
f 418 417 419
f 418 419 385
f 385 419 420
f 385 420 386
f 421 422 423
f 423 422 424
f 423 424 425
f 425 424 426
f 425 426 427
f 428 429 430
f 430 429 431
f 430 431 432
f 432 431 414
f 432 414 433
f 433 414 416
f 433 416 434
f 434 416 418
f 434 418 435
f 435 418 385
f 435 385 392
f 392 385 372
f 392 372 390
f 390 372 370
f 390 370 388
f 388 370 376
f 388 376 377
f 412 414 436
f 436 414 431
f 436 431 437
f 437 431 429
f 437 429 438
f 439 440 441
f 441 440 442
f 441 442 421
f 421 442 443
f 421 443 422
f 422 443 444
f 422 444 424
f 424 444 445
f 424 445 426
f 446 428 439
f 439 428 430
f 439 430 440
f 440 430 432
f 440 432 442
f 442 432 433
f 442 433 443
f 443 433 434
f 443 434 444
f 444 434 435
f 444 435 445
f 445 435 392
f 445 392 426
f 426 392 391
f 426 391 427
f 447 448 449
f 449 448 450
f 449 450 451
f 451 450 452
f 451 452 453
f 453 452 454
f 453 454 455
f 455 454 456
f 455 456 457
f 457 456 458
f 457 458 459
f 459 458 460
f 459 460 461
f 461 460 462
f 461 462 463
f 331 463 283
f 283 463 462
f 283 462 281
f 281 462 460
f 281 460 301
f 301 460 458
f 301 458 305
f 305 458 456
f 305 456 464
f 464 456 454
f 464 454 465
f 465 454 452
f 465 452 466
f 466 452 450
f 466 450 467
f 467 450 448
f 331 446 463
f 463 446 439
f 463 439 461
f 461 439 441
f 461 441 459
f 459 441 421
f 459 421 457
f 457 421 423
f 457 423 455
f 455 423 425
f 455 425 453
f 453 425 427
f 453 427 451
f 451 427 391
f 451 391 449
f 449 391 389
f 449 389 447
f 447 389 379
f 383 396 384
f 384 396 395
f 384 395 468
f 468 395 411
f 468 411 469
f 469 411 410
f 469 410 359
f 359 410 408
f 359 408 357
f 357 408 406
f 357 406 355
f 355 406 362
f 355 362 274
f 274 362 364
f 274 364 272
f 192 191 327
f 327 191 198
f 327 198 329
f 329 198 190
f 329 190 189
f 189 188 329
f 329 188 203
f 329 203 330
f 330 203 311
f 330 311 337
f 337 311 313
f 337 313 335
f 335 313 306
f 335 306 334
f 334 306 307
f 334 307 333
f 333 307 295
f 333 295 332
f 332 295 296
f 332 296 331
f 331 296 297
f 331 297 446
f 446 297 298
f 446 298 428
f 428 298 220
f 428 220 429
f 429 220 219
f 429 219 438
f 381 382 379
f 379 382 384
f 379 384 447
f 447 384 468
f 447 468 448
f 448 468 469
f 448 469 467
f 467 469 359
f 467 359 466
f 466 359 360
f 466 360 465
f 465 360 354
f 465 354 464
f 464 354 353
f 464 353 305
f 305 353 352
f 305 352 304
f 304 352 316
f 304 316 303
f 303 316 315
f 303 315 302
f 302 315 318
f 302 318 336
f 336 318 317
f 336 317 338
f 338 317 324
f 338 324 339
f 339 324 325
f 339 325 340
f 340 325 232
f 340 232 228
f 228 232 231
f 228 231 229
f 470 471 472
f 473 474 475
f 476 477 478
f 475 474 479
f 480 481 482
f 483 484 485
f 396 486 393
f 393 486 487
f 393 487 394
f 394 487 488
f 394 488 397
f 489 490 491
f 491 490 403
f 403 401 491
f 491 401 400
f 491 400 488
f 488 400 398
f 488 398 397
f 492 493 494
f 494 493 495
f 494 495 496
f 496 495 497
f 498 499 485
f 485 499 483
f 477 500 478
f 478 500 501
f 478 501 502
f 501 503 502
f 502 503 504
f 502 504 505
f 504 506 505
f 505 506 507
f 505 507 508
f 508 507 509
f 508 509 510
f 511 480 512
f 512 480 482
f 512 482 513
f 513 482 498
f 513 498 514
f 514 498 485
f 514 485 515
f 515 485 484
f 368 516 369
f 369 516 473
f 369 473 374
f 377 376 517
f 517 376 375
f 516 518 473
f 473 518 519
f 473 519 474
f 474 519 520
f 474 520 521
f 522 523 524
f 524 523 525
f 525 476 524
f 524 476 478
f 524 478 511
f 511 478 502
f 511 502 480
f 480 502 505
f 480 505 481
f 481 505 508
f 526 380 378
f 396 383 486
f 486 383 382
f 486 382 381
f 471 527 472
f 472 527 528
f 472 528 529
f 529 528 530
f 529 530 531
f 531 530 532
f 531 532 533
f 533 532 534
f 533 534 535
f 535 534 526
f 535 526 517
f 517 526 378
f 517 378 377
f 527 489 528
f 528 489 491
f 528 491 530
f 530 491 488
f 530 488 532
f 532 488 487
f 532 487 534
f 534 487 486
f 534 486 526
f 526 486 381
f 526 381 380
f 521 522 474
f 474 522 524
f 474 524 479
f 479 524 511
f 479 511 536
f 536 511 512
f 536 512 537
f 537 512 513
f 537 513 538
f 538 513 514
f 515 484 539
f 540 541 539
f 539 541 497
f 539 497 515
f 515 497 495
f 515 495 514
f 514 495 493
f 514 493 538
f 508 542 481
f 481 542 543
f 481 543 482
f 482 543 498
f 498 543 544
f 498 544 499
f 492 470 493
f 493 470 472
f 493 472 538
f 538 472 529
f 538 529 537
f 537 529 531
f 537 531 536
f 536 531 533
f 536 533 479
f 479 533 535
f 479 535 475
f 475 535 517
f 475 517 473
f 473 517 375
f 473 375 374
f 344 342 545
f 546 547 527
f 363 361 548
f 549 550 551
f 551 550 552
f 551 552 553
f 553 552 554
f 554 552 555
f 554 555 556
f 557 558 555
f 555 558 559
f 555 559 556
f 560 561 557
f 557 561 562
f 557 562 558
f 563 564 565
f 565 564 566
f 565 566 560
f 560 566 567
f 560 567 561
f 565 568 569
f 563 565 570
f 570 565 569
f 570 569 571
f 549 572 550
f 550 572 573
f 550 573 574
f 574 573 575
f 574 575 272
f 272 575 576
f 272 576 273
f 273 576 275
f 363 548 364
f 577 565 578
f 578 565 560
f 578 560 579
f 579 560 557
f 579 557 580
f 580 557 555
f 580 555 581
f 581 555 552
f 581 552 582
f 582 552 550
f 582 550 548
f 548 550 574
f 548 574 364
f 364 574 272
f 577 583 565
f 565 583 584
f 565 584 568
f 585 586 496
f 540 587 541
f 541 587 585
f 541 585 497
f 497 585 496
f 540 588 587
f 587 588 589
f 587 589 590
f 591 586 592
f 592 586 585
f 592 585 593
f 593 585 587
f 593 587 594
f 594 587 590
f 594 590 595
f 205 204 596
f 596 204 405
f 596 405 404
f 527 547 489
f 489 547 596
f 489 596 490
f 490 596 404
f 490 404 403
f 527 471 546
f 546 471 470
f 546 470 597
f 597 470 492
f 597 492 494
f 344 545 345
f 342 205 545
f 545 205 596
f 545 596 598
f 598 596 547
f 598 547 599
f 599 547 546
f 599 546 591
f 591 546 597
f 591 597 586
f 586 597 494
f 586 494 496
f 600 601 577
f 577 601 602
f 577 602 583
f 595 600 594
f 594 600 577
f 594 577 593
f 593 577 578
f 593 578 592
f 592 578 579
f 592 579 591
f 591 579 580
f 591 580 599
f 599 580 581
f 599 581 598
f 598 581 582
f 598 582 545
f 545 582 548
f 545 548 345
f 345 548 361
f 510 509 603
f 387 386 604
f 516 368 371
f 605 606 607
f 608 609 610
f 611 612 613
f 614 615 616
f 617 618 619
f 620 621 622
f 623 624 625
f 626 627 628
f 629 630 626
f 626 630 631
f 626 631 627
f 632 633 634
f 634 633 635
f 634 635 629
f 629 635 636
f 629 636 630
f 637 638 639
f 639 638 640
f 641 642 643
f 643 642 637
f 644 645 646
f 647 648 644
f 644 648 649
f 644 649 645
f 650 651 652
f 652 651 647
f 652 647 653
f 653 647 644
f 654 655 656
f 656 655 657
f 656 657 658
f 658 657 659
f 658 659 652
f 652 659 660
f 652 660 650
f 654 656 661
f 661 656 662
f 661 662 663
f 663 662 664
f 664 662 665
f 664 665 666
f 667 668 665
f 665 668 669
f 665 669 666
f 610 670 667
f 667 670 671
f 667 671 668
f 672 673 609
f 609 673 674
f 609 674 610
f 610 674 675
f 610 675 670
f 676 677 678
f 678 677 679
f 678 679 680
f 681 682 676
f 682 683 676
f 676 683 684
f 676 684 677
f 685 621 686
f 686 621 620
f 686 620 687
f 688 687 689
f 689 687 620
f 689 620 690
f 690 620 622
f 690 622 691
f 618 681 619
f 619 681 676
f 619 676 692
f 693 626 694
f 694 626 628
f 694 628 695
f 693 617 626
f 626 617 619
f 626 619 629
f 629 619 692
f 629 692 634
f 625 688 696
f 696 688 689
f 696 689 697
f 697 689 690
f 697 690 698
f 698 690 691
f 698 691 615
f 615 614 698
f 698 614 699
f 698 699 697
f 697 699 700
f 697 700 696
f 696 700 639
f 696 639 625
f 625 639 640
f 625 640 623
f 637 639 643
f 643 639 700
f 643 700 701
f 701 700 699
f 701 699 702
f 702 699 614
f 702 614 703
f 703 614 616
f 703 616 704
f 613 705 706
f 706 705 707
f 707 705 708
f 708 705 709
f 708 709 710
f 710 709 711
f 710 711 712
f 712 711 713
f 712 713 714
f 714 713 715
f 714 715 716
f 716 715 717
f 716 717 718
f 718 717 719
f 718 719 720
f 721 610 722
f 722 610 667
f 722 667 723
f 723 667 665
f 723 665 724
f 724 665 662
f 724 662 725
f 725 662 656
f 725 656 726
f 726 656 658
f 726 658 727
f 727 658 652
f 727 652 728
f 728 652 653
f 728 653 729
f 729 653 644
f 730 731 721
f 612 730 613
f 613 730 721
f 613 721 705
f 705 721 722
f 705 722 709
f 709 722 723
f 709 723 711
f 711 723 724
f 711 724 713
f 713 724 725
f 713 725 715
f 715 725 726
f 715 726 717
f 717 726 727
f 717 727 719
f 719 727 728
f 719 728 720
f 720 728 729
f 731 732 721
f 721 732 733
f 721 733 610
f 610 733 734
f 610 734 608
f 735 219 736
f 736 219 218
f 736 218 737
f 218 277 737
f 737 277 278
f 737 278 738
f 278 279 738
f 738 279 280
f 738 280 739
f 740 741 742
f 743 744 745
f 280 284 739
f 739 284 213
f 739 213 746
f 746 213 212
f 746 212 747
f 748 606 749
f 749 606 605
f 749 605 750
f 211 751 293
f 293 751 747
f 293 747 294
f 294 747 212
f 211 9 751
f 751 9 8
f 751 8 72
f 80 79 752
f 607 71 83
f 82 80 753
f 753 80 752
f 753 752 754
f 754 752 755
f 754 755 756
f 756 755 757
f 756 757 758
f 758 757 759
f 758 759 760
f 760 759 761
f 760 761 762
f 762 761 763
f 762 763 764
f 765 766 767
f 767 766 768
f 767 768 769
f 24 765 25
f 25 765 770
f 770 765 771
f 771 765 767
f 771 767 772
f 772 767 769
f 772 769 773
f 24 29 765
f 765 29 33
f 765 33 766
f 766 33 31
f 766 31 30
f 87 85 770
f 770 85 84
f 770 84 25
f 79 88 752
f 752 88 774
f 752 774 755
f 755 774 775
f 755 775 757
f 757 775 776
f 757 776 759
f 759 776 777
f 759 777 761
f 761 777 778
f 761 778 763
f 88 87 774
f 774 87 770
f 774 770 775
f 775 770 771
f 775 771 776
f 776 771 772
f 776 772 777
f 777 772 773
f 777 773 778
f 704 764 779
f 779 764 763
f 779 763 780
f 780 763 778
f 780 778 781
f 781 778 773
f 781 773 782
f 782 773 769
f 782 769 783
f 783 769 768
f 783 768 784
f 784 768 766
f 520 519 785
f 785 519 518
f 786 522 521
f 373 787 371
f 371 787 785
f 371 785 516
f 516 785 518
f 521 520 786
f 786 520 785
f 786 785 788
f 788 785 787
f 788 787 789
f 790 476 525
f 525 523 791
f 420 419 792
f 792 419 417
f 792 417 793
f 793 417 415
f 793 415 794
f 415 413 794
f 794 413 412
f 794 412 795
f 386 420 604
f 604 420 792
f 604 792 796
f 796 792 793
f 796 793 797
f 797 793 794
f 797 794 798
f 798 794 795
f 798 795 799
f 799 795 735
f 799 735 800
f 800 735 736
f 800 736 801
f 801 736 737
f 801 737 802
f 802 737 738
f 802 738 803
f 803 738 739
f 803 739 804
f 804 739 746
f 804 746 748
f 748 746 747
f 748 747 606
f 606 747 751
f 606 751 607
f 607 751 72
f 607 72 71
f 412 436 795
f 795 436 437
f 795 437 735
f 735 437 438
f 735 438 219
f 740 742 805
f 805 742 806
f 805 806 807
f 807 806 808
f 807 808 809
f 809 808 810
f 809 810 811
f 811 810 812
f 811 812 813
f 813 812 814
f 813 814 815
f 815 814 816
f 815 816 817
f 817 816 818
f 817 818 819
f 819 818 820
f 819 820 789
f 789 820 821
f 789 821 788
f 788 821 791
f 788 791 786
f 786 791 523
f 786 523 522
f 743 745 822
f 822 745 823
f 822 823 824
f 824 823 825
f 824 825 826
f 826 825 827
f 826 827 828
f 828 827 829
f 828 829 830
f 830 829 831
f 830 831 832
f 832 831 833
f 832 833 834
f 834 833 835
f 834 835 836
f 836 835 837
f 836 837 838
f 838 837 839
f 838 839 840
f 840 839 841
f 840 841 790
f 790 841 477
f 790 477 476
f 525 791 790
f 790 791 821
f 790 821 840
f 840 821 820
f 840 820 838
f 838 820 818
f 838 818 836
f 836 818 816
f 836 816 834
f 834 816 814
f 834 814 832
f 832 814 812
f 832 812 830
f 830 812 810
f 830 810 828
f 828 810 808
f 828 808 826
f 826 808 806
f 826 806 824
f 824 806 742
f 824 742 822
f 822 742 741
f 822 741 743
f 373 387 787
f 787 387 604
f 787 604 789
f 789 604 796
f 789 796 819
f 819 796 797
f 819 797 817
f 817 797 798
f 817 798 815
f 815 798 799
f 815 799 813
f 813 799 800
f 813 800 811
f 811 800 801
f 811 801 809
f 809 801 802
f 809 802 807
f 807 802 803
f 807 803 805
f 805 803 804
f 805 804 740
f 740 804 748
f 740 748 741
f 741 748 749
f 741 749 743
f 743 749 750
f 743 750 744
f 842 507 506
f 504 503 843
f 843 503 501
f 843 501 500
f 510 603 844
f 506 504 842
f 842 504 843
f 842 843 845
f 845 843 846
f 845 846 847
f 847 846 848
f 847 848 849
f 849 848 850
f 849 850 851
f 851 850 852
f 851 852 853
f 853 852 854
f 853 854 855
f 855 854 856
f 855 856 857
f 857 856 858
f 857 858 859
f 680 844 678
f 678 844 603
f 678 603 860
f 860 603 861
f 860 861 862
f 862 861 863
f 862 863 864
f 864 863 865
f 864 865 866
f 866 865 867
f 866 867 868
f 868 867 869
f 868 869 870
f 870 869 871
f 870 871 872
f 872 871 873
f 872 873 874
f 874 873 875
f 874 875 876
f 876 875 877
f 876 877 878
f 509 507 603
f 603 507 842
f 603 842 861
f 861 842 845
f 861 845 863
f 863 845 847
f 863 847 865
f 865 847 849
f 865 849 867
f 867 849 851
f 867 851 869
f 869 851 853
f 869 853 871
f 871 853 855
f 871 855 873
f 873 855 857
f 873 857 875
f 875 857 859
f 875 859 877
f 744 878 745
f 745 878 877
f 745 877 823
f 823 877 859
f 823 859 825
f 825 859 858
f 825 858 827
f 827 858 856
f 827 856 829
f 829 856 854
f 829 854 831
f 831 854 852
f 831 852 833
f 833 852 850
f 833 850 835
f 835 850 848
f 835 848 837
f 837 848 846
f 837 846 839
f 839 846 843
f 839 843 841
f 841 843 500
f 841 500 477
f 35 879 706
f 30 35 766
f 766 35 706
f 766 706 784
f 784 706 707
f 784 707 783
f 783 707 708
f 783 708 782
f 782 708 710
f 782 710 781
f 781 710 712
f 781 712 780
f 780 712 714
f 780 714 779
f 779 714 716
f 779 716 704
f 704 716 718
f 704 718 703
f 703 718 720
f 703 720 702
f 702 720 729
f 702 729 701
f 701 729 644
f 701 644 643
f 643 644 646
f 643 646 641
f 879 880 706
f 706 880 881
f 706 881 613
f 613 881 882
f 613 882 611
f 83 82 607
f 607 82 753
f 607 753 605
f 605 753 754
f 605 754 750
f 750 754 756
f 750 756 744
f 744 756 758
f 744 758 878
f 878 758 760
f 878 760 876
f 876 760 762
f 876 762 874
f 874 762 764
f 874 764 872
f 872 764 704
f 872 704 870
f 870 704 616
f 870 616 868
f 868 616 615
f 868 615 866
f 866 615 691
f 866 691 864
f 864 691 622
f 864 622 862
f 862 622 621
f 862 621 860
f 860 621 685
f 860 685 678
f 678 685 686
f 678 686 676
f 676 686 687
f 676 687 692
f 692 687 688
f 692 688 634
f 634 688 625
f 634 625 632
f 632 625 624
f 881 880 883
f 884 885 886
f 201 200 887
f 888 889 890
f 891 892 893
f 894 895 884
f 895 896 884
f 884 896 897
f 884 897 885
f 885 897 898
f 885 898 899
f 900 901 902
f 902 901 892
f 902 892 903
f 903 892 891
f 889 904 890
f 890 904 905
f 890 905 893
f 893 905 906
f 893 906 891
f 136 139 907
f 199 174 908
f 908 174 173
f 907 888 136
f 136 888 890
f 136 890 137
f 137 890 176
f 93 133 909
f 909 133 132
f 909 132 202
f 672 609 910
f 910 609 911
f 910 911 912
f 912 911 899
f 609 608 911
f 911 608 734
f 911 734 913
f 901 914 892
f 892 914 915
f 892 915 893
f 893 915 916
f 893 916 890
f 49 48 917
f 917 48 47
f 917 47 918
f 918 47 46
f 918 46 909
f 909 46 93
f 200 199 887
f 887 199 908
f 887 908 919
f 914 920 915
f 915 920 919
f 915 919 916
f 916 919 908
f 916 908 890
f 890 908 173
f 890 173 176
f 883 880 36
f 36 880 879
f 36 879 35
f 921 611 882
f 37 38 922
f 922 38 50
f 922 50 917
f 917 50 49
f 611 921 612
f 612 921 923
f 612 923 730
f 734 733 913
f 913 733 732
f 913 732 923
f 923 732 731
f 923 731 730
f 921 924 923
f 923 924 886
f 923 886 913
f 913 886 885
f 913 885 911
f 911 885 899
f 36 37 883
f 883 37 922
f 883 922 925
f 925 922 917
f 925 917 920
f 920 917 918
f 920 918 919
f 919 918 909
f 919 909 887
f 887 909 202
f 887 202 201
f 900 894 901
f 901 894 884
f 901 884 914
f 914 884 886
f 914 886 920
f 920 886 924
f 920 924 925
f 925 924 921
f 925 921 883
f 883 921 882
f 883 882 881
f 926 927 928
f 929 930 931
f 932 933 934
f 934 933 935
f 934 935 936
f 937 938 939
f 939 938 940
f 939 940 934
f 934 940 941
f 934 941 932
f 937 939 942
f 942 939 943
f 942 943 944
f 931 930 943
f 943 930 945
f 943 945 944
f 929 931 946
f 946 931 947
f 946 947 948
f 949 950 951
f 951 950 952
f 949 953 950
f 950 953 954
f 950 954 947
f 947 954 955
f 947 955 948
f 956 957 952
f 952 957 958
f 952 958 951
f 959 960 952
f 952 960 956
f 961 962 963
f 963 962 964
f 559 965 556
f 556 965 966
f 556 966 554
f 575 573 928
f 928 573 572
f 928 572 967
f 572 549 967
f 967 549 551
f 967 551 966
f 966 551 553
f 966 553 554
f 575 928 576
f 576 928 927
f 576 927 275
f 936 968 934
f 934 968 969
f 934 969 939
f 939 969 970
f 939 970 943
f 943 970 971
f 943 971 931
f 931 971 972
f 931 972 947
f 947 972 973
f 947 973 950
f 950 973 974
f 950 974 952
f 952 974 963
f 952 963 959
f 959 963 964
f 975 564 976
f 976 564 563
f 976 563 570
f 977 567 975
f 975 567 566
f 975 566 564
f 559 558 965
f 965 558 562
f 965 562 977
f 977 562 561
f 977 561 567
f 968 978 969
f 969 978 979
f 979 926 969
f 969 926 928
f 969 928 970
f 970 928 967
f 970 967 971
f 971 967 966
f 971 966 972
f 972 966 965
f 972 965 973
f 973 965 977
f 973 977 974
f 974 977 975
f 974 975 963
f 963 975 976
f 963 976 961
f 961 976 570
f 961 570 571
f 980 981 982
f 983 984 985
f 986 987 988
f 988 987 139
f 983 985 989
f 113 112 990
f 990 112 110
f 990 110 991
f 991 110 109
f 991 109 992
f 992 109 114
f 993 994 995
f 995 994 996
f 995 996 997
f 993 104 994
f 994 104 106
f 994 106 990
f 990 106 108
f 990 108 113
f 998 999 996
f 996 999 1000
f 996 1000 997
f 1001 1002 998
f 998 1002 1003
f 998 1003 999
f 1004 1005 1006
f 1006 1005 1007
f 1006 1007 1001
f 1001 1007 1008
f 1001 1008 1002
f 1004 1006 1009
f 1009 1006 1010
f 1009 1010 1011
f 1012 1013 1010
f 1010 1013 1014
f 1010 1014 1011
f 150 1015 145
f 145 1015 1016
f 139 140 988
f 988 140 141
f 988 141 1017
f 1017 141 142
f 1017 142 144
f 144 149 1017
f 1017 149 148
f 1017 148 1016
f 1016 148 146
f 1016 146 145
f 1018 1012 1019
f 1019 1012 1010
f 1019 1010 1020
f 991 989 990
f 990 989 985
f 990 985 994
f 994 985 1021
f 994 1021 996
f 996 1021 1022
f 996 1022 998
f 998 1022 1023
f 998 1023 1001
f 1001 1023 1024
f 1001 1024 1006
f 1006 1024 1025
f 1006 1025 1010
f 1010 1025 1026
f 1010 1026 1020
f 164 166 980
f 164 980 163
f 163 980 982
f 163 982 161
f 1027 1028 1026
f 1026 1028 1020
f 161 982 156
f 156 982 1029
f 156 1029 157
f 1030 160 1029
f 1029 160 159
f 1029 159 157
f 150 152 1015
f 1015 152 155
f 1015 155 1030
f 1030 155 154
f 1030 154 160
f 984 986 985
f 985 986 988
f 985 988 1021
f 1021 988 1017
f 1021 1017 1022
f 1022 1017 1016
f 1022 1016 1023
f 1023 1016 1015
f 1023 1015 1024
f 1024 1015 1030
f 1024 1030 1025
f 1025 1030 1029
f 1025 1029 1026
f 1026 1029 982
f 1026 982 1027
f 1027 982 981
f 1027 981 1031
f 1032 1033 1034
f 244 248 1035
f 1035 248 247
f 1035 247 1036
f 1037 242 240
f 1037 240 1038
f 1038 240 239
f 1038 239 1035
f 1035 239 245
f 1035 245 244
f 1039 231 1040
f 1040 231 233
f 1040 233 234
f 227 225 1031
f 1031 225 1041
f 225 224 1041
f 1041 224 230
f 1041 230 1039
f 1039 230 229
f 1039 229 231
f 234 238 1040
f 1040 238 236
f 1040 236 1037
f 1037 236 235
f 1037 235 242
f 166 221 980
f 980 221 981
f 981 221 1031
f 1031 221 223
f 1031 223 227
f 1042 1043 1044
f 1044 1043 1045
f 1044 1045 1046
f 1047 1048 1049
f 1049 1048 1050
f 1049 1050 1045
f 1045 1050 1051
f 1045 1051 1046
f 1052 1053 1054
f 1054 1053 1055
f 1054 1055 1056
f 1056 1055 1057
f 1052 1058 1053
f 1053 1058 1059
f 1053 1059 1060
f 1060 1059 1061
f 1060 1061 1062
f 1028 1063 1020
f 1042 1064 1043
f 1043 1064 1065
f 1043 1065 1055
f 1055 1065 1066
f 1055 1066 1057
f 926 979 1067
f 936 935 1068
f 978 968 1069
f 1034 1033 1070
f 1070 1033 1071
f 1070 1071 1072
f 936 1068 968
f 968 1068 1073
f 968 1073 1069
f 1069 1073 1074
f 1069 1074 1034
f 1034 1074 1075
f 1034 1075 1032
f 1076 1077 1078
f 1076 1078 1079
f 1079 1078 1080
f 1079 1080 1081
f 1081 1082 1079
f 1079 1082 1083
f 1079 1083 1084
f 1072 1085 1070
f 1070 1085 1086
f 1070 1086 1076
f 1076 1086 1087
f 1076 1087 1077
f 1019 1020 1088
f 1088 1020 1063
f 1088 1063 1060
f 1060 1063 1089
f 1060 1089 1053
f 1053 1089 1090
f 1053 1090 1055
f 1055 1090 1091
f 1055 1091 1043
f 1043 1091 1092
f 1043 1092 1045
f 1045 1092 1093
f 1045 1093 1049
f 1049 1093 1094
f 1049 1094 1047
f 1047 1094 1095
f 1047 1095 1096
f 1096 1095 1097
f 1096 1097 1084
f 1084 1097 1098
f 1084 1098 1079
f 1079 1098 1099
f 1079 1099 1076
f 1076 1099 1100
f 1076 1100 1070
f 1070 1100 1101
f 1070 1101 1034
f 1034 1101 1102
f 1034 1102 1069
f 1069 1102 1067
f 1069 1067 978
f 978 1067 979
f 275 927 276
f 276 927 1103
f 276 1103 267
f 346 1104 263
f 263 1104 1105
f 263 1105 264
f 264 1105 266
f 346 271 1104
f 1104 271 270
f 1104 270 1103
f 1103 270 268
f 1103 268 267
f 266 1105 259
f 259 1105 1106
f 259 1106 260
f 1107 262 1106
f 1106 262 261
f 1106 261 260
f 253 1108 249
f 249 1108 1109
f 253 255 1108
f 1108 255 256
f 1108 256 1107
f 1107 256 258
f 1107 258 262
f 1036 247 252
f 1036 252 1109
f 1109 252 250
f 1109 250 249
f 1062 1110 1060
f 1060 1110 1111
f 1060 1111 1088
f 1088 1111 1112
f 1088 1112 1113
f 1113 1018 1088
f 1088 1018 1019
f 1083 1114 1084
f 1084 1114 1115
f 1084 1115 1096
f 1096 1115 1116
f 1096 1116 1047
f 1047 1116 1117
f 1047 1117 1048
f 1028 1027 1063
f 1063 1027 1031
f 1063 1031 1089
f 1089 1031 1041
f 1089 1041 1090
f 1090 1041 1039
f 1090 1039 1091
f 1091 1039 1040
f 1091 1040 1092
f 1092 1040 1037
f 1092 1037 1093
f 1093 1037 1038
f 1093 1038 1094
f 1094 1038 1035
f 1094 1035 1095
f 1095 1035 1036
f 1095 1036 1097
f 1097 1036 1109
f 1097 1109 1098
f 1098 1109 1108
f 1098 1108 1099
f 1099 1108 1107
f 1099 1107 1100
f 1100 1107 1106
f 1100 1106 1101
f 1101 1106 1105
f 1101 1105 1102
f 1102 1105 1104
f 1102 1104 1067
f 1067 1104 1103
f 1067 1103 926
f 926 1103 927
f 684 683 1118
f 542 508 1119
f 1120 1121 1122
f 1123 1124 1125
f 1126 1127 1120
f 1128 1129 1121
f 1130 1131 1132
f 694 695 1133
f 1134 693 694
f 694 1133 1134
f 1134 1133 1135
f 1134 1135 1136
f 600 595 1137
f 1137 595 590
f 1137 590 1138
f 1138 590 589
f 1138 589 588
f 600 1137 601
f 601 1137 1139
f 601 1139 602
f 569 568 1132
f 1132 568 584
f 1132 584 1139
f 1139 584 583
f 1139 583 602
f 1132 1131 569
f 569 1131 1140
f 569 1140 571
f 1129 1141 1142
f 1141 1143 1142
f 1142 1143 1144
f 1142 1144 1145
f 1120 1127 1121
f 1121 1127 1146
f 1121 1146 1128
f 484 1147 1148
f 484 1148 539
f 1129 1142 1121
f 1121 1142 1149
f 1121 1149 1122
f 1138 1150 1137
f 1137 1150 1151
f 1137 1151 1139
f 1139 1151 1152
f 1139 1152 1132
f 682 681 1153
f 1153 681 618
f 1153 618 1134
f 1134 618 617
f 1134 617 693
f 508 510 1119
f 1119 510 844
f 1119 844 680
f 684 1118 677
f 683 682 1118
f 1118 682 1153
f 1118 1153 1154
f 1154 1153 1134
f 1154 1134 1125
f 1125 1134 1136
f 1125 1136 1123
f 484 483 1147
f 1147 483 499
f 1147 499 1155
f 499 544 1155
f 1155 544 543
f 1155 543 1119
f 1119 543 542
f 1119 1156 1155
f 1155 1156 1157
f 1155 1157 1147
f 1147 1157 1150
f 1147 1150 1148
f 1148 1150 1138
f 1148 1138 539
f 539 1138 588
f 539 588 540
f 679 677 1158
f 1158 677 1118
f 1158 1118 1159
f 1159 1118 1154
f 1159 1154 1122
f 1122 1154 1125
f 1122 1125 1120
f 1120 1125 1124
f 1120 1124 1126
f 680 679 1119
f 1119 679 1158
f 1119 1158 1156
f 1156 1158 1159
f 1156 1159 1157
f 1157 1159 1122
f 1157 1122 1150
f 1150 1122 1149
f 1150 1149 1151
f 1151 1149 1142
f 1151 1142 1152
f 1152 1142 1145
f 1152 1145 1132
f 1132 1145 1160
f 1132 1160 1130
f 1161 1162 695
f 659 657 1163
f 1164 1165 1166
f 1167 1168 1169
f 1170 1171 1163
f 637 642 1172
f 1172 642 641
f 1172 641 1173
f 1173 641 646
f 1173 646 645
f 635 1174 636
f 636 1174 1175
f 636 1175 630
f 635 633 1174
f 1174 633 632
f 1174 632 1176
f 1176 632 624
f 624 623 1176
f 1176 623 640
f 1176 640 1172
f 1172 640 638
f 1172 638 637
f 1177 1173 1178
f 1178 1173 645
f 1178 645 649
f 1179 1176 1180
f 1180 1176 1172
f 1180 1172 1181
f 1181 1172 1182
f 1177 1183 1173
f 1173 1183 1184
f 1173 1184 1172
f 1172 1184 1185
f 1172 1185 1182
f 1186 1161 1187
f 1187 1161 1175
f 1187 1175 1188
f 1189 1190 1174
f 1174 1190 1191
f 1174 1191 1175
f 1175 1191 1192
f 1175 1192 1188
f 1179 1193 1176
f 1176 1193 1194
f 1176 1194 1174
f 1174 1194 1195
f 1174 1195 1189
f 1196 1166 1197
f 1197 1166 1165
f 1197 1165 1198
f 1198 1165 1199
f 1196 1200 1166
f 1166 1200 1201
f 1166 1201 1202
f 1202 1201 1203
f 1202 1203 1204
f 1168 1205 1206
f 1207 1208 1209
f 1209 1208 1163
f 1209 1163 1210
f 1210 1163 1171
f 1205 1211 1206
f 1206 1211 1212
f 1206 1212 1163
f 1163 1212 1213
f 1163 1213 1170
f 1204 1214 1202
f 1202 1214 1215
f 1202 1215 1169
f 1169 1215 1216
f 1169 1216 1167
f 671 670 1202
f 1202 670 675
f 1202 675 1166
f 1166 675 674
f 1166 674 1164
f 1164 674 673
f 1164 673 672
f 1168 1206 1169
f 1169 1206 663
f 1169 663 664
f 659 1163 660
f 660 1163 1208
f 660 1208 650
f 657 655 1163
f 1163 655 654
f 1163 654 1206
f 1206 654 661
f 1206 661 663
f 664 666 1169
f 1169 666 669
f 1169 669 1202
f 1202 669 668
f 1202 668 671
f 1186 1217 1161
f 1161 1217 1218
f 1161 1218 1162
f 1162 1218 1219
f 1162 1219 1220
f 1220 1219 1221
f 695 628 1161
f 1161 628 627
f 1161 627 1175
f 1175 627 631
f 1175 631 630
f 1207 1222 1208
f 1208 1222 1223
f 1208 1223 1178
f 1178 1223 1224
f 1178 1224 1177
f 649 648 1178
f 1178 648 647
f 1178 647 1208
f 1208 647 651
f 1208 651 650
f 1225 1226 1227
f 1227 1226 1228
f 1227 1228 1229
f 1230 1231 1225
f 1225 1231 1232
f 1225 1232 1226
f 1233 1234 1235
f 1235 1234 1230
f 1235 1230 1236
f 1236 1230 1225
f 1236 1225 1237
f 1237 1225 1238
f 1237 1238 1239
f 1239 1238 1240
f 1241 1242 1240
f 1243 1244 1241
f 1241 1244 1245
f 1241 1245 1246
f 1246 1247 1241
f 1241 1247 1248
f 1241 1248 1242
f 1241 1249 1250
f 1250 1251 1252
f 1250 1252 1241
f 1241 1252 1253
f 1241 1253 1243
f 1240 1238 1241
f 1241 1238 1254
f 1241 1254 1249
f 1227 1255 1225
f 1225 1255 1256
f 1225 1256 1238
f 1238 1256 1257
f 1238 1257 1254
f 1258 1259 1260
f 1260 1259 1261
f 1259 1262 1261
f 1261 1262 1263
f 1261 1263 1264
f 1264 1263 1265
f 1264 1265 1266
f 1267 1268 1269
f 1269 1268 1270
f 1266 1271 1264
f 1264 1271 1272
f 1264 1272 1273
f 1273 1272 1274
f 1273 1274 1275
f 1270 1276 1269
f 1269 1276 1277
f 1269 1277 1260
f 1260 1277 1278
f 1260 1278 1258
f 1279 1280 1281
f 1267 1269 1282
f 1282 1269 1283
f 1282 1283 1284
f 1285 1286 1287
f 1287 1286 1288
f 1287 1288 1283
f 1283 1288 1289
f 1283 1289 1284
f 1290 1291 1292
f 1292 1291 1293
f 1292 1293 1294
f 1294 1293 1295
f 1295 1293 1296
f 1295 1296 1297
f 1275 1298 1273
f 1273 1298 1299
f 1273 1299 1296
f 1296 1299 1300
f 1296 1300 1297
f 1301 1302 1287
f 1287 1302 1303
f 1287 1303 1285
f 1281 1304 1279
f 1279 1304 1305
f 1279 1305 1301
f 1301 1305 1306
f 1301 1306 1302
f 1290 1307 1291
f 1291 1307 1308
f 1291 1308 1279
f 1308 1251 1279
f 1279 1251 1250
f 1279 1250 1280
f 1280 1250 1249
f 1280 1249 1254
f 1254 1257 1280
f 1280 1257 1256
f 1280 1256 1309
f 1309 1256 1310
f 1227 1229 1311
f 1312 1229 1313
f 1313 1229 1314
f 1312 1315 1229
f 1229 1315 1316
f 1229 1316 1311
f 1311 1317 1227
f 1227 1317 1318
f 1227 1318 1255
f 1255 1318 1319
f 1255 1319 1256
f 1256 1319 1320
f 1256 1320 1310
f 1310 1320 1321
f 1318 1317 1322
f 1323 1324 1325
f 1326 1323 1327
f 1327 1323 1325
f 1327 1325 1328
f 1328 1325 1329
f 1330 1331 1323
f 1323 1331 1332
f 1323 1332 1324
f 1333 1334 1335
f 1335 1334 1336
f 1335 1336 1330
f 1337 1338 1339
f 1338 1337 1340
f 1340 1337 1341
f 1340 1341 1342
f 1343 1344 1337
f 1337 1344 1345
f 1345 1346 1337
f 1337 1346 1347
f 1337 1347 1341
f 1343 1312 1344
f 1344 1312 1313
f 1344 1313 1348
f 1348 1313 1314
f 1318 1322 1319
f 1330 1323 1335
f 1335 1323 1349
f 1335 1349 1333
f 1321 1350 1351
f 1310 1321 1309
f 1309 1321 1351
f 1309 1351 1280
f 1311 1316 1343
f 1343 1316 1315
f 1343 1315 1312
f 1317 1311 1322
f 1322 1311 1343
f 1322 1343 1349
f 1349 1343 1337
f 1349 1337 1333
f 1333 1337 1339
f 1352 1353 1354
f 1354 1353 1355
f 1354 1355 1321
f 1321 1355 1356
f 1321 1356 1350
f 1326 1352 1323
f 1323 1352 1354
f 1323 1354 1349
f 1349 1354 1321
f 1349 1321 1322
f 1322 1321 1320
f 1322 1320 1319
f 1165 1164 1357
f 991 992 1358
f 1359 1199 1165
f 1359 1165 1360
f 1360 1165 1361
f 1360 1361 1362
f 1363 1364 1361
f 1361 1364 1365
f 1361 1365 1362
f 1366 1367 1368
f 1366 1368 1369
f 1369 1368 1370
f 1369 1370 1371
f 1372 1373 1366
f 1366 1373 1374
f 1366 1374 1367
f 1375 1376 1372
f 1372 1376 1377
f 1377 1378 1372
f 1372 1378 1379
f 1372 1379 1373
f 1380 1381 1382
f 1382 1381 1358
f 1382 1358 1383
f 1380 1384 1381
f 1381 1384 1385
f 1381 1385 1375
f 1375 1385 1386
f 1375 1386 1376
f 1387 1388 1358
f 1358 1388 1389
f 1358 1389 1383
f 114 1390 992
f 992 1390 1391
f 992 1391 1358
f 1358 1391 1392
f 1358 1392 1393
f 1393 1394 1358
f 1358 1394 1395
f 1358 1395 1387
f 984 983 1396
f 1396 983 989
f 1397 987 986
f 139 987 907
f 907 987 888
f 888 987 1397
f 888 1397 889
f 902 1398 900
f 900 1398 1399
f 900 1399 894
f 894 1399 895
f 912 899 1357
f 1357 899 1400
f 899 898 1400
f 1400 898 897
f 1400 897 1399
f 1399 897 896
f 1399 896 895
f 1164 672 1357
f 1357 672 910
f 1357 910 912
f 1371 1364 1369
f 1369 1364 1363
f 1369 1363 1366
f 1366 1363 1401
f 1366 1401 1372
f 1372 1401 1402
f 1372 1402 1375
f 1375 1402 1403
f 1375 1403 1381
f 1381 1403 1404
f 1381 1404 1358
f 1405 905 904
f 902 903 1398
f 1398 903 891
f 1398 891 1405
f 1405 891 906
f 1405 906 905
f 904 889 1405
f 1405 889 1397
f 1405 1397 1396
f 1396 1397 986
f 1396 986 984
f 1361 1165 1357
f 1361 1357 1363
f 1363 1357 1400
f 1363 1400 1401
f 1401 1400 1399
f 1401 1399 1402
f 1402 1399 1398
f 1402 1398 1403
f 1403 1398 1405
f 1403 1405 1404
f 1404 1405 1396
f 1404 1396 1358
f 1358 1396 989
f 1358 989 991
f 1406 1407 1080
f 1408 1110 1409
f 1409 1110 1062
f 1409 1062 1410
f 1011 1014 1411
f 1411 1014 1013
f 1411 1013 1012
f 1012 1018 1411
f 1411 1018 1113
f 1411 1113 1412
f 1412 1113 1112
f 1412 1112 1408
f 1408 1112 1111
f 1408 1111 1110
f 1413 1007 1414
f 1414 1007 1005
f 1414 1005 1415
f 1415 1005 1004
f 1415 1004 1416
f 1416 1004 1009
f 1416 1009 1417
f 1417 1009 1011
f 1417 1011 1418
f 1418 1011 1411
f 1003 1002 1413
f 1413 1002 1008
f 1413 1008 1007
f 1413 1419 1003
f 1003 1419 1420
f 1003 1420 999
f 999 1420 1000
f 1421 104 993
f 1420 1422 1000
f 1000 1422 1423
f 1000 1423 997
f 997 1423 1421
f 997 1421 995
f 995 1421 993
f 1062 1061 1410
f 1410 1061 1059
f 1410 1059 1424
f 1424 1059 1058
f 1424 1058 1425
f 1425 1058 1052
f 1425 1052 1426
f 1426 1052 1054
f 1426 1054 1427
f 1427 1054 1056
f 1427 1056 1428
f 1056 1057 1428
f 1428 1057 1066
f 1428 1066 1429
f 1429 1066 1065
f 1429 1065 1430
f 1430 1065 1064
f 1430 1064 1431
f 1431 1064 1042
f 1431 1042 1432
f 1432 1042 1044
f 1432 1044 1433
f 1433 1044 1046
f 1433 1046 1434
f 1434 1046 1051
f 1434 1051 1435
f 1435 1051 1050
f 1435 1050 1436
f 1436 1050 1048
f 1436 1048 1437
f 1437 1048 1117
f 1437 1117 1438
f 1438 1117 1439
f 1439 1117 1116
f 1439 1116 1440
f 1440 1116 1115
f 1440 1115 1441
f 1441 1115 1114
f 1441 1114 1442
f 1442 1114 1083
f 1442 1083 1443
f 1443 1083 1082
f 1443 1082 1407
f 1407 1082 1081
f 1407 1081 1080
f 1406 1080 1444
f 1444 1080 1078
f 1444 1078 1445
f 1078 1077 1445
f 1445 1077 1087
f 1445 1087 1446
f 1446 1087 1086
f 1446 1086 1447
f 1447 1086 1085
f 1447 1085 1448
f 1448 1085 1072
f 1448 1072 1449
f 1449 1072 1071
f 1449 1071 1450
f 1451 1452 1453
f 1453 1452 1454
f 1453 1454 1455
f 946 1456 929
f 929 1456 1457
f 942 944 1458
f 1458 944 945
f 1458 945 1457
f 1457 945 930
f 1457 930 929
f 1458 1459 942
f 942 1459 1460
f 942 1460 937
f 937 1460 1451
f 937 1451 938
f 954 953 1461
f 954 1461 955
f 955 1461 1462
f 955 1462 948
f 948 1462 1463
f 948 1463 946
f 946 1463 1464
f 946 1464 1456
f 933 932 1453
f 1453 932 941
f 1453 941 1451
f 1451 941 940
f 1451 940 938
f 1071 1033 1450
f 1450 1033 1032
f 1450 1032 1465
f 1465 1032 1075
f 1465 1075 1466
f 1466 1075 1074
f 1466 1074 1467
f 1467 1074 1073
f 1467 1073 1455
f 1455 1073 1068
f 1455 1068 1453
f 1453 1068 935
f 1453 935 933
f 1468 1469 1470
f 1130 1160 1471
f 962 961 1472
f 961 571 1140
f 964 1473 959
f 956 960 1474
f 1474 960 1475
f 1474 1475 1476
f 1477 1478 1479
f 1479 1478 1480
f 1479 1480 1475
f 1475 1480 1481
f 1475 1481 1476
f 1482 1483 1484
f 1484 1483 1485
f 1486 1487 1488
f 1489 1490 1484
f 1484 1490 1491
f 1484 1491 1482
f 1486 1488 1484
f 1484 1488 1492
f 1484 1492 1489
f 1130 1471 1131
f 1131 1471 1472
f 1131 1472 1140
f 1140 1472 961
f 1143 1493 1144
f 1144 1493 1471
f 1144 1471 1145
f 1145 1471 1160
f 960 959 1475
f 1475 959 1473
f 1475 1473 1479
f 1479 1473 1494
f 1479 1494 1495
f 1221 1496 1497
f 1469 1498 1470
f 1470 1498 1499
f 1470 1499 1486
f 1486 1499 1500
f 1486 1500 1487
f 1496 1501 1497
f 1497 1501 1502
f 1497 1502 1468
f 1503 1470 1504
f 1504 1470 1486
f 1504 1486 1495
f 1495 1486 1484
f 1495 1484 1479
f 1479 1484 1485
f 1479 1485 1477
f 1136 1135 1505
f 1505 1135 1133
f 1221 1497 1220
f 1220 1497 1505
f 1220 1505 1162
f 1162 1505 1133
f 1162 1133 695
f 1126 1506 1127
f 1127 1506 1507
f 1127 1507 1146
f 1143 1141 1493
f 1493 1141 1129
f 1493 1129 1507
f 1507 1129 1128
f 1507 1128 1146
f 1503 1124 1123
f 1468 1470 1497
f 1497 1470 1503
f 1497 1503 1505
f 1505 1503 1123
f 1505 1123 1136
f 964 962 1473
f 1473 962 1472
f 1473 1472 1494
f 1494 1472 1471
f 1494 1471 1495
f 1495 1471 1493
f 1495 1493 1504
f 1504 1493 1507
f 1504 1507 1503
f 1503 1507 1506
f 1503 1506 1124
f 1124 1506 1126
f 1508 1342 1341
f 1345 1344 1207
f 1207 1344 1222
f 1222 1344 1348
f 1222 1348 1223
f 1223 1348 1314
f 1223 1314 1509
f 1207 1209 1345
f 1345 1209 1210
f 1345 1210 1346
f 1346 1210 1171
f 1346 1171 1347
f 1347 1171 1170
f 1347 1170 1341
f 1170 1213 1341
f 1341 1213 1212
f 1341 1212 1508
f 1508 1212 1211
f 1508 1211 1510
f 1510 1211 1205
f 1510 1205 1511
f 1205 1168 1511
f 1511 1168 1167
f 1511 1167 1512
f 1512 1167 1216
f 1512 1216 1513
f 1513 1216 1215
f 1513 1215 1514
f 1514 1215 1515
f 1203 1201 1516
f 1215 1214 1515
f 1515 1214 1204
f 1515 1204 1517
f 1517 1204 1203
f 1517 1203 1518
f 1518 1203 1516
f 1519 1520 1199
f 1199 1520 1521
f 1199 1521 1198
f 1521 1522 1198
f 1198 1522 1523
f 1198 1523 1197
f 1197 1523 1524
f 1197 1524 1196
f 1196 1524 1516
f 1196 1516 1200
f 1200 1516 1201
f 1360 1362 1525
f 1525 1362 1365
f 1525 1365 1526
f 1199 1359 1519
f 1519 1359 1360
f 1519 1360 1527
f 1527 1360 1525
f 1365 1364 1526
f 1526 1364 1371
f 1526 1371 1528
f 1528 1371 1370
f 1528 1370 1529
f 1529 1370 1530
f 1370 1368 1530
f 1530 1368 1367
f 1530 1367 1531
f 1531 1367 1374
f 1531 1374 1532
f 1532 1374 1373
f 1532 1373 1533
f 1533 1373 1379
f 1533 1379 1378
f 1184 1183 1534
f 1534 1183 1177
f 1534 1177 1509
f 1509 1177 1224
f 1509 1224 1223
f 1181 1182 1534
f 1534 1182 1185
f 1534 1185 1184
f 1181 1534 1180
f 1180 1534 1535
f 1180 1535 1179
f 1535 1536 1179
f 1179 1536 1537
f 1179 1537 1193
f 1193 1537 1194
f 1537 1538 1194
f 1194 1538 1539
f 1194 1539 1195
f 1195 1539 1189
f 1189 1539 1540
f 1189 1540 1190
f 1190 1540 1541
f 1190 1541 1191
f 1191 1541 1542
f 1191 1542 1192
f 1542 1543 1192
f 1192 1543 1544
f 1192 1544 1188
f 1188 1544 1187
f 1545 1218 1217
f 1217 1186 1545
f 1545 1186 1187
f 1545 1187 1546
f 1546 1187 1544
f 1545 1547 1218
f 1218 1547 1548
f 1218 1548 1219
f 1219 1548 1549
f 1219 1549 1221
f 1221 1549 1550
f 1550 1551 1221
f 1221 1551 1552
f 1221 1552 1496
f 1496 1552 1553
f 1554 1498 1555
f 1555 1498 1469
f 1555 1469 1556
f 1556 1469 1468
f 1556 1468 1557
f 1557 1468 1502
f 1557 1502 1553
f 1553 1502 1501
f 1553 1501 1496
f 1487 1500 1554
f 1554 1500 1499
f 1554 1499 1498
f 1226 1232 1534
f 1534 1232 1231
f 1534 1231 1535
f 1535 1231 1230
f 1535 1230 1536
f 1536 1230 1234
f 1536 1234 1233
f 1314 1229 1509
f 1509 1229 1534
f 1534 1229 1228
f 1534 1228 1226
f 1558 1264 1559
f 1559 1264 1273
f 1559 1273 1560
f 1560 1273 1296
f 1560 1296 1561
f 1561 1296 1293
f 1561 1293 1562
f 1562 1293 1291
f 1562 1291 1563
f 1563 1291 1279
f 1563 1279 1564
f 1564 1279 1301
f 1564 1301 1565
f 1565 1301 1287
f 1565 1287 1566
f 1566 1287 1283
f 1566 1283 1567
f 1567 1283 1269
f 1567 1269 1568
f 1568 1269 1260
f 1568 1260 1569
f 1569 1260 1261
f 1569 1261 1558
f 1558 1261 1264
f 1570 1571 1572
f 1571 1570 1268
f 1268 1573 1574
f 1575 1573 1268
f 1576 1577 1578
f 1579 1580 1581
f 1581 1580 1582
f 1268 1583 1584
f 1585 1586 1583
f 1583 1586 1587
f 1583 1587 1584
f 1588 1589 1590
f 1590 1589 1591
f 1590 1591 1592
f 1592 1591 1593
f 1592 1593 1594
f 1595 1596 1588
f 1588 1596 1597
f 1588 1597 1589
f 1578 1577 1598
f 1599 1600 1601
f 1601 1600 1602
f 1601 1602 1603
f 1599 1601 1604
f 1604 1601 1605
f 1604 1605 1606
f 1606 1605 1607
f 1606 1607 1608
f 1609 1610 1611
f 1611 1610 1612
f 1613 1614 1615
f 1615 1614 1616
f 1615 1616 1617
f 1617 1616 1618
f 1617 1618 1619
f 1619 1618 1620
f 1619 1620 1611
f 1611 1620 1621
f 1611 1621 1609
f 1613 1615 1622
f 1622 1615 1623
f 1622 1623 1624
f 1624 1623 1625
f 1624 1625 1626
f 1626 1625 1627
f 1626 1627 1628
f 1329 1628 1328
f 1328 1628 1627
f 1328 1627 1327
f 1327 1627 1625
f 1327 1625 1326
f 1356 1355 1625
f 1629 1350 1356
f 1355 1353 1625
f 1625 1353 1352
f 1625 1352 1326
f 1281 1280 1351
f 1268 1267 1630
f 1630 1267 1282
f 1630 1282 1631
f 1631 1282 1284
f 1631 1284 1632
f 1632 1284 1289
f 1632 1289 1633
f 1633 1289 1288
f 1633 1288 1634
f 1634 1288 1286
f 1634 1286 1635
f 1635 1286 1285
f 1635 1285 1636
f 1636 1285 1303
f 1636 1303 1637
f 1637 1303 1302
f 1637 1302 1638
f 1638 1302 1306
f 1638 1306 1639
f 1639 1306 1305
f 1639 1305 1640
f 1640 1305 1304
f 1640 1304 1641
f 1641 1304 1281
f 1641 1281 1629
f 1629 1281 1351
f 1629 1351 1350
f 1592 1574 1590
f 1590 1574 1573
f 1590 1573 1588
f 1588 1573 1575
f 1588 1575 1595
f 1642 1586 1594
f 1594 1586 1585
f 1594 1585 1592
f 1592 1585 1583
f 1592 1583 1574
f 1574 1583 1268
f 1598 1572 1643
f 1643 1572 1571
f 1643 1571 1644
f 1644 1571 1268
f 1645 1579 1646
f 1646 1579 1581
f 1646 1581 1595
f 1595 1581 1582
f 1595 1582 1596
f 1577 1645 1598
f 1598 1645 1646
f 1598 1646 1572
f 1572 1646 1595
f 1572 1595 1570
f 1570 1595 1575
f 1570 1575 1268
f 1268 1647 1644
f 1644 1647 1648
f 1644 1648 1643
f 1643 1648 1649
f 1643 1649 1598
f 1598 1649 1603
f 1598 1603 1578
f 1578 1603 1602
f 1578 1602 1576
f 1268 1650 1647
f 1647 1650 1651
f 1647 1651 1648
f 1648 1651 1652
f 1648 1652 1649
f 1649 1652 1653
f 1649 1653 1603
f 1603 1653 1654
f 1603 1654 1601
f 1601 1654 1655
f 1601 1655 1605
f 1605 1655 1612
f 1605 1612 1607
f 1607 1612 1610
f 1607 1610 1608
f 1356 1625 1629
f 1629 1625 1623
f 1629 1623 1641
f 1641 1623 1615
f 1641 1615 1640
f 1640 1615 1617
f 1640 1617 1639
f 1639 1617 1619
f 1639 1619 1638
f 1638 1619 1611
f 1638 1611 1637
f 1637 1611 1612
f 1637 1612 1636
f 1636 1612 1655
f 1636 1655 1635
f 1635 1655 1654
f 1635 1654 1634
f 1634 1654 1653
f 1634 1653 1633
f 1633 1653 1652
f 1633 1652 1632
f 1632 1652 1651
f 1632 1651 1631
f 1631 1651 1650
f 1631 1650 1630
f 1630 1650 1268
f 1243 1253 1656
f 1252 1251 1308
f 1657 1658 1659
f 1660 1661 1662
f 1663 1664 1665
f 1665 1664 1662
f 1665 1662 1666
f 1666 1662 1661
f 1667 1668 1669
f 1669 1668 1660
f 1669 1660 1670
f 1671 1672 1667
f 1667 1669 1671
f 1671 1669 1670
f 1671 1670 1673
f 1673 1670 1674
f 1673 1674 1675
f 1675 1674 1676
f 1675 1676 1677
f 1677 1676 1678
f 1678 1676 1679
f 1678 1679 1658
f 1680 1681 1657
f 1270 1268 1681
f 1246 1245 1682
f 1682 1245 1244
f 1247 1683 1684
f 1247 1684 1685
f 1685 1684 1686
f 1685 1686 1687
f 1687 1686 1688
f 1687 1688 1689
f 1690 1691 1692
f 1681 1680 1270
f 1270 1680 1693
f 1270 1693 1276
f 1276 1693 1694
f 1276 1694 1277
f 1277 1694 1695
f 1277 1695 1278
f 1278 1695 1696
f 1278 1696 1258
f 1258 1696 1697
f 1258 1697 1259
f 1259 1697 1698
f 1259 1698 1262
f 1262 1698 1699
f 1262 1699 1263
f 1263 1699 1700
f 1263 1700 1265
f 1265 1700 1701
f 1265 1701 1266
f 1266 1701 1702
f 1266 1702 1271
f 1271 1702 1703
f 1271 1703 1272
f 1272 1703 1704
f 1272 1704 1274
f 1274 1704 1705
f 1274 1705 1275
f 1275 1705 1706
f 1275 1706 1298
f 1298 1706 1707
f 1298 1707 1299
f 1299 1707 1708
f 1299 1708 1300
f 1300 1708 1709
f 1300 1709 1297
f 1297 1709 1710
f 1297 1710 1295
f 1295 1710 1711
f 1295 1711 1294
f 1294 1711 1712
f 1294 1712 1292
f 1292 1712 1713
f 1292 1713 1290
f 1290 1713 1714
f 1290 1714 1307
f 1307 1714 1656
f 1307 1656 1308
f 1308 1656 1253
f 1308 1253 1252
f 1657 1659 1680
f 1680 1659 1715
f 1680 1715 1693
f 1693 1715 1716
f 1693 1716 1694
f 1694 1716 1717
f 1694 1717 1695
f 1695 1717 1718
f 1695 1718 1696
f 1696 1718 1719
f 1696 1719 1697
f 1697 1719 1720
f 1697 1720 1698
f 1698 1720 1721
f 1698 1721 1699
f 1699 1721 1722
f 1699 1722 1700
f 1700 1722 1723
f 1700 1723 1701
f 1701 1723 1724
f 1701 1724 1702
f 1702 1724 1725
f 1702 1725 1703
f 1703 1725 1726
f 1703 1726 1704
f 1704 1726 1727
f 1704 1727 1705
f 1705 1727 1728
f 1705 1728 1706
f 1706 1728 1729
f 1706 1729 1707
f 1707 1729 1730
f 1707 1730 1708
f 1708 1730 1731
f 1708 1731 1709
f 1709 1731 1732
f 1709 1732 1710
f 1710 1732 1733
f 1710 1733 1711
f 1711 1733 1734
f 1711 1734 1712
f 1712 1734 1735
f 1712 1735 1713
f 1713 1735 1736
f 1713 1736 1714
f 1714 1736 1682
f 1714 1682 1656
f 1656 1682 1244
f 1656 1244 1243
f 1658 1679 1659
f 1659 1679 1737
f 1659 1737 1715
f 1715 1737 1738
f 1715 1738 1716
f 1716 1738 1739
f 1716 1739 1717
f 1717 1739 1740
f 1717 1740 1718
f 1718 1740 1741
f 1718 1741 1719
f 1719 1741 1742
f 1719 1742 1720
f 1720 1742 1743
f 1720 1743 1721
f 1721 1743 1744
f 1721 1744 1722
f 1722 1744 1745
f 1722 1745 1723
f 1723 1745 1746
f 1723 1746 1724
f 1724 1746 1747
f 1724 1747 1725
f 1725 1747 1748
f 1725 1748 1726
f 1726 1748 1749
f 1726 1749 1727
f 1727 1749 1750
f 1727 1750 1728
f 1728 1750 1751
f 1728 1751 1729
f 1729 1751 1752
f 1729 1752 1730
f 1730 1752 1753
f 1730 1753 1731
f 1731 1753 1754
f 1731 1754 1732
f 1732 1754 1755
f 1732 1755 1733
f 1733 1755 1756
f 1733 1756 1734
f 1734 1756 1757
f 1734 1757 1735
f 1735 1757 1758
f 1735 1758 1736
f 1736 1758 1683
f 1736 1683 1682
f 1682 1683 1247
f 1682 1247 1246
f 1660 1662 1670
f 1670 1662 1664
f 1670 1664 1674
f 1674 1664 1759
f 1674 1759 1676
f 1676 1759 1760
f 1676 1760 1679
f 1679 1760 1761
f 1679 1761 1737
f 1737 1761 1762
f 1737 1762 1738
f 1738 1762 1763
f 1738 1763 1739
f 1739 1763 1764
f 1739 1764 1740
f 1740 1764 1765
f 1740 1765 1741
f 1741 1765 1766
f 1741 1766 1742
f 1742 1766 1767
f 1742 1767 1743
f 1743 1767 1768
f 1743 1768 1744
f 1744 1768 1769
f 1744 1769 1745
f 1745 1769 1770
f 1745 1770 1746
f 1746 1770 1771
f 1746 1771 1747
f 1747 1771 1772
f 1747 1772 1748
f 1748 1772 1773
f 1748 1773 1749
f 1749 1773 1774
f 1749 1774 1750
f 1750 1774 1775
f 1750 1775 1751
f 1751 1775 1776
f 1751 1776 1752
f 1752 1776 1777
f 1752 1777 1753
f 1753 1777 1778
f 1753 1778 1754
f 1754 1778 1779
f 1754 1779 1755
f 1755 1779 1780
f 1755 1780 1756
f 1756 1780 1781
f 1756 1781 1757
f 1757 1781 1782
f 1757 1782 1758
f 1758 1782 1783
f 1758 1783 1683
f 1683 1783 1784
f 1683 1784 1684
f 1663 1785 1664
f 1664 1785 1786
f 1664 1786 1759
f 1759 1786 1787
f 1759 1787 1760
f 1760 1787 1788
f 1760 1788 1761
f 1761 1788 1789
f 1761 1789 1762
f 1762 1789 1790
f 1762 1790 1763
f 1763 1790 1791
f 1763 1791 1764
f 1764 1791 1792
f 1764 1792 1765
f 1765 1792 1793
f 1765 1793 1766
f 1766 1793 1794
f 1766 1794 1767
f 1767 1794 1795
f 1767 1795 1768
f 1768 1795 1796
f 1768 1796 1769
f 1769 1796 1797
f 1769 1797 1770
f 1770 1797 1798
f 1770 1798 1771
f 1771 1798 1799
f 1771 1799 1772
f 1772 1799 1800
f 1772 1800 1773
f 1773 1800 1801
f 1773 1801 1774
f 1774 1801 1802
f 1774 1802 1775
f 1775 1802 1803
f 1775 1803 1776
f 1776 1803 1804
f 1776 1804 1777
f 1777 1804 1805
f 1777 1805 1778
f 1778 1805 1806
f 1778 1806 1779
f 1779 1806 1807
f 1779 1807 1780
f 1780 1807 1808
f 1780 1808 1781
f 1781 1808 1809
f 1781 1809 1782
f 1782 1809 1810
f 1782 1810 1783
f 1783 1810 1690
f 1783 1690 1784
f 1784 1690 1692
f 1784 1692 1684
f 1684 1692 1811
f 1684 1811 1686
f 1686 1811 1812
f 1686 1812 1688
f 1813 1340 1814
f 1814 1340 1342
f 1814 1342 1508
f 1813 1815 1340
f 1340 1815 1816
f 1340 1816 1338
f 1338 1816 1817
f 1338 1817 1339
f 1818 1642 1594
f 1594 1593 1818
f 1818 1593 1591
f 1818 1591 1589
f 1339 1817 1333
f 1333 1817 1819
f 1333 1819 1334
f 1334 1819 1820
f 1334 1820 1336
f 1336 1820 1821
f 1336 1821 1330
f 1822 1823 1600
f 1600 1823 1824
f 1600 1824 1602
f 1602 1824 1825
f 1602 1825 1576
f 1576 1825 1826
f 1576 1826 1577
f 1577 1826 1827
f 1577 1827 1645
f 1645 1827 1828
f 1645 1828 1579
f 1579 1828 1829
f 1579 1829 1830
f 1600 1599 1822
f 1822 1599 1604
f 1822 1604 1831
f 1831 1604 1606
f 1831 1606 1832
f 1832 1606 1608
f 1330 1821 1331
f 1331 1821 1833
f 1331 1833 1332
f 1589 1597 1818
f 1818 1597 1596
f 1818 1596 1834
f 1834 1596 1582
f 1834 1582 1830
f 1830 1582 1580
f 1830 1580 1579
f 1835 1626 1628
f 1835 1628 1836
f 1626 1835 1624
f 1624 1835 1837
f 1624 1837 1622
f 1622 1837 1838
f 1622 1838 1613
f 1613 1838 1839
f 1613 1839 1614
f 1614 1839 1840
f 1614 1840 1616
f 1616 1840 1841
f 1616 1841 1618
f 1618 1841 1842
f 1618 1842 1620
f 1620 1842 1843
f 1620 1843 1621
f 1621 1843 1844
f 1621 1844 1609
f 1609 1844 1845
f 1609 1845 1610
f 1610 1845 1846
f 1610 1846 1608
f 1608 1846 1847
f 1608 1847 1832
f 1628 1329 1836
f 1836 1329 1325
f 1836 1325 1833
f 1833 1325 1324
f 1833 1324 1332
f 1817 1816 1848
f 1510 1511 1849
f 1531 1532 1850
f 1851 1852 1853
f 1853 1852 1821
f 1853 1821 1820
f 1851 1853 1854
f 1854 1853 1855
f 1854 1855 1856
f 1857 1858 1859
f 1859 1858 1860
f 1859 1860 1855
f 1855 1860 1861
f 1855 1861 1856
f 1862 1863 1859
f 1859 1863 1864
f 1859 1864 1857
f 1865 1866 1867
f 1867 1866 1868
f 1867 1868 1862
f 1862 1868 1869
f 1862 1869 1863
f 1870 1871 1872
f 1870 1872 1867
f 1867 1872 1873
f 1867 1873 1865
f 1874 1875 1870
f 1870 1875 1876
f 1870 1876 1871
f 1877 1874 1878
f 1879 1880 1877
f 1877 1880 1881
f 1877 1881 1874
f 1874 1881 1882
f 1874 1882 1875
f 1378 1883 1533
f 1533 1883 1532
f 1532 1883 1850
f 1850 1883 1884
f 1850 1884 1885
f 1526 1528 1886
f 1886 1528 1529
f 1886 1529 1850
f 1850 1529 1530
f 1850 1530 1531
f 1526 1886 1525
f 1525 1886 1887
f 1525 1887 1527
f 1522 1521 1888
f 1888 1521 1520
f 1888 1520 1887
f 1887 1520 1519
f 1887 1519 1527
f 1814 1508 1510
f 1814 1510 1813
f 1813 1510 1849
f 1813 1849 1815
f 1817 1848 1819
f 1889 1518 1888
f 1888 1518 1516
f 1516 1524 1888
f 1888 1524 1523
f 1888 1523 1522
f 1511 1512 1849
f 1849 1512 1513
f 1849 1513 1890
f 1513 1514 1890
f 1890 1514 1515
f 1890 1515 1889
f 1889 1515 1517
f 1889 1517 1518
f 1820 1819 1853
f 1853 1819 1848
f 1853 1848 1855
f 1855 1848 1891
f 1855 1891 1859
f 1859 1891 1892
f 1859 1892 1862
f 1862 1892 1893
f 1862 1893 1867
f 1867 1893 1894
f 1867 1894 1870
f 1870 1894 1895
f 1870 1895 1874
f 1874 1895 1896
f 1874 1896 1878
f 1878 1896 1897
f 1816 1815 1848
f 1848 1815 1849
f 1848 1849 1891
f 1891 1849 1890
f 1891 1890 1892
f 1892 1890 1889
f 1892 1889 1893
f 1893 1889 1888
f 1893 1888 1894
f 1894 1888 1887
f 1894 1887 1895
f 1895 1887 1886
f 1895 1886 1896
f 1896 1886 1850
f 1896 1850 1897
f 1897 1850 1885
f 1898 1899 1900
f 1901 1902 1900
f 1389 1388 1903
f 1904 1905 1902
f 1906 1907 1878
f 1878 1907 1908
f 1878 1908 1909
f 1909 1910 1878
f 1878 1910 1911
f 1878 1911 1877
f 1877 1911 1879
f 1912 1913 1914
f 1914 1913 1915
f 1914 1915 1916
f 1904 1902 1917
f 1917 1902 1918
f 1918 1902 1901
f 1918 1901 1919
f 1901 123 126
f 1919 1901 1920
f 1920 1901 126
f 1920 126 125
f 119 121 1921
f 1921 121 123
f 1394 1393 115
f 115 1393 1392
f 1392 1391 115
f 115 1391 1390
f 115 1390 114
f 116 1387 115
f 115 1387 1395
f 115 1395 1394
f 117 1903 116
f 116 1903 1388
f 116 1388 1387
f 1384 1380 1922
f 1922 1380 1382
f 1922 1382 1903
f 1903 1382 1383
f 1903 1383 1389
f 1883 1378 1377
f 1377 1376 1883
f 1883 1376 1386
f 1883 1386 1922
f 1922 1386 1385
f 1922 1385 1384
f 1899 1923 1900
f 1900 1923 1921
f 1900 1921 1901
f 1901 1921 123
f 1898 1885 1884
f 1884 1883 1898
f 1898 1883 1922
f 1898 1922 1899
f 1899 1922 1903
f 1899 1903 1923
f 1923 1903 117
f 1923 117 1921
f 1921 117 119
f 1916 1906 1914
f 1914 1906 1878
f 1914 1878 1924
f 1924 1878 1897
f 1905 1912 1902
f 1902 1912 1914
f 1902 1914 1900
f 1900 1914 1924
f 1900 1924 1898
f 1898 1924 1897
f 1898 1897 1885
f 1925 1926 1927
f 99 98 1928
f 1425 1426 1929
f 1430 1431 1930
f 1406 1444 1931
f 1460 1459 1932
f 1933 1934 1935
f 1936 1937 1938
f 1938 1937 1939
f 1938 1939 1940
f 1940 1939 1941
f 1942 1943 1944
f 953 1945 1461
f 1461 1945 1462
f 1945 1933 1462
f 1462 1933 1935
f 1462 1935 1463
f 1463 1935 1946
f 1463 1946 1464
f 1459 1458 1932
f 1932 1458 1457
f 1932 1457 1946
f 1946 1457 1456
f 1946 1456 1464
f 1460 1932 1451
f 1451 1932 1947
f 1451 1947 1452
f 1948 1465 1466
f 1466 1467 1948
f 1948 1467 1455
f 1948 1455 1947
f 1947 1455 1454
f 1947 1454 1452
f 1448 1449 1949
f 1949 1449 1948
f 1948 1449 1450
f 1948 1450 1465
f 1444 1445 1931
f 1931 1445 1446
f 1931 1446 1949
f 1949 1446 1447
f 1949 1447 1448
f 1441 1442 1950
f 1950 1442 1443
f 1950 1443 1931
f 1931 1443 1407
f 1931 1407 1406
f 1437 1438 1951
f 1951 1438 1439
f 1951 1439 1950
f 1950 1439 1440
f 1950 1440 1441
f 1952 1435 1951
f 1951 1435 1436
f 1951 1436 1437
f 1431 1432 1930
f 1930 1432 1433
f 1930 1433 1952
f 1952 1433 1434
f 1952 1434 1435
f 1426 1427 1929
f 1929 1427 1428
f 1929 1428 1930
f 1930 1428 1429
f 1930 1429 1430
f 1425 1929 1424
f 1424 1929 1953
f 1424 1953 1410
f 1954 1418 1411
f 1411 1412 1954
f 1954 1412 1408
f 1954 1408 1953
f 1953 1408 1409
f 1953 1409 1410
f 1955 1416 1954
f 1954 1416 1417
f 1954 1417 1418
f 1413 1955 1419
f 1419 1955 1956
f 1413 1414 1955
f 1955 1414 1415
f 1955 1415 1416
f 1421 1423 1957
f 1957 1423 1422
f 1957 1422 1956
f 1956 1422 1420
f 1956 1420 1419
f 104 1421 105
f 105 1421 1957
f 105 1957 103
f 103 1957 98
f 99 1928 101
f 1958 97 1959
f 1959 97 95
f 1959 95 101
f 1960 1961 1962
f 1962 1961 1963
f 1962 1963 1959
f 1959 1963 1964
f 1959 1964 1958
f 1960 1962 1965
f 1965 1962 1966
f 1965 1966 1967
f 1968 1969 1970
f 1970 1969 1971
f 1970 1971 1966
f 1966 1971 1972
f 1966 1972 1967
f 1973 1974 1975
f 1975 1976 1973
f 1973 1976 1977
f 1973 1977 1970
f 1970 1977 1978
f 1970 1978 1968
f 1979 1980 1973
f 1973 1980 1981
f 1973 1981 1974
f 1982 1983 1979
f 1979 1983 1984
f 1979 1984 1980
f 1982 1979 1985
f 1985 1979 1986
f 1985 1986 1987
f 1988 1989 1990
f 1991 1992 1986
f 1986 1992 1993
f 1986 1993 1987
f 1988 1990 1986
f 1986 1990 1991
f 1994 1995 1996
f 1996 1995 1997
f 1996 1997 1998
f 1999 2000 1988
f 1998 2001 1996
f 1996 2001 2002
f 1996 2002 1988
f 1988 2002 2003
f 1988 2003 1999
f 2000 2004 1988
f 1988 2004 2005
f 1988 2005 1989
f 2006 2007 2008
f 2008 2007 2009
f 2008 2009 2010
f 2011 2012 1996
f 2010 2013 2008
f 2008 2013 2014
f 2008 2014 1996
f 1996 2014 2015
f 1996 2015 2011
f 2012 2016 1996
f 1996 2016 2017
f 1996 2017 1994
f 1926 2018 1927
f 1927 2018 2019
f 1927 2019 2008
f 2008 2019 2020
f 2008 2020 2006
f 2021 2022 2023
f 2023 2022 2024
f 2023 2024 1927
f 1927 2024 2025
f 1927 2025 1925
f 2026 2027 2028
f 2026 2028 2023
f 2023 2028 2029
f 2023 2029 2021
f 2030 2026 2031
f 2031 2026 2032
f 2030 2033 2026
f 2026 2033 2027
f 2034 2035 2032
f 2032 2035 2036
f 2032 2036 2031
f 2034 2032 2037
f 2037 2032 2038
f 2037 2038 2039
f 2040 2041 2042
f 2042 2041 2043
f 2042 2043 2038
f 2038 2043 2044
f 2038 2044 2039
f 1939 2045 1941
f 1941 2045 2046
f 1941 2046 2042
f 2042 2046 2047
f 2042 2047 2040
f 1959 101 1928
f 1959 1928 1962
f 1962 1928 2048
f 1962 2048 1966
f 1966 2048 2049
f 1966 2049 1970
f 1970 2049 2050
f 1970 2050 1973
f 1973 2050 2051
f 1973 2051 1979
f 1979 2051 2052
f 1979 2052 1986
f 1986 2052 2053
f 1986 2053 1988
f 1988 2053 2054
f 1988 2054 1996
f 1996 2054 2055
f 1996 2055 2008
f 2008 2055 2056
f 2008 2056 1927
f 1927 2056 2057
f 1927 2057 2023
f 2023 2057 2058
f 2023 2058 2026
f 2026 2058 2059
f 2026 2059 2032
f 2032 2059 2060
f 2032 2060 2038
f 2038 2060 2061
f 2038 2061 2042
f 2042 2061 2062
f 2042 2062 1941
f 1941 2062 1942
f 1941 1942 1940
f 1940 1942 1944
f 1928 98 1957
f 1928 1957 2048
f 2048 1957 1956
f 2048 1956 2049
f 2049 1956 1955
f 2049 1955 2050
f 2050 1955 1954
f 2050 1954 2051
f 2051 1954 1953
f 2051 1953 2052
f 2052 1953 1929
f 2052 1929 2053
f 2053 1929 1930
f 2053 1930 2054
f 2054 1930 1952
f 2054 1952 2055
f 2055 1952 1951
f 2055 1951 2056
f 2056 1951 1950
f 2056 1950 2057
f 2057 1950 1931
f 2057 1931 2058
f 2058 1931 1949
f 2058 1949 2059
f 2059 1949 1948
f 2059 1948 2060
f 2060 1948 1947
f 2060 1947 2061
f 2061 1947 1932
f 2061 1932 2062
f 2062 1932 1946
f 2062 1946 1942
f 1942 1946 1935
f 1942 1935 1943
f 1943 1935 1934
f 2063 2064 2065
f 2066 2067 2068
f 2068 2067 2063
f 2069 2070 2068
f 2068 2070 2071
f 2068 2071 2066
f 2069 2068 2072
f 2072 2068 2073
f 2072 2073 2074
f 2074 2073 2075
f 2075 2073 2076
f 2075 2076 2077
f 2077 2076 2078
f 2078 2076 2079
f 2078 2079 2080
f 2080 2079 957
f 2080 957 956
f 2081 951 958
f 1940 1944 2082
f 2082 1944 1943
f 2082 1943 2083
f 2083 1943 1934
f 2083 1934 2081
f 2081 1934 1933
f 2081 1933 951
f 951 1933 1945
f 951 1945 949
f 949 1945 953
f 2064 1936 2065
f 2065 1936 1938
f 2065 1938 2082
f 2082 1938 1940
f 2063 2065 2068
f 2068 2065 2082
f 2068 2082 2073
f 2073 2082 2083
f 2073 2083 2076
f 2076 2083 2081
f 2076 2081 2079
f 2079 2081 958
f 2079 958 957
f 2084 2085 2086
f 2075 2077 2087
f 2087 2077 2078
f 2088 2089 2086
f 1485 1483 2090
f 2091 2092 2090
f 1483 1482 2090
f 2090 1482 1491
f 2090 1491 1490
f 1488 2091 1492
f 1492 2091 2090
f 1492 2090 1489
f 1489 2090 1490
f 1476 1481 2084
f 2084 1481 1480
f 2084 1480 2085
f 2085 1480 1478
f 2085 1478 1477
f 2084 2080 1476
f 1476 2080 1474
f 1474 2080 956
f 2093 2070 2069
f 2089 2094 2095
f 2096 2097 2098
f 2098 2097 2099
f 2098 2099 2093
f 2094 2089 2100
f 2100 2089 2088
f 2100 2088 2101
f 2102 2103 2088
f 2088 2103 2104
f 2088 2104 2101
f 2105 2106 2088
f 2088 2106 2107
f 2088 2107 2102
f 2102 2107 2108
f 2102 2108 2109
f 2105 2110 2111
f 2111 2110 2090
f 2111 2090 2092
f 1477 1485 2085
f 2085 1485 2090
f 2085 2090 2086
f 2086 2090 2110
f 2086 2110 2088
f 2088 2110 2105
f 2093 2069 2098
f 2098 2069 2072
f 2098 2072 2087
f 2087 2072 2074
f 2087 2074 2075
f 2095 2096 2089
f 2089 2096 2098
f 2089 2098 2086
f 2086 2098 2087
f 2086 2087 2084
f 2084 2087 2078
f 2084 2078 2080
f 2112 2113 2114
f 2111 2092 2115
f 1488 1487 2091
f 2091 1487 2115
f 2091 2115 2092
f 2106 2105 2116
f 2117 2108 2107
f 2109 2108 2118
f 2118 2108 2117
f 2118 2117 2119
f 2120 2121 2122
f 2122 2121 2123
f 2122 2123 2117
f 2117 2123 2124
f 2117 2124 2119
f 2120 2122 2125
f 2125 2122 2126
f 2125 2126 2127
f 2127 2126 2128
f 2128 2126 2129
f 2128 2129 2130
f 2131 2132 2129
f 2129 2132 2133
f 2129 2133 2130
f 2134 2135 2136
f 2136 2135 2137
f 2136 2137 2131
f 2131 2137 2138
f 2131 2138 2132
f 2139 2140 2141
f 2141 2140 2142
f 2141 2142 2143
f 2143 2144 2141
f 2141 2144 2145
f 2141 2145 2136
f 2136 2145 2146
f 2136 2146 2134
f 1537 2147 1538
f 1538 2147 1539
f 1551 1550 2148
f 2148 1550 1549
f 2148 1549 2149
f 1487 1554 2115
f 2115 1554 1555
f 2115 1555 2150
f 2150 1555 1556
f 1556 1557 2150
f 2150 1557 1553
f 2150 1553 2148
f 2148 1553 1552
f 2148 1552 1551
f 2107 2106 2117
f 2117 2106 2116
f 2117 2116 2122
f 2122 2116 2151
f 2122 2151 2126
f 2126 2151 2152
f 2126 2152 2129
f 2129 2152 2153
f 2129 2153 2131
f 2131 2153 2154
f 2131 2154 2136
f 2136 2154 2155
f 2136 2155 2141
f 2141 2155 2114
f 2141 2114 2139
f 2139 2114 2113
f 2147 2156 1539
f 1539 2156 2157
f 1539 2157 1540
f 1540 2157 2158
f 1540 2158 1541
f 1541 2158 2159
f 1541 2159 1542
f 1542 2159 1543
f 1543 2159 1544
f 1544 2159 2160
f 1544 2160 1546
f 1549 1548 2149
f 2149 1548 1547
f 2149 1547 2160
f 2160 1547 1545
f 2160 1545 1546
f 2105 2111 2116
f 2116 2111 2115
f 2116 2115 2151
f 2151 2115 2150
f 2151 2150 2152
f 2152 2150 2148
f 2152 2148 2153
f 2153 2148 2149
f 2153 2149 2154
f 2154 2149 2160
f 2154 2160 2155
f 2155 2160 2159
f 2155 2159 2114
f 2114 2159 2158
f 2114 2158 2112
f 2112 2158 2157
f 1247 1685 1248
f 1248 1685 1687
f 1248 1687 1242
f 1237 1239 1687
f 1687 1239 1240
f 1687 1240 1242
f 2161 2162 1689
f 1689 2162 2163
f 1689 2163 1687
f 1687 2163 2143
f 1687 2143 1237
f 1237 2143 2142
f 1237 2142 1236
f 2139 2113 1536
f 1536 2113 2112
f 1536 2112 2157
f 2157 2156 1536
f 1536 2156 2147
f 1536 2147 1537
f 2139 1536 2140
f 2140 1536 1233
f 2140 1233 2142
f 2142 1233 1235
f 2142 1235 1236
f 1691 2164 1692
f 1692 2164 1811
f 2161 1689 2165
f 2165 1689 1688
f 1811 2164 1812
f 1812 2164 2166
f 1812 2166 1688
f 1688 2166 2167
f 1688 2167 2165
f 1803 1802 1560
f 1560 1802 1801
f 1560 1801 1559
f 1563 2164 1562
f 1562 2164 1691
f 1562 1691 1561
f 2168 2169 1564
f 2170 2171 1563
f 1564 2169 1563
f 1563 2169 2172
f 1563 2172 2170
f 1794 1569 1795
f 1795 1569 1558
f 1795 1558 1796
f 1796 1558 1797
f 1801 1800 1559
f 1559 1800 1799
f 1559 1799 1558
f 1558 1799 1798
f 1558 1798 1797
f 1810 1809 1560
f 2171 2173 1563
f 1563 2173 2174
f 1563 2174 2164
f 1565 2175 1564
f 1564 2175 2176
f 2176 2177 1564
f 1564 2177 2178
f 1564 2178 2168
f 2179 2180 1565
f 1565 2180 2181
f 1565 2181 2175
f 1791 1568 1792
f 1792 1568 1569
f 1792 1569 1793
f 1793 1569 1794
f 1561 1691 1560
f 1560 1691 1690
f 1560 1690 1810
f 1809 1808 1560
f 1560 1808 1807
f 1560 1807 1806
f 1663 2182 1566
f 1566 2182 2183
f 1566 2183 1565
f 1565 2183 2184
f 1565 2184 2179
f 1788 1567 1789
f 1789 1567 1568
f 1789 1568 1790
f 1790 1568 1791
f 1806 1805 1560
f 1560 1805 1804
f 1560 1804 1803
f 1788 1787 1567
f 1567 1787 1786
f 1567 1786 1566
f 1566 1786 1785
f 1566 1785 1663
f 1663 1665 2182
f 2182 1665 1666
f 2182 1666 2185
f 1666 1661 2185
f 2185 1661 1660
f 2185 1660 2186
f 2186 1660 1668
f 2186 1668 2187
f 2187 1668 1667
f 2187 1667 2188
f 2188 1667 1672
f 2188 1672 2189
f 1677 1678 2190
f 1672 1671 2191
f 1677 2190 1675
f 1675 2190 2192
f 1675 2192 1673
f 1673 2192 2193
f 1673 2193 2194
f 2191 2195 1672
f 1672 2195 2196
f 1672 2196 2189
f 2194 2197 1673
f 1673 2197 2198
f 1673 2198 1671
f 1671 2198 2199
f 1671 2199 2191
f 2200 2201 1268
f 2202 2203 1657
f 1657 2203 1658
f 2190 1678 2204
f 2204 1678 1658
f 2204 1658 2205
f 2205 1658 2203
f 2201 2206 1268
f 1268 2206 2207
f 1268 2207 1681
f 1681 2207 2208
f 1681 2208 2209
f 2209 2210 1681
f 1681 2210 2211
f 1681 2211 1657
f 1657 2211 2212
f 1657 2212 2202
f 2213 2214 1584
f 1584 2214 2215
f 1584 2215 1268
f 1268 2215 2216
f 1268 2216 2200
f 2217 1586 2218
f 2218 1586 1642
f 2218 1642 1818
f 2217 2219 1586
f 1586 2219 2220
f 1586 2220 1587
f 1587 2220 2221
f 1587 2221 1584
f 1584 2221 2222
f 1584 2222 2213
f 2223 2224 2225
f 2226 2227 2228
f 2229 2227 2226
f 2226 2230 2231
f 2226 2232 2233
f 2234 2232 2226
f 2226 2235 2236
f 2237 2235 2226
f 2226 2238 2239
f 2224 2223 2226
f 2226 2240 2241
f 2210 2242 2231
f 2231 2242 2226
f 2243 2230 2226
f 2217 2218 2244
f 1830 2245 1834
f 1832 2246 2247
f 1833 2248 1836
f 1851 1854 2249
f 1858 1857 2250
f 1869 1868 2251
f 1879 1911 2252
f 1999 2003 2226
f 2226 2003 2002
f 2001 1998 2226
f 1995 2226 1997
f 2226 1995 1994
f 1998 1997 2226
f 2012 2226 2016
f 2226 2012 2011
f 2017 2016 2226
f 2015 2014 2226
f 2013 2253 2226
f 2253 2013 2010
f 2096 2095 2254
f 2144 2143 2163
f 2175 2181 2255
f 2186 2187 2256
f 2196 2257 2189
f 2189 2257 2188
f 2186 2256 2185
f 2185 2256 2258
f 2185 2258 2182
f 2182 2258 2259
f 2182 2259 2260
f 2261 2179 2262
f 2262 2179 2184
f 2262 2184 2183
f 2263 2177 2255
f 2255 2177 2176
f 2255 2176 2175
f 2264 2169 2265
f 2265 2169 2168
f 2265 2168 2263
f 2263 2168 2178
f 2263 2178 2177
f 2173 2171 2266
f 2266 2171 2170
f 2266 2170 2264
f 2264 2170 2172
f 2264 2172 2169
f 2166 2164 2132
f 2173 2266 2174
f 2174 2266 2267
f 2174 2267 2164
f 2164 2267 2133
f 2164 2133 2132
f 2268 2165 2269
f 2269 2165 2167
f 2269 2167 2166
f 2161 2165 2162
f 2162 2165 2268
f 2162 2268 2163
f 2163 2268 2145
f 2163 2145 2144
f 2166 2132 2269
f 2269 2132 2138
f 2269 2138 2137
f 2137 2135 2269
f 2269 2135 2134
f 2269 2134 2268
f 2268 2134 2146
f 2268 2146 2145
f 2125 2127 2267
f 2127 2128 2267
f 2267 2128 2130
f 2267 2130 2133
f 2125 2270 2120
f 2120 2270 2121
f 2118 2119 2271
f 2271 2119 2124
f 2271 2124 2270
f 2270 2124 2123
f 2270 2123 2121
f 2103 2102 2272
f 2272 2102 2109
f 2272 2109 2118
f 2095 2094 2273
f 2094 2100 2273
f 2273 2100 2101
f 2273 2101 2274
f 2274 2101 2104
f 2274 2104 2103
f 2275 2071 2070
f 2070 2093 2275
f 2275 2093 2099
f 2275 2099 2254
f 2254 2099 2097
f 2254 2097 2096
f 2071 2275 2066
f 2066 2275 2276
f 2066 2276 2067
f 1937 1936 2277
f 2277 1936 2064
f 2277 2064 2063
f 2047 2046 2278
f 2278 2046 2045
f 2278 2045 2277
f 2277 2045 1939
f 2277 1939 1937
f 2044 2043 2279
f 2279 2043 2041
f 2279 2041 2278
f 2278 2041 2040
f 2278 2040 2047
f 2035 2034 2280
f 2280 2034 2037
f 2280 2037 2279
f 2279 2037 2039
f 2279 2039 2044
f 2035 2280 2036
f 2036 2280 2281
f 2036 2281 2031
f 2028 2027 2282
f 2282 2027 2033
f 2024 2022 2283
f 2283 2022 2021
f 2283 2021 2282
f 2282 2021 2029
f 2282 2029 2028
f 2024 2283 2025
f 2025 2283 2284
f 2025 2284 1925
f 2020 2019 2285
f 2285 2019 2018
f 2285 2018 1926
f 2226 2286 2229
f 2229 2286 2009
f 2229 2009 2007
f 2007 2006 2229
f 2229 2006 2020
f 2229 2020 2227
f 2227 2020 2285
f 2227 2285 2228
f 2010 2009 2253
f 2253 2009 2286
f 2253 2286 2226
f 2014 2013 2226
f 2011 2015 2226
f 1994 2017 2226
f 2002 2001 2226
f 2000 1999 2226
f 2005 2004 2287
f 2287 2004 2000
f 2287 2000 2226
f 1989 2005 2241
f 2241 2005 2287
f 2241 2287 2226
f 2223 2240 2226
f 2288 1992 1991
f 1985 1987 2288
f 2288 1987 1993
f 2288 1993 1992
f 2289 1984 1983
f 1975 1974 2290
f 2290 1974 1981
f 2290 1981 2289
f 2289 1981 1980
f 2289 1980 1984
f 1978 1977 2291
f 2291 1977 1976
f 2291 1976 2292
f 1972 1971 2293
f 2293 1971 1969
f 2293 1969 2291
f 2291 1969 1968
f 2291 1968 1978
f 2294 2295 1961
f 1961 1960 2294
f 2294 1960 1965
f 2294 1965 2293
f 2293 1965 1967
f 2293 1967 1972
f 2296 96 2295
f 2295 96 97
f 2295 97 1958
f 1958 1964 2295
f 2295 1964 1963
f 2295 1963 1961
f 130 129 2296
f 2296 129 128
f 2296 128 96
f 2297 1919 1920
f 127 2298 124
f 124 2298 2297
f 124 2297 125
f 125 2297 1920
f 1913 1912 2299
f 2299 1912 1905
f 1905 1904 2299
f 2299 1904 1917
f 2299 1917 2297
f 2297 1917 1918
f 2297 1918 1919
f 2252 1911 2300
f 2300 1911 1910
f 2300 1910 1909
f 1909 1908 2300
f 2300 1908 1907
f 2300 1907 1906
f 1906 1916 2300
f 2300 1916 1915
f 2300 1915 1913
f 1871 1876 2301
f 2301 1876 1875
f 2301 1875 1882
f 1882 1881 2252
f 2252 1881 1880
f 2252 1880 1879
f 2251 1873 2302
f 2302 1873 1872
f 2302 1872 1871
f 1868 1866 2251
f 2251 1866 1865
f 2251 1865 1873
f 1857 1864 2250
f 2250 1864 1863
f 2250 1863 1869
f 2249 1860 2303
f 2303 1860 1858
f 1854 1856 2249
f 2249 1856 1861
f 2249 1861 1860
f 1851 2248 1852
f 1852 2248 1833
f 1852 1833 1821
f 1836 2248 1835
f 1835 2248 2304
f 1835 2304 1837
f 1837 2304 1838
f 1838 2304 2305
f 1838 2305 1839
f 1839 2305 2306
f 1839 2306 1840
f 1840 2306 2307
f 1840 2307 1841
f 2308 2309 1845
f 1845 1844 2308
f 2308 1844 1843
f 2308 1843 2307
f 2307 1843 1842
f 2307 1842 1841
f 1832 1847 2246
f 2246 1847 1846
f 2246 1846 2310
f 1824 1823 2311
f 2311 1823 1822
f 2311 1822 2247
f 2247 1822 1831
f 2247 1831 1832
f 1825 2312 1826
f 1826 2312 2313
f 1826 2313 1827
f 2314 1829 1828
f 2245 1830 2315
f 1818 2316 2317
f 2318 2220 2244
f 2244 2220 2219
f 2244 2219 2217
f 2226 2319 2238
f 2238 2319 2222
f 2238 2222 2239
f 2239 2222 2221
f 2215 2214 2319
f 2319 2214 2213
f 2319 2213 2222
f 2237 2216 2235
f 2235 2216 2215
f 2235 2215 2236
f 2236 2215 2319
f 2236 2319 2226
f 2206 2201 2237
f 2237 2201 2200
f 2237 2200 2216
f 2209 2208 2234
f 2234 2208 2207
f 2234 2207 2232
f 2232 2207 2206
f 2232 2206 2233
f 2233 2206 2237
f 2233 2237 2226
f 2210 2209 2242
f 2242 2209 2234
f 2242 2234 2226
f 2204 2205 2320
f 2320 2205 2203
f 2320 2203 2243
f 2243 2203 2202
f 2243 2202 2230
f 2230 2202 2212
f 2230 2212 2231
f 2231 2212 2211
f 2231 2211 2210
f 2321 2322 2190
f 2191 2199 2323
f 2323 2199 2198
f 2323 2198 2324
f 2192 2325 2193
f 2193 2325 2326
f 2193 2326 2194
f 2194 2326 2324
f 2194 2324 2197
f 2197 2324 2198
f 2196 2195 2257
f 2257 2195 2256
f 2257 2256 2188
f 2188 2256 2187
f 1983 1982 2289
f 2289 1982 1985
f 2289 1985 2225
f 2225 1985 2288
f 2225 2288 2223
f 2223 2288 1991
f 2223 1991 2240
f 2240 1991 2241
f 2241 1991 1990
f 2241 1990 1989
f 2226 2318 2327
f 2327 2318 2244
f 2327 2244 2317
f 2317 2244 2218
f 2317 2218 1818
f 2226 2328 2243
f 2243 2328 2321
f 2243 2321 2320
f 2320 2321 2190
f 2320 2190 2204
f 2226 2329 2224
f 2224 2329 2330
f 2224 2330 2225
f 2225 2330 2331
f 2225 2331 2289
f 2289 2331 2292
f 2289 2292 2290
f 2290 2292 1976
f 2290 1976 1975
f 2332 2284 2333
f 2333 2284 2283
f 2333 2283 2334
f 2334 2283 2282
f 2334 2282 2335
f 2335 2282 2033
f 2335 2033 2281
f 2281 2033 2030
f 2281 2030 2031
f 2326 2259 2324
f 2324 2259 2258
f 2324 2258 2323
f 2323 2258 2256
f 2323 2256 2191
f 2191 2256 2195
f 2226 2336 2329
f 2329 2336 2337
f 2329 2337 2330
f 2330 2337 2338
f 2330 2338 2331
f 2331 2338 2339
f 2331 2339 2292
f 2292 2339 2340
f 2292 2340 2291
f 2291 2340 2341
f 2291 2341 2293
f 2293 2341 2342
f 2293 2342 2294
f 2294 2342 2343
f 2294 2343 2295
f 2295 2343 2298
f 2295 2298 2296
f 2296 2298 127
f 2296 127 130
f 2226 2332 2344
f 2344 2332 2333
f 2344 2333 2345
f 2345 2333 2334
f 2345 2334 2346
f 2346 2334 2335
f 2346 2335 2347
f 2347 2335 2281
f 2347 2281 2348
f 2348 2281 2280
f 2348 2280 2349
f 2349 2280 2279
f 2349 2279 2350
f 2350 2279 2278
f 2350 2278 2351
f 2351 2278 2277
f 2351 2277 2276
f 2276 2277 2063
f 2276 2063 2067
f 1913 2299 2300
f 2300 2299 2297
f 2300 2297 2352
f 2352 2297 2298
f 2352 2298 2353
f 2353 2298 2343
f 2353 2343 2354
f 2354 2343 2342
f 2354 2342 2355
f 2355 2342 2341
f 2355 2341 2356
f 2356 2341 2340
f 2356 2340 2357
f 2357 2340 2339
f 2357 2339 2358
f 2358 2339 2338
f 2358 2338 2316
f 2316 2338 2337
f 2316 2337 2317
f 2317 2337 2336
f 2317 2336 2327
f 2327 2336 2226
f 2221 2220 2239
f 2239 2220 2318
f 2239 2318 2226
f 2095 2273 2254
f 2254 2273 2359
f 2254 2359 2275
f 2275 2359 2360
f 2275 2360 2276
f 2276 2360 2361
f 2276 2361 2351
f 2351 2361 2362
f 2351 2362 2350
f 2350 2362 2363
f 2350 2363 2349
f 2349 2363 2364
f 2349 2364 2348
f 2348 2364 2365
f 2348 2365 2347
f 2347 2365 2322
f 2347 2322 2346
f 2346 2322 2321
f 2346 2321 2345
f 2345 2321 2328
f 2345 2328 2344
f 2344 2328 2226
f 1926 1925 2285
f 2285 1925 2284
f 2285 2284 2228
f 2228 2284 2332
f 2228 2332 2226
f 1882 2252 2301
f 2301 2252 2300
f 2301 2300 2366
f 2366 2300 2352
f 2366 2352 2367
f 2367 2352 2353
f 2367 2353 2368
f 2368 2353 2354
f 2368 2354 2369
f 2369 2354 2355
f 2369 2355 2370
f 2370 2355 2356
f 2370 2356 2371
f 2371 2356 2357
f 2371 2357 2372
f 2372 2357 2358
f 2372 2358 2315
f 2315 2358 2316
f 2315 2316 2245
f 2245 2316 1818
f 2245 1818 1834
f 1871 2301 2302
f 2302 2301 2366
f 2302 2366 2373
f 2373 2366 2367
f 2373 2367 2374
f 2374 2367 2368
f 2374 2368 2375
f 2375 2368 2369
f 2375 2369 2376
f 2376 2369 2370
f 2376 2370 2377
f 2377 2370 2371
f 2377 2371 2378
f 2378 2371 2372
f 2378 2372 2379
f 2379 2372 2315
f 2379 2315 2314
f 2314 2315 1830
f 2314 1830 1829
f 2118 2271 2272
f 2272 2271 2380
f 2272 2380 2381
f 2381 2380 2382
f 2381 2382 2383
f 2383 2382 2384
f 2383 2384 2385
f 2385 2384 2386
f 2385 2386 2387
f 2387 2386 2261
f 2387 2261 2388
f 2388 2261 2262
f 2388 2262 2260
f 2260 2262 2183
f 2260 2183 2182
f 2103 2272 2274
f 2274 2272 2381
f 2274 2381 2273
f 2273 2381 2383
f 2273 2383 2359
f 2359 2383 2385
f 2359 2385 2360
f 2360 2385 2387
f 2360 2387 2361
f 2361 2387 2388
f 2361 2388 2362
f 2362 2388 2260
f 2362 2260 2363
f 2363 2260 2259
f 2363 2259 2364
f 2364 2259 2326
f 2364 2326 2365
f 2365 2326 2325
f 2365 2325 2322
f 2322 2325 2192
f 2322 2192 2190
f 1869 2251 2250
f 2250 2251 2302
f 2250 2302 2389
f 2389 2302 2373
f 2389 2373 2390
f 2390 2373 2374
f 2390 2374 2391
f 2391 2374 2375
f 2391 2375 2392
f 2392 2375 2376
f 2392 2376 2393
f 2393 2376 2377
f 2393 2377 2394
f 2394 2377 2378
f 2394 2378 2395
f 2395 2378 2379
f 2395 2379 2312
f 2312 2379 2314
f 2312 2314 2313
f 2313 2314 1828
f 2313 1828 1827
f 1858 2250 2303
f 2303 2250 2389
f 2303 2389 2396
f 2396 2389 2390
f 2396 2390 2397
f 2397 2390 2391
f 2397 2391 2398
f 2398 2391 2392
f 2398 2392 2399
f 2399 2392 2393
f 2399 2393 2310
f 2310 2393 2394
f 2310 2394 2246
f 2246 2394 2395
f 2246 2395 2247
f 2247 2395 2312
f 2247 2312 2311
f 2311 2312 1825
f 2311 1825 1824
f 2125 2267 2270
f 2270 2267 2266
f 2270 2266 2271
f 2271 2266 2264
f 2271 2264 2380
f 2380 2264 2265
f 2380 2265 2382
f 2382 2265 2263
f 2382 2263 2384
f 2384 2263 2255
f 2384 2255 2386
f 2386 2255 2181
f 2386 2181 2261
f 2261 2181 2180
f 2261 2180 2179
f 1851 2249 2248
f 2248 2249 2303
f 2248 2303 2304
f 2304 2303 2396
f 2304 2396 2305
f 2305 2396 2397
f 2305 2397 2306
f 2306 2397 2398
f 2306 2398 2307
f 2307 2398 2399
f 2307 2399 2308
f 2308 2399 2310
f 2308 2310 2309
f 2309 2310 1846
f 2309 1846 1845
