# Converti depuis Left_1_1_Link.STL
# 3319 sommets, 6658 faces
o Left_1_1_Link
v 0.007256 -0.000633 -0.003900
v 0.007256 -0.000633 -0.002300
v 0.007186 -0.000656 -0.003900
v 0.007186 -0.000656 -0.002300
v 0.007129 -0.000702 -0.003900
v 0.007129 -0.000702 -0.002300
v 0.007091 -0.000765 -0.003900
v 0.007091 -0.000765 -0.002300
v 0.007562 -0.000558 -0.003900
v 0.007562 -0.000558 -0.002300
v 0.007080 -0.000809 -0.003900
v 0.007080 -0.000809 -0.002300
v 0.008190 -0.000286 -0.003900
v 0.008190 -0.000286 -0.002300
v 0.007073 -0.000869 -0.003900
v 0.007073 -0.000869 -0.002300
v 0.008195 0.000068 -0.003900
v 0.008195 0.000068 -0.002300
v 0.007073 -0.000915 -0.003900
v 0.007073 -0.000915 -0.002300
v 0.007574 0.000357 -0.003900
v 0.007574 0.000357 -0.002300
v 0.007095 -0.000985 -0.003900
v 0.007095 -0.000985 -0.002300
v 0.007140 -0.001043 -0.003900
v 0.007140 -0.001043 -0.002300
v 0.007203 -0.001081 -0.003900
v 0.007203 -0.001081 -0.002300
v 0.007270 0.000440 -0.003900
v 0.007270 0.000440 -0.002300
v 0.007483 -0.001225 -0.003900
v 0.007483 -0.001225 -0.002300
v 0.007109 0.000576 -0.003900
v 0.007109 0.000576 -0.002300
v 0.007145 0.000512 -0.003900
v 0.007145 0.000512 -0.002300
v 0.007201 0.000465 -0.003900
v 0.007201 0.000465 -0.002300
v 0.008030 -0.001637 -0.003900
v 0.008030 -0.001637 -0.002300
v 0.007099 0.000620 -0.003900
v 0.007099 0.000620 -0.002300
v 0.007952 -0.001983 -0.003900
v 0.007952 -0.001983 -0.002300
v 0.007094 0.000681 -0.003900
v 0.007094 0.000681 -0.002300
v 0.007280 -0.002118 -0.003900
v 0.007280 -0.002118 -0.002300
v 0.007095 0.000726 -0.003900
v 0.007095 0.000726 -0.002300
v 0.006966 -0.002128 -0.003900
v 0.006966 -0.002128 -0.002300
v 0.007229 0.000889 -0.003900
v 0.007229 0.000889 -0.002300
v 0.007166 0.000852 -0.003900
v 0.007166 0.000852 -0.002300
v 0.007119 0.000796 -0.003900
v 0.007119 0.000796 -0.002300
v 0.006893 -0.002136 -0.003900
v 0.006893 -0.002136 -0.002300
v 0.006827 -0.002169 -0.003900
v 0.006827 -0.002169 -0.002300
v 0.006777 -0.002222 -0.003900
v 0.006777 -0.002222 -0.002300
v 0.007513 0.001026 -0.003900
v 0.007513 0.001026 -0.002300
v 0.006758 -0.002263 -0.003900
v 0.006758 -0.002263 -0.002300
v 0.008071 0.001423 -0.003900
v 0.008071 0.001423 -0.002300
v 0.006738 -0.002321 -0.003900
v 0.006738 -0.002321 -0.002300
v 0.008002 0.001770 -0.003900
v 0.008002 0.001770 -0.002300
v 0.006728 -0.002365 -0.003900
v 0.006728 -0.002365 -0.002300
v 0.007334 0.001924 -0.003900
v 0.007334 0.001924 -0.002300
v 0.006735 -0.002438 -0.003900
v 0.006735 -0.002438 -0.002300
v 0.006768 -0.002504 -0.003900
v 0.006768 -0.002504 -0.002300
v 0.006821 -0.002555 -0.003900
v 0.006821 -0.002555 -0.002300
v 0.007020 0.001942 -0.003900
v 0.007020 0.001942 -0.002300
v 0.007064 -0.002754 -0.003900
v 0.007064 -0.002754 -0.002300
v 0.006834 0.002041 -0.003900
v 0.006834 0.002041 -0.002300
v 0.006882 0.001986 -0.003900
v 0.006882 0.001986 -0.002300
v 0.006947 0.001952 -0.003900
v 0.006947 0.001952 -0.002300
v 0.007514 -0.003271 -0.003900
v 0.007514 -0.003271 -0.002300
v 0.006815 0.002083 -0.003900
v 0.006815 0.002083 -0.002300
v 0.007366 -0.003593 -0.003900
v 0.007366 -0.003593 -0.002300
v 0.006797 0.002141 -0.003900
v 0.006797 0.002141 -0.002300
v 0.006681 -0.003586 -0.003900
v 0.006681 -0.003586 -0.002300
v 0.006789 0.002185 -0.003900
v 0.006789 0.002185 -0.002300
v 0.006371 -0.003530 -0.003900
v 0.006371 -0.003530 -0.002300
v 0.006886 0.002373 -0.003900
v 0.006886 0.002373 -0.002300
v 0.006832 0.002323 -0.003900
v 0.006832 0.002323 -0.002300
v 0.006798 0.002258 -0.003900
v 0.006798 0.002258 -0.002300
v 0.006298 -0.003522 -0.003900
v 0.006298 -0.003522 -0.002300
v 0.006227 -0.003541 -0.003900
v 0.006227 -0.003541 -0.002300
v 0.006167 -0.003583 -0.003900
v 0.006167 -0.003583 -0.002300
v 0.007135 0.002566 -0.003900
v 0.007135 0.002566 -0.002300
v 0.006139 -0.003619 -0.003900
v 0.006139 -0.003619 -0.002300
v 0.007599 0.003070 -0.003900
v 0.007599 0.003070 -0.002300
v 0.006108 -0.003671 -0.003900
v 0.006108 -0.003671 -0.002300
v 0.007459 0.003395 -0.003900
v 0.007459 0.003395 -0.002300
v 0.006089 -0.003712 -0.003900
v 0.006089 -0.003712 -0.002300
v 0.006774 0.003407 -0.003900
v 0.006774 0.003407 -0.002300
v 0.006081 -0.003785 -0.003900
v 0.006081 -0.003785 -0.002300
v 0.006099 -0.003857 -0.003900
v 0.006099 -0.003857 -0.002300
v 0.006140 -0.003917 -0.003900
v 0.006140 -0.003917 -0.002300
v 0.006463 0.003359 -0.003900
v 0.006463 0.003359 -0.002300
v 0.006337 -0.004163 -0.003900
v 0.006337 -0.004163 -0.002300
v 0.006260 0.003417 -0.003900
v 0.006260 0.003417 -0.002300
v 0.006319 0.003374 -0.003900
v 0.006319 0.003374 -0.002300
v 0.006389 0.003354 -0.003900
v 0.006389 0.003354 -0.002300
v 0.006670 -0.004762 -0.003900
v 0.006670 -0.004762 -0.002300
v 0.006233 0.003454 -0.003900
v 0.006233 0.003454 -0.002300
v 0.006458 -0.005046 -0.003900
v 0.006458 -0.005046 -0.002300
v 0.006204 0.003507 -0.003900
v 0.006204 0.003507 -0.002300
v 0.005789 -0.004896 -0.003900
v 0.005789 -0.004896 -0.002300
v 0.006186 0.003549 -0.003900
v 0.006186 0.003549 -0.002300
v 0.005498 -0.004777 -0.003900
v 0.005498 -0.004777 -0.002300
v 0.006243 0.003752 -0.003900
v 0.006243 0.003752 -0.002300
v 0.006199 0.003693 -0.003900
v 0.006199 0.003693 -0.002300
v 0.006180 0.003622 -0.003900
v 0.006180 0.003622 -0.002300
v 0.005428 -0.004755 -0.003900
v 0.005428 -0.004755 -0.002300
v 0.005355 -0.004758 -0.003900
v 0.005355 -0.004758 -0.002300
v 0.005287 -0.004786 -0.003900
v 0.005287 -0.004786 -0.002300
v 0.006446 0.003993 -0.003900
v 0.006446 0.003993 -0.002300
v 0.005253 -0.004816 -0.003900
v 0.005253 -0.004816 -0.002300
v 0.006794 0.004583 -0.003900
v 0.006794 0.004583 -0.002300
v 0.005211 -0.004861 -0.003900
v 0.005211 -0.004861 -0.002300
v 0.006590 0.004872 -0.003900
v 0.006590 0.004872 -0.002300
v 0.005184 -0.004897 -0.003900
v 0.005184 -0.004897 -0.002300
v 0.005918 0.004741 -0.003900
v 0.005918 0.004741 -0.002300
v 0.005161 -0.004967 -0.003900
v 0.005161 -0.004967 -0.002300
v 0.005164 -0.005040 -0.003900
v 0.005164 -0.005040 -0.002300
v 0.005192 -0.005108 -0.003900
v 0.005192 -0.005108 -0.002300
v 0.005623 0.004629 -0.003900
v 0.005623 0.004629 -0.002300
v 0.005333 -0.005390 -0.003900
v 0.005333 -0.005390 -0.002300
v 0.005413 0.004644 -0.003900
v 0.005413 0.004644 -0.002300
v 0.005479 0.004614 -0.003900
v 0.005479 0.004614 -0.002300
v 0.005553 0.004609 -0.003900
v 0.005553 0.004609 -0.002300
v 0.005534 -0.006045 -0.003900
v 0.005534 -0.006045 -0.002300
v 0.005379 0.004675 -0.003900
v 0.005379 0.004675 -0.002300
v 0.005268 -0.006278 -0.003900
v 0.005268 -0.006278 -0.002300
v 0.005339 0.004721 -0.003900
v 0.005339 0.004721 -0.002300
v 0.004645 -0.005993 -0.003900
v 0.004645 -0.005993 -0.002300
v 0.005313 0.004758 -0.003900
v 0.005313 0.004758 -0.002300
v 0.004384 -0.005816 -0.003900
v 0.004384 -0.005816 -0.002300
v 0.005326 0.004968 -0.003900
v 0.005326 0.004968 -0.002300
v 0.005296 0.004901 -0.003900
v 0.005296 0.004901 -0.002300
v 0.005292 0.004828 -0.003900
v 0.005292 0.004828 -0.002300
v 0.004321 -0.005779 -0.003900
v 0.004321 -0.005779 -0.002300
v 0.004248 -0.005767 -0.003900
v 0.004248 -0.005767 -0.002300
v 0.004176 -0.005781 -0.003900
v 0.004176 -0.005781 -0.002300
v 0.005475 0.005246 -0.003900
v 0.005475 0.005246 -0.002300
v 0.004137 -0.005803 -0.003900
v 0.004137 -0.005803 -0.002300
v 0.005693 0.005895 -0.003900
v 0.005693 0.005895 -0.002300
v 0.004087 -0.005838 -0.003900
v 0.004087 -0.005838 -0.002300
v 0.005433 0.006136 -0.003900
v 0.005433 0.006136 -0.002300
v 0.004053 -0.005868 -0.003900
v 0.004053 -0.005868 -0.002300
v 0.004803 0.005867 -0.003900
v 0.004803 0.005867 -0.002300
v 0.004016 -0.005932 -0.003900
v 0.004016 -0.005932 -0.002300
v 0.004003 -0.006004 -0.003900
v 0.004003 -0.006004 -0.002300
v 0.004016 -0.006076 -0.003900
v 0.004016 -0.006076 -0.002300
v 0.004538 0.005697 -0.003900
v 0.004538 0.005697 -0.002300
v 0.004096 -0.006381 -0.003900
v 0.004096 -0.006381 -0.002300
v 0.004329 0.005668 -0.003900
v 0.004329 0.005668 -0.002300
v 0.004400 0.005652 -0.003900
v 0.004400 0.005652 -0.002300
v 0.004473 0.005662 -0.003900
v 0.004473 0.005662 -0.002300
v 0.004156 -0.007063 -0.003900
v 0.004156 -0.007063 -0.002300
v 0.004290 0.005691 -0.003900
v 0.004290 0.005691 -0.002300
v 0.003847 -0.007236 -0.003900
v 0.003847 -0.007236 -0.002300
v 0.004241 0.005727 -0.003900
v 0.004241 0.005727 -0.002300
v 0.003297 -0.006828 -0.003900
v 0.003297 -0.006828 -0.002300
v 0.004208 0.005758 -0.003900
v 0.004208 0.005758 -0.002300
v 0.003079 -0.006601 -0.003900
v 0.003079 -0.006601 -0.002300
v 0.004177 0.005967 -0.003900
v 0.004177 0.005967 -0.002300
v 0.004161 0.005895 -0.003900
v 0.004161 0.005895 -0.002300
v 0.004172 0.005823 -0.003900
v 0.004172 0.005823 -0.002300
v 0.003025 -0.006551 -0.003900
v 0.003025 -0.006551 -0.002300
v 0.002957 -0.006524 -0.003900
v 0.002957 -0.006524 -0.002300
v 0.002883 -0.006523 -0.003900
v 0.002883 -0.006523 -0.002300
v 0.004264 0.006269 -0.003900
v 0.004264 0.006269 -0.002300
v 0.002840 -0.006536 -0.003900
v 0.002840 -0.006536 -0.002300
v 0.004343 0.006950 -0.003900
v 0.004343 0.006950 -0.002300
v 0.002784 -0.006560 -0.003900
v 0.002784 -0.006560 -0.002300
v 0.004039 0.007131 -0.003900
v 0.004039 0.007131 -0.002300
v 0.002744 -0.006583 -0.003900
v 0.002744 -0.006583 -0.002300
v 0.003478 0.006738 -0.003900
v 0.003478 0.006738 -0.002300
v 0.002695 -0.006637 -0.003900
v 0.002695 -0.006637 -0.002300
v 0.002667 -0.006705 -0.003900
v 0.002667 -0.006705 -0.002300
v 0.002665 -0.006778 -0.003900
v 0.002665 -0.006778 -0.002300
v 0.003254 0.006516 -0.003900
v 0.003254 0.006516 -0.002300
v 0.002680 -0.007093 -0.003900
v 0.002680 -0.007093 -0.002300
v 0.003056 0.006444 -0.003900
v 0.003056 0.006444 -0.002300
v 0.003129 0.006444 -0.003900
v 0.003129 0.006444 -0.002300
v 0.003198 0.006469 -0.003900
v 0.003198 0.006469 -0.002300
v 0.002597 -0.007773 -0.003900
v 0.002597 -0.007773 -0.002300
v 0.003013 0.006458 -0.003900
v 0.003013 0.006458 -0.002300
v 0.002259 -0.007878 -0.003900
v 0.002259 -0.007878 -0.002300
v 0.002957 0.006484 -0.003900
v 0.002957 0.006484 -0.002300
v 0.001806 -0.007364 -0.003900
v 0.001806 -0.007364 -0.002300
v 0.002918 0.006507 -0.003900
v 0.002918 0.006507 -0.002300
v 0.001640 -0.007097 -0.003900
v 0.001640 -0.007097 -0.002300
v 0.002845 0.006705 -0.003900
v 0.002845 0.006705 -0.002300
v 0.002845 0.006632 -0.003900
v 0.002845 0.006632 -0.002300
v 0.002870 0.006563 -0.003900
v 0.002870 0.006563 -0.002300
v 0.001597 -0.007037 -0.003900
v 0.001597 -0.007037 -0.002300
v 0.001535 -0.006997 -0.003900
v 0.001535 -0.006997 -0.002300
v 0.001464 -0.006980 -0.003900
v 0.001464 -0.006980 -0.002300
v 0.002868 0.007019 -0.003900
v 0.002868 0.007019 -0.002300
v 0.001419 -0.006984 -0.003900
v 0.001419 -0.006984 -0.002300
v 0.002803 0.007701 -0.003900
v 0.002803 0.007701 -0.002300
v 0.001359 -0.006996 -0.003900
v 0.001359 -0.006996 -0.002300
v 0.002468 0.007815 -0.003900
v 0.002468 0.007815 -0.002300
v 0.001316 -0.007009 -0.003900
v 0.001316 -0.007009 -0.002300
v 0.002001 0.007314 -0.003900
v 0.002001 0.007314 -0.002300
v 0.001256 -0.007052 -0.003900
v 0.001256 -0.007052 -0.002300
v 0.001215 -0.007113 -0.003900
v 0.001215 -0.007113 -0.002300
v 0.001198 -0.007184 -0.003900
v 0.001198 -0.007184 -0.002300
v 0.001828 0.007050 -0.003900
v 0.001828 0.007050 -0.002300
v 0.001147 -0.007495 -0.003900
v 0.001147 -0.007495 -0.002300
v 0.001649 0.006939 -0.003900
v 0.001649 0.006939 -0.002300
v 0.001721 0.006953 -0.003900
v 0.001721 0.006953 -0.002300
v 0.001783 0.006992 -0.003900
v 0.001783 0.006992 -0.002300
v 0.000924 -0.008143 -0.003900
v 0.000924 -0.008143 -0.002300
v 0.001604 0.006944 -0.003900
v 0.001604 0.006944 -0.002300
v 0.000572 -0.008175 -0.003900
v 0.000572 -0.008175 -0.002300
v 0.001544 0.006957 -0.003900
v 0.001544 0.006957 -0.002300
v 0.000235 -0.007579 -0.003900
v 0.000235 -0.007579 -0.002300
v 0.001502 0.006972 -0.003900
v 0.001502 0.006972 -0.002300
v 0.000128 -0.007282 -0.003900
v 0.000128 -0.007282 -0.002300
v 0.001388 0.007150 -0.003900
v 0.001388 0.007150 -0.002300
v 0.001404 0.007078 -0.003900
v 0.001404 0.007078 -0.002300
v 0.001443 0.007016 -0.003900
v 0.001443 0.007016 -0.002300
v 0.000099 -0.007215 -0.003900
v 0.000099 -0.007215 -0.002300
v 0.000047 -0.007163 -0.003900
v 0.000047 -0.007163 -0.002300
v -0.000019 -0.007132 -0.003900
v -0.000019 -0.007132 -0.002300
v 0.001346 0.007462 -0.003900
v 0.001346 0.007462 -0.002300
v -0.000064 -0.007126 -0.003900
v -0.000064 -0.007126 -0.002300
v 0.001141 0.008116 -0.003900
v 0.001141 0.008116 -0.002300
v -0.000125 -0.007125 -0.003900
v -0.000125 -0.007125 -0.002300
v 0.000789 0.008157 -0.003900
v 0.000789 0.008157 -0.002300
v -0.000167 -0.007129 -0.003900
v -0.000167 -0.007129 -0.002300
v 0.003122 0.005701 -0.002300
v 0.004379 0.004803 -0.002300
v 0.004355 -0.004826 -0.002300
v 0.001687 0.006277 -0.002300
v 0.000581 0.007843 -0.002300
v 0.005389 0.003634 -0.002300
v -0.000634 -0.006469 -0.002300
v 0.000125 -0.006499 -0.002300
v 0.001656 -0.006286 -0.002300
v 0.003093 -0.005717 -0.002300
v 0.006083 -0.002290 -0.002300
v 0.006095 0.002259 -0.002300
v 0.006452 -0.000789 -0.002300
v 0.006456 0.000756 -0.002300
v 0.005371 -0.003661 -0.002300
v 0.000581 0.007843 -0.003900
v -0.006230 0.017216 -0.000000
v -0.005467 0.016405 -0.000000
v -0.010917 0.024121 -0.000000
v -0.014424 0.020419 -0.000000
v -0.011373 0.017103 -0.000000
v -0.014093 0.020817 -0.000000
v -0.010441 0.017714 -0.000000
v -0.009378 0.018044 -0.000000
v -0.008264 0.018069 -0.000000
v -0.014005 0.021327 -0.000000
v -0.014910 0.020240 -0.000000
v -0.015420 0.020328 -0.000000
v -0.016504 0.015945 -0.000000
v -0.007187 0.017786 -0.000000
v -0.015152 0.015738 -0.000000
v -0.013791 0.015871 -0.000000
v -0.012505 0.016335 -0.000000
v -0.016731 0.025927 -0.000000
v -0.015578 0.022053 -0.000000
v -0.015093 0.022232 -0.000000
v -0.014582 0.022144 -0.000000
v -0.014153 0.026163 -0.000000
v -0.015458 0.026215 -0.000000
v -0.015997 0.021145 -0.000000
v -0.019693 0.019506 -0.000000
v -0.015818 0.020659 -0.000000
v -0.019085 0.018351 -0.000000
v -0.017763 0.016480 -0.000000
v -0.017886 0.025320 -0.000000
v -0.018845 0.024434 -0.000000
v -0.015909 0.021655 -0.000000
v -0.014184 0.021813 -0.000000
v -0.011803 0.025079 -0.000000
v -0.012907 0.025776 -0.000000
v -0.019542 0.023330 -0.000000
v -0.019929 0.022084 -0.000000
v -0.019980 0.020779 -0.000000
v -0.010917 0.024121 -0.003900
v -0.011803 0.025079 -0.003900
v -0.012907 0.025776 -0.003900
v -0.014153 0.026163 -0.003900
v -0.015458 0.026215 -0.003900
v -0.016731 0.025927 -0.003900
v -0.017886 0.025320 -0.003900
v -0.018845 0.024434 -0.003900
v -0.019542 0.023330 -0.003900
v -0.019929 0.022084 -0.003900
v -0.019980 0.020779 -0.003900
v -0.019693 0.019506 -0.003900
v -0.019085 0.018351 -0.003900
v -0.000634 -0.006469 -0.003900
v -0.014424 0.020419 -0.003900
v -0.014093 0.020817 -0.003900
v -0.014005 0.021327 -0.003900
v -0.014184 0.021813 -0.003900
v -0.014582 0.022144 -0.003900
v -0.015093 0.022232 -0.003900
v -0.015578 0.022053 -0.003900
v -0.015909 0.021655 -0.003900
v -0.015997 0.021145 -0.003900
v -0.015818 0.020659 -0.003900
v -0.015420 0.020328 -0.003900
v -0.014910 0.020240 -0.003900
v 0.001687 0.006277 0.000900
v 0.003122 0.005701 0.000900
v 0.004379 0.004803 0.000900
v 0.005389 0.003634 0.000900
v 0.006095 0.002259 0.000900
v 0.006456 0.000756 0.000900
v 0.006452 -0.000789 0.000900
v 0.006083 -0.002290 0.000900
v 0.005371 -0.003661 0.000900
v 0.004355 -0.004826 0.000900
v 0.003093 -0.005717 0.000900
v 0.001656 -0.006286 0.000900
v 0.000125 -0.006499 0.000900
v -0.001413 -0.006345 -0.003900
v -0.001413 -0.006345 0.000900
v -0.002870 -0.005832 0.000900
v -0.002870 -0.005832 -0.003900
v -0.004166 -0.004989 0.000900
v -0.004166 -0.004989 -0.003900
v -0.005226 -0.003865 0.000900
v -0.005226 -0.003865 -0.003900
v -0.005991 -0.002522 0.000900
v -0.005991 -0.002522 -0.003900
v -0.006417 -0.001037 0.000900
v -0.006417 -0.001037 -0.003900
v -0.006480 0.000507 0.000900
v -0.006480 0.000507 -0.003900
v -0.005467 0.016405 0.000900
v -0.006230 0.017216 0.000900
v -0.007187 0.017786 0.000900
v -0.008264 0.018069 0.000900
v -0.009378 0.018044 0.000900
v -0.010441 0.017714 0.000900
v -0.011373 0.017103 0.000900
v -0.012505 0.016335 0.000900
v -0.013791 0.015871 0.000900
v -0.015152 0.015738 0.000900
v -0.016504 0.015945 0.000900
v -0.017763 0.016480 0.000900
v -0.009058 0.012823 -0.003900
v -0.009058 0.012823 0.000900
v -0.008588 0.013366 -0.003900
v -0.008588 0.013366 0.000900
v -0.008424 0.014065 -0.003900
v -0.008424 0.014065 0.000900
v -0.008603 0.014760 -0.003900
v -0.008603 0.014760 0.000900
v -0.009085 0.015292 -0.003900
v -0.009085 0.015292 0.000900
v -0.009759 0.015539 -0.003900
v -0.009759 0.015539 0.000900
v -0.010471 0.015445 -0.003900
v -0.010471 0.015445 0.000900
v -0.011057 0.015031 -0.003900
v -0.011057 0.015031 0.000900
v -0.011384 0.014391 -0.003900
v -0.011384 0.014391 0.000900
v -0.011376 0.013674 -0.003900
v -0.011376 0.013674 0.000900
v -0.011036 0.013042 -0.003900
v -0.011036 0.013042 0.000900
v -0.010441 0.012640 -0.003900
v -0.010441 0.012640 0.000900
v -0.009727 0.012561 -0.003900
v -0.009727 0.012561 0.000900
v -0.004212 0.005962 -0.003900
v -0.004212 0.005962 0.000900
v -0.003742 0.006505 -0.003900
v -0.003742 0.006505 0.000900
v -0.003577 0.007204 -0.003900
v -0.003577 0.007204 0.000900
v -0.003757 0.007899 -0.003900
v -0.003757 0.007899 0.000900
v -0.004239 0.008431 -0.003900
v -0.004239 0.008431 0.000900
v -0.004913 0.008678 -0.003900
v -0.004913 0.008678 0.000900
v -0.005624 0.008584 -0.003900
v -0.005624 0.008584 0.000900
v -0.006211 0.008170 -0.003900
v -0.006211 0.008170 0.000900
v -0.006538 0.007531 -0.003900
v -0.006538 0.007531 0.000900
v -0.006530 0.006813 -0.003900
v -0.006530 0.006813 0.000900
v -0.006189 0.006181 -0.003900
v -0.006189 0.006181 0.000900
v -0.005594 0.005779 -0.003900
v -0.005594 0.005779 0.000900
v -0.004880 0.005701 -0.003900
v -0.004880 0.005701 0.000900
v 0.000419 0.000908 -0.003900
v -0.000091 0.000996 -0.003900
v -0.000577 0.000817 -0.003900
v -0.000908 0.000419 -0.003900
v -0.000996 -0.000091 -0.003900
v -0.000817 -0.000577 -0.003900
v -0.000419 -0.000908 -0.003900
v 0.000996 0.000091 -0.003900
v 0.000817 0.000577 -0.003900
v 0.000091 -0.000996 -0.003900
v 0.000577 -0.000817 -0.003900
v 0.000908 -0.000419 -0.003900
v 0.000996 0.000091 0.000900
v 0.000908 -0.000419 0.000900
v -0.000996 -0.000091 0.000900
v -0.000817 -0.000577 0.000900
v 0.000577 -0.000817 0.000900
v 0.000091 -0.000996 0.000900
v -0.000419 -0.000908 0.000900
v 0.000817 0.000577 0.000900
v -0.000908 0.000419 0.000900
v -0.000577 0.000817 0.000900
v -0.000091 0.000996 0.000900
v 0.000419 0.000908 0.000900
v -0.019136 0.016877 -0.007468
v -0.018891 0.017112 -0.007690
v -0.016206 0.013577 -0.007826
v -0.018720 0.017264 -0.007820
v -0.018345 0.017550 -0.008017
v -0.015616 0.013910 -0.008190
v -0.018814 0.017181 -0.007749
v -0.012657 0.007568 -0.007388
v -0.016586 0.013016 -0.007345
v -0.012212 0.007880 -0.007818
v -0.012135 0.007934 -0.007874
v -0.019359 0.016645 -0.007222
v -0.016746 0.013226 -0.007338
v -0.016602 0.013037 -0.007344
v -0.011728 0.008220 -0.008168
v -0.010641 0.008983 -0.008655
v -0.011014 0.008720 -0.008511
v -0.014974 0.014231 -0.008460
v -0.011282 0.008533 -0.008407
v -0.011590 0.008317 -0.008242
v -0.014274 0.014539 -0.008664
v -0.010407 0.009146 -0.008718
v -0.009854 0.009535 -0.008866
v -0.013518 0.014836 -0.008821
v -0.009101 0.010063 -0.008988
v -0.012717 0.015117 -0.008926
v -0.009075 0.010081 -0.008992
v -0.008673 0.010363 -0.009022
v -0.011887 0.015377 -0.008967
v -0.008426 0.010536 -0.009018
v -0.007953 0.010869 -0.009009
v -0.011043 0.015609 -0.008932
v -0.007758 0.011005 -0.008979
v -0.007250 0.011362 -0.008899
v -0.010199 0.015809 -0.008814
v -0.006514 0.011879 -0.008680
v -0.009363 0.015980 -0.008625
v -0.006471 0.011908 -0.008663
v -0.005961 0.012267 -0.008458
v -0.007741 0.016244 -0.008103
v -0.005266 0.012754 -0.008128
v -0.004614 0.013212 -0.007772
v -0.006222 0.016451 -0.007437
v -0.004108 0.013567 -0.007439
v -0.004004 0.013640 -0.007370
v -0.005502 0.016573 -0.006992
v -0.003546 0.013961 -0.006990
v -0.004027 0.015708 -0.006432
v -0.002982 0.014357 -0.006433
v -0.003436 0.014038 -0.006899
v -0.007704 0.019228 -0.006982
v -0.007675 0.019228 -0.006961
v -0.007337 0.019224 -0.006713
v -0.006991 0.019233 -0.006427
v -0.005021 0.016993 -0.006431
v -0.005019 0.016991 -0.006431
v -0.004815 0.016726 -0.006431
v -0.008445 0.019278 -0.007387
v -0.010049 0.019432 -0.008026
v -0.009234 0.019344 -0.007752
v -0.008925 0.019311 -0.007649
v -0.008448 0.019278 -0.007389
v -0.011944 0.019553 -0.008512
v -0.011697 0.019541 -0.008456
v -0.010575 0.019489 -0.008202
v -0.010073 0.019435 -0.008034
v -0.012328 0.019570 -0.008599
v -0.012909 0.019525 -0.008666
v -0.013388 0.019487 -0.008722
v -0.013856 0.019451 -0.008777
v -0.013984 0.019441 -0.008792
v -0.014250 0.019378 -0.008789
v -0.015600 0.019023 -0.008748
v -0.015365 0.019117 -0.008780
v -0.015102 0.019178 -0.008782
v -0.014752 0.019260 -0.008785
v -0.015916 0.018896 -0.008704
v -0.016386 0.018708 -0.008639
v -0.016730 0.018571 -0.008592
v -0.017106 0.018354 -0.008486
v -0.017446 0.018159 -0.008389
v -0.018152 0.017698 -0.008119
v -0.017862 0.017919 -0.008272
v -0.017769 0.017972 -0.008298
v -0.003359 0.015992 -0.005735
v -0.006623 0.019256 -0.006089
v -0.006375 0.019283 -0.005837
v -0.002765 0.016270 -0.004941
v -0.002411 0.014758 -0.005717
v -0.002424 0.014748 -0.005734
v -0.002249 0.016532 -0.004103
v -0.001461 0.015425 -0.004172
v -0.001903 0.015114 -0.004956
v -0.001842 0.016752 -0.003274
v -0.001124 0.015661 -0.003457
v -0.001427 0.015448 -0.004101
v -0.001562 0.016908 -0.002495
v -0.000869 0.015840 -0.002769
v -0.001055 0.015709 -0.003270
v -0.001394 0.017005 -0.001762
v -0.000686 0.015969 -0.002062
v -0.000797 0.015890 -0.002492
v -0.000565 0.016053 -0.001227
v -0.000532 0.016077 -0.000420
v -0.001291 0.017069 -0.000373
v -0.000576 0.016046 -0.001337
v -0.000640 0.016001 -0.001760
v -0.001394 0.017005 0.001016
v -0.000555 0.016060 0.000354
v -0.000533 0.016076 -0.000373
v -0.001562 0.016908 0.001749
v -0.000643 0.015998 0.001090
v -0.000634 0.016005 0.001015
v -0.001842 0.016752 0.002528
v -0.000813 0.015879 0.001836
v -0.000793 0.015893 0.001747
v -0.002249 0.016532 0.003357
v -0.001069 0.015699 0.002579
v -0.001051 0.015712 0.002527
v -0.001917 0.015104 0.004232
v -0.001895 0.015120 0.004194
v -0.002765 0.016270 0.004195
v -0.001456 0.015428 0.003418
v -0.001428 0.015448 0.003355
v -0.002415 0.014755 0.004977
v -0.003359 0.015992 0.004989
v -0.002424 0.014749 0.004988
v -0.006274 0.019294 0.004988
v -0.006375 0.019283 0.005091
v -0.005021 0.016993 0.005685
v -0.006623 0.019256 0.005343
v -0.006991 0.019233 0.005681
v -0.004347 0.017189 0.004988
v -0.005836 0.019383 0.004440
v -0.003727 0.017416 0.004195
v -0.005626 0.019426 0.004177
v -0.005207 0.019512 0.003652
v -0.005032 0.019566 0.003350
v -0.003190 0.017644 0.003357
v -0.004856 0.019620 0.003044
v -0.002767 0.017842 0.002528
v -0.004558 0.019712 0.002528
v -0.004156 0.019859 0.001408
v -0.004272 0.019816 0.001739
v -0.002478 0.017984 0.001749
v -0.004455 0.019749 0.002263
v -0.004530 0.019721 0.002478
v -0.003964 0.019942 -0.000372
v -0.003951 0.019948 -0.000024
v -0.002200 0.018136 -0.000373
v -0.004019 0.019918 0.000519
v -0.002306 0.018075 0.001016
v -0.004081 0.019890 0.001013
v -0.004117 0.019874 0.001294
v -0.003999 0.019925 -0.001272
v -0.002306 0.018075 -0.001762
v -0.004005 0.019922 -0.001420
v -0.002478 0.017984 -0.002495
v -0.004179 0.019851 -0.002157
v -0.004084 0.019890 -0.001756
v -0.004582 0.019707 -0.003262
v -0.004465 0.019747 -0.003012
v -0.002767 0.017842 -0.003274
v -0.004294 0.019805 -0.002645
v -0.004258 0.019820 -0.002492
v -0.004840 0.019620 -0.003814
v -0.003190 0.017644 -0.004103
v -0.005034 0.019570 -0.004093
v -0.003727 0.017416 -0.004941
v -0.005619 0.019420 -0.004930
v -0.004347 0.017189 -0.005734
v -0.006274 0.019294 -0.005734
v -0.005816 0.019369 -0.005212
v -0.005810 0.019371 -0.005203
v -0.005019 0.016991 0.005685
v -0.002982 0.014357 0.005687
v -0.004027 0.015708 0.005686
v -0.004815 0.016726 0.005685
v -0.013944 0.006665 -0.005269
v -0.013986 0.006635 -0.005151
v -0.017882 0.012016 -0.005137
v -0.013852 0.006728 0.004725
v -0.013592 0.006911 0.005246
v -0.017523 0.012332 0.005228
v -0.016607 0.013033 0.006593
v -0.016748 0.013225 0.006590
v -0.017092 0.012680 0.005973
v -0.017110 0.013716 0.006582
v -0.013113 0.007247 0.006050
v -0.013106 0.007252 0.006059
v -0.014860 0.010661 0.006631
v -0.012657 0.007568 0.006635
v -0.013562 0.006932 0.005307
v -0.013500 0.006975 0.005430
v -0.013144 0.007226 0.006001
v -0.017882 0.012016 0.004391
v -0.013956 0.006656 0.004461
v -0.013979 0.006639 0.004401
v -0.018156 0.011758 0.003492
v -0.014269 0.006437 0.003553
v -0.014146 0.006523 0.003975
v -0.014484 0.006286 0.002609
v -0.014362 0.006371 0.003231
v -0.014285 0.006425 0.003496
v -0.014534 0.006250 0.002351
v -0.014494 0.006279 0.002556
v -0.018337 0.011575 0.002555
v -0.014614 0.006194 0.001641
v -0.018440 0.011461 0.001593
v -0.014619 0.006190 0.001593
v -0.014699 0.006135 -0.000373
v -0.014698 0.006135 -0.000337
v -0.018498 0.011385 -0.000373
v -0.014696 0.006136 0.000154
v -0.014641 0.006175 0.001401
v -0.014647 0.006171 -0.002088
v -0.014662 0.006160 -0.001851
v -0.014669 0.006156 -0.001733
v -0.014695 0.006138 -0.000990
v -0.014697 0.006136 -0.000865
v -0.014700 0.006134 -0.000615
v -0.014675 0.006152 -0.001614
v -0.014685 0.006145 -0.001365
v -0.014689 0.006142 -0.001240
v -0.014691 0.006141 -0.001178
v -0.014692 0.006139 -0.001115
v -0.018337 0.011575 -0.003301
v -0.014501 0.006274 -0.003304
v -0.014549 0.006240 -0.003008
v -0.018440 0.011461 -0.002339
v -0.014604 0.006201 -0.002559
v -0.014626 0.006186 -0.002340
v -0.014627 0.006185 -0.002324
v -0.014287 0.006424 -0.004243
v -0.014434 0.006321 -0.003670
v -0.014456 0.006305 -0.003562
v -0.014476 0.006291 -0.003455
v -0.018156 0.011758 -0.004238
v -0.014225 0.006467 -0.004488
v -0.013779 0.006780 -0.005642
v -0.017523 0.012332 -0.005974
v -0.013599 0.006907 -0.006005
v -0.017092 0.012680 -0.006719
v -0.013327 0.007097 -0.006482
v -0.013467 0.006999 -0.006246
v -0.012931 0.007375 -0.007058
v -0.013136 0.007232 -0.006776
v -0.013150 0.007221 -0.006753
v -0.019577 0.016397 -0.006930
v -0.020140 0.015614 -0.005763
v -0.020088 0.015691 -0.005883
v -0.019807 0.016104 -0.006533
v -0.019769 0.016159 -0.006620
v -0.020583 0.014829 -0.004142
v -0.020567 0.014860 -0.004210
v -0.020394 0.015188 -0.004940
v -0.020361 0.015250 -0.005078
v -0.020269 0.015425 -0.005465
v -0.020590 0.014808 -0.004064
v -0.020720 0.014452 -0.002740
v -0.020682 0.014558 -0.003136
v -0.020667 0.014598 -0.003283
v -0.020727 0.014406 -0.002334
v -0.020729 0.014393 -0.002210
v -0.020747 0.014256 -0.000993
v -0.020724 0.014408 0.001586
v -0.020728 0.014390 0.001471
v -0.020747 0.014300 0.000903
v -0.020747 0.014271 -0.000369
v -0.020747 0.014270 -0.000374
v -0.020695 0.014539 0.002404
v -0.020678 0.014582 0.002542
v -0.020577 0.014825 0.003313
v -0.020357 0.015252 0.004328
v -0.020395 0.015185 0.004193
v -0.020522 0.014959 0.003739
v -0.020558 0.014871 0.003461
v -0.020162 0.015599 0.005025
v -0.019359 0.016645 0.006476
v -0.019577 0.016397 0.006184
v -0.019769 0.016159 0.005874
v -0.019809 0.016103 0.005788
v -0.020105 0.015681 0.005150
v -0.008827 0.019665 -0.007143
v -0.008564 0.019624 -0.007029
v -0.008511 0.019569 -0.007155
v -0.018949 0.017382 -0.007690
v -0.013664 0.020035 -0.008167
v -0.013484 0.020042 -0.008146
v -0.013459 0.020010 -0.008365
v -0.014145 0.019973 -0.008190
v -0.014346 0.019910 -0.008426
v -0.014359 0.019946 -0.008201
v -0.015280 0.019754 -0.008193
v -0.015227 0.019722 -0.008421
v -0.015873 0.019566 -0.008141
v -0.016078 0.019453 -0.008351
v -0.016050 0.019510 -0.008125
v -0.015228 0.019766 -0.008193
v -0.015034 0.019809 -0.008197
v -0.014486 0.019930 -0.008207
v -0.016869 0.019165 -0.007986
v -0.016891 0.019111 -0.008217
v -0.017403 0.018884 -0.007848
v -0.017657 0.018707 -0.008020
v -0.017571 0.018795 -0.007804
v -0.018309 0.018310 -0.007507
v -0.018372 0.018243 -0.007744
v -0.018696 0.018016 -0.007298
v -0.019008 0.017733 -0.007356
v -0.018786 0.017938 -0.007235
v -0.018183 0.018406 -0.007575
v -0.018106 0.018455 -0.007604
v -0.017620 0.018764 -0.007786
v -0.016837 0.019181 -0.007994
v -0.016661 0.019255 -0.008023
v -0.016068 0.019503 -0.008122
v -0.019189 0.017569 -0.006911
v -0.018927 0.017817 -0.007136
v -0.018921 0.017822 -0.007140
v -0.013408 0.019725 -0.008683
v -0.014290 0.019610 -0.008748
v -0.015161 0.019413 -0.008745
v -0.016002 0.019137 -0.008677
v -0.016807 0.018792 -0.008547
v -0.017569 0.018385 -0.008358
v -0.018292 0.017911 -0.008086
v -0.019018 0.017577 -0.007551
v -0.019483 0.016841 -0.007145
v -0.019544 0.016968 -0.007081
v -0.007033 0.019310 -0.006377
v -0.007702 0.019324 -0.006907
v -0.009230 0.019489 -0.007699
v -0.008444 0.019388 -0.007350
v -0.011695 0.019754 -0.008404
v -0.010039 0.019600 -0.007974
v -0.007075 0.019387 -0.006327
v -0.007739 0.019407 -0.006839
v -0.008471 0.019490 -0.007262
v -0.009249 0.019611 -0.007593
v -0.010054 0.019738 -0.007855
v -0.011712 0.019911 -0.008274
v -0.013433 0.019897 -0.008551
v -0.014322 0.019791 -0.008616
v -0.015203 0.019598 -0.008614
v -0.016055 0.019324 -0.008546
v -0.016869 0.018980 -0.008415
v -0.017638 0.018572 -0.008221
v -0.018365 0.018102 -0.007946
v -0.007186 0.019490 -0.006195
v -0.007130 0.019439 -0.006261
v -0.007613 0.019504 -0.006523
v -0.007786 0.019475 -0.006759
v -0.007663 0.019509 -0.006553
v -0.008559 0.019623 -0.007027
v -0.008215 0.019569 -0.006878
v -0.007845 0.019529 -0.006660
v -0.009738 0.019820 -0.007431
v -0.009282 0.019701 -0.007461
v -0.010085 0.019834 -0.007704
v -0.011742 0.020015 -0.008101
v -0.011782 0.020047 -0.007901
v -0.011642 0.020042 -0.007877
v -0.010331 0.019909 -0.007584
v -0.010239 0.019896 -0.007561
v -0.010130 0.019880 -0.007533
v -0.010479 0.019929 -0.007620
v -0.013208 0.020054 -0.008116
v -0.012705 0.020076 -0.008059
v -0.012246 0.020061 -0.007980
v -0.019426 0.016726 -0.007203
v -0.019543 0.017034 -0.007020
v -0.019543 0.017035 -0.007019
v -0.019540 0.017184 -0.006882
v -0.019523 0.017204 -0.006851
v -0.019522 0.017206 -0.006848
v -0.019423 0.017324 -0.006660
v -0.020846 0.014420 -0.000368
v -0.019548 0.017035 0.006277
v -0.019548 0.017037 0.006276
v -0.020001 0.016493 0.005607
v -0.020646 0.015431 -0.003455
v -0.020590 0.015561 -0.003796
v -0.020705 0.015384 -0.003875
v -0.019543 0.017181 -0.006492
v -0.019964 0.016676 -0.006200
v -0.019842 0.016812 -0.006036
v -0.019773 0.016908 -0.006171
v -0.020295 0.016182 -0.005480
v -0.020173 0.016334 -0.005343
v -0.020109 0.016439 -0.005516
v -0.019935 0.016682 -0.005855
v -0.020539 0.015746 -0.004706
v -0.020359 0.016028 -0.004835
v -0.020303 0.016121 -0.004989
v -0.020539 0.015679 -0.004108
v -0.020526 0.015708 -0.004185
v -0.020420 0.015911 -0.004597
v -0.020670 0.015361 -0.003202
v -0.020799 0.015118 -0.003011
v -0.020693 0.015295 -0.002962
v -0.020748 0.015082 -0.001865
v -0.020739 0.015124 -0.002104
v -0.020840 0.014944 -0.002132
v -0.020732 0.015154 -0.002273
v -0.020712 0.015240 -0.002762
v -0.020754 0.015000 -0.000776
v -0.020848 0.014818 -0.000368
v -0.020754 0.015004 -0.000374
v -0.020740 0.015122 0.001366
v -0.020746 0.015095 0.001220
v -0.020840 0.014945 0.001394
v -0.020754 0.015013 0.000342
v -0.020754 0.015004 -0.000369
v -0.020799 0.015120 0.002270
v -0.020692 0.015296 0.002220
v -0.020708 0.015254 0.002073
v -0.020733 0.015152 0.001526
v -0.020705 0.015385 0.003131
v -0.020592 0.015559 0.003053
v -0.020623 0.015491 0.002886
v -0.020668 0.015365 0.002454
v -0.020539 0.015745 0.003959
v -0.020420 0.015910 0.003850
v -0.020492 0.015778 0.003594
v -0.020535 0.015683 0.003360
v -0.020295 0.016182 0.004733
v -0.020171 0.016335 0.004595
v -0.020309 0.016116 0.004247
v -0.020310 0.016114 0.004242
v -0.019964 0.016676 0.005454
v -0.019942 0.016676 0.005106
v -0.020046 0.016533 0.004911
v -0.019607 0.017114 0.005677
v -0.019773 0.016908 0.005425
v -0.019844 0.016811 0.005291
v -0.020841 0.014544 0.001452
v -0.020801 0.014717 0.002367
v -0.020706 0.014983 0.003274
v -0.020536 0.015347 0.004150
v -0.020287 0.015788 0.004967
v -0.019948 0.016290 -0.006472
v -0.020287 0.015789 -0.005714
v -0.020536 0.015348 -0.004897
v -0.020801 0.014716 -0.003107
v -0.020841 0.014543 -0.002190
v -0.020706 0.014983 -0.004018
v -0.019948 0.016290 0.005726
v -0.020335 0.015991 0.004862
v -0.020579 0.015550 0.004063
v -0.020745 0.015186 0.003208
v -0.020837 0.014919 0.002321
v -0.020876 0.014744 0.001423
v -0.020881 0.014619 -0.000368
v -0.020876 0.014743 -0.002162
v -0.020837 0.014918 -0.003062
v -0.020745 0.015185 -0.003952
v -0.020579 0.015550 -0.004810
v -0.020335 0.015992 -0.005609
v -0.020001 0.016493 -0.006353
v -0.019551 0.017002 0.006310
v -0.019484 0.016840 0.006401
v -0.019451 0.016761 0.006445
v -0.019423 0.017324 0.005914
v -0.019529 0.017211 0.006102
v -0.019530 0.017210 0.006105
v -0.019532 0.017208 0.006107
v -0.015034 0.019810 0.007452
v -0.015218 0.019761 0.007442
v -0.015219 0.019724 0.007675
v -0.019006 0.017735 0.006612
v -0.018410 0.017518 0.007265
v -0.018158 0.017706 0.007390
v -0.018287 0.017915 0.007343
v -0.013208 0.020062 0.007376
v -0.013460 0.020010 0.007619
v -0.012296 0.020072 0.007250
v -0.011740 0.020014 0.007354
v -0.012245 0.020068 0.007240
v -0.007786 0.019475 0.006012
v -0.008239 0.019572 0.006143
v -0.008511 0.019570 0.006409
v -0.008559 0.019623 0.006278
v -0.008565 0.019624 0.006281
v -0.008922 0.019681 0.006431
v -0.009282 0.019701 0.006715
v -0.009428 0.019767 0.006587
v -0.010084 0.019834 0.006957
v -0.009817 0.019833 0.006706
v -0.010130 0.019873 0.006782
v -0.010334 0.019899 0.006831
v -0.011107 0.019999 0.007018
v -0.011781 0.020040 0.007150
v -0.007667 0.019508 0.005814
v -0.007674 0.019509 0.005818
v -0.007844 0.019528 0.005916
v -0.007130 0.019439 0.005515
v -0.007186 0.019490 0.005449
v -0.007396 0.019494 0.005618
v -0.007613 0.019504 0.005777
v -0.013371 0.019517 0.007997
v -0.012952 0.019540 0.007939
v -0.013409 0.019725 0.007937
v -0.012423 0.019568 0.007866
v -0.011692 0.019753 0.007657
v -0.011978 0.019560 0.007777
v -0.008444 0.019388 0.006604
v -0.008431 0.019268 0.006668
v -0.008380 0.019263 0.006644
v -0.007702 0.019324 0.006161
v -0.007708 0.019228 0.006239
v -0.007704 0.019228 0.006236
v -0.009230 0.019489 0.006953
v -0.009119 0.019331 0.006983
v -0.008443 0.019269 0.006673
v -0.011690 0.019554 0.007720
v -0.011374 0.019548 0.007657
v -0.010038 0.019600 0.007227
v -0.010108 0.019442 0.007322
v -0.010079 0.019438 0.007312
v -0.010040 0.019434 0.007299
v -0.009229 0.019343 0.007021
v -0.018947 0.017384 0.006945
v -0.019263 0.016747 0.006588
v -0.018935 0.017069 0.006902
v -0.017453 0.018175 0.007661
v -0.017564 0.018388 0.007613
v -0.017821 0.017940 0.007534
v -0.017983 0.017836 0.007477
v -0.018891 0.017112 0.006944
v -0.018809 0.017182 0.007001
v -0.018488 0.017459 0.007226
v -0.015921 0.018919 0.007977
v -0.015996 0.019139 0.007932
v -0.016446 0.018699 0.007897
v -0.016803 0.018794 0.007802
v -0.016567 0.018648 0.007878
v -0.015153 0.019415 0.007999
v -0.015025 0.019217 0.008053
v -0.014807 0.019266 0.008054
v -0.014285 0.019611 0.008002
v -0.015833 0.018956 0.007991
v -0.015657 0.019013 0.008004
v -0.015097 0.019193 0.008048
v -0.017384 0.018219 0.007685
v -0.017166 0.018334 0.007736
v -0.016708 0.018575 0.007845
v -0.007033 0.019310 0.005631
v -0.007075 0.019387 0.005581
v -0.007739 0.019407 0.006092
v -0.008472 0.019490 0.006516
v -0.009249 0.019611 0.006847
v -0.010053 0.019738 0.007109
v -0.011710 0.019910 0.007528
v -0.013434 0.019897 0.007805
v -0.014318 0.019792 0.007870
v -0.015195 0.019600 0.007868
v -0.016049 0.019326 0.007801
v -0.016865 0.018981 0.007669
v -0.017634 0.018575 0.007477
v -0.018359 0.018105 0.007203
v -0.019016 0.017579 0.006806
v -0.018919 0.017823 0.006395
v -0.018927 0.017817 0.006390
v -0.019009 0.017743 0.006325
v -0.019284 0.017464 0.006052
v -0.018104 0.018452 0.006853
v -0.018367 0.018247 0.007000
v -0.017854 0.018624 0.006963
v -0.017652 0.018710 0.007276
v -0.017612 0.018762 0.007036
v -0.018305 0.018314 0.006765
v -0.018410 0.018241 0.006718
v -0.018786 0.017933 0.006480
v -0.016887 0.019113 0.007472
v -0.016861 0.019160 0.007235
v -0.017125 0.019039 0.007182
v -0.017401 0.018882 0.007099
v -0.015872 0.019566 0.007394
v -0.016059 0.019499 0.007372
v -0.016072 0.019454 0.007606
v -0.016351 0.019394 0.007336
v -0.016660 0.019253 0.007275
v -0.015653 0.019645 0.007420
v -0.013241 0.020062 0.007380
v -0.013484 0.020042 0.007400
v -0.014342 0.019911 0.007680
v -0.014078 0.019991 0.007448
v -0.014145 0.019980 0.007449
v -0.014354 0.019944 0.007452
v -0.014848 0.019859 0.007461
v -0.007614 0.019226 0.006173
v -0.007674 0.019227 0.006216
v -0.014225 0.019399 0.008056
v -0.013902 0.019444 0.008034
v -0.013388 0.019515 0.007998
v -0.004988 0.019763 0.002990
v -0.006473 0.019425 -0.005753
v -0.004915 0.019920 -0.003115
v -0.004827 0.019951 -0.002880
v -0.004613 0.019891 -0.002966
v -0.004393 0.020119 -0.000900
v -0.004390 0.020121 -0.000373
v -0.004145 0.020083 -0.000373
v -0.004659 0.020010 -0.002434
v -0.004336 0.019996 -0.002128
v -0.004651 0.020012 -0.002413
v -0.004569 0.020045 -0.002072
v -0.004430 0.020102 -0.001230
v -0.004186 0.020062 -0.001256
v -0.004484 0.020077 -0.001723
v -0.004990 0.019762 -0.003740
v -0.005183 0.019834 -0.003638
v -0.004951 0.019908 -0.003186
v -0.005927 0.019512 -0.005125
v -0.006378 0.019548 -0.005393
v -0.006078 0.019605 -0.005011
v -0.005930 0.019633 -0.004822
v -0.005846 0.019649 -0.004716
v -0.005376 0.019775 -0.003990
v -0.005319 0.019790 -0.003902
v -0.007026 0.019492 -0.006057
v -0.006872 0.019498 -0.005915
v -0.006641 0.019521 -0.005671
v -0.006604 0.019525 -0.005632
v -0.006315 0.019557 0.004573
v -0.006606 0.019526 0.004885
v -0.006473 0.019425 0.005007
v -0.006644 0.019522 0.004925
v -0.006871 0.019498 0.005169
v -0.005928 0.019512 0.004380
v -0.006080 0.019605 0.004266
v -0.004956 0.019907 0.002436
v -0.005174 0.019835 0.002891
v -0.005203 0.019825 0.002952
v -0.005382 0.019775 0.003240
v -0.005746 0.019673 0.003829
v -0.005934 0.019635 0.004075
v -0.004609 0.019892 0.002212
v -0.004845 0.019944 0.002205
v -0.004185 0.020062 0.000508
v -0.004458 0.020089 0.000814
v -0.004334 0.019997 0.001376
v -0.004492 0.020075 0.000976
v -0.004564 0.020046 0.001321
v -0.004601 0.020031 0.001496
v -0.004666 0.020008 0.001685
v -0.004818 0.019953 0.002128
v -0.004388 0.020122 0.000034
v -0.004428 0.020103 0.000482
v -0.019017 0.018399 0.004926
v -0.018647 0.018660 0.005345
v -0.019293 0.019682 0.005265
v -0.017834 0.019235 0.005996
v -0.017819 0.019245 0.006008
v -0.018477 0.020259 0.005919
v -0.016458 0.020207 0.006632
v -0.015952 0.020564 0.006787
v -0.016636 0.021559 0.006687
v -0.013544 0.022265 0.006632
v -0.013023 0.022633 0.006465
v -0.013747 0.023600 0.006369
v -0.010985 0.024073 0.004926
v -0.010581 0.024358 0.004457
v -0.011339 0.025301 0.004390
v -0.017021 0.026985 0.003562
v -0.017264 0.026873 0.003563
v -0.016781 0.026569 0.004211
v -0.018043 0.026516 0.003562
v -0.018483 0.026205 0.003563
v -0.018083 0.025649 0.004490
v -0.018961 0.025867 0.003563
v -0.019018 0.025809 0.003563
v -0.018745 0.025182 0.004427
v -0.019745 0.025061 0.003563
v -0.020029 0.024632 0.003563
v -0.019996 0.024298 0.003904
v -0.015872 0.021727 0.006812
v -0.015537 0.022069 0.006812
v -0.015663 0.022247 0.006780
v -0.014184 0.021813 0.006812
v -0.013980 0.021957 0.006772
v -0.014510 0.022107 0.006812
v -0.014691 0.022933 0.006673
v -0.015011 0.022236 0.006812
v -0.015510 0.022097 0.006812
v -0.016001 0.021226 0.006812
v -0.015862 0.020727 0.006812
v -0.015818 0.020659 0.006812
v -0.019978 0.017720 0.003562
v -0.019374 0.018147 0.004522
v -0.020540 0.018694 0.003563
v -0.020010 0.019176 0.004454
v -0.020569 0.018779 0.003563
v -0.020912 0.019755 0.003563
v -0.020505 0.020263 0.004251
v -0.020942 0.019949 0.003562
v -0.020994 0.022235 0.003562
v -0.021048 0.021991 0.003563
v -0.020848 0.021377 0.003919
v -0.021073 0.021209 0.003562
v -0.021084 0.020867 0.003563
v -0.020540 0.023716 0.003563
v -0.020806 0.023089 0.003563
v -0.020457 0.022889 0.004113
v -0.020925 0.022550 0.003563
v -0.020211 0.021827 0.004640
v -0.020367 0.024124 0.003563
v -0.020422 0.023995 0.003563
v -0.019807 0.023348 0.004633
v -0.016458 0.027126 0.003563
v -0.015337 0.026506 0.004600
v -0.015396 0.027291 0.003563
v -0.016176 0.026996 0.003876
v -0.015790 0.027267 0.003563
v -0.015930 0.027258 0.003563
v -0.013768 0.026378 0.004593
v -0.013808 0.027202 0.003562
v -0.014693 0.026961 0.004070
v -0.014260 0.027258 0.003563
v -0.014808 0.027326 0.003563
v -0.013138 0.026823 0.003862
v -0.012947 0.026949 0.003563
v -0.013692 0.027187 0.003563
v -0.012621 0.026845 0.003563
v -0.012200 0.026130 0.004190
v -0.011803 0.026405 0.003563
v -0.011630 0.026312 0.003563
v -0.010825 0.025663 0.003563
v -0.010755 0.025606 0.003563
v -0.010024 0.024752 0.003563
v -0.016045 0.026006 0.004991
v -0.014489 0.025869 0.005185
v -0.015279 0.025310 0.005622
v -0.013654 0.025103 0.005615
v -0.014506 0.024501 0.006086
v -0.012858 0.024228 0.005878
v -0.017923 0.026571 0.003563
v -0.017422 0.026116 0.004417
v -0.016796 0.025476 0.005233
v -0.017569 0.024930 0.005318
v -0.016119 0.024717 0.005892
v -0.016983 0.024107 0.005987
v -0.015411 0.023862 0.006377
v -0.016342 0.023204 0.006479
v -0.018343 0.024383 0.005244
v -0.017848 0.023496 0.005905
v -0.017274 0.022546 0.006390
v -0.011299 0.023851 0.005291
v -0.012048 0.024801 0.005212
v -0.012878 0.025651 0.004977
v -0.012121 0.023270 0.005966
v -0.012169 0.023236 0.005993
v -0.016913 0.019886 0.006493
v -0.017582 0.020891 0.006397
v -0.018180 0.021905 0.006113
v -0.018690 0.022901 0.005647
v -0.019096 0.023851 0.005014
v -0.019388 0.024727 0.004230
v -0.019521 0.025291 0.003563
v -0.019485 0.022340 0.005222
v -0.019037 0.021300 0.005654
v -0.019819 0.020748 0.005028
v -0.018228 0.015204 0.003399
v -0.019998 0.017706 0.003398
v -0.019965 0.017730 0.003323
v -0.018305 0.015352 0.003563
v -0.018308 0.015350 0.003558
v -0.020003 0.017703 0.003483
v -0.018314 0.015338 0.003534
v -0.018313 0.015319 0.003507
v -0.018238 0.015212 0.003404
v -0.018279 0.015259 0.003443
v -0.018300 0.015296 0.003483
v -0.017942 0.014990 0.003281
v -0.017968 0.015004 0.003285
v -0.018024 0.015036 0.003294
v -0.018039 0.015048 0.003302
v -0.018091 0.015091 0.003329
v -0.019909 0.017769 0.003272
v -0.019841 0.017817 0.003254
v -0.017780 0.014899 0.003254
v -0.020941 0.019748 0.003483
v -0.021114 0.020865 0.003483
v -0.020835 0.023098 0.003483
v -0.019768 0.025080 0.003483
v -0.017031 0.027013 0.003483
v -0.014807 0.027356 0.003483
v -0.010872 0.025486 0.003254
v -0.011723 0.026172 0.003254
v -0.010814 0.025546 0.003272
v -0.011677 0.026242 0.003272
v -0.010767 0.025594 0.003323
v -0.011640 0.026298 0.003323
v -0.010738 0.025624 0.003398
v -0.011617 0.026332 0.003398
v -0.010734 0.025628 0.003483
v -0.011614 0.026337 0.003483
v -0.010161 0.024655 0.003254
v -0.010093 0.024703 0.003272
v -0.010038 0.024742 0.003323
v -0.010005 0.024766 0.003398
v -0.010000 0.024769 0.003483
v -0.012609 0.026873 0.003483
v -0.012611 0.026867 0.003398
v -0.012627 0.026830 0.003323
v -0.012654 0.026767 0.003272
v -0.012686 0.026691 0.003254
v -0.013728 0.027023 0.003254
v -0.013710 0.027104 0.003272
v -0.013695 0.027171 0.003323
v -0.013687 0.027211 0.003398
v -0.013685 0.027216 0.003483
v -0.014807 0.027350 0.003398
v -0.014808 0.027310 0.003323
v -0.014810 0.027242 0.003272
v -0.014813 0.027159 0.003254
v -0.015935 0.027288 0.003483
v -0.015934 0.027282 0.003398
v -0.015927 0.027242 0.003323
v -0.015917 0.027174 0.003272
v -0.015904 0.027092 0.003254
v -0.016965 0.026827 0.003254
v -0.016993 0.026905 0.003272
v -0.017015 0.026969 0.003323
v -0.017029 0.027008 0.003398
v -0.018058 0.026542 0.003483
v -0.017959 0.026371 0.003254
v -0.018001 0.026443 0.003272
v -0.018035 0.026502 0.003323
v -0.018055 0.026537 0.003398
v -0.018852 0.025740 0.003254
v -0.018906 0.025803 0.003272
v -0.018950 0.025855 0.003323
v -0.018977 0.025886 0.003398
v -0.018981 0.025890 0.003483
v -0.019764 0.025076 0.003398
v -0.019732 0.025050 0.003323
v -0.019679 0.025008 0.003272
v -0.019614 0.024955 0.003254
v -0.020219 0.024044 0.003254
v -0.020292 0.024084 0.003272
v -0.020352 0.024116 0.003323
v -0.020388 0.024135 0.003398
v -0.020393 0.024138 0.003483
v -0.020646 0.023038 0.003254
v -0.020725 0.023063 0.003272
v -0.020790 0.023084 0.003323
v -0.020829 0.023096 0.003398
v -0.021078 0.021994 0.003483
v -0.020881 0.021970 0.003254
v -0.020964 0.021980 0.003272
v -0.021031 0.021989 0.003323
v -0.021072 0.021994 0.003398
v -0.021108 0.020865 0.003398
v -0.021067 0.020868 0.003323
v -0.020999 0.020872 0.003272
v -0.020916 0.020877 0.003254
v -0.020936 0.019750 0.003398
v -0.020896 0.019759 0.003323
v -0.020830 0.019776 0.003272
v -0.020749 0.019796 0.003254
v -0.020567 0.018682 0.003483
v -0.020561 0.018684 0.003398
v -0.020524 0.018701 0.003323
v -0.020462 0.018730 0.003272
v -0.020387 0.018764 0.003254
v -0.006588 0.019854 0.003321
v -0.006678 0.019867 0.003273
v -0.006686 0.019868 0.003269
v -0.006786 0.019876 0.003254
v -0.006535 0.019841 0.003378
v -0.006585 0.019853 0.003323
v -0.006507 0.019822 0.003483
v -0.006510 0.019830 0.003435
v -0.006526 0.019837 0.003398
v -0.006507 0.019819 0.003497
v -0.006534 0.019811 0.003563
v -0.015862 0.020727 0.003254
v -0.016001 0.021226 0.003254
v -0.015872 0.021727 0.003254
v -0.015510 0.022097 0.003254
v -0.015011 0.022236 0.003254
v -0.014510 0.022107 0.003254
v -0.014140 0.021744 0.003254
v -0.014140 0.021744 0.006812
v -0.014038 0.021504 0.006820
v -0.014001 0.021246 0.003254
v -0.014001 0.021246 0.006834
v -0.014033 0.020987 0.006852
v -0.014130 0.020744 0.003254
v -0.014130 0.020744 0.006868
v -0.014424 0.020419 0.006881
v -0.014493 0.020375 0.003254
v -0.014493 0.020375 0.006881
v -0.014733 0.020272 0.006873
v -0.014992 0.020236 0.003254
v -0.014992 0.020236 0.006859
v -0.015493 0.020365 0.003254
v -0.015493 0.020365 0.006824
v -0.015251 0.020268 0.006841
v -0.016259 0.013545 0.007039
v -0.012359 0.007777 0.006928
v -0.012177 0.007904 0.007073
v -0.009163 0.010020 0.008221
v -0.009143 0.010034 0.008223
v -0.012769 0.015100 0.008175
v -0.005353 0.012693 0.007425
v -0.005273 0.012750 0.007383
v -0.007761 0.016242 0.007365
v -0.005506 0.016572 0.006250
v -0.003519 0.013980 0.006229
v -0.003547 0.013960 0.006252
v -0.006231 0.016450 0.006696
v -0.004101 0.013572 0.006695
v -0.004926 0.012993 0.007203
v -0.004506 0.013288 0.006961
v -0.004302 0.013431 0.006832
v -0.009394 0.015974 0.007888
v -0.006448 0.011925 0.007899
v -0.006286 0.012038 0.007846
v -0.005610 0.012513 0.007552
v -0.007733 0.011024 0.008230
v -0.007135 0.011443 0.008115
v -0.010237 0.015801 0.008075
v -0.007060 0.011496 0.008100
v -0.006497 0.011890 0.007916
v -0.008399 0.010556 0.008271
v -0.007791 0.010983 0.008236
v -0.011086 0.015598 0.008190
v -0.007749 0.011012 0.008233
v -0.009076 0.010080 0.008227
v -0.008464 0.010510 0.008266
v -0.011935 0.015362 0.008221
v -0.008401 0.010554 0.008270
v -0.009999 0.009433 0.008070
v -0.010770 0.008892 0.007849
v -0.010451 0.009116 0.007940
v -0.014329 0.014516 0.007904
v -0.010387 0.009160 0.007959
v -0.013572 0.014816 0.008065
v -0.011370 0.008471 0.007602
v -0.011058 0.008689 0.007730
v -0.015029 0.014205 0.007695
v -0.010999 0.008731 0.007754
v -0.015671 0.013881 0.007416
v -0.011578 0.008325 0.007481
v -0.012127 0.007940 0.007113
v -0.011900 0.008099 0.007293
v -0.011632 0.008287 0.007449
v -0.009428 -0.000827 0.003549
v -0.009732 -0.001295 -0.000337
v -0.012890 0.007404 -0.007122
v -0.012655 0.007569 -0.007400
v -0.008195 0.000920 -0.007362
v -0.006178 -0.002854 -0.006946
v -0.006383 -0.003088 -0.006636
v -0.008588 0.000388 -0.006732
v -0.005946 -0.002610 -0.007236
v -0.008002 0.000620 -0.007353
v -0.008163 0.000873 -0.007362
v -0.013107 0.007252 -0.006829
v -0.013152 0.007220 -0.006761
v -0.013707 0.006831 -0.005806
v -0.013606 0.006902 -0.006000
v -0.008935 -0.000100 -0.005980
v -0.013519 0.006963 -0.006167
v -0.013321 0.007102 -0.006505
v -0.013880 0.006709 -0.005432
v -0.009225 -0.000522 -0.005135
v -0.013980 0.006639 -0.005192
v -0.014362 0.006371 -0.004001
v -0.014299 0.006415 -0.004235
v -0.009446 -0.000854 -0.004229
v -0.014254 0.006447 -0.004405
v -0.013996 0.006628 -0.005148
v -0.014453 0.006308 -0.003590
v -0.009595 -0.001080 -0.003285
v -0.014507 0.006269 -0.003288
v -0.014599 0.006205 -0.002619
v -0.014567 0.006228 -0.002890
v -0.014515 0.006264 -0.003242
v -0.014648 0.006170 -0.002076
v -0.014629 0.006184 -0.002317
v -0.009682 -0.001214 -0.002316
v -0.014626 0.006186 -0.002348
v -0.014680 0.006148 -0.001507
v -0.014673 0.006153 -0.001655
v -0.014666 0.006158 -0.001804
v -0.014698 0.006135 -0.000764
v -0.014696 0.006136 -0.000913
v -0.014694 0.006138 -0.001061
v -0.014690 0.006141 -0.001210
v -0.014686 0.006144 -0.001359
v -0.009676 -0.001205 0.001641
v -0.009720 -0.001275 0.000657
v -0.009584 -0.001062 0.002608
v -0.009199 -0.000485 0.004451
v -0.008904 -0.000055 0.005287
v -0.006383 -0.003088 0.005866
v -0.006344 -0.003044 0.005924
v -0.008552 0.000439 0.006029
v -0.006178 -0.002854 0.006176
v -0.005946 -0.002610 0.006466
v -0.008002 0.000620 0.006583
v -0.008163 0.000873 0.006592
v -0.008195 0.000920 0.006592
v -0.006423 -0.003142 0.005779
v -0.006986 -0.003938 0.004392
v -0.006894 -0.003776 0.004755
v -0.006779 -0.003622 0.005004
v -0.006692 -0.003504 0.005194
v -0.007041 -0.004036 0.004173
v -0.007310 -0.004589 0.002589
v -0.007235 -0.004396 0.003291
v -0.007214 -0.004341 0.003490
v -0.007206 -0.004326 0.003523
v -0.007334 -0.004650 0.002368
v -0.007365 -0.004729 0.002082
v -0.007396 -0.004941 0.000332
v -0.007390 -0.004902 0.000654
v -0.007376 -0.004806 0.001443
v -0.007373 -0.004783 0.001634
v -0.007396 -0.004926 -0.000336
v -0.007375 -0.004799 -0.002309
v -0.007378 -0.004812 -0.002231
v -0.007396 -0.004892 -0.001758
v -0.007396 -0.004925 -0.000385
v -0.007341 -0.004655 -0.003159
v -0.007148 -0.004208 -0.004604
v -0.007206 -0.004339 -0.004196
v -0.007224 -0.004381 -0.004067
v -0.007337 -0.004636 -0.003270
v -0.006786 -0.003621 -0.005789
v -0.007004 -0.003975 -0.005074
v -0.007042 -0.004036 -0.004951
v -0.006385 -0.003091 -0.006631
v -0.006425 -0.003142 -0.006553
v -0.006752 -0.003566 -0.005900
v -0.012209 0.007882 -0.007829
v -0.012129 0.007938 -0.007886
v -0.011721 0.008224 -0.008179
v -0.011579 0.008324 -0.008254
v -0.011274 0.008538 -0.008417
v -0.007905 0.010902 -0.009020
v -0.007733 0.011023 -0.008992
v -0.007201 0.011397 -0.008905
v -0.007081 0.011480 -0.008869
v -0.006460 0.011916 -0.008682
v -0.003521 0.013979 -0.007001
v -0.003371 0.014084 -0.006874
v -0.002955 0.014376 -0.006445
v -0.006447 0.011926 -0.008676
v -0.005885 0.012320 -0.008448
v -0.004083 0.013584 -0.007449
v -0.003935 0.013688 -0.007350
v -0.010999 0.008731 -0.008523
v -0.010628 0.008992 -0.008666
v -0.010388 0.009160 -0.008730
v -0.009839 0.009545 -0.008876
v -0.009077 0.010080 -0.009000
v -0.009060 0.010092 -0.009003
v -0.008626 0.010396 -0.009036
v -0.004543 0.013262 -0.007757
v -0.005193 0.012805 -0.008115
v -0.005233 0.012777 -0.008134
v -0.002397 0.014767 -0.005746
v -0.002384 0.014777 -0.005729
v -0.005378 0.012675 0.007439
v -0.005233 0.012778 0.007365
v -0.005148 0.012837 0.007322
v -0.004827 0.013063 0.007150
v -0.004468 0.013314 0.006941
v -0.004119 0.013560 0.006713
v -0.004082 0.013586 0.006684
v -0.003517 0.013982 0.006238
v -0.003509 0.013988 0.006231
v -0.002955 0.014376 0.005675
v -0.002397 0.014767 0.004976
v -0.002385 0.014776 0.004961
v -0.001887 0.015125 0.004216
v -0.001868 0.015139 0.004182
v -0.001427 0.015449 0.003402
v -0.001400 0.015467 0.003343
v -0.001039 0.015720 0.002561
v -0.001023 0.015732 0.002515
v -0.000784 0.015900 0.001819
v -0.000765 0.015913 0.001736
v -0.000614 0.016019 0.001073
v -0.000606 0.016024 0.001003
v -0.000527 0.016080 0.000338
v -0.000505 0.016095 -0.000385
v -0.000504 0.016096 -0.000436
v -0.000538 0.016072 -0.001244
v -0.000548 0.016065 -0.001354
v -0.000612 0.016020 -0.001772
v -0.000658 0.015988 -0.002078
v -0.000769 0.015910 -0.002504
v -0.000843 0.015858 -0.002785
v -0.001027 0.015729 -0.003282
v -0.001098 0.015679 -0.003472
v -0.001400 0.015467 -0.004113
v -0.001434 0.015444 -0.004185
v -0.001876 0.015133 -0.004968
v 0.001445 0.010452 0.003335
v 0.000185 0.012940 0.003345
v -0.000212 0.012513 0.004183
v -0.002321 0.013405 0.005674
v -0.001976 0.012875 0.005674
v -0.001480 0.013401 0.004977
v 0.000459 0.008719 0.005670
v 0.000715 0.009282 0.005087
v -0.001062 0.011437 0.005673
v 0.000717 0.009286 0.005082
v -0.001015 0.013862 0.004183
v -0.000592 0.014256 0.003345
v -0.000246 0.014563 0.002516
v -0.000005 0.014773 0.001737
v 0.000144 0.014897 0.001004
v 0.000239 0.014973 -0.000385
v 0.000144 0.014897 -0.001774
v -0.000005 0.014773 -0.002507
v -0.000246 0.014563 -0.003286
v -0.000592 0.014256 -0.004115
v -0.001015 0.013862 -0.004953
v -0.001256 0.011774 -0.006444
v -0.001976 0.012876 -0.006444
v -0.001480 0.013401 -0.005747
v -0.002321 0.013405 -0.006444
v 0.000764 0.009376 -0.005746
v 0.000719 0.009281 -0.005849
v -0.001062 0.011437 -0.006443
v 0.000509 0.008839 -0.006326
v 0.000459 0.008719 -0.006440
v -0.000638 0.012007 -0.005747
v 0.000997 0.009758 -0.005198
v -0.000212 0.012513 -0.004953
v 0.001109 0.009942 -0.004935
v 0.001331 0.010307 -0.004413
v 0.001442 0.010454 -0.004107
v 0.000185 0.012940 -0.004115
v 0.001550 0.010599 -0.003808
v 0.000515 0.013270 -0.003286
v 0.001739 0.010851 -0.003286
v 0.002011 0.011178 -0.002174
v 0.001934 0.011086 -0.002497
v 0.000746 0.013493 -0.002507
v 0.001805 0.010933 -0.003031
v 0.001755 0.010872 -0.003242
v 0.002154 0.011332 -0.000386
v 0.002165 0.011343 -0.000739
v 0.000983 0.013704 -0.000385
v 0.002113 0.011289 -0.001279
v 0.000890 0.013625 -0.001774
v 0.002066 0.011239 -0.001771
v 0.002038 0.011210 -0.002061
v 0.002066 0.011238 0.000998
v 0.002121 0.011300 0.000673
v 0.000890 0.013625 0.001004
v 0.002126 0.011305 0.000511
v 0.001999 0.011162 0.001392
v 0.000747 0.013493 0.001737
v 0.001941 0.011097 0.001734
v 0.001913 0.011066 0.001897
v 0.000515 0.013270 0.002516
v 0.001806 0.010930 0.002246
v 0.001550 0.010608 0.003075
v 0.001559 0.010620 0.003045
v 0.001726 0.010830 0.002504
v 0.000764 0.009376 0.004976
v 0.000984 0.009771 0.004470
v -0.000638 0.012007 0.004977
v 0.000994 0.009785 0.004447
v 0.001105 0.009950 0.004172
v -0.001217 0.011714 0.005674
v -0.001256 0.011774 0.005674
v -0.001218 0.011716 -0.006444
v -0.010986 0.024072 -0.005670
v -0.011424 0.023763 -0.006155
v -0.012170 0.024714 -0.006075
v -0.012174 0.023233 -0.006732
v -0.012298 0.023145 -0.006828
v -0.013033 0.024105 -0.006738
v -0.016460 0.020205 -0.007390
v -0.017303 0.019610 -0.007057
v -0.017967 0.020619 -0.006964
v -0.017825 0.019241 -0.006720
v -0.018216 0.018965 -0.006467
v -0.018867 0.019983 -0.006382
v -0.020540 0.018694 -0.004308
v -0.020569 0.018779 -0.004309
v -0.020355 0.018932 -0.004692
v -0.020367 0.024124 -0.004309
v -0.020271 0.024269 -0.004309
v -0.020262 0.024110 -0.004458
v -0.018961 0.025867 -0.004309
v -0.018664 0.026077 -0.004309
v -0.018305 0.025493 -0.005230
v -0.018043 0.026516 -0.004309
v -0.017429 0.026798 -0.004309
v -0.016936 0.026459 -0.005020
v -0.017021 0.026985 -0.004309
v -0.016639 0.027081 -0.004308
v -0.016295 0.026912 -0.004700
v -0.015510 0.022097 -0.007558
v -0.015823 0.021778 -0.007558
v -0.015989 0.022016 -0.007517
v -0.015872 0.021727 -0.007558
v -0.016001 0.021226 -0.007558
v -0.016998 0.021304 -0.007347
v -0.016320 0.020305 -0.007445
v -0.015862 0.020727 -0.007558
v -0.015818 0.020659 -0.007558
v -0.014510 0.022107 -0.007558
v -0.014515 0.022108 -0.007558
v -0.014971 0.022735 -0.007470
v -0.015011 0.022236 -0.007558
v -0.013976 0.023439 -0.007208
v -0.013255 0.022470 -0.007305
v -0.013543 0.022266 -0.007383
v -0.010024 0.024752 -0.004309
v -0.010658 0.024304 -0.005307
v -0.010755 0.025606 -0.004309
v -0.011415 0.025247 -0.005238
v -0.010825 0.025663 -0.004308
v -0.011630 0.026312 -0.004308
v -0.012272 0.026079 -0.005034
v -0.011803 0.026405 -0.004309
v -0.014021 0.027228 -0.004309
v -0.013692 0.027187 -0.004309
v -0.013206 0.026775 -0.004699
v -0.012947 0.026949 -0.004308
v -0.012621 0.026845 -0.004309
v -0.015599 0.027278 -0.004309
v -0.014808 0.027326 -0.004309
v -0.014790 0.026893 -0.004909
v -0.014260 0.027258 -0.004308
v -0.013877 0.026301 -0.005443
v -0.015930 0.027258 -0.004308
v -0.015790 0.027267 -0.004309
v -0.015476 0.026408 -0.005437
v -0.020118 0.023129 -0.005154
v -0.020798 0.023109 -0.004308
v -0.020422 0.023995 -0.004309
v -0.020758 0.022677 -0.004545
v -0.020925 0.022550 -0.004309
v -0.020806 0.023089 -0.004309
v -0.021048 0.021991 -0.004308
v -0.020547 0.021589 -0.005035
v -0.021073 0.021209 -0.004309
v -0.021084 0.020867 -0.004309
v -0.020182 0.020492 -0.005396
v -0.021078 0.020833 -0.004309
v -0.020836 0.020029 -0.004510
v -0.020912 0.019755 -0.004308
v -0.020942 0.019949 -0.004309
v -0.019205 0.025617 -0.004309
v -0.018991 0.025008 -0.005114
v -0.018631 0.024179 -0.005921
v -0.017828 0.024746 -0.006057
v -0.018170 0.023269 -0.006574
v -0.017273 0.023902 -0.006725
v -0.017620 0.022301 -0.007053
v -0.016654 0.022984 -0.007217
v -0.018098 0.026477 -0.004309
v -0.017613 0.025981 -0.005198
v -0.017019 0.025318 -0.006020
v -0.016368 0.024541 -0.006684
v -0.015679 0.023672 -0.007172
v -0.016227 0.025878 -0.005811
v -0.015483 0.025167 -0.006451
v -0.014725 0.024346 -0.006921
v -0.014184 0.021813 -0.007558
v -0.019671 0.019415 -0.005616
v -0.019031 0.018389 -0.005691
v -0.019978 0.017720 -0.004309
v -0.019724 0.017900 -0.004753
v -0.019832 0.022094 -0.005716
v -0.019411 0.021036 -0.006129
v -0.018549 0.021645 -0.006687
v -0.019032 0.022660 -0.006234
v -0.019402 0.023635 -0.005617
v -0.019650 0.024543 -0.004854
v -0.019745 0.025061 -0.004308
v -0.014644 0.025759 -0.006033
v -0.013822 0.024984 -0.006470
v -0.012996 0.025568 -0.005835
v -0.014130 0.020744 -0.007614
v -0.014033 0.020987 -0.007598
v -0.011866 0.019900 -0.007403
v -0.014001 0.021246 -0.007580
v -0.014038 0.021504 -0.007566
v -0.014140 0.021744 -0.007558
v -0.015493 0.020365 -0.007570
v -0.015251 0.020268 -0.007587
v -0.014790 0.017835 -0.007403
v -0.014992 0.020236 -0.007605
v -0.012386 0.019533 -0.007482
v -0.012942 0.019141 -0.007568
v -0.014424 0.020419 -0.007627
v -0.013328 0.018868 -0.007627
v -0.014493 0.020375 -0.007627
v -0.013491 0.018753 -0.007602
v -0.014733 0.020272 -0.007619
v -0.014050 0.018358 -0.007516
v -0.014600 0.017970 -0.007432
v -0.017469 0.015942 -0.005528
v -0.017857 0.015669 -0.004963
v -0.018305 0.015352 -0.004309
v -0.018239 0.015399 -0.004406
v -0.017927 0.015619 -0.004860
v -0.015119 0.017603 -0.007245
v -0.015631 0.017241 -0.006999
v -0.016162 0.016866 -0.006744
v -0.016427 0.016678 -0.006510
v -0.016581 0.016570 -0.006375
v -0.017358 0.016021 -0.005690
v -0.009836 0.019887 -0.006759
v -0.010258 0.019931 -0.006911
v -0.010718 0.019978 -0.007076
v -0.011656 0.020049 -0.007332
v -0.011845 0.019915 -0.007396
v -0.008700 0.019775 -0.006212
v -0.009017 0.019803 -0.006384
v -0.009151 0.019817 -0.006445
v -0.009799 0.019884 -0.006742
v -0.008134 0.019741 -0.005855
v -0.008063 0.019737 -0.005810
v -0.006534 0.019811 -0.004309
v -0.007036 0.019752 -0.004923
v -0.007246 0.019742 -0.005126
v -0.007484 0.019731 -0.005356
v -0.007905 0.019735 -0.005686
v -0.008255 0.019706 -0.006197
v -0.007855 0.019989 0.002522
v -0.007998 0.019974 0.002823
v -0.007458 0.019961 0.002757
v -0.007277 0.019591 0.005141
v -0.008133 0.019741 0.005107
v -0.008211 0.019743 0.005165
v -0.008406 0.019754 0.005291
v -0.009131 0.019814 0.005696
v -0.011868 0.020059 0.006685
v -0.011656 0.020049 0.006586
v -0.010757 0.019982 0.006342
v -0.010258 0.019931 0.006166
v -0.009915 0.019896 0.006045
v -0.009801 0.019884 0.005994
v -0.009246 0.019826 0.005747
v -0.011913 0.020061 0.006706
v -0.011949 0.020062 0.006720
v -0.012239 0.020068 0.006830
v -0.012651 0.020076 0.006986
v -0.012762 0.020073 0.007015
v -0.013208 0.020060 0.007131
v -0.013398 0.020054 0.007181
v -0.013572 0.020040 0.007211
v -0.013818 0.020020 0.007253
v -0.013888 0.020011 0.007259
v -0.014145 0.019976 0.007281
v -0.014339 0.019949 0.007298
v -0.014516 0.019925 0.007313
v -0.015035 0.019811 0.007302
v -0.015077 0.019802 0.007301
v -0.015206 0.019774 0.007298
v -0.015698 0.019630 0.007240
v -0.015760 0.019608 0.007227
v -0.015873 0.019566 0.007202
v -0.016343 0.019394 0.007099
v -0.016384 0.019375 0.007085
v -0.016665 0.019245 0.006987
v -0.016957 0.019111 0.006886
v -0.017350 0.018896 0.006700
v -0.017423 0.018849 0.006656
v -0.017884 0.018552 0.006373
v -0.017962 0.018491 0.006309
v -0.018165 0.018332 0.006143
v -0.018833 0.017852 0.006189
v -0.018363 0.018178 0.005981
v -0.018951 0.017614 0.005311
v -0.018954 0.017611 0.005310
v -0.018778 0.017785 0.005519
v -0.018536 0.018025 0.005810
v -0.019308 0.017204 0.004748
v -0.019415 0.017063 0.004525
v -0.019495 0.016957 0.004357
v -0.019608 0.016809 0.004122
v -0.019615 0.016798 0.004102
v -0.019672 0.016713 0.003943
v -0.019854 0.016443 0.003436
v -0.019856 0.016439 0.003428
v -0.019886 0.016389 0.003311
v -0.020014 0.016174 0.002816
v -0.020048 0.016116 0.002684
v -0.020063 0.016087 0.002597
v -0.020082 0.016052 0.002493
v -0.020184 0.015859 0.001914
v -0.020188 0.015850 0.001889
v -0.020198 0.015830 0.001800
v -0.020225 0.015771 0.001546
v -0.020251 0.015718 0.001311
v -0.020283 0.015649 0.001014
v -0.020290 0.015631 0.000870
v -0.020308 0.015588 0.000524
v -0.020325 0.015547 0.000196
v -0.020327 0.015542 -0.000088
v -0.020330 0.015536 -0.000374
v -0.020330 0.015535 -0.000416
v -0.020332 0.015531 -0.000631
v -0.020330 0.015534 -0.000699
v -0.020304 0.015599 -0.001376
v -0.020319 0.015563 -0.001030
v -0.020329 0.015537 -0.000781
v -0.020295 0.015622 -0.001594
v -0.020276 0.015662 -0.001788
v -0.020229 0.015765 -0.002293
v -0.020220 0.015786 -0.002397
v -0.020197 0.015831 -0.002543
v -0.020195 0.015835 -0.002557
v -0.020102 0.016018 -0.003159
v -0.020098 0.016026 -0.003185
v -0.020085 0.016048 -0.003240
v -0.020063 0.016088 -0.003342
v -0.019959 0.016270 -0.003807
v -0.019899 0.016365 -0.004002
v -0.019847 0.016448 -0.004174
v -0.019735 0.016625 -0.004539
v -0.019884 0.016390 -0.004054
v -0.019462 0.017006 -0.005190
v -0.019447 0.017027 -0.005226
v -0.019672 0.016713 -0.004689
v -0.019499 0.016955 -0.005103
v -0.019420 0.017061 -0.005278
v -0.019308 0.017204 -0.005494
v -0.019672 0.016942 -0.005913
v -0.019118 0.017421 -0.005792
v -0.018954 0.017612 -0.006057
v -0.018955 0.017608 -0.006048
v -0.018948 0.017616 -0.006059
v -0.018936 0.017630 -0.006077
v -0.018778 0.017785 -0.006265
v -0.018502 0.018056 -0.006591
v -0.018263 0.018262 -0.006818
v -0.018165 0.018335 -0.006894
v -0.017959 0.018489 -0.007052
v -0.017763 0.018636 -0.007202
v -0.017422 0.018846 -0.007397
v -0.017206 0.018978 -0.007519
v -0.016966 0.019105 -0.007625
v -0.016880 0.019150 -0.007663
v -0.016666 0.019246 -0.007734
v -0.016382 0.019373 -0.007828
v -0.016259 0.019427 -0.007868
v -0.015873 0.019564 -0.007946
v -0.015757 0.019605 -0.007969
v -0.015601 0.019661 -0.008001
v -0.015204 0.019774 -0.008044
v -0.015077 0.019802 -0.008047
v -0.015035 0.019811 -0.008048
v -0.014522 0.019923 -0.008059
v -0.014397 0.019941 -0.008048
v -0.014339 0.019949 -0.008043
v -0.014145 0.019976 -0.008027
v -0.013827 0.020019 -0.008000
v -0.013570 0.020036 -0.007950
v -0.012581 0.020073 -0.007701
v -0.012761 0.020071 -0.007757
v -0.013067 0.020069 -0.007851
v -0.013208 0.020060 -0.007879
v -0.012356 0.020074 -0.007631
v -0.012239 0.020070 -0.007581
v -0.011949 0.020060 -0.007457
v -0.007278 0.019591 -0.005888
v -0.006507 0.019819 -0.004243
v -0.006524 0.019812 -0.004294
v -0.006507 0.019822 -0.004229
v -0.006509 0.019830 -0.004182
v -0.006526 0.019837 -0.004144
v -0.006535 0.019841 -0.004124
v -0.006585 0.019853 -0.004069
v -0.006588 0.019854 -0.004067
v -0.006678 0.019867 -0.004019
v -0.006686 0.019868 -0.004015
v -0.006786 0.019876 -0.004000
v -0.007653 0.020017 -0.002710
v -0.007875 0.019987 -0.003319
v -0.007862 0.019969 -0.003553
v -0.007837 0.019934 -0.004000
v -0.007608 0.020024 -0.002587
v -0.007594 0.020026 -0.002529
v -0.007439 0.020050 -0.001903
v -0.007408 0.020055 -0.001780
v -0.007387 0.020059 -0.001660
v -0.007365 0.020062 -0.001479
v -0.007290 0.020075 -0.000842
v -0.007284 0.020076 -0.000018
v -0.007287 0.020075 -0.000373
v -0.007288 0.020075 -0.000515
v -0.007369 0.020061 0.000809
v -0.007345 0.020066 0.000572
v -0.007288 0.020075 0.000017
v -0.007386 0.020059 0.000911
v -0.007442 0.020050 0.001156
v -0.007523 0.020037 0.001505
v -0.007571 0.020029 0.001716
v -0.007657 0.020017 0.001963
v -0.007843 0.019991 0.002498
v -0.007907 0.019736 0.004939
v -0.007618 0.019729 0.004724
v -0.007248 0.019742 0.004380
v -0.006822 0.019706 0.004281
v -0.007086 0.019748 0.004230
v -0.006620 0.019798 0.003680
v -0.018955 0.017610 0.005306
v -0.019119 0.017421 0.005047
v -0.007574 0.019918 0.003254
v -0.008203 0.019951 0.003254
v -0.014790 0.017835 0.006657
v -0.012386 0.019533 0.006736
v -0.011866 0.019900 0.006657
v -0.014600 0.017970 0.006686
v -0.014050 0.018358 0.006770
v -0.013491 0.018753 0.006856
v -0.013328 0.018868 0.006881
v -0.012942 0.019141 0.006822
v -0.011845 0.019915 0.006650
v -0.015119 0.017603 0.006499
v -0.015631 0.017241 0.006253
v -0.016162 0.016866 0.005998
v -0.016581 0.016570 0.005629
v -0.017358 0.016021 0.004944
v -0.018239 0.015399 0.003660
v -0.017857 0.015669 0.004217
v -0.017723 0.015764 0.004413
v -0.017469 0.015942 0.004782
v -0.008386 0.019209 0.003254
v -0.008616 0.018580 0.003254
v -0.015526 0.014337 0.003254
v -0.016257 0.014432 0.003254
v -0.016444 0.014478 0.003254
v -0.016635 0.014524 0.003254
v -0.017029 0.014621 0.003254
v -0.017186 0.014679 0.003254
v -0.008212 0.019914 0.003254
v -0.008639 0.018517 0.003254
v -0.008915 0.017962 0.003254
v -0.008993 0.017805 0.003254
v -0.013213 0.014552 0.003254
v -0.013328 0.014528 0.003254
v -0.013678 0.014454 0.003254
v -0.013934 0.014400 0.003254
v -0.012387 0.014834 0.003254
v -0.012452 0.014804 0.003254
v -0.013021 0.014616 0.003254
v -0.014725 0.014322 0.003254
v -0.015019 0.014328 0.003254
v -0.009252 0.017407 0.003254
v -0.009269 0.017380 0.003254
v -0.009673 0.016837 0.003254
v -0.009429 0.017134 0.003254
v -0.009897 0.016564 0.003254
v -0.010126 0.016341 0.003254
v -0.010467 0.016010 0.003254
v -0.010634 0.015881 0.003254
v -0.011101 0.015521 0.003254
v -0.011178 0.015474 0.003254
v -0.011731 0.015138 0.003254
v -0.011770 0.015120 0.003254
v 0.001079 0.008623 -0.004200
v 0.001185 0.008983 -0.004200
v -0.000468 0.007816 -0.004200
v 0.000595 0.007731 -0.004200
v 0.000694 0.007723 -0.004200
v 0.001006 0.008376 -0.004200
v 0.000811 0.007713 -0.004200
v -0.002774 0.012905 0.006238
v 0.000206 0.008045 0.006227
v -0.001649 0.011180 0.006236
v -0.002018 0.010550 0.006680
v -0.006648 0.002396 0.007709
v -0.005556 -0.002230 0.006846
v -0.005448 -0.002129 0.006933
v -0.007570 0.001177 0.007073
v -0.005376 -0.002065 0.006976
v -0.004893 -0.001632 0.007262
v -0.007116 0.001765 0.007438
v -0.006181 0.003084 0.007912
v -0.005274 0.004631 0.008174
v -0.005722 0.003835 0.008069
v -0.004833 0.005446 0.008216
v -0.004398 0.006253 0.008181
v -0.006143 0.008766 0.008223
v -0.005638 0.009433 0.008098
v -0.005136 0.010065 0.007901
v -0.004159 0.011250 0.007363
v -0.003235 0.012371 0.006685
v 0.000214 0.008067 0.006210
v 0.000331 0.008394 0.005957
v -0.000411 0.005734 0.007281
v -0.000216 0.006538 0.007005
v -0.002745 0.009208 0.007349
v -0.000138 0.006858 0.006895
v -0.000006 0.007313 0.006639
v -0.000004 0.007320 0.006635
v -0.000924 0.003946 0.007755
v -0.000872 0.004117 0.007715
v -0.003543 0.007782 0.007873
v -0.000533 0.005233 0.007453
v -0.001052 0.003524 0.007854
v -0.003966 0.007032 0.008062
v -0.001261 0.003055 0.007912
v -0.001504 0.002510 0.007980
v -0.001645 0.002195 0.008018
v -0.001716 0.002034 0.008038
v -0.001910 0.001734 0.008034
v -0.002618 0.000690 0.007995
v -0.002484 0.000846 0.008021
v -0.002388 0.000995 0.008023
v -0.002115 0.001417 0.008029
v -0.002936 0.000319 0.007932
v -0.003749 -0.000562 0.007727
v -0.003506 -0.000332 0.007810
v -0.003440 -0.000269 0.007833
v -0.003177 0.000038 0.007885
v -0.004123 -0.000917 0.007599
v -0.004748 -0.001502 0.007348
v -0.004603 -0.001372 0.007434
v -0.004331 -0.001114 0.007527
v -0.005773 -0.002753 -0.007224
v -0.006386 -0.004737 -0.003113
v -0.006394 -0.004762 -0.003016
v -0.006612 -0.004894 -0.003167
v -0.006413 -0.004890 -0.002245
v -0.006642 -0.005066 -0.002250
v -0.006414 -0.004894 -0.002219
v -0.006418 -0.004923 -0.002047
v -0.006640 -0.005191 -0.000386
v -0.006417 -0.005001 -0.001077
v -0.006417 -0.005005 -0.000386
v -0.006300 -0.004472 -0.004043
v -0.006531 -0.004636 -0.004058
v -0.006217 -0.004271 -0.004590
v -0.006379 -0.004288 -0.004910
v -0.006167 -0.004171 -0.004802
v -0.005891 -0.003681 -0.005734
v -0.005949 -0.003776 -0.005568
v -0.006150 -0.003868 -0.005698
v -0.006062 -0.003965 -0.005238
v -0.006143 -0.004123 -0.004902
v -0.006309 -0.004496 -0.003978
v -0.006330 -0.004546 -0.003842
v -0.006383 -0.004726 -0.003156
v -0.005420 -0.003034 -0.006656
v -0.005569 -0.003219 -0.006426
v -0.005832 -0.003396 -0.006411
v -0.005649 -0.003331 -0.006263
v -0.005846 -0.003606 -0.005865
v -0.005299 -0.002863 -0.006925
v -0.005254 -0.002844 -0.006870
v -0.007188 -0.005029 -0.002259
v -0.007146 -0.004850 -0.003192
v -0.006869 -0.004219 -0.004998
v -0.007047 -0.004582 -0.004113
v -0.006250 -0.003292 -0.006566
v -0.006607 -0.003783 -0.005818
v -0.006040 -0.003381 -0.006515
v -0.005756 -0.002767 -0.007223
v -0.006251 -0.003294 0.005794
v -0.005774 -0.002752 0.006454
v -0.005757 -0.002767 0.006453
v -0.006609 -0.003787 0.005041
v -0.006871 -0.004223 0.004220
v -0.007147 -0.004854 0.002406
v -0.007049 -0.004587 0.003331
v -0.007187 -0.005031 0.001471
v -0.005568 -0.003219 0.005656
v -0.005254 -0.002844 0.006100
v -0.005833 -0.003397 0.005639
v -0.005298 -0.002863 0.006154
v -0.005411 -0.002866 0.006253
v -0.005951 -0.003780 0.004792
v -0.006152 -0.003871 0.004921
v -0.006074 -0.003986 0.004428
v -0.006381 -0.004291 0.004132
v -0.006142 -0.004123 0.004132
v -0.006167 -0.004173 0.004023
v -0.005893 -0.003683 0.004964
v -0.005861 -0.003630 0.005057
v -0.005650 -0.003332 0.005490
v -0.005586 -0.002838 0.006376
v -0.006041 -0.003383 0.005743
v -0.005513 -0.002869 0.006343
v -0.006336 -0.004565 0.003010
v -0.006310 -0.004499 0.003195
v -0.006532 -0.004641 0.003276
v -0.006299 -0.004471 0.003273
v -0.006231 -0.004302 0.003744
v -0.006381 -0.004723 0.002385
v -0.006613 -0.004898 0.002381
v -0.006385 -0.004737 0.002328
v -0.006419 -0.004924 0.001270
v -0.006415 -0.004897 0.001439
v -0.006642 -0.005068 0.001467
v -0.006414 -0.004891 0.001475
v -0.006399 -0.004785 0.002139
v -0.006417 -0.005008 0.000141
v -0.006419 -0.004937 0.001153
v -0.006382 -0.003872 0.005008
v -0.006629 -0.004307 0.004200
v -0.006795 -0.004670 0.003324
v -0.006884 -0.004938 0.002408
v -0.006919 -0.005114 0.001479
v -0.006920 -0.005242 -0.000386
v -0.007192 -0.005158 -0.000386
v -0.006920 -0.005112 -0.002265
v -0.006883 -0.004934 -0.003195
v -0.006793 -0.004666 -0.004106
v -0.006627 -0.004303 -0.004978
v -0.006379 -0.003868 -0.005784
v -0.005587 -0.002838 -0.007146
v -0.005584 -0.002839 -0.007145
v -0.005512 -0.002869 -0.007112
v -0.005411 -0.002866 -0.007024
v -0.005408 -0.002866 -0.007021
v -0.001649 0.011180 -0.007005
v -0.005706 -0.002373 -0.007483
v 0.000238 0.008136 -0.006930
v 0.000206 0.008045 -0.006997
v -0.002018 0.010550 -0.007450
v 0.000214 0.008068 -0.006980
v -0.002774 0.012905 -0.007008
v -0.003235 0.012371 -0.007455
v -0.004159 0.011250 -0.008132
v -0.003543 0.007782 -0.008643
v -0.003966 0.007032 -0.008832
v -0.006143 0.008766 -0.008993
v -0.007148 0.007336 -0.008992
v -0.005722 0.003835 -0.008839
v -0.006181 0.003084 -0.008682
v -0.006648 0.002396 -0.008479
v -0.007116 0.001765 -0.008208
v -0.007570 0.001177 -0.007843
v -0.005448 -0.002129 -0.007703
v -0.005376 -0.002065 -0.007745
v -0.004892 -0.001631 -0.008028
v -0.004122 -0.000915 -0.008370
v -0.004331 -0.001115 -0.008300
v -0.004549 -0.001323 -0.008228
v -0.004744 -0.001498 -0.008114
v -0.003751 -0.000560 -0.008494
v -0.002936 0.000322 -0.008701
v -0.003176 0.000036 -0.008657
v -0.003368 -0.000194 -0.008621
v -0.003508 -0.000328 -0.008575
v -0.005274 0.004631 -0.008944
v -0.002376 0.000997 -0.008800
v -0.002393 0.000969 -0.008801
v -0.002623 0.000695 -0.008758
v -0.002115 0.001415 -0.008800
v -0.004833 0.005446 -0.008985
v -0.001908 0.001746 -0.008800
v -0.004398 0.006253 -0.008950
v -0.001642 0.002172 -0.008800
v -0.001249 0.003050 -0.008693
v -0.001488 0.002516 -0.008758
v -0.000652 0.004784 -0.008345
v -0.000867 0.004123 -0.008487
v -0.000924 0.003947 -0.008525
v -0.001132 0.003311 -0.008662
v 0.000091 0.007682 -0.007237
v -0.000005 0.007325 -0.007411
v -0.002745 0.009208 -0.008119
v -0.000007 0.007318 -0.007414
v -0.000216 0.006542 -0.007791
v -0.000228 0.006494 -0.007814
v -0.000416 0.005735 -0.008050
v 0.001642 0.010423 -0.003752
v 0.001802 0.010423 -0.003164
v 0.001643 0.010215 -0.003648
v 0.001223 0.009612 -0.004779
v 0.001125 0.009447 -0.005020
v 0.001090 0.009624 -0.005137
v 0.000822 0.009139 0.004994
v 0.001608 0.010171 0.002995
v 0.001646 0.010219 0.002875
v 0.001643 0.010426 0.002977
v 0.001859 0.010494 0.002195
v 0.001878 0.010518 0.002114
v 0.001892 0.010739 0.002199
v 0.002195 0.011081 0.000495
v 0.002228 0.011112 -0.000385
v 0.002149 0.010834 0.000469
v 0.002182 0.010868 -0.000012
v 0.001986 0.010650 0.001649
v 0.002021 0.010693 0.001498
v 0.002083 0.010963 0.001363
v 0.002050 0.010726 0.001307
v 0.002105 0.010788 0.000949
v 0.002124 0.010810 0.000821
v 0.001798 0.010415 0.002391
v 0.000878 0.008987 0.004851
v 0.001090 0.009624 0.004367
v 0.000999 0.009236 0.004560
v 0.001125 0.009444 0.004249
v 0.001222 0.009605 0.004009
v 0.001301 0.009736 0.003814
v 0.001537 0.010070 0.003185
v 0.000693 0.008584 0.005299
v 0.000749 0.008722 0.005163
v 0.000872 0.008974 0.004867
v 0.000609 0.008512 0.005499
v 0.000639 0.008440 0.005430
v 0.000749 0.008722 -0.005933
v 0.000639 0.008440 -0.006200
v 0.000822 0.009139 -0.005764
v 0.000610 0.008511 -0.006268
v 0.000580 0.008584 -0.006338
v 0.000996 0.009231 -0.005337
v 0.000878 0.008989 -0.005620
v 0.000871 0.008974 -0.005637
v 0.000520 0.008651 -0.006389
v 0.001559 0.010105 -0.003904
v 0.001539 0.010076 -0.003957
v 0.001255 0.009666 -0.004700
v 0.001890 0.010735 -0.002979
v 0.001806 0.010427 -0.003154
v 0.002082 0.010961 -0.002140
v 0.002194 0.011081 -0.001268
v 0.002150 0.010836 -0.001242
v 0.002109 0.010793 -0.001717
v 0.002109 0.010793 -0.001720
v 0.002048 0.010723 -0.002084
v 0.001997 0.010664 -0.002387
v 0.001989 0.010654 -0.002421
v 0.001872 0.010509 -0.002890
v 0.002179 0.010865 -0.000385
v 0.002174 0.010860 -0.000969
v 0.000519 0.008652 0.005619
v 0.000580 0.008584 0.005568
v -0.010000 0.024769 -0.004229
v -0.010005 0.024766 -0.004144
v -0.010038 0.024742 -0.004069
v -0.010093 0.024703 -0.004018
v -0.010161 0.024655 -0.004000
v -0.010814 0.025546 -0.004018
v -0.010767 0.025594 -0.004069
v -0.010738 0.025624 -0.004144
v -0.010734 0.025628 -0.004229
v -0.011614 0.026337 -0.004229
v -0.012609 0.026873 -0.004229
v -0.013685 0.027216 -0.004229
v -0.015935 0.027288 -0.004229
v -0.014807 0.027356 -0.004229
v -0.017031 0.027013 -0.004229
v -0.018058 0.026542 -0.004229
v -0.018981 0.025890 -0.004229
v -0.019768 0.025080 -0.004229
v -0.020393 0.024138 -0.004229
v -0.020835 0.023098 -0.004229
v -0.021114 0.020865 -0.004229
v -0.021078 0.021994 -0.004229
v -0.020941 0.019748 -0.004229
v -0.020567 0.018682 -0.004229
v -0.020003 0.017703 -0.004229
v -0.011617 0.026332 -0.004144
v -0.012611 0.026867 -0.004144
v -0.013687 0.027211 -0.004144
v -0.014807 0.027350 -0.004144
v -0.015934 0.027282 -0.004144
v -0.017029 0.027008 -0.004144
v -0.018055 0.026537 -0.004144
v -0.018977 0.025886 -0.004144
v -0.019764 0.025076 -0.004144
v -0.020388 0.024135 -0.004144
v -0.020829 0.023096 -0.004144
v -0.021072 0.021994 -0.004144
v -0.021108 0.020865 -0.004144
v -0.020936 0.019750 -0.004144
v -0.020561 0.018684 -0.004144
v -0.019998 0.017706 -0.004144
v -0.011640 0.026298 -0.004069
v -0.012627 0.026830 -0.004069
v -0.013695 0.027171 -0.004069
v -0.014808 0.027310 -0.004069
v -0.015927 0.027242 -0.004069
v -0.017015 0.026969 -0.004069
v -0.018035 0.026502 -0.004069
v -0.018950 0.025855 -0.004069
v -0.019732 0.025050 -0.004069
v -0.020352 0.024116 -0.004069
v -0.020790 0.023084 -0.004069
v -0.021031 0.021989 -0.004069
v -0.021067 0.020868 -0.004069
v -0.020896 0.019759 -0.004069
v -0.020524 0.018701 -0.004069
v -0.019965 0.017730 -0.004069
v -0.011677 0.026242 -0.004018
v -0.012654 0.026767 -0.004018
v -0.013710 0.027104 -0.004018
v -0.014810 0.027242 -0.004018
v -0.015917 0.027174 -0.004018
v -0.016993 0.026905 -0.004018
v -0.018001 0.026443 -0.004018
v -0.018906 0.025803 -0.004018
v -0.019679 0.025008 -0.004018
v -0.020292 0.024084 -0.004018
v -0.020725 0.023063 -0.004018
v -0.020964 0.021980 -0.004018
v -0.020999 0.020872 -0.004018
v -0.020830 0.019776 -0.004018
v -0.020463 0.018730 -0.004018
v -0.019909 0.017769 -0.004018
v -0.010872 0.025486 -0.004000
v -0.011723 0.026172 -0.004000
v -0.012686 0.026691 -0.004000
v -0.013728 0.027023 -0.004000
v -0.014813 0.027159 -0.004000
v -0.015904 0.027092 -0.004000
v -0.016965 0.026827 -0.004000
v -0.017959 0.026371 -0.004000
v -0.018852 0.025740 -0.004000
v -0.019614 0.024955 -0.004000
v -0.020219 0.024044 -0.004000
v -0.020646 0.023038 -0.004000
v -0.020881 0.021970 -0.004000
v -0.020916 0.020877 -0.004000
v -0.020749 0.019796 -0.004000
v -0.020387 0.018764 -0.004000
v -0.019841 0.017817 -0.004000
v -0.018238 0.015212 -0.004150
v -0.018228 0.015204 -0.004145
v -0.017968 0.015004 -0.004031
v -0.017942 0.014990 -0.004027
v -0.017780 0.014899 -0.004000
v -0.018151 0.015141 -0.004106
v -0.018091 0.015091 -0.004075
v -0.018024 0.015036 -0.004040
v -0.018314 0.015338 -0.004280
v -0.018313 0.015319 -0.004253
v -0.018300 0.015296 -0.004229
v -0.018279 0.015259 -0.004189
v -0.018308 0.015350 -0.004304
v -0.014510 0.022107 -0.004000
v -0.014140 0.021744 -0.004000
v -0.015011 0.022236 -0.004000
v -0.015510 0.022097 -0.004000
v -0.015872 0.021727 -0.004000
v -0.016001 0.021226 -0.004000
v -0.015862 0.020727 -0.004000
v -0.015493 0.020365 -0.004000
v -0.014992 0.020236 -0.004000
v -0.014493 0.020375 -0.004000
v -0.014130 0.020744 -0.004000
v -0.014001 0.021246 -0.004000
v -0.017458 0.017772 0.006184
v -0.016859 0.016924 0.005871
v -0.017901 0.016534 0.005151
v -0.007989 0.019600 0.002657
v -0.013193 0.013765 0.001000
v -0.013357 0.013996 0.002057
v -0.012725 0.014194 0.002128
v -0.014165 0.013591 0.001000
v -0.014485 0.013574 0.001000
v -0.014624 0.013761 0.001866
v -0.015002 0.013545 0.001000
v -0.015820 0.013591 0.001000
v -0.015924 0.013736 0.001607
v -0.015928 0.013709 -0.002248
v -0.016010 0.013824 -0.002614
v -0.016626 0.013882 -0.002449
v -0.017033 0.014622 -0.004000
v -0.017186 0.014679 -0.004000
v -0.016882 0.014244 -0.003307
v -0.017354 0.014741 -0.004000
v -0.017804 0.014773 -0.003749
v -0.017491 0.014328 -0.003041
v -0.015483 0.018097 -0.007510
v -0.016036 0.017787 -0.007306
v -0.015479 0.019209 -0.007902
v -0.016560 0.018529 -0.007533
v -0.019399 0.017030 -0.005272
v -0.019867 0.016356 -0.004052
v -0.020004 0.016000 -0.003302
v -0.018431 0.017284 0.005428
v -0.018913 0.015630 0.003408
v -0.018542 0.015104 0.002927
v -0.017897 0.015681 0.004295
v -0.018413 0.015635 0.003871
v -0.015222 0.017728 0.006604
v -0.014662 0.018053 0.006753
v -0.014092 0.018407 0.006852
v -0.013520 0.018790 0.006897
v -0.012968 0.019185 0.006886
v -0.012427 0.019600 0.006819
v -0.011917 0.020017 0.006700
v -0.014217 0.019777 0.007262
v -0.014785 0.019389 0.007214
v -0.015345 0.019020 0.007110
v -0.015892 0.018676 0.006954
v -0.016433 0.018349 0.006743
v -0.018885 0.017081 0.004982
v -0.019312 0.016907 0.004496
v -0.019733 0.016166 0.003223
v -0.019318 0.016203 0.003757
v -0.019828 0.015749 0.002390
v -0.019556 0.015365 0.002039
v -0.020013 0.015565 0.001564
v -0.019844 0.015326 0.001255
v -0.019707 0.015133 0.000905
v -0.019600 0.014981 0.000496
v -0.019537 0.014891 0.000077
v -0.019515 0.014860 -0.000442
v -0.019545 0.014903 -0.000898
v -0.019626 0.015018 -0.001360
v -0.019748 0.015190 -0.001768
v -0.020046 0.015612 -0.002361
v -0.019912 0.015422 -0.002138
v -0.019598 0.015424 -0.002847
v -0.019781 0.015684 -0.003085
v -0.019591 0.015965 -0.003863
v -0.019472 0.016421 -0.004598
v -0.019041 0.016523 -0.005116
v -0.018981 0.017216 -0.005761
v -0.018534 0.017431 -0.006210
v -0.017575 0.017938 -0.006971
v -0.016022 0.018861 -0.007745
v -0.014921 0.019580 -0.008007
v -0.013791 0.019174 -0.007810
v -0.014362 0.018789 -0.007764
v -0.013239 0.019569 -0.007799
v -0.012695 0.019980 -0.007730
v -0.014928 0.018429 -0.007663
v -0.017092 0.017254 -0.006761
v -0.018195 0.016104 -0.005321
v -0.017683 0.016226 -0.005734
v -0.016613 0.016576 -0.006433
v -0.018599 0.015185 -0.003759
v -0.018850 0.015540 -0.004084
v -0.018342 0.015534 -0.004539
v -0.018371 0.014862 -0.003380
v -0.016469 0.014474 -0.004000
v -0.016036 0.013861 -0.002733
v -0.016229 0.014134 -0.003388
v -0.016288 0.014218 -0.003538
v -0.015757 0.013466 -0.000529
v -0.015762 0.013473 -0.000804
v -0.016391 0.013550 -0.000517
v -0.015819 0.013554 -0.001532
v -0.016455 0.013640 -0.001477
v -0.015824 0.013561 -0.001565
v -0.015753 0.013461 -0.000284
v -0.016398 0.013560 0.000022
v -0.015768 0.013482 0.000052
v -0.015786 0.013507 0.000451
v -0.016438 0.013616 0.000574
v -0.015807 0.013538 0.000649
v -0.015846 0.013592 0.001000
v -0.016571 0.013805 0.001455
v -0.013268 0.013743 0.001000
v -0.012112 0.014442 0.002182
v -0.012457 0.013979 0.001000
v -0.012552 0.013951 0.001000
v -0.011507 0.014747 0.002217
v -0.011682 0.014299 0.001000
v -0.011934 0.014195 0.001000
v -0.009853 0.015956 0.002205
v -0.010198 0.015230 0.001000
v -0.010370 0.015508 0.002229
v -0.010735 0.014847 0.001000
v -0.010918 0.015107 0.002233
v -0.010886 0.014739 0.001000
v -0.011327 0.014495 0.001000
v -0.008967 0.016468 0.001000
v -0.009216 0.016189 0.001000
v -0.009386 0.016433 0.002163
v -0.009573 0.015788 0.001000
v -0.009672 0.015700 0.001000
v -0.008076 0.017892 0.001000
v -0.008100 0.017849 0.001000
v -0.008246 0.018058 0.001926
v -0.008422 0.017265 0.001000
v -0.008578 0.017490 0.002022
v -0.008481 0.017159 0.001000
v -0.008959 0.016947 0.002102
v -0.008797 0.016710 0.001000
v -0.007515 0.019477 0.001000
v -0.007629 0.019080 0.001000
v -0.007735 0.019240 0.001688
v -0.007729 0.018734 0.001000
v -0.007479 0.019427 0.000648
v -0.007442 0.019374 0.000270
v -0.007436 0.019366 0.000053
v -0.007422 0.019346 -0.000464
v -0.007424 0.019349 -0.000529
v -0.007440 0.019371 -0.000983
v -0.007496 0.019450 -0.001565
v -0.007510 0.019471 -0.001713
v -0.007632 0.019643 -0.002417
v -0.007679 0.019710 -0.002614
v -0.007748 0.019807 -0.002897
v -0.008873 0.017908 0.003148
v -0.008529 0.018459 0.003006
v -0.009526 0.016632 0.002766
v -0.009996 0.016158 0.002819
v -0.010514 0.015712 0.002849
v -0.011062 0.015311 0.002853
v -0.011650 0.014950 0.002834
v -0.012253 0.014643 0.002790
v -0.012864 0.014390 0.002723
v -0.013657 0.014419 0.003198
v -0.014900 0.014151 0.002918
v -0.016168 0.014081 0.002538
v -0.017084 0.014530 0.003051
v -0.016797 0.014124 0.002314
v -0.017674 0.014588 0.002740
v -0.018255 0.014698 0.002401
v -0.018107 0.016826 -0.006024
v -0.018587 0.016658 -0.005589
v -0.019155 0.015972 -0.004381
v -0.018685 0.016019 -0.004872
v -0.017102 0.013779 -0.001377
v -0.017258 0.013999 -0.002261
v -0.017045 0.013697 -0.000504
v -0.017051 0.013706 -0.000014
v -0.017087 0.013757 0.000488
v -0.017208 0.013929 0.001289
v -0.017413 0.014219 0.002070
v -0.019346 0.015068 0.001654
v -0.019176 0.014828 0.001217
v -0.019043 0.014639 0.000709
v -0.018964 0.014527 0.000187
v -0.018936 0.014488 -0.000458
v -0.018974 0.014541 -0.001026
v -0.019075 0.014685 -0.001602
v -0.019227 0.014899 -0.002110
v -0.019431 0.015188 -0.002570
v -0.019326 0.015589 -0.003605
v -0.019107 0.015280 -0.003322
v -0.018908 0.014998 -0.002991
v -0.018665 0.014654 -0.002442
v -0.018091 0.014466 -0.002750
v -0.018484 0.014398 -0.001837
v -0.017884 0.014173 -0.002055
v -0.018364 0.014228 -0.001152
v -0.017745 0.013977 -0.001267
v -0.018319 0.014164 -0.000475
v -0.017694 0.013903 -0.000490
v -0.018352 0.014210 0.000295
v -0.017731 0.013957 0.000394
v -0.018446 0.014344 0.000916
v -0.017840 0.014110 0.001108
v -0.018605 0.014569 0.001522
v -0.018022 0.014368 0.001804
v -0.018807 0.014856 0.002042
v -0.019057 0.015210 0.002501
v -0.019381 0.015667 0.002919
v -0.018396 0.016388 0.004726
v -0.018868 0.016278 0.004263
v -0.015783 0.017429 0.006404
v -0.000323 0.007918 -0.004000
v 0.000327 0.008377 -0.004000
v 0.000616 0.008581 0.001000
v 0.000639 0.008597 0.000795
v 0.001516 0.009217 0.001000
v 0.000750 0.008676 -0.000203
v 0.001559 0.009247 -0.000181
v 0.000758 0.008681 -0.000269
v 0.001556 0.009245 -0.000385
v 0.000687 0.008631 -0.001190
v 0.001196 0.008991 -0.004141
v 0.001303 0.009066 -0.003585
v 0.000327 0.008377 -0.002760
v 0.001338 0.009091 -0.003332
v 0.000473 0.008480 -0.002225
v 0.001444 0.009166 -0.002562
v 0.001456 0.009175 -0.002477
v 0.000659 0.008612 -0.001545
v 0.001505 0.009209 -0.001817
v 0.001540 0.009234 -0.001340
v 0.001240 0.008477 0.001000
v -0.004892 -0.002363 0.006721
v -0.004303 -0.001827 0.007053
v -0.004439 -0.001770 0.007218
v -0.004784 -0.002360 0.006531
v -0.004770 -0.002347 0.006539
v -0.000052 0.005346 0.006828
v -0.000021 0.005505 0.006783
v -0.000046 0.005563 0.006957
v 0.000460 0.007879 0.005864
v 0.000414 0.007873 0.006002
v 0.000442 0.007802 0.005906
v 0.000363 0.007468 0.006092
v 0.000249 0.007149 0.006403
v 0.000319 0.007281 0.006195
v 0.000104 0.006370 0.006712
v 0.000109 0.006180 0.006594
v 0.000166 0.006478 0.006510
v 0.000281 0.007080 0.006274
v -0.000172 0.004844 0.006945
v -0.000440 0.003917 0.007360
v -0.000327 0.004194 0.007096
v -0.000982 0.002350 0.007548
v -0.000913 0.002495 0.007526
v -0.001034 0.002268 0.007621
v -0.000765 0.002847 0.007442
v -0.000564 0.003407 0.007263
v -0.000525 0.003514 0.007229
v -0.000422 0.003869 0.007159
v -0.001232 0.001826 0.007629
v -0.001438 0.001460 0.007672
v -0.001149 0.001999 0.007602
v -0.001026 0.002258 0.007562
v -0.001908 0.000693 0.007621
v -0.001862 0.000765 0.007625
v -0.001923 0.000697 0.007658
v -0.001592 0.001184 0.007654
v -0.001437 0.001459 0.007643
v -0.002471 -0.000012 0.007584
v -0.002342 0.000097 0.007510
v -0.001910 0.000691 0.007620
v -0.003063 -0.000666 0.007457
v -0.003000 -0.000668 0.007235
v -0.002969 -0.000638 0.007243
v -0.002798 -0.000452 0.007327
v -0.002665 -0.000291 0.007380
v -0.002439 -0.000020 0.007471
v -0.004284 -0.001893 0.006815
v -0.004206 -0.001821 0.006846
v -0.003773 -0.001425 0.007020
v -0.004341 -0.001946 0.006792
v -0.005122 -0.002701 0.006243
v -0.001702 0.001615 0.007995
v -0.001288 0.002411 0.007940
v -0.002192 0.000862 0.007982
v -0.002742 0.000162 0.007904
v -0.004596 -0.001657 0.007326
v -0.005218 -0.002213 0.006959
v -0.005048 -0.002317 0.006868
v -0.003957 -0.001086 0.007583
v -0.003804 -0.001203 0.007464
v -0.003335 -0.000486 0.007770
v 0.000298 0.008007 0.006155
v -0.000078 0.006493 0.006952
v 0.000099 0.007276 0.006601
v -0.000670 0.004048 0.007664
v -0.000251 0.005686 0.007228
v -0.003180 -0.000602 0.007644
v -0.002584 0.000051 0.007776
v -0.002032 0.000760 0.007851
v -0.001542 0.001522 0.007863
v -0.001132 0.002330 0.007807
v -0.000528 0.003979 0.007534
v -0.000126 0.005625 0.007109
v 0.000031 0.006433 0.006845
v 0.000187 0.007214 0.006511
v 0.000366 0.007942 0.006084
v -0.005248 -0.003038 -0.005854
v -0.005189 -0.002773 -0.006943
v -0.005122 -0.002701 -0.007013
v -0.005005 -0.002583 -0.007111
v -0.005215 -0.003005 -0.005862
v -0.005251 -0.003049 -0.005806
v -0.005374 -0.003217 -0.005555
v -0.005541 -0.003444 -0.005216
v -0.005592 -0.003515 -0.005111
v -0.005646 -0.003598 -0.004963
v -0.005851 -0.003916 -0.004397
v -0.005937 -0.004067 -0.004070
v -0.006043 -0.004253 -0.003667
v -0.006052 -0.004269 -0.003631
v -0.006137 -0.004438 -0.003167
v -0.006187 -0.004537 -0.002895
v -0.006202 -0.004571 -0.002767
v -0.006212 -0.004593 -0.002687
v -0.006264 -0.004710 -0.002249
v -0.006284 -0.004755 -0.002082
v -0.006287 -0.004762 -0.002037
v -0.006312 -0.004827 -0.001642
v -0.006336 -0.004887 -0.001279
v -0.006338 -0.004892 -0.001250
v -0.006344 -0.004909 -0.001077
v -0.006346 -0.004914 -0.001020
v -0.006352 -0.004932 -0.000420
v -0.006352 -0.004933 -0.000385
v -0.006347 -0.004918 -0.000977
v -0.006348 -0.004922 -0.000815
v -0.006350 -0.004927 -0.000616
v -0.006353 -0.004937 -0.000232
v -0.006354 -0.004938 -0.000167
v -0.006350 -0.004928 -0.000036
v -0.006344 -0.004909 0.000191
v -0.006343 -0.004909 0.000195
v -0.006336 -0.004889 0.000434
v -0.006330 -0.004872 0.000645
v -0.006326 -0.004861 0.000706
v -0.006295 -0.004784 0.001124
v -0.006268 -0.004716 0.001480
v -0.006271 -0.004723 0.001454
v -0.006255 -0.004687 0.001600
v -0.006253 -0.004681 0.001619
v -0.006200 -0.004569 0.001990
v -0.006143 -0.004445 0.002399
v -0.006142 -0.004444 0.002404
v -0.006130 -0.004422 0.002459
v -0.005977 -0.004132 0.003178
v -0.005754 -0.003759 0.003921
v -0.005758 -0.003765 0.003909
v -0.005940 -0.004069 0.003304
v -0.005940 -0.004070 0.003301
v -0.005711 -0.003693 0.004039
v -0.005645 -0.003597 0.004194
v -0.005538 -0.003443 0.004442
v -0.005416 -0.003267 0.004725
v -0.005205 -0.002997 0.005095
v -0.004553 -0.002238 0.006015
v -0.004632 -0.002322 0.005925
v -0.004996 -0.002739 0.005436
v -0.005057 -0.002808 0.005354
v -0.003526 -0.001203 0.006914
v -0.004063 -0.001732 0.006502
v -0.004307 -0.001984 0.006260
v -0.004354 -0.002033 0.006213
v -0.003510 -0.001187 0.006924
v -0.003238 -0.000911 0.007085
v -0.004993 -0.002738 -0.006202
v -0.004858 -0.002575 -0.006410
v -0.004770 -0.002347 -0.007309
v -0.004406 -0.002083 -0.006944
v -0.004758 -0.002335 -0.007318
v -0.004352 -0.002028 -0.006994
v -0.004306 -0.001914 -0.007578
v -0.004283 -0.001893 -0.007587
v -0.002969 -0.000638 -0.008013
v -0.003262 -0.000940 -0.007852
v -0.002999 -0.000668 -0.008005
v -0.003732 -0.001387 -0.007803
v -0.003508 -0.001183 -0.007685
v -0.003795 -0.001468 -0.007491
v -0.004204 -0.001819 -0.007619
v -0.003898 -0.001569 -0.007410
v -0.004309 -0.001984 -0.007033
v -0.002186 0.000869 -0.008751
v -0.004889 -0.002363 -0.007488
v -0.003061 -0.000666 -0.008223
v -0.004298 -0.001825 -0.007821
v -0.002263 0.000200 -0.008305
v -0.002436 -0.000020 -0.008245
v -0.002468 -0.000010 -0.008350
v -0.002503 -0.000105 -0.008222
v -0.002665 -0.000290 -0.008150
v -0.001954 0.000635 -0.008375
v -0.001917 0.000703 -0.008425
v -0.001908 0.000700 -0.008386
v -0.001427 0.001467 -0.008420
v -0.001450 0.001424 -0.008423
v -0.001431 0.001470 -0.008439
v -0.001836 0.000801 -0.008402
v -0.001862 0.000765 -0.008396
v -0.001160 0.001968 -0.008383
v -0.001028 0.002277 -0.008386
v -0.001146 0.001996 -0.008378
v -0.000561 0.003403 -0.008038
v -0.000594 0.003302 -0.008074
v -0.000438 0.003921 -0.008125
v -0.000526 0.003513 -0.007999
v -0.000654 0.003148 -0.008119
v -0.000851 0.002638 -0.008264
v -0.001021 0.002268 -0.008330
v -0.000025 0.005505 -0.007552
v -0.000167 0.004843 -0.007718
v -0.000046 0.005561 -0.007725
v -0.000197 0.004701 -0.007754
v -0.000426 0.003874 -0.007924
v 0.000360 0.007465 -0.006870
v 0.000281 0.007079 -0.007044
v 0.000249 0.007147 -0.007171
v 0.000239 0.006871 -0.007138
v 0.000105 0.006368 -0.007479
v 0.000111 0.006180 -0.007360
v 0.000050 0.005853 -0.007465
v 0.000369 0.007511 -0.006849
v 0.000414 0.007872 -0.006770
v 0.000444 0.007799 -0.006671
v 0.000508 0.008049 -0.006516
v -0.000667 0.004053 -0.008432
v -0.001282 0.002421 -0.008708
v 0.000099 0.007275 -0.007371
v 0.000299 0.008007 -0.006924
v -0.000078 0.006491 -0.007722
v -0.000250 0.005685 -0.007998
v -0.005217 -0.002214 -0.007729
v -0.004592 -0.001656 -0.008097
v -0.003954 -0.001085 -0.008353
v -0.003334 -0.000487 -0.008539
v -0.002740 0.000164 -0.008674
v -0.001695 0.001624 -0.008765
v 0.000366 0.007941 -0.006853
v 0.000188 0.007212 -0.007280
v 0.000032 0.006431 -0.007614
v -0.000125 0.005623 -0.007878
v -0.000525 0.003984 -0.008301
v -0.001126 0.002339 -0.008574
v -0.001535 0.001532 -0.008631
v -0.002026 0.000766 -0.008619
v -0.002581 0.000053 -0.008544
v -0.003179 -0.000603 -0.008413
v -0.003801 -0.001202 -0.008233
v -0.004434 -0.001768 -0.007988
v -0.005046 -0.002317 -0.007636
v 0.001162 0.008564 0.002634
v 0.000993 0.008055 0.002634
v 0.001129 0.008291 0.001875
v 0.000580 0.007792 0.005242
v 0.000999 0.008364 0.003477
v 0.000800 0.008102 0.004353
v 0.000984 0.008037 0.002677
v 0.001137 0.008305 0.001831
v 0.001158 0.008340 0.001663
v 0.001229 0.008457 0.001096
v 0.000800 0.008102 -0.005122
v 0.000580 0.007792 -0.006012
v 0.000288 0.006422 -0.006049
v 0.000283 0.006405 -0.006068
v 0.000246 0.006299 -0.006188
v 0.000197 0.006128 -0.006344
v 0.000065 0.005674 -0.006755
v -0.000116 0.004982 -0.007258
v -0.000123 0.004954 -0.007274
v -0.000146 0.004867 -0.007324
v -0.000153 0.004841 -0.007339
v -0.000307 0.004259 -0.007672
v 0.000768 0.007623 -0.004364
v 0.000649 0.007373 -0.004817
v 0.001000 0.008364 -0.004246
v 0.000435 0.006851 -0.005563
v 0.000493 0.006992 -0.005362
v 0.000529 0.007079 -0.005237
v 0.000410 0.006783 0.004878
v 0.000493 0.006991 0.004593
v 0.000605 0.007273 0.004205
v 0.000724 0.007527 0.003762
v 0.000768 0.007623 0.003594
v 0.000800 0.007691 0.003475
v 0.000978 0.008026 0.002702
v 0.000289 0.006421 0.005276
v 0.000407 0.006774 0.004889
v 0.000284 0.006407 0.005291
v -0.000145 0.004867 0.006559
v -0.000123 0.004953 0.006499
v 0.000021 0.005509 0.006116
v 0.000071 0.005688 0.005962
v 0.000200 0.006147 0.005568
v 0.000222 0.006222 0.005495
v -0.000392 0.003957 0.007046
v -0.000348 0.004112 0.006974
v -0.000307 0.004266 0.006891
v -0.000156 0.004828 0.006585
v -0.003593 0.007179 -0.004000
v -0.003308 0.007280 -0.004000
v -0.002076 0.007716 -0.004000
v -0.000751 0.007872 -0.004000
v -0.002018 0.007737 -0.004000
v -0.007093 0.003533 -0.004000
v -0.007422 0.002446 -0.004000
v -0.007587 0.001901 -0.004000
v -0.006977 0.003732 -0.004000
v -0.006310 0.004875 -0.004000
v -0.006234 0.005006 -0.004000
v -0.005439 0.005840 -0.004000
v -0.005330 0.005954 -0.004000
v -0.005057 0.006240 -0.004000
v -0.004432 0.006645 -0.004000
v -0.003626 0.007167 -0.004000
v -0.007853 0.002277 -0.003224
v -0.008208 0.002780 -0.001234
v -0.008239 0.002824 -0.000190
v -0.008171 0.002728 0.000848
v -0.008153 0.002702 0.001000
v -0.008078 0.002596 -0.002255
v -0.007470 0.004418 0.001000
v -0.007475 0.004410 0.001000
v -0.003455 0.008042 0.001000
v 0.000150 0.008627 0.001000
v 0.000056 0.008623 0.001000
v -0.001247 0.008562 0.001000
v -0.002513 0.008308 0.001000
v -0.001686 0.008542 0.001000
v -0.001282 0.008561 0.001000
v -0.007601 0.004094 0.001000
v -0.007953 0.003206 0.001000
v -0.006427 0.005920 0.001000
v -0.006730 0.005485 0.001000
v -0.005859 0.006434 0.001000
v -0.005063 0.007152 0.001000
v -0.004868 0.007260 0.001000
v -0.003733 0.007888 0.001000
v 0.000226 0.008519 -0.002269
v 0.000095 0.008704 -0.001241
v 0.000133 0.008652 0.000858
v 0.000064 0.008749 -0.000189
v -0.007715 -0.002968 -0.000345
v -0.007708 -0.002977 -0.000558
v -0.008178 -0.001780 -0.000727
v -0.006764 -0.004314 0.000858
v -0.006885 -0.004143 0.000899
v -0.006552 -0.004082 0.002151
v -0.007290 -0.003570 -0.001552
v -0.007174 -0.003733 -0.001628
v -0.007124 -0.003272 -0.002839
v -0.007054 -0.004083 -0.000385
v -0.007701 -0.002988 -0.000133
v -0.007667 -0.003036 0.000072
v -0.006649 -0.004477 0.000782
v -0.006447 -0.004762 0.000539
v -0.006367 -0.004876 0.000377
v -0.006542 -0.004628 0.000675
v -0.006481 -0.004714 -0.001363
v -0.006581 -0.004573 -0.001488
v -0.006808 -0.004251 -0.001647
v -0.006931 -0.004078 -0.001676
v -0.006691 -0.004417 -0.001584
v 0.000097 0.006694 0.005019
v -0.004436 -0.001811 0.006262
v -0.000707 0.005781 -0.006679
v -0.008055 0.001584 -0.002999
v -0.005972 0.004387 -0.004980
v -0.006735 0.003377 -0.004699
v -0.007338 0.002297 -0.004309
v -0.005067 0.005302 -0.005144
v -0.004044 0.006097 -0.005187
v -0.004417 0.006624 -0.004038
v -0.002928 0.006754 -0.005109
v -0.001749 0.007256 -0.004911
v -0.000535 0.007589 -0.004599
v -0.000089 0.006958 -0.005491
v -0.001270 0.006578 -0.005870
v -0.001841 0.005215 -0.006954
v -0.001181 0.004281 -0.007620
v -0.002267 0.003583 -0.007739
v -0.001541 0.002555 -0.008215
v -0.002587 0.001792 -0.008144
v -0.002849 -0.000033 -0.008127
v -0.003803 -0.000773 -0.007655
v -0.004672 -0.001478 -0.006998
v -0.005431 -0.002129 -0.006173
v -0.006064 -0.002712 -0.005202
v -0.006195 -0.003715 -0.004128
v -0.005602 -0.003365 -0.005227
v -0.006642 -0.003954 -0.002934
v -0.006401 -0.004296 -0.002878
v -0.006395 -0.004836 -0.001210
v -0.006313 -0.004420 0.002069
v -0.006063 -0.003902 0.003339
v -0.005892 -0.002954 0.004457
v -0.006420 -0.003397 0.003358
v -0.005225 -0.002421 0.005433
v -0.003545 -0.001139 0.006922
v -0.003309 0.000619 0.007224
v -0.004236 -0.000161 0.006760
v -0.002309 0.001398 0.007496
v -0.001261 0.002158 0.007568
v -0.000920 0.003912 0.007048
v -0.002003 0.003208 0.007171
v -0.000479 0.005458 0.006168
v -0.001603 0.004878 0.006454
v -0.001070 0.006294 0.005420
v -0.000379 0.007368 0.004176
v 0.000471 0.008044 0.002850
v -0.000769 0.007920 0.003208
v 0.000208 0.008417 0.001891
v -0.001062 0.008334 0.002142
v -0.002516 0.008341 0.001111
v -0.003729 0.007887 0.001176
v -0.004857 0.007249 0.001202
v -0.007466 0.004412 0.001041
v -0.006750 0.005489 0.001133
v -0.005873 0.006443 0.001188
v -0.007274 0.004141 0.002203
v -0.007829 0.002992 0.001969
v -0.008262 0.001878 -0.002106
v -0.008382 0.002047 -0.001167
v -0.008411 0.002088 -0.000206
v -0.008348 0.001999 0.000750
v -0.008195 0.001783 0.001675
v -0.008373 -0.000631 -0.001492
v -0.008126 -0.001854 -0.001139
v -0.007682 -0.003015 -0.000767
v -0.006552 -0.003209 -0.004109
v -0.006885 -0.003610 -0.002921
v -0.007054 -0.003904 -0.001669
v -0.008096 -0.001896 0.000518
v -0.008163 -0.001801 0.000112
v -0.008191 -0.001762 -0.000306
v -0.008247 0.000379 -0.002560
v -0.008240 -0.000820 -0.002067
v -0.008035 -0.001983 -0.001530
v -0.007636 -0.003080 -0.000965
v -0.007008 -0.003968 0.000906
v -0.006795 -0.003738 0.002164
v -0.008330 -0.000692 0.000940
v -0.008429 -0.000553 0.000345
v -0.008469 -0.000496 -0.000270
v -0.008450 -0.000522 -0.000888
v -0.007766 0.001175 -0.003820
v -0.008006 0.000038 -0.003244
v -0.008054 -0.001083 -0.002595
v -0.007908 -0.002162 -0.001890
v -0.007572 -0.003170 -0.001147
v -0.008364 0.000544 0.001330
v -0.008491 0.000724 0.000560
v -0.008543 0.000798 -0.000236
v -0.008519 0.000764 -0.001035
v -0.008419 0.000623 -0.001817
v -0.007130 -0.003796 0.000877
v -0.007036 -0.003397 0.002108
v -0.006774 -0.002896 0.003275
v -0.006350 -0.002306 0.004349
v -0.005775 -0.001642 0.005304
v -0.005065 -0.000921 0.006114
v -0.006903 -0.002713 -0.003988
v -0.006517 -0.002070 -0.005046
v -0.005976 -0.001359 -0.005986
v -0.005294 -0.000597 -0.006784
v -0.004487 0.000195 -0.007419
v -0.003578 0.000998 -0.007877
v -0.007351 -0.002950 -0.002690
v -0.007237 -0.002241 -0.003769
v -0.006949 -0.001458 -0.004763
v -0.006495 -0.000624 -0.005646
v -0.005887 0.000243 -0.006395
v -0.005140 0.001118 -0.006992
v -0.004272 0.001981 -0.007422
v -0.003307 0.002810 -0.007673
v -0.007248 -0.003629 0.000814
v -0.007268 -0.003068 0.001983
v -0.007115 -0.002413 0.003092
v -0.006791 -0.001681 0.004113
v -0.006306 -0.000892 0.005020
v -0.005670 -0.000064 0.005789
v -0.004902 0.000782 0.006403
v -0.004019 0.001623 0.006844
v -0.003044 0.002439 0.007102
v -0.007396 -0.003419 -0.001445
v -0.007562 -0.002653 -0.002478
v -0.007545 -0.001803 -0.003458
v -0.007348 -0.000893 -0.004360
v -0.006975 0.000056 -0.005162
v -0.006435 0.001019 -0.005842
v -0.005742 0.001972 -0.006384
v -0.004914 0.002890 -0.006774
v -0.003971 0.003751 -0.007003
v -0.002938 0.004533 -0.007063
v -0.007358 -0.003473 0.000719
v -0.007486 -0.002760 0.001794
v -0.007434 -0.001961 0.002814
v -0.007204 -0.001097 0.003754
v -0.006802 -0.000189 0.004588
v -0.006237 0.000739 0.005296
v -0.005525 0.001664 0.005861
v -0.004682 0.002562 0.006267
v -0.003732 0.003412 0.006504
v -0.002696 0.004190 0.006567
v -0.007491 -0.003285 -0.001309
v -0.007749 -0.002387 -0.002209
v -0.007820 -0.001414 -0.003063
v -0.007704 -0.000389 -0.003849
v -0.007402 0.000661 -0.004548
v -0.006923 0.001710 -0.005141
v -0.006279 0.002731 -0.005613
v -0.005486 0.003699 -0.005953
v -0.004563 0.004589 -0.006152
v -0.003536 0.005378 -0.006205
v -0.002429 0.006047 -0.006110
v -0.007457 -0.003332 0.000593
v -0.007682 -0.002482 0.001545
v -0.007723 -0.001553 0.002449
v -0.007577 -0.000569 0.003281
v -0.007250 0.000445 0.004021
v -0.006750 0.001464 0.004648
v -0.006088 0.002461 0.005148
v -0.005282 0.003411 0.005508
v -0.004353 0.004291 0.005718
v -0.003323 0.005077 0.005774
v -0.002219 0.005751 0.005674
v -0.002314 0.008056 0.002330
v -0.003519 0.007590 0.002448
v -0.004644 0.006947 0.002495
v -0.005662 0.006144 0.002469
v -0.006546 0.005200 0.002371
v -0.007543 -0.003210 0.000440
v -0.007852 -0.002241 0.001244
v -0.007972 -0.001199 0.002007
v -0.007901 -0.000111 0.002709
v -0.007639 0.000995 0.003333
v -0.007193 0.002092 0.003863
v -0.006576 0.003151 0.004285
v -0.005802 0.004147 0.004588
v -0.004891 0.005053 0.004766
v -0.003866 0.005846 0.004813
v -0.002754 0.006507 0.004728
v -0.001581 0.007019 0.004514
v -0.007614 -0.003111 0.000265
v -0.007992 -0.002044 0.000898
v -0.008177 -0.000910 0.001499
v -0.008165 0.000263 0.002053
v -0.007956 0.001445 0.002544
v -0.007556 0.002606 0.002961
v -0.006975 0.003716 0.003294
v -0.006227 0.004748 0.003533
v -0.005331 0.005676 0.003673
v -0.004310 0.006475 0.003710
v -0.003191 0.007126 0.003643
v -0.002000 0.007611 0.003475
f 1 2 3
f 3 2 4
f 3 4 5
f 5 4 6
f 5 6 7
f 7 6 8
f 1 9 2
f 2 9 10
f 7 8 11
f 11 8 12
f 9 13 10
f 10 13 14
f 15 11 16
f 16 11 12
f 13 17 14
f 14 17 18
f 15 16 19
f 19 16 20
f 17 21 18
f 18 21 22
f 19 20 23
f 23 20 24
f 23 24 25
f 25 24 26
f 25 26 27
f 27 26 28
f 21 29 22
f 22 29 30
f 31 27 32
f 32 27 28
f 33 34 35
f 35 34 36
f 35 36 37
f 37 36 38
f 37 38 29
f 29 38 30
f 39 31 40
f 40 31 32
f 41 42 33
f 33 42 34
f 43 39 44
f 44 39 40
f 41 45 42
f 42 45 46
f 47 43 48
f 48 43 44
f 49 50 45
f 45 50 46
f 51 47 52
f 52 47 48
f 53 54 55
f 55 54 56
f 55 56 57
f 57 56 58
f 57 58 49
f 49 58 50
f 51 52 59
f 59 52 60
f 59 60 61
f 61 60 62
f 61 62 63
f 63 62 64
f 53 65 54
f 54 65 66
f 63 64 67
f 67 64 68
f 65 69 66
f 66 69 70
f 71 67 72
f 72 67 68
f 69 73 70
f 70 73 74
f 71 72 75
f 75 72 76
f 73 77 74
f 74 77 78
f 75 76 79
f 79 76 80
f 79 80 81
f 81 80 82
f 81 82 83
f 83 82 84
f 77 85 78
f 78 85 86
f 87 83 88
f 88 83 84
f 89 90 91
f 91 90 92
f 91 92 93
f 93 92 94
f 93 94 85
f 85 94 86
f 95 87 96
f 96 87 88
f 97 98 89
f 89 98 90
f 99 95 100
f 100 95 96
f 97 101 98
f 98 101 102
f 103 99 104
f 104 99 100
f 105 106 101
f 101 106 102
f 107 103 108
f 108 103 104
f 109 110 111
f 111 110 112
f 111 112 113
f 113 112 114
f 113 114 105
f 105 114 106
f 107 108 115
f 115 108 116
f 115 116 117
f 117 116 118
f 117 118 119
f 119 118 120
f 109 121 110
f 110 121 122
f 119 120 123
f 123 120 124
f 121 125 122
f 122 125 126
f 127 123 128
f 128 123 124
f 125 129 126
f 126 129 130
f 127 128 131
f 131 128 132
f 129 133 130
f 130 133 134
f 131 132 135
f 135 132 136
f 135 136 137
f 137 136 138
f 137 138 139
f 139 138 140
f 133 141 134
f 134 141 142
f 143 139 144
f 144 139 140
f 145 146 147
f 147 146 148
f 147 148 149
f 149 148 150
f 149 150 141
f 141 150 142
f 151 143 152
f 152 143 144
f 153 154 145
f 145 154 146
f 155 151 156
f 156 151 152
f 153 157 154
f 154 157 158
f 159 155 160
f 160 155 156
f 161 162 157
f 157 162 158
f 163 159 164
f 164 159 160
f 165 166 167
f 167 166 168
f 167 168 169
f 169 168 170
f 169 170 161
f 161 170 162
f 163 164 171
f 171 164 172
f 171 172 173
f 173 172 174
f 173 174 175
f 175 174 176
f 165 177 166
f 166 177 178
f 175 176 179
f 179 176 180
f 177 181 178
f 178 181 182
f 183 179 184
f 184 179 180
f 181 185 182
f 182 185 186
f 183 184 187
f 187 184 188
f 185 189 186
f 186 189 190
f 187 188 191
f 191 188 192
f 191 192 193
f 193 192 194
f 193 194 195
f 195 194 196
f 189 197 190
f 190 197 198
f 199 195 200
f 200 195 196
f 201 202 203
f 203 202 204
f 203 204 205
f 205 204 206
f 205 206 197
f 197 206 198
f 207 199 208
f 208 199 200
f 209 210 201
f 201 210 202
f 211 207 212
f 212 207 208
f 209 213 210
f 210 213 214
f 215 211 216
f 216 211 212
f 217 218 213
f 213 218 214
f 219 215 220
f 220 215 216
f 221 222 223
f 223 222 224
f 223 224 225
f 225 224 226
f 225 226 217
f 217 226 218
f 219 220 227
f 227 220 228
f 227 228 229
f 229 228 230
f 229 230 231
f 231 230 232
f 221 233 222
f 222 233 234
f 231 232 235
f 235 232 236
f 233 237 234
f 234 237 238
f 239 235 240
f 240 235 236
f 237 241 238
f 238 241 242
f 239 240 243
f 243 240 244
f 241 245 242
f 242 245 246
f 243 244 247
f 247 244 248
f 247 248 249
f 249 248 250
f 249 250 251
f 251 250 252
f 245 253 246
f 246 253 254
f 255 251 256
f 256 251 252
f 257 258 259
f 259 258 260
f 259 260 261
f 261 260 262
f 261 262 253
f 253 262 254
f 263 255 264
f 264 255 256
f 265 266 257
f 257 266 258
f 267 263 268
f 268 263 264
f 265 269 266
f 266 269 270
f 271 267 272
f 272 267 268
f 273 274 269
f 269 274 270
f 275 271 276
f 276 271 272
f 277 278 279
f 279 278 280
f 279 280 281
f 281 280 282
f 281 282 273
f 273 282 274
f 275 276 283
f 283 276 284
f 283 284 285
f 285 284 286
f 285 286 287
f 287 286 288
f 277 289 278
f 278 289 290
f 287 288 291
f 291 288 292
f 289 293 290
f 290 293 294
f 295 291 296
f 296 291 292
f 293 297 294
f 294 297 298
f 295 296 299
f 299 296 300
f 297 301 298
f 298 301 302
f 299 300 303
f 303 300 304
f 303 304 305
f 305 304 306
f 305 306 307
f 307 306 308
f 301 309 302
f 302 309 310
f 311 307 312
f 312 307 308
f 313 314 315
f 315 314 316
f 315 316 317
f 317 316 318
f 317 318 309
f 309 318 310
f 319 311 320
f 320 311 312
f 321 322 313
f 313 322 314
f 323 319 324
f 324 319 320
f 321 325 322
f 322 325 326
f 327 323 328
f 328 323 324
f 329 330 325
f 325 330 326
f 331 327 332
f 332 327 328
f 333 334 335
f 335 334 336
f 335 336 337
f 337 336 338
f 337 338 329
f 329 338 330
f 331 332 339
f 339 332 340
f 339 340 341
f 341 340 342
f 341 342 343
f 343 342 344
f 333 345 334
f 334 345 346
f 343 344 347
f 347 344 348
f 345 349 346
f 346 349 350
f 351 347 352
f 352 347 348
f 349 353 350
f 350 353 354
f 351 352 355
f 355 352 356
f 353 357 354
f 354 357 358
f 355 356 359
f 359 356 360
f 359 360 361
f 361 360 362
f 361 362 363
f 363 362 364
f 357 365 358
f 358 365 366
f 367 363 368
f 368 363 364
f 369 370 371
f 371 370 372
f 371 372 373
f 373 372 374
f 373 374 365
f 365 374 366
f 375 367 376
f 376 367 368
f 377 378 369
f 369 378 370
f 379 375 380
f 380 375 376
f 377 381 378
f 378 381 382
f 383 379 384
f 384 379 380
f 385 386 381
f 381 386 382
f 387 383 388
f 388 383 384
f 389 390 391
f 391 390 392
f 391 392 393
f 393 392 394
f 393 394 385
f 385 394 386
f 387 388 395
f 395 388 396
f 395 396 397
f 397 396 398
f 397 398 399
f 399 398 400
f 389 401 390
f 390 401 402
f 399 400 403
f 403 400 404
f 401 405 402
f 402 405 406
f 407 403 408
f 408 403 404
f 405 409 406
f 406 409 410
f 407 408 411
f 411 408 412
f 224 413 226
f 226 413 414
f 226 414 218
f 232 230 415
f 374 372 416
f 416 372 370
f 392 417 394
f 394 417 416
f 394 416 386
f 262 224 222
f 318 280 278
f 406 410 402
f 402 410 417
f 402 417 390
f 390 417 392
f 194 192 415
f 415 192 188
f 204 418 206
f 206 418 170
f 419 412 420
f 420 412 408
f 252 250 284
f 280 416 282
f 282 416 413
f 282 413 274
f 274 413 270
f 370 378 416
f 416 378 382
f 416 382 386
f 284 250 286
f 408 404 420
f 420 404 400
f 420 400 421
f 421 400 398
f 421 398 422
f 422 398 250
f 422 250 248
f 415 230 194
f 194 230 228
f 194 228 220
f 204 202 418
f 418 202 210
f 418 210 414
f 414 210 214
f 414 214 218
f 262 222 254
f 254 222 234
f 254 234 246
f 246 234 238
f 246 238 242
f 326 330 416
f 330 338 416
f 416 338 336
f 416 336 374
f 374 336 334
f 374 334 366
f 366 334 346
f 366 346 358
f 358 346 350
f 358 350 354
f 118 116 423
f 86 94 56
f 56 94 92
f 56 92 58
f 424 146 418
f 418 146 154
f 154 158 418
f 418 158 162
f 418 162 170
f 262 260 224
f 224 260 258
f 224 258 413
f 413 258 266
f 413 266 270
f 294 298 290
f 290 298 302
f 290 302 278
f 278 302 310
f 278 310 318
f 344 342 306
f 306 342 340
f 306 340 308
f 106 114 150
f 170 168 206
f 206 168 166
f 206 166 198
f 198 166 178
f 198 178 190
f 190 178 182
f 190 182 186
f 318 316 280
f 280 316 314
f 280 314 416
f 416 314 322
f 416 322 326
f 340 332 308
f 308 332 328
f 308 328 312
f 312 328 324
f 312 324 320
f 396 306 398
f 398 306 304
f 398 304 300
f 248 244 422
f 422 244 240
f 422 240 415
f 415 240 236
f 415 236 232
f 118 423 120
f 423 80 76
f 425 20 16
f 284 276 252
f 252 276 272
f 252 272 256
f 256 272 268
f 256 268 264
f 212 208 216
f 216 208 200
f 216 200 220
f 220 200 196
f 220 196 194
f 136 174 138
f 138 174 172
f 138 172 140
f 80 423 82
f 82 423 116
f 82 116 84
f 16 12 425
f 425 12 8
f 425 8 426
f 426 8 6
f 426 6 4
f 300 296 398
f 398 296 292
f 398 292 250
f 250 292 288
f 250 288 286
f 20 425 24
f 24 425 423
f 24 423 26
f 26 423 64
f 26 64 62
f 62 60 26
f 26 60 52
f 26 52 28
f 28 52 48
f 28 48 32
f 32 48 44
f 32 44 40
f 56 54 86
f 86 54 66
f 86 66 78
f 78 66 70
f 78 70 74
f 98 102 426
f 114 112 150
f 150 112 110
f 150 110 142
f 142 110 122
f 142 122 134
f 134 122 126
f 134 126 130
f 380 376 384
f 384 376 368
f 384 368 388
f 388 368 364
f 388 364 396
f 396 364 362
f 396 362 360
f 76 72 423
f 423 72 68
f 423 68 64
f 58 92 426
f 426 92 90
f 426 90 98
f 102 106 426
f 426 106 150
f 426 150 424
f 424 150 148
f 424 148 146
f 360 356 396
f 396 356 352
f 396 352 306
f 306 352 348
f 306 348 344
f 172 164 140
f 140 164 160
f 140 160 144
f 144 160 156
f 144 156 152
f 116 108 84
f 84 108 104
f 84 104 88
f 88 104 100
f 88 100 96
f 4 2 30
f 30 2 10
f 30 10 22
f 22 10 14
f 22 14 18
f 30 38 4
f 4 38 36
f 4 36 426
f 426 36 34
f 426 34 42
f 132 128 423
f 423 128 124
f 423 124 120
f 42 46 426
f 426 46 50
f 426 50 58
f 136 132 174
f 174 132 423
f 174 423 176
f 176 423 427
f 176 427 180
f 180 427 415
f 180 415 184
f 184 415 188
f 409 428 410
f 410 428 417
f 429 430 431
f 432 433 434
f 434 433 435
f 435 436 434
f 434 436 437
f 434 437 438
f 439 440 441
f 429 431 442
f 441 443 439
f 439 443 444
f 439 444 432
f 432 444 445
f 432 445 433
f 446 447 448
f 449 450 448
f 448 450 451
f 448 451 446
f 452 453 454
f 454 453 455
f 454 455 440
f 440 455 456
f 440 456 441
f 446 457 447
f 447 457 458
f 447 458 459
f 437 442 438
f 438 442 431
f 438 431 460
f 460 431 461
f 460 461 449
f 449 461 462
f 449 462 450
f 458 463 459
f 459 463 464
f 459 464 452
f 452 464 465
f 452 465 453
f 431 466 467
f 431 467 461
f 461 467 468
f 461 468 462
f 462 468 469
f 462 469 450
f 450 469 470
f 450 470 451
f 451 470 471
f 451 471 446
f 446 471 472
f 446 472 457
f 457 472 473
f 457 473 458
f 458 473 474
f 458 474 463
f 463 474 475
f 463 475 464
f 464 475 476
f 464 476 465
f 465 476 477
f 465 477 453
f 453 477 478
f 453 478 455
f 479 411 419
f 419 411 412
f 480 432 481
f 481 432 434
f 481 434 482
f 482 434 438
f 482 438 483
f 483 438 460
f 483 460 484
f 484 460 449
f 484 449 485
f 485 449 448
f 485 448 486
f 486 448 447
f 486 447 487
f 487 447 459
f 487 459 488
f 488 459 452
f 488 452 489
f 489 452 454
f 489 454 490
f 490 454 440
f 490 440 491
f 491 440 439
f 491 439 480
f 480 439 432
f 416 492 493
f 416 493 413
f 413 493 494
f 413 494 414
f 414 494 495
f 414 495 418
f 418 495 496
f 418 496 424
f 424 496 497
f 424 497 426
f 426 497 498
f 426 498 425
f 425 498 499
f 425 499 423
f 423 499 500
f 423 500 427
f 427 500 501
f 427 501 415
f 415 501 502
f 415 502 422
f 422 502 503
f 422 503 421
f 421 503 504
f 421 504 420
f 505 479 419
f 420 504 419
f 419 504 506
f 419 506 505
f 505 506 507
f 505 507 508
f 508 507 509
f 508 509 510
f 510 509 511
f 510 511 512
f 512 511 513
f 512 513 514
f 514 513 515
f 514 515 516
f 516 515 517
f 516 517 518
f 492 416 417
f 466 431 428
f 428 431 430
f 428 430 417
f 417 430 519
f 417 519 492
f 519 430 429
f 519 429 520
f 520 429 442
f 520 442 521
f 521 442 437
f 521 437 522
f 522 437 436
f 522 436 523
f 523 436 435
f 523 435 524
f 524 435 433
f 524 433 525
f 525 433 526
f 526 433 445
f 526 445 527
f 527 445 444
f 527 444 528
f 528 444 443
f 528 443 529
f 529 443 441
f 529 441 530
f 530 441 456
f 455 478 456
f 456 478 518
f 456 518 530
f 530 518 517
f 531 532 533
f 533 532 534
f 533 534 535
f 535 534 536
f 535 536 537
f 537 536 538
f 537 538 539
f 539 538 540
f 539 540 541
f 541 540 542
f 541 542 543
f 543 542 544
f 543 544 545
f 545 544 546
f 545 546 547
f 547 546 548
f 547 548 549
f 549 548 550
f 549 550 551
f 551 550 552
f 551 552 553
f 553 552 554
f 553 554 555
f 555 554 556
f 555 556 531
f 531 556 532
f 557 558 559
f 559 558 560
f 559 560 561
f 561 560 562
f 561 562 563
f 563 562 564
f 563 564 565
f 565 564 566
f 565 566 567
f 567 566 568
f 567 568 569
f 569 568 570
f 569 570 571
f 571 570 572
f 571 572 573
f 573 572 574
f 573 574 575
f 575 574 576
f 575 576 577
f 577 576 578
f 577 578 579
f 579 578 580
f 579 580 581
f 581 580 582
f 581 582 557
f 557 582 558
f 428 583 584
f 359 361 397
f 3 5 93
f 428 561 563
f 359 397 355
f 23 25 173
f 93 173 175
f 219 191 193
f 518 585 586
f 487 474 473
f 23 173 19
f 518 586 516
f 516 586 587
f 516 587 514
f 514 587 588
f 514 588 512
f 369 371 223
f 487 473 486
f 428 563 466
f 89 91 229
f 181 177 185
f 185 177 165
f 185 165 167
f 75 79 173
f 512 588 510
f 510 588 589
f 510 589 508
f 391 590 428
f 428 590 591
f 428 591 583
f 299 303 397
f 397 303 305
f 479 169 161
f 161 157 479
f 479 157 153
f 479 153 145
f 407 411 479
f 147 149 397
f 397 149 141
f 397 141 129
f 129 141 133
f 175 179 93
f 93 179 183
f 93 183 187
f 193 195 219
f 219 195 199
f 219 199 215
f 215 199 207
f 215 207 211
f 508 589 505
f 505 589 592
f 505 592 479
f 479 592 593
f 479 593 594
f 369 223 377
f 203 205 594
f 594 205 197
f 474 487 475
f 475 487 488
f 475 488 476
f 476 488 477
f 477 488 489
f 477 489 478
f 478 489 490
f 478 490 518
f 518 490 491
f 518 491 480
f 545 480 543
f 543 480 481
f 543 481 482
f 473 472 486
f 486 472 471
f 486 471 485
f 485 471 470
f 485 470 484
f 484 470 469
f 484 469 483
f 483 469 482
f 561 428 559
f 559 428 584
f 559 584 557
f 557 584 585
f 557 585 581
f 229 91 227
f 227 91 93
f 227 93 219
f 219 93 187
f 219 187 191
f 243 247 397
f 397 247 249
f 147 397 145
f 145 397 399
f 145 399 479
f 479 399 403
f 479 403 407
f 33 35 3
f 3 35 37
f 3 37 29
f 335 373 365
f 277 279 317
f 409 405 401
f 409 401 428
f 428 401 389
f 428 389 391
f 225 385 223
f 223 385 381
f 223 381 377
f 197 189 594
f 594 189 185
f 594 185 479
f 479 185 167
f 479 167 169
f 553 555 518
f 229 113 105
f 307 339 305
f 305 339 341
f 375 379 367
f 367 379 383
f 367 383 363
f 363 383 387
f 363 387 361
f 361 387 395
f 361 395 397
f 73 69 77
f 77 69 65
f 77 65 85
f 85 65 53
f 85 53 93
f 93 53 55
f 93 55 57
f 317 279 315
f 105 101 229
f 229 101 97
f 229 97 89
f 129 125 121
f 251 283 249
f 249 283 285
f 5 7 93
f 93 7 11
f 93 11 173
f 173 11 15
f 173 15 19
f 61 63 25
f 25 63 67
f 25 67 173
f 173 67 71
f 173 71 75
f 117 79 115
f 115 79 81
f 115 81 83
f 131 135 173
f 173 135 137
f 173 137 171
f 171 137 139
f 482 469 543
f 543 469 468
f 543 468 541
f 541 468 467
f 541 467 539
f 39 43 31
f 31 43 47
f 31 47 27
f 27 47 51
f 27 51 25
f 25 51 59
f 25 59 61
f 335 365 333
f 333 365 357
f 333 357 345
f 345 357 353
f 345 353 349
f 279 281 371
f 371 281 273
f 555 531 518
f 518 531 533
f 518 533 535
f 113 397 111
f 111 397 129
f 111 129 109
f 109 129 121
f 17 13 21
f 21 13 9
f 21 9 29
f 29 9 1
f 29 1 3
f 225 217 385
f 385 217 590
f 385 590 393
f 393 590 391
f 563 565 466
f 466 565 567
f 466 567 467
f 467 567 569
f 467 569 571
f 229 231 113
f 113 231 235
f 113 235 397
f 397 235 239
f 397 239 243
f 319 323 311
f 311 323 327
f 311 327 307
f 307 327 331
f 307 331 339
f 341 343 305
f 305 343 347
f 305 347 397
f 397 347 351
f 397 351 355
f 57 49 93
f 93 49 45
f 93 45 3
f 3 45 41
f 3 41 33
f 95 99 87
f 87 99 103
f 87 103 83
f 83 103 107
f 83 107 115
f 373 335 371
f 371 335 337
f 371 337 329
f 317 309 277
f 277 309 301
f 277 301 289
f 289 301 297
f 289 297 293
f 257 223 265
f 265 223 371
f 265 371 269
f 269 371 273
f 241 237 245
f 245 237 233
f 245 233 253
f 253 233 221
f 253 221 261
f 261 221 223
f 261 223 259
f 259 223 257
f 217 213 590
f 590 213 209
f 590 209 594
f 594 209 201
f 594 201 203
f 545 547 480
f 480 547 549
f 480 549 518
f 518 549 551
f 518 551 553
f 263 267 255
f 255 267 271
f 255 271 251
f 251 271 275
f 251 275 283
f 285 287 249
f 249 287 291
f 249 291 397
f 397 291 295
f 397 295 299
f 151 155 143
f 143 155 159
f 143 159 139
f 139 159 163
f 139 163 171
f 539 467 537
f 537 467 571
f 537 571 535
f 117 119 79
f 79 119 123
f 79 123 173
f 173 123 127
f 173 127 131
f 571 573 535
f 535 573 575
f 535 575 518
f 518 575 577
f 518 577 585
f 585 577 579
f 585 579 581
f 329 325 371
f 371 325 321
f 371 321 279
f 279 321 313
f 279 313 315
f 498 595 596
f 597 564 562
f 562 560 597
f 597 560 558
f 597 558 598
f 502 599 503
f 503 599 600
f 503 600 504
f 504 600 506
f 506 600 601
f 506 601 507
f 507 601 509
f 509 601 598
f 509 598 511
f 502 501 599
f 599 501 500
f 599 500 596
f 596 500 499
f 596 499 498
f 517 515 598
f 598 515 513
f 598 513 511
f 498 497 595
f 595 497 496
f 595 496 602
f 598 558 517
f 517 558 582
f 517 582 580
f 603 604 492
f 492 604 605
f 492 605 493
f 493 605 606
f 493 606 494
f 494 606 602
f 494 602 495
f 495 602 496
f 532 556 576
f 576 556 517
f 576 517 578
f 578 517 580
f 542 524 544
f 544 524 525
f 544 525 546
f 546 525 526
f 546 526 548
f 548 526 527
f 540 522 542
f 542 522 523
f 542 523 524
f 534 492 536
f 536 492 519
f 536 519 538
f 538 519 520
f 538 520 540
f 540 520 521
f 540 521 522
f 570 534 572
f 572 534 532
f 572 532 574
f 574 532 576
f 570 568 534
f 534 568 566
f 534 566 492
f 492 566 564
f 492 564 603
f 603 564 597
f 556 554 517
f 517 554 552
f 517 552 530
f 530 552 550
f 530 550 529
f 529 550 548
f 529 548 528
f 528 548 527
f 604 585 605
f 605 585 584
f 605 584 606
f 606 584 583
f 606 583 602
f 602 583 591
f 602 591 595
f 595 591 590
f 595 590 596
f 596 590 594
f 596 594 599
f 599 594 593
f 599 593 600
f 600 593 592
f 600 592 601
f 601 592 589
f 601 589 598
f 598 589 588
f 598 588 597
f 597 588 587
f 597 587 603
f 603 587 586
f 603 586 604
f 604 586 585
f 607 608 609
f 610 611 612
f 609 608 613
f 609 613 610
f 614 615 616
f 616 615 609
f 616 609 617
f 618 607 619
f 619 607 609
f 619 609 620
f 620 609 615
f 610 612 609
f 609 612 621
f 609 621 617
f 622 623 624
f 624 623 625
f 624 625 612
f 612 625 626
f 612 626 621
f 627 628 622
f 628 627 629
f 629 627 630
f 629 630 631
f 631 630 632
f 631 632 633
f 633 632 634
f 634 632 635
f 634 635 636
f 636 635 637
f 637 635 638
f 637 638 639
f 639 638 640
f 640 638 641
f 640 641 642
f 642 641 643
f 642 643 644
f 644 643 645
f 645 643 646
f 645 646 647
f 647 646 648
f 648 646 649
f 648 649 650
f 650 649 651
f 651 649 652
f 651 652 653
f 654 655 652
f 652 655 656
f 652 656 653
f 652 657 658
f 658 659 652
f 652 659 660
f 652 660 661
f 661 662 652
f 652 662 663
f 652 663 654
f 657 652 649
f 657 649 664
f 665 666 646
f 646 666 667
f 646 667 649
f 649 667 668
f 649 668 664
f 669 670 643
f 643 670 671
f 643 671 646
f 646 671 672
f 646 672 665
f 669 643 673
f 673 643 641
f 673 641 674
f 674 641 675
f 675 641 638
f 675 638 676
f 676 638 677
f 677 638 635
f 677 635 678
f 679 680 632
f 632 680 681
f 632 681 635
f 635 681 682
f 635 682 678
f 679 632 683
f 683 632 630
f 683 630 684
f 684 630 685
f 685 630 627
f 685 627 686
f 622 624 627
f 627 624 687
f 627 687 686
f 611 688 612
f 612 688 689
f 612 689 624
f 624 689 690
f 624 690 687
f 655 654 691
f 660 692 661
f 661 692 693
f 694 695 691
f 691 695 696
f 691 696 655
f 697 698 694
f 694 698 699
f 694 699 695
f 700 701 697
f 697 701 702
f 697 702 698
f 703 704 700
f 700 704 705
f 700 705 701
f 706 707 703
f 703 707 708
f 703 708 704
f 709 706 710
f 710 706 711
f 709 712 706
f 706 712 713
f 706 713 707
f 714 715 711
f 711 715 716
f 711 716 710
f 717 718 714
f 714 718 719
f 714 719 715
f 720 721 717
f 717 721 722
f 717 722 718
f 723 724 720
f 720 724 725
f 720 725 721
f 726 727 728
f 728 727 729
f 728 729 723
f 723 729 730
f 723 730 724
f 726 728 731
f 731 728 732
f 731 732 733
f 734 735 736
f 736 735 737
f 736 737 738
f 734 739 740
f 740 739 741
f 740 741 742
f 742 741 743
f 743 741 744
f 744 741 745
f 744 745 746
f 746 745 747
f 746 747 748
f 749 750 751
f 751 750 752
f 751 752 747
f 747 752 753
f 747 753 748
f 754 755 756
f 756 755 757
f 756 757 758
f 758 757 759
f 758 759 751
f 751 759 760
f 751 760 749
f 754 756 761
f 761 756 762
f 761 762 763
f 764 765 762
f 762 765 766
f 762 766 763
f 767 768 769
f 769 768 770
f 769 770 764
f 764 770 771
f 764 771 765
f 767 769 772
f 772 769 773
f 772 773 774
f 774 773 775
f 774 775 776
f 777 778 779
f 777 779 775
f 775 779 780
f 775 780 776
f 693 778 661
f 661 778 777
f 661 777 662
f 662 777 663
f 736 781 732
f 782 733 783
f 783 733 732
f 783 732 784
f 784 732 781
f 654 663 691
f 691 663 777
f 691 777 694
f 694 777 775
f 694 775 697
f 697 775 773
f 697 773 700
f 700 773 769
f 700 769 703
f 703 769 764
f 703 764 706
f 706 764 762
f 706 762 711
f 711 762 756
f 711 756 714
f 714 756 758
f 714 758 717
f 717 758 751
f 717 751 720
f 720 751 747
f 720 747 723
f 723 747 745
f 723 745 728
f 728 745 741
f 728 741 732
f 732 741 739
f 732 739 736
f 736 739 734
f 785 786 787
f 788 789 790
f 791 792 793
f 793 792 794
f 793 795 796
f 791 793 797
f 797 793 796
f 797 796 798
f 789 799 790
f 790 799 800
f 790 800 793
f 793 800 801
f 793 801 795
f 788 802 803
f 803 802 804
f 805 806 802
f 802 806 807
f 802 807 804
f 808 809 805
f 805 809 810
f 805 810 806
f 811 812 813
f 813 812 808
f 811 813 814
f 814 813 815
f 814 815 816
f 817 818 819
f 819 818 820
f 819 820 815
f 815 820 821
f 815 821 816
f 822 823 819
f 819 823 824
f 825 826 819
f 819 826 827
f 819 827 817
f 824 828 819
f 819 828 829
f 819 829 830
f 830 831 819
f 819 831 832
f 819 832 825
f 833 834 835
f 833 835 836
f 835 837 836
f 836 837 838
f 836 838 819
f 819 838 839
f 819 839 822
f 840 841 833
f 841 842 833
f 833 842 843
f 833 843 834
f 787 786 844
f 844 786 845
f 844 845 840
f 785 787 846
f 846 787 847
f 846 847 848
f 849 850 847
f 847 850 851
f 847 851 848
f 615 614 852
f 852 853 849
f 849 853 854
f 849 854 850
f 615 852 620
f 620 852 849
f 620 849 619
f 619 849 855
f 619 855 618
f 856 857 847
f 847 857 858
f 847 858 849
f 849 858 859
f 849 859 855
f 860 861 844
f 844 861 862
f 844 862 787
f 787 862 863
f 787 863 847
f 847 863 864
f 847 864 856
f 840 833 844
f 844 833 865
f 844 865 860
f 866 867 833
f 833 867 868
f 833 868 865
f 866 833 869
f 869 833 836
f 869 836 870
f 870 836 819
f 870 819 871
f 815 872 873
f 873 874 815
f 815 874 875
f 815 875 819
f 819 875 876
f 819 876 871
f 872 815 877
f 877 815 813
f 877 813 878
f 808 805 813
f 813 805 879
f 813 879 878
f 880 881 802
f 802 881 882
f 802 882 805
f 805 882 883
f 805 883 879
f 788 790 802
f 802 790 884
f 802 884 880
f 885 886 794
f 794 886 887
f 794 887 793
f 793 887 888
f 793 888 790
f 790 888 889
f 790 889 884
f 890 891 892
f 610 613 893
f 894 895 896
f 894 896 897
f 897 896 898
f 897 898 899
f 900 901 902
f 902 901 903
f 902 903 904
f 900 905 901
f 901 905 906
f 901 906 898
f 898 906 907
f 898 907 899
f 908 909 910
f 910 909 911
f 910 911 912
f 913 914 915
f 915 914 916
f 915 916 917
f 913 918 914
f 914 918 919
f 914 919 911
f 911 919 920
f 911 920 912
f 908 921 909
f 909 921 922
f 909 922 903
f 903 922 923
f 903 923 904
f 924 925 916
f 916 925 926
f 916 926 917
f 927 675 676
f 927 676 928
f 929 681 680
f 929 680 930
f 676 677 928
f 928 677 678
f 928 678 929
f 929 678 682
f 929 682 681
f 931 685 932
f 932 685 686
f 610 893 611
f 611 893 933
f 611 933 688
f 686 687 932
f 932 687 690
f 932 690 933
f 933 690 689
f 933 689 688
f 934 935 936
f 680 679 930
f 930 679 683
f 930 683 931
f 931 683 684
f 931 684 685
f 937 660 938
f 938 660 659
f 938 659 658
f 939 940 668
f 658 657 938
f 938 657 940
f 940 657 664
f 940 664 668
f 670 941 671
f 671 941 942
f 671 942 672
f 668 667 939
f 939 667 666
f 939 666 942
f 942 666 665
f 942 665 672
f 943 937 944
f 944 937 938
f 944 938 945
f 945 938 940
f 945 940 946
f 946 940 939
f 946 939 947
f 947 939 942
f 947 942 948
f 948 942 941
f 948 941 949
f 949 941 927
f 949 927 950
f 950 927 928
f 950 928 951
f 951 928 929
f 951 929 952
f 952 929 930
f 952 930 953
f 953 930 931
f 953 931 954
f 954 931 932
f 954 932 955
f 955 932 933
f 955 933 934
f 934 933 893
f 934 893 935
f 956 957 958
f 958 957 959
f 958 959 960
f 891 961 892
f 892 961 962
f 892 962 959
f 959 962 963
f 959 963 960
f 890 892 964
f 964 892 965
f 964 965 966
f 967 968 969
f 970 971 966
f 966 971 972
f 966 972 964
f 967 969 966
f 966 969 973
f 966 973 970
f 895 974 896
f 896 974 975
f 896 975 967
f 967 975 976
f 967 976 968
f 613 608 893
f 893 608 935
f 935 608 607
f 935 607 977
f 977 607 618
f 978 979 916
f 979 980 916
f 916 980 981
f 916 981 924
f 924 981 982
f 924 982 983
f 670 669 941
f 941 669 673
f 941 673 927
f 927 673 674
f 927 674 675
f 936 978 934
f 934 978 916
f 934 916 955
f 955 916 914
f 955 914 954
f 954 914 911
f 954 911 953
f 953 911 909
f 953 909 952
f 952 909 903
f 952 903 951
f 951 903 901
f 951 901 950
f 950 901 898
f 950 898 949
f 949 898 896
f 949 896 948
f 948 896 967
f 948 967 947
f 947 967 966
f 947 966 946
f 946 966 965
f 946 965 945
f 945 965 892
f 945 892 944
f 944 892 959
f 944 959 943
f 943 959 957
f 876 875 984
f 985 986 987
f 988 989 990
f 991 983 982
f 992 993 994
f 995 996 997
f 995 997 992
f 992 997 998
f 992 998 993
f 999 1000 995
f 995 1000 1001
f 995 1001 996
f 989 1002 990
f 990 1002 1003
f 990 1003 999
f 999 1003 1004
f 999 1004 1000
f 988 990 1005
f 1005 990 1006
f 1005 1006 1007
f 1008 1009 1010
f 1010 1009 1011
f 1010 1011 1006
f 1006 1011 1012
f 1006 1012 1007
f 1008 1010 1013
f 1013 1010 1014
f 1013 1014 1015
f 1016 1017 1018
f 1018 1017 1019
f 1018 1019 1014
f 1014 1019 1020
f 1014 1020 1015
f 1021 1022 1023
f 1021 1023 1018
f 1018 1023 1024
f 1018 1024 1016
f 1025 1026 1027
f 1025 1027 1021
f 1021 1027 1028
f 1021 1028 1022
f 1029 1030 1031
f 1029 1031 1025
f 1025 1031 1032
f 1025 1032 1026
f 1033 1034 1035
f 1033 1035 1029
f 1029 1035 1036
f 1029 1036 1030
f 1037 1038 1033
f 1033 1038 1039
f 1033 1039 1034
f 1040 1041 1037
f 1037 1041 1042
f 1037 1042 1038
f 1043 873 872
f 1043 872 1044
f 984 875 1043
f 1043 875 874
f 1043 874 873
f 1045 883 882
f 1045 882 1046
f 882 881 1046
f 1046 881 880
f 1046 880 1047
f 872 877 1044
f 1044 877 878
f 1044 878 1045
f 1045 878 879
f 1045 879 883
f 977 618 855
f 977 855 935
f 935 855 1048
f 935 1048 936
f 1049 856 864
f 1049 864 1050
f 855 859 1048
f 1048 859 858
f 1048 858 1049
f 1049 858 857
f 1049 857 856
f 1051 867 866
f 1051 866 1052
f 864 863 1050
f 1050 863 862
f 1050 862 1053
f 1053 862 861
f 861 860 1053
f 1053 860 865
f 1053 865 1051
f 1051 865 868
f 1051 868 867
f 1054 987 1047
f 1047 987 1055
f 1047 1055 1046
f 1046 1055 1056
f 1046 1056 1045
f 1045 1056 1057
f 1045 1057 1044
f 1044 1057 1058
f 1044 1058 1043
f 1043 1058 1059
f 1043 1059 984
f 984 1059 1060
f 984 1060 1052
f 1052 1060 1061
f 1052 1061 1051
f 1051 1061 1062
f 1051 1062 1053
f 1053 1062 1063
f 1053 1063 1050
f 1050 1063 1064
f 1050 1064 1049
f 1049 1064 1065
f 1049 1065 1048
f 1048 1065 1066
f 982 981 1066
f 981 980 1066
f 1066 980 979
f 1066 979 1048
f 1048 979 978
f 1048 978 936
f 880 884 1047
f 1047 884 889
f 1047 889 1054
f 1054 889 888
f 1054 888 887
f 985 987 1067
f 1067 987 1054
f 1067 1054 1068
f 1068 1054 887
f 1068 887 886
f 885 1069 886
f 886 1069 1068
f 1070 1040 1071
f 1071 1040 1037
f 1071 1037 1072
f 1072 1037 1073
f 866 869 1052
f 1052 869 870
f 1052 870 984
f 984 870 871
f 984 871 876
f 986 1073 987
f 987 1073 1037
f 987 1037 1055
f 1055 1037 1033
f 1055 1033 1056
f 1056 1033 1029
f 1056 1029 1057
f 1057 1029 1025
f 1057 1025 1058
f 1058 1025 1021
f 1058 1021 1059
f 1059 1021 1018
f 1059 1018 1060
f 1060 1018 1014
f 1060 1014 1061
f 1061 1014 1010
f 1061 1010 1062
f 1062 1010 1006
f 1062 1006 1063
f 1063 1006 990
f 1063 990 1064
f 1064 990 999
f 1064 999 1065
f 1065 999 995
f 1065 995 1066
f 1066 995 992
f 1066 992 982
f 982 992 994
f 982 994 991
f 1074 1075 1076
f 1071 1072 1077
f 1078 1079 1080
f 1081 1082 1083
f 1083 1082 1084
f 1083 1084 1085
f 1086 1087 1088
f 1088 1087 1089
f 1089 1090 1088
f 1088 1090 1091
f 1088 1091 1092
f 1092 1091 1093
f 1092 1093 1094
f 1094 1093 1095
f 1094 1095 1096
f 1096 1097 1094
f 1094 1097 1098
f 1094 1098 1084
f 1084 1098 1099
f 1084 1099 1085
f 1100 1101 1086
f 1086 1101 1102
f 1086 1102 1087
f 1103 1104 1105
f 1103 1105 1086
f 1086 1105 1106
f 1086 1106 1100
f 1107 1108 1109
f 1109 1108 1110
f 1109 1110 1111
f 1111 1110 1112
f 1113 1114 1115
f 1113 1115 1116
f 1116 1115 1117
f 1116 1117 1118
f 1119 1120 1113
f 1113 1120 1121
f 1113 1121 1114
f 1112 1122 1111
f 1111 1122 1123
f 1111 1123 1124
f 1124 1123 1125
f 1125 1126 1124
f 1124 1126 1127
f 1124 1127 1119
f 1119 1127 1128
f 1119 1128 1120
f 1068 1129 1067
f 1069 885 1130
f 1131 1129 1130
f 1130 1129 1068
f 1130 1068 1069
f 1132 1133 1134
f 1134 1133 1080
f 1134 1080 1135
f 1135 1080 1079
f 1131 1136 1129
f 1129 1136 1137
f 1129 1137 1080
f 1080 1137 1138
f 1080 1138 1078
f 1139 1140 1141
f 1141 1140 1142
f 1141 1142 1143
f 1144 1145 1146
f 1144 1146 1147
f 1139 1148 1140
f 1140 1148 1149
f 1140 1149 1144
f 1144 1149 1150
f 1144 1150 1145
f 1132 1151 1133
f 1133 1151 1152
f 1133 1152 1142
f 1142 1152 1153
f 1142 1153 1143
f 1154 1155 1116
f 1116 1155 1156
f 1116 1156 1113
f 1113 1156 1157
f 1113 1157 1119
f 1119 1157 1158
f 1119 1158 1124
f 1124 1158 1159
f 1124 1159 1111
f 1111 1159 1160
f 1111 1160 1109
f 1109 1160 1161
f 1109 1161 1147
f 1147 1161 1162
f 1147 1162 1144
f 1144 1162 1163
f 1144 1163 1140
f 1140 1163 1164
f 1140 1164 1142
f 1142 1164 1165
f 1142 1165 1133
f 1133 1165 1166
f 1133 1166 1080
f 1080 1166 1167
f 1080 1167 1129
f 1129 1167 1168
f 1129 1168 1067
f 1169 1170 1077
f 1077 1170 1171
f 1077 1171 1071
f 1071 1171 1172
f 1071 1172 1070
f 1173 1174 1175
f 1175 1174 1176
f 1175 1176 1177
f 1173 1178 1174
f 1174 1178 1179
f 1174 1179 1077
f 1077 1179 1180
f 1077 1180 1169
f 1073 986 1168
f 1168 986 985
f 1168 985 1067
f 1181 1182 1183
f 1181 1183 1176
f 1176 1183 1184
f 1176 1184 1177
f 1185 1186 1187
f 1187 1186 1188
f 1187 1188 1181
f 1181 1188 1189
f 1181 1189 1182
f 1076 1075 1187
f 1187 1075 1190
f 1187 1190 1185
f 1081 1191 1082
f 1082 1191 1192
f 1082 1192 1193
f 1193 1192 1194
f 1194 1195 1193
f 1193 1195 1196
f 1193 1196 1076
f 1076 1196 1197
f 1076 1197 1074
f 738 1154 1198
f 1198 1154 1116
f 1198 1116 1199
f 1199 1116 1118
f 1146 1200 1147
f 1147 1200 1201
f 1147 1201 1109
f 1109 1201 1202
f 1109 1202 1107
f 1155 1103 1156
f 1156 1103 1086
f 1156 1086 1157
f 1157 1086 1088
f 1157 1088 1158
f 1158 1088 1092
f 1158 1092 1159
f 1159 1092 1094
f 1159 1094 1160
f 1160 1094 1084
f 1160 1084 1161
f 1161 1084 1082
f 1161 1082 1162
f 1162 1082 1193
f 1162 1193 1163
f 1163 1193 1076
f 1163 1076 1164
f 1164 1076 1187
f 1164 1187 1165
f 1165 1187 1181
f 1165 1181 1166
f 1166 1181 1176
f 1166 1176 1167
f 1167 1176 1174
f 1167 1174 1168
f 1168 1174 1077
f 1168 1077 1073
f 1073 1077 1072
f 744 746 1203
f 778 693 1204
f 1205 1206 1207
f 1208 1209 1210
f 1206 1211 1212
f 1212 1211 1213
f 1212 1213 1214
f 1215 1216 1217
f 1217 1216 1212
f 1217 1212 1214
f 1215 1208 1216
f 1216 1208 1210
f 1216 1210 754
f 1212 765 771
f 1206 1212 1207
f 1207 1212 771
f 1207 771 770
f 754 761 1216
f 1216 761 763
f 1216 763 1212
f 1212 763 766
f 1212 766 765
f 1218 1219 1207
f 1207 1219 1220
f 1207 1220 1205
f 1221 1204 1222
f 1222 1223 1221
f 1221 1223 1224
f 1221 1224 1225
f 1225 1226 1218
f 1218 1226 1227
f 1218 1227 1219
f 776 780 1221
f 1221 780 779
f 1221 779 1204
f 1204 779 778
f 1225 1218 1221
f 1221 1218 774
f 1221 774 776
f 1228 1229 1204
f 957 956 1228
f 1229 1230 1204
f 1204 1230 1231
f 1204 1231 1222
f 770 768 1207
f 1207 768 767
f 1207 767 1218
f 1218 767 772
f 1218 772 774
f 1232 1233 1234
f 1234 1233 1235
f 1234 1235 1236
f 1236 1104 1234
f 1234 1104 1103
f 1234 1103 1155
f 735 1154 737
f 737 1154 738
f 734 1234 735
f 735 1234 1155
f 735 1155 1154
f 1234 734 1237
f 1234 1237 1232
f 1232 1237 1238
f 1239 1240 1203
f 1203 1240 1241
f 1241 1242 1203
f 1203 1242 1243
f 1203 1243 1237
f 1237 1243 1244
f 1237 1244 1238
f 1245 1246 1239
f 1247 1248 1249
f 1249 1248 1250
f 1249 1250 1251
f 1251 1252 1249
f 1249 1252 1253
f 1249 1253 1245
f 1245 1253 1254
f 1245 1254 1246
f 1239 1203 1245
f 1245 1203 746
f 1245 746 748
f 748 753 1245
f 1245 753 752
f 1245 752 1249
f 1249 752 750
f 1249 750 749
f 1210 1209 1255
f 1210 1255 1247
f 1247 1255 1256
f 1247 1256 1248
f 734 740 1237
f 1237 740 742
f 1237 742 1203
f 1203 742 743
f 1203 743 744
f 692 660 937
f 957 1228 943
f 943 1228 1204
f 943 1204 937
f 937 1204 693
f 937 693 692
f 749 760 1249
f 1249 760 759
f 1249 759 1247
f 1247 759 757
f 1247 757 1210
f 1210 757 755
f 1210 755 754
f 1257 1258 1259
f 1260 1261 1262
f 1263 1264 1265
f 1266 1267 1268
f 1269 1270 1271
f 1272 1273 1274
f 1275 1276 1277
f 1278 1279 1280
f 1281 1282 1283
f 1284 1285 1286
f 1287 1288 1289
f 1289 1288 1290
f 1289 1290 1291
f 1291 1290 1292
f 1293 1265 1294
f 1294 1265 1264
f 1294 1264 1295
f 1296 1297 1298
f 1298 1297 1299
f 1298 1299 1300
f 1300 1299 1301
f 1301 1299 1302
f 1301 1302 1303
f 1304 1305 1306
f 1306 1305 1307
f 1306 1307 1302
f 1302 1307 1308
f 1302 1308 1303
f 1309 1310 1311
f 1311 1310 1312
f 1311 1312 1313
f 1282 1314 1283
f 1283 1314 1315
f 1283 1315 1316
f 1272 1274 1317
f 1318 1319 1320
f 1320 1319 1321
f 1320 1321 1322
f 1323 1324 1325
f 1325 1324 1326
f 1325 1326 1327
f 1328 1329 1330
f 1329 1328 1331
f 1331 1328 1332
f 1331 1332 1333
f 1333 1332 1334
f 1334 1332 1271
f 1334 1271 1335
f 1335 1271 1336
f 1336 1271 1270
f 1336 1270 1337
f 1322 1317 1320
f 1320 1317 1274
f 1320 1274 1318
f 1318 1274 1338
f 1318 1338 1339
f 1339 1338 1340
f 1339 1340 1341
f 1341 1340 1342
f 1341 1342 1343
f 1343 1342 1268
f 1344 1275 1345
f 1345 1275 1277
f 1345 1277 1346
f 1346 1277 1347
f 1346 1347 1348
f 1348 1347 1349
f 1348 1349 1350
f 1350 1349 1351
f 1350 1351 1290
f 1290 1351 1286
f 1290 1286 1292
f 1292 1286 1285
f 1276 1278 1277
f 1277 1278 1280
f 1277 1280 1347
f 1347 1280 1352
f 1347 1352 1349
f 1349 1352 1353
f 1349 1353 1351
f 1351 1353 1354
f 1351 1354 1286
f 1286 1354 1265
f 1286 1265 1284
f 1284 1265 1293
f 1355 1269 1356
f 1356 1269 1271
f 1356 1271 1357
f 1357 1271 1332
f 1357 1332 1323
f 1323 1332 1328
f 1323 1328 1324
f 1324 1328 1330
f 1327 1319 1325
f 1325 1319 1318
f 1325 1318 1323
f 1323 1318 1339
f 1323 1339 1357
f 1357 1339 1341
f 1357 1341 1356
f 1356 1341 1343
f 1356 1343 1355
f 1355 1343 1358
f 1268 1267 1343
f 1343 1267 1359
f 1343 1359 1358
f 1288 1266 1290
f 1290 1266 1268
f 1290 1268 1350
f 1350 1268 1342
f 1350 1342 1348
f 1348 1342 1340
f 1348 1340 1346
f 1346 1340 1338
f 1346 1338 1345
f 1345 1338 1274
f 1345 1274 1344
f 1344 1274 1273
f 1360 1263 1361
f 1361 1263 1265
f 1361 1265 1362
f 1362 1265 1354
f 1362 1354 1363
f 1363 1354 1353
f 1363 1353 1364
f 1364 1353 1352
f 1364 1352 1365
f 1365 1352 1280
f 1365 1280 1366
f 1366 1280 1279
f 1366 1281 1365
f 1365 1281 1283
f 1365 1283 1364
f 1364 1283 1316
f 1364 1316 1363
f 1363 1316 1367
f 1363 1367 1362
f 1362 1367 1368
f 1362 1368 1361
f 1361 1368 1262
f 1361 1262 1360
f 1360 1262 1261
f 1258 1260 1259
f 1259 1260 1262
f 1259 1262 1369
f 1369 1262 1368
f 1369 1368 1313
f 1313 1368 1367
f 1313 1367 1311
f 1311 1367 1316
f 1311 1316 1309
f 1309 1316 1315
f 1297 1257 1299
f 1299 1257 1259
f 1299 1259 1302
f 1302 1259 1369
f 1302 1369 1306
f 1306 1369 1313
f 1306 1313 1304
f 1304 1313 1312
f 1370 1371 1372
f 1373 1296 1374
f 1374 1296 1375
f 1374 1375 1376
f 1376 1375 1377
f 1370 1378 1371
f 1371 1378 1379
f 1371 1379 1375
f 1375 1379 1380
f 1375 1380 1377
f 1381 1382 1372
f 1372 1382 1383
f 1383 1384 1372
f 1372 1384 1385
f 1372 1385 1370
f 1372 1386 1381
f 1381 1386 1387
f 1381 1387 1388
f 1300 1301 1389
f 1303 1308 1390
f 1312 1310 1391
f 1282 1281 1392
f 1273 1272 1393
f 1319 1327 1394
f 1395 1396 1397
f 1397 1396 1398
f 1397 1398 1399
f 1399 1398 1400
f 1399 1400 1401
f 1401 1400 1402
f 1401 1402 1403
f 1403 1402 1404
f 1405 1395 1406
f 1406 1395 1397
f 1406 1397 1407
f 1407 1397 1399
f 1407 1399 1408
f 1408 1399 1401
f 1408 1401 1409
f 1409 1401 1403
f 1409 1403 1337
f 1337 1403 1336
f 1329 1331 1410
f 1410 1331 1404
f 1410 1404 1411
f 1411 1404 1402
f 1411 1402 1412
f 1412 1402 1400
f 1412 1400 1413
f 1413 1400 1398
f 1413 1398 1414
f 1414 1398 1396
f 1331 1333 1404
f 1404 1333 1334
f 1404 1334 1403
f 1403 1334 1335
f 1403 1335 1336
f 1414 1415 1413
f 1413 1415 1416
f 1413 1416 1412
f 1412 1416 1417
f 1412 1417 1411
f 1411 1417 1418
f 1411 1418 1410
f 1410 1418 1419
f 1410 1419 1329
f 1326 1324 1419
f 1419 1324 1330
f 1419 1330 1329
f 1327 1326 1394
f 1394 1326 1419
f 1394 1419 1420
f 1420 1419 1418
f 1420 1418 1421
f 1421 1418 1417
f 1421 1417 1422
f 1422 1417 1416
f 1422 1416 1423
f 1423 1416 1415
f 1317 1322 1424
f 1424 1322 1321
f 1321 1319 1424
f 1424 1319 1394
f 1424 1394 1425
f 1425 1394 1420
f 1425 1420 1426
f 1426 1420 1421
f 1426 1421 1427
f 1427 1421 1422
f 1427 1422 1428
f 1428 1422 1423
f 1428 1429 1427
f 1427 1429 1430
f 1427 1430 1426
f 1426 1430 1431
f 1426 1431 1425
f 1425 1431 1432
f 1425 1432 1424
f 1424 1432 1393
f 1424 1393 1317
f 1317 1393 1272
f 1276 1275 1433
f 1433 1275 1344
f 1429 1434 1430
f 1430 1434 1435
f 1430 1435 1431
f 1431 1435 1436
f 1431 1436 1432
f 1432 1436 1437
f 1432 1437 1393
f 1393 1437 1433
f 1393 1433 1273
f 1273 1433 1344
f 1434 1438 1435
f 1435 1438 1439
f 1435 1439 1436
f 1436 1439 1440
f 1436 1440 1437
f 1437 1440 1441
f 1437 1441 1433
f 1433 1441 1442
f 1433 1442 1276
f 1366 1279 1442
f 1442 1279 1278
f 1442 1278 1276
f 1281 1366 1392
f 1392 1366 1442
f 1392 1442 1443
f 1443 1442 1441
f 1443 1441 1444
f 1444 1441 1440
f 1444 1440 1445
f 1445 1440 1439
f 1445 1439 1446
f 1446 1439 1438
f 1446 1447 1445
f 1445 1447 1448
f 1445 1448 1444
f 1444 1448 1449
f 1444 1449 1443
f 1443 1449 1450
f 1443 1450 1392
f 1392 1450 1451
f 1392 1451 1282
f 1309 1315 1451
f 1451 1315 1314
f 1451 1314 1282
f 1447 1452 1448
f 1448 1452 1453
f 1448 1453 1449
f 1449 1453 1454
f 1449 1454 1450
f 1450 1454 1455
f 1450 1455 1451
f 1451 1455 1391
f 1451 1391 1309
f 1309 1391 1310
f 1307 1305 1456
f 1456 1305 1304
f 1452 1457 1453
f 1453 1457 1458
f 1453 1458 1454
f 1454 1458 1459
f 1454 1459 1455
f 1455 1459 1460
f 1455 1460 1391
f 1391 1460 1456
f 1391 1456 1312
f 1312 1456 1304
f 1308 1307 1390
f 1390 1307 1456
f 1390 1456 1461
f 1461 1456 1460
f 1461 1460 1462
f 1462 1460 1459
f 1462 1459 1463
f 1463 1459 1458
f 1463 1458 1464
f 1464 1458 1457
f 1301 1303 1389
f 1389 1303 1390
f 1389 1390 1465
f 1465 1390 1461
f 1465 1461 1466
f 1466 1461 1462
f 1466 1462 1467
f 1467 1462 1463
f 1467 1463 1468
f 1468 1463 1464
f 1298 1300 1469
f 1469 1300 1389
f 1469 1389 1470
f 1470 1389 1465
f 1470 1465 1471
f 1471 1465 1466
f 1471 1466 1472
f 1472 1466 1467
f 1472 1467 1473
f 1473 1467 1468
f 1473 1387 1472
f 1472 1387 1386
f 1472 1386 1471
f 1471 1386 1372
f 1471 1372 1470
f 1470 1372 1371
f 1470 1371 1469
f 1469 1371 1375
f 1469 1375 1298
f 1298 1375 1296
f 1407 1474 1406
f 1406 1474 1475
f 1406 1475 1405
f 1405 1475 1476
f 1405 1476 1477
f 1408 1478 1407
f 1407 1478 1479
f 1407 1479 1474
f 1480 1481 1409
f 1409 1481 1408
f 1408 1481 1482
f 1408 1482 1478
f 1480 1409 1483
f 1483 1409 1337
f 1483 1337 1484
f 1485 1486 1293
f 1293 1486 1284
f 1284 1486 1487
f 1284 1487 1285
f 1285 1487 1488
f 1285 1488 1292
f 1292 1488 1291
f 1291 1488 1489
f 1291 1489 1289
f 1289 1489 1490
f 1289 1490 1287
f 1287 1490 1491
f 1287 1491 1492
f 1492 1491 1493
f 1493 1491 1494
f 1493 1494 1495
f 1495 1494 1496
f 1496 1494 1497
f 1496 1497 1498
f 1498 1497 1499
f 1499 1497 1500
f 1499 1500 1501
f 1501 1500 1502
f 1502 1500 1503
f 1502 1503 1504
f 1293 1294 1485
f 1485 1294 1295
f 1485 1295 1505
f 1505 1295 1506
f 1505 1506 1503
f 1503 1506 1507
f 1503 1507 1504
f 794 792 1508
f 1509 1510 1508
f 1511 1512 1513
f 1514 1515 1516
f 783 784 1517
f 1517 784 781
f 1517 781 736
f 1199 1517 1198
f 1198 1517 736
f 1198 736 738
f 782 783 1518
f 1518 783 1517
f 1518 1517 1519
f 1519 1517 1520
f 1519 1520 1521
f 1515 1522 1516
f 1516 1522 1523
f 1516 1523 1520
f 1520 1523 1524
f 1520 1524 1521
f 1525 1526 1527
f 1525 1527 1516
f 1516 1527 1528
f 1516 1528 1514
f 1529 1530 1531
f 1531 1530 1532
f 1531 1532 1525
f 1525 1532 1533
f 1525 1533 1526
f 1534 1535 1536
f 1536 1535 1537
f 1536 1537 1529
f 1538 1539 1540
f 1540 1539 1541
f 1540 1541 1534
f 1511 1513 1542
f 1543 1544 1545
f 1545 1544 1546
f 1545 1546 1547
f 1547 1546 1542
f 1548 1549 1550
f 1550 1549 1551
f 1552 1553 1548
f 1510 1554 1508
f 1508 1554 1555
f 1508 1555 1552
f 1552 1555 1556
f 1552 1556 1553
f 798 1509 797
f 797 1509 1508
f 797 1508 791
f 791 1508 792
f 885 794 1130
f 1130 794 1508
f 1130 1508 1131
f 1131 1508 1136
f 1079 1078 1552
f 1552 1078 1138
f 1552 1138 1508
f 1508 1138 1137
f 1508 1137 1136
f 1548 1550 1552
f 1552 1550 1135
f 1552 1135 1079
f 1151 1132 1550
f 1550 1132 1134
f 1550 1134 1135
f 1152 1151 1545
f 1545 1151 1550
f 1545 1550 1543
f 1543 1550 1551
f 1139 1141 1547
f 1547 1141 1143
f 1547 1143 1545
f 1545 1143 1153
f 1545 1153 1152
f 1542 1513 1547
f 1547 1513 1148
f 1547 1148 1139
f 1145 1150 1513
f 1513 1150 1149
f 1513 1149 1148
f 1146 1145 1540
f 1540 1145 1513
f 1540 1513 1538
f 1538 1513 1512
f 1534 1536 1540
f 1540 1536 1200
f 1540 1200 1146
f 1107 1202 1536
f 1536 1202 1201
f 1536 1201 1200
f 1529 1531 1536
f 1536 1531 1108
f 1536 1108 1107
f 1123 1122 1525
f 1525 1122 1112
f 1525 1112 1531
f 1531 1112 1110
f 1531 1110 1108
f 1128 1127 1516
f 1516 1127 1126
f 1516 1126 1525
f 1525 1126 1125
f 1525 1125 1123
f 1199 1118 1517
f 1517 1118 1117
f 1517 1117 1520
f 1520 1117 1115
f 1115 1114 1520
f 1520 1114 1121
f 1520 1121 1516
f 1516 1121 1120
f 1516 1120 1128
f 807 806 1557
f 820 818 1558
f 1559 1560 1561
f 1562 1563 1564
f 1565 1562 1566
f 1566 1562 1564
f 1566 1564 1567
f 1567 1564 1561
f 1559 1561 1568
f 1568 1561 1564
f 1568 1564 1569
f 1570 1571 1572
f 1572 1571 1573
f 1572 1573 1564
f 1564 1573 1574
f 1564 1574 1569
f 1570 1572 1575
f 1575 1572 1576
f 1575 1576 1577
f 1578 1579 1580
f 1580 1579 1581
f 1580 1581 1576
f 1576 1581 1582
f 1576 1582 1577
f 1578 1580 1583
f 1583 1580 1584
f 1583 1584 1585
f 1586 1587 1584
f 1584 1587 1588
f 1584 1588 1585
f 1589 1590 1591
f 1591 1590 1592
f 1591 1592 1586
f 1593 1594 1591
f 1591 1594 1595
f 1591 1595 1589
f 1596 1597 1558
f 818 817 1558
f 1558 817 827
f 1558 827 1596
f 1597 1598 1558
f 1558 1598 1599
f 1558 1599 1591
f 1591 1599 1600
f 1591 1600 1593
f 814 816 1601
f 1601 816 821
f 1601 821 1602
f 814 1601 811
f 811 1601 1603
f 811 1603 812
f 806 810 1557
f 1557 810 809
f 1557 809 1603
f 1603 809 808
f 1603 808 812
f 788 803 1604
f 1604 803 804
f 1604 804 807
f 788 1604 789
f 789 1604 1605
f 789 1605 799
f 796 795 1605
f 795 801 1605
f 1605 801 800
f 1605 800 799
f 1606 1607 1608
f 1608 1607 1609
f 1608 1609 1610
f 1610 1611 1608
f 1608 1611 1612
f 1608 1612 1613
f 1614 1606 1605
f 1605 1606 1608
f 1605 1608 796
f 796 1608 1613
f 796 1613 798
f 1615 1616 1604
f 1604 1616 1617
f 1604 1617 1605
f 1605 1617 1618
f 1605 1618 1614
f 807 1557 1604
f 1604 1557 1619
f 1604 1619 1615
f 1620 1621 1603
f 1603 1621 1622
f 1603 1622 1557
f 1557 1622 1623
f 1557 1623 1619
f 1620 1603 1624
f 1624 1603 1601
f 1624 1601 1625
f 1626 1627 1602
f 1602 1627 1628
f 1602 1628 1601
f 1601 1628 1629
f 1601 1629 1625
f 1630 1626 1558
f 1558 1626 1602
f 1558 1602 820
f 820 1602 821
f 1631 1632 1591
f 1591 1632 1633
f 1591 1633 1558
f 1558 1633 1634
f 1558 1634 1630
f 1586 1584 1591
f 1591 1584 1635
f 1591 1635 1631
f 1636 1637 1580
f 1580 1637 1638
f 1580 1638 1584
f 1584 1638 1639
f 1584 1639 1635
f 1572 1640 1576
f 1576 1640 1641
f 1576 1641 1580
f 1580 1641 1642
f 1580 1642 1636
f 1563 1643 1564
f 1564 1643 1644
f 1564 1644 1572
f 1572 1644 1645
f 1572 1645 1640
f 1581 1579 841
f 841 1579 1578
f 841 1578 1583
f 854 853 1569
f 1585 1588 835
f 835 1588 1587
f 835 1587 837
f 835 834 1585
f 1585 834 843
f 1585 843 1583
f 1583 843 842
f 1583 842 841
f 1587 1586 837
f 837 1586 1592
f 837 1592 838
f 1569 853 1568
f 1568 853 852
f 1568 852 1559
f 1559 852 614
f 1559 614 1560
f 841 840 1581
f 1581 840 845
f 1581 845 1582
f 1582 845 786
f 1582 786 1577
f 1577 786 785
f 1577 785 1575
f 1575 785 846
f 1575 846 1570
f 1570 846 848
f 1560 614 1646
f 1646 614 616
f 1646 616 1647
f 1647 616 617
f 1647 617 1648
f 1648 617 621
f 1648 621 1649
f 1649 621 626
f 1649 626 1650
f 1651 639 1652
f 1652 639 640
f 1652 640 1653
f 854 1569 850
f 850 1569 1574
f 850 1574 851
f 851 1574 1573
f 851 1573 848
f 848 1573 1571
f 848 1571 1570
f 1653 640 1654
f 1654 640 642
f 1654 642 1655
f 651 653 1656
f 1656 653 656
f 1656 656 1657
f 1657 656 1658
f 1659 645 1660
f 1660 645 647
f 648 650 1661
f 1661 650 651
f 1661 651 1662
f 1662 651 1656
f 838 1592 839
f 839 1592 1590
f 839 1590 822
f 822 1590 1589
f 822 1589 823
f 823 1589 1595
f 823 1595 824
f 824 1595 1594
f 824 1594 828
f 828 1594 1593
f 828 1593 829
f 829 1593 1600
f 829 1600 830
f 830 1600 1599
f 830 1599 831
f 626 625 1650
f 1650 625 623
f 1650 623 1663
f 1663 623 622
f 1663 622 1664
f 1664 622 628
f 1664 628 1665
f 1665 628 629
f 1665 629 1666
f 1666 629 631
f 1666 631 1667
f 1667 631 633
f 1667 633 1668
f 1668 633 634
f 1668 634 1669
f 1669 634 636
f 1669 636 1651
f 1651 636 637
f 1651 637 639
f 1655 642 1659
f 1659 642 644
f 1659 644 645
f 1661 1670 648
f 648 1670 1671
f 648 1671 647
f 647 1671 1672
f 647 1672 1660
f 831 1599 832
f 832 1599 1598
f 832 1598 825
f 825 1598 1597
f 825 1597 826
f 826 1597 1596
f 826 1596 827
f 656 655 1658
f 1658 655 696
f 1658 696 1673
f 1673 696 695
f 1673 695 1674
f 1674 695 699
f 1528 1675 1514
f 1514 1675 1676
f 1514 1676 1515
f 1515 1676 1677
f 1515 1677 1522
f 1522 1677 1678
f 1522 1678 1523
f 1523 1678 1679
f 1523 1679 1524
f 1524 1679 1680
f 1524 1680 1521
f 1521 1680 1681
f 1521 1681 1519
f 1519 1681 1682
f 1519 1682 1518
f 1518 1682 1683
f 1518 1683 782
f 782 1683 1684
f 782 1684 733
f 733 1684 1685
f 733 1685 731
f 731 1685 1686
f 731 1686 726
f 726 1686 1687
f 726 1687 727
f 727 1687 1688
f 727 1688 729
f 729 1688 1689
f 729 1689 730
f 730 1689 1690
f 730 1690 724
f 724 1690 1691
f 724 1691 725
f 725 1691 1692
f 725 1692 721
f 721 1692 1693
f 721 1693 722
f 722 1693 1694
f 722 1694 718
f 718 1694 1695
f 718 1695 719
f 719 1695 1696
f 719 1696 715
f 715 1696 1697
f 715 1697 716
f 716 1697 1698
f 716 1698 710
f 710 1698 1699
f 710 1699 709
f 709 1699 1700
f 709 1700 712
f 712 1700 1701
f 712 1701 713
f 713 1701 1702
f 713 1702 707
f 707 1702 1703
f 707 1703 708
f 708 1703 1704
f 708 1704 704
f 704 1704 1705
f 704 1705 705
f 705 1705 1706
f 705 1706 701
f 701 1706 1707
f 701 1707 702
f 702 1707 1708
f 702 1708 698
f 698 1708 1709
f 698 1709 699
f 699 1709 1710
f 699 1710 1674
f 1711 1712 1713
f 1714 1715 1716
f 1717 1718 1719
f 1719 1718 1720
f 1684 1714 1685
f 1685 1714 1716
f 1685 1716 1686
f 1686 1716 1721
f 1686 1721 1687
f 1722 1689 1721
f 1721 1689 1688
f 1721 1688 1687
f 1723 1691 1722
f 1722 1691 1690
f 1722 1690 1689
f 1724 1693 1723
f 1723 1693 1692
f 1723 1692 1691
f 1725 1695 1724
f 1724 1695 1694
f 1724 1694 1693
f 1726 1697 1725
f 1725 1697 1696
f 1725 1696 1695
f 1727 1702 1701
f 1701 1700 1727
f 1727 1700 1699
f 1727 1699 1726
f 1726 1699 1698
f 1726 1698 1697
f 1702 1727 1703
f 1703 1727 1728
f 1703 1728 1704
f 1704 1728 1705
f 1705 1728 1729
f 1705 1729 1706
f 1706 1729 1707
f 1707 1729 1730
f 1707 1730 1708
f 1708 1730 1709
f 1709 1730 1731
f 1709 1731 1710
f 1732 1733 1734
f 1734 1733 1735
f 1710 1731 1674
f 1674 1731 1734
f 1674 1734 1673
f 1673 1734 1735
f 1673 1735 1658
f 1736 1737 1738
f 1738 1737 1739
f 1738 1739 1740
f 1736 1741 1742
f 1742 1741 1743
f 1742 1743 1744
f 1744 1743 1745
f 1745 1743 1746
f 1746 1743 1747
f 1746 1747 1748
f 1748 1747 1749
f 1748 1749 1750
f 1751 1752 1753
f 1753 1752 1754
f 1753 1754 1749
f 1749 1754 1755
f 1749 1755 1750
f 1756 1757 1758
f 1758 1757 1759
f 1758 1759 1760
f 1760 1759 1761
f 1760 1761 1753
f 1753 1761 1762
f 1753 1762 1751
f 1763 1764 1765
f 1765 1764 1766
f 1765 1766 1758
f 1758 1766 1756
f 1763 1765 1767
f 1767 1765 1768
f 1767 1768 1769
f 1769 1768 1770
f 1770 1768 1771
f 1770 1771 1772
f 1711 1773 1712
f 1712 1773 1774
f 1712 1774 1771
f 1771 1774 1775
f 1771 1775 1772
f 1776 1777 1778
f 1778 1777 1779
f 1778 1779 1713
f 1713 1779 1780
f 1713 1780 1711
f 1720 1776 1719
f 1719 1776 1778
f 1719 1778 1781
f 1781 1778 1782
f 1783 1741 1738
f 1738 1741 1736
f 1783 1732 1741
f 1741 1732 1734
f 1741 1734 1743
f 1743 1734 1731
f 1743 1731 1747
f 1747 1731 1730
f 1747 1730 1749
f 1749 1730 1729
f 1749 1729 1753
f 1753 1729 1728
f 1753 1728 1760
f 1760 1728 1727
f 1760 1727 1758
f 1758 1727 1726
f 1758 1726 1765
f 1765 1726 1725
f 1765 1725 1768
f 1768 1725 1724
f 1768 1724 1771
f 1771 1724 1723
f 1771 1723 1712
f 1712 1723 1722
f 1712 1722 1713
f 1713 1722 1721
f 1713 1721 1778
f 1778 1721 1716
f 1778 1716 1782
f 1782 1716 1715
f 1784 1785 1786
f 1787 1788 1789
f 1790 1791 1792
f 1793 1794 1795
f 1796 1797 1798
f 1799 1800 1801
f 1802 1803 1804
f 1805 1806 1807
f 1808 1809 1810
f 1811 1812 1813
f 1814 1815 1816
f 1816 1815 1817
f 1817 1815 1818
f 1817 1818 1819
f 1820 1821 1822
f 1822 1821 1823
f 1824 1825 1826
f 1827 1828 1829
f 1829 1828 1830
f 1829 1830 1831
f 1831 1830 1832
f 1832 1830 1833
f 1832 1833 1834
f 1835 1836 1837
f 1837 1836 1838
f 1837 1838 1833
f 1833 1838 1839
f 1833 1839 1834
f 1840 1841 1842
f 1842 1841 1843
f 1842 1843 1844
f 1809 1845 1810
f 1810 1845 1846
f 1810 1846 1847
f 1848 1849 1801
f 1801 1849 1850
f 1801 1850 1799
f 1851 1852 1853
f 1852 1851 1854
f 1854 1851 1855
f 1854 1855 1856
f 1856 1855 1857
f 1857 1855 1858
f 1857 1858 1859
f 1798 1797 1860
f 1860 1797 1861
f 1860 1861 1862
f 1863 1802 1864
f 1864 1802 1804
f 1864 1804 1865
f 1865 1804 1866
f 1865 1866 1867
f 1867 1866 1868
f 1867 1868 1869
f 1869 1868 1870
f 1869 1870 1816
f 1816 1870 1813
f 1816 1813 1814
f 1814 1813 1812
f 1803 1871 1804
f 1804 1871 1872
f 1804 1872 1866
f 1866 1872 1873
f 1866 1873 1868
f 1868 1873 1874
f 1868 1874 1870
f 1870 1874 1875
f 1870 1875 1813
f 1813 1875 1822
f 1813 1822 1811
f 1811 1822 1823
f 1871 1805 1872
f 1872 1805 1807
f 1872 1807 1873
f 1873 1807 1876
f 1873 1876 1874
f 1874 1876 1877
f 1874 1877 1875
f 1875 1877 1878
f 1875 1878 1822
f 1822 1878 1824
f 1822 1824 1820
f 1820 1824 1826
f 1820 1826 1879
f 1862 1859 1860
f 1860 1859 1858
f 1860 1858 1798
f 1798 1858 1880
f 1798 1880 1881
f 1882 1796 1883
f 1883 1796 1798
f 1883 1798 1881
f 1853 1849 1851
f 1851 1849 1848
f 1851 1848 1855
f 1855 1848 1884
f 1855 1884 1858
f 1858 1884 1885
f 1858 1885 1880
f 1880 1885 1795
f 1880 1795 1881
f 1881 1795 1794
f 1791 1793 1792
f 1792 1793 1795
f 1792 1795 1886
f 1886 1795 1885
f 1886 1885 1887
f 1887 1885 1884
f 1887 1884 1888
f 1888 1884 1848
f 1888 1848 1889
f 1889 1848 1801
f 1889 1801 1890
f 1890 1801 1800
f 1817 1790 1816
f 1816 1790 1792
f 1816 1792 1869
f 1869 1792 1886
f 1869 1886 1867
f 1867 1886 1887
f 1867 1887 1865
f 1865 1887 1888
f 1865 1888 1864
f 1864 1888 1889
f 1864 1889 1863
f 1863 1889 1890
f 1806 1808 1807
f 1807 1808 1810
f 1807 1810 1876
f 1876 1810 1847
f 1876 1847 1877
f 1877 1847 1891
f 1877 1891 1878
f 1878 1891 1892
f 1878 1892 1824
f 1824 1892 1789
f 1824 1789 1825
f 1825 1789 1788
f 1785 1787 1786
f 1786 1787 1789
f 1786 1789 1893
f 1893 1789 1892
f 1893 1892 1844
f 1844 1892 1891
f 1844 1891 1842
f 1842 1891 1847
f 1842 1847 1840
f 1840 1847 1846
f 1828 1784 1830
f 1830 1784 1786
f 1830 1786 1833
f 1833 1786 1893
f 1833 1893 1837
f 1837 1893 1844
f 1837 1844 1835
f 1835 1844 1843
f 1894 1895 1896
f 1897 1898 1826
f 1826 1898 1899
f 1826 1899 1879
f 1900 1901 1902
f 1902 1901 1903
f 1896 1904 1894
f 1894 1904 1905
f 1894 1905 1906
f 1906 1905 1907
f 1906 1907 1908
f 1908 1907 1909
f 1908 1909 1910
f 1910 1909 1911
f 1910 1911 1903
f 1903 1911 1912
f 1903 1912 1902
f 1913 1914 1881
f 1881 1914 1883
f 1915 1882 1916
f 1916 1882 1883
f 1916 1883 1917
f 1917 1883 1914
f 1819 1900 1817
f 1817 1900 1902
f 1817 1902 1790
f 1790 1902 1918
f 1790 1918 1791
f 1791 1918 1919
f 1791 1919 1793
f 1793 1919 1920
f 1793 1920 1794
f 1794 1920 1921
f 1794 1921 1881
f 1881 1921 1922
f 1881 1922 1923
f 1881 1923 1913
f 1924 1925 1787
f 1787 1925 1926
f 1787 1926 1788
f 1788 1926 1927
f 1788 1927 1825
f 1825 1927 1928
f 1825 1928 1826
f 1826 1928 1896
f 1826 1896 1897
f 1897 1896 1895
f 1929 1930 1785
f 1785 1930 1931
f 1785 1931 1787
f 1787 1931 1932
f 1787 1932 1924
f 1929 1785 1933
f 1933 1785 1784
f 1933 1784 1934
f 1935 1936 1827
f 1827 1936 1937
f 1827 1937 1828
f 1828 1937 1938
f 1828 1938 1784
f 1784 1938 1939
f 1784 1939 1934
f 1929 1933 1940
f 1941 1942 1943
f 1100 1106 1944
f 1944 1106 1105
f 1944 1105 1104
f 1945 1089 1087
f 1945 1946 1089
f 1089 1946 1947
f 1089 1947 1090
f 1090 1947 1948
f 1090 1948 1091
f 1091 1948 1093
f 1949 1099 1950
f 1950 1099 1098
f 1950 1098 1951
f 1951 1098 1097
f 1951 1097 1952
f 1952 1097 1096
f 1952 1096 1953
f 1953 1096 1095
f 1953 1095 1954
f 1954 1095 1093
f 1954 1093 1955
f 1955 1093 1948
f 1949 1956 1099
f 1099 1956 1957
f 1099 1957 1085
f 1085 1957 1958
f 1085 1958 1083
f 1958 1959 1083
f 1083 1959 1960
f 1083 1960 1081
f 1081 1960 1961
f 1081 1961 1191
f 1961 1962 1191
f 1191 1962 1963
f 1191 1963 1192
f 1192 1963 1964
f 1192 1964 1194
f 1194 1964 1965
f 1194 1965 1195
f 1965 1966 1195
f 1195 1966 1967
f 1195 1967 1196
f 1196 1967 1968
f 1196 1968 1197
f 1197 1968 1969
f 1197 1969 1074
f 1074 1969 1970
f 1074 1970 1075
f 1075 1970 1971
f 1075 1971 1190
f 1971 1972 1190
f 1190 1972 1973
f 1190 1973 1185
f 1185 1973 1974
f 1185 1974 1186
f 1186 1974 1188
f 1974 1975 1188
f 1188 1975 1976
f 1188 1976 1189
f 1189 1976 1977
f 1189 1977 1182
f 1182 1977 1978
f 1182 1978 1183
f 1183 1978 1184
f 1978 1979 1184
f 1184 1979 1980
f 1184 1980 1177
f 1177 1980 1175
f 1175 1980 1981
f 1175 1981 1173
f 1173 1981 1982
f 1173 1982 1983
f 1984 1180 1985
f 1985 1180 1179
f 1985 1179 1983
f 1983 1179 1178
f 1983 1178 1173
f 1986 1987 1988
f 1988 1987 1984
f 1988 1984 1989
f 1989 1984 1985
f 1171 1170 1984
f 1984 1170 1169
f 1984 1169 1180
f 1038 1042 1987
f 1987 1042 1041
f 1041 1040 1987
f 1987 1040 1070
f 1987 1070 1984
f 1984 1070 1172
f 1984 1172 1171
f 1038 1990 1991
f 1038 1991 1039
f 1039 1991 1992
f 1039 1992 1034
f 1993 1036 1992
f 1992 1036 1035
f 1992 1035 1034
f 1993 1994 1036
f 1036 1994 1995
f 1036 1995 1030
f 1030 1995 1996
f 1030 1996 1031
f 1031 1996 1997
f 1031 1997 1032
f 1997 1998 1032
f 1032 1998 1999
f 1032 1999 1026
f 1026 1999 2000
f 1026 2000 1027
f 1027 2000 2001
f 1027 2001 1028
f 1028 2001 2002
f 1028 2002 1022
f 1022 2002 2003
f 1022 2003 1023
f 2003 2004 1023
f 1023 2004 2005
f 1023 2005 1024
f 2005 2006 1024
f 1024 2006 2007
f 1024 2007 1016
f 1016 2007 2008
f 1016 2008 1017
f 2008 2009 1017
f 1017 2009 2010
f 1017 2010 1019
f 1019 2010 2011
f 1019 2011 1020
f 1020 2011 2012
f 1020 2012 1015
f 2012 2013 1015
f 1015 2013 2014
f 1015 2014 1013
f 1013 2014 2015
f 1013 2015 2016
f 2017 1008 2018
f 2018 1008 1013
f 2018 1013 2019
f 2019 1013 2016
f 2017 2020 1008
f 1008 2020 2021
f 1008 2021 1009
f 1009 2021 2022
f 2023 1012 2022
f 2022 1012 1011
f 2022 1011 1009
f 2023 2024 1012
f 1012 2024 2025
f 1012 2025 1007
f 1007 2025 2026
f 1007 2026 1005
f 2026 2027 1005
f 1005 2027 2028
f 1005 2028 988
f 988 2028 2029
f 988 2029 989
f 989 2029 1002
f 1002 2029 2030
f 1002 2030 2031
f 1004 2032 1000
f 1000 2032 2033
f 1000 2033 1001
f 2031 2034 1002
f 1002 2034 2032
f 1002 2032 1003
f 1003 2032 1004
f 2035 2036 998
f 2033 2037 1001
f 1001 2037 2038
f 1001 2038 996
f 996 2038 2035
f 996 2035 997
f 997 2035 998
f 2039 2040 2041
f 2041 2040 2042
f 2041 2042 2043
f 2036 2039 998
f 998 2039 2041
f 998 2041 993
f 993 2041 994
f 917 926 2043
f 2043 926 925
f 925 924 2043
f 2043 924 983
f 2043 983 2041
f 2041 983 991
f 2041 991 994
f 2042 2044 2043
f 2043 2044 2045
f 2043 2045 917
f 917 2045 2046
f 2046 2047 917
f 917 2047 2048
f 917 2048 915
f 915 2048 2049
f 915 2049 913
f 913 2049 2050
f 913 2050 918
f 918 2050 919
f 2050 2051 919
f 919 2051 2052
f 919 2052 920
f 920 2052 2053
f 920 2053 912
f 912 2053 910
f 910 2053 2054
f 910 2054 908
f 2054 2055 908
f 908 2055 2056
f 908 2056 921
f 921 2056 2057
f 921 2057 922
f 922 2057 2058
f 922 2058 923
f 923 2058 2059
f 923 2059 904
f 904 2059 2060
f 904 2060 902
f 2060 2061 902
f 902 2061 2062
f 902 2062 900
f 900 2062 2063
f 900 2063 905
f 905 2063 2064
f 905 2064 906
f 906 2064 2065
f 906 2065 907
f 2065 2066 907
f 907 2066 2067
f 907 2067 899
f 899 2067 2068
f 899 2068 897
f 897 2068 2069
f 897 2069 894
f 894 2069 2070
f 894 2070 895
f 895 2070 2071
f 895 2071 974
f 2072 976 2073
f 2073 976 975
f 2073 975 2074
f 2074 975 974
f 2074 974 2075
f 2075 974 2071
f 964 972 1925
f 2072 2076 976
f 976 2076 2077
f 976 2077 968
f 968 2077 2078
f 968 2078 969
f 969 2078 1927
f 969 1927 973
f 973 1927 1926
f 973 1926 970
f 970 1926 1925
f 970 1925 971
f 971 1925 972
f 1925 1924 964
f 964 1924 1932
f 964 1932 890
f 890 1932 1931
f 890 1931 891
f 891 1931 961
f 960 963 1940
f 1940 963 962
f 1940 962 961
f 1228 2079 1229
f 1229 2079 1230
f 1228 956 2079
f 2079 956 958
f 2079 958 960
f 960 1940 2079
f 2079 1940 1933
f 2079 1933 1934
f 1937 1223 1222
f 1934 1939 2079
f 2079 1939 1938
f 2079 1938 1230
f 1230 1938 1937
f 1230 1937 1231
f 1231 1937 1222
f 1223 1937 1224
f 1224 1937 1936
f 1224 1936 1225
f 2080 1226 2081
f 2081 1226 1225
f 2081 1225 1935
f 1935 1225 1936
f 2080 2082 1226
f 1226 2082 2083
f 1226 2083 1227
f 1227 2083 1219
f 2083 2084 1219
f 1219 2084 2085
f 1219 2085 1220
f 1220 2085 2086
f 1220 2086 2087
f 2087 2088 1220
f 1220 2088 2089
f 1220 2089 2090
f 1211 1206 2091
f 2091 1206 1205
f 2091 1205 2092
f 2092 1205 1220
f 2092 1220 2093
f 2093 1220 2090
f 2093 2090 2094
f 2091 2095 1211
f 1211 2095 2096
f 1211 2096 1213
f 1213 2096 2097
f 2098 1217 2097
f 2097 1217 1214
f 2097 1214 1213
f 2098 2099 1217
f 1217 2099 2100
f 1217 2100 2101
f 2102 1209 2103
f 2103 1209 2104
f 2104 1209 1208
f 2104 1208 2101
f 2101 1208 1215
f 2101 1215 1217
f 2105 1250 2106
f 2106 1250 1248
f 2106 1248 2107
f 2107 1248 1256
f 2107 1256 2102
f 2102 1256 1255
f 2102 1255 1209
f 2105 2108 1250
f 1250 2108 2109
f 1250 2109 1251
f 1251 2109 1252
f 1252 2109 2110
f 1252 2110 1253
f 2110 2111 1253
f 1253 2111 2112
f 1253 2112 1254
f 1254 2112 1246
f 1943 1239 1246
f 1246 2112 1943
f 1943 2112 2113
f 1943 2113 1941
f 1474 1239 1475
f 1475 1239 1476
f 1482 1481 1242
f 1474 1479 1239
f 1239 1479 1478
f 1239 1478 1240
f 1240 1478 1482
f 1240 1482 1241
f 1241 1482 1242
f 1242 1481 1480
f 1242 1480 1243
f 1087 1102 1945
f 1945 1102 1101
f 1945 1101 2114
f 2114 1101 1100
f 2114 1100 2115
f 2115 1100 1944
f 2115 1944 2116
f 2116 1944 2117
f 2116 2117 2118
f 2118 2117 2119
f 1480 1483 1243
f 1243 1483 1484
f 1243 1484 1244
f 1484 2119 1244
f 1244 2119 2117
f 1244 2117 1238
f 1238 2117 1232
f 1104 1236 1944
f 1944 1236 1235
f 1944 1235 2117
f 2117 1235 1233
f 2117 1233 1232
f 1987 1986 2120
f 1987 2120 1038
f 1038 2120 2121
f 1038 2121 1990
f 1476 1239 1477
f 1477 1239 1943
f 1477 1943 2122
f 2122 1943 1942
f 2122 1942 2123
f 961 1931 1940
f 1940 1931 1930
f 1940 1930 1929
f 2119 1484 1337
f 1507 1506 2124
f 2124 1506 1295
f 1493 1266 1492
f 1492 1266 1288
f 1492 1288 1287
f 1498 2125 1496
f 1496 2125 2126
f 1496 2126 1495
f 1495 2126 1493
f 1507 2124 1504
f 1504 2124 2127
f 1504 2127 1502
f 1502 2127 2128
f 1502 2128 1501
f 1501 2128 2129
f 1501 2129 1499
f 1499 2129 2130
f 1499 2130 1498
f 1498 2130 2131
f 1498 2131 2125
f 1269 2114 2115
f 1269 2115 1270
f 1270 2115 2116
f 1270 2116 1337
f 1337 2116 2118
f 1337 2118 2119
f 1954 1955 1355
f 1355 1955 1269
f 1269 1955 1948
f 1269 1948 1947
f 1947 1946 1269
f 1269 1946 1945
f 1269 1945 2114
f 1493 2126 1266
f 1266 2126 2132
f 1266 2132 1267
f 1267 2132 1950
f 1267 1950 1359
f 1359 1950 1951
f 1359 1951 1952
f 1355 1358 1954
f 1954 1358 1359
f 1954 1359 1953
f 1953 1359 1952
f 1295 1264 2124
f 2124 1264 1263
f 2124 1263 2133
f 2133 1263 1360
f 2133 1360 2134
f 2134 1360 1261
f 2134 1261 2135
f 2135 1261 1260
f 2135 1260 2136
f 2136 1260 1258
f 2136 1258 2137
f 2137 1258 1257
f 1296 1373 2138
f 1296 2138 1297
f 2138 2139 1297
f 1297 2139 2140
f 1297 2140 1257
f 1257 2140 2141
f 1257 2141 2137
f 1500 1497 2123
f 2123 1497 1494
f 2123 1494 2122
f 1452 1447 1487
f 1414 1396 1490
f 1490 1396 1395
f 1490 1395 1491
f 1491 1395 1405
f 1491 1405 1494
f 1494 1405 1477
f 1494 1477 2122
f 1447 1446 1487
f 1487 1446 1438
f 1487 1438 1488
f 1452 1487 1457
f 1457 1487 1486
f 1457 1486 1464
f 1485 1473 1486
f 1486 1473 1468
f 1486 1468 1464
f 2142 2143 1503
f 2144 2145 1503
f 1503 2145 2146
f 1503 2146 2147
f 1414 1490 1415
f 1415 1490 1489
f 1415 1489 1423
f 1438 1434 1488
f 1488 1434 1429
f 1488 1429 1489
f 1489 1429 1428
f 1489 1428 1423
f 2147 2148 1503
f 1503 2148 2149
f 1503 2149 1505
f 1505 2149 1388
f 1505 1388 1485
f 1485 1388 1387
f 1485 1387 1473
f 1500 2123 1503
f 1503 2123 2150
f 1503 2150 2142
f 2143 2151 1503
f 1503 2151 2152
f 1503 2152 2153
f 2154 2155 1503
f 1503 2155 2156
f 1503 2156 2157
f 2158 2159 1503
f 1503 2159 2160
f 1503 2160 2154
f 2157 2161 1503
f 1503 2161 2162
f 1503 2162 2144
f 2153 2163 1503
f 1503 2163 2164
f 1503 2164 2165
f 2165 2164 2166
f 2165 2167 1503
f 1503 2167 2168
f 1503 2168 2169
f 2169 2170 1503
f 1503 2170 2171
f 1503 2171 2172
f 2172 2173 1503
f 1503 2173 2174
f 1503 2174 2158
f 2175 2176 2177
f 2177 2178 2175
f 2175 2178 2179
f 2175 2179 2180
f 2180 2179 2181
f 1715 1714 2182
f 2183 2184 2185
f 1543 1551 2186
f 2187 2188 2189
f 2190 2191 2192
f 2189 2188 2192
f 2192 2188 2190
f 1610 2187 1611
f 1611 2187 2189
f 1611 2189 1612
f 1612 2189 1613
f 798 1613 1509
f 1509 1613 2189
f 1509 2189 1510
f 1510 2189 1554
f 1554 2189 1555
f 1555 2189 2192
f 1555 2192 1556
f 1551 1549 2186
f 2186 1549 1548
f 2186 1548 2192
f 2192 1548 1553
f 2192 1553 1556
f 1546 1544 2193
f 2193 1544 1543
f 2194 1512 1511
f 1546 2193 1542
f 1542 2193 2195
f 1542 2195 1511
f 1534 1541 2196
f 2196 1541 1539
f 2196 1539 2194
f 2194 1539 1538
f 2194 1538 1512
f 1534 2196 1535
f 1535 2196 2197
f 1535 2197 1537
f 1529 2198 1530
f 1530 2198 2199
f 1527 1526 2200
f 2200 1526 1533
f 2200 1533 2199
f 2199 1533 1532
f 2199 1532 1530
f 1527 2200 1528
f 1528 2200 2201
f 1528 2201 1675
f 1678 1677 2201
f 2201 1677 1676
f 2201 1676 1675
f 1678 2201 1679
f 1679 2201 2202
f 1679 2202 1680
f 1680 2202 1681
f 1681 2202 2182
f 1681 2182 1682
f 1682 2182 1683
f 1683 2182 1714
f 1683 1714 1684
f 2183 2203 2184
f 2184 2203 2204
f 2184 2204 1717
f 1717 1719 2184
f 2184 1719 1781
f 2184 1781 1782
f 2205 2206 2207
f 2206 2208 2207
f 2207 2208 2209
f 2207 2209 2185
f 2185 2209 2210
f 2185 2210 2183
f 2211 2212 2213
f 2213 2212 2214
f 2213 2214 2207
f 2207 2214 2205
f 2211 2213 2215
f 2215 2213 2216
f 2215 2216 2217
f 2217 2216 2218
f 2218 2216 2197
f 2218 2197 2219
f 2219 2197 2220
f 2220 2197 2196
f 2220 2196 2221
f 2222 2223 2194
f 2194 2223 2224
f 2194 2224 2196
f 2196 2224 2225
f 2196 2225 2221
f 1511 2195 2194
f 2194 2195 2226
f 2194 2226 2222
f 2227 2228 2193
f 2193 2228 2229
f 2193 2229 2195
f 2195 2229 2230
f 2195 2230 2226
f 1543 2186 2193
f 2193 2186 2231
f 2193 2231 2227
f 2191 2232 2192
f 2192 2232 2233
f 2192 2233 2186
f 2186 2233 2234
f 2186 2234 2231
f 1782 1715 2184
f 2184 1715 2182
f 2184 2182 2185
f 2185 2182 2202
f 2185 2202 2207
f 2207 2202 2201
f 2207 2201 2213
f 2213 2201 2200
f 2213 2200 2216
f 2216 2200 2199
f 2216 2199 2197
f 2197 2199 2198
f 2197 2198 1537
f 1537 2198 1529
f 1562 1565 2235
f 2236 2237 2238
f 2238 2237 2239
f 2238 2239 2240
f 2239 2241 2240
f 2240 2241 2242
f 2240 2242 2243
f 2243 2242 2244
f 2243 2244 2245
f 2246 2247 2248
f 2248 2247 2249
f 2248 2249 2250
f 2251 2252 2253
f 2253 2252 2254
f 2253 2254 2249
f 2249 2254 2255
f 2249 2255 2250
f 2246 2256 2247
f 2247 2256 2257
f 2247 2257 2238
f 2238 2257 2258
f 2238 2258 2236
f 2259 2260 2261
f 2261 2260 2262
f 2261 2262 2253
f 2253 2262 2263
f 2253 2263 2251
f 2264 2265 2259
f 2266 1632 1631
f 2266 1631 2267
f 1636 2268 1637
f 1637 2268 2269
f 2270 2271 1645
f 1636 1642 2268
f 2268 1642 1641
f 2268 1641 2271
f 2271 1641 1640
f 2271 1640 1645
f 2272 2235 2273
f 1631 1635 2267
f 2267 1635 1639
f 2267 1639 2269
f 2269 1639 1638
f 2269 1638 1637
f 1609 1607 2274
f 1610 1609 2275
f 2275 1609 2274
f 2275 2274 2276
f 2277 1617 1616
f 2277 1616 2278
f 1607 1606 2274
f 2274 1606 1614
f 2274 1614 2277
f 2277 1614 1618
f 2277 1618 1617
f 1620 2279 1621
f 1621 2279 2280
f 1621 2280 1622
f 1620 1624 2279
f 2279 1624 1625
f 2279 1625 2281
f 2281 1625 1629
f 1616 1615 2278
f 2278 1615 1619
f 2278 1619 2280
f 2280 1619 1623
f 2280 1623 1622
f 2282 2283 2284
f 2284 2283 2285
f 2284 2285 2286
f 2287 2288 2289
f 2289 2288 2290
f 2289 2290 2291
f 2291 2290 2292
f 2287 2293 2288
f 2288 2293 2294
f 2288 2294 2284
f 2284 2294 2295
f 2284 2295 2282
f 2296 2297 2298
f 2299 2300 2301
f 2301 2300 2302
f 2301 2302 2290
f 2290 2302 2303
f 2290 2303 2292
f 2299 2301 2304
f 2304 2301 2305
f 2304 2305 2306
f 2307 2308 2309
f 2309 2308 2310
f 2309 2310 2305
f 2305 2310 2311
f 2305 2311 2306
f 2243 2245 2312
f 2243 2312 2309
f 2309 2312 2313
f 2309 2313 2307
f 1645 1644 2270
f 2270 1644 1643
f 2270 1643 1563
f 2296 2276 2297
f 2297 2276 2274
f 2297 2274 2314
f 2314 2274 2277
f 2314 2277 2315
f 2315 2277 2278
f 2315 2278 2316
f 2316 2278 2280
f 2316 2280 2317
f 2317 2280 2279
f 2317 2279 2318
f 2318 2279 2281
f 2318 2281 2319
f 2319 2281 2320
f 2319 2320 2321
f 2321 2320 2266
f 2321 2266 2322
f 2322 2266 2267
f 2322 2267 2323
f 2323 2267 2269
f 2323 2269 2324
f 2324 2269 2268
f 2324 2268 2325
f 2325 2268 2271
f 2325 2271 2272
f 2272 2271 2270
f 2272 2270 2235
f 2235 2270 1563
f 2235 1563 1562
f 2326 2327 2261
f 2327 2328 2261
f 2261 2328 2329
f 2261 2329 2259
f 2259 2329 2330
f 2259 2330 2264
f 1626 2320 1627
f 1627 2320 2281
f 1627 2281 1628
f 1628 2281 1629
f 1626 1630 2320
f 2320 1630 1634
f 2320 1634 2266
f 2266 1634 1633
f 2266 1633 1632
f 2273 2326 2272
f 2272 2326 2261
f 2272 2261 2325
f 2325 2261 2253
f 2325 2253 2324
f 2324 2253 2249
f 2324 2249 2323
f 2323 2249 2247
f 2323 2247 2322
f 2322 2247 2238
f 2322 2238 2321
f 2321 2238 2240
f 2321 2240 2319
f 2319 2240 2243
f 2319 2243 2318
f 2318 2243 2309
f 2318 2309 2317
f 2317 2309 2305
f 2317 2305 2316
f 2316 2305 2301
f 2316 2301 2315
f 2315 2301 2290
f 2315 2290 2314
f 2314 2290 2288
f 2314 2288 2297
f 2297 2288 2284
f 2297 2284 2298
f 2298 2284 2286
f 1733 1732 2331
f 2332 1565 1566
f 1740 2333 1738
f 1738 2333 2331
f 1738 2331 1783
f 1783 2331 1732
f 2334 2335 2331
f 2334 2331 2336
f 2336 2331 2333
f 1658 1735 1657
f 1657 1735 2337
f 1657 2337 1656
f 1656 2337 1662
f 1662 2337 2338
f 1662 2338 1661
f 1661 2338 1670
f 1670 2338 2339
f 1670 2339 1671
f 1671 2339 1672
f 1672 2339 2340
f 1672 2340 1660
f 1653 1654 2341
f 2341 1654 1655
f 2341 1655 2340
f 2340 1655 1659
f 2340 1659 1660
f 2342 1652 1653
f 1652 2342 1651
f 1651 2342 2343
f 1651 2343 1669
f 1666 2344 1665
f 1665 2344 2345
f 1665 2345 1664
f 1666 1667 2343
f 2343 1667 1668
f 2343 1668 1669
f 1663 2346 1650
f 1650 2346 2347
f 1646 1647 2348
f 2348 1647 1648
f 2348 1648 2347
f 2347 1648 1649
f 2347 1649 1650
f 1560 1646 1561
f 1561 1646 2348
f 1561 2348 1567
f 1567 2348 1566
f 2332 1566 2349
f 2349 1566 2348
f 2349 2348 2350
f 2350 2348 2347
f 2350 2347 2351
f 2352 2353 2346
f 2346 2353 2354
f 2346 2354 2347
f 2347 2354 2355
f 2347 2355 2351
f 2356 2352 2345
f 2345 2352 2346
f 2345 2346 1664
f 1664 2346 1663
f 2357 2358 2344
f 2344 2358 2359
f 2344 2359 2345
f 2345 2359 2360
f 2345 2360 2356
f 1666 2343 2344
f 2344 2343 2361
f 2344 2361 2357
f 2362 2363 2361
f 2361 2363 2364
f 2361 2364 2357
f 2365 2366 2367
f 2367 2366 2368
f 2367 2368 2369
f 2341 2370 2368
f 2368 2370 2371
f 2368 2371 2369
f 2372 2373 2340
f 2340 2373 2374
f 2340 2374 2341
f 2341 2374 2375
f 2341 2375 2370
f 2334 2376 2335
f 2335 2376 2377
f 2335 2377 2378
f 2378 2377 2379
f 2378 2379 2380
f 2380 2381 2378
f 2378 2381 2382
f 1735 1733 2337
f 2337 1733 2331
f 2337 2331 2338
f 2338 2331 2335
f 2338 2335 2339
f 2339 2335 2378
f 2339 2378 2340
f 2340 2378 2382
f 2340 2382 2372
f 1653 2341 2342
f 2342 2341 2368
f 2342 2368 2343
f 2343 2368 2366
f 2343 2366 2361
f 2361 2366 2365
f 2361 2365 2362
f 1746 1748 2383
f 2384 2385 2383
f 2386 2387 2388
f 1776 1720 2389
f 2390 2391 2392
f 2393 2394 2395
f 1756 2396 2397
f 2397 2396 2398
f 2397 2398 2399
f 2400 2401 2402
f 2400 2402 2394
f 2401 2403 2402
f 2402 2403 2404
f 2402 2404 2396
f 2396 2404 2405
f 2396 2405 2398
f 2402 1767 1769
f 2394 2402 2395
f 2395 2402 1769
f 2395 1769 1770
f 1756 1766 2396
f 2396 1766 1764
f 2396 1764 2402
f 2402 1764 1763
f 2402 1763 1767
f 2392 2391 2395
f 2395 2391 2406
f 2395 2406 2393
f 2389 2407 2408
f 2408 2407 2409
f 2408 2409 2410
f 2410 2411 2408
f 2408 2411 2412
f 2408 2412 2392
f 2392 2412 2413
f 2392 2413 2390
f 2408 1779 1777
f 2408 1777 2389
f 2389 1777 1776
f 1773 1711 2392
f 2392 1711 2408
f 2408 1711 1780
f 2408 1780 1779
f 2414 2415 2389
f 2389 2415 2416
f 2389 2416 2407
f 2417 2418 2414
f 1770 1772 2395
f 2395 1772 1775
f 2395 1775 2392
f 2392 1775 1774
f 2392 1774 1773
f 2419 2420 2421
f 2421 2420 2422
f 2421 2422 2423
f 2424 2425 2421
f 2421 2425 2426
f 2421 2426 2419
f 1737 2427 1739
f 1739 2427 1740
f 1736 2421 1737
f 1737 2421 2423
f 1737 2423 2427
f 2421 1736 2388
f 2421 2388 2424
f 2424 2388 2387
f 2385 2428 2383
f 2383 2428 2429
f 2383 2429 2388
f 2388 2429 2430
f 2388 2430 2386
f 2431 2432 2384
f 2433 2434 2435
f 2435 2436 2433
f 2433 2436 2437
f 2433 2437 2438
f 2438 2439 2433
f 2433 2439 2440
f 2433 2440 2431
f 2431 2440 2441
f 2431 2441 2432
f 2384 2383 2431
f 2431 2383 1748
f 2431 1748 1750
f 1750 1755 2431
f 2431 1755 1754
f 2431 1754 2433
f 2433 1754 1752
f 2433 1752 1751
f 2399 2442 2397
f 2397 2442 2434
f 2434 2442 2443
f 2434 2443 2435
f 1736 1742 2388
f 2388 1742 1744
f 2388 1744 2383
f 2383 1744 1745
f 2383 1745 1746
f 1718 1717 2444
f 2417 2414 2445
f 2445 2414 2389
f 2445 2389 2444
f 2444 2389 1720
f 2444 1720 1718
f 1751 1762 2433
f 2433 1762 1761
f 2433 1761 2434
f 2434 1761 1759
f 2434 1759 2397
f 2397 1759 1757
f 2397 1757 1756
f 2083 2082 2446
f 1935 1827 2081
f 2081 1827 2446
f 2081 2446 2080
f 2080 2446 2082
f 2083 2446 2447
f 2083 2447 2084
f 2448 2086 2447
f 2447 2086 2085
f 2447 2085 2084
f 2449 2450 2090
f 2090 2089 2449
f 2449 2089 2088
f 2449 2088 2448
f 2448 2088 2087
f 2448 2087 2086
f 2450 2449 2451
f 2449 2448 2452
f 2448 2447 2453
f 2447 2446 2454
f 2446 1827 1829
f 2446 1829 2454
f 2454 1829 1831
f 2454 1831 2455
f 1831 1832 2455
f 2455 1832 1834
f 2455 1834 2456
f 1836 2457 1838
f 1838 2457 2456
f 1838 2456 1839
f 1839 2456 1834
f 1846 2458 1840
f 1840 2458 2459
f 1836 1835 2457
f 2457 1835 1843
f 2457 1843 2459
f 2459 1843 1841
f 2459 1841 1840
f 1846 1845 2458
f 2458 1845 1809
f 2458 1809 2460
f 1805 2461 1806
f 1806 2461 2460
f 1806 2460 1808
f 1808 2460 1809
f 1805 1871 2461
f 2461 1871 1803
f 2461 1803 2462
f 1803 1802 2462
f 2462 1802 1863
f 2462 1863 2463
f 2463 1863 1890
f 2463 1890 2464
f 2464 1890 1800
f 1849 2465 1850
f 1850 2465 2464
f 1850 2464 1799
f 1799 2464 1800
f 1856 2466 2467
f 1849 1853 2465
f 2465 1853 1852
f 2465 1852 2467
f 2467 1852 1854
f 2467 1854 1856
f 1856 1857 2466
f 2466 1857 1859
f 2466 1859 2468
f 1859 1862 2468
f 2468 1862 1861
f 2468 1861 2469
f 2469 1861 1797
f 1797 1796 2469
f 2469 1796 1882
f 2469 1882 2470
f 2447 2454 2453
f 2453 2454 2455
f 2453 2455 2471
f 2471 2455 2456
f 2471 2456 2472
f 2472 2456 2457
f 2472 2457 2473
f 2473 2457 2459
f 2473 2459 2474
f 2474 2459 2458
f 2474 2458 2475
f 2475 2458 2460
f 2475 2460 2476
f 2476 2460 2461
f 2476 2461 2477
f 2477 2461 2462
f 2477 2462 2478
f 2478 2462 2463
f 2478 2463 2479
f 2479 2463 2464
f 2479 2464 2480
f 2480 2464 2465
f 2480 2465 2481
f 2481 2465 2467
f 2481 2467 2482
f 2482 2467 2466
f 2482 2466 2483
f 2483 2466 2468
f 2483 2468 2484
f 2484 2468 2469
f 2484 2469 2485
f 2485 2469 2470
f 2485 2470 2486
f 2448 2453 2452
f 2452 2453 2471
f 2452 2471 2487
f 2487 2471 2472
f 2487 2472 2488
f 2488 2472 2473
f 2488 2473 2489
f 2489 2473 2474
f 2489 2474 2490
f 2490 2474 2475
f 2490 2475 2491
f 2491 2475 2476
f 2491 2476 2492
f 2492 2476 2477
f 2492 2477 2493
f 2493 2477 2478
f 2493 2478 2494
f 2494 2478 2479
f 2494 2479 2495
f 2495 2479 2480
f 2495 2480 2496
f 2496 2480 2481
f 2496 2481 2497
f 2497 2481 2482
f 2497 2482 2498
f 2498 2482 2483
f 2498 2483 2499
f 2499 2483 2484
f 2499 2484 2500
f 2500 2484 2485
f 2500 2485 2501
f 2501 2485 2486
f 2501 2486 2502
f 2449 2452 2451
f 2451 2452 2487
f 2451 2487 2503
f 2503 2487 2488
f 2503 2488 2504
f 2504 2488 2489
f 2504 2489 2505
f 2505 2489 2490
f 2505 2490 2506
f 2506 2490 2491
f 2506 2491 2507
f 2507 2491 2492
f 2507 2492 2508
f 2508 2492 2493
f 2508 2493 2509
f 2509 2493 2494
f 2509 2494 2510
f 2510 2494 2495
f 2510 2495 2511
f 2511 2495 2496
f 2511 2496 2512
f 2512 2496 2497
f 2512 2497 2513
f 2513 2497 2498
f 2513 2498 2514
f 2514 2498 2499
f 2514 2499 2515
f 2515 2499 2500
f 2515 2500 2516
f 2516 2500 2501
f 2516 2501 2517
f 2517 2501 2502
f 2517 2502 2518
f 2450 2451 2519
f 2519 2451 2503
f 2519 2503 2520
f 2520 2503 2504
f 2520 2504 2521
f 2521 2504 2505
f 2521 2505 2522
f 2522 2505 2506
f 2522 2506 2523
f 2523 2506 2507
f 2523 2507 2524
f 2524 2507 2508
f 2524 2508 2525
f 2525 2508 2509
f 2525 2509 2526
f 2526 2509 2510
f 2526 2510 2527
f 2527 2510 2511
f 2527 2511 2528
f 2528 2511 2512
f 2528 2512 2529
f 2529 2512 2513
f 2529 2513 2530
f 2530 2513 2514
f 2530 2514 2531
f 2531 2514 2515
f 2531 2515 2532
f 2532 2515 2516
f 2532 2516 2533
f 2533 2516 2517
f 2533 2517 2534
f 2534 2517 2518
f 2534 2518 2535
f 2536 2537 2486
f 2538 2539 2518
f 2518 2539 2540
f 2518 2540 2535
f 2486 2537 2502
f 2537 2541 2502
f 2502 2541 2542
f 2502 2542 2518
f 2518 2542 2543
f 2518 2543 2538
f 2544 2545 2470
f 2470 2545 2546
f 2470 2546 2486
f 2486 2546 2547
f 2486 2547 2536
f 1882 1915 2470
f 2470 1915 2548
f 2470 2548 2544
f 1821 1820 2549
f 2549 1820 2550
f 1821 2549 1823
f 1823 2549 2551
f 1823 2551 1811
f 1811 2551 2552
f 1811 2552 1812
f 1812 2552 2553
f 1812 2553 1814
f 1814 2553 1815
f 1815 2553 2554
f 1815 2554 1818
f 1818 2554 2555
f 1818 2555 1819
f 1819 2555 1900
f 1900 2555 2556
f 1900 2556 1901
f 1901 2556 2557
f 1901 2557 1903
f 1903 2557 1910
f 1910 2557 2558
f 1910 2558 1908
f 1908 2558 1906
f 1906 2558 2559
f 1906 2559 1894
f 1894 2559 1895
f 1895 2559 2560
f 1895 2560 1897
f 1820 1879 2550
f 2550 1879 1899
f 2550 1899 2560
f 2560 1899 1898
f 2560 1898 1897
f 2561 2562 2563
f 1942 1941 2564
f 2565 2566 2567
f 2568 2569 2570
f 2571 2572 2573
f 2574 2575 2576
f 2577 2578 2579
f 2580 2581 2582
f 1918 2583 2584
f 2062 2061 2585
f 2056 2055 2586
f 2036 2035 2587
f 2031 2588 2034
f 2030 2029 2589
f 1986 1988 2590
f 2138 1373 2591
f 2591 1373 1374
f 2591 1374 1376
f 1376 1377 2591
f 2591 1377 1380
f 2591 1380 2592
f 1380 1379 2592
f 2592 1379 1378
f 2592 1378 1370
f 2140 2139 2593
f 2593 2139 2138
f 2593 2138 2594
f 2594 2138 2591
f 2137 2563 2136
f 2136 2563 2562
f 2136 2562 2135
f 2135 2562 2134
f 2595 2596 2124
f 2124 2596 2127
f 2127 2596 2597
f 2127 2597 2128
f 2128 2597 2598
f 2128 2598 2129
f 2129 2598 2130
f 2130 2598 2599
f 2130 2599 2131
f 2131 2599 2600
f 2131 2600 2125
f 2125 2600 2126
f 2126 2600 2601
f 2126 2601 2132
f 1950 2132 1949
f 1949 2132 2601
f 1949 2601 1956
f 1956 2601 1957
f 1957 2601 1958
f 1958 2601 2600
f 1958 2600 1959
f 1963 1962 2599
f 2599 1962 1961
f 2599 1961 2600
f 2600 1961 1960
f 2600 1960 1959
f 1963 2599 1964
f 1964 2599 2598
f 1964 2598 1965
f 2602 1967 1966
f 1967 2602 1968
f 1968 2602 2603
f 1968 2603 1969
f 1973 1972 2604
f 2604 1972 1971
f 2604 1971 2603
f 2603 1971 1970
f 2603 1970 1969
f 2605 1975 2604
f 2604 1975 1974
f 2604 1974 1973
f 2606 1977 2605
f 2605 1977 1976
f 2605 1976 1975
f 1981 1980 2606
f 1980 1979 2606
f 2606 1979 1978
f 2606 1978 1977
f 1989 1985 2561
f 2561 1985 1983
f 2561 1983 1982
f 2607 2608 1991
f 1991 1990 2607
f 2607 1990 2121
f 2607 2121 2590
f 2590 2121 2120
f 2590 2120 1986
f 1994 1993 2608
f 2608 1993 1992
f 2608 1992 1991
f 2000 1999 2609
f 2609 1999 1998
f 2609 1998 2610
f 2610 1998 1997
f 2610 1997 1996
f 2001 2611 2002
f 2002 2611 2003
f 2003 2611 2004
f 2004 2611 2612
f 2004 2612 2005
f 2005 2613 2006
f 2006 2613 2007
f 2007 2613 2008
f 2008 2613 2614
f 2008 2614 2009
f 2009 2614 2615
f 2009 2615 2010
f 2010 2615 2616
f 2010 2616 2011
f 2011 2616 2617
f 2011 2617 2012
f 2012 2617 2013
f 2013 2617 2618
f 2013 2618 2014
f 2018 2019 2619
f 2619 2019 2016
f 2619 2016 2618
f 2618 2016 2015
f 2618 2015 2014
f 2619 2620 2018
f 2018 2620 2621
f 2018 2621 2017
f 2024 2023 2622
f 2622 2023 2022
f 2622 2022 2623
f 2623 2022 2021
f 2623 2021 2621
f 2621 2021 2020
f 2621 2020 2017
f 2624 2625 2025
f 2029 2028 2589
f 2589 2028 2027
f 2589 2027 2026
f 2031 2030 2626
f 2034 2588 2032
f 2032 2588 2627
f 2032 2627 2033
f 2628 2038 2627
f 2627 2038 2037
f 2627 2037 2033
f 2629 2040 2587
f 2587 2040 2039
f 2587 2039 2036
f 2046 2045 2630
f 2630 2045 2044
f 2630 2044 2629
f 2629 2044 2042
f 2629 2042 2040
f 2631 2051 2050
f 2050 2049 2631
f 2631 2049 2048
f 2631 2048 2630
f 2630 2048 2047
f 2630 2047 2046
f 2055 2054 2586
f 2586 2054 2053
f 2586 2053 2631
f 2631 2053 2052
f 2631 2052 2051
f 2061 2060 2585
f 2585 2060 2059
f 2585 2059 2632
f 2632 2059 2058
f 2632 2058 2586
f 2586 2058 2057
f 2586 2057 2056
f 2633 2064 2585
f 2585 2064 2063
f 2585 2063 2062
f 2067 2066 2633
f 2633 2066 2065
f 2633 2065 2064
f 2069 2068 2634
f 2634 2068 2067
f 2634 2067 2635
f 2636 2071 2634
f 2634 2071 2070
f 2634 2070 2069
f 2073 2074 2636
f 2636 2074 2075
f 2636 2075 2071
f 1904 1896 2078
f 2078 1896 1928
f 2078 1928 1927
f 2072 2637 2076
f 2076 2637 1904
f 2076 1904 2077
f 2077 1904 2078
f 2072 2073 2637
f 2637 2073 2636
f 2637 2636 1904
f 1904 2636 1905
f 1905 2636 1907
f 1907 2636 2634
f 1907 2634 1909
f 1909 2634 2635
f 1909 2635 1911
f 1911 2635 2638
f 1911 2638 1912
f 2583 1918 2638
f 2638 1918 1902
f 2638 1902 1912
f 2639 1920 2584
f 2584 1920 1919
f 2584 1919 1918
f 2640 1913 2641
f 2641 1913 1923
f 2641 1923 2642
f 2642 1923 1922
f 2642 1922 1921
f 2536 2643 2537
f 2537 2643 2541
f 2536 2547 2643
f 2643 2547 2546
f 2643 2546 2644
f 2644 2546 2545
f 2644 2545 2544
f 2544 2548 2644
f 2644 2548 1915
f 2644 1915 2645
f 2645 1915 1916
f 2645 1916 1917
f 2541 2643 2542
f 2542 2643 2646
f 2542 2646 2543
f 2580 2540 2581
f 2581 2540 2539
f 2581 2539 2538
f 2577 2579 2647
f 2575 2648 2576
f 2576 2648 2649
f 2576 2649 2579
f 2579 2649 2650
f 2579 2650 2647
f 2651 2652 2653
f 2653 2652 2654
f 2653 2654 2655
f 2655 2654 2656
f 2655 2656 2574
f 2651 2653 2657
f 2657 2653 2658
f 2657 2658 2659
f 2659 2658 2660
f 2660 2658 2661
f 2660 2661 2662
f 2662 2661 2663
f 2663 2661 2664
f 2663 2664 2572
f 2568 2570 2665
f 2666 2667 2567
f 2567 2667 2668
f 2567 2668 2565
f 2669 2670 2666
f 2666 2670 2671
f 2666 2671 2667
f 2672 2673 2674
f 2674 2673 2675
f 2674 2675 2676
f 2676 2675 2677
f 2676 2677 2669
f 2669 2677 2678
f 2669 2678 2670
f 2679 2680 2681
f 2681 2680 2682
f 2681 2682 2672
f 2672 2682 2683
f 2672 2683 2673
f 2684 2685 2686
f 2686 2685 2687
f 2686 2687 2688
f 2688 2687 2689
f 2688 2689 2690
f 2690 2689 2691
f 2692 2693 2694
f 2694 2693 2695
f 2692 2108 2105
f 2692 2105 2696
f 2696 2105 2106
f 2696 2106 2697
f 2697 2106 2107
f 2697 2107 2698
f 2698 2107 2102
f 2698 2102 2699
f 2699 2102 2103
f 2699 2103 2700
f 2700 2103 2104
f 2700 2104 2701
f 2701 2104 2101
f 2701 2101 2702
f 2101 2100 2702
f 2702 2100 2099
f 2702 2099 2703
f 2099 2098 2703
f 2703 2098 2097
f 2703 2097 2704
f 2704 2097 2096
f 2704 2096 2705
f 2096 2095 2705
f 2705 2095 2091
f 2705 2091 2706
f 2706 2091 2092
f 2113 2112 2694
f 2112 2111 2694
f 2694 2111 2110
f 2694 2110 2692
f 2692 2110 2109
f 2692 2109 2108
f 2123 1942 2150
f 2150 1942 2564
f 2150 2564 2142
f 2163 2153 2707
f 2707 2153 2152
f 2707 2152 2708
f 2708 2152 2151
f 2708 2151 2143
f 2167 2165 2709
f 2709 2165 2166
f 2709 2166 2690
f 2167 2709 2168
f 2168 2709 2710
f 2168 2710 2169
f 2169 2710 2711
f 2169 2711 2170
f 2170 2711 2171
f 2171 2711 2712
f 2171 2712 2172
f 2172 2712 2173
f 2173 2712 2713
f 2173 2713 2174
f 2174 2713 2714
f 2174 2714 2158
f 2715 2160 2714
f 2714 2160 2159
f 2714 2159 2158
f 2154 2566 2155
f 2155 2566 2716
f 2155 2716 2156
f 2156 2716 2157
f 2144 2162 2717
f 2717 2162 2161
f 2718 2146 2145
f 2149 2148 2719
f 2719 2148 2147
f 2719 2147 2720
f 1388 2721 1381
f 1381 2721 1382
f 1370 1385 2592
f 2592 1385 1384
f 2592 1384 2722
f 2722 1384 1383
f 2067 2633 2635
f 2635 2633 2585
f 2635 2585 2638
f 2638 2585 2632
f 2638 2632 2583
f 2583 2632 2586
f 2583 2586 2584
f 2584 2586 2631
f 2584 2631 2639
f 2639 2631 2630
f 2639 2630 2723
f 2723 2630 2629
f 2723 2629 2724
f 2724 2629 2587
f 2724 2587 2628
f 2628 2587 2035
f 2628 2035 2038
f 2626 2644 2725
f 2725 2644 2645
f 2725 2645 2726
f 2726 2645 1917
f 2726 1917 2640
f 2640 1917 1914
f 2640 1914 1913
f 2031 2626 2588
f 2588 2626 2725
f 2588 2725 2627
f 2627 2725 2726
f 2627 2726 2628
f 2628 2726 2640
f 2628 2640 2724
f 2724 2640 2641
f 2724 2641 2723
f 2723 2641 2642
f 2723 2642 2639
f 2639 2642 1921
f 2639 1921 1920
f 2727 2576 2728
f 2728 2576 2579
f 2728 2579 2582
f 2582 2579 2578
f 2582 2578 2580
f 1941 2113 2564
f 2564 2113 2694
f 2564 2694 2686
f 2686 2694 2695
f 2686 2695 2684
f 2166 2164 2690
f 2690 2164 2163
f 2690 2163 2688
f 2688 2163 2707
f 2688 2707 2686
f 2686 2707 2708
f 2686 2708 2564
f 2564 2708 2143
f 2564 2143 2142
f 2154 2160 2566
f 2566 2160 2715
f 2566 2715 2567
f 2567 2715 2714
f 2567 2714 2666
f 2666 2714 2713
f 2666 2713 2669
f 2669 2713 2712
f 2669 2712 2676
f 2676 2712 2711
f 2676 2711 2674
f 2674 2711 2710
f 2674 2710 2672
f 2672 2710 2709
f 2672 2709 2681
f 2681 2709 2690
f 2681 2690 2679
f 2679 2690 2691
f 2161 2157 2717
f 2717 2157 2716
f 2717 2716 2570
f 2570 2716 2566
f 2570 2566 2665
f 2665 2566 2565
f 2145 2144 2718
f 2718 2144 2717
f 2718 2717 2573
f 2573 2717 2570
f 2573 2570 2571
f 2571 2570 2569
f 2572 2664 2573
f 2573 2664 2720
f 2573 2720 2718
f 2718 2720 2147
f 2718 2147 2146
f 2655 2729 2653
f 2653 2729 2730
f 2653 2730 2658
f 2658 2730 2731
f 2658 2731 2661
f 2661 2731 2732
f 2661 2732 2664
f 2664 2732 2733
f 2664 2733 2720
f 2720 2733 2721
f 2720 2721 2719
f 2719 2721 1388
f 2719 1388 2149
f 2005 2612 2613
f 2613 2612 2734
f 2613 2734 2614
f 2614 2734 2735
f 2614 2735 2615
f 2615 2735 2736
f 2615 2736 2616
f 2616 2736 2737
f 2616 2737 2617
f 2617 2737 2738
f 2617 2738 2618
f 2618 2738 2739
f 2618 2739 2619
f 2619 2739 2740
f 2619 2740 2620
f 2620 2740 2741
f 2620 2741 2621
f 2621 2741 2742
f 2621 2742 2623
f 2623 2742 2624
f 2623 2624 2622
f 2622 2624 2025
f 2622 2025 2024
f 2030 2589 2626
f 2626 2589 2743
f 2626 2743 2644
f 2644 2743 2744
f 2644 2744 2643
f 2643 2744 2745
f 2643 2745 2646
f 2646 2745 2746
f 2646 2746 2747
f 2747 2746 2748
f 2747 2748 2749
f 2749 2748 2750
f 2749 2750 2751
f 2751 2750 2752
f 2751 2752 2753
f 2753 2752 2754
f 2753 2754 2755
f 2755 2754 2756
f 2755 2756 2757
f 2757 2756 2758
f 2757 2758 2759
f 2759 2758 2760
f 2759 2760 2722
f 2722 2760 2761
f 2722 2761 2592
f 2592 2761 2762
f 2592 2762 2591
f 2137 2141 2563
f 2563 2141 2140
f 2563 2140 2763
f 2763 2140 2593
f 2763 2593 2764
f 2764 2593 2594
f 2764 2594 2610
f 2610 2594 2591
f 2610 2591 2609
f 2609 2591 2762
f 2609 2762 2000
f 2753 2727 2751
f 2751 2727 2728
f 2751 2728 2749
f 2749 2728 2582
f 2749 2582 2747
f 2747 2582 2581
f 2747 2581 2646
f 2646 2581 2538
f 2646 2538 2543
f 2574 2576 2655
f 2655 2576 2727
f 2655 2727 2729
f 2729 2727 2753
f 2729 2753 2730
f 2730 2753 2755
f 2730 2755 2731
f 2731 2755 2757
f 2731 2757 2732
f 2732 2757 2759
f 2732 2759 2733
f 2733 2759 2722
f 2733 2722 2721
f 2721 2722 1383
f 2721 1383 1382
f 2026 2025 2589
f 2589 2025 2625
f 2589 2625 2743
f 2743 2625 2624
f 2743 2624 2744
f 2744 2624 2742
f 2744 2742 2745
f 2745 2742 2741
f 2745 2741 2746
f 2746 2741 2740
f 2746 2740 2748
f 2748 2740 2739
f 2748 2739 2750
f 2750 2739 2738
f 2750 2738 2752
f 2752 2738 2737
f 2752 2737 2754
f 2754 2737 2736
f 2754 2736 2756
f 2756 2736 2735
f 2756 2735 2758
f 2758 2735 2734
f 2758 2734 2760
f 2760 2734 2612
f 2760 2612 2761
f 2761 2612 2611
f 2761 2611 2762
f 2762 2611 2001
f 2762 2001 2000
f 1966 1965 2602
f 2602 1965 2598
f 2602 2598 2603
f 2603 2598 2597
f 2603 2597 2604
f 2604 2597 2596
f 2604 2596 2605
f 2605 2596 2595
f 2605 2595 2606
f 2606 2595 2765
f 2124 2133 2595
f 2595 2133 2134
f 2595 2134 2765
f 2765 2134 2562
f 2765 2562 2606
f 2606 2562 2561
f 2606 2561 1981
f 1981 2561 1982
f 1996 1995 2610
f 2610 1995 1994
f 2610 1994 2764
f 2764 1994 2608
f 2764 2608 2763
f 2763 2608 2607
f 2763 2607 2563
f 2563 2607 2590
f 2563 2590 2561
f 2561 2590 1988
f 2561 1988 1989
f 2766 2177 2767
f 2767 2177 2176
f 2768 2769 2770
f 2770 2769 2771
f 2770 2771 2772
f 2772 2771 2773
f 2772 2773 2774
f 2774 2773 2775
f 2176 2776 2767
f 2767 2776 2777
f 2767 2777 2778
f 2778 2777 2779
f 2778 2779 2780
f 2779 2781 2780
f 2780 2781 2782
f 2780 2782 2783
f 2783 2782 2784
f 2783 2784 2775
f 2775 2784 2785
f 2775 2785 2774
f 2770 2786 2768
f 2787 2788 2789
f 2790 2791 2787
f 2792 2793 2794
f 2418 2417 2795
f 2795 2417 2796
f 2795 2796 2797
f 2797 2796 2798
f 2798 2796 2799
f 2798 2799 2800
f 2794 2793 2801
f 2793 2802 2801
f 2801 2802 2803
f 2801 2803 2799
f 2799 2803 2804
f 2799 2804 2800
f 2792 2794 2805
f 2805 2794 2806
f 2805 2806 2807
f 2808 2809 2810
f 2810 2809 2806
f 2806 2809 2811
f 2806 2811 2812
f 2812 2813 2806
f 2806 2813 2814
f 2806 2814 2807
f 2815 2810 2816
f 2815 2817 2810
f 2810 2817 2818
f 2810 2818 2808
f 2819 2820 2821
f 2821 2820 2822
f 2821 2822 2816
f 2816 2822 2823
f 2816 2823 2815
f 2824 2825 2821
f 2821 2825 2826
f 2821 2826 2819
f 2827 2828 2829
f 2829 2830 2827
f 2827 2830 2831
f 2827 2831 2824
f 2824 2831 2832
f 2824 2832 2825
f 2833 2834 2788
f 2788 2834 2835
f 2787 2791 2788
f 2788 2791 2836
f 2788 2836 2833
f 2285 2283 2837
f 2790 2787 2837
f 2837 2787 2286
f 2837 2286 2285
f 2220 2838 2219
f 2219 2838 2839
f 2219 2839 2218
f 2840 2223 2222
f 2840 2222 2841
f 2220 2221 2838
f 2838 2221 2225
f 2838 2225 2840
f 2840 2225 2224
f 2840 2224 2223
f 2842 2843 2844
f 2845 2789 2846
f 2846 2789 2788
f 2846 2788 2827
f 2827 2788 2835
f 2827 2835 2828
f 2847 2228 2227
f 2234 2233 2842
f 2843 2275 2276
f 2843 2276 2844
f 2222 2226 2841
f 2841 2226 2230
f 2841 2230 2847
f 2847 2230 2229
f 2847 2229 2228
f 2444 1717 2848
f 2848 1717 2204
f 2849 2850 2209
f 2204 2203 2848
f 2848 2203 2183
f 2848 2183 2850
f 2850 2183 2210
f 2850 2210 2209
f 2212 2851 2214
f 2214 2851 2852
f 2214 2852 2205
f 2209 2208 2849
f 2849 2208 2206
f 2849 2206 2852
f 2852 2206 2205
f 2847 2853 2841
f 2841 2853 2854
f 2841 2854 2840
f 2840 2854 2855
f 2840 2855 2838
f 2838 2855 2856
f 2838 2856 2839
f 2839 2856 2857
f 2839 2857 2851
f 2851 2857 2858
f 2851 2858 2852
f 2852 2858 2859
f 2852 2859 2849
f 2849 2859 2860
f 2849 2860 2850
f 2850 2860 2861
f 2850 2861 2848
f 2848 2861 2862
f 2848 2862 2444
f 2444 2862 2445
f 2233 2232 2842
f 2842 2232 2191
f 2842 2191 2843
f 2843 2191 2190
f 2843 2190 2188
f 1610 2275 2187
f 2187 2275 2843
f 2187 2843 2188
f 2276 2296 2844
f 2844 2296 2298
f 2231 2234 2845
f 2845 2234 2842
f 2845 2842 2789
f 2789 2842 2844
f 2789 2844 2787
f 2787 2844 2298
f 2787 2298 2286
f 2212 2211 2851
f 2851 2211 2215
f 2851 2215 2839
f 2839 2215 2217
f 2839 2217 2218
f 2417 2445 2796
f 2796 2445 2862
f 2796 2862 2799
f 2799 2862 2861
f 2799 2861 2801
f 2801 2861 2860
f 2801 2860 2794
f 2794 2860 2859
f 2794 2859 2806
f 2806 2859 2858
f 2806 2858 2810
f 2810 2858 2857
f 2810 2857 2816
f 2816 2857 2856
f 2816 2856 2821
f 2821 2856 2855
f 2821 2855 2824
f 2824 2855 2854
f 2824 2854 2827
f 2827 2854 2853
f 2827 2853 2846
f 2846 2853 2847
f 2846 2847 2845
f 2845 2847 2227
f 2845 2227 2231
f 2263 2262 2863
f 2262 2260 2863
f 2863 2260 2259
f 2863 2259 2265
f 2265 2864 2863
f 2863 2864 2865
f 2863 2865 2866
f 2867 2868 2863
f 2863 2868 2251
f 2863 2251 2263
f 2868 2869 2251
f 2251 2869 2870
f 2251 2870 2252
f 2252 2870 2871
f 2252 2871 2254
f 2254 2871 2872
f 2246 2248 2873
f 2873 2248 2250
f 2873 2250 2872
f 2872 2250 2255
f 2872 2255 2254
f 2873 2874 2246
f 2246 2874 2256
f 2256 2874 2875
f 2256 2875 2257
f 2257 2875 2876
f 2257 2876 2258
f 2258 2876 2877
f 2258 2877 2236
f 2236 2877 2878
f 2236 2878 2237
f 2878 2879 2237
f 2237 2879 2880
f 2237 2880 2239
f 2239 2880 2881
f 2239 2881 2241
f 2241 2881 2882
f 2241 2882 2242
f 2882 2883 2242
f 2242 2883 2884
f 2242 2884 2244
f 2244 2884 2885
f 2885 2886 2244
f 2244 2886 2887
f 2244 2887 2888
f 2889 2890 2245
f 2888 2891 2244
f 2244 2891 2892
f 2244 2892 2245
f 2245 2892 2893
f 2245 2893 2889
f 2890 2894 2245
f 2245 2894 2895
f 2245 2895 2312
f 2895 2896 2312
f 2312 2896 2897
f 2312 2897 2898
f 2898 2899 2312
f 2312 2899 2900
f 2312 2900 2313
f 2313 2900 2901
f 2313 2901 2902
f 2903 2310 2904
f 2904 2310 2308
f 2904 2308 2902
f 2902 2308 2307
f 2902 2307 2313
f 2903 2905 2310
f 2310 2905 2906
f 2310 2906 2311
f 2311 2906 2907
f 2311 2907 2306
f 2306 2907 2908
f 2306 2908 2304
f 2908 2909 2304
f 2304 2909 2910
f 2304 2910 2299
f 2299 2910 2911
f 2912 2291 2913
f 2913 2291 2292
f 2913 2292 2914
f 2914 2292 2303
f 2914 2303 2915
f 2915 2303 2302
f 2915 2302 2911
f 2911 2302 2300
f 2911 2300 2299
f 2912 2916 2291
f 2291 2916 2917
f 2291 2917 2289
f 2289 2917 2918
f 2289 2918 2287
f 2287 2918 2293
f 2918 2919 2293
f 2293 2919 2920
f 2293 2920 2294
f 2921 2790 2922
f 2922 2790 2837
f 2922 2837 2923
f 2923 2837 2283
f 2923 2283 2924
f 2924 2283 2282
f 2924 2282 2920
f 2920 2282 2295
f 2920 2295 2294
f 2925 2835 2926
f 2926 2835 2834
f 2926 2834 2927
f 2927 2834 2833
f 2927 2833 2928
f 2928 2833 2836
f 2928 2836 2921
f 2921 2836 2791
f 2921 2791 2790
f 2925 2929 2835
f 2835 2929 2930
f 2835 2930 2828
f 2828 2930 2829
f 2867 2863 2931
f 2931 2863 2866
f 2931 2866 2932
f 2932 2866 2933
f 2932 2933 2934
f 2934 2933 2935
f 2934 2935 2936
f 2936 2935 2937
f 2936 2937 2938
f 2939 2940 2941
f 2941 2940 2942
f 2940 2943 2942
f 2942 2943 2944
f 2942 2944 2945
f 2945 2944 2946
f 2945 2946 2938
f 2938 2946 2947
f 2938 2947 2936
f 2363 2362 2948
f 2330 2949 2866
f 2866 2865 2330
f 2330 2865 2864
f 2330 2864 2264
f 2264 2864 2265
f 2937 2935 2949
f 2949 2935 2933
f 2949 2933 2866
f 2939 2941 2950
f 2950 2941 2942
f 2950 2942 2951
f 2951 2942 2945
f 2951 2945 2938
f 2952 2953 2954
f 2954 2953 2955
f 2954 2955 2950
f 2950 2955 2956
f 2950 2956 2939
f 2952 2954 2957
f 2957 2954 2958
f 2957 2958 2959
f 2960 2961 2962
f 2962 2961 2963
f 2962 2963 2958
f 2958 2963 2964
f 2958 2964 2959
f 2960 2962 2965
f 2965 2962 2966
f 2965 2966 2967
f 2968 2969 2970
f 2968 2970 2971
f 2969 2972 2970
f 2970 2972 2973
f 2970 2973 2966
f 2966 2973 2974
f 2966 2974 2967
f 2975 2976 2977
f 2977 2976 2978
f 2977 2978 2970
f 2970 2978 2979
f 2970 2979 2971
f 2980 2981 2982
f 2982 2981 2983
f 2982 2983 2984
f 2984 2983 2985
f 2984 2985 2977
f 2977 2985 2986
f 2977 2986 2975
f 2980 2982 2987
f 2987 2982 2988
f 2987 2988 2989
f 2989 2988 2990
f 2990 2988 2422
f 2990 2422 2420
f 2374 2991 2375
f 2375 2991 2992
f 2375 2992 2370
f 2370 2992 2371
f 2379 2377 2993
f 2993 2377 2376
f 2993 2376 2994
f 2994 2376 2334
f 2379 2993 2380
f 2380 2993 2995
f 2380 2995 2381
f 2381 2995 2996
f 2381 2996 2382
f 2374 2373 2991
f 2991 2373 2372
f 2991 2372 2996
f 2996 2372 2382
f 2997 2326 2273
f 1565 2332 2235
f 2235 2332 2997
f 2235 2997 2273
f 2998 2355 2354
f 2998 2354 2999
f 2332 2349 2997
f 2997 2349 2350
f 2997 2350 2998
f 2998 2350 2351
f 2998 2351 2355
f 3000 2360 2359
f 3000 2359 3001
f 2948 2362 3002
f 2359 2358 3001
f 3001 2358 2357
f 3001 2357 2948
f 2948 2357 2364
f 2948 2364 2363
f 2354 2353 2999
f 2999 2353 2352
f 2999 2352 3000
f 3000 2352 2356
f 3000 2356 2360
f 2427 2423 2994
f 2994 2423 3003
f 2994 3003 2993
f 2993 3003 3004
f 2993 3004 2995
f 2995 3004 3005
f 2995 3005 2996
f 2996 3005 3006
f 2996 3006 2991
f 2991 3006 3007
f 2991 3007 2992
f 2992 3007 3008
f 2992 3008 3002
f 3002 3008 3009
f 3002 3009 2948
f 2948 3009 3010
f 2948 3010 3001
f 3001 3010 3011
f 3001 3011 3000
f 3000 3011 3012
f 3000 3012 2999
f 2999 3012 3013
f 2999 3013 2998
f 2998 3013 3014
f 2998 3014 2997
f 2327 3015 2328
f 2328 3015 2329
f 2938 2937 2951
f 2951 2937 2949
f 2951 2949 3015
f 3015 2949 2330
f 3015 2330 2329
f 1740 2427 2333
f 2333 2427 2994
f 2333 2994 2336
f 2336 2994 2334
f 2362 2365 3002
f 3002 2365 2367
f 3002 2367 2992
f 2992 2367 2369
f 2992 2369 2371
f 2423 2422 3003
f 3003 2422 2988
f 3003 2988 3004
f 3004 2988 2982
f 3004 2982 3005
f 3005 2982 2984
f 3005 2984 3006
f 3006 2984 2977
f 3006 2977 3007
f 3007 2977 2970
f 3007 2970 3008
f 3008 2970 2966
f 3008 2966 3009
f 3009 2966 2962
f 3009 2962 3010
f 3010 2962 2958
f 3010 2958 3011
f 3011 2958 2954
f 3011 2954 3012
f 3012 2954 2950
f 3012 2950 3013
f 3013 2950 2951
f 3013 2951 3014
f 3014 2951 3015
f 3014 3015 2997
f 2997 3015 2327
f 2997 2327 2326
f 3016 3017 3018
f 2409 2407 3019
f 3019 2407 2416
f 2416 2415 3019
f 3019 2415 2414
f 3019 2414 2418
f 2418 2795 3019
f 3019 2795 2797
f 3019 2797 2798
f 3020 2412 3021
f 3021 2412 2411
f 3021 2411 2410
f 3016 2390 3020
f 3020 2390 2413
f 3020 2413 2412
f 3017 3016 3022
f 3018 2400 2394
f 2394 2393 3018
f 3018 2393 2406
f 3018 2406 3016
f 3016 2406 2391
f 3016 2391 2390
f 3018 3023 2400
f 2400 3023 3024
f 2400 3024 2401
f 2401 3024 3025
f 3025 2786 2770
f 2399 2398 2772
f 2772 2398 2405
f 2772 2405 2770
f 2770 2405 2404
f 2770 2404 3025
f 3025 2404 2403
f 3025 2403 2401
f 2399 2772 2442
f 2442 2772 2774
f 2442 2774 2443
f 2443 2774 2785
f 2443 2785 2435
f 2435 2785 2436
f 2436 2785 2784
f 2436 2784 2437
f 2432 2441 2781
f 2781 2441 2440
f 2781 2440 2782
f 2782 2440 2439
f 2782 2439 2784
f 2784 2439 2438
f 2784 2438 2437
f 2432 2781 2384
f 2384 2781 2779
f 2384 2779 2385
f 2385 2779 2777
f 2385 2777 2428
f 2428 2777 2429
f 2429 2777 2776
f 2429 2776 2430
f 2430 2776 2176
f 2430 2176 2386
f 2386 2176 3026
f 2386 3026 2387
f 3027 2425 3026
f 3026 2425 2424
f 3026 2424 2387
f 3027 2980 2987
f 2987 2989 3027
f 3027 2989 2990
f 3027 2990 2420
f 2420 2419 3027
f 3027 2419 2426
f 3027 2426 2425
f 2983 3028 2985
f 2985 3028 3029
f 2985 3029 3030
f 3030 3031 2985
f 2985 3031 3032
f 2985 3032 2986
f 2986 3032 2975
f 3032 3033 2975
f 2975 3033 3034
f 2975 3034 2976
f 3034 3035 2976
f 2976 3035 3036
f 2976 3036 2978
f 2978 3036 3037
f 2978 3037 2979
f 2979 3037 2971
f 3038 3039 3026
f 2175 2180 3040
f 3040 2180 2181
f 2176 2175 3026
f 3026 2175 3040
f 3026 3040 3038
f 3038 3040 2181
f 2983 2981 3028
f 3028 2981 2980
f 3028 2980 3041
f 3041 2980 3027
f 3041 3027 3042
f 3042 3027 3026
f 3042 3026 3043
f 3043 3026 3039
f 3044 3045 3021
f 3021 3045 3046
f 3046 3047 3021
f 3021 3047 3048
f 3021 3048 3020
f 3020 3048 3049
f 3020 3049 3016
f 3016 3049 3050
f 3016 3050 3022
f 3051 3052 2804
f 3051 2804 3053
f 2410 2409 3021
f 3021 2409 3019
f 3021 3019 3044
f 3044 3019 2798
f 3044 2798 3052
f 3052 2798 2800
f 3052 2800 2804
f 2805 3054 2792
f 2792 3054 3055
f 2792 3055 2793
f 2793 3055 3056
f 2793 3056 2802
f 2802 3056 3057
f 2802 3057 3058
f 2804 2803 3053
f 3053 2803 2802
f 3053 2802 3059
f 3059 2802 3058
f 2813 3060 2814
f 2814 3060 2807
f 3060 3061 2807
f 2807 3061 3062
f 2807 3062 2805
f 2805 3062 3063
f 2805 3063 3054
f 2090 2450 2527
f 2094 2550 2560
f 2450 2519 2527
f 2527 2519 2520
f 2527 2520 2521
f 2559 2558 2647
f 2647 2558 2557
f 2647 2557 2577
f 2556 2555 2535
f 2535 2555 2534
f 2534 2555 2554
f 2534 2554 2533
f 2090 2527 2094
f 2094 2527 2549
f 2094 2549 2550
f 2524 2521 2523
f 2523 2521 2522
f 2535 2540 2556
f 2556 2540 2580
f 2556 2580 2557
f 2557 2580 2578
f 2557 2578 2577
f 2529 2530 2553
f 2553 2530 2531
f 2553 2531 2554
f 2554 2531 2532
f 2554 2532 2533
f 2529 2553 2528
f 2528 2553 2552
f 2528 2552 2527
f 2527 2552 2551
f 2527 2551 2549
f 2524 2525 2521
f 2521 2525 2526
f 2521 2526 2527
f 3064 3065 2094
f 2094 3065 3066
f 2766 2767 3067
f 3067 2767 2094
f 3067 2094 3068
f 3068 2094 3066
f 3069 2647 3070
f 3070 2647 3071
f 3069 3072 2647
f 2647 3072 3073
f 2647 3073 3074
f 3074 3075 2647
f 2647 3075 3076
f 2647 3076 2559
f 2559 3076 3077
f 2559 3077 2560
f 2560 3077 3078
f 2560 3078 2094
f 2094 3078 3079
f 2094 3079 3064
f 3080 3071 2647
f 2656 2654 3081
f 3082 2659 3083
f 3083 2659 2660
f 3083 2660 3084
f 3084 2660 2662
f 3084 2662 2663
f 3080 2647 3085
f 3085 2647 2650
f 3085 2650 3081
f 3081 2650 2649
f 3081 2649 2648
f 2648 2575 3081
f 3081 2575 2574
f 3081 2574 2656
f 2654 2652 3081
f 3081 2652 2651
f 3081 2651 3082
f 3082 2651 2657
f 3082 2657 2659
f 3086 3087 2663
f 2680 2679 3088
f 3089 3090 2692
f 2692 3090 3091
f 3088 2695 3092
f 3092 2695 2693
f 3092 2693 3093
f 3093 2693 2692
f 3093 2692 3094
f 3094 2692 3091
f 3087 3095 2663
f 2663 3095 3096
f 2663 3096 3084
f 2572 2571 3097
f 3097 2571 2569
f 2679 2691 3088
f 3088 2691 2689
f 3088 2689 2687
f 2572 3097 2663
f 2663 3097 3098
f 2663 3098 3086
f 2687 2685 3088
f 3088 2685 2684
f 3088 2684 2695
f 2569 2568 3097
f 3097 2568 2665
f 3097 2665 2565
f 2671 2670 3097
f 3097 2670 2678
f 3097 2678 3099
f 3099 2678 2677
f 3099 2677 3100
f 3100 2677 2675
f 3100 2675 3101
f 3101 2675 2673
f 3101 2673 3102
f 3102 2673 2683
f 3102 2683 3088
f 3088 2683 2682
f 3088 2682 2680
f 2565 2668 3097
f 3097 2668 2667
f 3097 2667 2671
f 2767 2778 2094
f 2094 2778 3103
f 2094 3103 2093
f 2702 2703 3104
f 3104 2703 2704
f 2704 2705 3104
f 3104 2705 2706
f 3104 2706 3103
f 3103 2706 2092
f 3103 2092 2093
f 3089 2692 3105
f 3105 2692 2696
f 3105 2696 3106
f 3106 2696 2697
f 3106 2697 2698
f 2698 2699 3106
f 3106 2699 2700
f 3106 2700 3104
f 3104 2700 2701
f 3104 2701 2702
f 3107 3108 3109
f 3110 3111 3112
f 3113 3114 3115
f 3108 3107 3116
f 3116 3117 3118
f 3111 3110 3116
f 3119 3116 3110
f 3116 3120 3121
f 3122 3120 3116
f 3116 3123 3124
f 3116 3125 3126
f 3127 3125 3116
f 3114 3113 3116
f 3025 3024 3089
f 3051 3128 3052
f 2926 2927 3129
f 2898 2897 3116
f 3116 2897 2896
f 2895 2894 3116
f 2893 3116 2889
f 3116 2893 2892
f 2890 2889 3116
f 3032 3031 3130
f 3071 3080 3131
f 3132 3072 3133
f 3133 3072 3069
f 3133 3069 3134
f 3135 3074 3132
f 3132 3074 3073
f 3132 3073 3072
f 3136 3076 3135
f 3135 3076 3075
f 3135 3075 3074
f 3064 3079 3137
f 3137 3079 3078
f 3137 3078 3077
f 3077 3076 3137
f 3137 3076 3136
f 3137 3136 3064
f 3064 3136 3138
f 3064 3138 3065
f 3065 3138 3139
f 3065 3139 3066
f 3066 3139 3068
f 3068 3139 3140
f 3068 3140 3067
f 3043 3039 3140
f 2766 3067 2177
f 2177 3067 3140
f 2177 3140 2178
f 2178 3140 3039
f 2178 3039 2179
f 2179 3039 3038
f 2179 3038 2181
f 3028 3041 3141
f 3141 3041 3042
f 3141 3042 3043
f 3028 3141 3029
f 3029 3141 3142
f 3029 3142 3030
f 3032 3130 3033
f 3143 3035 3130
f 3130 3035 3034
f 3130 3034 3033
f 3036 3144 3037
f 3037 3144 2971
f 3145 2969 3144
f 3144 2969 2968
f 3144 2968 2971
f 2972 3146 2973
f 2973 3146 2974
f 2964 2963 3147
f 3147 2963 2961
f 2961 2960 3147
f 3147 2960 2965
f 3147 2965 3146
f 3146 2965 2967
f 3146 2967 2974
f 2955 2953 3148
f 3148 2953 2952
f 3148 2952 2957
f 2943 2940 3149
f 3149 2940 2939
f 3149 2939 3148
f 3148 2939 2956
f 3148 2956 2955
f 3150 2946 3149
f 3149 2946 2944
f 3149 2944 2943
f 3151 2932 3150
f 3150 2932 2934
f 2934 2936 3150
f 3150 2936 2947
f 3150 2947 2946
f 2869 2868 3152
f 3152 2868 2867
f 3152 2867 3151
f 3151 2867 2931
f 3151 2931 2932
f 2874 2873 3153
f 3153 2873 2872
f 3153 2872 3154
f 3154 2872 2871
f 3154 2871 2870
f 3153 3155 3156
f 2880 2879 3156
f 3156 2879 2878
f 3156 2878 2877
f 2877 2876 3156
f 3156 2876 2875
f 3156 2875 3153
f 3153 2875 2874
f 2883 2882 3127
f 3116 2887 3157
f 3157 2887 2886
f 3123 3116 3157
f 2888 2887 3116
f 2891 2888 3116
f 2892 2891 3116
f 2894 2890 3116
f 2896 2895 3116
f 3121 2898 3116
f 2904 2902 3122
f 3122 2902 2901
f 3122 2901 3120
f 3120 2901 2900
f 3120 2900 3121
f 3121 2900 2899
f 3121 2899 2898
f 2903 2904 3119
f 3119 2904 3122
f 3119 3122 3116
f 3158 2907 2906
f 2910 2909 3158
f 3158 2909 2908
f 3158 2908 2907
f 2914 2915 3159
f 3159 2915 2911
f 3159 2911 3112
f 2919 2918 3160
f 3160 2918 2917
f 3160 2917 3161
f 2917 2916 3161
f 3161 2916 2912
f 3161 2912 2913
f 3162 2923 2924
f 3162 2924 3160
f 3160 2924 2920
f 3160 2920 2919
f 2927 2928 3129
f 3129 2928 2921
f 3129 2921 3162
f 3162 2921 2922
f 3162 2922 2923
f 2926 3129 2925
f 2925 3129 3163
f 2925 3163 2929
f 3164 2831 2830
f 3164 2830 3165
f 3165 2830 2829
f 3165 2829 2930
f 2819 2826 3166
f 3166 2826 2825
f 3166 2825 3164
f 3164 2825 2832
f 3164 2832 2831
f 2823 2822 3166
f 3166 2822 2820
f 3166 2820 2819
f 2808 2818 3167
f 3167 2818 2817
f 3167 2817 3166
f 3166 2817 2815
f 3166 2815 2823
f 3060 3168 3061
f 3061 3168 3062
f 3060 2813 3168
f 3168 2813 2812
f 3168 2812 3169
f 3169 2812 2811
f 3169 2811 2809
f 3057 3056 3170
f 3170 3056 3055
f 3170 3055 3171
f 3171 3055 3054
f 3171 3054 3063
f 3128 3051 3172
f 3051 3053 3172
f 3172 3053 3059
f 3172 3059 3058
f 3047 3046 3173
f 3173 3046 3045
f 3173 3045 3044
f 3050 3049 3174
f 3174 3049 3048
f 3174 3048 3175
f 3018 3176 3023
f 3023 3176 3024
f 3018 3017 3174
f 3174 3017 3022
f 3174 3022 3050
f 3089 3024 3090
f 2786 3025 2768
f 2768 3025 3089
f 2768 3089 2769
f 2769 3089 3105
f 2769 3105 3106
f 3104 2773 3106
f 3106 2773 2771
f 3106 2771 2769
f 2778 2780 3103
f 3103 2780 2783
f 3103 2783 3104
f 3104 2783 2775
f 3104 2775 2773
f 3024 3176 3090
f 3090 3176 3177
f 3090 3177 3091
f 3094 3178 3093
f 3093 3178 3092
f 3092 3178 3088
f 3088 3178 3179
f 3088 3179 3102
f 3102 3179 3180
f 3102 3180 3101
f 3087 3086 3181
f 3181 3086 3098
f 3181 3098 3182
f 3182 3098 3097
f 3182 3097 3183
f 3183 3097 3099
f 3183 3099 3180
f 3180 3099 3100
f 3180 3100 3101
f 3095 3184 3185
f 3131 3080 3186
f 3186 3080 3085
f 3186 3085 3187
f 3187 3085 3081
f 3187 3081 3188
f 3188 3081 3082
f 3188 3082 3189
f 3189 3082 3083
f 3189 3083 3190
f 3190 3083 3084
f 3190 3084 3185
f 3185 3084 3096
f 3185 3096 3095
f 3191 3109 3192
f 3192 3109 3108
f 3192 3108 3193
f 3193 3108 3116
f 3194 3115 3195
f 3195 3115 3114
f 3195 3114 3196
f 3196 3114 3116
f 2882 2881 3127
f 3127 2881 2880
f 3127 2880 3125
f 3125 2880 3156
f 3125 3156 3126
f 3126 3156 3155
f 2911 2910 3112
f 3112 2910 3158
f 3112 3158 3110
f 3110 3158 2906
f 3110 2906 3119
f 3119 2906 2905
f 3119 2905 2903
f 3197 3118 3198
f 3198 3118 3117
f 3198 3117 3199
f 3200 3191 3201
f 3201 3191 3192
f 3201 3192 3202
f 3202 3192 3193
f 3202 3193 3203
f 3203 3193 3116
f 3154 3194 3153
f 3153 3194 3195
f 3153 3195 3155
f 3155 3195 3196
f 3155 3196 3126
f 3126 3196 3116
f 2886 2885 3157
f 3157 2885 2884
f 3157 2884 3123
f 3123 2884 2883
f 3123 2883 3124
f 3124 2883 3127
f 3124 3127 3116
f 3116 3204 3111
f 3111 3204 3205
f 3111 3205 3112
f 3112 3205 3161
f 3112 3161 3159
f 3159 3161 2913
f 3159 2913 2914
f 3206 3197 3207
f 3207 3197 3198
f 3207 3198 3208
f 3208 3198 3199
f 3208 3199 3209
f 3210 3200 3211
f 3211 3200 3201
f 3211 3201 3212
f 3212 3201 3202
f 3212 3202 3213
f 3213 3202 3203
f 3213 3203 3214
f 3214 3203 3116
f 3215 3206 3216
f 3216 3206 3207
f 3216 3207 3217
f 3217 3207 3208
f 3217 3208 3218
f 3218 3208 3209
f 3218 3209 3219
f 3190 3215 3189
f 3189 3215 3216
f 3189 3216 3188
f 3188 3216 3217
f 3188 3217 3187
f 3187 3217 3218
f 3187 3218 3186
f 3186 3218 3219
f 3186 3219 3131
f 3116 3220 3204
f 3204 3220 3221
f 3204 3221 3205
f 3205 3221 3222
f 3205 3222 3161
f 3161 3222 3223
f 3161 3223 3160
f 3160 3223 3224
f 3160 3224 3162
f 3162 3224 3225
f 3162 3225 3129
f 3129 3225 3165
f 3129 3165 3163
f 3163 3165 2930
f 3163 2930 2929
f 3226 3152 3227
f 3227 3152 3151
f 3227 3151 3228
f 3228 3151 3150
f 3228 3150 3229
f 3229 3150 3149
f 3229 3149 3230
f 3230 3149 3148
f 3230 3148 3231
f 3231 3148 2957
f 3231 2957 3147
f 3147 2957 2959
f 3147 2959 2964
f 3232 3226 3233
f 3233 3226 3227
f 3233 3227 3234
f 3234 3227 3228
f 3234 3228 3235
f 3235 3228 3229
f 3235 3229 3236
f 3236 3229 3230
f 3236 3230 3237
f 3237 3230 3231
f 3237 3231 3238
f 3238 3231 3147
f 3238 3147 3239
f 3239 3147 3146
f 3239 3146 3145
f 3145 3146 2972
f 3145 2972 2969
f 3116 3240 3220
f 3220 3240 3241
f 3220 3241 3221
f 3221 3241 3242
f 3221 3242 3222
f 3222 3242 3243
f 3222 3243 3223
f 3223 3243 3244
f 3223 3244 3224
f 3224 3244 3245
f 3224 3245 3225
f 3225 3245 3246
f 3225 3246 3165
f 3165 3246 3247
f 3165 3247 3164
f 3164 3247 3248
f 3164 3248 3166
f 3166 3248 3169
f 3166 3169 3167
f 3167 3169 2809
f 3167 2809 2808
f 3249 3232 3250
f 3250 3232 3233
f 3250 3233 3251
f 3251 3233 3234
f 3251 3234 3252
f 3252 3234 3235
f 3252 3235 3253
f 3253 3235 3236
f 3253 3236 3254
f 3254 3236 3237
f 3254 3237 3255
f 3255 3237 3238
f 3255 3238 3256
f 3256 3238 3239
f 3256 3239 3257
f 3257 3239 3145
f 3257 3145 3258
f 3258 3145 3144
f 3258 3144 3143
f 3143 3144 3036
f 3143 3036 3035
f 3116 3259 3240
f 3240 3259 3260
f 3240 3260 3241
f 3241 3260 3261
f 3241 3261 3242
f 3242 3261 3262
f 3242 3262 3243
f 3243 3262 3263
f 3243 3263 3244
f 3244 3263 3264
f 3244 3264 3245
f 3245 3264 3265
f 3245 3265 3246
f 3246 3265 3266
f 3246 3266 3247
f 3247 3266 3267
f 3247 3267 3248
f 3248 3267 3268
f 3248 3268 3169
f 3169 3268 3171
f 3169 3171 3168
f 3168 3171 3063
f 3168 3063 3062
f 3116 3249 3269
f 3269 3249 3250
f 3269 3250 3270
f 3270 3250 3251
f 3270 3251 3271
f 3271 3251 3252
f 3271 3252 3272
f 3272 3252 3253
f 3272 3253 3273
f 3273 3253 3254
f 3273 3254 3274
f 3274 3254 3255
f 3274 3255 3275
f 3275 3255 3256
f 3275 3256 3276
f 3276 3256 3257
f 3276 3257 3277
f 3277 3257 3258
f 3277 3258 3278
f 3278 3258 3143
f 3278 3143 3279
f 3279 3143 3130
f 3279 3130 3142
f 3142 3130 3031
f 3142 3031 3030
f 3116 3280 3259
f 3259 3280 3281
f 3259 3281 3260
f 3260 3281 3282
f 3260 3282 3261
f 3261 3282 3283
f 3261 3283 3262
f 3262 3283 3284
f 3262 3284 3263
f 3263 3284 3285
f 3263 3285 3264
f 3264 3285 3286
f 3264 3286 3265
f 3265 3286 3287
f 3265 3287 3266
f 3266 3287 3288
f 3266 3288 3267
f 3267 3288 3289
f 3267 3289 3268
f 3268 3289 3290
f 3268 3290 3171
f 3171 3290 3172
f 3171 3172 3170
f 3170 3172 3058
f 3170 3058 3057
f 3091 3177 3094
f 3094 3177 3291
f 3094 3291 3178
f 3178 3291 3292
f 3178 3292 3179
f 3179 3292 3293
f 3179 3293 3180
f 3180 3293 3294
f 3180 3294 3183
f 3183 3294 3295
f 3183 3295 3182
f 3182 3295 3184
f 3182 3184 3181
f 3181 3184 3095
f 3181 3095 3087
f 3043 3140 3141
f 3141 3140 3139
f 3141 3139 3142
f 3142 3139 3138
f 3142 3138 3279
f 3279 3138 3136
f 3279 3136 3278
f 3278 3136 3135
f 3278 3135 3277
f 3277 3135 3132
f 3277 3132 3276
f 3276 3132 3133
f 3276 3133 3275
f 3275 3133 3134
f 3275 3134 3274
f 3274 3134 3210
f 3274 3210 3273
f 3273 3210 3211
f 3273 3211 3272
f 3272 3211 3212
f 3272 3212 3271
f 3271 3212 3213
f 3271 3213 3270
f 3270 3213 3214
f 3270 3214 3269
f 3269 3214 3116
f 2870 2869 3154
f 3154 2869 3152
f 3154 3152 3194
f 3194 3152 3226
f 3194 3226 3115
f 3115 3226 3232
f 3115 3232 3113
f 3113 3232 3249
f 3113 3249 3116
f 3116 3296 3280
f 3280 3296 3297
f 3280 3297 3281
f 3281 3297 3298
f 3281 3298 3282
f 3282 3298 3299
f 3282 3299 3283
f 3283 3299 3300
f 3283 3300 3284
f 3284 3300 3301
f 3284 3301 3285
f 3285 3301 3302
f 3285 3302 3286
f 3286 3302 3303
f 3286 3303 3287
f 3287 3303 3304
f 3287 3304 3288
f 3288 3304 3305
f 3288 3305 3289
f 3289 3305 3306
f 3289 3306 3290
f 3290 3306 3307
f 3290 3307 3172
f 3172 3307 3173
f 3172 3173 3128
f 3128 3173 3044
f 3128 3044 3052
f 3116 3308 3296
f 3296 3308 3309
f 3296 3309 3297
f 3297 3309 3310
f 3297 3310 3298
f 3298 3310 3311
f 3298 3311 3299
f 3299 3311 3312
f 3299 3312 3300
f 3300 3312 3313
f 3300 3313 3301
f 3301 3313 3314
f 3301 3314 3302
f 3302 3314 3315
f 3302 3315 3303
f 3303 3315 3316
f 3303 3316 3304
f 3304 3316 3317
f 3304 3317 3305
f 3305 3317 3318
f 3305 3318 3306
f 3306 3318 3319
f 3306 3319 3307
f 3307 3319 3175
f 3307 3175 3173
f 3173 3175 3048
f 3173 3048 3047
f 3018 3174 3176
f 3176 3174 3175
f 3176 3175 3177
f 3177 3175 3319
f 3177 3319 3291
f 3291 3319 3318
f 3291 3318 3292
f 3292 3318 3317
f 3292 3317 3293
f 3293 3317 3316
f 3293 3316 3294
f 3294 3316 3315
f 3294 3315 3295
f 3295 3315 3314
f 3295 3314 3184
f 3184 3314 3313
f 3184 3313 3185
f 3185 3313 3312
f 3185 3312 3190
f 3190 3312 3311
f 3190 3311 3215
f 3215 3311 3310
f 3215 3310 3206
f 3206 3310 3309
f 3206 3309 3197
f 3197 3309 3308
f 3197 3308 3118
f 3118 3308 3116
f 3069 3070 3134
f 3134 3070 3071
f 3134 3071 3210
f 3210 3071 3131
f 3210 3131 3200
f 3200 3131 3219
f 3200 3219 3191
f 3191 3219 3209
f 3191 3209 3109
f 3109 3209 3199
f 3109 3199 3107
f 3107 3199 3117
f 3107 3117 3116
