# Converti depuis Left_2_2_Link.STL
# 3288 sommets, 6588 faces
o Left_2_2_Link
v -0.001122 0.004184 -0.003990
v -0.001122 0.004183 -0.000090
v -0.001046 0.004042 -0.003990
v -0.001046 0.004041 -0.000090
v -0.001134 0.004216 -0.000090
v -0.001134 0.004216 -0.003990
v -0.000987 0.003990 -0.003990
v -0.000987 0.003990 -0.000090
v -0.000913 0.003963 -0.003990
v -0.000913 0.003963 -0.000090
v -0.001244 0.004406 -0.003990
v -0.001244 0.004406 -0.000090
v -0.000847 0.003965 -0.003990
v -0.000847 0.003965 -0.000090
v -0.001514 0.004712 -0.003990
v -0.001514 0.004712 -0.000090
v -0.000803 0.003974 -0.003990
v -0.000803 0.003974 -0.000090
v -0.001799 0.004611 -0.003990
v -0.001799 0.004610 -0.000090
v -0.000741 0.003999 -0.003990
v -0.000741 0.003998 -0.000090
v -0.001816 0.004203 -0.003990
v -0.001816 0.004203 -0.000090
v -0.000684 0.004053 -0.003990
v -0.000684 0.004053 -0.000090
v -0.000650 0.004124 -0.003990
v -0.000650 0.004124 -0.000090
v -0.001781 0.003987 -0.003990
v -0.001781 0.003986 -0.000090
v -0.000638 0.004284 -0.003990
v -0.000638 0.004284 -0.000090
v -0.001770 0.003953 -0.000090
v -0.001770 0.003953 -0.003990
v -0.000639 0.004319 -0.000090
v -0.000639 0.004319 -0.003990
v -0.001739 0.003796 -0.003990
v -0.001739 0.003795 -0.000090
v -0.000615 0.004537 -0.003990
v -0.000615 0.004537 -0.000090
v -0.001792 0.003651 -0.003990
v -0.001792 0.003650 -0.000090
v -0.001752 0.003718 -0.003990
v -0.001752 0.003718 -0.000090
v -0.000489 0.004925 -0.003990
v -0.000489 0.004925 -0.000090
v -0.001845 0.003610 -0.003990
v -0.001845 0.003610 -0.000090
v -0.000186 0.004946 -0.003990
v -0.000186 0.004946 -0.000090
v -0.001885 0.003590 -0.003990
v -0.001885 0.003589 -0.000090
v -0.000009 0.004579 -0.003990
v -0.000009 0.004578 -0.000090
v -0.001948 0.003570 -0.003990
v -0.001948 0.003569 -0.000090
v 0.000045 0.004366 -0.003990
v 0.000045 0.004365 -0.000090
v -0.002098 0.003610 -0.003990
v -0.002098 0.003609 -0.000090
v -0.002027 0.003576 -0.003990
v -0.002027 0.003576 -0.000090
v 0.000048 0.004331 -0.000090
v 0.000048 0.004331 -0.003990
v -0.002209 0.003726 -0.003990
v -0.002209 0.003725 -0.000090
v 0.000083 0.004174 -0.003990
v 0.000083 0.004174 -0.000090
v -0.002230 0.003753 -0.000090
v -0.002230 0.003754 -0.003990
v 0.000126 0.004109 -0.003990
v 0.000126 0.004108 -0.000090
v 0.000190 0.004062 -0.003990
v 0.000190 0.004062 -0.000090
v -0.002386 0.003908 -0.003990
v -0.002386 0.003907 -0.000090
v 0.000254 0.004047 -0.003990
v 0.000254 0.004046 -0.000090
v -0.002729 0.004129 -0.003990
v -0.002729 0.004129 -0.000090
v 0.000299 0.004043 -0.003990
v 0.000299 0.004043 -0.000090
v -0.002977 0.003954 -0.003990
v -0.002977 0.003954 -0.000090
v 0.000365 0.004050 -0.003990
v 0.000365 0.004050 -0.000090
v -0.002882 0.003557 -0.003990
v -0.002882 0.003557 -0.000090
v 0.000434 0.004087 -0.003990
v 0.000434 0.004087 -0.000090
v 0.000486 0.004147 -0.003990
v 0.000486 0.004146 -0.000090
v -0.002790 0.003358 -0.003990
v -0.002790 0.003358 -0.000090
v 0.000542 0.004298 -0.003990
v 0.000542 0.004297 -0.000090
v -0.002771 0.003329 -0.000090
v -0.002771 0.003329 -0.003990
v 0.000550 0.004331 -0.000090
v 0.000550 0.004331 -0.003990
v -0.002698 0.003186 -0.003990
v -0.002698 0.003185 -0.000090
v 0.000632 0.004535 -0.003990
v 0.000632 0.004534 -0.000090
v -0.002711 0.003032 -0.003990
v -0.002711 0.003031 -0.000090
v -0.002690 0.003108 -0.003990
v -0.002690 0.003107 -0.000090
v 0.000858 0.004875 -0.003990
v 0.000858 0.004874 -0.000090
v -0.002750 0.002979 -0.003990
v -0.002750 0.002978 -0.000090
v 0.001155 0.004813 -0.003990
v 0.001155 0.004812 -0.000090
v -0.002784 0.002948 -0.003990
v -0.002784 0.002947 -0.000090
v 0.001227 0.004411 -0.003990
v 0.001227 0.004411 -0.000090
v -0.002839 0.002912 -0.003990
v -0.002839 0.002911 -0.000090
v 0.001221 0.004192 -0.003990
v 0.001221 0.004191 -0.000090
v -0.002994 0.002910 -0.003990
v -0.002994 0.002909 -0.000090
v -0.002916 0.002897 -0.003990
v -0.002916 0.002896 -0.000090
v 0.001215 0.004157 -0.000090
v 0.001215 0.004158 -0.003990
v -0.003132 0.002992 -0.003990
v -0.003132 0.002991 -0.000090
v 0.001206 0.003997 -0.003990
v 0.001206 0.003997 -0.000090
v -0.003160 0.003013 -0.000090
v -0.003160 0.003013 -0.003990
v 0.001230 0.003922 -0.003990
v 0.001230 0.003922 -0.000090
v 0.001279 0.003861 -0.003990
v 0.001279 0.003860 -0.000090
v -0.003352 0.003119 -0.003990
v -0.003352 0.003118 -0.000090
v 0.001336 0.003828 -0.003990
v 0.001336 0.003827 -0.000090
v -0.003742 0.003240 -0.003990
v -0.003742 0.003239 -0.000090
v 0.001379 0.003813 -0.003990
v 0.001379 0.003812 -0.000090
v -0.003933 0.003005 -0.003990
v -0.003933 0.003004 -0.000090
v 0.001444 0.003802 -0.003990
v 0.001444 0.003801 -0.000090
v -0.003735 0.002648 -0.003990
v -0.003735 0.002647 -0.000090
v 0.001521 0.003819 -0.003990
v 0.001521 0.003818 -0.000090
v 0.001587 0.003862 -0.003990
v 0.001587 0.003861 -0.000090
v -0.003592 0.002481 -0.003990
v -0.003592 0.002481 -0.000090
v 0.001681 0.003992 -0.003990
v 0.001681 0.003991 -0.000090
v -0.003566 0.002458 -0.000090
v -0.003566 0.002458 -0.003990
v 0.001698 0.004022 -0.000090
v 0.001698 0.004022 -0.003990
v -0.003458 0.002340 -0.003990
v -0.003458 0.002339 -0.000090
v 0.001832 0.004196 -0.003990
v 0.001832 0.004196 -0.000090
v -0.003428 0.002188 -0.003990
v -0.003428 0.002187 -0.000090
v -0.003429 0.002266 -0.003990
v -0.003429 0.002266 -0.000090
v 0.002141 0.004462 -0.003990
v 0.002141 0.004462 -0.000090
v -0.003452 0.002126 -0.003990
v -0.003452 0.002126 -0.000090
v 0.002410 0.004323 -0.003990
v 0.002410 0.004322 -0.000090
v -0.003476 0.002088 -0.003990
v -0.003476 0.002087 -0.000090
v 0.002371 0.003917 -0.003990
v 0.002371 0.003916 -0.000090
v -0.003519 0.002038 -0.003990
v -0.003519 0.002037 -0.000090
v 0.002307 0.003707 -0.003990
v 0.002307 0.003706 -0.000090
v -0.003668 0.001994 -0.003990
v -0.003668 0.001994 -0.000090
v -0.003589 0.002003 -0.003990
v -0.003589 0.002002 -0.000090
v 0.002292 0.003675 -0.000090
v 0.002292 0.003676 -0.003990
v -0.003823 0.002036 -0.003990
v -0.003823 0.002035 -0.000090
v 0.002239 0.003524 -0.003990
v 0.002239 0.003523 -0.000090
v -0.003855 0.002048 -0.000090
v -0.003855 0.002049 -0.003990
v 0.002242 0.003445 -0.003990
v 0.002242 0.003444 -0.000090
v 0.002273 0.003372 -0.003990
v 0.002273 0.003372 -0.000090
v -0.004069 0.002099 -0.003990
v -0.004069 0.002098 -0.000090
v 0.002319 0.003326 -0.003990
v 0.002319 0.003325 -0.000090
v -0.004477 0.002110 -0.003990
v -0.004477 0.002110 -0.000090
v 0.002356 0.003299 -0.003990
v 0.002356 0.003299 -0.000090
v -0.004598 0.001832 -0.003990
v -0.004598 0.001832 -0.000090
v 0.002416 0.003271 -0.003990
v 0.002416 0.003271 -0.000090
v -0.004311 0.001542 -0.003990
v -0.004311 0.001541 -0.000090
v 0.002495 0.003267 -0.003990
v 0.002495 0.003266 -0.000090
v 0.002570 0.003290 -0.003990
v 0.002570 0.003290 -0.000090
v -0.004128 0.001420 -0.003990
v -0.004128 0.001419 -0.000090
v 0.002695 0.003390 -0.003990
v 0.002695 0.003390 -0.000090
v -0.004097 0.001405 -0.000090
v -0.004097 0.001405 -0.003990
v 0.002720 0.003415 -0.000090
v 0.002720 0.003415 -0.003990
v -0.003960 0.001320 -0.003990
v -0.003960 0.001320 -0.000090
v 0.002896 0.003546 -0.003990
v 0.002896 0.003546 -0.000090
v -0.003891 0.001182 -0.003990
v -0.003891 0.001181 -0.000090
v -0.003913 0.001257 -0.003990
v -0.003913 0.001257 -0.000090
v 0.003266 0.003719 -0.003990
v 0.003266 0.003719 -0.000090
v -0.003897 0.001116 -0.003990
v -0.003897 0.001116 -0.000090
v 0.003487 0.003512 -0.003990
v 0.003487 0.003512 -0.000090
v -0.003910 0.001072 -0.003990
v -0.003910 0.001072 -0.000090
v 0.003340 0.003132 -0.003990
v 0.003340 0.003131 -0.000090
v -0.003938 0.001013 -0.003990
v -0.003938 0.001012 -0.000090
v 0.003221 0.002947 -0.003990
v 0.003221 0.002947 -0.000090
v -0.004070 0.000931 -0.003990
v -0.004070 0.000930 -0.000090
v -0.003996 0.000960 -0.003990
v -0.003996 0.000959 -0.000090
v 0.003198 0.002921 -0.000090
v 0.003198 0.002921 -0.003990
v -0.004230 0.000929 -0.003990
v -0.004230 0.000929 -0.000090
v 0.003107 0.002789 -0.003990
v 0.003107 0.002788 -0.000090
v -0.004265 0.000932 -0.000090
v -0.004265 0.000933 -0.003990
v 0.003088 0.002712 -0.003990
v 0.003088 0.002712 -0.000090
v 0.003098 0.002634 -0.003990
v 0.003098 0.002634 -0.000090
v -0.004484 0.000923 -0.003990
v -0.004484 0.000923 -0.000090
v 0.003130 0.002577 -0.003990
v 0.003130 0.002576 -0.000090
v -0.004880 0.000824 -0.003990
v -0.004880 0.000824 -0.000090
v 0.003159 0.002541 -0.003990
v 0.003159 0.002541 -0.000090
v -0.004921 0.000524 -0.003990
v -0.004921 0.000523 -0.000090
v 0.003209 0.002498 -0.003990
v 0.003209 0.002498 -0.000090
v -0.004567 0.000322 -0.003990
v -0.004567 0.000321 -0.000090
v 0.003283 0.002473 -0.003990
v 0.003283 0.002472 -0.000090
v 0.003362 0.002475 -0.003990
v 0.003362 0.002475 -0.000090
v -0.004358 0.000253 -0.003990
v -0.004358 0.000253 -0.000090
v 0.003510 0.002538 -0.003990
v 0.003510 0.002537 -0.000090
v -0.004324 0.000247 -0.000090
v -0.004324 0.000248 -0.003990
v 0.003540 0.002554 -0.000090
v 0.003540 0.002555 -0.003990
v -0.004170 0.000203 -0.003990
v -0.004170 0.000202 -0.000090
v 0.003745 0.002633 -0.003990
v 0.003745 0.002633 -0.000090
v -0.004065 0.000088 -0.003990
v -0.004065 0.000088 -0.000090
v -0.004107 0.000155 -0.003990
v -0.004107 0.000154 -0.000090
v 0.004148 0.002700 -0.003990
v 0.004148 0.002700 -0.000090
v -0.004054 0.000023 -0.003990
v -0.004054 0.000023 -0.000090
v 0.004305 0.002441 -0.003990
v 0.004305 0.002441 -0.000090
v -0.004054 -0.000022 -0.003990
v -0.004054 -0.000023 -0.000090
v 0.004061 0.002115 -0.003990
v 0.004061 0.002114 -0.000090
v -0.004065 -0.000087 -0.003990
v -0.004065 -0.000088 -0.000090
v 0.003897 0.001969 -0.003990
v 0.003897 0.001968 -0.000090
v -0.004170 -0.000202 -0.003990
v -0.004170 -0.000202 -0.000090
v -0.004107 -0.000154 -0.003990
v -0.004107 -0.000154 -0.000090
v 0.003867 0.001949 -0.000090
v 0.003867 0.001950 -0.003990
v -0.004324 -0.000247 -0.003990
v -0.004324 -0.000247 -0.000090
v 0.003744 0.001847 -0.003990
v 0.003744 0.001847 -0.000090
v -0.004358 -0.000253 -0.000090
v -0.004358 -0.000252 -0.003990
v 0.003705 0.001778 -0.003990
v 0.003705 0.001778 -0.000090
v 0.003694 0.001701 -0.003990
v 0.003694 0.001700 -0.000090
v -0.004567 -0.000321 -0.003990
v -0.004567 -0.000321 -0.000090
v 0.003709 0.001636 -0.003990
v 0.003709 0.001636 -0.000090
v -0.004921 -0.000523 -0.003990
v -0.004921 -0.000523 -0.000090
v 0.003727 0.001595 -0.003990
v 0.003727 0.001594 -0.000090
v -0.004880 -0.000823 -0.003990
v -0.004880 -0.000824 -0.000090
v 0.003764 0.001540 -0.003990
v 0.003764 0.001539 -0.000090
v -0.004484 -0.000922 -0.003990
v -0.004484 -0.000923 -0.000090
v 0.003829 0.001495 -0.003990
v 0.003829 0.001495 -0.000090
v 0.003905 0.001476 -0.003990
v 0.003905 0.001476 -0.000090
v -0.004265 -0.000932 -0.003990
v -0.004265 -0.000932 -0.000090
v 0.004064 0.001496 -0.003990
v 0.004064 0.001496 -0.000090
v -0.004230 -0.000929 -0.000090
v -0.004230 -0.000928 -0.003990
v 0.004098 0.001504 -0.000090
v 0.004098 0.001505 -0.003990
v -0.004070 -0.000930 -0.003990
v -0.004070 -0.000930 -0.000090
v 0.004317 0.001525 -0.003990
v 0.004317 0.001525 -0.000090
v -0.003938 -0.001012 -0.003990
v -0.003938 -0.001012 -0.000090
v -0.003996 -0.000959 -0.003990
v -0.003996 -0.000959 -0.000090
v 0.004722 0.001481 -0.003990
v 0.004722 0.001481 -0.000090
v -0.003910 -0.001071 -0.003990
v -0.003910 -0.001072 -0.000090
v 0.004804 0.001189 -0.003990
v 0.004804 0.001189 -0.000090
v -0.003897 -0.001115 -0.003990
v -0.003897 -0.001116 -0.000090
v 0.004481 0.000941 -0.003990
v 0.004481 0.000940 -0.000090
v -0.003891 -0.001181 -0.003990
v -0.003891 -0.001181 -0.000090
v 0.004283 0.000845 -0.003990
v 0.004283 0.000844 -0.000090
v -0.003960 -0.001319 -0.003990
v -0.003960 -0.001320 -0.000090
v -0.003913 -0.001256 -0.003990
v -0.003913 -0.001257 -0.000090
v 0.004250 0.000834 -0.000090
v 0.004250 0.000834 -0.003990
v -0.004097 -0.001404 -0.003990
v -0.004097 -0.001405 -0.000090
v 0.004103 0.000769 -0.003990
v 0.004103 0.000768 -0.000090
v -0.004128 -0.001419 -0.000090
v -0.004128 -0.001419 -0.003990
v 0.004048 0.000713 -0.003990
v 0.004048 0.000712 -0.000090
v 0.004016 0.000641 -0.003990
v 0.004016 0.000640 -0.000090
v -0.004311 -0.001541 -0.003990
v -0.004311 -0.001541 -0.000090
v 0.004013 0.000575 -0.003990
v 0.004013 0.000574 -0.000090
v -0.004598 -0.001831 -0.003991
v -0.004598 -0.001832 -0.000091
v 0.004019 0.000530 -0.003990
v 0.004019 0.000530 -0.000090
v -0.004477 -0.002109 -0.003991
v -0.004477 -0.002110 -0.000091
v 0.004039 0.000467 -0.003990
v 0.004039 0.000467 -0.000090
v -0.004069 -0.002098 -0.003991
v -0.004069 -0.002098 -0.000091
v 0.004090 0.000407 -0.003990
v 0.004090 0.000406 -0.000090
v 0.004158 0.000368 -0.003990
v 0.004158 0.000367 -0.000090
v -0.003855 -0.002048 -0.003991
v -0.003855 -0.002048 -0.000091
v 0.004317 0.000344 -0.003990
v 0.004317 0.000344 -0.000090
v -0.003823 -0.002035 -0.000091
v -0.003823 -0.002035 -0.003991
v 0.004352 0.000343 -0.000090
v 0.004352 0.000343 -0.003990
v -0.003668 -0.001993 -0.003991
v -0.003668 -0.001994 -0.000091
v 0.004568 0.000304 -0.003990
v 0.004568 0.000304 -0.000090
v -0.003519 -0.002037 -0.003991
v -0.003519 -0.002037 -0.000091
v -0.003589 -0.002001 -0.003991
v -0.003589 -0.002002 -0.000091
v 0.004947 0.000152 -0.003990
v 0.004947 0.000152 -0.000090
v -0.003476 -0.002086 -0.003991
v -0.003476 -0.002087 -0.000091
v 0.004949 0.000001 -0.003990
v 0.004949 0.000000 -0.000090
v -0.003459 -0.002113 -0.003991
v -0.003459 -0.002114 -0.000091
v 0.005000 0.000000 -0.000090
v 0.005000 0.000001 -0.003990
v -0.005000 -0.004999 -0.003991
v -0.005000 -0.005000 -0.000091
v -0.005000 -0.024999 -0.003994
v -0.005000 -0.025000 -0.000094
v 0.005000 -0.024999 -0.003994
v 0.005000 -0.025000 -0.000094
v 0.004830 -0.026294 -0.000094
v 0.004830 -0.026294 -0.003994
v 0.004330 -0.027500 -0.000094
v 0.004330 -0.027499 -0.003994
v 0.003536 -0.028536 -0.000094
v 0.003536 -0.028535 -0.003994
v 0.002500 -0.029330 -0.000094
v 0.002500 -0.029330 -0.003994
v 0.001294 -0.029830 -0.000094
v 0.001294 -0.029829 -0.003994
v 0.000000 -0.030000 -0.000094
v 0.000000 -0.029999 -0.003994
v -0.001294 -0.029830 -0.000094
v -0.001294 -0.029829 -0.003994
v -0.002500 -0.029330 -0.000094
v -0.002500 -0.029330 -0.003994
v -0.003536 -0.028536 -0.000094
v -0.003536 -0.028535 -0.003994
v -0.004330 -0.027500 -0.000094
v -0.004330 -0.027499 -0.003994
v -0.004830 -0.026294 -0.000094
v -0.004830 -0.026294 -0.003994
v -0.000000 0.001000 -0.000090
v 0.000000 0.001001 -0.003990
v 0.000500 0.000866 -0.000090
v 0.000500 0.000867 -0.003990
v 0.000866 0.000500 -0.000090
v 0.000866 0.000501 -0.003990
v 0.001000 0.000000 -0.000090
v 0.001000 0.000001 -0.003990
v 0.000866 -0.000500 -0.000090
v 0.000866 -0.000499 -0.003990
v 0.000500 -0.000866 -0.000090
v 0.000500 -0.000865 -0.003990
v 0.000000 -0.001000 -0.000090
v 0.000000 -0.000999 -0.003990
v -0.000500 -0.000866 -0.000090
v -0.000500 -0.000865 -0.003990
v -0.000866 -0.000500 -0.000090
v -0.000866 -0.000499 -0.003990
v -0.001000 0.000000 -0.000090
v -0.001000 0.000001 -0.003990
v -0.000866 0.000500 -0.000090
v -0.000866 0.000501 -0.003990
v -0.000500 0.000866 -0.000090
v -0.000500 0.000867 -0.003990
v 0.000000 -0.023999 -0.003994
v 0.001000 -0.024999 -0.003994
v 0.000866 -0.025499 -0.003994
v 0.000866 -0.024499 -0.003994
v 0.000500 -0.024133 -0.003994
v 0.000000 -0.025999 -0.003994
v 0.000500 -0.025865 -0.003994
v -0.001000 -0.024999 -0.003994
v -0.000866 -0.025499 -0.003994
v -0.000500 -0.025865 -0.003994
v -0.000500 -0.024133 -0.003994
v -0.000866 -0.024499 -0.003994
v 0.001000 -0.025000 -0.000094
v 0.000866 -0.025500 -0.000094
v 0.000500 -0.025866 -0.000094
v 0.000000 -0.026000 -0.000094
v -0.000500 -0.025866 -0.000094
v -0.000866 -0.025500 -0.000094
v -0.000866 -0.024500 -0.000094
v -0.001000 -0.025000 -0.000094
v -0.000500 -0.024134 -0.000094
v 0.000000 -0.024000 -0.000094
v 0.000500 -0.024134 -0.000094
v 0.000866 -0.024500 -0.000094
v 0.005521 -0.024348 -0.006142
v 0.005528 -0.024308 -0.006149
v 0.005636 -0.024311 -0.006076
v 0.005709 -0.024135 -0.006052
v 0.005694 -0.024308 -0.006013
v 0.005255 -0.024723 -0.005649
v 0.005323 -0.024714 -0.005725
v 0.005342 -0.024723 -0.005573
v 0.005407 -0.024704 -0.005646
v 0.005613 -0.024554 -0.005892
v 0.005538 -0.024630 -0.005799
v 0.005459 -0.024640 -0.005878
v 0.005489 -0.024679 -0.005740
v 0.005475 -0.024683 -0.005723
v 0.005636 -0.024497 -0.005925
v 0.005566 -0.024503 -0.005998
v 0.005689 -0.024365 -0.006000
v 0.005690 -0.024359 -0.006002
v 0.005168 -0.024722 -0.005725
v 0.005217 -0.024718 -0.005782
v 0.005231 -0.024709 -0.005800
v 0.005313 -0.024660 -0.005897
v 0.005363 -0.024631 -0.005955
v 0.005392 -0.024614 -0.005990
v 0.005436 -0.024536 -0.006042
v 0.005461 -0.024492 -0.006071
v 0.005513 -0.024400 -0.006132
v 0.005558 -0.024120 -0.006184
v 0.005656 -0.024119 -0.006098
v 0.005708 -0.024118 -0.006053
v 0.006657 -0.023819 -0.004930
v 0.006732 -0.023786 -0.004800
v 0.006734 -0.024010 -0.004740
v 0.005694 -0.024310 0.005926
v 0.005688 -0.024360 0.005913
v 0.006247 -0.024199 0.005330
v 0.006247 -0.024198 -0.005417
v 0.006111 -0.024010 -0.005643
v 0.006173 -0.024393 -0.005301
v 0.005862 -0.024567 -0.004995
v 0.005814 -0.024584 -0.005056
v 0.006037 -0.024523 -0.005152
v 0.005785 -0.024593 -0.005089
v 0.005312 -0.024723 -0.005550
v 0.006272 -0.024417 -0.004475
v 0.006513 -0.024336 -0.004513
v 0.006329 -0.024392 -0.004383
v 0.006898 -0.024150 -0.003831
v 0.006708 -0.024218 -0.003726
v 0.006617 -0.024265 -0.003918
v 0.006407 -0.024358 -0.004258
v 0.007190 -0.023981 -0.003107
v 0.006889 -0.024124 -0.003347
v 0.006774 -0.024184 -0.003588
v 0.007206 -0.023922 -0.002294
v 0.007098 -0.023998 -0.002737
v 0.007041 -0.024032 -0.002903
v 0.006997 -0.024059 -0.003031
v 0.007324 -0.023823 -0.001534
v 0.007320 -0.023826 -0.001557
v 0.007499 -0.023742 -0.001583
v 0.007384 -0.023843 -0.002353
v 0.007567 -0.023658 -0.000044
v 0.007385 -0.023754 -0.000043
v 0.007376 -0.023766 -0.000791
v 0.007327 -0.023820 -0.001492
v 0.007313 -0.023831 0.001469
v 0.007320 -0.023824 0.001404
v 0.007499 -0.023742 0.001496
v 0.007357 -0.023789 0.001066
v 0.007388 -0.023749 0.000221
v 0.007384 -0.023844 0.002266
v 0.007206 -0.023922 0.002206
v 0.007274 -0.023868 0.001829
v 0.007002 -0.024058 0.002946
v 0.007028 -0.024043 0.002880
v 0.007190 -0.023982 0.003019
v 0.007044 -0.024032 0.002817
v 0.007203 -0.023925 0.002220
v 0.006796 -0.024176 0.003475
v 0.006898 -0.024151 0.003744
v 0.006782 -0.024183 0.003502
v 0.006327 -0.024393 0.004294
v 0.006409 -0.024359 0.004171
v 0.006513 -0.024338 0.004425
v 0.006512 -0.024315 0.004015
v 0.006709 -0.024218 0.003639
v 0.005407 -0.024706 0.005559
v 0.005342 -0.024725 0.005486
v 0.006036 -0.024524 0.005065
v 0.005572 -0.024658 0.005223
v 0.005814 -0.024585 0.004968
v 0.005863 -0.024568 0.004909
v 0.006175 -0.024457 0.004523
v 0.005387 -0.024705 0.005394
v 0.005312 -0.024725 0.005462
v 0.005608 -0.024561 0.005799
v 0.005538 -0.024632 0.005712
v 0.005489 -0.024681 0.005652
v 0.005475 -0.024686 0.005636
v 0.005686 -0.024378 0.005908
v 0.005636 -0.024499 0.005838
v 0.006173 -0.024395 0.005214
v 0.005612 -0.024557 0.005803
v 0.006111 -0.024012 0.005556
v 0.005708 -0.024120 0.005966
v 0.005710 -0.024175 0.005961
v 0.007731 -0.023415 0.001552
v 0.007745 -0.023213 0.001574
v 0.007728 -0.023229 0.001715
v 0.007618 -0.023517 0.002359
v 0.007668 -0.023284 0.002206
v 0.007640 -0.023306 0.002368
v 0.007812 -0.023138 -0.000043
v 0.007812 -0.023137 0.000427
v 0.007796 -0.023332 -0.000044
v 0.007792 -0.023162 0.000840
v 0.007763 -0.023197 0.001425
v 0.007245 -0.023551 0.003733
v 0.007126 -0.023824 0.003929
v 0.007364 -0.023483 0.003395
v 0.007423 -0.023654 0.003157
v 0.007431 -0.023445 0.003202
v 0.006730 -0.023787 0.004712
v 0.006606 -0.023838 0.004909
v 0.006734 -0.024012 0.004653
v 0.006545 -0.023864 0.005006
v 0.006241 -0.023967 0.005391
v 0.007125 -0.023609 0.003982
v 0.007029 -0.023655 0.004181
v 0.006911 -0.023712 0.004423
v 0.007634 -0.023310 0.002393
v 0.007593 -0.023338 0.002569
v 0.007471 -0.023421 0.003087
v 0.007126 -0.023823 -0.004017
v 0.006248 -0.023967 -0.005483
v 0.006257 -0.023964 -0.005472
v 0.006607 -0.023837 -0.004997
v 0.007365 -0.023482 -0.003483
v 0.007428 -0.023445 -0.003288
v 0.007423 -0.023654 -0.003244
v 0.007517 -0.023392 -0.003009
v 0.007618 -0.023516 -0.002446
v 0.007592 -0.023338 -0.002656
v 0.007629 -0.023311 -0.002479
v 0.007668 -0.023283 -0.002293
v 0.007680 -0.023274 -0.002221
v 0.007731 -0.023415 -0.001639
v 0.007728 -0.023229 -0.001802
v 0.007744 -0.023214 -0.001661
v 0.007028 -0.023658 -0.004292
v 0.007127 -0.023608 -0.004070
v 0.007307 -0.023516 -0.003665
v 0.006656 -0.024204 0.004551
v 0.007044 -0.024014 0.003845
v 0.007337 -0.023842 0.003093
v 0.007531 -0.023702 0.002315
v 0.007644 -0.023599 0.001525
v 0.007710 -0.023514 -0.000044
v 0.007644 -0.023599 -0.001612
v 0.007531 -0.023701 -0.002402
v 0.007337 -0.023841 -0.003180
v 0.007044 -0.024013 -0.003932
v 0.006656 -0.024203 -0.004638
v 0.007770 -0.023190 -0.001436
v 0.007794 -0.023159 -0.000927
v 0.007811 -0.023139 -0.000576
v 0.005168 -0.024724 0.005638
v 0.005255 -0.024724 0.005562
v 0.005323 -0.024716 0.005637
v 0.005459 -0.024641 0.005791
v 0.005636 -0.024312 0.005989
v 0.005656 -0.024120 0.006011
v 0.005566 -0.024504 0.005911
v 0.005362 -0.024637 0.005868
v 0.005349 -0.024655 0.005852
v 0.005316 -0.024668 0.005812
v 0.005230 -0.024700 0.005711
v 0.005437 -0.024536 0.005955
v 0.005527 -0.024307 0.006061
v 0.005518 -0.024346 0.006050
v 0.005487 -0.024468 0.006015
v 0.005465 -0.024498 0.005988
v 0.005555 -0.024196 0.006094
v 0.005558 -0.024122 0.006097
v 0.004023 -0.025001 0.005286
v 0.003488 -0.025001 0.005691
v 0.003448 -0.025975 0.005629
v 0.002799 -0.025001 0.006054
v 0.002549 -0.025001 0.006185
v 0.002521 -0.025975 0.006118
v -0.002801 -0.025001 0.006057
v -0.003546 -0.025001 0.005654
v -0.003506 -0.025975 0.005592
v -0.004023 -0.025001 0.005285
v -0.004385 -0.025001 0.005004
v -0.004336 -0.025975 0.004950
v -0.001386 -0.029871 0.004281
v -0.001049 -0.029934 0.004281
v -0.001176 -0.029442 0.004803
v -0.000467 -0.030043 0.004281
v -0.000357 -0.030043 0.004281
v -0.000413 -0.029442 0.004933
v 0.000467 -0.030043 0.004281
v 0.001002 -0.029943 0.004281
v 0.001127 -0.029442 0.004816
v 0.001386 -0.029871 0.004281
v 0.001748 -0.029731 0.004281
v 0.001861 -0.029442 0.004571
v 0.002407 -0.029441 0.004281
v 0.002604 -0.029318 0.004281
v 0.002875 -0.028681 0.004727
v 0.000853 -0.025523 0.006629
v 0.000491 -0.025866 0.006629
v 0.000490 -0.025975 0.006614
v -0.001438 -0.025001 0.006539
v -0.001611 -0.025001 0.006504
v -0.001592 -0.025975 0.006432
v -0.001000 -0.025001 0.006629
v -0.000879 -0.025478 0.006629
v -0.000561 -0.025813 0.006629
v 0.000079 -0.025975 0.006629
v -0.000026 -0.026001 0.006629
v -0.000540 -0.026928 0.006390
v -0.000112 -0.025975 0.006629
v -0.000559 -0.025975 0.006608
v -0.000522 -0.025854 0.006629
v 0.001526 -0.025975 0.006449
v 0.001543 -0.025001 0.006520
v 0.001000 -0.025027 0.006629
v 0.001439 -0.025001 0.006541
v 0.001000 -0.025001 0.006629
v 0.005064 -0.025001 0.004282
v 0.004333 -0.025001 0.005051
v 0.004977 -0.025931 0.004282
v 0.004285 -0.025975 0.004996
v 0.004965 -0.025974 0.004282
v 0.004722 -0.026830 0.004281
v 0.004139 -0.026927 0.004833
v 0.004674 -0.026925 0.004281
v 0.003651 -0.028495 0.004281
v 0.003742 -0.028412 0.004281
v 0.003899 -0.027836 0.004565
v 0.004180 -0.027832 0.004281
v 0.004305 -0.027666 0.004281
v 0.003052 -0.029042 0.004281
v 0.003452 -0.028676 0.004281
v 0.003139 -0.027836 0.005141
v -0.001800 -0.029710 0.004281
v -0.002257 -0.029533 0.004281
v -0.001908 -0.029442 0.004551
v -0.002407 -0.029441 0.004281
v -0.002154 -0.028681 0.005111
v -0.002667 -0.029280 0.004281
v -0.003191 -0.027836 0.005108
v -0.003726 -0.028427 0.004281
v -0.002923 -0.028681 0.004696
v -0.003452 -0.028676 0.004281
v -0.003052 -0.029042 0.004281
v -0.003946 -0.027836 0.004523
v -0.004180 -0.027832 0.004281
v -0.003742 -0.028412 0.004281
v -0.004305 -0.027666 0.004281
v -0.004188 -0.026927 0.004788
v -0.004674 -0.026925 0.004281
v -0.004722 -0.026830 0.004281
v -0.004965 -0.025974 0.004282
v -0.004977 -0.025931 0.004282
v -0.005064 -0.025001 0.004282
v 0.000313 -0.030043 0.004281
v 0.000362 -0.029442 0.004938
v -0.000466 -0.028681 0.005543
v 0.000409 -0.028681 0.005548
v -0.000508 -0.027836 0.006033
v 0.000446 -0.027836 0.006038
v 0.000473 -0.026928 0.006396
v 0.000477 -0.025880 0.006629
v -0.001328 -0.028681 0.005397
v -0.001449 -0.027836 0.005872
v -0.001538 -0.026927 0.006220
v 0.001272 -0.028681 0.005410
v 0.001389 -0.027836 0.005888
v 0.001474 -0.026927 0.006236
v -0.003387 -0.026927 0.005408
v -0.002613 -0.025001 0.006158
v -0.002584 -0.025975 0.006090
v -0.002496 -0.026927 0.005890
v -0.002352 -0.027836 0.005561
v 0.002101 -0.028681 0.005134
v 0.002294 -0.027836 0.005586
v 0.002435 -0.026927 0.005916
v 0.003331 -0.026927 0.005444
v 0.002257 -0.029533 0.004281
v -0.004908 -0.019490 0.003957
v -0.004908 -0.025001 0.003956
v -0.004924 -0.019480 0.003958
v -0.004995 -0.025001 0.003976
v -0.004990 -0.019441 0.003975
v -0.005064 -0.025001 0.004032
v -0.005042 -0.019410 0.004009
v -0.004994 -0.019438 0.003978
v -0.005102 -0.019377 0.004113
v -0.005102 -0.019377 0.004108
v -0.005103 -0.025001 0.004112
v -0.005080 -0.019389 0.004055
v -0.005063 -0.019399 0.004034
v -0.005108 -0.019374 0.004168
v -0.005103 -0.025001 0.004201
v -0.005100 -0.019378 0.004202
v -0.005094 -0.019381 0.004230
v -0.005064 -0.019398 0.004282
v 0.005094 -0.023139 0.004230
v 0.005083 -0.023159 0.004253
v 0.005103 -0.025001 0.004201
v 0.005064 -0.023171 0.004282
v 0.005070 -0.023169 0.004273
v 0.005078 -0.023163 0.004261
v 0.005100 -0.022939 0.004113
v 0.005108 -0.023009 0.004144
v 0.005103 -0.025001 0.004112
v 0.005106 -0.023074 0.004181
v 0.005101 -0.023101 0.004201
v 0.005092 -0.022860 0.004078
v 0.005064 -0.025001 0.004032
v 0.005078 -0.022808 0.004061
v 0.005012 -0.022562 0.003986
v 0.005023 -0.022592 0.003993
v 0.004995 -0.025001 0.003976
v 0.005036 -0.022643 0.004009
v 0.005059 -0.022731 0.004037
v 0.004993 -0.022523 0.003981
v 0.004908 -0.025001 0.003956
v 0.004908 -0.022342 0.003957
v 0.004758 -0.026844 0.004201
v 0.004338 -0.027687 0.004201
v 0.003075 -0.029073 0.004201
v 0.001396 -0.029909 0.004201
v 0.000471 -0.030082 0.004201
v -0.001396 -0.029909 0.004201
v -0.003075 -0.029073 0.004201
v -0.004758 -0.026844 0.004201
v -0.005016 -0.025938 0.004201
v -0.004173 -0.027584 0.003956
v -0.003627 -0.028307 0.003956
v -0.004247 -0.027630 0.003976
v -0.003691 -0.028366 0.003976
v -0.004306 -0.027667 0.004031
v -0.003743 -0.028412 0.004031
v -0.004339 -0.027687 0.004112
v -0.004576 -0.026773 0.003956
v -0.004658 -0.026805 0.003976
v -0.004722 -0.026830 0.004032
v -0.004758 -0.026844 0.004112
v -0.003771 -0.028438 0.004112
v -0.003771 -0.028438 0.004201
v -0.004338 -0.027687 0.004201
v -0.004824 -0.025902 0.003956
v -0.004910 -0.025918 0.003976
v -0.004978 -0.025931 0.004032
v -0.005016 -0.025938 0.004112
v -0.002958 -0.028917 0.003956
v -0.003010 -0.028987 0.003976
v -0.003052 -0.029042 0.004031
v -0.003075 -0.029073 0.004112
v -0.002274 -0.029568 0.004201
v -0.002188 -0.029394 0.003956
v -0.002226 -0.029472 0.003976
v -0.002257 -0.029534 0.004031
v -0.002275 -0.029569 0.004112
v -0.001397 -0.029909 0.004112
v -0.001386 -0.029872 0.004031
v -0.001367 -0.029805 0.003975
v -0.001343 -0.029721 0.003956
v -0.000453 -0.029888 0.003956
v -0.000461 -0.029974 0.003975
v -0.000467 -0.030043 0.004031
v -0.000471 -0.030082 0.004112
v -0.000471 -0.030082 0.004201
v 0.000471 -0.030082 0.004112
v 0.000467 -0.030043 0.004031
v 0.000461 -0.029974 0.003975
v 0.000453 -0.029888 0.003956
v 0.001397 -0.029909 0.004112
v 0.001386 -0.029872 0.004031
v 0.001367 -0.029805 0.003975
v 0.001343 -0.029721 0.003956
v 0.002188 -0.029394 0.003956
v 0.002226 -0.029472 0.003976
v 0.002257 -0.029534 0.004031
v 0.002275 -0.029569 0.004112
v 0.002274 -0.029568 0.004201
v 0.002958 -0.028917 0.003956
v 0.003010 -0.028987 0.003976
v 0.003052 -0.029042 0.004031
v 0.003075 -0.029073 0.004112
v 0.003771 -0.028438 0.004201
v 0.003771 -0.028438 0.004112
v 0.003743 -0.028412 0.004031
v 0.003691 -0.028366 0.003976
v 0.003627 -0.028307 0.003956
v 0.004339 -0.027687 0.004112
v 0.004306 -0.027667 0.004031
v 0.004247 -0.027630 0.003976
v 0.004173 -0.027584 0.003956
v 0.004758 -0.026844 0.004112
v 0.004722 -0.026830 0.004032
v 0.004658 -0.026805 0.003976
v 0.004576 -0.026773 0.003956
v 0.005016 -0.025938 0.004201
v 0.005016 -0.025938 0.004112
v 0.004978 -0.025931 0.004032
v 0.004910 -0.025918 0.003976
v 0.004824 -0.025902 0.003956
v -0.000879 -0.025478 0.003956
v -0.001000 -0.024974 0.003956
v -0.000853 -0.024478 0.003956
v -0.000959 -0.024717 0.006635
v -0.001000 -0.024975 0.006629
v -0.000477 -0.024122 0.003956
v -0.000688 -0.024276 0.006670
v -0.000853 -0.024479 0.006650
v 0.000026 -0.024001 0.006706
v 0.000000 -0.024004 0.006706
v 0.000026 -0.024001 0.003956
v -0.000247 -0.024032 0.006702
v -0.000477 -0.024122 0.006689
v 0.000284 -0.024042 0.006700
v 0.000522 -0.024148 0.003956
v 0.000522 -0.024148 0.006685
v 0.000879 -0.024523 0.003956
v 0.000879 -0.024524 0.006647
v 0.000725 -0.024313 0.006666
v 0.001000 -0.025027 0.003956
v 0.000969 -0.024754 0.006634
v 0.000477 -0.025879 0.003956
v 0.000853 -0.025523 0.003956
v -0.000026 -0.026000 0.003956
v -0.000522 -0.025853 0.003956
v -0.004875 -0.019443 -0.005231
v -0.004850 -0.019478 -0.005184
v -0.005294 -0.019247 -0.004680
v -0.004885 -0.019450 0.005151
v -0.004905 -0.019384 0.005214
v -0.005358 -0.019139 0.004700
v -0.005736 -0.019073 0.003749
v -0.005604 -0.019134 0.003931
v -0.005714 -0.019055 0.004043
v -0.005430 -0.018835 -0.004888
v -0.005385 -0.018858 -0.004937
v -0.005389 -0.019002 -0.004875
v -0.005840 -0.018803 -0.004312
v -0.005848 -0.018650 -0.004370
v -0.005839 -0.018653 -0.004383
v -0.005465 -0.018818 -0.004847
v -0.006686 -0.018366 -0.003113
v -0.006524 -0.018414 -0.003381
v -0.006664 -0.018522 -0.003072
v -0.006352 -0.018465 -0.003665
v -0.006019 -0.018587 -0.004131
v -0.007013 -0.018431 -0.002372
v -0.007046 -0.018270 -0.002406
v -0.006935 -0.018298 -0.002639
v -0.006789 -0.018335 -0.002944
v -0.007317 -0.018209 -0.001639
v -0.007300 -0.018212 -0.001715
v -0.007272 -0.018370 -0.001616
v -0.007221 -0.018230 -0.001942
v -0.007100 -0.018257 -0.002293
v -0.007485 -0.018174 -0.000658
v -0.007463 -0.018179 -0.000837
v -0.007417 -0.018339 -0.000827
v -0.007424 -0.018187 -0.001170
v -0.007397 -0.018192 -0.001287
v -0.007461 -0.018330 -0.000041
v -0.007505 -0.018169 -0.000043
v -0.007496 -0.018172 -0.000562
v -0.007449 -0.018182 0.000925
v -0.007463 -0.018179 0.000755
v -0.007416 -0.018339 0.000745
v -0.007478 -0.018175 0.000572
v -0.007509 -0.018168 0.000199
v -0.007310 -0.018211 0.001591
v -0.007318 -0.018209 0.001556
v -0.007272 -0.018370 0.001532
v -0.007398 -0.018193 0.001201
v -0.007422 -0.018188 0.001095
v -0.007012 -0.018431 0.002288
v -0.007045 -0.018271 0.002322
v -0.007100 -0.018257 0.002207
v -0.007220 -0.018231 0.001856
v -0.006527 -0.018413 0.003297
v -0.006687 -0.018366 0.003028
v -0.006663 -0.018523 0.002986
v -0.006800 -0.018333 0.002838
v -0.006935 -0.018299 0.002553
v -0.005933 -0.018617 0.004174
v -0.006021 -0.018586 0.004048
v -0.005840 -0.018804 0.004225
v -0.006429 -0.018441 0.003462
v -0.004982 -0.019070 0.005298
v -0.005385 -0.018861 0.004850
v -0.005390 -0.019004 0.004789
v -0.005465 -0.018819 0.004761
v -0.005468 -0.018818 0.004757
v -0.005847 -0.018654 0.004281
v -0.007184 -0.018595 0.000711
v -0.007225 -0.018586 -0.000041
v -0.007059 -0.018652 0.000143
v -0.007052 -0.018626 0.001454
v -0.006894 -0.018694 0.001407
v -0.006810 -0.018689 0.002168
v -0.006742 -0.018735 0.001902
v -0.006663 -0.018757 0.002095
v -0.007018 -0.018662 0.000690
v -0.007008 -0.018665 0.000817
v -0.006909 -0.018690 0.001358
v -0.005294 -0.019248 0.004594
v -0.006103 -0.018935 0.003173
v -0.006486 -0.018780 0.002836
v -0.006196 -0.018901 0.003026
v -0.006617 -0.018770 0.002207
v -0.006545 -0.018791 0.002367
v -0.006346 -0.018853 0.002742
v -0.004918 -0.019315 -0.005357
v -0.004905 -0.019383 -0.005300
v -0.005358 -0.019138 -0.004786
v -0.004900 -0.019408 -0.005279
v -0.005176 -0.019341 -0.004591
v -0.004877 -0.019508 -0.004961
v -0.004787 -0.019565 -0.005064
v -0.005602 -0.019135 -0.004016
v -0.005714 -0.019053 -0.004130
v -0.005307 -0.019268 -0.004429
v -0.005200 -0.019327 -0.004562
v -0.006486 -0.018779 -0.002922
v -0.006348 -0.018851 -0.002829
v -0.006811 -0.018688 -0.002252
v -0.006617 -0.018769 -0.002293
v -0.007052 -0.018626 -0.001538
v -0.006889 -0.018695 -0.001489
v -0.006958 -0.018677 -0.001216
v -0.007185 -0.018594 -0.000794
v -0.006664 -0.018756 -0.002180
v -0.006742 -0.018734 -0.001988
v -0.006820 -0.018713 -0.001762
v -0.005815 -0.019040 -0.003719
v -0.006101 -0.018936 -0.003256
v -0.006272 -0.018874 -0.002979
v -0.005794 -0.018944 0.004143
v -0.006593 -0.018668 0.002919
v -0.006930 -0.018577 0.002234
v -0.007180 -0.018516 0.001497
v -0.007319 -0.018484 0.000729
v -0.007362 -0.018476 -0.000041
v -0.007319 -0.018484 -0.000812
v -0.007181 -0.018515 -0.001581
v -0.006930 -0.018576 -0.002318
v -0.006593 -0.018667 -0.003004
v -0.005794 -0.018943 -0.004229
v -0.004900 -0.019115 -0.005468
v -0.004912 -0.019252 -0.005392
v -0.004915 -0.019287 -0.005373
v -0.005228 -0.019309 0.004445
v -0.005201 -0.019325 0.004478
v -0.005176 -0.019340 0.004508
v -0.004882 -0.019453 0.005147
v -0.004855 -0.019485 0.005100
v -0.004787 -0.019567 0.004978
v -0.004900 -0.019117 0.005382
v -0.004906 -0.019251 0.005302
v -0.004908 -0.019285 0.005281
v -0.004911 -0.019365 0.005233
v -0.007016 -0.018663 -0.000772
v -0.007041 -0.018656 -0.000580
v -0.007054 -0.018653 -0.000041
v -0.004724 -0.019366 0.005484
v -0.004709 -0.019232 0.005570
v -0.004805 -0.019174 0.005476
v -0.004713 -0.019561 0.005325
v -0.004799 -0.019507 0.005238
v -0.004689 -0.019593 0.005276
v -0.004708 -0.019620 0.005065
v -0.004629 -0.019674 0.005151
v -0.004716 -0.019557 0.005331
v -0.004731 -0.019495 0.005394
v -0.004829 -0.019344 0.005383
v -0.004736 -0.019475 0.005414
v -0.004727 -0.019396 0.005465
v -0.000792 -0.022496 0.007398
v -0.000883 -0.022430 0.007379
v -0.000997 -0.022601 0.007315
v -0.003303 -0.020854 0.006300
v -0.002807 -0.021368 0.006514
v -0.002775 -0.021275 0.006678
v -0.001679 -0.022281 0.007043
v -0.001078 -0.022746 0.007183
v -0.001717 -0.022381 0.006868
v 0.000346 -0.023407 0.007472
v 0.000447 -0.023210 0.007526
v -0.000350 -0.023025 0.007417
v 0.000076 -0.023015 0.007503
v 0.001168 -0.023515 0.007517
v 0.001077 -0.023722 0.007467
v 0.001573 -0.023645 0.007482
v 0.001824 -0.023964 0.007406
v 0.001852 -0.023735 0.007457
v 0.001162 -0.023513 0.007517
v 0.000825 -0.023372 0.007522
v 0.000480 -0.023227 0.007528
v 0.002655 -0.023922 0.007331
v 0.002578 -0.024141 0.007290
v 0.003022 -0.023978 0.007249
v 0.003334 -0.024258 0.007124
v 0.003343 -0.024028 0.007178
v 0.003375 -0.024031 0.007168
v 0.004350 -0.024106 0.006831
v 0.004098 -0.024325 0.006887
v 0.004575 -0.024116 0.006737
v 0.004846 -0.024351 0.006537
v 0.004874 -0.024121 0.006573
v 0.004128 -0.024095 0.006924
v 0.004002 -0.024089 0.006977
v 0.003702 -0.024061 0.007068
v 0.002633 -0.023916 0.007335
v 0.002309 -0.023841 0.007386
v 0.001893 -0.023744 0.007451
v 0.005273 -0.024124 0.006319
v 0.004970 -0.024123 0.006520
v 0.000199 -0.023720 0.006927
v 0.000213 -0.023681 0.007150
v -0.000428 -0.023364 0.006890
v -0.000479 -0.023284 0.007099
v 0.000946 -0.024010 0.007144
v 0.000921 -0.024043 0.006914
v 0.001697 -0.024263 0.007084
v 0.001472 -0.024242 0.006876
v 0.000211 -0.023727 0.006928
v 0.000227 -0.023737 0.006929
v 0.000776 -0.023990 0.006924
v 0.002455 -0.024447 0.006972
v 0.002404 -0.024480 0.006743
v 0.002730 -0.024537 0.006676
v 0.003211 -0.024569 0.006810
v 0.003959 -0.024640 0.006584
v 0.003871 -0.024678 0.006362
v 0.004166 -0.024699 0.006252
v 0.004674 -0.024671 0.006256
v 0.003090 -0.024600 0.006602
v 0.003148 -0.024607 0.006586
v 0.003636 -0.024662 0.006451
v 0.004775 -0.024544 0.006425
v 0.004038 -0.024516 0.006766
v 0.003276 -0.024447 0.006999
v 0.002516 -0.024327 0.007163
v 0.001755 -0.024146 0.007277
v 0.001001 -0.023896 0.007337
v 0.000265 -0.023571 0.007340
v -0.000432 -0.023178 0.007285
v -0.001120 -0.022848 0.007002
v 0.001510 -0.024256 0.006873
v 0.001659 -0.024295 0.006853
v 0.002293 -0.024461 0.006766
v -0.004259 -0.019844 0.005827
v -0.004246 -0.019943 0.005696
v -0.003770 -0.020275 0.006181
v -0.003779 -0.020370 0.006036
v -0.003278 -0.020761 0.006456
v -0.004351 -0.019886 0.005424
v -0.003742 -0.020446 0.005875
v -0.003608 -0.020577 0.005961
v -0.004198 -0.020019 0.005548
v -0.004001 -0.020192 0.005709
v -0.003749 -0.020439 0.005870
v -0.002473 -0.021745 0.006446
v -0.002413 -0.021799 0.006464
v -0.001725 -0.022417 0.006665
v -0.003284 -0.020916 0.006119
v -0.003101 -0.021107 0.006209
v -0.002790 -0.021423 0.006326
v -0.003214 -0.020644 0.006582
v -0.003115 -0.020516 0.006659
v -0.003277 -0.020363 0.006580
v -0.003724 -0.020158 0.006301
v -0.003447 -0.020204 0.006497
v -0.003645 -0.020034 0.006377
v -0.003825 -0.019880 0.006268
v -0.003927 -0.019793 0.006206
v -0.004238 -0.019724 0.005937
v -0.004184 -0.019597 0.006012
v -0.004358 -0.019466 0.005881
v -0.002701 -0.021154 0.006807
v -0.002691 -0.020917 0.006839
v -0.002950 -0.020671 0.006740
v -0.001600 -0.022144 0.007174
v -0.001381 -0.022066 0.007270
v -0.001463 -0.022006 0.007252
v -0.001487 -0.021986 0.007245
v -0.002151 -0.021429 0.007048
v -0.002588 -0.021015 0.006879
v -0.000162 -0.022891 0.007488
v -0.000240 -0.022842 0.007477
v -0.000664 -0.022576 0.007417
v 0.004359 -0.024706 0.006152
v 0.004554 -0.024713 0.006050
v 0.004695 -0.024718 0.005976
v -0.001707 -0.022431 0.006669
v -0.001094 -0.022911 0.006800
v -0.000996 -0.022978 0.006813
v -0.000482 -0.023327 0.006883
v 0.005375 -0.011954 -0.006325
v 0.005540 -0.004544 -0.006296
v 0.006097 -0.004363 -0.005735
v 0.005395 -0.019532 0.006214
v 0.005400 -0.019649 0.006211
v 0.005941 -0.019650 0.005650
v 0.005362 -0.012559 -0.006328
v 0.005363 -0.012509 -0.006328
v 0.005904 -0.012487 -0.005760
v 0.007639 -0.019479 -0.000043
v 0.007558 -0.019499 -0.001805
v 0.005402 -0.019647 -0.006295
v 0.007817 0.000196 -0.002480
v 0.007897 0.000269 -0.001796
v 0.007726 -0.003779 -0.001803
v 0.005565 -0.004053 0.006197
v 0.005542 -0.004546 0.006211
v 0.006097 -0.004364 0.005654
v 0.005724 -0.000566 0.006101
v 0.006275 -0.000442 0.005549
v 0.006346 -0.000426 0.005478
v 0.006601 -0.004192 0.004984
v 0.006480 -0.000396 0.005343
v 0.006777 -0.000294 0.004907
v 0.006857 -0.000267 0.004790
v 0.007030 -0.004038 0.004232
v 0.007081 -0.000190 0.004461
v 0.007364 -0.003915 0.003424
v 0.007267 -0.000103 0.004041
v 0.007204 -0.000132 0.004182
v 0.007759 0.000163 0.002569
v 0.007599 0.000057 0.003249
v 0.007591 -0.003830 0.002584
v 0.007578 0.000044 0.003338
v 0.007550 0.000030 0.003401
v 0.007794 0.000187 0.002420
v 0.007726 -0.003779 0.001721
v 0.007862 0.000231 0.002134
v 0.007807 -0.003747 -0.000041
v 0.007982 0.000352 -0.000040
v 0.007993 0.000358 0.000403
v 0.007791 -0.003754 0.000844
v 0.007989 0.000362 0.000630
v 0.007971 0.000344 0.000843
v 0.007908 0.000278 0.001592
v 0.007897 0.000268 0.001717
v 0.007910 0.000280 -0.001685
v 0.007971 0.000336 -0.001158
v 0.007791 -0.003754 -0.000926
v 0.007973 0.000340 -0.000924
v 0.007364 -0.003914 -0.003506
v 0.007584 0.000054 -0.003335
v 0.007591 -0.003829 -0.002666
v 0.007770 0.000168 -0.002652
v 0.007807 0.000190 -0.002518
v 0.007030 -0.004037 -0.004313
v 0.007196 -0.000131 -0.004258
v 0.007262 -0.000102 -0.004123
v 0.007502 0.000004 -0.003634
v 0.007544 0.000029 -0.003481
v 0.006601 -0.004190 -0.005065
v 0.006866 -0.000267 -0.004877
v 0.006941 -0.000244 -0.004778
v 0.006268 -0.000451 -0.005669
v 0.006288 -0.000444 -0.005642
v 0.006348 -0.000426 -0.005563
v 0.006781 -0.000293 -0.004989
v 0.005724 -0.000565 -0.006182
v 0.005559 -0.004050 -0.006285
v 0.005543 -0.004400 -0.006296
v 0.005941 -0.019648 -0.005736
v 0.006436 -0.019626 -0.005066
v 0.006862 -0.019592 -0.004315
v 0.007196 -0.019555 -0.003508
v 0.007423 -0.019523 -0.002668
v 0.007622 -0.019484 -0.000928
v 0.007622 -0.019484 0.000842
v 0.007558 -0.019500 0.001719
v 0.007423 -0.019524 0.002582
v 0.007196 -0.019556 0.003422
v 0.006862 -0.019593 0.004229
v 0.006436 -0.019628 0.004980
v 0.005391 -0.019341 -0.006302
v 0.005379 -0.016465 -0.006313
v 0.005894 -0.016484 -0.005757
v 0.005377 -0.016088 -0.006314
v 0.005394 -0.019421 -0.006300
v 0.006389 -0.016490 -0.005082
v 0.006814 -0.016488 -0.004324
v 0.007147 -0.016484 -0.003512
v 0.007374 -0.016479 -0.002669
v 0.007509 -0.016476 -0.001805
v 0.007591 -0.016474 -0.000043
v 0.007509 -0.016477 0.001720
v 0.007601 -0.012414 -0.000042
v 0.007520 -0.012417 0.001721
v 0.007374 -0.016480 0.002584
v 0.007385 -0.012422 0.002585
v 0.007147 -0.016485 0.003427
v 0.007158 -0.012432 0.003429
v 0.006814 -0.016490 0.004239
v 0.006824 -0.012447 0.004241
v 0.006389 -0.016491 0.004996
v 0.006399 -0.012467 0.004999
v 0.005894 -0.016485 0.005672
v 0.005904 -0.012489 0.005676
v 0.005356 -0.013139 0.006244
v 0.005374 -0.016089 0.006230
v 0.005377 -0.016467 0.006228
v 0.005395 -0.019423 0.006214
v 0.005526 -0.004887 0.006220
v 0.005381 -0.011955 0.006240
v 0.005369 -0.012511 0.006242
v 0.006399 -0.012466 -0.005083
v 0.006824 -0.012446 -0.004325
v 0.007158 -0.012431 -0.003513
v 0.007385 -0.012421 -0.002669
v 0.007520 -0.012416 -0.001805
v 0.002344 -0.023855 -0.007474
v 0.002628 -0.023906 -0.007417
v 0.002573 -0.024138 -0.007379
v 0.004845 -0.024349 -0.006624
v 0.004867 -0.024719 -0.005953
v 0.004553 -0.024711 -0.006137
v 0.004674 -0.024669 -0.006344
v -0.004716 -0.019556 -0.005417
v -0.004731 -0.019494 -0.005480
v -0.004259 -0.019843 -0.005913
v -0.000402 -0.022746 -0.007546
v -0.000357 -0.023018 -0.007503
v -0.000662 -0.022571 -0.007501
v -0.001003 -0.022594 -0.007400
v -0.000887 -0.022421 -0.007462
v -0.001095 -0.022282 -0.007426
v -0.001378 -0.022062 -0.007354
v -0.001605 -0.022138 -0.007259
v -0.001488 -0.021977 -0.007327
v -0.002692 -0.020918 -0.006926
v -0.002703 -0.021150 -0.006892
v -0.003115 -0.020511 -0.006751
v -0.003214 -0.020642 -0.006668
v -0.003120 -0.020506 -0.006748
v -0.003825 -0.019879 -0.006352
v -0.003724 -0.020156 -0.006387
v -0.004043 -0.019699 -0.006211
v -0.004238 -0.019723 -0.006023
v -0.003645 -0.020028 -0.006469
v -0.003607 -0.020060 -0.006494
v -0.003277 -0.020362 -0.006666
v -0.002592 -0.021014 -0.006967
v -0.002389 -0.021209 -0.007051
v -0.001737 -0.021784 -0.007264
v -0.004535 -0.019342 -0.005815
v -0.004358 -0.019464 -0.005967
v -0.004185 -0.019593 -0.006101
v -0.001126 -0.022841 -0.007088
v -0.000486 -0.023277 -0.007185
v -0.000489 -0.023321 -0.006969
v -0.001711 -0.022424 -0.006753
v -0.001722 -0.022374 -0.006953
v -0.001102 -0.022903 -0.006885
v -0.000996 -0.022976 -0.006900
v -0.002809 -0.021365 -0.006600
v -0.002794 -0.021421 -0.006416
v -0.002900 -0.021315 -0.006378
v -0.003303 -0.020852 -0.006386
v -0.003283 -0.020914 -0.006203
v -0.003518 -0.020668 -0.006096
v -0.003779 -0.020368 -0.006122
v -0.003742 -0.020444 -0.005961
v -0.001772 -0.022375 -0.006740
v -0.002413 -0.021798 -0.006550
v -0.002473 -0.021743 -0.006533
v 0.003208 -0.024567 -0.006898
v 0.003957 -0.024638 -0.006672
v 0.003782 -0.024672 -0.006489
v 0.004386 -0.024707 -0.006236
v 0.004359 -0.024705 -0.006247
v 0.003870 -0.024677 -0.006452
v 0.001652 -0.024294 -0.006943
v 0.001690 -0.024259 -0.007172
v 0.002331 -0.024467 -0.006847
v 0.002450 -0.024444 -0.007060
v 0.002400 -0.024479 -0.006833
v 0.000227 -0.023734 -0.007016
v 0.000206 -0.023675 -0.007237
v 0.000899 -0.024038 -0.007006
v 0.000938 -0.024005 -0.007232
v 0.001473 -0.024237 -0.006961
v 0.001598 -0.024281 -0.006951
v 0.003145 -0.024604 -0.006674
v 0.003089 -0.024598 -0.006690
v 0.002730 -0.024536 -0.006764
v -0.004246 -0.019942 -0.005782
v -0.003770 -0.020273 -0.006267
v -0.003278 -0.020759 -0.006542
v -0.002777 -0.021271 -0.006764
v -0.001684 -0.022274 -0.007128
v -0.001084 -0.022739 -0.007269
v -0.000439 -0.023172 -0.007371
v 0.000257 -0.023565 -0.007427
v 0.000994 -0.023891 -0.007424
v 0.001748 -0.024142 -0.007365
v 0.002511 -0.024324 -0.007251
v 0.003274 -0.024445 -0.007087
v 0.004035 -0.024514 -0.006854
v 0.004775 -0.024543 -0.006512
v 0.005086 -0.024122 -0.006535
v 0.004970 -0.024121 -0.006608
v 0.003160 -0.024002 -0.007310
v 0.003372 -0.024025 -0.007252
v 0.003331 -0.024256 -0.007212
v 0.003703 -0.024062 -0.007160
v 0.004095 -0.024323 -0.006975
v 0.003800 -0.024072 -0.007133
v 0.004126 -0.024092 -0.007010
v 0.004352 -0.024105 -0.006924
v 0.004397 -0.024108 -0.006907
v 0.004872 -0.024119 -0.006659
v 0.003022 -0.023977 -0.007338
v 0.001817 -0.023960 -0.007494
v 0.001888 -0.023734 -0.007534
v 0.002309 -0.023846 -0.007479
v 0.000339 -0.023401 -0.007558
v 0.000441 -0.023199 -0.007609
v 0.001069 -0.023717 -0.007555
v 0.000824 -0.023374 -0.007613
v 0.000911 -0.023414 -0.007614
v 0.001157 -0.023502 -0.007599
v 0.001579 -0.023652 -0.007574
v -0.000246 -0.022834 -0.007561
v 0.000076 -0.023014 -0.007590
v 0.000252 -0.023113 -0.007607
v -0.003749 -0.020437 -0.005957
v -0.003901 -0.020284 -0.005865
v -0.004199 -0.020015 -0.005636
v -0.004267 -0.019954 -0.005584
v -0.004713 -0.019559 -0.005412
v -0.004689 -0.019592 -0.005362
v -0.004629 -0.019672 -0.005237
v -0.004709 -0.019230 -0.005655
v -0.004724 -0.019364 -0.005570
v -0.004727 -0.019395 -0.005551
v -0.004736 -0.019473 -0.005500
v 0.000211 -0.023725 -0.007015
v 0.000191 -0.023714 -0.007013
v -0.000444 -0.023352 -0.006975
v -0.004805 -0.019173 -0.005562
v -0.004799 -0.019505 -0.005324
v -0.004708 -0.019619 -0.005151
v -0.004829 -0.019342 -0.005469
v -0.005238 -0.012414 0.005388
v -0.005239 -0.012252 0.005388
v -0.005857 -0.012269 0.004762
v -0.005224 -0.014357 0.005387
v -0.005225 -0.014162 0.005387
v -0.005851 -0.014090 0.004762
v -0.005150 -0.016181 0.005386
v -0.005165 -0.015968 0.005386
v -0.005790 -0.015814 0.004762
v -0.005200 -0.010483 0.005388
v -0.005196 -0.010366 0.005388
v -0.005838 -0.010467 0.004763
v -0.005169 -0.016181 -0.005471
v -0.005037 -0.017624 -0.005470
v -0.005648 -0.017395 -0.004847
v -0.006446 -0.006277 0.003300
v -0.006831 -0.009029 0.003301
v -0.006319 -0.008930 0.004052
v -0.006592 -0.006322 -0.003112
v -0.006437 -0.006271 -0.003376
v -0.006831 -0.009028 -0.003384
v -0.005105 -0.005682 -0.005163
v -0.004820 -0.005511 -0.005467
v -0.004905 -0.006201 -0.005468
v -0.007595 -0.016937 -0.001288
v -0.006726 -0.017098 0.003300
v -0.005648 -0.017397 0.004761
v -0.005045 -0.017627 0.005385
v -0.005007 -0.018156 0.005384
v -0.006216 -0.017223 0.004051
v -0.007422 -0.016963 0.001859
v -0.007137 -0.017014 0.002557
v -0.007595 -0.016937 0.001202
v -0.007681 -0.016928 0.000573
v -0.007704 -0.016926 -0.000043
v -0.007681 -0.016928 -0.000658
v -0.007422 -0.016963 -0.001944
v -0.007137 -0.017014 -0.002642
v -0.006726 -0.017097 -0.003385
v -0.006216 -0.017221 -0.004136
v -0.005300 -0.005787 -0.004940
v -0.005125 -0.008611 -0.005470
v -0.005383 -0.005832 -0.004845
v -0.005744 -0.008792 -0.004846
v -0.005748 -0.005991 -0.004361
v -0.006319 -0.008929 -0.004135
v -0.005930 -0.006070 -0.004120
v -0.006249 -0.006209 -0.003697
v -0.007019 -0.006456 -0.002291
v -0.006963 -0.006439 -0.002417
v -0.007243 -0.009094 -0.002641
v -0.006861 -0.006410 -0.002641
v -0.006837 -0.006403 -0.002695
v -0.007123 -0.006481 -0.001935
v -0.007528 -0.009134 -0.001943
v -0.007210 -0.006502 -0.001638
v -0.007701 -0.009155 -0.001286
v -0.007313 -0.006528 -0.001284
v -0.007786 -0.009162 -0.000657
v -0.007369 -0.006540 -0.000844
v -0.007340 -0.006535 -0.001190
v -0.007809 -0.009164 -0.000042
v -0.007433 -0.006551 -0.000075
v -0.007385 -0.006542 -0.000655
v -0.007786 -0.009163 0.000574
v -0.007430 -0.006550 -0.000041
v -0.007315 -0.006529 0.001202
v -0.007336 -0.006534 0.001133
v -0.007701 -0.009155 0.001203
v -0.007365 -0.006539 0.000767
v -0.007381 -0.006542 0.000572
v -0.007209 -0.006503 0.001563
v -0.007528 -0.009135 0.001860
v -0.007124 -0.006482 0.001853
v -0.007019 -0.006456 0.002209
v -0.007243 -0.009095 0.002558
v -0.006953 -0.006436 0.002337
v -0.006492 -0.006295 0.003234
v -0.006593 -0.006326 0.003039
v -0.006844 -0.006403 0.002549
v -0.005744 -0.008793 0.004763
v -0.005755 -0.006005 0.004285
v -0.005928 -0.006073 0.004039
v -0.004820 -0.005512 0.005385
v -0.005280 -0.005780 0.004883
v -0.005116 -0.008258 0.005387
v -0.005301 -0.005791 0.004859
v -0.005132 -0.008684 0.005387
v -0.005129 -0.008611 0.005387
v -0.005383 -0.005833 0.004763
v -0.005648 -0.005963 0.004439
v -0.005851 -0.014089 -0.004847
v -0.005790 -0.015813 -0.004847
v -0.006432 -0.014035 -0.004135
v -0.006367 -0.015697 -0.004135
v -0.006946 -0.013997 -0.003384
v -0.006879 -0.015613 -0.003385
v -0.007358 -0.013971 -0.002641
v -0.007291 -0.015557 -0.002642
v -0.007643 -0.013955 -0.001944
v -0.007577 -0.015524 -0.001944
v -0.007816 -0.013947 -0.001287
v -0.007750 -0.015506 -0.001287
v -0.007902 -0.013944 -0.000658
v -0.005245 -0.012755 -0.005472
v -0.005218 -0.014160 -0.005472
v -0.005214 -0.014355 -0.005472
v -0.005183 -0.015968 -0.005472
v -0.005181 -0.016051 -0.005472
v -0.005838 -0.010466 -0.004846
v -0.005857 -0.012267 -0.004846
v -0.006418 -0.010543 -0.004135
v -0.006438 -0.012279 -0.004135
v -0.006932 -0.010598 -0.003384
v -0.006952 -0.012288 -0.003384
v -0.007344 -0.010635 -0.002641
v -0.007364 -0.012294 -0.002641
v -0.007629 -0.010658 -0.001943
v -0.007650 -0.012298 -0.001943
v -0.007802 -0.010669 -0.001286
v -0.007823 -0.012300 -0.001287
v -0.007888 -0.010674 -0.000657
v -0.007931 -0.012301 -0.000042
v -0.007911 -0.010675 -0.000042
v -0.005132 -0.008684 -0.005470
v -0.005244 -0.011625 0.005388
v -0.006438 -0.012281 0.004051
v -0.006418 -0.010544 0.004051
v -0.006952 -0.012289 0.003300
v -0.006932 -0.010599 0.003300
v -0.007364 -0.012295 0.002557
v -0.007344 -0.010636 0.002558
v -0.007650 -0.012298 0.001859
v -0.007629 -0.010658 0.001860
v -0.007823 -0.012300 0.001203
v -0.007802 -0.010670 0.001203
v -0.007888 -0.010674 0.000574
v -0.005185 -0.009264 -0.005471
v -0.005217 -0.015247 0.005387
v -0.006367 -0.015698 0.004051
v -0.006432 -0.014036 0.004051
v -0.006879 -0.015614 0.003300
v -0.006946 -0.013997 0.003300
v -0.007291 -0.015558 0.002557
v -0.007358 -0.013972 0.002557
v -0.007577 -0.015524 0.001859
v -0.007643 -0.013956 0.001859
v -0.007750 -0.015507 0.001202
v -0.007816 -0.013948 0.001202
v -0.007835 -0.015500 0.000573
v -0.007902 -0.013945 0.000573
v -0.007858 -0.015499 -0.000042
v -0.007925 -0.013944 -0.000042
v -0.007835 -0.015500 -0.000658
v -0.005204 -0.010363 -0.005471
v -0.005206 -0.010481 -0.005471
v -0.005236 -0.012251 -0.005472
v -0.005239 -0.012412 -0.005472
v -0.004023 -0.024999 -0.005373
v -0.003488 -0.024999 -0.005779
v -0.003448 -0.025974 -0.005717
v -0.002799 -0.024999 -0.006141
v -0.002549 -0.024999 -0.006273
v -0.002521 -0.025973 -0.006206
v 0.002801 -0.024999 -0.006144
v 0.003546 -0.024999 -0.005741
v 0.003506 -0.025974 -0.005680
v 0.004023 -0.024999 -0.005372
v 0.004385 -0.024999 -0.005092
v 0.004336 -0.025974 -0.005038
v 0.001386 -0.029870 -0.004370
v 0.001049 -0.029933 -0.004370
v 0.001176 -0.029441 -0.004892
v 0.000467 -0.030042 -0.004370
v 0.000357 -0.030041 -0.004370
v 0.000413 -0.029441 -0.005022
v -0.000467 -0.030041 -0.004370
v -0.001002 -0.029941 -0.004370
v -0.001127 -0.029441 -0.004904
v -0.001386 -0.029870 -0.004370
v -0.001748 -0.029729 -0.004370
v -0.001861 -0.029441 -0.004660
v -0.002407 -0.029440 -0.004370
v -0.002604 -0.029317 -0.004370
v -0.002875 -0.028679 -0.004815
v 0.001000 -0.024999 -0.006716
v 0.001438 -0.024999 -0.006626
v 0.001000 -0.025025 -0.006716
v 0.001611 -0.024999 -0.006591
v 0.000853 -0.025521 -0.006716
v 0.001592 -0.025973 -0.006520
v 0.000561 -0.025799 -0.006716
v -0.000473 -0.026926 -0.006484
v -0.000490 -0.025973 -0.006702
v -0.000112 -0.025973 -0.006717
v 0.000477 -0.025878 -0.006716
v 0.000559 -0.025973 -0.006696
v 0.000079 -0.025973 -0.006717
v 0.000540 -0.026926 -0.006478
v -0.000026 -0.025999 -0.006717
v -0.000879 -0.025476 -0.006716
v -0.000522 -0.025852 -0.006716
v -0.000491 -0.025861 -0.006716
v -0.001526 -0.025973 -0.006537
v -0.001543 -0.024999 -0.006608
v -0.001439 -0.024999 -0.006629
v -0.005064 -0.024999 -0.004369
v -0.004333 -0.024999 -0.005138
v -0.004977 -0.025930 -0.004369
v -0.004285 -0.025974 -0.005084
v -0.004965 -0.025973 -0.004369
v -0.004722 -0.026829 -0.004369
v -0.004139 -0.026926 -0.004921
v -0.004674 -0.026924 -0.004369
v -0.003651 -0.028494 -0.004370
v -0.003742 -0.028411 -0.004370
v -0.003899 -0.027835 -0.004654
v -0.004180 -0.027831 -0.004370
v -0.004305 -0.027665 -0.004370
v -0.003052 -0.029040 -0.004370
v -0.003452 -0.028675 -0.004370
v -0.003139 -0.027835 -0.005230
v 0.001800 -0.029709 -0.004370
v 0.002257 -0.029532 -0.004370
v 0.001908 -0.029441 -0.004640
v 0.002407 -0.029440 -0.004370
v 0.002154 -0.028679 -0.005200
v 0.002667 -0.029279 -0.004370
v 0.003191 -0.027835 -0.005196
v 0.003726 -0.028426 -0.004370
v 0.002923 -0.028679 -0.004784
v 0.003452 -0.028675 -0.004370
v 0.003052 -0.029040 -0.004370
v 0.003946 -0.027835 -0.004612
v 0.004180 -0.027831 -0.004370
v 0.003742 -0.028411 -0.004370
v 0.004305 -0.027665 -0.004370
v 0.004188 -0.026926 -0.004876
v 0.004674 -0.026924 -0.004369
v 0.004722 -0.026829 -0.004369
v 0.004965 -0.025973 -0.004369
v 0.004977 -0.025930 -0.004369
v 0.005064 -0.024999 -0.004369
v -0.000313 -0.030041 -0.004370
v -0.000362 -0.029441 -0.005026
v 0.000466 -0.028679 -0.005632
v -0.000409 -0.028679 -0.005637
v 0.000508 -0.027835 -0.006121
v -0.000446 -0.027835 -0.006126
v 0.001328 -0.028679 -0.005485
v 0.001449 -0.027835 -0.005961
v 0.001538 -0.026926 -0.006308
v -0.001272 -0.028679 -0.005499
v -0.001389 -0.027835 -0.005976
v -0.001474 -0.026926 -0.006324
v -0.001000 -0.024999 -0.006716
v 0.003387 -0.026926 -0.005497
v 0.002613 -0.024999 -0.006245
v 0.002584 -0.025973 -0.006178
v 0.002496 -0.026926 -0.005978
v 0.002352 -0.027835 -0.005650
v -0.002101 -0.028679 -0.005223
v -0.002294 -0.027835 -0.005674
v -0.002435 -0.026926 -0.006005
v -0.003331 -0.026926 -0.005533
v -0.002257 -0.029532 -0.004370
v -0.001000 -0.024973 -0.006716
v -0.000959 -0.024715 -0.006723
v 0.000725 -0.024311 -0.006753
v 0.000522 -0.024146 -0.006773
v 0.001099 -0.023458 -0.006691
v 0.000969 -0.024752 -0.006721
v 0.000879 -0.024522 -0.006734
v 0.001439 -0.023450 -0.006632
v 0.001409 -0.023451 -0.006639
v -0.000853 -0.024477 -0.006738
v -0.001437 -0.022638 -0.006622
v -0.000688 -0.024274 -0.006757
v -0.000998 -0.022979 -0.006716
v -0.000477 -0.024120 -0.006776
v -0.000248 -0.023471 -0.006789
v -0.000247 -0.024030 -0.006789
v -0.000052 -0.023472 -0.006792
v 0.000000 -0.024002 -0.006793
v 0.000000 -0.023472 -0.006793
v 0.000026 -0.023999 -0.006794
v 0.000030 -0.023472 -0.006793
v 0.000284 -0.024040 -0.006787
v 0.000522 -0.023468 -0.006765
v 0.000722 -0.023467 -0.006753
v 0.004079 -0.023287 -0.005354
v 0.005064 -0.023170 -0.004369
v 0.004667 -0.023222 -0.004811
v 0.004596 -0.023231 -0.004890
v 0.002807 -0.023388 -0.006155
v 0.002819 -0.023387 -0.006150
v 0.002972 -0.023377 -0.006066
v 0.003277 -0.023355 -0.005899
v 0.003432 -0.023344 -0.005814
v 0.003515 -0.023338 -0.005761
v 0.003769 -0.023315 -0.005578
v 0.004034 -0.023291 -0.005387
v 0.001514 -0.023448 -0.006615
v 0.001665 -0.023442 -0.006570
v 0.002179 -0.023422 -0.006417
v 0.002227 -0.023419 -0.006397
v 0.002767 -0.023390 -0.006172
v -0.002803 -0.021407 -0.006146
v -0.002415 -0.021799 -0.006328
v -0.001730 -0.022410 -0.006559
v -0.003093 -0.021114 -0.006010
v -0.003740 -0.020442 -0.005609
v -0.004032 -0.020168 -0.005384
v -0.004185 -0.020024 -0.005266
v -0.004629 -0.019672 -0.004856
v -0.005064 -0.019397 -0.004368
v 0.003279 -0.024621 -0.006186
v 0.005084 -0.024722 -0.005408
v 0.004358 -0.024704 -0.005477
v 0.004666 -0.024715 -0.005219
v 0.004763 -0.024718 -0.005137
v 0.004209 -0.024699 -0.005601
v 0.003898 -0.024681 -0.005822
v 0.003770 -0.024669 -0.005898
v 0.003319 -0.024627 -0.006167
v 0.002766 -0.024548 -0.006424
v 0.002729 -0.024543 -0.006441
v 0.002719 -0.024541 -0.006446
v 0.002374 -0.024476 -0.006574
v 0.002227 -0.024441 -0.006615
v 0.001789 -0.024335 -0.006738
v 0.001666 -0.024297 -0.006759
v 0.001473 -0.024237 -0.006793
v 0.001209 -0.024154 -0.006838
v 0.001100 -0.024112 -0.006847
v 0.000804 -0.024000 -0.006870
v 0.000658 -0.023933 -0.006867
v 0.000522 -0.023871 -0.006865
v 0.000270 -0.023756 -0.006860
v 0.000212 -0.023724 -0.006852
v -0.000052 -0.023579 -0.006816
v 0.005418 -0.024549 0.004320
v 0.005453 -0.024537 0.004269
v 0.005820 -0.024473 0.004233
v 0.005084 -0.024723 0.005321
v 0.004763 -0.024719 0.005050
v 0.004973 -0.024672 0.004838
v 0.005075 -0.024644 0.004720
v 0.005798 -0.024419 0.003770
v 0.005809 -0.024415 0.003754
v 0.005844 -0.024401 0.003691
v 0.005913 -0.024373 0.003564
v 0.006099 -0.024298 0.003224
v 0.006145 -0.024279 0.003140
v 0.006263 -0.024224 0.002855
v 0.006350 -0.024183 0.002648
v 0.006364 -0.024176 0.002613
v 0.006439 -0.024141 0.002433
v 0.006586 -0.024064 0.001938
v 0.006598 -0.024057 0.001896
v 0.006641 -0.024034 0.001751
v 0.006706 -0.023997 0.001417
v 0.006711 -0.023993 0.001387
v 0.006777 -0.023955 0.001047
v 0.006786 -0.023949 0.000976
v 0.006834 -0.023918 0.000394
v 0.006816 -0.023930 0.000667
v 0.006807 -0.023936 0.000807
v 0.006851 -0.023907 0.000139
v 0.006853 -0.023906 0.000110
v 0.006849 -0.023909 -0.000044
v 0.006835 -0.023918 -0.000588
v 0.006841 -0.023914 -0.000367
v 0.006847 -0.023910 -0.000106
v 0.006753 -0.023969 -0.001288
v 0.006791 -0.023945 -0.000966
v 0.006829 -0.023922 -0.000641
v 0.006709 -0.023994 -0.001505
v 0.006647 -0.024029 -0.001778
v 0.006739 -0.023977 -0.001370
v 0.006368 -0.024175 -0.002709
v 0.006474 -0.024121 -0.002389
v 0.006584 -0.024066 -0.002060
v 0.006588 -0.024063 -0.002039
v 0.006361 -0.024179 -0.002730
v 0.006266 -0.024222 -0.002943
v 0.006118 -0.024289 -0.003271
v 0.006100 -0.024297 -0.003312
v 0.006070 -0.024310 -0.003379
v 0.006028 -0.024328 -0.003460
v 0.005913 -0.024372 -0.003651
v 0.005793 -0.024418 -0.003851
v 0.005664 -0.024467 -0.004066
v 0.005592 -0.024490 -0.004161
v 0.005449 -0.024535 -0.004351
v 0.005443 -0.024537 -0.004359
v 0.005242 -0.024601 -0.004626
v 0.005073 -0.024642 -0.004806
v 0.001129 -0.024128 0.006760
v 0.001472 -0.024241 0.006710
v 0.001580 -0.024277 0.006694
v 0.001666 -0.024300 0.006673
v 0.002149 -0.024428 0.006557
v 0.002227 -0.024444 0.006530
v 0.002720 -0.024543 0.006359
v 0.002729 -0.024545 0.006354
v 0.002767 -0.024550 0.006337
v 0.003128 -0.024605 0.006177
v 0.003277 -0.024621 0.006095
v 0.003699 -0.024667 0.005862
v 0.003771 -0.024672 0.005813
v 0.004666 -0.024716 0.005132
v 0.004245 -0.024703 0.005487
v 0.004358 -0.024706 0.005391
v -0.000052 -0.023585 0.006734
v -0.000248 -0.023473 0.006702
v -0.000998 -0.022981 0.006629
v 0.000039 -0.023637 0.006749
v 0.000052 -0.023644 0.006751
v 0.000213 -0.023724 0.006761
v 0.000522 -0.023877 0.006782
v 0.000579 -0.023905 0.006786
v 0.001100 -0.024116 0.006761
v -0.001437 -0.022640 0.006535
v -0.001730 -0.022412 0.006472
v -0.002415 -0.021801 0.006241
v -0.003093 -0.021115 0.005924
v -0.003740 -0.020444 0.005523
v -0.002803 -0.021409 0.006060
v -0.004629 -0.019674 0.004770
v -0.004185 -0.020026 0.005180
v -0.004032 -0.020169 0.005298
v -0.000052 -0.023473 0.006699
v -0.000000 -0.023473 0.006698
v 0.000450 -0.023472 0.006691
v 0.000522 -0.023471 0.006682
v 0.001100 -0.023461 0.006611
v 0.001139 -0.023460 0.006606
v 0.001437 -0.023451 0.006536
v 0.002764 -0.023391 0.006080
v 0.001901 -0.023436 0.006422
v 0.002226 -0.023420 0.006304
v 0.002559 -0.023404 0.006182
v 0.001666 -0.023444 0.006483
v 0.001815 -0.023439 0.006448
v 0.003837 -0.023312 0.005453
v 0.003773 -0.023318 0.005499
v 0.003769 -0.023318 0.005502
v 0.003278 -0.023357 0.005814
v 0.003182 -0.023365 0.005874
v 0.002803 -0.023389 0.006061
v 0.004866 -0.023199 0.004516
v 0.004665 -0.023223 0.004720
v 0.004558 -0.023236 0.004828
v 0.004378 -0.023258 0.005011
v 0.004030 -0.023292 0.005295
v -0.005175 -0.019337 0.003957
v -0.005289 -0.019277 0.003957
v -0.004913 -0.019450 0.003957
v 0.002540 -0.020175 0.003957
v 0.002765 -0.020302 0.003957
v -0.000052 -0.019589 0.003957
v 0.000070 -0.019583 0.003957
v -0.002450 -0.019882 0.003957
v -0.001990 -0.019857 0.003957
v 0.004533 -0.021799 0.003957
v 0.004668 -0.021994 0.003957
v -0.000586 -0.019613 0.003957
v -0.004431 -0.019618 0.003957
v -0.004311 -0.019659 0.003957
v -0.003970 -0.019746 0.003957
v -0.003246 -0.019859 0.003957
v -0.002652 -0.019892 0.003957
v 0.003643 -0.020886 0.003957
v 0.003771 -0.021003 0.003957
v 0.001336 -0.019740 0.003957
v 0.001665 -0.019840 0.003957
v 0.001885 -0.019906 0.003957
v -0.003482 -0.019827 0.003957
v -0.003313 -0.019855 0.003957
v 0.004103 -0.021306 0.003957
v 0.004278 -0.021508 0.003957
v 0.000522 -0.019613 0.003957
v 0.000692 -0.019625 0.003957
v 0.001099 -0.019698 0.003957
v 0.001967 -0.019930 0.003957
v 0.002226 -0.020041 0.003957
v 0.003110 -0.020498 0.003957
v 0.003277 -0.020620 0.003957
v 0.003506 -0.020786 0.003957
v -0.001366 -0.019748 0.003957
v -0.001233 -0.019717 0.003957
v -0.000625 -0.019619 0.003957
v -0.005823 -0.019037 0.001224
v -0.005813 -0.019041 0.001361
v -0.005175 -0.019336 -0.004043
v -0.005260 -0.019291 -0.004043
v -0.005291 -0.019276 -0.004043
v -0.005513 -0.019167 -0.003187
v -0.005557 -0.019148 -0.002964
v -0.005689 -0.019089 -0.002293
v -0.005784 -0.019047 -0.001598
v -0.005797 -0.019042 -0.001504
v -0.005864 -0.019018 -0.000701
v -0.005880 -0.019011 -0.000190
v -0.005883 -0.019010 -0.000100
v -0.005875 -0.019016 0.000502
v -0.005693 -0.019090 0.002207
v -0.005613 -0.019125 0.002603
v -0.005512 -0.019169 0.003101
v -0.005303 -0.019271 0.003905
v -0.005076 -0.019390 -0.004351
v -0.005100 -0.019377 -0.004298
v -0.005101 -0.019376 -0.004288
v -0.005108 -0.019373 -0.004239
v -0.005100 -0.019377 -0.004199
v -0.005096 -0.019379 -0.004175
v -0.005063 -0.019398 -0.004119
v -0.005058 -0.019400 -0.004111
v -0.004994 -0.019438 -0.004062
v -0.004908 -0.019489 -0.004043
v -0.006891 -0.018695 -0.000041
v -0.004623 -0.014459 0.005892
v 0.004954 -0.004237 0.006645
v -0.004630 -0.012403 0.005893
v -0.002749 -0.014845 0.006901
v -0.002739 -0.017181 0.006891
v -0.001413 -0.017737 0.007364
v 0.003507 -0.000863 0.007117
v 0.003060 -0.000924 0.007239
v 0.002954 -0.004915 0.007396
v -0.004573 -0.016391 0.005890
v -0.003365 -0.016902 0.006613
v 0.000739 -0.018505 0.007677
v 0.002210 -0.018924 0.007547
v 0.004821 -0.019389 0.006652
v 0.004219 -0.019323 0.006980
v 0.003585 -0.019224 0.007223
v 0.002916 -0.019091 0.007406
v 0.001480 -0.018727 0.007641
v 0.000004 -0.018263 0.007645
v -0.000715 -0.018006 0.007537
v -0.003973 -0.016635 0.006289
v -0.004551 -0.008456 0.005891
v -0.004282 -0.005140 0.005860
v -0.004296 -0.005150 0.005847
v -0.003749 -0.004740 0.006262
v -0.003758 -0.004748 0.006256
v -0.003954 -0.008191 0.006290
v -0.003997 -0.004942 0.006112
v -0.002726 -0.007596 0.006889
v -0.003139 -0.004244 0.006629
v -0.003190 -0.004285 0.006599
v -0.001404 -0.006976 0.007360
v -0.001338 -0.002775 0.007254
v -0.001459 -0.002864 0.007224
v -0.001893 -0.003181 0.007118
v -0.002624 -0.003805 0.006831
v -0.002634 -0.003813 0.006827
v -0.000841 -0.002411 0.007375
v -0.000707 -0.006651 0.007530
v -0.000761 -0.002353 0.007395
v 0.000011 -0.006308 0.007636
v -0.000167 -0.002022 0.007456
v -0.000639 -0.002285 0.007408
v 0.000839 -0.001537 0.007503
v 0.000526 -0.001654 0.007515
v 0.000747 -0.005945 0.007668
v 0.000430 -0.001689 0.007518
v 0.000099 -0.001874 0.007484
v 0.001263 -0.001380 0.007487
v 0.001491 -0.005578 0.007631
v 0.001585 -0.001261 0.007475
v 0.001663 -0.001232 0.007472
v 0.002230 -0.005228 0.007537
v 0.002006 -0.001153 0.007420
v 0.002894 -0.000947 0.007285
v 0.002759 -0.000978 0.007305
v 0.002330 -0.001078 0.007371
v 0.005017 -0.000668 0.006554
v 0.004453 -0.000736 0.006824
v 0.004319 -0.004432 0.006972
v 0.004288 -0.000756 0.006903
v 0.005107 -0.000658 0.006511
v 0.005213 -0.000645 0.006460
v -0.004008 -0.014578 0.006293
v -0.004003 -0.010215 0.006294
v -0.004618 -0.010359 0.005893
v -0.003223 -0.004312 0.006579
v -0.003349 -0.007900 0.006613
v -0.002750 -0.012361 0.006903
v -0.004012 -0.012390 0.006294
v 0.004195 -0.012018 0.007015
v 0.004796 -0.011986 0.006685
v 0.002893 -0.012092 0.007443
v 0.003562 -0.012053 0.007260
v 0.003651 -0.004653 0.007214
v 0.003768 -0.000827 0.007045
v 0.001458 -0.012187 0.007679
v 0.000719 -0.012233 0.007714
v -0.000013 -0.012274 0.007679
v -0.000727 -0.012305 0.007566
v -0.001421 -0.012328 0.007388
v 0.004783 -0.016058 0.006681
v 0.004186 -0.016011 0.007011
v 0.005661 -0.000350 -0.006164
v 0.007548 0.000319 0.003286
v 0.007230 0.000149 0.004084
v 0.007388 0.000534 0.003278
v 0.007591 0.000681 0.002459
v 0.007080 0.000357 0.004064
v 0.006674 0.000170 0.004790
v 0.006812 -0.000032 0.004824
v 0.005602 0.000105 -0.005529
v 0.005830 0.000175 -0.005276
v 0.006011 0.000125 -0.005421
v 0.006485 0.000302 -0.004784
v 0.006674 0.000171 -0.004871
v 0.006609 0.000502 -0.004028
v 0.006630 0.000514 -0.003974
v 0.006866 0.000487 -0.004079
v 0.007143 0.000873 -0.001976
v 0.007165 0.000899 -0.001699
v 0.007453 0.000911 -0.001703
v 0.007167 0.000901 -0.001672
v 0.007208 0.000950 -0.001150
v 0.007230 0.000988 -0.000232
v 0.007515 0.001001 -0.000039
v 0.007230 0.000988 -0.000226
v 0.007229 0.000985 -0.000040
v 0.006853 0.000645 -0.003390
v 0.007154 0.000660 -0.003320
v 0.006875 0.000660 -0.003304
v 0.006892 0.000672 -0.003239
v 0.005883 0.000192 -0.005216
v 0.005970 0.000222 -0.005106
v 0.006164 0.000299 -0.004819
v 0.006273 0.000343 -0.004657
v 0.006306 0.000355 -0.004609
v 0.006585 0.000491 -0.004073
v 0.007023 0.000765 -0.002736
v 0.007344 0.000804 -0.002523
v 0.007059 0.000797 -0.002511
v 0.007065 0.000803 -0.002469
v 0.005318 0.000022 -0.005844
v 0.005290 0.000026 -0.005811
v 0.007878 0.000566 -0.001712
v 0.007756 0.000460 -0.002549
v 0.007589 0.000680 -0.002551
v 0.007707 0.000789 -0.001717
v 0.007773 0.000882 -0.000039
v 0.007760 0.000858 -0.000877
v 0.007947 0.000657 -0.000039
v 0.007933 0.000633 -0.000872
v 0.006811 -0.000031 -0.004906
v 0.006296 -0.000201 -0.005579
v 0.006174 -0.000007 -0.005527
v 0.007229 0.000149 -0.004169
v 0.007078 0.000357 -0.004148
v 0.007545 0.000318 -0.003375
v 0.007386 0.000533 -0.003367
v 0.005643 -0.000288 -0.006159
v 0.005560 -0.000171 -0.006090
v 0.006296 -0.000203 0.005497
v 0.006175 -0.000009 0.005446
v 0.005643 -0.000291 0.006078
v 0.007933 0.000634 0.000785
v 0.007760 0.000858 0.000791
v 0.007878 0.000567 0.001619
v 0.007707 0.000790 0.001626
v 0.007758 0.000461 0.002457
v 0.005661 -0.000352 0.006083
v 0.006012 0.000124 0.005340
v 0.005826 0.000174 0.005192
v 0.005697 0.000131 0.005349
v 0.005290 0.000025 0.005731
v 0.005317 0.000020 0.005763
v 0.005433 -0.000045 0.005888
v 0.006386 0.000390 0.004391
v 0.006485 0.000301 0.004703
v 0.006580 0.000489 0.003991
v 0.006868 0.000487 0.003995
v 0.006630 0.000514 0.003889
v 0.006270 0.000342 0.004573
v 0.006165 0.000298 0.004738
v 0.006053 0.000251 0.004914
v 0.005496 -0.000081 0.005956
v 0.005560 -0.000173 0.006009
v 0.006899 0.000675 0.003152
v 0.006890 0.000668 0.003187
v 0.007157 0.000661 0.003231
v 0.006878 0.000660 0.003224
v 0.006668 0.000533 0.003813
v 0.007058 0.000794 0.002475
v 0.007346 0.000805 0.002432
v 0.007064 0.000799 0.002431
v 0.007454 0.000912 0.001614
v 0.007171 0.000903 0.001619
v 0.007071 0.000806 0.002380
v 0.007224 0.000976 0.000607
v 0.007173 0.000904 0.001608
v 0.005496 -0.000079 -0.006037
v 0.005433 -0.000043 -0.005968
v -0.002746 -0.009891 -0.006984
v -0.002726 -0.007594 -0.006972
v -0.001404 -0.006974 -0.007442
v -0.004618 -0.010357 -0.005976
v 0.004783 -0.016056 -0.006766
v -0.003986 -0.004932 -0.006202
v -0.003759 -0.004747 -0.006340
v -0.003954 -0.008189 -0.006373
v -0.000851 -0.002416 -0.007455
v -0.000635 -0.002287 -0.007484
v -0.000707 -0.006649 -0.007612
v 0.001480 -0.018725 -0.007727
v -0.003973 -0.016633 -0.006374
v -0.004573 -0.016389 -0.005975
v -0.003365 -0.016900 -0.006698
v -0.002739 -0.017179 -0.006976
v -0.001413 -0.017735 -0.007450
v -0.000715 -0.018004 -0.007622
v 0.000004 -0.018261 -0.007730
v 0.000739 -0.018503 -0.007763
v 0.002916 -0.019089 -0.007492
v 0.003585 -0.019222 -0.007309
v 0.004219 -0.019321 -0.007066
v 0.004821 -0.019387 -0.006738
v 0.004954 -0.004235 -0.006726
v 0.004319 -0.004430 -0.007053
v 0.004451 -0.000735 -0.006898
v 0.004827 -0.000692 -0.006752
v 0.005013 -0.000665 -0.006634
v 0.005097 -0.000654 -0.006581
v 0.003651 -0.004650 -0.007296
v 0.003856 -0.000804 -0.007128
v 0.004263 -0.000757 -0.006971
v 0.002756 -0.000984 -0.007377
v 0.003060 -0.000934 -0.007308
v 0.002954 -0.004912 -0.007478
v 0.003508 -0.000861 -0.007207
v 0.003773 -0.000818 -0.007147
v 0.002425 -0.001038 -0.007452
v 0.002230 -0.005226 -0.007619
v 0.002330 -0.001064 -0.007463
v 0.001248 -0.001365 -0.007583
v 0.001586 -0.001271 -0.007545
v 0.001491 -0.005576 -0.007714
v 0.002004 -0.001155 -0.007499
v 0.001188 -0.001382 -0.007589
v 0.000747 -0.005943 -0.007750
v 0.000840 -0.001532 -0.007586
v 0.000520 -0.001670 -0.007584
v 0.000011 -0.006306 -0.007719
v 0.000070 -0.001864 -0.007580
v -0.000184 -0.002016 -0.007546
v -0.002009 -0.003273 -0.007162
v -0.001467 -0.002866 -0.007305
v -0.001340 -0.002770 -0.007338
v -0.000942 -0.002470 -0.007443
v -0.003193 -0.004287 -0.006682
v -0.003171 -0.004269 -0.006696
v -0.002635 -0.003810 -0.006911
v -0.002628 -0.003804 -0.006913
v -0.003349 -0.007898 -0.006696
v -0.003750 -0.004740 -0.006345
v -0.003224 -0.004312 -0.006664
v -0.004296 -0.005148 -0.005929
v -0.004282 -0.005138 -0.005941
v -0.004551 -0.008455 -0.005974
v -0.004630 -0.012401 -0.005977
v -0.004623 -0.014457 -0.005977
v -0.004008 -0.014576 -0.006378
v -0.002750 -0.012359 -0.006987
v -0.004012 -0.012388 -0.006378
v 0.004796 -0.011984 -0.006769
v -0.001421 -0.012326 -0.007472
v -0.000727 -0.012303 -0.007650
v -0.000013 -0.012272 -0.007763
v 0.000719 -0.012231 -0.007798
v 0.001458 -0.012184 -0.007763
v 0.002893 -0.012090 -0.007527
v 0.002210 -0.018922 -0.007633
v 0.002892 -0.015862 -0.007524
v 0.003557 -0.015944 -0.007340
v 0.003562 -0.012051 -0.007343
v 0.004186 -0.016009 -0.007096
v 0.004195 -0.012016 -0.007099
v -0.004003 -0.010213 -0.006377
v -0.004830 -0.005421 0.005333
v -0.004841 -0.005331 0.005281
v -0.005302 -0.005609 0.004769
v -0.006559 -0.005990 -0.002739
v -0.006444 -0.005952 -0.002948
v -0.006561 -0.006123 -0.003053
v -0.006661 -0.006022 0.002441
v -0.006758 -0.006050 0.002194
v -0.006901 -0.006224 0.002283
v -0.007166 -0.006152 -0.000041
v -0.007344 -0.006325 -0.000040
v -0.007148 -0.006149 0.000596
v -0.007302 -0.006319 0.000752
v -0.006899 -0.006091 0.001836
v -0.007158 -0.006290 0.001533
v -0.006910 -0.006093 0.001794
v -0.006995 -0.006115 0.001476
v -0.007056 -0.006131 0.001248
v -0.007068 -0.006133 0.001162
v -0.007129 -0.006146 0.000726
v -0.005671 -0.005657 0.004091
v -0.005746 -0.005824 0.004210
v -0.005397 -0.005533 0.004465
v -0.005247 -0.005447 0.004642
v -0.005793 -0.005713 0.003925
v -0.005875 -0.005750 0.003812
v -0.006559 -0.006123 0.002975
v -0.006272 -0.005897 0.003181
v -0.006313 -0.005912 0.003116
v -0.006440 -0.005952 0.002870
v -0.006649 -0.006018 0.002465
v -0.005302 -0.005607 -0.004852
v -0.004841 -0.005329 -0.005363
v -0.004830 -0.005420 -0.005415
v -0.005745 -0.005822 -0.004295
v -0.006904 -0.006224 -0.002359
v -0.007303 -0.006319 -0.000830
v -0.007160 -0.006290 -0.001609
v -0.004805 -0.005177 -0.005223
v -0.004823 -0.005253 -0.005293
v -0.004982 -0.005295 -0.005037
v -0.005205 -0.005422 -0.004774
v -0.005247 -0.005446 -0.004724
v -0.006644 -0.006015 -0.002545
v -0.006762 -0.006051 -0.002271
v -0.007063 -0.006131 -0.001243
v -0.007012 -0.006120 -0.001525
v -0.007124 -0.006145 -0.000908
v -0.007003 -0.006118 -0.001554
v -0.006904 -0.006091 -0.001875
v -0.006829 -0.006071 -0.002117
v -0.005799 -0.005718 -0.004005
v -0.006203 -0.005873 -0.003385
v -0.006271 -0.005895 -0.003262
v -0.005798 -0.005717 -0.004007
v -0.005671 -0.005659 -0.004178
v -0.005405 -0.005535 -0.004538
v -0.004823 -0.005254 0.005211
v -0.004805 -0.005178 0.005141
v -0.004894 -0.005239 0.005050
v -0.004982 -0.005296 0.004955
v -0.005205 -0.005423 0.004692
v -0.007171 -0.006152 -0.000203
v -0.007131 -0.006146 -0.000804
v -0.005103 -0.024999 -0.004289
v -0.005103 -0.024999 -0.004200
v -0.005064 -0.024999 -0.004119
v -0.004995 -0.024999 -0.004064
v -0.004908 -0.024999 -0.004044
v -0.004910 -0.025917 -0.004064
v -0.004978 -0.025930 -0.004119
v -0.005016 -0.025937 -0.004200
v -0.005016 -0.025937 -0.004289
v -0.004758 -0.026843 -0.004289
v -0.004338 -0.027686 -0.004289
v -0.003771 -0.028437 -0.004289
v -0.003075 -0.029071 -0.004290
v -0.002274 -0.029567 -0.004290
v -0.001396 -0.029907 -0.004290
v -0.000471 -0.030080 -0.004290
v 0.000471 -0.030080 -0.004290
v 0.001396 -0.029907 -0.004290
v 0.002274 -0.029567 -0.004290
v 0.003771 -0.028437 -0.004289
v 0.003075 -0.029071 -0.004290
v 0.004338 -0.027686 -0.004289
v 0.004758 -0.026843 -0.004289
v 0.005016 -0.025937 -0.004289
v 0.005103 -0.024999 -0.004289
v -0.004758 -0.026843 -0.004200
v -0.004339 -0.027686 -0.004200
v -0.003771 -0.028437 -0.004200
v -0.003075 -0.029072 -0.004200
v -0.002275 -0.029567 -0.004200
v -0.001397 -0.029908 -0.004200
v -0.000471 -0.030081 -0.004200
v 0.000471 -0.030081 -0.004200
v 0.001397 -0.029908 -0.004200
v 0.002275 -0.029567 -0.004200
v 0.003075 -0.029072 -0.004200
v 0.003771 -0.028437 -0.004200
v 0.004339 -0.027686 -0.004200
v 0.004758 -0.026843 -0.004200
v 0.005016 -0.025937 -0.004200
v 0.005103 -0.024999 -0.004200
v -0.004722 -0.026829 -0.004120
v -0.004306 -0.027666 -0.004120
v -0.003743 -0.028411 -0.004120
v -0.003052 -0.029041 -0.004120
v -0.002257 -0.029533 -0.004120
v -0.001386 -0.029871 -0.004120
v -0.000467 -0.030042 -0.004120
v 0.000467 -0.030042 -0.004120
v 0.001386 -0.029871 -0.004120
v 0.002257 -0.029533 -0.004120
v 0.003052 -0.029041 -0.004120
v 0.003743 -0.028411 -0.004120
v 0.004306 -0.027666 -0.004120
v 0.004722 -0.026829 -0.004120
v 0.004978 -0.025930 -0.004119
v 0.005064 -0.024999 -0.004119
v -0.004658 -0.026804 -0.004064
v -0.004247 -0.027629 -0.004064
v -0.003691 -0.028364 -0.004064
v -0.003010 -0.028985 -0.004064
v -0.002226 -0.029471 -0.004064
v -0.001367 -0.029804 -0.004064
v -0.000461 -0.029973 -0.004064
v 0.000461 -0.029973 -0.004064
v 0.001367 -0.029804 -0.004064
v 0.002226 -0.029471 -0.004064
v 0.003010 -0.028985 -0.004064
v 0.003691 -0.028364 -0.004064
v 0.004247 -0.027629 -0.004064
v 0.004658 -0.026804 -0.004064
v 0.004910 -0.025917 -0.004064
v 0.004995 -0.024999 -0.004064
v -0.004824 -0.025901 -0.004044
v -0.004576 -0.026772 -0.004044
v -0.004173 -0.027583 -0.004044
v -0.003627 -0.028306 -0.004044
v -0.002958 -0.028916 -0.004044
v -0.002188 -0.029393 -0.004044
v -0.001343 -0.029720 -0.004044
v -0.000453 -0.029886 -0.004044
v 0.000453 -0.029886 -0.004044
v 0.001343 -0.029720 -0.004044
v 0.002188 -0.029393 -0.004044
v 0.002958 -0.028916 -0.004044
v 0.003627 -0.028306 -0.004044
v 0.004173 -0.027583 -0.004044
v 0.004576 -0.026772 -0.004044
v 0.004824 -0.025901 -0.004044
v 0.004908 -0.024999 -0.004044
v 0.005012 -0.022560 -0.004072
v 0.004993 -0.022522 -0.004067
v 0.004908 -0.022341 -0.004043
v 0.005092 -0.022858 -0.004165
v 0.005100 -0.022938 -0.004200
v 0.005108 -0.023008 -0.004231
v 0.005078 -0.022807 -0.004148
v 0.005059 -0.022730 -0.004124
v 0.005023 -0.022591 -0.004080
v 0.005070 -0.023168 -0.004360
v 0.005078 -0.023162 -0.004348
v 0.005083 -0.023158 -0.004340
v 0.005094 -0.023138 -0.004317
v 0.005100 -0.023109 -0.004295
v 0.005101 -0.023100 -0.004288
v 0.005106 -0.023073 -0.004268
v -0.001000 -0.024973 -0.004044
v -0.000879 -0.025477 -0.004044
v -0.000522 -0.025852 -0.004044
v -0.000026 -0.025999 -0.004044
v 0.000477 -0.025878 -0.004044
v 0.000853 -0.025522 -0.004044
v 0.001000 -0.025025 -0.004044
v 0.000879 -0.024522 -0.004044
v 0.000522 -0.024147 -0.004044
v 0.000026 -0.024000 -0.004044
v -0.000477 -0.024121 -0.004044
v -0.000853 -0.024477 -0.004044
v -0.001743 -0.019026 0.002459
v -0.001743 -0.018839 0.001921
v -0.000625 -0.018654 0.001977
v 0.003280 -0.019148 0.000211
v 0.003773 -0.019436 0.000200
v 0.003773 -0.019479 0.000708
v -0.002577 -0.019049 0.001648
v -0.002677 -0.019007 0.001304
v -0.001743 -0.018696 0.001370
v 0.001737 -0.018546 -0.000043
v 0.002226 -0.018699 -0.000043
v 0.002228 -0.018697 0.000230
v 0.005000 -0.020431 -0.000205
v 0.005000 -0.020436 -0.000256
v 0.005078 -0.020514 -0.000253
v 0.005000 -0.020760 -0.001815
v 0.005000 -0.020819 -0.001945
v 0.005078 -0.020888 -0.001916
v 0.005799 -0.024118 -0.003774
v 0.006102 -0.024270 -0.003307
v 0.006589 -0.023893 -0.001923
v 0.006102 -0.023971 0.003108
v -0.001677 -0.019534 0.003502
v -0.002076 -0.019294 0.002835
v -0.002247 -0.019206 0.002478
v -0.001725 -0.019501 0.003432
v -0.001743 -0.019490 0.003401
v -0.001743 -0.019262 0.002986
v -0.001830 -0.019439 0.003254
v -0.002008 -0.019334 0.002951
v -0.000625 -0.019090 0.003072
v -0.000052 -0.019357 0.003610
v 0.000522 -0.019373 0.003600
v -0.000625 -0.019380 0.003596
v 0.001667 -0.019528 0.003505
v 0.001100 -0.019431 0.003565
v 0.002228 -0.019667 0.003420
v 0.002767 -0.020154 0.003774
v 0.002228 -0.019988 0.003897
v 0.003280 -0.020351 0.003628
v 0.004669 -0.021729 0.003732
v 0.004669 -0.021131 0.003053
v 0.005078 -0.022003 0.003444
v 0.003773 -0.020904 0.003856
v 0.003773 -0.020583 0.003457
v 0.005078 -0.022667 0.003973
v 0.005455 -0.023593 0.003986
v 0.005455 -0.022906 0.003614
v 0.005078 -0.023423 0.004382
v 0.004669 -0.023266 0.004747
v 0.003773 -0.023903 0.005678
v 0.004669 -0.024068 0.005017
v 0.003280 -0.023834 0.005957
v 0.002767 -0.023775 0.006196
v 0.001667 -0.023686 0.006554
v 0.002228 -0.023725 0.006396
v 0.000522 -0.023642 0.006730
v 0.001100 -0.023658 0.006665
v 0.005078 -0.024164 0.004631
v 0.005799 -0.024380 0.003761
v 0.005799 -0.023777 0.003558
v 0.006369 -0.023723 0.002379
v 0.006589 -0.023696 0.001668
v 0.006589 -0.024022 0.001927
v 0.006589 -0.023425 0.001360
v 0.006589 -0.023212 0.001013
v 0.006589 -0.023064 0.000641
v 0.006589 -0.022982 0.000258
v 0.006589 -0.023020 -0.000558
v 0.006589 -0.022965 -0.000146
v 0.006589 -0.023590 -0.001648
v 0.006589 -0.023345 -0.001333
v 0.006589 -0.023149 -0.000962
v 0.006369 -0.023983 -0.002619
v 0.006369 -0.023565 -0.002354
v 0.006102 -0.023740 -0.003085
v 0.005455 -0.023975 -0.004217
v 0.005078 -0.024363 -0.004764
v 0.005455 -0.024449 -0.004341
v 0.004669 -0.024283 -0.005153
v 0.003773 -0.024147 -0.005821
v 0.003280 -0.024090 -0.006103
v 0.002767 -0.024040 -0.006343
v 0.002228 -0.023999 -0.006545
v 0.001667 -0.023967 -0.006705
v 0.001100 -0.023944 -0.006817
v 0.003280 -0.023421 -0.005927
v 0.003773 -0.023509 -0.005653
v 0.004669 -0.023719 -0.005005
v 0.005078 -0.023842 -0.004627
v 0.005455 -0.023298 -0.003933
v 0.005455 -0.022667 -0.003531
v 0.005000 -0.022498 -0.004043
v 0.005000 -0.022361 -0.003933
v 0.005078 -0.022405 -0.003874
v 0.005000 -0.022024 -0.003662
v 0.005078 -0.021788 -0.003313
v 0.005000 -0.021734 -0.003362
v 0.005000 -0.021603 -0.003227
v 0.005000 -0.021334 -0.002882
v 0.005078 -0.021288 -0.002670
v 0.005000 -0.021227 -0.002710
v 0.005000 -0.021012 -0.002364
v 0.005000 -0.020619 -0.001400
v 0.005078 -0.020625 -0.001092
v 0.005000 -0.020555 -0.001108
v 0.005000 -0.020488 -0.000807
v 0.005000 -0.020428 -0.000043
v 0.005078 -0.020549 0.000570
v 0.004663 -0.020118 -0.000043
v 0.003770 -0.019436 -0.000043
v 0.003884 -0.019503 -0.000043
v 0.004464 -0.019935 -0.000043
v 0.004669 -0.020154 0.000621
v 0.002764 -0.018906 -0.000043
v 0.003097 -0.019049 -0.000043
v 0.003263 -0.019134 -0.000043
v 0.002427 -0.018761 -0.000043
v 0.002767 -0.018903 0.000222
v 0.002767 -0.018950 0.000776
v 0.003280 -0.019193 0.000745
v 0.000522 -0.018356 -0.000043
v 0.000844 -0.018378 -0.000043
v 0.001100 -0.018420 0.000241
v 0.001029 -0.018403 -0.000043
v 0.001099 -0.018417 -0.000043
v -0.000605 -0.018353 -0.000043
v -0.000625 -0.018361 0.000244
v -0.001321 -0.018453 -0.000043
v -0.001743 -0.018553 0.000236
v -0.001504 -0.018490 -0.000043
v -0.002765 -0.018901 -0.000043
v -0.002202 -0.018682 -0.000043
v -0.001741 -0.018556 -0.000043
v -0.002766 -0.018902 0.000222
v -0.002837 -0.018941 0.000220
v -0.002852 -0.018935 -0.000043
v -0.002785 -0.018963 0.000775
v -0.002786 -0.018962 0.000766
v -0.002766 -0.018949 0.000776
v -0.002817 -0.018950 0.000590
v -0.002767 -0.018970 0.000876
v -0.001743 -0.018603 0.000821
v -0.002715 -0.018991 0.001172
v -0.002286 -0.019186 0.002397
v -0.002377 -0.019140 0.002207
v -0.002515 -0.019076 0.001850
v -0.002531 -0.019069 0.001807
v 0.002767 -0.019039 0.001297
v 0.002228 -0.018745 0.000802
v 0.001667 -0.018534 0.000237
v 0.001666 -0.018532 -0.000043
v 0.005455 -0.021129 0.001228
v 0.005455 -0.020976 0.000515
v 0.005455 -0.020945 -0.000234
v 0.005455 -0.021046 -0.000999
v 0.005455 -0.021285 -0.001748
v 0.005455 -0.021650 -0.002435
v 0.005455 -0.022105 -0.003020
v -0.000052 -0.018628 0.001985
v -0.000625 -0.018508 0.001410
v 0.003280 -0.019408 0.001749
v 0.002767 -0.019351 0.002330
v 0.002767 -0.019173 0.001820
v 0.002228 -0.018976 0.001880
v 0.002228 -0.018837 0.001340
v 0.001667 -0.018678 0.001374
v 0.001667 -0.018584 0.000823
v 0.001100 -0.018470 0.000838
v 0.000522 -0.018352 0.000244
v 0.000117 -0.018328 -0.000043
v -0.000625 -0.018847 0.002530
v -0.000052 -0.019065 0.003085
v -0.000052 -0.018822 0.002540
v 0.000522 -0.019083 0.003076
v 0.000522 -0.018840 0.002533
v 0.001100 -0.019143 0.003046
v 0.001100 -0.018902 0.002508
v 0.001667 -0.019245 0.002995
v 0.002767 -0.019575 0.002830
v 0.002228 -0.019391 0.002922
v 0.002228 -0.019160 0.002406
v 0.001667 -0.019009 0.002466
v 0.001667 -0.018820 0.001927
v 0.001100 -0.018711 0.001960
v 0.001100 -0.018566 0.001398
v 0.000522 -0.018500 0.001412
v 0.000522 -0.018403 0.000846
v -0.000052 -0.018384 0.000849
v -0.000052 -0.018333 0.000245
v -0.000052 -0.018334 -0.000043
v 0.006369 -0.023323 0.002059
v 0.006369 -0.022990 0.001681
v 0.006369 -0.022728 0.001255
v 0.006369 -0.022547 0.000798
v 0.006369 -0.022446 0.000327
v 0.006369 -0.022425 -0.000170
v 0.006369 -0.022492 -0.000676
v 0.006369 -0.022650 -0.001173
v 0.006369 -0.022892 -0.001627
v 0.006369 -0.023193 -0.002015
v 0.005799 -0.023162 0.003226
v 0.006102 -0.023433 0.002817
v 0.005799 -0.022622 0.002795
v 0.006102 -0.022960 0.002440
v 0.005799 -0.022172 0.002285
v 0.006102 -0.022567 0.001993
v 0.005799 -0.021819 0.001709
v 0.006102 -0.022258 0.001490
v 0.005799 -0.021574 0.001093
v 0.006102 -0.022044 0.000951
v 0.005799 -0.021438 0.000456
v 0.006102 -0.021924 0.000394
v 0.005799 -0.021409 -0.000214
v 0.006102 -0.021900 -0.000193
v 0.005799 -0.021500 -0.000897
v 0.006102 -0.021979 -0.000790
v 0.005799 -0.021714 -0.001568
v 0.006102 -0.022166 -0.001377
v 0.005799 -0.022040 -0.002181
v 0.006102 -0.022451 -0.001914
v 0.005799 -0.022447 -0.002705
v 0.006102 -0.022807 -0.002372
v 0.005799 -0.022949 -0.003162
v 0.006102 -0.023246 -0.002771
v 0.005799 -0.023513 -0.003520
v 0.000522 -0.018646 0.001980
v -0.000052 -0.018481 0.001416
v -0.000625 -0.018412 0.000845
v 0.005078 -0.020716 0.001353
v 0.005455 -0.021403 0.001917
v 0.003773 -0.019684 0.001665
v 0.004669 -0.020336 0.001468
v 0.005078 -0.021017 0.002109
v 0.005455 -0.021798 0.002561
v 0.002767 -0.019843 0.003313
v 0.003280 -0.020052 0.003185
v 0.003280 -0.019795 0.002720
v 0.003773 -0.020298 0.003034
v 0.003773 -0.020052 0.002592
v 0.004669 -0.020662 0.002287
v 0.005078 -0.021451 0.002817
v 0.005455 -0.022301 0.003132
v 0.005455 -0.024268 0.004213
v -0.005000 -0.019412 -0.004043
v -0.005000 -0.019339 -0.002748
v -0.003014 -0.019490 0.002772
v -0.004579 -0.019528 0.003501
v -0.003803 -0.019602 0.003117
v -0.002626 -0.019752 0.003622
v -0.003326 -0.019310 0.001850
v -0.003529 -0.019208 0.000865
v -0.003365 -0.019121 -0.000043
v -0.004356 -0.019272 -0.000043
v -0.003862 -0.019230 -0.000043
v -0.003585 -0.019170 -0.000043
v -0.005039 -0.019262 -0.001443
v -0.005000 -0.019242 -0.000173
v -0.005131 -0.019219 -0.000175
v -0.005000 -0.019239 -0.000043
v -0.005079 -0.019248 0.001098
v -0.005000 -0.019282 -0.001719
v -0.005000 -0.019275 -0.001581
v -0.005000 -0.019272 -0.001436
v -0.005000 -0.019299 -0.002043
v -0.004879 -0.019351 0.002337
v -0.004104 -0.019415 0.002082
v -0.004303 -0.019307 0.000976
v -0.004403 -0.019276 -0.000043
v -0.005000 -0.005024 -0.004041
v -0.005000 -0.005003 -0.003942
v -0.005000 -0.005189 -0.003691
v -0.005000 -0.005685 -0.002856
v -0.005000 -0.006048 -0.001955
v -0.005000 -0.006270 -0.001010
v -0.005000 -0.006344 -0.000041
v -0.003811 -0.004642 0.006216
v -0.003273 -0.004164 0.006531
v -0.004337 -0.005069 0.005813
v 0.004836 -0.000064 0.006039
v 0.004681 -0.000087 0.006113
v 0.004794 -0.000144 0.006302
v -0.004398 -0.004872 0.005516
v -0.004354 -0.004891 0.005658
v -0.004335 -0.004817 0.005562
v -0.004007 -0.004529 0.005799
v -0.003859 -0.004450 0.006016
v -0.003962 -0.004486 0.005823
v -0.003149 -0.003704 0.006218
v -0.003340 -0.003890 0.006138
v -0.003351 -0.003958 0.006290
v -0.003533 -0.004078 0.006057
v -0.003845 -0.004375 0.005887
v -0.002954 -0.003517 0.006289
v -0.002826 -0.003449 0.006507
v -0.002896 -0.003467 0.006333
v -0.002405 -0.003067 0.006652
v -0.002758 -0.003346 0.006437
v -0.002822 -0.003402 0.006389
v -0.002081 -0.002821 0.006819
v -0.002278 -0.002966 0.006729
v -0.002797 -0.003546 0.006659
v -0.001880 -0.002672 0.006912
v -0.000771 -0.001898 0.007212
v -0.000916 -0.001997 0.007182
v -0.001033 -0.002091 0.007180
v -0.001036 -0.002080 0.007157
v -0.001329 -0.002281 0.007097
v 0.000025 -0.001387 0.007259
v 0.000351 -0.001281 0.007334
v 0.000248 -0.001263 0.007240
v 0.000324 -0.001221 0.007234
v -0.000022 -0.001417 0.007259
v -0.000210 -0.001532 0.007259
v -0.000366 -0.001662 0.007282
v -0.000375 -0.001640 0.007245
v 0.000553 -0.001092 0.007215
v 0.001104 -0.000974 0.007323
v 0.001005 -0.000879 0.007130
v 0.001817 -0.000622 0.007064
v 0.001786 -0.000593 0.006891
v 0.001457 -0.000695 0.007012
v 0.001050 -0.000858 0.007121
v 0.001050 -0.000859 0.007130
v 0.001086 -0.000841 0.007114
v 0.001381 -0.000724 0.007033
v 0.002586 -0.000447 0.006952
v 0.002536 -0.000415 0.006727
v 0.002004 -0.000526 0.006812
v 0.003345 -0.000325 0.006800
v 0.002930 -0.000339 0.006657
v 0.002830 -0.000354 0.006679
v 0.004005 -0.000183 0.006388
v 0.003867 -0.000201 0.006434
v 0.004088 -0.000234 0.006595
v 0.003735 -0.000218 0.006478
v 0.003283 -0.000286 0.006579
v 0.004346 -0.000138 0.006274
v 0.004981 -0.000039 0.005951
v 0.004858 -0.000060 0.006026
v 0.000429 -0.001448 0.007466
v -0.000285 -0.001818 0.007415
v 0.001939 -0.000921 0.007386
v 0.001176 -0.001150 0.007454
v 0.002706 -0.000751 0.007266
v 0.003469 -0.000632 0.007100
v 0.004976 -0.000455 0.006543
v 0.004231 -0.000542 0.006871
v 0.004896 -0.000272 0.006451
v 0.004167 -0.000358 0.006762
v 0.003410 -0.000447 0.006981
v 0.002646 -0.000567 0.007140
v 0.001874 -0.000739 0.007256
v -0.004355 -0.004975 0.005742
v -0.003847 -0.004539 0.006125
v -0.003328 -0.004051 0.006424
v -0.002730 -0.003668 0.006778
v -0.001580 -0.002694 0.007167
v -0.001656 -0.002555 0.007037
v -0.000954 -0.002237 0.007313
v -0.001670 -0.002523 0.006983
v 0.003569 -0.000206 -0.005984
v 0.004030 -0.000111 -0.005595
v 0.003867 -0.000199 -0.006512
v 0.003449 -0.000229 -0.006073
v 0.002002 -0.000525 -0.006893
v 0.002152 -0.000488 -0.006828
v 0.002535 -0.000413 -0.006807
v 0.002454 -0.000424 -0.006675
v 0.002830 -0.000352 -0.006760
v 0.002759 -0.000359 -0.006520
v 0.002930 -0.000337 -0.006738
v 0.002956 -0.000322 -0.006395
v 0.003280 -0.000284 -0.006661
v 0.003350 -0.000247 -0.006145
v 0.003663 -0.000226 -0.006577
v 0.003436 -0.000231 -0.006082
v 0.004133 -0.000090 -0.005508
v 0.004275 -0.000146 -0.006383
v 0.004001 -0.000182 -0.006470
v 0.004859 -0.000058 -0.006104
v 0.004771 -0.000073 -0.006155
v 0.004682 -0.000086 -0.006196
v 0.005242 0.000138 -0.004938
v 0.005139 -0.000006 -0.005925
v 0.004327 -0.000042 -0.005307
v 0.004981 -0.000037 -0.006032
v 0.005445 0.000258 -0.004163
v 0.006121 0.000576 -0.002323
v 0.006041 0.000538 -0.002542
v 0.005868 0.000457 -0.003020
v 0.006407 0.000732 -0.000913
v 0.006409 0.000733 -0.000897
v 0.006138 0.000584 -0.002266
v 0.006157 0.000594 -0.002202
v 0.006162 0.000597 -0.002184
v 0.006273 0.000656 -0.001714
v 0.006307 0.000674 -0.001571
v 0.006329 0.000686 -0.001477
v 0.006367 0.000708 -0.001203
v 0.006439 0.000751 -0.000526
v 0.006432 0.000747 -0.000681
v 0.006428 0.000744 -0.000762
v 0.006446 0.000755 -0.000374
v 0.006452 0.000760 -0.000231
v 0.006458 0.000763 -0.000100
v 0.006461 0.000765 -0.000040
v 0.006460 0.000765 0.000019
v 0.006460 0.000765 0.000063
v 0.006456 0.000762 0.000145
v 0.006447 0.000756 0.000289
v 0.006438 0.000751 0.000447
v 0.006428 0.000745 0.000614
v 0.006419 0.000739 0.000771
v 0.006416 0.000737 0.000793
v 0.006408 0.000732 0.000848
v 0.006367 0.000708 0.001121
v 0.006314 0.000677 0.001475
v 0.006279 0.000658 0.001634
v 0.006250 0.000642 0.001768
v 0.006137 0.000585 0.002160
v 0.006132 0.000582 0.002176
v 0.006049 0.000540 0.002462
v 0.006048 0.000540 0.002465
v 0.005779 0.000418 0.003141
v 0.005706 0.000389 0.003281
v 0.005688 0.000382 0.003315
v 0.005685 0.000381 0.003322
v 0.005548 0.000327 0.003585
v 0.005446 0.000257 0.004083
v 0.005242 0.000137 0.004857
v 0.004031 -0.000112 0.005513
v 0.004328 -0.000044 0.005228
v 0.004459 -0.000014 0.005103
v 0.004603 0.000025 0.004933
v 0.004935 0.000116 0.004543
v 0.003924 -0.000136 0.005616
v 0.003856 -0.000150 0.005673
v 0.003445 -0.000230 0.005987
v 0.003425 -0.000234 0.006002
v 0.003268 -0.000264 0.006122
v 0.002957 -0.000324 0.006312
v 0.002454 -0.000426 0.006595
v 0.002644 -0.000383 0.006503
v 0.005441 0.000284 0.003792
v 0.005353 0.000252 0.003938
v 0.005081 0.000164 0.004332
v 0.004613 0.000027 -0.005011
v 0.004644 0.000035 -0.004979
v 0.005086 0.000164 -0.004417
v 0.005102 0.000169 -0.004397
v 0.005163 0.000189 -0.004310
v 0.005546 0.000325 -0.003686
v 0.005548 0.000325 -0.003683
v 0.005680 0.000380 -0.003409
v 0.005687 0.000383 -0.003394
v 0.005703 0.000389 -0.003362
v -0.000297 -0.001822 -0.007495
v 0.000417 -0.001451 -0.007546
v 0.001935 -0.000920 -0.007467
v 0.001167 -0.001151 -0.007535
v 0.001095 -0.000975 -0.007404
v -0.003461 -0.004006 -0.006167
v -0.003341 -0.003890 -0.006215
v -0.003353 -0.003958 -0.006371
v -0.002081 -0.002819 -0.006899
v -0.001677 -0.002524 -0.007070
v -0.001663 -0.002558 -0.007117
v 0.001041 -0.000861 -0.007203
v 0.001041 -0.000861 -0.007211
v 0.001008 -0.000874 -0.007212
v 0.004793 -0.000143 -0.006383
v 0.004085 -0.000232 -0.006677
v 0.003343 -0.000324 -0.006882
v 0.002585 -0.000446 -0.007033
v 0.001484 -0.000683 -0.007084
v 0.001782 -0.000592 -0.006974
v 0.001813 -0.000621 -0.007145
v 0.001381 -0.000725 -0.007112
v 0.000339 -0.001285 -0.007414
v 0.000312 -0.001223 -0.007318
v 0.000424 -0.001158 -0.007312
v 0.000978 -0.000886 -0.007220
v -0.000513 -0.001724 -0.007323
v -0.000387 -0.001644 -0.007329
v -0.000377 -0.001666 -0.007362
v -0.000125 -0.001477 -0.007341
v -0.000017 -0.001414 -0.007336
v 0.000248 -0.001260 -0.007322
v -0.001042 -0.002095 -0.007260
v -0.001047 -0.002084 -0.007242
v -0.000916 -0.001996 -0.007262
v -0.001669 -0.002518 -0.007073
v -0.001103 -0.002122 -0.007233
v -0.002413 -0.003070 -0.006731
v -0.002340 -0.003012 -0.006777
v -0.002799 -0.003546 -0.006740
v -0.002208 -0.002911 -0.006846
v -0.002896 -0.003465 -0.006415
v -0.002825 -0.003402 -0.006469
v -0.002828 -0.003449 -0.006588
v -0.002791 -0.003372 -0.006496
v -0.002954 -0.003516 -0.006370
v -0.003986 -0.004509 -0.005893
v -0.003860 -0.004449 -0.006097
v -0.004335 -0.004817 -0.005646
v -0.004354 -0.004890 -0.005740
v -0.004358 -0.004837 -0.005630
v -0.003962 -0.004485 -0.005907
v -0.003846 -0.004375 -0.005969
v -0.003543 -0.004086 -0.006134
v -0.004722 -0.005119 -0.005306
v -0.000963 -0.002242 -0.007392
v -0.001587 -0.002697 -0.007247
v -0.002733 -0.003668 -0.006859
v -0.003275 -0.004165 -0.006612
v -0.003812 -0.004641 -0.006297
v -0.004338 -0.005067 -0.005895
v -0.004355 -0.004974 -0.005824
v -0.003848 -0.004538 -0.006206
v -0.003330 -0.004052 -0.006505
v 0.004895 -0.000270 -0.006532
v 0.004975 -0.000454 -0.006624
v 0.004163 -0.000357 -0.006844
v 0.004228 -0.000540 -0.006953
v 0.003407 -0.000446 -0.007062
v 0.003466 -0.000630 -0.007182
v 0.002645 -0.000565 -0.007221
v 0.002705 -0.000750 -0.007347
v 0.001869 -0.000738 -0.007338
v -0.004370 -0.004641 -0.004873
v -0.004343 -0.004623 -0.004906
v -0.004241 -0.004587 -0.005177
v -0.005175 -0.005084 -0.003622
v -0.005258 -0.005123 -0.003470
v -0.004940 -0.004972 -0.004041
v -0.004777 -0.004886 -0.004296
v -0.005612 -0.005272 -0.002703
v -0.005403 -0.005188 -0.003193
v -0.005350 -0.005166 -0.003303
v -0.005312 -0.005148 -0.003372
v -0.005681 -0.005299 -0.002541
v -0.005857 -0.005364 -0.001991
v -0.005632 -0.005279 -0.002657
v -0.005896 -0.005379 -0.001870
v -0.005922 -0.005388 -0.001748
v -0.006015 -0.005421 -0.001318
v -0.006134 -0.005463 -0.000258
v -0.006084 -0.005445 -0.000883
v -0.006077 -0.005443 -0.000960
v -0.006045 -0.005431 -0.001182
v -0.006102 -0.005452 0.000663
v -0.006137 -0.005464 -0.000041
v -0.006012 -0.005420 0.001236
v -0.006084 -0.005445 0.000828
v -0.006087 -0.005446 0.000800
v -0.005960 -0.005402 0.001532
v -0.005854 -0.005364 0.001908
v -0.005922 -0.005388 0.001666
v -0.005610 -0.005272 0.002620
v -0.005628 -0.005278 0.002576
v -0.005766 -0.005332 0.002219
v -0.005507 -0.005232 0.002887
v -0.005452 -0.005209 0.003008
v -0.005178 -0.005088 0.003541
v -0.005256 -0.005123 0.003388
v -0.005312 -0.005147 0.003280
v -0.004774 -0.004883 0.004216
v -0.005115 -0.005060 0.003663
v -0.004347 -0.004626 0.004815
v -0.004550 -0.004750 0.004535
v -0.004738 -0.004865 0.004274
v -0.003221 -0.003753 0.006051
v -0.003408 -0.003918 0.005884
v -0.003780 -0.004219 0.005495
v -0.003855 -0.004280 0.005417
v -0.004288 -0.004589 0.004897
v -0.004241 -0.004588 0.005095
v -0.004307 -0.004601 0.004871
v -0.004776 -0.004885 -0.004299
v -0.004550 -0.004750 -0.004617
v -0.004307 -0.004598 -0.004950
v -0.003942 -0.004344 -0.005400
v -0.003779 -0.004215 -0.005575
v -0.003553 -0.004036 -0.005818
v -0.003495 -0.003990 -0.005880
v -0.003419 -0.003926 -0.005955
v -0.003221 -0.003751 -0.006132
v -0.004293 -0.005369 -0.004041
v -0.002081 -0.006236 -0.004041
v -0.002214 -0.006227 -0.004041
v 0.002447 -0.005288 -0.004041
v 0.002172 -0.005494 -0.004041
v 0.001702 -0.005695 -0.004041
v 0.004507 -0.003081 -0.004041
v 0.004940 -0.002185 -0.004041
v 0.005000 -0.002061 -0.004041
v 0.004342 -0.003421 -0.004041
v 0.004333 -0.003433 -0.004041
v 0.003710 -0.004190 -0.004041
v 0.003446 -0.004509 -0.004041
v 0.003382 -0.004588 -0.004041
v 0.000243 -0.006178 -0.004041
v 0.000783 -0.006088 -0.004041
v 0.001371 -0.005837 -0.004041
v -0.003213 -0.005904 -0.004041
v -0.003652 -0.005763 -0.004041
v -0.003767 -0.005692 -0.004041
v -0.000707 -0.006337 -0.004041
v -0.000915 -0.006322 -0.004041
v 0.005000 -0.002149 -0.003994
v 0.005000 -0.004290 -0.001399
v 0.005000 -0.004032 -0.002038
v 0.005000 -0.003680 -0.002630
v 0.005000 -0.003242 -0.003161
v 0.005000 -0.002728 -0.003619
v 0.005000 -0.004447 -0.000728
v 0.005000 -0.004500 -0.000041
v 0.004333 -0.005273 -0.000041
v 0.001382 -0.007112 -0.000041
v 0.002457 -0.006656 -0.000041
v 0.003449 -0.006038 -0.000041
v -0.002082 -0.007422 -0.000041
v -0.003221 -0.007164 -0.000041
v -0.004307 -0.006732 -0.000041
v 0.000248 -0.007395 -0.000041
v -0.000916 -0.007500 -0.000041
v 0.004333 -0.005212 0.000764
v 0.006409 -0.000839 0.000767
v 0.006409 -0.000953 0.000630
v 0.006138 -0.001883 0.001284
v 0.006409 -0.000839 -0.000848
v 0.006409 -0.000706 -0.000967
v 0.006138 -0.001395 -0.001871
v 0.006500 0.000000 -0.000040
v 0.006409 0.000477 -0.001103
v 0.006409 0.000309 -0.001164
v 0.006409 0.000633 -0.001018
v 0.000248 -0.001409 0.007220
v 0.005087 -0.000168 0.004338
v 0.006409 0.000476 0.001023
v 0.000248 -0.001407 -0.007301
v 0.003449 -0.004350 -0.004228
v 0.004333 -0.003196 -0.004235
v 0.001382 -0.005124 -0.004973
v 0.002457 -0.004795 -0.004656
v 0.000248 -0.006048 -0.004296
v 0.001382 -0.005816 -0.004133
v -0.002082 -0.006070 -0.004311
v -0.000916 -0.006133 -0.004356
v -0.003221 -0.005859 -0.004162
v -0.004307 -0.004850 -0.004709
v -0.003221 -0.005161 -0.005008
v -0.003221 -0.004342 -0.005738
v -0.002082 -0.004498 -0.005943
v -0.002082 -0.003545 -0.006561
v -0.000916 -0.003582 -0.006629
v -0.000916 -0.002534 -0.007099
v 0.000248 -0.002499 -0.007001
v 0.001382 -0.001353 -0.007022
v 0.002457 -0.001266 -0.006574
v 0.003449 -0.001149 -0.005968
v 0.004333 -0.000201 -0.005310
v 0.003449 -0.000230 -0.006074
v 0.005087 -0.000167 -0.004418
v 0.005694 -0.000129 -0.003420
v 0.006138 0.000264 -0.002327
v 0.006409 0.000134 -0.001198
v 0.006409 0.000633 0.000938
v 0.006409 0.000309 0.001083
v 0.006138 0.000264 0.002246
v 0.005694 -0.000130 0.003340
v 0.003445 -0.000237 0.005986
v 0.004333 -0.000203 0.005229
v 0.003449 -0.001150 0.005887
v 0.002457 -0.001268 0.006493
v 0.001382 -0.001355 0.006941
v 0.000248 -0.002501 0.006919
v -0.000916 -0.002536 0.007017
v -0.002082 -0.003546 0.006479
v -0.003221 -0.004344 0.005656
v -0.004307 -0.004851 0.004627
v -0.004307 -0.005507 0.003832
v -0.005312 -0.005499 0.002682
v -0.005312 -0.005851 0.001810
v -0.006112 -0.005472 0.000379
v -0.005312 -0.006136 -0.000041
v -0.005312 -0.006064 0.000896
v -0.005312 -0.006064 -0.000978
v -0.005312 -0.005850 -0.001893
v -0.005312 -0.005499 -0.002764
v 0.005087 -0.004330 -0.000710
v 0.005694 -0.001615 -0.003012
v 0.006138 -0.001099 -0.002062
v 0.006409 -0.000556 -0.001064
v 0.005694 -0.003031 0.001460
v 0.006138 -0.002063 0.000981
v 0.006409 -0.001044 0.000476
v 0.005087 -0.001480 -0.004164
v 0.005694 -0.001143 -0.003224
v 0.006138 -0.000778 -0.002206
v 0.006409 -0.000394 -0.001137
v 0.006409 -0.000044 -0.001204
v 0.006138 -0.000088 -0.002340
v 0.005087 -0.004177 0.001281
v 0.005694 -0.003225 0.000980
v 0.006138 -0.002194 0.000654
v 0.006409 -0.001111 0.000311
v 0.005694 -0.003382 -0.000041
v 0.005087 -0.004381 -0.000041
v 0.005087 -0.004177 -0.001363
v 0.005694 -0.003343 -0.000557
v 0.006138 -0.002302 -0.000041
v 0.005087 -0.003926 -0.001985
v 0.005694 -0.003225 -0.001061
v 0.006138 -0.002275 -0.000392
v 0.006409 -0.001165 -0.000040
v 0.005087 -0.003583 -0.002561
v 0.005694 -0.003031 -0.001542
v 0.006138 -0.002194 -0.000735
v 0.006409 -0.001151 -0.000218
v 0.006409 -0.001111 -0.000392
v 0.006409 -0.001044 -0.000557
v 0.006138 -0.002062 -0.001062
v 0.006138 -0.001882 -0.001365
v 0.005694 -0.002766 -0.001987
v 0.005694 -0.002437 -0.002386
v 0.005087 -0.003156 -0.003079
v 0.005087 -0.002655 -0.003525
v 0.005087 -0.002092 -0.003889
v 0.005694 -0.002050 -0.002731
v 0.006138 -0.001658 -0.001637
v 0.006409 -0.000953 -0.000711
v 0.005087 -0.004330 0.000628
v 0.005694 -0.003343 0.000476
v 0.006138 -0.002275 0.000311
v 0.006409 -0.001151 0.000137
v 0.006409 -0.000706 0.000886
v 0.004333 -0.001003 -0.005217
v 0.005087 -0.000834 -0.004341
v 0.005694 -0.000644 -0.003361
v 0.006138 -0.000438 -0.002300
v 0.006409 -0.000222 -0.001184
v 0.006138 -0.001659 0.001555
v 0.005694 -0.002767 0.001905
v 0.005087 -0.003926 0.001903
v 0.004333 -0.005028 0.001550
v 0.003449 -0.005967 0.000881
v 0.006409 -0.000557 0.000983
v 0.006138 -0.001396 0.001790
v 0.005694 -0.002437 0.002305
v 0.005087 -0.003584 0.002480
v 0.004333 -0.004726 0.002299
v 0.003449 -0.005757 0.001781
v 0.002457 -0.006578 0.000975
v 0.006409 -0.000394 0.001056
v 0.006138 -0.001100 0.001982
v 0.005694 -0.002051 0.002649
v 0.005087 -0.003157 0.002997
v 0.004333 -0.004314 0.002993
v 0.003449 -0.005411 0.002638
v 0.002457 -0.006346 0.001967
v 0.001382 -0.007029 0.001044
v 0.006409 -0.000222 0.001103
v 0.001382 -0.002403 -0.006734
v 0.002457 -0.002249 -0.006304
v 0.003449 -0.002040 -0.005723
v 0.004333 -0.001782 -0.005004
v 0.006138 -0.000778 0.002126
v 0.005694 -0.001616 0.002931
v 0.005087 -0.002656 0.003444
v 0.004333 -0.003800 0.003616
v 0.003449 -0.004939 0.003433
v 0.002457 -0.005965 0.002912
v 0.001382 -0.006781 0.002105
v 0.000248 -0.007309 0.001088
v 0.006409 -0.000045 0.001124
v 0.000248 -0.003532 -0.006538
v 0.001382 -0.003397 -0.006289
v 0.002457 -0.003179 -0.005888
v 0.003449 -0.002884 -0.005345
v 0.004333 -0.002519 -0.004673
v -0.000916 -0.003584 0.006548
v 0.006138 -0.000439 0.002219
v 0.005694 -0.001144 0.003143
v 0.005087 -0.002093 0.003808
v 0.004333 -0.003197 0.004153
v 0.003449 -0.004351 0.004146
v 0.002457 -0.005444 0.003788
v 0.001382 -0.006374 0.003114
v 0.000248 -0.007051 0.002190
v -0.000916 -0.007412 0.001103
v 0.006409 0.000133 0.001117
v -0.000916 -0.004546 -0.006005
v 0.000248 -0.004482 -0.005922
v 0.001382 -0.004311 -0.005697
v 0.002457 -0.004034 -0.005334
v 0.003449 -0.003660 -0.004843
v -0.002082 -0.004500 0.005861
v 0.006138 -0.000088 0.002260
v 0.005694 -0.000644 0.003280
v 0.005087 -0.001481 0.004083
v 0.004333 -0.002520 0.004592
v 0.003449 -0.003661 0.004761
v 0.002457 -0.004796 0.004574
v 0.001382 -0.005818 0.004050
v 0.000248 -0.006628 0.003240
v -0.000916 -0.007150 0.002221
v -0.002082 -0.007335 0.001092
v -0.002082 -0.005347 -0.005187
v -0.000916 -0.005403 -0.005241
v 0.000248 -0.005328 -0.005169
v -0.003221 -0.005162 0.004926
v 0.005087 -0.000835 0.004261
v 0.004333 -0.001783 0.004922
v 0.003449 -0.002885 0.005264
v 0.002457 -0.004035 0.005252
v 0.001382 -0.005125 0.004891
v 0.000248 -0.006050 0.004214
v -0.000916 -0.006721 0.003286
v -0.002082 -0.007076 0.002198
v -0.003221 -0.007080 0.001052
v 0.001382 -0.002405 0.006653
v 0.000248 -0.003534 0.006456
v -0.000916 -0.004547 0.005923
v -0.002082 -0.005348 0.005105
v -0.003221 -0.005860 0.004080
v -0.004307 -0.006033 0.002946
v -0.004307 -0.006418 0.001990
v -0.003221 -0.006420 0.003137
v -0.002082 -0.006071 0.004229
v -0.000916 -0.005404 0.005159
v 0.000248 -0.004484 0.005841
v 0.001382 -0.003398 0.006207
v 0.002457 -0.002251 0.006223
v 0.004333 -0.001005 0.005137
v 0.003449 -0.002042 0.005642
v 0.002457 -0.003180 0.005806
v 0.001382 -0.004312 0.005615
v 0.000248 -0.005329 0.005087
v -0.000916 -0.006135 0.004273
v -0.002082 -0.006651 0.003252
v -0.003221 -0.006830 0.002120
v -0.004307 -0.006653 0.000986
f 1 2 3
f 3 2 4
f 5 2 6
f 6 2 1
f 3 4 7
f 7 4 8
f 7 8 9
f 9 8 10
f 6 11 5
f 5 11 12
f 9 10 13
f 13 10 14
f 11 15 12
f 12 15 16
f 17 13 18
f 18 13 14
f 15 19 16
f 16 19 20
f 17 18 21
f 21 18 22
f 19 23 20
f 20 23 24
f 21 22 25
f 25 22 26
f 25 26 27
f 27 26 28
f 23 29 24
f 24 29 30
f 27 28 31
f 31 28 32
f 33 30 34
f 34 30 29
f 32 35 31
f 31 35 36
f 37 38 34
f 34 38 33
f 39 36 40
f 40 36 35
f 41 42 43
f 43 42 44
f 43 44 37
f 37 44 38
f 45 39 46
f 46 39 40
f 47 48 41
f 41 48 42
f 49 45 50
f 50 45 46
f 47 51 48
f 48 51 52
f 53 49 54
f 54 49 50
f 55 56 51
f 51 56 52
f 57 53 58
f 58 53 54
f 59 60 61
f 61 60 62
f 61 62 55
f 55 62 56
f 58 63 57
f 57 63 64
f 65 66 59
f 59 66 60
f 64 63 67
f 67 63 68
f 69 66 70
f 70 66 65
f 67 68 71
f 71 68 72
f 71 72 73
f 73 72 74
f 70 75 69
f 69 75 76
f 73 74 77
f 77 74 78
f 75 79 76
f 76 79 80
f 81 77 82
f 82 77 78
f 79 83 80
f 80 83 84
f 81 82 85
f 85 82 86
f 83 87 84
f 84 87 88
f 85 86 89
f 89 86 90
f 89 90 91
f 91 90 92
f 87 93 88
f 88 93 94
f 91 92 95
f 95 92 96
f 97 94 98
f 98 94 93
f 96 99 95
f 95 99 100
f 101 102 98
f 98 102 97
f 103 100 104
f 104 100 99
f 105 106 107
f 107 106 108
f 107 108 101
f 101 108 102
f 109 103 110
f 110 103 104
f 111 112 105
f 105 112 106
f 113 109 114
f 114 109 110
f 111 115 112
f 112 115 116
f 117 113 118
f 118 113 114
f 119 120 115
f 115 120 116
f 121 117 122
f 122 117 118
f 123 124 125
f 125 124 126
f 125 126 119
f 119 126 120
f 122 127 121
f 121 127 128
f 129 130 123
f 123 130 124
f 128 127 131
f 131 127 132
f 133 130 134
f 134 130 129
f 131 132 135
f 135 132 136
f 135 136 137
f 137 136 138
f 134 139 133
f 133 139 140
f 137 138 141
f 141 138 142
f 139 143 140
f 140 143 144
f 145 141 146
f 146 141 142
f 143 147 144
f 144 147 148
f 145 146 149
f 149 146 150
f 147 151 148
f 148 151 152
f 149 150 153
f 153 150 154
f 153 154 155
f 155 154 156
f 151 157 152
f 152 157 158
f 155 156 159
f 159 156 160
f 161 158 162
f 162 158 157
f 160 163 159
f 159 163 164
f 165 166 162
f 162 166 161
f 167 164 168
f 168 164 163
f 169 170 171
f 171 170 172
f 171 172 165
f 165 172 166
f 173 167 174
f 174 167 168
f 175 176 169
f 169 176 170
f 177 173 178
f 178 173 174
f 175 179 176
f 176 179 180
f 181 177 182
f 182 177 178
f 183 184 179
f 179 184 180
f 185 181 186
f 186 181 182
f 187 188 189
f 189 188 190
f 189 190 183
f 183 190 184
f 186 191 185
f 185 191 192
f 193 194 187
f 187 194 188
f 192 191 195
f 195 191 196
f 197 194 198
f 198 194 193
f 195 196 199
f 199 196 200
f 199 200 201
f 201 200 202
f 198 203 197
f 197 203 204
f 201 202 205
f 205 202 206
f 203 207 204
f 204 207 208
f 209 205 210
f 210 205 206
f 207 211 208
f 208 211 212
f 209 210 213
f 213 210 214
f 211 215 212
f 212 215 216
f 213 214 217
f 217 214 218
f 217 218 219
f 219 218 220
f 215 221 216
f 216 221 222
f 219 220 223
f 223 220 224
f 225 222 226
f 226 222 221
f 224 227 223
f 223 227 228
f 229 230 226
f 226 230 225
f 231 228 232
f 232 228 227
f 233 234 235
f 235 234 236
f 235 236 229
f 229 236 230
f 237 231 238
f 238 231 232
f 239 240 233
f 233 240 234
f 241 237 242
f 242 237 238
f 239 243 240
f 240 243 244
f 245 241 246
f 246 241 242
f 247 248 243
f 243 248 244
f 249 245 250
f 250 245 246
f 251 252 253
f 253 252 254
f 253 254 247
f 247 254 248
f 250 255 249
f 249 255 256
f 257 258 251
f 251 258 252
f 256 255 259
f 259 255 260
f 261 258 262
f 262 258 257
f 259 260 263
f 263 260 264
f 263 264 265
f 265 264 266
f 262 267 261
f 261 267 268
f 265 266 269
f 269 266 270
f 267 271 268
f 268 271 272
f 273 269 274
f 274 269 270
f 271 275 272
f 272 275 276
f 273 274 277
f 277 274 278
f 275 279 276
f 276 279 280
f 277 278 281
f 281 278 282
f 281 282 283
f 283 282 284
f 279 285 280
f 280 285 286
f 283 284 287
f 287 284 288
f 289 286 290
f 290 286 285
f 288 291 287
f 287 291 292
f 293 294 290
f 290 294 289
f 295 292 296
f 296 292 291
f 297 298 299
f 299 298 300
f 299 300 293
f 293 300 294
f 301 295 302
f 302 295 296
f 303 304 297
f 297 304 298
f 305 301 306
f 306 301 302
f 303 307 304
f 304 307 308
f 309 305 310
f 310 305 306
f 311 312 307
f 307 312 308
f 313 309 314
f 314 309 310
f 315 316 317
f 317 316 318
f 317 318 311
f 311 318 312
f 314 319 313
f 313 319 320
f 321 322 315
f 315 322 316
f 320 319 323
f 323 319 324
f 325 322 326
f 326 322 321
f 323 324 327
f 327 324 328
f 327 328 329
f 329 328 330
f 326 331 325
f 325 331 332
f 329 330 333
f 333 330 334
f 331 335 332
f 332 335 336
f 337 333 338
f 338 333 334
f 335 339 336
f 336 339 340
f 337 338 341
f 341 338 342
f 339 343 340
f 340 343 344
f 341 342 345
f 345 342 346
f 345 346 347
f 347 346 348
f 343 349 344
f 344 349 350
f 347 348 351
f 351 348 352
f 353 350 354
f 354 350 349
f 352 355 351
f 351 355 356
f 357 358 354
f 354 358 353
f 359 356 360
f 360 356 355
f 361 362 363
f 363 362 364
f 363 364 357
f 357 364 358
f 365 359 366
f 366 359 360
f 367 368 361
f 361 368 362
f 369 365 370
f 370 365 366
f 367 371 368
f 368 371 372
f 373 369 374
f 374 369 370
f 375 376 371
f 371 376 372
f 377 373 378
f 378 373 374
f 379 380 381
f 381 380 382
f 381 382 375
f 375 382 376
f 378 383 377
f 377 383 384
f 385 386 379
f 379 386 380
f 384 383 387
f 387 383 388
f 389 386 390
f 390 386 385
f 387 388 391
f 391 388 392
f 391 392 393
f 393 392 394
f 390 395 389
f 389 395 396
f 393 394 397
f 397 394 398
f 395 399 396
f 396 399 400
f 401 397 402
f 402 397 398
f 399 403 400
f 400 403 404
f 401 402 405
f 405 402 406
f 403 407 404
f 404 407 408
f 405 406 409
f 409 406 410
f 409 410 411
f 411 410 412
f 407 413 408
f 408 413 414
f 411 412 415
f 415 412 416
f 417 414 418
f 418 414 413
f 416 419 415
f 415 419 420
f 421 422 418
f 418 422 417
f 423 420 424
f 424 420 419
f 425 426 427
f 427 426 428
f 427 428 421
f 421 428 422
f 429 423 430
f 430 423 424
f 431 432 425
f 425 432 426
f 433 429 434
f 434 429 430
f 431 435 432
f 432 435 436
f 437 438 434
f 434 438 433
f 435 439 436
f 436 439 440
f 439 441 440
f 440 441 442
f 443 444 445
f 443 445 446
f 446 445 447
f 446 447 448
f 448 447 449
f 448 449 450
f 450 449 451
f 450 451 452
f 452 451 453
f 452 453 454
f 454 453 455
f 454 455 456
f 456 455 457
f 456 457 458
f 458 457 459
f 458 459 460
f 460 459 461
f 460 461 462
f 462 461 463
f 462 463 464
f 464 463 465
f 464 465 466
f 466 465 442
f 466 442 441
f 443 438 444
f 444 438 437
f 467 468 469
f 469 468 470
f 469 470 471
f 471 470 472
f 471 472 473
f 473 472 474
f 473 474 475
f 475 474 476
f 475 476 477
f 477 476 478
f 477 478 479
f 479 478 480
f 479 480 481
f 481 480 482
f 481 482 483
f 483 482 484
f 483 484 485
f 485 484 486
f 485 486 487
f 487 486 488
f 487 488 489
f 489 488 490
f 489 490 467
f 467 490 468
f 491 486 484
f 55 490 61
f 61 490 59
f 17 21 468
f 492 478 433
f 433 478 476
f 433 476 474
f 493 492 446
f 446 492 443
f 443 492 433
f 443 433 438
f 7 9 37
f 492 494 478
f 478 494 495
f 478 495 480
f 480 495 491
f 480 491 482
f 482 491 484
f 273 277 472
f 454 496 497
f 25 27 53
f 53 27 31
f 199 201 470
f 441 498 466
f 466 498 499
f 454 456 496
f 496 456 458
f 496 458 500
f 446 448 493
f 493 448 450
f 493 450 497
f 497 450 452
f 497 452 454
f 37 9 43
f 490 119 115
f 490 107 59
f 59 107 101
f 59 101 65
f 65 101 98
f 65 98 70
f 381 375 488
f 327 329 472
f 472 329 333
f 145 149 470
f 458 460 500
f 500 460 462
f 500 462 499
f 499 462 464
f 499 464 466
f 55 51 490
f 490 51 47
f 490 47 41
f 115 111 490
f 490 111 105
f 490 105 107
f 387 391 341
f 341 391 472
f 341 472 337
f 337 472 333
f 391 393 472
f 472 393 397
f 472 397 474
f 474 397 401
f 474 401 405
f 415 433 411
f 411 433 474
f 411 474 409
f 409 474 405
f 287 305 283
f 283 305 472
f 283 472 281
f 281 472 277
f 64 67 468
f 468 67 71
f 85 131 135
f 145 470 141
f 17 468 13
f 13 468 490
f 13 490 9
f 9 490 41
f 9 41 43
f 45 49 39
f 39 49 53
f 39 53 36
f 36 53 31
f 119 490 125
f 125 490 169
f 125 169 123
f 375 371 488
f 488 371 367
f 488 367 361
f 247 243 488
f 488 243 239
f 488 239 233
f 233 183 488
f 488 183 179
f 488 179 490
f 490 179 175
f 490 175 169
f 309 313 305
f 305 313 320
f 305 320 472
f 472 320 323
f 472 323 327
f 341 345 387
f 387 345 347
f 387 347 384
f 384 347 351
f 384 351 377
f 415 420 433
f 433 420 423
f 433 423 429
f 181 185 177
f 177 185 192
f 177 192 470
f 470 192 195
f 470 195 199
f 287 292 305
f 305 292 295
f 305 295 301
f 21 25 468
f 468 25 53
f 468 53 64
f 64 53 57
f 71 73 468
f 468 73 77
f 468 77 470
f 470 77 81
f 470 81 85
f 85 135 470
f 470 135 137
f 470 137 141
f 98 93 70
f 70 93 87
f 70 87 75
f 75 87 83
f 75 83 79
f 379 381 425
f 425 381 488
f 425 488 431
f 431 488 486
f 431 486 435
f 435 486 491
f 435 491 439
f 439 491 501
f 439 501 441
f 441 501 502
f 441 502 498
f 311 307 488
f 488 307 303
f 303 297 488
f 488 297 299
f 488 299 247
f 247 299 293
f 247 293 253
f 253 293 251
f 233 235 183
f 183 235 229
f 183 229 189
f 189 229 187
f 201 205 470
f 470 205 209
f 470 209 213
f 273 472 269
f 269 472 470
f 269 470 265
f 85 89 131
f 131 89 91
f 131 91 128
f 128 91 95
f 128 95 121
f 159 177 155
f 155 177 470
f 155 470 153
f 153 470 149
f 425 427 379
f 379 427 421
f 379 421 385
f 385 421 418
f 385 418 390
f 311 488 317
f 317 488 361
f 317 361 315
f 251 293 257
f 257 293 290
f 257 290 262
f 187 229 193
f 193 229 226
f 193 226 198
f 265 470 263
f 263 470 213
f 263 213 259
f 159 164 177
f 177 164 167
f 177 167 173
f 361 363 315
f 315 363 357
f 315 357 321
f 321 357 354
f 321 354 326
f 351 356 377
f 377 356 359
f 377 359 373
f 373 359 365
f 373 365 369
f 213 217 259
f 259 217 219
f 259 219 256
f 256 219 223
f 256 223 249
f 95 100 121
f 121 100 103
f 121 103 117
f 117 103 109
f 117 109 113
f 19 15 23
f 23 15 11
f 23 11 29
f 29 11 6
f 29 6 34
f 34 6 1
f 34 1 37
f 37 1 3
f 37 3 7
f 147 143 151
f 151 143 139
f 151 139 157
f 157 139 134
f 157 134 162
f 162 134 129
f 162 129 165
f 165 129 123
f 165 123 171
f 171 123 169
f 418 413 390
f 390 413 407
f 390 407 395
f 395 407 403
f 395 403 399
f 290 285 262
f 262 285 279
f 262 279 267
f 267 279 275
f 267 275 271
f 226 221 198
f 198 221 215
f 198 215 203
f 203 215 211
f 203 211 207
f 354 349 326
f 326 349 343
f 326 343 331
f 331 343 339
f 331 339 335
f 223 228 249
f 249 228 231
f 249 231 245
f 245 231 237
f 245 237 241
f 471 434 469
f 469 434 467
f 444 503 445
f 445 503 504
f 445 504 447
f 447 504 449
f 449 504 505
f 449 505 451
f 410 406 467
f 475 477 444
f 451 505 453
f 453 505 506
f 453 506 455
f 455 506 457
f 457 506 507
f 457 507 459
f 459 507 461
f 461 507 508
f 461 508 463
f 225 230 188
f 26 22 467
f 33 38 4
f 97 102 60
f 60 102 489
f 60 489 62
f 62 489 56
f 154 150 196
f 509 479 510
f 510 479 481
f 471 473 434
f 434 473 475
f 434 475 437
f 437 475 444
f 426 432 487
f 487 432 436
f 487 436 485
f 4 38 8
f 410 467 412
f 412 467 434
f 412 434 416
f 196 150 200
f 463 508 465
f 465 508 510
f 465 510 442
f 442 510 440
f 440 510 481
f 440 481 436
f 436 481 483
f 436 483 485
f 509 511 479
f 479 511 512
f 479 512 477
f 477 512 513
f 477 513 444
f 444 513 514
f 444 514 503
f 102 108 489
f 489 108 106
f 489 106 112
f 489 170 176
f 230 236 489
f 489 236 234
f 489 234 487
f 487 234 240
f 240 244 487
f 487 244 248
f 487 248 298
f 298 304 487
f 487 304 308
f 487 308 312
f 362 368 487
f 487 368 372
f 487 372 376
f 22 18 467
f 467 18 14
f 467 14 10
f 8 38 10
f 10 38 44
f 10 44 467
f 44 42 467
f 467 42 48
f 467 48 489
f 489 48 52
f 489 52 56
f 430 424 434
f 434 424 419
f 434 419 416
f 142 138 467
f 112 116 489
f 489 116 120
f 489 120 170
f 161 166 124
f 176 180 489
f 489 180 184
f 489 184 230
f 230 184 190
f 230 190 188
f 248 254 298
f 298 254 252
f 298 252 300
f 300 252 294
f 312 318 358
f 358 318 316
f 358 316 353
f 312 358 487
f 487 358 364
f 487 364 362
f 376 422 487
f 487 422 428
f 487 428 426
f 26 467 28
f 28 467 50
f 28 50 32
f 406 402 467
f 467 402 398
f 467 398 394
f 467 214 210
f 467 86 82
f 60 66 97
f 97 66 69
f 97 69 94
f 94 69 76
f 94 76 88
f 88 76 80
f 88 80 84
f 120 126 170
f 170 126 124
f 170 124 172
f 172 124 166
f 294 252 289
f 289 252 258
f 289 258 286
f 376 382 422
f 422 382 380
f 422 380 417
f 417 380 386
f 417 386 389
f 46 40 50
f 50 40 35
f 50 35 32
f 342 338 467
f 467 338 334
f 467 334 330
f 278 274 467
f 467 274 270
f 467 270 266
f 210 206 467
f 467 206 202
f 467 202 200
f 200 150 467
f 467 150 146
f 467 146 142
f 82 78 467
f 467 78 74
f 467 74 72
f 342 467 346
f 346 467 394
f 346 394 348
f 278 467 282
f 282 467 330
f 282 330 284
f 214 467 218
f 218 467 266
f 218 266 220
f 96 92 132
f 86 467 90
f 90 467 138
f 90 138 92
f 92 138 136
f 92 136 132
f 72 68 467
f 467 68 63
f 467 63 50
f 50 63 58
f 50 58 54
f 188 194 225
f 225 194 197
f 225 197 222
f 222 197 204
f 222 204 216
f 216 204 208
f 216 208 212
f 4 2 33
f 33 2 5
f 33 5 30
f 30 5 12
f 30 12 24
f 24 12 16
f 24 16 20
f 394 392 348
f 348 392 388
f 348 388 352
f 352 388 383
f 352 383 378
f 330 328 284
f 284 328 324
f 284 324 288
f 288 324 319
f 288 319 314
f 266 264 220
f 220 264 260
f 220 260 224
f 224 260 255
f 224 255 250
f 258 261 286
f 286 261 268
f 286 268 280
f 280 268 272
f 280 272 276
f 316 322 353
f 353 322 325
f 353 325 350
f 350 325 332
f 350 332 344
f 344 332 336
f 344 336 340
f 124 130 161
f 161 130 133
f 161 133 158
f 158 133 140
f 158 140 152
f 152 140 144
f 152 144 148
f 400 404 396
f 396 404 408
f 396 408 389
f 389 408 414
f 389 414 417
f 178 174 182
f 182 174 168
f 182 168 186
f 186 168 163
f 186 163 191
f 191 163 160
f 191 160 196
f 196 160 156
f 196 156 154
f 132 127 96
f 96 127 122
f 96 122 99
f 99 122 118
f 99 118 104
f 104 118 114
f 104 114 110
f 370 366 374
f 374 366 360
f 374 360 378
f 378 360 355
f 378 355 352
f 306 302 310
f 310 302 296
f 310 296 314
f 314 296 291
f 314 291 288
f 242 238 246
f 246 238 232
f 246 232 250
f 250 232 227
f 250 227 224
f 503 492 504
f 504 492 493
f 504 493 505
f 505 493 497
f 505 497 506
f 506 497 496
f 506 496 507
f 507 496 500
f 507 500 508
f 508 500 499
f 508 499 510
f 510 499 498
f 510 498 509
f 509 498 502
f 509 502 511
f 511 502 501
f 511 501 512
f 512 501 491
f 512 491 513
f 513 491 495
f 513 495 514
f 514 495 494
f 514 494 503
f 503 494 492
f 515 516 517
f 518 519 517
f 520 521 522
f 522 521 523
f 524 525 526
f 526 525 527
f 526 527 521
f 521 527 528
f 521 528 523
f 529 530 531
f 531 530 517
f 531 517 532
f 532 517 519
f 520 533 534
f 520 534 521
f 521 534 535
f 521 535 526
f 526 535 536
f 526 536 537
f 537 538 526
f 526 538 530
f 526 530 524
f 524 530 529
f 538 539 530
f 530 539 540
f 530 540 517
f 517 540 541
f 517 541 515
f 516 542 517
f 517 542 543
f 517 543 518
f 518 543 544
f 545 546 547
f 548 549 550
f 531 532 551
f 551 532 519
f 551 519 552
f 552 519 518
f 552 518 544
f 525 524 553
f 553 524 529
f 554 555 556
f 556 555 557
f 558 522 557
f 557 522 523
f 557 523 556
f 556 523 528
f 556 528 527
f 554 556 559
f 559 556 560
f 559 560 561
f 562 563 564
f 562 564 560
f 560 564 565
f 560 565 561
f 566 567 562
f 562 567 568
f 562 568 563
f 569 570 566
f 570 571 566
f 566 571 572
f 566 572 567
f 573 574 575
f 575 574 569
f 575 569 576
f 576 569 566
f 577 578 579
f 577 579 575
f 575 579 580
f 575 580 573
f 581 582 583
f 583 582 584
f 583 584 577
f 577 584 585
f 577 585 578
f 586 587 583
f 583 587 588
f 583 588 581
f 589 590 591
f 591 590 592
f 591 592 586
f 586 592 593
f 586 593 587
f 589 591 594
f 594 591 595
f 594 595 596
f 597 598 599
f 599 598 600
f 599 600 595
f 595 600 601
f 595 601 596
f 602 603 604
f 605 606 604
f 604 606 607
f 604 607 599
f 599 607 608
f 599 608 597
f 605 604 609
f 609 604 603
f 609 603 610
f 611 612 604
f 612 613 604
f 604 613 614
f 604 614 602
f 615 616 617
f 617 616 618
f 619 620 550
f 550 620 621
f 550 621 548
f 622 623 624
f 622 624 625
f 625 624 626
f 625 626 627
f 628 629 630
f 630 629 631
f 630 631 622
f 622 631 632
f 622 632 623
f 633 634 635
f 635 634 636
f 635 636 637
f 638 639 640
f 640 639 641
f 640 641 550
f 550 641 642
f 550 642 619
f 633 643 634
f 634 643 644
f 634 644 640
f 640 644 645
f 640 645 638
f 627 646 625
f 625 646 647
f 625 647 636
f 636 647 648
f 636 648 637
f 547 546 649
f 552 650 551
f 551 650 651
f 551 651 547
f 547 651 652
f 547 652 545
f 653 654 655
f 655 654 656
f 655 656 657
f 657 656 658
f 657 658 659
f 659 660 657
f 657 660 661
f 657 661 662
f 662 661 663
f 662 663 664
f 546 665 649
f 649 665 666
f 649 666 655
f 655 666 667
f 655 667 653
f 549 615 550
f 550 615 617
f 550 617 640
f 640 617 668
f 640 668 634
f 634 668 669
f 634 669 636
f 636 669 670
f 636 670 625
f 625 670 671
f 625 671 622
f 622 671 672
f 622 672 630
f 630 672 673
f 630 673 662
f 662 673 674
f 662 674 657
f 657 674 675
f 657 675 655
f 655 675 676
f 655 676 649
f 649 676 677
f 649 677 547
f 547 677 678
f 547 678 551
f 551 678 553
f 551 553 531
f 531 553 529
f 664 679 662
f 662 679 680
f 662 680 630
f 630 680 681
f 630 681 628
f 618 611 617
f 617 611 604
f 617 604 668
f 668 604 599
f 668 599 669
f 669 599 595
f 669 595 670
f 670 595 591
f 670 591 671
f 671 591 586
f 671 586 672
f 672 586 583
f 672 583 673
f 673 583 577
f 673 577 674
f 674 577 575
f 674 575 675
f 675 575 576
f 675 576 676
f 676 576 566
f 676 566 677
f 677 566 562
f 677 562 678
f 678 562 560
f 678 560 553
f 553 560 556
f 553 556 525
f 525 556 527
f 682 683 684
f 613 612 685
f 549 548 686
f 686 548 687
f 687 548 621
f 687 621 620
f 612 611 688
f 611 618 688
f 688 618 616
f 688 616 686
f 686 616 615
f 686 615 549
f 613 685 614
f 614 685 684
f 614 684 602
f 602 684 683
f 602 683 603
f 689 690 685
f 685 690 691
f 685 691 684
f 684 691 692
f 684 692 682
f 612 688 685
f 685 688 693
f 685 693 689
f 694 695 686
f 686 695 696
f 686 696 688
f 688 696 697
f 688 697 693
f 694 686 698
f 698 686 687
f 698 687 699
f 700 701 702
f 703 704 705
f 706 707 708
f 709 710 711
f 712 713 714
f 715 716 717
f 718 719 720
f 721 722 723
f 724 725 726
f 727 728 729
f 730 731 732
f 733 730 734
f 734 730 732
f 734 732 735
f 736 737 738
f 738 737 739
f 738 739 740
f 740 739 741
f 742 743 744
f 744 743 745
f 744 745 746
f 747 748 749
f 749 748 750
f 749 750 751
f 751 750 752
f 752 750 753
f 752 753 754
f 755 756 757
f 757 756 758
f 757 758 753
f 753 758 759
f 753 759 754
f 725 760 726
f 726 760 761
f 726 761 762
f 712 714 763
f 764 765 766
f 766 765 767
f 766 767 768
f 769 770 771
f 771 770 772
f 771 772 773
f 774 775 776
f 775 774 777
f 777 774 778
f 777 778 779
f 779 778 780
f 780 778 711
f 780 711 781
f 781 711 782
f 782 711 710
f 782 710 783
f 716 784 717
f 717 784 785
f 717 785 786
f 786 785 787
f 786 787 788
f 788 787 789
f 788 789 738
f 738 789 790
f 738 790 736
f 736 790 729
f 736 729 791
f 791 729 728
f 713 715 714
f 714 715 717
f 714 717 792
f 792 717 786
f 792 786 793
f 793 786 788
f 793 788 794
f 794 788 738
f 794 738 732
f 732 738 740
f 732 740 735
f 735 740 741
f 784 718 785
f 785 718 720
f 785 720 787
f 787 720 795
f 787 795 789
f 789 795 796
f 789 796 790
f 790 796 797
f 790 797 729
f 729 797 742
f 729 742 727
f 727 742 744
f 707 709 708
f 708 709 711
f 708 711 798
f 798 711 778
f 798 778 769
f 769 778 774
f 769 774 770
f 770 774 776
f 799 706 800
f 800 706 708
f 800 708 801
f 801 708 798
f 801 798 802
f 802 798 769
f 802 769 767
f 767 769 771
f 767 771 768
f 768 771 773
f 764 763 765
f 765 763 714
f 765 714 767
f 767 714 792
f 767 792 802
f 802 792 793
f 802 793 801
f 801 793 794
f 801 794 800
f 800 794 732
f 800 732 799
f 799 732 731
f 719 721 720
f 720 721 723
f 720 723 795
f 795 723 803
f 795 803 796
f 796 803 804
f 796 804 797
f 797 804 805
f 797 805 742
f 742 805 705
f 742 705 743
f 743 705 704
f 701 703 702
f 702 703 705
f 702 705 806
f 806 705 805
f 806 805 762
f 762 805 804
f 762 804 726
f 726 804 803
f 726 803 724
f 724 803 723
f 724 723 807
f 807 723 722
f 748 700 750
f 750 700 702
f 750 702 753
f 753 702 806
f 753 806 757
f 757 806 762
f 757 762 755
f 755 762 761
f 808 809 810
f 810 809 811
f 810 811 812
f 813 814 811
f 811 814 815
f 811 815 812
f 816 817 818
f 818 817 819
f 818 819 813
f 813 819 820
f 813 820 814
f 816 818 821
f 821 818 822
f 821 822 823
f 823 822 824
f 824 822 783
f 824 783 825
f 826 827 828
f 829 747 830
f 830 747 828
f 830 828 831
f 831 828 827
f 832 833 834
f 834 833 835
f 834 835 828
f 828 835 836
f 828 836 826
f 832 834 837
f 837 834 838
f 837 838 839
f 840 841 842
f 842 841 843
f 842 843 838
f 838 843 844
f 838 844 839
f 840 842 845
f 845 842 846
f 845 846 847
f 751 752 848
f 754 759 849
f 761 760 850
f 722 721 851
f 719 718 852
f 713 712 853
f 768 773 854
f 779 780 855
f 781 782 856
f 857 858 859
f 859 858 860
f 859 860 861
f 861 860 862
f 861 862 863
f 864 857 865
f 865 857 859
f 865 859 866
f 866 859 861
f 866 861 867
f 867 861 863
f 867 863 855
f 868 869 870
f 809 871 811
f 811 871 872
f 811 872 813
f 813 872 873
f 813 873 818
f 818 873 874
f 818 874 822
f 822 874 856
f 822 856 783
f 783 856 782
f 780 781 855
f 855 781 856
f 855 856 867
f 867 856 874
f 867 874 866
f 866 874 873
f 866 873 865
f 865 873 872
f 865 872 864
f 864 872 871
f 862 868 863
f 863 868 870
f 863 870 855
f 855 870 777
f 855 777 779
f 772 770 869
f 869 770 776
f 869 776 870
f 870 776 775
f 870 775 777
f 858 875 860
f 860 875 876
f 860 876 862
f 862 876 877
f 862 877 868
f 868 877 878
f 868 878 869
f 869 878 854
f 869 854 772
f 772 854 773
f 763 764 879
f 879 764 766
f 875 880 876
f 876 880 881
f 876 881 877
f 877 881 882
f 877 882 878
f 878 882 883
f 878 883 854
f 854 883 879
f 854 879 768
f 768 879 766
f 712 763 853
f 853 763 879
f 853 879 884
f 884 879 883
f 884 883 885
f 885 883 882
f 885 882 886
f 886 882 881
f 886 881 887
f 887 881 880
f 887 888 886
f 886 888 889
f 886 889 885
f 885 889 890
f 885 890 884
f 884 890 891
f 884 891 853
f 853 891 892
f 853 892 713
f 784 716 892
f 892 716 715
f 892 715 713
f 718 784 852
f 852 784 892
f 852 892 893
f 893 892 891
f 893 891 894
f 894 891 890
f 894 890 895
f 895 890 889
f 895 889 896
f 896 889 888
f 721 719 851
f 851 719 852
f 851 852 897
f 897 852 893
f 897 893 898
f 898 893 894
f 898 894 899
f 899 894 895
f 899 895 900
f 900 895 896
f 900 901 899
f 899 901 902
f 899 902 898
f 898 902 903
f 898 903 897
f 897 903 904
f 897 904 851
f 851 904 905
f 851 905 722
f 725 724 905
f 905 724 807
f 905 807 722
f 901 906 902
f 902 906 907
f 902 907 903
f 903 907 908
f 903 908 904
f 904 908 909
f 904 909 905
f 905 909 850
f 905 850 725
f 725 850 760
f 758 756 910
f 910 756 755
f 755 761 910
f 910 761 850
f 910 850 911
f 911 850 909
f 911 909 912
f 912 909 908
f 912 908 913
f 913 908 907
f 913 907 914
f 914 907 906
f 759 758 849
f 849 758 910
f 849 910 915
f 915 910 911
f 915 911 916
f 916 911 912
f 916 912 917
f 917 912 913
f 917 913 918
f 918 913 914
f 752 754 848
f 848 754 849
f 848 849 919
f 919 849 915
f 919 915 920
f 920 915 916
f 920 916 921
f 921 916 917
f 921 917 922
f 922 917 918
f 749 751 923
f 923 751 848
f 923 848 924
f 924 848 919
f 924 919 925
f 925 919 920
f 925 920 926
f 926 920 921
f 926 921 927
f 927 921 922
f 927 846 926
f 926 846 842
f 926 842 925
f 925 842 838
f 925 838 924
f 924 838 834
f 924 834 923
f 923 834 828
f 923 828 749
f 749 828 747
f 928 929 733
f 930 931 929
f 929 931 932
f 929 932 733
f 933 934 930
f 930 934 935
f 930 935 931
f 936 937 938
f 938 937 939
f 938 939 933
f 933 939 940
f 933 940 934
f 936 938 941
f 941 938 942
f 941 942 943
f 944 945 942
f 942 945 946
f 942 946 943
f 947 746 944
f 944 746 948
f 944 948 945
f 949 728 950
f 950 728 727
f 950 727 947
f 947 727 744
f 947 744 746
f 951 736 949
f 949 736 791
f 949 791 728
f 952 739 951
f 951 739 737
f 951 737 736
f 733 734 928
f 928 734 735
f 928 735 952
f 952 735 741
f 952 741 739
f 953 954 955
f 956 957 958
f 959 960 961
f 962 963 964
f 965 966 967
f 965 967 964
f 964 967 968
f 964 968 962
f 969 970 971
f 971 970 972
f 971 972 965
f 965 972 973
f 965 973 966
f 974 975 976
f 974 976 971
f 971 976 977
f 971 977 969
f 978 979 980
f 980 979 981
f 980 981 974
f 974 981 982
f 974 982 975
f 983 984 985
f 985 984 986
f 985 986 980
f 980 986 987
f 980 987 978
f 988 989 985
f 985 989 990
f 985 990 983
f 991 992 993
f 993 992 994
f 993 994 988
f 988 994 995
f 988 995 989
f 996 997 998
f 998 997 999
f 998 999 993
f 993 999 1000
f 993 1000 991
f 1001 1002 1003
f 1001 1003 998
f 998 1003 1004
f 998 1004 996
f 1005 1006 1007
f 1007 1006 1008
f 1007 1008 1001
f 1001 1008 1009
f 1001 1009 1002
f 1010 1011 1012
f 1012 1011 1007
f 1007 1011 1013
f 1007 1013 1005
f 1014 1015 1016
f 1016 1015 1017
f 1016 1017 1018
f 1016 1018 1012
f 1012 1018 1019
f 1012 1019 1010
f 1020 1021 1022
f 1023 1024 1025
f 1025 1024 1026
f 1025 1026 1027
f 1022 1028 1020
f 1020 1028 1029
f 1020 1029 1023
f 1023 1029 1030
f 1023 1030 1024
f 961 960 1031
f 959 961 1032
f 1032 961 1033
f 1032 1033 1034
f 1027 1035 1025
f 1025 1035 1036
f 1025 1036 1033
f 1033 1036 1037
f 1033 1037 1034
f 1038 1039 1040
f 1040 1039 1041
f 1042 955 1043
f 1043 955 954
f 1043 954 1044
f 1045 1046 1047
f 1047 1046 955
f 1047 955 1048
f 1048 955 1042
f 1049 1050 1051
f 1051 1050 1052
f 1053 1054 1055
f 1053 1055 1056
f 1052 1057 1051
f 1051 1057 1058
f 1051 1058 1053
f 1053 1058 1059
f 1053 1059 1054
f 1045 1060 1046
f 1046 1060 1061
f 1046 1061 1049
f 1049 1061 1062
f 1049 1062 1050
f 1031 958 961
f 961 958 1063
f 961 1063 1033
f 1033 1063 1064
f 1033 1064 1025
f 1025 1064 1065
f 1025 1065 1023
f 1023 1065 1066
f 1023 1066 1020
f 1020 1066 1067
f 1020 1067 1021
f 1021 1067 1068
f 1021 1068 1056
f 1056 1068 1069
f 1056 1069 1053
f 1053 1069 1070
f 1053 1070 1051
f 1051 1070 1071
f 1051 1071 1049
f 1049 1071 1072
f 1049 1072 1046
f 1046 1072 1073
f 1046 1073 955
f 955 1073 1040
f 955 1040 953
f 953 1040 1041
f 963 1074 964
f 964 1074 1075
f 964 1075 1076
f 960 1077 1031
f 1031 1077 1078
f 1031 1078 1079
f 956 958 1080
f 1080 958 1031
f 1080 1031 1081
f 1081 1031 1079
f 1081 1079 1082
f 1083 1014 1084
f 1084 1014 1016
f 1084 1016 1085
f 1085 1016 1086
f 1055 1087 1056
f 1056 1087 1088
f 1056 1088 1021
f 1021 1088 1089
f 1021 1089 1022
f 957 1086 958
f 958 1086 1016
f 958 1016 1063
f 1063 1016 1012
f 1063 1012 1064
f 1064 1012 1007
f 1064 1007 1065
f 1065 1007 1001
f 1065 1001 1066
f 1066 1001 998
f 1066 998 1067
f 1067 998 993
f 1067 993 1068
f 1068 993 988
f 1068 988 1069
f 1069 988 985
f 1069 985 1070
f 1070 985 980
f 1070 980 1071
f 1071 980 974
f 1071 974 1072
f 1072 974 971
f 1072 971 1073
f 1073 971 965
f 1073 965 1040
f 1040 965 964
f 1040 964 1038
f 1038 964 1076
f 1090 1091 1092
f 1093 1094 1095
f 1095 1094 1096
f 1095 1096 1097
f 1093 1098 1094
f 1094 1098 1099
f 1094 1099 1100
f 1100 1099 1101
f 1100 1101 1102
f 1082 1096 1081
f 1081 1096 1094
f 1081 1094 1080
f 1080 1094 956
f 1084 1085 1100
f 1100 1085 1086
f 1100 1086 1094
f 1094 1086 957
f 1094 957 956
f 1083 1084 1092
f 1092 1084 1100
f 1092 1100 1090
f 1090 1100 1102
f 1103 1104 1105
f 1106 1107 1108
f 1108 1107 1109
f 1110 1109 1111
f 1112 1113 1114
f 1114 1113 1115
f 1116 1117 1118
f 1118 1117 1119
f 1118 1119 1120
f 1116 1121 1117
f 1117 1121 1122
f 1117 1122 1112
f 1112 1122 1123
f 1112 1123 1113
f 1124 1125 1126
f 1126 1125 1127
f 1126 1127 1128
f 1128 1127 1129
f 1130 1131 1132
f 1132 1131 1133
f 1132 1133 1134
f 1130 1135 1131
f 1131 1135 1136
f 1131 1136 1127
f 1127 1136 1137
f 1127 1137 1129
f 1124 1138 1125
f 1125 1138 1139
f 1125 1139 1119
f 1119 1139 1140
f 1119 1140 1120
f 1141 1142 1133
f 1133 1142 1134
f 696 695 1133
f 1133 695 694
f 1133 694 1141
f 1141 694 698
f 1141 698 699
f 1143 1144 1145
f 1145 1144 1146
f 1147 1148 1149
f 1149 1148 1150
f 1143 1151 1144
f 1144 1151 1152
f 1144 1152 1147
f 1147 1152 1153
f 1147 1153 1148
f 1154 1155 1156
f 1154 1156 1157
f 1158 1159 1160
f 1158 1160 1161
f 1156 1162 1157
f 1157 1162 1163
f 1157 1163 1158
f 1158 1163 1164
f 1158 1164 1159
f 691 690 1161
f 1161 690 1165
f 1161 1165 1158
f 1158 1165 1166
f 1158 1166 1157
f 1157 1166 1167
f 1157 1167 1154
f 1154 1167 1168
f 1154 1168 1149
f 1149 1168 1169
f 1149 1169 1147
f 1147 1169 1170
f 1147 1170 1144
f 1144 1170 1171
f 1144 1171 1146
f 1146 1171 1172
f 1146 1172 1173
f 1150 1174 1149
f 1149 1174 1175
f 1149 1175 1154
f 1154 1175 1176
f 1154 1176 1155
f 1101 1099 1177
f 1177 1099 1098
f 1098 1093 1177
f 1177 1093 1178
f 1177 1178 1179
f 1179 1178 1180
f 1179 1180 1181
f 1093 1095 1178
f 1178 1095 1097
f 1178 1097 1182
f 1183 1184 1180
f 1180 1184 1106
f 1180 1106 1181
f 1181 1106 1108
f 1182 1185 1178
f 1178 1185 1186
f 1178 1186 1180
f 1180 1186 1187
f 1180 1187 1183
f 1107 1188 1189
f 1109 1107 1111
f 1111 1107 1189
f 1111 1189 1190
f 1184 1191 1106
f 1106 1191 1192
f 1106 1192 1107
f 1107 1192 1193
f 1107 1193 1188
f 1194 1195 1196
f 1194 1196 1197
f 1197 1196 1198
f 1197 1198 1199
f 1199 1200 1197
f 1197 1200 1201
f 1197 1201 1202
f 1202 1201 1203
f 1202 1203 1204
f 1102 1202 1090
f 1090 1202 1204
f 1090 1204 1091
f 1205 1206 1194
f 1194 1206 1207
f 1194 1207 1195
f 1105 1104 1208
f 1208 1104 1209
f 1208 1209 1210
f 1210 1211 1208
f 1208 1211 1212
f 1208 1212 1205
f 1205 1212 1213
f 1205 1213 1206
f 1115 1214 1114
f 1114 1214 1215
f 1114 1215 1105
f 1105 1215 1216
f 1105 1216 1103
f 1160 1217 1161
f 1161 1217 1218
f 1161 1218 1219
f 1219 682 1161
f 1161 682 692
f 1161 692 691
f 690 689 1165
f 1165 689 693
f 1165 693 697
f 1190 1220 1111
f 1111 1220 1173
f 1111 1173 1110
f 1110 1173 1172
f 1220 1221 1173
f 1173 1221 1222
f 1173 1222 1146
f 1146 1222 1223
f 1146 1223 1145
f 697 696 1165
f 1165 696 1133
f 1165 1133 1166
f 1166 1133 1131
f 1166 1131 1167
f 1167 1131 1127
f 1167 1127 1168
f 1168 1127 1125
f 1168 1125 1169
f 1169 1125 1119
f 1169 1119 1170
f 1170 1119 1117
f 1170 1117 1171
f 1171 1117 1112
f 1171 1112 1172
f 1172 1112 1114
f 1172 1114 1110
f 1110 1114 1105
f 1110 1105 1109
f 1109 1105 1208
f 1109 1208 1108
f 1108 1208 1205
f 1108 1205 1181
f 1181 1205 1194
f 1181 1194 1179
f 1179 1194 1197
f 1179 1197 1177
f 1177 1197 1202
f 1177 1202 1101
f 1101 1202 1102
f 1224 1225 1226
f 1227 1228 1229
f 1230 1231 1232
f 629 628 1233
f 664 663 1234
f 543 542 1235
f 1236 1237 1238
f 1239 1240 1241
f 619 1229 620
f 620 1229 1228
f 620 1228 687
f 687 1228 699
f 1242 1239 1243
f 1243 1239 1241
f 1243 1241 1244
f 1244 1241 1245
f 1244 1245 1246
f 1246 1245 1247
f 1247 1245 1248
f 1248 1245 1249
f 1248 1249 1250
f 1251 1252 1249
f 1249 1252 1253
f 1249 1253 1250
f 1254 1255 1256
f 1256 1255 1257
f 1256 1257 1251
f 1251 1257 1258
f 1251 1258 1252
f 1254 1256 1259
f 1259 1256 1260
f 1259 1260 1261
f 1262 1263 1264
f 1262 1264 1265
f 1263 1266 1264
f 1264 1266 1267
f 1264 1267 1265
f 1265 1267 1268
f 1265 1268 1260
f 1260 1268 1269
f 1260 1269 1261
f 1270 1271 1272
f 1272 1271 1273
f 1272 1273 1263
f 1274 1275 1276
f 1276 1275 1277
f 1276 1277 1238
f 1238 1277 1278
f 1238 1278 1236
f 1279 1280 1274
f 1274 1280 1281
f 1281 1282 1274
f 1274 1282 1283
f 1274 1283 1275
f 1284 1285 1279
f 1279 1285 1286
f 1279 1286 1280
f 1287 1288 1226
f 1226 1288 1289
f 1226 1289 1284
f 1284 1289 1290
f 1284 1290 1285
f 1291 1287 1292
f 1292 1287 1226
f 1292 1226 1293
f 1293 1226 1225
f 1294 552 544
f 545 652 1295
f 1295 652 651
f 1295 651 1294
f 1294 651 650
f 1294 650 552
f 667 1296 653
f 653 1296 1297
f 653 1297 654
f 667 666 1296
f 1296 666 665
f 1296 665 1295
f 1295 665 546
f 1295 546 545
f 1234 663 1298
f 1298 663 661
f 1298 661 660
f 660 659 1298
f 1298 659 658
f 1298 658 1297
f 1297 658 656
f 1297 656 654
f 628 681 1299
f 1299 681 680
f 1299 680 1234
f 1234 680 679
f 1234 679 664
f 1300 631 629
f 623 632 1301
f 1302 647 646
f 646 627 1302
f 1302 627 626
f 1302 626 1301
f 1301 626 624
f 1301 624 623
f 647 1302 648
f 648 1302 1303
f 648 1303 637
f 644 643 1304
f 1304 643 633
f 1304 633 1303
f 1303 633 635
f 1303 635 637
f 644 1304 645
f 645 1304 1305
f 645 1305 638
f 619 642 1229
f 1229 642 641
f 1229 641 1305
f 1305 641 639
f 1305 639 638
f 1306 1307 1308
f 1308 1307 1309
f 1310 1294 1235
f 1235 1294 544
f 1235 544 543
f 1310 1306 1294
f 1294 1306 1308
f 1294 1308 1295
f 1295 1308 1311
f 1295 1311 1296
f 1296 1311 1312
f 1296 1312 1297
f 1297 1312 1313
f 1297 1313 1298
f 1298 1313 1314
f 1298 1314 1234
f 1234 1314 1315
f 1234 1315 1299
f 629 1233 1300
f 1300 1233 1316
f 1300 1316 1317
f 628 1299 1233
f 1233 1299 1315
f 1233 1315 1316
f 1316 1315 1318
f 1316 1318 1317
f 1317 1318 1319
f 1317 1319 1320
f 1320 1319 1321
f 1320 1321 1322
f 1322 1321 1323
f 1322 1323 1324
f 1324 1323 1325
f 1324 1325 1326
f 1326 1325 1327
f 1326 1327 1328
f 1328 1327 1329
f 1328 1329 1330
f 1328 1229 1326
f 1326 1229 1305
f 1326 1305 1324
f 1324 1305 1304
f 1324 1304 1322
f 1322 1304 1303
f 1322 1303 1320
f 1320 1303 1302
f 1320 1302 1317
f 1317 1302 1301
f 1317 1301 1300
f 1300 1301 632
f 1300 632 631
f 1330 1331 1328
f 1328 1331 1332
f 1328 1332 1229
f 1229 1332 1333
f 1229 1333 1227
f 1334 1335 1329
f 1329 1335 1336
f 1329 1336 1330
f 1240 1334 1241
f 1241 1334 1329
f 1241 1329 1245
f 1245 1329 1327
f 1245 1327 1249
f 1249 1327 1325
f 1249 1325 1251
f 1251 1325 1323
f 1251 1323 1256
f 1256 1323 1321
f 1256 1321 1260
f 1260 1321 1319
f 1260 1319 1265
f 1265 1319 1318
f 1265 1318 1262
f 1231 1224 1232
f 1232 1224 1226
f 1232 1226 1337
f 1337 1226 1284
f 1337 1284 1338
f 1338 1284 1279
f 1338 1279 1339
f 1339 1279 1274
f 1339 1274 1340
f 1340 1274 1276
f 1340 1276 1341
f 1341 1276 1238
f 1341 1238 1272
f 1272 1238 1237
f 1272 1237 1270
f 1309 1230 1308
f 1308 1230 1232
f 1308 1232 1311
f 1311 1232 1337
f 1311 1337 1312
f 1312 1337 1338
f 1312 1338 1313
f 1313 1338 1339
f 1313 1339 1314
f 1314 1339 1340
f 1314 1340 1315
f 1315 1340 1341
f 1315 1341 1318
f 1318 1341 1272
f 1318 1272 1262
f 1262 1272 1263
f 1342 1343 1344
f 516 515 1345
f 1346 1347 1348
f 537 536 1348
f 1349 1350 1351
f 1352 1353 1354
f 1354 1353 1355
f 1354 1355 1356
f 1356 1355 1357
f 1357 1355 1358
f 1358 1355 1359
f 1358 1359 1360
f 1361 1362 1363
f 1363 1362 1364
f 1363 1364 1365
f 1366 1367 1368
f 1368 1367 1369
f 1366 1370 1367
f 1367 1370 1371
f 1367 1371 1364
f 1364 1371 1372
f 1364 1372 1365
f 1361 1373 1362
f 1362 1373 1374
f 1362 1374 1359
f 1359 1374 1375
f 1359 1375 1360
f 1376 1377 1369
f 1369 1377 1378
f 1369 1378 1368
f 1379 1380 1381
f 1382 1383 1384
f 1384 1383 1379
f 1384 1379 1385
f 1385 1379 1381
f 1386 1387 1388
f 1386 1388 1389
f 1388 1390 1389
f 1389 1390 1391
f 1389 1391 1392
f 1392 1391 1393
f 1382 1394 1383
f 1383 1394 1395
f 1383 1395 1386
f 1386 1395 1396
f 1386 1396 1387
f 533 1346 534
f 534 1346 1348
f 534 1348 535
f 535 1348 536
f 1397 1398 1399
f 1347 1400 1348
f 1348 1400 1401
f 1348 1401 1398
f 1398 1401 1402
f 1398 1402 1399
f 1403 1404 1405
f 1405 1404 1406
f 1405 1406 1407
f 1408 1409 1410
f 1410 1409 1411
f 1410 1411 1412
f 1412 1411 1404
f 1412 1404 1413
f 1413 1404 1403
f 1399 1414 1397
f 1397 1414 1415
f 1397 1415 1406
f 1406 1415 1416
f 1406 1416 1407
f 1417 1351 1392
f 1392 1351 1418
f 1392 1418 1389
f 1389 1418 1419
f 1389 1419 1386
f 1386 1419 1420
f 1386 1420 1383
f 1383 1420 1421
f 1383 1421 1379
f 1379 1421 1422
f 1379 1422 1380
f 1380 1422 1423
f 1380 1423 1409
f 1409 1423 1424
f 1409 1424 1411
f 1411 1424 1425
f 1411 1425 1404
f 1404 1425 1426
f 1404 1426 1406
f 1406 1426 1427
f 1406 1427 1397
f 1397 1427 1428
f 1397 1428 1398
f 1398 1428 1429
f 1398 1429 1348
f 1348 1429 1430
f 1348 1430 537
f 537 1430 538
f 542 516 1431
f 1431 516 1345
f 1431 1345 1432
f 1433 1434 1435
f 1435 1434 1436
f 1435 1436 1437
f 1437 1436 1438
f 1437 1438 1439
f 1439 1440 1437
f 1437 1440 1441
f 1437 1441 1345
f 1345 1441 1442
f 1345 1442 1432
f 541 540 1430
f 1430 540 539
f 1430 539 538
f 1344 1343 1435
f 1435 1343 1443
f 1435 1443 1433
f 1444 1445 1344
f 1344 1445 1446
f 1344 1446 1342
f 1447 1448 1449
f 1449 1448 1450
f 1450 1451 1449
f 1449 1451 1452
f 1449 1452 1444
f 1444 1452 1453
f 1444 1453 1445
f 1352 1454 1353
f 1353 1454 1455
f 1353 1455 1447
f 1447 1455 1456
f 1447 1456 1448
f 1393 1457 1392
f 1392 1457 1458
f 1392 1458 1417
f 1417 1458 1459
f 1417 1459 1460
f 1349 1351 1461
f 1461 1351 1417
f 1461 1417 1462
f 1462 1417 1460
f 1462 1460 1463
f 1464 1376 1465
f 1465 1376 1369
f 1465 1369 1466
f 1466 1369 1467
f 1408 1468 1409
f 1409 1468 1469
f 1409 1469 1380
f 1380 1469 1470
f 1380 1470 1381
f 1350 1467 1351
f 1351 1467 1369
f 1351 1369 1418
f 1418 1369 1367
f 1418 1367 1419
f 1419 1367 1364
f 1419 1364 1420
f 1420 1364 1362
f 1420 1362 1421
f 1421 1362 1359
f 1421 1359 1422
f 1422 1359 1355
f 1422 1355 1423
f 1423 1355 1353
f 1423 1353 1424
f 1424 1353 1447
f 1424 1447 1425
f 1425 1447 1449
f 1425 1449 1426
f 1426 1449 1444
f 1426 1444 1427
f 1427 1444 1344
f 1427 1344 1428
f 1428 1344 1435
f 1428 1435 1429
f 1429 1435 1437
f 1429 1437 1430
f 1430 1437 1345
f 1430 1345 541
f 541 1345 515
f 1075 1074 1471
f 953 1472 954
f 954 1472 1473
f 954 1473 1044
f 953 1041 1472
f 1472 1041 1039
f 1472 1039 1474
f 1474 1039 1038
f 1474 1038 1076
f 1463 1473 1462
f 1462 1473 1472
f 1462 1472 1461
f 1461 1472 1349
f 1465 1466 1474
f 1474 1466 1467
f 1474 1467 1472
f 1472 1467 1350
f 1472 1350 1349
f 1464 1465 1471
f 1471 1465 1474
f 1471 1474 1075
f 1075 1474 1076
f 1475 1476 1477
f 1478 1479 1480
f 1481 1482 1483
f 1484 1485 1486
f 1487 1488 1489
f 1490 1491 1492
f 1493 1494 1495
f 1496 1497 1498
f 978 987 1499
f 1006 1005 1500
f 1501 1017 1502
f 1502 1017 1015
f 1502 1015 1503
f 1503 1015 1014
f 1503 1014 1083
f 1019 1018 1501
f 1501 1018 1017
f 1500 1005 1504
f 1005 1013 1504
f 1504 1013 1011
f 1504 1011 1501
f 1501 1011 1010
f 1501 1010 1019
f 1505 1004 1506
f 1506 1004 1003
f 1003 1002 1506
f 1506 1002 1009
f 1506 1009 1500
f 1500 1009 1008
f 1500 1008 1006
f 1000 999 1507
f 1507 999 997
f 1507 997 1505
f 1505 997 996
f 1505 996 1004
f 1508 994 992
f 1508 992 1507
f 1507 992 991
f 1507 991 1000
f 994 1508 995
f 995 1508 1509
f 995 1509 989
f 1510 990 1509
f 1509 990 989
f 987 986 1499
f 1499 986 984
f 1499 984 1510
f 1510 984 983
f 1510 983 990
f 1511 981 979
f 981 1511 982
f 982 1511 1512
f 982 1512 975
f 970 969 1513
f 1513 969 977
f 1513 977 1512
f 1512 977 976
f 1512 976 975
f 970 1513 972
f 972 1513 1514
f 972 1514 973
f 973 1514 966
f 966 1514 1489
f 966 1489 967
f 1074 963 1488
f 1488 963 962
f 1488 962 1489
f 1489 962 968
f 1489 968 967
f 1496 1498 1515
f 1515 1498 1516
f 1515 1516 1517
f 1517 1518 1519
f 1519 1518 1520
f 1519 1520 1521
f 1495 1494 1520
f 1520 1494 1522
f 1520 1522 1521
f 1523 1524 1525
f 1525 1524 1526
f 1525 1526 1495
f 1495 1526 1527
f 1495 1527 1493
f 1523 1525 1528
f 1528 1525 1529
f 1528 1529 1530
f 1530 1529 1531
f 1530 1531 1532
f 1533 1534 1531
f 1531 1534 1535
f 1531 1535 1532
f 1536 1537 1533
f 1533 1537 1538
f 1533 1538 1534
f 1539 1540 1536
f 1536 1540 1537
f 1541 1542 1543
f 1543 1542 1544
f 1543 1544 1539
f 1539 1544 1545
f 1539 1545 1540
f 1541 1543 1546
f 1546 1543 1547
f 1546 1547 1548
f 1548 1547 1549
f 1549 1547 1550
f 1549 1550 1551
f 1490 1552 1491
f 1491 1552 1553
f 1491 1553 1550
f 1550 1553 1554
f 1550 1554 1551
f 1555 1556 1492
f 1492 1556 1557
f 1492 1557 1490
f 1558 1559 1560
f 1560 1559 1561
f 1562 1563 1555
f 1555 1563 1560
f 1561 1564 1560
f 1560 1564 1555
f 1555 1564 1565
f 1555 1565 1556
f 1566 1567 1568
f 1568 1567 1569
f 1568 1569 1570
f 1570 1569 1571
f 1570 1571 1572
f 1572 1571 1573
f 1572 1573 1574
f 1574 1573 1575
f 1574 1575 1576
f 1576 1575 1577
f 1576 1577 1578
f 1579 1580 1566
f 1566 1580 1581
f 1566 1581 1567
f 1567 1581 1582
f 1567 1582 1583
f 1583 1487 1567
f 1567 1487 1489
f 1567 1489 1569
f 1569 1489 1514
f 1569 1514 1571
f 1571 1514 1513
f 1571 1513 1573
f 1573 1513 1512
f 1573 1512 1575
f 1575 1512 1511
f 1575 1511 1577
f 1584 1585 1586
f 1586 1585 1587
f 1586 1587 1588
f 1588 1587 1589
f 1588 1589 1590
f 1590 1589 1591
f 1590 1591 1592
f 1592 1591 1593
f 1592 1593 1594
f 1594 1593 1595
f 1594 1595 1596
f 1596 1595 1597
f 1596 1597 1598
f 1599 1518 1516
f 1516 1518 1517
f 1484 1486 1600
f 1476 1600 1477
f 1477 1600 1486
f 1477 1486 1601
f 1601 1486 1602
f 1601 1602 1603
f 1603 1602 1604
f 1603 1604 1605
f 1605 1604 1606
f 1605 1606 1607
f 1607 1606 1608
f 1607 1608 1609
f 1609 1608 1610
f 1609 1610 1597
f 1597 1610 1611
f 1597 1611 1598
f 1599 1612 1518
f 1518 1612 1584
f 1518 1584 1520
f 1520 1584 1586
f 1520 1586 1495
f 1495 1586 1588
f 1495 1588 1525
f 1525 1588 1590
f 1525 1590 1529
f 1529 1590 1592
f 1529 1592 1531
f 1531 1592 1594
f 1531 1594 1533
f 1533 1594 1596
f 1533 1596 1536
f 1536 1596 1598
f 1536 1598 1539
f 1539 1598 1611
f 1539 1611 1543
f 1543 1611 1610
f 1543 1610 1547
f 1547 1610 1608
f 1547 1608 1550
f 1550 1608 1606
f 1550 1606 1491
f 1491 1606 1604
f 1491 1604 1492
f 1492 1604 1602
f 1492 1602 1555
f 1555 1602 1486
f 1555 1486 1562
f 1562 1486 1485
f 1478 1480 1613
f 1482 1613 1483
f 1483 1613 1480
f 1483 1480 1614
f 1614 1480 1615
f 1614 1615 1616
f 1616 1615 1617
f 1616 1617 1618
f 1618 1617 1619
f 1618 1619 1620
f 1620 1619 1621
f 1620 1621 1622
f 1622 1621 1623
f 1622 1623 1624
f 1624 1623 1625
f 1624 1625 1626
f 1626 1625 1627
f 1626 1627 1628
f 1502 1481 1501
f 1501 1481 1483
f 1501 1483 1504
f 1504 1483 1614
f 1504 1614 1500
f 1500 1614 1616
f 1500 1616 1506
f 1506 1616 1618
f 1506 1618 1505
f 1505 1618 1620
f 1505 1620 1507
f 1507 1620 1622
f 1507 1622 1508
f 1508 1622 1624
f 1508 1624 1509
f 1509 1624 1626
f 1509 1626 1510
f 1510 1626 1628
f 1510 1628 1499
f 1612 1629 1584
f 1584 1629 1630
f 1584 1630 1585
f 1585 1630 1631
f 1585 1631 1632
f 1632 1579 1585
f 1585 1579 1566
f 1585 1566 1587
f 1587 1566 1568
f 1587 1568 1589
f 1589 1568 1570
f 1589 1570 1591
f 1591 1570 1572
f 1591 1572 1593
f 1593 1572 1574
f 1593 1574 1595
f 1595 1574 1576
f 1595 1576 1597
f 1597 1576 1578
f 1479 1475 1480
f 1480 1475 1477
f 1480 1477 1615
f 1615 1477 1601
f 1615 1601 1617
f 1617 1601 1603
f 1617 1603 1619
f 1619 1603 1605
f 1619 1605 1621
f 1621 1605 1607
f 1621 1607 1623
f 1623 1607 1609
f 1623 1609 1625
f 1625 1609 1597
f 1625 1597 1627
f 1627 1597 1578
f 1627 1578 1628
f 1628 1578 1577
f 1628 1577 1499
f 1499 1577 1511
f 1499 1511 978
f 978 1511 979
f 1633 1634 1635
f 1636 1637 1638
f 1639 1640 1641
f 1642 1643 1644
f 1645 1646 1647
f 1648 1649 1650
f 1651 1652 1653
f 1654 1655 1656
f 1657 1658 1659
f 1660 1661 1662
f 1662 1661 1663
f 1662 1663 1664
f 1664 1663 1665
f 1664 1665 1666
f 1667 1668 1669
f 1670 1671 1672
f 1672 1671 1673
f 1672 1673 1674
f 1675 1676 1668
f 1668 1676 1677
f 1668 1677 1669
f 1678 1679 1680
f 1681 1682 1683
f 1683 1682 1684
f 1683 1684 1685
f 1685 1684 1686
f 1686 1684 1687
f 1686 1687 1688
f 1689 1690 1691
f 1691 1690 1692
f 1691 1692 1687
f 1687 1692 1693
f 1687 1693 1688
f 1658 1694 1659
f 1659 1694 1695
f 1659 1695 1696
f 1645 1647 1697
f 1698 1699 1700
f 1700 1699 1701
f 1700 1701 1702
f 1703 1704 1705
f 1705 1704 1706
f 1705 1706 1707
f 1708 1709 1710
f 1709 1708 1711
f 1711 1708 1712
f 1711 1712 1713
f 1713 1712 1714
f 1714 1712 1644
f 1714 1644 1715
f 1715 1644 1716
f 1716 1644 1643
f 1716 1643 1717
f 1649 1718 1650
f 1650 1718 1719
f 1650 1719 1720
f 1720 1719 1721
f 1720 1721 1722
f 1722 1721 1723
f 1722 1723 1673
f 1673 1723 1667
f 1673 1667 1674
f 1674 1667 1669
f 1646 1648 1647
f 1647 1648 1650
f 1647 1650 1724
f 1724 1650 1720
f 1724 1720 1725
f 1725 1720 1722
f 1725 1722 1726
f 1726 1722 1673
f 1726 1673 1665
f 1665 1673 1671
f 1665 1671 1666
f 1666 1671 1670
f 1718 1651 1719
f 1719 1651 1653
f 1719 1653 1721
f 1721 1653 1727
f 1721 1727 1723
f 1723 1727 1728
f 1723 1728 1667
f 1667 1728 1729
f 1667 1729 1668
f 1668 1729 1678
f 1668 1678 1675
f 1675 1678 1680
f 1675 1680 1730
f 1640 1642 1641
f 1641 1642 1644
f 1641 1644 1731
f 1731 1644 1712
f 1731 1712 1703
f 1703 1712 1708
f 1703 1708 1704
f 1704 1708 1710
f 1732 1639 1733
f 1733 1639 1641
f 1733 1641 1734
f 1734 1641 1731
f 1734 1731 1735
f 1735 1731 1703
f 1735 1703 1701
f 1701 1703 1705
f 1701 1705 1702
f 1702 1705 1707
f 1698 1697 1699
f 1699 1697 1647
f 1699 1647 1701
f 1701 1647 1724
f 1701 1724 1735
f 1735 1724 1725
f 1735 1725 1734
f 1734 1725 1726
f 1734 1726 1733
f 1733 1726 1665
f 1733 1665 1732
f 1732 1665 1663
f 1652 1654 1653
f 1653 1654 1656
f 1653 1656 1727
f 1727 1656 1736
f 1727 1736 1728
f 1728 1736 1737
f 1728 1737 1729
f 1729 1737 1738
f 1729 1738 1678
f 1678 1738 1638
f 1678 1638 1679
f 1679 1638 1637
f 1634 1636 1635
f 1635 1636 1638
f 1635 1638 1739
f 1739 1638 1738
f 1739 1738 1696
f 1696 1738 1737
f 1696 1737 1659
f 1659 1737 1736
f 1659 1736 1657
f 1657 1736 1656
f 1657 1656 1740
f 1740 1656 1655
f 1682 1633 1684
f 1684 1633 1635
f 1684 1635 1687
f 1687 1635 1739
f 1687 1739 1691
f 1691 1739 1696
f 1691 1696 1689
f 1689 1696 1695
f 1730 1680 1741
f 1741 1680 1742
f 1743 1744 1745
f 1746 1747 1748
f 1748 1747 1743
f 1748 1743 1749
f 1749 1743 1745
f 1750 1751 1752
f 1752 1751 1753
f 1752 1753 1754
f 1754 1753 1755
f 1754 1755 1756
f 1756 1755 1757
f 1756 1757 1758
f 1758 1757 1759
f 1758 1759 1760
f 1760 1759 1761
f 1760 1761 1762
f 1762 1761 1763
f 1762 1763 1744
f 1744 1763 1764
f 1744 1764 1745
f 1643 1642 1765
f 1766 1717 1767
f 1767 1717 1643
f 1767 1643 1768
f 1768 1643 1765
f 1769 1770 1639
f 1639 1770 1771
f 1639 1771 1640
f 1640 1771 1772
f 1640 1772 1773
f 1773 1774 1640
f 1640 1774 1775
f 1640 1775 1642
f 1642 1775 1776
f 1642 1776 1765
f 1660 1746 1661
f 1661 1746 1748
f 1661 1748 1663
f 1748 1777 1663
f 1663 1777 1778
f 1663 1778 1732
f 1778 1779 1732
f 1732 1779 1780
f 1732 1780 1639
f 1639 1780 1781
f 1639 1781 1769
f 1782 1783 1636
f 1636 1783 1784
f 1636 1784 1637
f 1637 1784 1679
f 1679 1784 1751
f 1679 1751 1680
f 1680 1751 1750
f 1680 1750 1742
f 1782 1636 1785
f 1785 1636 1634
f 1785 1634 1786
f 1786 1634 1787
f 1787 1634 1633
f 1787 1633 1788
f 1788 1633 1682
f 1788 1682 1789
f 1789 1682 1681
f 1789 1681 1790
f 1414 1399 1791
f 1792 1347 1346
f 1346 533 1792
f 1792 533 520
f 1792 520 558
f 558 520 522
f 1401 1400 1793
f 1793 1400 1347
f 1793 1347 1794
f 1794 1347 1792
f 1794 1792 1795
f 1793 1796 1401
f 1401 1796 1797
f 1401 1797 1402
f 1402 1797 1798
f 1402 1798 1399
f 1399 1798 1799
f 1399 1799 1791
f 1414 1791 1415
f 1415 1791 1800
f 1415 1800 1416
f 1800 1801 1416
f 1416 1801 1802
f 1416 1802 1407
f 1407 1802 1803
f 1407 1803 1405
f 1405 1803 1804
f 1405 1804 1403
f 1804 1805 1403
f 1403 1805 1806
f 1403 1806 1413
f 1413 1806 1807
f 1413 1807 1412
f 1412 1807 1808
f 1412 1808 1410
f 1410 1808 1809
f 1809 1810 1410
f 1410 1810 1811
f 1410 1811 1408
f 1755 1753 1385
f 1811 1812 1408
f 1408 1812 1813
f 1408 1813 1468
f 1468 1813 1814
f 1468 1814 1469
f 1469 1814 1815
f 1469 1815 1470
f 1470 1815 1755
f 1470 1755 1381
f 1381 1755 1385
f 1388 1387 1782
f 1782 1387 1396
f 1782 1396 1783
f 1783 1396 1395
f 1783 1395 1784
f 1784 1395 1394
f 1784 1394 1751
f 1751 1394 1382
f 1751 1382 1753
f 1753 1382 1384
f 1753 1384 1385
f 1388 1782 1390
f 1390 1782 1785
f 1390 1785 1391
f 1391 1785 1786
f 1391 1786 1393
f 1787 1458 1786
f 1786 1458 1457
f 1786 1457 1393
f 1789 1463 1788
f 1788 1463 1460
f 1788 1460 1787
f 1787 1460 1459
f 1787 1459 1458
f 1792 558 557
f 1816 1817 1818
f 1819 1820 1821
f 1816 1818 1822
f 1822 1818 609
f 1822 609 1821
f 1821 609 610
f 1821 610 1819
f 598 597 1818
f 1818 597 608
f 1818 608 607
f 607 606 1818
f 1818 606 605
f 1818 605 609
f 1818 1817 1823
f 1818 1823 598
f 598 1823 1824
f 598 1824 600
f 600 1824 1825
f 600 1825 601
f 601 1825 1826
f 601 1826 596
f 596 1826 1827
f 596 1827 594
f 594 1827 1828
f 594 1828 589
f 589 1828 1829
f 1830 592 1829
f 1829 592 590
f 1829 590 589
f 1830 1831 592
f 592 1831 1832
f 592 1832 593
f 593 1832 1833
f 593 1833 587
f 587 1833 1834
f 587 1834 588
f 588 1834 1835
f 588 1835 581
f 581 1835 1836
f 581 1836 582
f 582 1836 1837
f 582 1837 584
f 584 1837 1838
f 584 1838 1839
f 1840 585 1841
f 1841 585 584
f 1841 584 1842
f 1842 584 1839
f 1840 1843 585
f 585 1843 1844
f 585 1844 578
f 578 1844 1845
f 1846 579 1847
f 1847 579 578
f 1847 578 1848
f 1848 578 1845
f 1849 580 1850
f 1850 580 579
f 1850 579 1851
f 1851 579 1846
f 574 1852 569
f 569 1852 1853
f 1849 1854 580
f 580 1854 1852
f 580 1852 573
f 573 1852 574
f 1855 571 1856
f 1856 571 570
f 1856 570 1857
f 1857 570 569
f 1857 569 1858
f 1858 569 1853
f 1855 1859 571
f 571 1859 1860
f 571 1860 572
f 572 1860 567
f 567 1860 1861
f 567 1861 568
f 568 1861 1862
f 568 1862 1863
f 1863 1864 568
f 568 1864 1865
f 568 1865 563
f 563 1865 564
f 564 1865 1866
f 564 1866 565
f 565 1866 1867
f 565 1867 1868
f 1868 1869 565
f 565 1869 1870
f 565 1870 561
f 561 1870 559
f 559 1870 1871
f 559 1871 554
f 1795 1792 1872
f 1872 1792 557
f 1872 557 1871
f 1871 557 555
f 1871 555 554
f 1148 1873 1150
f 1150 1873 1874
f 1150 1874 1174
f 1174 1874 1875
f 1174 1875 1175
f 1175 1875 1876
f 1175 1876 1176
f 1176 1876 1877
f 1176 1877 1155
f 1155 1877 1878
f 1155 1878 1156
f 1878 1879 1156
f 1156 1879 1880
f 1156 1880 1162
f 1162 1880 1881
f 1162 1881 1163
f 1163 1881 1882
f 1163 1882 1164
f 1164 1882 1883
f 1164 1883 1159
f 1159 1883 1884
f 1159 1884 1160
f 1160 1884 1885
f 1160 1885 1217
f 1886 1820 1819
f 1885 1887 1217
f 1217 1887 1888
f 1217 1888 1218
f 682 1819 683
f 683 1819 610
f 683 610 603
f 1888 1886 1218
f 1218 1886 1819
f 1218 1819 1219
f 1219 1819 682
f 1143 1145 1889
f 1889 1145 1890
f 1890 1145 1223
f 1890 1223 1891
f 1889 1892 1143
f 1143 1892 1893
f 1143 1893 1151
f 1151 1893 1894
f 1151 1894 1152
f 1152 1894 1895
f 1152 1895 1153
f 1153 1895 1896
f 1153 1896 1148
f 1148 1896 1897
f 1148 1897 1873
f 1223 1222 1891
f 1891 1222 1221
f 1891 1221 1898
f 1898 1221 1220
f 1898 1220 1899
f 1899 1220 1190
f 1899 1190 1900
f 1901 1191 1902
f 1902 1191 1184
f 1902 1184 1183
f 1190 1189 1900
f 1900 1189 1188
f 1900 1188 1903
f 1903 1188 1193
f 1903 1193 1901
f 1901 1193 1192
f 1901 1192 1191
f 1097 1904 1182
f 1182 1904 1905
f 1182 1905 1185
f 1185 1905 1906
f 1185 1906 1186
f 1186 1906 1902
f 1186 1902 1187
f 1187 1902 1183
f 948 746 745
f 825 783 1904
f 1904 783 710
f 707 1902 709
f 709 1902 1906
f 709 1906 710
f 710 1906 1905
f 710 1905 1904
f 1899 1900 706
f 706 1900 1903
f 706 1903 707
f 707 1903 1901
f 707 1901 1902
f 730 733 932
f 932 931 730
f 730 931 1898
f 730 1898 731
f 731 1898 1899
f 731 1899 799
f 799 1899 706
f 931 935 1898
f 1898 935 934
f 1898 934 1891
f 1891 934 1890
f 934 940 1890
f 1890 940 939
f 1890 939 1907
f 1907 939 937
f 1907 937 1908
f 1908 937 936
f 1908 936 1909
f 1909 936 941
f 1909 941 1910
f 1910 941 943
f 1910 943 1911
f 1911 943 1912
f 1912 943 946
f 1912 946 1913
f 948 745 945
f 704 703 1914
f 1915 743 1916
f 1916 743 704
f 1916 704 1917
f 1917 704 1914
f 946 945 1913
f 1913 945 745
f 1913 745 1918
f 1918 745 743
f 1918 743 1919
f 1919 743 1915
f 700 1920 1921
f 1921 1922 700
f 700 1922 1923
f 700 1923 701
f 701 1923 1924
f 701 1924 703
f 703 1924 1925
f 703 1925 1914
f 829 1926 747
f 747 1926 1927
f 747 1927 748
f 1927 1928 748
f 748 1928 1929
f 748 1929 700
f 700 1929 1930
f 700 1930 1920
f 1931 1932 1933
f 880 952 887
f 887 952 951
f 887 951 888
f 906 901 949
f 949 901 900
f 949 900 951
f 951 900 896
f 951 896 888
f 906 949 914
f 914 949 950
f 914 950 918
f 1934 1935 942
f 808 930 809
f 809 930 929
f 809 929 871
f 871 929 928
f 871 928 864
f 880 875 952
f 952 875 858
f 952 858 928
f 928 858 857
f 928 857 864
f 1936 1937 938
f 918 950 922
f 922 950 947
f 922 947 927
f 1938 1939 933
f 1940 1941 944
f 944 1941 847
f 944 847 947
f 947 847 846
f 947 846 927
f 1936 938 1942
f 1931 1933 808
f 808 1933 1943
f 808 1943 930
f 930 1943 1944
f 930 1944 1945
f 930 1946 933
f 933 1946 1947
f 933 1947 1938
f 1948 1949 944
f 1950 1951 942
f 942 1951 1952
f 1945 1953 930
f 930 1953 1954
f 930 1954 1946
f 1949 1955 944
f 944 1955 1956
f 944 1956 1940
f 1937 1957 938
f 938 1957 1958
f 938 1958 942
f 942 1958 1959
f 942 1959 1950
f 1952 1960 942
f 942 1960 1961
f 942 1961 1934
f 1935 1962 942
f 942 1962 1963
f 942 1963 944
f 944 1963 1964
f 944 1964 1948
f 1939 1965 933
f 933 1965 1966
f 933 1966 938
f 938 1966 1967
f 938 1967 1942
f 808 810 1931
f 1931 810 812
f 1931 812 815
f 815 814 1931
f 1931 814 820
f 1931 820 819
f 819 817 1931
f 1931 817 816
f 1931 816 821
f 823 824 1079
f 1079 824 825
f 1079 825 1082
f 1082 825 1904
f 1082 1904 1096
f 1096 1904 1097
f 1968 1969 1032
f 1042 1970 1048
f 1048 1970 1971
f 1048 1971 1047
f 1047 1971 1972
f 1047 1972 1045
f 1045 1972 1060
f 1060 1972 1973
f 1060 1973 1061
f 1061 1973 1974
f 1061 1974 1975
f 1975 1976 1061
f 1061 1976 1977
f 1061 1977 1978
f 1978 1979 1061
f 1061 1979 1980
f 1061 1980 1032
f 1032 1980 1981
f 1032 1981 1968
f 1969 1982 1032
f 1032 1982 1983
f 1032 1983 1984
f 1077 960 1932
f 1932 960 1985
f 1985 960 1984
f 1984 960 959
f 1984 959 1032
f 1077 1932 1078
f 1078 1932 1931
f 1078 1931 1079
f 1079 1931 821
f 1079 821 823
f 1473 1463 1789
f 1473 1789 1044
f 1044 1789 1043
f 1043 1789 1790
f 1043 1790 1042
f 1042 1790 1986
f 1042 1986 1987
f 1987 1988 1042
f 1042 1988 1989
f 1042 1989 1970
f 1970 1989 1990
f 1990 1991 1970
f 1970 1991 1992
f 1970 1992 1993
f 1993 1994 1970
f 1970 1994 1995
f 1032 1034 1061
f 1061 1034 1037
f 1061 1037 1036
f 1024 1050 1026
f 1026 1050 1027
f 1088 1087 1996
f 1024 1030 1996
f 1996 1030 1029
f 1996 1029 1028
f 1028 1022 1996
f 1996 1022 1089
f 1996 1089 1088
f 1087 1055 1996
f 1996 1055 1054
f 1996 1054 1059
f 1059 1058 1996
f 1996 1058 1057
f 1996 1057 1024
f 1024 1057 1052
f 1024 1052 1050
f 1036 1035 1061
f 1061 1035 1027
f 1061 1027 1062
f 1062 1027 1050
f 1479 1478 1997
f 1240 1239 1998
f 1476 1475 1999
f 2000 2001 2002
f 2003 2004 2005
f 1091 1204 2006
f 1198 1196 2007
f 1123 1122 2008
f 1140 1139 2009
f 1227 1333 2010
f 1227 2010 1228
f 699 1228 1141
f 1141 1228 2010
f 1141 2010 1142
f 1135 1130 2011
f 2011 1130 1132
f 2011 1132 2010
f 2010 1132 1134
f 2010 1134 1142
f 1135 2011 1136
f 1136 2011 2012
f 1136 2012 1137
f 1124 1126 2013
f 2013 1126 1128
f 2013 1128 2012
f 2012 1128 1129
f 2012 1129 1137
f 2009 1139 2013
f 2013 1139 1138
f 2013 1138 1124
f 1116 1118 2014
f 2014 1118 1120
f 2008 1122 2014
f 2014 1122 1121
f 2014 1121 1116
f 1215 2015 1216
f 1216 2015 2016
f 1216 2016 1103
f 1215 1214 2015
f 2015 1214 1115
f 2015 1115 2008
f 2008 1115 1113
f 2008 1113 1123
f 1212 1211 2002
f 1211 1210 2002
f 2002 1210 1209
f 2002 1209 2016
f 2016 1209 1104
f 2016 1104 1103
f 1195 1207 2001
f 2001 1207 1206
f 2001 1206 2002
f 2002 1206 1213
f 2002 1213 1212
f 1203 1201 2017
f 2017 1201 1200
f 2017 1200 2007
f 2007 1200 1199
f 2007 1199 1198
f 2006 1204 2017
f 2017 1204 1203
f 2006 1502 1503
f 1091 2006 1092
f 1092 2006 1503
f 1092 1503 1083
f 2018 2019 2020
f 2020 1558 2018
f 2018 1558 1560
f 2018 1560 1563
f 2021 2022 2023
f 2023 2022 2024
f 2025 2026 2027
f 2028 2029 2030
f 2030 2031 2028
f 2028 2031 2032
f 2028 2032 2025
f 2025 2032 2033
f 2025 2033 2026
f 2029 2028 2034
f 2034 2028 2035
f 2034 2035 2036
f 2037 2038 2035
f 2035 2038 2039
f 2035 2039 2036
f 2040 2041 2042
f 2042 2041 2043
f 2042 2043 2037
f 2037 2043 2044
f 2037 2044 2038
f 2040 2042 2045
f 2045 2042 2046
f 2045 2046 2047
f 2047 2046 2048
f 2048 2046 2049
f 2048 2049 2050
f 2004 2051 2005
f 2005 2051 2052
f 2005 2052 2049
f 2049 2052 2053
f 2049 2053 2050
f 2054 2055 2056
f 2056 2055 2057
f 1998 2058 2054
f 2058 1998 2059
f 2059 1998 1239
f 2059 1239 1242
f 1613 1482 2006
f 2006 1482 1481
f 2006 1481 1502
f 1478 1613 1997
f 1997 1613 2006
f 1997 2006 2060
f 2060 2006 2017
f 2060 2017 2000
f 2000 2017 2007
f 2000 2007 2001
f 2001 2007 1196
f 2001 1196 1195
f 1999 2061 2062
f 2062 2061 2023
f 2062 2023 2018
f 2018 2023 2024
f 2018 2024 2019
f 2063 2021 2064
f 2064 2021 2023
f 2064 2023 2065
f 2065 2023 2061
f 2065 2061 2066
f 2066 2061 1999
f 1563 1562 2018
f 2018 1562 1485
f 2018 1485 2062
f 2062 1485 1484
f 2062 1484 1999
f 1999 1484 1600
f 1999 1600 1476
f 2054 2056 1998
f 1998 2056 2067
f 1998 2067 2068
f 2069 2070 2071
f 2072 2003 2071
f 2071 2003 2005
f 2071 2005 2069
f 2069 2005 2049
f 2069 2049 2073
f 2073 2049 2046
f 2073 2046 2074
f 2074 2046 2042
f 2074 2042 2075
f 2075 2042 2037
f 2075 2037 2076
f 2076 2037 2035
f 2076 2035 2077
f 2077 2035 2028
f 2077 2028 2065
f 2065 2028 2025
f 2065 2025 2064
f 2064 2025 2027
f 2064 2027 2063
f 1331 1330 2068
f 1330 1336 2068
f 2068 1336 1335
f 2068 1335 1998
f 1998 1335 1334
f 1998 1334 1240
f 1332 1331 2078
f 2078 1331 2068
f 2078 2068 2079
f 2079 2068 2067
f 2079 2067 2070
f 2070 2067 2056
f 2070 2056 2071
f 2071 2056 2057
f 2071 2057 2072
f 2073 2009 2069
f 2069 2009 2013
f 2069 2013 2070
f 2070 2013 2012
f 2070 2012 2079
f 2079 2012 2011
f 2079 2011 2078
f 2078 2011 2010
f 2078 2010 1332
f 1332 2010 1333
f 1475 1479 1999
f 1999 1479 1997
f 1999 1997 2066
f 2066 1997 2060
f 2066 2060 2065
f 2065 2060 2000
f 2065 2000 2077
f 2077 2000 2002
f 2077 2002 2076
f 2076 2002 2016
f 2076 2016 2075
f 2075 2016 2015
f 2075 2015 2074
f 2074 2015 2008
f 2074 2008 2073
f 2073 2008 2014
f 2073 2014 2009
f 2009 2014 1120
f 2009 1120 1140
f 1287 1291 2080
f 1257 1255 2081
f 2082 2081 2083
f 2083 2081 2084
f 2085 2086 2087
f 2088 2089 2090
f 2090 2091 2092
f 2093 2094 2095
f 2096 2097 2098
f 2098 2097 2099
f 2098 2099 2100
f 2100 2101 2102
f 2102 2101 2103
f 2102 2103 2104
f 2094 2105 2106
f 2106 2105 2107
f 2106 2107 2108
f 2089 2109 2090
f 2090 2109 2110
f 2090 2110 2091
f 2091 2110 2111
f 2111 2112 2091
f 2091 2112 2113
f 2091 2113 2114
f 2108 2115 2116
f 2116 2115 2117
f 2116 2117 2118
f 2119 2120 2088
f 2121 1270 1237
f 1237 2122 2121
f 2121 2122 2123
f 2121 2123 2124
f 2124 2123 2116
f 2124 2116 2098
f 2098 2116 2118
f 2098 2118 2096
f 2102 2125 2126
f 2126 2125 2127
f 2126 2127 2128
f 2128 2127 1263
f 2128 1263 1273
f 2128 1273 1271
f 2100 2102 2098
f 2098 2102 2126
f 2098 2126 2124
f 2124 2126 2128
f 2124 2128 2121
f 2121 2128 1271
f 2121 1271 1270
f 2129 2130 2131
f 2132 2092 2133
f 2133 2092 2091
f 2133 2091 2095
f 2095 2091 2114
f 2095 2114 2093
f 1282 2134 1283
f 1283 2134 1275
f 2094 2106 2095
f 2095 2106 2135
f 2095 2135 2133
f 2133 2135 2134
f 2133 2134 2132
f 2132 2134 1282
f 2132 1282 1281
f 1280 1286 2129
f 2136 2137 2131
f 1237 1236 2122
f 2122 1236 1278
f 2122 1278 1277
f 2108 2116 2106
f 2106 2116 2123
f 2106 2123 2135
f 2135 2123 2122
f 2135 2122 2134
f 2134 2122 1277
f 2134 1277 1275
f 2087 2086 2138
f 2138 2086 2139
f 2138 2139 2140
f 2141 2142 2143
f 2143 2142 2144
f 2143 2144 2145
f 1242 1243 2146
f 2146 1243 2138
f 2146 2138 2140
f 1248 1250 2087
f 2087 1250 2082
f 2087 2082 2085
f 2085 2082 2083
f 1243 1244 2138
f 2138 1244 1246
f 2138 1246 2087
f 2087 1246 1247
f 2087 1247 1248
f 1255 1254 2081
f 2081 1254 2145
f 2081 2145 2084
f 2084 2145 2144
f 1254 1259 2145
f 2145 1259 1261
f 2145 1261 2143
f 2143 1261 1269
f 1250 1253 2082
f 2082 1253 1252
f 2082 1252 2081
f 2081 1252 1258
f 2081 1258 1257
f 2147 2148 2149
f 2149 2150 2147
f 2147 2150 2151
f 2147 2151 2152
f 2153 2154 2155
f 2155 2154 2156
f 2155 2156 2157
f 2153 2158 2154
f 2154 2158 2159
f 2154 2159 2147
f 2147 2159 2160
f 2147 2160 2148
f 2161 2162 2139
f 2139 2162 2140
f 2163 2164 2165
f 2165 2164 2166
f 2165 2166 2156
f 2156 2166 2167
f 2156 2167 2157
f 2163 2165 2168
f 2168 2165 2169
f 2168 2169 2170
f 2171 2172 2169
f 2169 2172 2173
f 2169 2173 2170
f 2102 2104 2174
f 2102 2174 2171
f 2171 2174 2175
f 2171 2175 2172
f 1286 1285 2129
f 2129 1285 1290
f 2129 1290 2130
f 2130 1290 1289
f 2130 1289 1288
f 1288 1287 2130
f 2130 1287 2080
f 2130 2080 2131
f 2131 2080 2136
f 1281 1280 2132
f 2132 1280 2129
f 2132 2129 2092
f 2092 2129 2131
f 2092 2131 2090
f 2090 2131 2137
f 2137 2176 2090
f 2090 2176 2177
f 2090 2177 2088
f 2088 2177 2119
f 1266 2141 1267
f 1267 2141 2143
f 1267 2143 1268
f 1268 2143 1269
f 2152 2161 2147
f 2147 2161 2139
f 2147 2139 2154
f 2154 2139 2086
f 2154 2086 2156
f 2156 2086 2085
f 2156 2085 2165
f 2165 2085 2083
f 2165 2083 2169
f 2169 2083 2084
f 2169 2084 2171
f 2171 2084 2144
f 2171 2144 2102
f 2102 2144 2142
f 2102 2142 2125
f 2125 2142 2141
f 2125 2141 2127
f 2127 2141 1266
f 2127 1266 1263
f 2178 2179 2180
f 1631 1630 2181
f 1230 1309 2182
f 2183 2184 2185
f 2186 2187 2188
f 1445 1453 2189
f 1370 1366 2190
f 1488 1487 2191
f 2191 1377 1376
f 1074 1488 1471
f 1471 1488 2191
f 1471 2191 1464
f 1464 2191 1376
f 1366 1368 2190
f 2190 1368 1378
f 2190 1378 1377
f 1365 1372 2192
f 2192 1372 1371
f 1363 1365 2193
f 1358 1360 2194
f 2194 1360 1375
f 1375 1374 2194
f 2194 1374 1373
f 2194 1373 2193
f 2193 1373 1361
f 2193 1361 1363
f 1358 2194 1357
f 1357 2194 2195
f 1357 2195 1356
f 1455 1454 2196
f 2196 1454 1352
f 2196 1352 2195
f 2195 1352 1354
f 2195 1354 1356
f 1455 2196 1456
f 1456 2196 2197
f 1456 2197 1448
f 1453 1452 2189
f 2189 1452 1451
f 2189 1451 2197
f 2197 1451 1450
f 2197 1450 1448
f 2198 1343 1342
f 1436 1434 2199
f 2199 1434 1433
f 2199 1433 2198
f 2198 1433 1443
f 2198 1443 1343
f 1436 2199 1438
f 1438 2199 2200
f 1438 2200 1439
f 1432 1442 2201
f 2201 1442 1441
f 2201 1441 2200
f 2200 1441 1440
f 2200 1440 1439
f 1432 2201 1431
f 1431 2201 1235
f 1431 1235 542
f 2202 2203 2204
f 2204 2205 2202
f 2202 2205 2206
f 2202 2206 2207
f 2208 2209 2203
f 2203 2209 2210
f 2203 2210 2204
f 2211 2212 2213
f 2213 2212 2214
f 2213 2214 2208
f 2208 2214 2215
f 2208 2215 2209
f 2211 2213 2216
f 2216 2213 2217
f 2216 2217 2218
f 2219 2220 2221
f 2221 2220 2222
f 2219 2221 2223
f 2223 2221 2224
f 2223 2224 2225
f 2225 2224 2226
f 2226 2224 2227
f 2226 2227 2228
f 2188 2187 2227
f 2227 2187 2229
f 2227 2229 2228
f 2230 2231 2180
f 2180 2231 2232
f 2180 2232 2188
f 2188 2232 2233
f 2188 2233 2186
f 2234 2235 2179
f 2179 2235 2236
f 2179 2236 2180
f 2180 2236 2237
f 2180 2237 2230
f 2185 2184 2238
f 2238 2184 2239
f 2238 2239 2240
f 1498 1497 2241
f 2183 2185 2242
f 2242 2185 2243
f 2242 2243 2241
f 2241 2243 1516
f 2241 1516 1498
f 1632 2244 1579
f 1579 2244 2245
f 1579 2245 1580
f 1487 1583 2191
f 2191 1583 1582
f 2191 1582 2245
f 2245 1582 1581
f 2245 1581 1580
f 2244 2246 2245
f 2245 2246 2190
f 2245 2190 2191
f 2191 2190 1377
f 1371 1370 2192
f 2192 1370 2190
f 2192 2190 2247
f 2247 2190 2246
f 2247 2246 2248
f 2248 2246 2244
f 1225 1224 2249
f 2249 1224 1231
f 1365 2192 2193
f 2193 2192 2247
f 2193 2247 2194
f 2194 2247 2250
f 2194 2250 2195
f 2195 2250 2251
f 2195 2251 2196
f 2196 2251 2252
f 2196 2252 2197
f 2197 2252 2253
f 2197 2253 2189
f 2189 2253 2254
f 2189 2254 2255
f 1446 1445 2256
f 2256 1445 2189
f 2256 2189 2257
f 2257 2189 2255
f 2257 2255 2258
f 2258 2255 2259
f 2258 2259 2260
f 2260 2259 2261
f 2260 2261 2182
f 2182 2261 2249
f 2182 2249 1230
f 1230 2249 1231
f 1307 1306 2201
f 2201 1306 1310
f 2201 1310 1235
f 1309 1307 2182
f 2182 1307 2201
f 2182 2201 2260
f 2260 2201 2200
f 2260 2200 2258
f 2258 2200 2199
f 2258 2199 2257
f 2257 2199 2198
f 2257 2198 2256
f 2256 2198 1342
f 2256 1342 1446
f 1629 1612 2243
f 2243 1612 1599
f 2243 1599 1516
f 1630 1629 2181
f 2181 1629 2243
f 2181 2243 2262
f 2262 2243 2185
f 2262 2185 2178
f 2178 2185 2238
f 2178 2238 2179
f 2179 2238 2240
f 2179 2240 2234
f 2207 1291 2202
f 2202 1291 1292
f 2202 1292 1293
f 1293 1225 2202
f 2202 1225 2249
f 2202 2249 2203
f 2203 2249 2261
f 2203 2261 2208
f 2208 2261 2259
f 2208 2259 2213
f 2213 2259 2255
f 2213 2255 2217
f 2217 2255 2254
f 1632 1631 2244
f 2244 1631 2181
f 2244 2181 2248
f 2248 2181 2262
f 2248 2262 2247
f 2247 2262 2178
f 2247 2178 2250
f 2250 2178 2180
f 2250 2180 2251
f 2251 2180 2188
f 2251 2188 2252
f 2252 2188 2227
f 2252 2227 2253
f 2253 2227 2224
f 2253 2224 2254
f 2254 2224 2221
f 2254 2221 2217
f 2217 2221 2222
f 2217 2222 2218
f 2263 2264 2265
f 2266 2267 2268
f 1494 1493 2268
f 2269 2270 2271
f 2272 2273 2274
f 2274 2273 2275
f 2270 2276 2277
f 2277 2276 2278
f 2277 2278 2279
f 2279 2280 2277
f 2277 2280 2281
f 2277 2281 2275
f 2275 2281 2282
f 2275 2282 2274
f 2283 2284 2285
f 2285 2284 2265
f 2285 2265 2286
f 2283 2287 2284
f 2284 2287 2288
f 2284 2288 2289
f 2289 2288 2290
f 2290 2291 2289
f 2289 2291 2292
f 2289 2292 2271
f 2271 2292 2293
f 2271 2293 2269
f 2273 1540 2275
f 2275 1540 1545
f 2275 1545 1544
f 2270 2277 2271
f 2271 2277 1548
f 2271 1548 1549
f 1544 1542 2275
f 2275 1542 1541
f 2275 1541 2277
f 2277 1541 1546
f 2277 1546 1548
f 1564 2265 1565
f 1565 2265 2284
f 1565 2284 1556
f 1556 2284 1557
f 1557 2284 1490
f 1490 2284 2289
f 1490 2289 1552
f 1549 1551 2271
f 2271 1551 1554
f 2271 1554 2289
f 2289 1554 1553
f 2289 1553 1552
f 2294 2295 1515
f 1515 2295 2296
f 1515 2296 1496
f 1496 2296 1497
f 1515 1517 2294
f 2294 1517 2297
f 2268 1493 2298
f 2298 1493 1527
f 2298 1527 1526
f 1530 1532 2299
f 2299 1532 1535
f 1526 1524 2298
f 2298 1524 1523
f 2298 1523 2300
f 2300 1523 1528
f 2300 1528 1530
f 1517 1519 2297
f 2297 1519 1521
f 2297 1521 2268
f 2268 1521 1522
f 2268 1522 1494
f 2301 2302 2303
f 2303 2302 2295
f 2303 2295 2304
f 2304 2295 2294
f 2304 2294 2305
f 2266 2268 2306
f 2306 2268 2298
f 2306 2298 2307
f 2308 2309 2300
f 1530 2299 2300
f 2300 2299 2310
f 2300 2310 2308
f 2309 2311 2300
f 2300 2311 2312
f 2300 2312 2298
f 2298 2312 2313
f 2298 2313 2307
f 2314 2297 2315
f 2315 2297 2268
f 2315 2268 2316
f 2316 2268 2267
f 2314 2317 2297
f 2297 2317 2318
f 2297 2318 2294
f 2294 2318 2319
f 2294 2319 2305
f 2265 1564 1561
f 2265 1561 2263
f 2263 1561 1559
f 2263 1559 1558
f 2320 2321 2322
f 2320 2322 2264
f 2264 2322 2323
f 2264 2323 2265
f 2265 2323 2324
f 2265 2324 2286
f 1535 1534 2299
f 2299 1534 1538
f 2299 1538 2273
f 2273 1538 1537
f 2273 1537 1540
f 2273 2272 2325
f 2273 2325 2299
f 2299 2325 2326
f 2299 2326 2310
f 1790 1681 1986
f 1986 1681 2327
f 1986 2327 1987
f 1987 2327 1988
f 1988 2327 1989
f 1989 2327 2328
f 1989 2328 1990
f 1990 2328 1991
f 1991 2328 2329
f 1991 2329 1992
f 1992 2329 1993
f 1993 2329 2330
f 1993 2330 1994
f 2331 1995 2330
f 2330 1995 1994
f 2331 2330 2332
f 2330 2329 2333
f 2329 2328 2334
f 2328 2327 2335
f 2327 1681 1683
f 2327 1683 2335
f 2335 1683 1685
f 2335 1685 2336
f 1685 1686 2336
f 2336 1686 1688
f 2336 1688 2337
f 1690 2338 1692
f 1692 2338 2337
f 1692 2337 1693
f 1693 2337 1688
f 1690 1689 2338
f 2338 1689 1695
f 2338 1695 2339
f 1695 1694 2339
f 2339 1694 1658
f 2339 1658 2340
f 2340 1658 1657
f 1657 1740 2340
f 2340 1740 1655
f 2340 1655 2341
f 1655 1654 2341
f 2341 1654 1652
f 2341 1652 2342
f 1652 1651 2342
f 2342 1651 1718
f 2342 1718 2343
f 2343 1718 1649
f 1649 1648 2343
f 2343 1648 1646
f 2343 1646 2344
f 1698 2345 1697
f 1697 2345 2344
f 1697 2344 1645
f 1645 2344 1646
f 1706 2346 2347
f 1698 1700 2345
f 2345 1700 1702
f 2345 1702 2347
f 2347 1702 1707
f 2347 1707 1706
f 1706 1704 2346
f 2346 1704 1710
f 2346 1710 2348
f 1710 1709 2348
f 2348 1709 1711
f 2348 1711 2349
f 2349 1711 1713
f 1713 1714 2349
f 2349 1714 1715
f 2349 1715 2350
f 1715 1716 2350
f 2350 1716 1717
f 2350 1717 2351
f 2328 2335 2334
f 2334 2335 2336
f 2334 2336 2352
f 2352 2336 2337
f 2352 2337 2353
f 2353 2337 2338
f 2353 2338 2354
f 2354 2338 2339
f 2354 2339 2355
f 2355 2339 2340
f 2355 2340 2356
f 2356 2340 2341
f 2356 2341 2357
f 2357 2341 2342
f 2357 2342 2358
f 2358 2342 2343
f 2358 2343 2359
f 2359 2343 2344
f 2359 2344 2360
f 2360 2344 2345
f 2360 2345 2361
f 2361 2345 2347
f 2361 2347 2362
f 2362 2347 2346
f 2362 2346 2363
f 2363 2346 2348
f 2363 2348 2364
f 2364 2348 2349
f 2364 2349 2365
f 2365 2349 2350
f 2365 2350 2366
f 2366 2350 2351
f 2366 2351 2367
f 2329 2334 2333
f 2333 2334 2352
f 2333 2352 2368
f 2368 2352 2353
f 2368 2353 2369
f 2369 2353 2354
f 2369 2354 2370
f 2370 2354 2355
f 2370 2355 2371
f 2371 2355 2356
f 2371 2356 2372
f 2372 2356 2357
f 2372 2357 2373
f 2373 2357 2358
f 2373 2358 2374
f 2374 2358 2359
f 2374 2359 2375
f 2375 2359 2360
f 2375 2360 2376
f 2376 2360 2361
f 2376 2361 2377
f 2377 2361 2362
f 2377 2362 2378
f 2378 2362 2363
f 2378 2363 2379
f 2379 2363 2364
f 2379 2364 2380
f 2380 2364 2365
f 2380 2365 2381
f 2381 2365 2366
f 2381 2366 2382
f 2382 2366 2367
f 2382 2367 2383
f 2330 2333 2332
f 2332 2333 2368
f 2332 2368 2384
f 2384 2368 2369
f 2384 2369 2385
f 2385 2369 2370
f 2385 2370 2386
f 2386 2370 2371
f 2386 2371 2387
f 2387 2371 2372
f 2387 2372 2388
f 2388 2372 2373
f 2388 2373 2389
f 2389 2373 2374
f 2389 2374 2390
f 2390 2374 2375
f 2390 2375 2391
f 2391 2375 2376
f 2391 2376 2392
f 2392 2376 2377
f 2392 2377 2393
f 2393 2377 2378
f 2393 2378 2394
f 2394 2378 2379
f 2394 2379 2395
f 2395 2379 2380
f 2395 2380 2396
f 2396 2380 2381
f 2396 2381 2397
f 2397 2381 2382
f 2397 2382 2398
f 2398 2382 2383
f 2398 2383 2399
f 2331 2332 2400
f 2400 2332 2384
f 2400 2384 2401
f 2401 2384 2385
f 2401 2385 2402
f 2402 2385 2386
f 2402 2386 2403
f 2403 2386 2387
f 2403 2387 2404
f 2404 2387 2388
f 2404 2388 2405
f 2405 2388 2389
f 2405 2389 2406
f 2406 2389 2390
f 2406 2390 2407
f 2407 2390 2391
f 2407 2391 2408
f 2408 2391 2392
f 2408 2392 2409
f 2409 2392 2393
f 2409 2393 2410
f 2410 2393 2394
f 2410 2394 2411
f 2411 2394 2395
f 2411 2395 2412
f 2412 2395 2396
f 2412 2396 2413
f 2413 2396 2397
f 2413 2397 2414
f 2414 2397 2398
f 2414 2398 2415
f 2415 2398 2399
f 2415 2399 2416
f 2417 2418 2399
f 2399 2418 2419
f 2399 2419 2416
f 2420 2383 2421
f 2421 2383 2367
f 2421 2367 2422
f 2420 2423 2383
f 2383 2423 2424
f 2383 2424 2399
f 2399 2424 2425
f 2399 2425 2417
f 1717 1766 2351
f 2351 1766 2426
f 2426 2427 2351
f 2351 2427 2428
f 2351 2428 2429
f 2429 2430 2351
f 2351 2430 2431
f 2351 2431 2367
f 2367 2431 2432
f 2367 2432 2422
f 2433 2434 1675
f 1675 2434 1676
f 1676 2434 2435
f 1676 2435 1677
f 1677 2435 2436
f 1677 2436 1669
f 2437 1672 2436
f 2436 1672 1674
f 2436 1674 1669
f 2438 1666 2437
f 2437 1666 1670
f 2437 1670 1672
f 2439 2440 1746
f 1746 1660 2439
f 2439 1660 1662
f 2439 1662 2438
f 2438 1662 1664
f 2438 1664 1666
f 2441 1743 2440
f 2440 1743 1747
f 2440 1747 1746
f 1758 1760 2442
f 2442 1760 1762
f 2442 1762 2441
f 2441 1762 1744
f 2441 1744 1743
f 1758 2442 1756
f 1756 2442 2443
f 1756 2443 1754
f 1754 2443 1752
f 1752 2443 2444
f 1752 2444 1750
f 1675 1730 2433
f 2433 1730 1741
f 2433 1741 2444
f 2444 1741 1742
f 2444 1742 1750
f 2445 2446 2447
f 2448 2449 2450
f 2451 2452 2453
f 2454 2455 2456
f 2457 2458 2459
f 2460 2461 2462
f 1815 1757 1755
f 1867 1866 2463
f 1861 2464 1862
f 1853 2465 1858
f 1828 1827 2466
f 1907 1889 1890
f 1966 1965 2467
f 2468 2469 2445
f 2470 2471 2472
f 2472 2471 2473
f 2472 2473 2474
f 2467 2470 2475
f 1966 2467 1967
f 2476 2477 1957
f 1957 1937 2476
f 2476 1937 1936
f 2476 1936 2478
f 2478 1936 1942
f 2478 1942 1967
f 2479 1950 2480
f 2480 1950 1959
f 2480 1959 2477
f 2477 1959 1958
f 2477 1958 1957
f 2481 1952 2479
f 2479 1952 1951
f 2479 1951 1950
f 2482 1934 2483
f 2483 1934 1961
f 2483 1961 1960
f 2484 1962 2482
f 2482 1962 1935
f 2482 1935 1934
f 1940 1956 2485
f 2485 1956 2486
f 2485 2486 2487
f 1955 1949 2488
f 2488 1949 1948
f 2488 1948 1964
f 1956 1955 2486
f 2486 1955 2488
f 2486 2488 2489
f 2489 2488 1964
f 2489 1964 2484
f 2484 1964 1963
f 2484 1963 1962
f 841 840 2487
f 840 845 2487
f 2487 845 847
f 2487 847 2485
f 2485 847 1941
f 2485 1941 1940
f 837 839 2490
f 2490 839 844
f 2490 844 843
f 826 836 2491
f 2491 836 835
f 2491 835 2492
f 2492 835 833
f 2492 833 832
f 829 830 2493
f 2493 830 831
f 2493 831 2491
f 2491 831 827
f 2491 827 826
f 1929 1928 2494
f 2494 1928 1927
f 2494 1927 2493
f 2493 1927 1926
f 2493 1926 829
f 2495 1921 1920
f 1920 1930 2496
f 1925 1924 2497
f 2497 1924 1923
f 2497 1923 2495
f 2495 1923 1922
f 2495 1922 1921
f 2498 1914 1925
f 2499 1918 1919
f 1919 1915 2500
f 2500 1915 1916
f 2500 1916 2498
f 2498 1916 1917
f 2498 1917 1914
f 2501 1911 2502
f 2502 1911 1912
f 2502 1912 2499
f 2499 1912 1913
f 2499 1913 1918
f 1908 1909 2501
f 2501 1909 1910
f 2501 1910 1911
f 1889 1907 1892
f 2501 1895 1894
f 1907 1908 1892
f 1892 1908 2501
f 1892 2501 1893
f 1893 2501 1894
f 2499 1876 1875
f 1875 1874 2499
f 2499 1874 1873
f 2499 1873 2502
f 2502 1873 1897
f 2502 1897 2501
f 2501 1897 1896
f 2501 1896 1895
f 1919 2500 2499
f 2499 2500 1877
f 2499 1877 1876
f 1881 1880 2498
f 2498 1880 1879
f 2498 1879 2500
f 2500 1879 1878
f 2500 1878 1877
f 1925 2497 2498
f 2498 2497 1882
f 2498 1882 1881
f 1887 1885 2495
f 2495 1885 1884
f 2495 1884 2497
f 2497 1884 1883
f 2497 1883 1882
f 1920 2496 2495
f 2495 2496 1888
f 2495 1888 1887
f 1821 1820 2496
f 2496 1820 1886
f 2496 1886 1888
f 1821 2496 1822
f 1822 2496 2503
f 1822 2503 1816
f 1825 1824 2504
f 2504 1824 1823
f 2504 1823 1817
f 1825 2504 1826
f 1826 2504 2505
f 1826 2505 1827
f 1833 1832 2506
f 2506 1832 1831
f 2506 1831 1830
f 1837 1836 2507
f 2507 1836 1835
f 2507 1835 2508
f 2508 1835 1834
f 2508 1834 1833
f 1837 2507 1838
f 1838 2507 2509
f 1838 2509 1839
f 1839 2509 1842
f 1842 2509 2510
f 1842 2510 1841
f 1841 2510 2511
f 1841 2511 1840
f 1840 2511 2512
f 1840 2512 1843
f 2513 1848 2514
f 2514 1848 1845
f 2514 1845 2512
f 2512 1845 1844
f 2512 1844 1843
f 1851 1846 2513
f 2513 1846 1847
f 2513 1847 1848
f 1854 1849 2515
f 2515 1849 1850
f 2515 1850 2516
f 2516 1850 1851
f 2516 1851 2517
f 2517 1851 2513
f 2465 1853 2515
f 2515 1853 1852
f 2515 1852 1854
f 1859 1855 2518
f 2518 1855 1856
f 2518 1856 2519
f 2519 1856 1857
f 2464 1861 2520
f 2520 1861 1860
f 2520 1860 1859
f 1866 1865 2463
f 2463 1865 1864
f 2463 1864 1863
f 1868 1867 2521
f 2522 1871 2523
f 2523 1871 1870
f 2523 1870 1869
f 1793 1794 2524
f 2524 1794 1795
f 2524 1795 2522
f 2522 1795 1872
f 2522 1872 1871
f 1796 2525 1797
f 1797 2525 1798
f 1798 2525 1799
f 1799 2525 2526
f 1799 2526 1791
f 1802 1801 2527
f 2527 1801 1800
f 2527 1800 1791
f 1802 2527 1803
f 1803 2527 2528
f 1803 2528 1804
f 1804 2528 1805
f 1805 2528 2529
f 1805 2529 1806
f 2530 1808 2529
f 2529 1808 1807
f 2529 1807 1806
f 1811 1810 2530
f 2530 1810 1809
f 2530 1809 1808
f 1763 1761 1814
f 1814 1761 1815
f 1815 1761 1759
f 1815 1759 1757
f 1814 1813 1763
f 1763 1813 1812
f 1763 1812 1764
f 1764 1812 1811
f 1764 1811 1745
f 1745 1811 2530
f 1745 2530 1749
f 1749 2530 2529
f 1749 2529 1748
f 1748 2529 1777
f 2527 1780 2528
f 2528 1780 1779
f 2528 1779 2529
f 2529 1779 1778
f 2529 1778 1777
f 1791 2526 2527
f 2527 2526 1771
f 2527 1771 1770
f 1770 1769 2527
f 2527 1769 1781
f 2527 1781 1780
f 1772 2531 1773
f 1773 2531 2532
f 1773 2532 1774
f 1774 2532 1775
f 1767 1768 2533
f 2533 1768 1765
f 2533 1765 1776
f 1767 2533 1766
f 1766 2533 2534
f 1766 2534 2426
f 2535 2429 2521
f 2521 2429 2428
f 2521 2428 2534
f 2534 2428 2427
f 2534 2427 2426
f 2422 2432 2535
f 2536 2420 2535
f 2535 2420 2421
f 2535 2421 2422
f 2432 2431 2535
f 2535 2431 2430
f 2535 2430 2429
f 2419 2418 2537
f 2537 2418 2417
f 2537 2417 2425
f 2425 2424 2537
f 2537 2424 2423
f 2537 2423 2538
f 2538 2423 2539
f 2538 2539 2540
f 2540 2539 2541
f 2540 2541 2542
f 2542 2541 2543
f 2543 2541 2544
f 2544 2541 2545
f 2544 2545 2546
f 2462 2461 2545
f 2545 2461 2547
f 2545 2547 2546
f 2460 2462 2548
f 2548 2462 2549
f 2548 2549 2550
f 2459 2458 2549
f 2549 2458 2551
f 2549 2551 2550
f 2457 2459 2552
f 2552 2459 2553
f 2552 2553 2554
f 2448 2555 2449
f 2449 2555 2556
f 2449 2556 2450
f 2450 2556 2557
f 2450 2557 2558
f 2559 2560 2448
f 2448 2560 2561
f 2448 2561 2555
f 2455 2562 2456
f 2456 2562 2563
f 2456 2563 2564
f 2564 2563 2565
f 2566 2567 2568
f 2568 2567 2569
f 2568 2569 2570
f 2571 2572 2573
f 2573 2572 2574
f 2573 2574 2575
f 2576 2577 2574
f 2574 2577 2578
f 2574 2578 2575
f 2574 2579 2576
f 2576 2579 2580
f 2576 2580 2581
f 2582 2583 2584
f 2584 2583 2585
f 2582 2584 2586
f 2586 2584 2587
f 2586 2587 2588
f 2469 2589 2445
f 2445 2589 2590
f 2445 2590 2446
f 2446 2590 2591
f 2446 2591 2592
f 1772 1771 2531
f 2531 1771 2526
f 2531 2526 2532
f 2532 2526 2525
f 2532 2525 2524
f 2524 2525 1796
f 2524 1796 1793
f 1869 1868 2523
f 2523 1868 2521
f 2523 2521 2522
f 2522 2521 2534
f 2522 2534 2524
f 2524 2534 2533
f 2524 2533 2532
f 2532 2533 1776
f 2532 1776 1775
f 2565 2593 2564
f 2564 2593 2594
f 2564 2594 2456
f 2456 2594 2595
f 2456 2595 2454
f 2454 2595 2596
f 2597 2553 2598
f 2598 2553 2459
f 2598 2459 2599
f 2599 2459 2549
f 2599 2549 2600
f 2600 2549 2462
f 2600 2462 2601
f 2601 2462 2545
f 2601 2545 2602
f 2602 2545 2541
f 2602 2541 2603
f 2603 2541 2539
f 2603 2539 2536
f 2536 2539 2423
f 2536 2423 2420
f 2604 2447 2605
f 2605 2447 2446
f 2605 2446 2453
f 2453 2446 2592
f 2453 2592 2451
f 2606 2607 2608
f 2608 2607 2609
f 2608 2609 2610
f 2610 2609 2611
f 2610 2611 2612
f 2612 2611 2613
f 2612 2613 2568
f 2568 2613 2614
f 2568 2614 2566
f 2566 2614 2615
f 2470 2472 2475
f 2475 2472 2616
f 2475 2616 2617
f 2617 2616 2618
f 2617 2618 2619
f 2619 2618 2620
f 2619 2620 2621
f 2621 2620 2622
f 2621 2622 2623
f 2624 2625 2626
f 2626 2625 2627
f 2626 2627 2628
f 2628 2627 2629
f 2628 2629 2630
f 2630 2629 2631
f 2630 2631 2632
f 2632 2631 2633
f 2632 2633 2634
f 2634 2633 2572
f 2634 2572 2635
f 2635 2572 2571
f 832 837 2492
f 2492 837 2490
f 2492 2490 2487
f 2487 2490 843
f 2487 843 841
f 1833 2506 2508
f 2508 2506 2636
f 2508 2636 2507
f 2507 2636 2637
f 2507 2637 2509
f 2509 2637 2638
f 2509 2638 2510
f 2510 2638 2639
f 2510 2639 2511
f 2511 2639 2640
f 2511 2640 2512
f 2512 2640 2641
f 2512 2641 2514
f 2514 2641 2642
f 2514 2642 2513
f 2513 2642 2643
f 2513 2643 2517
f 2517 2643 2644
f 2517 2644 2516
f 2516 2644 2645
f 2516 2645 2515
f 2515 2645 2519
f 2515 2519 2465
f 2465 2519 1857
f 2465 1857 1858
f 1827 2505 2466
f 2466 2505 2646
f 2466 2646 2647
f 2647 2646 2648
f 2647 2648 2649
f 2649 2648 2650
f 2649 2650 2651
f 2651 2650 2652
f 2651 2652 2653
f 2653 2652 2654
f 2653 2654 2655
f 2655 2654 2656
f 2655 2656 2657
f 2657 2656 2658
f 2657 2658 2659
f 2659 2658 2660
f 2659 2660 2661
f 2661 2660 2662
f 2661 2662 2663
f 2663 2662 2664
f 2663 2664 2665
f 2665 2664 2666
f 2665 2666 2667
f 2667 2666 2668
f 2667 2668 2669
f 2669 2668 2670
f 2669 2670 2520
f 2520 2670 2463
f 2520 2463 2464
f 2464 2463 1863
f 2464 1863 1862
f 2671 2604 2672
f 2672 2604 2605
f 2672 2605 2673
f 2673 2605 2453
f 2673 2453 2587
f 2587 2453 2452
f 2587 2452 2588
f 2557 2554 2558
f 2558 2554 2553
f 2558 2553 2674
f 2674 2553 2597
f 2674 2597 2675
f 2474 2468 2472
f 2472 2468 2445
f 2472 2445 2616
f 2616 2445 2447
f 2616 2447 2618
f 2618 2447 2604
f 2618 2604 2620
f 2620 2604 2671
f 2620 2671 2622
f 2625 2623 2627
f 2627 2623 2622
f 2627 2622 2629
f 2629 2622 2671
f 2629 2671 2631
f 2631 2671 2672
f 2631 2672 2633
f 2633 2672 2673
f 2633 2673 2572
f 2572 2673 2587
f 2572 2587 2574
f 2574 2587 2584
f 2574 2584 2579
f 2579 2584 2585
f 2579 2585 2580
f 2562 2559 2563
f 2563 2559 2448
f 2563 2448 2565
f 2565 2448 2450
f 2565 2450 2676
f 2676 2450 2558
f 2676 2558 2677
f 2677 2558 2674
f 2677 2674 2678
f 2678 2674 2675
f 2678 2675 2679
f 1967 2467 2478
f 2478 2467 2475
f 2478 2475 2476
f 2476 2475 2617
f 2476 2617 2477
f 2477 2617 2619
f 2477 2619 2480
f 2480 2619 2621
f 2480 2621 2479
f 2479 2621 2623
f 2479 2623 2481
f 2481 2623 2625
f 2481 2625 2680
f 2680 2625 2624
f 2680 2624 2681
f 2681 2624 2682
f 2681 2682 2683
f 1960 1952 2483
f 2483 1952 2481
f 2483 2481 2482
f 2482 2481 2680
f 2482 2680 2484
f 2484 2680 2681
f 2484 2681 2489
f 2489 2681 2683
f 2489 2683 2486
f 2570 2596 2568
f 2568 2596 2595
f 2568 2595 2612
f 2612 2595 2594
f 2612 2594 2610
f 2610 2594 2593
f 2610 2593 2608
f 2608 2593 2565
f 2608 2565 2606
f 2606 2565 2676
f 2606 2676 2684
f 2684 2676 2677
f 2684 2677 2685
f 2685 2677 2678
f 2685 2678 2686
f 2686 2678 2679
f 2686 2679 2687
f 2635 2615 2634
f 2634 2615 2614
f 2634 2614 2632
f 2632 2614 2613
f 2632 2613 2630
f 2630 2613 2611
f 2630 2611 2628
f 2628 2611 2609
f 2628 2609 2626
f 2626 2609 2607
f 2626 2607 2624
f 2624 2607 2606
f 2624 2606 2682
f 2682 2606 2684
f 2682 2684 2683
f 2683 2684 2685
f 2683 2685 2486
f 2486 2685 2686
f 2486 2686 2487
f 2487 2686 2687
f 2487 2687 2492
f 1859 2518 2520
f 2520 2518 2519
f 2520 2519 2669
f 2669 2519 2645
f 2669 2645 2667
f 2667 2645 2644
f 2667 2644 2665
f 2665 2644 2643
f 2665 2643 2663
f 2663 2643 2642
f 2663 2642 2661
f 2661 2642 2641
f 2661 2641 2659
f 2659 2641 2640
f 2659 2640 2657
f 2657 2640 2639
f 2657 2639 2655
f 2655 2639 2638
f 2655 2638 2653
f 2653 2638 2637
f 2653 2637 2651
f 2651 2637 2636
f 2651 2636 2649
f 2649 2636 2506
f 2649 2506 2647
f 2647 2506 1830
f 2647 1830 2466
f 2466 1830 1829
f 2466 1829 1828
f 1930 1929 2496
f 2496 1929 2494
f 2496 2494 2503
f 2503 2494 2493
f 2503 2493 2688
f 2688 2493 2491
f 1867 2463 2521
f 2521 2463 2670
f 2521 2670 2535
f 2535 2670 2668
f 2535 2668 2536
f 2536 2668 2666
f 2536 2666 2603
f 2603 2666 2664
f 2603 2664 2602
f 2602 2664 2662
f 2602 2662 2601
f 2601 2662 2660
f 2601 2660 2600
f 2600 2660 2658
f 2600 2658 2599
f 2599 2658 2656
f 2599 2656 2598
f 2598 2656 2654
f 2598 2654 2597
f 2597 2654 2652
f 2597 2652 2675
f 2675 2652 2650
f 2675 2650 2679
f 2679 2650 2648
f 2679 2648 2687
f 2687 2648 2646
f 2687 2646 2492
f 2492 2646 2505
f 2492 2505 2491
f 2491 2505 2504
f 2491 2504 2688
f 2688 2504 1817
f 2688 1817 2503
f 2503 1817 1816
f 1971 2689 2690
f 2589 2469 2691
f 1944 1943 2692
f 1933 1932 1985
f 1954 1953 2693
f 2693 1953 1945
f 2691 2694 1946
f 2471 1938 2694
f 2694 1938 1947
f 2694 1947 1946
f 2471 2470 1938
f 1938 2470 2467
f 1938 2467 1939
f 1939 2467 1965
f 2469 2468 2691
f 2691 2468 2474
f 2691 2474 2694
f 2694 2474 2473
f 2694 2473 2471
f 2451 2592 2695
f 2695 2592 2591
f 2695 2591 2691
f 2691 2591 2590
f 2691 2590 2589
f 2585 2583 2696
f 2696 2583 2582
f 2582 2586 2696
f 2696 2586 2588
f 2696 2588 2695
f 2695 2588 2452
f 2695 2452 2451
f 2585 2696 2580
f 2580 2696 2697
f 2580 2697 2581
f 2698 2699 2696
f 2696 2699 2700
f 2696 2700 2697
f 2701 2702 2703
f 2703 2702 2704
f 2703 2704 2705
f 2706 2707 2701
f 2701 2707 2708
f 2701 2708 2702
f 1972 1971 1973
f 1973 1971 2690
f 1973 2690 1974
f 1974 2690 1975
f 1969 1968 2705
f 2705 1968 1981
f 2705 1981 2703
f 2703 1981 1980
f 2703 1980 1979
f 2690 2709 1975
f 1975 2709 2706
f 1975 2706 1976
f 1976 2706 2701
f 1976 2701 1977
f 1977 2701 2703
f 1977 2703 1978
f 1978 2703 1979
f 1943 1933 2692
f 2692 1933 1985
f 2692 1985 2710
f 1945 1944 2693
f 2693 1944 2692
f 2693 2692 2711
f 2711 2692 2710
f 2711 2710 2712
f 1985 1984 2710
f 2710 1984 1983
f 2710 1983 1982
f 1982 1969 2710
f 2710 1969 2705
f 2710 2705 2712
f 2712 2705 2704
f 2712 2704 2713
f 2713 2698 2712
f 2712 2698 2696
f 2712 2696 2711
f 2711 2696 2695
f 2711 2695 2693
f 2693 2695 2691
f 2693 2691 1954
f 1954 2691 1946
f 2714 2715 2689
f 2689 2715 2716
f 2716 2717 2689
f 2689 2717 2718
f 2689 2718 2690
f 2690 2718 2719
f 2690 2719 2709
f 2709 2719 2706
f 2704 2702 2720
f 2720 2702 2708
f 2720 2708 2719
f 2719 2708 2707
f 2719 2707 2706
f 2022 2021 2721
f 2063 2027 2722
f 2723 2263 1558
f 2724 2725 2726
f 2321 2320 2727
f 2727 2320 2728
f 2727 2728 2729
f 2729 2728 2730
f 2730 2728 2731
f 2730 2731 2732
f 2733 2734 2735
f 2735 2734 2736
f 2735 2736 2731
f 2731 2736 2737
f 2731 2737 2732
f 2733 2735 2738
f 2738 2735 2739
f 2738 2739 2740
f 2741 2742 2739
f 2739 2742 2743
f 2739 2743 2740
f 2744 2745 2746
f 2744 2746 2747
f 2748 2749 2750
f 2750 2749 2751
f 2750 2751 2752
f 2753 2754 2755
f 2755 2754 2756
f 2753 2757 2754
f 2754 2757 2758
f 2754 2758 2759
f 2759 2758 2760
f 2759 2760 2748
f 2756 2754 2761
f 2761 2754 2762
f 2761 2762 2763
f 2764 2765 2766
f 2767 2768 2769
f 2769 2768 2764
f 2769 2764 2770
f 2770 2764 2766
f 2771 2772 2764
f 2764 2772 2773
f 2764 2773 2765
f 2774 2775 2771
f 2771 2775 2776
f 2771 2776 2772
f 2777 2778 2779
f 2779 2778 2780
f 2779 2780 2774
f 2774 2780 2781
f 2774 2781 2775
f 2726 2725 2779
f 2779 2725 2782
f 2779 2782 2777
f 2151 2150 2783
f 2151 2783 2726
f 2726 2783 2784
f 2726 2784 2724
f 2043 2785 2044
f 2044 2785 2786
f 2044 2786 2038
f 2048 2787 2047
f 2047 2787 2788
f 2043 2041 2785
f 2785 2041 2040
f 2785 2040 2788
f 2788 2040 2045
f 2788 2045 2047
f 2789 2051 2004
f 2789 2004 2790
f 2054 2791 2055
f 2055 2791 2792
f 2004 2003 2790
f 2790 2003 2072
f 2790 2072 2792
f 2792 2072 2057
f 2792 2057 2055
f 2162 2793 2140
f 2146 2140 2791
f 2791 2140 2793
f 2791 2793 2792
f 2792 2793 2794
f 2792 2794 2790
f 2790 2794 2795
f 2790 2795 2789
f 2789 2795 2796
f 2789 2796 2787
f 2787 2796 2797
f 2787 2797 2788
f 2788 2797 2762
f 2788 2762 2785
f 2785 2762 2754
f 2785 2754 2786
f 2786 2754 2759
f 2048 2050 2787
f 2787 2050 2053
f 2787 2053 2789
f 2789 2053 2052
f 2789 2052 2051
f 2264 2263 2798
f 2798 2263 2723
f 2798 2723 2799
f 2799 2723 2721
f 2799 2721 2800
f 2801 2802 2803
f 2021 2063 2721
f 2721 2063 2722
f 2721 2722 2800
f 2800 2722 2746
f 1558 2020 2723
f 2723 2020 2019
f 2723 2019 2721
f 2721 2019 2024
f 2721 2024 2022
f 2802 2030 2029
f 2029 2804 2802
f 2802 2804 2750
f 2802 2750 2803
f 2803 2750 2752
f 2803 2752 2805
f 2026 2033 2801
f 2801 2033 2032
f 2801 2032 2802
f 2802 2032 2031
f 2802 2031 2030
f 2027 2026 2722
f 2722 2026 2801
f 2722 2801 2746
f 2746 2801 2803
f 2746 2803 2747
f 2747 2803 2805
f 2745 2741 2746
f 2746 2741 2739
f 2746 2739 2800
f 2800 2739 2735
f 2800 2735 2799
f 2799 2735 2731
f 2799 2731 2798
f 2798 2731 2728
f 2798 2728 2264
f 2264 2728 2320
f 1242 2146 2059
f 2059 2146 2791
f 2059 2791 2058
f 2058 2791 2054
f 2161 2152 2726
f 2726 2152 2151
f 2162 2161 2793
f 2793 2161 2726
f 2793 2726 2794
f 2794 2726 2779
f 2794 2779 2795
f 2795 2779 2774
f 2795 2774 2796
f 2796 2774 2771
f 2796 2771 2797
f 2797 2771 2764
f 2797 2764 2762
f 2762 2764 2768
f 2762 2768 2763
f 2763 2768 2767
f 2029 2034 2804
f 2804 2034 2036
f 2804 2036 2039
f 2748 2750 2759
f 2759 2750 2804
f 2759 2804 2786
f 2786 2804 2039
f 2786 2039 2038
f 2806 2807 2808
f 2806 2808 2809
f 2810 2811 2812
f 2812 2811 2813
f 2812 2813 2814
f 2814 2813 2815
f 2814 2815 2816
f 2816 2815 2817
f 2816 2817 2818
f 2818 2817 2819
f 2818 2819 2820
f 2820 2819 2808
f 2808 2819 2821
f 2808 2821 2809
f 2822 2823 2807
f 2807 2823 2824
f 2807 2824 2808
f 2825 2826 2822
f 2822 2826 2827
f 2822 2827 2823
f 2109 2089 2828
f 2109 2828 2110
f 2089 2088 2828
f 2828 2088 2120
f 2828 2120 2829
f 2822 2830 2825
f 2825 2830 2828
f 2825 2828 2831
f 2831 2828 2829
f 2114 2113 2832
f 2832 2113 2112
f 2832 2112 2828
f 2828 2112 2111
f 2828 2111 2110
f 2833 2117 2834
f 2834 2117 2115
f 2834 2115 2835
f 2836 2837 2100
f 2833 2838 2117
f 2117 2838 2839
f 2117 2839 2118
f 2118 2839 2840
f 2118 2840 2096
f 2096 2840 2841
f 2096 2841 2097
f 2097 2841 2842
f 2097 2842 2099
f 2099 2842 2843
f 2099 2843 2100
f 2100 2843 2844
f 2100 2844 2836
f 2845 2101 2846
f 2846 2101 2100
f 2846 2100 2847
f 2847 2100 2837
f 2845 2848 2101
f 2101 2848 2849
f 2101 2849 2103
f 2103 2849 2850
f 2103 2850 2104
f 2104 2850 2851
f 2104 2851 2174
f 2174 2851 2852
f 2852 2853 2174
f 2174 2853 2854
f 2174 2854 2855
f 2855 2856 2174
f 2174 2856 2857
f 2174 2857 2858
f 2858 2859 2174
f 2174 2859 2860
f 2174 2860 2175
f 2175 2860 2861
f 2175 2861 2172
f 2861 2862 2172
f 2172 2862 2863
f 2172 2863 2173
f 2173 2863 2864
f 2173 2864 2170
f 2170 2864 2865
f 2865 2866 2170
f 2170 2866 2867
f 2170 2867 2168
f 2168 2867 2868
f 2168 2868 2163
f 2163 2868 2164
f 2164 2868 2869
f 2164 2869 2166
f 2166 2869 2870
f 2166 2870 2167
f 2167 2870 2871
f 2167 2871 2157
f 2871 2872 2157
f 2157 2872 2873
f 2157 2873 2155
f 2155 2873 2874
f 2155 2874 2153
f 2875 2784 2783
f 2783 2150 2875
f 2875 2150 2149
f 2875 2149 2148
f 2148 2160 2875
f 2875 2160 2159
f 2875 2159 2874
f 2874 2159 2158
f 2874 2158 2153
f 2876 2777 2782
f 2876 2782 2877
f 2782 2725 2877
f 2877 2725 2724
f 2877 2724 2878
f 2878 2724 2784
f 2878 2784 2879
f 2879 2784 2875
f 2879 2875 2880
f 2777 2876 2778
f 2778 2876 2881
f 2778 2881 2882
f 2882 2883 2778
f 2778 2883 2884
f 2778 2884 2780
f 2780 2884 2885
f 2780 2885 2781
f 2781 2885 2775
f 2775 2885 2886
f 2775 2886 2776
f 2773 2772 2887
f 2887 2772 2776
f 2887 2776 2888
f 2888 2776 2886
f 2873 2889 2874
f 2874 2889 2890
f 2874 2890 2875
f 2875 2890 2891
f 2875 2891 2880
f 2830 2892 2828
f 2828 2892 2893
f 2828 2893 2894
f 2894 2895 2828
f 2828 2895 2896
f 2828 2896 2832
f 2832 2896 2897
f 2832 2897 2114
f 2114 2897 2898
f 2114 2898 2093
f 2093 2898 2899
f 2093 2899 2094
f 2094 2899 2900
f 2094 2900 2105
f 2105 2900 2901
f 2105 2901 2107
f 2107 2901 2835
f 2107 2835 2108
f 2108 2835 2115
f 2228 2229 2902
f 2225 2226 2903
f 2904 2905 2906
f 2907 2908 2909
f 2910 2911 2912
f 2913 2914 2915
f 2831 2916 2825
f 2825 2916 2826
f 2177 2829 2119
f 2119 2829 2120
f 2808 2824 2917
f 2917 2824 2823
f 2917 2823 2916
f 2916 2823 2827
f 2916 2827 2826
f 2918 2919 2814
f 2814 2816 2918
f 2918 2816 2818
f 2918 2818 2917
f 2917 2818 2820
f 2917 2820 2808
f 2920 2921 2922
f 2922 2921 2810
f 2922 2810 2919
f 2919 2810 2812
f 2919 2812 2814
f 2914 2913 2922
f 2922 2913 2923
f 2922 2923 2920
f 2924 2925 2926
f 2926 2927 2906
f 2928 2929 2930
f 2930 2929 2931
f 2931 2932 2924
f 2924 2932 2933
f 2924 2933 2925
f 2934 2935 2936
f 2912 2911 2937
f 2912 2937 2938
f 2939 2940 2941
f 2941 2940 2942
f 2941 2942 2910
f 2943 2944 2945
f 2945 2944 2946
f 2909 2908 2945
f 2945 2908 2947
f 2945 2947 2943
f 2948 2949 2950
f 2950 2949 2951
f 2950 2951 2952
f 2948 2953 2949
f 2949 2953 2954
f 2949 2954 2909
f 2909 2954 2955
f 2909 2955 2907
f 2952 2951 2956
f 2956 2951 2302
f 2956 2302 2301
f 2229 2957 2902
f 2902 2957 2934
f 2902 2934 2930
f 2930 2934 2936
f 2930 2936 2928
f 2229 2187 2957
f 2957 2187 2186
f 2957 2186 2233
f 2233 2958 2957
f 2957 2958 2912
f 2957 2912 2934
f 2934 2912 2938
f 2934 2938 2935
f 2237 2236 2959
f 2959 2236 2235
f 2959 2235 2960
f 2961 2184 2183
f 2961 2183 2962
f 2235 2234 2960
f 2960 2234 2240
f 2960 2240 2961
f 2961 2240 2239
f 2961 2239 2184
f 2296 2295 2962
f 2962 2295 2963
f 2962 2963 2961
f 2961 2963 2964
f 2961 2964 2960
f 2960 2964 2965
f 2960 2965 2959
f 2959 2965 2941
f 2233 2232 2958
f 2958 2232 2231
f 2958 2231 2230
f 2910 2912 2941
f 2941 2912 2958
f 2941 2958 2959
f 2959 2958 2230
f 2959 2230 2237
f 2966 2967 2968
f 2968 2967 2969
f 2968 2969 2970
f 2970 2971 2972
f 2972 2971 2973
f 2972 2973 2974
f 2080 1291 2207
f 2080 2207 2967
f 2080 2967 2136
f 2970 2969 2971
f 2971 2969 2210
f 2971 2210 2209
f 2207 2206 2967
f 2967 2206 2205
f 2967 2205 2969
f 2969 2205 2204
f 2969 2204 2210
f 2211 2216 2973
f 2973 2216 2904
f 2973 2904 2974
f 2974 2904 2906
f 2905 2219 2223
f 2926 2906 2924
f 2924 2906 2905
f 2924 2905 2903
f 2903 2905 2223
f 2903 2223 2225
f 2216 2218 2904
f 2904 2218 2222
f 2904 2222 2905
f 2905 2222 2220
f 2905 2220 2219
f 2209 2215 2971
f 2971 2215 2214
f 2971 2214 2973
f 2973 2214 2212
f 2973 2212 2211
f 2177 2176 2966
f 2966 2176 2137
f 2966 2137 2967
f 2967 2137 2136
f 2927 2915 2906
f 2906 2915 2914
f 2906 2914 2974
f 2974 2914 2922
f 2974 2922 2972
f 2972 2922 2919
f 2972 2919 2970
f 2970 2919 2918
f 2970 2918 2968
f 2968 2918 2917
f 2968 2917 2966
f 2966 2917 2916
f 2966 2916 2177
f 2177 2916 2831
f 2177 2831 2829
f 1497 2296 2241
f 2241 2296 2962
f 2241 2962 2242
f 2242 2962 2183
f 2295 2302 2963
f 2963 2302 2951
f 2963 2951 2964
f 2964 2951 2949
f 2964 2949 2965
f 2965 2949 2909
f 2965 2909 2941
f 2941 2909 2945
f 2941 2945 2939
f 2939 2945 2946
f 2931 2924 2930
f 2930 2924 2903
f 2930 2903 2902
f 2902 2903 2226
f 2902 2226 2228
f 2975 2976 2977
f 2978 2715 2714
f 2317 2314 2979
f 2980 2981 2714
f 2714 2981 2317
f 2714 2317 2978
f 2978 2317 2979
f 2267 2982 2316
f 2316 2982 2983
f 2316 2983 2984
f 2314 2315 2979
f 2979 2315 2316
f 2979 2316 2985
f 2985 2316 2984
f 2986 2306 2987
f 2987 2306 2307
f 2267 2266 2982
f 2982 2266 2306
f 2982 2306 2988
f 2988 2306 2986
f 2307 2313 2987
f 2987 2313 2312
f 2987 2312 2989
f 2989 2312 2990
f 2309 2308 2991
f 2990 2312 2991
f 2991 2312 2311
f 2991 2311 2309
f 2325 2992 2326
f 2326 2992 2993
f 2326 2993 2310
f 2310 2993 2994
f 2310 2994 2308
f 2308 2994 2995
f 2308 2995 2991
f 2272 2996 2997
f 2272 2997 2325
f 2325 2997 2992
f 2998 2999 2281
f 2281 2999 3000
f 2281 3000 2282
f 2282 3000 2996
f 2282 2996 2274
f 2274 2996 2272
f 2278 3001 2279
f 2279 3001 2998
f 2279 2998 2280
f 2280 2998 2281
f 2276 3002 2278
f 2278 3002 3003
f 2278 3003 3001
f 3004 3005 2293
f 2293 3005 3006
f 2293 3006 2269
f 2269 3006 3002
f 2269 3002 2270
f 2270 3002 2276
f 2293 2292 3004
f 3004 2292 2291
f 3004 2291 3007
f 3007 2291 2290
f 3007 2290 3008
f 2287 3009 2288
f 2288 3009 3010
f 2288 3010 2290
f 2290 3010 3011
f 2290 3011 3008
f 2283 3012 2287
f 2287 3012 3013
f 2287 3013 3009
f 3014 3015 2324
f 2324 3015 3016
f 2324 3016 2286
f 2286 3016 3012
f 2286 3012 2285
f 2285 3012 2283
f 2738 3017 2733
f 2733 3017 2734
f 2734 3017 2736
f 2736 3017 3018
f 2736 3018 2737
f 2737 3018 3019
f 2737 3019 2732
f 3020 3021 3022
f 3022 3021 3023
f 3022 3023 3014
f 3014 2324 3022
f 3022 2324 2323
f 3022 2323 2322
f 2322 2321 3022
f 3022 2321 2727
f 3022 2727 2729
f 3019 3020 2732
f 2732 3020 3022
f 2732 3022 2730
f 2730 3022 2729
f 2305 2319 2981
f 2981 2319 2318
f 2981 2318 2317
f 2305 2981 2304
f 2304 2981 3024
f 2304 3024 3025
f 2950 2977 2948
f 2948 2977 2953
f 2950 2952 2977
f 2977 2952 2956
f 2977 2956 2301
f 3025 2975 2304
f 2304 2975 2977
f 2304 2977 2303
f 2303 2977 2301
f 2976 3026 2977
f 2977 3026 3027
f 2977 3027 2953
f 2953 3027 3028
f 2953 3028 2954
f 2954 3028 2955
f 2955 3028 3029
f 2955 3029 2907
f 3029 3030 2907
f 2907 3030 3031
f 2907 3031 2908
f 2908 3031 3032
f 2908 3032 2947
f 3033 2980 2714
f 3034 3035 2443
f 3036 3037 2537
f 2537 3037 3038
f 2443 1995 2444
f 2444 1995 2433
f 3039 2537 3040
f 3040 2537 3041
f 3039 3042 2537
f 2537 3042 3043
f 2537 3043 3044
f 3044 3045 2537
f 2537 3045 3046
f 2537 3046 3036
f 3047 2419 3048
f 3048 2419 2537
f 3048 2537 3049
f 3049 2537 3038
f 3035 3050 2443
f 2443 3050 3051
f 2443 3051 3052
f 2412 2413 2438
f 2405 2406 2435
f 2435 2406 2436
f 3052 3033 2443
f 2443 3033 2714
f 2443 2714 1995
f 1995 2714 2689
f 1995 2689 1970
f 1970 2689 1971
f 2413 2414 2438
f 2438 2414 2415
f 2438 2415 2439
f 2439 2415 2416
f 2439 2416 2440
f 2440 2416 2419
f 2440 2419 2441
f 2441 2419 3047
f 2441 3047 2442
f 2442 3047 3053
f 2442 3053 2443
f 2443 3053 3054
f 2443 3054 3034
f 2405 2435 2404
f 2404 2435 2434
f 2404 2434 2403
f 2433 1995 2434
f 2434 1995 2331
f 2434 2331 2400
f 2412 2438 2411
f 2411 2438 2437
f 2411 2437 2410
f 2406 2407 2436
f 2436 2407 2408
f 2436 2408 2437
f 2437 2408 2409
f 2437 2409 2410
f 2400 2401 2434
f 2434 2401 2402
f 2434 2402 2403
f 3055 3041 2537
f 3056 3057 2537
f 2537 3057 3058
f 3058 3059 2537
f 2537 3059 3060
f 2537 3060 3055
f 2537 2538 3056
f 3056 2538 2540
f 3056 2540 3061
f 3061 2540 2542
f 3061 2542 2543
f 2543 2544 3061
f 3061 2544 2546
f 3061 2546 2547
f 2551 3061 2550
f 2550 3061 2548
f 2552 3062 2457
f 2457 3062 3061
f 2457 3061 2458
f 2458 3061 2551
f 2547 2461 3061
f 3061 2461 2460
f 3061 2460 2548
f 3063 3062 2552
f 3064 3065 2552
f 2552 3065 3066
f 2552 3066 3063
f 3067 2699 3068
f 3068 2699 2698
f 2720 3069 2704
f 2704 3069 3068
f 2704 3068 2713
f 2713 3068 2698
f 3067 2575 2578
f 3070 2567 2566
f 2552 2554 3064
f 3064 2554 2557
f 3064 2557 2556
f 2566 2615 3070
f 3070 2615 2635
f 3070 2635 3071
f 3071 2635 2571
f 3071 2571 3067
f 3067 2571 2573
f 3067 2573 2575
f 2578 2577 3067
f 3067 2577 2576
f 3067 2576 2581
f 3070 2454 2596
f 2581 2697 3067
f 3067 2697 2700
f 3067 2700 2699
f 2596 2570 3070
f 3070 2570 2569
f 3070 2569 2567
f 2560 2559 3064
f 3064 2559 2562
f 3064 2562 3070
f 3070 2562 2455
f 3070 2455 2454
f 2556 2555 3064
f 3064 2555 2561
f 3064 2561 2560
f 3072 3063 3066
f 3073 3074 3075
f 3076 3077 3078
f 3074 3073 3079
f 3079 3080 3081
f 3082 3080 3079
f 3077 3076 3079
f 2978 2716 2715
f 2758 2757 3083
f 2880 2891 3084
f 2863 2862 3085
f 2858 2857 3079
f 2855 3079 2856
f 3079 2855 2854
f 2857 2856 3079
f 2853 2852 3079
f 2851 2850 3079
f 3079 2850 2849
f 2845 3079 2848
f 3079 2845 2846
f 2849 2848 3079
f 2843 2842 3080
f 2932 3086 2933
f 3044 3087 3045
f 3042 3039 3088
f 3088 3039 3040
f 3089 3037 3090
f 3090 3037 3036
f 3090 3036 3087
f 3087 3036 3046
f 3087 3046 3045
f 3091 3048 3092
f 3092 3048 3049
f 3092 3049 3038
f 3093 3054 3094
f 3094 3054 3053
f 3094 3053 3091
f 3091 3053 3047
f 3091 3047 3048
f 3095 3035 3093
f 3093 3035 3034
f 3093 3034 3054
f 3052 3051 3095
f 3095 3051 3050
f 3095 3050 3035
f 3025 3033 3096
f 3096 3033 3052
f 3096 3052 3097
f 3025 3024 3033
f 3033 3024 2981
f 3033 2981 2980
f 3026 2976 3096
f 3096 2976 2975
f 3096 2975 3025
f 3026 3096 3027
f 3027 3096 3097
f 3027 3097 3028
f 3098 3032 3031
f 3031 3030 3098
f 3098 3030 3029
f 3098 3029 3028
f 3032 3098 2947
f 2947 3098 3099
f 2947 3099 2943
f 2910 2942 3100
f 3100 2942 2940
f 3100 2940 2939
f 2939 2946 3100
f 3100 2946 2944
f 3100 2944 2943
f 2910 3100 2911
f 2911 3100 3101
f 2935 2938 3102
f 3102 2938 2937
f 3102 2937 2911
f 2932 2931 3103
f 2931 2929 3103
f 3103 2929 2928
f 3103 2928 3102
f 3102 2928 2936
f 3102 2936 2935
f 2923 2913 3104
f 3104 2913 2915
f 2915 2927 3104
f 3104 2927 2926
f 3104 2926 3086
f 3086 2926 2925
f 3086 2925 2933
f 2811 2810 3105
f 3105 2810 2921
f 3105 2921 3104
f 3104 2921 2920
f 3104 2920 2923
f 2821 2819 3106
f 2819 2817 3106
f 3106 2817 2815
f 3106 2815 3105
f 3105 2815 2813
f 3105 2813 2811
f 3107 2830 2822
f 2822 2807 3107
f 3107 2807 2806
f 3107 2806 3108
f 3108 2806 2809
f 3108 2809 2821
f 2830 3107 2892
f 2892 3107 3109
f 2892 3109 2893
f 2896 2895 3109
f 3109 2895 2894
f 3109 2894 2893
f 2896 3109 2897
f 2897 3109 3110
f 2897 3110 2898
f 2833 2834 3111
f 2834 2835 3111
f 3111 2835 2901
f 3111 2901 2900
f 3112 2839 3111
f 3111 2839 2838
f 3111 2838 2833
f 3080 2842 3081
f 3081 2842 2841
f 3081 2841 2840
f 3079 2837 2836
f 2843 3080 2844
f 2844 3080 3082
f 2844 3082 2836
f 2836 3082 3079
f 2847 2837 3079
f 2846 2847 3079
f 2852 2851 3079
f 2854 2853 3079
f 2859 2858 3079
f 2861 2860 3113
f 3113 2860 2859
f 3113 2859 3079
f 2862 2861 3085
f 3085 2861 3113
f 3085 3113 3079
f 2864 2863 3114
f 3115 2866 2865
f 2869 2868 3115
f 3115 2868 2867
f 3115 2867 2866
f 2891 2890 3116
f 3116 2890 2889
f 3116 2889 2873
f 2880 3084 2879
f 2884 2883 3117
f 3117 2883 2882
f 2881 2876 3118
f 3118 2876 2877
f 3118 2877 2878
f 3119 2886 2885
f 2766 2765 3120
f 2765 2773 3120
f 3120 2773 2887
f 3120 2887 2888
f 2761 2763 3121
f 3121 2763 2767
f 2767 2769 3121
f 3121 2769 2770
f 3121 2770 2766
f 2757 2753 3083
f 3083 2753 2755
f 3083 2755 2756
f 2748 2760 3122
f 2747 2805 3123
f 2805 2752 3123
f 3123 2752 2751
f 3123 2751 2749
f 2738 2740 3124
f 3124 2740 2743
f 3124 2743 2742
f 2742 2741 3124
f 3124 2741 2745
f 3124 2745 2744
f 3020 3019 3125
f 3125 3019 3018
f 3125 3018 3017
f 3016 3015 3126
f 3126 3015 3014
f 3126 3014 3023
f 3010 3009 3127
f 3127 3009 3013
f 3127 3013 3012
f 3006 3005 3128
f 3128 3005 3004
f 3004 3007 3128
f 3128 3007 3008
f 3128 3008 3011
f 3001 3003 3129
f 3129 3003 3002
f 2997 3130 3131
f 3131 3130 3132
f 2997 2996 3130
f 3130 2996 3000
f 3130 3000 3132
f 3132 3000 2999
f 3132 2999 2998
f 3133 2992 3131
f 3131 2992 2997
f 2990 2991 3133
f 3133 2991 2995
f 2995 2994 3133
f 3133 2994 2993
f 3133 2993 2992
f 3134 3135 2988
f 2988 2986 3134
f 3134 2986 2987
f 3134 2987 2989
f 2979 2985 3135
f 3135 2985 2984
f 2984 2983 3135
f 3135 2983 2982
f 3135 2982 2988
f 2716 2978 2717
f 2978 2979 2717
f 2717 2979 3135
f 2717 3135 2718
f 2718 3135 3134
f 2718 3134 2719
f 3056 3061 3136
f 3137 3078 3138
f 3138 3078 3077
f 3138 3077 3139
f 3139 3077 3079
f 3140 3075 3141
f 3141 3075 3074
f 3141 3074 3142
f 3142 3074 3079
f 3143 3137 3144
f 3144 3137 3138
f 3144 3138 3145
f 3145 3138 3139
f 3145 3139 3146
f 3146 3139 3079
f 3079 3112 3147
f 3147 3112 3111
f 3147 3111 3148
f 3148 3111 2900
f 3148 2900 3110
f 3110 2900 2899
f 3110 2899 2898
f 2873 2872 3116
f 3116 2872 2871
f 3116 2871 3115
f 3115 2871 2870
f 3115 2870 2869
f 3149 3140 3150
f 3150 3140 3141
f 3150 3141 3151
f 3151 3141 3142
f 3151 3142 3152
f 3152 3142 3079
f 3153 3136 3154
f 3154 3136 3061
f 3154 3061 3062
f 3057 3056 3155
f 3155 3056 3136
f 3155 3136 3156
f 3156 3136 3153
f 3156 3153 3157
f 3058 3057 3158
f 3158 3057 3155
f 3158 3155 3159
f 3159 3155 3156
f 3159 3156 3160
f 3160 3156 3157
f 3160 3157 3161
f 3059 3058 3162
f 3162 3058 3158
f 3162 3158 3163
f 3163 3158 3159
f 3163 3159 3164
f 3164 3159 3160
f 3164 3160 3165
f 3165 3160 3161
f 3165 3161 3079
f 3166 3167 3168
f 3168 3167 3169
f 3168 3169 3170
f 3170 3169 3171
f 3170 3171 3172
f 3172 3171 3173
f 3172 3173 3060
f 3060 3173 3055
f 3041 3055 3174
f 3174 3055 3173
f 3174 3173 3175
f 3175 3173 3171
f 3175 3171 3176
f 3176 3171 3169
f 3176 3169 3177
f 3177 3169 3167
f 3177 3167 3079
f 3166 3079 3167
f 3072 3149 3178
f 3178 3149 3150
f 3178 3150 3179
f 3179 3150 3151
f 3179 3151 3180
f 3180 3151 3152
f 3180 3152 3181
f 3181 3152 3079
f 3182 3079 3073
f 3063 3072 3062
f 3062 3072 3178
f 3062 3178 3154
f 3154 3178 3179
f 3154 3179 3153
f 3153 3179 3180
f 3153 3180 3157
f 3157 3180 3181
f 3157 3181 3161
f 3161 3181 3079
f 3060 3059 3172
f 3172 3059 3162
f 3172 3162 3170
f 3170 3162 3163
f 3170 3163 3168
f 3168 3163 3164
f 3168 3164 3166
f 3166 3164 3165
f 3166 3165 3079
f 2821 3106 3108
f 3108 3106 3183
f 3108 3183 3107
f 3107 3183 3184
f 3107 3184 3109
f 3109 3184 3185
f 3109 3185 3110
f 3110 3185 3186
f 3110 3186 3148
f 3148 3186 3187
f 3148 3187 3147
f 3147 3187 3079
f 2840 2839 3081
f 3081 2839 3112
f 3081 3112 3079
f 2885 2884 3119
f 3119 2884 3117
f 3119 3117 3118
f 3118 3117 2882
f 3118 2882 2881
f 3182 3073 3188
f 3188 3073 3075
f 3188 3075 3189
f 3189 3075 3140
f 3189 3140 3190
f 3190 3140 3149
f 3190 3149 3191
f 3191 3149 3072
f 3191 3072 3192
f 3192 3072 3066
f 3192 3066 3065
f 3193 3079 3182
f 3193 3182 3194
f 3194 3182 3188
f 3194 3188 3195
f 3195 3188 3189
f 3195 3189 3196
f 3196 3189 3190
f 3196 3190 3197
f 3197 3190 3191
f 3197 3191 3198
f 3198 3191 3192
f 3198 3192 3199
f 3199 3192 3065
f 3199 3065 3064
f 3200 3079 3193
f 3200 3193 3201
f 3201 3193 3194
f 3201 3194 3202
f 3202 3194 3195
f 3202 3195 3203
f 3203 3195 3196
f 3203 3196 3204
f 3204 3196 3197
f 3204 3197 3205
f 3205 3197 3198
f 3205 3198 3206
f 3206 3198 3199
f 3206 3199 3207
f 3207 3199 3064
f 3207 3064 3070
f 3208 3079 3200
f 2932 3103 3086
f 3086 3103 3209
f 3086 3209 3104
f 3104 3209 3210
f 3104 3210 3105
f 3105 3210 3211
f 3105 3211 3106
f 3106 3211 3212
f 3106 3212 3183
f 3183 3212 3143
f 3183 3143 3184
f 3184 3143 3144
f 3184 3144 3185
f 3185 3144 3145
f 3185 3145 3186
f 3186 3145 3146
f 3186 3146 3187
f 3187 3146 3079
f 2760 2758 3122
f 3122 2758 3083
f 3122 3083 3121
f 3121 3083 2756
f 3121 2756 2761
f 3208 3200 3213
f 3213 3200 3201
f 3213 3201 3214
f 3214 3201 3202
f 3214 3202 3215
f 3215 3202 3203
f 3215 3203 3216
f 3216 3203 3204
f 3216 3204 3217
f 3217 3204 3205
f 3217 3205 3218
f 3218 3205 3206
f 3218 3206 3219
f 3219 3206 3207
f 3219 3207 3220
f 3220 3207 3070
f 3220 3070 3071
f 3221 3079 3208
f 2911 3101 3102
f 3102 3101 3222
f 3102 3222 3103
f 3103 3222 3223
f 3103 3223 3209
f 3209 3223 3224
f 3209 3224 3210
f 3210 3224 3225
f 3210 3225 3211
f 3211 3225 3226
f 3211 3226 3212
f 2744 2747 3227
f 3227 2747 3123
f 3227 3123 3122
f 3122 3123 2749
f 3122 2749 2748
f 3221 3208 3228
f 3228 3208 3213
f 3228 3213 3229
f 3229 3213 3214
f 3229 3214 3230
f 3230 3214 3215
f 3230 3215 3231
f 3231 3215 3216
f 3231 3216 3232
f 3232 3216 3217
f 3232 3217 3233
f 3233 3217 3218
f 3233 3218 3234
f 3234 3218 3219
f 3234 3219 3235
f 3235 3219 3220
f 3235 3220 3236
f 3236 3220 3071
f 3236 3071 3067
f 3237 3079 3221
f 2943 3099 3100
f 3100 3099 3238
f 3100 3238 3101
f 3101 3238 3239
f 3101 3239 3222
f 3222 3239 3240
f 3222 3240 3223
f 3223 3240 3241
f 3223 3241 3224
f 3224 3241 3242
f 3224 3242 3225
f 3225 3242 3088
f 3225 3088 3226
f 3226 3088 3040
f 3226 3040 3212
f 3212 3040 3041
f 3212 3041 3143
f 3143 3041 3174
f 3143 3174 3137
f 3137 3174 3175
f 3137 3175 3078
f 3078 3175 3176
f 3078 3176 3076
f 3076 3176 3177
f 3076 3177 3079
f 2744 3227 3124
f 3124 3227 3243
f 3124 3243 2738
f 3237 3221 3244
f 3244 3221 3228
f 3244 3228 3245
f 3245 3228 3229
f 3245 3229 3246
f 3246 3229 3230
f 3246 3230 3247
f 3247 3230 3231
f 3247 3231 3248
f 3248 3231 3232
f 3248 3232 3249
f 3249 3232 3233
f 3249 3233 3250
f 3250 3233 3234
f 3250 3234 3251
f 3251 3234 3235
f 3251 3235 3252
f 3252 3235 3236
f 3252 3236 3253
f 3253 3236 3067
f 3253 3067 3068
f 3114 3079 3237
f 2863 3085 3114
f 3114 3085 3079
f 3052 3095 3097
f 3097 3095 3093
f 3097 3093 3254
f 3254 3093 3094
f 3254 3094 3255
f 3255 3094 3091
f 3255 3091 3256
f 3256 3091 3092
f 3256 3092 3089
f 3089 3092 3038
f 3089 3038 3037
f 3028 3097 3098
f 3098 3097 3254
f 3098 3254 3099
f 3099 3254 3255
f 3099 3255 3238
f 3238 3255 3256
f 3238 3256 3239
f 3239 3256 3089
f 3239 3089 3240
f 3240 3089 3090
f 3240 3090 3241
f 3241 3090 3087
f 3241 3087 3242
f 3242 3087 3044
f 3242 3044 3088
f 3088 3044 3043
f 3088 3043 3042
f 3021 3020 3257
f 3257 3020 3125
f 3257 3125 3243
f 3243 3125 3017
f 3243 3017 2738
f 2864 3114 2865
f 2865 3114 3237
f 2865 3237 3115
f 3115 3237 3244
f 3115 3244 3116
f 3116 3244 3245
f 3116 3245 3258
f 3258 3245 3246
f 3258 3246 3259
f 3259 3246 3247
f 3259 3247 3260
f 3260 3247 3248
f 3260 3248 3261
f 3261 3248 3249
f 3261 3249 3262
f 3262 3249 3250
f 3262 3250 3263
f 3263 3250 3251
f 3263 3251 3264
f 3264 3251 3252
f 3264 3252 3265
f 3265 3252 3253
f 3265 3253 3266
f 3266 3253 3068
f 3266 3068 3069
f 3012 3016 3127
f 3127 3016 3126
f 3127 3126 3257
f 3257 3126 3023
f 3257 3023 3021
f 2766 3120 3121
f 3121 3120 3267
f 3121 3267 3122
f 3122 3267 3268
f 3122 3268 3227
f 3227 3268 3269
f 3227 3269 3243
f 3243 3269 3270
f 3243 3270 3257
f 3257 3270 3271
f 3257 3271 3127
f 3127 3271 3272
f 3127 3272 3010
f 3002 3006 3129
f 3129 3006 3128
f 3129 3128 3272
f 3272 3128 3011
f 3272 3011 3010
f 2998 3001 3132
f 3132 3001 3129
f 3132 3129 3273
f 3273 3129 3272
f 3273 3272 3274
f 3274 3272 3271
f 3274 3271 3275
f 3275 3271 3270
f 3275 3270 3276
f 3276 3270 3269
f 3276 3269 3277
f 3277 3269 3268
f 3277 3268 3278
f 3278 3268 3267
f 3278 3267 3279
f 3279 3267 3120
f 3279 3120 3119
f 3119 3120 2888
f 3119 2888 2886
f 2891 3116 3084
f 3084 3116 3258
f 3084 3258 3280
f 3280 3258 3259
f 3280 3259 3281
f 3281 3259 3260
f 3281 3260 3282
f 3282 3260 3261
f 3282 3261 3283
f 3283 3261 3262
f 3283 3262 3284
f 3284 3262 3263
f 3284 3263 3285
f 3285 3263 3264
f 3285 3264 3286
f 3286 3264 3265
f 3286 3265 3287
f 3287 3265 3266
f 3287 3266 3288
f 3288 3266 3069
f 3288 3069 2720
f 2989 2990 3134
f 3134 2990 3133
f 3134 3133 2719
f 2719 3133 3131
f 2719 3131 2720
f 2720 3131 3132
f 2720 3132 3288
f 3288 3132 3273
f 3288 3273 3287
f 3287 3273 3274
f 3287 3274 3286
f 3286 3274 3275
f 3286 3275 3285
f 3285 3275 3276
f 3285 3276 3284
f 3284 3276 3277
f 3284 3277 3283
f 3283 3277 3278
f 3283 3278 3282
f 3282 3278 3279
f 3282 3279 3281
f 3281 3279 3119
f 3281 3119 3280
f 3280 3119 3118
f 3280 3118 3084
f 3084 3118 2878
f 3084 2878 2879
