# Converti depuis Neck_Z_Link.STL
# 2579 sommets, 5302 faces
o Neck_Z_Link
v -0.005000 -0.074025 -0.031561
v -0.003500 -0.074025 -0.031561
v -0.005000 -0.073400 -0.031394
v -0.003500 -0.073400 -0.031394
v -0.005000 -0.072943 -0.030936
v -0.003500 -0.072943 -0.030936
v -0.005000 -0.072775 -0.030311
v -0.003500 -0.072775 -0.030311
v -0.005000 -0.072943 -0.029686
v -0.003500 -0.072943 -0.029686
v -0.005000 -0.073400 -0.029229
v -0.003500 -0.073400 -0.029229
v -0.005000 -0.074025 -0.029061
v -0.003500 -0.074025 -0.029061
v -0.005000 -0.074650 -0.029229
v -0.003500 -0.074650 -0.029229
v -0.005000 -0.075108 -0.029686
v -0.003500 -0.075108 -0.029686
v -0.005000 -0.075275 -0.030311
v -0.003500 -0.075275 -0.030311
v -0.005000 -0.075108 -0.030936
v -0.003500 -0.075108 -0.030936
v -0.005000 -0.074650 -0.031394
v -0.003500 -0.074650 -0.031394
v -0.015000 -0.074025 0.027369
v -0.013500 -0.074025 0.027369
v -0.015000 -0.073400 0.027537
v -0.013500 -0.073400 0.027537
v -0.015000 -0.072943 0.027994
v -0.013500 -0.072943 0.027994
v -0.015000 -0.072775 0.028619
v -0.013500 -0.072775 0.028619
v -0.015000 -0.072943 0.029244
v -0.013500 -0.072943 0.029244
v -0.015000 -0.073400 0.029702
v -0.013500 -0.073400 0.029702
v -0.015000 -0.074025 0.029869
v -0.013500 -0.074025 0.029869
v -0.015000 -0.074650 0.029702
v -0.013500 -0.074650 0.029702
v -0.015000 -0.075108 0.029244
v -0.013500 -0.075108 0.029244
v -0.015000 -0.075275 0.028619
v -0.013500 -0.075275 0.028619
v -0.015000 -0.075108 0.027994
v -0.013500 -0.075108 0.027994
v -0.015000 -0.074650 0.027537
v -0.013500 -0.074650 0.027537
v -0.017665 -0.077025 0.028619
v -0.013500 -0.077025 0.028619
v -0.013500 -0.077025 0.030815
v -0.013500 -0.076623 0.027119
v -0.013500 -0.075525 0.026021
v -0.013500 -0.074025 0.025619
v -0.013500 -0.072525 0.026021
v -0.013500 -0.071427 0.027119
v -0.013500 -0.071025 0.028619
v -0.013500 -0.071025 0.030815
v -0.017665 -0.071025 0.028619
v -0.018612 -0.071088 0.028009
v -0.019879 -0.071427 0.027119
v -0.020645 -0.071865 0.026537
v -0.021288 -0.072525 0.026021
v -0.021637 -0.073218 0.025730
v -0.021767 -0.074025 0.025619
v -0.021637 -0.074833 0.025730
v -0.021288 -0.075525 0.026021
v -0.018612 -0.076963 0.028009
v -0.019879 -0.076623 0.027119
v -0.020644 -0.076186 0.026539
v -0.003500 -0.071025 -0.033162
v -0.003500 -0.077025 -0.033162
v -0.003500 -0.071025 -0.030311
v -0.003500 -0.071322 -0.029010
v -0.003500 -0.077025 -0.030311
v -0.003500 -0.076728 -0.029010
v -0.003500 -0.075896 -0.027966
v -0.003500 -0.074693 -0.027387
v -0.003500 -0.073358 -0.027387
v -0.003500 -0.072155 -0.027966
v -0.013930 -0.077025 -0.030311
v -0.012820 -0.077025 -0.030795
v -0.006536 -0.077025 -0.032701
v -0.015232 -0.076958 -0.029682
v -0.016482 -0.076728 -0.029010
v -0.017385 -0.076402 -0.028481
v -0.018206 -0.075896 -0.027966
v -0.018612 -0.075501 -0.027699
v -0.019071 -0.074693 -0.027387
v -0.019179 -0.074026 -0.027311
v -0.019071 -0.073358 -0.027387
v -0.018206 -0.072155 -0.027966
v -0.018612 -0.072550 -0.027699
v -0.013930 -0.071025 -0.030311
v -0.015228 -0.071092 -0.029684
v -0.016482 -0.071322 -0.029010
v -0.017382 -0.071647 -0.028483
v -0.006536 -0.071025 -0.032701
v -0.012820 -0.071025 -0.030795
v -0.005000 -0.073025 -0.032043
v -0.005000 -0.074025 -0.032311
v -0.005000 -0.075025 -0.032043
v -0.005000 -0.075757 -0.031311
v -0.005000 -0.076025 -0.030311
v -0.005000 -0.075757 -0.029311
v -0.005000 -0.075025 -0.028579
v -0.005000 -0.074025 -0.028311
v -0.005000 -0.073025 -0.028579
v -0.005000 -0.072293 -0.029311
v -0.005000 -0.072025 -0.030311
v -0.005000 -0.072293 -0.031311
v -0.015000 -0.073025 0.026887
v -0.015000 -0.074025 0.026619
v -0.015000 -0.075025 0.026887
v -0.015000 -0.075757 0.027619
v -0.015000 -0.076025 0.028619
v -0.015000 -0.075757 0.029619
v -0.015000 -0.075025 0.030351
v -0.015000 -0.074025 0.030619
v -0.015000 -0.073025 0.030351
v -0.015000 -0.072293 0.029619
v -0.015000 -0.072025 0.028619
v -0.015000 -0.072293 0.027619
v -0.002777 0.003094 0.033343
v -0.002281 0.003425 0.033343
v 0.000000 -0.000525 0.033655
v -0.003226 0.002700 0.033343
v -0.003619 0.002252 0.033343
v -0.003950 0.001756 0.033343
v -0.004214 0.001220 0.033343
v -0.004406 0.000655 0.033343
v -0.004523 0.000070 0.033343
v -0.012808 -0.000525 -0.030763
v -0.009038 -0.000525 -0.032103
v -0.008961 0.000654 -0.032103
v 0.000000 -0.000525 -0.033345
v -0.004214 0.001220 -0.033033
v -0.004406 0.000655 -0.033033
v -0.003950 0.001756 -0.033033
v -0.015354 0.014887 0.025577
v -0.014949 0.014424 0.026141
v -0.015354 0.013885 0.026124
v -0.015354 0.018973 0.022657
v -0.015354 0.019521 0.022109
v -0.014904 0.018899 0.023021
v -0.015354 0.026090 0.013381
v -0.014872 0.025234 0.015567
v -0.015354 0.024905 0.015552
v -0.015354 0.007863 -0.028413
v -0.015354 0.007614 -0.028467
v -0.015074 0.008178 -0.028468
v -0.015354 -0.000525 -0.029619
v -0.013346 -0.000525 -0.030572
v -0.013232 0.001217 -0.030572
v -0.015354 0.001515 -0.029473
v -0.012892 0.002929 -0.030572
v -0.015354 0.003593 -0.029325
v -0.015354 0.003712 -0.029316
v -0.012330 0.004582 -0.030572
v -0.015354 0.005893 -0.028842
v -0.011558 0.006148 -0.030572
v -0.013809 0.010071 -0.028468
v -0.015354 0.011301 -0.027131
v -0.015354 0.008372 -0.028223
v -0.015354 0.011843 -0.026928
v -0.012308 0.011783 -0.028468
v -0.015354 0.013885 -0.025813
v -0.014949 0.014424 -0.025831
v -0.015354 0.014887 -0.025267
v -0.015354 0.015572 -0.024893
v -0.012870 0.016247 -0.025831
v -0.015354 0.018503 -0.022698
v -0.014904 0.018899 -0.022710
v -0.015354 0.018973 -0.022347
v -0.015354 0.022115 -0.019158
v -0.015354 0.021977 -0.019343
v -0.013684 0.023177 -0.019164
v -0.015354 0.019521 -0.021798
v -0.012242 0.020678 -0.022710
v -0.015354 0.024522 -0.015942
v -0.014872 0.025234 -0.015257
v -0.015354 0.024905 -0.015242
v -0.015354 0.026993 -0.011047
v -0.015354 0.026558 -0.012214
v -0.012080 0.028638 -0.011063
v -0.015354 0.026090 -0.013071
v -0.011383 0.026955 -0.015257
v -0.015354 0.028043 -0.008233
v -0.012552 0.029777 -0.006661
v -0.015354 0.028388 -0.006649
v -0.015354 0.028946 -0.004082
v -0.012790 0.030353 -0.002131
v -0.015354 0.029086 -0.002127
v -0.015354 0.029249 0.000155
v -0.012790 0.030353 0.002441
v -0.015354 0.029086 0.002437
v -0.012552 0.029777 0.006971
v -0.012080 0.028638 0.011374
v -0.015354 0.026993 0.011357
v -0.015354 0.028043 0.008543
v -0.015354 0.028388 0.006959
v -0.015354 0.028946 0.004392
v -0.013684 0.023177 0.019474
v -0.015354 0.022115 0.019468
v -0.015354 0.024522 0.016252
v -0.012870 0.016247 0.026141
v -0.015354 0.015572 0.025203
v -0.015354 0.018503 0.023008
v -0.015354 0.011843 0.027239
v -0.012308 0.011783 0.028778
v -0.015354 0.011301 0.027441
v -0.015074 0.008178 0.028778
v -0.015354 0.007614 0.028777
v -0.015354 0.007863 0.028723
v -0.015354 0.003593 0.029635
v -0.015354 0.003712 0.029626
v -0.012330 0.004582 0.030882
v -0.012892 0.002929 0.030882
v -0.013232 0.001217 0.030882
v -0.015354 0.001515 0.029783
v -0.007827 0.003994 -0.032103
v -0.008350 0.002934 -0.032103
v -0.008730 0.001814 -0.032103
v -0.004523 0.000070 -0.033033
v -0.006520 -0.000525 -0.032626
v -0.003619 0.002252 -0.033033
v -0.007170 0.004977 -0.032103
v -0.010588 0.007600 -0.030572
v -0.003226 0.002700 -0.033033
v -0.006391 0.005866 -0.032103
v -0.009437 0.008912 -0.030572
v -0.004562 -0.000525 -0.033033
v -0.002777 0.003094 -0.033033
v -0.005502 0.006645 -0.032103
v -0.008125 0.010063 -0.030572
v -0.010596 0.013284 -0.028468
v -0.002281 0.003425 -0.033033
v -0.004519 0.007302 -0.032103
v -0.006673 0.011033 -0.030572
v -0.008703 0.014549 -0.028468
v -0.010571 0.017784 -0.025831
v -0.001746 0.003689 -0.033033
v -0.003459 0.007825 -0.032103
v -0.005107 0.011805 -0.030572
v -0.006661 0.015556 -0.028468
v -0.008090 0.019007 -0.025831
v -0.009369 0.022094 -0.022710
v -0.010473 0.024760 -0.019164
v -0.008125 0.010063 0.030882
v -0.010596 0.013284 0.028778
v -0.015354 0.005893 0.029152
v -0.011558 0.006148 0.030882
v -0.010588 0.007600 0.030882
v -0.013809 0.010071 0.028778
v -0.009437 0.008912 0.030882
v -0.004519 0.007302 0.032413
v -0.006673 0.011033 0.030882
v -0.008703 0.014549 0.028778
v -0.010571 0.017784 0.026141
v -0.012242 0.020678 0.023021
v -0.015354 0.021977 0.019653
v -0.015354 -0.000525 0.029929
v -0.013346 -0.000525 0.030882
v -0.012808 -0.000525 0.031073
v -0.008961 0.000654 0.032413
v -0.008730 0.001814 0.032413
v -0.008350 0.002934 0.032413
v -0.007827 0.003994 0.032413
v -0.007170 0.004977 0.032413
v -0.006391 0.005866 0.032413
v -0.005502 0.006645 0.032413
v -0.001746 0.003689 0.033343
v -0.003459 0.007825 0.032413
v -0.005107 0.011805 0.030882
v -0.006661 0.015556 0.028778
v -0.008090 0.019007 0.026141
v -0.009369 0.022094 0.023021
v -0.010473 0.024760 0.019474
v -0.011383 0.026955 0.015567
v -0.015354 0.026558 0.012524
v -0.004562 -0.000525 0.033343
v -0.006520 -0.000525 0.032936
v -0.009038 -0.000525 0.032413
v -0.001181 0.003881 0.033343
v -0.002339 0.008205 0.032413
v -0.003454 0.012366 0.030882
v -0.004505 0.016288 0.028778
v -0.005472 0.019896 0.026141
v -0.006337 0.023124 0.023021
v -0.007083 0.025911 0.019474
v -0.007698 0.028205 0.015567
v -0.008170 0.029965 0.011374
v -0.008489 0.031156 0.006971
v -0.008650 0.031758 0.002441
v -0.008650 0.031758 -0.002131
v -0.008489 0.031156 -0.006661
v -0.008170 0.029965 -0.011063
v -0.007698 0.028205 -0.015257
v -0.007083 0.025911 -0.019164
v -0.006337 0.023124 -0.022710
v -0.005472 0.019896 -0.025831
v -0.004505 0.016288 -0.028468
v -0.003454 0.012366 -0.030572
v -0.002339 0.008205 -0.032103
v -0.001181 0.003881 -0.033033
v -0.000595 0.003997 -0.033033
v -0.001180 0.008436 -0.032103
v -0.001742 0.012707 -0.030572
v -0.002272 0.016732 -0.028468
v -0.002760 0.020435 -0.025831
v -0.003196 0.023748 -0.022710
v -0.003572 0.026609 -0.019164
v -0.003882 0.028964 -0.015257
v -0.004120 0.030770 -0.011063
v -0.004281 0.031994 -0.006661
v -0.004362 0.032611 -0.002131
v -0.004362 0.032611 0.002441
v -0.004281 0.031994 0.006971
v -0.004120 0.030770 0.011374
v -0.003882 0.028964 0.015567
v -0.003572 0.026609 0.019474
v -0.003196 0.023748 0.023021
v -0.002760 0.020435 0.026141
v -0.002272 0.016732 0.028778
v -0.001742 0.012707 0.030882
v -0.001180 0.008436 0.032413
v -0.000595 0.003997 0.033343
v -0.015354 0.008372 0.028533
v 0.000000 0.004036 -0.033033
v 0.000000 0.008513 -0.032103
v 0.000000 0.012821 -0.030572
v 0.000000 0.016881 -0.028468
v 0.000000 0.020616 -0.025831
v 0.000000 0.023958 -0.022710
v 0.000000 0.026843 -0.019164
v 0.000000 0.029219 -0.015257
v 0.000000 0.031041 -0.011063
v 0.000000 0.032274 -0.006661
v 0.000000 0.032897 -0.002131
v 0.000000 0.032897 0.002441
v 0.000000 0.032274 0.006971
v 0.000000 0.031041 0.011374
v 0.000000 0.029219 0.015567
v 0.000000 0.026843 0.019474
v 0.000000 0.023958 0.023021
v 0.000000 0.020616 0.026141
v 0.000000 0.016881 0.028778
v 0.000000 0.012821 0.030882
v 0.000000 0.008513 0.032413
v 0.000000 0.004036 0.033343
v -0.018612 -0.078525 -0.027699
v -0.031772 -0.026163 0.010775
v -0.030950 -0.025136 0.012975
v -0.030950 -0.078525 0.012975
v -0.023688 -0.078525 0.023843
v -0.027854 -0.078525 0.018767
v -0.027854 -0.021108 0.018767
v -0.029742 -0.023599 0.015572
v -0.033390 -0.028142 0.002872
v -0.033060 -0.027742 0.005569
v -0.032856 -0.078525 0.006691
v -0.032821 -0.027450 0.006683
v -0.032372 -0.026903 0.008774
v -0.033500 -0.028275 0.000155
v -0.033500 -0.078525 0.000155
v -0.033389 -0.028141 -0.002570
v -0.032856 -0.078525 -0.006380
v -0.033060 -0.027742 -0.005259
v -0.030950 -0.025136 -0.012665
v -0.031772 -0.026163 -0.010464
v -0.030950 -0.078525 -0.012665
v -0.032375 -0.026906 -0.008455
v -0.032856 -0.027495 -0.006380
v -0.029742 -0.023599 -0.015262
v -0.027854 -0.078525 -0.018457
v -0.027854 -0.021108 -0.018457
v -0.023688 -0.078525 -0.023533
v -0.015354 -0.009995 -0.029619
v -0.027152 -0.020147 -0.019467
v -0.023688 -0.016082 -0.023533
v -0.021252 -0.013874 -0.025741
v -0.018612 -0.011915 -0.027699
v -0.018612 -0.078525 0.028009
v -0.012820 -0.078525 0.031105
v -0.018612 -0.011915 0.028009
v -0.015354 -0.009995 0.029929
v -0.021252 -0.013874 0.026051
v -0.023688 -0.016082 0.023843
v -0.027152 -0.020147 0.019777
v -0.012820 -0.078525 -0.030795
v -0.006536 -0.078525 -0.032701
v 0.000000 -0.078525 -0.033345
v 0.000000 -0.078525 0.033655
v -0.006536 -0.078525 0.033011
v 0.000000 -0.078525 -0.034845
v 0.000000 -0.000525 -0.034845
v 0.000000 0.004241 -0.034519
v 0.000000 0.008918 -0.033547
v 0.000000 0.013419 -0.031947
v 0.000000 0.017660 -0.029750
v 0.000000 0.021563 -0.026995
v 0.000000 0.025054 -0.023734
v 0.000000 0.028069 -0.020029
v 0.000000 0.030551 -0.015947
v 0.000000 0.032454 -0.011566
v 0.000000 0.033743 -0.006966
v 0.000000 0.034393 -0.002233
v 0.000000 0.034393 0.002544
v 0.000000 0.033743 0.007276
v 0.000000 0.032454 0.011876
v 0.000000 0.030551 0.016257
v 0.000000 0.028069 0.020339
v 0.000000 0.025054 0.024044
v 0.000000 0.021563 0.027305
v 0.000000 0.017660 0.030060
v 0.000000 0.013419 0.032257
v 0.000000 0.008918 0.033857
v 0.000000 0.004241 0.034829
v 0.000000 -0.000525 0.035155
v 0.000000 -0.078525 0.035155
v -0.001221 -0.078525 0.035134
v -0.007873 -0.078525 0.034258
v -0.014236 -0.078525 0.032129
v -0.020075 -0.078525 0.028825
v -0.025177 -0.078525 0.024468
v -0.029353 -0.078525 0.019217
v -0.032451 -0.078525 0.013266
v -0.034357 -0.078525 0.006833
v -0.035000 -0.078525 0.000155
v -0.034357 -0.078525 -0.006523
v -0.032451 -0.078525 -0.012956
v -0.029353 -0.078525 -0.018907
v -0.025177 -0.078525 -0.024158
v -0.020075 -0.078525 -0.028515
v -0.014236 -0.078525 -0.031819
v -0.007873 -0.078525 -0.033948
v -0.001221 -0.078525 -0.034824
v -0.018887 -0.075757 -0.029311
v -0.017228 -0.076025 -0.030311
v -0.015325 -0.075757 -0.031311
v -0.013134 -0.074334 -0.032287
v -0.013286 -0.074605 -0.032225
v -0.013721 -0.075025 -0.032043
v -0.014236 -0.075339 -0.031819
v -0.013074 -0.074025 -0.032311
v -0.013134 -0.073715 -0.032287
v -0.013384 -0.073325 -0.032185
v -0.017228 -0.072025 -0.030311
v -0.015325 -0.072293 -0.031311
v -0.014236 -0.072711 -0.031819
v -0.013778 -0.073042 -0.032016
v -0.019474 -0.072582 -0.028927
v -0.018887 -0.072293 -0.029311
v -0.020363 -0.074025 -0.028311
v -0.020284 -0.073553 -0.028368
v -0.020075 -0.073145 -0.028515
v -0.019959 -0.073036 -0.028595
v -0.020284 -0.074496 -0.028368
v -0.020075 -0.074864 -0.028515
v -0.019983 -0.075025 -0.028579
v -0.019116 -0.075663 -0.029163
v -0.017371 -0.073469 0.030540
v -0.017697 -0.073025 0.030351
v -0.017697 -0.075025 0.030351
v -0.018551 -0.075614 0.029834
v -0.020366 -0.076025 0.028619
v -0.020075 -0.076015 0.028825
v -0.018908 -0.075708 0.029598
v -0.022182 -0.075462 0.027228
v -0.021696 -0.075757 0.027619
v -0.022820 -0.074562 0.026693
v -0.022592 -0.075025 0.026887
v -0.022820 -0.073487 0.026693
v -0.022905 -0.074025 0.026619
v -0.021696 -0.072293 0.027619
v -0.022181 -0.072587 0.027229
v -0.022592 -0.073025 0.026887
v -0.020366 -0.072025 0.028619
v -0.018266 -0.072589 0.030011
v -0.018891 -0.072293 0.029619
v -0.020071 -0.072079 0.028819
v -0.017440 -0.074705 0.030500
v -0.017269 -0.074314 0.030598
v -0.017232 -0.074025 0.030619
v -0.017269 -0.073736 0.030598
v -0.016359 -0.010773 0.029152
v -0.017020 -0.011857 0.028067
v -0.017250 -0.013106 0.026818
v -0.017250 -0.020147 0.019777
v -0.017250 -0.020147 -0.019467
v -0.017250 -0.023599 -0.015262
v -0.017250 -0.026163 -0.010464
v -0.017250 -0.027742 -0.005259
v -0.017250 -0.028275 0.000155
v -0.017250 -0.027742 0.005569
v -0.017250 -0.026163 0.010775
v -0.017250 -0.023599 0.015572
v -0.016359 -0.010773 -0.028842
v -0.017020 -0.011857 -0.027757
v -0.017250 -0.013106 -0.026508
v -0.016359 -0.000525 -0.028842
v -0.017020 -0.000525 -0.027757
v -0.017250 -0.000525 -0.026508
v -0.016359 0.003601 -0.028547
v -0.016359 0.007644 -0.027667
v -0.016359 0.011521 -0.026221
v -0.016359 0.015152 -0.024239
v -0.016359 0.018464 -0.021759
v -0.016359 0.021389 -0.018834
v -0.016359 0.023869 -0.015522
v -0.016359 0.025851 -0.011891
v -0.016359 0.027297 -0.008014
v -0.016359 0.028177 -0.003972
v -0.016359 0.028472 0.000155
v -0.016359 0.028177 0.004282
v -0.016359 0.027297 0.008324
v -0.016359 0.025851 0.012201
v -0.016359 0.023869 0.015832
v -0.016359 0.021389 0.019144
v -0.016359 0.018464 0.022069
v -0.016359 0.015152 0.024549
v -0.016359 0.011521 0.026532
v -0.016359 0.007644 0.027977
v -0.016359 0.003601 0.028857
v -0.016359 -0.000525 0.029152
v -0.017020 -0.000525 0.028067
v -0.017020 0.003447 0.027783
v -0.017020 0.007339 0.026937
v -0.017020 0.011070 0.025545
v -0.017020 0.014565 0.023636
v -0.017020 0.017754 0.021250
v -0.017020 0.020570 0.018434
v -0.017020 0.022956 0.015246
v -0.017020 0.024865 0.011750
v -0.017020 0.026256 0.008019
v -0.017020 0.027103 0.004127
v -0.017020 0.027387 0.000155
v -0.017020 0.027103 -0.003817
v -0.017020 0.026256 -0.007709
v -0.017020 0.024865 -0.011440
v -0.017020 0.022956 -0.014935
v -0.017020 0.020570 -0.018124
v -0.017020 0.017754 -0.020940
v -0.017020 0.014565 -0.023326
v -0.017020 0.011070 -0.025235
v -0.017020 0.007339 -0.026627
v -0.017020 0.003447 -0.027473
v -0.017250 0.003269 -0.026237
v -0.017250 -0.000390 -0.026499
v -0.017250 0.006987 -0.025428
v -0.017250 0.010551 -0.024099
v -0.017250 0.013890 -0.022276
v -0.017250 0.016936 -0.019996
v -0.017250 0.019626 -0.017306
v -0.017250 0.021905 -0.014260
v -0.017250 0.023729 -0.010921
v -0.017250 0.025058 -0.007357
v -0.017250 0.025867 -0.003640
v -0.017250 0.026138 0.000155
v -0.017250 0.025867 0.003950
v -0.017250 0.025058 0.007667
v -0.017250 0.023729 0.011231
v -0.017250 0.021905 0.014570
v -0.017250 0.019626 0.017616
v -0.017250 0.016936 0.020306
v -0.017250 0.013890 0.022586
v -0.017250 0.010551 0.024409
v -0.017250 0.006987 0.025738
v -0.017250 0.003269 0.026547
v -0.017250 -0.000390 0.026809
v -0.017250 -0.000525 0.026818
v -0.018649 -0.010330 0.027762
v -0.019172 -0.010656 0.027412
v -0.019410 -0.010665 0.027775
v -0.021036 -0.012637 0.025167
v -0.021788 -0.013301 0.024503
v -0.022363 -0.013092 0.024964
v -0.023240 -0.014581 0.023222
v -0.024627 -0.016042 0.021762
v -0.025236 -0.015882 0.022162
v -0.025294 -0.016744 0.021059
v -0.027152 -0.019087 0.018717
v -0.027750 -0.018992 0.019054
v -0.018688 -0.010393 0.027606
v -0.018740 -0.010864 0.026969
v -0.018750 -0.010948 0.026856
v -0.019593 -0.010789 0.028171
v -0.018446 -0.010039 0.028514
v -0.018478 -0.010053 0.028445
v -0.019691 -0.011021 0.028549
v -0.018076 -0.009880 0.029325
v -0.018193 -0.009930 0.029070
v -0.017237 -0.009868 0.030368
v -0.017408 -0.009854 0.030212
v -0.019698 -0.011323 0.028862
v -0.017489 -0.009847 0.030139
v -0.017767 -0.009863 0.029753
v -0.016713 -0.009912 0.030846
v -0.019628 -0.011648 0.029083
v -0.016647 -0.009920 0.030887
v -0.018541 -0.011357 0.029840
v -0.016042 -0.009995 0.031262
v -0.025866 -0.016816 0.023677
v -0.025172 -0.016504 0.024463
v -0.022909 -0.014055 0.026563
v -0.023231 -0.014713 0.026334
v -0.022774 -0.014357 0.026706
v -0.028476 -0.019626 0.020213
v -0.025912 -0.016531 0.023433
v -0.028484 -0.019589 0.020182
v -0.025872 -0.016264 0.023129
v -0.025514 -0.015920 0.022456
v -0.022969 -0.013751 0.026329
v -0.022947 -0.013467 0.026019
v -0.025736 -0.016051 0.022791
v -0.022830 -0.013244 0.025659
v -0.022625 -0.013116 0.025293
v -0.028368 -0.020147 0.020656
v -0.027330 -0.018842 0.022020
v -0.025736 -0.017099 0.023841
v -0.025296 -0.016617 0.024345
v -0.020958 -0.012940 0.028186
v -0.020059 -0.012351 0.028802
v -0.019484 -0.011974 0.029195
v -0.027792 -0.018985 0.019077
v -0.028012 -0.019068 0.019320
v -0.028275 -0.019168 0.019609
v -0.028388 -0.019397 0.019920
v -0.004403 0.001299 -0.034519
v -0.004127 0.001858 -0.034519
v -0.009121 0.001919 -0.033547
v -0.013469 0.003084 -0.031947
v -0.012883 0.004811 -0.031947
v -0.005748 0.006966 0.033857
v -0.002901 0.003256 0.034829
v -0.002383 0.003602 0.034829
v -0.009362 0.000707 0.033857
v -0.004725 0.000097 0.034829
v -0.004603 0.000708 0.034829
v -0.000622 0.004200 0.034829
v -0.003370 0.002845 0.034829
v -0.001217 -0.000525 0.035072
v -0.016042 0.008239 -0.029692
v -0.016042 0.008770 -0.029494
v -0.015749 0.008567 -0.029750
v -0.016042 0.012397 0.028451
v -0.016042 0.011830 0.028663
v -0.014427 0.010545 0.030060
v -0.016042 0.007978 0.030059
v -0.016042 0.006180 0.030450
v -0.012883 0.004811 0.032257
v -0.016042 0.003902 0.030946
v -0.016042 0.003778 0.030955
v -0.013469 0.003084 0.032257
v -0.016042 0.001607 0.031110
v -0.016042 0.016293 0.026324
v -0.016042 0.015577 0.026715
v -0.015619 0.015093 0.027305
v -0.016042 0.014531 0.027286
v -0.012859 0.012334 0.030060
v -0.016042 0.020419 0.023092
v -0.016042 0.019846 0.023664
v -0.015572 0.019768 0.024044
v -0.016042 0.019355 0.024032
v -0.013446 0.016998 0.027305
v -0.016042 0.023129 0.020333
v -0.014297 0.024238 0.020339
v -0.016042 0.025644 0.016973
v -0.015538 0.026387 0.016257
v -0.016042 0.026043 0.016241
v -0.016042 0.027282 0.013974
v -0.016042 0.028226 0.011859
v -0.012621 0.029944 0.011876
v -0.016042 0.029322 0.008919
v -0.013114 0.031134 0.007276
v -0.016042 0.029682 0.007264
v -0.016042 0.030265 0.004582
v -0.013363 0.031735 0.002544
v -0.016042 0.030412 0.002539
v -0.013363 0.031735 -0.002233
v -0.016042 0.030412 -0.002229
v -0.016042 0.030582 0.000155
v -0.013114 0.031134 -0.006966
v -0.012621 0.029944 -0.011566
v -0.016042 0.028226 -0.011549
v -0.016042 0.029322 -0.008609
v -0.016042 0.029682 -0.006954
v -0.016042 0.030265 -0.004272
v -0.011892 0.028185 -0.015947
v -0.016042 0.027282 -0.013664
v -0.016042 0.027771 -0.012767
v -0.014297 0.024238 -0.020029
v -0.016042 0.023129 -0.020023
v -0.015538 0.026387 -0.015947
v -0.016042 0.025644 -0.016663
v -0.016042 0.026043 -0.015931
v -0.012790 0.021627 -0.023734
v -0.016042 0.020419 -0.022781
v -0.016042 0.022984 -0.020216
v -0.015572 0.019768 -0.023734
v -0.016042 0.019355 -0.023722
v -0.016042 0.019846 -0.023354
v -0.016042 0.016293 -0.026014
v -0.013446 0.016998 -0.026995
v -0.016042 0.015577 -0.026405
v -0.016042 0.014531 -0.026976
v -0.015619 0.015093 -0.026995
v -0.016042 0.012397 -0.028141
v -0.012859 0.012334 -0.029750
v -0.016042 0.011830 -0.028353
v -0.014427 0.010545 -0.029750
v -0.012076 0.006447 -0.031947
v -0.016042 0.006180 -0.030140
v -0.016042 0.007978 -0.029749
v -0.016042 0.003778 -0.030644
v -0.016042 0.003902 -0.030636
v -0.016042 -0.000525 -0.030952
v -0.016042 0.001607 -0.030800
v -0.014232 -0.000525 -0.031811
v -0.013825 0.001295 -0.031947
v -0.013944 -0.000525 0.032257
v -0.009443 -0.000525 0.033857
v -0.007858 -0.000525 0.034186
v -0.004766 -0.000525 0.034829
v -0.006677 0.006152 0.033857
v -0.009860 0.009335 0.032257
v -0.003781 0.002376 0.034829
v -0.016042 -0.000525 0.031262
v -0.014232 -0.000525 0.032121
v -0.013825 0.001295 0.032257
v -0.009121 0.001919 0.033857
v -0.008724 0.003088 0.033857
v -0.004403 0.001299 0.034829
v -0.004127 0.001858 0.034829
v -0.008178 0.004196 0.033857
v -0.012076 0.006447 0.032257
v -0.015749 0.008567 0.030060
v -0.016042 0.008239 0.030002
v -0.016042 0.008770 0.029804
v -0.007492 0.005223 0.033857
v -0.011063 0.007963 0.032257
v -0.011071 0.013902 0.030060
v -0.008489 0.010537 0.032257
v -0.016042 0.022984 0.020526
v -0.012790 0.021627 0.024044
v -0.011044 0.018604 0.027305
v -0.009093 0.015224 0.030060
v -0.006972 0.011551 0.032257
v -0.004721 0.007653 0.033857
v -0.016042 0.027771 0.013078
v -0.011892 0.028185 0.016257
v -0.010942 0.025892 0.020339
v -0.009789 0.023107 0.024044
v -0.008453 0.019882 0.027305
v -0.006959 0.016276 0.030060
v -0.005336 0.012357 0.032257
v -0.003614 0.008199 0.033857
v -0.001824 0.003878 0.034829
v -0.009860 0.009335 -0.031947
v -0.011063 0.007963 -0.031947
v -0.009362 0.000707 -0.033547
v -0.009443 -0.000525 -0.033547
v -0.013944 -0.000525 -0.031947
v -0.004725 0.000097 -0.034519
v -0.007492 0.005223 -0.033547
v -0.008178 0.004196 -0.033547
v -0.001233 0.008837 0.033857
v -0.001820 0.013300 0.032257
v -0.002374 0.017505 0.030060
v -0.002883 0.021374 0.027305
v -0.003339 0.024835 0.024044
v -0.003732 0.027824 0.020339
v -0.004056 0.030285 0.016257
v -0.004305 0.032172 0.011876
v -0.004473 0.033450 0.007276
v -0.004558 0.034094 0.002544
v -0.004558 0.034094 -0.002233
v -0.004473 0.033450 -0.006966
v -0.004305 0.032172 -0.011566
v -0.004056 0.030285 -0.015947
v -0.003732 0.027824 -0.020029
v -0.003339 0.024835 -0.023734
v -0.002883 0.021374 -0.026995
v -0.002374 0.017505 -0.029750
v -0.001820 0.013300 -0.031947
v -0.001233 0.008837 -0.033547
v -0.000622 0.004200 -0.034519
v -0.001233 0.004078 0.034829
v -0.003781 0.002376 -0.034519
v -0.006677 0.006152 -0.033547
v -0.003370 0.002845 -0.034519
v -0.011071 0.013902 -0.029750
v -0.008489 0.010537 -0.031947
v -0.005748 0.006966 -0.033547
v -0.002901 0.003256 -0.034519
v -0.011044 0.018604 -0.026995
v -0.009093 0.015224 -0.029750
v -0.006972 0.011551 -0.031947
v -0.004721 0.007653 -0.033547
v -0.002383 0.003602 -0.034519
v -0.010942 0.025892 -0.020029
v -0.009789 0.023107 -0.023734
v -0.008453 0.019882 -0.026995
v -0.006959 0.016276 -0.029750
v -0.005336 0.012357 -0.031947
v -0.003614 0.008199 -0.033547
v -0.001824 0.003878 -0.034519
v -0.002444 0.008596 0.033857
v -0.003609 0.012944 0.032257
v -0.004707 0.017041 0.030060
v -0.005717 0.020810 0.027305
v -0.006620 0.024182 0.024044
v -0.007401 0.027094 0.020339
v -0.008043 0.029492 0.016257
v -0.008536 0.031330 0.011876
v -0.008869 0.032575 0.007276
v -0.009038 0.033203 0.002544
v -0.009038 0.033203 -0.002233
v -0.008869 0.032575 -0.006966
v -0.008536 0.031330 -0.011566
v -0.008043 0.029492 -0.015947
v -0.007401 0.027094 -0.020029
v -0.006620 0.024182 -0.023734
v -0.005717 0.020810 -0.026995
v -0.004707 0.017041 -0.029750
v -0.003609 0.012944 -0.031947
v -0.002444 0.008596 -0.033547
v -0.001233 0.004078 -0.034519
v -0.001217 -0.000525 -0.034762
v -0.004766 -0.000525 -0.034519
v -0.007858 -0.000525 -0.033876
v -0.008724 0.003088 -0.033547
v -0.004603 0.000708 -0.034519
v -0.016042 -0.009995 -0.030952
v -0.019465 -0.011992 -0.028866
v -0.020066 -0.012343 -0.028500
v -0.024145 -0.015517 -0.025183
v -0.022718 -0.014391 -0.026360
v -0.025121 -0.016548 -0.024106
v -0.020288 -0.012472 -0.028365
v -0.025671 -0.017129 -0.023499
v -0.027580 -0.019145 -0.021393
v -0.030944 -0.023436 -0.016149
v -0.030766 -0.023218 -0.016532
v -0.029669 -0.021814 -0.018276
v -0.029295 -0.021335 -0.018871
v -0.028368 -0.020147 -0.020346
v -0.033033 -0.025967 -0.011230
v -0.032558 -0.025403 -0.012690
v -0.032437 -0.025256 -0.012949
v -0.032058 -0.024794 -0.013761
v -0.034434 -0.027617 -0.005697
v -0.034280 -0.027438 -0.006509
v -0.033893 -0.026987 -0.008554
v -0.033878 -0.026968 -0.008637
v -0.034997 -0.028272 0.000155
v -0.034823 -0.028070 -0.002781
v -0.034749 -0.027984 -0.004031
v -0.034288 -0.027448 0.006820
v -0.034434 -0.027617 0.006073
v -0.034708 -0.027937 0.004670
v -0.034807 -0.028052 0.003151
v -0.035000 -0.028275 0.000198
v -0.032520 -0.025358 0.013095
v -0.033019 -0.025950 0.011576
v -0.033860 -0.026948 0.009016
v -0.033877 -0.026968 0.008929
v -0.029666 -0.021810 0.018599
v -0.030710 -0.023148 0.016945
v -0.030924 -0.023409 0.016490
v -0.032040 -0.024772 0.014117
v -0.032442 -0.025262 0.013262
v -0.029298 -0.021339 0.019182
v -0.025180 -0.016613 -0.020880
v -0.024631 -0.016040 -0.021453
v -0.025236 -0.015882 -0.021852
v -0.023178 -0.014522 -0.022972
v -0.021790 -0.013300 -0.024193
v -0.022363 -0.013092 -0.024654
v -0.018735 -0.010646 -0.026897
v -0.018642 -0.010336 -0.027465
v -0.019172 -0.010656 -0.027102
v -0.022909 -0.014056 -0.026253
v -0.025912 -0.016531 -0.023123
v -0.025866 -0.016817 -0.023367
v -0.028476 -0.019626 -0.019903
v -0.019628 -0.011648 -0.028773
v -0.016643 -0.009923 -0.030553
v -0.017777 -0.009856 -0.029451
v -0.017702 -0.009845 -0.029572
v -0.019698 -0.011323 -0.028552
v -0.017395 -0.009862 -0.029890
v -0.017232 -0.009870 -0.030059
v -0.016955 -0.009885 -0.030346
v -0.019691 -0.011021 -0.028240
v -0.019593 -0.010789 -0.027861
v -0.018248 -0.009925 -0.028691
v -0.019410 -0.010665 -0.027465
v -0.018598 -0.010190 -0.027732
v -0.018473 -0.010096 -0.028074
v -0.018428 -0.010062 -0.028198
v -0.018745 -0.010851 -0.026658
v -0.021038 -0.012638 -0.024855
v -0.018750 -0.010948 -0.026546
v -0.026950 -0.018810 -0.018683
v -0.022969 -0.013751 -0.026019
v -0.022948 -0.013467 -0.025709
v -0.022830 -0.013244 -0.025349
v -0.022625 -0.013116 -0.024982
v -0.027152 -0.019087 -0.018406
v -0.027750 -0.018992 -0.018744
v -0.025514 -0.015920 -0.022146
v -0.027792 -0.018985 -0.018767
v -0.028484 -0.019589 -0.019872
v -0.025872 -0.016264 -0.022819
v -0.028389 -0.019397 -0.019610
v -0.025736 -0.016051 -0.022481
v -0.028275 -0.019168 -0.019299
v -0.028012 -0.019068 -0.019010
v -0.029538 -0.020881 -0.017418
v -0.027721 -0.019824 0.017948
v -0.028416 -0.020702 0.016898
v -0.029015 -0.020657 0.017235
v -0.028544 -0.020870 -0.016433
v -0.028429 -0.020723 -0.016595
v -0.029020 -0.020664 -0.016916
v -0.030989 -0.022919 -0.015817
v -0.032066 -0.024277 0.013858
v -0.029533 -0.020874 0.017738
v -0.029772 -0.021344 0.018277
v -0.030971 -0.022896 0.016161
v -0.034403 -0.027134 0.005969
v -0.033814 -0.026424 0.008739
v -0.033028 -0.025467 0.011367
v -0.034413 -0.027147 -0.005598
v -0.034775 -0.027580 -0.002724
v -0.032085 -0.024301 -0.013504
v -0.033040 -0.025482 -0.011021
v -0.033829 -0.026443 -0.008366
v -0.029777 -0.021351 -0.017957
v -0.030726 -0.022438 -0.015350
v -0.031801 -0.023812 -0.013111
v -0.032739 -0.024985 -0.010704
v -0.033514 -0.025941 -0.008127
v -0.034087 -0.026641 -0.005438
v -0.034443 -0.027072 -0.002644
v -0.034561 -0.027214 0.000196
v -0.034895 -0.027723 0.000197
v -0.034438 -0.027066 0.003013
v -0.034770 -0.027574 0.003095
v -0.034077 -0.026629 0.005807
v -0.033498 -0.025922 0.008497
v -0.032727 -0.024970 0.011049
v -0.031783 -0.023788 0.013464
v -0.030708 -0.022415 0.015693
v -0.033495 -0.026769 0.000155
v -0.033500 -0.026775 0.000024
v -0.034052 -0.026880 0.000195
v -0.033934 -0.026741 -0.002567
v -0.033578 -0.026318 -0.005284
v -0.033014 -0.026219 -0.005167
v -0.032951 -0.026145 -0.005466
v -0.033004 -0.025630 -0.007898
v -0.033392 -0.026652 -0.002389
v -0.033376 -0.026634 -0.002509
v -0.033070 -0.026282 -0.004908
v -0.032561 -0.025697 -0.007292
v -0.032433 -0.025547 -0.007724
v -0.032228 -0.024692 -0.010401
v -0.031899 -0.024925 -0.009525
v -0.031649 -0.024631 -0.010174
v -0.031399 -0.024336 -0.010822
v -0.031289 -0.023540 -0.012739
v -0.030211 -0.022192 -0.014911
v -0.029624 -0.022204 -0.014609
v -0.028996 -0.021428 -0.015669
v -0.031006 -0.023873 -0.011843
v -0.030704 -0.023510 -0.012467
v -0.029867 -0.022504 -0.014198
v -0.030190 -0.022896 0.013889
v -0.031270 -0.023517 0.013091
v -0.029601 -0.022176 0.014944
v -0.030194 -0.022170 0.015253
v -0.029014 -0.021456 0.015997
v -0.029013 -0.021455 0.015998
v -0.032216 -0.024677 0.010746
v -0.031634 -0.024614 0.010516
v -0.032017 -0.025063 0.009479
v -0.032988 -0.025612 0.008267
v -0.033568 -0.026305 0.005652
v -0.032995 -0.026196 0.005529
v -0.033132 -0.026354 0.004840
v -0.033929 -0.026735 0.002935
v -0.032409 -0.025519 0.008087
v -0.032676 -0.025828 0.007141
v -0.032946 -0.026140 0.005775
v -0.030683 -0.023485 0.012817
v -0.031203 -0.024106 0.011688
v -0.031406 -0.024345 0.011137
v -0.033362 -0.026617 0.002873
v -0.033413 -0.026676 0.002430
v -0.033494 -0.026768 0.000193
v -0.017850 0.017641 -0.010445
v -0.017250 0.017641 -0.010445
v -0.017850 0.018191 -0.010298
v -0.017250 0.018191 -0.010298
v -0.017850 0.018593 -0.009895
v -0.017250 0.018593 -0.009895
v -0.017850 0.018741 -0.009345
v -0.017250 0.018741 -0.009345
v -0.017850 0.018593 -0.008795
v -0.017250 0.018593 -0.008795
v -0.017850 0.018191 -0.008392
v -0.017250 0.018191 -0.008392
v -0.017850 0.017641 -0.008245
v -0.017250 0.017641 -0.008245
v -0.017850 0.017091 -0.008392
v -0.017250 0.017091 -0.008392
v -0.017850 0.016688 -0.008795
v -0.017250 0.016688 -0.008795
v -0.017850 0.016541 -0.009345
v -0.017250 0.016541 -0.009345
v -0.017850 0.016688 -0.009895
v -0.017250 0.016688 -0.009895
v -0.017850 0.017091 -0.010298
v -0.017250 0.017091 -0.010298
v -0.017850 -0.018421 0.009055
v -0.017250 -0.018421 0.009055
v -0.017850 -0.017871 0.009202
v -0.017250 -0.017871 0.009202
v -0.017850 -0.017468 0.009605
v -0.017250 -0.017468 0.009605
v -0.017850 -0.017321 0.010155
v -0.017250 -0.017321 0.010155
v -0.017850 -0.017468 0.010705
v -0.017250 -0.017468 0.010705
v -0.017850 -0.017871 0.011108
v -0.017250 -0.017871 0.011108
v -0.017850 -0.018421 0.011255
v -0.017250 -0.018421 0.011255
v -0.017850 -0.018971 0.011108
v -0.017250 -0.018971 0.011108
v -0.017850 -0.019373 0.010705
v -0.017250 -0.019373 0.010705
v -0.017850 -0.019521 0.010155
v -0.017250 -0.019521 0.010155
v -0.017850 -0.019373 0.009605
v -0.017250 -0.019373 0.009605
v -0.017850 -0.018971 0.009202
v -0.017250 -0.018971 0.009202
v -0.017850 -0.018421 -0.010945
v -0.017250 -0.018421 -0.010945
v -0.017850 -0.017871 -0.010798
v -0.017250 -0.017871 -0.010798
v -0.017850 -0.017468 -0.010395
v -0.017250 -0.017468 -0.010395
v -0.017850 -0.017321 -0.009845
v -0.017250 -0.017321 -0.009845
v -0.017850 -0.017468 -0.009295
v -0.017250 -0.017468 -0.009295
v -0.017850 -0.017871 -0.008892
v -0.017250 -0.017871 -0.008892
v -0.017850 -0.018421 -0.008745
v -0.017250 -0.018421 -0.008745
v -0.017850 -0.018971 -0.008892
v -0.017250 -0.018971 -0.008892
v -0.017850 -0.019373 -0.009295
v -0.017250 -0.019373 -0.009295
v -0.017850 -0.019521 -0.009845
v -0.017250 -0.019521 -0.009845
v -0.017850 -0.019373 -0.010395
v -0.017250 -0.019373 -0.010395
v -0.017850 -0.018971 -0.010798
v -0.017250 -0.018971 -0.010798
v -0.017250 -0.018395 -0.004633
v -0.017250 -0.019025 0.000155
v -0.017250 -0.016547 -0.009095
v -0.017250 -0.013607 -0.012926
v -0.017250 -0.009775 -0.015866
v -0.017250 -0.018395 0.004943
v -0.017250 -0.009775 0.016177
v -0.017250 -0.005313 0.018025
v -0.017250 -0.013607 0.013237
v -0.017250 -0.016547 0.009405
v -0.017250 0.016688 0.009105
v -0.017250 0.016541 0.009655
v -0.017250 0.015496 0.009405
v -0.017250 0.017091 0.010608
v -0.017250 0.012556 0.013237
v -0.017250 0.016688 0.010205
v -0.017250 0.008725 0.016177
v -0.017250 0.017091 0.008702
v -0.017250 0.017344 0.004943
v -0.017250 0.017641 0.008555
v -0.017250 0.017975 0.000155
v -0.017250 0.018191 0.008702
v -0.017250 0.018593 0.009105
v -0.017250 0.018741 0.009655
v -0.017250 0.018593 0.010205
v -0.017250 0.018191 0.010608
v -0.017250 0.004263 0.018025
v -0.017250 -0.000390 0.018637
v -0.017250 -0.000525 0.018655
v -0.017250 0.017641 0.010755
v -0.017250 0.008725 -0.015866
v -0.017250 0.004263 -0.017715
v -0.017250 -0.000390 -0.018327
v -0.017250 -0.000525 -0.018345
v -0.017250 -0.005313 -0.017715
v -0.017250 0.015496 -0.009095
v -0.017250 0.017344 -0.004633
v -0.017250 0.012556 -0.012926
v -0.018750 -0.019087 0.018717
v -0.018750 -0.010985 0.026818
v -0.017387 -0.000525 0.030196
v -0.017157 -0.000525 0.030478
v -0.018419 -0.000525 0.028503
v -0.018020 -0.000525 0.029421
v -0.018750 -0.000525 0.026818
v -0.018564 -0.000525 0.028170
v -0.017157 0.012071 0.027737
v -0.017157 0.015868 0.025664
v -0.017157 0.019332 0.023071
v -0.017157 0.022391 0.020012
v -0.017157 0.028569 0.008698
v -0.017157 0.029489 0.004470
v -0.017157 0.027057 -0.012441
v -0.017157 0.022391 -0.019702
v -0.017157 0.019332 -0.022761
v -0.017157 0.012071 -0.027427
v -0.017157 -0.000525 -0.030168
v -0.018564 0.003462 0.027885
v -0.018750 0.003269 0.026547
v -0.018750 0.025058 -0.007357
v -0.018750 0.025867 -0.003640
v -0.018564 0.026355 -0.007738
v -0.018564 0.027204 -0.003832
v -0.018020 0.027555 -0.008090
v -0.018750 -0.000525 -0.026508
v -0.018750 0.003269 -0.026237
v -0.018564 -0.000525 -0.027860
v -0.018564 0.003462 -0.027575
v -0.018419 -0.000525 -0.028192
v -0.018020 0.003640 -0.028813
v -0.018020 -0.000525 -0.029110
v -0.018750 0.023729 -0.010921
v -0.018564 0.024958 -0.011483
v -0.018020 0.026096 -0.012002
v -0.018020 0.003640 0.029123
v -0.018020 0.028442 -0.004010
v -0.017157 0.029489 -0.004160
v -0.017157 0.028569 -0.008388
v -0.018750 0.023729 0.011231
v -0.018750 0.021905 0.014570
v -0.018564 0.024958 0.011793
v -0.018564 0.023042 0.015301
v -0.018020 0.026096 0.012312
v -0.018020 0.024094 0.015977
v -0.017157 0.027057 0.012752
v -0.017157 0.024984 0.016549
v -0.018750 0.013890 0.022586
v -0.018750 0.010551 0.024409
v -0.018564 0.014621 0.023723
v -0.018564 0.011112 0.025638
v -0.018020 0.015297 0.024775
v -0.018020 0.011632 0.026776
v -0.018750 0.006987 0.025738
v -0.018564 0.007367 0.027035
v -0.018020 0.007720 0.028235
v -0.017157 0.008018 0.029249
v -0.017157 0.003790 0.030169
v -0.017157 0.003790 -0.029859
v -0.017387 -0.000525 -0.029886
v -0.017157 0.008018 -0.028939
v -0.018020 0.007720 -0.027925
v -0.018564 0.007367 -0.026725
v -0.018750 0.006987 -0.025428
v -0.018020 0.011632 -0.026466
v -0.018564 0.011112 -0.025328
v -0.018750 0.010551 -0.024099
v -0.017157 0.015868 -0.025354
v -0.018020 0.015297 -0.024465
v -0.018564 0.014621 -0.023412
v -0.018750 0.013890 -0.022276
v -0.018020 0.018640 -0.021962
v -0.018564 0.017821 -0.021017
v -0.018750 0.016936 -0.019996
v -0.018020 0.021592 -0.019010
v -0.018564 0.020647 -0.018191
v -0.018750 0.019626 -0.017306
v -0.018750 0.021905 -0.014260
v -0.018564 0.023042 -0.014991
v -0.018020 0.024094 -0.015667
v -0.017157 0.024984 -0.016239
v -0.017157 0.029797 0.000155
v -0.018020 0.028740 0.000155
v -0.018564 0.027490 0.000155
v -0.018750 0.026138 0.000155
v -0.018020 0.028442 0.004320
v -0.018564 0.027204 0.004142
v -0.018750 0.025867 0.003950
v -0.018020 0.027555 0.008400
v -0.018564 0.026355 0.008048
v -0.018750 0.025058 0.007667
v -0.018020 0.021592 0.019320
v -0.018564 0.020647 0.018501
v -0.018750 0.019626 0.017616
v -0.018020 0.018640 0.022272
v -0.018564 0.017821 0.021327
v -0.018750 0.016936 0.020306
v -0.018750 -0.010985 -0.026508
v -0.018750 -0.019087 -0.018406
v -0.018750 -0.021455 0.015998
v -0.018750 -0.024364 0.011145
v -0.018750 -0.026165 0.005781
v -0.033428 -0.026739 0.001536
v -0.018750 -0.026775 0.000155
v -0.018750 -0.026165 -0.005471
v -0.018750 -0.024364 -0.010835
v -0.018750 -0.021455 -0.015688
v -0.018750 0.015909 -0.010345
v -0.018750 0.015641 -0.009345
v -0.018750 0.015868 -0.008418
v -0.018750 0.015909 -0.008345
v -0.018750 0.016641 -0.007613
v -0.018750 0.017641 -0.007345
v -0.018750 0.018641 -0.007613
v -0.018750 0.019373 -0.008345
v -0.018750 0.019641 -0.009345
v -0.018750 0.019373 -0.010345
v -0.018750 0.018641 -0.011077
v -0.018750 0.017641 -0.011345
v -0.018750 0.016641 -0.011077
v -0.018750 -0.016689 0.011155
v -0.018750 -0.016421 0.010155
v -0.018750 -0.016675 0.009179
v -0.018750 -0.016689 0.009155
v -0.018750 -0.017421 0.008423
v -0.018750 -0.018421 0.008155
v -0.018750 -0.019421 0.008423
v -0.018750 -0.020153 0.009155
v -0.018750 -0.020421 0.010155
v -0.018750 -0.020153 0.011155
v -0.018750 -0.019421 0.011887
v -0.018750 -0.018421 0.012155
v -0.018750 -0.017421 0.011887
v -0.018750 0.017975 0.000155
v -0.018750 0.017344 0.004943
v -0.018750 0.015868 0.008728
v -0.018750 0.015496 0.009405
v -0.018750 0.012556 0.013237
v -0.018750 0.008725 0.016177
v -0.018750 0.004263 0.018025
v -0.018750 -0.000525 0.018655
v -0.018750 -0.005313 0.018025
v -0.018750 -0.009775 0.016177
v -0.018750 -0.013607 0.013237
v -0.018750 -0.016547 0.009405
v -0.018750 -0.018395 0.004943
v -0.018750 -0.019025 0.000155
v -0.018750 -0.018395 -0.004633
v -0.018750 -0.016675 -0.008869
v -0.018750 -0.016547 -0.009095
v -0.018750 -0.013607 -0.012926
v -0.018750 -0.009775 -0.015866
v -0.018750 -0.005313 -0.017715
v -0.018750 -0.000525 -0.018345
v -0.018750 0.017344 -0.004633
v -0.018750 0.015496 -0.009095
v -0.018750 0.012556 -0.012926
v -0.018750 0.008725 -0.015866
v -0.018750 0.004263 -0.017715
v -0.018750 -0.017421 -0.008113
v -0.018750 -0.016689 -0.008845
v -0.018750 -0.016421 -0.009845
v -0.018750 -0.016689 -0.010845
v -0.018750 -0.017421 -0.011577
v -0.018750 -0.018421 -0.011845
v -0.018750 -0.019421 -0.011577
v -0.018750 -0.020153 -0.010845
v -0.018750 -0.020421 -0.009845
v -0.018750 -0.020153 -0.008845
v -0.018750 -0.019421 -0.008113
v -0.018750 -0.018421 -0.007845
v -0.017850 0.017641 0.008555
v -0.017850 0.018191 0.008702
v -0.017850 0.018593 0.009105
v -0.017850 0.018741 0.009655
v -0.017850 0.018593 0.010205
v -0.017850 0.018191 0.010608
v -0.017850 0.017641 0.010755
v -0.017850 0.017091 0.010608
v -0.017850 0.016688 0.010205
v -0.017850 0.016541 0.009655
v -0.017850 0.016688 0.009105
v -0.017850 0.017091 0.008702
v -0.018750 0.015641 0.009655
v -0.018750 0.015909 0.010655
v -0.018750 0.016641 0.011387
v -0.018750 0.017641 0.011655
v -0.018750 0.018641 0.011387
v -0.018750 0.019373 0.010655
v -0.018750 0.019641 0.009655
v -0.018750 0.019373 0.008655
v -0.018750 0.018641 0.007923
v -0.018750 0.015909 0.008655
v -0.018750 0.017641 0.007655
v -0.018750 0.016641 0.007923
v 0.017250 0.024034 -0.008381
v 0.017250 0.025313 -0.002738
v 0.017250 0.025867 -0.003640
v 0.017250 -0.008823 0.024796
v 0.017250 -0.014067 0.022350
v 0.017250 -0.013106 0.026818
v 0.017250 -0.016731 0.021066
v 0.017250 -0.019595 0.020330
v 0.017250 -0.013106 -0.026508
v 0.017250 -0.019595 -0.020020
v 0.017250 -0.016731 -0.020756
v 0.017250 -0.014067 -0.022040
v 0.017250 -0.008823 -0.024485
v 0.017250 -0.003167 -0.025710
v 0.017250 0.008249 -0.024320
v 0.017250 0.006987 -0.025428
v 0.017250 0.002619 -0.025654
v 0.017250 0.003269 -0.026237
v 0.017250 -0.000525 -0.026508
v 0.017250 0.017949 0.018450
v 0.017250 0.019626 0.017616
v 0.017250 0.021537 0.013912
v 0.017250 0.021905 0.014570
v 0.017250 0.024034 0.008691
v 0.017250 0.025058 -0.007357
v 0.017250 0.023729 -0.010921
v 0.017250 0.021537 -0.013601
v 0.017250 0.021905 -0.014260
v 0.017250 0.017949 -0.018140
v 0.017250 0.023729 0.011231
v 0.017250 0.025058 0.007667
v 0.017250 0.025313 0.003048
v 0.017250 0.025867 0.003950
v 0.017250 0.026138 0.000155
v 0.017250 -0.003167 0.026020
v 0.017250 -0.000525 0.026818
v 0.017250 0.002619 0.025964
v 0.017250 0.003269 0.026547
v 0.017250 0.008249 0.024630
v 0.017250 0.019626 -0.017306
v 0.017250 0.016936 -0.019996
v 0.017250 0.013445 -0.021773
v 0.017250 0.013890 -0.022276
v 0.017250 0.010551 -0.024099
v 0.017250 0.006987 0.025738
v 0.017250 0.010551 0.024409
v 0.017250 0.013445 0.022083
v 0.017250 0.013890 0.022586
v 0.017250 0.016936 0.020306
v 0.015354 0.007614 0.028777
v 0.015354 0.007863 0.028723
v 0.016359 0.007644 0.027977
v 0.016359 -0.000525 0.029152
v 0.015354 -0.000525 0.029929
v 0.015354 0.001515 0.029783
v 0.016359 0.003601 0.028857
v 0.015354 0.003593 0.029635
v 0.015354 0.003712 0.029626
v 0.015354 0.005893 0.029152
v 0.015354 0.008372 0.028533
v 0.015354 0.011301 0.027441
v 0.016359 0.011521 0.026532
v 0.015354 0.011843 0.027239
v 0.016359 0.015152 0.024549
v 0.015354 0.013885 0.026124
v 0.015354 0.014887 0.025577
v 0.015354 0.015572 0.025203
v 0.015354 0.018503 0.023008
v 0.016359 0.018464 0.022069
v 0.015354 0.018973 0.022657
v 0.015354 0.019521 0.022109
v 0.016359 0.021389 0.019144
v 0.015354 0.021977 0.019653
v 0.015354 0.022115 0.019468
v 0.016359 0.023869 0.015832
v 0.015354 0.026090 0.013381
v 0.016359 0.025851 0.012201
v 0.015354 0.024905 0.015552
v 0.015354 0.024522 0.016252
v 0.015354 0.026558 0.012524
v 0.015354 0.026993 0.011357
v 0.016359 0.027297 0.008324
v 0.015354 0.028043 0.008543
v 0.015354 0.028388 0.006959
v 0.016359 0.028177 0.004282
v 0.015354 0.028946 0.004392
v 0.015354 0.029086 0.002437
v 0.016359 0.028472 0.000155
v 0.015354 0.029249 0.000155
v 0.016359 0.028177 -0.003972
v 0.015354 0.029086 -0.002127
v 0.015354 0.028946 -0.004082
v 0.016359 0.027297 -0.008014
v 0.015354 0.028388 -0.006649
v 0.015354 0.028043 -0.008233
v 0.016359 0.025851 -0.011891
v 0.015354 0.026993 -0.011047
v 0.015354 0.026558 -0.012214
v 0.015354 0.026090 -0.013071
v 0.016359 0.023869 -0.015522
v 0.015354 0.024905 -0.015242
v 0.015354 0.024522 -0.015942
v 0.015354 0.022115 -0.019158
v 0.016359 0.021389 -0.018834
v 0.015354 0.021977 -0.019343
v 0.015354 0.019521 -0.021798
v 0.016359 0.018464 -0.021759
v 0.015354 0.015572 -0.024893
v 0.016359 0.015152 -0.024239
v 0.015354 0.018503 -0.022698
v 0.015354 0.018973 -0.022347
v 0.015354 0.011843 -0.026928
v 0.016359 0.011521 -0.026221
v 0.015354 0.013885 -0.025813
v 0.015354 0.014887 -0.025267
v 0.015354 0.007863 -0.028413
v 0.016359 0.007644 -0.027667
v 0.015354 0.008372 -0.028223
v 0.015354 0.011301 -0.027131
v 0.015354 0.007614 -0.028467
v 0.015354 0.005893 -0.028842
v 0.016359 0.003601 -0.028547
v 0.015354 0.003712 -0.029316
v 0.015354 0.003593 -0.029325
v 0.016359 -0.000525 -0.028842
v 0.015354 0.001515 -0.029473
v 0.015354 -0.000525 -0.029619
v 0.017020 -0.000525 -0.027757
v 0.017020 0.003447 -0.027473
v 0.017020 0.007339 -0.026627
v 0.017020 0.011070 -0.025235
v 0.017020 0.014565 -0.023326
v 0.017020 0.017754 -0.020940
v 0.017020 0.020570 -0.018124
v 0.017020 0.022956 -0.014935
v 0.017020 0.024865 -0.011440
v 0.017020 0.026256 -0.007709
v 0.017020 0.027103 -0.003817
v 0.017020 0.027387 0.000155
v 0.017020 0.027103 0.004127
v 0.017020 0.026256 0.008019
v 0.017020 0.024865 0.011750
v 0.017020 0.022956 0.015246
v 0.017020 0.020570 0.018434
v 0.017020 0.017754 0.021250
v 0.017020 0.014565 0.023636
v 0.017020 0.011070 0.025545
v 0.017020 0.007339 0.026937
v 0.017020 0.003447 0.027783
v 0.017020 -0.000525 0.028067
v 0.027152 -0.020147 0.019777
v 0.018750 -0.020147 0.019777
v 0.027854 -0.021108 0.018767
v 0.018750 -0.023599 0.015572
v 0.029742 -0.023599 0.015572
v 0.030950 -0.025136 0.012975
v 0.018750 -0.026163 0.010775
v 0.031772 -0.026163 0.010775
v 0.032372 -0.026903 0.008774
v 0.018750 -0.027742 0.005569
v 0.032821 -0.027450 0.006683
v 0.018750 -0.028275 0.000155
v 0.033390 -0.028142 0.002872
v 0.033060 -0.027742 0.005569
v 0.032856 -0.027495 -0.006380
v 0.033060 -0.027742 -0.005259
v 0.018750 -0.027742 -0.005259
v 0.033389 -0.028141 -0.002570
v 0.033500 -0.028275 0.000155
v 0.032375 -0.026906 -0.008455
v 0.018750 -0.026163 -0.010464
v 0.031772 -0.026163 -0.010464
v 0.030950 -0.025136 -0.012665
v 0.018750 -0.023599 -0.015262
v 0.029742 -0.023599 -0.015262
v 0.027854 -0.021108 -0.018457
v 0.018750 -0.020147 -0.019467
v 0.027152 -0.020147 -0.019467
v 0.016359 -0.010773 -0.028842
v 0.015354 -0.009995 -0.029619
v 0.018612 -0.011915 -0.027699
v 0.021252 -0.013874 -0.025741
v 0.017020 -0.011857 -0.027757
v 0.023688 -0.016082 -0.023533
v 0.018750 -0.019595 -0.020020
v 0.015354 -0.009995 0.029929
v 0.016359 -0.010773 0.029152
v 0.017020 -0.011857 0.028067
v 0.018612 -0.011915 0.028009
v 0.021252 -0.013874 0.026051
v 0.018750 -0.019595 0.020330
v 0.023688 -0.016082 0.023843
v 0.003500 -0.077025 -0.033162
v 0.006536 -0.077025 -0.032701
v 0.003500 -0.077025 -0.030311
v 0.012820 -0.077025 -0.030795
v 0.013930 -0.077025 -0.030311
v 0.003500 -0.075108 -0.030936
v 0.003500 -0.075275 -0.030311
v 0.003500 -0.075108 -0.029686
v 0.003500 -0.076728 -0.029010
v 0.003500 -0.074650 -0.029229
v 0.003500 -0.075896 -0.027966
v 0.003500 -0.074693 -0.027387
v 0.003500 -0.074025 -0.029061
v 0.003500 -0.073358 -0.027387
v 0.003500 -0.073400 -0.029229
v 0.003500 -0.072155 -0.027966
v 0.003500 -0.072943 -0.029686
v 0.003500 -0.071322 -0.029010
v 0.003500 -0.072775 -0.030311
v 0.003500 -0.071025 -0.030311
v 0.003500 -0.072943 -0.030936
v 0.003500 -0.071025 -0.033162
v 0.003500 -0.074650 -0.031394
v 0.003500 -0.074025 -0.031561
v 0.003500 -0.073400 -0.031394
v 0.013930 -0.071025 -0.030311
v 0.012820 -0.071025 -0.030795
v 0.006536 -0.071025 -0.032701
v 0.015232 -0.071092 -0.029682
v 0.016482 -0.071322 -0.029010
v 0.017385 -0.071648 -0.028481
v 0.018206 -0.072155 -0.027966
v 0.018612 -0.072550 -0.027699
v 0.019071 -0.073358 -0.027387
v 0.019179 -0.074025 -0.027311
v 0.019071 -0.074693 -0.027387
v 0.018206 -0.075896 -0.027966
v 0.018612 -0.075501 -0.027699
v 0.015228 -0.076959 -0.029684
v 0.016482 -0.076728 -0.029010
v 0.017382 -0.076403 -0.028483
v 0.013500 -0.041756 -0.028934
v 0.013500 -0.043674 -0.030504
v 0.013500 -0.041924 -0.028309
v 0.013500 -0.043674 -0.028309
v 0.013500 -0.041756 -0.027684
v 0.013500 -0.043272 -0.026809
v 0.013500 -0.041299 -0.027227
v 0.013500 -0.042174 -0.025711
v 0.013500 -0.040674 -0.027059
v 0.013500 -0.040674 -0.025309
v 0.013500 -0.040049 -0.027227
v 0.013500 -0.039174 -0.025711
v 0.013500 -0.039591 -0.027684
v 0.013500 -0.038076 -0.026809
v 0.013500 -0.039424 -0.028309
v 0.013500 -0.037674 -0.028309
v 0.013500 -0.039591 -0.028934
v 0.013500 -0.037674 -0.030504
v 0.013500 -0.041299 -0.029392
v 0.013500 -0.040674 -0.029559
v 0.013500 -0.040049 -0.029392
v 0.017665 -0.037674 -0.028309
v 0.018612 -0.037736 -0.027699
v 0.019879 -0.038076 -0.026809
v 0.020645 -0.038514 -0.026227
v 0.021288 -0.039174 -0.025711
v 0.021637 -0.039866 -0.025420
v 0.021767 -0.040674 -0.025309
v 0.021637 -0.041482 -0.025420
v 0.021288 -0.042174 -0.025711
v 0.017665 -0.043674 -0.028309
v 0.018612 -0.043611 -0.027699
v 0.019879 -0.043272 -0.026809
v 0.020644 -0.042835 -0.026228
v 0.017665 -0.071025 0.028619
v 0.013500 -0.071025 0.028619
v 0.013500 -0.071025 0.030815
v 0.013500 -0.073400 0.029702
v 0.013500 -0.074025 0.029869
v 0.013500 -0.077025 0.030815
v 0.013500 -0.074650 0.029702
v 0.013500 -0.075108 0.029244
v 0.013500 -0.077025 0.028619
v 0.013500 -0.075275 0.028619
v 0.013500 -0.076623 0.027119
v 0.013500 -0.075108 0.027994
v 0.013500 -0.075525 0.026021
v 0.013500 -0.074650 0.027537
v 0.013500 -0.074025 0.025619
v 0.013500 -0.074025 0.027369
v 0.013500 -0.072525 0.026021
v 0.013500 -0.073400 0.027537
v 0.013500 -0.071427 0.027119
v 0.013500 -0.072943 0.027994
v 0.013500 -0.072775 0.028619
v 0.013500 -0.072943 0.029244
v 0.017665 -0.077025 0.028619
v 0.018612 -0.076963 0.028009
v 0.019879 -0.076623 0.027119
v 0.020645 -0.076185 0.026537
v 0.021288 -0.075525 0.026021
v 0.021637 -0.074832 0.025730
v 0.021767 -0.074025 0.025619
v 0.021637 -0.073217 0.025730
v 0.021288 -0.072525 0.026021
v 0.018612 -0.071088 0.028009
v 0.019879 -0.071427 0.027119
v 0.020644 -0.071864 0.026539
v 0.018750 -0.014067 0.022350
v 0.018750 -0.008823 0.024796
v 0.018750 -0.003167 0.026020
v 0.018750 0.002619 0.025964
v 0.018750 0.008249 0.024630
v 0.018750 0.013445 0.022083
v 0.018750 0.017949 0.018450
v 0.018750 0.021537 0.013912
v 0.018750 0.024034 0.008691
v 0.018750 0.025313 0.003048
v 0.018750 0.025313 -0.002738
v 0.018750 0.024034 -0.008381
v 0.018750 0.021537 -0.013601
v 0.018750 0.017949 -0.018140
v 0.018750 0.013445 -0.021773
v 0.018750 0.008249 -0.024320
v 0.018750 0.002619 -0.025654
v 0.018750 -0.003167 -0.025710
v 0.018750 -0.008823 -0.024485
v 0.018750 -0.014067 -0.022040
v 0.018750 -0.016741 -0.020753
v 0.018750 -0.016731 -0.020756
v 0.018750 -0.016741 0.021063
v 0.018750 -0.016731 0.021066
v 0.018750 -0.019087 -0.018406
v 0.018750 -0.021455 -0.015688
v 0.018750 -0.024364 -0.010835
v 0.018750 -0.026165 -0.005471
v 0.018750 -0.026775 0.000155
v 0.018750 -0.026165 0.005781
v 0.018750 -0.024364 0.011145
v 0.018750 -0.021455 0.015998
v 0.018750 -0.019087 0.018717
v 0.015000 -0.074025 0.029869
v 0.015000 -0.073400 0.029702
v 0.015000 -0.072943 0.029244
v 0.015000 -0.072775 0.028619
v 0.015000 -0.072943 0.027994
v 0.015000 -0.073400 0.027537
v 0.015000 -0.074025 0.027369
v 0.015000 -0.074650 0.027537
v 0.015000 -0.075108 0.027994
v 0.015000 -0.075275 0.028619
v 0.015000 -0.075108 0.029244
v 0.015000 -0.074650 0.029702
v 0.005000 -0.074025 -0.029061
v 0.005000 -0.073400 -0.029229
v 0.005000 -0.072943 -0.029686
v 0.005000 -0.072775 -0.030311
v 0.005000 -0.072943 -0.030936
v 0.005000 -0.073400 -0.031394
v 0.005000 -0.074025 -0.031561
v 0.005000 -0.074650 -0.031394
v 0.005000 -0.075108 -0.030936
v 0.005000 -0.075275 -0.030311
v 0.005000 -0.075108 -0.029686
v 0.005000 -0.074650 -0.029229
v 0.015500 -0.040674 -0.027059
v 0.015500 -0.040049 -0.027227
v 0.015500 -0.039591 -0.027684
v 0.015500 -0.039424 -0.028309
v 0.015500 -0.039591 -0.028934
v 0.015500 -0.040049 -0.029392
v 0.015500 -0.040674 -0.029559
v 0.015500 -0.041299 -0.029392
v 0.015500 -0.041756 -0.028934
v 0.015500 -0.041924 -0.028309
v 0.015500 -0.041756 -0.027684
v 0.015500 -0.041299 -0.027227
v 0.017665 -0.037674 0.028619
v 0.013500 -0.037674 0.028619
v 0.013500 -0.037674 0.030815
v 0.017665 -0.043674 0.028619
v 0.013500 -0.043674 0.028619
v 0.018612 -0.043611 0.028009
v 0.013500 -0.043272 0.027119
v 0.019879 -0.043272 0.027119
v 0.020645 -0.042833 0.026537
v 0.013500 -0.042174 0.026021
v 0.021288 -0.042174 0.026021
v 0.021637 -0.041481 0.025730
v 0.013500 -0.040674 0.025619
v 0.021767 -0.040674 0.025619
v 0.021637 -0.039865 0.025730
v 0.013500 -0.039174 0.026021
v 0.021288 -0.039174 0.026021
v 0.013500 -0.038076 0.027119
v 0.018612 -0.037736 0.028009
v 0.019879 -0.038076 0.027119
v 0.020644 -0.038512 0.026539
v 0.013500 -0.043674 0.030815
v 0.027152 -0.019087 -0.018406
v 0.028391 -0.020654 -0.016531
v 0.031222 -0.024129 -0.011330
v 0.030663 -0.023457 -0.012479
v 0.029608 -0.022187 -0.014647
v 0.029527 -0.022089 -0.014813
v 0.028980 -0.021398 -0.015641
v 0.032574 -0.025711 -0.007246
v 0.032401 -0.025509 -0.007767
v 0.031602 -0.024574 -0.010182
v 0.031391 -0.024327 -0.010820
v 0.033352 -0.026606 -0.002564
v 0.033323 -0.026573 -0.003099
v 0.032944 -0.026136 -0.005198
v 0.032898 -0.026083 -0.005454
v 0.033211 -0.026444 0.004312
v 0.033315 -0.026564 0.002810
v 0.033500 -0.026775 0.000155
v 0.032348 -0.025448 0.008395
v 0.032424 -0.025537 0.008032
v 0.032904 -0.026090 0.005762
v 0.032969 -0.026165 0.005454
v 0.030701 -0.023504 0.012769
v 0.029593 -0.022158 0.014876
v 0.030916 -0.023766 0.012359
v 0.031365 -0.024294 0.011115
v 0.031607 -0.024577 0.010447
v 0.027152 -0.019087 0.018717
v 0.028417 -0.020699 0.016877
v 0.028941 -0.021366 0.016115
v 0.029006 -0.021445 0.015992
v 0.018750 -0.010985 0.026818
v 0.018750 -0.010948 0.026856
v 0.021039 -0.012639 0.025164
v 0.025296 -0.016747 0.021057
v 0.021788 -0.013301 0.024503
v 0.023245 -0.014586 0.023218
v 0.024627 -0.016042 0.021762
v 0.004406 0.000655 0.033343
v 0.004523 0.000070 0.033343
v 0.003950 0.001756 0.033343
v 0.004214 0.001220 0.033343
v 0.003619 0.002252 0.033343
v 0.003226 0.002700 0.033343
v 0.002777 0.003094 0.033343
v 0.002281 0.003425 0.033343
v 0.001746 0.003689 0.033343
v 0.001181 0.003881 0.033343
v 0.000595 0.003997 0.033343
v 0.006520 -0.000525 0.032936
v 0.004562 -0.000525 0.033343
v 0.012808 -0.000525 0.031073
v 0.009038 -0.000525 0.032413
v 0.008961 0.000654 0.032413
v 0.012808 -0.000525 -0.030763
v 0.013346 -0.000525 -0.030572
v 0.013232 0.001217 -0.030572
v 0.002777 0.003094 -0.033033
v 0.003226 0.002700 -0.033033
v 0.006391 0.005866 -0.032103
v 0.004562 -0.000525 -0.033033
v 0.004523 0.000070 -0.033033
v 0.004214 0.001220 -0.033033
v 0.003950 0.001756 -0.033033
v 0.015074 0.008178 -0.028468
v 0.014904 0.018899 -0.022710
v 0.014872 0.025234 -0.015257
v 0.014872 0.025234 0.015567
v 0.012892 0.002929 0.030882
v 0.013232 0.001217 0.030882
v 0.013346 -0.000525 0.030882
v 0.012330 0.004582 0.030882
v 0.011558 0.006148 0.030882
v 0.015074 0.008178 0.028778
v 0.013809 0.010071 0.028778
v 0.012308 0.011783 0.028778
v 0.014949 0.014424 0.026141
v 0.012870 0.016247 0.026141
v 0.012242 0.020678 0.023021
v 0.014904 0.018899 0.023021
v 0.013684 0.023177 0.019474
v 0.011383 0.026955 0.015567
v 0.012080 0.028638 0.011374
v 0.012552 0.029777 0.006971
v 0.012790 0.030353 0.002441
v 0.012790 0.030353 -0.002131
v 0.012552 0.029777 -0.006661
v 0.012080 0.028638 -0.011063
v 0.013684 0.023177 -0.019164
v 0.012870 0.016247 -0.025831
v 0.012308 0.011783 -0.028468
v 0.014949 0.014424 -0.025831
v 0.011558 0.006148 -0.030572
v 0.012330 0.004582 -0.030572
v 0.012892 0.002929 -0.030572
v 0.010588 0.007600 -0.030572
v 0.007170 0.004977 -0.032103
v 0.003619 0.002252 -0.033033
v 0.007827 0.003994 -0.032103
v 0.008350 0.002934 -0.032103
v 0.008730 0.001814 -0.032103
v 0.008961 0.000654 -0.032103
v 0.004406 0.000655 -0.033033
v 0.006520 -0.000525 -0.032626
v 0.009038 -0.000525 -0.032103
v 0.009437 0.008912 -0.030572
v 0.013809 0.010071 -0.028468
v 0.005502 0.006645 -0.032103
v 0.008125 0.010063 -0.030572
v 0.010596 0.013284 -0.028468
v 0.002281 0.003425 -0.033033
v 0.004519 0.007302 -0.032103
v 0.006673 0.011033 -0.030572
v 0.008703 0.014549 -0.028468
v 0.010571 0.017784 -0.025831
v 0.012242 0.020678 -0.022710
v 0.001746 0.003689 -0.033033
v 0.003459 0.007825 -0.032103
v 0.005107 0.011805 -0.030572
v 0.006661 0.015556 -0.028468
v 0.008090 0.019007 -0.025831
v 0.009369 0.022094 -0.022710
v 0.010473 0.024760 -0.019164
v 0.011383 0.026955 -0.015257
v 0.000595 0.003997 -0.033033
v 0.001180 0.008436 -0.032103
v 0.001742 0.012707 -0.030572
v 0.002272 0.016732 -0.028468
v 0.002760 0.020435 -0.025831
v 0.003196 0.023748 -0.022710
v 0.003572 0.026609 -0.019164
v 0.003882 0.028964 -0.015257
v 0.004120 0.030770 -0.011063
v 0.004281 0.031994 -0.006661
v 0.004362 0.032611 -0.002131
v 0.004362 0.032611 0.002441
v 0.004281 0.031994 0.006971
v 0.004120 0.030770 0.011374
v 0.003882 0.028964 0.015567
v 0.001181 0.003881 -0.033033
v 0.002339 0.008205 -0.032103
v 0.003454 0.012366 -0.030572
v 0.004505 0.016288 -0.028468
v 0.005472 0.019896 -0.025831
v 0.006337 0.023124 -0.022710
v 0.007083 0.025911 -0.019164
v 0.007698 0.028205 -0.015257
v 0.008170 0.029965 -0.011063
v 0.008489 0.031156 -0.006661
v 0.008650 0.031758 -0.002131
v 0.008650 0.031758 0.002441
v 0.008489 0.031156 0.006971
v 0.008170 0.029965 0.011374
v 0.007698 0.028205 0.015567
v 0.010473 0.024760 0.019474
v 0.007083 0.025911 0.019474
v 0.003572 0.026609 0.019474
v 0.009369 0.022094 0.023021
v 0.006337 0.023124 0.023021
v 0.003196 0.023748 0.023021
v 0.010571 0.017784 0.026141
v 0.008090 0.019007 0.026141
v 0.005472 0.019896 0.026141
v 0.002760 0.020435 0.026141
v 0.010596 0.013284 0.028778
v 0.008703 0.014549 0.028778
v 0.006661 0.015556 0.028778
v 0.004505 0.016288 0.028778
v 0.002272 0.016732 0.028778
v 0.010588 0.007600 0.030882
v 0.009437 0.008912 0.030882
v 0.008125 0.010063 0.030882
v 0.006673 0.011033 0.030882
v 0.005107 0.011805 0.030882
v 0.003454 0.012366 0.030882
v 0.001742 0.012707 0.030882
v 0.008730 0.001814 0.032413
v 0.008350 0.002934 0.032413
v 0.007827 0.003994 0.032413
v 0.007170 0.004977 0.032413
v 0.006391 0.005866 0.032413
v 0.005502 0.006645 0.032413
v 0.004519 0.007302 0.032413
v 0.003459 0.007825 0.032413
v 0.002339 0.008205 0.032413
v 0.001180 0.008436 0.032413
v 0.030950 -0.078525 -0.012665
v 0.023688 -0.078525 -0.023533
v 0.018612 -0.078525 -0.027699
v 0.027854 -0.078525 -0.018457
v 0.032856 -0.078525 -0.006380
v 0.033500 -0.078525 0.000155
v 0.032856 -0.078525 0.006691
v 0.030950 -0.078525 0.012975
v 0.027854 -0.078525 0.018767
v 0.023688 -0.078525 0.023843
v 0.012820 -0.078525 0.031105
v 0.018612 -0.078525 0.028009
v 0.012820 -0.078525 -0.030795
v 0.006536 -0.078525 -0.032701
v 0.006536 -0.078525 0.033011
v 0.016042 0.011830 -0.028353
v 0.016042 0.012397 -0.028141
v 0.017157 0.012071 -0.027427
v 0.016042 0.015577 -0.026405
v 0.016042 0.016293 -0.026014
v 0.017157 0.015868 -0.025354
v 0.016042 0.019355 -0.023722
v 0.016042 0.019846 -0.023354
v 0.017157 0.019332 -0.022761
v 0.016042 0.020419 -0.022781
v 0.016042 0.022984 -0.020216
v 0.017157 0.022391 -0.019702
v 0.016042 0.023129 -0.020023
v 0.016042 0.025644 -0.016663
v 0.017157 0.024984 -0.016239
v 0.016042 0.028226 -0.011549
v 0.016042 0.029322 -0.008609
v 0.017157 0.028569 -0.008388
v 0.016042 0.029682 -0.006954
v 0.016042 0.030265 -0.004272
v 0.017157 0.029489 -0.004160
v 0.016042 0.026043 0.016241
v 0.016042 0.025644 0.016973
v 0.017157 0.024984 0.016549
v 0.016042 0.023129 0.020333
v 0.016042 0.022984 0.020526
v 0.017157 0.022391 0.020012
v 0.016042 0.020419 0.023092
v 0.016042 0.019846 0.023664
v 0.017157 0.019332 0.023071
v 0.016042 0.014531 0.027286
v 0.016042 0.012397 0.028451
v 0.017157 0.012071 0.027737
v 0.016042 0.001607 0.031110
v 0.016042 -0.000525 0.031262
v 0.017157 -0.000525 0.030478
v 0.018564 0.003462 -0.027575
v 0.018750 0.003269 -0.026237
v 0.018750 -0.000525 -0.026508
v 0.018564 0.026355 0.008048
v 0.018750 0.025058 0.007667
v 0.018750 0.025867 0.003950
v 0.018750 0.023729 0.011231
v 0.018564 0.024958 0.011793
v 0.018020 0.026096 0.012312
v 0.018750 -0.000525 0.026818
v 0.018750 0.003269 0.026547
v 0.018564 -0.000525 0.028170
v 0.018564 0.003462 0.027885
v 0.018419 -0.000525 0.028503
v 0.018020 0.003640 0.029123
v 0.018020 -0.000525 0.029421
v 0.018750 0.021905 0.014570
v 0.018564 0.023042 0.015301
v 0.018020 0.024094 0.015977
v 0.018564 -0.000525 -0.027860
v 0.018419 -0.000525 -0.028192
v 0.018020 0.003640 -0.028813
v 0.018020 0.028442 0.004320
v 0.017157 0.029489 0.004470
v 0.017157 0.028569 0.008698
v 0.018750 0.013890 -0.022276
v 0.018750 0.010551 -0.024099
v 0.018564 0.014621 -0.023412
v 0.018564 0.011112 -0.025328
v 0.018020 0.015297 -0.024465
v 0.018020 0.011632 -0.026466
v 0.018750 0.006987 -0.025428
v 0.018564 0.007367 -0.026725
v 0.018020 0.007720 -0.027925
v 0.017157 0.008018 -0.028939
v 0.017157 0.003790 -0.029859
v 0.016042 0.006180 0.030450
v 0.016042 0.003902 0.030946
v 0.017157 0.003790 0.030169
v 0.016042 0.003778 0.030955
v 0.017387 -0.000525 0.030196
v 0.016042 0.007978 0.030059
v 0.017157 0.008018 0.029249
v 0.018020 0.007720 0.028235
v 0.018564 0.007367 0.027035
v 0.018750 0.006987 0.025738
v 0.016042 0.011830 0.028663
v 0.016042 0.008770 0.029804
v 0.016042 0.008239 0.030002
v 0.018020 0.011632 0.026776
v 0.018564 0.011112 0.025638
v 0.018750 0.010551 0.024409
v 0.016042 0.019355 0.024032
v 0.016042 0.016293 0.026324
v 0.017157 0.015868 0.025664
v 0.016042 0.015577 0.026715
v 0.018020 0.015297 0.024775
v 0.018564 0.014621 0.023723
v 0.018750 0.013890 0.022586
v 0.018020 0.018640 0.022272
v 0.018564 0.017821 0.021327
v 0.018750 0.016936 0.020306
v 0.018020 0.021592 0.019320
v 0.018564 0.020647 0.018501
v 0.018750 0.019626 0.017616
v 0.016042 0.028226 0.011859
v 0.016042 0.027771 0.013078
v 0.017157 0.027057 0.012752
v 0.016042 0.027282 0.013974
v 0.018564 0.027204 0.004142
v 0.018020 0.027555 0.008400
v 0.016042 0.029322 0.008919
v 0.016042 0.030412 -0.002229
v 0.016042 0.030582 0.000155
v 0.017157 0.029797 0.000155
v 0.018020 0.028740 0.000155
v 0.018564 0.027490 0.000155
v 0.018750 0.026138 0.000155
v 0.016042 0.030412 0.002539
v 0.016042 0.030265 0.004582
v 0.016042 0.029682 0.007264
v 0.018020 0.028442 -0.004010
v 0.018564 0.027204 -0.003832
v 0.018750 0.025867 -0.003640
v 0.018020 0.027555 -0.008090
v 0.018564 0.026355 -0.007738
v 0.018750 0.025058 -0.007357
v 0.018750 0.023729 -0.010921
v 0.018564 0.024958 -0.011483
v 0.018020 0.026096 -0.012002
v 0.017157 0.027057 -0.012441
v 0.016042 0.026043 -0.015931
v 0.016042 0.027282 -0.013664
v 0.016042 0.027771 -0.012767
v 0.018020 0.024094 -0.015667
v 0.018564 0.023042 -0.014991
v 0.018750 0.021905 -0.014260
v 0.018020 0.021592 -0.019010
v 0.018564 0.020647 -0.018191
v 0.018750 0.019626 -0.017306
v 0.018020 0.018640 -0.021962
v 0.018564 0.017821 -0.021017
v 0.018750 0.016936 -0.019996
v 0.016042 0.014531 -0.026976
v 0.016042 0.007978 -0.029749
v 0.016042 0.008239 -0.029692
v 0.016042 0.008770 -0.029494
v 0.016042 -0.000525 -0.030952
v 0.016042 0.001607 -0.030800
v 0.017157 -0.000525 -0.030168
v 0.017387 -0.000525 -0.029886
v 0.018020 -0.000525 -0.029110
v 0.016042 0.003778 -0.030644
v 0.016042 0.003902 -0.030636
v 0.016042 0.006180 -0.030140
v 0.018750 -0.010985 -0.026508
v 0.018750 -0.010948 -0.026546
v 0.021038 -0.012638 -0.024855
v 0.021789 -0.013300 -0.024193
v 0.026950 -0.018811 -0.018682
v 0.025180 -0.016613 -0.020880
v 0.024631 -0.016040 -0.021453
v 0.023180 -0.014524 -0.022969
v 0.015000 -0.073025 0.030351
v 0.015000 -0.074025 0.030619
v 0.015000 -0.075025 0.030351
v 0.015000 -0.075757 0.029619
v 0.015000 -0.076025 0.028619
v 0.015000 -0.075757 0.027619
v 0.015000 -0.075025 0.026887
v 0.015000 -0.074025 0.026619
v 0.015000 -0.073025 0.026887
v 0.015000 -0.072293 0.027619
v 0.015000 -0.072025 0.028619
v 0.015000 -0.072293 0.029619
v 0.005000 -0.073025 -0.028579
v 0.005000 -0.074025 -0.028311
v 0.005000 -0.075025 -0.028579
v 0.005000 -0.075757 -0.029311
v 0.005000 -0.076025 -0.030311
v 0.005000 -0.075757 -0.031311
v 0.005000 -0.075025 -0.032043
v 0.005000 -0.074025 -0.032311
v 0.005000 -0.073025 -0.032043
v 0.005000 -0.072293 -0.031311
v 0.005000 -0.072025 -0.030311
v 0.005000 -0.072293 -0.029311
v 0.015500 -0.039674 -0.026577
v 0.015500 -0.040674 -0.026309
v 0.015500 -0.041674 -0.026577
v 0.015500 -0.042406 -0.027309
v 0.015500 -0.042674 -0.028309
v 0.015500 -0.042406 -0.029309
v 0.015500 -0.041674 -0.030041
v 0.015500 -0.040674 -0.030309
v 0.015500 -0.039674 -0.030041
v 0.015500 -0.038941 -0.029309
v 0.015500 -0.038674 -0.028309
v 0.015500 -0.038941 -0.027309
v 0.013500 -0.040049 0.029702
v 0.013500 -0.040674 0.029869
v 0.013500 -0.041299 0.029702
v 0.013500 -0.041756 0.029244
v 0.013500 -0.041924 0.028619
v 0.013500 -0.041756 0.027994
v 0.013500 -0.041299 0.027537
v 0.013500 -0.040674 0.027369
v 0.013500 -0.040049 0.027537
v 0.013500 -0.039591 0.027994
v 0.013500 -0.039424 0.028619
v 0.013500 -0.039591 0.029244
v 0.028012 -0.019068 0.019320
v 0.028275 -0.019168 0.019609
v 0.029538 -0.020881 0.017729
v 0.029346 -0.021421 0.019213
v 0.029694 -0.021864 0.018642
v 0.029777 -0.021351 0.018267
v 0.032216 -0.024677 -0.010436
v 0.032988 -0.025612 -0.007957
v 0.028388 -0.019397 -0.019610
v 0.028275 -0.019168 -0.019299
v 0.029533 -0.020874 -0.017427
v 0.028476 -0.019626 -0.019903
v 0.028484 -0.019589 -0.019872
v 0.029772 -0.021344 -0.017966
v 0.029696 -0.021870 -0.018356
v 0.029336 -0.021403 -0.018896
v 0.028368 -0.020147 -0.020346
v 0.029802 -0.022008 -0.018198
v 0.030971 -0.022896 -0.015851
v 0.030934 -0.023424 -0.016191
v 0.033028 -0.025467 -0.011057
v 0.033814 -0.026424 -0.008428
v 0.033850 -0.026937 -0.008741
v 0.034479 -0.027671 -0.005786
v 0.034403 -0.027134 -0.005659
v 0.034809 -0.028054 -0.003498
v 0.034770 -0.027574 -0.002785
v 0.034424 -0.027607 -0.006170
v 0.034346 -0.027515 -0.006521
v 0.033878 -0.026969 -0.008619
v 0.033134 -0.026090 -0.011121
v 0.033064 -0.026007 -0.011302
v 0.032066 -0.024277 -0.013548
v 0.032433 -0.025251 -0.012949
v 0.032178 -0.024947 -0.013613
v 0.032069 -0.024814 -0.013845
v 0.031119 -0.023655 -0.015864
v 0.034895 -0.027723 0.000113
v 0.034775 -0.027580 0.003034
v 0.034903 -0.028164 0.002754
v 0.034335 -0.027503 0.006829
v 0.034413 -0.027147 0.005909
v 0.034147 -0.027284 0.007835
v 0.033829 -0.026443 0.008676
v 0.034485 -0.027677 0.006030
v 0.034614 -0.027828 0.005338
v 0.034865 -0.028119 0.003096
v 0.032662 -0.025528 0.012733
v 0.033040 -0.025482 0.011331
v 0.032437 -0.025256 0.013260
v 0.032085 -0.024301 0.013814
v 0.032078 -0.024823 0.014099
v 0.030989 -0.022919 0.016127
v 0.030496 -0.022882 0.017331
v 0.030946 -0.023437 0.016459
v 0.031668 -0.024327 0.015060
v 0.033064 -0.026006 0.011564
v 0.033489 -0.026511 0.010328
v 0.033878 -0.026968 0.008854
v 0.028389 -0.019397 0.019920
v 0.030726 -0.022438 0.015661
v 0.031801 -0.023812 0.013421
v 0.032739 -0.024985 0.011014
v 0.033514 -0.025941 0.008437
v 0.034087 -0.026641 0.005748
v 0.034443 -0.027072 0.002954
v 0.034561 -0.027214 0.000115
v 0.034438 -0.027066 -0.002703
v 0.034077 -0.026629 -0.005497
v 0.033498 -0.025922 -0.008187
v 0.032727 -0.024970 -0.010739
v 0.031783 -0.023788 -0.013154
v 0.030708 -0.022415 -0.015383
v 0.033578 -0.026318 0.005594
v 0.033004 -0.025630 0.008208
v 0.032228 -0.024692 0.010712
v 0.031289 -0.023540 0.013049
v 0.030211 -0.022192 0.015222
v 0.029020 -0.020664 0.017226
v 0.027750 -0.018992 0.019054
v 0.029015 -0.020657 -0.016925
v 0.030194 -0.022170 -0.014943
v 0.033929 -0.026735 -0.002625
v 0.033568 -0.026305 -0.005342
v 0.031270 -0.023517 -0.012780
v 0.028012 -0.019068 -0.019010
v 0.027792 -0.018985 -0.018767
v 0.027749 -0.018992 -0.018744
v 0.034052 -0.026880 0.000116
v 0.033934 -0.026741 0.002877
v 0.028484 -0.019589 0.020182
v 0.028476 -0.019626 0.020213
v 0.028368 -0.020147 0.020656
v 0.029196 -0.021231 0.019458
v 0.035000 -0.028275 0.000155
v 0.034985 -0.028258 -0.000879
v 0.034852 -0.028105 -0.002848
v 0.027792 -0.018985 0.019077
v 0.022363 -0.013092 0.024964
v 0.018735 -0.010646 0.027207
v 0.018642 -0.010336 0.027775
v 0.019172 -0.010656 0.027412
v 0.022233 -0.013897 0.027186
v 0.022770 -0.014358 0.026705
v 0.022909 -0.014056 0.026563
v 0.026481 -0.017866 0.023040
v 0.025912 -0.016531 0.023433
v 0.025866 -0.016817 0.023677
v 0.024451 -0.015800 0.025198
v 0.025156 -0.016518 0.024449
v 0.025731 -0.017102 0.023838
v 0.019628 -0.011648 0.029083
v 0.019498 -0.011964 0.029206
v 0.019786 -0.012137 0.029026
v 0.020067 -0.012339 0.028814
v 0.017345 -0.010673 0.030555
v 0.016643 -0.009923 0.030864
v 0.016042 -0.009995 0.031262
v 0.017777 -0.009856 0.029761
v 0.017702 -0.009845 0.029882
v 0.019698 -0.011323 0.028862
v 0.017395 -0.009862 0.030200
v 0.017232 -0.009870 0.030369
v 0.016955 -0.009885 0.030657
v 0.019691 -0.011021 0.028550
v 0.019593 -0.010789 0.028172
v 0.018248 -0.009925 0.029001
v 0.019410 -0.010665 0.027775
v 0.018598 -0.010190 0.028042
v 0.018473 -0.010096 0.028384
v 0.018428 -0.010062 0.028508
v 0.018745 -0.010851 0.026968
v 0.025236 -0.015882 0.022162
v 0.025514 -0.015920 0.022456
v 0.022625 -0.013116 0.025293
v 0.025736 -0.016051 0.022791
v 0.022830 -0.013244 0.025659
v 0.025872 -0.016264 0.023130
v 0.022948 -0.013467 0.026019
v 0.022969 -0.013751 0.026329
v 0.001221 -0.078525 -0.034824
v 0.007873 -0.078525 -0.033948
v 0.014236 -0.078525 -0.031819
v 0.020075 -0.078525 -0.028515
v 0.025177 -0.078525 -0.024158
v 0.029353 -0.078525 -0.018907
v 0.032451 -0.078525 -0.012956
v 0.034357 -0.078525 -0.006523
v 0.035000 -0.078525 0.000155
v 0.034357 -0.078525 0.006833
v 0.032451 -0.078525 0.013266
v 0.029353 -0.078525 0.019217
v 0.025177 -0.078525 0.024468
v 0.020075 -0.078525 0.028825
v 0.014236 -0.078525 0.032129
v 0.007873 -0.078525 0.034258
v 0.001221 -0.078525 0.035134
v 0.001217 -0.000525 -0.034762
v 0.004725 0.000097 -0.034519
v 0.004127 0.001858 -0.034519
v 0.004403 0.001299 -0.034519
v 0.003781 0.002376 -0.034519
v 0.003370 0.002845 -0.034519
v 0.002901 0.003256 -0.034519
v 0.002383 0.003602 -0.034519
v 0.001824 0.003878 -0.034519
v 0.001233 0.004078 -0.034519
v 0.000622 0.004200 -0.034519
v 0.001233 0.008837 -0.033547
v 0.009362 0.000707 -0.033547
v 0.013825 0.001295 -0.031947
v 0.013944 -0.000525 -0.031947
v 0.001820 0.013300 -0.031947
v 0.007858 -0.000525 0.034186
v 0.009443 -0.000525 0.033857
v 0.009362 0.000707 0.033857
v 0.006677 0.006152 0.033857
v 0.003370 0.002845 0.034829
v 0.003781 0.002376 0.034829
v 0.001217 -0.000525 0.035072
v 0.004766 -0.000525 0.034829
v 0.004725 0.000097 0.034829
v 0.004603 0.000708 0.034829
v 0.015572 0.019768 -0.023734
v 0.015619 0.015093 -0.026995
v 0.015749 0.008567 -0.029750
v 0.013469 0.003084 -0.031947
v 0.014232 -0.000525 -0.031811
v 0.014427 0.010545 -0.029750
v 0.012859 0.012334 -0.029750
v 0.013446 0.016998 -0.026995
v 0.014297 0.024238 -0.020029
v 0.015538 0.026387 -0.015947
v 0.011892 0.028185 -0.015947
v 0.012621 0.029944 -0.011566
v 0.013114 0.031134 -0.006966
v 0.013363 0.031735 -0.002233
v 0.013363 0.031735 0.002544
v 0.013114 0.031134 0.007276
v 0.012621 0.029944 0.011876
v 0.011892 0.028185 0.016257
v 0.014297 0.024238 0.020339
v 0.015538 0.026387 0.016257
v 0.012790 0.021627 0.024044
v 0.015572 0.019768 0.024044
v 0.013446 0.016998 0.027305
v 0.015749 0.008567 0.030060
v 0.012883 0.004811 0.032257
v 0.013825 0.001295 0.032257
v 0.013944 -0.000525 0.032257
v 0.014232 -0.000525 0.032121
v 0.013469 0.003084 0.032257
v 0.009860 0.009335 0.032257
v 0.007492 0.005223 0.033857
v 0.004127 0.001858 0.034829
v 0.008724 0.003088 0.033857
v 0.009121 0.001919 0.033857
v 0.012859 0.012334 0.030060
v 0.011063 0.007963 0.032257
v 0.008178 0.004196 0.033857
v 0.004403 0.001299 0.034829
v 0.012076 0.006447 0.032257
v 0.014427 0.010545 0.030060
v 0.015619 0.015093 0.027305
v 0.011071 0.013902 0.030060
v 0.008489 0.010537 0.032257
v 0.005748 0.006966 0.033857
v 0.002901 0.003256 0.034829
v 0.011044 0.018604 0.027305
v 0.009093 0.015224 0.030060
v 0.006972 0.011551 0.032257
v 0.004721 0.007653 0.033857
v 0.002383 0.003602 0.034829
v 0.010942 0.025892 0.020339
v 0.009789 0.023107 0.024044
v 0.008453 0.019882 0.027305
v 0.006959 0.016276 0.030060
v 0.005336 0.012357 0.032257
v 0.003614 0.008199 0.033857
v 0.001824 0.003878 0.034829
v 0.004056 0.030285 -0.015947
v 0.004305 0.032172 -0.011566
v 0.004473 0.033450 -0.006966
v 0.004558 0.034094 -0.002233
v 0.004558 0.034094 0.002544
v 0.004473 0.033450 0.007276
v 0.004305 0.032172 0.011876
v 0.004056 0.030285 0.016257
v 0.003732 0.027824 0.020339
v 0.003339 0.024835 0.024044
v 0.002883 0.021374 0.027305
v 0.002374 0.017505 0.030060
v 0.001820 0.013300 0.032257
v 0.001233 0.008837 0.033857
v 0.000622 0.004200 0.034829
v 0.001233 0.004078 0.034829
v 0.002444 0.008596 0.033857
v 0.003609 0.012944 0.032257
v 0.004707 0.017041 0.030060
v 0.005717 0.020810 0.027305
v 0.006620 0.024182 0.024044
v 0.007401 0.027094 0.020339
v 0.008043 0.029492 0.016257
v 0.008536 0.031330 0.011876
v 0.008869 0.032575 0.007276
v 0.009038 0.033203 0.002544
v 0.009038 0.033203 -0.002233
v 0.008869 0.032575 -0.006966
v 0.008536 0.031330 -0.011566
v 0.008043 0.029492 -0.015947
v 0.010942 0.025892 -0.020029
v 0.007401 0.027094 -0.020029
v 0.003732 0.027824 -0.020029
v 0.012790 0.021627 -0.023734
v 0.009789 0.023107 -0.023734
v 0.006620 0.024182 -0.023734
v 0.003339 0.024835 -0.023734
v 0.011044 0.018604 -0.026995
v 0.008453 0.019882 -0.026995
v 0.005717 0.020810 -0.026995
v 0.002883 0.021374 -0.026995
v 0.011071 0.013902 -0.029750
v 0.009093 0.015224 -0.029750
v 0.006959 0.016276 -0.029750
v 0.004707 0.017041 -0.029750
v 0.002374 0.017505 -0.029750
v 0.012883 0.004811 -0.031947
v 0.012076 0.006447 -0.031947
v 0.011063 0.007963 -0.031947
v 0.009860 0.009335 -0.031947
v 0.008489 0.010537 -0.031947
v 0.006972 0.011551 -0.031947
v 0.005336 0.012357 -0.031947
v 0.003609 0.012944 -0.031947
v 0.002444 0.008596 -0.033547
v 0.003614 0.008199 -0.033547
v 0.004721 0.007653 -0.033547
v 0.005748 0.006966 -0.033547
v 0.006677 0.006152 -0.033547
v 0.007492 0.005223 -0.033547
v 0.008178 0.004196 -0.033547
v 0.008724 0.003088 -0.033547
v 0.009121 0.001919 -0.033547
v 0.004603 0.000708 -0.034519
v 0.009443 -0.000525 -0.033547
v 0.007858 -0.000525 -0.033876
v 0.004766 -0.000525 -0.034519
v 0.016643 -0.009923 -0.030553
v 0.016042 -0.009995 -0.030952
v 0.017412 -0.009851 -0.029907
v 0.017226 -0.009861 -0.030102
v 0.017198 -0.009863 -0.030129
v 0.016959 -0.009885 -0.030343
v 0.018076 -0.009880 -0.029015
v 0.017769 -0.009862 -0.029444
v 0.017510 -0.009846 -0.029805
v 0.018742 -0.010860 -0.026659
v 0.018706 -0.010466 -0.027169
v 0.018638 -0.010338 -0.027462
v 0.018497 -0.010070 -0.028076
v 0.018441 -0.010044 -0.028202
v 0.018191 -0.009931 -0.028760
v 0.019172 -0.010656 -0.027102
v 0.019410 -0.010665 -0.027465
v 0.022363 -0.013092 -0.024653
v 0.025236 -0.015882 -0.021852
v 0.019593 -0.010789 -0.027861
v 0.019691 -0.011021 -0.028239
v 0.019698 -0.011323 -0.028551
v 0.019628 -0.011648 -0.028773
v 0.018541 -0.011357 -0.029530
v 0.025514 -0.015920 -0.022146
v 0.020958 -0.012940 -0.027876
v 0.020059 -0.012351 -0.028492
v 0.019484 -0.011974 -0.028885
v 0.022625 -0.013116 -0.024982
v 0.022830 -0.013244 -0.025349
v 0.022947 -0.013467 -0.025709
v 0.022969 -0.013751 -0.026019
v 0.022909 -0.014055 -0.026253
v 0.025172 -0.016504 -0.024153
v 0.023231 -0.014713 -0.026024
v 0.022774 -0.014357 -0.026396
v 0.025866 -0.016816 -0.023366
v 0.025736 -0.017099 -0.023531
v 0.025296 -0.016617 -0.024035
v 0.027330 -0.018842 -0.021710
v 0.025872 -0.016264 -0.022819
v 0.025912 -0.016531 -0.023123
v 0.025736 -0.016051 -0.022481
v 0.021953 -0.072429 0.027414
v 0.022820 -0.073488 0.026693
v 0.022592 -0.073025 0.026887
v 0.022820 -0.074563 0.026693
v 0.022905 -0.074025 0.026619
v 0.021696 -0.075757 0.027619
v 0.022181 -0.075463 0.027229
v 0.022592 -0.075025 0.026887
v 0.020366 -0.076025 0.028619
v 0.018891 -0.075757 0.029619
v 0.020071 -0.075972 0.028819
v 0.017269 -0.074314 0.030598
v 0.017371 -0.074582 0.030540
v 0.017697 -0.075025 0.030351
v 0.018265 -0.075462 0.030011
v 0.017232 -0.074025 0.030619
v 0.017269 -0.073737 0.030598
v 0.017440 -0.073346 0.030500
v 0.018266 -0.072589 0.030011
v 0.017697 -0.073025 0.030351
v 0.021696 -0.072293 0.027619
v 0.020366 -0.072025 0.028619
v 0.020071 -0.072079 0.028819
v 0.018891 -0.072293 0.029619
v 0.013134 -0.073715 -0.032287
v 0.013286 -0.073445 -0.032225
v 0.013721 -0.073025 -0.032043
v 0.014233 -0.072768 -0.031813
v 0.014939 -0.072414 -0.031497
v 0.013074 -0.074025 -0.032311
v 0.013134 -0.074335 -0.032287
v 0.013383 -0.074724 -0.032185
v 0.017228 -0.076025 -0.030311
v 0.015325 -0.075757 -0.031311
v 0.014236 -0.075339 -0.031819
v 0.013778 -0.075009 -0.032016
v 0.019474 -0.075468 -0.028927
v 0.018887 -0.075757 -0.029311
v 0.020363 -0.074025 -0.028311
v 0.020284 -0.074496 -0.028368
v 0.020075 -0.074905 -0.028515
v 0.019959 -0.075014 -0.028595
v 0.020284 -0.073554 -0.028368
v 0.020075 -0.073186 -0.028515
v 0.019983 -0.073025 -0.028579
v 0.019475 -0.072582 -0.028927
v 0.018887 -0.072293 -0.029311
v 0.015325 -0.072293 -0.031311
v 0.017228 -0.072025 -0.030311
v 0.017269 -0.040384 -0.030288
v 0.017370 -0.040118 -0.030231
v 0.017697 -0.039674 -0.030041
v 0.017232 -0.040674 -0.030309
v 0.017269 -0.040963 -0.030288
v 0.017440 -0.041353 -0.030190
v 0.018267 -0.042111 -0.029700
v 0.017697 -0.041674 -0.030041
v 0.020366 -0.042674 -0.028309
v 0.020071 -0.042620 -0.028509
v 0.018891 -0.042406 -0.029309
v 0.022182 -0.042111 -0.026918
v 0.021696 -0.042406 -0.027309
v 0.022820 -0.041211 -0.026383
v 0.022592 -0.041674 -0.026577
v 0.022820 -0.040136 -0.026383
v 0.022905 -0.040674 -0.026309
v 0.021696 -0.038941 -0.027309
v 0.022181 -0.039236 -0.026919
v 0.022592 -0.039674 -0.026577
v 0.020366 -0.038674 -0.028309
v 0.018551 -0.039085 -0.029524
v 0.018891 -0.038941 -0.029309
v 0.020071 -0.038727 -0.028509
v 0.015500 -0.040674 0.029869
v 0.015500 -0.040049 0.029702
v 0.015500 -0.039591 0.029244
v 0.015500 -0.039424 0.028619
v 0.015500 -0.039591 0.027994
v 0.015500 -0.040049 0.027537
v 0.015500 -0.040674 0.027369
v 0.015500 -0.041299 0.027537
v 0.015500 -0.041756 0.027994
v 0.015500 -0.041924 0.028619
v 0.015500 -0.041756 0.029244
v 0.015500 -0.041299 0.029702
v 0.017269 -0.040962 0.030598
v 0.017697 -0.041674 0.030351
v 0.017440 -0.041353 0.030500
v 0.018266 -0.042110 0.030011
v 0.018891 -0.042406 0.029619
v 0.017232 -0.040674 0.030619
v 0.017269 -0.040383 0.030598
v 0.017372 -0.040115 0.030540
v 0.017697 -0.039674 0.030351
v 0.018268 -0.039236 0.030009
v 0.018891 -0.038941 0.029619
v 0.020366 -0.038674 0.028619
v 0.021696 -0.038941 0.027619
v 0.021953 -0.039077 0.027414
v 0.020071 -0.038727 0.028819
v 0.022592 -0.039674 0.026887
v 0.022820 -0.040136 0.026693
v 0.022905 -0.040674 0.026619
v 0.022820 -0.041211 0.026693
v 0.022592 -0.041674 0.026887
v 0.022182 -0.042111 0.027228
v 0.021696 -0.042406 0.027619
v 0.020071 -0.042620 0.028819
v 0.020366 -0.042674 0.028619
v 0.015500 -0.039674 0.030351
v 0.015500 -0.040674 0.030619
v 0.015500 -0.041674 0.030351
v 0.015500 -0.042406 0.029619
v 0.015500 -0.042674 0.028619
v 0.015500 -0.042406 0.027619
v 0.015500 -0.041674 0.026887
v 0.015500 -0.040674 0.026619
v 0.015500 -0.039674 0.026887
v 0.015500 -0.038941 0.027619
v 0.015500 -0.038674 0.028619
v 0.015500 -0.038941 0.029619
f 1 2 3
f 3 2 4
f 3 4 5
f 5 4 6
f 5 6 7
f 7 6 8
f 7 8 9
f 9 8 10
f 9 10 11
f 11 10 12
f 11 12 13
f 13 12 14
f 13 14 15
f 15 14 16
f 15 16 17
f 17 16 18
f 17 18 19
f 19 18 20
f 19 20 21
f 21 20 22
f 21 22 23
f 23 22 24
f 23 24 1
f 1 24 2
f 25 26 27
f 27 26 28
f 27 28 29
f 29 28 30
f 29 30 31
f 31 30 32
f 31 32 33
f 33 32 34
f 33 34 35
f 35 34 36
f 35 36 37
f 37 36 38
f 37 38 39
f 39 38 40
f 39 40 41
f 41 40 42
f 41 42 43
f 43 42 44
f 43 44 45
f 45 44 46
f 45 46 47
f 47 46 48
f 47 48 25
f 25 48 26
f 49 50 51
f 42 51 44
f 44 51 50
f 44 50 46
f 46 50 52
f 46 52 48
f 48 52 53
f 48 53 26
f 26 53 54
f 26 54 28
f 28 54 55
f 28 55 30
f 30 55 56
f 30 56 32
f 32 56 57
f 32 57 34
f 34 57 58
f 42 40 51
f 51 40 38
f 51 38 58
f 58 38 36
f 58 36 34
f 58 57 59
f 59 57 60
f 60 57 56
f 60 56 61
f 61 56 62
f 62 56 55
f 62 55 63
f 63 55 64
f 64 55 54
f 64 54 65
f 65 54 66
f 66 54 53
f 66 53 67
f 52 50 49
f 49 68 52
f 52 68 69
f 52 69 53
f 53 69 70
f 53 70 67
f 6 4 71
f 71 4 2
f 71 2 72
f 6 71 8
f 8 71 73
f 8 73 10
f 10 73 74
f 10 74 12
f 2 24 72
f 72 24 22
f 72 22 75
f 75 22 20
f 75 20 76
f 76 20 18
f 76 18 77
f 77 18 16
f 77 16 78
f 78 16 14
f 78 14 79
f 79 14 12
f 79 12 80
f 80 12 74
f 81 82 75
f 75 82 83
f 75 83 72
f 81 75 84
f 84 75 76
f 84 76 85
f 85 76 86
f 86 76 77
f 86 77 87
f 87 77 88
f 88 77 78
f 88 78 89
f 89 78 90
f 90 78 79
f 90 79 91
f 80 92 79
f 79 92 93
f 79 93 91
f 74 73 94
f 94 95 74
f 74 95 96
f 74 96 80
f 80 96 97
f 80 97 92
f 71 98 73
f 73 98 99
f 73 99 94
f 3 100 1
f 1 100 101
f 1 101 23
f 23 101 102
f 23 102 21
f 21 102 103
f 21 103 19
f 19 103 104
f 19 104 17
f 17 104 105
f 17 105 15
f 15 105 106
f 15 106 13
f 13 106 107
f 13 107 11
f 11 107 108
f 11 108 9
f 9 108 109
f 9 109 7
f 7 109 110
f 7 110 5
f 5 110 111
f 5 111 3
f 3 111 100
f 27 112 25
f 25 112 113
f 25 113 47
f 47 113 114
f 47 114 45
f 45 114 115
f 45 115 43
f 43 115 116
f 43 116 41
f 41 116 117
f 41 117 39
f 39 117 118
f 39 118 37
f 37 118 119
f 37 119 35
f 35 119 120
f 35 120 33
f 33 120 121
f 33 121 31
f 31 121 122
f 31 122 29
f 29 122 123
f 29 123 27
f 27 123 112
f 124 125 126
f 124 126 127
f 128 127 126
f 129 128 126
f 130 129 126
f 131 130 126
f 132 131 126
f 133 134 135
f 136 137 138
f 139 137 136
f 140 141 142
f 143 144 145
f 146 147 148
f 149 150 151
f 152 153 154
f 152 154 155
f 155 154 156
f 155 156 157
f 157 156 158
f 158 156 159
f 158 159 160
f 160 159 150
f 150 159 161
f 150 161 151
f 162 163 164
f 165 166 167
f 167 166 168
f 167 168 169
f 170 171 172
f 172 171 173
f 172 173 174
f 175 176 177
f 177 176 178
f 177 178 179
f 175 177 180
f 180 177 181
f 180 181 182
f 183 184 185
f 185 184 186
f 185 186 187
f 183 185 188
f 188 185 189
f 188 189 190
f 190 189 191
f 191 189 192
f 191 192 193
f 193 192 194
f 194 192 195
f 194 195 196
f 197 198 199
f 199 200 197
f 197 200 201
f 197 201 195
f 195 201 202
f 195 202 196
f 203 204 147
f 147 204 205
f 147 205 148
f 206 207 145
f 145 207 208
f 145 208 143
f 142 141 209
f 209 141 210
f 209 210 211
f 212 213 214
f 215 216 217
f 217 218 215
f 215 218 219
f 215 219 220
f 139 221 137
f 137 221 222
f 137 222 138
f 138 222 223
f 138 223 224
f 224 223 135
f 224 135 225
f 225 135 134
f 221 161 222
f 222 161 159
f 222 159 223
f 223 159 156
f 223 156 135
f 135 156 154
f 135 154 133
f 133 154 153
f 136 226 139
f 139 226 227
f 139 227 221
f 221 227 228
f 221 228 161
f 161 228 162
f 161 162 151
f 151 162 164
f 151 164 149
f 136 229 226
f 226 229 230
f 226 230 227
f 227 230 231
f 227 231 228
f 228 231 166
f 228 166 162
f 162 166 165
f 162 165 163
f 224 136 138
f 225 232 224
f 224 232 136
f 136 233 229
f 229 233 234
f 229 234 230
f 230 234 235
f 230 235 231
f 231 235 236
f 231 236 166
f 166 236 171
f 166 171 168
f 168 171 170
f 168 170 169
f 136 237 233
f 233 237 238
f 233 238 234
f 234 238 239
f 234 239 235
f 235 239 240
f 235 240 236
f 236 240 241
f 236 241 171
f 171 241 179
f 171 179 173
f 173 179 178
f 173 178 174
f 136 242 237
f 237 242 243
f 237 243 238
f 238 243 244
f 238 244 239
f 239 244 245
f 239 245 240
f 240 245 246
f 240 246 241
f 241 246 247
f 241 247 179
f 179 247 248
f 179 248 177
f 177 248 187
f 177 187 181
f 181 187 186
f 181 186 182
f 249 210 250
f 250 210 141
f 250 141 206
f 206 141 140
f 206 140 207
f 216 251 217
f 217 251 213
f 217 213 252
f 252 213 212
f 252 212 253
f 253 212 254
f 253 254 255
f 256 249 257
f 257 249 250
f 257 250 258
f 258 250 206
f 258 206 259
f 259 206 145
f 259 145 260
f 260 145 144
f 260 144 203
f 203 144 261
f 203 261 204
f 262 220 263
f 263 220 219
f 263 219 264
f 264 219 265
f 265 219 266
f 266 219 218
f 266 218 267
f 267 218 217
f 267 217 268
f 268 217 252
f 268 252 269
f 269 252 253
f 269 253 270
f 270 253 255
f 270 255 271
f 272 256 273
f 273 256 257
f 273 257 274
f 274 257 258
f 274 258 275
f 275 258 259
f 275 259 276
f 276 259 260
f 276 260 277
f 277 260 203
f 277 203 278
f 278 203 147
f 278 147 279
f 279 147 146
f 279 146 198
f 198 146 280
f 198 280 199
f 281 282 265
f 265 282 283
f 265 283 264
f 126 281 132
f 132 281 265
f 132 265 131
f 131 265 266
f 131 266 130
f 130 266 267
f 130 267 129
f 129 267 268
f 129 268 128
f 128 268 269
f 128 269 127
f 127 269 270
f 127 270 124
f 124 270 271
f 124 271 125
f 126 272 284
f 284 272 273
f 284 273 285
f 285 273 274
f 285 274 286
f 286 274 275
f 286 275 287
f 287 275 276
f 287 276 288
f 288 276 277
f 288 277 289
f 289 277 278
f 289 278 290
f 290 278 279
f 290 279 291
f 291 279 198
f 291 198 292
f 292 198 197
f 292 197 293
f 293 197 195
f 293 195 294
f 294 195 192
f 294 192 295
f 295 192 189
f 295 189 296
f 296 189 185
f 296 185 297
f 297 185 187
f 297 187 298
f 298 187 248
f 298 248 299
f 299 248 247
f 299 247 300
f 300 247 246
f 300 246 301
f 301 246 245
f 301 245 302
f 302 245 244
f 302 244 303
f 303 244 243
f 303 243 304
f 304 243 242
f 304 242 305
f 305 242 136
f 136 306 305
f 305 306 307
f 305 307 304
f 304 307 308
f 304 308 303
f 303 308 309
f 303 309 302
f 302 309 310
f 302 310 301
f 301 310 311
f 301 311 300
f 300 311 312
f 300 312 299
f 299 312 313
f 299 313 298
f 298 313 314
f 298 314 297
f 297 314 315
f 297 315 296
f 296 315 316
f 296 316 295
f 295 316 317
f 295 317 294
f 294 317 318
f 294 318 293
f 293 318 319
f 293 319 292
f 292 319 320
f 292 320 291
f 291 320 321
f 291 321 290
f 290 321 322
f 290 322 289
f 289 322 323
f 289 323 288
f 288 323 324
f 288 324 287
f 287 324 325
f 287 325 286
f 286 325 326
f 286 326 285
f 285 326 327
f 285 327 284
f 284 327 126
f 214 328 212
f 212 328 211
f 212 211 254
f 254 211 210
f 254 210 255
f 255 210 249
f 255 249 271
f 271 249 256
f 271 256 125
f 125 256 272
f 125 272 126
f 136 329 306
f 306 329 330
f 306 330 307
f 307 330 331
f 307 331 308
f 308 331 332
f 308 332 309
f 309 332 333
f 309 333 310
f 310 333 334
f 310 334 311
f 311 334 335
f 311 335 312
f 312 335 336
f 312 336 313
f 313 336 337
f 313 337 314
f 314 337 338
f 314 338 315
f 315 338 339
f 315 339 316
f 316 339 340
f 316 340 317
f 317 340 341
f 317 341 318
f 318 341 342
f 318 342 319
f 319 342 343
f 319 343 320
f 320 343 344
f 320 344 321
f 321 344 345
f 321 345 322
f 322 345 346
f 322 346 323
f 323 346 347
f 323 347 324
f 324 347 348
f 324 348 325
f 325 348 349
f 325 349 326
f 326 349 350
f 326 350 327
f 327 350 126
f 87 88 351
f 352 353 354
f 355 356 357
f 354 353 356
f 356 353 358
f 356 358 357
f 359 360 361
f 361 360 362
f 361 362 354
f 354 362 363
f 354 363 352
f 359 361 364
f 364 361 365
f 364 365 366
f 366 365 367
f 366 367 368
f 369 370 371
f 371 370 372
f 371 372 367
f 367 372 373
f 367 373 368
f 369 371 374
f 374 371 375
f 374 375 376
f 351 88 377
f 88 89 377
f 377 89 90
f 377 90 91
f 99 153 378
f 378 153 152
f 376 375 379
f 379 375 377
f 379 377 380
f 380 377 91
f 380 91 381
f 381 91 93
f 381 93 382
f 382 93 92
f 382 92 97
f 97 96 382
f 382 96 95
f 382 95 378
f 378 95 94
f 378 94 99
f 383 49 384
f 384 49 51
f 384 51 58
f 385 386 58
f 58 59 385
f 385 59 60
f 385 60 387
f 387 60 61
f 387 61 388
f 388 61 62
f 388 62 63
f 63 64 388
f 388 64 355
f 388 355 389
f 389 355 357
f 64 65 355
f 355 65 66
f 355 66 67
f 67 70 355
f 355 70 69
f 355 69 383
f 383 69 68
f 383 68 49
f 84 85 351
f 351 85 86
f 351 86 87
f 84 351 81
f 81 351 390
f 81 390 82
f 98 71 232
f 82 390 83
f 83 390 391
f 83 391 72
f 72 391 392
f 72 392 71
f 71 392 136
f 71 136 232
f 232 225 98
f 98 225 134
f 98 134 99
f 99 134 133
f 99 133 153
f 126 393 281
f 281 393 394
f 281 394 282
f 282 394 283
f 283 394 384
f 283 384 264
f 264 384 58
f 264 58 263
f 263 58 386
f 263 386 262
f 392 395 136
f 136 395 396
f 136 396 329
f 329 396 397
f 329 397 330
f 330 397 398
f 330 398 331
f 331 398 399
f 331 399 332
f 332 399 400
f 332 400 333
f 333 400 401
f 333 401 334
f 334 401 402
f 334 402 335
f 335 402 403
f 335 403 336
f 336 403 404
f 336 404 337
f 337 404 405
f 337 405 338
f 338 405 406
f 338 406 339
f 339 406 407
f 339 407 340
f 340 407 408
f 340 408 341
f 341 408 409
f 341 409 342
f 342 409 410
f 342 410 343
f 343 410 411
f 343 411 344
f 344 411 412
f 344 412 345
f 345 412 413
f 345 413 346
f 346 413 414
f 346 414 347
f 347 414 415
f 347 415 348
f 348 415 416
f 348 416 349
f 349 416 417
f 349 417 350
f 350 417 418
f 350 418 126
f 126 418 419
f 126 419 393
f 393 419 420
f 393 420 421
f 393 421 394
f 394 421 422
f 394 422 384
f 384 422 423
f 384 423 383
f 383 423 424
f 383 424 355
f 355 424 425
f 355 425 356
f 356 425 426
f 356 426 354
f 354 426 427
f 354 427 361
f 361 427 428
f 361 428 365
f 365 428 429
f 365 429 367
f 367 429 430
f 367 430 371
f 371 430 431
f 371 431 375
f 375 431 432
f 375 432 377
f 377 432 433
f 377 433 351
f 351 433 434
f 351 434 390
f 390 434 435
f 390 435 391
f 391 435 436
f 391 436 392
f 392 436 437
f 392 437 395
f 106 105 438
f 438 105 104
f 438 104 439
f 439 104 103
f 439 103 440
f 441 442 102
f 102 442 443
f 102 443 103
f 103 443 444
f 103 444 440
f 441 102 445
f 445 102 101
f 445 101 446
f 446 101 100
f 446 100 447
f 109 448 110
f 110 448 449
f 110 449 111
f 111 449 450
f 111 450 100
f 100 450 451
f 100 451 447
f 108 452 109
f 109 452 453
f 109 453 448
f 454 455 107
f 107 455 456
f 107 456 108
f 108 456 457
f 108 457 452
f 458 454 459
f 459 454 107
f 459 107 460
f 460 107 106
f 460 106 461
f 461 106 438
f 462 463 120
f 464 118 465
f 465 118 117
f 115 466 116
f 116 466 467
f 116 467 117
f 117 467 468
f 117 468 465
f 114 469 115
f 115 469 470
f 115 470 466
f 113 471 114
f 114 471 472
f 114 472 469
f 112 473 113
f 113 473 474
f 113 474 471
f 475 476 112
f 112 476 477
f 112 477 473
f 112 123 475
f 475 123 122
f 475 122 478
f 120 463 121
f 463 479 121
f 121 479 480
f 121 480 122
f 122 480 481
f 122 481 478
f 464 482 118
f 118 482 483
f 118 483 119
f 119 483 484
f 119 484 120
f 120 484 485
f 120 485 462
f 486 386 385
f 486 385 487
f 487 385 488
f 488 385 387
f 488 387 489
f 489 387 388
f 489 388 389
f 379 490 376
f 376 490 491
f 376 491 374
f 374 491 369
f 369 491 492
f 369 492 370
f 370 492 372
f 372 492 493
f 372 493 373
f 494 366 493
f 493 366 368
f 493 368 373
f 362 360 495
f 495 360 359
f 495 359 494
f 494 359 364
f 494 364 366
f 362 495 363
f 363 495 496
f 363 496 352
f 352 496 353
f 353 496 497
f 353 497 358
f 358 497 357
f 357 497 489
f 357 489 389
f 378 498 382
f 382 498 499
f 382 499 381
f 381 499 500
f 381 500 380
f 380 500 490
f 380 490 379
f 378 152 501
f 378 501 498
f 498 501 502
f 498 502 499
f 499 502 503
f 499 503 500
f 501 152 155
f 155 157 504
f 504 157 158
f 504 158 505
f 505 158 160
f 505 160 150
f 150 149 505
f 505 149 164
f 505 164 506
f 164 163 506
f 506 163 165
f 506 165 507
f 507 165 167
f 507 167 169
f 169 170 507
f 507 170 172
f 507 172 508
f 172 174 508
f 508 174 178
f 508 178 509
f 178 176 509
f 509 176 175
f 509 175 510
f 175 180 510
f 510 180 182
f 510 182 511
f 511 182 186
f 186 184 511
f 511 184 183
f 511 183 512
f 183 188 512
f 512 188 190
f 512 190 513
f 190 191 513
f 513 191 193
f 513 193 514
f 514 193 194
f 514 194 515
f 194 196 515
f 515 196 202
f 515 202 516
f 202 201 516
f 516 201 200
f 516 200 517
f 517 200 199
f 148 518 146
f 146 518 517
f 146 517 280
f 280 517 199
f 148 205 518
f 518 205 204
f 518 204 519
f 204 261 519
f 519 261 144
f 519 144 520
f 207 521 208
f 208 521 520
f 208 520 143
f 143 520 144
f 209 522 142
f 142 522 521
f 142 521 140
f 140 521 207
f 214 523 328
f 328 523 522
f 328 522 211
f 211 522 209
f 214 213 523
f 523 213 251
f 523 251 524
f 251 216 524
f 524 216 215
f 524 215 525
f 525 215 220
f 525 220 262
f 525 526 524
f 524 526 527
f 524 527 523
f 523 527 528
f 523 528 522
f 522 528 529
f 522 529 521
f 521 529 530
f 521 530 520
f 520 530 531
f 520 531 519
f 519 531 532
f 519 532 518
f 518 532 533
f 518 533 517
f 517 533 534
f 517 534 516
f 516 534 535
f 516 535 515
f 515 535 536
f 515 536 514
f 514 536 537
f 514 537 513
f 513 537 538
f 513 538 512
f 512 538 539
f 512 539 511
f 511 539 540
f 511 540 510
f 510 540 541
f 510 541 509
f 509 541 542
f 509 542 508
f 508 542 543
f 508 543 507
f 507 543 544
f 507 544 506
f 506 544 545
f 506 545 505
f 505 545 546
f 505 546 504
f 504 546 547
f 547 548 549
f 155 504 501
f 501 504 547
f 501 547 502
f 502 547 549
f 502 549 503
f 548 547 550
f 550 547 546
f 550 546 551
f 551 546 545
f 551 545 552
f 552 545 544
f 552 544 553
f 553 544 543
f 553 543 554
f 554 543 542
f 554 542 555
f 555 542 541
f 555 541 556
f 556 541 540
f 556 540 557
f 557 540 539
f 557 539 558
f 558 539 538
f 558 538 559
f 559 538 537
f 559 537 560
f 560 537 536
f 560 536 561
f 561 536 535
f 561 535 562
f 562 535 534
f 562 534 563
f 563 534 533
f 563 533 564
f 564 533 532
f 564 532 565
f 565 532 531
f 565 531 566
f 566 531 530
f 566 530 567
f 567 530 529
f 567 529 568
f 568 529 528
f 568 528 569
f 569 528 527
f 569 527 570
f 570 527 526
f 570 526 571
f 488 571 526
f 488 526 487
f 487 526 525
f 487 525 486
f 486 525 262
f 486 262 386
f 572 573 574
f 575 576 577
f 578 579 580
f 581 582 583
f 572 584 573
f 573 584 585
f 573 585 586
f 587 588 574
f 574 588 589
f 574 589 572
f 590 591 587
f 587 591 592
f 587 592 588
f 593 594 595
f 595 594 596
f 595 596 590
f 590 596 597
f 590 597 591
f 593 595 598
f 598 595 599
f 598 599 600
f 600 599 601
f 600 601 602
f 603 604 605
f 605 604 606
f 605 606 607
f 608 609 610
f 610 609 611
f 579 581 580
f 580 581 583
f 580 583 612
f 609 613 611
f 611 613 614
f 611 614 615
f 615 614 616
f 615 616 612
f 612 616 617
f 612 617 580
f 580 617 577
f 580 577 578
f 578 577 576
f 608 618 619
f 619 620 603
f 603 620 621
f 603 621 604
f 608 619 603
f 608 603 609
f 609 603 605
f 609 605 613
f 622 623 599
f 599 623 624
f 599 624 601
f 583 625 612
f 612 625 626
f 612 626 615
f 615 626 627
f 615 627 611
f 611 627 628
f 611 628 610
f 607 622 605
f 605 622 599
f 605 599 613
f 613 599 595
f 613 595 614
f 614 595 590
f 614 590 616
f 616 590 587
f 616 587 617
f 617 587 574
f 617 574 577
f 577 574 573
f 577 573 575
f 575 573 586
f 629 630 396
f 631 632 633
f 634 635 636
f 637 638 639
f 419 418 640
f 636 635 419
f 641 419 635
f 639 638 419
f 642 419 638
f 643 644 645
f 646 647 648
f 649 650 651
f 652 653 654
f 654 653 655
f 656 657 658
f 658 657 659
f 658 659 660
f 660 659 646
f 661 662 663
f 663 662 664
f 663 664 665
f 666 667 668
f 668 667 669
f 668 669 670
f 670 669 671
f 672 673 674
f 674 673 675
f 674 675 676
f 676 675 677
f 677 675 678
f 677 678 679
f 680 681 678
f 678 681 682
f 678 682 679
f 683 684 685
f 685 686 683
f 683 686 687
f 683 687 680
f 680 687 688
f 680 688 681
f 689 690 684
f 684 690 691
f 684 691 685
f 692 693 694
f 694 693 695
f 694 695 696
f 697 698 692
f 692 698 699
f 692 699 693
f 700 701 702
f 701 700 703
f 703 700 704
f 703 704 705
f 706 707 708
f 708 707 709
f 708 709 710
f 644 710 645
f 645 710 711
f 645 711 712
f 633 713 714
f 632 715 633
f 633 715 716
f 633 716 713
f 717 718 719
f 719 718 720
f 721 722 637
f 637 722 723
f 637 723 638
f 638 723 724
f 638 724 642
f 641 635 725
f 725 635 634
f 725 634 726
f 727 419 641
f 728 729 655
f 655 729 730
f 655 730 654
f 654 730 731
f 650 652 651
f 651 652 654
f 651 654 732
f 732 654 731
f 732 731 733
f 733 734 732
f 732 734 735
f 732 735 651
f 651 735 736
f 651 736 649
f 649 736 737
f 649 737 738
f 738 737 739
f 727 641 740
f 740 641 725
f 740 725 741
f 741 725 726
f 741 726 648
f 647 739 648
f 648 739 737
f 648 737 741
f 741 737 736
f 741 736 740
f 740 736 735
f 740 735 727
f 727 735 734
f 727 734 419
f 733 419 734
f 729 721 730
f 730 721 637
f 730 637 731
f 731 637 639
f 731 639 733
f 733 639 419
f 664 656 665
f 665 656 658
f 665 658 742
f 742 658 660
f 742 660 743
f 666 744 667
f 667 744 661
f 667 661 745
f 745 661 663
f 745 663 746
f 746 663 665
f 746 665 747
f 747 665 742
f 747 742 748
f 748 742 743
f 748 743 749
f 672 750 673
f 673 750 671
f 673 671 751
f 751 671 669
f 751 669 752
f 752 669 667
f 752 667 753
f 753 667 745
f 753 745 754
f 754 745 746
f 754 746 755
f 755 746 747
f 755 747 756
f 756 747 748
f 756 748 757
f 757 748 749
f 757 749 758
f 709 759 760
f 761 762 720
f 720 762 763
f 720 763 719
f 718 715 720
f 720 715 632
f 720 632 761
f 761 632 631
f 761 631 764
f 760 765 766
f 640 418 767
f 767 418 417
f 767 417 768
f 768 417 416
f 768 416 769
f 769 416 415
f 769 415 770
f 770 415 414
f 770 414 771
f 771 414 413
f 771 413 772
f 772 413 412
f 772 412 773
f 773 412 411
f 773 411 774
f 774 411 410
f 774 410 775
f 775 410 409
f 775 409 776
f 776 409 408
f 776 408 777
f 777 408 407
f 777 407 778
f 778 407 406
f 778 406 779
f 779 406 405
f 779 405 780
f 780 405 404
f 780 404 781
f 781 404 403
f 781 403 782
f 782 403 402
f 782 402 783
f 783 402 401
f 783 401 784
f 784 401 400
f 784 400 785
f 785 400 399
f 785 399 786
f 786 399 398
f 786 398 787
f 788 419 640
f 630 629 766
f 766 765 630
f 630 765 789
f 630 789 396
f 760 759 765
f 765 759 790
f 765 790 789
f 789 790 791
f 789 791 396
f 706 705 707
f 707 705 704
f 707 704 709
f 709 704 792
f 709 792 759
f 759 792 793
f 759 793 790
f 790 793 794
f 790 794 791
f 791 794 795
f 791 795 396
f 702 698 700
f 700 698 697
f 700 697 704
f 704 697 796
f 704 796 792
f 792 796 797
f 792 797 793
f 793 797 798
f 793 798 794
f 794 798 799
f 794 799 795
f 795 799 800
f 795 800 396
f 696 690 694
f 694 690 689
f 694 689 692
f 692 689 801
f 692 801 697
f 697 801 802
f 697 802 796
f 796 802 803
f 796 803 797
f 797 803 804
f 797 804 798
f 798 804 805
f 798 805 799
f 799 805 806
f 799 806 800
f 800 806 807
f 800 807 396
f 758 788 757
f 757 788 808
f 757 808 756
f 756 808 809
f 756 809 755
f 755 809 810
f 755 810 754
f 754 810 811
f 754 811 753
f 753 811 812
f 753 812 752
f 752 812 813
f 752 813 751
f 751 813 814
f 751 814 673
f 673 814 815
f 673 815 675
f 675 815 816
f 675 816 678
f 678 816 817
f 678 817 680
f 680 817 818
f 680 818 683
f 683 818 819
f 683 819 684
f 684 819 820
f 684 820 689
f 689 820 821
f 689 821 801
f 801 821 822
f 801 822 802
f 802 822 823
f 802 823 803
f 803 823 824
f 803 824 804
f 804 824 825
f 804 825 805
f 805 825 826
f 805 826 806
f 806 826 827
f 806 827 807
f 807 827 828
f 807 828 396
f 788 640 808
f 808 640 767
f 808 767 809
f 809 767 768
f 809 768 810
f 810 768 769
f 810 769 811
f 811 769 770
f 811 770 812
f 812 770 771
f 812 771 813
f 813 771 772
f 813 772 814
f 814 772 773
f 814 773 815
f 815 773 774
f 815 774 816
f 816 774 775
f 816 775 817
f 817 775 776
f 817 776 818
f 818 776 777
f 818 777 819
f 819 777 778
f 819 778 820
f 820 778 779
f 820 779 821
f 821 779 780
f 821 780 822
f 822 780 781
f 822 781 823
f 823 781 782
f 823 782 824
f 824 782 783
f 824 783 825
f 825 783 784
f 825 784 826
f 826 784 785
f 826 785 827
f 827 785 786
f 827 786 828
f 828 786 787
f 828 787 396
f 758 419 788
f 646 648 660
f 660 648 726
f 660 726 743
f 743 726 634
f 743 634 749
f 749 634 636
f 749 636 758
f 758 636 419
f 398 397 787
f 787 397 396
f 396 829 764
f 764 829 830
f 764 830 761
f 761 830 831
f 761 831 762
f 643 645 714
f 714 645 712
f 714 712 633
f 633 712 832
f 633 832 631
f 631 832 833
f 631 833 764
f 764 833 396
f 710 709 711
f 711 709 760
f 711 760 712
f 712 760 766
f 712 766 832
f 832 766 629
f 832 629 833
f 833 629 396
f 834 717 719
f 834 448 835
f 835 448 453
f 835 453 836
f 836 453 452
f 837 838 456
f 837 456 839
f 452 457 836
f 836 457 456
f 836 456 840
f 840 456 838
f 455 454 433
f 433 454 458
f 433 458 434
f 456 455 839
f 839 455 433
f 839 433 841
f 841 433 842
f 843 844 432
f 844 845 432
f 432 845 846
f 432 846 433
f 433 846 847
f 433 847 842
f 848 849 431
f 431 849 850
f 431 850 432
f 432 850 851
f 432 851 843
f 852 853 430
f 430 853 854
f 430 854 431
f 431 854 855
f 431 855 848
f 429 856 857
f 429 857 430
f 430 857 858
f 430 858 852
f 428 859 860
f 860 861 428
f 428 861 862
f 428 862 429
f 429 862 863
f 429 863 856
f 864 865 427
f 427 865 866
f 427 866 428
f 428 866 867
f 428 867 859
f 868 869 426
f 869 870 426
f 426 870 871
f 426 871 427
f 427 871 872
f 427 872 864
f 620 425 621
f 621 425 604
f 620 619 425
f 425 619 618
f 425 618 426
f 426 618 873
f 426 873 868
f 472 471 425
f 472 425 469
f 424 467 466
f 424 466 425
f 425 466 470
f 425 470 469
f 471 474 425
f 425 474 473
f 425 473 604
f 604 473 477
f 477 476 604
f 604 476 475
f 604 475 606
f 606 475 478
f 606 478 607
f 607 478 622
f 622 478 623
f 623 478 481
f 623 481 624
f 624 481 480
f 624 480 601
f 601 480 602
f 602 480 479
f 602 479 463
f 463 462 602
f 602 462 485
f 602 485 423
f 485 484 423
f 423 484 483
f 423 483 482
f 482 464 423
f 423 464 465
f 423 465 424
f 424 465 468
f 424 468 467
f 396 395 437
f 458 459 434
f 434 459 460
f 434 460 461
f 461 438 434
f 434 438 439
f 434 439 435
f 439 440 435
f 435 440 444
f 435 444 436
f 436 444 443
f 436 443 442
f 442 441 436
f 436 441 445
f 436 445 446
f 447 719 446
f 446 719 763
f 447 451 719
f 719 451 450
f 719 450 834
f 834 450 449
f 834 449 448
f 723 422 724
f 724 422 421
f 724 421 642
f 642 421 420
f 642 420 419
f 728 602 729
f 729 602 423
f 729 423 721
f 721 423 422
f 721 422 722
f 722 422 723
f 763 762 446
f 446 762 831
f 446 831 436
f 436 831 830
f 436 830 437
f 437 830 829
f 437 829 396
f 874 875 876
f 877 878 879
f 880 881 882
f 840 838 883
f 884 885 886
f 886 885 842
f 886 842 847
f 837 839 885
f 885 839 841
f 885 841 842
f 836 887 835
f 835 887 888
f 835 888 834
f 889 890 891
f 890 892 891
f 891 892 893
f 891 893 887
f 887 893 894
f 887 894 888
f 891 895 889
f 889 895 896
f 889 896 897
f 882 881 898
f 881 899 898
f 898 899 900
f 898 900 896
f 896 900 901
f 896 901 897
f 880 882 902
f 902 882 903
f 902 903 904
f 874 876 905
f 836 840 887
f 887 840 883
f 887 883 891
f 891 883 906
f 891 906 895
f 895 906 907
f 895 907 896
f 896 907 908
f 896 908 898
f 898 908 909
f 898 909 882
f 882 909 879
f 882 879 903
f 903 879 878
f 910 905 911
f 911 905 876
f 911 876 912
f 911 912 913
f 884 886 914
f 884 914 915
f 915 914 916
f 915 916 917
f 917 916 918
f 917 918 912
f 912 918 919
f 912 919 913
f 838 837 883
f 883 837 885
f 883 885 906
f 906 885 884
f 906 884 907
f 907 884 915
f 907 915 908
f 908 915 917
f 908 917 909
f 909 917 912
f 909 912 879
f 879 912 876
f 879 876 877
f 877 876 875
f 919 918 920
f 921 922 923
f 924 925 926
f 844 843 927
f 872 871 928
f 628 627 929
f 608 610 930
f 608 930 873
f 608 873 618
f 928 871 931
f 871 870 931
f 931 870 869
f 931 869 930
f 930 869 868
f 930 868 873
f 932 860 859
f 932 859 933
f 859 867 933
f 933 867 866
f 933 866 934
f 934 866 865
f 934 865 928
f 928 865 864
f 928 864 872
f 935 852 936
f 936 852 858
f 937 850 849
f 937 849 938
f 927 843 937
f 937 843 851
f 937 851 850
f 849 848 938
f 938 848 855
f 938 855 939
f 939 855 854
f 939 854 935
f 935 854 853
f 935 853 852
f 918 916 920
f 920 916 940
f 920 940 941
f 941 940 927
f 941 927 942
f 942 927 937
f 942 937 943
f 943 937 938
f 943 938 944
f 944 938 939
f 944 939 945
f 945 939 935
f 945 935 946
f 946 935 936
f 946 936 947
f 947 936 948
f 947 948 949
f 949 948 950
f 949 950 951
f 951 950 932
f 951 932 952
f 952 932 933
f 952 933 953
f 953 933 934
f 953 934 954
f 954 934 928
f 954 928 955
f 955 928 931
f 955 931 929
f 929 931 930
f 929 930 628
f 628 930 610
f 956 957 958
f 958 957 959
f 960 961 962
f 960 962 963
f 957 964 959
f 959 964 965
f 959 965 960
f 960 965 966
f 960 966 961
f 962 967 963
f 963 967 968
f 963 968 969
f 969 968 970
f 970 971 969
f 969 971 972
f 969 972 973
f 974 975 926
f 926 975 976
f 926 976 924
f 972 977 973
f 973 977 978
f 973 978 974
f 974 978 979
f 974 979 975
f 925 910 911
f 980 981 982
f 982 981 983
f 982 983 984
f 984 983 923
f 984 923 985
f 985 923 922
f 986 987 988
f 986 988 989
f 990 991 992
f 990 992 993
f 988 994 989
f 989 994 995
f 989 995 990
f 990 995 996
f 990 996 991
f 980 997 981
f 981 997 998
f 981 998 986
f 986 998 999
f 986 999 987
f 626 625 923
f 923 625 583
f 923 583 921
f 921 583 582
f 992 1000 993
f 993 1000 1001
f 993 1001 958
f 958 1001 1002
f 958 1002 956
f 916 914 940
f 940 914 886
f 844 927 845
f 845 927 940
f 845 940 846
f 846 940 886
f 846 886 847
f 858 857 936
f 936 857 856
f 936 856 948
f 948 856 863
f 948 863 950
f 950 863 862
f 950 862 932
f 932 862 861
f 932 861 860
f 925 911 926
f 926 911 913
f 913 919 926
f 926 919 920
f 926 920 974
f 974 920 941
f 974 941 973
f 973 941 942
f 973 942 969
f 969 942 943
f 969 943 963
f 963 943 944
f 963 944 960
f 960 944 945
f 960 945 959
f 959 945 946
f 959 946 958
f 958 946 947
f 958 947 993
f 993 947 949
f 993 949 990
f 990 949 951
f 990 951 989
f 989 951 952
f 989 952 986
f 986 952 953
f 986 953 981
f 981 953 954
f 981 954 983
f 983 954 955
f 983 955 923
f 923 955 929
f 923 929 626
f 626 929 627
f 1003 1004 1005
f 1005 1004 1006
f 1005 1006 1007
f 1007 1006 1008
f 1007 1008 1009
f 1009 1008 1010
f 1009 1010 1011
f 1011 1010 1012
f 1011 1012 1013
f 1013 1012 1014
f 1013 1014 1015
f 1015 1014 1016
f 1015 1016 1017
f 1017 1016 1018
f 1017 1018 1019
f 1019 1018 1020
f 1019 1020 1021
f 1021 1020 1022
f 1021 1022 1023
f 1023 1022 1024
f 1023 1024 1025
f 1025 1024 1026
f 1025 1026 1003
f 1003 1026 1004
f 1027 1028 1029
f 1029 1028 1030
f 1029 1030 1031
f 1031 1030 1032
f 1031 1032 1033
f 1033 1032 1034
f 1033 1034 1035
f 1035 1034 1036
f 1035 1036 1037
f 1037 1036 1038
f 1037 1038 1039
f 1039 1038 1040
f 1039 1040 1041
f 1041 1040 1042
f 1041 1042 1043
f 1043 1042 1044
f 1043 1044 1045
f 1045 1044 1046
f 1045 1046 1047
f 1047 1046 1048
f 1047 1048 1049
f 1049 1048 1050
f 1049 1050 1027
f 1027 1050 1028
f 1051 1052 1053
f 1053 1052 1054
f 1053 1054 1055
f 1055 1054 1056
f 1055 1056 1057
f 1057 1056 1058
f 1057 1058 1059
f 1059 1058 1060
f 1059 1060 1061
f 1061 1060 1062
f 1061 1062 1063
f 1063 1062 1064
f 1063 1064 1065
f 1065 1064 1066
f 1065 1066 1067
f 1067 1066 1068
f 1067 1068 1069
f 1069 1068 1070
f 1069 1070 1071
f 1071 1070 1072
f 1071 1072 1073
f 1073 1072 1074
f 1073 1074 1051
f 1051 1074 1052
f 1054 1052 490
f 490 1052 491
f 1075 1076 494
f 1052 1074 491
f 491 1074 1072
f 491 1072 492
f 492 1072 1070
f 492 1070 493
f 493 1070 1068
f 493 1068 494
f 1068 1066 494
f 494 1066 1064
f 494 1064 1075
f 1075 1064 1062
f 1075 1062 1077
f 1077 1062 1060
f 1077 1060 1078
f 490 500 1054
f 1054 500 1079
f 1054 1079 1056
f 1056 1079 1078
f 1056 1078 1058
f 1058 1078 1060
f 1030 1028 1080
f 1080 1028 1050
f 1076 1080 494
f 494 1080 1050
f 494 1050 495
f 495 1050 1048
f 495 1048 496
f 496 1048 1046
f 496 1046 497
f 1081 1082 570
f 1081 570 1083
f 1030 1080 1032
f 1032 1080 1084
f 1032 1084 1034
f 1084 1083 1034
f 1034 1083 570
f 1034 570 1036
f 1036 570 571
f 1036 571 1038
f 1038 571 488
f 1038 488 1040
f 1040 488 489
f 1040 489 1042
f 1042 489 497
f 1042 497 1044
f 1044 497 1046
f 1085 1086 1087
f 567 568 1088
f 1087 1086 1089
f 1089 1086 1090
f 1089 1090 1091
f 1085 1087 1092
f 1092 1087 1093
f 1092 1093 1094
f 1094 1093 1095
f 1094 1095 1096
f 1096 1095 559
f 1096 559 1097
f 1097 559 560
f 1097 560 1098
f 1098 560 561
f 1098 561 1099
f 1099 561 562
f 1099 562 1100
f 1090 1088 1091
f 1091 1088 568
f 1091 568 1101
f 1101 568 569
f 1101 569 1102
f 1102 569 570
f 1102 570 1103
f 1103 570 1082
f 562 563 1100
f 1100 563 564
f 1100 564 1104
f 1104 564 565
f 1104 565 1088
f 1088 565 566
f 1088 566 567
f 550 551 1026
f 1026 551 552
f 1026 552 1004
f 550 1026 548
f 548 1026 1024
f 548 1024 549
f 1105 1106 549
f 549 1106 1107
f 549 1107 503
f 503 1107 1108
f 503 1108 500
f 500 1108 1109
f 500 1109 1079
f 1110 1020 1111
f 1111 1020 1018
f 1111 1018 1016
f 1105 549 1112
f 1112 549 1024
f 1112 1024 1110
f 1110 1024 1022
f 1110 1022 1020
f 552 553 1004
f 1004 553 554
f 1004 554 1006
f 1006 554 555
f 1006 555 1008
f 1008 555 556
f 1008 556 1010
f 1010 556 557
f 1010 557 1012
f 1012 557 558
f 1012 558 1014
f 1014 558 559
f 1014 559 1016
f 1016 559 1095
f 1016 1095 1111
f 1113 575 1114
f 1114 575 586
f 579 1113 581
f 581 1113 582
f 579 578 1113
f 1113 578 576
f 1113 576 575
f 600 602 728
f 1115 594 1116
f 1116 594 593
f 1116 593 728
f 728 593 598
f 728 598 600
f 1117 591 1118
f 1118 591 597
f 1118 597 1115
f 1115 597 596
f 1115 596 594
f 1114 586 1119
f 1119 586 585
f 1119 585 584
f 584 572 1119
f 1119 572 589
f 1119 589 1120
f 1120 589 588
f 1120 588 1117
f 1117 588 592
f 1117 592 591
f 647 646 1121
f 657 656 1122
f 664 662 1123
f 661 744 1124
f 672 674 1125
f 676 677 1126
f 685 691 1127
f 693 699 1128
f 698 702 1129
f 706 708 1130
f 718 717 1131
f 1132 1133 1119
f 1134 1135 1136
f 1136 1135 1137
f 1136 1137 1138
f 1139 1140 1141
f 1141 1140 1142
f 1141 1142 1143
f 1143 1142 1144
f 1143 1144 1145
f 1146 1134 1147
f 1147 1134 1136
f 1147 1136 1148
f 1148 1136 1138
f 1148 1138 1127
f 1119 1120 1132
f 1132 1120 1117
f 1132 1117 1149
f 1150 1151 1152
f 1153 1154 1155
f 1155 1154 1156
f 1155 1156 1157
f 1157 1156 1158
f 1157 1158 1159
f 1159 1158 1160
f 1161 1162 1163
f 1163 1162 1164
f 1163 1164 1165
f 1165 1164 1166
f 1165 1166 1122
f 1122 1166 1121
f 1167 1133 1168
f 1168 1133 1132
f 1168 1132 1169
f 1169 1132 1149
f 1169 1149 1170
f 1170 1149 1171
f 713 716 1172
f 1172 716 715
f 1145 1144 1173
f 1173 1144 1172
f 1173 1172 1131
f 1131 1172 715
f 1131 715 718
f 714 713 1174
f 1174 713 1172
f 1174 1172 1175
f 1175 1172 1144
f 1175 1144 1176
f 1176 1144 1142
f 1176 1142 1177
f 1177 1142 1140
f 710 644 1174
f 1174 644 643
f 1174 643 714
f 708 710 1130
f 1130 710 1174
f 1130 1174 1178
f 1178 1174 1175
f 1178 1175 1179
f 1179 1175 1176
f 1179 1176 1180
f 1180 1176 1177
f 701 703 1181
f 1181 703 705
f 705 706 1181
f 1181 706 1130
f 1181 1130 1182
f 1182 1130 1178
f 1182 1178 1183
f 1183 1178 1179
f 1183 1179 1184
f 1184 1179 1180
f 702 701 1129
f 1129 701 1181
f 1129 1181 1185
f 1185 1181 1182
f 1185 1182 1186
f 1186 1182 1183
f 1186 1183 1187
f 1187 1183 1184
f 699 698 1128
f 1128 698 1129
f 1128 1129 1188
f 1188 1129 1185
f 1188 1185 1189
f 1189 1185 1186
f 1189 1186 1190
f 1190 1186 1187
f 1190 1191 1189
f 1189 1191 1192
f 1189 1192 1188
f 1188 1192 1193
f 1188 1193 1128
f 1128 1193 1194
f 1128 1194 693
f 690 696 1194
f 1194 696 695
f 1194 695 693
f 691 690 1127
f 1127 690 1194
f 1127 1194 1148
f 1148 1194 1193
f 1148 1193 1147
f 1147 1193 1192
f 1147 1192 1146
f 1146 1192 1191
f 1137 1150 1138
f 1138 1150 1152
f 1138 1152 1127
f 1127 1152 686
f 1127 686 685
f 679 682 1195
f 1195 682 1151
f 1195 1151 1196
f 1196 1151 1150
f 1196 1150 1197
f 1197 1150 1137
f 1197 1137 1198
f 1198 1137 1135
f 682 681 1151
f 1151 681 688
f 1151 688 1152
f 1152 688 687
f 1152 687 686
f 677 679 1126
f 1126 679 1195
f 1126 1195 1199
f 1199 1195 1196
f 1199 1196 1200
f 1200 1196 1197
f 1200 1197 1201
f 1201 1197 1198
f 674 676 1125
f 1125 676 1126
f 1125 1126 1202
f 1202 1126 1199
f 1202 1199 1203
f 1203 1199 1200
f 1203 1200 1204
f 1204 1200 1201
f 750 672 1159
f 1159 672 1125
f 1159 1125 1157
f 1157 1125 1202
f 1157 1202 1155
f 1155 1202 1203
f 1155 1203 1153
f 1153 1203 1204
f 666 668 1160
f 1160 668 670
f 1160 670 1159
f 1159 670 671
f 1159 671 750
f 744 666 1124
f 1124 666 1160
f 1124 1160 1205
f 1205 1160 1158
f 1205 1158 1206
f 1206 1158 1156
f 1206 1156 1207
f 1207 1156 1154
f 662 661 1123
f 1123 661 1124
f 1123 1124 1208
f 1208 1124 1205
f 1208 1205 1209
f 1209 1205 1206
f 1209 1206 1210
f 1210 1206 1207
f 656 664 1122
f 1122 664 1123
f 1122 1123 1165
f 1165 1123 1208
f 1165 1208 1163
f 1163 1208 1209
f 1163 1209 1161
f 1161 1209 1210
f 1121 646 1122
f 1122 646 659
f 1122 659 657
f 649 738 1170
f 1170 738 739
f 739 647 1170
f 1170 647 1121
f 1170 1121 1169
f 1169 1121 1166
f 1169 1166 1168
f 1168 1166 1164
f 1168 1164 1167
f 1167 1164 1162
f 728 655 1116
f 1116 655 1171
f 1116 1171 1115
f 1115 1171 1149
f 1115 1149 1118
f 1118 1149 1117
f 655 653 1171
f 1171 653 652
f 1171 652 1170
f 1170 652 650
f 1170 650 649
f 881 880 1139
f 1143 901 1141
f 1141 901 900
f 1141 900 1139
f 1139 900 899
f 1139 899 881
f 880 902 1139
f 1139 902 904
f 1139 904 1211
f 1145 889 1143
f 1143 889 897
f 1143 897 901
f 834 888 717
f 717 888 894
f 717 894 1131
f 1131 894 893
f 1131 893 1173
f 1173 893 892
f 1173 892 1145
f 1145 892 890
f 1145 890 889
f 1211 904 903
f 877 875 1212
f 1211 903 1212
f 1212 903 878
f 1212 878 877
f 875 874 1212
f 1212 874 905
f 1212 905 910
f 582 1113 921
f 921 1113 1213
f 921 1213 922
f 998 997 1214
f 1214 997 980
f 980 982 1214
f 1214 982 984
f 1214 984 1213
f 1213 984 985
f 1213 985 922
f 995 994 1215
f 994 988 1215
f 1215 988 987
f 1215 987 1214
f 1214 987 999
f 1214 999 998
f 1216 1217 1002
f 1002 1217 956
f 1217 991 1215
f 1215 991 996
f 1215 996 995
f 1002 1001 1216
f 1216 1001 1000
f 1216 1000 1217
f 1217 1000 992
f 1217 992 991
f 966 965 1217
f 965 964 1217
f 1217 964 957
f 1217 957 956
f 970 968 1218
f 968 967 1218
f 1218 967 962
f 1218 962 1217
f 1217 962 961
f 1217 961 966
f 979 978 1219
f 978 977 1219
f 1219 977 972
f 1219 972 1218
f 1218 972 971
f 1218 971 970
f 1212 910 1220
f 1220 910 925
f 925 924 1220
f 1220 924 976
f 1220 976 1219
f 1219 976 975
f 1219 975 979
f 1221 1222 1021
f 1021 1222 1223
f 1021 1223 1019
f 1019 1223 1224
f 1019 1224 1017
f 1017 1224 1225
f 1017 1225 1015
f 1015 1225 1226
f 1015 1226 1013
f 1013 1226 1227
f 1013 1227 1011
f 1011 1227 1228
f 1011 1228 1009
f 1009 1228 1229
f 1009 1229 1007
f 1007 1229 1230
f 1007 1230 1005
f 1005 1230 1231
f 1005 1231 1003
f 1003 1231 1232
f 1003 1232 1025
f 1025 1232 1233
f 1025 1233 1023
f 1023 1233 1221
f 1023 1221 1021
f 1234 1235 1033
f 1033 1235 1236
f 1033 1236 1031
f 1031 1236 1237
f 1031 1237 1029
f 1029 1237 1238
f 1029 1238 1027
f 1027 1238 1239
f 1027 1239 1049
f 1049 1239 1240
f 1049 1240 1047
f 1047 1240 1241
f 1047 1241 1045
f 1045 1241 1242
f 1045 1242 1043
f 1043 1242 1243
f 1043 1243 1041
f 1041 1243 1244
f 1041 1244 1039
f 1039 1244 1245
f 1039 1245 1037
f 1037 1245 1246
f 1037 1246 1035
f 1035 1246 1234
f 1035 1234 1033
f 1111 1095 1247
f 1247 1095 1248
f 1248 1095 1093
f 1248 1093 1249
f 1249 1093 1087
f 1249 1087 1250
f 1250 1087 1251
f 1251 1087 1089
f 1251 1089 1252
f 1252 1089 1091
f 1252 1091 1253
f 1091 1101 1253
f 1253 1101 1102
f 1253 1102 1254
f 1254 1102 1103
f 1254 1103 1255
f 1255 1103 1082
f 1255 1082 1256
f 1256 1082 1081
f 1256 1081 1257
f 1257 1081 1083
f 1257 1083 1258
f 1258 1083 1084
f 1258 1084 1236
f 1236 1084 1080
f 1236 1080 1259
f 1259 1080 1260
f 1260 1080 1076
f 1260 1076 1261
f 1261 1076 1075
f 1261 1075 1262
f 1262 1075 1077
f 1262 1077 1263
f 1263 1077 1264
f 1264 1077 1078
f 1264 1078 1265
f 1265 1078 1079
f 1265 1079 1266
f 1266 1079 1109
f 1266 1109 1267
f 1247 1268 1111
f 1111 1268 1223
f 1111 1223 1110
f 1110 1223 1269
f 1110 1269 1112
f 1112 1269 1270
f 1112 1270 1105
f 1105 1270 1271
f 1105 1271 1106
f 1106 1271 1272
f 1106 1272 1107
f 1107 1272 1267
f 1107 1267 1108
f 1108 1267 1109
f 1273 1274 1059
f 1059 1274 1262
f 1059 1262 1057
f 1057 1262 1275
f 1057 1275 1055
f 1055 1275 1276
f 1055 1276 1053
f 1053 1276 1277
f 1053 1277 1051
f 1051 1277 1278
f 1051 1278 1073
f 1073 1278 1279
f 1073 1279 1071
f 1071 1279 1280
f 1071 1280 1069
f 1069 1280 1281
f 1069 1281 1067
f 1067 1281 1282
f 1067 1282 1065
f 1065 1282 1283
f 1065 1283 1063
f 1063 1283 1284
f 1063 1284 1061
f 1061 1284 1273
f 1061 1273 1059
f 1285 1094 1286
f 1286 1094 1096
f 1286 1096 1287
f 1287 1096 1097
f 1287 1097 1288
f 1288 1097 1098
f 1288 1098 1289
f 1289 1098 1099
f 1289 1099 1290
f 1290 1099 1100
f 1290 1100 1291
f 1291 1100 1104
f 1291 1104 1292
f 1292 1104 1088
f 1292 1088 1293
f 1293 1088 1090
f 1293 1090 1294
f 1294 1090 1086
f 1294 1086 1295
f 1295 1086 1085
f 1295 1085 1296
f 1296 1085 1092
f 1296 1092 1285
f 1285 1092 1094
f 1246 1245 1113
f 1113 1245 1213
f 1213 1245 1244
f 1213 1244 1214
f 1261 1262 1274
f 1237 1236 1259
f 1217 1215 1283
f 1113 1114 1246
f 1246 1114 1256
f 1246 1256 1234
f 1234 1256 1257
f 1234 1257 1235
f 1235 1257 1258
f 1235 1258 1236
f 1249 1250 1297
f 1297 1250 1251
f 1297 1251 1298
f 1252 1253 1119
f 1119 1253 1254
f 1119 1254 1114
f 1114 1254 1255
f 1114 1255 1256
f 1283 1260 1284
f 1284 1260 1261
f 1284 1261 1273
f 1273 1261 1274
f 1217 1283 1218
f 1218 1283 1282
f 1218 1282 1219
f 1167 1162 1299
f 1299 1162 1161
f 1299 1161 1300
f 1167 1299 1133
f 1133 1299 1298
f 1133 1298 1119
f 1119 1298 1251
f 1119 1251 1252
f 1244 1243 1214
f 1214 1243 1242
f 1214 1242 1215
f 1215 1242 1241
f 1215 1241 1283
f 1283 1241 1240
f 1283 1240 1260
f 1260 1240 1239
f 1260 1239 1259
f 1259 1239 1238
f 1259 1238 1237
f 1282 1281 1219
f 1219 1281 1280
f 1219 1280 1220
f 1220 1280 1279
f 1220 1279 1212
f 1212 1279 1278
f 1212 1278 1211
f 1223 1222 1269
f 1269 1222 1270
f 1232 1187 1233
f 1233 1187 1184
f 1233 1184 1180
f 1227 1198 1228
f 1228 1198 1135
f 1228 1135 1229
f 1229 1135 1134
f 1229 1134 1230
f 1230 1134 1146
f 1230 1146 1231
f 1231 1146 1191
f 1231 1191 1232
f 1232 1191 1190
f 1232 1190 1187
f 1161 1210 1300
f 1300 1210 1207
f 1300 1207 1301
f 1301 1207 1154
f 1301 1154 1302
f 1302 1154 1153
f 1302 1153 1303
f 1303 1153 1204
f 1303 1204 1304
f 1304 1204 1201
f 1304 1201 1305
f 1262 1263 1275
f 1275 1263 1264
f 1275 1264 1276
f 1276 1264 1211
f 1276 1211 1277
f 1277 1211 1278
f 1180 1177 1233
f 1233 1177 1270
f 1233 1270 1221
f 1221 1270 1222
f 1248 1249 1306
f 1305 1247 1307
f 1307 1247 1248
f 1307 1248 1308
f 1308 1248 1306
f 1264 1265 1211
f 1211 1265 1266
f 1211 1266 1139
f 1139 1266 1267
f 1139 1267 1140
f 1140 1267 1272
f 1140 1272 1177
f 1177 1272 1271
f 1177 1271 1270
f 1226 1225 1268
f 1268 1225 1224
f 1268 1224 1223
f 1268 1247 1226
f 1226 1247 1305
f 1226 1305 1227
f 1227 1305 1201
f 1227 1201 1198
f 1308 1306 1295
f 1295 1306 1249
f 1295 1249 1294
f 1294 1249 1297
f 1294 1297 1293
f 1293 1297 1298
f 1293 1298 1292
f 1292 1298 1299
f 1292 1299 1291
f 1291 1299 1300
f 1291 1300 1290
f 1290 1300 1301
f 1290 1301 1289
f 1289 1301 1302
f 1289 1302 1288
f 1288 1302 1303
f 1288 1303 1287
f 1287 1303 1304
f 1287 1304 1286
f 1286 1304 1305
f 1286 1305 1285
f 1285 1305 1307
f 1285 1307 1296
f 1296 1307 1308
f 1296 1308 1295
f 1309 1310 1311
f 1312 1313 1314
f 1314 1313 1315
f 1314 1315 1316
f 1317 1318 1319
f 1319 1320 1317
f 1317 1320 1321
f 1317 1321 1322
f 1323 1324 1325
f 1325 1324 1326
f 1325 1326 1322
f 1322 1326 1327
f 1322 1327 1317
f 1328 1329 1330
f 1330 1329 1331
f 1330 1331 1332
f 1311 1333 1309
f 1309 1333 1334
f 1309 1334 1335
f 1335 1334 1336
f 1335 1336 1337
f 1331 1338 1332
f 1332 1338 1339
f 1332 1339 1340
f 1340 1339 1341
f 1340 1341 1310
f 1310 1341 1342
f 1310 1342 1311
f 1312 1314 1343
f 1343 1314 1344
f 1343 1344 1345
f 1345 1344 1346
f 1345 1346 1347
f 1336 1348 1337
f 1337 1348 1349
f 1337 1349 1350
f 1350 1349 1351
f 1350 1351 1323
f 1323 1351 1352
f 1323 1352 1324
f 1346 1353 1347
f 1347 1353 1354
f 1347 1354 1355
f 1355 1354 1356
f 1355 1356 1328
f 1328 1356 1357
f 1328 1357 1329
f 1358 1359 1360
f 1361 1362 1363
f 1361 1363 1364
f 1363 1365 1364
f 1364 1365 1366
f 1364 1366 1360
f 1360 1366 1367
f 1360 1367 1358
f 1359 1368 1360
f 1360 1368 1369
f 1360 1369 1370
f 1370 1369 1371
f 1370 1371 1372
f 1372 1371 1373
f 1372 1373 1374
f 1374 1375 1372
f 1372 1375 1376
f 1372 1376 1377
f 1376 1378 1377
f 1377 1378 1379
f 1377 1379 1380
f 1379 1381 1380
f 1380 1381 1382
f 1380 1382 1383
f 1384 1385 1386
f 1386 1385 1383
f 1386 1383 1387
f 1387 1383 1382
f 1384 1388 1385
f 1385 1388 1389
f 1385 1389 1390
f 1389 1391 1390
f 1390 1391 1392
f 1390 1392 1393
f 1392 1394 1393
f 1393 1394 1395
f 1393 1395 1396
f 1396 1395 1397
f 1396 1397 1398
f 1397 1399 1398
f 1398 1399 1400
f 1398 1400 1401
f 1400 1402 1401
f 1401 1402 1403
f 1401 1403 1404
f 1404 1403 1405
f 1405 1406 1404
f 1404 1406 1407
f 1404 1407 1408
f 1408 1407 1409
f 1409 1410 1408
f 1408 1410 1411
f 1408 1411 1412
f 1411 1413 1412
f 1412 1413 1414
f 1412 1414 1415
f 1416 1417 1418
f 1418 1417 1415
f 1418 1415 1419
f 1419 1415 1414
f 1420 1421 1422
f 1422 1421 1417
f 1422 1417 1423
f 1423 1417 1416
f 1424 1425 1426
f 1426 1425 1421
f 1426 1421 1427
f 1427 1421 1420
f 1424 1428 1425
f 1425 1428 1429
f 1425 1429 1430
f 1429 1431 1430
f 1430 1431 1432
f 1430 1432 1433
f 1433 1432 1434
f 1433 1434 1435
f 1433 1436 1430
f 1430 1436 1437
f 1430 1437 1425
f 1425 1437 1438
f 1425 1438 1421
f 1421 1438 1439
f 1421 1439 1417
f 1417 1439 1440
f 1417 1440 1415
f 1415 1440 1441
f 1415 1441 1412
f 1412 1441 1442
f 1412 1442 1408
f 1408 1442 1443
f 1408 1443 1404
f 1404 1443 1444
f 1404 1444 1401
f 1401 1444 1445
f 1401 1445 1398
f 1398 1445 1446
f 1398 1446 1396
f 1396 1446 1447
f 1396 1447 1393
f 1393 1447 1448
f 1393 1448 1390
f 1390 1448 1449
f 1390 1449 1385
f 1385 1449 1450
f 1385 1450 1383
f 1383 1450 1451
f 1383 1451 1380
f 1380 1451 1452
f 1380 1452 1377
f 1377 1452 1453
f 1377 1453 1372
f 1372 1453 1454
f 1372 1454 1370
f 1370 1454 1455
f 1370 1455 1360
f 1360 1455 1456
f 1360 1456 1364
f 1364 1456 1457
f 1364 1457 1361
f 1361 1457 1458
f 1436 1327 1437
f 1437 1327 1326
f 1437 1326 1438
f 1438 1326 1324
f 1438 1324 1439
f 1439 1324 1352
f 1439 1352 1440
f 1440 1352 1351
f 1440 1351 1441
f 1441 1351 1349
f 1441 1349 1442
f 1442 1349 1348
f 1442 1348 1443
f 1443 1348 1336
f 1443 1336 1444
f 1444 1336 1334
f 1444 1334 1445
f 1445 1334 1333
f 1445 1333 1446
f 1446 1333 1311
f 1446 1311 1447
f 1447 1311 1342
f 1447 1342 1448
f 1448 1342 1341
f 1448 1341 1449
f 1449 1341 1339
f 1449 1339 1450
f 1450 1339 1338
f 1450 1338 1451
f 1451 1338 1331
f 1451 1331 1452
f 1452 1331 1329
f 1452 1329 1453
f 1453 1329 1357
f 1453 1357 1454
f 1454 1357 1356
f 1454 1356 1455
f 1455 1356 1354
f 1455 1354 1456
f 1456 1354 1353
f 1456 1353 1457
f 1457 1353 1346
f 1457 1346 1458
f 1458 1346 1344
f 1459 1460 1461
f 1461 1460 1462
f 1461 1462 1463
f 1463 1462 1464
f 1464 1462 1465
f 1464 1465 1466
f 1466 1465 1467
f 1467 1465 1468
f 1467 1468 1469
f 1470 1471 1468
f 1468 1471 1472
f 1468 1472 1469
f 1473 1474 1475
f 1475 1474 1476
f 1475 1476 1470
f 1470 1476 1477
f 1470 1477 1471
f 1473 1475 1478
f 1478 1475 1479
f 1478 1479 1480
f 1480 1479 1481
f 1481 1479 1482
f 1481 1482 1483
f 1483 1482 1484
f 1484 1482 1485
f 1484 1485 1486
f 1487 1488 1489
f 1490 1317 1489
f 1489 1317 1491
f 1489 1491 1487
f 1486 1485 1492
f 1492 1485 1493
f 1492 1493 1490
f 1490 1493 1318
f 1490 1318 1317
f 1317 1327 1436
f 1317 1436 1491
f 1491 1436 1433
f 1491 1433 1487
f 1487 1433 1435
f 1487 1435 1488
f 1494 1362 1361
f 1494 1361 1495
f 1495 1361 1458
f 1495 1458 1496
f 1496 1458 1344
f 1496 1344 1314
f 1494 1495 1497
f 1497 1495 1496
f 1497 1496 1498
f 1460 1459 1499
f 1499 1459 1500
f 1499 1500 1316
f 1316 1500 1498
f 1316 1498 1314
f 1314 1498 1496
f 1501 1502 1503
f 1503 1502 1504
f 1503 1504 1505
f 1506 1501 1507
f 1507 1501 1503
f 1507 1503 1508
f 1508 1503 1509
f 1508 1509 1510
f 1509 1511 1510
f 1510 1511 1512
f 1510 1512 1513
f 1513 1512 1514
f 1513 1514 1515
f 1515 1514 1516
f 1515 1516 1517
f 1517 1516 1518
f 1517 1518 1519
f 1519 1518 1520
f 1519 1520 1521
f 1521 1520 1522
f 1506 1523 1501
f 1501 1523 1524
f 1501 1524 1522
f 1522 1524 1525
f 1522 1525 1521
f 1526 1527 1520
f 1520 1527 1528
f 1520 1528 1522
f 1526 1520 1529
f 1529 1520 1518
f 1529 1518 1530
f 1530 1518 1531
f 1531 1518 1516
f 1531 1516 1532
f 1532 1516 1533
f 1533 1516 1514
f 1533 1514 1534
f 1534 1514 1535
f 1535 1514 1512
f 1535 1512 1536
f 1511 1537 1512
f 1512 1537 1538
f 1512 1538 1536
f 1509 1503 1505
f 1505 1539 1509
f 1509 1539 1540
f 1509 1540 1511
f 1511 1540 1541
f 1511 1541 1537
f 1542 1543 1544
f 1544 1543 1545
f 1544 1545 1546
f 1546 1545 1547
f 1546 1547 1548
f 1548 1547 1549
f 1548 1549 1550
f 1550 1549 1551
f 1550 1551 1552
f 1552 1551 1553
f 1552 1553 1554
f 1554 1553 1555
f 1554 1555 1556
f 1556 1555 1557
f 1556 1557 1558
f 1558 1557 1559
f 1542 1560 1543
f 1543 1560 1561
f 1543 1561 1559
f 1559 1561 1562
f 1559 1562 1558
f 1559 1557 1563
f 1563 1557 1564
f 1564 1557 1555
f 1564 1555 1565
f 1565 1555 1566
f 1566 1555 1553
f 1566 1553 1567
f 1567 1553 1568
f 1568 1553 1551
f 1568 1551 1569
f 1569 1551 1570
f 1570 1551 1549
f 1570 1549 1571
f 1547 1545 1572
f 1572 1573 1547
f 1547 1573 1574
f 1547 1574 1549
f 1549 1574 1575
f 1549 1575 1571
f 1572 1545 1543
f 1576 1577 1578
f 1579 1580 1578
f 1578 1580 1581
f 1580 1582 1581
f 1581 1582 1583
f 1581 1583 1584
f 1584 1583 1585
f 1584 1585 1586
f 1586 1585 1587
f 1586 1587 1588
f 1588 1587 1589
f 1588 1589 1590
f 1590 1589 1591
f 1590 1591 1592
f 1592 1591 1593
f 1592 1593 1594
f 1594 1593 1595
f 1594 1595 1577
f 1577 1595 1596
f 1577 1596 1578
f 1578 1596 1597
f 1578 1597 1579
f 1584 1598 1581
f 1598 1584 1599
f 1599 1584 1586
f 1599 1586 1600
f 1600 1586 1601
f 1601 1586 1588
f 1601 1588 1602
f 1602 1588 1603
f 1603 1588 1590
f 1603 1590 1604
f 1604 1590 1605
f 1605 1590 1592
f 1605 1592 1606
f 1594 1577 1576
f 1576 1607 1594
f 1594 1607 1608
f 1594 1608 1592
f 1592 1608 1609
f 1592 1609 1606
f 1610 1313 1611
f 1611 1313 1312
f 1611 1312 1612
f 1612 1312 1343
f 1612 1343 1613
f 1613 1343 1345
f 1613 1345 1614
f 1614 1345 1347
f 1614 1347 1615
f 1615 1347 1355
f 1615 1355 1616
f 1616 1355 1328
f 1616 1328 1617
f 1617 1328 1330
f 1617 1330 1618
f 1618 1330 1332
f 1618 1332 1619
f 1619 1332 1340
f 1619 1340 1620
f 1620 1340 1310
f 1620 1310 1621
f 1621 1310 1309
f 1621 1309 1622
f 1622 1309 1335
f 1622 1335 1623
f 1623 1335 1337
f 1623 1337 1624
f 1624 1337 1350
f 1624 1350 1625
f 1625 1350 1323
f 1625 1323 1626
f 1626 1323 1325
f 1626 1325 1627
f 1627 1325 1322
f 1627 1322 1628
f 1628 1322 1321
f 1628 1321 1629
f 1629 1321 1320
f 1493 1630 1318
f 1318 1630 1319
f 1630 1631 1319
f 1319 1631 1629
f 1319 1629 1320
f 1499 1316 1632
f 1632 1316 1315
f 1632 1315 1633
f 1633 1315 1313
f 1633 1313 1610
f 1630 1493 1634
f 1634 1493 1485
f 1634 1485 1635
f 1635 1485 1482
f 1635 1482 1636
f 1636 1482 1479
f 1636 1479 1637
f 1637 1479 1475
f 1637 1475 1638
f 1638 1475 1470
f 1638 1470 1639
f 1639 1470 1468
f 1639 1468 1640
f 1640 1468 1465
f 1640 1465 1641
f 1641 1465 1462
f 1641 1462 1642
f 1642 1462 1460
f 1642 1460 1632
f 1632 1460 1499
f 1643 1580 1644
f 1644 1580 1579
f 1644 1579 1645
f 1645 1579 1597
f 1645 1597 1646
f 1646 1597 1596
f 1646 1596 1647
f 1647 1596 1595
f 1647 1595 1648
f 1648 1595 1593
f 1648 1593 1649
f 1649 1593 1591
f 1649 1591 1650
f 1650 1591 1589
f 1650 1589 1651
f 1651 1589 1587
f 1651 1587 1652
f 1652 1587 1585
f 1652 1585 1653
f 1653 1585 1583
f 1653 1583 1654
f 1654 1583 1582
f 1654 1582 1643
f 1643 1582 1580
f 1655 1513 1656
f 1656 1513 1515
f 1656 1515 1657
f 1657 1515 1517
f 1657 1517 1658
f 1658 1517 1519
f 1658 1519 1659
f 1659 1519 1521
f 1659 1521 1660
f 1660 1521 1525
f 1660 1525 1661
f 1661 1525 1524
f 1661 1524 1662
f 1662 1524 1523
f 1662 1523 1663
f 1663 1523 1506
f 1663 1506 1664
f 1664 1506 1507
f 1664 1507 1665
f 1665 1507 1508
f 1665 1508 1666
f 1666 1508 1510
f 1666 1510 1655
f 1655 1510 1513
f 1667 1550 1668
f 1668 1550 1552
f 1668 1552 1669
f 1669 1552 1554
f 1669 1554 1670
f 1670 1554 1556
f 1670 1556 1671
f 1671 1556 1558
f 1671 1558 1672
f 1672 1558 1562
f 1672 1562 1673
f 1673 1562 1561
f 1673 1561 1674
f 1674 1561 1560
f 1674 1560 1675
f 1675 1560 1542
f 1675 1542 1676
f 1676 1542 1544
f 1676 1544 1677
f 1677 1544 1546
f 1677 1546 1678
f 1678 1546 1548
f 1678 1548 1667
f 1667 1548 1550
f 1679 1680 1681
f 1682 1683 1684
f 1684 1683 1685
f 1684 1685 1686
f 1686 1685 1687
f 1687 1685 1688
f 1687 1688 1689
f 1689 1688 1690
f 1690 1688 1691
f 1690 1691 1692
f 1692 1691 1693
f 1693 1691 1694
f 1693 1694 1695
f 1696 1680 1679
f 1679 1697 1696
f 1696 1697 1698
f 1696 1698 1694
f 1694 1698 1699
f 1694 1699 1695
f 1700 1683 1682
f 1701 1634 1702
f 1702 1634 1635
f 1703 1704 1636
f 1704 1705 1636
f 1636 1705 1706
f 1636 1706 1635
f 1635 1706 1707
f 1635 1707 1702
f 1708 1709 1637
f 1637 1709 1710
f 1637 1710 1636
f 1636 1710 1711
f 1636 1711 1703
f 1712 1713 1638
f 1638 1713 1714
f 1638 1714 1637
f 1637 1714 1715
f 1637 1715 1708
f 1716 1717 1638
f 1638 1717 1718
f 1638 1718 1712
f 1719 1720 1639
f 1639 1720 1721
f 1639 1721 1638
f 1638 1721 1722
f 1638 1722 1716
f 1723 1640 1724
f 1724 1640 1641
f 1723 1725 1640
f 1640 1725 1726
f 1640 1726 1639
f 1639 1726 1727
f 1639 1727 1719
f 1642 1728 1641
f 1641 1728 1729
f 1729 1730 1641
f 1641 1730 1731
f 1641 1731 1724
f 1732 1733 1734
f 1735 1728 1642
f 1732 1734 1632
f 1734 1736 1632
f 1632 1736 1737
f 1632 1737 1642
f 1642 1737 1738
f 1642 1738 1735
f 1739 1740 126
f 1741 1742 126
f 1741 126 1743
f 1744 1743 126
f 1745 1744 126
f 1746 1745 126
f 1747 1746 126
f 1748 1747 126
f 1749 1748 126
f 350 1749 126
f 1750 1751 1740
f 1740 1751 126
f 1742 1739 126
f 1752 1753 1754
f 1755 1756 1757
f 1758 1759 1760
f 136 1761 1762
f 136 1763 1764
f 1759 1758 136
f 1424 1426 1765
f 1419 1414 1766
f 1407 1767 1409
f 1386 1768 1384
f 1769 1363 1770
f 1770 1363 1362
f 1770 1362 1771
f 1772 1366 1769
f 1769 1366 1365
f 1769 1365 1363
f 1773 1358 1772
f 1772 1358 1367
f 1772 1367 1366
f 1359 1774 1368
f 1368 1774 1775
f 1368 1775 1369
f 1369 1775 1371
f 1371 1775 1776
f 1371 1776 1373
f 1374 1777 1375
f 1375 1777 1778
f 1375 1778 1376
f 1779 1379 1780
f 1780 1379 1378
f 1387 1382 1781
f 1781 1382 1381
f 1768 1782 1384
f 1384 1782 1783
f 1384 1783 1388
f 1388 1783 1389
f 1389 1783 1391
f 1391 1783 1784
f 1391 1784 1392
f 1392 1784 1394
f 1394 1784 1785
f 1394 1785 1395
f 1786 1399 1785
f 1785 1399 1397
f 1785 1397 1395
f 1787 1788 1405
f 1405 1403 1787
f 1787 1403 1402
f 1787 1402 1786
f 1786 1402 1400
f 1786 1400 1399
f 1789 1411 1767
f 1767 1411 1410
f 1767 1410 1409
f 1790 1416 1766
f 1766 1416 1418
f 1766 1418 1419
f 1791 1420 1792
f 1792 1420 1422
f 1792 1422 1423
f 1424 1765 1428
f 1428 1765 1793
f 1428 1793 1794
f 1432 1431 1794
f 1794 1431 1429
f 1794 1429 1428
f 1794 1795 1432
f 1432 1795 1757
f 1432 1757 1434
f 1434 1757 1756
f 1434 1756 1435
f 1796 1760 1797
f 1797 1760 1759
f 1797 1759 1798
f 1798 1759 136
f 1799 1764 1800
f 1800 1764 1763
f 1800 1763 1801
f 1762 1802 1803
f 1803 1802 1801
f 1762 1761 1802
f 1802 1761 1804
f 1802 1804 1805
f 1803 136 1762
f 1801 1763 1803
f 1803 1763 136
f 1805 1755 1802
f 1802 1755 1757
f 1802 1757 1801
f 1801 1757 1795
f 1801 1795 1800
f 1800 1795 1794
f 1800 1794 1799
f 1799 1794 1793
f 1765 1796 1793
f 1793 1796 1797
f 1793 1797 1799
f 1799 1797 1798
f 1799 1798 1764
f 1764 1798 136
f 1806 1807 1791
f 1791 1807 1427
f 1791 1427 1420
f 1808 1806 1809
f 1809 1806 1791
f 1809 1791 1810
f 1810 1791 1792
f 1810 1792 1790
f 1790 1792 1423
f 1790 1423 1416
f 1811 1808 1812
f 1812 1808 1809
f 1812 1809 1813
f 1813 1809 1810
f 1813 1810 1814
f 1814 1810 1790
f 1814 1790 1815
f 1815 1790 1766
f 1815 1766 1816
f 1816 1766 1414
f 1816 1414 1789
f 1789 1414 1413
f 1789 1413 1411
f 136 1811 1817
f 1817 1811 1812
f 1817 1812 1818
f 1818 1812 1813
f 1818 1813 1819
f 1819 1813 1814
f 1819 1814 1820
f 1820 1814 1815
f 1820 1815 1821
f 1821 1815 1816
f 1821 1816 1822
f 1822 1816 1789
f 1822 1789 1823
f 1823 1789 1767
f 1823 1767 1824
f 1824 1767 1407
f 1824 1407 1788
f 1788 1407 1406
f 1788 1406 1405
f 136 1825 329
f 329 1825 1826
f 329 1826 330
f 330 1826 1827
f 330 1827 331
f 331 1827 1828
f 331 1828 332
f 332 1828 1829
f 332 1829 333
f 333 1829 1830
f 333 1830 334
f 334 1830 1831
f 334 1831 335
f 335 1831 1832
f 335 1832 336
f 336 1832 1833
f 336 1833 337
f 337 1833 1834
f 337 1834 338
f 338 1834 1835
f 338 1835 339
f 339 1835 1836
f 339 1836 340
f 340 1836 1837
f 340 1837 341
f 341 1837 1838
f 341 1838 342
f 342 1838 1839
f 342 1839 343
f 136 1840 1825
f 1825 1840 1841
f 1825 1841 1826
f 1826 1841 1842
f 1826 1842 1827
f 1827 1842 1843
f 1827 1843 1828
f 1828 1843 1844
f 1828 1844 1829
f 1829 1844 1845
f 1829 1845 1830
f 1830 1845 1846
f 1830 1846 1831
f 1831 1846 1847
f 1831 1847 1832
f 1832 1847 1848
f 1832 1848 1833
f 1833 1848 1849
f 1833 1849 1834
f 1834 1849 1850
f 1834 1850 1835
f 1835 1850 1851
f 1835 1851 1836
f 1836 1851 1852
f 1836 1852 1837
f 1837 1852 1853
f 1837 1853 1838
f 1838 1853 1854
f 1838 1854 1839
f 136 1817 1840
f 1840 1817 1818
f 1840 1818 1841
f 1841 1818 1819
f 1841 1819 1842
f 1842 1819 1820
f 1842 1820 1843
f 1843 1820 1821
f 1843 1821 1844
f 1844 1821 1822
f 1844 1822 1845
f 1845 1822 1823
f 1845 1823 1846
f 1846 1823 1824
f 1846 1824 1847
f 1847 1824 1788
f 1847 1788 1848
f 1848 1788 1787
f 1848 1787 1849
f 1849 1787 1786
f 1849 1786 1850
f 1850 1786 1785
f 1850 1785 1851
f 1851 1785 1784
f 1851 1784 1852
f 1852 1784 1783
f 1852 1783 1853
f 1853 1783 1782
f 1853 1782 1854
f 1426 1427 1765
f 1765 1427 1807
f 1765 1807 1796
f 1796 1807 1806
f 1796 1806 1760
f 1760 1806 1808
f 1760 1808 1758
f 1758 1808 1811
f 1758 1811 136
f 1386 1387 1768
f 1768 1387 1781
f 1768 1781 1782
f 1782 1781 1855
f 1782 1855 1854
f 1854 1855 1856
f 1854 1856 1839
f 1839 1856 1857
f 1839 1857 343
f 343 1857 344
f 1381 1379 1781
f 1781 1379 1779
f 1781 1779 1855
f 1855 1779 1858
f 1855 1858 1856
f 1856 1858 1859
f 1856 1859 1857
f 1857 1859 1860
f 1857 1860 344
f 344 1860 345
f 1378 1376 1780
f 1780 1376 1778
f 1780 1778 1779
f 1779 1778 1861
f 1779 1861 1858
f 1858 1861 1862
f 1858 1862 1859
f 1859 1862 1863
f 1859 1863 1860
f 1860 1863 1864
f 1860 1864 345
f 345 1864 346
f 1374 1373 1777
f 1777 1373 1776
f 1777 1776 1778
f 1778 1776 1865
f 1778 1865 1861
f 1861 1865 1866
f 1861 1866 1862
f 1862 1866 1867
f 1862 1867 1863
f 1863 1867 1868
f 1863 1868 1864
f 1864 1868 1869
f 1864 1869 346
f 346 1869 347
f 1359 1358 1774
f 1774 1358 1773
f 1774 1773 1775
f 1775 1773 1870
f 1775 1870 1776
f 1776 1870 1871
f 1776 1871 1865
f 1865 1871 1872
f 1865 1872 1866
f 1866 1872 1873
f 1866 1873 1867
f 1867 1873 1874
f 1867 1874 1868
f 1868 1874 1875
f 1868 1875 1869
f 1869 1875 1876
f 1869 1876 347
f 347 1876 348
f 1771 1752 1770
f 1770 1752 1754
f 1770 1754 1769
f 1769 1754 1877
f 1769 1877 1772
f 1772 1877 1878
f 1772 1878 1773
f 1773 1878 1879
f 1773 1879 1870
f 1870 1879 1880
f 1870 1880 1871
f 1871 1880 1881
f 1871 1881 1872
f 1872 1881 1882
f 1872 1882 1873
f 1873 1882 1883
f 1873 1883 1874
f 1874 1883 1884
f 1874 1884 1875
f 1875 1884 1885
f 1875 1885 1876
f 1876 1885 1886
f 1876 1886 348
f 348 1886 349
f 1753 1750 1754
f 1754 1750 1740
f 1754 1740 1877
f 1877 1740 1739
f 1877 1739 1878
f 1878 1739 1742
f 1878 1742 1879
f 1879 1742 1741
f 1879 1741 1880
f 1880 1741 1743
f 1880 1743 1881
f 1881 1743 1744
f 1881 1744 1882
f 1882 1744 1745
f 1882 1745 1883
f 1883 1745 1746
f 1883 1746 1884
f 1884 1746 1747
f 1884 1747 1885
f 1885 1747 1748
f 1885 1748 1886
f 1886 1748 1749
f 1886 1749 349
f 349 1749 350
f 1480 1481 1887
f 1559 1527 1543
f 1543 1527 1526
f 1543 1526 1572
f 1572 1526 1529
f 1572 1529 1573
f 1573 1529 1530
f 1573 1530 1531
f 1489 1488 1559
f 1568 1569 1492
f 1568 1492 1567
f 1559 1563 1489
f 1489 1563 1564
f 1489 1564 1490
f 1490 1564 1565
f 1490 1565 1492
f 1492 1565 1566
f 1492 1566 1567
f 1533 1571 1575
f 1531 1532 1573
f 1573 1532 1533
f 1573 1533 1574
f 1574 1533 1575
f 1571 1533 1570
f 1570 1533 1534
f 1570 1534 1569
f 1569 1534 1888
f 1569 1888 1492
f 1534 1535 1888
f 1888 1535 1536
f 1888 1536 1889
f 1887 1481 1890
f 1481 1483 1890
f 1890 1483 1484
f 1890 1484 1888
f 1888 1484 1486
f 1888 1486 1492
f 1476 1474 1891
f 1891 1474 1473
f 1891 1473 1887
f 1887 1473 1478
f 1887 1478 1480
f 1476 1891 1477
f 1477 1891 1892
f 1477 1892 1471
f 1471 1892 1893
f 1471 1893 1472
f 1464 1466 1894
f 1894 1466 1467
f 1894 1467 1893
f 1893 1467 1469
f 1893 1469 1472
f 1464 1894 1463
f 1463 1894 1895
f 1463 1895 1461
f 1461 1895 1459
f 1459 1895 1896
f 1459 1896 1500
f 1601 1602 1896
f 1602 1603 1896
f 1896 1603 1604
f 1896 1604 1605
f 1689 1690 1606
f 1606 1690 1605
f 1605 1690 1896
f 1896 1690 1692
f 1896 1692 1500
f 1500 1692 1693
f 1500 1693 1695
f 1681 1494 1679
f 1679 1494 1497
f 1679 1497 1697
f 1697 1497 1498
f 1697 1498 1698
f 1698 1498 1500
f 1698 1500 1699
f 1699 1500 1695
f 1362 1494 1771
f 1771 1494 1681
f 1771 1681 1752
f 1752 1681 1700
f 1578 1581 1897
f 1897 1581 1898
f 1581 1598 1898
f 1898 1598 1599
f 1898 1599 1896
f 1896 1599 1600
f 1896 1600 1601
f 1522 136 392
f 136 1522 1761
f 1761 1522 1528
f 1761 1528 1804
f 1536 1538 1889
f 1889 1538 1537
f 1889 1537 1541
f 1541 1540 1889
f 1889 1540 1539
f 1889 1539 1899
f 1539 1505 1899
f 1899 1505 1504
f 1899 1504 1900
f 1900 1504 1502
f 1900 1502 392
f 392 1502 1501
f 392 1501 1522
f 1804 1528 1805
f 1805 1528 1527
f 1805 1527 1755
f 1755 1527 1559
f 1755 1559 1756
f 1756 1559 1488
f 1756 1488 1435
f 1689 1606 1687
f 1687 1606 1609
f 1687 1609 1686
f 1686 1609 1608
f 1686 1608 1684
f 1684 1608 1607
f 1684 1607 1682
f 1682 1607 1576
f 1682 1576 1700
f 1700 1576 1578
f 1700 1578 1752
f 1752 1578 1897
f 1752 1897 1753
f 1753 1897 1901
f 1753 1901 1750
f 1750 1901 1751
f 1751 1901 393
f 1751 393 126
f 1902 1903 1904
f 1905 1906 1907
f 1908 1909 1910
f 1911 1912 1913
f 1914 1915 1916
f 1917 1918 1919
f 1920 1921 1922
f 1923 1924 1925
f 1926 1927 1928
f 1929 1930 1931
f 1932 1933 1934
f 1935 1936 1937
f 1938 1939 1940
f 1941 1942 1943
f 1944 1942 1945
f 1945 1942 1941
f 1945 1941 1946
f 1947 1948 1949
f 1949 1948 1950
f 1949 1950 1951
f 1951 1950 1952
f 1951 1952 1953
f 1954 1944 1955
f 1955 1944 1945
f 1955 1945 1956
f 1956 1945 1946
f 1956 1946 1925
f 1940 1957 1938
f 1938 1957 1958
f 1938 1958 1959
f 1960 1961 1962
f 1963 1964 1965
f 1965 1964 1966
f 1965 1966 1967
f 1967 1966 1968
f 1967 1968 1907
f 1907 1968 1904
f 1969 1939 1970
f 1970 1939 1938
f 1970 1938 1971
f 1971 1938 1959
f 1971 1959 1972
f 1972 1959 1973
f 1974 1975 1976
f 1976 1975 1977
f 1953 1952 1978
f 1978 1952 1976
f 1978 1976 1937
f 1937 1976 1977
f 1937 1977 1935
f 1979 1974 1980
f 1980 1974 1976
f 1980 1976 1981
f 1981 1976 1952
f 1981 1952 1982
f 1982 1952 1950
f 1982 1950 1983
f 1983 1950 1948
f 1984 1985 1980
f 1980 1985 1986
f 1980 1986 1979
f 1933 1984 1934
f 1934 1984 1980
f 1934 1980 1987
f 1987 1980 1981
f 1987 1981 1988
f 1988 1981 1982
f 1988 1982 1989
f 1989 1982 1983
f 1990 1991 1992
f 1992 1991 1993
f 1993 1932 1992
f 1992 1932 1934
f 1992 1934 1994
f 1994 1934 1987
f 1994 1987 1995
f 1995 1987 1988
f 1995 1988 1996
f 1996 1988 1989
f 1930 1990 1931
f 1931 1990 1992
f 1931 1992 1997
f 1997 1992 1994
f 1997 1994 1998
f 1998 1994 1995
f 1998 1995 1999
f 1999 1995 1996
f 1927 1929 1928
f 1928 1929 1931
f 1928 1931 2000
f 2000 1931 1997
f 2000 1997 2001
f 2001 1997 1998
f 2001 1998 2002
f 2002 1998 1999
f 1924 1926 1925
f 1925 1926 1928
f 1925 1928 1956
f 1956 1928 2000
f 1956 2000 1955
f 1955 2000 2001
f 1955 2001 1954
f 1954 2001 2002
f 2003 2004 2005
f 2005 2004 2006
f 1943 2007 1941
f 1941 2007 2008
f 1941 2008 1946
f 1946 2008 2005
f 1946 2005 1925
f 1925 2005 2006
f 1925 2006 1923
f 2007 1960 2008
f 2008 1960 1962
f 2008 1962 2005
f 2005 1962 2009
f 2005 2009 2003
f 2010 2011 2012
f 2012 2011 1961
f 2012 1961 2013
f 2013 1961 1960
f 2013 1960 2014
f 2014 1960 2007
f 2014 2007 2015
f 2015 2007 1943
f 2011 2016 1961
f 1961 2016 2017
f 1961 2017 1962
f 1962 2017 2018
f 1962 2018 2009
f 1921 2010 1922
f 1922 2010 2012
f 1922 2012 2019
f 2019 2012 2013
f 2019 2013 2020
f 2020 2013 2014
f 2020 2014 2021
f 2021 2014 2015
f 1918 1920 1919
f 1919 1920 1922
f 1919 1922 2022
f 2022 1922 2019
f 2022 2019 2023
f 2023 2019 2020
f 2023 2020 2024
f 2024 2020 2021
f 2024 2025 2023
f 2023 2025 2026
f 2023 2026 2022
f 2022 2026 2027
f 2022 2027 1919
f 1919 2027 2028
f 1919 2028 1917
f 2029 2030 2028
f 2028 2030 2031
f 2028 2031 1917
f 1915 2029 1916
f 1916 2029 2028
f 1916 2028 2032
f 2032 2028 2027
f 2032 2027 2033
f 2033 2027 2026
f 2033 2026 2034
f 2034 2026 2025
f 1912 1914 1913
f 1913 1914 1916
f 1913 1916 2035
f 2035 1916 2032
f 2035 2032 2036
f 2036 2032 2033
f 2036 2033 2037
f 2037 2033 2034
f 1909 1911 1910
f 1910 1911 1913
f 1910 1913 2038
f 2038 1913 2035
f 2038 2035 2039
f 2039 2035 2036
f 2039 2036 2040
f 2040 2036 2037
f 1906 1908 1907
f 1907 1908 1910
f 1907 1910 1967
f 1967 1910 2038
f 1967 2038 1965
f 1965 2038 2039
f 1965 2039 1963
f 1963 2039 2040
f 1904 1903 1907
f 1907 1903 2041
f 1907 2041 1905
f 2042 2043 1972
f 1972 2043 2044
f 2044 1902 1972
f 1972 1902 1904
f 1972 1904 1971
f 1971 1904 1968
f 1971 1968 1970
f 1970 1968 1966
f 1970 1966 1969
f 1969 1966 1964
f 2045 2046 2047
f 2047 2046 1973
f 2047 1973 2048
f 2048 1973 1959
f 2048 1959 2049
f 2049 1959 1958
f 2046 2050 1973
f 1973 2050 2051
f 1973 2051 1972
f 1972 2051 2052
f 1972 2052 2042
f 1732 1632 1633
f 1630 2053 1631
f 1631 2053 1629
f 1625 1626 1939
f 1633 1610 1732
f 1732 1610 1611
f 1732 1611 1612
f 1620 1621 2024
f 2024 2021 1620
f 1620 2021 2015
f 1620 2015 1619
f 1619 2015 1943
f 1619 1943 1618
f 1943 1942 1618
f 1618 1942 1944
f 1618 1944 1617
f 1617 1944 1954
f 1617 1954 1616
f 1623 2037 1622
f 1622 2037 2034
f 1622 2034 1621
f 1621 2034 2025
f 1621 2025 2024
f 1939 1626 1940
f 1940 1626 1627
f 1940 1627 2053
f 2053 1627 1628
f 2053 1628 1629
f 1614 1983 1613
f 1613 1983 1948
f 1613 1948 1612
f 1612 1948 1947
f 1612 1947 1732
f 1954 2002 1616
f 1616 2002 1999
f 1616 1999 1615
f 1615 1999 1996
f 1615 1996 1614
f 1614 1996 1989
f 1614 1989 1983
f 1939 1969 1625
f 1625 1969 1964
f 1625 1964 1624
f 1624 1964 1963
f 1624 1963 1623
f 1623 1963 2040
f 1623 2040 2037
f 2054 2053 2055
f 2055 2053 1630
f 2055 1630 2056
f 1634 1701 2057
f 2057 2058 1634
f 1634 2058 2059
f 1634 2059 1630
f 1630 2059 2060
f 1630 2060 2056
f 1644 2061 1643
f 1643 2061 2062
f 1643 2062 1654
f 1654 2062 2063
f 1654 2063 1653
f 1653 2063 2064
f 1653 2064 1652
f 1652 2064 2065
f 1652 2065 1651
f 1651 2065 2066
f 1651 2066 1650
f 1650 2066 2067
f 1650 2067 1649
f 1649 2067 2068
f 1649 2068 1648
f 1648 2068 2069
f 1648 2069 1647
f 1647 2069 2070
f 1647 2070 1646
f 1646 2070 2071
f 1646 2071 1645
f 1645 2071 2072
f 1645 2072 1644
f 1644 2072 2061
f 1656 2073 1655
f 1655 2073 2074
f 1655 2074 1666
f 1666 2074 2075
f 1666 2075 1665
f 1665 2075 2076
f 1665 2076 1664
f 1664 2076 2077
f 1664 2077 1663
f 1663 2077 2078
f 1663 2078 1662
f 1662 2078 2079
f 1662 2079 1661
f 1661 2079 2080
f 1661 2080 1660
f 1660 2080 2081
f 1660 2081 1659
f 1659 2081 2082
f 1659 2082 1658
f 1658 2082 2083
f 1658 2083 1657
f 1657 2083 2084
f 1657 2084 1656
f 1656 2084 2073
f 1668 2085 1667
f 1667 2085 2086
f 1667 2086 1678
f 1678 2086 2087
f 1678 2087 1677
f 1677 2087 2088
f 1677 2088 1676
f 1676 2088 2089
f 1676 2089 1675
f 1675 2089 2090
f 1675 2090 1674
f 1674 2090 2091
f 1674 2091 1673
f 1673 2091 2092
f 1673 2092 1672
f 1672 2092 2093
f 1672 2093 1671
f 1671 2093 2094
f 1671 2094 1670
f 1670 2094 2095
f 1670 2095 1669
f 1669 2095 2096
f 1669 2096 1668
f 1668 2096 2085
f 2097 2098 1681
f 1681 2098 1700
f 2098 2099 1700
f 1700 2099 2100
f 1700 2100 1683
f 1683 2100 2101
f 1683 2101 1685
f 1685 2101 2102
f 1685 2102 1688
f 1688 2102 2103
f 1688 2103 1691
f 1691 2103 2104
f 1691 2104 1694
f 1694 2104 2105
f 1694 2105 1696
f 1696 2105 2106
f 1696 2106 1680
f 1680 2106 2107
f 1680 2107 1681
f 1681 2107 2108
f 1681 2108 2097
f 2109 2110 2111
f 2112 2113 2114
f 1711 1710 2115
f 2115 1710 2116
f 2117 2118 2119
f 2120 2121 2122
f 2122 2123 2124
f 2120 2122 2124
f 2120 2124 2125
f 2123 2122 2126
f 2126 2122 2127
f 2126 2127 2128
f 2129 2130 2131
f 2132 2133 2134
f 2134 2133 2135
f 2132 2136 2133
f 2133 2136 2137
f 2133 2137 2130
f 2130 2137 2138
f 2130 2138 2131
f 2131 2139 2129
f 2129 2139 2140
f 2129 2140 2141
f 2141 2140 2142
f 2142 2143 2141
f 2141 2143 2144
f 2141 2144 2127
f 2127 2144 2145
f 2127 2145 2128
f 2146 2147 2148
f 2149 2150 2151
f 2151 2150 2152
f 2149 2153 2150
f 2150 2153 2154
f 2150 2154 2147
f 2147 2154 2155
f 2147 2155 2148
f 2156 2157 2158
f 2158 2157 2159
f 2158 2159 2160
f 2114 2113 2161
f 2113 2162 2161
f 2161 2162 2163
f 2161 2163 2159
f 2159 2163 2164
f 2159 2164 2160
f 2156 2165 2157
f 2157 2165 2166
f 2157 2166 2152
f 2152 2166 2167
f 2152 2167 2151
f 2110 2168 2111
f 2111 2168 2114
f 2111 2114 2169
f 2169 2114 2161
f 2169 2161 2170
f 2170 2161 2159
f 2170 2159 2171
f 2171 2159 2157
f 2171 2157 2172
f 2172 2157 2152
f 2172 2152 2173
f 2173 2152 2150
f 2173 2150 2174
f 2174 2150 2147
f 2174 2147 2175
f 2175 2147 2146
f 2175 2146 2176
f 2176 2146 2135
f 2176 2135 2177
f 2177 2135 2133
f 2177 2133 2178
f 2178 2133 2130
f 2178 2130 2179
f 2179 2130 2129
f 2179 2129 2180
f 2180 2129 2141
f 2180 2141 2181
f 2181 2141 2127
f 2181 2127 2119
f 2119 2127 2122
f 2119 2122 2117
f 2117 2122 2121
f 2182 1722 1721
f 2182 1721 2183
f 1721 1720 2183
f 2183 1720 1719
f 2183 1719 2184
f 1719 1727 2184
f 2184 1727 1726
f 2184 1726 2185
f 2186 1731 2187
f 2187 1731 1730
f 2187 1730 1729
f 1726 1725 2185
f 2185 1725 1723
f 2185 1723 2186
f 2186 1723 1724
f 2186 1724 1731
f 1729 1728 2188
f 2189 1702 1707
f 2189 1707 2190
f 2191 2192 1714
f 1710 1709 2116
f 2116 1709 1708
f 2116 1708 2192
f 2192 1708 1715
f 2192 1715 1714
f 1707 1706 2190
f 2190 1706 1705
f 2190 1705 2193
f 2193 1705 1704
f 2193 1704 2115
f 2115 1704 1703
f 2115 1703 1711
f 2194 2195 2189
f 2189 2195 2196
f 2189 2196 1702
f 1702 2196 1701
f 1714 1713 2191
f 2191 1713 1712
f 2191 1712 2197
f 2197 1712 1718
f 2197 1718 2198
f 2198 1718 1717
f 2198 1717 2182
f 2182 1717 1716
f 2182 1716 1722
f 2168 2199 2114
f 2114 2199 2200
f 2200 2201 2114
f 2114 2201 2202
f 2114 2202 2112
f 2148 2203 2146
f 2146 2203 2204
f 2146 2204 2135
f 2135 2204 2205
f 2135 2205 2134
f 1729 2188 2187
f 2187 2188 2206
f 2206 2109 2187
f 2187 2109 2111
f 2187 2111 2186
f 2186 2111 2169
f 2186 2169 2185
f 2185 2169 2170
f 2185 2170 2184
f 2184 2170 2171
f 2184 2171 2183
f 2183 2171 2172
f 2183 2172 2182
f 2182 2172 2173
f 2182 2173 2198
f 2198 2173 2174
f 2198 2174 2197
f 2197 2174 2175
f 2197 2175 2191
f 2191 2175 2176
f 2191 2176 2192
f 2192 2176 2177
f 2192 2177 2116
f 2116 2177 2178
f 2116 2178 2115
f 2115 2178 2179
f 2115 2179 2193
f 2193 2179 2180
f 2193 2180 2190
f 2190 2180 2181
f 2190 2181 2189
f 2189 2181 2119
f 2189 2119 2194
f 2194 2119 2118
f 1737 1736 2207
f 2208 2209 2210
f 2211 2212 2213
f 2201 2200 2214
f 2214 2200 2215
f 2214 2215 2216
f 2217 2218 2216
f 2216 2218 2219
f 2216 2219 2214
f 2220 2221 2222
f 2211 2213 2223
f 2221 2220 2224
f 2224 2220 2225
f 2224 2225 2226
f 2227 2228 2229
f 2228 2230 2229
f 2229 2230 2231
f 2229 2231 2220
f 2220 2231 2232
f 2220 2232 2225
f 2229 2233 2227
f 2227 2233 2234
f 2227 2234 2235
f 2210 2209 2236
f 2209 2237 2236
f 2236 2237 2238
f 2236 2238 2234
f 2234 2238 2239
f 2234 2239 2235
f 2208 2210 2240
f 2240 2210 1734
f 2240 1734 1733
f 2188 1728 2241
f 2241 1728 1735
f 2241 1735 1738
f 2188 2241 2242
f 2188 2242 2206
f 1738 1737 2241
f 2241 1737 2207
f 2241 2207 2242
f 2242 2207 2243
f 2242 2243 2244
f 2244 2243 2245
f 2244 2245 2246
f 2246 2245 2247
f 2246 2247 2215
f 2215 2247 2248
f 2215 2248 2216
f 2216 2248 2213
f 2216 2213 2217
f 2217 2213 2212
f 2215 2200 2199
f 2215 2199 2246
f 2246 2199 2168
f 2246 2168 2244
f 2244 2168 2110
f 2244 2110 2242
f 2242 2110 2109
f 2242 2109 2206
f 1736 1734 2207
f 2207 1734 2210
f 2207 2210 2243
f 2243 2210 2236
f 2243 2236 2245
f 2245 2236 2234
f 2245 2234 2247
f 2247 2234 2233
f 2247 2233 2248
f 2248 2233 2229
f 2248 2229 2213
f 2213 2229 2220
f 2213 2220 2223
f 2223 2220 2222
f 2209 2208 1947
f 1951 2239 1949
f 1949 2239 2238
f 1949 2238 1947
f 1947 2238 2237
f 1947 2237 2209
f 2208 2240 1947
f 1947 2240 1733
f 1947 1733 1732
f 1953 2227 1951
f 1951 2227 2235
f 1951 2235 2239
f 2226 2225 1936
f 1936 2225 2232
f 1936 2232 1937
f 1937 2232 2231
f 1937 2231 1978
f 1978 2231 2230
f 1978 2230 1953
f 1953 2230 2228
f 1953 2228 2227
f 392 395 2249
f 392 2249 1900
f 1900 2249 2250
f 1900 2250 1899
f 1899 2250 2251
f 1899 2251 1889
f 1889 2251 2252
f 1889 2252 1888
f 1888 2252 2253
f 1888 2253 1890
f 1890 2253 2254
f 1890 2254 1887
f 1887 2254 2255
f 1887 2255 1891
f 1891 2255 2256
f 1891 2256 1892
f 1892 2256 2257
f 1892 2257 1893
f 1893 2257 2258
f 1893 2258 1894
f 1894 2258 2259
f 1894 2259 1895
f 1895 2259 2260
f 1895 2260 1896
f 1896 2260 2261
f 1896 2261 1898
f 1898 2261 2262
f 1898 2262 1897
f 1897 2262 2263
f 1897 2263 1901
f 1901 2263 2264
f 1901 2264 393
f 393 2264 2265
f 393 2265 420
f 393 420 126
f 126 420 419
f 126 419 350
f 350 419 418
f 350 418 349
f 349 418 417
f 349 417 348
f 348 417 416
f 348 416 347
f 347 416 415
f 347 415 346
f 346 415 414
f 346 414 345
f 345 414 413
f 345 413 344
f 344 413 412
f 344 412 343
f 343 412 411
f 343 411 342
f 342 411 410
f 342 410 341
f 341 410 409
f 341 409 340
f 340 409 408
f 340 408 339
f 339 408 407
f 339 407 338
f 338 407 406
f 338 406 337
f 337 406 405
f 337 405 336
f 336 405 404
f 336 404 335
f 335 404 403
f 335 403 334
f 334 403 402
f 334 402 333
f 333 402 401
f 333 401 332
f 332 401 400
f 332 400 331
f 331 400 399
f 331 399 330
f 330 399 398
f 330 398 329
f 329 398 397
f 329 397 136
f 136 397 396
f 136 396 392
f 392 396 395
f 2266 396 2267
f 2268 2269 396
f 2268 396 2270
f 2271 2270 396
f 2272 2271 396
f 2273 2272 396
f 2274 2273 396
f 2275 2274 396
f 2276 2275 396
f 397 2276 396
f 397 398 2277
f 2278 2279 2280
f 398 399 2281
f 2282 2283 2284
f 2285 2286 2287
f 2288 2289 2290
f 419 2290 2291
f 1909 1908 2292
f 2041 2293 1905
f 2043 2042 2294
f 2051 2050 2295
f 2280 2279 2296
f 2296 2279 2046
f 2296 2046 2045
f 2043 2294 2044
f 2044 2294 2297
f 2044 2297 1902
f 1902 2297 1903
f 1903 2297 2298
f 1903 2298 2041
f 1905 2293 1906
f 1906 2293 2299
f 1906 2299 1908
f 1915 1914 2300
f 2300 1914 1912
f 2300 1912 1911
f 2030 2029 2301
f 2301 2029 1915
f 2301 2302 2030
f 2030 2302 2303
f 2030 2303 2031
f 2031 2303 1917
f 1917 2303 1918
f 1918 2303 2304
f 1918 2304 1920
f 1920 2304 1921
f 1921 2304 2305
f 1921 2305 2010
f 2010 2305 2011
f 2011 2305 2306
f 2011 2306 2016
f 2307 2308 2003
f 2003 2009 2307
f 2307 2009 2018
f 2307 2018 2306
f 2306 2018 2017
f 2306 2017 2016
f 2309 2006 2308
f 2308 2006 2004
f 2308 2004 2003
f 2310 1926 2311
f 2311 1926 1924
f 2311 1924 1923
f 2312 1929 2310
f 2310 1929 1927
f 2310 1927 1926
f 2313 1990 1930
f 1990 2313 1991
f 1991 2313 2314
f 1991 2314 1993
f 1979 1986 2315
f 2315 1986 1985
f 2315 1985 1984
f 1977 1975 2316
f 2317 2318 2319
f 2316 2320 1977
f 1977 2320 2317
f 1977 2317 1935
f 1935 2317 2319
f 1935 2319 1936
f 2321 2285 2322
f 2322 2285 2287
f 2322 2287 2323
f 2323 2287 419
f 2324 2291 2325
f 2325 2291 2290
f 2325 2290 2284
f 2284 2290 2289
f 2284 2289 2282
f 2326 2321 2327
f 2327 2321 2322
f 2327 2322 2328
f 2328 2322 2323
f 2328 2323 2329
f 2329 2323 419
f 2330 2324 2316
f 2316 2324 2325
f 2316 2325 2320
f 2320 2325 2284
f 2320 2284 2317
f 2317 2284 2283
f 2317 2283 2318
f 419 2291 2329
f 2329 2291 2324
f 2329 2324 2328
f 2328 2324 2330
f 2328 2330 2327
f 2327 2330 2331
f 2327 2331 2326
f 2288 2290 419
f 1932 2332 1933
f 1933 2332 2326
f 1933 2326 1984
f 1984 2326 2331
f 1984 2331 2315
f 2315 2331 2330
f 2315 2330 1979
f 1979 2330 2316
f 1979 2316 1974
f 1974 2316 1975
f 2286 419 2287
f 1932 1993 2332
f 2332 1993 2314
f 2332 2314 2326
f 2326 2314 2333
f 2326 2333 2321
f 2321 2333 2334
f 2321 2334 2285
f 2285 2334 2335
f 2285 2335 2286
f 2286 2335 2336
f 2286 2336 419
f 1930 1929 2313
f 2313 1929 2312
f 2313 2312 2314
f 2314 2312 2337
f 2314 2337 2333
f 2333 2337 2338
f 2333 2338 2334
f 2334 2338 2339
f 2334 2339 2335
f 2335 2339 2340
f 2335 2340 2336
f 2336 2340 2341
f 2336 2341 419
f 1923 2006 2311
f 2311 2006 2309
f 2311 2309 2310
f 2310 2309 2342
f 2310 2342 2312
f 2312 2342 2343
f 2312 2343 2337
f 2337 2343 2344
f 2337 2344 2338
f 2338 2344 2345
f 2338 2345 2339
f 2339 2345 2346
f 2339 2346 2340
f 2340 2346 2347
f 2340 2347 2341
f 2341 2347 2348
f 2341 2348 419
f 2349 404 2350
f 2350 404 405
f 2350 405 2351
f 2351 405 406
f 2351 406 2352
f 2352 406 407
f 2352 407 2353
f 2353 407 408
f 2353 408 2354
f 2354 408 409
f 2354 409 2355
f 2355 409 410
f 2355 410 2356
f 2356 410 411
f 2356 411 2357
f 2357 411 412
f 2357 412 2358
f 2358 412 413
f 2358 413 2359
f 2359 413 414
f 2359 414 2360
f 2360 414 415
f 2360 415 2361
f 2361 415 416
f 2361 416 2362
f 2362 416 417
f 2362 417 2363
f 2363 2364 2362
f 2362 2364 2365
f 2362 2365 2361
f 2361 2365 2366
f 2361 2366 2360
f 2360 2366 2367
f 2360 2367 2359
f 2359 2367 2368
f 2359 2368 2358
f 2358 2368 2369
f 2358 2369 2357
f 2357 2369 2370
f 2357 2370 2356
f 2356 2370 2371
f 2356 2371 2355
f 2355 2371 2372
f 2355 2372 2354
f 2354 2372 2373
f 2354 2373 2353
f 2353 2373 2374
f 2353 2374 2352
f 2352 2374 2375
f 2352 2375 2351
f 2351 2375 2376
f 2351 2376 2350
f 2350 2376 2377
f 2350 2377 2349
f 2349 2377 2378
f 2302 2378 2303
f 2303 2378 2377
f 2303 2377 2304
f 2304 2377 2376
f 2304 2376 2305
f 2305 2376 2375
f 2305 2375 2306
f 2306 2375 2374
f 2306 2374 2307
f 2307 2374 2373
f 2307 2373 2308
f 2308 2373 2372
f 2308 2372 2309
f 2309 2372 2371
f 2309 2371 2342
f 2342 2371 2370
f 2342 2370 2343
f 2343 2370 2369
f 2343 2369 2344
f 2344 2369 2368
f 2344 2368 2345
f 2345 2368 2367
f 2345 2367 2346
f 2346 2367 2366
f 2346 2366 2347
f 2347 2366 2365
f 2347 2365 2348
f 2348 2365 2364
f 2348 2364 419
f 2363 419 2364
f 417 418 2363
f 2363 418 419
f 1915 2300 2301
f 2301 2300 2379
f 2301 2379 2302
f 2302 2379 2380
f 2302 2380 2378
f 2378 2380 2381
f 2378 2381 2349
f 2349 2381 403
f 2349 403 404
f 1909 2292 1911
f 1911 2292 2382
f 1911 2382 2300
f 2300 2382 2383
f 2300 2383 2379
f 2379 2383 2384
f 2379 2384 2380
f 2380 2384 2385
f 2380 2385 2381
f 2381 2385 402
f 2381 402 403
f 1908 2299 2292
f 2292 2299 2386
f 2292 2386 2382
f 2382 2386 2387
f 2382 2387 2383
f 2383 2387 2388
f 2383 2388 2384
f 2384 2388 2389
f 2384 2389 2385
f 2385 2389 401
f 2385 401 402
f 2041 2298 2293
f 2293 2298 2390
f 2293 2390 2299
f 2299 2390 2391
f 2299 2391 2386
f 2386 2391 2392
f 2386 2392 2387
f 2387 2392 2393
f 2387 2393 2388
f 2388 2393 2394
f 2388 2394 2389
f 2389 2394 400
f 2389 400 401
f 2052 2395 2042
f 2042 2395 2396
f 2042 2396 2294
f 2294 2396 2397
f 2294 2397 2297
f 2297 2397 2398
f 2297 2398 2298
f 2298 2398 2399
f 2298 2399 2390
f 2390 2399 2400
f 2390 2400 2391
f 2391 2400 2401
f 2391 2401 2392
f 2392 2401 2402
f 2392 2402 2393
f 2393 2402 2281
f 2393 2281 2394
f 2394 2281 399
f 2394 399 400
f 398 2281 2277
f 2277 2281 2402
f 2277 2402 2403
f 2403 2402 2401
f 2403 2401 2404
f 2404 2401 2400
f 2404 2400 2405
f 2405 2400 2399
f 2405 2399 2406
f 2406 2399 2398
f 2406 2398 2407
f 2407 2398 2397
f 2407 2397 2408
f 2408 2397 2396
f 2408 2396 2409
f 2409 2396 2395
f 2409 2395 2410
f 397 2277 2276
f 2276 2277 2403
f 2276 2403 2275
f 2275 2403 2404
f 2275 2404 2274
f 2274 2404 2405
f 2274 2405 2273
f 2273 2405 2406
f 2273 2406 2272
f 2272 2406 2407
f 2272 2407 2271
f 2271 2407 2408
f 2271 2408 2270
f 2270 2408 2409
f 2270 2409 2268
f 2268 2409 2410
f 2268 2410 2269
f 2050 2046 2295
f 2295 2046 2279
f 2295 2279 2411
f 2411 2279 2278
f 2411 2278 2412
f 2412 2278 2267
f 2412 2267 396
f 2280 2413 2278
f 2278 2413 2414
f 2278 2414 2267
f 2267 2414 2415
f 2267 2415 2266
f 2052 2051 2395
f 2395 2051 2295
f 2395 2295 2410
f 2410 2295 2411
f 2410 2411 2269
f 2269 2411 2412
f 2269 2412 396
f 2416 2417 2045
f 2047 2048 2418
f 2418 2419 2047
f 2047 2419 2420
f 2047 2420 2045
f 2045 2420 2421
f 2045 2421 2416
f 1958 2422 2049
f 2049 2422 2423
f 2049 2423 2048
f 2048 2423 2424
f 2048 2424 2418
f 2053 2054 1940
f 1940 2054 2425
f 1940 2425 2426
f 2426 2427 1940
f 1940 2427 2428
f 1940 2428 1957
f 1957 2428 2429
f 1957 2429 1958
f 1958 2429 2430
f 1958 2430 2422
f 2427 2431 2432
f 2055 2056 2433
f 2060 2059 2434
f 2057 1701 2196
f 2057 2196 2058
f 2427 2426 2431
f 2431 2426 2425
f 2431 2425 2054
f 2435 2429 2432
f 2432 2429 2428
f 2432 2428 2427
f 2436 2422 2435
f 2435 2422 2430
f 2435 2430 2429
f 2419 2418 2437
f 2437 2418 2424
f 2437 2424 2436
f 2436 2424 2423
f 2436 2423 2422
f 2419 2437 2420
f 2420 2437 2438
f 2420 2438 2421
f 2421 2438 2416
f 2416 2438 2439
f 2416 2439 2417
f 2059 2058 2434
f 2434 2058 2196
f 2434 2196 2440
f 2441 2442 2438
f 2438 2442 2443
f 2438 2443 2439
f 2054 2055 2431
f 2431 2055 2433
f 2431 2433 2432
f 2432 2433 2444
f 2432 2444 2435
f 2435 2444 2445
f 2435 2445 2436
f 2436 2445 2446
f 2436 2446 2437
f 2437 2446 2447
f 2437 2447 2438
f 2438 2447 2448
f 2438 2448 2441
f 2449 2450 2448
f 2448 2450 2451
f 2448 2451 2441
f 2452 2453 2454
f 2125 2455 2120
f 2456 2121 2457
f 2457 2121 2120
f 2457 2120 2452
f 2452 2120 2455
f 2452 2455 2453
f 2196 2195 2440
f 2440 2195 2194
f 2440 2194 2458
f 2458 2194 2118
f 2458 2118 2456
f 2456 2118 2117
f 2456 2117 2121
f 2056 2060 2433
f 2433 2060 2434
f 2433 2434 2444
f 2444 2434 2440
f 2444 2440 2445
f 2445 2440 2458
f 2445 2458 2446
f 2446 2458 2456
f 2446 2456 2447
f 2447 2456 2457
f 2447 2457 2448
f 2448 2457 2452
f 2448 2452 2449
f 2449 2452 2454
f 2070 2069 2459
f 2068 2460 2069
f 2069 2460 2461
f 2069 2461 2459
f 2067 2462 2068
f 2068 2462 2463
f 2068 2463 2460
f 2464 2465 2067
f 2067 2465 2466
f 2067 2466 2462
f 2067 2066 2464
f 2464 2066 2065
f 2464 2065 2467
f 2064 2468 2065
f 2065 2468 2469
f 2065 2469 2467
f 2470 2471 2063
f 2063 2471 2472
f 2063 2472 2064
f 2064 2472 2473
f 2064 2473 2468
f 2470 2063 2474
f 2474 2063 2062
f 2474 2062 2475
f 2475 2062 2061
f 2475 2061 2476
f 2072 2477 2061
f 2061 2477 2478
f 2061 2478 2476
f 2459 2479 2070
f 2070 2479 2480
f 2070 2480 2071
f 2071 2480 2481
f 2071 2481 2072
f 2072 2481 2482
f 2072 2482 2477
f 2483 2484 2081
f 2081 2484 2485
f 2081 2485 2082
f 2082 2485 2486
f 2082 2486 2487
f 2483 2081 2488
f 2488 2081 2080
f 2488 2080 2489
f 2489 2080 2079
f 2489 2079 2490
f 2076 2491 2077
f 2077 2491 2492
f 2077 2492 2078
f 2078 2492 2493
f 2078 2493 2079
f 2079 2493 2494
f 2079 2494 2490
f 2075 2495 2076
f 2076 2495 2496
f 2076 2496 2491
f 2497 2498 2074
f 2074 2498 2499
f 2074 2499 2075
f 2075 2499 2500
f 2075 2500 2495
f 2501 2497 2502
f 2502 2497 2074
f 2502 2074 2503
f 2503 2074 2073
f 2503 2073 2504
f 2504 2073 2505
f 2487 2506 2082
f 2082 2506 2507
f 2082 2507 2083
f 2083 2507 2505
f 2083 2505 2084
f 2084 2505 2073
f 2508 2509 2093
f 2093 2509 2510
f 2093 2510 2094
f 2508 2093 2511
f 2511 2093 2092
f 2511 2092 2512
f 2512 2092 2091
f 2512 2091 2513
f 2090 2514 2091
f 2091 2514 2515
f 2091 2515 2513
f 2088 2516 2089
f 2089 2516 2517
f 2089 2517 2090
f 2090 2517 2518
f 2090 2518 2514
f 2087 2519 2088
f 2088 2519 2520
f 2088 2520 2516
f 2086 2521 2087
f 2087 2521 2522
f 2087 2522 2519
f 2085 2523 2086
f 2086 2523 2524
f 2086 2524 2521
f 2525 2526 2085
f 2085 2526 2527
f 2085 2527 2523
f 2085 2096 2525
f 2525 2096 2095
f 2525 2095 2528
f 2510 2529 2094
f 2094 2529 2530
f 2094 2530 2095
f 2095 2530 2531
f 2095 2531 2528
f 2532 2098 2533
f 2533 2098 2097
f 2533 2097 2534
f 2534 2097 2108
f 2534 2108 2535
f 2535 2108 2107
f 2535 2107 2536
f 2536 2107 2106
f 2536 2106 2537
f 2537 2106 2105
f 2537 2105 2538
f 2538 2105 2104
f 2538 2104 2539
f 2539 2104 2103
f 2539 2103 2540
f 2540 2103 2102
f 2540 2102 2541
f 2541 2102 2101
f 2541 2101 2542
f 2542 2101 2100
f 2542 2100 2543
f 2543 2100 2099
f 2543 2099 2532
f 2532 2099 2098
f 2226 1936 2319
f 419 420 2265
f 2472 2471 2263
f 2262 2469 2468
f 2262 2468 2263
f 2263 2468 2473
f 2263 2473 2472
f 2471 2470 2263
f 2263 2470 2474
f 2263 2474 2475
f 2544 2475 2476
f 2478 2545 2476
f 2476 2545 2546
f 2476 2546 2544
f 2478 2477 2545
f 2545 2477 2482
f 2545 2482 2547
f 2547 2482 2548
f 2549 2550 2226
f 2226 2550 2551
f 2226 2551 2552
f 2552 2553 2226
f 2226 2553 2554
f 2226 2554 2224
f 2212 2555 2217
f 2217 2555 2556
f 2217 2556 2218
f 2218 2556 2557
f 2212 2211 2555
f 2555 2211 2223
f 2555 2223 2558
f 2558 2223 2222
f 2558 2222 2554
f 2554 2222 2221
f 2554 2221 2224
f 2557 2559 2218
f 2218 2559 2560
f 2218 2560 2561
f 2561 2562 2461
f 2461 2562 2563
f 2563 2564 2461
f 2461 2564 2565
f 2461 2565 2459
f 2548 2482 2566
f 2566 2482 2481
f 2566 2481 2567
f 2567 2481 2480
f 2567 2480 2565
f 2565 2480 2479
f 2565 2479 2459
f 2561 2461 2218
f 2218 2461 2460
f 2218 2460 2261
f 2460 2463 2261
f 2261 2463 2462
f 2261 2462 2466
f 2466 2465 2261
f 2261 2465 2464
f 2261 2464 2262
f 2262 2464 2467
f 2262 2467 2469
f 2201 2214 2261
f 2261 2214 2219
f 2261 2219 2218
f 2163 2162 2260
f 2259 2158 2160
f 2259 2160 2260
f 2260 2160 2164
f 2260 2164 2163
f 2162 2113 2260
f 2260 2113 2112
f 2260 2112 2261
f 2261 2112 2202
f 2261 2202 2201
f 2167 2166 2259
f 2166 2165 2259
f 2259 2165 2156
f 2259 2156 2158
f 2155 2154 2258
f 2154 2153 2258
f 2258 2153 2149
f 2258 2149 2259
f 2259 2149 2151
f 2259 2151 2167
f 2137 2136 2256
f 2256 2136 2132
f 2256 2132 2134
f 2134 2205 2256
f 2256 2205 2204
f 2256 2204 2257
f 2257 2204 2203
f 2257 2203 2258
f 2258 2203 2148
f 2258 2148 2155
f 2140 2139 2255
f 2255 2139 2131
f 2255 2131 2256
f 2256 2131 2138
f 2256 2138 2137
f 2123 2126 2254
f 2254 2126 2128
f 2254 2128 2145
f 2145 2144 2254
f 2254 2144 2143
f 2254 2143 2255
f 2255 2143 2142
f 2255 2142 2140
f 2454 2453 2253
f 2453 2455 2253
f 2253 2455 2125
f 2253 2125 2254
f 2254 2125 2124
f 2254 2124 2123
f 2454 2253 2449
f 2449 2253 2497
f 2449 2497 2501
f 2502 2517 2501
f 2501 2517 2516
f 2516 2520 2501
f 2501 2520 2519
f 2501 2519 2522
f 2522 2521 2501
f 2501 2521 2524
f 2501 2524 2449
f 2449 2524 2523
f 2449 2523 2527
f 2527 2526 2449
f 2449 2526 2525
f 2449 2525 2450
f 2450 2525 2528
f 2450 2528 2451
f 2513 2515 2502
f 2515 2514 2502
f 2502 2514 2518
f 2502 2518 2517
f 2417 2439 2530
f 2530 2439 2443
f 2530 2443 2531
f 2531 2443 2442
f 2531 2442 2528
f 2528 2442 2441
f 2528 2441 2451
f 2530 2529 2417
f 2417 2529 2510
f 2417 2510 2509
f 2509 2508 2417
f 2417 2508 2511
f 2417 2511 2486
f 2505 2507 2511
f 2513 2502 2512
f 2512 2502 2503
f 2512 2503 2511
f 2511 2503 2504
f 2511 2504 2505
f 2507 2506 2511
f 2511 2506 2487
f 2511 2487 2486
f 2252 2251 2492
f 2492 2491 2252
f 2252 2491 2496
f 2252 2496 2495
f 2495 2500 2252
f 2252 2500 2499
f 2252 2499 2253
f 2253 2499 2498
f 2253 2498 2497
f 2485 2484 2414
f 2045 2417 2296
f 2296 2417 2486
f 2296 2486 2280
f 2280 2486 2485
f 2280 2485 2413
f 2413 2485 2414
f 2483 2488 2250
f 2250 2488 2489
f 2489 2490 2250
f 2250 2490 2494
f 2250 2494 2251
f 2251 2494 2493
f 2251 2493 2492
f 2484 2483 2414
f 2414 2483 2250
f 2414 2250 2415
f 2415 2250 2249
f 2415 2249 2266
f 2266 2249 395
f 2266 395 396
f 2544 2549 2475
f 2475 2549 2226
f 2475 2226 2263
f 2263 2226 2319
f 2263 2319 2264
f 2264 2319 2318
f 2264 2318 2283
f 2283 2282 2264
f 2264 2282 2289
f 2264 2289 2265
f 2265 2289 2288
f 2265 2288 419
f 2533 2568 2532
f 2532 2568 2569
f 2532 2569 2543
f 2543 2569 2570
f 2543 2570 2542
f 2542 2570 2571
f 2542 2571 2541
f 2541 2571 2572
f 2541 2572 2540
f 2540 2572 2573
f 2540 2573 2539
f 2539 2573 2574
f 2539 2574 2538
f 2538 2574 2575
f 2538 2575 2537
f 2537 2575 2576
f 2537 2576 2536
f 2536 2576 2577
f 2536 2577 2535
f 2535 2577 2578
f 2535 2578 2534
f 2534 2578 2579
f 2534 2579 2533
f 2533 2579 2568
f 2577 2576 2557
f 2575 2560 2576
f 2576 2560 2559
f 2576 2559 2557
f 2574 2562 2575
f 2575 2562 2561
f 2575 2561 2560
f 2565 2564 2574
f 2574 2564 2563
f 2574 2563 2562
f 2574 2573 2565
f 2565 2573 2572
f 2565 2572 2567
f 2571 2548 2572
f 2572 2548 2566
f 2572 2566 2567
f 2544 2546 2570
f 2570 2546 2545
f 2570 2545 2571
f 2571 2545 2547
f 2571 2547 2548
f 2544 2570 2549
f 2549 2570 2569
f 2549 2569 2550
f 2550 2569 2568
f 2550 2568 2551
f 2579 2553 2568
f 2568 2553 2552
f 2568 2552 2551
f 2557 2556 2577
f 2577 2556 2555
f 2577 2555 2578
f 2578 2555 2558
f 2578 2558 2579
f 2579 2558 2554
f 2579 2554 2553
