# Converti depuis Neck_X_Link.STL
# 2008 sommets, 4104 faces
o Neck_X_Link
v -0.024336 -0.000525 -0.025000
v -0.023641 -0.000525 -0.024281
v -0.024336 -0.003846 -0.024626
v -0.023641 -0.003751 -0.023918
v -0.024336 -0.006123 -0.024369
v -0.023641 -0.005963 -0.023668
v -0.024336 -0.007277 -0.023965
v -0.023641 -0.007084 -0.023276
v -0.024336 -0.010958 -0.022677
v -0.023641 -0.010660 -0.022025
v -0.024336 -0.011439 -0.022509
v -0.023641 -0.011128 -0.021861
v -0.024336 -0.012659 -0.021742
v -0.023641 -0.012312 -0.021117
v -0.024336 -0.015133 -0.020187
v -0.023641 -0.014716 -0.019606
v -0.024336 -0.016209 -0.019512
v -0.023641 -0.015761 -0.018950
v -0.024336 -0.017875 -0.017846
v -0.023641 -0.017379 -0.017332
v -0.024336 -0.019969 -0.015752
v -0.023641 -0.019413 -0.015297
v -0.024336 -0.020192 -0.015529
v -0.023641 -0.019630 -0.015081
v -0.024336 -0.021384 -0.013632
v -0.023641 -0.020788 -0.013238
v -0.024336 -0.023189 -0.010759
v -0.023641 -0.022541 -0.010447
v -0.024336 -0.023742 -0.009178
v -0.023641 -0.023079 -0.008912
v -0.024336 -0.025049 -0.005442
v -0.023641 -0.024349 -0.005282
v -0.024336 -0.025149 -0.004560
v -0.023641 -0.024445 -0.004425
v -0.024336 -0.025680 0.000155
v -0.023641 -0.024961 0.000155
v -0.024336 -0.025149 0.004870
v -0.023641 -0.024445 0.004735
v -0.024336 -0.025049 0.005753
v -0.023641 -0.024349 0.005593
v -0.024336 -0.023742 0.009488
v -0.023641 -0.023079 0.009222
v -0.024336 -0.023189 0.011069
v -0.023641 -0.022541 0.010757
v -0.024336 -0.021384 0.013942
v -0.023641 -0.020788 0.013548
v -0.024336 -0.020192 0.015839
v -0.023641 -0.019630 0.015391
v -0.024336 -0.019969 0.016062
v -0.023641 -0.019413 0.015607
v -0.024336 -0.017875 0.018156
v -0.023641 -0.017379 0.017642
v -0.024336 -0.016209 0.019822
v -0.023641 -0.015761 0.019260
v -0.024336 -0.015133 0.020498
v -0.023641 -0.014716 0.019916
v -0.024336 -0.012659 0.022052
v -0.023641 -0.012312 0.021427
v -0.024336 -0.011439 0.022819
v -0.023641 -0.011128 0.022171
v -0.024336 -0.010958 0.022987
v -0.023641 -0.010660 0.022335
v -0.024336 -0.007277 0.024275
v -0.023641 -0.007084 0.023586
v -0.024336 -0.006123 0.024679
v -0.023641 -0.005963 0.023978
v -0.024336 -0.003846 0.024936
v -0.023641 -0.003751 0.024228
v -0.024336 -0.000525 0.025310
v -0.023641 -0.000525 0.024591
v -0.030956 -0.004722 0.013576
v -0.031239 -0.000525 0.013576
v -0.029144 -0.000525 0.017666
v -0.031485 -0.000525 0.012878
v -0.033384 -0.005051 -0.004430
v -0.033689 -0.000525 -0.004430
v -0.034000 -0.000525 0.000155
v -0.025012 -0.015484 -0.017356
v -0.026795 -0.011988 -0.017356
v -0.028721 -0.012812 -0.013266
v -0.025559 -0.007585 0.021436
v -0.024379 -0.010955 -0.021126
v -0.024413 -0.020016 -0.013266
v -0.025605 -0.020967 -0.008931
v -0.026328 -0.021544 -0.004430
v -0.026571 -0.021738 0.000155
v -0.026328 -0.021544 0.004740
v -0.025605 -0.020967 0.009241
v -0.024413 -0.020016 0.013576
v -0.024379 -0.010955 0.021436
v -0.026276 -0.004087 0.021436
v -0.026516 -0.000525 0.021436
v -0.024418 -0.000525 0.023738
v -0.028466 -0.000525 -0.018329
v -0.028880 -0.004440 -0.017356
v -0.026516 -0.000525 -0.021126
v -0.026276 -0.004087 -0.021126
v -0.024418 -0.000525 -0.023428
v -0.031581 -0.009248 -0.008931
v -0.030111 -0.008842 -0.013266
v -0.028092 -0.008285 -0.017356
v -0.025559 -0.007585 -0.021126
v -0.032466 -0.004927 -0.008931
v -0.030956 -0.004722 -0.013266
v -0.029144 -0.000525 -0.017356
v -0.031239 -0.000525 -0.013266
v -0.031485 -0.000525 -0.012568
v -0.032763 -0.000525 -0.008931
v -0.033301 -0.000525 -0.006317
v -0.026810 -0.016559 -0.013266
v -0.030123 -0.013412 -0.008931
v -0.032473 -0.009495 -0.004430
v -0.033692 -0.005093 0.000155
v -0.033689 -0.000525 0.004740
v -0.028119 -0.017342 -0.008931
v -0.030974 -0.013776 -0.004430
v -0.032773 -0.009577 0.000155
v -0.033384 -0.005051 0.004740
v -0.033301 -0.000525 0.006627
v -0.028913 -0.017817 -0.004430
v -0.031260 -0.013898 0.000155
v -0.032473 -0.009495 0.004740
v -0.032466 -0.004927 0.009241
v -0.032763 -0.000525 0.009241
v -0.026810 -0.016559 0.013576
v -0.029180 -0.017976 0.000155
v -0.030974 -0.013776 0.004740
v -0.031581 -0.009248 0.009241
v -0.025012 -0.015484 0.017666
v -0.026795 -0.011988 0.017666
v -0.028092 -0.008285 0.017666
v -0.028721 -0.012812 0.013576
v -0.028119 -0.017342 0.009241
v -0.028913 -0.017817 0.004740
v -0.030123 -0.013412 0.009241
v -0.030111 -0.008842 0.013576
v -0.028880 -0.004440 0.017666
v -0.028466 -0.000525 0.018639
v -0.031866 -0.004845 0.013971
v -0.029729 -0.004556 0.018181
v -0.030001 -0.000525 0.018181
v -0.025137 -0.000525 -0.024121
v -0.025096 -0.011261 -0.021752
v -0.025096 -0.011261 0.022062
v -0.027049 -0.004192 0.022062
v -0.025137 -0.000525 0.024431
v -0.027583 -0.012325 0.018181
v -0.027599 -0.017031 0.013971
v -0.025748 -0.015924 0.018181
v -0.026358 -0.021568 0.009508
v -0.025131 -0.020589 0.013971
v -0.027103 -0.022163 -0.004565
v -0.027352 -0.022362 0.000155
v -0.027103 -0.022163 0.004875
v -0.026358 -0.021568 -0.009198
v -0.025131 -0.020589 -0.013661
v -0.025748 -0.015924 -0.017871
v -0.027599 -0.017031 -0.013661
v -0.026311 -0.007793 -0.021752
v -0.027049 -0.004192 -0.021752
v -0.027296 -0.000525 -0.021752
v -0.027296 -0.000525 0.022062
v -0.029303 -0.000525 0.019182
v -0.032158 -0.000525 0.013971
v -0.032411 -0.000525 0.013252
v -0.033421 -0.005056 0.009508
v -0.033727 -0.000525 0.009508
v -0.034366 -0.005184 0.004875
v -0.034281 -0.000525 0.006818
v -0.034680 -0.000525 0.004875
v -0.034683 -0.005227 0.000155
v -0.035000 -0.000525 0.000155
v -0.034366 -0.005184 -0.004565
v -0.028946 -0.017836 0.009508
v -0.029764 -0.018326 0.004875
v -0.030038 -0.018490 0.000155
v -0.029764 -0.018326 -0.004565
v -0.028946 -0.017836 -0.009198
v -0.034680 -0.000525 -0.004565
v -0.034281 -0.000525 -0.006508
v -0.033421 -0.005056 -0.009198
v -0.033727 -0.000525 -0.009198
v -0.031866 -0.004845 -0.013661
v -0.029566 -0.013174 0.013971
v -0.031009 -0.013791 0.009508
v -0.031885 -0.014166 0.004875
v -0.032179 -0.014291 0.000155
v -0.031885 -0.014166 -0.004565
v -0.031009 -0.013791 -0.009198
v -0.029566 -0.013174 -0.013661
v -0.027583 -0.012325 -0.017871
v -0.026311 -0.007793 0.022062
v -0.028918 -0.008513 0.018181
v -0.030997 -0.009087 0.013971
v -0.032510 -0.009505 0.009508
v -0.033429 -0.009759 0.004875
v -0.033737 -0.009844 0.000155
v -0.033429 -0.009759 -0.004565
v -0.032510 -0.009505 -0.009198
v -0.030997 -0.009087 -0.013661
v -0.028918 -0.008513 -0.017871
v -0.029729 -0.004556 -0.017871
v -0.032411 -0.000525 -0.012942
v -0.032158 -0.000525 -0.013661
v -0.030001 -0.000525 -0.017871
v -0.029303 -0.000525 -0.018872
v -0.023641 0.018769 0.024591
v -0.024336 0.018769 0.025310
v -0.020508 0.020016 0.028514
v -0.019911 0.020012 0.027689
v -0.020454 0.020033 0.028557
v -0.019484 0.020134 0.027980
v 0.000000 0.022857 0.034155
v 0.000000 0.022857 0.035155
v -0.001186 0.022841 0.034119
v -0.001221 0.022839 0.035114
v -0.002045 0.022829 0.034094
v -0.002266 0.022823 0.035079
v -0.002201 0.022822 0.034077
v -0.002357 0.022822 0.035076
v -0.005006 0.022687 0.033785
v -0.005335 0.022675 0.034746
v -0.006840 0.022524 0.033429
v -0.007041 0.022524 0.034408
v -0.007646 0.022453 0.033273
v -0.007870 0.022451 0.034243
v -0.007919 0.022429 0.033220
v -0.008278 0.022415 0.034162
v -0.010133 0.022152 0.032610
v -0.011178 0.022045 0.033322
v -0.011381 0.021949 0.032159
v -0.011722 0.021956 0.033117
v -0.012954 0.021694 0.031591
v -0.013487 0.021667 0.032452
v -0.013821 0.021520 0.031197
v -0.014225 0.021518 0.032106
v -0.015161 0.021250 0.030588
v -0.016238 0.021113 0.031160
v -0.015785 0.021100 0.030241
v -0.016263 0.021107 0.031146
v -0.017849 0.020602 0.029093
v -0.017883 0.020726 0.030241
v -0.020066 0.020138 0.028811
v -0.022874 0.019277 0.026647
v -0.022758 0.019089 0.025415
v -0.020383 0.019877 0.027368
v -0.023641 0.018769 -0.024281
v -0.024336 0.018769 -0.025000
v -0.022180 0.019291 -0.025614
v -0.022521 0.019394 -0.026637
v -0.021477 0.019516 -0.026167
v -0.022115 0.019518 -0.026948
v -0.019795 0.020055 -0.027488
v -0.020074 0.020142 -0.028514
v -0.019494 0.020139 -0.027684
v -0.020043 0.020152 -0.028538
v -0.017631 0.020652 -0.028897
v -0.018157 0.020656 -0.029761
v -0.017262 0.020754 -0.029137
v -0.018038 0.020688 -0.029839
v -0.015528 0.021169 -0.030092
v -0.015329 0.021308 -0.031310
v -0.013816 0.021516 -0.030878
v -0.014227 0.021519 -0.031798
v -0.013488 0.021583 -0.031028
v -0.013887 0.021584 -0.031949
v -0.012812 0.021720 -0.031339
v -0.013014 0.021750 -0.032336
v -0.010623 0.022081 -0.032143
v -0.010139 0.022191 -0.033344
v -0.009083 0.022277 -0.032576
v -0.009356 0.022284 -0.033555
v -0.007766 0.022445 -0.032946
v -0.008019 0.022443 -0.033914
v -0.007647 0.022455 -0.032969
v -0.007872 0.022455 -0.033942
v -0.004869 0.022696 -0.033494
v -0.005055 0.022693 -0.034478
v -0.004610 0.022708 -0.033521
v -0.004745 0.022707 -0.034510
v -0.001936 0.022832 -0.033790
v -0.002045 0.022831 -0.034785
v -0.001186 0.022842 -0.033811
v -0.001221 0.022841 -0.034809
v -0.000000 0.022857 -0.033845
v 0.000000 0.022857 -0.034845
v -0.017920 0.029531 0.029049
v -0.001182 0.024063 0.034074
v 0.000000 0.023975 0.034155
v -0.003323 0.024223 0.033927
v -0.004651 0.024323 0.033835
v -0.006600 0.024766 0.033428
v -0.007633 0.025001 0.033212
v -0.009221 0.025362 0.032881
v -0.009844 0.025604 0.032658
v -0.012984 0.026829 0.031532
v -0.013663 0.027094 0.031289
v -0.013823 0.027186 0.031205
v -0.015959 0.028408 0.030081
v -0.023947 0.034860 0.024152
v -0.021917 0.032688 0.026148
v -0.021542 0.032392 0.026420
v -0.019452 0.030741 0.027937
v -0.018831 0.030251 0.028388
v -0.025618 0.036649 0.022509
v -0.026219 0.037526 0.021703
v -0.028215 0.040439 0.019026
v -0.024396 0.035340 0.023711
v -0.031243 0.046380 0.013566
v -0.031379 0.046821 0.013161
v -0.031476 0.047133 0.012875
v -0.028743 0.041210 0.018317
v -0.028491 0.040842 0.018655
v -0.029880 0.043561 0.016157
v -0.033252 0.053764 0.006781
v -0.032995 0.052048 0.008358
v -0.032440 0.050250 0.010010
v -0.034000 0.060975 0.000155
v -0.033893 0.058048 0.002844
v -0.033789 0.057352 0.003484
v -0.033278 0.053933 0.006626
v -0.032451 0.050245 -0.009705
v -0.032127 0.048864 -0.010973
v -0.031434 0.047158 -0.012542
v -0.031305 0.046839 -0.012834
v -0.033277 0.053765 -0.006470
v -0.033316 0.053931 -0.006318
v -0.033529 0.054835 -0.005487
v -0.033722 0.057353 -0.003173
v -0.028421 0.040890 -0.018301
v -0.029856 0.043272 -0.016112
v -0.029964 0.043538 -0.015868
v -0.026820 0.038234 -0.020742
v -0.026227 0.037527 -0.021391
v -0.024391 0.035339 -0.023402
v -0.028158 0.040455 -0.018701
v -0.023975 0.034842 -0.023859
v -0.023251 0.033979 -0.024652
v -0.013809 0.027230 -0.030853
v -0.014685 0.027604 -0.030510
v -0.021476 0.032432 -0.026074
v -0.019482 0.030694 -0.027671
v -0.019130 0.030387 -0.027952
v -0.018872 0.030226 -0.028101
v -0.015960 0.028402 -0.029776
v -0.009863 0.025581 -0.032369
v -0.007629 0.025014 -0.032890
v -0.012953 0.026866 -0.031189
v -0.010055 0.025630 -0.032324
v -0.001185 0.024014 -0.033809
v -0.003318 0.024230 -0.033611
v -0.006601 0.024754 -0.033129
v -0.005346 0.024435 -0.033422
v -0.000000 0.023975 -0.033845
v -0.000939 0.023989 -0.033832
v -0.024749 0.034812 0.024904
v -0.025151 0.035297 0.024445
v -0.028994 0.040453 0.019567
v -0.029259 0.040888 0.019156
v -0.034253 0.053766 0.006974
v -0.034293 0.053931 0.006818
v -0.018323 0.029450 -0.029665
v -0.001217 0.024063 -0.034762
v -0.000000 0.023975 -0.034845
v -0.003421 0.024222 -0.034611
v -0.004756 0.024318 -0.034520
v -0.006795 0.024765 -0.034097
v -0.007858 0.024998 -0.033877
v -0.013971 0.027051 -0.031935
v -0.014227 0.027192 -0.031802
v -0.013370 0.026825 -0.032149
v -0.010132 0.025607 -0.033301
v -0.009430 0.025343 -0.033551
v -0.016432 0.028408 -0.030652
v -0.022187 0.032385 -0.026889
v -0.020024 0.030742 -0.028444
v -0.019382 0.030254 -0.028905
v -0.022410 0.032554 -0.026730
v -0.024657 0.034859 -0.024549
v -0.026981 0.037530 -0.022022
v -0.026199 0.036441 -0.023053
v -0.029064 0.040433 -0.019276
v -0.025120 0.035334 -0.024100
v -0.031998 0.045982 -0.014027
v -0.032278 0.046826 -0.013229
v -0.032382 0.047141 -0.012931
v -0.029409 0.040913 -0.018822
v -0.029347 0.040828 -0.018903
v -0.030761 0.043562 -0.016317
v -0.034219 0.053766 -0.006664
v -0.033843 0.051541 -0.008769
v -0.033414 0.050248 -0.009992
v -0.035000 0.060975 0.000155
v -0.034839 0.057435 -0.003194
v -0.034825 0.057349 -0.003275
v -0.034248 0.053936 -0.006503
v -0.034529 0.054922 0.005880
v -0.034718 0.057353 0.003581
v -0.030852 0.043504 0.016682
v -0.032225 0.046840 0.013526
v -0.032356 0.047158 0.013225
v -0.033127 0.049032 0.011452
v -0.033415 0.050244 0.010306
v -0.026997 0.037528 0.022335
v -0.027806 0.038505 0.021411
v -0.020050 0.030708 0.028786
v -0.020657 0.031106 0.028409
v -0.022114 0.032426 0.027161
v -0.016196 0.028175 0.031182
v -0.016478 0.028360 0.031007
v -0.019377 0.030265 0.029205
v -0.011516 0.026035 0.033206
v -0.014200 0.027262 0.032046
v -0.013330 0.026865 0.032421
v -0.001906 0.024030 0.035103
v -0.001221 0.024010 0.035122
v -0.010123 0.025636 0.033583
v -0.007857 0.024988 0.034197
v -0.006824 0.024693 0.034476
v -0.006725 0.024664 0.034503
v -0.003412 0.024228 0.034916
v 0.000000 0.023975 0.035155
v -0.002450 0.031178 0.036255
v -0.002000 0.030398 0.037155
v -0.002047 0.031580 0.036255
v -0.001268 0.031130 0.037155
v -0.001900 0.032130 0.036255
v -0.001000 0.032130 0.037155
v -0.002047 0.032680 0.036255
v -0.001268 0.033130 0.037155
v -0.002450 0.033083 0.036255
v -0.002000 0.033862 0.037155
v -0.003000 0.033230 0.036255
v -0.003000 0.034130 0.037155
v -0.003550 0.033083 0.036255
v -0.004000 0.033862 0.037155
v -0.003953 0.032680 0.036255
v -0.004732 0.033130 0.037155
v -0.004100 0.032130 0.036255
v -0.005000 0.032130 0.037155
v -0.003953 0.031580 0.036255
v -0.004732 0.031130 0.037155
v -0.003550 0.031178 0.036255
v -0.004000 0.030398 0.037155
v -0.003000 0.031030 0.036255
v -0.003000 0.030130 0.037155
v -0.022843 0.081393 0.036255
v -0.022064 0.081843 0.037155
v -0.023246 0.081796 0.036255
v -0.022796 0.082575 0.037155
v -0.023796 0.081943 0.036255
v -0.023796 0.082843 0.037155
v -0.024346 0.081796 0.036255
v -0.024796 0.082575 0.037155
v -0.024749 0.081393 0.036255
v -0.025528 0.081843 0.037155
v -0.024896 0.080843 0.036255
v -0.025796 0.080843 0.037155
v -0.024749 0.080293 0.036255
v -0.025528 0.079843 0.037155
v -0.024346 0.079890 0.036255
v -0.024796 0.079111 0.037155
v -0.023796 0.079743 0.036255
v -0.023796 0.078843 0.037155
v -0.023246 0.079890 0.036255
v -0.022796 0.079111 0.037155
v -0.022843 0.080293 0.036255
v -0.022064 0.079843 0.037155
v -0.022696 0.080843 0.036255
v -0.021796 0.080843 0.037155
v -0.017500 0.086975 0.037155
v -0.017500 0.086975 0.036155
v -0.017500 0.088475 0.037155
v -0.017500 0.088475 0.036155
v -0.024088 0.070762 0.036155
v -0.024088 0.070762 0.037155
v -0.025632 0.065336 0.036155
v -0.025632 0.065336 0.037155
v -0.025969 0.059704 0.036155
v -0.025969 0.059704 0.037155
v -0.025084 0.054132 0.036155
v -0.025084 0.054132 0.037155
v -0.023017 0.048883 0.036155
v -0.023017 0.048883 0.037155
v -0.019867 0.044203 0.036155
v -0.019867 0.044203 0.037155
v -0.015781 0.040312 0.036155
v -0.015781 0.040312 0.037155
v -0.010953 0.037394 0.036155
v -0.010953 0.037394 0.037155
v -0.005608 0.035587 0.036155
v -0.005608 0.035587 0.037155
v -0.000000 0.034975 0.036155
v -0.000000 0.034975 0.037155
v 0.000000 0.026803 0.036155
v 0.000000 0.024626 0.034227
v 0.000000 0.024637 0.035268
v 0.000000 0.025070 0.034408
v 0.000000 0.024705 0.035306
v -0.000000 0.025559 0.034607
v 0.000000 0.025975 0.037155
v -0.000000 0.025926 0.036716
v 0.000000 0.026760 0.036077
v 0.000000 0.025808 0.036430
v -0.000000 0.026313 0.035275
v -0.000000 0.025671 0.036095
v 0.000000 0.026083 0.035071
v 0.000000 0.025370 0.035758
v 0.000000 0.025224 0.035593
v -0.000000 0.088475 0.037155
v -0.000000 0.088475 0.036155
v -0.024896 0.080843 0.036155
v -0.024749 0.081393 0.036155
v -0.024346 0.081796 0.036155
v -0.023796 0.081943 0.036155
v -0.023246 0.081796 0.036155
v -0.022843 0.081393 0.036155
v -0.022696 0.080843 0.036155
v -0.022843 0.080293 0.036155
v -0.023246 0.079890 0.036155
v -0.023796 0.079743 0.036155
v -0.024346 0.079890 0.036155
v -0.024749 0.080293 0.036155
v -0.003000 0.033230 0.036155
v -0.002450 0.033083 0.036155
v -0.002047 0.032680 0.036155
v -0.001900 0.032130 0.036155
v -0.002047 0.031580 0.036155
v -0.002450 0.031178 0.036155
v -0.003000 0.031030 0.036155
v -0.003550 0.031178 0.036155
v -0.003953 0.031580 0.036155
v -0.004100 0.032130 0.036155
v -0.003953 0.032680 0.036155
v -0.003550 0.033083 0.036155
v -0.002745 0.026954 0.036155
v -0.003248 0.026928 0.035904
v -0.003263 0.027035 0.036155
v -0.005594 0.027397 0.036155
v -0.006472 0.027398 0.035402
v -0.006583 0.027615 0.036155
v -0.009648 0.028180 0.034570
v -0.009859 0.028457 0.035542
v -0.009076 0.028237 0.035781
v -0.007851 0.027894 0.036155
v -0.010497 0.028636 0.035347
v -0.012748 0.029270 0.033410
v -0.013009 0.029566 0.034335
v -0.015596 0.030763 0.033033
v -0.015444 0.030692 0.033110
v -0.015744 0.030665 0.031930
v -0.013099 0.029599 0.034299
v -0.018605 0.032353 0.030143
v -0.018082 0.032182 0.031488
v -0.016013 0.031001 0.032774
v -0.021539 0.034709 0.028738
v -0.021169 0.034406 0.029069
v -0.021302 0.034324 0.028062
v -0.020411 0.033783 0.029746
v -0.018866 0.032721 0.030902
v -0.026081 0.039041 0.023097
v -0.026255 0.039416 0.023616
v -0.026048 0.039174 0.023879
v -0.023803 0.036560 0.025706
v -0.024784 0.037699 0.025484
v -0.024014 0.036946 0.026304
v -0.022710 0.035672 0.027690
v -0.029867 0.044640 0.017226
v -0.029972 0.044951 0.017593
v -0.029891 0.044812 0.017744
v -0.028110 0.041743 0.020262
v -0.028529 0.042479 0.020283
v -0.028253 0.042091 0.020705
v -0.026798 0.040050 0.022927
v -0.032533 0.051105 0.010895
v -0.032517 0.051043 0.010963
v -0.032490 0.050900 0.010676
v -0.031442 0.048036 0.014235
v -0.031333 0.047702 0.014020
v -0.031408 0.047964 0.014313
v -0.030134 0.045229 0.017290
v -0.033323 0.054225 0.007500
v -0.033326 0.054201 0.007228
v -0.033341 0.054342 0.007373
v -0.033816 0.057447 0.003994
v -0.033831 0.057570 0.003709
v -0.033828 0.057642 0.003781
v -0.033996 0.060428 0.000750
v -0.033838 0.057805 0.003604
v -0.032473 0.050682 0.010453
v -0.033318 0.054054 0.007080
v -0.033829 0.057496 0.003635
v -0.028107 0.040879 0.019396
v -0.026078 0.038046 0.022099
v -0.029865 0.043913 0.016498
v -0.031331 0.047117 0.013434
v -0.031304 0.047415 0.013722
v -0.029825 0.044288 0.016851
v -0.028052 0.041330 0.019810
v -0.026007 0.038573 0.022568
v -0.023799 0.035439 0.024581
v -0.012643 0.028631 0.032518
v -0.009558 0.027527 0.033622
v -0.009644 0.026585 0.032961
v -0.006406 0.026738 0.034412
v -0.003213 0.026264 0.034887
v -0.003246 0.025252 0.034212
v -0.006469 0.025753 0.033742
v -0.012743 0.027743 0.031871
v -0.015633 0.030045 0.031103
v -0.015739 0.029220 0.030477
v -0.018496 0.031760 0.029386
v -0.018600 0.031006 0.028788
v -0.021200 0.033766 0.027379
v -0.021297 0.033085 0.026817
v -0.023713 0.036043 0.025100
v -0.000000 0.026313 -0.034965
v -0.000000 0.026760 -0.035767
v -0.003248 0.026928 -0.035594
v -0.018600 0.031006 -0.028478
v -0.000000 0.024626 -0.033916
v -0.000000 0.025070 -0.034098
v -0.003246 0.025252 -0.033902
v -0.000000 0.025559 -0.034297
v -0.000000 0.026083 -0.034761
v -0.003213 0.026264 -0.034577
v -0.033850 0.057805 -0.003295
v -0.033829 0.057496 -0.003325
v -0.033848 0.057768 -0.003334
v -0.033318 0.054054 -0.006770
v -0.033383 0.054526 -0.006862
v -0.033830 0.057643 -0.003471
v -0.032526 0.051107 -0.010584
v -0.032604 0.051331 -0.010339
v -0.033338 0.054343 -0.007062
v -0.029885 0.044815 -0.017430
v -0.029965 0.044953 -0.017281
v -0.029867 0.044640 -0.016915
v -0.030224 0.045403 -0.016791
v -0.031333 0.047702 -0.013710
v -0.031393 0.047967 -0.014000
v -0.031580 0.048377 -0.013555
v -0.028614 0.042611 -0.019829
v -0.028110 0.041743 -0.019951
v -0.028247 0.042093 -0.020393
v -0.026823 0.040081 -0.022582
v -0.026081 0.039041 -0.022787
v -0.026253 0.039417 -0.023305
v -0.023803 0.036560 -0.025396
v -0.024743 0.037656 -0.025221
v -0.026046 0.039176 -0.023567
v -0.021166 0.034409 -0.028754
v -0.021537 0.034711 -0.028426
v -0.021302 0.034324 -0.027751
v -0.022593 0.035567 -0.027494
v -0.024013 0.036947 -0.025993
v -0.020202 0.033627 -0.029605
v -0.018605 0.032353 -0.029833
v -0.018862 0.032724 -0.030589
v -0.015205 0.030564 -0.032939
v -0.015441 0.030695 -0.032796
v -0.015744 0.030665 -0.031620
v -0.016005 0.031008 -0.032455
v -0.017782 0.031995 -0.031381
v -0.013000 0.029574 -0.034016
v -0.012748 0.029270 -0.033100
v -0.012615 0.029402 -0.034204
v -0.009648 0.028180 -0.034260
v -0.009937 0.028459 -0.035229
v -0.004831 0.027254 -0.035845
v -0.006584 0.027626 -0.035845
v -0.006472 0.027398 -0.035092
v -0.007851 0.027894 -0.035845
v -0.009079 0.028227 -0.035483
v -0.003263 0.027040 -0.035845
v -0.002334 0.026913 -0.035845
v -0.000000 0.026803 -0.035845
v -0.006469 0.025753 -0.033432
v -0.012743 0.027743 -0.031561
v -0.015739 0.029220 -0.030167
v -0.023713 0.036043 -0.024790
v -0.023799 0.035439 -0.024271
v -0.021200 0.033766 -0.027069
v -0.021297 0.033085 -0.026507
v -0.018496 0.031760 -0.029076
v -0.015633 0.030045 -0.030792
v -0.012643 0.028631 -0.032208
v -0.009558 0.027527 -0.033312
v -0.009644 0.026585 -0.032651
v -0.006406 0.026738 -0.034102
v -0.028052 0.041330 -0.019500
v -0.028107 0.040879 -0.019086
v -0.026007 0.038573 -0.022258
v -0.026078 0.038046 -0.021789
v -0.033325 0.053905 -0.006623
v -0.033831 0.057422 -0.003251
v -0.031304 0.047415 -0.013411
v -0.031331 0.047117 -0.013124
v -0.029825 0.044288 -0.016541
v -0.029865 0.043913 -0.016188
v -0.032489 0.050459 -0.009925
v -0.032473 0.050682 -0.010143
v -0.019253 0.030738 0.029497
v -0.003351 0.025553 0.035576
v -0.003373 0.024882 0.035132
v -0.010010 0.026242 0.033826
v -0.006719 0.025393 0.034641
v -0.013216 0.027422 0.032692
v -0.016308 0.028925 0.031245
v -0.026872 0.038212 0.022917
v -0.024588 0.035227 0.025158
v -0.028956 0.041023 0.020107
v -0.034826 0.057447 0.003683
v -0.034309 0.053953 0.007176
v -0.033451 0.050531 0.010599
v -0.032264 0.047213 0.013917
v -0.030760 0.044033 0.017096
v -0.024726 0.036236 0.026307
v -0.024814 0.036329 0.026209
v -0.024588 0.035972 0.025903
v -0.026370 0.037961 0.024484
v -0.029067 0.041540 0.020700
v -0.029077 0.041555 0.020685
v -0.030122 0.043152 0.018996
v -0.006677 0.026047 0.035083
v -0.009953 0.026868 0.034262
v -0.013148 0.028011 0.033118
v -0.016236 0.029472 0.031658
v -0.019182 0.031238 0.029892
v -0.022023 0.032845 0.027461
v -0.021958 0.033297 0.027833
v -0.024530 0.035628 0.025502
v -0.027023 0.038783 0.023615
v -0.028391 0.040506 0.021793
v -0.032299 0.047588 0.014307
v -0.032916 0.049078 0.012731
v -0.034251 0.053940 0.007591
v -0.033872 0.052161 0.009472
v -0.033456 0.050820 0.010890
v -0.030828 0.044486 0.017586
v -0.031682 0.046099 0.015880
v -0.032261 0.047498 0.014402
v -0.000569 0.025981 0.037149
v -0.000702 0.025982 0.037148
v -0.008831 0.027107 0.035958
v -0.010010 0.027304 0.034888
v -0.007270 0.026766 0.036318
v -0.006719 0.026489 0.035737
v -0.006819 0.026668 0.036422
v -0.003373 0.025998 0.036248
v -0.003429 0.026148 0.036972
v -0.006089 0.026509 0.036591
v -0.013216 0.028438 0.033708
v -0.013704 0.028791 0.034178
v -0.014266 0.029014 0.033942
v -0.016308 0.029885 0.032205
v -0.022023 0.033669 0.028285
v -0.019253 0.031633 0.030392
v -0.019633 0.032009 0.030776
v -0.016488 0.030118 0.032775
v -0.016862 0.030304 0.032578
v -0.019479 0.031896 0.030895
v -0.010144 0.027507 0.035535
v -0.011561 0.027939 0.035078
v -0.013376 0.028660 0.034316
v -0.003311 0.026132 0.036989
v -0.021873 0.033651 0.029040
v -0.022188 0.033928 0.028747
v -0.024251 0.035738 0.026833
v -0.034886 0.058148 0.003143
v -0.034987 0.060645 0.000503
v -0.034296 0.054150 0.007370
v -0.034522 0.055212 0.006247
v -0.034811 0.057545 0.003780
v -0.029093 0.041545 -0.020385
v -0.029086 0.041535 -0.020395
v -0.028956 0.041023 -0.019797
v -0.000000 0.025926 -0.036406
v -0.000000 0.025808 -0.036119
v -0.003373 0.025998 -0.035938
v -0.022023 0.032845 -0.027151
v -0.024588 0.035227 -0.024848
v -0.024530 0.035628 -0.025191
v -0.034309 0.053953 -0.006866
v -0.034826 0.057447 -0.003373
v -0.032264 0.047213 -0.013607
v -0.030760 0.044033 -0.016786
v -0.033451 0.050531 -0.010289
v -0.013148 0.028011 -0.032808
v -0.009953 0.026868 -0.033952
v -0.010010 0.026242 -0.033516
v -0.006677 0.026047 -0.034773
v -0.003351 0.025553 -0.035266
v -0.003373 0.024882 -0.034822
v -0.006719 0.025393 -0.034331
v -0.013216 0.027422 -0.032381
v -0.016236 0.029472 -0.031348
v -0.016308 0.028925 -0.030934
v -0.019182 0.031238 -0.029581
v -0.019253 0.030738 -0.029186
v -0.021958 0.033297 -0.027523
v -0.024588 0.035972 -0.025592
v -0.024720 0.036240 -0.025993
v -0.022023 0.033669 -0.027974
v -0.023310 0.034867 -0.027445
v -0.019253 0.031633 -0.030082
v -0.019421 0.031890 -0.030592
v -0.018611 0.031333 -0.031180
v -0.016308 0.029885 -0.031895
v -0.022174 0.033937 -0.028428
v -0.020993 0.032970 -0.029450
v -0.019621 0.032027 -0.030447
v -0.013709 0.028779 -0.033880
v -0.013216 0.028438 -0.033398
v -0.016071 0.029883 -0.032713
v -0.016485 0.030119 -0.032464
v -0.013532 0.028697 -0.033968
v -0.013390 0.028644 -0.034023
v -0.010010 0.027304 -0.034578
v -0.010880 0.027709 -0.035012
v -0.010148 0.027501 -0.035231
v -0.006719 0.026489 -0.035427
v -0.008200 0.026949 -0.035815
v -0.007271 0.026763 -0.036011
v -0.000569 0.025997 -0.036821
v -0.000000 0.025975 -0.036845
v -0.006817 0.026673 -0.036107
v -0.005497 0.026409 -0.036386
v -0.003426 0.026163 -0.036646
v -0.002753 0.026083 -0.036730
v -0.034971 0.059559 -0.001342
v -0.034993 0.060645 -0.000193
v -0.034262 0.053938 -0.007284
v -0.034150 0.053310 -0.007948
v -0.034799 0.057545 -0.003470
v -0.034704 0.056431 -0.004648
v -0.034299 0.054149 -0.007061
v -0.032320 0.047543 -0.014044
v -0.032293 0.047485 -0.014105
v -0.026872 0.038212 -0.022607
v -0.027461 0.039275 -0.022784
v -0.030869 0.044480 -0.017282
v -0.029322 0.041864 -0.020047
v -0.033474 0.050817 -0.010583
v -0.033339 0.050321 -0.011107
v -0.032334 0.047581 -0.014004
v -0.000000 0.025671 -0.035785
v -0.000000 0.025370 -0.035447
v -0.000000 0.025224 -0.035283
v -0.000000 0.024705 -0.034996
v -0.000000 0.024637 -0.034958
v -0.027034 0.038780 -0.023308
v -0.025477 0.036976 -0.025215
v -0.024814 0.036331 -0.025897
v -0.000900 0.093413 -0.035945
v -0.000900 0.093413 -0.035845
v -0.001047 0.093963 -0.035945
v -0.001047 0.093963 -0.035845
v -0.001450 0.094366 -0.035945
v -0.001450 0.094366 -0.035845
v -0.002000 0.094513 -0.035945
v -0.002000 0.094513 -0.035845
v -0.002550 0.094366 -0.035945
v -0.002550 0.094366 -0.035845
v -0.002953 0.093963 -0.035945
v -0.002953 0.093963 -0.035845
v -0.003100 0.093413 -0.035945
v -0.003100 0.093413 -0.035845
v -0.002953 0.092863 -0.035945
v -0.002953 0.092863 -0.035845
v -0.002550 0.092461 -0.035945
v -0.002550 0.092461 -0.035845
v -0.002000 0.092313 -0.035945
v -0.002000 0.092313 -0.035845
v -0.001450 0.092461 -0.035945
v -0.001450 0.092461 -0.035845
v -0.001047 0.092863 -0.035945
v -0.001047 0.092863 -0.035845
v -0.000000 0.095975 0.037155
v -0.001229 0.095953 0.037155
v -0.029467 0.079862 0.037155
v -0.025294 0.085166 0.037155
v -0.020180 0.089571 0.037155
v -0.007920 0.095067 0.037155
v -0.014316 0.092913 0.037155
v -0.032544 0.073855 0.037155
v -0.034411 0.067369 0.037155
v -0.034998 0.060645 0.037155
v -0.000569 0.025979 0.037155
v -0.007276 0.026739 0.037155
v -0.013712 0.028772 0.037155
v -0.019638 0.032003 0.037155
v -0.024833 0.036311 0.037155
v -0.029106 0.041536 0.037155
v -0.032295 0.047484 0.037155
v -0.034284 0.053934 0.037155
v -0.001864 0.094924 0.036155
v -0.000000 0.094975 0.036155
v -0.029908 0.044803 0.036155
v -0.032536 0.051104 0.036155
v -0.026073 0.039153 0.036155
v -0.020802 0.087869 0.036155
v -0.029671 0.077576 0.036155
v -0.025756 0.083170 0.036155
v -0.009083 0.028211 0.036155
v -0.015447 0.030686 0.036155
v -0.021187 0.034383 0.036155
v -0.015009 0.091483 0.036155
v -0.008610 0.093867 0.036155
v -0.033803 0.064632 0.036155
v -0.033852 0.057804 0.036155
v -0.032390 0.071313 0.036155
v -0.015447 0.030686 -0.035845
v -0.009083 0.028211 -0.035845
v -0.021187 0.034383 -0.035845
v -0.026073 0.039153 -0.035845
v -0.029908 0.044803 -0.035845
v -0.032536 0.051104 -0.035845
v -0.033852 0.057804 -0.035845
v -0.033803 0.064632 -0.035845
v -0.000000 0.094975 -0.035845
v -0.001864 0.094924 -0.035845
v -0.008610 0.093867 -0.035845
v -0.015009 0.091483 -0.035845
v -0.020802 0.087869 -0.035845
v -0.025756 0.083170 -0.035845
v -0.029671 0.077576 -0.035845
v -0.032390 0.071313 -0.035845
v -0.000900 0.028390 -0.035845
v -0.000000 0.041975 -0.035845
v -0.000000 0.079975 -0.035845
v -0.004918 0.079327 -0.035845
v -0.009500 0.077429 -0.035845
v -0.002000 0.029490 -0.035845
v -0.001450 0.029342 -0.035845
v -0.001047 0.028940 -0.035845
v -0.016454 0.070475 -0.035845
v -0.013435 0.074410 -0.035845
v -0.001047 0.027840 -0.035845
v -0.001450 0.027437 -0.035845
v -0.002000 0.027290 -0.035845
v -0.002550 0.027437 -0.035845
v -0.002953 0.027840 -0.035845
v -0.003100 0.028390 -0.035845
v -0.002953 0.028940 -0.035845
v -0.004918 0.042622 -0.035845
v -0.009500 0.044520 -0.035845
v -0.002550 0.029342 -0.035845
v -0.013435 0.047540 -0.035845
v -0.018353 0.065892 -0.035845
v -0.019000 0.060975 -0.035845
v -0.018353 0.056057 -0.035845
v -0.016454 0.051475 -0.035845
v -0.000000 0.041975 -0.036845
v 0.000000 0.028390 -0.036845
v -0.032295 0.047484 -0.036845
v -0.034998 0.060645 -0.036845
v -0.034411 0.067369 -0.036845
v -0.034284 0.053934 -0.036845
v -0.029106 0.041536 -0.036845
v -0.024833 0.036311 -0.036845
v -0.019638 0.032003 -0.036845
v -0.013712 0.028772 -0.036845
v -0.007276 0.026739 -0.036845
v -0.000569 0.025979 -0.036845
v -0.032544 0.073855 -0.036845
v -0.029467 0.079862 -0.036845
v -0.025294 0.085166 -0.036845
v -0.020180 0.089571 -0.036845
v -0.014316 0.092913 -0.036845
v -0.007920 0.095067 -0.036845
v -0.001229 0.095953 -0.036845
v -0.000000 0.095975 -0.036845
v -0.003732 0.094413 -0.036845
v -0.003000 0.095145 -0.036845
v -0.002000 0.095413 -0.036845
v -0.001000 0.095145 -0.036845
v -0.000268 0.094413 -0.036845
v -0.000000 0.093413 -0.036845
v -0.000268 0.092413 -0.036845
v -0.001000 0.091681 -0.036845
v -0.002000 0.091413 -0.036845
v -0.003000 0.091681 -0.036845
v -0.003732 0.092413 -0.036845
v -0.004000 0.093413 -0.036845
v -0.000000 0.079975 -0.036845
v -0.004918 0.079327 -0.036845
v -0.009500 0.077429 -0.036845
v -0.013435 0.074410 -0.036845
v -0.016454 0.070475 -0.036845
v -0.018353 0.065892 -0.036845
v -0.019000 0.060975 -0.036845
v -0.018353 0.056057 -0.036845
v -0.016454 0.051475 -0.036845
v -0.013435 0.047540 -0.036845
v -0.009500 0.044520 -0.036845
v -0.004918 0.042622 -0.036845
v -0.003100 0.028390 -0.035945
v -0.002953 0.028940 -0.035945
v -0.002550 0.029342 -0.035945
v -0.002000 0.029490 -0.035945
v -0.001450 0.029342 -0.035945
v -0.001047 0.028940 -0.035945
v -0.000900 0.028390 -0.035945
v -0.001047 0.027840 -0.035945
v -0.001450 0.027437 -0.035945
v -0.002000 0.027290 -0.035945
v -0.002550 0.027437 -0.035945
v -0.002953 0.027840 -0.035945
v -0.000268 0.029390 -0.036845
v -0.003000 0.030122 -0.036845
v -0.003732 0.027390 -0.036845
v -0.003000 0.026658 -0.036845
v -0.002000 0.026390 -0.036845
v -0.001000 0.026658 -0.036845
v -0.000268 0.027390 -0.036845
v -0.001000 0.030122 -0.036845
v -0.002000 0.030390 -0.036845
v -0.003732 0.029390 -0.036845
v -0.004000 0.028390 -0.036845
v 0.023641 -0.000525 -0.024281
v 0.024336 -0.000525 -0.025000
v 0.023641 -0.003751 -0.023918
v 0.024336 -0.003838 -0.024626
v 0.023641 -0.005963 -0.023668
v 0.024336 -0.006123 -0.024369
v 0.023641 -0.007084 -0.023276
v 0.024336 -0.007261 -0.023971
v 0.023641 -0.010660 -0.022025
v 0.024336 -0.010934 -0.022685
v 0.023641 -0.011128 -0.021861
v 0.024336 -0.011439 -0.022509
v 0.023641 -0.012312 -0.021117
v 0.024336 -0.012659 -0.021742
v 0.023641 -0.014716 -0.019606
v 0.024336 -0.015097 -0.020211
v 0.023641 -0.015761 -0.018950
v 0.024336 -0.016209 -0.019512
v 0.023641 -0.017379 -0.017332
v 0.024336 -0.017875 -0.017846
v 0.023641 -0.019413 -0.015297
v 0.024336 -0.019915 -0.015806
v 0.023641 -0.019630 -0.015081
v 0.024336 -0.020192 -0.015529
v 0.023641 -0.020788 -0.013238
v 0.024336 -0.021384 -0.013632
v 0.023641 -0.022541 -0.010447
v 0.024336 -0.023189 -0.010759
v 0.023641 -0.023079 -0.008912
v 0.024336 -0.023742 -0.009178
v 0.023641 -0.024349 -0.005282
v 0.024336 -0.025049 -0.005442
v 0.023641 -0.024445 -0.004425
v 0.024336 -0.025149 -0.004560
v 0.023641 -0.024961 0.000155
v 0.024336 -0.025680 0.000155
v 0.023641 -0.024445 0.004735
v 0.024336 -0.025149 0.004870
v 0.023641 -0.024349 0.005593
v 0.024336 -0.025049 0.005753
v 0.023641 -0.023079 0.009222
v 0.024336 -0.023742 0.009488
v 0.023641 -0.022541 0.010757
v 0.024336 -0.023189 0.011069
v 0.023641 -0.020788 0.013548
v 0.024336 -0.021384 0.013942
v 0.023641 -0.019630 0.015391
v 0.024336 -0.020192 0.015839
v 0.023641 -0.019413 0.015607
v 0.024336 -0.019915 0.016116
v 0.023641 -0.017379 0.017642
v 0.024336 -0.017875 0.018156
v 0.023641 -0.015761 0.019260
v 0.024336 -0.016209 0.019822
v 0.023641 -0.014716 0.019916
v 0.024336 -0.015097 0.020521
v 0.023641 -0.012312 0.021427
v 0.024336 -0.012659 0.022052
v 0.023641 -0.011128 0.022171
v 0.024336 -0.011439 0.022819
v 0.023641 -0.010660 0.022335
v 0.024336 -0.010934 0.022996
v 0.023641 -0.007084 0.023586
v 0.024336 -0.007261 0.024281
v 0.023641 -0.005963 0.023978
v 0.024336 -0.006123 0.024679
v 0.023641 -0.003751 0.024228
v 0.024336 -0.003838 0.024937
v 0.023641 -0.000525 0.024591
v 0.024336 -0.000525 0.025310
v 0.026315 -0.007778 0.022062
v 0.025765 -0.015894 0.018181
v 0.025105 -0.011240 -0.021752
v 0.025137 -0.000525 -0.024121
v 0.027050 -0.004184 -0.021752
v 0.027593 -0.012301 -0.017871
v 0.027618 -0.016999 -0.013661
v 0.025765 -0.015894 -0.017871
v 0.026388 -0.021530 -0.009198
v 0.025160 -0.020552 -0.013661
v 0.027134 -0.022124 0.004875
v 0.027384 -0.022323 0.000155
v 0.027134 -0.022124 -0.004565
v 0.026388 -0.021530 0.009508
v 0.025160 -0.020552 0.013971
v 0.027618 -0.016999 0.013971
v 0.025137 -0.000525 0.024431
v 0.027050 -0.004184 0.022062
v 0.029730 -0.004547 0.018181
v 0.029303 -0.000525 0.019182
v 0.027296 -0.000525 0.022062
v 0.033423 -0.005046 0.009508
v 0.032411 -0.000525 0.013252
v 0.031868 -0.004836 0.013971
v 0.032158 -0.000525 0.013971
v 0.030001 -0.000525 0.018181
v 0.034367 -0.005174 0.004875
v 0.034281 -0.000525 0.006818
v 0.033727 -0.000525 0.009508
v 0.033423 -0.005046 -0.009198
v 0.034281 -0.000525 -0.006508
v 0.034367 -0.005174 -0.004565
v 0.034680 -0.000525 -0.004565
v 0.034684 -0.005217 0.000155
v 0.035000 -0.000525 0.000155
v 0.034680 -0.000525 0.004875
v 0.031868 -0.004836 -0.013661
v 0.032411 -0.000525 -0.012942
v 0.033727 -0.000525 -0.009198
v 0.028965 -0.017803 0.009508
v 0.029784 -0.018291 0.004875
v 0.030059 -0.018455 0.000155
v 0.029784 -0.018291 -0.004565
v 0.028965 -0.017803 -0.009198
v 0.025105 -0.011240 0.022062
v 0.027593 -0.012301 0.018181
v 0.029577 -0.013148 0.013971
v 0.031020 -0.013764 0.009508
v 0.031897 -0.014138 0.004875
v 0.032191 -0.014264 0.000155
v 0.031897 -0.014138 -0.004565
v 0.031020 -0.013764 -0.009198
v 0.029577 -0.013148 -0.013661
v 0.027296 -0.000525 -0.021752
v 0.029303 -0.000525 -0.018872
v 0.029730 -0.004547 -0.017871
v 0.030001 -0.000525 -0.017871
v 0.032158 -0.000525 -0.013661
v 0.028923 -0.008496 0.018181
v 0.031002 -0.009069 0.013971
v 0.032515 -0.009486 0.009508
v 0.033434 -0.009739 0.004875
v 0.033742 -0.009824 0.000155
v 0.033434 -0.009739 -0.004565
v 0.032515 -0.009486 -0.009198
v 0.031002 -0.009069 -0.013661
v 0.028923 -0.008496 -0.017871
v 0.026315 -0.007778 -0.021752
v 0.024336 0.018769 0.025310
v 0.023641 0.018769 0.024591
v 0.022180 0.019291 0.025924
v 0.022521 0.019394 0.026947
v 0.021477 0.019516 0.026477
v 0.022115 0.019518 0.027258
v 0.019795 0.020055 0.027798
v 0.020074 0.020142 0.028824
v 0.019494 0.020139 0.027994
v 0.020043 0.020152 0.028848
v 0.017631 0.020652 0.029207
v 0.018157 0.020656 0.030071
v 0.017262 0.020754 0.029447
v 0.018038 0.020688 0.030149
v 0.015528 0.021169 0.030402
v 0.015329 0.021308 0.031620
v 0.013816 0.021516 0.031188
v 0.014227 0.021519 0.032108
v 0.013488 0.021583 0.031339
v 0.013887 0.021584 0.032259
v 0.012812 0.021720 0.031649
v 0.013014 0.021750 0.032646
v 0.010623 0.022081 0.032453
v 0.010139 0.022191 0.033654
v 0.009083 0.022277 0.032886
v 0.009356 0.022284 0.033865
v 0.007766 0.022445 0.033256
v 0.008019 0.022443 0.034224
v 0.007647 0.022455 0.033279
v 0.007872 0.022455 0.034252
v 0.004869 0.022696 0.033805
v 0.005055 0.022693 0.034788
v 0.004610 0.022708 0.033831
v 0.004745 0.022707 0.034820
v 0.001936 0.022832 0.034100
v 0.002045 0.022831 0.035095
v 0.001186 0.022842 0.034121
v 0.001221 0.022841 0.035119
v 0.020508 0.020016 -0.028204
v 0.019911 0.020012 -0.027379
v 0.020454 0.020033 -0.028247
v 0.019484 0.020134 -0.027670
v 0.001186 0.022841 -0.033809
v 0.001221 0.022839 -0.034804
v 0.002045 0.022829 -0.033783
v 0.002266 0.022823 -0.034769
v 0.002201 0.022822 -0.033767
v 0.002357 0.022822 -0.034765
v 0.005006 0.022687 -0.033474
v 0.005335 0.022675 -0.034436
v 0.006840 0.022524 -0.033119
v 0.007041 0.022524 -0.034097
v 0.007646 0.022453 -0.032963
v 0.007870 0.022451 -0.033933
v 0.007919 0.022429 -0.032910
v 0.008278 0.022415 -0.033852
v 0.010133 0.022152 -0.032300
v 0.011178 0.022045 -0.033012
v 0.011381 0.021949 -0.031849
v 0.011722 0.021956 -0.032807
v 0.012954 0.021694 -0.031281
v 0.013487 0.021667 -0.032142
v 0.013821 0.021520 -0.030887
v 0.014225 0.021518 -0.031796
v 0.015161 0.021250 -0.030278
v 0.016238 0.021113 -0.030850
v 0.015785 0.021100 -0.029930
v 0.016263 0.021107 -0.030836
v 0.017849 0.020602 -0.028783
v 0.017883 0.020726 -0.029931
v 0.020066 0.020138 -0.028501
v 0.024336 0.018769 -0.025000
v 0.023641 0.018769 -0.024281
v 0.022874 0.019277 -0.026336
v 0.022758 0.019089 -0.025105
v 0.020383 0.019877 -0.027058
v 0.024379 -0.010955 -0.021126
v 0.024413 -0.020016 0.013576
v 0.024418 -0.000525 0.023738
v 0.026276 -0.004087 0.021436
v 0.025559 -0.007585 0.021436
v 0.024379 -0.010955 0.021436
v 0.026795 -0.011988 0.017666
v 0.025012 -0.015484 0.017666
v 0.025605 -0.020967 0.009241
v 0.026328 -0.021544 -0.004430
v 0.026571 -0.021738 0.000155
v 0.026328 -0.021544 0.004740
v 0.025605 -0.020967 -0.008931
v 0.024413 -0.020016 -0.013266
v 0.026810 -0.016559 -0.013266
v 0.025012 -0.015484 -0.017356
v 0.026795 -0.011988 -0.017356
v 0.025559 -0.007585 -0.021126
v 0.026276 -0.004087 -0.021126
v 0.024418 -0.000525 -0.023428
v 0.030956 -0.004722 -0.013266
v 0.029144 -0.000525 -0.017356
v 0.028880 -0.004440 -0.017356
v 0.028466 -0.000525 -0.018329
v 0.026516 -0.000525 -0.021126
v 0.032466 -0.004927 -0.008931
v 0.031485 -0.000525 -0.012568
v 0.031239 -0.000525 -0.013266
v 0.033384 -0.005051 0.004740
v 0.034000 -0.000525 0.000155
v 0.033692 -0.005093 0.000155
v 0.033689 -0.000525 -0.004430
v 0.033384 -0.005051 -0.004430
v 0.033301 -0.000525 -0.006317
v 0.032763 -0.000525 -0.008931
v 0.032466 -0.004927 0.009241
v 0.033301 -0.000525 0.006627
v 0.033689 -0.000525 0.004740
v 0.028880 -0.004440 0.017666
v 0.031239 -0.000525 0.013576
v 0.030956 -0.004722 0.013576
v 0.031485 -0.000525 0.012878
v 0.032763 -0.000525 0.009241
v 0.026810 -0.016559 0.013576
v 0.028119 -0.017342 0.009241
v 0.028913 -0.017817 0.004740
v 0.029180 -0.017976 0.000155
v 0.028913 -0.017817 -0.004430
v 0.028119 -0.017342 -0.008931
v 0.028721 -0.012812 0.013576
v 0.030123 -0.013412 0.009241
v 0.030974 -0.013776 0.004740
v 0.031260 -0.013898 0.000155
v 0.030974 -0.013776 -0.004430
v 0.030123 -0.013412 -0.008931
v 0.028721 -0.012812 -0.013266
v 0.026516 -0.000525 0.021436
v 0.028466 -0.000525 0.018639
v 0.029144 -0.000525 0.017666
v 0.028092 -0.008285 0.017666
v 0.030111 -0.008842 0.013576
v 0.031581 -0.009248 0.009241
v 0.032473 -0.009495 0.004740
v 0.032773 -0.009577 0.000155
v 0.032473 -0.009495 -0.004430
v 0.031581 -0.009248 -0.008931
v 0.030111 -0.008842 -0.013266
v 0.028092 -0.008285 -0.017356
v 0.028994 0.040453 -0.019257
v 0.029259 0.040888 -0.018846
v 0.034718 0.057353 -0.003271
v 0.034529 0.054922 -0.005570
v 0.034293 0.053931 -0.006508
v 0.034253 0.053766 -0.006664
v 0.030852 0.043504 -0.016372
v 0.032225 0.046840 -0.013216
v 0.032356 0.047158 -0.012915
v 0.033127 0.049032 -0.011142
v 0.033415 0.050244 -0.009996
v 0.025151 0.035297 -0.024135
v 0.026997 0.037528 -0.022025
v 0.027806 0.038505 -0.021100
v 0.020657 0.031106 -0.028099
v 0.022114 0.032426 -0.026851
v 0.024749 0.034812 -0.024594
v 0.016196 0.028175 -0.030872
v 0.016478 0.028360 -0.030697
v 0.020050 0.030708 -0.028476
v 0.019377 0.030265 -0.028895
v 0.011516 0.026035 -0.032896
v 0.014200 0.027262 -0.031735
v 0.013330 0.026865 -0.032111
v 0.001906 0.024030 -0.034793
v 0.001221 0.024010 -0.034812
v 0.010123 0.025636 -0.033273
v 0.007857 0.024988 -0.033886
v 0.006824 0.024693 -0.034166
v 0.006725 0.024664 -0.034193
v 0.003412 0.024228 -0.034605
v 0.024657 0.034859 0.024859
v 0.022410 0.032554 0.027040
v 0.020024 0.030742 0.028754
v 0.022187 0.032385 0.027200
v 0.016432 0.028408 0.030962
v 0.019382 0.030254 0.029215
v 0.018323 0.029450 0.029975
v 0.014227 0.027192 0.032112
v 0.013971 0.027051 0.032246
v 0.013370 0.026825 0.032459
v 0.010132 0.025607 0.033611
v 0.009430 0.025343 0.033861
v 0.007858 0.024998 0.034187
v 0.006795 0.024765 0.034407
v 0.004756 0.024318 0.034830
v 0.003421 0.024222 0.034922
v 0.001217 0.024063 0.035072
v 0.026981 0.037530 0.022332
v 0.026199 0.036441 0.023363
v 0.029064 0.040433 0.019587
v 0.025120 0.035334 0.024410
v 0.031998 0.045982 0.014337
v 0.032278 0.046826 0.013539
v 0.032382 0.047141 0.013241
v 0.029409 0.040913 0.019132
v 0.029347 0.040828 0.019213
v 0.030761 0.043562 0.016627
v 0.034219 0.053766 0.006974
v 0.033843 0.051541 0.009079
v 0.033414 0.050248 0.010302
v 0.035000 0.060975 0.000155
v 0.034839 0.057435 0.003504
v 0.034825 0.057349 0.003585
v 0.034248 0.053936 0.006813
v 0.031305 0.046839 0.013145
v 0.031434 0.047158 0.012852
v 0.033277 0.053765 0.006780
v 0.033316 0.053931 0.006628
v 0.017920 0.029531 -0.028739
v 0.021917 0.032688 -0.025838
v 0.023947 0.034860 -0.023842
v 0.018831 0.030251 -0.028078
v 0.021542 0.032392 -0.026110
v 0.019452 0.030741 -0.027627
v 0.015959 0.028408 -0.029771
v 0.013823 0.027186 -0.030894
v 0.013663 0.027094 -0.030979
v 0.012984 0.026829 -0.031222
v 0.009844 0.025604 -0.032347
v 0.009221 0.025362 -0.032570
v 0.007633 0.025001 -0.032902
v 0.006600 0.024766 -0.033118
v 0.004651 0.024323 -0.033525
v 0.003323 0.024223 -0.033617
v 0.001182 0.024063 -0.033764
v 0.025618 0.036649 -0.022199
v 0.026219 0.037526 -0.021393
v 0.028215 0.040439 -0.018715
v 0.024396 0.035340 -0.023401
v 0.031379 0.046821 -0.012851
v 0.031243 0.046380 -0.013256
v 0.028743 0.041210 -0.018007
v 0.028491 0.040842 -0.018345
v 0.029880 0.043561 -0.015847
v 0.033252 0.053764 -0.006471
v 0.032995 0.052048 -0.008048
v 0.032440 0.050250 -0.009700
v 0.031476 0.047133 -0.012565
v 0.034000 0.060975 0.000155
v 0.033893 0.058048 -0.002534
v 0.033789 0.057352 -0.003174
v 0.033278 0.053933 -0.006316
v 0.033529 0.054835 0.005797
v 0.033722 0.057353 0.003483
v 0.032127 0.048864 0.011284
v 0.032451 0.050245 0.010015
v 0.028421 0.040890 0.018611
v 0.029856 0.043272 0.016422
v 0.029964 0.043538 0.016178
v 0.026820 0.038234 0.021052
v 0.026227 0.037527 0.021701
v 0.024391 0.035339 0.023713
v 0.028158 0.040455 0.019011
v 0.023975 0.034842 0.024169
v 0.023251 0.033979 0.024962
v 0.013809 0.027230 0.031164
v 0.014685 0.027604 0.030820
v 0.021476 0.032432 0.026384
v 0.019482 0.030694 0.027981
v 0.019130 0.030387 0.028263
v 0.018872 0.030226 0.028411
v 0.015960 0.028402 0.030087
v 0.009863 0.025581 0.032679
v 0.007629 0.025014 0.033200
v 0.012953 0.026866 0.031499
v 0.010055 0.025630 0.032634
v 0.001185 0.024014 0.034119
v 0.003318 0.024230 0.033921
v 0.006601 0.024754 0.033439
v 0.005346 0.024435 0.033732
v 0.000939 0.023989 0.034142
v 0.024749 0.081393 0.036255
v 0.025528 0.081843 0.037155
v 0.024346 0.081796 0.036255
v 0.024796 0.082575 0.037155
v 0.023796 0.081943 0.036255
v 0.023796 0.082843 0.037155
v 0.023246 0.081796 0.036255
v 0.022796 0.082575 0.037155
v 0.022843 0.081393 0.036255
v 0.022064 0.081843 0.037155
v 0.022696 0.080843 0.036255
v 0.021796 0.080843 0.037155
v 0.022843 0.080293 0.036255
v 0.022064 0.079843 0.037155
v 0.023246 0.079890 0.036255
v 0.022796 0.079111 0.037155
v 0.023796 0.079743 0.036255
v 0.023796 0.078843 0.037155
v 0.024346 0.079890 0.036255
v 0.024796 0.079111 0.037155
v 0.024749 0.080293 0.036255
v 0.025528 0.079843 0.037155
v 0.024896 0.080843 0.036255
v 0.025796 0.080843 0.037155
v 0.003550 0.031178 0.036255
v 0.004000 0.030398 0.037155
v 0.003953 0.031580 0.036255
v 0.004732 0.031130 0.037155
v 0.004100 0.032130 0.036255
v 0.005000 0.032130 0.037155
v 0.003953 0.032680 0.036255
v 0.004732 0.033130 0.037155
v 0.003550 0.033083 0.036255
v 0.004000 0.033862 0.037155
v 0.003000 0.033230 0.036255
v 0.003000 0.034130 0.037155
v 0.002450 0.033083 0.036255
v 0.002000 0.033862 0.037155
v 0.002047 0.032680 0.036255
v 0.001268 0.033130 0.037155
v 0.001900 0.032130 0.036255
v 0.001000 0.032130 0.037155
v 0.002047 0.031580 0.036255
v 0.001268 0.031130 0.037155
v 0.002450 0.031178 0.036255
v 0.002000 0.030398 0.037155
v 0.003000 0.031030 0.036255
v 0.003000 0.030130 0.037155
v 0.017500 0.086975 0.036155
v 0.017500 0.086975 0.037155
v 0.017500 0.088475 0.036155
v 0.017500 0.088475 0.037155
v 0.003248 0.026928 0.035904
v 0.018600 0.031006 0.028788
v 0.003246 0.025252 0.034212
v 0.003213 0.026264 0.034887
v 0.015441 0.030695 0.033106
v 0.016005 0.031008 0.032766
v 0.015744 0.030665 0.031930
v 0.033850 0.057805 0.003605
v 0.033829 0.057496 0.003635
v 0.009079 0.028227 0.035793
v 0.009648 0.028180 0.034570
v 0.007851 0.027894 0.036155
v 0.006472 0.027398 0.035402
v 0.006584 0.027626 0.036155
v 0.004831 0.027254 0.036155
v 0.003263 0.027040 0.036155
v 0.002334 0.026913 0.036155
v 0.033848 0.057768 0.003645
v 0.032604 0.051331 0.010649
v 0.033338 0.054343 0.007372
v 0.033318 0.054054 0.007080
v 0.033383 0.054526 0.007172
v 0.033830 0.057643 0.003781
v 0.032473 0.050682 0.010453
v 0.032526 0.051107 0.010894
v 0.029885 0.044815 0.017740
v 0.029965 0.044953 0.017591
v 0.029867 0.044640 0.017226
v 0.030224 0.045403 0.017101
v 0.031333 0.047702 0.014020
v 0.031393 0.047967 0.014310
v 0.031580 0.048377 0.013865
v 0.028614 0.042611 0.020139
v 0.028110 0.041743 0.020262
v 0.028247 0.042093 0.020703
v 0.026823 0.040081 0.022892
v 0.026081 0.039041 0.023097
v 0.026253 0.039417 0.023615
v 0.023803 0.036560 0.025706
v 0.024743 0.037656 0.025531
v 0.026046 0.039176 0.023878
v 0.021166 0.034409 0.029064
v 0.021537 0.034711 0.028737
v 0.021302 0.034324 0.028062
v 0.022593 0.035567 0.027805
v 0.024013 0.036947 0.026303
v 0.020202 0.033627 0.029915
v 0.018605 0.032353 0.030143
v 0.018862 0.032724 0.030899
v 0.017782 0.031995 0.031692
v 0.009937 0.028459 0.035539
v 0.012615 0.029402 0.034514
v 0.012748 0.029270 0.033410
v 0.013000 0.029574 0.034326
v 0.015205 0.030564 0.033249
v 0.006469 0.025753 0.033742
v 0.012743 0.027743 0.031871
v 0.015739 0.029220 0.030477
v 0.023713 0.036043 0.025100
v 0.023799 0.035439 0.024581
v 0.021200 0.033766 0.027379
v 0.021297 0.033085 0.026817
v 0.018496 0.031760 0.029386
v 0.015633 0.030045 0.031103
v 0.012643 0.028631 0.032518
v 0.009558 0.027527 0.033622
v 0.009644 0.026585 0.032961
v 0.006406 0.026738 0.034412
v 0.028052 0.041330 0.019810
v 0.028107 0.040879 0.019396
v 0.026007 0.038573 0.022568
v 0.026078 0.038046 0.022099
v 0.033325 0.053905 0.006933
v 0.033831 0.057422 0.003561
v 0.031304 0.047415 0.013722
v 0.031331 0.047117 0.013434
v 0.029825 0.044288 0.016851
v 0.029865 0.043913 0.016498
v 0.032489 0.050459 0.010235
v -0.000000 0.024414 0.035204
v -0.000000 0.024700 0.035322
v -0.000000 0.025035 0.035459
v -0.000000 0.025372 0.035760
v -0.000000 0.025862 0.036493
v -0.000000 0.025824 0.036425
v -0.000000 0.025537 0.035906
v 0.005608 0.035587 0.036155
v 0.005608 0.035587 0.037155
v 0.010953 0.037394 0.036155
v 0.010953 0.037394 0.037155
v 0.015781 0.040312 0.036155
v 0.015781 0.040312 0.037155
v 0.019867 0.044203 0.036155
v 0.019867 0.044203 0.037155
v 0.023017 0.048883 0.036155
v 0.023017 0.048883 0.037155
v 0.025084 0.054132 0.036155
v 0.025084 0.054132 0.037155
v 0.025969 0.059704 0.036155
v 0.025969 0.059704 0.037155
v 0.025632 0.065336 0.036155
v 0.025632 0.065336 0.037155
v 0.024088 0.070762 0.036155
v 0.024088 0.070762 0.037155
v 0.022696 0.080843 0.036155
v 0.022843 0.081393 0.036155
v 0.023246 0.081796 0.036155
v 0.023796 0.081943 0.036155
v 0.024346 0.081796 0.036155
v 0.024749 0.081393 0.036155
v 0.024896 0.080843 0.036155
v 0.024749 0.080293 0.036155
v 0.024346 0.079890 0.036155
v 0.023796 0.079743 0.036155
v 0.023246 0.079890 0.036155
v 0.022843 0.080293 0.036155
v 0.003000 0.033230 0.036155
v 0.003550 0.033083 0.036155
v 0.003953 0.032680 0.036155
v 0.004100 0.032130 0.036155
v 0.003953 0.031580 0.036155
v 0.003550 0.031178 0.036155
v 0.003000 0.031030 0.036155
v 0.002450 0.031178 0.036155
v 0.002047 0.031580 0.036155
v 0.001900 0.032130 0.036155
v 0.002047 0.032680 0.036155
v 0.002450 0.033083 0.036155
v 0.029093 0.041545 0.020695
v 0.029086 0.041535 0.020705
v 0.028956 0.041023 0.020107
v 0.021958 0.033297 0.027833
v 0.019182 0.031238 0.029892
v 0.019253 0.030738 0.029497
v 0.022023 0.032845 0.027461
v 0.024588 0.035227 0.025158
v 0.024530 0.035628 0.025502
v 0.034309 0.053953 0.007176
v 0.034826 0.057447 0.003683
v 0.032264 0.047213 0.013917
v 0.030760 0.044033 0.017096
v 0.033451 0.050531 0.010599
v 0.013216 0.027422 0.032692
v 0.010010 0.026242 0.033826
v 0.003373 0.024882 0.035132
v 0.006719 0.025393 0.034641
v 0.016308 0.028925 0.031245
v 0.016236 0.029472 0.031658
v 0.013148 0.028011 0.033118
v 0.009953 0.026868 0.034262
v 0.006677 0.026047 0.035083
v 0.003351 0.025553 0.035576
v 0.024588 0.035972 0.025903
v 0.024720 0.036240 0.026303
v 0.022023 0.033669 0.028285
v 0.023310 0.034867 0.027755
v 0.019253 0.031633 0.030392
v 0.019421 0.031890 0.030902
v 0.018611 0.031333 0.031490
v 0.016308 0.029885 0.032205
v 0.022174 0.033937 0.028738
v 0.020993 0.032970 0.029760
v 0.019621 0.032027 0.030757
v 0.013709 0.028779 0.034191
v 0.013216 0.028438 0.033708
v 0.016071 0.029883 0.033024
v 0.016485 0.030119 0.032774
v 0.013532 0.028697 0.034278
v 0.013390 0.028644 0.034334
v 0.010010 0.027304 0.034888
v 0.010880 0.027709 0.035322
v 0.010148 0.027501 0.035541
v 0.006719 0.026489 0.035737
v 0.008200 0.026949 0.036125
v 0.007271 0.026763 0.036321
v 0.000569 0.025997 0.037131
v 0.002753 0.026083 0.037040
v 0.006817 0.026673 0.036417
v 0.005497 0.026409 0.036696
v 0.003373 0.025998 0.036248
v 0.003426 0.026163 0.036956
v 0.034971 0.059559 0.001652
v 0.034993 0.060645 0.000504
v 0.034262 0.053938 0.007594
v 0.034150 0.053310 0.008258
v 0.034799 0.057545 0.003780
v 0.034704 0.056431 0.004958
v 0.034299 0.054149 0.007371
v 0.032320 0.047543 0.014355
v 0.032293 0.047485 0.014416
v 0.026872 0.038212 0.022917
v 0.027461 0.039275 0.023094
v 0.030869 0.044480 0.017592
v 0.029322 0.041864 0.020358
v 0.033474 0.050817 0.010893
v 0.033339 0.050321 0.011417
v 0.032334 0.047581 0.014314
v 0.027034 0.038780 0.023618
v 0.025477 0.036976 0.025525
v 0.024814 0.036331 0.026207
v 0.003100 0.028390 -0.035945
v 0.003100 0.028390 -0.035845
v 0.002953 0.028940 -0.035945
v 0.002953 0.028940 -0.035845
v 0.002550 0.029342 -0.035945
v 0.002550 0.029342 -0.035845
v 0.002000 0.029490 -0.035945
v 0.002000 0.029490 -0.035845
v 0.001450 0.029342 -0.035945
v 0.001450 0.029342 -0.035845
v 0.001047 0.028940 -0.035945
v 0.001047 0.028940 -0.035845
v 0.000900 0.028390 -0.035945
v 0.000900 0.028390 -0.035845
v 0.001047 0.027840 -0.035945
v 0.001047 0.027840 -0.035845
v 0.001450 0.027437 -0.035945
v 0.001450 0.027437 -0.035845
v 0.002000 0.027290 -0.035945
v 0.002000 0.027290 -0.035845
v 0.002550 0.027437 -0.035945
v 0.002550 0.027437 -0.035845
v 0.002953 0.027840 -0.035945
v 0.002953 0.027840 -0.035845
v 0.019253 0.030738 -0.029186
v -0.000000 0.024414 -0.034894
v -0.000000 0.024700 -0.035011
v 0.003373 0.024882 -0.034822
v -0.000000 0.025035 -0.035149
v -0.000000 0.025372 -0.035449
v 0.003351 0.025553 -0.035266
v 0.010010 0.026242 -0.033516
v 0.006719 0.025393 -0.034331
v 0.013216 0.027422 -0.032381
v 0.016308 0.028925 -0.030934
v 0.026872 0.038212 -0.022607
v 0.024588 0.035227 -0.024848
v 0.028956 0.041023 -0.019797
v 0.034826 0.057447 -0.003373
v 0.034309 0.053953 -0.006866
v 0.033451 0.050531 -0.010289
v 0.032264 0.047213 -0.013607
v 0.030760 0.044033 -0.016786
v 0.024726 0.036236 -0.025997
v 0.024814 0.036329 -0.025899
v 0.024588 0.035972 -0.025592
v 0.026370 0.037961 -0.024174
v 0.029067 0.041540 -0.020390
v 0.029077 0.041555 -0.020375
v 0.030122 0.043152 -0.018686
v 0.006677 0.026047 -0.034773
v 0.009953 0.026868 -0.033952
v 0.013148 0.028011 -0.032808
v 0.016236 0.029472 -0.031348
v 0.019182 0.031238 -0.029581
v 0.022023 0.032845 -0.027151
v 0.021958 0.033297 -0.027523
v 0.024530 0.035628 -0.025191
v 0.027023 0.038783 -0.023304
v 0.028391 0.040506 -0.021483
v 0.032299 0.047588 -0.013996
v 0.032916 0.049078 -0.012421
v 0.034251 0.053940 -0.007281
v 0.033872 0.052161 -0.009162
v 0.033456 0.050820 -0.010580
v 0.030828 0.044486 -0.017276
v 0.031682 0.046099 -0.015570
v 0.032261 0.047498 -0.014091
v -0.000000 0.025862 -0.036183
v 0.000569 0.025981 -0.036839
v 0.000702 0.025982 -0.036837
v 0.003373 0.025998 -0.035938
v -0.000000 0.025824 -0.036114
v -0.000000 0.025537 -0.035596
v 0.008831 0.027107 -0.035648
v 0.010010 0.027304 -0.034578
v 0.007270 0.026766 -0.036008
v 0.006719 0.026489 -0.035427
v 0.006819 0.026668 -0.036112
v 0.003311 0.026132 -0.036679
v 0.003429 0.026148 -0.036662
v 0.006089 0.026509 -0.036281
v 0.013216 0.028438 -0.033398
v 0.013704 0.028791 -0.033868
v 0.014266 0.029014 -0.033632
v 0.016308 0.029885 -0.031895
v 0.022023 0.033669 -0.027974
v 0.019253 0.031633 -0.030082
v 0.019633 0.032009 -0.030466
v 0.016488 0.030118 -0.032464
v 0.016862 0.030304 -0.032268
v 0.019479 0.031896 -0.030585
v 0.010144 0.027507 -0.035225
v 0.011561 0.027939 -0.034768
v 0.013376 0.028660 -0.034006
v 0.021873 0.033651 -0.028729
v 0.022188 0.033928 -0.028437
v 0.024251 0.035738 -0.026523
v 0.034886 0.058148 -0.002833
v 0.034987 0.060645 -0.000193
v 0.034296 0.054150 -0.007060
v 0.034522 0.055212 -0.005937
v 0.034811 0.057545 -0.003470
v 0.033829 0.057496 -0.003325
v -0.000000 0.026764 -0.035764
v 0.002745 0.026954 -0.035845
v 0.003248 0.026928 -0.035594
v 0.003263 0.027035 -0.035845
v 0.005594 0.027397 -0.035845
v 0.006472 0.027398 -0.035092
v 0.006583 0.027615 -0.035845
v 0.009648 0.028180 -0.034260
v 0.009859 0.028457 -0.035232
v 0.009076 0.028237 -0.035471
v 0.007851 0.027894 -0.035845
v 0.010497 0.028636 -0.035037
v 0.012748 0.029270 -0.033100
v 0.013009 0.029566 -0.034025
v 0.015596 0.030763 -0.032723
v 0.015444 0.030692 -0.032800
v 0.015744 0.030665 -0.031620
v 0.013099 0.029599 -0.033989
v 0.018605 0.032353 -0.029833
v 0.018082 0.032182 -0.031178
v 0.016013 0.031001 -0.032463
v 0.021539 0.034709 -0.028428
v 0.021169 0.034406 -0.028758
v 0.021302 0.034324 -0.027751
v 0.020411 0.033783 -0.029436
v 0.018866 0.032721 -0.030592
v 0.026081 0.039041 -0.022787
v 0.026255 0.039416 -0.023306
v 0.026048 0.039174 -0.023569
v 0.023803 0.036560 -0.025396
v 0.024784 0.037699 -0.025174
v 0.024014 0.036946 -0.025994
v 0.022710 0.035672 -0.027380
v 0.029867 0.044640 -0.016915
v 0.029972 0.044951 -0.017283
v 0.029891 0.044812 -0.017434
v 0.028110 0.041743 -0.019951
v 0.028529 0.042479 -0.019973
v 0.028253 0.042091 -0.020395
v 0.026798 0.040050 -0.022616
v 0.032533 0.051105 -0.010585
v 0.032517 0.051043 -0.010652
v 0.032490 0.050900 -0.010366
v 0.031442 0.048036 -0.013925
v 0.031333 0.047702 -0.013710
v 0.031408 0.047964 -0.014003
v 0.030134 0.045229 -0.016980
v 0.033323 0.054225 -0.007190
v 0.033326 0.054201 -0.006918
v 0.033341 0.054342 -0.007063
v 0.033816 0.057447 -0.003684
v 0.033831 0.057570 -0.003399
v 0.033828 0.057642 -0.003471
v 0.033996 0.060428 -0.000440
v 0.033838 0.057805 -0.003294
v 0.032473 0.050682 -0.010143
v 0.033318 0.054054 -0.006770
v 0.028107 0.040879 -0.019086
v 0.026078 0.038046 -0.021789
v 0.029865 0.043913 -0.016188
v 0.031331 0.047117 -0.013124
v 0.031304 0.047415 -0.013411
v 0.029825 0.044288 -0.016541
v 0.028052 0.041330 -0.019500
v 0.026007 0.038573 -0.022258
v 0.023799 0.035439 -0.024271
v 0.012643 0.028631 -0.032208
v 0.009558 0.027527 -0.033312
v 0.009644 0.026585 -0.032651
v 0.006406 0.026738 -0.034102
v 0.003213 0.026264 -0.034577
v 0.003246 0.025252 -0.033902
v 0.006469 0.025753 -0.033432
v 0.012743 0.027743 -0.031561
v 0.015633 0.030045 -0.030792
v 0.015739 0.029220 -0.030167
v 0.018496 0.031760 -0.029076
v 0.018600 0.031006 -0.028478
v 0.021200 0.033766 -0.027069
v 0.021297 0.033085 -0.026507
v 0.023713 0.036043 -0.024790
v -0.000000 0.026519 -0.035255
v -0.000000 0.026078 -0.034760
v -0.000000 0.025849 -0.034502
v -0.000000 0.025077 -0.034074
v -0.000000 0.024968 -0.034014
v 0.014316 0.092913 0.037155
v 0.007920 0.095067 0.037155
v 0.001229 0.095953 0.037155
v 0.032295 0.047484 0.037155
v 0.020180 0.089571 0.037155
v 0.024833 0.036311 0.037155
v 0.019638 0.032003 0.037155
v 0.013712 0.028772 0.037155
v 0.007276 0.026739 0.037155
v 0.000569 0.025979 0.037155
v 0.025294 0.085166 0.037155
v 0.029467 0.079862 0.037155
v 0.029106 0.041536 0.037155
v 0.032544 0.073855 0.037155
v 0.034411 0.067369 0.037155
v 0.034998 0.060645 0.037155
v 0.034284 0.053934 0.037155
v 0.009083 0.028211 -0.035845
v 0.015447 0.030686 0.036155
v 0.009083 0.028211 0.036155
v 0.021187 0.034383 0.036155
v 0.026073 0.039153 0.036155
v 0.029908 0.044803 0.036155
v 0.032536 0.051104 0.036155
v 0.033852 0.057804 0.036155
v 0.033803 0.064632 0.036155
v 0.033852 0.057804 -0.035845
v 0.033803 0.064632 -0.035845
v 0.029908 0.044803 -0.035845
v 0.032536 0.051104 -0.035845
v 0.026073 0.039153 -0.035845
v 0.021187 0.034383 -0.035845
v 0.015447 0.030686 -0.035845
v 0.032390 0.071313 -0.035845
v 0.032390 0.071313 0.036155
v 0.029671 0.077576 -0.035845
v 0.029671 0.077576 0.036155
v 0.025756 0.083170 -0.035845
v 0.025756 0.083170 0.036155
v 0.020802 0.087869 -0.035845
v 0.020802 0.087869 0.036155
v 0.015009 0.091483 -0.035845
v 0.015009 0.091483 0.036155
v 0.008610 0.093867 -0.035845
v 0.008610 0.093867 0.036155
v 0.001864 0.094924 -0.035845
v 0.001864 0.094924 0.036155
v 0.002953 0.092863 -0.035845
v 0.016454 0.051475 -0.035845
v 0.013435 0.047540 -0.035845
v 0.003100 0.093413 -0.035845
v 0.001450 0.094366 -0.035845
v 0.002000 0.094513 -0.035845
v 0.002550 0.094366 -0.035845
v 0.002953 0.093963 -0.035845
v 0.004918 0.042622 -0.035845
v 0.009500 0.044520 -0.035845
v 0.002000 0.092313 -0.035845
v 0.009500 0.077429 -0.035845
v 0.002550 0.092461 -0.035845
v 0.013435 0.074410 -0.035845
v 0.001450 0.092461 -0.035845
v 0.001047 0.092863 -0.035845
v 0.000900 0.093413 -0.035845
v 0.001047 0.093963 -0.035845
v 0.004918 0.079327 -0.035845
v 0.019000 0.060975 -0.035845
v 0.018353 0.065892 -0.035845
v 0.016454 0.070475 -0.035845
v 0.018353 0.056057 -0.035845
v 0.007276 0.026739 -0.036845
v 0.000569 0.025979 -0.036845
v 0.013712 0.028772 -0.036845
v 0.019638 0.032003 -0.036845
v 0.024833 0.036311 -0.036845
v 0.029106 0.041536 -0.036845
v 0.032295 0.047484 -0.036845
v 0.034284 0.053934 -0.036845
v 0.034998 0.060645 -0.036845
v 0.001229 0.095953 -0.036845
v 0.007920 0.095067 -0.036845
v 0.014316 0.092913 -0.036845
v 0.020180 0.089571 -0.036845
v 0.025294 0.085166 -0.036845
v 0.029467 0.079862 -0.036845
v 0.032544 0.073855 -0.036845
v 0.034411 0.067369 -0.036845
v 0.000268 0.029390 -0.036845
v 0.001000 0.030122 -0.036845
v 0.002000 0.030390 -0.036845
v 0.003000 0.030122 -0.036845
v 0.003732 0.029390 -0.036845
v 0.004000 0.028390 -0.036845
v 0.003732 0.027390 -0.036845
v 0.003000 0.026658 -0.036845
v 0.002000 0.026390 -0.036845
v 0.001000 0.026658 -0.036845
v 0.000268 0.027390 -0.036845
v 0.004918 0.042622 -0.036845
v 0.009500 0.044520 -0.036845
v 0.013435 0.047540 -0.036845
v 0.016454 0.051475 -0.036845
v 0.018353 0.056057 -0.036845
v 0.019000 0.060975 -0.036845
v 0.018353 0.065892 -0.036845
v 0.016454 0.070475 -0.036845
v 0.013435 0.074410 -0.036845
v 0.009500 0.077429 -0.036845
v 0.004918 0.079327 -0.036845
v 0.003100 0.093413 -0.035945
v 0.002953 0.093963 -0.035945
v 0.002550 0.094366 -0.035945
v 0.002000 0.094513 -0.035945
v 0.001450 0.094366 -0.035945
v 0.001047 0.093963 -0.035945
v 0.000900 0.093413 -0.035945
v 0.001047 0.092863 -0.035945
v 0.001450 0.092461 -0.035945
v 0.002000 0.092313 -0.035945
v 0.002550 0.092461 -0.035945
v 0.002953 0.092863 -0.035945
v 0.000268 0.092413 -0.036845
v 0.001000 0.091681 -0.036845
v 0.002000 0.091413 -0.036845
v 0.003000 0.091681 -0.036845
v 0.000268 0.094413 -0.036845
v 0.001000 0.095145 -0.036845
v 0.002000 0.095413 -0.036845
v 0.003000 0.095145 -0.036845
v 0.003732 0.094413 -0.036845
v 0.003732 0.092413 -0.036845
v 0.004000 0.093413 -0.036845
f 1 2 3
f 3 2 4
f 3 4 5
f 5 4 6
f 5 6 7
f 7 6 8
f 7 8 9
f 9 8 10
f 9 10 11
f 11 10 12
f 11 12 13
f 13 12 14
f 13 14 15
f 15 14 16
f 15 16 17
f 17 16 18
f 17 18 19
f 19 18 20
f 19 20 21
f 21 20 22
f 21 22 23
f 23 22 24
f 23 24 25
f 25 24 26
f 25 26 27
f 27 26 28
f 27 28 29
f 29 28 30
f 29 30 31
f 31 30 32
f 31 32 33
f 33 32 34
f 33 34 35
f 35 34 36
f 35 36 37
f 37 36 38
f 37 38 39
f 39 38 40
f 39 40 41
f 41 40 42
f 41 42 43
f 43 42 44
f 43 44 45
f 45 44 46
f 45 46 47
f 47 46 48
f 47 48 49
f 49 48 50
f 49 50 51
f 51 50 52
f 51 52 53
f 53 52 54
f 53 54 55
f 55 54 56
f 55 56 57
f 57 56 58
f 57 58 59
f 59 58 60
f 59 60 61
f 61 60 62
f 61 62 63
f 63 62 64
f 63 64 65
f 65 64 66
f 65 66 67
f 67 66 68
f 67 68 69
f 69 68 70
f 71 72 73
f 72 71 74
f 75 76 77
f 78 79 80
f 66 64 81
f 22 20 78
f 82 10 8
f 20 18 78
f 78 18 16
f 78 16 79
f 79 16 14
f 79 14 82
f 82 14 12
f 82 12 10
f 28 26 83
f 83 26 24
f 32 30 84
f 84 30 28
f 85 34 32
f 86 36 34
f 87 38 36
f 88 42 40
f 50 48 89
f 89 48 46
f 89 46 44
f 58 90 60
f 60 90 62
f 91 92 68
f 68 92 93
f 68 93 70
f 94 95 96
f 96 95 97
f 96 97 98
f 98 97 4
f 98 4 2
f 99 80 100
f 100 80 79
f 100 79 101
f 101 79 82
f 101 82 102
f 102 82 8
f 102 8 6
f 75 99 103
f 103 99 100
f 103 100 104
f 104 100 101
f 104 101 95
f 95 101 102
f 95 102 97
f 97 102 6
f 97 6 4
f 94 105 95
f 95 105 106
f 95 106 104
f 104 106 107
f 104 107 103
f 103 107 108
f 103 108 75
f 75 108 109
f 75 109 76
f 22 78 110
f 110 78 80
f 110 80 111
f 111 80 99
f 111 99 112
f 112 99 75
f 112 75 113
f 113 75 77
f 113 77 114
f 24 22 83
f 83 22 110
f 83 110 115
f 115 110 111
f 115 111 116
f 116 111 112
f 116 112 117
f 117 112 113
f 117 113 118
f 118 113 114
f 118 114 119
f 28 83 84
f 84 83 115
f 84 115 120
f 120 115 116
f 120 116 121
f 121 116 117
f 121 117 122
f 122 117 118
f 122 118 123
f 123 118 119
f 123 119 124
f 52 50 125
f 125 50 89
f 125 89 88
f 88 89 44
f 88 44 42
f 32 84 85
f 85 84 120
f 85 120 126
f 126 120 121
f 126 121 127
f 127 121 122
f 127 122 128
f 128 122 123
f 128 123 71
f 71 123 124
f 71 124 74
f 54 52 129
f 129 52 125
f 129 125 130
f 64 62 81
f 81 62 90
f 81 90 130
f 130 90 58
f 130 58 129
f 129 58 56
f 129 56 54
f 68 66 91
f 91 66 81
f 91 81 131
f 131 81 130
f 131 130 132
f 132 130 125
f 132 125 133
f 133 125 88
f 133 88 87
f 87 88 40
f 87 40 38
f 34 85 86
f 86 85 126
f 86 126 134
f 134 126 127
f 134 127 135
f 135 127 128
f 135 128 136
f 136 128 71
f 136 71 137
f 137 71 73
f 137 73 138
f 36 86 87
f 87 86 134
f 87 134 133
f 133 134 135
f 133 135 132
f 132 135 136
f 132 136 131
f 131 136 137
f 131 137 91
f 91 137 138
f 91 138 92
f 139 140 141
f 142 1 3
f 11 13 143
f 59 61 144
f 65 67 145
f 67 69 146
f 59 144 57
f 57 144 147
f 57 147 55
f 148 49 149
f 149 49 51
f 149 51 53
f 150 43 151
f 151 43 45
f 151 45 47
f 152 35 153
f 153 35 37
f 153 37 154
f 154 37 39
f 154 39 150
f 150 39 41
f 150 41 43
f 155 31 152
f 152 31 33
f 152 33 35
f 156 27 155
f 155 27 29
f 155 29 31
f 21 23 156
f 156 23 25
f 156 25 27
f 15 17 157
f 157 17 19
f 157 19 158
f 11 143 9
f 9 143 159
f 9 159 7
f 7 159 5
f 5 159 160
f 5 160 3
f 3 160 161
f 3 161 142
f 67 146 145
f 145 146 162
f 145 162 140
f 140 162 163
f 140 163 141
f 141 164 139
f 139 164 165
f 139 165 166
f 166 165 167
f 166 167 168
f 167 169 168
f 168 169 170
f 168 170 171
f 171 170 172
f 171 172 173
f 47 49 151
f 151 49 148
f 151 148 150
f 150 148 174
f 150 174 154
f 154 174 175
f 154 175 153
f 153 175 176
f 153 176 152
f 152 176 177
f 152 177 155
f 155 177 178
f 155 178 156
f 156 178 158
f 156 158 21
f 21 158 19
f 172 179 173
f 173 179 180
f 173 180 181
f 181 180 182
f 181 182 183
f 53 55 149
f 149 55 147
f 149 147 148
f 148 147 184
f 148 184 174
f 174 184 185
f 174 185 175
f 175 185 186
f 175 186 176
f 176 186 187
f 176 187 177
f 177 187 188
f 177 188 178
f 178 188 189
f 178 189 158
f 158 189 190
f 158 190 157
f 157 190 191
f 61 63 144
f 144 63 192
f 144 192 147
f 147 192 193
f 147 193 184
f 184 193 194
f 184 194 185
f 185 194 195
f 185 195 186
f 186 195 196
f 186 196 187
f 187 196 197
f 187 197 188
f 188 197 198
f 188 198 189
f 189 198 199
f 189 199 190
f 190 199 200
f 190 200 191
f 191 200 201
f 63 65 192
f 192 65 145
f 192 145 193
f 193 145 140
f 193 140 194
f 194 140 139
f 194 139 195
f 195 139 166
f 195 166 196
f 196 166 168
f 196 168 197
f 197 168 171
f 197 171 198
f 198 171 173
f 198 173 199
f 199 173 181
f 199 181 200
f 200 181 183
f 200 183 201
f 201 183 202
f 182 203 183
f 183 203 204
f 183 204 202
f 202 204 205
f 202 205 206
f 15 157 13
f 13 157 191
f 13 191 143
f 143 191 201
f 143 201 159
f 159 201 202
f 159 202 160
f 160 202 206
f 160 206 161
f 70 207 69
f 69 207 208
f 209 210 211
f 211 210 212
f 213 214 215
f 215 214 216
f 215 216 217
f 217 216 218
f 217 218 219
f 219 218 220
f 219 220 221
f 221 220 222
f 221 222 223
f 223 222 224
f 223 224 225
f 225 224 226
f 225 226 227
f 227 226 228
f 227 228 229
f 229 228 230
f 229 230 231
f 231 230 232
f 231 232 233
f 233 232 234
f 233 234 235
f 235 234 236
f 235 236 237
f 237 236 238
f 237 238 239
f 239 238 240
f 239 240 241
f 241 240 242
f 241 242 212
f 212 242 243
f 212 243 211
f 208 207 244
f 244 207 245
f 244 245 209
f 209 245 246
f 209 246 210
f 247 248 249
f 249 248 250
f 249 250 251
f 251 250 252
f 251 252 253
f 253 252 254
f 253 254 255
f 255 254 256
f 255 256 257
f 257 256 258
f 257 258 259
f 259 258 260
f 259 260 261
f 261 260 262
f 261 262 263
f 263 262 264
f 263 264 265
f 265 264 266
f 265 266 267
f 267 266 268
f 267 268 269
f 269 268 270
f 269 270 271
f 271 270 272
f 271 272 273
f 273 272 274
f 273 274 275
f 275 274 276
f 275 276 277
f 277 276 278
f 277 278 279
f 279 278 280
f 279 280 281
f 281 280 282
f 281 282 283
f 283 282 284
f 283 284 285
f 285 284 286
f 248 247 1
f 1 247 2
f 207 70 93
f 241 212 287
f 288 289 213
f 213 215 288
f 288 215 217
f 288 217 290
f 290 217 219
f 290 219 291
f 291 219 221
f 291 221 292
f 292 221 223
f 292 223 293
f 223 225 293
f 293 225 227
f 293 227 294
f 294 227 229
f 294 229 295
f 295 229 231
f 295 231 296
f 296 231 233
f 296 233 297
f 297 233 235
f 297 235 298
f 298 235 299
f 299 235 237
f 299 237 287
f 287 237 239
f 287 239 241
f 300 301 207
f 302 303 212
f 212 303 304
f 212 304 287
f 212 210 302
f 302 210 246
f 302 246 301
f 301 246 245
f 301 245 207
f 305 138 306
f 306 138 307
f 300 207 308
f 308 207 93
f 308 93 305
f 305 93 92
f 305 92 138
f 309 74 310
f 310 74 311
f 73 312 138
f 138 312 313
f 138 313 307
f 309 314 74
f 74 314 312
f 74 312 72
f 72 312 73
f 315 316 119
f 119 316 317
f 311 74 317
f 317 74 124
f 317 124 119
f 77 318 319
f 77 319 114
f 114 319 320
f 114 320 119
f 119 320 321
f 119 321 315
f 322 109 323
f 323 109 108
f 323 108 324
f 324 108 107
f 324 107 325
f 322 326 109
f 109 326 327
f 109 327 76
f 76 327 328
f 76 328 77
f 77 328 329
f 77 329 318
f 330 331 106
f 106 331 107
f 107 331 332
f 107 332 325
f 333 94 334
f 334 94 96
f 334 96 335
f 106 105 330
f 330 105 94
f 330 94 336
f 336 94 333
f 98 2 247
f 96 98 335
f 335 98 247
f 335 247 337
f 337 247 338
f 263 339 261
f 261 339 340
f 261 340 259
f 259 340 257
f 247 249 338
f 338 249 251
f 338 251 341
f 341 251 253
f 341 253 342
f 342 253 255
f 342 255 343
f 343 255 344
f 257 340 255
f 255 340 345
f 255 345 344
f 269 271 346
f 346 271 347
f 263 265 339
f 339 265 267
f 339 267 348
f 348 267 269
f 348 269 349
f 349 269 346
f 350 351 279
f 279 351 277
f 271 273 347
f 347 273 275
f 347 275 352
f 352 275 277
f 352 277 353
f 353 277 351
f 283 285 354
f 279 281 350
f 350 281 283
f 350 283 355
f 355 283 354
f 356 357 208
f 358 359 163
f 360 361 169
f 248 1 142
f 256 254 362
f 363 364 286
f 286 284 363
f 363 284 282
f 363 282 365
f 365 282 280
f 365 280 366
f 366 280 278
f 366 278 367
f 367 278 276
f 367 276 368
f 268 266 369
f 369 266 264
f 369 264 370
f 369 371 268
f 268 371 372
f 268 372 270
f 270 372 373
f 270 373 272
f 272 373 368
f 272 368 274
f 274 368 276
f 256 362 258
f 370 264 374
f 374 264 262
f 374 262 362
f 362 262 260
f 362 260 258
f 375 376 254
f 254 376 377
f 254 377 362
f 254 252 375
f 375 252 250
f 375 250 378
f 378 250 248
f 378 248 379
f 380 381 206
f 380 206 382
f 379 248 383
f 383 248 142
f 383 142 381
f 381 142 161
f 381 161 206
f 384 203 385
f 385 203 386
f 205 387 206
f 206 387 388
f 206 388 382
f 384 389 203
f 203 389 387
f 203 387 204
f 204 387 205
f 390 391 180
f 180 391 392
f 386 203 392
f 392 203 182
f 392 182 180
f 172 393 394
f 172 394 179
f 179 394 395
f 179 395 180
f 180 395 396
f 180 396 390
f 169 361 170
f 170 361 397
f 170 397 172
f 172 397 398
f 172 398 393
f 163 359 141
f 141 359 164
f 164 359 399
f 164 399 165
f 399 400 165
f 165 400 401
f 165 401 167
f 167 401 402
f 167 402 169
f 169 402 403
f 169 403 360
f 69 208 146
f 146 208 357
f 146 357 162
f 162 357 404
f 162 404 163
f 163 404 405
f 163 405 358
f 243 406 211
f 211 406 407
f 211 407 209
f 209 407 244
f 244 407 208
f 208 407 408
f 208 408 356
f 409 243 242
f 409 410 243
f 243 410 411
f 243 411 406
f 236 234 412
f 242 240 409
f 409 240 238
f 409 238 413
f 413 238 236
f 413 236 414
f 414 236 412
f 222 220 415
f 415 220 218
f 415 218 416
f 234 232 412
f 412 232 230
f 412 230 417
f 417 230 228
f 417 228 418
f 418 228 226
f 418 226 419
f 419 226 224
f 419 224 420
f 420 224 222
f 420 222 421
f 421 222 415
f 218 216 416
f 416 216 214
f 416 214 422
f 423 424 425
f 425 424 426
f 425 426 427
f 427 426 428
f 427 428 429
f 429 428 430
f 429 430 431
f 431 430 432
f 431 432 433
f 433 432 434
f 433 434 435
f 435 434 436
f 435 436 437
f 437 436 438
f 437 438 439
f 439 438 440
f 439 440 441
f 441 440 442
f 441 442 443
f 443 442 444
f 443 444 445
f 445 444 446
f 445 446 423
f 423 446 424
f 447 448 449
f 449 448 450
f 449 450 451
f 451 450 452
f 451 452 453
f 453 452 454
f 453 454 455
f 455 454 456
f 455 456 457
f 457 456 458
f 457 458 459
f 459 458 460
f 459 460 461
f 461 460 462
f 461 462 463
f 463 462 464
f 463 464 465
f 465 464 466
f 465 466 467
f 467 466 468
f 467 468 469
f 469 468 470
f 469 470 447
f 447 470 448
f 471 472 473
f 473 472 474
f 472 471 475
f 475 471 476
f 475 476 477
f 477 476 478
f 477 478 479
f 479 478 480
f 479 480 481
f 481 480 482
f 481 482 483
f 483 482 484
f 483 484 485
f 485 484 486
f 485 486 487
f 487 486 488
f 487 488 489
f 489 488 490
f 489 490 491
f 491 490 492
f 491 492 493
f 493 492 494
f 495 493 494
f 422 214 213
f 213 289 422
f 422 289 496
f 422 496 497
f 497 496 498
f 497 498 499
f 499 498 500
f 494 501 495
f 495 501 502
f 495 502 503
f 503 502 504
f 503 504 505
f 505 504 506
f 505 506 507
f 507 506 508
f 507 508 500
f 500 508 509
f 500 509 499
f 510 473 511
f 511 473 474
f 457 512 455
f 455 512 513
f 455 513 453
f 453 513 514
f 453 514 451
f 451 514 515
f 451 515 449
f 449 515 516
f 449 516 447
f 447 516 517
f 447 517 469
f 469 517 518
f 469 518 467
f 467 518 519
f 467 519 465
f 465 519 520
f 465 520 463
f 463 520 521
f 463 521 461
f 461 521 522
f 461 522 459
f 459 522 523
f 459 523 457
f 457 523 512
f 433 524 431
f 431 524 525
f 431 525 429
f 429 525 526
f 429 526 427
f 427 526 527
f 427 527 425
f 425 527 528
f 425 528 423
f 423 528 529
f 423 529 445
f 445 529 530
f 445 530 443
f 443 530 531
f 443 531 441
f 441 531 532
f 441 532 439
f 439 532 533
f 439 533 437
f 437 533 534
f 437 534 435
f 435 534 535
f 435 535 433
f 433 535 524
f 536 495 503
f 537 538 536
f 538 537 539
f 539 537 540
f 539 540 541
f 542 543 544
f 542 544 540
f 540 544 545
f 540 545 541
f 543 542 546
f 546 542 547
f 546 547 548
f 549 550 551
f 551 550 547
f 547 550 552
f 547 552 548
f 553 554 551
f 551 554 555
f 551 555 549
f 556 557 558
f 558 557 559
f 558 559 553
f 553 559 560
f 553 560 554
f 561 562 563
f 561 563 564
f 563 565 564
f 564 565 566
f 564 566 558
f 558 566 567
f 558 567 556
f 568 569 570
f 568 570 571
f 570 572 571
f 571 572 573
f 571 573 561
f 561 573 574
f 561 574 562
f 575 576 577
f 577 576 578
f 577 578 579
f 579 578 580
f 579 580 568
f 568 580 581
f 568 581 569
f 575 577 582
f 582 577 583
f 582 583 584
f 584 583 585
f 585 583 586
f 585 586 587
f 318 588 586
f 586 588 589
f 586 589 587
f 590 317 316
f 590 316 591
f 316 315 591
f 591 315 321
f 591 321 592
f 592 321 320
f 592 320 319
f 307 593 306
f 306 593 594
f 307 313 593
f 593 313 312
f 593 312 595
f 595 312 314
f 595 314 596
f 596 314 309
f 596 309 310
f 596 597 595
f 595 597 598
f 595 598 593
f 593 598 599
f 593 599 594
f 594 599 600
f 594 600 601
f 590 597 317
f 317 597 596
f 317 596 311
f 311 596 310
f 602 603 604
f 605 606 607
f 604 603 608
f 602 609 610
f 610 609 611
f 610 611 612
f 612 611 613
f 612 613 614
f 614 613 615
f 614 615 616
f 302 301 615
f 615 301 601
f 615 601 616
f 616 601 600
f 302 615 303
f 303 615 613
f 303 613 304
f 602 604 609
f 609 604 295
f 609 295 296
f 290 291 607
f 607 291 608
f 607 608 605
f 605 608 603
f 291 292 608
f 608 292 293
f 608 293 604
f 604 293 294
f 604 294 295
f 296 297 609
f 609 297 298
f 609 298 611
f 611 298 299
f 611 299 613
f 613 299 287
f 613 287 304
f 607 498 290
f 290 498 496
f 290 496 288
f 288 496 289
f 301 300 601
f 601 300 308
f 601 308 594
f 594 308 305
f 594 305 306
f 503 505 606
f 606 505 507
f 606 507 607
f 607 507 500
f 607 500 498
f 536 503 537
f 537 503 606
f 537 606 540
f 540 606 605
f 540 605 542
f 542 605 603
f 542 603 547
f 547 603 602
f 547 602 551
f 551 602 610
f 551 610 553
f 553 610 612
f 553 612 558
f 558 612 614
f 558 614 564
f 564 614 616
f 564 616 561
f 561 616 600
f 561 600 571
f 571 600 599
f 571 599 568
f 568 599 598
f 568 598 579
f 579 598 597
f 579 597 577
f 577 597 590
f 577 590 583
f 583 590 591
f 583 591 586
f 586 591 592
f 586 592 318
f 319 318 592
f 617 618 619
f 343 344 620
f 621 622 623
f 624 625 626
f 627 318 628
f 627 628 629
f 630 631 628
f 628 631 632
f 628 632 629
f 633 634 630
f 630 634 635
f 630 635 631
f 636 637 638
f 638 637 639
f 638 639 640
f 640 639 641
f 640 641 642
f 636 638 643
f 643 638 644
f 643 644 645
f 645 644 646
f 646 644 647
f 646 647 648
f 649 650 647
f 647 650 651
f 647 651 648
f 652 653 654
f 654 653 655
f 654 655 649
f 649 655 656
f 649 656 650
f 652 654 657
f 657 654 658
f 657 658 659
f 660 661 662
f 662 661 663
f 662 663 658
f 658 663 664
f 658 664 659
f 660 662 665
f 665 662 666
f 665 666 667
f 667 666 668
f 667 668 669
f 670 671 672
f 672 671 673
f 672 673 668
f 668 673 674
f 668 674 669
f 670 672 675
f 675 672 619
f 675 619 676
f 676 619 618
f 676 618 677
f 354 621 355
f 355 621 350
f 350 621 351
f 351 621 623
f 351 623 353
f 353 623 678
f 353 678 352
f 339 679 340
f 340 679 680
f 620 344 680
f 680 344 345
f 680 345 340
f 681 682 683
f 683 682 684
f 683 684 685
f 685 684 620
f 685 620 686
f 686 620 680
f 686 680 687
f 687 680 679
f 687 679 688
f 688 679 689
f 688 689 690
f 690 689 678
f 690 678 626
f 626 678 623
f 626 623 624
f 624 623 622
f 339 348 679
f 679 348 349
f 679 349 689
f 689 349 346
f 689 346 678
f 678 346 347
f 678 347 352
f 691 692 693
f 693 692 694
f 693 694 681
f 695 630 696
f 696 630 628
f 696 628 318
f 697 698 699
f 699 698 700
f 681 694 682
f 682 694 334
f 682 334 335
f 331 692 700
f 700 692 691
f 700 691 699
f 331 330 692
f 692 330 336
f 692 336 694
f 694 336 333
f 694 333 334
f 701 322 323
f 323 698 701
f 701 698 697
f 701 697 702
f 702 697 633
f 318 329 696
f 696 329 328
f 696 328 695
f 695 328 327
f 695 327 326
f 633 630 702
f 702 630 695
f 702 695 701
f 701 695 326
f 701 326 322
f 323 324 698
f 698 324 325
f 698 325 700
f 700 325 332
f 700 332 331
f 335 337 682
f 682 337 338
f 682 338 684
f 684 338 341
f 684 341 620
f 620 341 342
f 620 342 343
f 642 633 640
f 640 633 697
f 640 697 638
f 638 697 699
f 638 699 644
f 644 699 691
f 644 691 647
f 647 691 693
f 647 693 649
f 649 693 681
f 649 681 654
f 654 681 683
f 654 683 658
f 658 683 685
f 658 685 662
f 662 685 686
f 662 686 666
f 666 686 687
f 666 687 668
f 668 687 688
f 668 688 672
f 672 688 690
f 672 690 619
f 619 690 626
f 619 626 617
f 617 626 625
f 406 411 703
f 499 509 704
f 705 415 497
f 497 415 416
f 497 416 422
f 706 417 707
f 707 417 418
f 418 419 707
f 707 419 420
f 707 420 705
f 705 420 421
f 705 421 415
f 708 709 409
f 703 411 709
f 709 411 410
f 709 410 409
f 409 413 708
f 708 413 414
f 708 414 706
f 706 414 412
f 706 412 417
f 710 404 711
f 399 359 712
f 712 359 358
f 712 358 710
f 710 358 405
f 710 405 404
f 393 398 713
f 713 398 397
f 713 397 714
f 397 361 714
f 714 361 360
f 714 360 715
f 715 360 403
f 402 401 716
f 716 401 400
f 716 400 717
f 717 400 399
f 718 719 720
f 720 719 721
f 712 722 723
f 399 712 717
f 717 712 723
f 717 723 724
f 497 499 705
f 705 499 704
f 705 704 707
f 707 704 725
f 707 725 706
f 706 725 726
f 706 726 708
f 708 726 727
f 708 727 709
f 709 727 728
f 709 728 703
f 703 728 729
f 703 729 730
f 730 729 731
f 730 731 711
f 711 731 732
f 711 732 710
f 710 732 733
f 710 733 712
f 712 733 734
f 712 734 722
f 735 736 716
f 716 736 715
f 716 715 402
f 402 715 403
f 737 714 738
f 738 714 715
f 738 715 739
f 739 715 736
f 724 740 717
f 717 740 741
f 717 741 716
f 716 741 742
f 716 742 735
f 501 743 502
f 502 743 744
f 745 746 747
f 747 746 748
f 747 748 749
f 750 751 748
f 748 751 752
f 748 752 749
f 753 754 755
f 753 755 756
f 757 758 759
f 755 760 756
f 756 760 761
f 756 761 758
f 758 761 762
f 758 762 759
f 745 763 746
f 746 763 764
f 746 764 753
f 753 764 765
f 753 765 754
f 744 766 502
f 502 766 751
f 502 751 504
f 504 751 750
f 504 750 506
f 506 750 508
f 759 767 757
f 757 767 768
f 757 768 720
f 720 768 769
f 720 769 718
f 404 357 711
f 711 357 356
f 711 356 730
f 730 356 408
f 730 408 703
f 703 408 407
f 703 407 406
f 770 771 713
f 713 771 393
f 737 772 714
f 714 772 773
f 714 773 713
f 713 773 774
f 713 774 770
f 721 733 720
f 720 733 732
f 720 732 757
f 757 732 731
f 757 731 758
f 758 731 729
f 758 729 756
f 756 729 728
f 756 728 753
f 753 728 727
f 753 727 746
f 746 727 726
f 746 726 748
f 748 726 725
f 748 725 750
f 750 725 704
f 750 704 508
f 508 704 509
f 775 776 777
f 778 779 780
f 781 782 783
f 380 382 777
f 391 390 784
f 784 390 396
f 784 396 785
f 785 396 395
f 785 395 394
f 384 786 389
f 389 786 787
f 389 787 387
f 387 787 777
f 387 777 388
f 388 777 382
f 392 788 386
f 386 788 786
f 386 786 385
f 385 786 384
f 789 790 791
f 792 793 794
f 791 790 795
f 789 796 797
f 797 796 798
f 797 798 799
f 799 798 800
f 799 800 801
f 789 791 796
f 796 791 372
f 796 372 371
f 365 366 794
f 794 366 795
f 794 795 792
f 792 795 790
f 366 367 795
f 795 367 368
f 795 368 791
f 791 368 373
f 791 373 372
f 371 369 796
f 796 369 370
f 796 370 798
f 798 370 374
f 798 374 800
f 800 374 362
f 800 362 377
f 802 803 804
f 804 803 805
f 806 807 808
f 806 808 809
f 805 810 804
f 804 810 811
f 804 811 806
f 806 811 812
f 806 812 807
f 813 814 815
f 815 814 809
f 815 809 816
f 816 809 808
f 813 817 814
f 814 817 818
f 814 818 819
f 818 820 819
f 819 820 821
f 819 821 822
f 822 821 823
f 822 823 824
f 825 826 778
f 824 827 822
f 822 827 828
f 822 828 780
f 780 828 829
f 780 829 778
f 778 829 830
f 778 830 825
f 831 785 832
f 832 785 393
f 394 393 785
f 833 834 784
f 784 834 788
f 784 788 391
f 391 788 392
f 831 835 785
f 785 835 836
f 785 836 784
f 784 836 837
f 784 837 833
f 838 839 786
f 380 777 840
f 840 777 776
f 840 776 841
f 786 839 787
f 787 839 842
f 787 842 777
f 777 842 843
f 777 843 775
f 834 844 788
f 788 844 845
f 788 845 786
f 786 845 846
f 786 846 838
f 847 848 793
f 793 848 849
f 793 849 794
f 794 849 850
f 794 850 851
f 365 794 363
f 363 794 851
f 363 851 364
f 376 375 781
f 781 375 378
f 781 378 782
f 782 378 379
f 782 379 383
f 840 783 380
f 380 783 782
f 380 782 381
f 381 782 383
f 779 847 780
f 780 847 793
f 780 793 822
f 822 793 792
f 822 792 819
f 819 792 790
f 819 790 814
f 814 790 789
f 814 789 809
f 809 789 797
f 809 797 806
f 806 797 799
f 806 799 804
f 804 799 801
f 804 801 802
f 852 853 802
f 802 853 854
f 802 854 803
f 841 852 840
f 840 852 802
f 840 802 783
f 783 802 801
f 783 801 781
f 781 801 800
f 781 800 376
f 376 800 377
f 855 856 857
f 857 856 858
f 857 858 859
f 859 858 860
f 859 860 861
f 861 860 862
f 861 862 863
f 863 862 864
f 863 864 865
f 865 864 866
f 865 866 867
f 867 866 868
f 867 868 869
f 869 868 870
f 869 870 871
f 871 870 872
f 871 872 873
f 873 872 874
f 873 874 875
f 875 874 876
f 875 876 877
f 877 876 878
f 877 878 855
f 855 878 856
f 510 879 880
f 432 430 494
f 494 430 428
f 494 428 501
f 881 458 456
f 881 456 882
f 882 456 454
f 882 454 883
f 883 454 452
f 883 452 450
f 880 884 510
f 510 884 885
f 510 885 473
f 473 885 883
f 473 883 471
f 471 883 450
f 471 450 448
f 458 881 460
f 460 881 886
f 460 886 462
f 462 886 887
f 462 887 888
f 448 470 471
f 471 470 468
f 471 468 476
f 476 468 466
f 476 466 478
f 478 466 464
f 428 426 501
f 501 426 424
f 501 424 889
f 889 424 446
f 889 446 890
f 890 446 444
f 890 444 891
f 891 444 442
f 891 442 892
f 892 442 440
f 892 440 893
f 893 440 438
f 893 438 894
f 490 488 895
f 432 494 434
f 434 494 492
f 434 492 436
f 436 492 490
f 436 490 438
f 438 490 895
f 438 895 894
f 488 486 895
f 895 486 484
f 895 484 896
f 896 484 482
f 896 482 888
f 464 462 478
f 478 462 888
f 478 888 480
f 480 888 482
f 897 898 511
f 899 900 534
f 527 493 528
f 528 493 495
f 528 495 529
f 529 495 530
f 899 534 901
f 475 519 472
f 472 519 518
f 472 518 517
f 516 515 902
f 903 904 513
f 541 532 539
f 539 532 531
f 539 531 538
f 538 531 530
f 538 530 536
f 536 530 495
f 541 545 532
f 532 545 905
f 532 905 533
f 533 905 906
f 533 906 534
f 534 906 907
f 534 907 901
f 902 515 904
f 904 515 514
f 904 514 513
f 527 526 493
f 493 526 525
f 493 525 491
f 491 525 524
f 491 524 489
f 517 516 472
f 472 516 902
f 472 902 474
f 474 902 908
f 474 908 511
f 511 908 909
f 511 909 897
f 475 477 910
f 910 477 911
f 911 477 479
f 911 479 900
f 900 479 481
f 900 481 483
f 524 535 489
f 489 535 534
f 489 534 487
f 487 534 900
f 487 900 485
f 485 900 483
f 513 512 903
f 903 512 523
f 903 523 912
f 912 523 522
f 912 522 910
f 910 522 521
f 910 521 475
f 475 521 520
f 475 520 519
f 544 905 545
f 913 660 665
f 665 667 913
f 913 667 669
f 913 669 914
f 914 669 674
f 914 674 673
f 915 657 659
f 659 664 915
f 915 664 663
f 915 663 913
f 913 663 661
f 913 661 660
f 916 650 656
f 656 655 916
f 916 655 653
f 916 653 915
f 915 653 652
f 915 652 657
f 917 643 645
f 645 646 917
f 917 646 648
f 917 648 916
f 916 648 651
f 916 651 650
f 633 642 918
f 918 642 641
f 641 639 918
f 918 639 637
f 918 637 917
f 917 637 636
f 917 636 643
f 632 631 919
f 632 919 629
f 631 635 919
f 919 635 634
f 919 634 918
f 918 634 633
f 920 318 919
f 919 318 627
f 919 627 629
f 585 911 584
f 584 911 582
f 588 910 589
f 589 910 911
f 589 911 587
f 587 911 585
f 899 570 900
f 900 570 569
f 569 581 900
f 900 581 580
f 900 580 578
f 578 576 900
f 900 576 575
f 900 575 911
f 911 575 582
f 901 563 899
f 899 563 562
f 899 562 574
f 574 573 899
f 899 573 572
f 899 572 570
f 907 557 901
f 901 557 556
f 901 556 567
f 567 566 901
f 901 566 565
f 901 565 563
f 906 550 549
f 906 549 907
f 907 549 555
f 907 555 554
f 554 560 907
f 907 560 559
f 907 559 557
f 905 544 906
f 906 544 543
f 906 543 546
f 546 548 906
f 906 548 552
f 906 552 550
f 921 898 922
f 922 898 897
f 922 897 923
f 923 897 909
f 923 909 924
f 924 909 908
f 924 908 925
f 925 908 902
f 925 902 926
f 926 902 904
f 926 904 927
f 927 904 903
f 927 903 928
f 928 903 912
f 928 912 920
f 920 912 910
f 920 910 318
f 318 910 588
f 929 677 930
f 858 856 921
f 921 856 931
f 856 878 931
f 931 878 876
f 931 876 932
f 932 876 874
f 932 874 933
f 934 935 930
f 930 935 936
f 930 936 929
f 872 937 874
f 874 937 938
f 874 938 933
f 929 939 677
f 677 939 940
f 677 940 676
f 676 940 941
f 676 941 675
f 675 941 942
f 675 942 670
f 670 942 943
f 670 943 671
f 671 943 944
f 671 944 673
f 945 917 916
f 926 927 870
f 916 915 945
f 945 915 913
f 945 913 944
f 944 913 914
f 944 914 673
f 930 946 934
f 934 946 947
f 934 947 948
f 948 947 949
f 868 866 923
f 923 866 864
f 923 864 922
f 922 864 862
f 922 862 921
f 921 862 860
f 921 860 858
f 926 870 925
f 868 923 870
f 870 923 924
f 870 924 925
f 950 920 951
f 951 920 919
f 951 919 952
f 952 919 918
f 952 918 953
f 953 918 917
f 953 917 949
f 949 917 945
f 949 945 948
f 872 870 937
f 937 870 927
f 937 927 950
f 950 927 928
f 950 928 920
f 954 930 955
f 955 930 677
f 955 677 826
f 285 286 354
f 354 286 364
f 354 364 621
f 621 364 851
f 621 851 622
f 622 851 850
f 622 850 624
f 624 850 849
f 624 849 625
f 625 849 848
f 625 848 617
f 617 848 847
f 617 847 618
f 618 847 779
f 618 779 677
f 677 779 778
f 677 778 826
f 842 839 956
f 749 752 890
f 890 752 751
f 751 766 890
f 890 766 744
f 890 744 889
f 889 744 743
f 889 743 501
f 764 891 765
f 765 891 754
f 764 763 891
f 891 763 745
f 891 745 890
f 890 745 747
f 890 747 749
f 762 761 892
f 892 761 760
f 892 760 891
f 891 760 755
f 891 755 754
f 718 769 893
f 769 768 893
f 893 768 767
f 893 767 892
f 892 767 759
f 892 759 762
f 722 734 894
f 734 733 894
f 894 733 721
f 894 721 893
f 893 721 719
f 893 719 718
f 741 740 895
f 895 740 724
f 895 724 894
f 894 724 723
f 894 723 722
f 896 738 739
f 739 736 896
f 896 736 735
f 896 735 895
f 895 735 742
f 895 742 741
f 771 770 888
f 888 770 774
f 774 773 888
f 888 773 772
f 888 772 896
f 896 772 737
f 896 737 738
f 957 832 958
f 958 832 393
f 959 833 957
f 957 833 837
f 957 837 836
f 836 835 957
f 957 835 831
f 957 831 832
f 846 845 959
f 956 839 959
f 959 839 838
f 959 838 846
f 845 844 959
f 959 844 834
f 959 834 833
f 852 841 960
f 841 776 960
f 960 776 775
f 960 775 956
f 956 775 843
f 956 843 842
f 810 805 961
f 805 803 961
f 961 803 854
f 961 854 960
f 960 854 853
f 960 853 852
f 962 963 813
f 813 815 962
f 962 815 816
f 962 816 808
f 808 807 962
f 962 807 812
f 962 812 961
f 961 812 811
f 961 811 810
f 964 823 963
f 963 823 821
f 963 821 820
f 820 818 963
f 963 818 817
f 963 817 813
f 826 825 965
f 965 825 830
f 965 830 964
f 964 830 829
f 964 829 828
f 828 827 964
f 964 827 824
f 964 824 823
f 771 888 393
f 393 888 887
f 393 887 958
f 958 887 886
f 958 886 966
f 966 886 881
f 966 881 967
f 967 881 882
f 967 882 968
f 968 882 883
f 968 883 969
f 969 883 885
f 969 885 970
f 970 885 884
f 970 884 971
f 971 884 880
f 971 880 972
f 972 880 879
f 972 879 973
f 865 974 863
f 863 974 975
f 863 975 861
f 861 975 976
f 861 976 859
f 859 976 977
f 859 977 857
f 857 977 978
f 857 978 855
f 855 978 979
f 855 979 877
f 877 979 980
f 877 980 875
f 875 980 981
f 875 981 873
f 873 981 982
f 873 982 871
f 871 982 983
f 871 983 869
f 869 983 984
f 869 984 867
f 867 984 985
f 867 985 865
f 865 985 974
f 921 931 986
f 510 511 879
f 879 511 898
f 879 898 973
f 973 898 921
f 973 921 979
f 979 921 986
f 986 931 987
f 987 931 932
f 987 932 988
f 988 932 933
f 988 933 989
f 989 933 938
f 989 938 990
f 990 938 937
f 990 937 991
f 991 937 950
f 991 950 992
f 992 950 951
f 992 951 993
f 993 951 952
f 993 952 994
f 994 952 953
f 994 953 995
f 995 953 949
f 995 949 996
f 996 949 947
f 996 947 997
f 997 947 946
f 997 946 954
f 954 946 930
f 944 998 945
f 945 998 999
f 945 999 948
f 948 999 1000
f 948 1000 934
f 934 1000 1001
f 934 1001 935
f 935 1001 1002
f 935 1002 936
f 936 1002 1003
f 936 1003 929
f 929 1003 1004
f 929 1004 939
f 939 1004 1005
f 939 1005 940
f 940 1005 1006
f 940 1006 941
f 941 1006 1007
f 941 1007 942
f 942 1007 1008
f 942 1008 943
f 943 1008 1009
f 943 1009 944
f 944 1009 998
f 979 978 973
f 973 978 977
f 973 977 972
f 954 955 1010
f 982 981 986
f 986 981 980
f 986 980 979
f 1011 994 995
f 1012 1013 964
f 964 1013 1014
f 964 1014 965
f 965 1014 1015
f 965 1015 826
f 826 1015 1016
f 826 1016 955
f 1010 1017 954
f 954 1017 1018
f 954 1018 997
f 997 1018 1011
f 997 1011 996
f 996 1011 995
f 984 966 967
f 977 976 972
f 972 976 975
f 972 975 971
f 971 975 974
f 971 974 970
f 970 974 985
f 970 985 969
f 969 985 984
f 969 984 968
f 968 984 967
f 956 1019 960
f 960 1019 961
f 982 986 983
f 983 986 987
f 983 987 984
f 984 987 988
f 984 988 966
f 1012 964 1020
f 1020 964 963
f 1020 963 1019
f 1019 963 962
f 1019 962 961
f 1011 1019 994
f 994 1019 956
f 994 956 993
f 993 956 959
f 993 959 992
f 992 959 957
f 992 957 991
f 991 957 958
f 991 958 990
f 990 958 966
f 990 966 989
f 989 966 988
f 999 1019 1000
f 1000 1019 1011
f 1000 1011 1001
f 1001 1011 1018
f 1001 1018 1002
f 1002 1018 1017
f 1002 1017 1003
f 1003 1017 1010
f 1003 1010 1004
f 1004 1010 955
f 1004 955 1005
f 1005 955 1016
f 1005 1016 1006
f 1006 1016 1015
f 1006 1015 1007
f 1007 1015 1014
f 1007 1014 1008
f 1008 1014 1013
f 1008 1013 1009
f 1009 1013 1012
f 1009 1012 998
f 998 1012 1020
f 998 1020 999
f 999 1020 1019
f 1021 1022 1023
f 1023 1022 1024
f 1023 1024 1025
f 1025 1024 1026
f 1025 1026 1027
f 1027 1026 1028
f 1027 1028 1029
f 1029 1028 1030
f 1029 1030 1031
f 1031 1030 1032
f 1031 1032 1033
f 1033 1032 1034
f 1033 1034 1035
f 1035 1034 1036
f 1035 1036 1037
f 1037 1036 1038
f 1037 1038 1039
f 1039 1038 1040
f 1039 1040 1041
f 1041 1040 1042
f 1041 1042 1043
f 1043 1042 1044
f 1043 1044 1045
f 1045 1044 1046
f 1045 1046 1047
f 1047 1046 1048
f 1047 1048 1049
f 1049 1048 1050
f 1049 1050 1051
f 1051 1050 1052
f 1051 1052 1053
f 1053 1052 1054
f 1053 1054 1055
f 1055 1054 1056
f 1055 1056 1057
f 1057 1056 1058
f 1057 1058 1059
f 1059 1058 1060
f 1059 1060 1061
f 1061 1060 1062
f 1061 1062 1063
f 1063 1062 1064
f 1063 1064 1065
f 1065 1064 1066
f 1065 1066 1067
f 1067 1066 1068
f 1067 1068 1069
f 1069 1068 1070
f 1069 1070 1071
f 1071 1070 1072
f 1071 1072 1073
f 1073 1072 1074
f 1073 1074 1075
f 1075 1074 1076
f 1075 1076 1077
f 1077 1076 1078
f 1077 1078 1079
f 1079 1078 1080
f 1079 1080 1081
f 1081 1080 1082
f 1081 1082 1083
f 1083 1082 1084
f 1083 1084 1085
f 1085 1084 1086
f 1085 1086 1087
f 1087 1086 1088
f 1087 1088 1089
f 1089 1088 1090
f 1086 1084 1091
f 1078 1076 1092
f 1032 1030 1093
f 1022 1094 1024
f 1024 1094 1095
f 1024 1095 1026
f 1032 1093 1034
f 1034 1093 1096
f 1034 1096 1036
f 1097 1042 1098
f 1098 1042 1040
f 1098 1040 1038
f 1099 1048 1100
f 1100 1048 1046
f 1100 1046 1044
f 1101 1056 1102
f 1102 1056 1054
f 1102 1054 1103
f 1103 1054 1052
f 1103 1052 1099
f 1099 1052 1050
f 1099 1050 1048
f 1104 1060 1101
f 1101 1060 1058
f 1101 1058 1056
f 1105 1064 1104
f 1104 1064 1062
f 1104 1062 1060
f 1070 1068 1105
f 1105 1068 1066
f 1105 1066 1064
f 1076 1074 1092
f 1092 1074 1072
f 1092 1072 1106
f 1090 1088 1107
f 1107 1088 1108
f 1109 1110 1108
f 1108 1110 1111
f 1108 1111 1107
f 1112 1113 1114
f 1114 1113 1115
f 1114 1115 1109
f 1109 1115 1116
f 1109 1116 1110
f 1117 1118 1112
f 1112 1118 1119
f 1112 1119 1113
f 1120 1121 1122
f 1122 1121 1123
f 1122 1123 1124
f 1124 1123 1125
f 1124 1125 1117
f 1117 1125 1126
f 1117 1126 1118
f 1127 1128 1120
f 1120 1128 1129
f 1120 1129 1121
f 1072 1070 1106
f 1106 1070 1105
f 1106 1105 1130
f 1130 1105 1104
f 1130 1104 1131
f 1131 1104 1101
f 1131 1101 1132
f 1132 1101 1102
f 1132 1102 1133
f 1133 1102 1103
f 1133 1103 1134
f 1134 1103 1099
f 1134 1099 1097
f 1097 1099 1100
f 1097 1100 1042
f 1042 1100 1044
f 1082 1080 1135
f 1135 1080 1078
f 1135 1078 1136
f 1136 1078 1092
f 1136 1092 1137
f 1137 1092 1106
f 1137 1106 1138
f 1138 1106 1130
f 1138 1130 1139
f 1139 1130 1131
f 1139 1131 1140
f 1140 1131 1132
f 1140 1132 1141
f 1141 1132 1133
f 1141 1133 1142
f 1142 1133 1134
f 1142 1134 1143
f 1143 1134 1097
f 1143 1097 1096
f 1096 1097 1098
f 1096 1098 1036
f 1036 1098 1038
f 1094 1144 1095
f 1095 1144 1145
f 1095 1145 1146
f 1146 1145 1147
f 1146 1147 1127
f 1127 1147 1148
f 1127 1148 1128
f 1088 1086 1108
f 1108 1086 1091
f 1108 1091 1109
f 1109 1091 1149
f 1109 1149 1114
f 1114 1149 1150
f 1114 1150 1112
f 1112 1150 1151
f 1112 1151 1117
f 1117 1151 1152
f 1117 1152 1124
f 1124 1152 1153
f 1124 1153 1122
f 1122 1153 1154
f 1122 1154 1120
f 1120 1154 1155
f 1120 1155 1127
f 1127 1155 1156
f 1127 1156 1146
f 1146 1156 1157
f 1146 1157 1095
f 1095 1157 1158
f 1095 1158 1026
f 1026 1158 1028
f 1084 1082 1091
f 1091 1082 1135
f 1091 1135 1149
f 1149 1135 1136
f 1149 1136 1150
f 1150 1136 1137
f 1150 1137 1151
f 1151 1137 1138
f 1151 1138 1152
f 1152 1138 1139
f 1152 1139 1153
f 1153 1139 1140
f 1153 1140 1154
f 1154 1140 1141
f 1154 1141 1155
f 1155 1141 1142
f 1155 1142 1156
f 1156 1142 1143
f 1156 1143 1157
f 1157 1143 1096
f 1157 1096 1158
f 1158 1096 1093
f 1158 1093 1028
f 1028 1093 1030
f 1159 1160 1090
f 1090 1160 1089
f 1160 1159 1161
f 1161 1159 1162
f 1161 1162 1163
f 1163 1162 1164
f 1163 1164 1165
f 1165 1164 1166
f 1165 1166 1167
f 1167 1166 1168
f 1167 1168 1169
f 1169 1168 1170
f 1169 1170 1171
f 1171 1170 1172
f 1171 1172 1173
f 1173 1172 1174
f 1173 1174 1175
f 1175 1174 1176
f 1175 1176 1177
f 1177 1176 1178
f 1177 1178 1179
f 1179 1178 1180
f 1179 1180 1181
f 1181 1180 1182
f 1181 1182 1183
f 1183 1182 1184
f 1183 1184 1185
f 1185 1184 1186
f 1185 1186 1187
f 1187 1186 1188
f 1187 1188 1189
f 1189 1188 1190
f 1189 1190 1191
f 1191 1190 1192
f 1191 1192 1193
f 1193 1192 1194
f 1193 1194 1195
f 1195 1194 1196
f 1195 1196 213
f 213 1196 214
f 1197 1198 1199
f 1199 1198 1200
f 285 286 1201
f 1201 286 1202
f 1201 1202 1203
f 1203 1202 1204
f 1203 1204 1205
f 1205 1204 1206
f 1205 1206 1207
f 1207 1206 1208
f 1207 1208 1209
f 1209 1208 1210
f 1209 1210 1211
f 1211 1210 1212
f 1211 1212 1213
f 1213 1212 1214
f 1213 1214 1215
f 1215 1214 1216
f 1215 1216 1217
f 1217 1216 1218
f 1217 1218 1219
f 1219 1218 1220
f 1219 1220 1221
f 1221 1220 1222
f 1221 1222 1223
f 1223 1222 1224
f 1223 1224 1225
f 1225 1224 1226
f 1225 1226 1227
f 1227 1226 1228
f 1227 1228 1200
f 1200 1228 1229
f 1200 1229 1199
f 1230 1231 1232
f 1232 1231 1233
f 1232 1233 1197
f 1197 1233 1234
f 1197 1234 1198
f 1021 1231 1022
f 1022 1231 1230
f 1031 1033 1235
f 1067 1069 1236
f 1089 1237 1087
f 1087 1237 1238
f 1087 1238 1085
f 1239 1083 1085
f 1079 1081 1240
f 1240 1081 1083
f 1079 1240 1077
f 1077 1240 1241
f 1077 1241 1075
f 1075 1242 1073
f 1073 1242 1071
f 1243 1063 1236
f 1236 1063 1065
f 1236 1065 1067
f 1244 1055 1245
f 1245 1055 1057
f 1245 1057 1246
f 1246 1057 1059
f 1246 1059 1243
f 1243 1059 1061
f 1243 1061 1063
f 1247 1051 1244
f 1244 1051 1053
f 1244 1053 1055
f 1043 1045 1248
f 1248 1045 1047
f 1248 1047 1247
f 1247 1047 1049
f 1247 1049 1051
f 1041 1249 1039
f 1039 1249 1250
f 1039 1250 1037
f 1037 1250 1035
f 1235 1033 1251
f 1252 1027 1029
f 1025 1253 1023
f 1023 1253 1254
f 1023 1254 1021
f 1255 1256 1257
f 1257 1256 1258
f 1257 1258 1253
f 1253 1258 1259
f 1253 1259 1254
f 1260 1261 1255
f 1255 1261 1262
f 1255 1262 1256
f 1263 1264 1265
f 1265 1264 1266
f 1265 1266 1267
f 1267 1266 1268
f 1267 1268 1260
f 1260 1268 1269
f 1260 1269 1261
f 1270 1271 1263
f 1263 1271 1272
f 1263 1272 1264
f 1273 1274 1275
f 1275 1274 1276
f 1275 1276 1270
f 1270 1276 1277
f 1270 1277 1271
f 1071 1242 1069
f 1069 1242 1278
f 1069 1278 1236
f 1236 1278 1279
f 1236 1279 1243
f 1243 1279 1280
f 1243 1280 1246
f 1246 1280 1281
f 1246 1281 1245
f 1245 1281 1282
f 1245 1282 1244
f 1244 1282 1283
f 1244 1283 1247
f 1247 1283 1249
f 1247 1249 1248
f 1248 1249 1041
f 1248 1041 1043
f 1075 1241 1242
f 1242 1241 1284
f 1242 1284 1278
f 1278 1284 1285
f 1278 1285 1279
f 1279 1285 1286
f 1279 1286 1280
f 1280 1286 1287
f 1280 1287 1281
f 1281 1287 1288
f 1281 1288 1282
f 1282 1288 1289
f 1282 1289 1283
f 1283 1289 1290
f 1283 1290 1249
f 1249 1290 1251
f 1249 1251 1250
f 1250 1251 1033
f 1250 1033 1035
f 1237 1291 1238
f 1238 1291 1292
f 1238 1292 1273
f 1273 1292 1293
f 1273 1293 1274
f 1085 1238 1239
f 1239 1238 1273
f 1239 1273 1294
f 1294 1273 1275
f 1294 1275 1295
f 1295 1275 1270
f 1295 1270 1296
f 1296 1270 1263
f 1296 1263 1297
f 1297 1263 1265
f 1297 1265 1298
f 1298 1265 1267
f 1298 1267 1299
f 1299 1267 1260
f 1299 1260 1300
f 1300 1260 1255
f 1300 1255 1301
f 1301 1255 1257
f 1301 1257 1302
f 1302 1257 1253
f 1302 1253 1252
f 1252 1253 1025
f 1252 1025 1027
f 1083 1239 1240
f 1240 1239 1294
f 1240 1294 1241
f 1241 1294 1295
f 1241 1295 1284
f 1284 1295 1296
f 1284 1296 1285
f 1285 1296 1297
f 1285 1297 1286
f 1286 1297 1298
f 1286 1298 1287
f 1287 1298 1299
f 1287 1299 1288
f 1288 1299 1300
f 1288 1300 1289
f 1289 1300 1301
f 1289 1301 1290
f 1290 1301 1302
f 1290 1302 1251
f 1251 1302 1252
f 1251 1252 1235
f 1235 1252 1029
f 1235 1029 1031
f 1159 1090 1107
f 1303 1304 1145
f 1305 1125 1306
f 1306 1125 1123
f 1306 1123 1307
f 1307 1123 1121
f 1307 1121 1308
f 1309 1128 1148
f 1309 1148 1304
f 1304 1148 1147
f 1304 1147 1145
f 1309 1310 1128
f 1128 1310 1311
f 1128 1311 1129
f 1129 1311 1312
f 1129 1312 1121
f 1121 1312 1313
f 1121 1313 1308
f 1022 1230 1094
f 1094 1230 1314
f 1094 1314 1144
f 1144 1314 1315
f 1144 1315 1145
f 1145 1315 1316
f 1145 1316 1303
f 1317 1230 1232
f 1317 1318 1230
f 1230 1318 1319
f 1230 1319 1314
f 1228 1320 1229
f 1229 1320 1321
f 1232 1197 1317
f 1317 1197 1199
f 1317 1199 1322
f 1322 1199 1229
f 1322 1229 1323
f 1323 1229 1321
f 1222 1220 1324
f 1228 1226 1320
f 1320 1226 1224
f 1320 1224 1325
f 1325 1224 1222
f 1325 1222 1326
f 1326 1222 1324
f 1208 1206 1327
f 1327 1206 1204
f 1327 1204 1328
f 1220 1218 1324
f 1324 1218 1216
f 1324 1216 1329
f 1329 1216 1214
f 1329 1214 1330
f 1330 1214 1212
f 1330 1212 1331
f 1331 1212 1210
f 1331 1210 1332
f 1332 1210 1208
f 1332 1208 1333
f 1333 1208 1327
f 1204 1202 1328
f 1328 1202 286
f 1328 286 364
f 1334 1335 1159
f 1336 1166 1337
f 1337 1166 1164
f 1337 1164 1335
f 1335 1164 1162
f 1335 1162 1159
f 1176 1174 1338
f 1336 1339 1166
f 1166 1339 1340
f 1166 1340 1168
f 1168 1340 1170
f 1338 1174 1340
f 1340 1174 1172
f 1340 1172 1170
f 1338 1341 1176
f 1176 1341 1342
f 1176 1342 1178
f 1178 1342 1180
f 1342 1343 1180
f 1180 1343 1344
f 1180 1344 1182
f 1182 1344 1345
f 1182 1345 1184
f 1184 1345 1346
f 1184 1346 1186
f 1186 1346 1188
f 1188 1346 1347
f 1188 1347 1190
f 1190 1347 1348
f 1190 1348 1192
f 1192 1348 1349
f 1192 1349 1194
f 1194 1349 1350
f 1194 1350 1196
f 1196 1350 422
f 1196 422 214
f 1351 1352 1110
f 1351 1110 1353
f 1334 1159 1354
f 1354 1159 1107
f 1354 1107 1352
f 1352 1107 1111
f 1352 1111 1110
f 1355 1113 1356
f 1356 1113 1357
f 1116 1358 1110
f 1110 1358 1359
f 1110 1359 1353
f 1355 1360 1113
f 1113 1360 1358
f 1113 1358 1115
f 1115 1358 1116
f 1361 1362 1118
f 1118 1362 1363
f 1357 1113 1363
f 1363 1113 1119
f 1363 1119 1118
f 1305 1364 1125
f 1125 1364 1365
f 1125 1365 1126
f 1126 1365 1366
f 1126 1366 1118
f 1118 1366 1367
f 1118 1367 1361
f 1368 1369 1276
f 1370 1371 1271
f 1227 1200 1372
f 1231 1021 1254
f 1234 1233 1373
f 1373 1233 1231
f 1373 1231 1374
f 1372 1200 1375
f 1234 1373 1198
f 1198 1373 1376
f 1198 1376 1200
f 1200 1376 1377
f 1200 1377 1375
f 1221 1223 1378
f 1378 1223 1372
f 1372 1223 1225
f 1372 1225 1227
f 1378 1379 1221
f 1221 1379 1380
f 1221 1380 1219
f 1219 1380 1381
f 1219 1381 1217
f 1217 1381 1382
f 1217 1382 1215
f 1215 1382 1383
f 1215 1383 1213
f 1213 1383 1384
f 1213 1384 1211
f 1211 1384 1209
f 1209 1384 1385
f 1209 1385 1207
f 1207 1385 1386
f 1207 1386 1205
f 1205 1386 1387
f 1205 1387 1203
f 1203 1387 1388
f 1203 1388 1201
f 1201 1388 354
f 1201 354 285
f 1389 1258 1390
f 1390 1258 1391
f 1374 1231 1392
f 1392 1231 1254
f 1392 1254 1389
f 1389 1254 1259
f 1389 1259 1258
f 1393 1394 1261
f 1256 1395 1258
f 1258 1395 1396
f 1258 1396 1391
f 1394 1397 1261
f 1261 1397 1395
f 1261 1395 1262
f 1262 1395 1256
f 1398 1399 1268
f 1268 1399 1269
f 1269 1399 1400
f 1269 1400 1261
f 1261 1400 1401
f 1261 1401 1393
f 1264 1402 1403
f 1264 1403 1266
f 1266 1403 1404
f 1266 1404 1268
f 1268 1404 1405
f 1268 1405 1398
f 1271 1371 1272
f 1272 1371 1406
f 1272 1406 1264
f 1264 1406 1407
f 1264 1407 1402
f 1276 1369 1277
f 1277 1369 1408
f 1277 1408 1271
f 1271 1408 1409
f 1271 1409 1370
f 1410 1411 1274
f 1274 1411 1276
f 1276 1411 1412
f 1276 1412 1368
f 1413 1292 1414
f 1414 1292 1291
f 1414 1291 1415
f 1274 1293 1410
f 1410 1293 1292
f 1410 1292 1416
f 1416 1292 1413
f 1237 1089 1160
f 1291 1237 1415
f 1415 1237 1160
f 1415 1160 1417
f 1417 1160 1418
f 1175 1419 1173
f 1173 1419 1420
f 1173 1420 1171
f 1171 1420 1169
f 1160 1161 1418
f 1418 1161 1163
f 1418 1163 1421
f 1421 1163 1165
f 1421 1165 1422
f 1422 1165 1167
f 1422 1167 1423
f 1423 1167 1424
f 1169 1420 1167
f 1167 1420 1425
f 1167 1425 1424
f 1181 1183 1426
f 1426 1183 1427
f 1175 1177 1419
f 1419 1177 1179
f 1419 1179 1428
f 1428 1179 1181
f 1428 1181 1429
f 1429 1181 1426
f 1430 1431 1191
f 1191 1431 1189
f 1183 1185 1427
f 1427 1185 1187
f 1427 1187 1432
f 1432 1187 1189
f 1432 1189 1433
f 1433 1189 1431
f 1195 213 289
f 1191 1193 1430
f 1430 1193 1195
f 1430 1195 1434
f 1434 1195 289
f 1435 1436 1437
f 1437 1436 1438
f 1437 1438 1439
f 1439 1438 1440
f 1439 1440 1441
f 1441 1440 1442
f 1441 1442 1443
f 1443 1442 1444
f 1443 1444 1445
f 1445 1444 1446
f 1445 1446 1447
f 1447 1446 1448
f 1447 1448 1449
f 1449 1448 1450
f 1449 1450 1451
f 1451 1450 1452
f 1451 1452 1453
f 1453 1452 1454
f 1453 1454 1455
f 1455 1454 1456
f 1455 1456 1457
f 1457 1456 1458
f 1457 1458 1435
f 1435 1458 1436
f 1459 1460 1461
f 1461 1460 1462
f 1461 1462 1463
f 1463 1462 1464
f 1463 1464 1465
f 1465 1464 1466
f 1465 1466 1467
f 1467 1466 1468
f 1467 1468 1469
f 1469 1468 1470
f 1469 1470 1471
f 1471 1470 1472
f 1471 1472 1473
f 1473 1472 1474
f 1473 1474 1475
f 1475 1474 1476
f 1475 1476 1477
f 1477 1476 1478
f 1477 1478 1479
f 1479 1478 1480
f 1479 1480 1481
f 1481 1480 1482
f 1481 1482 1459
f 1459 1482 1460
f 1483 1484 1485
f 1485 1484 1486
f 510 511 1486
f 1486 511 1485
f 505 503 1487
f 1423 1424 1488
f 496 498 1489
f 500 507 1490
f 1491 1492 1493
f 1494 1402 1495
f 1496 1497 1498
f 1498 1497 1499
f 1498 1499 1500
f 1500 1499 1501
f 1501 1499 1502
f 1502 1499 1487
f 1502 1487 1503
f 1503 1487 503
f 1503 503 495
f 1494 1495 1504
f 1505 1506 1507
f 1507 1506 1508
f 1507 1508 1495
f 1495 1508 1509
f 1495 1509 1504
f 1510 1511 1505
f 1512 1513 1514
f 1514 1513 1515
f 1514 1515 1516
f 1516 1515 1517
f 1516 1517 1518
f 1512 1514 1519
f 1519 1514 1520
f 1519 1520 1521
f 1521 1520 1522
f 1522 1520 1523
f 1522 1523 1524
f 1525 1526 1523
f 1523 1526 1527
f 1523 1527 1524
f 1528 1529 1530
f 1530 1529 1531
f 1530 1531 1525
f 1525 1531 1532
f 1525 1532 1526
f 1528 1530 1533
f 1533 1530 1534
f 1533 1534 1535
f 1493 1492 1534
f 1534 1492 1536
f 1534 1536 1535
f 1496 1537 1497
f 1497 1537 1538
f 1497 1538 1539
f 1539 1538 1540
f 1539 1540 1493
f 1493 1540 1541
f 1493 1541 1491
f 289 496 1434
f 1434 496 1430
f 1430 496 1431
f 1431 496 1489
f 1431 1489 1433
f 1433 1489 1542
f 1433 1542 1432
f 1419 1543 1420
f 1420 1543 1544
f 1488 1424 1544
f 1544 1424 1425
f 1544 1425 1420
f 1545 1546 1547
f 1547 1546 1548
f 1547 1548 1549
f 1549 1548 1488
f 1549 1488 1550
f 1550 1488 1544
f 1550 1544 1551
f 1551 1544 1543
f 1551 1543 1552
f 1552 1543 1553
f 1552 1553 1554
f 1554 1553 1542
f 1554 1542 1490
f 1490 1542 1489
f 1490 1489 500
f 500 1489 498
f 1419 1428 1543
f 1543 1428 1429
f 1543 1429 1553
f 1553 1429 1426
f 1553 1426 1542
f 1542 1426 1427
f 1542 1427 1432
f 1555 1556 1557
f 1557 1556 1558
f 1557 1558 1545
f 1559 1507 1560
f 1560 1507 1495
f 1560 1495 1402
f 1561 1562 1563
f 1563 1562 1564
f 1545 1558 1546
f 1546 1558 1414
f 1546 1414 1415
f 1411 1556 1564
f 1564 1556 1555
f 1564 1555 1563
f 1411 1410 1556
f 1556 1410 1416
f 1556 1416 1558
f 1558 1416 1413
f 1558 1413 1414
f 1565 1409 1408
f 1408 1562 1565
f 1565 1562 1561
f 1565 1561 1510
f 1510 1561 1511
f 1402 1407 1560
f 1560 1407 1406
f 1560 1406 1559
f 1559 1406 1371
f 1559 1371 1370
f 1505 1507 1510
f 1510 1507 1559
f 1510 1559 1565
f 1565 1559 1370
f 1565 1370 1409
f 1408 1369 1562
f 1562 1369 1368
f 1562 1368 1564
f 1564 1368 1412
f 1564 1412 1411
f 1415 1417 1546
f 1546 1417 1418
f 1546 1418 1548
f 1548 1418 1421
f 1548 1421 1488
f 1488 1421 1422
f 1488 1422 1423
f 1518 1511 1516
f 1516 1511 1561
f 1516 1561 1514
f 1514 1561 1563
f 1514 1563 1520
f 1520 1563 1555
f 1520 1555 1523
f 1523 1555 1557
f 1523 1557 1525
f 1525 1557 1545
f 1525 1545 1530
f 1530 1545 1547
f 1530 1547 1534
f 1534 1547 1549
f 1534 1549 1493
f 1493 1549 1550
f 1493 1550 1539
f 1539 1550 1551
f 1539 1551 1497
f 1497 1551 1552
f 1497 1552 1499
f 1499 1552 1554
f 1499 1554 1487
f 1487 1554 1490
f 1487 1490 505
f 505 1490 507
f 213 214 289
f 289 214 422
f 289 422 496
f 496 422 1566
f 496 1566 498
f 498 1566 1567
f 498 1567 500
f 500 1567 1568
f 500 1568 507
f 507 1568 1569
f 507 1569 505
f 494 493 501
f 501 493 495
f 501 495 1570
f 1570 495 503
f 1570 503 1571
f 1571 503 505
f 1571 505 1572
f 1572 505 1569
f 493 494 1573
f 1573 494 1574
f 1573 1574 1575
f 1575 1574 1576
f 1575 1576 1577
f 1577 1576 1578
f 1577 1578 1579
f 1579 1578 1580
f 1579 1580 1581
f 1581 1580 1582
f 1581 1582 1583
f 1583 1582 1584
f 1583 1584 1585
f 1585 1584 1586
f 1585 1586 1587
f 1587 1586 1588
f 1587 1588 1589
f 1589 1588 1590
f 1589 1590 1483
f 1483 1590 1484
f 1445 1591 1443
f 1443 1591 1592
f 1443 1592 1441
f 1441 1592 1593
f 1441 1593 1439
f 1439 1593 1594
f 1439 1594 1437
f 1437 1594 1595
f 1437 1595 1435
f 1435 1595 1596
f 1435 1596 1457
f 1457 1596 1597
f 1457 1597 1455
f 1455 1597 1598
f 1455 1598 1453
f 1453 1598 1599
f 1453 1599 1451
f 1451 1599 1600
f 1451 1600 1449
f 1449 1600 1601
f 1449 1601 1447
f 1447 1601 1602
f 1447 1602 1445
f 1445 1602 1591
f 1469 1603 1467
f 1467 1603 1604
f 1467 1604 1465
f 1465 1604 1605
f 1465 1605 1463
f 1463 1605 1606
f 1463 1606 1461
f 1461 1606 1607
f 1461 1607 1459
f 1459 1607 1608
f 1459 1608 1481
f 1481 1608 1609
f 1481 1609 1479
f 1479 1609 1610
f 1479 1610 1477
f 1477 1610 1611
f 1477 1611 1475
f 1475 1611 1612
f 1475 1612 1473
f 1473 1612 1613
f 1473 1613 1471
f 1471 1613 1614
f 1471 1614 1469
f 1469 1614 1603
f 1615 1616 1617
f 1618 1619 1620
f 1621 1622 1623
f 1351 1353 1617
f 1362 1361 1624
f 1624 1361 1367
f 1624 1367 1625
f 1625 1367 1366
f 1625 1366 1365
f 1355 1626 1360
f 1360 1626 1627
f 1360 1627 1358
f 1358 1627 1617
f 1358 1617 1359
f 1359 1617 1353
f 1363 1628 1357
f 1357 1628 1626
f 1357 1626 1356
f 1356 1626 1355
f 1343 1629 1344
f 1344 1629 1630
f 1631 1349 1348
f 1631 1348 1632
f 1348 1347 1632
f 1632 1347 1346
f 1632 1346 1630
f 1630 1346 1345
f 1630 1345 1344
f 1343 1342 1629
f 1629 1342 1341
f 1629 1341 1633
f 1633 1341 1338
f 1633 1338 1620
f 1620 1338 1340
f 1620 1340 1339
f 1620 1619 1633
f 1633 1619 1634
f 1633 1634 1629
f 1629 1634 1635
f 1629 1635 1630
f 1630 1635 1636
f 1630 1636 1632
f 1632 1636 1637
f 1632 1637 1631
f 1631 1637 1638
f 1631 1638 1569
f 1639 1640 1641
f 1641 1640 1642
f 1643 1644 1645
f 1643 1645 1646
f 1642 1647 1641
f 1641 1647 1648
f 1641 1648 1643
f 1643 1648 1649
f 1643 1649 1644
f 1650 1651 1652
f 1652 1651 1646
f 1652 1646 1653
f 1653 1646 1645
f 1650 1654 1651
f 1651 1654 1655
f 1651 1655 1656
f 1655 1657 1656
f 1656 1657 1658
f 1656 1658 1659
f 1659 1658 1660
f 1659 1660 1661
f 1662 501 1570
f 1662 1570 1663
f 1661 1664 1659
f 1659 1664 1665
f 1659 1665 1666
f 1666 1665 1667
f 1666 1667 1663
f 1666 1638 1659
f 1659 1638 1637
f 1659 1637 1656
f 1656 1637 1636
f 1656 1636 1651
f 1651 1636 1635
f 1651 1635 1646
f 1646 1635 1634
f 1646 1634 1643
f 1643 1634 1619
f 1643 1619 1641
f 1641 1619 1618
f 1641 1618 1639
f 1668 1625 1669
f 1669 1625 1364
f 1365 1364 1625
f 1670 1671 1624
f 1624 1671 1628
f 1624 1628 1362
f 1362 1628 1363
f 1668 1672 1625
f 1625 1672 1673
f 1625 1673 1624
f 1624 1673 1674
f 1624 1674 1670
f 1675 1676 1626
f 1351 1617 1677
f 1677 1617 1616
f 1677 1616 1678
f 1626 1676 1627
f 1627 1676 1679
f 1627 1679 1617
f 1617 1679 1680
f 1617 1680 1615
f 1671 1681 1628
f 1628 1681 1682
f 1628 1682 1626
f 1626 1682 1683
f 1626 1683 1675
f 1569 1568 1631
f 1631 1568 1567
f 1631 1567 1349
f 1349 1567 1566
f 1349 1566 1350
f 1350 1566 422
f 1336 1337 1621
f 1621 1337 1335
f 1621 1335 1622
f 1622 1335 1334
f 1622 1334 1354
f 1677 1623 1351
f 1351 1623 1622
f 1351 1622 1352
f 1352 1622 1354
f 1663 1570 1666
f 1666 1570 1571
f 1666 1571 1638
f 1638 1571 1572
f 1638 1572 1569
f 1684 1685 1639
f 1639 1685 1686
f 1639 1686 1640
f 1678 1684 1677
f 1677 1684 1639
f 1677 1639 1623
f 1623 1639 1618
f 1623 1618 1621
f 1621 1618 1620
f 1621 1620 1336
f 1336 1620 1339
f 1687 1688 1689
f 1689 1688 1690
f 1689 1690 1691
f 1691 1690 1692
f 1691 1692 1693
f 1693 1692 1694
f 1693 1694 1695
f 1695 1694 1696
f 1695 1696 1697
f 1697 1696 1698
f 1697 1698 1699
f 1699 1698 1700
f 1699 1700 1701
f 1701 1700 1702
f 1701 1702 1703
f 1703 1702 1704
f 1703 1704 1705
f 1705 1704 1706
f 1705 1706 1707
f 1707 1706 1708
f 1707 1708 1709
f 1709 1708 1710
f 1709 1710 1687
f 1687 1710 1688
f 1322 1323 1711
f 1712 1713 1714
f 1715 1716 1717
f 1328 364 1712
f 1718 1329 1719
f 1719 1329 1330
f 1330 1331 1719
f 1719 1331 1332
f 1719 1332 1714
f 1714 1332 1333
f 1714 1333 1712
f 1712 1333 1327
f 1712 1327 1328
f 1720 1721 1320
f 1711 1323 1721
f 1721 1323 1321
f 1721 1321 1320
f 1320 1325 1720
f 1720 1325 1326
f 1720 1326 1718
f 1718 1326 1324
f 1718 1324 1329
f 1722 1315 1723
f 1309 1304 1724
f 1724 1304 1303
f 1724 1303 1722
f 1722 1303 1316
f 1722 1316 1315
f 1364 1305 1725
f 1725 1305 1306
f 1725 1306 1726
f 1306 1307 1726
f 1726 1307 1308
f 1726 1308 1727
f 1727 1308 1313
f 1312 1311 1728
f 1728 1311 1310
f 1728 1310 1729
f 1729 1310 1309
f 1730 1731 1732
f 1732 1731 1733
f 1724 1734 1735
f 1309 1724 1729
f 1729 1724 1735
f 1729 1735 1736
f 1713 1715 1714
f 1714 1715 1717
f 1714 1717 1719
f 1719 1717 1737
f 1719 1737 1718
f 1718 1737 1738
f 1718 1738 1720
f 1720 1738 1739
f 1720 1739 1721
f 1721 1739 1740
f 1721 1740 1711
f 1711 1740 1741
f 1711 1741 1742
f 1742 1741 1743
f 1742 1743 1723
f 1723 1743 1744
f 1723 1744 1722
f 1722 1744 1745
f 1722 1745 1724
f 1724 1745 1746
f 1724 1746 1734
f 1747 1748 1728
f 1728 1748 1727
f 1728 1727 1312
f 1312 1727 1313
f 1749 1726 1750
f 1750 1726 1727
f 1750 1727 1751
f 1751 1727 1748
f 1736 1752 1729
f 1729 1752 1753
f 1729 1753 1728
f 1728 1753 1754
f 1728 1754 1747
f 1755 826 1756
f 1756 1757 1755
f 1755 1757 1758
f 1755 1758 1759
f 1759 1758 1760
f 1761 1762 1763
f 1763 1762 1764
f 1763 1764 1765
f 1757 1766 1758
f 1758 1766 1767
f 1758 1767 1764
f 1764 1767 1768
f 1764 1768 1765
f 1769 1770 1771
f 1769 1771 1772
f 1773 1774 1775
f 1771 1776 1772
f 1772 1776 1777
f 1772 1777 1774
f 1774 1777 1778
f 1774 1778 1775
f 1761 1779 1762
f 1762 1779 1780
f 1762 1780 1769
f 1769 1780 1781
f 1769 1781 1770
f 1775 1782 1773
f 1773 1782 1783
f 1773 1783 1732
f 1732 1783 1784
f 1732 1784 1730
f 1315 1314 1723
f 1723 1314 1319
f 1723 1319 1742
f 1742 1319 1318
f 1742 1318 1711
f 1711 1318 1317
f 1711 1317 1322
f 1785 1786 1725
f 1725 1786 1364
f 1749 1787 1726
f 1726 1787 1788
f 1726 1788 1725
f 1725 1788 1789
f 1725 1789 1785
f 1733 1745 1732
f 1732 1745 1744
f 1732 1744 1773
f 1773 1744 1743
f 1773 1743 1774
f 1774 1743 1741
f 1774 1741 1772
f 1772 1741 1740
f 1772 1740 1769
f 1769 1740 1739
f 1769 1739 1762
f 1762 1739 1738
f 1762 1738 1764
f 1764 1738 1737
f 1764 1737 1758
f 1758 1737 1717
f 1758 1717 1760
f 1760 1717 1716
f 1403 1402 1790
f 677 1791 1792
f 1792 1791 1793
f 1792 1793 1794
f 1794 1793 1795
f 1795 1793 1796
f 1795 1796 1797
f 1798 1799 1800
f 1798 1800 1796
f 1796 1800 1801
f 1796 1801 1797
f 1799 1798 1802
f 1802 1798 1803
f 1802 1803 1804
f 1805 1806 1807
f 1807 1806 1803
f 1803 1806 1808
f 1803 1808 1804
f 1809 1810 1807
f 1807 1810 1811
f 1807 1811 1805
f 1812 1813 1814
f 1814 1813 1815
f 1814 1815 1809
f 1809 1815 1816
f 1809 1816 1810
f 1817 1818 1819
f 1817 1819 1820
f 1819 1821 1820
f 1820 1821 1822
f 1820 1822 1814
f 1814 1822 1823
f 1814 1823 1812
f 1824 1825 1826
f 1824 1826 1827
f 1826 1828 1827
f 1827 1828 1829
f 1827 1829 1817
f 1817 1829 1830
f 1817 1830 1818
f 1831 1832 1833
f 1833 1832 1834
f 1833 1834 1835
f 1835 1834 1836
f 1835 1836 1824
f 1824 1836 1837
f 1824 1837 1825
f 1831 1833 1838
f 1838 1833 1839
f 1838 1839 1840
f 1840 1839 1841
f 1841 1839 1842
f 1841 1842 1843
f 1402 1844 1842
f 1842 1844 1845
f 1842 1845 1843
f 1846 1400 1399
f 1846 1399 1847
f 1399 1398 1847
f 1847 1398 1405
f 1847 1405 1790
f 1790 1405 1404
f 1790 1404 1403
f 1391 1848 1390
f 1390 1848 1849
f 1391 1396 1848
f 1848 1396 1395
f 1848 1395 1850
f 1850 1395 1397
f 1850 1397 1851
f 1851 1397 1394
f 1851 1394 1393
f 1851 1852 1850
f 1850 1852 1853
f 1850 1853 1848
f 1848 1853 1854
f 1848 1854 1849
f 1849 1854 1855
f 1849 1855 1856
f 1846 1852 1400
f 1400 1852 1851
f 1400 1851 1401
f 1401 1851 1393
f 1857 1858 1859
f 1860 1861 1862
f 1859 1858 1863
f 1857 1864 1865
f 1865 1864 1866
f 1865 1866 1867
f 1867 1866 1868
f 1867 1868 1869
f 1869 1868 1870
f 1869 1870 1871
f 1376 1373 1870
f 1870 1373 1856
f 1870 1856 1871
f 1871 1856 1855
f 1376 1870 1377
f 1377 1870 1868
f 1377 1868 1375
f 1857 1859 1864
f 1864 1859 1382
f 1864 1382 1381
f 1387 1386 1862
f 1862 1386 1863
f 1862 1863 1860
f 1860 1863 1858
f 1386 1385 1863
f 1863 1385 1384
f 1863 1384 1859
f 1859 1384 1383
f 1859 1383 1382
f 1381 1380 1864
f 1864 1380 1379
f 1864 1379 1866
f 1866 1379 1378
f 1866 1378 1868
f 1868 1378 1372
f 1868 1372 1375
f 1872 1873 1861
f 1861 1873 1874
f 1861 1874 1862
f 1862 1874 1875
f 1862 1875 1876
f 1387 1862 1388
f 1388 1862 1876
f 1388 1876 354
f 1373 1374 1856
f 1856 1374 1392
f 1856 1392 1849
f 1849 1392 1389
f 1849 1389 1390
f 1791 1872 1793
f 1793 1872 1861
f 1793 1861 1796
f 1796 1861 1860
f 1796 1860 1798
f 1798 1860 1858
f 1798 1858 1803
f 1803 1858 1857
f 1803 1857 1807
f 1807 1857 1865
f 1807 1865 1809
f 1809 1865 1867
f 1809 1867 1814
f 1814 1867 1869
f 1814 1869 1820
f 1820 1869 1871
f 1820 1871 1817
f 1817 1871 1855
f 1817 1855 1827
f 1827 1855 1854
f 1827 1854 1824
f 1824 1854 1853
f 1824 1853 1835
f 1835 1853 1852
f 1835 1852 1833
f 1833 1852 1846
f 1833 1846 1839
f 1839 1846 1847
f 1839 1847 1842
f 1842 1847 1790
f 1842 1790 1402
f 1877 1878 510
f 510 1878 1879
f 510 1879 879
f 1466 1576 1468
f 1468 1576 1574
f 1468 1574 1470
f 1470 1574 494
f 1470 494 1472
f 1472 494 1474
f 1580 1578 1880
f 1446 1484 1448
f 1448 1484 1590
f 1877 510 1881
f 1881 510 1486
f 1881 1486 1484
f 1474 494 1476
f 1476 494 501
f 1476 501 1478
f 1882 1466 1883
f 1883 1466 1464
f 1883 1464 1884
f 1884 1464 1462
f 1884 1462 1885
f 1885 1462 1460
f 1885 1460 1886
f 1886 1460 1482
f 1886 1482 501
f 501 1482 1480
f 501 1480 1478
f 1446 1444 1484
f 1484 1444 1442
f 1484 1442 1881
f 1881 1442 1440
f 1881 1440 1887
f 1887 1440 1438
f 1887 1438 1888
f 1882 1889 1466
f 1466 1889 1880
f 1466 1880 1576
f 1576 1880 1578
f 1438 1436 1888
f 1888 1436 1458
f 1888 1458 1890
f 1890 1458 1456
f 1890 1456 1891
f 1891 1456 1454
f 1891 1454 1892
f 1892 1454 1452
f 1892 1452 1590
f 1590 1452 1450
f 1590 1450 1448
f 1590 1588 1892
f 1892 1588 1586
f 1892 1586 1893
f 1893 1586 1584
f 1893 1584 1880
f 1880 1584 1582
f 1880 1582 1580
f 1800 1894 1801
f 1895 1541 1540
f 1540 1538 1895
f 1895 1538 1537
f 1895 1537 1896
f 1896 1537 1496
f 1896 1496 1498
f 1897 1533 1535
f 1535 1536 1897
f 1897 1536 1492
f 1897 1492 1895
f 1895 1492 1491
f 1895 1491 1541
f 1898 1526 1532
f 1532 1531 1898
f 1898 1531 1529
f 1898 1529 1897
f 1897 1529 1528
f 1897 1528 1533
f 1899 1519 1521
f 1521 1522 1899
f 1899 1522 1524
f 1899 1524 1898
f 1898 1524 1527
f 1898 1527 1526
f 1511 1518 1900
f 1900 1518 1517
f 1517 1515 1900
f 1900 1515 1513
f 1900 1513 1899
f 1899 1513 1512
f 1899 1512 1519
f 1509 1508 1901
f 1509 1901 1504
f 1508 1506 1901
f 1901 1506 1505
f 1901 1505 1900
f 1900 1505 1511
f 1902 1402 1901
f 1901 1402 1494
f 1901 1494 1504
f 1841 1903 1840
f 1840 1903 1838
f 1844 1904 1845
f 1845 1904 1903
f 1845 1903 1843
f 1843 1903 1841
f 1905 1826 1906
f 1906 1826 1825
f 1825 1837 1906
f 1906 1837 1836
f 1906 1836 1834
f 1834 1832 1906
f 1906 1832 1831
f 1906 1831 1903
f 1903 1831 1838
f 1907 1819 1905
f 1905 1819 1818
f 1905 1818 1830
f 1830 1829 1905
f 1905 1829 1828
f 1905 1828 1826
f 1908 1813 1907
f 1907 1813 1812
f 1907 1812 1823
f 1823 1822 1907
f 1907 1822 1821
f 1907 1821 1819
f 1909 1806 1805
f 1909 1805 1908
f 1908 1805 1811
f 1908 1811 1810
f 1810 1816 1908
f 1908 1816 1815
f 1908 1815 1813
f 1894 1800 1909
f 1909 1800 1799
f 1909 1799 1802
f 1802 1804 1909
f 1909 1804 1808
f 1909 1808 1806
f 1844 1402 1904
f 1904 1402 1902
f 1904 1902 1910
f 1910 1902 1911
f 1910 1911 1912
f 1912 1911 1913
f 1912 1913 1914
f 1914 1913 1915
f 1914 1915 1916
f 1916 1915 1917
f 1916 1917 1918
f 1918 1917 1919
f 1918 1919 1920
f 1920 1919 1921
f 1920 1921 1922
f 1922 1921 1923
f 1922 1923 921
f 921 1923 898
f 1613 1612 493
f 493 1612 495
f 898 1923 511
f 511 1923 1921
f 511 1921 1485
f 1612 1611 495
f 495 1611 1610
f 495 1610 1503
f 1503 1610 1609
f 1605 1900 1899
f 1608 1501 1609
f 1609 1501 1502
f 1609 1502 1503
f 1607 1498 1608
f 1608 1498 1500
f 1608 1500 1501
f 1899 1898 1605
f 1605 1898 1897
f 1605 1897 1606
f 1606 1897 1895
f 1606 1895 1607
f 1607 1895 1896
f 1607 1896 1498
f 1589 1483 1602
f 1602 1483 1591
f 1921 1919 1485
f 1485 1919 1917
f 1485 1917 1483
f 1913 1598 1597
f 1913 1597 1915
f 1589 1602 1587
f 1587 1602 1601
f 1587 1601 1600
f 1597 1596 1915
f 1915 1596 1595
f 1915 1595 1917
f 1595 1594 1917
f 1917 1594 1593
f 1917 1593 1483
f 1483 1593 1592
f 1483 1592 1591
f 1598 1913 1599
f 1599 1913 1911
f 1599 1911 1902
f 1605 1604 1573
f 1573 1604 1603
f 1573 1603 493
f 493 1603 1614
f 493 1614 1613
f 1579 1900 1577
f 1577 1900 1605
f 1577 1605 1575
f 1575 1605 1573
f 1600 1599 1587
f 1587 1599 1902
f 1587 1902 1585
f 1585 1902 1901
f 1585 1901 1583
f 1583 1901 1900
f 1583 1900 1581
f 1581 1900 1579
f 1907 1905 1690
f 1924 1912 1914
f 1907 1690 1908
f 1704 677 1706
f 1706 677 1792
f 1706 1792 1708
f 1708 1792 1794
f 1708 1794 1710
f 1710 1794 1795
f 1710 1795 1688
f 1688 1795 1797
f 1704 1702 677
f 677 1702 1700
f 677 1700 930
f 1692 1925 1694
f 1694 1925 1926
f 1920 1927 1918
f 1918 1927 1924
f 1918 1924 1916
f 1916 1924 1914
f 1922 921 1928
f 1928 1929 1922
f 1922 1929 1930
f 1922 1930 1920
f 1920 1930 1931
f 1920 1931 1927
f 1700 1698 930
f 930 1698 1696
f 930 1696 1932
f 1932 1696 1694
f 1932 1694 1933
f 1933 1694 1926
f 1934 1935 1936
f 1936 1935 1937
f 1797 1801 1688
f 1688 1801 1894
f 1688 1894 1690
f 1690 1894 1909
f 1690 1909 1908
f 1938 1939 931
f 931 1939 1940
f 931 1940 921
f 921 1940 1941
f 921 1941 1928
f 1938 931 1934
f 1934 931 1942
f 1934 1942 1935
f 1943 1904 1944
f 1944 1904 1910
f 1944 1910 1945
f 1945 1910 1912
f 1945 1912 1937
f 1937 1912 1924
f 1937 1924 1936
f 1692 1690 1925
f 1925 1690 1905
f 1925 1905 1946
f 1946 1905 1906
f 1946 1906 1943
f 1943 1906 1903
f 1943 1903 1904
f 1679 1676 1880
f 1765 1768 1947
f 1947 1768 1767
f 1767 1766 1947
f 1947 1766 1757
f 1947 1757 1948
f 1948 1757 1756
f 1948 1756 826
f 1780 1949 1781
f 1781 1949 1770
f 1780 1779 1949
f 1949 1779 1761
f 1949 1761 1947
f 1947 1761 1763
f 1947 1763 1765
f 1778 1777 1950
f 1950 1777 1776
f 1950 1776 1949
f 1949 1776 1771
f 1949 1771 1770
f 1730 1784 1951
f 1784 1783 1951
f 1951 1783 1782
f 1951 1782 1950
f 1950 1782 1775
f 1950 1775 1778
f 1734 1746 1952
f 1746 1745 1952
f 1952 1745 1733
f 1952 1733 1951
f 1951 1733 1731
f 1951 1731 1730
f 1753 1752 1953
f 1953 1752 1736
f 1953 1736 1952
f 1952 1736 1735
f 1952 1735 1734
f 1954 1750 1751
f 1751 1748 1954
f 1954 1748 1747
f 1954 1747 1953
f 1953 1747 1754
f 1953 1754 1753
f 1955 1785 1789
f 1789 1788 1955
f 1955 1788 1787
f 1955 1787 1954
f 1954 1787 1749
f 1954 1749 1750
f 1892 1669 1891
f 1891 1669 1364
f 1893 1670 1892
f 1892 1670 1674
f 1892 1674 1673
f 1673 1672 1892
f 1892 1672 1668
f 1892 1668 1669
f 1683 1682 1893
f 1880 1676 1893
f 1893 1676 1675
f 1893 1675 1683
f 1682 1681 1893
f 1893 1681 1671
f 1893 1671 1670
f 1684 1678 1889
f 1678 1616 1889
f 1889 1616 1615
f 1889 1615 1880
f 1880 1615 1680
f 1880 1680 1679
f 1647 1642 1882
f 1642 1640 1882
f 1882 1640 1686
f 1882 1686 1889
f 1889 1686 1685
f 1889 1685 1684
f 1883 1884 1650
f 1650 1652 1883
f 1883 1652 1653
f 1883 1653 1645
f 1645 1644 1883
f 1883 1644 1649
f 1883 1649 1882
f 1882 1649 1648
f 1882 1648 1647
f 1885 1660 1884
f 1884 1660 1658
f 1884 1658 1657
f 1657 1655 1884
f 1884 1655 1654
f 1884 1654 1650
f 501 1662 1886
f 1886 1662 1663
f 1886 1663 1885
f 1885 1663 1667
f 1885 1667 1665
f 1665 1664 1885
f 1885 1664 1661
f 1885 1661 1660
f 973 879 1879
f 973 1879 1956
f 1956 1879 1878
f 1956 1878 1957
f 1957 1878 1877
f 1957 1877 1958
f 1958 1877 1881
f 1958 1881 1959
f 1959 1881 1887
f 1959 1887 1960
f 1960 1887 1888
f 1960 1888 1961
f 1961 1888 1890
f 1961 1890 1962
f 1962 1890 1891
f 1962 1891 1963
f 1963 1891 1364
f 1963 1364 1955
f 1955 1364 1786
f 1955 1786 1785
f 1697 1964 1695
f 1695 1964 1965
f 1695 1965 1693
f 1693 1965 1966
f 1693 1966 1691
f 1691 1966 1967
f 1691 1967 1689
f 1689 1967 1968
f 1689 1968 1687
f 1687 1968 1969
f 1687 1969 1709
f 1709 1969 1970
f 1709 1970 1707
f 1707 1970 1971
f 1707 1971 1705
f 1705 1971 1972
f 1705 1972 1703
f 1703 1972 1973
f 1703 1973 1701
f 1701 1973 1974
f 1701 1974 1699
f 1699 1974 955
f 1699 955 1697
f 1697 955 1964
f 930 954 677
f 677 954 955
f 955 826 677
f 677 826 1755
f 677 1755 1791
f 1791 1755 1759
f 1791 1759 1872
f 1872 1759 1760
f 1872 1760 1873
f 1873 1760 1716
f 1873 1716 1874
f 1874 1716 1715
f 1874 1715 1875
f 1875 1715 1713
f 1875 1713 1876
f 1876 1713 1712
f 1876 1712 354
f 354 1712 364
f 354 364 285
f 285 364 286
f 954 930 1975
f 1975 930 1932
f 1975 1932 1976
f 1976 1932 1933
f 1976 1933 1977
f 1977 1933 1926
f 1977 1926 1978
f 1978 1926 1925
f 1978 1925 1979
f 1979 1925 1946
f 1979 1946 1980
f 1980 1946 1943
f 1980 1943 1981
f 1981 1943 1944
f 1981 1944 1982
f 1982 1944 1945
f 1982 1945 1983
f 1983 1945 1937
f 1983 1937 1984
f 1984 1937 1935
f 1984 1935 1985
f 1985 1935 1942
f 1985 1942 986
f 986 1942 931
f 511 510 898
f 898 510 879
f 898 879 921
f 986 931 979
f 979 931 921
f 979 921 973
f 973 921 879
f 1986 1927 1987
f 1987 1927 1931
f 1987 1931 1988
f 1988 1931 1930
f 1988 1930 1989
f 1989 1930 1929
f 1989 1929 1990
f 1990 1929 1928
f 1990 1928 1991
f 1991 1928 1941
f 1991 1941 1992
f 1992 1941 1940
f 1992 1940 1993
f 1993 1940 1939
f 1993 1939 1994
f 1994 1939 1938
f 1994 1938 1995
f 1995 1938 1934
f 1995 1934 1996
f 1996 1934 1936
f 1996 1936 1997
f 1997 1936 1924
f 1997 1924 1986
f 1986 1924 1927
f 986 979 1998
f 1998 1999 986
f 986 1999 2000
f 986 2000 1985
f 1985 2000 2001
f 826 955 1974
f 979 973 2002
f 2002 973 2003
f 1982 1983 2001
f 2001 1983 1984
f 2001 1984 1985
f 826 1974 1948
f 2003 973 2004
f 2004 973 1956
f 2004 1956 2005
f 2005 1956 1957
f 2005 1957 2006
f 1974 1973 1948
f 1948 1973 1972
f 1948 1972 1947
f 1961 1962 2007
f 1966 1965 954
f 954 1965 1964
f 954 1964 955
f 1961 2007 1960
f 1968 1953 1952
f 2006 1957 2008
f 2008 1957 1958
f 2008 1958 2007
f 2007 1958 1959
f 2007 1959 1960
f 1972 1971 1947
f 1947 1971 1970
f 1947 1970 1949
f 1949 1970 1969
f 1949 1969 1950
f 1950 1969 1968
f 1950 1968 1951
f 1951 1968 1952
f 1966 954 1967
f 1967 954 1975
f 1967 1975 1968
f 1968 1975 1976
f 1968 1976 1953
f 2001 2007 1982
f 1982 2007 1962
f 1982 1962 1981
f 1981 1962 1963
f 1981 1963 1980
f 1980 1963 1955
f 1980 1955 1979
f 1979 1955 1954
f 1979 1954 1978
f 1978 1954 1953
f 1978 1953 1977
f 1977 1953 1976
f 1991 2002 1990
f 1990 2002 2003
f 1990 2003 1989
f 1989 2003 2004
f 1989 2004 1988
f 1988 2004 2005
f 1988 2005 1987
f 1987 2005 2006
f 1987 2006 1986
f 1986 2006 2008
f 1986 2008 1997
f 1997 2008 2007
f 1997 2007 1996
f 1996 2007 2001
f 1996 2001 1995
f 1995 2001 2000
f 1995 2000 1994
f 1994 2000 1999
f 1994 1999 1993
f 1993 1999 1998
f 1993 1998 1992
f 1992 1998 979
f 1992 979 1991
f 1991 979 2002
