# Converti depuis Right_5_1_Link.STL
# 2932 sommets, 5884 faces
o Right_5_1_Link
v 0.005350 0.004716 -0.003504
v 0.005350 0.004716 -0.001504
v 0.005417 0.004687 -0.003504
v 0.005417 0.004686 -0.001504
v 0.005491 0.004683 -0.003504
v 0.005491 0.004682 -0.001504
v 0.005561 0.004704 -0.003504
v 0.005561 0.004704 -0.001504
v 0.005854 0.004819 -0.003504
v 0.005854 0.004819 -0.001504
v 0.005316 0.004746 -0.003504
v 0.005316 0.004746 -0.001504
v 0.006525 0.004960 -0.003504
v 0.006525 0.004959 -0.001504
v 0.005275 0.004792 -0.003504
v 0.005275 0.004791 -0.001504
v 0.006733 0.004673 -0.003504
v 0.006733 0.004673 -0.001504
v 0.005249 0.004829 -0.003504
v 0.005249 0.004828 -0.001504
v 0.006392 0.004079 -0.003504
v 0.006392 0.004079 -0.001504
v 0.005259 0.005039 -0.003504
v 0.005259 0.005039 -0.001504
v 0.005230 0.004972 -0.003504
v 0.005230 0.004971 -0.001504
v 0.005227 0.004898 -0.003504
v 0.005227 0.004898 -0.001504
v 0.006192 0.003836 -0.003504
v 0.006192 0.003835 -0.001504
v 0.005404 0.005319 -0.003504
v 0.005404 0.005318 -0.001504
v 0.006150 0.003776 -0.003504
v 0.006150 0.003775 -0.001504
v 0.006131 0.003705 -0.003504
v 0.006131 0.003704 -0.001504
v 0.006138 0.003632 -0.003504
v 0.006138 0.003631 -0.001504
v 0.005614 0.005971 -0.003504
v 0.005614 0.005971 -0.001504
v 0.006156 0.003590 -0.003504
v 0.006156 0.003590 -0.001504
v 0.005351 0.006208 -0.003504
v 0.005351 0.006208 -0.001504
v 0.006187 0.003537 -0.003504
v 0.006187 0.003537 -0.001504
v 0.004724 0.005931 -0.003504
v 0.004724 0.005931 -0.001504
v 0.006214 0.003501 -0.003504
v 0.006214 0.003501 -0.001504
v 0.004461 0.005758 -0.003504
v 0.004461 0.005757 -0.001504
v 0.006273 0.003458 -0.003504
v 0.006273 0.003458 -0.001504
v 0.006344 0.003439 -0.003504
v 0.006344 0.003438 -0.001504
v 0.006417 0.003445 -0.003504
v 0.006417 0.003445 -0.001504
v 0.004253 0.005726 -0.003504
v 0.004253 0.005725 -0.001504
v 0.004325 0.005711 -0.003504
v 0.004325 0.005710 -0.001504
v 0.004397 0.005722 -0.003504
v 0.004397 0.005722 -0.001504
v 0.006728 0.003497 -0.003504
v 0.006728 0.003497 -0.001504
v 0.004214 0.005748 -0.003504
v 0.004214 0.005748 -0.001504
v 0.007413 0.003495 -0.003504
v 0.007413 0.003495 -0.001504
v 0.004164 0.005784 -0.003504
v 0.004164 0.005784 -0.001504
v 0.007557 0.003171 -0.003504
v 0.007557 0.003171 -0.001504
v 0.004131 0.005814 -0.003504
v 0.004131 0.005814 -0.001504
v 0.007100 0.002661 -0.003505
v 0.007100 0.002660 -0.001505
v 0.004097 0.006023 -0.003504
v 0.004097 0.006022 -0.001504
v 0.004083 0.005951 -0.003504
v 0.004083 0.005950 -0.001504
v 0.004094 0.005878 -0.003504
v 0.004094 0.005878 -0.001504
v 0.006854 0.002464 -0.003505
v 0.006854 0.002464 -0.001505
v 0.004181 0.006326 -0.003504
v 0.004181 0.006326 -0.001504
v 0.006800 0.002415 -0.003505
v 0.006800 0.002414 -0.001505
v 0.006767 0.002349 -0.003505
v 0.006767 0.002349 -0.001505
v 0.006759 0.002276 -0.003505
v 0.006759 0.002276 -0.001505
v 0.004250 0.007008 -0.003504
v 0.004250 0.007007 -0.001504
v 0.006768 0.002232 -0.003505
v 0.006768 0.002231 -0.001505
v 0.003943 0.007185 -0.003504
v 0.003943 0.007184 -0.001504
v 0.006787 0.002174 -0.003505
v 0.006787 0.002173 -0.001505
v 0.003388 0.006784 -0.003504
v 0.003388 0.006784 -0.001504
v 0.006806 0.002132 -0.003505
v 0.006806 0.002132 -0.001505
v 0.003167 0.006560 -0.003504
v 0.003167 0.006559 -0.001504
v 0.006855 0.002078 -0.003505
v 0.006855 0.002078 -0.001505
v 0.006920 0.002045 -0.003505
v 0.006920 0.002044 -0.001505
v 0.006993 0.002036 -0.003505
v 0.006993 0.002036 -0.001505
v 0.002970 0.006485 -0.003504
v 0.002970 0.006484 -0.001504
v 0.003043 0.006485 -0.003504
v 0.003043 0.006485 -0.001504
v 0.003112 0.006511 -0.003504
v 0.003112 0.006511 -0.001504
v 0.007308 0.002022 -0.003505
v 0.007308 0.002022 -0.001505
v 0.002926 0.006498 -0.003504
v 0.002926 0.006498 -0.001504
v 0.007978 0.001877 -0.003505
v 0.007978 0.001877 -0.001505
v 0.002871 0.006523 -0.003504
v 0.002871 0.006523 -0.001504
v 0.008051 0.001531 -0.003505
v 0.008051 0.001531 -0.001505
v 0.002832 0.006546 -0.003504
v 0.002832 0.006546 -0.001504
v 0.007498 0.001126 -0.003505
v 0.007498 0.001126 -0.001505
v 0.002755 0.006743 -0.003504
v 0.002755 0.006743 -0.001504
v 0.002756 0.006669 -0.003504
v 0.002756 0.006669 -0.001504
v 0.002783 0.006601 -0.003504
v 0.002783 0.006601 -0.001504
v 0.007217 0.000986 -0.003505
v 0.007217 0.000985 -0.001505
v 0.002774 0.007057 -0.003504
v 0.002774 0.007057 -0.001504
v 0.007154 0.000948 -0.003505
v 0.007154 0.000948 -0.001505
v 0.007108 0.000891 -0.003505
v 0.007108 0.000890 -0.001505
v 0.007084 0.000821 -0.003505
v 0.007084 0.000821 -0.001505
v 0.002700 0.007738 -0.003504
v 0.002700 0.007738 -0.001504
v 0.007084 0.000776 -0.003505
v 0.007084 0.000776 -0.001505
v 0.002364 0.007848 -0.003504
v 0.002364 0.007847 -0.001504
v 0.007091 0.000715 -0.003505
v 0.007091 0.000715 -0.001505
v 0.001903 0.007340 -0.003504
v 0.001903 0.007340 -0.001504
v 0.007100 0.000671 -0.003505
v 0.007100 0.000671 -0.001505
v 0.001734 0.007075 -0.003504
v 0.001734 0.007074 -0.001504
v 0.007137 0.000607 -0.003505
v 0.007137 0.000607 -0.001505
v 0.007194 0.000561 -0.003505
v 0.007194 0.000561 -0.001505
v 0.007264 0.000537 -0.003505
v 0.007264 0.000537 -0.001505
v 0.001557 0.006960 -0.003504
v 0.001557 0.006960 -0.001504
v 0.001628 0.006976 -0.003504
v 0.001628 0.006976 -0.001504
v 0.001690 0.007016 -0.003504
v 0.001690 0.007016 -0.001504
v 0.007569 0.000458 -0.003505
v 0.007569 0.000458 -0.001505
v 0.001512 0.006965 -0.003504
v 0.001512 0.006965 -0.001504
v 0.008193 0.000178 -0.003505
v 0.008193 0.000177 -0.001505
v 0.001452 0.006977 -0.003504
v 0.001452 0.006977 -0.001504
v 0.008193 -0.000177 -0.003505
v 0.008193 -0.000177 -0.001505
v 0.001409 0.006992 -0.003504
v 0.001409 0.006992 -0.001504
v 0.007569 -0.000457 -0.003505
v 0.007569 -0.000458 -0.001505
v 0.001293 0.007168 -0.003504
v 0.001293 0.007168 -0.001504
v 0.001309 0.007097 -0.003504
v 0.001309 0.007096 -0.001504
v 0.001350 0.007035 -0.003504
v 0.001350 0.007035 -0.001504
v 0.007264 -0.000536 -0.003505
v 0.007264 -0.000537 -0.001505
v 0.001246 0.007480 -0.003504
v 0.001246 0.007479 -0.001504
v 0.007194 -0.000560 -0.003505
v 0.007194 -0.000560 -0.001505
v 0.007137 -0.000606 -0.003505
v 0.007137 -0.000607 -0.001505
v 0.007100 -0.000670 -0.003505
v 0.007100 -0.000670 -0.001505
v 0.001033 0.008130 -0.003504
v 0.001033 0.008130 -0.001504
v 0.007091 -0.000714 -0.003505
v 0.007091 -0.000714 -0.001505
v 0.000680 0.008167 -0.003504
v 0.000680 0.008167 -0.001504
v 0.007084 -0.000775 -0.003505
v 0.007084 -0.000775 -0.001505
v 0.000336 0.007575 -0.003504
v 0.000336 0.007575 -0.001504
v 0.007084 -0.000820 -0.003505
v 0.007084 -0.000820 -0.001505
v 0.000225 0.007281 -0.003504
v 0.000225 0.007280 -0.001504
v 0.007108 -0.000890 -0.003505
v 0.007108 -0.000890 -0.001505
v 0.007154 -0.000947 -0.003505
v 0.007154 -0.000947 -0.001505
v 0.007217 -0.000985 -0.003505
v 0.007217 -0.000985 -0.001505
v 0.000076 0.007132 -0.003504
v 0.000076 0.007132 -0.001504
v 0.000142 0.007162 -0.003504
v 0.000142 0.007162 -0.001504
v 0.000195 0.007214 -0.003504
v 0.000195 0.007214 -0.001504
v 0.007498 -0.001125 -0.003505
v 0.007498 -0.001126 -0.001505
v 0.000031 0.007127 -0.003504
v 0.000031 0.007127 -0.001504
v 0.008051 -0.001530 -0.003505
v 0.008051 -0.001530 -0.001505
v -0.000031 0.007127 -0.003504
v -0.000031 0.007127 -0.001504
v 0.007978 -0.001876 -0.003505
v 0.007978 -0.001876 -0.001505
v -0.000076 0.007132 -0.003504
v -0.000076 0.007132 -0.001504
v 0.007308 -0.002021 -0.003505
v 0.007308 -0.002021 -0.001505
v -0.000225 0.007281 -0.003504
v -0.000225 0.007280 -0.001504
v -0.000195 0.007214 -0.003504
v -0.000195 0.007214 -0.001504
v -0.000142 0.007162 -0.003504
v -0.000142 0.007162 -0.001504
v 0.006993 -0.002035 -0.003505
v 0.006993 -0.002035 -0.001505
v -0.000336 0.007575 -0.003504
v -0.000336 0.007575 -0.001504
v 0.006920 -0.002044 -0.003505
v 0.006920 -0.002044 -0.001505
v 0.006855 -0.002077 -0.003505
v 0.006855 -0.002077 -0.001505
v 0.006806 -0.002131 -0.003505
v 0.006806 -0.002132 -0.001505
v -0.000680 0.008167 -0.003504
v -0.000680 0.008167 -0.001504
v 0.006787 -0.002173 -0.003505
v 0.006787 -0.002173 -0.001505
v -0.001033 0.008130 -0.003504
v -0.001033 0.008130 -0.001504
v 0.006768 -0.002231 -0.003505
v 0.006768 -0.002231 -0.001505
v -0.001246 0.007480 -0.003504
v -0.001246 0.007479 -0.001504
v 0.006759 -0.002275 -0.003505
v 0.006759 -0.002275 -0.001505
v -0.001293 0.007168 -0.003504
v -0.001293 0.007168 -0.001504
v 0.006767 -0.002348 -0.003505
v 0.006767 -0.002348 -0.001505
v 0.006800 -0.002414 -0.003505
v 0.006800 -0.002414 -0.001505
v 0.006854 -0.002463 -0.003505
v 0.006854 -0.002464 -0.001505
v -0.001409 0.006992 -0.003504
v -0.001409 0.006992 -0.001504
v -0.001350 0.007035 -0.003504
v -0.001350 0.007035 -0.001504
v -0.001309 0.007097 -0.003504
v -0.001309 0.007096 -0.001504
v 0.007100 -0.002660 -0.003505
v 0.007100 -0.002660 -0.001505
v -0.001452 0.006977 -0.003504
v -0.001452 0.006977 -0.001504
v 0.007557 -0.003170 -0.003505
v 0.007557 -0.003171 -0.001505
v -0.001512 0.006965 -0.003504
v -0.001512 0.006965 -0.001504
v 0.007413 -0.003494 -0.003505
v 0.007413 -0.003494 -0.001505
v -0.001557 0.006960 -0.003504
v -0.001557 0.006960 -0.001504
v 0.006728 -0.003496 -0.003505
v 0.006728 -0.003496 -0.001505
v -0.001734 0.007075 -0.003504
v -0.001734 0.007074 -0.001504
v -0.001690 0.007016 -0.003504
v -0.001690 0.007016 -0.001504
v -0.001628 0.006976 -0.003504
v -0.001628 0.006976 -0.001504
v 0.006417 -0.003444 -0.003505
v 0.006417 -0.003445 -0.001505
v -0.001903 0.007340 -0.003504
v -0.001903 0.007340 -0.001504
v 0.006344 -0.003438 -0.003505
v 0.006344 -0.003438 -0.001505
v 0.006273 -0.003457 -0.003505
v 0.006273 -0.003457 -0.001505
v 0.006214 -0.003500 -0.003505
v 0.006214 -0.003500 -0.001505
v -0.002364 0.007848 -0.003504
v -0.002364 0.007847 -0.001504
v 0.006187 -0.003536 -0.003505
v 0.006187 -0.003537 -0.001505
v -0.002700 0.007738 -0.003504
v -0.002700 0.007738 -0.001504
v 0.006156 -0.003589 -0.003505
v 0.006156 -0.003589 -0.001505
v -0.002774 0.007057 -0.003504
v -0.002774 0.007057 -0.001504
v 0.006138 -0.003631 -0.003505
v 0.006138 -0.003631 -0.001505
v -0.002755 0.006743 -0.003504
v -0.002755 0.006743 -0.001504
v 0.006131 -0.003704 -0.003505
v 0.006131 -0.003704 -0.001505
v 0.006150 -0.003775 -0.003505
v 0.006150 -0.003775 -0.001505
v 0.006192 -0.003835 -0.003505
v 0.006192 -0.003835 -0.001505
v -0.002832 0.006546 -0.003504
v -0.002832 0.006546 -0.001504
v -0.002783 0.006601 -0.003504
v -0.002783 0.006601 -0.001504
v -0.002756 0.006669 -0.003504
v -0.002756 0.006669 -0.001504
v 0.006392 -0.004078 -0.003505
v 0.006392 -0.004078 -0.001505
v -0.002871 0.006523 -0.003504
v -0.002871 0.006523 -0.001504
v 0.006733 -0.004672 -0.003506
v 0.006733 -0.004672 -0.001506
v -0.002926 0.006498 -0.003504
v -0.002926 0.006498 -0.001504
v 0.006525 -0.004959 -0.003506
v 0.006525 -0.004959 -0.001506
v -0.002970 0.006485 -0.003504
v -0.002970 0.006484 -0.001504
v 0.005854 -0.004818 -0.003506
v 0.005854 -0.004819 -0.001506
v -0.003167 0.006560 -0.003504
v -0.003167 0.006559 -0.001504
v -0.003112 0.006511 -0.003504
v -0.003112 0.006511 -0.001504
v -0.003043 0.006485 -0.003504
v -0.003043 0.006485 -0.001504
v 0.005561 -0.004703 -0.003506
v 0.005561 -0.004704 -0.001506
v -0.003388 0.006784 -0.003504
v -0.003388 0.006784 -0.001504
v 0.005491 -0.004682 -0.003506
v 0.005491 -0.004682 -0.001506
v 0.005417 -0.004686 -0.003506
v 0.005417 -0.004686 -0.001506
v 0.005350 -0.004715 -0.003506
v 0.005350 -0.004716 -0.001506
v -0.003943 0.007185 -0.003504
v -0.003943 0.007184 -0.001504
v 0.005316 -0.004745 -0.003506
v 0.005316 -0.004746 -0.001506
v -0.004250 0.007008 -0.003504
v -0.004250 0.007007 -0.001504
v 0.005275 -0.004791 -0.003506
v 0.005275 -0.004791 -0.001506
v -0.004181 0.006326 -0.003504
v -0.004181 0.006326 -0.001504
v 0.005249 -0.004828 -0.003506
v 0.005249 -0.004828 -0.001506
v -0.004097 0.006023 -0.003504
v -0.004097 0.006022 -0.001504
v 0.005227 -0.004897 -0.003506
v 0.005227 -0.004898 -0.001506
v 0.005230 -0.004971 -0.003506
v 0.005230 -0.004971 -0.001506
v 0.005259 -0.005038 -0.003506
v 0.005259 -0.005039 -0.001506
v -0.004131 0.005814 -0.003504
v -0.004131 0.005814 -0.001504
v -0.004094 0.005878 -0.003504
v -0.004094 0.005878 -0.001504
v -0.004083 0.005951 -0.003504
v -0.004083 0.005950 -0.001504
v 0.005404 -0.005318 -0.003506
v 0.005404 -0.005318 -0.001506
v -0.004164 0.005784 -0.003504
v -0.004164 0.005784 -0.001504
v 0.005614 -0.005970 -0.003506
v 0.005614 -0.005970 -0.001506
v -0.004214 0.005748 -0.003504
v -0.004214 0.005748 -0.001504
v 0.005351 -0.006207 -0.003506
v 0.005351 -0.006207 -0.001506
v -0.004250 0.005727 -0.003504
v -0.004250 0.005726 -0.001504
v 0.004724 -0.005930 -0.003506
v 0.004724 -0.005931 -0.001506
v -0.004250 0.004235 -0.001504
v -0.004250 0.004236 -0.003504
v 0.004500 -0.005785 -0.003506
v 0.004500 -0.005786 -0.001506
v -0.002126 0.005611 -0.001504
v -0.003405 0.004940 -0.001504
v 0.000723 0.005957 -0.001504
v 0.005824 0.001444 -0.001505
v -0.000723 0.005957 -0.001504
v 0.004500 -0.003968 -0.001505
v 0.006000 0.000009 -0.001505
v 0.005310 0.002794 -0.001505
v 0.005318 -0.002777 -0.001505
v 0.005828 -0.001425 -0.001505
v 0.003405 0.004940 -0.001504
v 0.002126 0.005611 -0.001504
v 0.004488 0.003983 -0.001504
v -0.000500 -0.024316 -0.000008
v -0.000640 -0.027904 -0.000009
v -0.000000 -0.024450 -0.000008
v 0.000640 -0.027904 -0.000009
v 0.000500 -0.024316 -0.000008
v -0.000866 -0.023950 -0.000008
v -0.002947 -0.026851 -0.000009
v -0.001869 -0.027543 -0.000009
v -0.001000 -0.023450 -0.000008
v -0.000866 -0.022950 -0.000008
v -0.004500 -0.021271 -0.000008
v 0.003926 -0.016528 -0.000007
v 0.000866 -0.022950 -0.000008
v 0.001000 -0.023450 -0.000008
v -0.004500 -0.023450 -0.000008
v -0.004318 -0.024718 -0.000008
v -0.003786 -0.025883 -0.000008
v -0.000000 -0.022450 -0.000008
v 0.000278 -0.018458 -0.000007
v -0.000893 -0.018530 -0.000007
v -0.000500 -0.022584 -0.000008
v 0.001355 -0.018371 -0.000007
v 0.000500 -0.022584 -0.000008
v 0.002370 -0.018000 -0.000007
v 0.004500 -0.023450 -0.000008
v 0.004500 -0.014464 -0.000007
v 0.004354 -0.015535 -0.000007
v -0.002014 -0.018874 -0.000008
v -0.003024 -0.019468 -0.000008
v -0.003869 -0.020282 -0.000008
v 0.003249 -0.017370 -0.000007
v 0.001869 -0.027543 -0.000009
v 0.002947 -0.026851 -0.000009
v 0.000866 -0.023950 -0.000008
v 0.004318 -0.024718 -0.000008
v 0.003786 -0.025883 -0.000008
v -0.004500 -0.021271 0.000992
v -0.003869 -0.020283 0.000992
v -0.003024 -0.019469 0.000992
v -0.002014 -0.018874 0.000992
v -0.000893 -0.018530 0.000993
v 0.000278 -0.018458 0.000993
v 0.001355 -0.018372 0.000993
v 0.002370 -0.018000 0.000993
v 0.003249 -0.017370 0.000993
v 0.003926 -0.016528 0.000993
v 0.004354 -0.015535 0.000993
v 0.004500 -0.014464 0.000993
v -0.004488 0.003983 -0.003504
v -0.004488 0.003982 0.000996
v -0.003405 0.004940 0.000996
v -0.002126 0.005611 0.000996
v -0.000723 0.005956 0.000996
v 0.000723 0.005956 0.000996
v 0.002126 0.005611 0.000996
v 0.003405 0.004940 0.000996
v 0.004488 0.003982 0.000996
v 0.005310 0.002794 0.000995
v 0.005824 0.001443 0.000995
v 0.006000 0.000009 0.000995
v 0.005828 -0.001426 0.000995
v 0.005318 -0.002778 0.000995
v 0.004500 -0.003969 0.000995
v -0.005310 0.002794 -0.003505
v -0.005310 0.002794 0.000995
v -0.005824 0.001444 -0.003505
v -0.005824 0.001443 0.000995
v -0.006000 0.000010 -0.003505
v -0.006000 0.000009 0.000995
v -0.005828 -0.001425 -0.003505
v -0.005828 -0.001426 0.000995
v -0.005318 -0.002777 -0.003505
v -0.005318 -0.002778 0.000995
v -0.004500 -0.003968 -0.003505
v -0.004500 -0.003969 0.000995
v 0.004500 -0.023450 -0.003508
v -0.004500 -0.023450 -0.003508
v -0.004318 -0.024717 -0.003508
v -0.003786 -0.025882 -0.003508
v -0.002947 -0.026850 -0.003509
v -0.001869 -0.027543 -0.003509
v -0.000640 -0.027904 -0.003509
v 0.000640 -0.027904 -0.003509
v 0.001869 -0.027543 -0.003509
v 0.002947 -0.026850 -0.003509
v 0.003786 -0.025882 -0.003508
v 0.004318 -0.024717 -0.003508
v -0.000000 -0.024450 -0.003508
v 0.000500 -0.024316 -0.003508
v 0.000866 -0.023950 -0.003508
v 0.001000 -0.023450 -0.003508
v 0.000866 -0.022950 -0.003508
v 0.000500 -0.022583 -0.003508
v -0.000000 -0.022450 -0.003508
v -0.000500 -0.022583 -0.003508
v -0.000866 -0.022950 -0.003508
v -0.001000 -0.023450 -0.003508
v -0.000866 -0.023950 -0.003508
v -0.000500 -0.024316 -0.003508
v -0.000000 -0.016900 -0.003507
v -0.000000 -0.016900 0.000993
v 0.000697 -0.016728 -0.003507
v 0.000697 -0.016728 0.000993
v 0.001234 -0.016252 -0.003507
v 0.001234 -0.016252 0.000993
v 0.001489 -0.015580 -0.003507
v 0.001489 -0.015581 0.000993
v 0.001403 -0.014868 -0.003507
v 0.001403 -0.014868 0.000993
v 0.000995 -0.014277 -0.003507
v 0.000995 -0.014277 0.000993
v 0.000359 -0.013943 -0.003507
v 0.000359 -0.013944 0.000993
v -0.000359 -0.013943 -0.003507
v -0.000359 -0.013944 0.000993
v -0.000995 -0.014277 -0.003507
v -0.000995 -0.014277 0.000993
v -0.001403 -0.014868 -0.003507
v -0.001403 -0.014868 0.000993
v -0.001489 -0.015580 -0.003507
v -0.001489 -0.015581 0.000993
v -0.001234 -0.016252 -0.003507
v -0.001234 -0.016252 0.000993
v -0.000697 -0.016728 -0.003507
v -0.000697 -0.016728 0.000993
v -0.000000 -0.009500 -0.003506
v -0.000000 -0.009500 0.000994
v 0.000697 -0.009328 -0.003506
v 0.000697 -0.009328 0.000994
v 0.001234 -0.008852 -0.003506
v 0.001234 -0.008852 0.000994
v 0.001489 -0.008180 -0.003506
v 0.001489 -0.008181 0.000994
v 0.001403 -0.007468 -0.003506
v 0.001403 -0.007468 0.000994
v 0.000995 -0.006877 -0.003506
v 0.000995 -0.006877 0.000994
v 0.000359 -0.006543 -0.003506
v 0.000359 -0.006544 0.000994
v -0.000359 -0.006543 -0.003506
v -0.000359 -0.006544 0.000994
v -0.000995 -0.006877 -0.003506
v -0.000995 -0.006877 0.000994
v -0.001403 -0.007468 -0.003506
v -0.001403 -0.007468 0.000994
v -0.001489 -0.008180 -0.003506
v -0.001489 -0.008181 0.000994
v -0.001234 -0.008852 -0.003506
v -0.001234 -0.008852 0.000994
v -0.000697 -0.009328 -0.003506
v -0.000697 -0.009328 0.000994
v -0.000000 -0.001000 0.000995
v -0.000500 -0.000866 0.000995
v -0.001000 -0.000000 0.000995
v -0.000866 0.000500 0.000995
v -0.000500 0.000866 0.000995
v -0.000000 0.001000 0.000995
v 0.000866 0.000500 0.000995
v 0.000500 -0.000866 0.000995
v 0.000500 0.000866 0.000995
v -0.000866 -0.000500 0.000995
v 0.000866 -0.000500 0.000995
v 0.001000 -0.000000 0.000995
v -0.000866 -0.000500 -0.003505
v -0.000500 -0.000866 -0.003505
v -0.000000 -0.001000 -0.003505
v 0.000500 -0.000866 -0.003505
v -0.000000 0.001000 -0.003505
v -0.000866 0.000500 -0.003505
v -0.001000 0.000000 -0.003505
v 0.000500 0.000867 -0.003505
v 0.000866 0.000500 -0.003505
v -0.000500 0.000867 -0.003505
v 0.000866 -0.000500 -0.003505
v 0.001000 0.000000 -0.003505
v 0.004401 -0.017314 -0.005347
v 0.004558 -0.017198 -0.005226
v 0.004602 -0.017316 -0.005156
v 0.004681 -0.017106 -0.005131
v 0.004958 -0.016921 -0.004893
v 0.004981 -0.017047 -0.004820
v 0.004602 -0.017517 -0.004941
v 0.004253 -0.017820 -0.005210
v 0.004251 -0.017735 -0.005336
v 0.003847 -0.017991 -0.005672
v 0.004218 -0.017631 -0.005440
v 0.003767 -0.017886 -0.005748
v 0.003845 -0.017804 -0.005706
v 0.004120 -0.017547 -0.005540
v 0.003495 -0.018391 -0.005843
v 0.003406 -0.018297 -0.005934
v 0.003619 -0.018043 -0.005829
v 0.004224 -0.017883 -0.005070
v 0.004213 -0.017894 -0.005077
v 0.003917 -0.018167 -0.005430
v 0.003899 -0.018088 -0.005563
v 0.004617 -0.017427 -0.005058
v 0.004982 -0.017163 -0.004731
v 0.004979 -0.017187 -0.004710
v 0.004941 -0.017248 -0.004621
v 0.004892 -0.017325 -0.004506
v 0.004664 -0.017495 -0.004721
v 0.004156 -0.017517 -0.005515
v 0.004989 -0.017090 -0.004796
v 0.003939 -0.018176 -0.005262
v 0.003902 -0.018223 -0.005283
v 0.003600 -0.018599 -0.005452
v 0.003606 -0.018555 -0.005597
v 0.003604 -0.018552 -0.005603
v 0.003566 -0.018478 -0.005738
v 0.003552 -0.018453 -0.005784
v 0.004557 -0.017587 -0.004808
v 0.004288 -0.017817 -0.005027
v 0.004988 -0.017091 0.004781
v 0.004982 -0.017164 0.004717
v 0.005413 -0.016908 0.004276
v 0.005413 -0.016907 -0.004291
v 0.005364 -0.017005 -0.004190
v 0.005761 -0.016804 -0.003710
v 0.005670 -0.016872 -0.003607
v 0.007360 -0.015983 -0.001023
v 0.007391 -0.015978 -0.000737
v 0.007355 -0.016138 -0.000729
v 0.007410 -0.015975 -0.000560
v 0.007394 -0.016132 -0.000007
v 0.007432 -0.015971 -0.000359
v 0.007436 -0.015971 -0.000007
v 0.007176 -0.016017 -0.001716
v 0.007215 -0.016162 -0.001457
v 0.007016 -0.016049 -0.002140
v 0.006966 -0.016211 -0.002148
v 0.006996 -0.016054 -0.002180
v 0.007227 -0.016007 -0.001580
v 0.007251 -0.016002 -0.001477
v 0.007335 -0.015987 -0.001126
v 0.006533 -0.016181 -0.003011
v 0.006638 -0.016294 -0.002775
v 0.006374 -0.016231 -0.003260
v 0.006264 -0.016414 -0.003349
v 0.005857 -0.016442 -0.003932
v 0.005860 -0.016576 -0.003882
v 0.005575 -0.016570 -0.004269
v 0.005432 -0.016786 -0.004376
v 0.005520 -0.016598 -0.004330
v 0.006059 -0.016350 -0.003690
v 0.006273 -0.016269 -0.003397
v 0.006657 -0.016142 -0.002816
v 0.006701 -0.016128 -0.002748
v 0.006911 -0.016075 -0.002342
v 0.005036 -0.016872 -0.004821
v 0.005418 -0.016656 -0.004434
v 0.007130 -0.016382 -0.000697
v 0.007165 -0.016376 -0.000007
v 0.007004 -0.016434 -0.000203
v 0.006780 -0.016453 -0.002033
v 0.007005 -0.016405 -0.001382
v 0.006849 -0.016466 -0.001362
v 0.006969 -0.016441 -0.000677
v 0.006961 -0.016442 -0.000781
v 0.006854 -0.016465 -0.001336
v 0.006481 -0.016533 -0.002634
v 0.006357 -0.016601 -0.002545
v 0.006136 -0.016648 -0.003191
v 0.006130 -0.016679 -0.002933
v 0.006071 -0.016699 -0.003035
v 0.006029 -0.016717 -0.003094
v 0.005685 -0.016864 -0.003588
v 0.006675 -0.016507 -0.001888
v 0.006641 -0.016516 -0.001962
v 0.006428 -0.016576 -0.002423
v 0.004979 -0.017189 0.004695
v 0.004941 -0.017249 0.004606
v 0.005364 -0.017006 0.004176
v 0.004892 -0.017327 0.004492
v 0.005097 -0.017190 0.004280
v 0.005762 -0.016804 0.003694
v 0.005667 -0.016879 0.003587
v 0.006137 -0.016649 0.003175
v 0.005950 -0.016748 0.003202
v 0.005106 -0.017185 0.004270
v 0.005286 -0.017082 0.004060
v 0.005524 -0.016945 0.003782
v 0.006783 -0.016453 0.002012
v 0.006483 -0.016533 0.002617
v 0.006358 -0.016600 0.002528
v 0.007007 -0.016405 0.001363
v 0.006849 -0.016466 0.001315
v 0.006915 -0.016452 0.001061
v 0.007131 -0.016382 0.000682
v 0.006570 -0.016535 0.002119
v 0.006641 -0.016517 0.001939
v 0.006778 -0.016482 0.001588
v 0.006028 -0.016719 0.003078
v 0.006130 -0.016681 0.002914
v 0.006294 -0.016620 0.002653
v 0.005826 -0.016703 -0.003804
v 0.006217 -0.016546 -0.003278
v 0.006577 -0.016429 -0.002712
v 0.006891 -0.016349 -0.002097
v 0.007129 -0.016301 -0.001424
v 0.007262 -0.016278 -0.000715
v 0.007299 -0.016272 -0.000007
v 0.007262 -0.016278 0.000699
v 0.007131 -0.016301 0.001404
v 0.006894 -0.016349 0.002075
v 0.006579 -0.016429 0.002695
v 0.006218 -0.016546 0.003262
v 0.005827 -0.016704 0.003789
v 0.004958 -0.016923 0.004878
v 0.004981 -0.017049 0.004806
v 0.005402 -0.016662 0.004443
v 0.005432 -0.016787 0.004361
v 0.005420 -0.016653 0.004423
v 0.005520 -0.016599 0.004316
v 0.006059 -0.016351 0.003676
v 0.005960 -0.016392 0.003801
v 0.005861 -0.016577 0.003867
v 0.005859 -0.016440 0.003920
v 0.006272 -0.016273 0.003379
v 0.006265 -0.016415 0.003334
v 0.006484 -0.016195 0.003081
v 0.006640 -0.016294 0.002758
v 0.006534 -0.016181 0.002998
v 0.006994 -0.016056 0.002155
v 0.006914 -0.016074 0.002330
v 0.006969 -0.016211 0.002126
v 0.006858 -0.016087 0.002452
v 0.006654 -0.016146 0.002795
v 0.007356 -0.016138 0.000714
v 0.007397 -0.015977 0.000722
v 0.007390 -0.015978 0.000818
v 0.007217 -0.016162 0.001437
v 0.007332 -0.015988 0.001111
v 0.007277 -0.015998 0.001391
v 0.007255 -0.016002 0.001457
v 0.007175 -0.016017 0.001702
v 0.007109 -0.016030 0.001904
v 0.007437 -0.015971 0.000201
v 0.007411 -0.015975 0.000546
v 0.005288 -0.017073 -0.004081
v 0.005285 -0.017074 -0.004085
v 0.005109 -0.017187 -0.004274
v 0.006967 -0.016441 0.000661
v 0.006988 -0.016437 0.000495
v 0.006999 -0.016435 -0.000007
v 0.003917 -0.018168 0.005415
v 0.004253 -0.017822 0.005196
v 0.004251 -0.017736 0.005321
v 0.004602 -0.017318 0.005142
v 0.004218 -0.017632 0.005425
v 0.004156 -0.017518 0.005500
v 0.004401 -0.017315 0.005332
v 0.004558 -0.017199 0.005212
v 0.004681 -0.017107 0.005116
v 0.004602 -0.017519 0.004926
v 0.004617 -0.017428 0.005043
v 0.003899 -0.018090 0.005548
v 0.003566 -0.018481 0.005722
v 0.003588 -0.018510 0.005681
v 0.003593 -0.018546 0.005585
v 0.003600 -0.018601 0.005437
v 0.003847 -0.017993 0.005657
v 0.003767 -0.017888 0.005733
v 0.003619 -0.018045 0.005814
v 0.004120 -0.017548 0.005525
v 0.003845 -0.017806 0.005691
v 0.003503 -0.018395 0.005839
v 0.003501 -0.018392 0.005844
v 0.003406 -0.018298 0.005919
v 0.004556 -0.017585 0.004797
v 0.003812 -0.018326 0.005322
v 0.003902 -0.018227 0.005265
v 0.004155 -0.017948 0.005107
v 0.004212 -0.017895 0.005063
v 0.004223 -0.017885 0.005055
v 0.004518 -0.017614 0.004832
v 0.003194 -0.019127 0.005118
v 0.003600 -0.018601 0.004829
v 0.002744 -0.019626 0.005372
v 0.002816 -0.019547 0.005736
v 0.002747 -0.019629 0.005762
v 0.002526 -0.019866 0.005494
v 0.002695 -0.019693 0.005782
v 0.001982 -0.020378 0.005721
v 0.001923 -0.020407 0.005996
v 0.001385 -0.020858 0.005896
v 0.001671 -0.020640 0.006066
v 0.001378 -0.020848 0.006114
v 0.001295 -0.020930 0.005922
v 0.000666 -0.021361 0.006029
v -0.001814 -0.022516 0.006174
v -0.001866 -0.022533 0.005761
v -0.001295 -0.022337 0.005922
v 0.000932 -0.021166 0.006187
v 0.000590 -0.021409 0.006243
v -0.000000 -0.021743 0.006058
v -0.000155 -0.021809 0.006270
v -0.000167 -0.021838 0.006065
v -0.000176 -0.021821 0.006270
v -0.000729 -0.022106 0.006021
v -0.000586 -0.022041 0.006285
v -0.001311 -0.022322 0.006219
v -0.003095 -0.022837 0.005181
v -0.003660 -0.022917 0.005707
v -0.003631 -0.022921 0.004801
v -0.003659 -0.022925 0.004781
v -0.001867 -0.022529 0.006163
v -0.002505 -0.022690 0.006032
v -0.002526 -0.022715 0.005493
v -0.003061 -0.022830 0.005919
v -0.003108 -0.022837 0.005902
v -0.004860 -0.023013 0.004937
v -0.004859 -0.023013 0.005049
v -0.004901 -0.023014 0.004966
v -0.004932 -0.023014 0.004990
v -0.004642 -0.023007 0.004786
v -0.004254 -0.022979 0.005427
v -0.004786 -0.023012 0.005108
v -0.004468 -0.022999 0.004608
v -0.003697 -0.022922 0.005694
v -0.003968 -0.022961 0.005598
v -0.004232 -0.022984 0.004262
v -0.004134 -0.022976 0.004356
v -0.004255 -0.022986 0.004302
v -0.004829 -0.023008 0.005161
v -0.000259 -0.021310 0.006825
v -0.000375 -0.021363 0.006824
v -0.000283 -0.021542 0.006778
v 0.000730 -0.020742 0.006725
v 0.000728 -0.020743 0.006725
v 0.000832 -0.020907 0.006673
v 0.000443 -0.020929 0.006771
v 0.000036 -0.021150 0.006802
v 0.001790 -0.019975 0.006506
v 0.001834 -0.020161 0.006456
v 0.002410 -0.019412 0.006316
v 0.002723 -0.019318 0.006170
v 0.002614 -0.019195 0.006240
v 0.001729 -0.020021 0.006520
v 0.001410 -0.020268 0.006595
v 0.001135 -0.020480 0.006660
v 0.003276 -0.018454 0.005976
v 0.003009 -0.018775 0.006093
v 0.002686 -0.019118 0.006213
v 0.000944 -0.021137 0.006390
v -0.000160 -0.021790 0.006489
v 0.002831 -0.019505 0.005905
v 0.001942 -0.020371 0.006181
v -0.004962 -0.022930 0.005322
v -0.004916 -0.022957 0.005266
v -0.004375 -0.022951 0.005630
v -0.004845 -0.022999 0.005180
v -0.003785 -0.022898 0.005906
v -0.003173 -0.022807 0.006108
v -0.002557 -0.022679 0.006256
v 0.002796 -0.019424 0.006054
v 0.001907 -0.020282 0.006338
v 0.000905 -0.021042 0.006554
v -0.000208 -0.021691 0.006660
v -0.001339 -0.022309 0.006443
v -0.001396 -0.022205 0.006617
v -0.002620 -0.022571 0.006428
v -0.003243 -0.022698 0.006277
v -0.003866 -0.022786 0.006069
v -0.004472 -0.022837 0.005783
v -0.004987 -0.022915 0.005352
v -0.004542 -0.022661 0.005883
v -0.004581 -0.022451 0.005912
v -0.004719 -0.022458 0.005828
v -0.005139 -0.022466 0.005527
v -0.005111 -0.022637 0.005497
v -0.005105 -0.022674 0.005491
v -0.003971 -0.022402 0.006206
v -0.003932 -0.022612 0.006176
v -0.003522 -0.022348 0.006374
v -0.003307 -0.022526 0.006388
v -0.003367 -0.022319 0.006416
v -0.003988 -0.022404 0.006199
v -0.004088 -0.022417 0.006162
v -0.004576 -0.022451 0.005915
v -0.005098 -0.022716 0.005483
v -0.005050 -0.022801 0.005427
v -0.005026 -0.022844 0.005399
v -0.002719 -0.022192 0.006581
v -0.002744 -0.022198 0.006576
v -0.002686 -0.022403 0.006541
v -0.002874 -0.022230 0.006550
v -0.003355 -0.022317 0.006419
v -0.001545 -0.021851 0.006773
v -0.001603 -0.021873 0.006768
v -0.001468 -0.022045 0.006733
v -0.002048 -0.022012 0.006704
v -0.002265 -0.022079 0.006673
v -0.000662 -0.021495 0.006822
v -0.000921 -0.021613 0.006821
v -0.001360 -0.021781 0.006787
v 0.007542 -0.013103 -0.001127
v 0.007497 -0.014291 -0.001127
v 0.007339 -0.014306 -0.001718
v 0.005536 -0.007029 -0.004425
v 0.005628 -0.007070 -0.004328
v 0.005741 -0.009126 -0.004328
v 0.006755 -0.007480 -0.002800
v 0.007020 -0.007558 -0.002344
v 0.007127 -0.009315 -0.002345
v 0.005353 -0.006947 0.004605
v 0.005065 -0.006807 0.004879
v 0.005114 -0.007952 0.004879
v 0.007497 -0.014292 0.001113
v 0.005694 -0.014548 -0.004329
v 0.005109 -0.014676 -0.004892
v 0.005093 -0.015290 -0.004892
v 0.005092 -0.015316 -0.004892
v 0.006229 -0.014450 -0.003689
v 0.006701 -0.014381 -0.003014
v 0.007078 -0.014334 -0.002346
v 0.007575 -0.014286 -0.000561
v 0.007596 -0.014285 -0.000007
v 0.007575 -0.014286 0.000547
v 0.007339 -0.014306 0.001704
v 0.006701 -0.014382 0.003000
v 0.007078 -0.014335 0.002332
v 0.006229 -0.014451 0.003675
v 0.005694 -0.014549 0.004315
v 0.005067 -0.015289 0.004878
v 0.005108 -0.014677 0.004878
v 0.005536 -0.007030 0.004413
v 0.005159 -0.009013 0.004878
v 0.005628 -0.007072 0.004316
v 0.005741 -0.009127 0.004316
v 0.005902 -0.007186 0.004003
v 0.005977 -0.007215 0.003910
v 0.006277 -0.009213 0.003676
v 0.006165 -0.007287 0.003676
v 0.006822 -0.007506 0.002706
v 0.006762 -0.007486 0.002794
v 0.006749 -0.009274 0.003001
v 0.006628 -0.007441 0.002991
v 0.007003 -0.007550 0.002324
v 0.007127 -0.009315 0.002333
v 0.007084 -0.007570 0.002154
v 0.007387 -0.009340 0.001705
v 0.007240 -0.007608 0.001827
v 0.007495 -0.007646 0.000778
v 0.007415 -0.007634 0.001108
v 0.007504 -0.008329 0.001114
v 0.007332 -0.007622 0.001449
v 0.007270 -0.007613 0.001702
v 0.007532 -0.007651 -0.000366
v 0.007602 -0.008338 -0.000006
v 0.007481 -0.007644 -0.000728
v 0.007504 -0.008329 -0.001126
v 0.007425 -0.007637 -0.001124
v 0.007520 -0.007649 -0.000007
v 0.007497 -0.007647 0.000716
v 0.007347 -0.007624 -0.001467
v 0.007395 -0.007633 -0.001334
v 0.007387 -0.009340 -0.001717
v 0.007039 -0.007564 -0.002310
v 0.007090 -0.007574 -0.002171
v 0.007259 -0.007607 -0.001708
v 0.006634 -0.007444 -0.003008
v 0.006749 -0.009273 -0.003013
v 0.006552 -0.007420 -0.003149
v 0.006277 -0.009212 -0.003688
v 0.005902 -0.007185 -0.004015
v 0.005977 -0.007214 -0.003922
v 0.006165 -0.007286 -0.003688
v 0.005115 -0.007951 -0.004891
v 0.005065 -0.006806 -0.004891
v 0.005353 -0.006946 -0.004617
v 0.005161 -0.009012 -0.004891
v 0.005752 -0.011852 0.004315
v 0.006288 -0.011839 0.003675
v 0.006760 -0.011830 0.003000
v 0.007137 -0.011824 0.002332
v 0.007397 -0.011821 0.001704
v 0.005178 -0.009406 -0.004891
v 0.005183 -0.011599 -0.004891
v 0.005752 -0.011851 -0.004328
v 0.005180 -0.011867 -0.004891
v 0.005184 -0.011718 -0.004891
v 0.006288 -0.011838 -0.003688
v 0.006760 -0.011830 -0.003013
v 0.007137 -0.011824 -0.002345
v 0.007545 -0.009353 -0.001126
v 0.007643 -0.009358 -0.000006
v 0.007545 -0.009353 0.001114
v 0.007555 -0.011819 0.001114
v 0.007654 -0.011818 -0.000007
v 0.007555 -0.011818 -0.001127
v 0.007397 -0.011820 -0.001717
v 0.007542 -0.013103 0.001113
v 0.007641 -0.013099 -0.000007
v 0.005178 -0.009471 0.004878
v 0.005167 -0.011600 0.004878
v 0.005166 -0.011869 0.004878
v 0.005154 -0.013985 0.004878
v -0.005069 -0.022787 -0.005466
v -0.005101 -0.022668 -0.005502
v -0.004542 -0.022659 -0.005899
v -0.004845 -0.022988 -0.005195
v -0.004918 -0.022961 -0.005285
v -0.004375 -0.022950 -0.005646
v 0.002796 -0.019422 -0.006069
v -0.001785 -0.021933 -0.006762
v -0.001546 -0.021846 -0.006785
v -0.001468 -0.022043 -0.006749
v -0.000483 -0.021416 -0.006845
v -0.000375 -0.021361 -0.006840
v -0.000283 -0.021541 -0.006794
v -0.001359 -0.021779 -0.006803
v -0.001128 -0.021696 -0.006826
v -0.000662 -0.021494 -0.006840
v -0.002744 -0.022194 -0.006590
v -0.002686 -0.022401 -0.006557
v -0.003184 -0.022290 -0.006489
v -0.003307 -0.022525 -0.006404
v -0.003354 -0.022316 -0.006435
v -0.004581 -0.022450 -0.005928
v -0.004576 -0.022450 -0.005931
v -0.004356 -0.022436 -0.006051
v -0.003932 -0.022611 -0.006192
v -0.003987 -0.022401 -0.006212
v -0.003970 -0.022399 -0.006219
v -0.003776 -0.022380 -0.006303
v -0.003367 -0.022318 -0.006431
v -0.002719 -0.022188 -0.006596
v -0.002511 -0.022143 -0.006643
v -0.002048 -0.022009 -0.006719
v -0.005139 -0.022464 -0.005543
v -0.004867 -0.022461 -0.005746
v -0.005134 -0.022546 -0.005539
v -0.005111 -0.022633 -0.005513
v -0.000148 -0.021819 -0.006297
v -0.000170 -0.021830 -0.006298
v -0.000160 -0.021789 -0.006504
v -0.000529 -0.022014 -0.006302
v -0.001339 -0.022307 -0.006459
v -0.001247 -0.022317 -0.006259
v -0.002557 -0.022677 -0.006272
v -0.002505 -0.022704 -0.006063
v -0.002659 -0.022745 -0.006034
v -0.003173 -0.022806 -0.006124
v -0.003785 -0.022896 -0.005922
v -0.003700 -0.022927 -0.005722
v -0.003818 -0.022943 -0.005680
v -0.003108 -0.022833 -0.005916
v -0.003313 -0.022873 -0.005861
v -0.003659 -0.022921 -0.005737
v -0.001305 -0.022337 -0.006251
v -0.001867 -0.022528 -0.006179
v -0.001968 -0.022562 -0.006166
v 0.003299 -0.018997 -0.005579
v 0.002820 -0.019549 -0.005752
v 0.002831 -0.019503 -0.005920
v 0.001386 -0.020857 -0.006139
v 0.000944 -0.021135 -0.006405
v 0.001457 -0.020807 -0.006127
v 0.001942 -0.020369 -0.006197
v 0.001931 -0.020412 -0.006016
v 0.002750 -0.019630 -0.005778
v 0.002716 -0.019669 -0.005790
v 0.002098 -0.020273 -0.005976
v -0.004947 -0.022951 -0.005320
v -0.004472 -0.022835 -0.005799
v -0.003866 -0.022785 -0.006086
v -0.003243 -0.022696 -0.006293
v -0.002620 -0.022569 -0.006444
v -0.001396 -0.022203 -0.006633
v -0.000208 -0.021689 -0.006676
v 0.000905 -0.021041 -0.006570
v 0.001907 -0.020280 -0.006354
v 0.002687 -0.019122 -0.006231
v 0.002770 -0.019038 -0.006202
v 0.002723 -0.019317 -0.006185
v 0.003276 -0.018448 -0.005989
v 0.001493 -0.020212 -0.006597
v 0.001725 -0.020016 -0.006533
v 0.001834 -0.020160 -0.006472
v 0.002174 -0.019635 -0.006408
v 0.002615 -0.019194 -0.006256
v 0.000732 -0.020746 -0.006745
v 0.000794 -0.020709 -0.006737
v 0.000832 -0.020906 -0.006689
v 0.001411 -0.020270 -0.006613
v 0.000038 -0.021151 -0.006821
v 0.000173 -0.021082 -0.006814
v -0.004786 -0.023010 -0.005124
v -0.004329 -0.022990 -0.005428
v -0.004264 -0.022984 -0.005460
v -0.004961 -0.022932 -0.005337
v -0.005028 -0.022842 -0.005417
v -0.005055 -0.022806 -0.005449
v 0.000941 -0.021175 -0.006213
v 0.000836 -0.021250 -0.006230
v 0.000154 -0.021664 -0.006293
v 0.004560 -0.017579 0.003664
v 0.004500 -0.017629 0.003613
v 0.004600 -0.017547 0.003613
v 0.004593 -0.017552 0.003736
v 0.004210 -0.017893 0.004279
v 0.004557 -0.017581 0.003885
v 0.004618 -0.017532 0.003809
v 0.004592 -0.017553 0.003815
v 0.004597 -0.017549 0.003775
v 0.004600 -0.017547 0.003593
v 0.004666 -0.017494 0.003593
v 0.004778 -0.017411 0.003593
v 0.004765 -0.017420 0.003593
v 0.004804 -0.017393 0.003410
v 0.004867 -0.017349 0.003001
v 0.005012 -0.017247 0.002057
v 0.005058 -0.017215 0.001757
v 0.005094 -0.017192 0.001084
v 0.005106 -0.017184 0.000870
v 0.003631 -0.018562 0.004802
v 0.003917 -0.018202 0.004562
v 0.005147 -0.017158 0.000095
v 0.005153 -0.017154 -0.000019
v 0.005106 -0.017185 -0.000865
v 0.006488 -0.016559 0.000789
v 0.005105 -0.017186 -0.000894
v 0.005052 -0.017220 -0.001850
v 0.005048 -0.017223 -0.001874
v 0.004735 -0.017440 -0.003607
v 0.004417 -0.017700 -0.003607
v 0.004495 -0.017632 -0.003625
v 0.004558 -0.017580 -0.003675
v 0.004593 -0.017551 -0.003748
v 0.004762 -0.017420 -0.003607
v 0.004892 -0.017330 -0.002820
v 0.004597 -0.017548 -0.003788
v 0.004592 -0.017552 -0.003828
v 0.004557 -0.017580 -0.003900
v 0.004210 -0.017891 -0.004294
v 0.003600 -0.018600 -0.004844
v 0.003631 -0.018560 -0.004817
v 0.003917 -0.018201 -0.004577
v 0.004264 -0.005824 0.004966
v 0.003843 -0.005476 0.005241
v 0.003865 -0.005561 0.005422
v 0.003805 -0.005823 0.005745
v 0.003725 -0.005956 0.005819
v 0.003934 -0.006119 0.005702
v 0.004473 -0.006117 0.005197
v 0.005068 -0.006435 0.004642
v 0.004453 -0.005997 0.005042
v 0.005018 -0.006370 0.004544
v 0.005093 -0.006634 0.004799
v 0.004592 -0.006552 0.005269
v 0.004453 -0.006266 0.005324
v 0.004502 -0.006499 0.005334
v 0.004393 -0.006428 0.005406
v 0.004392 -0.005913 0.004866
v 0.004289 -0.005841 0.004947
v 0.003878 -0.005611 0.005528
v 0.003859 -0.005666 0.005584
v 0.003812 -0.005803 0.005725
v 0.004070 -0.006218 0.005621
v 0.004680 -0.006113 0.004640
v 0.004943 -0.006273 0.004397
v 0.005075 -0.006484 0.004681
v 0.005516 -0.006696 0.004237
v 0.007444 -0.007440 0.000705
v 0.007480 -0.007443 -0.000007
v 0.007309 -0.007426 0.001431
v 0.007064 -0.007385 0.002122
v 0.005548 -0.006854 0.004341
v 0.005975 -0.007034 0.003844
v 0.006743 -0.007301 0.002744
v 0.007041 -0.007122 0.001339
v 0.006848 -0.007049 0.001282
v 0.006829 -0.007046 0.001377
v 0.006839 -0.007086 0.001982
v 0.007152 -0.007135 0.000667
v 0.006941 -0.007066 0.000642
v 0.006907 -0.007060 0.000992
v 0.005445 -0.006570 0.004110
v 0.005840 -0.006745 0.003631
v 0.005718 -0.006659 0.003500
v 0.006406 -0.006924 0.002464
v 0.006189 -0.006847 0.002830
v 0.006556 -0.007007 0.002571
v 0.006180 -0.006844 0.002845
v 0.005783 -0.006689 0.003418
v 0.006671 -0.007007 0.001896
v 0.006663 -0.007005 0.001923
v 0.006457 -0.006942 0.002379
v 0.005445 -0.006569 -0.004122
v 0.005075 -0.006483 -0.004693
v 0.005068 -0.006433 -0.004654
v 0.005018 -0.006369 -0.004556
v 0.004943 -0.006272 -0.004409
v 0.005174 -0.006397 -0.004162
v 0.005318 -0.006474 -0.004009
v 0.005340 -0.006484 -0.003983
v 0.005840 -0.006744 -0.003643
v 0.007041 -0.007121 -0.001355
v 0.006842 -0.007047 -0.001296
v 0.006907 -0.007060 -0.001003
v 0.007152 -0.007134 -0.000681
v 0.006839 -0.007085 -0.001994
v 0.006664 -0.007003 -0.001906
v 0.006774 -0.007033 -0.001602
v 0.006190 -0.006847 -0.002842
v 0.006325 -0.006896 -0.002625
v 0.006556 -0.007006 -0.002582
v 0.006404 -0.006922 -0.002474
v 0.006585 -0.006982 -0.002126
v 0.005719 -0.006659 -0.003513
v 0.005766 -0.006681 -0.003454
v 0.006180 -0.006843 -0.002857
v 0.005928 -0.006872 0.003748
v 0.006670 -0.007135 0.002667
v 0.006974 -0.007215 0.002059
v 0.007199 -0.007251 0.001390
v 0.007323 -0.007263 0.000689
v 0.007180 -0.007136 -0.000007
v 0.007355 -0.007264 -0.000007
v 0.007323 -0.007263 -0.000703
v 0.007198 -0.007251 -0.001406
v 0.006974 -0.007215 -0.002072
v 0.006670 -0.007135 -0.002678
v 0.005928 -0.006871 -0.003760
v 0.005516 -0.006695 -0.004249
v 0.005093 -0.006633 -0.004811
v 0.005548 -0.006853 -0.004353
v 0.005975 -0.007033 -0.003856
v 0.006743 -0.007301 -0.002755
v 0.007064 -0.007385 -0.002134
v 0.007308 -0.007425 -0.001446
v 0.007444 -0.007440 -0.000720
v 0.005343 -0.006488 0.003969
v 0.005340 -0.006486 0.003972
v 0.005174 -0.006397 0.004150
v 0.006941 -0.007066 -0.000656
v 0.006962 -0.007069 -0.000445
v 0.006963 -0.007069 -0.000007
v 0.006964 -0.007070 0.000408
v 0.004502 -0.006497 -0.005346
v 0.004393 -0.006431 -0.005422
v 0.004453 -0.006265 -0.005335
v 0.004787 -0.006660 -0.005128
v 0.004473 -0.006115 -0.005209
v 0.003878 -0.005610 -0.005540
v 0.003859 -0.005664 -0.005596
v 0.003725 -0.005954 -0.005831
v 0.003804 -0.005822 -0.005757
v 0.003934 -0.006118 -0.005713
v 0.004368 -0.006415 -0.005440
v 0.004453 -0.005996 -0.005054
v 0.004534 -0.006016 -0.004773
v 0.003865 -0.005560 -0.005433
v 0.003843 -0.005475 -0.005252
v 0.004132 -0.005720 -0.005069
v 0.004290 -0.005836 -0.004953
v 0.004393 -0.005911 -0.004877
v 0.003811 -0.005801 -0.005736
v -0.005247 0.000058 -0.005895
v -0.005246 0.000062 -0.005893
v -0.004591 0.000059 -0.006365
v 0.001090 -0.002992 -0.006993
v 0.001044 -0.002946 -0.007006
v 0.001188 -0.002798 -0.006923
v 0.000779 -0.002680 -0.007081
v 0.000160 -0.001788 -0.007186
v 0.000487 -0.002388 -0.007163
v 0.000082 -0.002037 -0.007233
v 0.002788 -0.005025 -0.006292
v 0.002905 -0.004890 -0.006200
v 0.003192 -0.005467 -0.006102
v 0.003344 -0.005365 -0.005989
v 0.003236 -0.005508 -0.006079
v 0.002750 -0.004983 -0.006309
v 0.002742 -0.004976 -0.006313
v 0.002073 -0.003859 -0.006579
v 0.001941 -0.003988 -0.006666
v 0.001754 -0.003758 -0.006748
v 0.001459 -0.003418 -0.006857
v 0.003652 -0.005893 -0.005870
v 0.000358 -0.001530 -0.006835
v 0.000370 -0.001482 -0.006593
v 0.000432 -0.001538 -0.006587
v 0.001346 -0.002569 -0.006589
v 0.000982 -0.002104 -0.006477
v 0.001339 -0.002515 -0.006371
v 0.002213 -0.003648 -0.006258
v 0.002207 -0.003586 -0.006057
v 0.003022 -0.004668 -0.005885
v 0.002815 -0.004370 -0.005786
v 0.001541 -0.002746 -0.006310
v 0.001593 -0.002806 -0.006295
v 0.002087 -0.003432 -0.006110
v -0.004854 0.000488 -0.005436
v -0.004606 0.000484 -0.005622
v -0.005021 0.000426 -0.005632
v -0.004400 0.000426 -0.006052
v -0.005055 0.000413 -0.005672
v -0.003023 0.000352 -0.006290
v -0.002974 0.000288 -0.006576
v -0.003609 0.000430 -0.006113
v -0.003707 0.000385 -0.006359
v -0.003624 0.000431 -0.006109
v -0.004267 0.000473 -0.005821
v -0.004168 0.000470 -0.005879
v -0.003891 0.000450 -0.005996
v -0.001743 -0.000018 -0.006537
v -0.001501 -0.000181 -0.006841
v -0.001894 0.000050 -0.006517
v -0.002234 0.000108 -0.006732
v -0.002171 0.000138 -0.006468
v -0.000766 -0.000538 -0.006636
v -0.000760 -0.000541 -0.006636
v -0.000813 -0.000570 -0.006896
v -0.000613 -0.000644 -0.006641
v -0.000198 -0.001032 -0.006892
v -0.001450 -0.000150 -0.006575
v -0.001307 -0.000214 -0.006594
v -0.000774 -0.000533 -0.006635
v -0.002899 0.000325 -0.006318
v -0.002719 0.000287 -0.006359
v -0.002487 0.000238 -0.006412
v 0.003440 -0.005129 -0.005678
v 0.003414 -0.005233 -0.005851
v 0.002986 -0.004766 -0.006060
v 0.002167 -0.003741 -0.006437
v 0.001292 -0.002668 -0.006778
v 0.000284 -0.001637 -0.007041
v -0.000284 -0.001144 -0.007106
v -0.000905 -0.000690 -0.007114
v -0.001593 -0.000309 -0.007060
v -0.002321 -0.000028 -0.006948
v -0.003058 0.000147 -0.006788
v -0.003799 0.000241 -0.006564
v -0.004513 0.000280 -0.006242
v -0.004703 -0.000198 -0.006358
v -0.004842 -0.000195 -0.006273
v -0.005285 -0.000086 -0.005938
v -0.005290 -0.000190 -0.005942
v -0.003909 -0.000244 -0.006729
v -0.003870 0.000020 -0.006696
v -0.003498 -0.000285 -0.006876
v -0.003135 -0.000072 -0.006924
v -0.003414 -0.000300 -0.006898
v -0.003196 -0.000339 -0.006956
v -0.004075 -0.000228 -0.006670
v -0.004178 -0.000221 -0.006626
v -0.004622 -0.000202 -0.006400
v -0.005206 0.000210 -0.005849
v -0.005158 0.000275 -0.005792
v -0.005156 0.000277 -0.005790
v -0.002314 -0.000556 -0.007159
v -0.002507 -0.000501 -0.007119
v -0.002417 -0.000241 -0.007085
v -0.002732 -0.000437 -0.007072
v -0.002878 -0.000395 -0.007041
v -0.002036 -0.000670 -0.007202
v -0.001709 -0.000510 -0.007199
v -0.001833 -0.000753 -0.007234
v -0.000621 -0.001472 -0.007304
v -0.000664 -0.001439 -0.007307
v -0.000416 -0.001310 -0.007250
v -0.001036 -0.000873 -0.007255
v -0.001178 -0.001093 -0.007299
v -0.001331 -0.001011 -0.007285
v -0.001728 -0.000795 -0.007250
v -0.000001 -0.001965 -0.007248
v -0.000137 -0.001847 -0.007271
v -0.000579 -0.001505 -0.007301
v 0.002937 -0.004511 -0.005725
v 0.003012 -0.004598 -0.005688
v 0.003367 -0.005006 -0.005513
v -0.000174 -0.000992 -0.006638
v -0.000102 -0.001049 -0.006638
v 0.000231 -0.001354 -0.006606
v -0.001295 -0.022335 -0.005938
v -0.001866 -0.022531 -0.005778
v -0.004431 -0.022996 -0.004579
v -0.004560 -0.023003 -0.004725
v -0.004801 -0.023010 -0.004922
v -0.004858 -0.023011 -0.004956
v -0.004859 -0.023011 -0.005065
v -0.004901 -0.023012 -0.004982
v -0.004932 -0.023012 -0.005006
v -0.002526 -0.022714 -0.005509
v -0.003098 -0.022836 -0.005195
v -0.003632 -0.022920 -0.004819
v -0.003659 -0.022923 -0.004795
v -0.004134 -0.022975 -0.004373
v -0.004232 -0.022983 -0.004278
v 0.000667 -0.021359 -0.006045
v -0.000000 -0.021749 -0.006083
v -0.000725 -0.022103 -0.006038
v -0.000169 -0.021831 -0.006072
v 0.001978 -0.020380 -0.005738
v 0.002521 -0.019854 -0.005497
v 0.002751 -0.019631 -0.005395
v 0.001294 -0.020924 -0.005933
v 0.001388 -0.020860 -0.005916
v 0.003195 -0.019125 -0.005133
v 0.004557 -0.023451 0.003885
v 0.004592 -0.023451 0.003814
v 0.004593 -0.023451 0.003735
v 0.004560 -0.023451 0.003663
v 0.004500 -0.023451 0.003612
v 0.004470 -0.024323 0.003885
v 0.004250 -0.025097 0.003884
v 0.004282 -0.025109 0.003814
v 0.003770 -0.025988 0.003884
v 0.003368 -0.026521 0.003884
v 0.003394 -0.026544 0.003813
v 0.001850 -0.027600 0.003884
v 0.001247 -0.027834 0.003884
v 0.001257 -0.027867 0.003813
v -0.000163 -0.027988 0.003884
v -0.000420 -0.027988 0.003884
v -0.000424 -0.028023 0.003813
v -0.000802 -0.027917 0.003884
v -0.001247 -0.027834 0.003884
v -0.001257 -0.027867 0.003813
v -0.002277 -0.027378 0.003884
v -0.002746 -0.027087 0.003884
v -0.002767 -0.027115 0.003813
v -0.004211 -0.025175 0.003884
v -0.004250 -0.025097 0.003884
v -0.004282 -0.025109 0.003814
v -0.004470 -0.024323 0.003885
v -0.004480 -0.024288 0.003885
v -0.004514 -0.024294 0.003814
v -0.004283 -0.025110 0.003735
v -0.004252 -0.025098 0.003663
v -0.003877 -0.025851 0.003663
v 0.004329 -0.024610 0.003612
v 0.004423 -0.024277 0.003612
v 0.004483 -0.024288 0.003663
v 0.003888 -0.025696 0.003612
v 0.004196 -0.025076 0.003612
v 0.004252 -0.025098 0.003663
v 0.003172 -0.026622 0.003612
v 0.003326 -0.026482 0.003612
v 0.003370 -0.026523 0.003663
v 0.001164 -0.027791 0.003611
v 0.001231 -0.027779 0.003611
v 0.001248 -0.027837 0.003662
v -0.001164 -0.027791 0.003611
v -0.000415 -0.027931 0.003611
v -0.000421 -0.027991 0.003662
v -0.002241 -0.027333 0.003612
v -0.002006 -0.027479 0.003611
v -0.002033 -0.027533 0.003662
v -0.003172 -0.026622 0.003612
v -0.002712 -0.027042 0.003612
v -0.002748 -0.027090 0.003662
v -0.003826 -0.025819 0.003612
v -0.003326 -0.026482 0.003612
v -0.004329 -0.024610 0.003612
v -0.004196 -0.025076 0.003612
v -0.003888 -0.025696 0.003612
v 0.000415 -0.027931 0.003611
v 0.002712 -0.027042 0.003612
v -0.004423 -0.024277 0.003612
v -0.004483 -0.024288 0.003663
v -0.004515 -0.024295 0.003735
v -0.003394 -0.026545 0.003734
v -0.003394 -0.026544 0.003813
v -0.003904 -0.025868 0.003813
v 0.002006 -0.027479 0.003611
v 0.002241 -0.027333 0.003612
v 0.002033 -0.027533 0.003662
v 0.002748 -0.027090 0.003662
v 0.002047 -0.027562 0.003734
v 0.002768 -0.027116 0.003734
v 0.002047 -0.027561 0.003813
v 0.002767 -0.027115 0.003813
v -0.004500 -0.023451 0.003612
v -0.004560 -0.023451 0.003663
v -0.004593 -0.023451 0.003735
v -0.004592 -0.023451 0.003814
v -0.004557 -0.023451 0.003885
v -0.003370 -0.026523 0.003663
v -0.003905 -0.025869 0.003734
v -0.003875 -0.025850 0.003884
v -0.003122 -0.026745 0.003884
v -0.003246 -0.026632 0.003884
v -0.003368 -0.026521 0.003884
v -0.003770 -0.025988 0.003884
v -0.002768 -0.027116 0.003734
v -0.001488 -0.027740 0.003884
v -0.002031 -0.027530 0.003884
v -0.002047 -0.027561 0.003813
v -0.002191 -0.027431 0.003884
v -0.002047 -0.027562 0.003734
v -0.001257 -0.027868 0.003734
v -0.001248 -0.027837 0.003662
v -0.001231 -0.027779 0.003611
v -0.000424 -0.028024 0.003734
v 0.000000 -0.027931 0.003611
v 0.000421 -0.027991 0.003662
v 0.000424 -0.028024 0.003734
v 0.000424 -0.028023 0.003813
v 0.001121 -0.027858 0.003884
v 0.000464 -0.027980 0.003884
v 0.000420 -0.027988 0.003884
v 0.001257 -0.027868 0.003734
v 0.002031 -0.027530 0.003884
v 0.003122 -0.026745 0.003884
v 0.002746 -0.027087 0.003884
v 0.002707 -0.027112 0.003884
v 0.002191 -0.027431 0.003884
v 0.003394 -0.026545 0.003734
v 0.004211 -0.025175 0.003884
v 0.003875 -0.025850 0.003884
v 0.003904 -0.025868 0.003813
v 0.003818 -0.025925 0.003884
v 0.003905 -0.025869 0.003734
v 0.003877 -0.025851 0.003663
v 0.003826 -0.025819 0.003612
v 0.004283 -0.025110 0.003735
v 0.004480 -0.024288 0.003885
v 0.004514 -0.024294 0.003814
v 0.004515 -0.024295 0.003735
v -0.003488 -0.025991 0.004167
v -0.002540 -0.026749 0.004327
v 0.001923 -0.027433 0.004046
v 0.002867 -0.026749 0.004106
v 0.004217 -0.023451 0.004271
v -0.001000 -0.023473 0.005981
v -0.001000 -0.023451 0.005981
v -0.001242 -0.023451 0.005934
v -0.001228 -0.024324 0.005869
v -0.000485 -0.024324 0.005981
v -0.000855 -0.023970 0.005981
v -0.000480 -0.024328 0.005981
v -0.001186 -0.025177 0.005679
v -0.000254 -0.024383 0.005981
v -0.000246 -0.025177 0.005801
v 0.000023 -0.024451 0.005981
v 0.000457 -0.024324 0.005981
v 0.000726 -0.024324 0.005956
v 0.000519 -0.024305 0.005981
v 0.000729 -0.024086 0.005981
v 0.001293 -0.023451 0.005911
v 0.001000 -0.023451 0.005981
v 0.000877 -0.023931 0.005981
v 0.001685 -0.024324 0.005750
v 0.004170 -0.024323 0.004226
v 0.004029 -0.025177 0.004091
v 0.003127 -0.025991 0.004458
v 0.000538 -0.027433 0.004468
v 0.001248 -0.027433 0.004316
v -0.000189 -0.027433 0.004498
v -0.000910 -0.027433 0.004404
v -0.001604 -0.027433 0.004190
v -0.001809 -0.026749 0.004697
v -0.002770 -0.025991 0.004699
v -0.003700 -0.025177 0.004407
v -0.003829 -0.024323 0.004553
v 0.003623 -0.023451 0.004792
v 0.003432 -0.024323 0.004873
v 0.003471 -0.023451 0.004926
v 0.002625 -0.023451 0.005445
v 0.002596 -0.024323 0.005386
v 0.002523 -0.023451 0.005485
v 0.001704 -0.023451 0.005813
v -0.001294 -0.023451 0.005917
v -0.002165 -0.024324 0.005581
v -0.002190 -0.023451 0.005642
v -0.002518 -0.023451 0.005476
v -0.003041 -0.024323 0.005138
v -0.003872 -0.023451 0.004602
v -0.003621 -0.023451 0.004788
v -0.003075 -0.023451 0.005193
v 0.000701 -0.025177 0.005762
v 0.001628 -0.025177 0.005564
v 0.002509 -0.025177 0.005212
v 0.003317 -0.025177 0.004716
v -0.002938 -0.025177 0.004972
v -0.002092 -0.025177 0.005400
v -0.001973 -0.025991 0.005103
v -0.001118 -0.025991 0.005366
v -0.000232 -0.025991 0.005481
v 0.000661 -0.025991 0.005444
v 0.001535 -0.025991 0.005257
v 0.002365 -0.025991 0.004926
v -0.001025 -0.026749 0.004938
v -0.000213 -0.026749 0.005043
v 0.000606 -0.026749 0.005010
v 0.001407 -0.026749 0.004838
v 0.002168 -0.026749 0.004534
v -0.004557 -0.022789 0.003885
v -0.000969 -0.023202 0.005986
v -0.000877 -0.022971 0.006001
v -0.000723 -0.022760 0.006022
v -0.000519 -0.022596 0.006044
v -0.000281 -0.022491 0.006060
v -0.000023 -0.022451 0.006067
v -0.000000 -0.022454 0.006066
v 0.000248 -0.022482 0.006062
v 0.000480 -0.022574 0.006047
v 0.000691 -0.022728 0.006026
v 0.000855 -0.022931 0.006004
v 0.000960 -0.023170 0.005988
v 0.001000 -0.023428 0.005981
v 0.000208 -0.008635 0.007048
v 0.000216 -0.011698 0.006962
v 0.000893 -0.011672 0.006857
v -0.000476 -0.011735 0.006997
v -0.003176 -0.015618 0.006558
v -0.003780 -0.015778 0.006338
v -0.003840 -0.018698 0.006310
v 0.003989 -0.007480 0.005700
v -0.005261 -0.001258 0.005924
v -0.005105 -0.005077 0.005833
v -0.004546 -0.005058 0.006265
v 0.003373 -0.015967 0.005985
v 0.003955 -0.015716 0.005692
v 0.001501 -0.016758 0.006658
v 0.002772 -0.016229 0.006235
v 0.000835 -0.017025 0.006812
v 0.000154 -0.017297 0.006907
v -0.000538 -0.017571 0.006936
v -0.001233 -0.017841 0.006904
v -0.001920 -0.018097 0.006820
v -0.002588 -0.018331 0.006693
v -0.003229 -0.018533 0.006529
v -0.004419 -0.018822 0.006014
v -0.004972 -0.018899 0.005615
v -0.004973 -0.018922 0.005615
v -0.004622 -0.000203 0.006392
v -0.004391 -0.000211 0.006517
v -0.003933 -0.005047 0.006573
v -0.004703 -0.000200 0.006348
v -0.005004 -0.000194 0.006154
v -0.005290 -0.000191 0.005932
v -0.003287 -0.005060 0.006801
v -0.003410 -0.000315 0.006873
v -0.003910 -0.000251 0.006713
v -0.004075 -0.000229 0.006660
v -0.002615 -0.005114 0.006972
v -0.003040 -0.000362 0.006992
v -0.003197 -0.000342 0.006942
v -0.001925 -0.005221 0.007103
v -0.002514 -0.000520 0.007099
v -0.002733 -0.000454 0.007055
v -0.001193 -0.001100 0.007281
v -0.001333 -0.001027 0.007267
v -0.001223 -0.005378 0.007187
v -0.001844 -0.000762 0.007216
v -0.002034 -0.000663 0.007196
v -0.000520 -0.005576 0.007209
v -0.000626 -0.001487 0.007280
v -0.001059 -0.001170 0.007294
v 0.000078 -0.002046 0.007214
v -0.000010 -0.001967 0.007232
v -0.000180 -0.001814 0.007266
v -0.000587 -0.001515 0.007279
v 0.000830 -0.002723 0.007063
v 0.000780 -0.002678 0.007073
v 0.000857 -0.006061 0.007015
v 0.000176 -0.005806 0.007154
v 0.001942 -0.003990 0.006659
v 0.001893 -0.003931 0.006681
v 0.001522 -0.006334 0.006808
v 0.001456 -0.003434 0.006838
v 0.001033 -0.002953 0.006990
v 0.002749 -0.004976 0.006296
v 0.002751 -0.005021 0.006298
v 0.002789 -0.005024 0.006279
v 0.002838 -0.005084 0.006257
v 0.003247 -0.005493 0.006056
v 0.002890 -0.005147 0.006233
v 0.002793 -0.006911 0.006285
v 0.004568 -0.007734 0.005334
v 0.004527 -0.015487 0.005332
v 0.004607 -0.011607 0.005332
v 0.004023 -0.011615 0.005694
v 0.002821 -0.011633 0.006246
v 0.001553 -0.011654 0.006692
v -0.004352 -0.015911 0.006041
v -0.004959 -0.008683 0.005747
v -0.004887 -0.012318 0.005680
v -0.004330 -0.012238 0.006069
v -0.004887 -0.012337 0.005679
v -0.004865 -0.013425 0.005659
v -0.003760 -0.012138 0.006367
v -0.003158 -0.012032 0.006588
v -0.002524 -0.011932 0.006754
v -0.002541 -0.015439 0.006723
v -0.004909 -0.016008 0.005642
v -0.004910 -0.016032 0.005642
v -0.004951 -0.018440 0.005627
v -0.000485 -0.008524 0.007091
v -0.001171 -0.011784 0.006966
v -0.004967 -0.008492 0.005752
v -0.004413 -0.008444 0.006156
v -0.004966 -0.008501 0.005751
v -0.003825 -0.008392 0.006459
v -0.003205 -0.008352 0.006683
v -0.002555 -0.008341 0.006851
v -0.001878 -0.008369 0.006981
v -0.001185 -0.008433 0.007065
v -0.005395 -0.000189 -0.005850
v -0.005842 -0.000188 -0.005384
v -0.005837 -0.000089 -0.005380
v -0.005824 -0.000188 -0.005406
v -0.005793 0.000058 -0.005343
v -0.005690 0.000275 -0.005256
v -0.005688 0.000277 -0.005255
v -0.005571 0.000413 -0.005156
v -0.005530 0.000426 -0.005122
v -0.005334 0.000490 -0.004956
v -0.005237 0.000490 -0.005067
v -0.005792 0.000063 -0.005342
v -0.005748 0.000208 -0.005305
v -0.004901 -0.016031 -0.005654
v -0.004901 -0.016007 -0.005654
v -0.004352 -0.015909 -0.006055
v -0.004546 -0.005056 -0.006276
v -0.003840 -0.018696 -0.006325
v -0.004419 -0.018820 -0.006029
v -0.003229 -0.018531 -0.006544
v -0.002588 -0.018329 -0.006708
v -0.001920 -0.018095 -0.006835
v -0.000538 -0.017569 -0.006951
v -0.001233 -0.017839 -0.006919
v 0.000835 -0.017023 -0.006826
v 0.000154 -0.017295 -0.006922
v 0.001501 -0.016756 -0.006673
v 0.002772 -0.016227 -0.006249
v 0.003373 -0.015965 -0.005999
v 0.003955 -0.015714 -0.005707
v 0.004527 -0.015486 -0.005346
v 0.004568 -0.007733 -0.005346
v 0.003989 -0.007479 -0.005711
v 0.002793 -0.006910 -0.006297
v 0.001522 -0.006332 -0.006820
v 0.000857 -0.006059 -0.007026
v -0.000520 -0.005574 -0.007220
v 0.000176 -0.005804 -0.007165
v -0.001223 -0.005376 -0.007198
v -0.001925 -0.005219 -0.007115
v -0.002615 -0.005112 -0.006983
v -0.003287 -0.005058 -0.006812
v -0.003933 -0.005045 -0.006584
v -0.005037 -0.020671 -0.005601
v -0.004986 -0.018920 -0.005621
v -0.004985 -0.018897 -0.005621
v 0.004023 -0.011613 -0.005707
v 0.002821 -0.011631 -0.006259
v 0.004607 -0.011605 -0.005345
v -0.004330 -0.012236 -0.006082
v -0.004889 -0.010879 -0.005706
v -0.004413 -0.008442 -0.006169
v -0.004980 -0.008500 -0.005771
v -0.004981 -0.008491 -0.005771
v -0.005066 -0.006260 -0.005831
v -0.005110 -0.005076 -0.005853
v -0.003760 -0.012136 -0.006380
v -0.003825 -0.008390 -0.006471
v -0.003158 -0.012030 -0.006601
v -0.003205 -0.008351 -0.006695
v -0.002524 -0.011930 -0.006767
v -0.002555 -0.008339 -0.006863
v -0.001878 -0.008367 -0.006993
v -0.001171 -0.011782 -0.006979
v -0.001185 -0.008431 -0.007077
v -0.000476 -0.011733 -0.007010
v -0.000485 -0.008522 -0.007104
v 0.000216 -0.011696 -0.006976
v 0.000208 -0.008633 -0.007060
v 0.000893 -0.011670 -0.006870
v 0.001553 -0.011653 -0.006705
v -0.004882 -0.015350 -0.005662
v -0.004887 -0.012335 -0.005691
v -0.004887 -0.012316 -0.005692
v -0.002541 -0.015438 -0.006737
v -0.003176 -0.015616 -0.006572
v -0.003780 -0.015776 -0.006352
v 0.004600 -0.017540 0.003593
v 0.004600 -0.017515 0.002881
v 0.004600 -0.017482 0.001929
v 0.004600 -0.017478 0.001828
v 0.004600 -0.017463 0.001006
v 0.004600 -0.017446 0.000087
v 0.004600 -0.017508 -0.002702
v 0.004600 -0.017537 -0.003607
v 0.004600 -0.017445 -0.000010
v 0.004600 -0.017457 -0.000828
v 0.004600 -0.017464 -0.001340
v 0.004600 -0.017477 -0.001754
v 0.004600 -0.006061 0.003614
v 0.004500 -0.005993 0.003614
v 0.004288 -0.005841 -0.003606
v 0.003843 -0.005475 -0.003606
v 0.004600 -0.006060 -0.003606
v 0.004500 -0.005993 0.003684
v 0.004288 -0.005842 0.003684
v 0.003843 -0.005476 0.003684
v 0.002934 -0.004515 -0.003606
v -0.005334 0.000490 -0.003605
v -0.005142 0.000489 -0.003605
v -0.004566 0.000483 -0.004313
v -0.004563 0.000483 -0.004316
v -0.003891 0.000453 -0.004934
v -0.003811 0.000446 -0.004991
v -0.003324 0.000397 -0.005338
v -0.002718 0.000292 -0.005678
v -0.002959 0.000334 -0.005543
v -0.002231 0.000165 -0.005893
v -0.002035 0.000095 -0.005959
v -0.001740 -0.000011 -0.006060
v -0.001516 -0.000118 -0.006113
v -0.000765 -0.000538 -0.006239
v -0.001057 -0.000361 -0.006202
v -0.001242 -0.000249 -0.006178
v -0.000246 -0.000928 -0.006239
v -0.000052 -0.001099 -0.006209
v -0.000029 -0.001119 -0.006205
v 0.000235 -0.001351 -0.006165
v 0.000766 -0.001875 -0.005986
v 0.002329 -0.003748 -0.004542
v 0.002221 -0.003608 -0.004691
v 0.001960 -0.003267 -0.005055
v 0.001939 -0.003240 -0.005077
v 0.001668 -0.002902 -0.005356
v 0.001542 -0.002744 -0.005487
v 0.001249 -0.002401 -0.005715
v 0.000955 -0.002081 -0.005880
v 0.000941 -0.002066 -0.005888
v 0.002823 -0.004381 -0.003606
v 0.002660 -0.004175 -0.003939
v 0.002551 -0.004038 -0.004162
v -0.000969 -0.023201 -0.006002
v -0.001000 -0.023449 -0.005997
v -0.001293 -0.023449 -0.005927
v 0.002518 -0.023449 -0.005492
v 0.003075 -0.023449 -0.005210
v 0.003621 -0.023449 -0.004804
v 0.003872 -0.023449 -0.004618
v 0.004557 -0.023449 -0.003901
v 0.001294 -0.023449 -0.005934
v 0.002190 -0.023449 -0.005658
v 0.000855 -0.022930 -0.006020
v 0.000960 -0.023168 -0.006004
v 0.000997 -0.023427 -0.005998
v 0.001242 -0.023449 -0.005950
v 0.001000 -0.023449 -0.005997
v 0.000691 -0.022726 -0.006042
v 0.000480 -0.022572 -0.006063
v 0.000248 -0.022480 -0.006078
v -0.000723 -0.022758 -0.006038
v -0.000519 -0.022595 -0.006060
v -0.000281 -0.022489 -0.006076
v -0.000022 -0.022452 -0.006082
v -0.000000 -0.022449 -0.006083
v -0.000877 -0.022969 -0.006017
v -0.001704 -0.023449 -0.005829
v -0.002523 -0.023449 -0.005502
v -0.002625 -0.023449 -0.005461
v -0.004557 -0.022788 -0.003901
v -0.004160 -0.022962 -0.004346
v -0.004557 -0.023449 -0.003901
v -0.004217 -0.023449 -0.004288
v -0.003471 -0.023449 -0.004942
v -0.003623 -0.023449 -0.004809
v 0.003875 -0.025849 -0.003901
v 0.003770 -0.025987 -0.003901
v 0.003488 -0.025990 -0.004184
v 0.003246 -0.026631 -0.003901
v 0.003122 -0.026744 -0.003901
v 0.002540 -0.026748 -0.004344
v -0.002031 -0.027529 -0.003902
v -0.002191 -0.027430 -0.003902
v -0.001923 -0.027432 -0.004063
v -0.002746 -0.027086 -0.003902
v -0.003122 -0.026744 -0.003901
v -0.002867 -0.026748 -0.004123
v -0.004480 -0.024287 -0.003901
v -0.000485 -0.024322 -0.005997
v -0.000726 -0.024322 -0.005972
v -0.000729 -0.024088 -0.005997
v 0.000877 -0.023929 -0.005997
v 0.001228 -0.024322 -0.005886
v 0.000519 -0.024304 -0.005997
v 0.000246 -0.025175 -0.005818
v 0.000254 -0.024381 -0.005997
v 0.000457 -0.024322 -0.005997
v 0.001186 -0.025175 -0.005696
v -0.000480 -0.024326 -0.005997
v -0.000701 -0.025175 -0.005779
v 0.000023 -0.024449 -0.005997
v -0.000855 -0.023969 -0.005997
v -0.001685 -0.024322 -0.005767
v -0.001000 -0.023472 -0.005997
v -0.004170 -0.024322 -0.004242
v -0.004470 -0.024322 -0.003901
v -0.004029 -0.025175 -0.004107
v -0.004211 -0.025174 -0.003901
v -0.004250 -0.025096 -0.003901
v -0.003368 -0.026520 -0.003901
v -0.003770 -0.025987 -0.003901
v -0.003127 -0.025990 -0.004475
v -0.003818 -0.025923 -0.003901
v -0.000538 -0.027432 -0.004485
v -0.001121 -0.027856 -0.003902
v -0.001248 -0.027432 -0.004333
v -0.001247 -0.027833 -0.003902
v -0.001850 -0.027599 -0.003902
v 0.000189 -0.027432 -0.004515
v -0.000420 -0.027987 -0.003902
v -0.000464 -0.027979 -0.003902
v 0.000909 -0.027432 -0.004422
v 0.000420 -0.027987 -0.003902
v 0.000163 -0.027987 -0.003902
v 0.001604 -0.027432 -0.004208
v 0.001247 -0.027833 -0.003902
v 0.000802 -0.027916 -0.003902
v 0.002191 -0.027430 -0.003902
v 0.002031 -0.027529 -0.003902
v 0.001488 -0.027739 -0.003902
v 0.001809 -0.026748 -0.004714
v 0.002277 -0.027377 -0.003902
v 0.002746 -0.027086 -0.003902
v 0.003368 -0.026520 -0.003901
v 0.002770 -0.025990 -0.004716
v 0.004250 -0.025096 -0.003901
v 0.004211 -0.025174 -0.003901
v 0.003700 -0.025175 -0.004423
v 0.004480 -0.024287 -0.003901
v 0.004470 -0.024322 -0.003901
v 0.003829 -0.024322 -0.004569
v -0.003432 -0.024322 -0.004889
v -0.002596 -0.024322 -0.005403
v 0.002165 -0.024322 -0.005597
v 0.003041 -0.024322 -0.005154
v -0.001628 -0.025175 -0.005581
v -0.002509 -0.025175 -0.005228
v -0.003317 -0.025175 -0.004733
v 0.002938 -0.025175 -0.004988
v 0.002092 -0.025175 -0.005417
v 0.001973 -0.025990 -0.005120
v 0.001118 -0.025990 -0.005383
v 0.000232 -0.025990 -0.005498
v -0.000661 -0.025990 -0.005461
v -0.001535 -0.025990 -0.005275
v -0.002365 -0.025990 -0.004943
v -0.003875 -0.025849 -0.003901
v 0.001025 -0.026748 -0.004955
v 0.000213 -0.026748 -0.005060
v -0.000606 -0.026748 -0.005027
v -0.001407 -0.026748 -0.004856
v -0.002168 -0.026748 -0.004551
v -0.002707 -0.027111 -0.003902
v -0.005690 0.000274 0.005247
v -0.005688 0.000276 0.005245
v -0.006248 0.000288 0.004468
v -0.006280 0.000489 -0.003299
v -0.006234 0.000489 -0.003406
v -0.006479 0.000437 -0.003502
v -0.006468 0.000436 0.003522
v -0.006669 0.000289 0.003602
v -0.006985 -0.000190 0.003272
v -0.006839 -0.000191 0.003669
v -0.006801 0.000068 0.003654
v -0.006759 0.000437 -0.002577
v -0.006970 0.000289 -0.002625
v -0.007136 0.000289 -0.001564
v -0.006026 0.000437 -0.004426
v -0.006333 0.000069 -0.004611
v -0.005874 -0.000188 -0.005346
v -0.006239 -0.000189 -0.004851
v -0.006289 -0.000189 -0.004764
v -0.006682 0.000290 -0.003580
v -0.006212 0.000290 -0.004538
v -0.006367 -0.000189 -0.004632
v -0.006581 -0.000190 -0.004264
v -0.006814 0.000069 -0.003632
v -0.006680 -0.000190 -0.004048
v -0.006833 -0.000190 -0.003712
v -0.006855 -0.000190 -0.003648
v -0.006981 -0.000190 -0.003281
v -0.007109 0.000069 -0.002655
v -0.007050 -0.000189 -0.003082
v -0.007146 -0.000189 -0.002664
v -0.007310 -0.000190 -0.001669
v -0.007278 0.000069 -0.001578
v -0.007222 -0.000189 -0.002334
v -0.007187 -0.000189 -0.002485
v -0.007383 -0.000190 -0.000544
v -0.007339 0.000068 -0.000361
v -0.007329 -0.000190 -0.001525
v -0.007322 -0.000190 -0.001582
v -0.007382 -0.000190 -0.000362
v -0.007380 -0.000190 -0.000005
v -0.007340 0.000068 0.000121
v -0.007317 -0.000190 0.001603
v -0.007275 0.000068 0.001599
v -0.007376 -0.000190 0.000770
v -0.007379 -0.000190 0.000121
v -0.006920 0.000437 -0.001543
v -0.007196 0.000289 -0.000359
v -0.006980 0.000437 -0.000356
v -0.007198 0.000289 0.000120
v -0.006981 0.000437 0.000119
v -0.007134 0.000289 0.001585
v -0.006918 0.000436 0.001563
v -0.006971 0.000289 0.002612
v -0.006760 0.000436 0.002565
v -0.007191 -0.000190 0.002476
v -0.007110 0.000068 0.002643
v -0.007310 -0.000190 0.001703
v -0.007313 -0.000190 0.001660
v -0.007183 -0.000190 0.002528
v -0.007151 -0.000190 0.002652
v -0.007009 -0.000190 0.003207
v -0.006781 -0.000191 0.003828
v -0.006679 -0.000191 0.004037
v -0.006370 0.000068 0.004539
v -0.006499 -0.000191 0.004409
v -0.006406 -0.000191 0.004560
v -0.005530 0.000425 0.005112
v -0.006061 0.000436 0.004358
v -0.005571 0.000411 0.005146
v -0.005842 -0.000190 0.005374
v -0.005837 -0.000090 0.005371
v -0.006186 -0.000191 0.004920
v -0.006288 -0.000191 0.004753
v -0.005799 0.000490 -0.004290
v -0.005704 0.000490 -0.004456
v -0.006025 0.000490 -0.003892
v -0.006478 0.000489 -0.002647
v -0.006689 0.000489 -0.001210
v -0.006656 0.000489 -0.001517
v -0.006603 0.000489 -0.002004
v -0.006503 0.000489 -0.002520
v -0.006715 0.000489 -0.000353
v -0.006724 0.000489 -0.000069
v -0.006719 0.000489 0.000118
v -0.006694 0.000489 0.001115
v -0.006653 0.000489 0.001536
v -0.006221 0.000489 0.003424
v -0.006299 0.000489 0.003238
v -0.006484 0.000489 0.002611
v -0.006504 0.000489 0.002508
v -0.006614 0.000489 0.001921
v -0.005830 0.000488 0.004223
v -0.006044 0.000488 0.003844
v -0.005334 0.000488 0.004947
v -0.005704 0.000488 0.004446
v -0.005793 0.000057 0.005333
v -0.005792 0.000061 0.005332
v -0.005748 0.000207 0.005295
v -0.005707 -0.000190 0.005528
v -0.005824 -0.000190 0.005396
v -0.005285 -0.000088 0.005928
v -0.005158 0.000274 0.005782
v -0.005156 0.000276 0.005780
v -0.005055 0.000411 0.005662
v -0.005021 0.000424 0.005622
v -0.004854 0.000486 0.005426
v -0.004947 0.000487 0.005346
v -0.005247 0.000056 0.005885
v -0.005246 0.000060 0.005883
v -0.005206 0.000209 0.005839
v -0.000417 -0.001311 0.007240
v 0.000156 -0.001787 0.007177
v -0.001717 -0.000508 0.007188
v -0.001040 -0.000873 0.007245
v -0.003139 -0.000073 0.006913
v -0.002421 -0.000242 0.007075
v -0.004591 0.000058 0.006356
v -0.003871 0.000019 0.006685
v 0.000366 -0.001481 0.006581
v 0.000235 -0.001352 0.006602
v 0.000355 -0.001529 0.006825
v 0.000231 -0.001349 0.006602
v -0.000197 -0.001034 0.006882
v -0.000817 -0.000570 0.006886
v -0.000766 -0.000540 0.006626
v -0.001511 -0.000178 0.006831
v -0.001240 -0.000251 0.006591
v -0.001460 -0.000148 0.006564
v -0.000173 -0.000994 0.006628
v -0.000249 -0.000928 0.006633
v -0.000760 -0.000543 0.006626
v -0.002240 0.000108 0.006721
v -0.002357 0.000200 0.006428
v -0.002979 0.000287 0.006565
v -0.002720 0.000282 0.006347
v -0.003709 0.000384 0.006349
v -0.003610 0.000425 0.006098
v -0.003891 0.000450 0.005993
v -0.004400 0.000424 0.006043
v -0.002904 0.000323 0.006307
v -0.003023 0.000350 0.006280
v -0.003447 0.000411 0.006159
v -0.004513 0.000279 0.006233
v -0.001741 -0.000016 0.006529
v -0.001792 0.000008 0.006523
v -0.002177 0.000139 0.006458
v 0.003415 -0.005059 0.005478
v 0.003010 -0.004602 0.005680
v 0.003021 -0.004669 0.005875
v 0.003440 -0.005130 0.005667
v 0.002934 -0.004516 0.005718
v 0.002925 -0.004506 0.005722
v 0.002214 -0.003651 0.006248
v 0.002218 -0.003605 0.006045
v 0.001346 -0.002570 0.006578
v 0.001593 -0.002808 0.006284
v 0.001542 -0.002747 0.006301
v 0.003344 -0.005366 0.005978
v 0.002904 -0.004891 0.006189
v 0.003414 -0.005235 0.005840
v 0.002073 -0.003861 0.006568
v 0.001187 -0.002799 0.006912
v -0.003956 0.000456 0.005969
v -0.004267 0.000471 0.005809
v -0.004434 0.000478 0.005723
v 0.002986 -0.004767 0.006049
v 0.002167 -0.003744 0.006426
v 0.001292 -0.002669 0.006768
v 0.000281 -0.001636 0.007031
v -0.000283 -0.001146 0.007096
v -0.000909 -0.000690 0.007104
v -0.001602 -0.000307 0.007049
v -0.002326 -0.000028 0.006938
v -0.003062 0.000146 0.006778
v -0.003800 0.000240 0.006554
v 0.001343 -0.002513 0.006364
v 0.001291 -0.002451 0.006381
v 0.000753 -0.001863 0.006520
v 0.004500 -0.023451 0.003682
v -0.004500 -0.023451 0.003682
v -0.004347 -0.024615 0.003682
v -0.003897 -0.025701 0.003682
v -0.003182 -0.026632 0.003681
v -0.002250 -0.027348 0.003681
v -0.001165 -0.027797 0.003681
v 0.000000 -0.027951 0.003681
v 0.001165 -0.027797 0.003681
v 0.002250 -0.027348 0.003681
v 0.003182 -0.026632 0.003681
v 0.003897 -0.025701 0.003682
v 0.004347 -0.024615 0.003682
v 0.000519 -0.024305 0.003682
v 0.000877 -0.023931 0.003682
v 0.001000 -0.023428 0.003682
v 0.000023 -0.024450 0.003682
v -0.000480 -0.024328 0.003682
v -0.000855 -0.023970 0.003682
v -0.001000 -0.023473 0.003682
v -0.000877 -0.022970 0.003682
v -0.000519 -0.022596 0.003682
v -0.000023 -0.022451 0.003682
v 0.000480 -0.022573 0.003682
v 0.000855 -0.022931 0.003682
v -0.004584 -0.022282 0.003726
v -0.004587 -0.022330 0.003737
v -0.004500 -0.021717 0.003612
v -0.004559 -0.022010 0.003665
v -0.004567 -0.022052 0.003673
v -0.004564 -0.022784 0.003877
v -0.004571 -0.022771 0.003866
v -0.004584 -0.022712 0.003839
v -0.004589 -0.022622 0.003813
v -0.004597 -0.022463 0.003767
v -0.005199 -0.022640 0.005441
v -0.005256 -0.022484 0.005429
v -0.005243 -0.022638 0.005394
v -0.004922 -0.023005 0.005122
v -0.004992 -0.022996 0.005062
v -0.005167 -0.022866 0.005279
v -0.005106 -0.022929 0.005200
v -0.005041 -0.022938 0.005262
v -0.005062 -0.022975 0.005144
v -0.005049 -0.022979 0.005129
v -0.005239 -0.022684 0.005384
v -0.005238 -0.022692 0.005382
v -0.005137 -0.022812 0.005372
v -0.005193 -0.022807 0.005316
v -0.005171 -0.022861 0.005284
v -0.005218 -0.022466 0.005460
v -0.005254 -0.022465 0.005430
v -0.005373 -0.012386 -0.005170
v -0.005481 -0.008532 0.005232
v -0.005475 -0.018950 -0.005129
v -0.005399 -0.016089 -0.005149
v -0.005399 -0.016090 0.005135
v -0.007214 -0.005101 -0.000006
v -0.005648 -0.005090 -0.005336
v -0.006115 -0.005097 -0.004705
v -0.006508 -0.005100 -0.003998
v -0.006812 -0.005100 -0.003241
v -0.007018 -0.005100 -0.002455
v -0.007140 -0.005101 -0.001649
v -0.007140 -0.005101 0.001638
v -0.007018 -0.005101 0.002443
v -0.006812 -0.005101 0.003230
v -0.006508 -0.005101 0.003987
v -0.006115 -0.005099 0.004694
v -0.005648 -0.005092 0.005324
v -0.005461 -0.022415 0.005238
v -0.005653 -0.022361 0.005037
v -0.005475 -0.018952 0.005114
v -0.005745 -0.022327 0.004914
v -0.005933 -0.018945 0.004512
v -0.006093 -0.022201 0.004442
v -0.006550 -0.022002 0.003638
v -0.006478 -0.022038 0.003789
v -0.006322 -0.018916 0.003836
v -0.006303 -0.022125 0.004158
v -0.006196 -0.022163 0.004302
v -0.007023 -0.021724 0.002204
v -0.006988 -0.021748 0.002341
v -0.006831 -0.018847 0.002354
v -0.006834 -0.021851 0.002937
v -0.006625 -0.018879 0.003110
v -0.006795 -0.021877 0.003089
v -0.006777 -0.021889 0.003159
v -0.007181 -0.021579 0.000788
v -0.007180 -0.021581 0.000921
v -0.007012 -0.018807 0.000789
v -0.007123 -0.021637 0.001461
v -0.006953 -0.018823 0.001578
v -0.007112 -0.021648 0.001573
v -0.007061 -0.021698 0.002057
v -0.007012 -0.018807 -0.000804
v -0.007178 -0.021578 -0.000803
v -0.007191 -0.021564 -0.000644
v -0.006953 -0.018822 -0.001593
v -0.007113 -0.021647 -0.001590
v -0.007123 -0.021637 -0.001477
v -0.007087 -0.021676 -0.001906
v -0.006831 -0.018846 -0.002369
v -0.007017 -0.021726 -0.002218
v -0.006625 -0.018878 -0.003125
v -0.006845 -0.021848 -0.002974
v -0.006985 -0.021748 -0.002356
v -0.006322 -0.018915 -0.003851
v -0.006547 -0.022002 -0.003653
v -0.006789 -0.021877 -0.003101
v -0.006092 -0.022200 -0.004458
v -0.006191 -0.022162 -0.004315
v -0.005933 -0.018944 -0.004527
v -0.006367 -0.022095 -0.004063
v -0.006480 -0.022037 -0.003807
v -0.005765 -0.022325 -0.004926
v -0.005755 -0.022328 -0.004937
v -0.005218 -0.022464 -0.005477
v -0.005197 -0.022464 -0.005495
v -0.005254 -0.022464 -0.005446
v -0.005375 -0.022436 -0.005337
v -0.005653 -0.022359 -0.005053
v -0.006852 -0.012423 0.001585
v -0.006877 -0.016104 0.001579
v -0.006730 -0.012424 0.002366
v -0.006755 -0.016109 0.002357
v -0.006524 -0.012424 0.003128
v -0.006549 -0.016115 0.003115
v -0.006220 -0.012423 0.003862
v -0.006245 -0.016120 0.003846
v -0.005830 -0.012413 0.004546
v -0.005856 -0.016116 0.004527
v -0.005373 -0.012387 0.005157
v -0.006926 -0.012423 -0.000007
v -0.006951 -0.016100 -0.000007
v -0.007027 -0.018802 -0.000008
v -0.007187 -0.021570 -0.000008
v -0.005830 -0.012412 -0.004560
v -0.005856 -0.016115 -0.004541
v -0.006220 -0.012422 -0.003875
v -0.006245 -0.016119 -0.003860
v -0.006524 -0.012423 -0.003141
v -0.006549 -0.016114 -0.003130
v -0.006730 -0.012423 -0.002379
v -0.006755 -0.016108 -0.002371
v -0.006852 -0.012423 -0.001599
v -0.006877 -0.016104 -0.001594
v -0.005481 -0.008531 -0.005244
v -0.005942 -0.008547 -0.004624
v -0.006333 -0.008553 -0.003930
v -0.006637 -0.008554 -0.003186
v -0.006843 -0.008554 -0.002413
v -0.006966 -0.008554 -0.001621
v -0.005942 -0.008548 0.004612
v -0.006333 -0.008554 0.003918
v -0.006637 -0.008555 0.003173
v -0.006843 -0.008555 0.002401
v -0.006966 -0.008555 0.001609
v -0.007040 -0.008554 -0.000006
v -0.004922 -0.023004 -0.005139
v -0.005245 -0.022658 -0.005410
v -0.005246 -0.022637 -0.005414
v -0.005199 -0.022638 -0.005458
v -0.005103 -0.022943 -0.005210
v -0.005166 -0.022860 -0.005293
v -0.005137 -0.022810 -0.005388
v -0.005189 -0.022830 -0.005323
v -0.005196 -0.022808 -0.005334
v -0.005238 -0.022681 -0.005399
v -0.005041 -0.022937 -0.005278
v -0.005048 -0.022972 -0.005144
v -0.004993 -0.023001 -0.005078
v -0.004983 -0.023007 -0.005065
v 0.000956 -0.003817 -0.004963
v 0.000956 -0.002981 -0.005499
v -0.000052 -0.003015 -0.005563
v -0.000052 -0.002093 -0.005964
v -0.002037 -0.000115 -0.005966
v -0.002963 -0.000111 -0.005564
v -0.005115 -0.000801 -0.003605
v -0.004976 -0.001303 -0.003605
v -0.004566 -0.001458 -0.004111
v 0.001663 -0.004945 -0.003606
v 0.001931 -0.004814 -0.003606
v 0.001939 -0.004389 -0.004141
v 0.000398 -0.005204 -0.003606
v 0.000951 -0.005091 -0.003606
v 0.000956 -0.004558 -0.004301
v -0.000052 -0.004610 -0.004351
v -0.000050 -0.005183 -0.003606
v -0.002037 -0.004366 -0.004118
v -0.002035 -0.004791 -0.003606
v -0.001054 -0.005092 -0.003606
v -0.003461 -0.003849 -0.003605
v -0.003226 -0.004089 -0.003605
v -0.002963 -0.004074 -0.003841
v -0.002955 -0.004255 -0.003605
v -0.002125 -0.004763 -0.003606
v -0.004561 -0.002408 -0.003605
v -0.004566 -0.002093 -0.003835
v -0.004770 -0.002045 -0.003605
v -0.004789 -0.001977 -0.003605
v -0.005130 -0.000090 -0.003605
v -0.004566 -0.000098 -0.004346
v -0.003813 -0.000105 -0.005019
v -0.002037 -0.001063 -0.005880
v -0.000052 -0.001120 -0.006213
v -0.001058 -0.001105 -0.006125
v 0.001939 -0.003676 -0.004778
v -0.001058 -0.002065 -0.005880
v -0.003804 -0.003496 -0.003605
v -0.002963 -0.003413 -0.004432
v -0.000052 -0.003861 -0.005021
v -0.001058 -0.002973 -0.005485
v -0.002037 -0.001984 -0.005644
v -0.002963 -0.000994 -0.005484
v -0.004127 -0.003164 -0.003605
v -0.003813 -0.003084 -0.003998
v -0.003813 -0.002410 -0.004430
v -0.001058 -0.003807 -0.004950
v -0.002037 -0.002856 -0.005265
v -0.002963 -0.001853 -0.005264
v -0.003813 -0.000902 -0.004947
v -0.004328 -0.002814 -0.003605
v -0.005118 -0.000674 -0.003605
v -0.004566 -0.000787 -0.004283
v -0.003813 -0.001677 -0.004749
v -0.002963 -0.002667 -0.004910
v -0.002037 -0.003657 -0.004752
v -0.001058 -0.004546 -0.004290
v -0.000891 -0.005142 -0.003606
v -0.004581 -0.022732 -0.003863
v -0.004574 -0.022758 -0.003875
v -0.004592 -0.023449 -0.003829
v -0.004560 -0.022787 -0.003898
v -0.004565 -0.022781 -0.003891
v -0.004595 -0.022372 -0.003761
v -0.004597 -0.022525 -0.003800
v -0.004593 -0.023449 -0.003749
v -0.004593 -0.022625 -0.003828
v -0.004592 -0.022629 -0.003829
v -0.004587 -0.022690 -0.003848
v -0.004591 -0.022319 -0.003749
v -0.004558 -0.023449 -0.003676
v -0.004589 -0.022281 -0.003740
v -0.004495 -0.023449 -0.003626
v -0.004494 -0.021706 -0.003629
v -0.004509 -0.021750 -0.003633
v -0.004526 -0.021823 -0.003645
v -0.004554 -0.021995 -0.003679
v -0.004579 -0.022145 -0.003709
v -0.004422 -0.021490 -0.003608
v -0.004417 -0.023449 -0.003608
v -0.004417 -0.021477 -0.003608
v -0.004419 -0.024276 -0.003626
v -0.004480 -0.024287 -0.003676
v -0.004515 -0.024293 -0.003749
v -0.004514 -0.024293 -0.003829
v -0.004282 -0.025108 -0.003829
v -0.003905 -0.025867 -0.003829
v -0.003394 -0.026543 -0.003829
v -0.002768 -0.027114 -0.003829
v -0.002047 -0.027560 -0.003829
v -0.001257 -0.027867 -0.003829
v -0.000424 -0.028022 -0.003829
v 0.000424 -0.028022 -0.003829
v 0.001257 -0.027867 -0.003829
v 0.002047 -0.027560 -0.003829
v 0.003394 -0.026543 -0.003829
v 0.002768 -0.027114 -0.003829
v 0.003905 -0.025867 -0.003829
v 0.004282 -0.025108 -0.003829
v 0.004514 -0.024293 -0.003829
v 0.004592 -0.023449 -0.003829
v -0.004283 -0.025109 -0.003749
v -0.003905 -0.025867 -0.003749
v -0.003394 -0.026544 -0.003749
v -0.002768 -0.027115 -0.003749
v -0.002047 -0.027561 -0.003749
v -0.001257 -0.027867 -0.003749
v -0.000424 -0.028023 -0.003749
v 0.000424 -0.028023 -0.003749
v 0.001257 -0.027867 -0.003749
v 0.002047 -0.027561 -0.003749
v 0.002768 -0.027115 -0.003749
v 0.003394 -0.026544 -0.003749
v 0.003905 -0.025867 -0.003749
v 0.004283 -0.025109 -0.003749
v 0.004515 -0.024293 -0.003749
v 0.004593 -0.023449 -0.003749
v -0.004250 -0.025096 -0.003676
v -0.003875 -0.025849 -0.003677
v -0.003368 -0.026520 -0.003677
v -0.002747 -0.027087 -0.003677
v -0.002032 -0.027530 -0.003677
v -0.001247 -0.027834 -0.003677
v -0.000421 -0.027988 -0.003677
v 0.000421 -0.027988 -0.003677
v 0.001247 -0.027834 -0.003677
v 0.002032 -0.027530 -0.003677
v 0.002747 -0.027087 -0.003677
v 0.003368 -0.026520 -0.003677
v 0.003875 -0.025849 -0.003677
v 0.004250 -0.025096 -0.003676
v 0.004480 -0.024287 -0.003676
v 0.004558 -0.023449 -0.003676
v -0.004192 -0.025073 -0.003626
v -0.003822 -0.025816 -0.003626
v -0.003322 -0.026478 -0.003626
v -0.002709 -0.027037 -0.003627
v -0.002004 -0.027474 -0.003627
v -0.001230 -0.027773 -0.003627
v -0.000415 -0.027926 -0.003627
v 0.000415 -0.027926 -0.003627
v 0.001230 -0.027773 -0.003627
v 0.002004 -0.027474 -0.003627
v 0.002709 -0.027037 -0.003627
v 0.003322 -0.026478 -0.003626
v 0.003822 -0.025816 -0.003626
v 0.004192 -0.025073 -0.003626
v 0.004419 -0.024276 -0.003626
v 0.004495 -0.023449 -0.003626
v -0.004342 -0.024261 -0.003608
v -0.004119 -0.025045 -0.003608
v -0.003756 -0.025775 -0.003608
v -0.003264 -0.026425 -0.003609
v -0.002662 -0.026974 -0.003609
v -0.001969 -0.027404 -0.003609
v -0.001209 -0.027698 -0.003609
v -0.000408 -0.027848 -0.003609
v 0.000408 -0.027848 -0.003609
v 0.001209 -0.027698 -0.003609
v 0.001969 -0.027404 -0.003609
v 0.002662 -0.026974 -0.003609
v 0.003264 -0.026425 -0.003609
v 0.003756 -0.025775 -0.003608
v 0.004119 -0.025045 -0.003608
v 0.004342 -0.024261 -0.003608
v 0.004417 -0.023449 -0.003608
v -0.000480 -0.024327 -0.003608
v 0.000023 -0.024449 -0.003608
v -0.001000 -0.023472 -0.003608
v -0.000855 -0.023969 -0.003608
v 0.001000 -0.023427 -0.003608
v 0.000855 -0.022930 -0.003608
v 0.000480 -0.022572 -0.003608
v -0.000023 -0.022450 -0.003608
v -0.000519 -0.022595 -0.003608
v -0.000877 -0.022969 -0.003608
v 0.000519 -0.024304 -0.003608
v 0.000877 -0.023930 -0.003608
v -0.006076 0.000490 -0.003605
v -0.005334 0.000489 0.003304
v -0.005600 0.000489 0.002792
v -0.005660 0.000489 0.002677
v -0.005773 0.000489 0.002460
v -0.005967 0.000489 0.001839
v -0.006067 0.000489 0.001517
v -0.006219 0.000489 0.000796
v -0.006189 0.000489 0.000997
v -0.006150 0.000489 0.001251
v -0.006257 0.000489 0.000385
v -0.006264 0.000489 0.000260
v -0.006269 0.000489 0.000144
v -0.006274 0.000489 0.000041
v -0.006277 0.000489 -0.000010
v -0.006276 0.000489 -0.000049
v -0.006269 0.000489 -0.000327
v -0.006271 0.000489 -0.000242
v -0.006274 0.000489 -0.000143
v -0.006221 0.000489 -0.000796
v -0.006205 0.000489 -0.000946
v -0.006204 0.000489 -0.000959
v -0.006099 0.000489 -0.001467
v -0.006076 0.000489 -0.001580
v -0.006238 0.000489 0.000670
v -0.006245 0.000489 0.000623
v -0.006251 0.000489 0.000514
v -0.006266 0.000489 -0.000352
v -0.006248 0.000489 -0.000533
v -0.006227 0.000489 -0.000734
v 0.002934 -0.004516 0.003684
v 0.002783 -0.004332 0.003685
v 0.002224 -0.003613 0.004690
v 0.002518 -0.003995 0.004212
v 0.002551 -0.004037 0.004147
v 0.002078 -0.003422 0.004882
v 0.001938 -0.003241 0.005065
v 0.001900 -0.003191 0.005115
v 0.001542 -0.002746 0.005476
v 0.001479 -0.002673 0.005522
v 0.001090 -0.002224 0.005807
v 0.000977 -0.002105 0.005861
v 0.000679 -0.001791 0.006005
v 0.000591 -0.001698 0.006047
v 0.000235 -0.001352 0.006155
v -0.000765 -0.000540 0.006229
v -0.000408 -0.000808 0.006229
v -0.000249 -0.000927 0.006229
v -0.000007 -0.001140 0.006192
v -0.000992 -0.000402 0.006200
v -0.001244 -0.000249 0.006168
v -0.001740 -0.000013 0.006050
v -0.002718 0.000291 0.005669
v -0.002311 0.000184 0.005848
v -0.002229 0.000163 0.005884
v -0.001951 0.000063 0.005978
v -0.003321 0.000395 0.005330
v -0.002862 0.000316 0.005588
v -0.003702 0.000433 0.005059
v -0.003891 0.000452 0.004925
v -0.004497 0.000480 0.004375
v -0.004455 0.000478 0.004413
v -0.005026 0.000488 0.003756
v -0.005095 0.000488 0.003654
v -0.000007 -0.005122 0.003684
v 0.000537 -0.005128 0.003684
v 0.000973 -0.005029 0.003684
v -0.004500 -0.003471 0.003685
v -0.003792 -0.003471 0.003685
v -0.001826 -0.004819 0.003684
v -0.001255 -0.004964 0.003684
v -0.000988 -0.005031 0.003684
v -0.000663 -0.005113 0.003684
v 0.001266 -0.004963 0.003684
v 0.001707 -0.004863 0.003684
v 0.001933 -0.004752 0.003684
v -0.003703 -0.003548 0.003685
v -0.003639 -0.003605 0.003685
v -0.002889 -0.004261 0.003685
v -0.002864 -0.004274 0.003685
v -0.001949 -0.004755 0.003684
v -0.003858 -0.003471 0.003615
v -0.004500 -0.003471 0.003615
v -0.005569 -0.022834 -0.004635
v -0.005646 -0.022793 -0.004208
v -0.005834 -0.022716 -0.003935
v -0.006008 -0.022666 -0.004061
v -0.005757 -0.022540 0.004863
v -0.005756 -0.022538 -0.004879
v -0.006207 -0.022368 -0.004270
v -0.006207 -0.022369 0.004254
v -0.005691 -0.022718 0.004757
v -0.005569 -0.022835 0.004619
v -0.005334 -0.022899 0.004559
v -0.005408 -0.022874 0.004471
v -0.005361 -0.022891 0.004529
v -0.005778 -0.022743 0.004016
v -0.006008 -0.022668 0.004045
v -0.005837 -0.022718 0.003922
v -0.006364 -0.022497 0.003427
v -0.006186 -0.022559 0.003329
v -0.006097 -0.022605 0.003513
v -0.005917 -0.022683 0.003796
v -0.006631 -0.022341 0.002771
v -0.006349 -0.022475 0.002993
v -0.006253 -0.022524 0.003191
v -0.006811 -0.022212 0.002087
v -0.006633 -0.022290 0.002042
v -0.006550 -0.022352 0.002416
v -0.006495 -0.022386 0.002574
v -0.006451 -0.022413 0.002700
v -0.006777 -0.022166 0.001072
v -0.006917 -0.022116 0.001389
v -0.006811 -0.022123 0.000283
v -0.006980 -0.022036 -0.000008
v -0.006809 -0.022126 -0.000008
v -0.006750 -0.022192 0.001299
v -0.006742 -0.022199 0.001363
v -0.006694 -0.022245 0.001768
v -0.006755 -0.022188 -0.001315
v -0.006761 -0.022183 -0.001272
v -0.006917 -0.022116 -0.001405
v -0.006805 -0.022132 -0.000566
v -0.006811 -0.022212 -0.002103
v -0.006657 -0.022274 -0.001981
v -0.006745 -0.022197 -0.001380
v -0.006452 -0.022411 -0.002716
v -0.006501 -0.022383 -0.002591
v -0.006631 -0.022340 -0.002787
v -0.006508 -0.022379 -0.002572
v -0.006638 -0.022288 -0.002059
v -0.006279 -0.022512 -0.003169
v -0.006363 -0.022497 -0.003444
v -0.006258 -0.022522 -0.003209
v -0.005918 -0.022682 -0.003813
v -0.005997 -0.022650 -0.003699
v -0.006186 -0.022558 -0.003345
v -0.005409 -0.022873 -0.004488
v -0.005361 -0.022889 -0.004545
v -0.005139 -0.022954 -0.004771
v -0.005691 -0.022717 -0.004773
v -0.007126 -0.021814 -0.001458
v -0.007022 -0.021910 -0.002191
v -0.007185 -0.021734 -0.000008
v -0.006569 -0.022196 -0.003615
v -0.006842 -0.022039 -0.002915
v -0.006569 -0.022197 0.003599
v -0.007022 -0.021910 0.002175
v -0.006842 -0.022040 0.002899
v -0.007126 -0.021814 0.001442
v -0.006137 -0.022546 0.004161
v -0.006496 -0.022372 0.003521
v -0.006766 -0.022212 0.002840
v -0.006945 -0.022081 0.002133
v -0.007049 -0.021984 0.001416
v -0.007109 -0.021903 -0.000008
v -0.007049 -0.021984 -0.001432
v -0.006945 -0.022081 -0.002149
v -0.006766 -0.022212 -0.002856
v -0.006496 -0.022371 -0.003537
v -0.006137 -0.022545 -0.004177
v -0.004600 -0.004056 -0.003605
v -0.005308 -0.003055 -0.003605
v -0.004600 -0.021953 -0.003608
v -0.005802 -0.001934 -0.003605
v -0.006061 -0.000736 -0.003605
v -0.005310 -0.003051 -0.001580
v -0.005308 -0.003056 -0.001580
v -0.004600 -0.004056 -0.001580
v -0.004980 -0.003572 -0.001580
v -0.005094 -0.003392 -0.001580
v -0.005713 -0.002166 -0.001580
v -0.005613 -0.002429 -0.001580
v -0.005582 -0.002509 -0.001580
v -0.006050 -0.000802 -0.001580
v -0.005993 -0.001153 -0.001580
v -0.005992 -0.001160 -0.001580
v -0.005962 -0.001342 -0.001580
v -0.005897 -0.001582 -0.001580
v -0.005802 -0.001934 -0.001580
v -0.006092 -0.000243 -0.001580
v -0.006075 -0.000514 -0.001580
v -0.006061 -0.000736 -0.001580
v -0.006084 0.000277 -0.001580
v -0.006094 0.000015 -0.001580
v -0.006100 -0.000125 -0.001580
v -0.006223 -0.000984 0.000307
v -0.006223 -0.001022 0.000153
v -0.006300 -0.000050 -0.000005
v -0.006223 -0.000922 0.000453
v -0.006223 -0.000837 0.000587
v -0.006223 -0.000732 0.000705
v -0.006223 -0.000610 0.000805
v -0.006223 -0.000472 0.000885
v -0.006223 -0.000324 0.000941
v -0.006223 -0.000169 0.000973
v -0.006223 -0.000010 0.000979
v -0.006223 0.000147 0.000960
v -0.006223 0.000442 0.000848
v -0.006223 0.000299 0.000916
v -0.006223 0.000299 -0.000926
v -0.006223 0.000443 -0.000858
v -0.006223 -0.000169 -0.000983
v -0.006223 -0.000010 -0.000989
v -0.006223 -0.000324 -0.000951
v -0.006223 -0.000837 -0.000597
v -0.006223 -0.000732 -0.000715
v -0.006223 -0.000984 -0.000317
v -0.006223 -0.000922 -0.000463
v -0.006223 -0.001022 -0.000163
v -0.006223 -0.001035 -0.000005
v -0.002865 0.000175 0.005602
v -0.000992 -0.000801 0.006171
v 0.000978 -0.002719 0.005618
v 0.001938 -0.003456 0.004928
v -0.000992 -0.005024 0.003732
v -0.004453 -0.002596 0.003615
v -0.004474 -0.002565 0.003615
v -0.004600 -0.002380 0.003615
v -0.004457 -0.001959 0.004017
v -0.003707 -0.002944 0.004187
v -0.004457 -0.002580 0.003659
v -0.001952 -0.004200 0.004314
v -0.002865 -0.003937 0.004041
v -0.000007 -0.005087 0.003779
v 0.000978 -0.005026 0.003733
v 0.000978 -0.004362 0.004483
v 0.001938 -0.004203 0.004318
v 0.000978 -0.003586 0.005117
v -0.000007 -0.002752 0.005686
v -0.000007 -0.001804 0.006046
v -0.000992 -0.001782 0.005971
v -0.001952 -0.000773 0.005941
v -0.002865 -0.000727 0.005565
v -0.003707 0.000154 0.005085
v -0.004457 0.000129 0.004444
v -0.005099 0.000099 0.003693
v -0.005992 0.000339 0.001901
v -0.006223 0.000147 -0.000970
v -0.006223 -0.000472 -0.000895
v -0.006223 -0.000609 -0.000815
v -0.005992 -0.001772 -0.000909
v -0.005992 -0.001605 -0.001174
v -0.005992 -0.001397 -0.001408
v -0.005614 -0.002581 -0.001334
v -0.005614 -0.002761 -0.000910
v -0.004600 -0.004133 -0.001369
v -0.005099 -0.003560 -0.001177
v -0.004600 -0.004299 -0.000696
v -0.005099 -0.003703 -0.000599
v -0.004600 -0.004355 -0.000005
v -0.005099 -0.003751 -0.000005
v -0.004600 -0.004299 0.000685
v -0.005099 -0.003703 0.000588
v -0.004600 -0.004133 0.001358
v -0.005099 -0.003560 0.001166
v -0.004600 -0.003862 0.001995
v -0.005099 -0.003327 0.001714
v -0.004600 -0.003492 0.002581
v -0.005099 -0.003009 0.002218
v -0.004600 -0.003032 0.003099
v -0.005099 -0.002614 0.002664
v -0.004600 -0.002496 0.003537
v -0.005099 -0.002153 0.003040
v -0.005099 -0.001637 0.003338
v -0.000992 -0.004360 0.004481
v -0.000007 -0.004415 0.004538
v -0.002865 -0.003238 0.004612
v -0.001952 -0.003453 0.004924
v -0.000992 -0.003585 0.005115
v -0.000007 -0.003629 0.005179
v -0.003707 -0.002234 0.004597
v -0.002865 -0.002456 0.005064
v -0.001952 -0.002619 0.005406
v -0.000992 -0.002718 0.005615
v -0.003707 -0.000665 0.005052
v -0.004457 -0.000587 0.004415
v -0.005099 -0.000497 0.003669
v -0.001952 -0.001717 0.005748
v -0.002865 -0.001612 0.005384
v -0.003707 -0.001468 0.004888
v -0.004457 -0.001289 0.004271
v -0.005099 -0.001080 0.003550
v -0.005614 -0.002871 -0.000464
v -0.005614 -0.002908 -0.000005
v -0.005614 -0.002871 0.000453
v -0.005614 -0.002761 0.000900
v -0.005614 -0.002581 0.001323
v -0.005614 -0.002335 0.001712
v -0.005614 -0.002030 0.002056
v -0.005614 -0.001674 0.002347
v -0.005614 -0.001276 0.002577
v -0.005614 -0.000846 0.002740
v -0.005614 -0.000395 0.002832
v -0.005614 0.000065 0.002851
v -0.005992 -0.001895 -0.000621
v -0.005992 -0.001970 -0.000317
v -0.005992 -0.001995 -0.000005
v -0.005992 -0.001970 0.000307
v -0.005992 -0.001895 0.000611
v -0.005992 -0.001773 0.000899
v -0.005992 -0.001605 0.001164
v -0.005992 -0.001398 0.001398
v -0.005992 -0.001155 0.001596
v -0.005992 -0.000884 0.001753
v -0.005992 -0.000591 0.001864
v -0.005992 -0.000285 0.001926
v -0.005992 0.000028 0.001939
v -0.004600 -0.022003 0.003612
v -0.004295 -0.022970 -0.004213
v -0.004493 -0.022922 -0.003982
v -0.005238 -0.022806 -0.003895
v -0.005372 -0.022642 0.002598
v -0.005351 -0.022651 0.002649
v -0.005780 -0.022455 -0.001409
v -0.005791 -0.022449 -0.001344
v -0.004699 -0.022871 -0.003742
v -0.004702 -0.022870 -0.003739
v -0.004986 -0.022782 -0.003321
v -0.005073 -0.022755 -0.003193
v -0.005178 -0.022715 -0.002994
v -0.005351 -0.022650 -0.002665
v -0.005368 -0.022644 -0.002633
v -0.005379 -0.022639 -0.002606
v -0.005557 -0.022562 -0.002159
v -0.005605 -0.022541 -0.002038
v -0.005676 -0.022506 -0.001782
v -0.005887 -0.022397 -0.000783
v -0.005872 -0.022405 -0.000870
v -0.005826 -0.022430 -0.001137
v -0.005807 -0.022440 -0.001252
v -0.005931 -0.022371 -0.000147
v -0.005917 -0.022379 -0.000341
v -0.005900 -0.022389 -0.000590
v -0.005929 -0.022372 0.000217
v -0.005929 -0.022372 0.000099
v -0.005930 -0.022371 -0.000008
v -0.005931 -0.022371 -0.000114
v -0.005920 -0.022377 0.000322
v -0.005899 -0.022390 0.000575
v -0.005877 -0.022402 0.000841
v -0.005877 -0.022403 0.000844
v -0.005826 -0.022430 0.001119
v -0.005803 -0.022442 0.001243
v -0.005787 -0.022451 0.001328
v -0.005756 -0.022468 0.001496
v -0.005677 -0.022506 0.001763
v -0.005577 -0.022554 0.002102
v -0.005559 -0.022562 0.002147
v -0.005177 -0.022716 0.002977
v -0.005334 -0.022658 0.002691
v -0.005016 -0.022775 0.003270
v -0.004992 -0.022782 0.003304
v -0.004699 -0.022871 0.003720
v -0.005238 -0.022807 0.003879
v -0.004652 -0.022885 0.003787
v -0.004493 -0.022923 0.003966
v -0.004600 -0.021586 -0.003433
v -0.004600 -0.021587 0.003417
v -0.004600 -0.020959 0.002991
v -0.004600 -0.020425 0.002451
v -0.004600 -0.020005 -0.001834
v -0.004600 -0.020424 -0.002467
v -0.004600 -0.020958 -0.003007
v -0.004600 -0.019570 -0.000387
v -0.004600 -0.019717 -0.001132
v -0.004600 -0.019570 0.000372
v -0.004600 -0.020006 0.001819
v -0.004600 -0.019717 0.001117
v -0.005560 -0.022335 0.002042
v -0.005560 -0.021959 0.001787
v -0.005828 -0.022249 0.000968
v -0.004702 -0.022323 0.003595
v -0.004702 -0.021646 0.003308
v -0.004702 -0.021038 0.002896
v -0.004702 -0.020521 0.002374
v -0.004702 -0.020115 0.001761
v -0.004702 -0.019835 0.001081
v -0.004702 -0.019693 0.000360
v -0.004702 -0.019692 -0.000375
v -0.004702 -0.019835 -0.001096
v -0.004702 -0.020114 -0.001776
v -0.004702 -0.020520 -0.002389
v -0.004702 -0.021037 -0.002912
v -0.004702 -0.021645 -0.003324
v -0.004702 -0.022322 -0.003611
v -0.005183 -0.022529 -0.002949
v -0.005183 -0.021977 -0.002715
v -0.005560 -0.022334 -0.002058
v -0.005560 -0.021958 -0.001803
v -0.005560 -0.021639 -0.001480
v -0.005828 -0.022249 -0.000984
v -0.005828 -0.022083 -0.000733
v -0.005828 -0.021968 -0.000454
v -0.005828 -0.021910 -0.000159
v -0.005828 -0.021910 0.000143
v -0.005828 -0.021968 0.000438
v -0.005828 -0.022083 0.000717
v -0.005560 -0.021639 0.001464
v -0.005183 -0.022530 0.002933
v -0.005560 -0.021388 -0.001101
v -0.005560 -0.021215 -0.000681
v -0.005560 -0.021127 -0.000235
v -0.005560 -0.021127 0.000219
v -0.005560 -0.021215 0.000665
v -0.005560 -0.021388 0.001085
v -0.005183 -0.021480 -0.002378
v -0.005183 -0.021058 -0.001952
v -0.005183 -0.020727 -0.001451
v -0.005183 -0.020499 -0.000896
v -0.005183 -0.020383 -0.000308
v -0.005183 -0.020383 0.000292
v -0.005183 -0.020499 0.000881
v -0.005183 -0.020727 0.001436
v -0.005183 -0.021059 0.001936
v -0.005183 -0.021481 0.002363
v -0.005183 -0.021977 0.002699
f 1 2 3
f 3 2 4
f 3 4 5
f 5 4 6
f 5 6 7
f 7 6 8
f 9 7 10
f 10 7 8
f 11 12 1
f 1 12 2
f 13 9 14
f 14 9 10
f 11 15 12
f 12 15 16
f 17 13 18
f 18 13 14
f 19 20 15
f 15 20 16
f 21 17 22
f 22 17 18
f 23 24 25
f 25 24 26
f 25 26 27
f 27 26 28
f 27 28 19
f 19 28 20
f 29 21 30
f 30 21 22
f 23 31 24
f 24 31 32
f 29 30 33
f 33 30 34
f 33 34 35
f 35 34 36
f 35 36 37
f 37 36 38
f 31 39 32
f 32 39 40
f 37 38 41
f 41 38 42
f 39 43 40
f 40 43 44
f 45 41 46
f 46 41 42
f 43 47 44
f 44 47 48
f 45 46 49
f 49 46 50
f 47 51 48
f 48 51 52
f 49 50 53
f 53 50 54
f 53 54 55
f 55 54 56
f 55 56 57
f 57 56 58
f 59 60 61
f 61 60 62
f 61 62 63
f 63 62 64
f 63 64 51
f 51 64 52
f 65 57 66
f 66 57 58
f 67 68 59
f 59 68 60
f 69 65 70
f 70 65 66
f 67 71 68
f 68 71 72
f 73 69 74
f 74 69 70
f 75 76 71
f 71 76 72
f 77 73 78
f 78 73 74
f 79 80 81
f 81 80 82
f 81 82 83
f 83 82 84
f 83 84 75
f 75 84 76
f 85 77 86
f 86 77 78
f 79 87 80
f 80 87 88
f 85 86 89
f 89 86 90
f 89 90 91
f 91 90 92
f 91 92 93
f 93 92 94
f 87 95 88
f 88 95 96
f 93 94 97
f 97 94 98
f 95 99 96
f 96 99 100
f 101 97 102
f 102 97 98
f 99 103 100
f 100 103 104
f 101 102 105
f 105 102 106
f 103 107 104
f 104 107 108
f 105 106 109
f 109 106 110
f 109 110 111
f 111 110 112
f 111 112 113
f 113 112 114
f 115 116 117
f 117 116 118
f 117 118 119
f 119 118 120
f 119 120 107
f 107 120 108
f 121 113 122
f 122 113 114
f 123 124 115
f 115 124 116
f 125 121 126
f 126 121 122
f 123 127 124
f 124 127 128
f 129 125 130
f 130 125 126
f 131 132 127
f 127 132 128
f 133 129 134
f 134 129 130
f 135 136 137
f 137 136 138
f 137 138 139
f 139 138 140
f 139 140 131
f 131 140 132
f 141 133 142
f 142 133 134
f 135 143 136
f 136 143 144
f 141 142 145
f 145 142 146
f 145 146 147
f 147 146 148
f 147 148 149
f 149 148 150
f 143 151 144
f 144 151 152
f 149 150 153
f 153 150 154
f 151 155 152
f 152 155 156
f 157 153 158
f 158 153 154
f 155 159 156
f 156 159 160
f 157 158 161
f 161 158 162
f 159 163 160
f 160 163 164
f 161 162 165
f 165 162 166
f 165 166 167
f 167 166 168
f 167 168 169
f 169 168 170
f 171 172 173
f 173 172 174
f 173 174 175
f 175 174 176
f 175 176 163
f 163 176 164
f 177 169 178
f 178 169 170
f 179 180 171
f 171 180 172
f 181 177 182
f 182 177 178
f 179 183 180
f 180 183 184
f 185 181 186
f 186 181 182
f 187 188 183
f 183 188 184
f 189 185 190
f 190 185 186
f 191 192 193
f 193 192 194
f 193 194 195
f 195 194 196
f 195 196 187
f 187 196 188
f 197 189 198
f 198 189 190
f 191 199 192
f 192 199 200
f 197 198 201
f 201 198 202
f 201 202 203
f 203 202 204
f 203 204 205
f 205 204 206
f 199 207 200
f 200 207 208
f 205 206 209
f 209 206 210
f 207 211 208
f 208 211 212
f 213 209 214
f 214 209 210
f 211 215 212
f 212 215 216
f 213 214 217
f 217 214 218
f 215 219 216
f 216 219 220
f 217 218 221
f 221 218 222
f 221 222 223
f 223 222 224
f 223 224 225
f 225 224 226
f 227 228 229
f 229 228 230
f 229 230 231
f 231 230 232
f 231 232 219
f 219 232 220
f 233 225 234
f 234 225 226
f 235 236 227
f 227 236 228
f 237 233 238
f 238 233 234
f 235 239 236
f 236 239 240
f 241 237 242
f 242 237 238
f 243 244 239
f 239 244 240
f 245 241 246
f 246 241 242
f 247 248 249
f 249 248 250
f 249 250 251
f 251 250 252
f 251 252 243
f 243 252 244
f 253 245 254
f 254 245 246
f 247 255 248
f 248 255 256
f 253 254 257
f 257 254 258
f 257 258 259
f 259 258 260
f 259 260 261
f 261 260 262
f 255 263 256
f 256 263 264
f 261 262 265
f 265 262 266
f 263 267 264
f 264 267 268
f 269 265 270
f 270 265 266
f 267 271 268
f 268 271 272
f 269 270 273
f 273 270 274
f 271 275 272
f 272 275 276
f 273 274 277
f 277 274 278
f 277 278 279
f 279 278 280
f 279 280 281
f 281 280 282
f 283 284 285
f 285 284 286
f 285 286 287
f 287 286 288
f 287 288 275
f 275 288 276
f 289 281 290
f 290 281 282
f 291 292 283
f 283 292 284
f 293 289 294
f 294 289 290
f 291 295 292
f 292 295 296
f 297 293 298
f 298 293 294
f 299 300 295
f 295 300 296
f 301 297 302
f 302 297 298
f 303 304 305
f 305 304 306
f 305 306 307
f 307 306 308
f 307 308 299
f 299 308 300
f 309 301 310
f 310 301 302
f 303 311 304
f 304 311 312
f 309 310 313
f 313 310 314
f 313 314 315
f 315 314 316
f 315 316 317
f 317 316 318
f 311 319 312
f 312 319 320
f 317 318 321
f 321 318 322
f 319 323 320
f 320 323 324
f 325 321 326
f 326 321 322
f 323 327 324
f 324 327 328
f 325 326 329
f 329 326 330
f 327 331 328
f 328 331 332
f 329 330 333
f 333 330 334
f 333 334 335
f 335 334 336
f 335 336 337
f 337 336 338
f 339 340 341
f 341 340 342
f 341 342 343
f 343 342 344
f 343 344 331
f 331 344 332
f 345 337 346
f 346 337 338
f 347 348 339
f 339 348 340
f 349 345 350
f 350 345 346
f 347 351 348
f 348 351 352
f 353 349 354
f 354 349 350
f 355 356 351
f 351 356 352
f 357 353 358
f 358 353 354
f 359 360 361
f 361 360 362
f 361 362 363
f 363 362 364
f 363 364 355
f 355 364 356
f 365 357 366
f 366 357 358
f 359 367 360
f 360 367 368
f 365 366 369
f 369 366 370
f 369 370 371
f 371 370 372
f 371 372 373
f 373 372 374
f 367 375 368
f 368 375 376
f 373 374 377
f 377 374 378
f 375 379 376
f 376 379 380
f 381 377 382
f 382 377 378
f 379 383 380
f 380 383 384
f 381 382 385
f 385 382 386
f 383 387 384
f 384 387 388
f 385 386 389
f 389 386 390
f 389 390 391
f 391 390 392
f 391 392 393
f 393 392 394
f 395 396 397
f 397 396 398
f 397 398 399
f 399 398 400
f 399 400 387
f 387 400 388
f 401 393 402
f 402 393 394
f 403 404 395
f 395 404 396
f 405 401 406
f 406 401 402
f 403 407 404
f 404 407 408
f 409 405 410
f 410 405 406
f 411 412 407
f 407 412 408
f 413 409 414
f 414 409 410
f 412 411 415
f 415 411 416
f 417 413 418
f 418 413 414
f 419 398 420
f 420 398 396
f 232 230 421
f 398 362 400
f 400 362 360
f 412 415 408
f 408 415 420
f 408 420 404
f 404 420 396
f 282 280 314
f 150 148 422
f 244 252 423
f 424 418 392
f 425 204 166
f 166 204 202
f 260 258 425
f 86 56 90
f 90 56 54
f 392 418 394
f 394 418 414
f 394 414 402
f 402 414 410
f 402 410 406
f 376 380 368
f 368 380 384
f 368 384 360
f 360 384 388
f 360 388 400
f 392 390 424
f 424 390 386
f 424 386 382
f 422 148 426
f 426 148 146
f 426 146 110
f 76 84 176
f 421 196 232
f 232 196 194
f 232 194 192
f 252 250 288
f 288 250 248
f 419 308 344
f 344 308 306
f 344 306 304
f 372 427 374
f 374 427 424
f 374 424 378
f 378 424 382
f 322 318 280
f 280 318 316
f 280 316 314
f 260 425 262
f 262 425 428
f 262 428 266
f 166 162 425
f 425 162 158
f 425 158 422
f 422 158 154
f 422 154 150
f 38 36 6
f 6 36 34
f 6 34 30
f 6 4 90
f 90 4 2
f 429 28 430
f 430 28 26
f 430 26 421
f 230 228 421
f 421 228 236
f 421 236 423
f 423 236 240
f 423 240 244
f 252 288 423
f 423 288 286
f 423 286 284
f 314 310 282
f 282 310 302
f 282 302 290
f 290 302 298
f 290 298 294
f 186 182 190
f 190 182 178
f 190 178 198
f 198 178 170
f 198 170 202
f 202 170 168
f 202 168 166
f 74 70 78
f 78 70 66
f 78 66 86
f 86 66 58
f 86 58 56
f 12 16 429
f 429 16 20
f 429 20 28
f 140 138 176
f 176 138 136
f 344 342 419
f 419 342 340
f 419 340 348
f 354 350 358
f 358 350 346
f 358 346 366
f 366 346 338
f 366 338 370
f 370 338 336
f 370 336 372
f 258 222 425
f 425 222 218
f 425 218 214
f 130 126 134
f 134 126 122
f 134 122 142
f 142 122 114
f 142 114 146
f 146 114 112
f 146 112 110
f 110 106 426
f 426 106 102
f 426 102 98
f 98 94 426
f 426 94 92
f 426 92 431
f 431 92 90
f 431 90 429
f 429 90 2
f 429 2 12
f 76 176 72
f 421 172 180
f 348 352 419
f 419 352 356
f 419 356 398
f 398 356 364
f 398 364 362
f 336 334 372
f 372 334 330
f 372 330 326
f 427 274 428
f 428 274 270
f 428 270 266
f 242 238 246
f 246 238 234
f 246 234 254
f 254 234 226
f 254 226 258
f 258 226 224
f 258 224 222
f 214 210 425
f 425 210 206
f 425 206 204
f 120 82 80
f 180 184 421
f 421 184 188
f 421 188 196
f 208 212 200
f 200 212 216
f 200 216 192
f 192 216 220
f 192 220 232
f 264 268 256
f 256 268 272
f 256 272 248
f 248 272 276
f 248 276 288
f 284 292 423
f 423 292 296
f 423 296 419
f 419 296 300
f 419 300 308
f 320 324 312
f 312 324 328
f 312 328 304
f 304 328 332
f 304 332 344
f 326 322 372
f 372 322 280
f 372 280 427
f 427 280 278
f 427 278 274
f 18 14 22
f 22 14 10
f 22 10 30
f 30 10 8
f 30 8 6
f 62 60 26
f 26 60 68
f 172 421 174
f 174 421 26
f 174 26 176
f 176 26 68
f 176 68 72
f 82 120 84
f 84 120 118
f 84 118 116
f 54 50 90
f 90 50 46
f 90 46 6
f 6 46 42
f 6 42 38
f 152 156 144
f 144 156 160
f 144 160 136
f 136 160 164
f 136 164 176
f 40 44 32
f 32 44 48
f 32 48 24
f 24 48 52
f 24 52 26
f 26 52 64
f 26 64 62
f 96 100 88
f 88 100 104
f 88 104 80
f 80 104 108
f 80 108 120
f 116 124 84
f 84 124 128
f 84 128 176
f 176 128 132
f 176 132 140
f 432 433 434
f 434 433 435
f 434 435 436
f 437 438 432
f 432 438 439
f 432 439 433
f 440 441 442
f 443 444 445
f 442 446 440
f 440 446 447
f 440 447 437
f 437 447 448
f 437 448 438
f 449 450 451
f 449 451 452
f 450 449 453
f 453 449 454
f 453 454 455
f 456 457 458
f 451 459 452
f 452 459 460
f 452 460 441
f 441 460 461
f 441 461 442
f 444 443 454
f 454 443 462
f 454 462 455
f 435 463 436
f 436 463 464
f 436 464 465
f 458 443 456
f 456 443 445
f 456 445 466
f 466 445 465
f 466 465 467
f 467 465 464
f 468 442 469
f 469 442 461
f 469 461 470
f 470 461 460
f 470 460 471
f 471 460 459
f 471 459 472
f 472 459 451
f 472 451 473
f 473 451 450
f 473 450 453
f 473 453 474
f 474 453 455
f 474 455 475
f 475 455 462
f 475 462 476
f 476 462 443
f 476 443 477
f 477 443 458
f 477 458 478
f 478 458 457
f 478 457 479
f 415 416 480
f 420 415 481
f 481 482 420
f 420 482 483
f 420 483 419
f 419 483 484
f 419 484 423
f 423 484 485
f 423 485 421
f 421 485 486
f 421 486 430
f 430 486 487
f 430 487 429
f 429 487 488
f 429 488 431
f 431 488 489
f 431 489 426
f 426 489 490
f 426 490 422
f 422 490 491
f 422 491 425
f 425 491 492
f 425 492 428
f 428 492 493
f 428 493 427
f 427 493 494
f 427 494 424
f 415 480 481
f 481 480 495
f 481 495 496
f 496 495 497
f 496 497 498
f 498 497 499
f 498 499 500
f 500 499 501
f 500 501 502
f 502 501 503
f 502 503 504
f 504 503 505
f 504 505 506
f 424 494 418
f 418 494 479
f 418 479 417
f 417 479 457
f 417 457 507
f 507 457 456
f 446 508 509
f 446 509 447
f 447 509 510
f 447 510 448
f 448 510 511
f 448 511 438
f 438 511 512
f 438 512 439
f 439 512 513
f 439 513 433
f 433 513 514
f 433 514 435
f 435 514 515
f 435 515 463
f 463 515 516
f 463 516 464
f 464 516 517
f 464 517 467
f 467 517 518
f 467 518 466
f 466 518 507
f 466 507 456
f 508 446 442
f 468 506 442
f 442 506 505
f 442 505 508
f 519 434 520
f 520 434 436
f 520 436 521
f 521 436 465
f 521 465 522
f 522 465 445
f 522 445 523
f 523 445 444
f 523 444 524
f 524 444 454
f 524 454 525
f 525 454 449
f 525 449 526
f 526 449 452
f 526 452 527
f 527 452 441
f 527 441 528
f 528 441 440
f 528 440 529
f 529 440 437
f 529 437 530
f 530 437 432
f 530 432 519
f 519 432 434
f 531 532 533
f 533 532 534
f 533 534 535
f 535 534 536
f 535 536 537
f 537 536 538
f 537 538 539
f 539 538 540
f 539 540 541
f 541 540 542
f 541 542 543
f 543 542 544
f 543 544 545
f 545 544 546
f 545 546 547
f 547 546 548
f 547 548 549
f 549 548 550
f 549 550 551
f 551 550 552
f 551 552 553
f 553 552 554
f 553 554 555
f 555 554 556
f 555 556 531
f 531 556 532
f 557 558 559
f 559 558 560
f 559 560 561
f 561 560 562
f 561 562 563
f 563 562 564
f 563 564 565
f 565 564 566
f 565 566 567
f 567 566 568
f 567 568 569
f 569 568 570
f 569 570 571
f 571 570 572
f 571 572 573
f 573 572 574
f 573 574 575
f 575 574 576
f 575 576 577
f 577 576 578
f 577 578 579
f 579 578 580
f 579 580 581
f 581 580 582
f 581 582 557
f 557 582 558
f 576 583 584
f 475 536 534
f 500 585 498
f 498 585 586
f 498 586 496
f 496 586 481
f 481 586 587
f 481 587 482
f 482 587 483
f 483 587 588
f 483 588 484
f 491 490 589
f 582 580 468
f 468 580 578
f 576 574 583
f 583 574 572
f 583 572 590
f 590 572 570
f 590 570 568
f 540 564 542
f 542 564 544
f 591 486 588
f 588 486 485
f 588 485 484
f 491 589 492
f 490 489 589
f 589 489 488
f 589 488 591
f 591 488 487
f 591 487 486
f 556 472 532
f 532 472 473
f 532 473 534
f 534 473 474
f 534 474 475
f 558 582 550
f 550 582 468
f 550 468 552
f 552 468 469
f 552 469 554
f 554 469 470
f 554 470 556
f 556 470 471
f 556 471 472
f 578 576 468
f 468 576 584
f 468 584 506
f 506 584 592
f 506 592 504
f 504 592 585
f 504 585 502
f 502 585 500
f 568 566 590
f 590 566 479
f 590 479 593
f 593 479 494
f 593 494 594
f 566 564 479
f 479 564 540
f 479 540 478
f 478 540 538
f 478 538 477
f 477 538 536
f 477 536 476
f 476 536 475
f 594 494 589
f 589 494 493
f 589 493 492
f 564 562 544
f 544 562 560
f 544 560 546
f 546 560 558
f 546 558 548
f 548 558 550
f 201 203 165
f 522 523 417
f 417 523 524
f 3 5 89
f 49 53 89
f 89 53 55
f 89 55 85
f 277 279 371
f 595 596 505
f 505 596 597
f 505 597 598
f 407 403 599
f 341 343 239
f 277 371 273
f 520 514 519
f 519 514 513
f 519 513 530
f 521 516 520
f 520 516 515
f 520 515 514
f 417 507 522
f 522 507 518
f 522 518 521
f 521 518 517
f 521 517 516
f 600 601 497
f 305 307 343
f 247 249 287
f 287 249 251
f 55 57 85
f 85 57 65
f 85 65 77
f 77 65 69
f 77 69 73
f 253 257 223
f 599 239 602
f 602 239 603
f 513 512 530
f 530 512 511
f 530 511 529
f 505 503 595
f 595 503 501
f 595 501 601
f 601 501 499
f 601 499 497
f 497 495 600
f 600 495 480
f 600 480 604
f 604 480 416
f 604 416 599
f 599 416 411
f 599 411 407
f 305 343 303
f 283 285 239
f 239 285 287
f 239 287 243
f 243 287 251
f 15 11 89
f 89 11 1
f 89 1 3
f 329 333 371
f 371 333 335
f 371 335 369
f 369 335 337
f 533 524 531
f 531 524 525
f 531 525 555
f 533 535 524
f 524 535 537
f 524 537 417
f 417 537 539
f 417 539 541
f 605 606 569
f 508 528 509
f 509 528 529
f 509 529 510
f 510 529 511
f 379 375 383
f 383 375 367
f 383 367 387
f 387 367 359
f 387 359 399
f 145 147 19
f 19 147 149
f 19 149 153
f 153 157 203
f 203 157 161
f 203 161 165
f 281 313 279
f 279 313 315
f 385 389 417
f 405 409 401
f 401 409 413
f 401 413 393
f 393 413 417
f 393 417 391
f 391 417 389
f 359 361 399
f 399 361 363
f 399 363 355
f 287 275 247
f 247 275 271
f 247 271 255
f 255 271 267
f 255 267 263
f 15 89 19
f 19 89 91
f 19 91 93
f 165 167 201
f 201 167 169
f 201 169 197
f 197 169 177
f 197 177 189
f 189 177 181
f 189 181 185
f 371 373 27
f 27 373 377
f 27 377 381
f 23 43 31
f 31 43 39
f 381 385 27
f 27 385 417
f 27 417 25
f 25 417 541
f 25 541 543
f 351 347 239
f 239 347 339
f 239 339 341
f 13 17 9
f 9 17 21
f 9 21 7
f 7 21 29
f 7 29 5
f 5 29 33
f 5 33 35
f 35 37 5
f 5 37 41
f 5 41 89
f 89 41 45
f 89 45 49
f 343 331 303
f 303 331 327
f 303 327 311
f 311 327 323
f 311 323 319
f 93 97 19
f 19 97 101
f 19 101 145
f 145 101 105
f 145 105 109
f 109 111 145
f 145 111 113
f 145 113 141
f 141 113 121
f 141 121 133
f 133 121 125
f 133 125 129
f 223 225 253
f 253 225 233
f 253 233 245
f 245 233 237
f 245 237 241
f 27 261 265
f 27 265 371
f 371 265 269
f 371 269 273
f 293 297 289
f 289 297 301
f 289 301 281
f 281 301 309
f 281 309 313
f 349 353 345
f 345 353 357
f 345 357 337
f 337 357 365
f 337 365 369
f 505 575 577
f 107 103 606
f 606 103 99
f 606 99 569
f 403 395 599
f 599 395 397
f 599 397 239
f 239 397 399
f 239 399 351
f 351 399 355
f 307 299 343
f 343 299 295
f 343 295 239
f 239 295 291
f 239 291 283
f 153 203 19
f 19 203 205
f 19 205 209
f 213 217 257
f 257 217 221
f 257 221 223
f 315 317 279
f 279 317 321
f 279 321 371
f 371 321 325
f 371 325 329
f 526 551 525
f 525 551 553
f 525 553 555
f 229 606 227
f 227 606 603
f 227 603 235
f 235 603 239
f 115 117 606
f 606 117 119
f 606 119 107
f 209 213 19
f 19 213 257
f 19 257 27
f 27 257 259
f 27 259 261
f 605 569 598
f 598 569 571
f 598 571 505
f 505 571 573
f 505 573 575
f 545 547 581
f 581 547 549
f 581 549 579
f 579 549 551
f 579 551 577
f 543 559 561
f 219 193 231
f 231 193 195
f 231 195 229
f 183 179 606
f 606 179 171
f 606 171 173
f 577 551 505
f 505 551 526
f 505 526 508
f 508 526 527
f 508 527 528
f 545 581 543
f 543 581 557
f 543 557 559
f 23 25 43
f 43 25 543
f 43 543 563
f 563 543 561
f 567 61 63
f 229 195 606
f 606 195 187
f 606 187 183
f 173 137 606
f 606 137 139
f 606 139 131
f 51 47 43
f 173 175 137
f 137 175 163
f 137 163 135
f 135 163 159
f 135 159 143
f 143 159 155
f 143 155 151
f 563 565 43
f 43 565 567
f 43 567 51
f 51 567 63
f 131 127 606
f 606 127 123
f 606 123 115
f 99 95 87
f 71 67 567
f 567 67 59
f 567 59 61
f 211 207 215
f 215 207 199
f 215 199 219
f 219 199 191
f 219 191 193
f 87 79 99
f 99 79 81
f 99 81 569
f 569 81 83
f 569 83 567
f 567 83 75
f 567 75 71
f 588 599 591
f 591 599 602
f 591 602 589
f 589 602 603
f 589 603 594
f 594 603 606
f 594 606 593
f 593 606 605
f 593 605 590
f 590 605 598
f 590 598 583
f 583 598 597
f 583 597 584
f 584 597 596
f 584 596 592
f 592 596 595
f 592 595 585
f 585 595 601
f 585 601 586
f 586 601 600
f 586 600 587
f 587 600 604
f 587 604 588
f 588 604 599
f 607 608 609
f 610 611 612
f 613 614 615
f 616 617 615
f 618 619 616
f 616 619 617
f 617 619 620
f 621 622 616
f 616 622 623
f 616 623 618
f 624 625 614
f 614 625 626
f 614 626 615
f 615 626 627
f 615 627 616
f 628 629 630
f 631 632 633
f 607 609 634
f 629 628 635
f 608 610 609
f 609 610 612
f 609 612 628
f 628 612 635
f 625 636 626
f 626 636 637
f 626 637 638
f 638 639 626
f 626 639 640
f 626 640 627
f 627 640 641
f 627 641 616
f 616 641 642
f 616 642 621
f 631 633 613
f 613 633 643
f 613 643 614
f 614 643 644
f 614 644 624
f 620 634 617
f 617 634 609
f 617 609 615
f 615 609 628
f 615 628 613
f 613 628 630
f 613 630 631
f 645 646 647
f 630 629 648
f 649 650 651
f 652 653 654
f 654 653 655
f 654 655 656
f 656 655 657
f 656 657 658
f 659 660 661
f 661 660 662
f 661 662 663
f 659 664 660
f 660 664 665
f 660 665 654
f 654 665 666
f 654 666 652
f 667 668 669
f 669 668 670
f 671 672 673
f 673 672 674
f 673 674 675
f 671 676 672
f 672 676 670
f 670 676 677
f 670 677 669
f 667 678 668
f 668 678 679
f 668 679 662
f 662 679 680
f 662 680 663
f 635 612 674
f 611 681 612
f 612 681 682
f 612 682 674
f 674 682 675
f 683 684 685
f 686 687 688
f 685 689 683
f 683 689 690
f 683 690 687
f 687 690 691
f 687 691 688
f 692 693 694
f 694 693 695
f 695 696 694
f 694 696 697
f 694 697 650
f 650 697 698
f 650 698 651
f 688 699 686
f 686 699 700
f 686 700 692
f 692 700 701
f 692 701 693
f 702 703 704
f 704 703 705
f 704 705 706
f 707 708 709
f 709 708 710
f 706 711 704
f 704 711 712
f 704 712 707
f 707 712 713
f 707 713 708
f 714 715 716
f 717 718 719
f 717 719 720
f 716 721 714
f 714 721 722
f 714 722 717
f 717 722 723
f 717 723 718
f 710 724 709
f 709 724 725
f 709 725 715
f 715 725 726
f 715 726 716
f 649 648 650
f 650 648 727
f 650 727 694
f 694 727 728
f 694 728 692
f 692 728 729
f 692 729 686
f 686 729 730
f 686 730 687
f 687 730 731
f 687 731 683
f 683 731 732
f 683 732 684
f 684 732 733
f 684 733 720
f 720 733 734
f 720 734 717
f 717 734 735
f 717 735 714
f 714 735 736
f 714 736 715
f 715 736 737
f 715 737 709
f 709 737 738
f 709 738 707
f 707 738 739
f 707 739 704
f 704 739 647
f 704 647 702
f 702 647 646
f 740 741 742
f 742 741 743
f 742 743 744
f 744 743 745
f 746 747 748
f 748 747 749
f 748 749 743
f 743 749 745
f 746 748 750
f 750 748 751
f 750 751 752
f 752 751 753
f 752 753 754
f 755 756 757
f 757 756 758
f 757 758 753
f 753 758 759
f 753 759 754
f 760 761 762
f 760 762 763
f 763 762 764
f 763 764 765
f 765 766 763
f 763 766 767
f 763 767 757
f 757 767 768
f 757 768 755
f 656 658 769
f 656 769 760
f 760 769 770
f 760 770 761
f 651 771 649
f 649 771 772
f 649 772 773
f 630 648 631
f 631 648 649
f 631 649 773
f 631 773 632
f 719 774 720
f 720 774 775
f 720 775 684
f 684 775 776
f 684 776 685
f 629 635 648
f 648 635 674
f 648 674 727
f 727 674 672
f 727 672 728
f 728 672 670
f 728 670 729
f 729 670 668
f 729 668 730
f 730 668 662
f 730 662 731
f 731 662 660
f 731 660 732
f 732 660 654
f 732 654 733
f 733 654 656
f 733 656 734
f 734 656 760
f 734 760 735
f 735 760 763
f 735 763 736
f 736 763 757
f 736 757 737
f 737 757 753
f 737 753 738
f 738 753 751
f 738 751 739
f 739 751 748
f 739 748 647
f 647 748 743
f 647 743 645
f 645 743 741
f 777 778 779
f 780 781 779
f 782 781 783
f 783 781 780
f 783 780 784
f 741 740 780
f 780 740 785
f 780 785 784
f 778 786 779
f 779 786 787
f 779 787 780
f 788 789 790
f 777 791 792
f 793 794 795
f 796 797 793
f 793 797 794
f 789 788 798
f 798 788 793
f 798 793 799
f 799 793 795
f 799 795 800
f 786 801 705
f 702 787 703
f 703 787 786
f 703 786 705
f 702 646 787
f 787 646 645
f 787 645 780
f 780 645 741
f 792 802 777
f 777 802 803
f 777 803 778
f 778 803 804
f 804 805 778
f 778 805 806
f 778 806 786
f 786 806 807
f 786 807 801
f 782 796 781
f 781 796 793
f 781 793 779
f 779 793 788
f 779 788 777
f 777 788 790
f 777 790 791
f 808 809 792
f 808 792 810
f 792 811 810
f 810 811 812
f 810 812 813
f 813 812 814
f 813 814 815
f 815 814 816
f 815 816 817
f 816 818 817
f 817 818 819
f 817 819 820
f 820 819 821
f 822 823 824
f 819 825 821
f 821 825 826
f 821 826 827
f 827 826 828
f 827 828 829
f 829 828 830
f 829 830 831
f 831 830 832
f 831 832 824
f 824 832 833
f 824 833 822
f 834 835 836
f 836 835 837
f 822 838 823
f 823 838 839
f 823 839 840
f 840 839 841
f 840 841 834
f 834 841 842
f 834 842 835
f 843 844 845
f 845 844 846
f 847 848 843
f 843 848 849
f 843 849 844
f 850 851 847
f 847 851 852
f 847 852 848
f 853 854 855
f 855 854 837
f 855 837 850
f 850 837 835
f 850 835 851
f 856 849 848
f 857 858 859
f 860 861 862
f 862 861 863
f 862 863 859
f 859 863 864
f 859 864 857
f 865 866 867
f 867 866 868
f 867 868 869
f 865 870 866
f 866 870 871
f 866 871 862
f 862 871 872
f 862 872 860
f 799 800 873
f 799 873 798
f 798 873 874
f 798 874 868
f 868 874 875
f 868 875 869
f 826 876 828
f 828 876 877
f 828 877 830
f 878 879 816
f 816 814 878
f 878 814 812
f 878 812 811
f 826 825 876
f 876 825 819
f 876 819 879
f 879 819 818
f 879 818 816
f 880 881 882
f 882 881 883
f 884 851 835
f 884 835 885
f 883 856 882
f 882 856 848
f 882 848 884
f 884 848 852
f 884 852 851
f 839 886 841
f 841 886 885
f 841 885 842
f 842 885 835
f 878 887 879
f 879 887 888
f 879 888 876
f 876 888 889
f 876 889 877
f 877 889 890
f 877 890 891
f 891 890 892
f 891 892 886
f 886 892 893
f 886 893 885
f 885 893 894
f 885 894 884
f 884 894 895
f 884 895 882
f 882 895 896
f 882 896 880
f 880 896 897
f 898 899 900
f 900 901 898
f 898 901 902
f 898 902 903
f 904 905 906
f 906 905 907
f 906 907 908
f 904 909 905
f 905 909 910
f 905 910 898
f 898 910 911
f 898 911 899
f 912 913 896
f 896 913 914
f 896 914 897
f 915 916 917
f 917 916 918
f 917 918 907
f 907 918 919
f 907 919 908
f 920 921 922
f 922 921 923
f 922 923 917
f 917 923 924
f 917 924 915
f 858 925 859
f 859 925 926
f 859 926 922
f 922 926 927
f 922 927 920
f 789 887 790
f 790 887 878
f 790 878 791
f 791 878 811
f 791 811 792
f 839 838 886
f 886 838 822
f 886 822 891
f 891 822 833
f 891 833 877
f 877 833 832
f 877 832 830
f 789 798 887
f 887 798 868
f 887 868 888
f 888 868 866
f 888 866 889
f 889 866 862
f 889 862 890
f 890 862 859
f 890 859 892
f 892 859 922
f 892 922 893
f 893 922 917
f 893 917 894
f 894 917 907
f 894 907 895
f 895 907 905
f 895 905 896
f 896 905 898
f 896 898 912
f 912 898 903
f 928 929 930
f 931 932 933
f 934 935 936
f 937 938 939
f 765 764 940
f 671 673 941
f 941 673 675
f 941 675 942
f 942 675 943
f 943 675 682
f 943 682 944
f 944 682 681
f 944 681 611
f 669 945 667
f 667 945 946
f 667 946 678
f 669 677 945
f 945 677 676
f 945 676 941
f 941 676 671
f 930 659 947
f 947 659 661
f 661 663 947
f 947 663 680
f 947 680 946
f 946 680 679
f 946 679 678
f 652 666 929
f 929 666 665
f 929 665 930
f 930 665 664
f 930 664 659
f 948 655 653
f 949 658 948
f 948 658 657
f 948 657 655
f 764 762 940
f 940 762 761
f 940 761 950
f 950 761 770
f 950 770 949
f 949 770 769
f 949 769 658
f 768 767 951
f 951 767 766
f 754 759 952
f 952 759 758
f 952 758 953
f 953 758 756
f 953 756 755
f 754 952 752
f 752 952 954
f 752 954 750
f 749 747 955
f 955 747 746
f 955 746 954
f 954 746 750
f 740 742 956
f 956 742 744
f 956 744 957
f 957 744 745
f 957 745 955
f 955 745 749
f 937 939 958
f 958 939 959
f 958 959 960
f 960 959 961
f 960 961 962
f 962 961 963
f 963 961 964
f 963 964 965
f 966 967 968
f 968 967 969
f 968 969 964
f 964 969 965
f 966 968 970
f 970 968 971
f 970 971 972
f 972 971 973
f 972 973 974
f 975 976 977
f 977 976 978
f 977 978 973
f 973 978 979
f 973 979 974
f 980 981 982
f 982 981 983
f 982 983 984
f 980 985 981
f 981 985 977
f 977 985 986
f 977 986 975
f 987 988 989
f 935 990 936
f 936 990 991
f 936 991 989
f 989 991 992
f 989 992 987
f 993 994 995
f 995 994 996
f 932 997 933
f 933 997 998
f 933 998 996
f 996 998 999
f 996 999 995
f 1000 1001 1002
f 1000 1002 1003
f 1004 955 1005
f 1005 955 954
f 1005 954 1006
f 1006 954 952
f 1006 952 1007
f 1007 952 953
f 1007 953 1008
f 1002 931 1003
f 1003 931 933
f 1003 933 1009
f 1009 933 1010
f 1011 1012 1013
f 1013 1010 1011
f 1011 1010 933
f 1011 933 1014
f 1014 933 996
f 1014 996 1015
f 1015 996 994
f 1015 994 1016
f 988 984 989
f 989 984 983
f 989 983 1017
f 1017 983 981
f 1017 981 1018
f 1018 981 977
f 1018 977 1019
f 1019 977 973
f 961 1004 964
f 964 1004 1005
f 964 1005 968
f 968 1005 1006
f 968 1006 971
f 971 1006 1007
f 971 1007 973
f 973 1007 1008
f 973 1008 1019
f 1019 1008 1020
f 1019 1020 1018
f 1018 1020 1021
f 1018 1021 1017
f 1017 1021 1022
f 1017 1022 989
f 989 1022 1023
f 989 1023 936
f 766 765 951
f 951 765 940
f 951 940 1024
f 1024 940 950
f 1024 950 1025
f 1025 950 949
f 1025 949 928
f 928 949 948
f 928 948 929
f 929 948 653
f 929 653 652
f 942 1012 941
f 941 1012 1011
f 941 1011 945
f 945 1011 1014
f 945 1014 946
f 946 1014 1015
f 946 1015 947
f 947 1015 1016
f 947 1016 930
f 959 1026 961
f 961 1026 1027
f 961 1027 1004
f 1004 1027 1028
f 1004 1028 955
f 955 1028 1029
f 955 1029 957
f 755 768 953
f 953 768 951
f 953 951 1008
f 1008 951 1024
f 1008 1024 1020
f 1020 1024 1025
f 1020 1025 1021
f 1021 1025 928
f 1021 928 1022
f 1022 928 930
f 1022 930 1023
f 1023 930 1016
f 1023 1016 936
f 936 1016 994
f 936 994 934
f 934 994 993
f 1030 1031 1032
f 1033 1034 1035
f 642 641 1036
f 1037 1038 1039
f 1040 1041 1042
f 1038 1043 1039
f 1039 1043 1044
f 1039 1044 1042
f 1042 1044 1045
f 1042 1045 1040
f 1046 1047 1048
f 1048 1047 1049
f 1048 1049 1050
f 1051 1052 1032
f 1032 1052 1053
f 1032 1053 1054
f 1054 1053 1055
f 1055 1056 1054
f 1054 1056 1057
f 1054 1057 1049
f 1049 1057 1058
f 1049 1058 1050
f 1046 1059 1047
f 1047 1059 1060
f 1047 1060 1039
f 1039 1060 1061
f 1039 1061 1037
f 1062 1063 1064
f 1064 1063 1065
f 1051 1032 1063
f 1063 1032 1031
f 1063 1031 1065
f 1066 1067 1068
f 1068 1067 1069
f 1068 1069 1070
f 1070 1069 1071
f 1072 1073 1074
f 1072 1074 1075
f 1076 1077 1078
f 1076 1078 1035
f 1074 1079 1075
f 1075 1079 1080
f 1075 1080 1076
f 1076 1080 1081
f 1076 1081 1077
f 1071 1082 1070
f 1070 1082 1083
f 1070 1083 1072
f 1072 1083 1084
f 1072 1084 1073
f 639 638 1085
f 1086 1087 1085
f 1085 1087 640
f 1085 640 639
f 1088 1089 1090
f 1090 1089 1091
f 1090 1091 1092
f 1086 1093 1087
f 1087 1093 1094
f 1087 1094 1091
f 1091 1094 1095
f 1091 1095 1092
f 1034 1096 1035
f 1035 1096 1097
f 1035 1097 1076
f 1076 1097 1098
f 1076 1098 1075
f 1075 1098 1099
f 1075 1099 1072
f 1072 1099 1100
f 1072 1100 1070
f 1070 1100 1101
f 1070 1101 1068
f 1068 1101 1102
f 1068 1102 1089
f 1089 1102 1103
f 1089 1103 1091
f 1091 1103 1104
f 1091 1104 1087
f 1087 1104 1036
f 1087 1036 640
f 640 1036 641
f 1105 1106 1107
f 1107 1106 621
f 621 1106 1108
f 621 1108 622
f 1109 1110 1111
f 1111 1110 1112
f 1111 1112 1107
f 1107 1112 1113
f 1107 1113 1105
f 1114 1115 1116
f 1116 1115 1111
f 1111 1115 1117
f 1111 1117 1109
f 1041 1118 1042
f 1042 1118 1119
f 1042 1119 1116
f 1116 1119 1114
f 1120 1033 1121
f 1121 1033 1035
f 1121 1035 1122
f 1122 1035 1078
f 1096 1123 1097
f 1097 1123 1124
f 1097 1124 1125
f 1088 1126 1089
f 1089 1126 1127
f 1089 1127 1068
f 1068 1127 1128
f 1068 1128 1066
f 1125 1030 1097
f 1097 1030 1032
f 1097 1032 1098
f 1098 1032 1054
f 1098 1054 1099
f 1099 1054 1049
f 1099 1049 1100
f 1100 1049 1047
f 1100 1047 1101
f 1101 1047 1039
f 1101 1039 1102
f 1102 1039 1042
f 1102 1042 1103
f 1103 1042 1116
f 1103 1116 1104
f 1104 1116 1111
f 1104 1111 1036
f 1036 1111 1107
f 1036 1107 642
f 642 1107 621
f 1129 1130 1131
f 1129 1131 1132
f 805 1133 1134
f 805 1134 1135
f 1135 1134 1136
f 1135 1136 1137
f 1138 1139 1131
f 1131 1139 1135
f 1131 1135 1132
f 1132 1135 1137
f 1135 1140 711
f 711 706 1135
f 1135 706 705
f 1135 705 801
f 801 807 1135
f 1135 807 806
f 1135 806 805
f 1141 1142 1140
f 1140 1142 1143
f 1143 1144 1140
f 1140 1144 1145
f 1140 1145 711
f 711 1145 1146
f 711 1146 1147
f 792 809 802
f 802 809 1148
f 1133 805 1149
f 1149 805 804
f 1149 804 1148
f 1148 804 803
f 1148 803 802
f 708 1147 710
f 710 1147 724
f 724 1147 725
f 725 1147 1150
f 725 1150 1151
f 708 713 1147
f 1147 713 712
f 1147 712 711
f 1152 773 772
f 772 771 1152
f 1152 771 651
f 1152 651 698
f 695 693 1153
f 1153 693 701
f 1153 701 700
f 700 699 1153
f 1153 699 688
f 1153 688 691
f 691 690 1153
f 1153 690 689
f 1153 689 685
f 685 776 1153
f 1153 776 775
f 1153 775 774
f 774 719 1153
f 1153 719 718
f 1153 718 723
f 723 722 1153
f 1153 722 721
f 1153 721 716
f 698 697 1152
f 1152 697 696
f 1152 696 1151
f 1151 696 695
f 1151 695 725
f 725 695 1153
f 725 1153 726
f 726 1153 716
f 1152 1154 773
f 773 1154 1155
f 773 1155 1156
f 1157 1158 1159
f 1159 1160 1157
f 1157 1160 1161
f 1157 1161 1162
f 1162 1161 773
f 1162 773 1163
f 1163 773 1156
f 1161 1164 773
f 773 1164 1165
f 773 1165 1166
f 644 643 1167
f 1167 643 633
f 1167 633 1166
f 1166 633 632
f 1166 632 773
f 1168 638 1169
f 1169 638 637
f 1169 637 1170
f 637 636 1170
f 1170 636 625
f 1170 625 1167
f 1167 625 624
f 1167 624 644
f 1171 1172 1173
f 1174 1175 1176
f 1177 1178 1179
f 1179 1178 1180
f 938 1181 1182
f 1182 1181 1183
f 1182 1183 1184
f 1184 1183 1185
f 1179 1186 1187
f 1187 1171 1179
f 1179 1171 1173
f 1179 1173 1177
f 1177 1173 1188
f 1188 1189 1177
f 1177 1189 1183
f 1183 1189 1190
f 1183 1190 1185
f 1185 1190 1174
f 1185 1174 1191
f 1191 1174 1176
f 1186 1179 1192
f 1192 1179 1180
f 1192 1180 1193
f 1183 1181 1177
f 1177 1181 1194
f 1177 1194 1178
f 1178 1194 1195
f 986 985 1196
f 1196 985 1197
f 979 1198 974
f 974 1198 1199
f 974 1199 972
f 979 978 1198
f 1198 978 976
f 1198 976 1196
f 1196 976 975
f 1196 975 986
f 1200 958 960
f 1200 960 1201
f 969 1202 1201
f 960 962 1201
f 1201 962 963
f 1201 963 969
f 969 963 965
f 969 967 1202
f 1202 967 966
f 1202 966 1199
f 1199 966 970
f 1199 970 972
f 1181 938 1200
f 1200 938 937
f 1200 937 958
f 1203 1204 1205
f 1203 1205 1206
f 1207 1208 1203
f 1203 1208 1209
f 1203 1209 1204
f 1210 1211 1212
f 1213 1214 1215
f 1215 1214 1216
f 1215 1216 1211
f 1211 1216 1217
f 1211 1217 1212
f 1205 1218 1206
f 1206 1218 1219
f 1206 1219 1215
f 1215 1219 1220
f 1215 1220 1213
f 1221 1222 1223
f 1223 1224 1221
f 1221 1224 1225
f 1221 1225 1226
f 1226 1227 1221
f 1221 1227 1228
f 1221 1228 1229
f 1230 1231 1232
f 1230 1232 1233
f 1234 1235 1230
f 1230 1235 1236
f 1230 1236 1231
f 1237 1238 1239
f 1239 1238 1240
f 1239 1240 1234
f 1234 1240 1241
f 1234 1241 1235
f 1228 1242 1229
f 1229 1242 1243
f 1229 1243 1239
f 1239 1243 1244
f 1239 1244 1237
f 1210 1195 1211
f 1211 1195 1245
f 1211 1245 1215
f 1215 1245 1246
f 1215 1246 1206
f 1206 1246 1247
f 1206 1247 1203
f 1203 1247 1248
f 1203 1248 1207
f 1207 1248 1249
f 1207 1249 1250
f 1250 1249 1251
f 1250 1251 1233
f 1233 1251 1252
f 1233 1252 1230
f 1230 1252 1253
f 1230 1253 1234
f 1234 1253 1254
f 1234 1254 1239
f 1239 1254 1255
f 1239 1255 1229
f 1229 1255 1256
f 1229 1256 1221
f 1221 1256 1257
f 1221 1257 1222
f 1222 1257 1258
f 1001 1258 1002
f 1002 1258 1259
f 1002 1259 931
f 1260 998 997
f 1260 997 1259
f 1259 997 932
f 1259 932 931
f 934 993 1261
f 1261 993 995
f 1261 995 1260
f 1260 995 999
f 1260 999 998
f 934 1261 935
f 935 1261 1262
f 935 1262 990
f 988 987 1263
f 1263 987 992
f 1263 992 1262
f 1262 992 991
f 1262 991 990
f 1197 985 980
f 1197 980 1264
f 1264 980 982
f 1264 982 1263
f 1263 982 984
f 1263 984 988
f 1212 1265 1210
f 1210 1265 1266
f 1210 1266 1267
f 1178 1195 1180
f 1180 1195 1210
f 1180 1210 1267
f 1180 1267 1193
f 1232 1268 1233
f 1233 1268 1269
f 1233 1269 1250
f 1250 1269 1270
f 1250 1270 1207
f 1207 1270 1271
f 1207 1271 1208
f 1194 1181 1195
f 1195 1181 1200
f 1195 1200 1245
f 1245 1200 1201
f 1245 1201 1246
f 1246 1201 1202
f 1246 1202 1247
f 1247 1202 1199
f 1247 1199 1248
f 1248 1199 1198
f 1248 1198 1249
f 1249 1198 1196
f 1249 1196 1251
f 1251 1196 1197
f 1251 1197 1252
f 1252 1197 1264
f 1252 1264 1253
f 1253 1264 1263
f 1253 1263 1254
f 1254 1263 1262
f 1254 1262 1255
f 1255 1262 1261
f 1255 1261 1256
f 1256 1261 1260
f 1256 1260 1257
f 1257 1260 1259
f 1257 1259 1258
f 1272 1273 1274
f 1272 1274 1275
f 1275 1274 1258
f 1275 1258 1001
f 1224 1223 1276
f 1277 1276 1278
f 1279 1280 1281
f 1281 1280 1282
f 1283 1284 1225
f 1277 1285 1276
f 1276 1285 1283
f 1276 1283 1224
f 1224 1283 1225
f 1223 1222 1276
f 1276 1222 1258
f 1276 1258 1274
f 1283 1285 1286
f 1283 1286 1287
f 1287 1288 1283
f 1283 1288 1289
f 1283 1289 1284
f 1278 1276 1290
f 1290 1276 1274
f 1290 1274 1280
f 1280 1274 1273
f 1280 1273 1282
f 1291 1292 1293
f 1294 1295 1296
f 1296 1295 1297
f 1296 1297 1298
f 1298 1297 1299
f 1298 1299 1300
f 1301 1302 1303
f 1303 1302 1304
f 1303 1304 1305
f 1301 1306 1302
f 1302 1306 1307
f 1302 1307 1308
f 1307 1309 1308
f 1308 1309 1310
f 1308 1310 1296
f 1296 1310 1311
f 1296 1311 1294
f 1305 1304 1312
f 1312 1304 1280
f 1312 1280 1279
f 1313 1314 1315
f 1313 1315 1316
f 1316 1315 1317
f 1316 1317 1318
f 1319 1320 1321
f 1321 1320 1322
f 1318 1323 1316
f 1316 1323 1324
f 1316 1324 1319
f 1319 1324 1325
f 1319 1325 1320
f 1326 1327 1328
f 1328 1327 1329
f 1328 1329 1330
f 1331 1332 1333
f 1333 1332 1334
f 1333 1334 1335
f 1327 1336 1329
f 1329 1336 1337
f 1329 1337 1334
f 1334 1337 1338
f 1334 1338 1335
f 1339 1340 1341
f 1341 1340 1342
f 1341 1342 1343
f 1344 1345 1346
f 1346 1345 1347
f 1346 1347 1348
f 1339 1349 1340
f 1340 1349 1350
f 1340 1350 1346
f 1346 1350 1351
f 1346 1351 1344
f 1331 1352 1332
f 1332 1352 1353
f 1332 1353 1342
f 1342 1353 1354
f 1342 1354 1343
f 1355 1356 1321
f 1321 1356 1357
f 1321 1357 1319
f 1319 1357 1358
f 1319 1358 1316
f 1316 1358 1359
f 1316 1359 1313
f 1313 1359 1360
f 1313 1360 1348
f 1348 1360 1361
f 1348 1361 1346
f 1346 1361 1362
f 1346 1362 1340
f 1340 1362 1363
f 1340 1363 1342
f 1342 1363 1364
f 1342 1364 1332
f 1332 1364 1365
f 1332 1365 1334
f 1334 1365 1366
f 1334 1366 1329
f 1329 1366 1367
f 1329 1367 1330
f 1293 1368 1369
f 1291 1293 1370
f 1370 1293 1369
f 1370 1369 1371
f 1372 1373 1374
f 1374 1373 1375
f 1374 1375 1376
f 1376 1375 1377
f 1372 1378 1373
f 1373 1378 1379
f 1373 1379 1293
f 1293 1379 1380
f 1293 1380 1368
f 1381 1382 1367
f 1367 1382 1383
f 1367 1383 1330
f 1384 1385 1386
f 1386 1385 1387
f 1386 1387 1375
f 1375 1387 1388
f 1375 1388 1377
f 1384 1386 1389
f 1389 1386 1390
f 1389 1390 1391
f 1392 1393 1394
f 1394 1393 1395
f 1393 1396 1395
f 1395 1396 1397
f 1395 1397 1390
f 1390 1397 1398
f 1390 1398 1391
f 1300 1399 1298
f 1298 1399 1400
f 1298 1400 1394
f 1394 1400 1401
f 1394 1401 1392
f 1322 1402 1321
f 1321 1402 1403
f 1321 1403 1355
f 1355 1403 1404
f 1355 1404 1286
f 1277 1356 1285
f 1285 1356 1355
f 1285 1355 1286
f 1304 1278 1290
f 1304 1290 1280
f 1347 1405 1348
f 1348 1405 1406
f 1348 1406 1313
f 1313 1406 1407
f 1313 1407 1314
f 1277 1278 1356
f 1356 1278 1304
f 1356 1304 1357
f 1357 1304 1302
f 1357 1302 1358
f 1358 1302 1308
f 1358 1308 1359
f 1359 1308 1296
f 1359 1296 1360
f 1360 1296 1298
f 1360 1298 1361
f 1361 1298 1394
f 1361 1394 1362
f 1362 1394 1395
f 1362 1395 1363
f 1363 1395 1390
f 1363 1390 1364
f 1364 1390 1386
f 1364 1386 1365
f 1365 1386 1375
f 1365 1375 1366
f 1366 1375 1373
f 1366 1373 1367
f 1367 1373 1293
f 1367 1293 1381
f 1381 1293 1292
f 1408 1409 1083
f 1410 1411 1081
f 1122 1078 1411
f 1411 1078 1077
f 1411 1077 1081
f 1122 1411 1121
f 1121 1411 1412
f 1121 1412 1120
f 1120 1412 1413
f 1120 1413 1414
f 1414 1413 1415
f 1414 1415 1416
f 1083 1409 1084
f 1084 1409 1417
f 1084 1417 1073
f 1418 1419 1081
f 1081 1419 1420
f 1081 1420 1410
f 1410 1420 1421
f 1410 1421 1422
f 1081 1080 1418
f 1418 1080 1079
f 1418 1079 1417
f 1417 1079 1074
f 1417 1074 1073
f 1423 1424 1128
f 1083 1082 1408
f 1408 1082 1071
f 1408 1071 1425
f 1425 1071 1069
f 1425 1069 1426
f 1426 1069 1067
f 1426 1067 1424
f 1424 1067 1066
f 1424 1066 1128
f 1427 1095 1428
f 1428 1095 1094
f 1428 1094 1429
f 1128 1127 1423
f 1423 1127 1126
f 1423 1126 1430
f 1430 1126 1088
f 1430 1088 1431
f 1431 1088 1090
f 1431 1090 1427
f 1427 1090 1092
f 1427 1092 1095
f 638 1168 1085
f 1085 1168 1432
f 1085 1432 1086
f 1086 1432 1429
f 1086 1429 1093
f 1093 1429 1094
f 1433 1434 1134
f 1134 1434 1136
f 1136 1434 1137
f 1137 1434 1435
f 1137 1435 1132
f 1132 1435 1436
f 1132 1436 1129
f 1129 1436 1437
f 1129 1437 1130
f 1438 1439 1440
f 1441 1442 1443
f 1444 1445 1446
f 1447 1448 1449
f 1450 1451 1452
f 1453 1454 1455
f 1456 1457 1458
f 1459 1460 1461
f 1462 1463 1464
f 1465 1466 1467
f 1468 1469 1470
f 1471 1472 1473
f 1474 1475 1476
f 1477 1478 1479
f 1480 1481 1482
f 1483 1484 1485
f 1464 1486 1487
f 1488 1489 1463
f 1463 1489 1464
f 1464 1489 1490
f 1464 1490 1486
f 1474 1476 1491
f 1471 1473 1492
f 1493 1488 1494
f 1494 1488 1463
f 1494 1463 1495
f 1495 1463 1462
f 1495 1462 1461
f 1496 1497 1498
f 1499 1500 1501
f 1501 1500 1502
f 1501 1502 1503
f 1503 1502 1504
f 1503 1504 1505
f 1505 1504 1506
f 1507 1493 1508
f 1508 1493 1494
f 1508 1494 1509
f 1509 1494 1495
f 1509 1495 1510
f 1510 1495 1461
f 1510 1461 1511
f 1511 1461 1460
f 1487 1512 1464
f 1464 1512 1513
f 1464 1513 1462
f 1462 1513 1458
f 1462 1458 1461
f 1461 1458 1457
f 1461 1457 1459
f 1512 1496 1513
f 1513 1496 1498
f 1513 1498 1458
f 1458 1498 1514
f 1458 1514 1456
f 1515 1516 1497
f 1497 1516 1517
f 1497 1517 1498
f 1498 1517 1518
f 1498 1518 1514
f 1487 1483 1512
f 1512 1483 1485
f 1512 1485 1496
f 1496 1485 1519
f 1496 1519 1497
f 1497 1519 1455
f 1497 1455 1515
f 1515 1455 1454
f 1520 1521 1522
f 1522 1521 1523
f 1523 1453 1522
f 1522 1453 1455
f 1522 1455 1524
f 1524 1455 1519
f 1524 1519 1482
f 1482 1519 1485
f 1482 1485 1480
f 1480 1485 1484
f 1451 1520 1452
f 1452 1520 1522
f 1452 1522 1525
f 1525 1522 1524
f 1525 1524 1526
f 1526 1524 1482
f 1526 1482 1527
f 1527 1482 1481
f 1448 1450 1449
f 1449 1450 1452
f 1449 1452 1528
f 1528 1452 1525
f 1528 1525 1479
f 1479 1525 1526
f 1479 1526 1477
f 1477 1526 1527
f 1478 1529 1479
f 1479 1529 1530
f 1479 1530 1528
f 1528 1530 1531
f 1528 1531 1449
f 1449 1531 1532
f 1449 1532 1447
f 1533 1534 1532
f 1532 1534 1535
f 1532 1535 1447
f 1445 1533 1446
f 1446 1533 1532
f 1446 1532 1536
f 1536 1532 1531
f 1536 1531 1476
f 1476 1531 1530
f 1476 1530 1491
f 1491 1530 1529
f 1537 1444 1505
f 1505 1444 1446
f 1505 1446 1503
f 1503 1446 1536
f 1503 1536 1501
f 1501 1536 1476
f 1501 1476 1499
f 1499 1476 1475
f 1538 1539 1506
f 1506 1539 1540
f 1506 1540 1505
f 1505 1540 1541
f 1505 1541 1537
f 1442 1538 1443
f 1443 1538 1506
f 1443 1506 1542
f 1542 1506 1504
f 1542 1504 1473
f 1473 1504 1502
f 1473 1502 1492
f 1492 1502 1500
f 1543 1544 1545
f 1545 1544 1546
f 1546 1441 1545
f 1545 1441 1443
f 1545 1443 1547
f 1547 1443 1542
f 1547 1542 1548
f 1548 1542 1473
f 1548 1473 1549
f 1549 1473 1472
f 1439 1543 1440
f 1440 1543 1545
f 1440 1545 1550
f 1550 1545 1547
f 1550 1547 1470
f 1470 1547 1548
f 1470 1548 1468
f 1468 1548 1549
f 1551 1438 1552
f 1552 1438 1440
f 1552 1440 1553
f 1553 1440 1550
f 1553 1550 1467
f 1467 1550 1470
f 1467 1470 1465
f 1465 1470 1469
f 1466 1437 1467
f 1467 1437 1436
f 1467 1436 1553
f 1553 1436 1435
f 1553 1435 1552
f 1552 1435 1434
f 1552 1434 1551
f 1551 1434 1433
f 1514 1518 1554
f 1516 1515 1555
f 1537 1541 1556
f 1539 1538 1557
f 1551 1433 1558
f 1559 1560 1561
f 1562 1563 1564
f 1559 1561 1564
f 1565 1566 1567
f 1567 1566 1568
f 1567 1568 1569
f 1570 1571 1572
f 1572 1571 1573
f 1574 1575 1576
f 1573 1571 1576
f 1576 1571 1577
f 1576 1577 1574
f 1578 1438 1551
f 1579 1543 1439
f 1442 1441 1580
f 1580 1441 1546
f 1581 1533 1582
f 1582 1533 1445
f 1582 1445 1556
f 1556 1445 1444
f 1556 1444 1537
f 1583 1535 1581
f 1581 1535 1534
f 1581 1534 1533
f 1584 1448 1583
f 1583 1448 1447
f 1583 1447 1535
f 1585 1451 1584
f 1584 1451 1450
f 1584 1450 1448
f 1523 1521 1585
f 1585 1521 1520
f 1585 1520 1451
f 1523 1586 1453
f 1453 1586 1555
f 1453 1555 1454
f 1454 1555 1515
f 1518 1517 1554
f 1554 1517 1516
f 1554 1516 1587
f 1457 1456 1588
f 1588 1456 1514
f 1460 1459 1589
f 1589 1459 1457
f 1551 1558 1578
f 1578 1558 1590
f 1578 1590 1591
f 1590 1592 1591
f 1591 1592 1593
f 1591 1593 1594
f 1594 1593 1595
f 1594 1595 1577
f 1577 1595 1596
f 1577 1596 1574
f 1564 1561 1562
f 1562 1561 1597
f 1562 1597 1598
f 1597 1599 1598
f 1598 1599 1600
f 1598 1600 1601
f 1511 1460 1602
f 1602 1460 1589
f 1602 1589 1603
f 1603 1589 1601
f 1603 1601 1604
f 1604 1601 1600
f 1569 1568 1570
f 1570 1568 1605
f 1570 1605 1571
f 1571 1605 1606
f 1571 1606 1577
f 1577 1606 1607
f 1577 1607 1594
f 1594 1607 1608
f 1594 1608 1591
f 1591 1608 1579
f 1591 1579 1578
f 1578 1579 1439
f 1578 1439 1438
f 1457 1588 1589
f 1589 1588 1609
f 1589 1609 1601
f 1601 1609 1610
f 1601 1610 1598
f 1598 1610 1566
f 1598 1566 1562
f 1562 1566 1565
f 1562 1565 1563
f 1514 1554 1588
f 1588 1554 1587
f 1588 1587 1609
f 1609 1587 1611
f 1609 1611 1610
f 1610 1611 1612
f 1610 1612 1566
f 1566 1612 1613
f 1566 1613 1568
f 1568 1613 1614
f 1568 1614 1605
f 1605 1614 1615
f 1605 1615 1606
f 1606 1615 1616
f 1606 1616 1607
f 1607 1616 1580
f 1607 1580 1608
f 1608 1580 1546
f 1608 1546 1579
f 1579 1546 1544
f 1579 1544 1543
f 1516 1555 1587
f 1587 1555 1586
f 1587 1586 1611
f 1611 1586 1617
f 1611 1617 1612
f 1612 1617 1618
f 1612 1618 1613
f 1613 1618 1619
f 1613 1619 1614
f 1614 1619 1620
f 1614 1620 1615
f 1615 1620 1621
f 1615 1621 1616
f 1616 1621 1557
f 1616 1557 1580
f 1580 1557 1538
f 1580 1538 1442
f 1523 1585 1586
f 1586 1585 1584
f 1586 1584 1617
f 1617 1584 1583
f 1617 1583 1618
f 1618 1583 1581
f 1618 1581 1619
f 1619 1581 1582
f 1619 1582 1620
f 1620 1582 1556
f 1620 1556 1621
f 1621 1556 1541
f 1621 1541 1557
f 1557 1541 1540
f 1557 1540 1539
f 1558 1433 1134
f 1622 1511 854
f 854 1511 1602
f 854 1602 837
f 837 1602 1603
f 837 1603 836
f 836 1603 834
f 834 1603 1604
f 834 1604 840
f 1560 1623 1561
f 1561 1623 1597
f 1604 1600 840
f 840 1600 1599
f 840 1599 823
f 823 1599 1597
f 823 1597 824
f 824 1597 1623
f 1623 1624 824
f 824 1624 1625
f 824 1625 831
f 831 1625 1626
f 831 1626 829
f 829 1626 1627
f 829 1627 827
f 1627 1628 827
f 827 1628 1629
f 827 1629 821
f 821 1629 1630
f 821 1630 820
f 820 1630 1631
f 820 1631 1632
f 1633 1634 1574
f 1574 1634 1635
f 1574 1635 1575
f 1632 1633 820
f 820 1633 1574
f 820 1574 817
f 817 1574 1596
f 817 1596 1595
f 809 808 1590
f 1590 808 810
f 1590 810 1592
f 1592 810 1593
f 1593 810 813
f 1593 813 1595
f 1595 813 815
f 1595 815 817
f 1134 1133 1558
f 1558 1133 1149
f 1558 1149 1590
f 1590 1149 1148
f 1590 1148 809
f 1636 1637 1638
f 1637 1636 1639
f 1640 1641 1642
f 1191 1176 1643
f 1644 1645 1646
f 874 873 1647
f 1647 873 800
f 800 795 1647
f 1647 795 794
f 1647 794 1648
f 1648 794 797
f 871 870 1649
f 1649 870 865
f 865 867 1649
f 1649 867 869
f 1649 869 1650
f 1650 869 875
f 1650 875 874
f 871 1649 872
f 872 1649 1651
f 872 1651 860
f 860 1651 861
f 861 1651 1652
f 861 1652 863
f 925 858 1653
f 1653 858 857
f 1653 857 1652
f 1652 857 864
f 1652 864 863
f 925 1653 926
f 926 1653 1654
f 926 1654 927
f 921 920 1655
f 916 915 1656
f 1656 915 924
f 1656 924 1655
f 1655 924 923
f 1655 923 921
f 919 918 916
f 909 904 1657
f 904 906 1657
f 1657 906 908
f 1657 908 919
f 899 911 1642
f 1642 911 910
f 1658 1659 1660
f 899 1658 900
f 900 1658 1660
f 900 1660 901
f 1661 1646 1662
f 1662 1646 1663
f 1661 1664 1646
f 1646 1664 1644
f 1644 1664 1665
f 1644 1665 1666
f 1667 1668 1663
f 1663 1668 1669
f 1669 1670 1663
f 1663 1670 1662
f 1671 1672 1667
f 1667 1672 1673
f 1667 1673 1668
f 1674 1675 1671
f 1671 1675 1676
f 1671 1676 1672
f 1677 1678 1679
f 1679 1678 1680
f 1679 1680 1674
f 1674 1680 1681
f 1674 1681 1675
f 1682 1683 1679
f 1679 1683 1684
f 1679 1684 1677
f 1685 1686 1682
f 1686 1687 1682
f 1682 1687 1688
f 1682 1688 1683
f 1689 1690 1691
f 1691 1690 1685
f 1691 1685 1692
f 1692 1685 1682
f 1693 1694 1695
f 1695 1694 1696
f 1695 1696 1691
f 1691 1696 1697
f 1691 1697 1689
f 1698 1699 1700
f 1700 1699 1701
f 1702 1703 1704
f 1643 1176 1704
f 1704 1176 1175
f 1704 1175 1702
f 1703 1701 1704
f 1704 1701 1699
f 1704 1699 1695
f 1695 1699 1698
f 1695 1698 1693
f 1705 939 938
f 938 1182 1705
f 1705 1182 1184
f 1705 1184 1643
f 1643 1184 1185
f 1643 1185 1191
f 784 785 1706
f 797 796 1648
f 1648 796 782
f 1648 782 1706
f 1706 782 783
f 1706 783 784
f 1029 1028 1707
f 957 1706 956
f 956 1706 785
f 956 785 740
f 957 1029 1706
f 1706 1029 1707
f 1706 1707 1648
f 1648 1707 1708
f 1648 1708 1647
f 1647 1708 1709
f 874 1647 1650
f 1650 1647 1709
f 1650 1709 1649
f 1649 1709 1710
f 1649 1710 1651
f 1651 1710 1638
f 1651 1638 1652
f 1652 1638 1637
f 1652 1637 1653
f 1653 1637 1639
f 1653 1639 1654
f 899 1642 1658
f 1658 1642 1641
f 1658 1641 1711
f 1712 1713 1714
f 1714 1713 1715
f 1715 1716 1714
f 1714 1716 1711
f 1714 1711 1717
f 1717 1711 1641
f 1717 1641 1718
f 1718 1641 1640
f 1718 1640 1719
f 919 916 1657
f 1657 916 1656
f 1657 1656 1720
f 1720 1656 1655
f 1720 1655 1654
f 1654 1655 920
f 1654 920 927
f 1716 1721 1711
f 1711 1721 1722
f 1711 1722 1658
f 1658 1722 1723
f 1658 1723 1659
f 1636 1724 1639
f 1639 1724 1725
f 1639 1725 1654
f 1654 1725 1719
f 1654 1719 1720
f 1720 1719 1640
f 1720 1640 1657
f 1657 1640 1642
f 1657 1642 909
f 909 1642 910
f 1027 1026 1705
f 1705 1026 959
f 1705 959 939
f 1645 1726 1727
f 1727 1726 1728
f 1728 1712 1727
f 1727 1712 1714
f 1727 1714 1729
f 1729 1714 1717
f 1729 1717 1730
f 1730 1717 1718
f 1730 1718 1731
f 1731 1718 1719
f 1731 1719 1732
f 1732 1719 1725
f 1732 1725 1733
f 1733 1725 1724
f 1646 1645 1727
f 1646 1727 1663
f 1663 1727 1729
f 1663 1729 1667
f 1667 1729 1730
f 1667 1730 1671
f 1671 1730 1731
f 1671 1731 1674
f 1674 1731 1732
f 1674 1732 1679
f 1679 1732 1733
f 1679 1733 1682
f 1682 1733 1724
f 1682 1724 1692
f 1692 1724 1636
f 1692 1636 1691
f 1691 1636 1638
f 1691 1638 1695
f 1695 1638 1710
f 1695 1710 1704
f 1704 1710 1709
f 1704 1709 1643
f 1643 1709 1708
f 1643 1708 1705
f 1705 1708 1707
f 1705 1707 1027
f 1027 1707 1028
f 1370 1371 1734
f 1735 1736 1737
f 1737 1736 1738
f 1737 1738 1734
f 1739 1740 1330
f 1330 1740 1328
f 1328 1740 1741
f 1328 1741 1742
f 1742 1743 1744
f 1742 1744 1326
f 1742 1326 1328
f 1370 1734 1291
f 1291 1734 1738
f 1291 1738 1745
f 1330 1383 1739
f 1739 1383 1382
f 1739 1382 1746
f 1746 1382 1381
f 1746 1381 1745
f 1745 1381 1292
f 1745 1292 1291
f 1747 1748 1749
f 1369 1368 1750
f 1056 1055 1751
f 1751 1055 1053
f 1751 1053 1752
f 1752 1053 1052
f 1752 1052 1051
f 1056 1751 1057
f 1057 1751 1753
f 1057 1753 1058
f 1754 1059 1753
f 1753 1059 1046
f 1046 1048 1753
f 1753 1048 1050
f 1753 1050 1058
f 1037 1061 1755
f 1755 1061 1060
f 1040 1045 1756
f 1756 1045 1044
f 1756 1044 1757
f 1757 1044 1043
f 1757 1043 1755
f 1755 1043 1038
f 1755 1038 1037
f 1758 1114 1759
f 1114 1119 1759
f 1759 1119 1118
f 1759 1118 1756
f 1756 1118 1041
f 1756 1041 1040
f 1760 1761 1105
f 1105 1113 1760
f 1760 1113 1112
f 1760 1112 1110
f 1110 1109 1760
f 1760 1109 1117
f 1760 1117 1758
f 1758 1117 1115
f 1758 1115 1114
f 618 623 1762
f 618 1762 619
f 623 622 1762
f 1762 622 1108
f 1762 1108 1761
f 1761 1108 1106
f 1761 1106 1105
f 607 634 1763
f 1763 634 620
f 1763 620 619
f 942 943 1764
f 1764 943 944
f 608 1764 610
f 610 1764 944
f 610 944 611
f 1001 1000 1275
f 1275 1000 1765
f 1275 1765 1272
f 1279 1281 1766
f 1766 1281 1282
f 1766 1282 1273
f 1301 1303 1767
f 1767 1303 1305
f 1767 1305 1312
f 1310 1309 1768
f 1768 1309 1307
f 1768 1307 1767
f 1767 1307 1306
f 1767 1306 1301
f 1297 1295 1769
f 1769 1295 1294
f 1769 1294 1768
f 1768 1294 1311
f 1768 1311 1310
f 1401 1400 1770
f 1770 1400 1399
f 1770 1399 1771
f 1771 1399 1300
f 1771 1300 1299
f 1397 1396 1772
f 1772 1396 1393
f 1772 1393 1770
f 1770 1393 1392
f 1770 1392 1401
f 1389 1391 1773
f 1773 1391 1398
f 1389 1773 1384
f 1384 1773 1774
f 1384 1774 1385
f 1376 1377 1775
f 1775 1377 1388
f 1775 1388 1774
f 1774 1388 1387
f 1774 1387 1385
f 1376 1775 1374
f 1374 1775 1776
f 1374 1776 1372
f 1368 1380 1750
f 1750 1380 1379
f 1750 1379 1776
f 1776 1379 1378
f 1776 1378 1372
f 1062 1777 1063
f 1063 1777 1051
f 1051 1777 1752
f 1752 1777 1778
f 1752 1778 1779
f 608 607 1764
f 1764 607 1763
f 1764 1763 1780
f 1780 1763 1781
f 1782 1766 1765
f 1765 1766 1273
f 1765 1273 1272
f 1783 1784 1785
f 1785 1784 1786
f 1787 1788 1750
f 1371 1369 1789
f 1789 1369 1750
f 1789 1750 1788
f 1783 1785 1790
f 1790 1785 1791
f 1790 1791 1792
f 1792 1791 1793
f 1792 1793 1794
f 1794 1793 1795
f 1794 1795 1796
f 1797 1798 1799
f 1799 1798 1800
f 1799 1800 1801
f 1801 1800 1802
f 1801 1802 1803
f 1803 1802 1769
f 1803 1769 1804
f 1804 1769 1768
f 1804 1768 1781
f 1781 1768 1767
f 1781 1767 1780
f 1773 1796 1774
f 1774 1796 1795
f 1774 1795 1775
f 1775 1795 1793
f 1775 1793 1776
f 1776 1793 1791
f 1776 1791 1750
f 1750 1791 1785
f 1750 1785 1787
f 1787 1785 1786
f 1798 1772 1800
f 1800 1772 1770
f 1800 1770 1802
f 1802 1770 1771
f 1802 1771 1769
f 1769 1771 1299
f 1769 1299 1297
f 1805 1806 1783
f 1783 1806 1807
f 1783 1807 1784
f 1808 1754 1809
f 1809 1754 1753
f 1809 1753 1810
f 1810 1753 1751
f 1810 1751 1749
f 1749 1751 1752
f 1749 1752 1747
f 1747 1752 1779
f 1748 1805 1749
f 1749 1805 1783
f 1749 1783 1810
f 1810 1783 1790
f 1810 1790 1809
f 1809 1790 1792
f 1809 1792 1808
f 1808 1792 1794
f 1808 1794 1797
f 1797 1794 1796
f 1797 1796 1798
f 1798 1796 1773
f 1798 1773 1772
f 1772 1773 1398
f 1772 1398 1397
f 1013 1012 1782
f 1000 1003 1765
f 1765 1003 1009
f 1765 1009 1782
f 1782 1009 1010
f 1782 1010 1013
f 1312 1279 1767
f 1767 1279 1766
f 1767 1766 1780
f 1780 1766 1782
f 1780 1782 1764
f 1764 1782 1012
f 1764 1012 942
f 1763 619 1762
f 1763 1762 1781
f 1781 1762 1761
f 1781 1761 1804
f 1804 1761 1760
f 1804 1760 1803
f 1803 1760 1758
f 1803 1758 1801
f 1801 1758 1759
f 1801 1759 1799
f 1799 1759 1756
f 1799 1756 1797
f 1797 1756 1757
f 1797 1757 1808
f 1808 1757 1755
f 1808 1755 1754
f 1754 1755 1060
f 1754 1060 1059
f 1139 1142 1135
f 1135 1142 1141
f 1135 1141 1140
f 1139 1811 1142
f 1142 1811 1812
f 1142 1812 1143
f 1143 1812 1813
f 1143 1813 1144
f 1144 1813 1145
f 1145 1813 1814
f 1145 1814 1146
f 1146 1814 1815
f 1146 1815 1147
f 1147 1815 1816
f 1147 1816 1150
f 1817 1818 1157
f 1150 1816 1151
f 1151 1816 1819
f 1151 1819 1152
f 1152 1819 1820
f 1152 1820 1154
f 1154 1820 1821
f 1154 1821 1155
f 1155 1821 1822
f 1155 1822 1156
f 1156 1822 1817
f 1156 1817 1163
f 1163 1817 1157
f 1163 1157 1162
f 1139 1138 1811
f 1823 1131 1824
f 1824 1131 1130
f 1825 1288 1826
f 1826 1288 1287
f 1826 1287 1286
f 1827 1226 1825
f 1825 1226 1225
f 1225 1284 1825
f 1825 1284 1289
f 1825 1289 1288
f 1823 1824 1828
f 1823 1828 1267
f 1187 1186 1829
f 1829 1186 1192
f 1829 1192 1828
f 1828 1192 1193
f 1828 1193 1267
f 1217 1216 1244
f 1244 1216 1237
f 1217 1244 1212
f 1212 1244 1243
f 1212 1243 1242
f 1228 1266 1242
f 1242 1266 1265
f 1242 1265 1212
f 1228 1227 1266
f 1266 1227 1226
f 1266 1226 1267
f 1267 1226 1827
f 1267 1827 1823
f 1216 1214 1237
f 1237 1214 1213
f 1237 1213 1220
f 1220 1219 1237
f 1237 1219 1218
f 1237 1218 1205
f 1205 1204 1237
f 1237 1204 1209
f 1237 1209 1208
f 1231 1236 1235
f 1232 1231 1268
f 1268 1231 1270
f 1268 1270 1269
f 1231 1235 1270
f 1270 1235 1241
f 1270 1241 1240
f 1208 1271 1237
f 1237 1271 1270
f 1237 1270 1238
f 1238 1270 1240
f 1187 1829 1171
f 1171 1829 1830
f 1171 1830 1172
f 1403 1402 1831
f 1832 1833 1743
f 1743 1833 1834
f 1743 1834 1835
f 1337 1336 1836
f 1336 1327 1836
f 1836 1327 1326
f 1836 1326 1835
f 1835 1326 1744
f 1835 1744 1743
f 1337 1836 1338
f 1338 1836 1837
f 1338 1837 1838
f 1353 1352 1839
f 1839 1352 1331
f 1839 1331 1840
f 1840 1331 1333
f 1840 1333 1838
f 1838 1333 1335
f 1838 1335 1338
f 1353 1839 1354
f 1354 1839 1841
f 1354 1841 1343
f 1343 1841 1842
f 1343 1842 1341
f 1341 1842 1843
f 1341 1843 1339
f 1339 1843 1349
f 1349 1843 1844
f 1349 1844 1350
f 1845 1351 1846
f 1846 1351 1350
f 1846 1350 1847
f 1847 1350 1844
f 1405 1347 1845
f 1347 1345 1845
f 1845 1345 1344
f 1845 1344 1351
f 1845 1848 1405
f 1405 1848 1849
f 1405 1849 1406
f 1406 1849 1850
f 1406 1850 1407
f 1407 1850 1851
f 1407 1851 1314
f 1314 1851 1315
f 1315 1851 1852
f 1315 1852 1317
f 1853 1402 1854
f 1854 1402 1322
f 1854 1322 1855
f 1855 1322 1320
f 1855 1320 1856
f 1856 1320 1325
f 1856 1325 1857
f 1857 1325 1324
f 1857 1324 1858
f 1858 1324 1323
f 1858 1323 1859
f 1859 1323 1318
f 1859 1318 1860
f 1860 1318 1317
f 1860 1317 1861
f 1861 1317 1852
f 1862 1831 1863
f 1863 1831 1402
f 1863 1402 1864
f 1864 1402 1853
f 1403 1831 1404
f 1404 1831 1826
f 1404 1826 1286
f 1865 1866 1867
f 1868 1428 1869
f 1869 1428 1429
f 1869 1429 1870
f 1870 1429 1432
f 1432 1168 1870
f 1870 1168 1169
f 1870 1169 1871
f 1871 1169 1170
f 1871 1170 1872
f 1872 1170 1167
f 1872 1167 1166
f 1873 1430 1874
f 1874 1430 1431
f 1874 1431 1868
f 1868 1431 1427
f 1868 1427 1428
f 1875 1430 1876
f 1876 1430 1873
f 1876 1873 1877
f 1877 1873 1878
f 1877 1878 1879
f 1875 1880 1430
f 1430 1880 1881
f 1430 1881 1423
f 1423 1881 1882
f 1423 1882 1424
f 1883 1408 1884
f 1884 1408 1425
f 1884 1425 1885
f 1885 1425 1426
f 1885 1426 1886
f 1886 1426 1424
f 1886 1424 1887
f 1887 1424 1882
f 1865 1867 1888
f 1883 1888 1408
f 1408 1888 1867
f 1408 1867 1409
f 1409 1867 1889
f 1409 1889 1417
f 1417 1889 1890
f 1417 1890 1418
f 1418 1890 1891
f 1418 1891 1419
f 1892 1893 1894
f 1894 1893 1895
f 1891 1896 1419
f 1419 1896 1897
f 1419 1897 1420
f 1420 1897 1895
f 1420 1895 1421
f 1421 1895 1893
f 1898 1899 1900
f 1901 1902 1903
f 1904 1905 1906
f 1907 1908 1909
f 1910 1894 1895
f 1911 1912 1913
f 1914 1879 1878
f 1915 1916 1914
f 1917 1918 1919
f 1917 1919 1920
f 1911 1921 1922
f 1922 1921 1917
f 1917 1921 1923
f 1917 1923 1918
f 1913 1912 1924
f 1924 1912 1925
f 1924 1925 1926
f 1927 1928 1910
f 1929 1930 1931
f 1932 1933 1934
f 1934 1933 1935
f 1936 1937 1938
f 1938 1937 1939
f 1938 1939 1906
f 1906 1939 1940
f 1906 1940 1904
f 1941 1942 1936
f 1936 1942 1943
f 1936 1943 1937
f 1944 1945 1941
f 1941 1945 1946
f 1941 1946 1942
f 1947 1948 1944
f 1944 1948 1949
f 1944 1949 1945
f 1950 1951 1947
f 1947 1951 1952
f 1947 1952 1948
f 1950 1953 1954
f 1954 1953 1903
f 1954 1903 1955
f 1955 1903 1902
f 1899 1956 1900
f 1900 1956 1901
f 1900 1901 1957
f 1958 1959 1960
f 1960 1959 1898
f 1961 1962 1963
f 1963 1962 1958
f 1910 1895 1927
f 1927 1895 1897
f 1927 1897 1964
f 1897 1896 1964
f 1964 1896 1891
f 1964 1891 1965
f 1965 1891 1890
f 1965 1890 1925
f 1925 1890 1889
f 1925 1889 1926
f 1926 1889 1867
f 1926 1867 1866
f 1914 1878 1915
f 1915 1878 1873
f 1915 1873 1966
f 1873 1874 1966
f 1966 1874 1868
f 1966 1868 1967
f 1872 1961 1871
f 1871 1961 1963
f 1871 1963 1870
f 1870 1963 1967
f 1870 1967 1869
f 1869 1967 1868
f 1911 1922 1912
f 1912 1922 1968
f 1912 1968 1925
f 1925 1968 1969
f 1925 1969 1965
f 1965 1969 1970
f 1965 1970 1964
f 1964 1970 1929
f 1964 1929 1927
f 1927 1929 1931
f 1927 1931 1928
f 1958 1960 1963
f 1963 1960 1971
f 1963 1971 1967
f 1967 1971 1972
f 1967 1972 1966
f 1966 1972 1920
f 1966 1920 1915
f 1915 1920 1919
f 1915 1919 1916
f 1898 1900 1960
f 1960 1900 1957
f 1960 1957 1971
f 1971 1957 1973
f 1971 1973 1972
f 1972 1973 1974
f 1972 1974 1920
f 1920 1974 1975
f 1920 1975 1917
f 1917 1975 1976
f 1917 1976 1922
f 1922 1976 1977
f 1922 1977 1968
f 1968 1977 1978
f 1968 1978 1969
f 1969 1978 1934
f 1969 1934 1970
f 1970 1934 1935
f 1970 1935 1929
f 1929 1935 1979
f 1929 1979 1930
f 1901 1903 1957
f 1957 1903 1953
f 1957 1953 1973
f 1973 1953 1980
f 1973 1980 1974
f 1974 1980 1981
f 1974 1981 1975
f 1975 1981 1982
f 1975 1982 1976
f 1976 1982 1983
f 1976 1983 1977
f 1977 1983 1984
f 1977 1984 1978
f 1978 1984 1909
f 1978 1909 1934
f 1934 1909 1908
f 1934 1908 1932
f 1950 1947 1953
f 1953 1947 1944
f 1953 1944 1980
f 1980 1944 1941
f 1980 1941 1981
f 1981 1941 1936
f 1981 1936 1982
f 1982 1936 1938
f 1982 1938 1983
f 1983 1938 1906
f 1983 1906 1984
f 1984 1906 1905
f 1984 1905 1909
f 1909 1905 1985
f 1909 1985 1907
f 1986 1987 1988
f 1989 1990 1991
f 1992 1993 1988
f 1994 1995 1996
f 1997 1998 1999
f 2000 1742 1741
f 1746 1745 2001
f 2001 1745 1738
f 1735 2002 1736
f 1736 2002 1738
f 1738 2002 2001
f 2001 2002 2003
f 2001 2003 2004
f 1998 1991 2005
f 2005 1991 2000
f 2005 2000 2006
f 2006 2000 1741
f 2004 2007 2001
f 2001 2007 2008
f 2001 2008 2009
f 2009 2008 2010
f 2009 2010 2011
f 2011 2012 2009
f 2009 2012 2013
f 2009 2013 2014
f 2014 2013 2015
f 2014 2015 2016
f 2017 2018 2019
f 2019 2018 2014
f 2019 2014 2020
f 2020 2014 2016
f 2021 2022 2023
f 2023 2022 2018
f 2023 2018 2024
f 2024 2018 2017
f 2021 2025 2022
f 2022 2025 2026
f 2022 2026 2027
f 2028 2029 2030
f 2030 2029 2027
f 2030 2027 2031
f 2031 2027 2026
f 1997 1999 2032
f 2032 1999 2033
f 2032 2033 2034
f 2034 2033 2035
f 2034 2035 2036
f 2036 2035 2037
f 2036 2037 2038
f 2038 2037 2039
f 2038 2039 2040
f 2041 2042 2043
f 2043 2042 2029
f 2043 2029 2044
f 2044 2029 2028
f 2041 2045 2042
f 2042 2045 2046
f 2042 2046 1996
f 1996 2046 2047
f 1996 2047 1994
f 1995 2048 1996
f 1996 2048 2049
f 1996 2049 2050
f 2050 2049 2051
f 2050 2051 2052
f 2053 2054 2055
f 2056 2057 2058
f 2058 2057 2050
f 2058 2050 2059
f 2059 2050 2052
f 2000 2060 2061
f 1742 2000 2061
f 1742 2061 1743
f 1741 1740 2006
f 2006 1740 1739
f 2006 1739 1746
f 1991 1990 2000
f 2000 1990 2062
f 2000 2062 2060
f 1998 1997 1991
f 1991 1997 2063
f 1991 2063 1989
f 2064 2065 2032
f 2032 2065 2066
f 2032 2066 1997
f 1997 2066 2067
f 1997 2067 2063
f 2064 2032 2068
f 2068 2032 2034
f 2068 2034 2069
f 2069 2034 2036
f 2069 2036 2070
f 2070 2036 2071
f 2071 2036 2038
f 2071 2038 2072
f 2073 2074 1992
f 1992 2074 2040
f 1992 2040 1993
f 1993 2040 2039
f 2074 2075 2040
f 2040 2075 2076
f 2040 2076 2038
f 2038 2076 2077
f 2038 2077 2072
f 2054 2078 2079
f 1987 2055 1988
f 1988 2055 2054
f 1988 2054 1992
f 1992 2054 2079
f 1992 2079 2073
f 2053 2080 2054
f 2054 2080 2081
f 2054 2081 2078
f 2057 2082 2050
f 2050 2082 2083
f 2050 2083 2084
f 1746 2001 2006
f 2006 2001 2009
f 2006 2009 2005
f 2005 2009 2014
f 2005 2014 1998
f 1998 2014 2018
f 1998 2018 1999
f 1999 2018 2022
f 1999 2022 2033
f 2033 2022 2027
f 2033 2027 2035
f 2035 2027 2029
f 2035 2029 2037
f 2037 2029 2042
f 2037 2042 2039
f 2039 2042 1996
f 2039 1996 1993
f 1993 1996 2050
f 1993 2050 1988
f 1988 2050 2084
f 1988 2084 1986
f 2085 2082 2086
f 2086 2082 2057
f 2086 2057 2056
f 2085 1666 2087
f 2088 2089 2055
f 2055 2089 2053
f 2053 2089 2090
f 2053 2090 2091
f 2091 2092 2093
f 2091 2093 2080
f 2091 2080 2053
f 2085 2087 2082
f 2082 2087 2094
f 2082 2094 2095
f 2055 1987 2088
f 2088 1987 1986
f 2088 1986 2096
f 2096 1986 2084
f 2096 2084 2095
f 2095 2084 2083
f 2095 2083 2082
f 2097 1688 2098
f 2098 1688 1687
f 2099 1680 2100
f 2100 1680 1678
f 1678 1677 2100
f 2100 1677 1684
f 2100 1684 2097
f 2097 1684 1683
f 2097 1683 1688
f 2101 1673 1672
f 2101 1672 2102
f 2103 1662 2104
f 2104 1662 1670
f 2104 1670 1669
f 2104 1669 2101
f 2101 1669 1668
f 2101 1668 1673
f 1672 1676 2102
f 2102 1676 1675
f 2102 1675 2099
f 2099 1675 1681
f 2099 1681 1680
f 2103 1664 1661
f 2103 1661 1662
f 2087 1666 1665
f 1664 2103 1665
f 1665 2103 2094
f 1665 2094 2087
f 2105 2106 2107
f 2107 2106 2108
f 2107 2108 2109
f 2110 2111 2112
f 2112 2111 2113
f 2112 2113 2114
f 2108 2115 2109
f 2109 2115 2116
f 2109 2116 2110
f 2110 2116 2117
f 2110 2117 2111
f 2118 2119 2120
f 2120 2119 2121
f 2122 2123 2124
f 2122 2124 2125
f 2121 2126 2120
f 2120 2126 2127
f 2120 2127 2122
f 2122 2127 2128
f 2122 2128 2123
f 2129 2091 2090
f 2114 2130 2112
f 2112 2130 2131
f 2112 2131 2118
f 2118 2131 2132
f 2118 2132 2119
f 1173 1172 2133
f 2134 2135 2133
f 2133 2135 2136
f 2133 2136 1173
f 1173 2136 1188
f 2134 2137 2135
f 2135 2137 2138
f 2135 2138 2139
f 2139 2138 2140
f 2139 2140 2141
f 2141 2140 2142
f 2141 2142 2143
f 1175 1174 1702
f 1702 1174 2144
f 1702 2144 1703
f 1703 2144 2145
f 1703 2145 1701
f 1701 2145 1700
f 1189 2146 1190
f 1700 2145 1698
f 1698 2145 2147
f 1698 2147 1693
f 1689 1697 2148
f 2148 1697 1696
f 2148 1696 2147
f 2147 1696 1694
f 2147 1694 1693
f 1687 1686 2098
f 2098 1686 1685
f 2098 1685 2148
f 2148 1685 1690
f 2148 1690 1689
f 2124 2149 2125
f 2125 2149 2150
f 2125 2150 2151
f 1189 1188 2146
f 2146 1188 2136
f 2146 2136 2152
f 2152 2136 2135
f 2152 2135 2153
f 2153 2135 2139
f 2153 2139 2154
f 2154 2139 2141
f 2154 2141 2155
f 2155 2141 2107
f 2155 2107 2156
f 2156 2107 2109
f 2156 2109 2157
f 2157 2109 2110
f 2157 2110 2158
f 2158 2110 2112
f 2158 2112 2159
f 2159 2112 2118
f 2159 2118 2160
f 2160 2118 2120
f 2160 2120 2161
f 2161 2120 2122
f 2161 2122 2129
f 2129 2122 2125
f 2129 2125 2091
f 2091 2125 2151
f 2091 2151 2092
f 2089 2088 2103
f 2088 2096 2103
f 2103 2096 2095
f 2103 2095 2094
f 2143 2162 2141
f 2141 2162 2163
f 2141 2163 2107
f 2107 2163 2164
f 2107 2164 2105
f 2090 2089 2129
f 2129 2089 2103
f 2129 2103 2161
f 2161 2103 2104
f 2161 2104 2160
f 2160 2104 2101
f 2160 2101 2159
f 2159 2101 2102
f 2159 2102 2158
f 2158 2102 2099
f 2158 2099 2157
f 2157 2099 2100
f 2157 2100 2156
f 2156 2100 2097
f 2156 2097 2155
f 2155 2097 2098
f 2155 2098 2154
f 2154 2098 2148
f 2154 2148 2153
f 2153 2148 2147
f 2153 2147 2152
f 2152 2147 2145
f 2152 2145 2146
f 2146 2145 2144
f 2146 2144 1190
f 1190 2144 1174
f 1437 2165 1130
f 1130 2165 1828
f 1130 1828 1824
f 1507 2166 1493
f 1493 2166 2167
f 1493 2167 1488
f 1488 2167 1489
f 1489 2167 2168
f 1489 2168 1490
f 2169 1483 1487
f 2169 1487 2168
f 2168 1487 1486
f 2168 1486 1490
f 1483 2169 1484
f 1484 2169 2170
f 1484 2170 1480
f 1480 2170 1481
f 1481 2170 2171
f 1481 2171 1527
f 2172 1478 2171
f 2171 1478 1477
f 2171 1477 1527
f 1475 1474 2173
f 2173 1474 1491
f 2173 1491 2172
f 2172 1491 1529
f 2172 1529 1478
f 1475 2173 1499
f 1499 2173 2174
f 1499 2174 1500
f 1500 2174 1492
f 1492 2174 2175
f 1492 2175 1471
f 2176 1468 1549
f 2176 1549 2175
f 2175 1549 1472
f 2175 1472 1471
f 1468 2176 1469
f 1469 2176 2177
f 1469 2177 1465
f 1465 2177 1466
f 1466 2177 2165
f 1466 2165 1437
f 2178 1573 2179
f 2179 1573 1576
f 2179 1576 2180
f 2181 1570 2178
f 2178 1570 1572
f 2178 1572 1573
f 2182 1567 2181
f 2181 1567 1569
f 2181 1569 1570
f 2183 1563 2182
f 2182 1563 1565
f 2182 1565 1567
f 2184 2185 1623
f 1623 1560 2184
f 2184 1560 1559
f 2184 1559 2183
f 2183 1559 1564
f 2183 1564 1563
f 2186 1625 2185
f 2185 1625 1624
f 2185 1624 1623
f 1629 1628 2187
f 2187 1628 1627
f 2187 1627 2186
f 2186 1627 1626
f 2186 1626 1625
f 1629 2187 1630
f 1630 2187 2188
f 1630 2188 1631
f 1631 2188 1632
f 1632 2188 2189
f 1632 2189 1633
f 1576 1575 2180
f 2180 1575 1635
f 2180 1635 2189
f 2189 1635 1634
f 2189 1634 1633
f 2190 1508 2191
f 2191 1508 1509
f 2192 1507 2193
f 2193 1507 1508
f 2193 1508 2194
f 2194 1508 2190
f 1511 1622 1510
f 1510 1622 2195
f 1510 2195 2196
f 2196 2197 1510
f 1510 2197 2198
f 1510 2198 1509
f 1509 2198 2199
f 1509 2199 2191
f 903 902 2200
f 2201 2202 2200
f 844 2203 846
f 846 2203 2204
f 2205 2206 2207
f 2207 2206 2208
f 2207 2208 2203
f 2203 2208 2209
f 2203 2209 2204
f 2202 2210 2200
f 2200 2210 2211
f 2200 2211 2212
f 2212 2211 2213
f 2212 2213 2214
f 844 849 856
f 844 856 2203
f 2203 856 883
f 2203 883 2207
f 2207 883 881
f 2207 881 880
f 880 897 2207
f 2207 897 2212
f 2207 2212 2205
f 2205 2212 2214
f 897 914 2212
f 2212 914 913
f 2212 913 2200
f 2200 913 912
f 2200 912 903
f 902 901 2200
f 2200 901 2215
f 2200 2215 2201
f 2201 2215 2216
f 1807 1806 2217
f 1712 1728 2218
f 1779 1778 2219
f 1748 1747 2220
f 1723 1722 2221
f 2031 2026 2222
f 1789 2223 1734
f 1789 1734 1371
f 2002 1735 2223
f 2223 1735 1737
f 2223 1737 1734
f 2002 2223 2003
f 2003 2223 2224
f 2003 2224 2004
f 2225 2008 2224
f 2224 2008 2007
f 2224 2007 2004
f 2013 2012 2226
f 2226 2012 2011
f 2226 2011 2225
f 2225 2011 2010
f 2225 2010 2008
f 2013 2226 2015
f 2015 2226 2227
f 2015 2227 2016
f 2024 2017 2228
f 2228 2017 2019
f 2228 2019 2227
f 2227 2019 2020
f 2227 2020 2016
f 2026 2025 2222
f 2222 2025 2021
f 2222 2021 2023
f 2031 2222 2030
f 2030 2222 2229
f 2030 2229 2028
f 2045 2041 2230
f 2230 2041 2043
f 2230 2043 2229
f 2229 2043 2044
f 2229 2044 2028
f 2231 1994 2047
f 2231 2047 2230
f 2230 2047 2046
f 2230 2046 2045
f 2232 2048 2231
f 2231 2048 1995
f 2231 1995 1994
f 2059 2052 2233
f 2233 2052 2051
f 2233 2051 2232
f 2232 2051 2049
f 2232 2049 2048
f 2085 2086 2234
f 2234 2086 2056
f 2234 2056 2233
f 2233 2056 2058
f 2233 2058 2059
f 1726 1645 2234
f 2234 1645 2085
f 2085 1645 1644
f 2085 1644 1666
f 2235 2216 1660
f 1660 2216 2215
f 1660 2215 901
f 2236 2237 2238
f 2238 2237 2239
f 2238 2239 2240
f 2241 2242 2243
f 2243 2242 2244
f 2243 2244 2239
f 2239 2244 2245
f 2239 2245 2240
f 2246 2247 2248
f 2248 2247 2249
f 2248 2249 2250
f 2250 2249 2251
f 2250 2251 2243
f 2243 2251 2252
f 2243 2252 2241
f 2253 2254 2255
f 2255 2254 2256
f 2255 2256 2257
f 2257 2256 2258
f 2257 2258 2248
f 2248 2258 2259
f 2248 2259 2246
f 2260 2261 2262
f 2263 2264 2265
f 2264 2263 2266
f 2266 2263 2267
f 2266 2267 2268
f 2269 2270 2267
f 2267 2270 2271
f 2267 2271 2268
f 2272 2273 2269
f 2269 2273 2274
f 2269 2274 2270
f 2275 2276 2277
f 2277 2276 2278
f 2277 2278 2272
f 2272 2278 2279
f 2272 2279 2273
f 2275 2277 2280
f 2280 2277 2219
f 2280 2219 2281
f 2282 1778 2283
f 2283 1778 1777
f 2283 1777 1062
f 2282 2284 1778
f 1778 2284 2285
f 1778 2285 2219
f 2219 2285 2286
f 2219 2286 2281
f 1659 2237 1660
f 1660 2237 2236
f 1660 2236 2235
f 2287 2288 2289
f 2289 2288 2290
f 2289 2290 2291
f 2291 2290 2292
f 2291 2292 2293
f 2293 2292 2294
f 2293 2294 2295
f 2295 2294 2296
f 2295 2296 2297
f 2297 2296 2221
f 2297 2221 1721
f 1721 2221 1722
f 2287 2298 2288
f 2288 2298 2299
f 2288 2299 2300
f 1659 1723 2237
f 2237 1723 2221
f 2237 2221 2239
f 2239 2221 2296
f 2239 2296 2243
f 2243 2296 2294
f 2243 2294 2250
f 2250 2294 2292
f 2250 2292 2248
f 2248 2292 2290
f 2248 2290 2257
f 2257 2290 2288
f 2257 2288 2255
f 2255 2288 2300
f 2255 2300 2253
f 2253 2300 2301
f 2217 2220 2302
f 2302 2220 2303
f 2302 2303 2304
f 2304 2303 2305
f 2304 2305 2306
f 2306 2305 2307
f 2306 2307 2308
f 2308 2307 2309
f 2308 2309 2310
f 2310 2309 2311
f 2217 1806 2220
f 2220 1806 1805
f 2220 1805 1748
f 1747 1779 2220
f 2220 1779 2219
f 2220 2219 2303
f 2303 2219 2277
f 2303 2277 2305
f 2305 2277 2272
f 2305 2272 2307
f 2307 2272 2269
f 2307 2269 2309
f 2309 2269 2267
f 2309 2267 2311
f 2311 2267 2263
f 2311 2263 2260
f 2260 2263 2265
f 2260 2265 2261
f 2312 2217 2313
f 2313 2217 2302
f 2313 2302 2314
f 2314 2302 2304
f 2314 2304 2315
f 2315 2304 2306
f 2315 2306 2316
f 2316 2306 2308
f 2316 2308 2317
f 2317 2308 2310
f 2317 2310 2298
f 2298 2310 2311
f 2298 2311 2299
f 2299 2311 2260
f 2299 2260 2300
f 2300 2260 2262
f 2300 2262 2301
f 1721 1716 2297
f 2297 1716 1715
f 2297 1715 1713
f 1728 1726 2218
f 2218 1726 2234
f 2218 2234 2318
f 2318 2234 2233
f 2318 2233 2319
f 2319 2233 2232
f 2319 2232 2320
f 2320 2232 2231
f 2320 2231 2321
f 2321 2231 2230
f 2321 2230 2322
f 2322 2230 2229
f 2322 2229 2323
f 2323 2229 2222
f 2323 2222 2228
f 2228 2222 2023
f 2228 2023 2024
f 1788 1787 2312
f 2312 1787 1786
f 2312 1786 2217
f 2217 1786 1784
f 2217 1784 1807
f 1789 1788 2223
f 2223 1788 2312
f 2223 2312 2224
f 2224 2312 2313
f 2224 2313 2225
f 2225 2313 2314
f 2225 2314 2226
f 2226 2314 2315
f 2226 2315 2227
f 2227 2315 2316
f 2227 2316 2228
f 2228 2316 2317
f 2228 2317 2323
f 2323 2317 2298
f 2323 2298 2322
f 2322 2298 2287
f 2322 2287 2321
f 2321 2287 2289
f 2321 2289 2320
f 2320 2289 2291
f 2320 2291 2319
f 2319 2291 2293
f 2319 2293 2318
f 2318 2293 2295
f 2318 2295 2218
f 2218 2295 2297
f 2218 2297 1712
f 1712 2297 1713
f 1120 1414 2324
f 2325 2326 2327
f 2328 2329 2330
f 2329 2331 2330
f 2330 2331 2332
f 2330 2332 2327
f 2327 2332 2333
f 2327 2333 2325
f 2328 2334 2335
f 2335 2334 2324
f 2335 2324 2336
f 2336 2324 2337
f 2337 2324 1414
f 2337 1414 1416
f 1123 1096 2334
f 2334 1096 1034
f 2334 1034 2324
f 2324 1034 1033
f 2324 1033 1120
f 2328 2330 2334
f 2334 2330 1124
f 2334 1124 1123
f 1065 1031 2327
f 2327 1031 1030
f 2327 1030 2330
f 2330 1030 1125
f 2330 1125 1124
f 2326 2284 2327
f 2327 2284 2282
f 2327 2282 2283
f 2283 1062 2327
f 2327 1062 1064
f 2327 1064 1065
f 1816 1815 1823
f 1823 1815 1814
f 1823 1814 1813
f 1818 1817 1827
f 1827 1817 1822
f 1822 1821 1827
f 1827 1821 1820
f 1827 1820 1823
f 1823 1820 1819
f 1823 1819 1816
f 1138 1131 1811
f 1811 1131 1823
f 1811 1823 1812
f 1812 1823 1813
f 2338 2339 2340
f 1860 1861 2341
f 1847 1844 2342
f 1839 1840 2343
f 2344 2345 2346
f 2347 2348 2349
f 2350 2351 2352
f 2352 2351 2347
f 2353 2354 2350
f 2355 2356 2357
f 2358 2359 2360
f 2360 2359 2361
f 2360 2361 2362
f 2363 2364 2365
f 2365 2364 2366
f 1833 2367 1834
f 1834 2367 2368
f 1834 2368 1835
f 1838 1837 2369
f 2369 1837 1836
f 1839 2343 1841
f 1844 1843 2342
f 2342 1843 1842
f 2342 1842 1841
f 1841 2343 2342
f 2342 2343 2370
f 2342 2370 1847
f 2341 2371 2372
f 2372 2371 1849
f 1849 1848 2372
f 2372 1848 1845
f 2372 1845 1846
f 1861 1852 2341
f 2341 1852 1851
f 2341 1851 2371
f 2371 1851 1850
f 2371 1850 1849
f 1853 1854 2373
f 2373 1854 1855
f 2373 1855 1856
f 2348 1862 2349
f 2349 1862 1863
f 2349 1863 1864
f 1864 1853 2349
f 2349 1853 2373
f 2349 2373 2338
f 2338 2373 1856
f 2338 1856 2339
f 2339 1856 1857
f 2339 1857 1858
f 1858 1859 2339
f 2339 1859 1860
f 2339 1860 2340
f 2340 1860 2341
f 2340 2341 2374
f 2374 2341 2372
f 2374 2372 2370
f 2370 2372 1846
f 2370 1846 1847
f 2375 2358 2376
f 2376 2358 2360
f 2376 2360 2355
f 2355 2360 2362
f 2355 2362 2356
f 2347 2349 2352
f 2352 2349 2338
f 2352 2338 2377
f 2377 2338 2340
f 2377 2340 2378
f 2378 2340 2374
f 2378 2374 2379
f 2379 2374 2370
f 2379 2370 2380
f 2380 2370 2343
f 2380 2343 2369
f 2369 2343 1840
f 2369 1840 1838
f 2381 2375 2382
f 2382 2375 2376
f 2382 2376 2383
f 2350 2352 2353
f 2353 2352 2377
f 2353 2377 2384
f 2384 2377 2378
f 2384 2378 2385
f 2385 2378 2379
f 2385 2379 2386
f 2386 2379 2380
f 2386 2380 2387
f 2387 2380 2369
f 2387 2369 2368
f 2368 2369 1836
f 2368 1836 1835
f 2345 2366 2346
f 2346 2366 2364
f 2346 2364 2383
f 2383 2364 2363
f 2383 2363 2382
f 2382 2363 2388
f 2382 2388 2381
f 2389 2344 2390
f 2390 2344 2346
f 2390 2346 2391
f 2391 2346 2383
f 2391 2383 2392
f 2392 2383 2376
f 2392 2376 2393
f 2393 2376 2355
f 2393 2355 2394
f 2394 2355 2357
f 2394 2357 2395
f 2367 2389 2368
f 2368 2389 2390
f 2368 2390 2387
f 2387 2390 2391
f 2387 2391 2386
f 2386 2391 2392
f 2386 2392 2385
f 2385 2392 2393
f 2385 2393 2384
f 2384 2393 2394
f 2384 2394 2353
f 2353 2394 2395
f 2353 2395 2354
f 2396 2397 2398
f 1892 1894 2399
f 2399 1894 2398
f 2399 2398 2400
f 2400 2398 2397
f 2401 2402 2403
f 2402 2404 2403
f 2403 2404 2405
f 2403 2405 2398
f 2398 2405 2406
f 2398 2406 2396
f 2401 2403 2407
f 2407 2403 2408
f 2407 2408 2409
f 2410 2411 2412
f 2412 2413 2410
f 2410 2413 2414
f 2410 2414 2408
f 2408 2414 2415
f 2408 2415 2409
f 2411 2410 2416
f 2416 2410 2417
f 2416 2417 2418
f 2417 2410 2419
f 2410 2408 2420
f 2408 2403 2421
f 2403 2398 2422
f 2398 1894 1910
f 2398 1910 2422
f 2422 1910 1928
f 2422 1928 2423
f 1979 2424 1930
f 1930 2424 2423
f 1930 2423 1931
f 1931 2423 1928
f 1979 1935 2424
f 2424 1935 1933
f 2424 1933 2425
f 1933 1932 2425
f 2425 1932 1908
f 2425 1908 2426
f 1905 2427 1985
f 1985 2427 2426
f 1985 2426 1907
f 1907 2426 1908
f 1905 1904 2427
f 2427 1904 1940
f 2427 1940 2428
f 1940 1939 2428
f 2428 1939 1937
f 2428 1937 2429
f 2429 1937 1943
f 1943 1942 2429
f 2429 1942 1946
f 2429 1946 2430
f 1946 1945 2430
f 2430 1945 1949
f 2430 1949 2431
f 1951 2432 1952
f 1952 2432 2431
f 1952 2431 1948
f 1948 2431 1949
f 1902 2433 2434
f 1951 1950 2432
f 2432 1950 1954
f 2432 1954 2434
f 2434 1954 1955
f 2434 1955 1902
f 1902 1901 2433
f 2433 1901 1956
f 2433 1956 2435
f 1956 1899 2435
f 2435 1899 1898
f 2435 1898 2436
f 2436 1898 1959
f 1959 1958 2436
f 2436 1958 1962
f 2436 1962 2437
f 1962 1961 2437
f 2437 1961 1872
f 2437 1872 2438
f 2403 2422 2421
f 2421 2422 2423
f 2421 2423 2439
f 2439 2423 2424
f 2439 2424 2440
f 2440 2424 2425
f 2440 2425 2441
f 2441 2425 2426
f 2441 2426 2442
f 2442 2426 2427
f 2442 2427 2443
f 2443 2427 2428
f 2443 2428 2444
f 2444 2428 2429
f 2444 2429 2445
f 2445 2429 2430
f 2445 2430 2446
f 2446 2430 2431
f 2446 2431 2447
f 2447 2431 2432
f 2447 2432 2448
f 2448 2432 2434
f 2448 2434 2449
f 2449 2434 2433
f 2449 2433 2450
f 2450 2433 2435
f 2450 2435 2451
f 2451 2435 2436
f 2451 2436 2452
f 2452 2436 2437
f 2452 2437 2453
f 2453 2437 2438
f 2453 2438 2454
f 2408 2421 2420
f 2420 2421 2439
f 2420 2439 2455
f 2455 2439 2440
f 2455 2440 2456
f 2456 2440 2441
f 2456 2441 2457
f 2457 2441 2442
f 2457 2442 2458
f 2458 2442 2443
f 2458 2443 2459
f 2459 2443 2444
f 2459 2444 2460
f 2460 2444 2445
f 2460 2445 2461
f 2461 2445 2446
f 2461 2446 2462
f 2462 2446 2447
f 2462 2447 2463
f 2463 2447 2448
f 2463 2448 2464
f 2464 2448 2449
f 2464 2449 2465
f 2465 2449 2450
f 2465 2450 2466
f 2466 2450 2451
f 2466 2451 2467
f 2467 2451 2452
f 2467 2452 2468
f 2468 2452 2453
f 2468 2453 2469
f 2469 2453 2454
f 2469 2454 2470
f 2410 2420 2419
f 2419 2420 2455
f 2419 2455 2471
f 2471 2455 2456
f 2471 2456 2472
f 2472 2456 2457
f 2472 2457 2473
f 2473 2457 2458
f 2473 2458 2474
f 2474 2458 2459
f 2474 2459 2475
f 2475 2459 2460
f 2475 2460 2476
f 2476 2460 2461
f 2476 2461 2477
f 2477 2461 2462
f 2477 2462 2478
f 2478 2462 2463
f 2478 2463 2479
f 2479 2463 2464
f 2479 2464 2480
f 2480 2464 2465
f 2480 2465 2481
f 2481 2465 2466
f 2481 2466 2482
f 2482 2466 2467
f 2482 2467 2483
f 2483 2467 2468
f 2483 2468 2484
f 2484 2468 2469
f 2484 2469 2485
f 2485 2469 2470
f 2485 2470 2486
f 2417 2419 2487
f 2487 2419 2471
f 2487 2471 2488
f 2488 2471 2472
f 2488 2472 2489
f 2489 2472 2473
f 2489 2473 2490
f 2490 2473 2474
f 2490 2474 2491
f 2491 2474 2475
f 2491 2475 2492
f 2492 2475 2476
f 2492 2476 2493
f 2493 2476 2477
f 2493 2477 2494
f 2494 2477 2478
f 2494 2478 2495
f 2495 2478 2479
f 2495 2479 2496
f 2496 2479 2480
f 2496 2480 2497
f 2497 2480 2481
f 2497 2481 2498
f 2498 2481 2482
f 2498 2482 2499
f 2499 2482 2483
f 2499 2483 2500
f 2500 2483 2484
f 2500 2484 2501
f 2501 2484 2485
f 2501 2485 2502
f 2502 2485 2486
f 2502 2486 2503
f 1158 2503 2486
f 1158 2486 1159
f 1159 2486 2470
f 1159 2470 1160
f 1160 2470 2454
f 1160 2454 1161
f 1161 2454 1164
f 1164 2454 2438
f 1164 2438 1165
f 1165 2438 1872
f 1165 1872 1166
f 2504 2505 1923
f 2506 2507 1924
f 2508 2509 1876
f 2510 1880 2509
f 2509 1880 1875
f 2509 1875 1876
f 1886 1887 2511
f 2511 1887 1882
f 2511 1882 2510
f 2510 1882 1881
f 2510 1881 1880
f 1886 2511 1885
f 1885 2511 2512
f 1885 2512 1884
f 2513 1888 2512
f 2512 1888 1883
f 2512 1883 1884
f 1924 1926 2506
f 2506 1926 1866
f 2506 1866 2513
f 2513 1866 1865
f 2513 1865 1888
f 1923 1921 2504
f 2504 1921 1911
f 2504 1911 2507
f 2507 1911 1913
f 2507 1913 1924
f 2514 1919 2505
f 2505 1919 1918
f 2505 1918 1923
f 1876 1877 2508
f 2508 1877 1879
f 2508 1879 2515
f 2515 1879 1914
f 2515 1914 2514
f 2514 1914 1916
f 2514 1916 1919
f 1743 2061 1832
f 1832 2061 2060
f 1832 2060 2516
f 2074 2073 2517
f 2517 2073 2079
f 2079 2078 2517
f 2517 2078 2081
f 2517 2081 2080
f 2517 2518 2074
f 2074 2518 2519
f 2074 2519 2075
f 2075 2519 2520
f 2075 2520 2076
f 2076 2520 2521
f 2076 2521 2077
f 2077 2521 2522
f 2077 2522 2072
f 2523 2071 2524
f 2524 2071 2072
f 2524 2072 2525
f 2525 2072 2522
f 2070 2526 2527
f 2527 2528 2070
f 2070 2528 2529
f 2070 2529 2069
f 2069 2529 2530
f 2069 2530 2531
f 2532 2068 2533
f 2533 2068 2069
f 2533 2069 2534
f 2534 2069 2531
f 2535 2536 2064
f 2064 2536 2537
f 2064 2537 2065
f 2065 2537 2538
f 2065 2538 2066
f 2066 2538 2539
f 2066 2539 2067
f 2067 2539 2063
f 2523 2540 2071
f 2071 2540 2541
f 2071 2541 2070
f 2070 2541 2542
f 2070 2542 2526
f 2060 2062 2516
f 2516 2062 1990
f 2516 1990 2539
f 2539 1990 1989
f 2539 1989 2063
f 2532 2543 2068
f 2068 2543 2544
f 2068 2544 2064
f 2064 2544 2545
f 2064 2545 2535
f 1172 1830 2133
f 2133 1830 2546
f 2547 2137 2546
f 2546 2137 2134
f 2546 2134 2133
f 2548 2138 2549
f 2549 2138 2137
f 2549 2137 2550
f 2550 2137 2547
f 2548 2551 2138
f 2138 2551 2552
f 2138 2552 2140
f 2140 2552 2553
f 2140 2553 2142
f 2142 2553 2554
f 2142 2554 2143
f 2143 2554 2555
f 2143 2555 2162
f 2162 2555 2556
f 2162 2556 2163
f 2163 2556 2557
f 2163 2557 2164
f 2557 2558 2164
f 2164 2558 2559
f 2164 2559 2105
f 2105 2559 2560
f 2113 2111 2561
f 2561 2111 2117
f 2561 2117 2562
f 2562 2117 2116
f 2562 2116 2563
f 2563 2116 2115
f 2563 2115 2564
f 2564 2115 2108
f 2564 2108 2560
f 2560 2108 2106
f 2560 2106 2105
f 2561 2565 2113
f 2113 2565 2566
f 2113 2566 2114
f 2114 2566 2567
f 2568 2121 2569
f 2569 2121 2119
f 2569 2119 2570
f 2570 2119 2132
f 2570 2132 2571
f 2571 2132 2131
f 2571 2131 2567
f 2567 2131 2130
f 2567 2130 2114
f 2124 2123 2572
f 2572 2123 2128
f 2572 2128 2573
f 2573 2128 2127
f 2573 2127 2568
f 2568 2127 2126
f 2568 2126 2121
f 2572 2574 2124
f 2124 2574 2575
f 2124 2575 2149
f 2576 2080 2577
f 2577 2080 2093
f 2093 2092 2577
f 2577 2092 2151
f 2577 2151 2575
f 2575 2151 2150
f 2575 2150 2149
f 2576 2578 2080
f 2080 2578 2579
f 2080 2579 2517
f 2175 2178 2179
f 2187 2580 2188
f 2188 2580 2581
f 2188 2581 2582
f 2546 1830 2188
f 2186 2583 2584
f 2585 2586 2186
f 2186 2586 2587
f 2186 2587 2187
f 2187 2587 2588
f 2187 2588 2580
f 2583 2186 2166
f 2169 2183 2182
f 1830 1829 2188
f 2188 1829 1828
f 2188 1828 2189
f 2189 1828 2165
f 2189 2165 2180
f 2180 2165 2177
f 2180 2177 2179
f 2179 2177 2176
f 2179 2176 2175
f 2582 2589 2188
f 2188 2589 2590
f 2188 2590 2546
f 2546 2590 2591
f 2546 2591 2547
f 2584 2592 2186
f 2186 2592 2593
f 2186 2593 2594
f 2594 2595 2186
f 2186 2595 2596
f 2186 2596 2585
f 2169 2168 2183
f 2183 2168 2167
f 2183 2167 2184
f 2184 2167 2166
f 2184 2166 2185
f 2185 2166 2186
f 2181 2171 2182
f 2182 2171 2170
f 2182 2170 2169
f 2175 2174 2178
f 2178 2174 2173
f 2178 2173 2181
f 2181 2173 2172
f 2181 2172 2171
f 2597 2584 2598
f 2598 2584 2583
f 2598 2583 2192
f 2192 2583 2166
f 2192 2166 1507
f 2328 2335 2599
f 2600 2601 2602
f 2211 2210 2603
f 2280 2281 2604
f 2604 2281 2286
f 2284 2326 2285
f 2285 2326 2325
f 2285 2325 2333
f 2280 2604 2275
f 2275 2604 2605
f 2275 2605 2276
f 2240 2606 2238
f 2238 2606 2603
f 2238 2603 2236
f 2216 2235 2201
f 2201 2235 2202
f 2236 2603 2235
f 2235 2603 2210
f 2235 2210 2202
f 2206 2205 2607
f 2607 2205 2214
f 2607 2214 2213
f 2608 2209 2208
f 2609 845 846
f 2610 2611 2608
f 2608 2611 2609
f 2609 846 2608
f 2608 846 2204
f 2608 2204 2209
f 2610 2608 2612
f 2612 2608 2613
f 2612 2613 2614
f 2615 2616 2617
f 2615 2617 2613
f 2613 2617 2618
f 2613 2618 2614
f 2619 2620 2615
f 2615 2620 2621
f 2615 2621 2616
f 2622 2623 2619
f 2619 2623 2624
f 2624 2625 2619
f 2619 2625 2626
f 2619 2626 2620
f 2627 2628 2629
f 2629 2628 2630
f 2629 2630 2631
f 2627 2632 2628
f 2628 2632 2633
f 2628 2633 2622
f 2622 2633 2634
f 2622 2634 2623
f 2635 2636 2637
f 2637 2636 2638
f 2637 2638 2630
f 2630 2638 2631
f 2639 2640 2637
f 2637 2640 2641
f 2637 2641 2635
f 2642 2643 2644
f 2644 2643 2645
f 2644 2645 2639
f 2639 2645 2646
f 2639 2646 2640
f 2642 2644 2647
f 2647 2644 2648
f 2647 2648 2649
f 2601 2650 2602
f 2602 2650 2651
f 2602 2651 2648
f 2648 2651 2652
f 2648 2652 2649
f 2600 2602 2653
f 2653 2602 2599
f 2653 2599 2654
f 2335 2336 2599
f 2599 2336 2337
f 2599 2337 2654
f 2654 2337 1416
f 2654 1416 2655
f 2655 1416 1415
f 2333 2332 2656
f 2656 2332 2331
f 2656 2331 2329
f 2657 2264 2658
f 2658 2264 2266
f 2301 2262 2659
f 2659 2262 2261
f 2659 2261 2657
f 2657 2261 2265
f 2657 2265 2264
f 2660 2661 2274
f 2274 2273 2660
f 2660 2273 2279
f 2660 2279 2605
f 2605 2279 2278
f 2605 2278 2276
f 2266 2268 2658
f 2658 2268 2271
f 2658 2271 2661
f 2661 2271 2270
f 2661 2270 2274
f 2240 2245 2606
f 2606 2245 2244
f 2606 2244 2662
f 2247 2663 2249
f 2249 2663 2664
f 2249 2664 2251
f 2247 2246 2663
f 2663 2246 2259
f 2663 2259 2665
f 2665 2259 2258
f 2665 2258 2256
f 2244 2242 2662
f 2662 2242 2241
f 2662 2241 2664
f 2664 2241 2252
f 2664 2252 2251
f 2213 2211 2607
f 2607 2211 2603
f 2607 2603 2666
f 2666 2603 2606
f 2666 2606 2667
f 2667 2606 2662
f 2667 2662 2668
f 2668 2662 2664
f 2668 2664 2669
f 2669 2664 2663
f 2669 2663 2670
f 2670 2663 2665
f 2670 2665 2671
f 2671 2665 2659
f 2671 2659 2672
f 2672 2659 2657
f 2672 2657 2673
f 2673 2657 2658
f 2673 2658 2674
f 2674 2658 2661
f 2674 2661 2675
f 2675 2661 2660
f 2675 2660 2676
f 2676 2660 2605
f 2676 2605 2656
f 2656 2605 2604
f 2656 2604 2333
f 2333 2604 2286
f 2333 2286 2285
f 2256 2254 2665
f 2665 2254 2253
f 2665 2253 2659
f 2659 2253 2301
f 2329 2328 2656
f 2656 2328 2599
f 2656 2599 2676
f 2676 2599 2602
f 2676 2602 2675
f 2675 2602 2648
f 2675 2648 2674
f 2674 2648 2644
f 2674 2644 2673
f 2673 2644 2639
f 2673 2639 2672
f 2672 2639 2637
f 2672 2637 2671
f 2671 2637 2630
f 2671 2630 2670
f 2670 2630 2628
f 2670 2628 2669
f 2669 2628 2622
f 2669 2622 2668
f 2668 2622 2619
f 2668 2619 2667
f 2667 2619 2615
f 2667 2615 2666
f 2666 2615 2613
f 2666 2613 2607
f 2607 2613 2608
f 2607 2608 2206
f 2206 2608 2208
f 1158 1157 1818
f 2358 2375 2677
f 2677 2375 2381
f 2677 2381 2678
f 2358 2677 2359
f 2359 2677 2679
f 2359 2679 2361
f 1158 2350 2354
f 2365 2680 2363
f 2363 2680 2678
f 2363 2678 2388
f 2388 2678 2381
f 2512 2511 2357
f 2357 2511 1158
f 2357 1158 2395
f 2395 1158 2354
f 2497 2514 2496
f 2496 2514 2505
f 2496 2505 2495
f 2495 2505 2494
f 2350 1158 2351
f 2351 1158 1818
f 2351 1818 2347
f 2365 2366 2680
f 2680 2366 2345
f 2680 2345 2681
f 1833 1832 2367
f 2367 1832 2516
f 2367 2516 2389
f 2389 2516 2681
f 2389 2681 2344
f 2344 2681 2345
f 2513 2418 2506
f 2506 2418 2417
f 2361 2679 2362
f 2362 2679 2416
f 2362 2416 2356
f 2356 2416 2418
f 2356 2418 2357
f 2357 2418 2513
f 2357 2513 2512
f 2494 2505 2493
f 2493 2505 2504
f 2493 2504 2492
f 2511 2510 1158
f 1158 2510 2509
f 1158 2509 2503
f 2503 2509 2508
f 2503 2508 2502
f 2502 2508 2515
f 2502 2515 2501
f 2497 2498 2514
f 2514 2498 2499
f 2514 2499 2515
f 2515 2499 2500
f 2515 2500 2501
f 1827 1825 1818
f 1818 1825 1826
f 1818 1826 2347
f 2347 1826 1831
f 2347 1831 2348
f 2348 1831 1862
f 2417 2487 2506
f 2506 2487 2488
f 2506 2488 2507
f 2488 2489 2507
f 2507 2489 2490
f 2507 2490 2504
f 2504 2490 2491
f 2504 2491 2492
f 2682 2683 2678
f 2684 2677 2685
f 2685 2677 2678
f 2685 2678 2686
f 2686 2678 2683
f 2687 2688 2680
f 2680 2688 2678
f 2678 2688 2689
f 2678 2689 2682
f 2690 2691 2681
f 2681 2691 2680
f 2680 2691 2692
f 2680 2692 2693
f 2693 2694 2680
f 2680 2694 2695
f 2680 2695 2687
f 2696 2697 2681
f 2681 2697 2698
f 2681 2698 2690
f 2539 2699 2516
f 2516 2699 2700
f 2516 2700 2681
f 2681 2700 2701
f 2681 2701 2696
f 2702 2703 2704
f 2702 2704 2705
f 2706 2705 2704
f 2707 2706 2704
f 2708 2707 2704
f 2709 2708 2704
f 2710 2709 2704
f 2711 2710 2704
f 2712 2711 2704
f 2713 2712 2704
f 2714 2715 2704
f 2716 2717 2704
f 2718 2719 2704
f 2718 2704 2720
f 2721 2722 2704
f 2723 2724 2704
f 2723 2704 2725
f 2726 2725 2704
f 2703 2726 2704
f 2543 2704 2544
f 2534 2704 2533
f 2704 2534 2531
f 2532 2533 2704
f 2530 2529 2704
f 2704 2529 2528
f 2526 2704 2527
f 2704 2526 2542
f 2528 2527 2704
f 2568 2569 2727
f 2561 2562 2728
f 2556 2555 2729
f 2551 2730 2552
f 2586 2731 2587
f 2584 2597 2732
f 2733 2734 2735
f 2736 2592 2584
f 2736 2584 2737
f 2737 2584 2732
f 2737 2732 2733
f 2585 2596 2738
f 2738 2596 2595
f 2738 2595 2739
f 2739 2595 2594
f 2739 2594 2593
f 2587 2731 2588
f 2588 2731 2740
f 2588 2740 2580
f 2741 2582 2740
f 2740 2582 2581
f 2740 2581 2580
f 2589 2742 2590
f 2590 2742 2743
f 2590 2743 2591
f 2547 2591 2550
f 2550 2591 2743
f 2550 2743 2549
f 2549 2743 2548
f 2552 2730 2553
f 2553 2730 2744
f 2553 2744 2554
f 2556 2729 2557
f 2557 2729 2745
f 2557 2745 2558
f 2564 2560 2746
f 2746 2560 2559
f 2746 2559 2558
f 2564 2746 2563
f 2563 2746 2747
f 2563 2747 2562
f 2571 2567 2748
f 2748 2567 2566
f 2748 2566 2728
f 2728 2566 2565
f 2728 2565 2561
f 2571 2748 2570
f 2570 2748 2749
f 2570 2749 2569
f 2575 2574 2750
f 2750 2574 2572
f 2750 2572 2727
f 2727 2572 2573
f 2727 2573 2568
f 2575 2750 2577
f 2577 2750 2751
f 2577 2751 2576
f 2576 2751 2752
f 2576 2752 2578
f 2518 2517 2752
f 2752 2517 2579
f 2752 2579 2578
f 2521 2753 2522
f 2522 2753 2715
f 2522 2715 2525
f 2704 2540 2523
f 2525 2715 2524
f 2524 2715 2714
f 2524 2714 2523
f 2523 2714 2704
f 2541 2540 2704
f 2542 2541 2704
f 2531 2530 2704
f 2543 2532 2704
f 2535 2545 2717
f 2717 2545 2704
f 2544 2704 2545
f 2754 2716 2704
f 2754 2538 2716
f 2716 2538 2537
f 2716 2537 2717
f 2717 2537 2536
f 2717 2536 2535
f 2698 2697 2720
f 2720 2697 2696
f 2720 2696 2718
f 2718 2696 2701
f 2718 2701 2719
f 2719 2701 2700
f 2719 2700 2699
f 2539 2538 2699
f 2699 2538 2754
f 2699 2754 2719
f 2719 2754 2704
f 2755 2690 2698
f 2691 2690 2756
f 2756 2690 2755
f 2756 2755 2704
f 2704 2722 2756
f 2756 2722 2692
f 2756 2692 2691
f 2724 2721 2704
f 2698 2720 2755
f 2755 2720 2704
f 2757 2687 2758
f 2758 2687 2695
f 2758 2695 2759
f 2759 2695 2694
f 2759 2694 2693
f 2688 2760 2689
f 2689 2760 2682
f 2682 2760 2683
f 2683 2760 2761
f 2683 2761 2686
f 2762 2684 2763
f 2763 2684 2685
f 2762 2763 2764
f 2764 2763 2765
f 2764 2765 2766
f 2766 2765 2767
f 2766 2767 2768
f 2768 2767 2769
f 2768 2769 2770
f 2770 2769 2771
f 2770 2771 2772
f 2772 2771 2773
f 2772 2773 2774
f 2774 2773 2775
f 2774 2775 2776
f 2776 2775 2777
f 2776 2777 2778
f 2778 2777 2779
f 2778 2779 2734
f 2734 2779 2780
f 2734 2780 2735
f 2585 2738 2586
f 2586 2738 2781
f 2586 2781 2731
f 2731 2781 2782
f 2731 2782 2740
f 2740 2782 2742
f 2740 2742 2741
f 2741 2742 2589
f 2741 2589 2582
f 2592 2736 2593
f 2593 2736 2783
f 2593 2783 2739
f 2739 2783 2784
f 2739 2784 2738
f 2738 2784 2785
f 2738 2785 2781
f 2781 2785 2786
f 2781 2786 2782
f 2782 2786 2744
f 2782 2744 2742
f 2742 2744 2730
f 2742 2730 2743
f 2743 2730 2551
f 2743 2551 2548
f 2733 2735 2737
f 2737 2735 2787
f 2737 2787 2736
f 2736 2787 2788
f 2736 2788 2783
f 2783 2788 2789
f 2783 2789 2784
f 2784 2789 2790
f 2784 2790 2785
f 2785 2790 2745
f 2785 2745 2786
f 2786 2745 2729
f 2786 2729 2744
f 2744 2729 2555
f 2744 2555 2554
f 2569 2749 2727
f 2727 2749 2791
f 2727 2791 2750
f 2750 2791 2792
f 2750 2792 2751
f 2751 2792 2793
f 2751 2793 2752
f 2562 2747 2728
f 2728 2747 2794
f 2728 2794 2748
f 2748 2794 2795
f 2748 2795 2749
f 2749 2795 2796
f 2749 2796 2791
f 2791 2796 2797
f 2791 2797 2792
f 2792 2797 2798
f 2792 2798 2793
f 2558 2745 2746
f 2746 2745 2790
f 2746 2790 2747
f 2747 2790 2789
f 2747 2789 2794
f 2794 2789 2788
f 2794 2788 2795
f 2795 2788 2787
f 2795 2787 2796
f 2796 2787 2735
f 2796 2735 2797
f 2797 2735 2780
f 2797 2780 2798
f 2685 2686 2763
f 2763 2686 2761
f 2763 2761 2765
f 2765 2761 2799
f 2765 2799 2767
f 2767 2799 2800
f 2767 2800 2769
f 2769 2800 2801
f 2769 2801 2771
f 2771 2801 2802
f 2771 2802 2773
f 2773 2802 2803
f 2773 2803 2775
f 2775 2803 2804
f 2775 2804 2777
f 2777 2804 2805
f 2777 2805 2779
f 2779 2805 2806
f 2779 2806 2780
f 2780 2806 2807
f 2780 2807 2798
f 2798 2807 2808
f 2798 2808 2793
f 2793 2808 2809
f 2793 2809 2752
f 2752 2809 2810
f 2752 2810 2518
f 2518 2810 2519
f 2688 2687 2760
f 2760 2687 2757
f 2760 2757 2761
f 2761 2757 2811
f 2761 2811 2799
f 2799 2811 2812
f 2799 2812 2800
f 2800 2812 2813
f 2800 2813 2801
f 2801 2813 2814
f 2801 2814 2802
f 2802 2814 2815
f 2802 2815 2803
f 2803 2815 2816
f 2803 2816 2804
f 2804 2816 2817
f 2804 2817 2805
f 2805 2817 2818
f 2805 2818 2806
f 2806 2818 2819
f 2806 2819 2807
f 2807 2819 2820
f 2807 2820 2808
f 2808 2820 2821
f 2808 2821 2809
f 2809 2821 2822
f 2809 2822 2810
f 2810 2822 2823
f 2810 2823 2519
f 2519 2823 2753
f 2519 2753 2520
f 2520 2753 2521
f 2693 2692 2759
f 2759 2692 2722
f 2759 2722 2758
f 2758 2722 2721
f 2758 2721 2757
f 2757 2721 2724
f 2757 2724 2811
f 2811 2724 2723
f 2811 2723 2812
f 2812 2723 2725
f 2812 2725 2813
f 2813 2725 2726
f 2813 2726 2814
f 2814 2726 2703
f 2814 2703 2815
f 2815 2703 2702
f 2815 2702 2816
f 2816 2702 2705
f 2816 2705 2817
f 2817 2705 2706
f 2817 2706 2818
f 2818 2706 2707
f 2818 2707 2819
f 2819 2707 2708
f 2819 2708 2820
f 2820 2708 2709
f 2820 2709 2821
f 2821 2709 2710
f 2821 2710 2822
f 2822 2710 2711
f 2822 2711 2823
f 2823 2711 2712
f 2823 2712 2753
f 2753 2712 2713
f 2753 2713 2715
f 2715 2713 2704
f 2192 2824 2598
f 2598 2824 2734
f 2734 2733 2598
f 2598 2733 2732
f 2598 2732 2597
f 2825 2826 2827
f 2828 2829 2625
f 2830 2831 2635
f 2655 1415 1413
f 2600 2653 2827
f 2827 2653 2654
f 2826 2832 2827
f 2827 2832 2833
f 2827 2833 2834
f 2834 2649 2652
f 2652 2651 2834
f 2834 2651 2650
f 2834 2650 2827
f 2827 2650 2601
f 2827 2601 2600
f 2834 2835 2649
f 2649 2835 2836
f 2649 2836 2647
f 2647 2836 2837
f 2838 2643 2837
f 2837 2643 2642
f 2837 2642 2647
f 2838 2839 2643
f 2643 2839 2840
f 2643 2840 2645
f 2645 2840 2841
f 2645 2841 2646
f 2646 2841 2842
f 2646 2842 2640
f 2640 2842 2830
f 2640 2830 2641
f 2641 2830 2635
f 2843 2638 2844
f 2844 2638 2636
f 2844 2636 2845
f 2845 2636 2635
f 2845 2635 2846
f 2846 2635 2831
f 2847 2631 2848
f 2848 2631 2638
f 2848 2638 2849
f 2849 2638 2843
f 2850 2629 2851
f 2851 2629 2631
f 2851 2631 2852
f 2852 2631 2853
f 2853 2631 2847
f 2850 2854 2629
f 2629 2854 2855
f 2629 2855 2627
f 2627 2855 2856
f 2627 2856 2632
f 2632 2856 2857
f 2632 2857 2858
f 2858 2859 2632
f 2632 2859 2860
f 2632 2860 2633
f 2633 2860 2861
f 2633 2861 2634
f 2634 2861 2623
f 2623 2861 2862
f 2623 2862 2624
f 2624 2862 2863
f 2624 2863 2625
f 2625 2863 2864
f 2625 2864 2828
f 2865 2621 2866
f 2866 2621 2620
f 2866 2620 2829
f 2829 2620 2626
f 2829 2626 2625
f 2865 2867 2621
f 2621 2867 2868
f 2621 2868 2616
f 2868 2869 2870
f 2870 2869 2871
f 2870 2871 2872
f 2616 2868 2617
f 2617 2868 2870
f 2617 2870 2618
f 845 2609 2870
f 2870 2609 2611
f 2870 2611 2610
f 2610 2612 2870
f 2870 2612 2614
f 2870 2614 2618
f 2872 853 2870
f 2870 853 855
f 2870 855 850
f 850 847 2870
f 2870 847 843
f 2870 843 845
f 1410 1422 2825
f 1410 2825 1411
f 2654 2655 2827
f 2827 2655 1413
f 2827 1413 2825
f 2825 1413 1412
f 2825 1412 1411
f 2873 2679 2677
f 2824 2874 2734
f 2734 2874 2875
f 2734 2875 2876
f 2877 2878 2677
f 2677 2878 2879
f 2677 2879 2873
f 2684 2880 2677
f 2677 2880 2881
f 2677 2881 2877
f 2684 2762 2880
f 2880 2762 2764
f 2880 2764 2882
f 2882 2764 2766
f 2882 2766 2768
f 2876 2883 2734
f 2734 2883 2884
f 2734 2884 2778
f 2778 2884 2776
f 2768 2770 2882
f 2882 2770 2772
f 2882 2772 2884
f 2884 2772 2774
f 2884 2774 2776
f 2828 2864 2885
f 2860 2859 2886
f 2857 2887 2858
f 2191 2199 2888
f 2198 2197 2869
f 2869 2197 2196
f 2869 2196 2871
f 2871 2196 2195
f 2871 2195 1622
f 854 853 1622
f 1622 853 2872
f 1622 2872 2871
f 2874 2824 2888
f 2888 2824 2190
f 2888 2190 2191
f 2192 2193 2824
f 2824 2193 2194
f 2824 2194 2190
f 2888 2889 2874
f 2874 2889 2890
f 2874 2890 2875
f 2875 2890 2891
f 2875 2891 2876
f 2876 2891 2892
f 2876 2892 2883
f 2883 2892 2893
f 2883 2893 2884
f 2884 2893 2894
f 2884 2894 2882
f 2882 2894 2895
f 2882 2895 2880
f 2880 2895 2896
f 2880 2896 2881
f 2881 2896 2897
f 2881 2897 2877
f 2877 2897 2898
f 2877 2898 2878
f 2878 2898 2899
f 2878 2899 2879
f 2879 2899 2900
f 2879 2900 2873
f 2414 2413 2679
f 2414 2679 2415
f 2413 2412 2679
f 2679 2412 2411
f 2679 2411 2416
f 2873 2900 2679
f 2679 2900 2901
f 2679 2901 2415
f 1892 2399 2832
f 2832 2826 1892
f 1892 2826 2825
f 1892 2825 1893
f 1893 2825 1422
f 1893 1422 1421
f 2399 2400 2832
f 2832 2400 2397
f 2832 2397 2833
f 2833 2397 2396
f 2833 2396 2406
f 2406 2405 2833
f 2833 2405 2404
f 2833 2404 2901
f 2901 2404 2402
f 2901 2402 2401
f 2401 2407 2901
f 2901 2407 2409
f 2901 2409 2415
f 2836 2835 2901
f 2901 2835 2834
f 2901 2834 2833
f 2838 2837 2902
f 2838 2902 2839
f 2839 2902 2903
f 2839 2903 2840
f 2904 2842 2841
f 2842 2904 2830
f 2830 2904 2905
f 2830 2905 2831
f 2906 2845 2905
f 2905 2845 2846
f 2905 2846 2831
f 2844 2907 2843
f 2843 2907 2908
f 2843 2908 2849
f 2849 2908 2909
f 2910 2847 2909
f 2909 2847 2848
f 2909 2848 2849
f 2911 2852 2910
f 2910 2852 2853
f 2910 2853 2847
f 2854 2850 2911
f 2911 2850 2851
f 2911 2851 2852
f 2911 2912 2854
f 2854 2912 2913
f 2854 2913 2855
f 2887 2857 2913
f 2913 2857 2856
f 2913 2856 2855
f 2886 2859 2914
f 2864 2863 2885
f 2885 2863 2862
f 2885 2862 2886
f 2886 2862 2861
f 2886 2861 2860
f 2867 2865 2915
f 2915 2865 2866
f 2868 2888 2869
f 2869 2888 2199
f 2869 2199 2198
f 2844 2845 2907
f 2907 2845 2906
f 2907 2906 2908
f 2908 2906 2916
f 2908 2916 2909
f 2909 2916 2917
f 2909 2917 2910
f 2910 2917 2918
f 2910 2918 2911
f 2911 2918 2919
f 2911 2919 2912
f 2912 2919 2920
f 2912 2920 2913
f 2913 2920 2921
f 2913 2921 2887
f 2887 2921 2914
f 2887 2914 2858
f 2858 2914 2859
f 2841 2840 2904
f 2904 2840 2903
f 2904 2903 2905
f 2905 2903 2922
f 2905 2922 2906
f 2906 2922 2923
f 2906 2923 2916
f 2916 2923 2924
f 2916 2924 2917
f 2917 2924 2925
f 2917 2925 2918
f 2918 2925 2926
f 2918 2926 2919
f 2919 2926 2927
f 2919 2927 2920
f 2920 2927 2928
f 2920 2928 2921
f 2921 2928 2929
f 2921 2929 2914
f 2914 2929 2930
f 2914 2930 2886
f 2886 2930 2931
f 2886 2931 2885
f 2885 2931 2932
f 2885 2932 2828
f 2828 2932 2915
f 2828 2915 2829
f 2829 2915 2866
f 2837 2836 2902
f 2902 2836 2901
f 2902 2901 2903
f 2903 2901 2900
f 2903 2900 2922
f 2922 2900 2899
f 2922 2899 2923
f 2923 2899 2898
f 2923 2898 2924
f 2924 2898 2897
f 2924 2897 2925
f 2925 2897 2896
f 2925 2896 2926
f 2926 2896 2895
f 2926 2895 2927
f 2927 2895 2894
f 2927 2894 2928
f 2928 2894 2893
f 2928 2893 2929
f 2929 2893 2892
f 2929 2892 2930
f 2930 2892 2891
f 2930 2891 2931
f 2931 2891 2890
f 2931 2890 2932
f 2932 2890 2889
f 2932 2889 2915
f 2915 2889 2888
f 2915 2888 2867
f 2867 2888 2868
