# Converti depuis Right_2_3_Link.STL
# 2409 sommets, 4818 faces
o Right_2_3_Link
v -0.001088 -0.013307 0.006310
v -0.001126 -0.013350 0.006290
v -0.000870 -0.014373 0.006117
v 0.003080 -0.015223 0.004599
v 0.003253 -0.014700 0.004622
v 0.002876 -0.014209 0.005034
v -0.000301 -0.012348 0.006552
v -0.000707 -0.012842 0.006427
v -0.000457 -0.013796 0.006263
v -0.001888 -0.016957 0.005092
v -0.001887 -0.016962 0.005091
v -0.001466 -0.016408 0.005466
v -0.001328 -0.018334 0.004783
v -0.000898 -0.017768 0.005109
v -0.001560 -0.017856 0.004907
v -0.001192 -0.017158 0.005286
v -0.001622 -0.017729 0.004940
v -0.001696 -0.017577 0.004979
v -0.001814 -0.014129 0.005928
v -0.001996 -0.014323 0.005775
v -0.001733 -0.015480 0.005639
v -0.002447 -0.014800 0.005398
v -0.002222 -0.015775 0.005282
v -0.002169 -0.016004 0.005255
v -0.002127 -0.016185 0.005233
v -0.001558 -0.013840 0.006062
v -0.001297 -0.014935 0.005917
v -0.000599 -0.015224 0.005916
v -0.001029 -0.015827 0.005729
v -0.000309 -0.015944 0.005703
v -0.000747 -0.016563 0.005530
v 0.000003 -0.016571 0.005490
v -0.000446 -0.017184 0.005334
v 0.000837 -0.015193 0.005701
v 0.001202 -0.014424 0.005789
v 0.000869 -0.013868 0.006029
v 0.001521 -0.013615 0.005871
v 0.000563 -0.013280 0.006257
v 0.000293 -0.012633 0.006463
v 0.000073 -0.011883 0.006626
v -0.000155 -0.012170 0.006597
v -0.000185 -0.014598 0.006054
v 0.000113 -0.015290 0.005831
v 0.000434 -0.015912 0.005604
v 0.001787 -0.012779 0.005952
v 0.001512 -0.012411 0.006148
v 0.000872 -0.012594 0.006337
v 0.001874 -0.016877 0.004893
v 0.002169 -0.017459 0.004507
v 0.002174 -0.017451 0.004507
v 0.001120 -0.017055 0.005135
v 0.001535 -0.016325 0.005203
v 0.002257 -0.016041 0.004942
v 0.001907 -0.015506 0.005267
v 0.002184 -0.017430 0.004508
v 0.002519 -0.016741 0.004536
v 0.002585 -0.016575 0.004542
v 0.002659 -0.016388 0.004550
v 0.002874 -0.015848 0.004571
v 0.002696 -0.013975 0.005231
v 0.002508 -0.013728 0.005383
v -0.000139 -0.019696 0.004198
v 0.000188 -0.019513 0.004285
v -0.000387 -0.019472 0.004329
v 0.000020 -0.019099 0.004557
v -0.000442 -0.019423 0.004358
v 0.000239 -0.019479 0.004294
v 0.000339 -0.019412 0.004312
v 0.000483 -0.018686 0.004695
v 0.000699 -0.019170 0.004376
v 0.001214 -0.018732 0.004433
v 0.000970 -0.018202 0.004782
v 0.001116 -0.018832 0.004425
v 0.000944 -0.018971 0.004405
v 0.001496 -0.018448 0.004457
v 0.001584 -0.018333 0.004463
v 0.001444 -0.017607 0.004842
v 0.001720 -0.018158 0.004473
v 0.001839 -0.018003 0.004482
v -0.001006 -0.018809 0.004634
v -0.000817 -0.019055 0.004549
v -0.000266 -0.018710 0.004764
v -0.000739 -0.019156 0.004515
v -0.000690 -0.019200 0.004489
v -0.001249 -0.018495 0.004742
v -0.001213 -0.018542 0.004726
v -0.000582 -0.018276 0.004940
v -0.000124 -0.017725 0.005144
v 0.000196 -0.018216 0.004940
v 0.000666 -0.017677 0.005055
v 0.001112 -0.011867 0.006393
v 0.000839 -0.011494 0.006561
v 0.000600 -0.012070 0.006527
v 0.000620 -0.011196 0.006695
v 0.000381 -0.011496 0.006665
v 0.001945 -0.012991 0.005839
v 0.001568 -0.019792 -0.003476
v 0.001166 -0.020070 -0.003473
v 0.001092 -0.019523 -0.003982
v 0.004832 -0.012591 0.003640
v 0.004546 -0.013753 0.003586
v 0.004904 -0.014103 0.002948
v 0.002068 -0.017638 -0.004502
v 0.002158 -0.017452 -0.004510
v 0.002436 -0.018012 -0.004034
v 0.004381 -0.006992 -0.005203
v 0.004385 -0.006556 -0.005241
v 0.004921 -0.006848 -0.004634
v 0.006397 -0.005245 0.002438
v 0.006326 -0.005232 0.002573
v 0.006276 -0.007347 0.002508
v 0.004861 -0.004829 0.004846
v 0.004401 -0.004635 0.005406
v 0.004386 -0.006557 0.005240
v 0.004376 -0.007720 0.005139
v 0.004312 -0.008615 0.005065
v 0.004835 -0.008955 0.004479
v 0.003438 -0.015720 0.004088
v 0.003605 -0.013324 0.004707
v 0.004599 -0.011112 0.004330
v 0.003907 -0.012003 0.004795
v 0.004146 -0.013351 0.004191
v 0.003846 -0.012380 0.004766
v 0.003710 -0.012913 0.004733
v 0.004252 -0.009454 0.004996
v 0.004201 -0.010171 0.004936
v 0.004114 -0.010714 0.004894
v 0.004112 -0.010724 0.004894
v 0.004924 -0.004855 0.004769
v 0.004921 -0.006850 0.004633
v 0.004382 -0.006994 0.005202
v 0.005432 -0.007073 0.003946
v 0.005303 -0.004994 0.004271
v 0.005165 -0.004957 0.004475
v 0.006094 -0.005189 0.003012
v 0.005934 -0.005159 0.003315
v 0.005897 -0.007236 0.003223
v 0.005871 -0.005147 0.003434
v 0.005447 -0.005033 0.004059
v 0.006437 -0.005251 0.002320
v 0.006540 -0.007416 0.001835
v 0.006587 -0.005271 0.001875
v 0.006691 -0.005285 0.001565
v 0.006701 -0.007452 0.001201
v 0.006728 -0.005291 0.001456
v 0.006874 -0.005300 0.000359
v 0.006841 -0.005297 0.000606
v 0.006781 -0.007466 0.000594
v 0.006818 -0.005296 0.000779
v 0.006758 -0.005292 0.001229
v 0.006840 -0.005299 -0.000798
v 0.006841 -0.005299 -0.000774
v 0.006781 -0.007466 -0.000596
v 0.006846 -0.005299 -0.000609
v 0.006863 -0.005299 -0.000000
v 0.006604 -0.005275 -0.001882
v 0.006627 -0.005278 -0.001827
v 0.006540 -0.007415 -0.001837
v 0.006683 -0.005284 -0.001556
v 0.006276 -0.007346 -0.002510
v 0.006318 -0.005230 -0.002572
v 0.006428 -0.005247 -0.002307
v 0.005489 -0.005054 -0.004023
v 0.005922 -0.005149 -0.003307
v 0.005897 -0.007235 -0.003225
v 0.006102 -0.005189 -0.003009
v 0.006214 -0.005213 -0.002824
v 0.005432 -0.007072 -0.003948
v 0.005455 -0.005041 -0.004068
v 0.004401 -0.004634 -0.005407
v 0.004658 -0.004757 -0.005114
v 0.004860 -0.004829 -0.004849
v 0.004921 -0.004851 -0.004769
v 0.005301 -0.004987 -0.004270
v 0.004217 -0.010022 -0.004949
v 0.004835 -0.008954 -0.004481
v 0.004112 -0.010712 -0.004896
v 0.004599 -0.011111 -0.004332
v 0.004257 -0.009453 -0.004996
v 0.004316 -0.008614 -0.005066
v 0.004375 -0.007774 -0.005136
v 0.003708 -0.012911 -0.004735
v 0.003888 -0.012176 -0.004782
v 0.003914 -0.012003 -0.004795
v 0.004110 -0.010723 -0.004895
v 0.003253 -0.014698 -0.004624
v 0.003354 -0.014359 -0.004641
v 0.004146 -0.013350 -0.004193
v 0.003607 -0.013324 -0.004708
v 0.002172 -0.017423 -0.004511
v 0.002582 -0.016572 -0.004544
v 0.002979 -0.016917 -0.004058
v 0.002646 -0.016440 -0.004550
v 0.002664 -0.016389 -0.004552
v 0.001715 -0.018153 -0.004476
v 0.001202 -0.018718 -0.004433
v 0.001587 -0.018339 -0.004467
v 0.001801 -0.018899 -0.004011
v 0.005053 -0.011454 0.003698
v 0.005217 -0.012909 0.002988
v 0.005323 -0.009237 0.003819
v 0.005193 -0.014381 0.002311
v 0.005529 -0.013159 0.002338
v 0.005393 -0.014571 0.001702
v 0.005745 -0.013329 0.001720
v 0.005516 -0.014686 0.001120
v 0.005878 -0.013430 0.001130
v 0.005577 -0.014742 0.000554
v 0.005943 -0.013479 0.000559
v 0.005593 -0.014757 -0.000002
v 0.005961 -0.013492 -0.000002
v 0.005460 -0.011741 0.003031
v 0.005790 -0.011963 0.002369
v 0.006020 -0.012112 0.001740
v 0.006160 -0.012200 0.001142
v 0.006229 -0.012242 0.000565
v 0.006248 -0.012253 -0.000002
v 0.006621 -0.009833 -0.000001
v 0.006802 -0.007468 -0.000001
v 0.006601 -0.009827 0.000579
v 0.006525 -0.009799 0.001171
v 0.006373 -0.009737 0.001786
v 0.006123 -0.009628 0.002436
v 0.005765 -0.009462 0.003125
v 0.005053 -0.011453 -0.003700
v 0.004833 -0.012590 -0.003642
v 0.005324 -0.009236 -0.003821
v 0.000150 -0.021949 -0.000590
v 0.000145 -0.021975 -0.000003
v -0.000836 -0.022099 -0.000233
v -0.000824 -0.022058 -0.000600
v -0.000809 -0.022004 -0.001092
v 0.000166 -0.021854 -0.001178
v -0.000799 -0.021971 -0.001196
v -0.000745 -0.021782 -0.001790
v 0.000195 -0.021668 -0.001764
v -0.000733 -0.021741 -0.001917
v 0.000241 -0.021366 -0.002351
v 0.001201 -0.020991 -0.002326
v 0.001676 -0.020701 -0.002316
v 0.001697 -0.020988 -0.001730
v 0.002133 -0.020338 -0.002308
v 0.002564 -0.019899 -0.002301
v 0.002629 -0.020172 -0.001713
v -0.000654 -0.021470 -0.002372
v -0.000600 -0.021283 -0.002687
v 0.000303 -0.020941 -0.002930
v -0.000532 -0.021048 -0.002951
v -0.000397 -0.020585 -0.003472
v 0.000360 -0.020438 -0.003471
v 0.001195 -0.020575 -0.002912
v 0.001637 -0.020292 -0.002906
v 0.002063 -0.019938 -0.002902
v -0.000391 -0.020564 -0.003489
v -0.000251 -0.020082 -0.003884
v 0.000385 -0.019915 -0.003941
v -0.000139 -0.019694 -0.004202
v 0.000089 -0.019570 -0.004266
v 0.000235 -0.019470 -0.004291
v 0.000334 -0.019402 -0.004308
v 0.000693 -0.019157 -0.004370
v 0.000944 -0.018971 -0.004410
v 0.001452 -0.019243 -0.003998
v 0.001955 -0.019446 -0.003479
v 0.002320 -0.019027 -0.003482
v 0.002462 -0.019508 -0.002898
v 0.002833 -0.019010 -0.002896
v 0.002962 -0.019390 -0.002294
v 0.003671 -0.018218 -0.002286
v 0.003794 -0.018466 -0.001695
v 0.004426 -0.017161 -0.001690
v 0.004519 -0.017301 -0.001116
v 0.005066 -0.015974 -0.001117
v 0.005120 -0.016038 -0.000556
v 0.005577 -0.014742 -0.000558
v 0.005943 -0.013479 -0.000563
v 0.006229 -0.012242 -0.000569
v 0.006601 -0.009827 -0.000581
v 0.006863 -0.005299 0.000004
v 0.001589 -0.018336 -0.004467
v 0.002131 -0.018488 -0.004022
v 0.002657 -0.018540 -0.003486
v 0.003490 -0.017861 -0.002895
v 0.004272 -0.016931 -0.002285
v 0.004956 -0.015847 -0.001694
v 0.005516 -0.014686 -0.001124
v 0.005878 -0.013430 -0.001134
v 0.006160 -0.012200 -0.001146
v 0.006525 -0.009798 -0.001173
v 0.006701 -0.007451 -0.001203
v 0.006751 -0.005290 -0.001228
v 0.003256 -0.017418 -0.003496
v 0.003764 -0.016186 -0.003514
v 0.004047 -0.016599 -0.002902
v 0.004516 -0.015331 -0.002921
v 0.004776 -0.015636 -0.002295
v 0.005193 -0.014380 -0.002315
v 0.005393 -0.014571 -0.001706
v 0.005529 -0.013158 -0.002342
v 0.005745 -0.013328 -0.001723
v 0.005790 -0.011962 -0.002372
v 0.006020 -0.012112 -0.001744
v 0.006123 -0.009627 -0.002439
v 0.006373 -0.009736 -0.001788
v 0.004546 -0.013752 -0.003589
v 0.003438 -0.015719 -0.004090
v 0.003072 -0.015219 -0.004602
v 0.005765 -0.009461 -0.003127
v 0.005460 -0.011740 -0.003034
v 0.005218 -0.012908 -0.002991
v 0.004904 -0.014103 -0.002952
v 0.004191 -0.014949 -0.003545
v 0.000385 -0.019916 0.003936
v -0.000387 -0.020551 0.003469
v 0.000360 -0.020439 0.003466
v -0.000255 -0.020099 0.003901
v -0.000255 -0.020098 0.003902
v 0.001092 -0.019524 0.003978
v 0.001166 -0.020071 0.003468
v 0.001195 -0.020576 0.002906
v 0.001452 -0.019244 0.003993
v 0.001801 -0.018900 0.004007
v 0.002131 -0.018489 0.004018
v -0.000533 -0.021054 0.002951
v -0.000658 -0.021483 0.002373
v 0.000241 -0.021367 0.002345
v -0.000677 -0.021549 0.002284
v 0.000195 -0.021668 0.001758
v -0.000743 -0.021776 0.001779
v -0.000776 -0.021891 0.001522
v 0.000166 -0.021854 0.001171
v -0.000507 -0.020963 0.003074
v 0.000303 -0.020942 0.002924
v 0.000719 -0.021212 0.002331
v 0.000695 -0.021510 0.001746
v 0.000679 -0.021694 0.001162
v 0.000150 -0.021949 0.000584
v 0.000669 -0.021788 0.000579
v 0.000666 -0.021814 -0.000003
v 0.000669 -0.021787 -0.000585
v 0.000679 -0.021694 -0.001168
v 0.000695 -0.021510 -0.001752
v 0.000719 -0.021212 -0.002337
v 0.000899 -0.019016 -0.004406
v -0.000796 -0.021961 0.001189
v -0.000827 -0.022067 0.000687
v -0.000828 -0.022070 0.000596
v -0.000834 -0.022091 -0.000004
v 0.001200 -0.021284 -0.001740
v 0.001708 -0.021166 -0.001151
v 0.001196 -0.021465 -0.001159
v 0.001711 -0.021256 -0.000576
v 0.001193 -0.021558 -0.000580
v 0.001711 -0.021281 -0.000003
v 0.001192 -0.021583 -0.000003
v 0.001711 -0.021256 0.000570
v 0.001193 -0.021558 0.000574
v 0.001708 -0.021166 0.001145
v 0.001196 -0.021466 0.001153
v 0.001697 -0.020989 0.001724
v 0.001200 -0.021285 0.001734
v 0.001676 -0.020701 0.002311
v 0.001201 -0.020992 0.002320
v 0.001637 -0.020293 0.002901
v 0.001568 -0.019793 0.003471
v 0.002177 -0.020618 -0.001721
v 0.002666 -0.020341 -0.001136
v 0.002201 -0.020792 -0.001143
v 0.002682 -0.020426 -0.000568
v 0.002211 -0.020880 -0.000571
v 0.002686 -0.020450 -0.000003
v 0.002213 -0.020904 -0.000003
v 0.002682 -0.020427 0.000562
v 0.002211 -0.020880 0.000566
v 0.002666 -0.020341 0.001131
v 0.002201 -0.020792 0.001137
v 0.002629 -0.020173 0.001707
v 0.002177 -0.020619 0.001715
v 0.002564 -0.019899 0.002295
v 0.002133 -0.020338 0.002302
v 0.002462 -0.019509 0.002894
v 0.002063 -0.019938 0.002897
v 0.002320 -0.019027 0.003478
v 0.001955 -0.019447 0.003474
v 0.002978 -0.016918 0.004055
v 0.002436 -0.018013 0.004030
v 0.003256 -0.017418 0.003492
v 0.002657 -0.018541 0.003481
v 0.003490 -0.017862 0.002890
v 0.002833 -0.019011 0.002891
v 0.003671 -0.018218 0.002281
v 0.002962 -0.019391 0.002289
v 0.003794 -0.018467 0.001690
v 0.003048 -0.019656 0.001700
v 0.003867 -0.018619 0.001116
v 0.003098 -0.019820 0.001125
v 0.003902 -0.018696 0.000554
v 0.003120 -0.019902 0.000559
v 0.003911 -0.018717 -0.000003
v 0.003126 -0.019925 -0.000003
v 0.003120 -0.019902 -0.000564
v 0.004191 -0.014950 0.003542
v 0.003763 -0.016187 0.003510
v 0.004515 -0.015332 0.002917
v 0.004047 -0.016600 0.002898
v 0.004776 -0.015637 0.002291
v 0.004272 -0.016931 0.002281
v 0.004956 -0.015847 0.001690
v 0.004426 -0.017161 0.001686
v 0.005066 -0.015975 0.001113
v 0.004519 -0.017302 0.001111
v 0.005120 -0.016038 0.000551
v 0.004565 -0.017371 0.000551
v 0.005135 -0.016055 -0.000002
v 0.004577 -0.017390 -0.000002
v 0.004565 -0.017371 -0.000556
v 0.003902 -0.018696 -0.000559
v 0.003867 -0.018619 -0.001121
v 0.003098 -0.019819 -0.001130
v 0.003048 -0.019656 -0.001705
v -0.001195 -0.018530 -0.004727
v -0.001318 -0.018325 -0.004786
v -0.000898 -0.017767 -0.005111
v -0.001005 -0.018845 -0.004636
v -0.001019 -0.018820 -0.004643
v -0.000582 -0.018275 -0.004943
v -0.000394 -0.019489 -0.004350
v -0.002288 -0.014634 -0.005554
v -0.001997 -0.014321 -0.005774
v -0.001733 -0.015478 -0.005641
v 0.000003 -0.016570 -0.005491
v -0.000446 -0.017182 -0.005336
v -0.000747 -0.016562 -0.005532
v 0.000113 -0.015289 -0.005830
v -0.000185 -0.014596 -0.006052
v 0.000563 -0.013279 -0.006254
v 0.000837 -0.015192 -0.005700
v 0.000434 -0.015910 -0.005604
v 0.001536 -0.016323 -0.005204
v 0.001907 -0.015505 -0.005268
v 0.002257 -0.016040 -0.004944
v 0.001444 -0.017606 -0.004845
v 0.001120 -0.017054 -0.005136
v 0.001874 -0.016876 -0.004895
v 0.002874 -0.014205 -0.005029
v 0.002611 -0.013862 -0.005309
v 0.002510 -0.013729 -0.005388
v 0.001202 -0.014422 -0.005787
v 0.001521 -0.013613 -0.005869
v 0.000869 -0.013866 -0.006027
v 0.000872 -0.012592 -0.006333
v 0.000293 -0.012632 -0.006460
v 0.000600 -0.012068 -0.006523
v 0.001735 -0.012710 -0.005987
v 0.001280 -0.012095 -0.006305
v 0.001114 -0.011869 -0.006401
v 0.000840 -0.011494 -0.006562
v -0.000707 -0.012841 -0.006427
v -0.000253 -0.012291 -0.006571
v 0.000073 -0.011881 -0.006616
v -0.000457 -0.013795 -0.006261
v -0.001522 -0.017988 -0.004883
v -0.001569 -0.017860 -0.004911
v -0.001192 -0.017157 -0.005288
v -0.001618 -0.017727 -0.004939
v -0.001898 -0.016965 -0.005102
v -0.001467 -0.016407 -0.005468
v -0.000309 -0.015942 -0.005703
v -0.001899 -0.016960 -0.005103
v -0.001952 -0.016818 -0.005133
v -0.002447 -0.014798 -0.005400
v -0.002209 -0.015769 -0.005272
v -0.002153 -0.015996 -0.005242
v -0.001029 -0.015825 -0.005729
v -0.000599 -0.015222 -0.005915
v -0.001297 -0.014933 -0.005917
v -0.000870 -0.014371 -0.006116
v -0.001679 -0.013979 -0.006015
v -0.001559 -0.013843 -0.006074
v -0.001126 -0.013349 -0.006291
v 0.000483 -0.018685 -0.004698
v 0.000020 -0.019098 -0.004561
v -0.000406 -0.019479 -0.004357
v -0.000447 -0.019436 -0.004376
v -0.000266 -0.018709 -0.004767
v -0.000681 -0.019188 -0.004485
v -0.000814 -0.019047 -0.004547
v 0.000970 -0.018201 -0.004785
v 0.000666 -0.017676 -0.005057
v 0.000196 -0.018214 -0.004943
v 0.000381 -0.011494 -0.006658
v 0.000620 -0.011195 -0.006691
v -0.001105 -0.013325 -0.006301
v 0.001786 -0.012777 -0.005948
v -0.001465 -0.011613 0.006490
v -0.001928 -0.011979 0.006269
v -0.004183 -0.003500 0.006406
v -0.004885 -0.003016 0.006004
v -0.004850 -0.003158 0.005997
v -0.004063 -0.001417 0.006835
v -0.004135 -0.001421 0.006801
v -0.003584 -0.003521 0.006725
v -0.004730 -0.001447 0.006517
v -0.004757 -0.001448 0.006504
v -0.005057 -0.001454 0.006304
v -0.005341 -0.001452 0.006083
v -0.003825 -0.001407 0.006949
v -0.002964 -0.003545 0.006962
v -0.003501 -0.001402 0.007039
v -0.003390 -0.001400 0.007070
v -0.002326 -0.003590 0.007140
v -0.002839 -0.001391 0.007223
v -0.001673 -0.003669 0.007277
v -0.002622 -0.001387 0.007284
v -0.002723 -0.001389 0.007256
v -0.001014 -0.003791 0.007367
v -0.002049 -0.001441 0.007372
v -0.002153 -0.001431 0.007356
v -0.000691 -0.001671 0.007497
v -0.000749 -0.001657 0.007495
v -0.000365 -0.003963 0.007402
v -0.001387 -0.001503 0.007473
v -0.001450 -0.001497 0.007463
v 0.000249 -0.004195 0.007364
v 0.000204 -0.003846 0.007383
v -0.000368 -0.001748 0.007508
v -0.000051 -0.001859 0.007492
v -0.004299 -0.005414 0.005892
v -0.004101 -0.006226 0.005855
v -0.003534 -0.006269 0.006276
v -0.004772 -0.003476 0.005983
v -0.000039 -0.006446 0.007250
v -0.000615 -0.006324 0.007223
v -0.001206 -0.006253 0.007138
v -0.001801 -0.006222 0.007005
v -0.002390 -0.006220 0.006830
v -0.002969 -0.006238 0.006595
v 0.000481 -0.006393 0.007222
v 0.000377 -0.005193 0.007310
v -0.000141 -0.010603 0.006846
v -0.000566 -0.010903 0.006770
v 0.000258 -0.010387 0.006870
v 0.000627 -0.010307 0.006827
v 0.000627 -0.010257 0.006834
v 0.000630 -0.009869 0.006891
v -0.001283 -0.009490 0.006800
v -0.000784 -0.009302 0.006925
v -0.000296 -0.009162 0.007002
v 0.000175 -0.009098 0.007023
v 0.000607 -0.009142 0.006965
v -0.003300 -0.010374 0.005671
v -0.003078 -0.011524 0.005620
v -0.002394 -0.012342 0.005965
v -0.002916 -0.012365 0.005563
v -0.002853 -0.012693 0.005541
v -0.002557 -0.014230 0.005437
v -0.001010 -0.011250 0.006651
v -0.004085 -0.006307 0.005851
v -0.003667 -0.008476 0.005755
v -0.002792 -0.010146 0.006094
v -0.002290 -0.009920 0.006405
v -0.001786 -0.009699 0.006633
v 0.000604 -0.009022 0.006977
v 0.000545 -0.007136 0.007168
v 0.000502 -0.006632 0.007205
v 0.000621 -0.010254 -0.006819
v 0.000621 -0.010304 -0.006812
v 0.000258 -0.010385 -0.006866
v -0.004837 -0.001448 -0.006454
v -0.004754 -0.001445 -0.006500
v -0.004184 -0.003496 -0.006406
v 0.000214 -0.003843 -0.007386
v 0.000261 -0.004189 -0.007368
v -0.000365 -0.003959 -0.007400
v -0.000050 -0.001858 -0.007491
v -0.000564 -0.001684 -0.007511
v -0.000687 -0.001654 -0.007507
v -0.000747 -0.001640 -0.007505
v -0.001145 -0.001542 -0.007492
v -0.001015 -0.003786 -0.007365
v -0.001365 -0.001508 -0.007470
v -0.002153 -0.001414 -0.007368
v -0.002044 -0.001423 -0.007386
v -0.001673 -0.003665 -0.007275
v -0.001767 -0.001445 -0.007431
v -0.001451 -0.001495 -0.007462
v -0.002394 -0.001394 -0.007329
v -0.002327 -0.003586 -0.007139
v -0.002718 -0.001389 -0.007257
v -0.003504 -0.001395 -0.007049
v -0.003387 -0.001391 -0.007085
v -0.002965 -0.003541 -0.006961
v -0.003111 -0.001383 -0.007169
v -0.002841 -0.001387 -0.007229
v -0.003774 -0.001404 -0.006967
v -0.003584 -0.003517 -0.006725
v -0.004065 -0.001417 -0.006846
v -0.004728 -0.001444 -0.006515
v -0.004340 -0.001429 -0.006731
v -0.004142 -0.001420 -0.006814
v 0.000494 -0.006628 -0.007198
v 0.000618 -0.009020 -0.006984
v 0.000175 -0.009096 -0.007019
v 0.000623 -0.009100 -0.006977
v 0.000623 -0.009140 -0.006971
v 0.000467 -0.006115 -0.007244
v 0.000482 -0.006391 -0.007219
v -0.000039 -0.006443 -0.007246
v 0.000283 -0.004358 -0.007359
v -0.000566 -0.010901 -0.006767
v -0.000141 -0.010601 -0.006842
v -0.000296 -0.009159 -0.006998
v -0.000784 -0.009299 -0.006921
v -0.001283 -0.009487 -0.006798
v -0.005341 -0.001451 -0.006083
v -0.005289 -0.001452 -0.006126
v -0.004865 -0.003161 -0.005999
v -0.004778 -0.003474 -0.005983
v -0.004547 -0.004305 -0.005942
v -0.004304 -0.005413 -0.005893
v -0.000615 -0.006320 -0.007219
v -0.001206 -0.006249 -0.007135
v -0.001801 -0.006218 -0.007003
v -0.002391 -0.006216 -0.006828
v -0.002969 -0.006234 -0.006594
v -0.003535 -0.006266 -0.006276
v -0.002738 -0.013344 -0.005516
v -0.002561 -0.014230 -0.005446
v -0.002394 -0.012340 -0.005966
v -0.001928 -0.011976 -0.006268
v -0.002859 -0.012692 -0.005548
v -0.002921 -0.012365 -0.005564
v -0.003647 -0.008471 -0.005755
v -0.003732 -0.008017 -0.005777
v -0.004107 -0.006308 -0.005853
v -0.001010 -0.011248 -0.006648
v -0.001466 -0.011610 -0.006488
v -0.001786 -0.009696 -0.006631
v -0.002290 -0.009917 -0.006404
v -0.002793 -0.010143 -0.006094
v -0.003293 -0.010369 -0.005662
v -0.000674 -0.001144 -0.006839
v -0.000662 -0.001086 -0.006865
v -0.001171 -0.001043 -0.006743
v -0.001469 -0.000967 -0.006687
v -0.001470 -0.000982 -0.006685
v -0.001472 -0.000879 -0.006745
v -0.001469 -0.000894 -0.006724
v -0.000656 -0.001042 -0.006909
v -0.001469 -0.000929 -0.006706
v -0.000654 -0.001015 -0.006966
v -0.001480 -0.000840 -0.006797
v -0.000656 -0.001011 -0.006995
v -0.001487 -0.000833 -0.006828
v -0.000504 -0.001067 -0.007030
v -0.000660 -0.001029 -0.007003
v -0.001197 -0.000899 -0.006908
v -0.001492 -0.000827 -0.006855
v -0.000245 -0.001144 -0.007026
v -0.000249 -0.001153 -0.007045
v -0.000435 -0.001084 -0.007043
v 0.000077 -0.001273 -0.007050
v 0.000147 -0.001299 -0.007024
v 0.000146 -0.001303 -0.007047
v -0.000245 -0.001146 -0.006998
v 0.000145 -0.001300 -0.006999
v 0.000147 -0.001297 -0.007009
v -0.000251 -0.001168 -0.006944
v 0.000138 -0.001313 -0.006952
v -0.000262 -0.001207 -0.006901
v 0.000121 -0.001352 -0.006907
v -0.000107 -0.001322 -0.006880
v 0.000104 -0.001393 -0.006890
v 0.000120 -0.001353 -0.006905
v -0.000585 -0.001162 -0.006856
v -0.000280 -0.001264 -0.006871
v -0.003011 -0.014645 -0.004931
v -0.004149 -0.008599 0.005214
v -0.002665 -0.016264 -0.004790
v -0.001632 -0.019114 -0.004301
v -0.002005 -0.019663 -0.003777
v -0.002396 -0.018959 -0.003910
v -0.001744 -0.021261 -0.002459
v -0.001413 -0.021391 -0.002431
v -0.001535 -0.021690 -0.001830
v -0.005898 -0.001416 -0.005544
v -0.005448 -0.001448 -0.005991
v -0.006476 -0.001323 -0.004775
v -0.006391 -0.001337 -0.004888
v -0.005911 -0.003034 -0.004809
v -0.005960 -0.001406 -0.005461
v -0.006351 -0.002954 -0.004087
v -0.006828 -0.001240 -0.004165
v -0.006600 -0.001303 -0.004610
v -0.006893 -0.001222 -0.004037
v -0.006699 -0.002876 -0.003312
v -0.007138 -0.001155 -0.003561
v -0.007188 -0.001133 -0.003391
v -0.007470 -0.001016 -0.002450
v -0.007434 -0.001031 -0.002573
v -0.006939 -0.002810 -0.002508
v -0.007228 -0.001117 -0.003258
v -0.007594 -0.000941 -0.001629
v -0.007579 -0.000950 -0.001730
v -0.007084 -0.002759 -0.001683
v -0.007487 -0.001009 -0.002396
v -0.007156 -0.002727 -0.000845
v -0.007659 -0.000896 -0.000870
v -0.007650 -0.000904 -0.001220
v -0.007175 -0.002715 -0.000000
v -0.007680 -0.000875 0.000002
v -0.007660 -0.000895 -0.000810
v -0.007654 -0.000895 0.000869
v -0.007659 -0.000891 0.000803
v -0.007156 -0.002727 0.000844
v -0.007689 -0.000866 0.000374
v -0.007603 -0.000938 0.001617
v -0.007084 -0.002759 0.001683
v -0.007595 -0.000945 0.001733
v -0.007592 -0.000947 0.001767
v -0.006939 -0.002810 0.002507
v -0.007457 -0.001019 0.002433
v -0.007178 -0.001134 0.003386
v -0.007232 -0.001115 0.003246
v -0.007357 -0.001071 0.002921
v -0.007428 -0.001034 0.002573
v -0.006838 -0.001241 0.004169
v -0.006914 -0.001224 0.004042
v -0.006699 -0.002877 0.003312
v -0.006942 -0.001217 0.003997
v -0.005898 -0.001417 0.005543
v -0.005964 -0.001408 0.005462
v -0.005911 -0.003035 0.004809
v -0.006315 -0.001360 0.005029
v -0.006397 -0.001342 0.004894
v -0.005793 -0.001428 0.005656
v -0.005401 -0.003105 0.005454
v -0.001610 -0.021874 -0.001224
v -0.003306 -0.020203 -0.001328
v -0.003193 -0.020049 -0.001989
v -0.002744 -0.020822 -0.001926
v -0.002046 -0.021078 -0.002490
v -0.001881 -0.021556 -0.001851
v -0.001236 -0.020966 -0.003019
v -0.001827 -0.020664 -0.003094
v -0.001014 -0.020463 -0.003561
v -0.001546 -0.020160 -0.003661
v -0.000754 -0.019940 -0.004022
v -0.001211 -0.019611 -0.004158
v -0.002323 -0.020152 -0.003187
v -0.002322 -0.020840 -0.002524
v -0.002196 -0.021367 -0.001874
v -0.001964 -0.021737 -0.001238
v -0.001647 -0.021967 -0.000614
v -0.003575 -0.019000 -0.002057
v -0.003694 -0.019140 -0.001373
v -0.003752 -0.019209 -0.000688
v -0.003933 -0.017599 -0.002126
v -0.004055 -0.017722 -0.001419
v -0.004116 -0.017782 -0.000711
v -0.004132 -0.017798 -0.000002
v -0.003097 -0.018428 -0.003412
v -0.002737 -0.019423 -0.003295
v -0.002743 -0.017998 -0.004052
v -0.002339 -0.017503 -0.004627
v -0.002004 -0.018429 -0.004459
v -0.003434 -0.015021 -0.004315
v -0.003077 -0.016710 -0.004192
v -0.003441 -0.017092 -0.003528
v -0.005698 -0.009010 -0.001565
v -0.004851 -0.013648 -0.001499
v -0.004913 -0.013690 -0.000751
v -0.004513 -0.013427 -0.002987
v -0.004723 -0.013565 -0.002245
v -0.005566 -0.008971 -0.002340
v -0.005780 -0.009036 -0.000001
v -0.006509 -0.005384 -0.000815
v -0.006442 -0.005388 -0.001625
v -0.006303 -0.005395 -0.002426
v -0.005345 -0.008909 -0.003108
v -0.006073 -0.005401 -0.003214
v -0.005311 -0.005411 -0.004699
v -0.004149 -0.008598 -0.005215
v -0.004616 -0.008717 -0.004573
v -0.003387 -0.012685 -0.005046
v -0.003823 -0.012977 -0.004416
v -0.002483 -0.021122 -0.001899
v -0.002572 -0.020547 -0.002562
v -0.003007 -0.019794 -0.002646
v -0.003380 -0.018767 -0.002739
v -0.003732 -0.017393 -0.002831
v -0.004105 -0.015597 -0.002915
v -0.003806 -0.015344 -0.003632
v -0.004207 -0.013228 -0.003720
v -0.005023 -0.008824 -0.003860
v -0.005737 -0.005407 -0.003979
v -0.004819 -0.005412 -0.005346
v -0.005401 -0.003104 -0.005454
v -0.004819 -0.005413 0.005345
v -0.006471 -0.001325 0.004773
v -0.006351 -0.002955 0.004086
v -0.006073 -0.005402 0.003212
v -0.006303 -0.005395 0.002425
v -0.005566 -0.008971 0.002338
v -0.005698 -0.009010 0.001562
v -0.004930 -0.013702 -0.000002
v -0.004913 -0.013690 0.000747
v -0.004851 -0.013649 0.001496
v -0.005311 -0.005413 0.004699
v -0.005737 -0.005408 0.003978
v -0.005023 -0.008825 0.003858
v -0.005345 -0.008910 0.003105
v -0.004513 -0.013428 0.002984
v -0.004723 -0.013565 0.002242
v -0.006527 -0.005382 -0.000001
v -0.006509 -0.005384 0.000814
v -0.006442 -0.005389 0.001624
v -0.000754 -0.019941 0.004017
v -0.001014 -0.020464 0.003556
v -0.001211 -0.019612 0.004153
v -0.002004 -0.018430 0.004456
v -0.001236 -0.020967 0.003014
v -0.001413 -0.021391 0.002426
v -0.001631 -0.019116 0.004297
v -0.002005 -0.019664 0.003772
v -0.001546 -0.020161 0.003656
v -0.002323 -0.020153 0.003181
v -0.001827 -0.020665 0.003089
v -0.002339 -0.017504 0.004624
v -0.002665 -0.016266 0.004787
v -0.003011 -0.014646 0.004929
v -0.003387 -0.012686 0.005044
v -0.004616 -0.008719 0.004571
v -0.003823 -0.012978 0.004414
v -0.004207 -0.013230 0.003717
v -0.003434 -0.015022 0.004312
v -0.003806 -0.015345 0.003629
v -0.003077 -0.016711 0.004188
v -0.001535 -0.021691 0.001824
v -0.002899 -0.021072 0.000640
v -0.002581 -0.021295 0.001264
v -0.002848 -0.020989 0.001282
v -0.002483 -0.021123 0.001893
v -0.002744 -0.020822 0.001921
v -0.002322 -0.020841 0.002518
v -0.002572 -0.020548 0.002556
v -0.002005 -0.021828 -0.000621
v -0.001657 -0.021993 -0.000003
v -0.002016 -0.021853 -0.000003
v -0.001647 -0.021967 0.000608
v -0.002005 -0.021828 0.000615
v -0.001610 -0.021875 0.001218
v -0.001964 -0.021737 0.001232
v -0.001881 -0.021557 0.001845
v -0.001744 -0.021262 0.002453
v -0.002332 -0.021632 -0.000629
v -0.002344 -0.021657 -0.000003
v -0.002913 -0.021094 -0.000003
v -0.002332 -0.021633 0.000623
v -0.002287 -0.021544 0.001247
v -0.002196 -0.021367 0.001868
v -0.002046 -0.021078 0.002484
v -0.002287 -0.021544 -0.001253
v -0.002396 -0.018960 0.003905
v -0.003097 -0.018429 0.003408
v -0.002737 -0.019424 0.003290
v -0.003380 -0.018768 0.002734
v -0.003007 -0.019794 0.002641
v -0.003575 -0.019001 0.002052
v -0.003193 -0.020050 0.001983
v -0.003693 -0.019140 0.001368
v -0.003306 -0.020204 0.001323
v -0.003752 -0.019209 0.000683
v -0.003361 -0.020280 0.000660
v -0.003768 -0.019227 -0.000003
v -0.003376 -0.020300 -0.000003
v -0.003361 -0.020280 -0.000666
v -0.002899 -0.021072 -0.000646
v -0.002848 -0.020989 -0.001287
v -0.002581 -0.021294 -0.001269
v -0.004116 -0.017783 0.000706
v -0.004055 -0.017723 0.001414
v -0.003933 -0.017599 0.002121
v -0.003732 -0.017394 0.002826
v -0.002743 -0.018000 0.004048
v -0.003441 -0.017093 0.003524
v 0.003674 -0.010300 0.005357
v 0.002950 -0.005760 0.006405
v 0.002462 -0.005313 0.006677
v 0.002431 -0.007753 0.006452
v 0.001342 -0.010718 0.006551
v 0.003650 -0.004186 0.006125
v 0.003422 -0.004020 0.006278
v 0.003426 -0.006205 0.006084
v 0.003408 -0.004010 0.006287
v 0.002940 -0.003669 0.006601
v 0.002882 -0.003626 0.006633
v 0.002412 -0.003277 0.006843
v 0.000974 -0.002329 0.007341
v 0.000609 -0.002162 0.007394
v 0.000827 -0.004139 0.007291
v 0.000569 -0.002144 0.007400
v 0.002340 -0.003224 0.006875
v 0.001947 -0.004885 0.006921
v 0.001924 -0.002915 0.007062
v 0.001863 -0.002877 0.007080
v 0.001251 -0.002500 0.007259
v 0.002915 -0.003651 0.006617
v 0.003905 -0.004352 0.005906
v 0.003953 -0.004382 0.005862
v 0.003903 -0.006624 0.005692
v 0.003926 -0.004365 0.005887
v 0.002071 -0.011524 0.006079
v 0.000988 -0.010421 0.006726
v 0.001049 -0.009202 0.006871
v 0.001974 -0.007346 0.006709
v 0.001458 -0.009487 0.006690
v 0.001504 -0.006976 0.006934
v 0.001012 -0.006654 0.007112
v 0.001402 -0.004490 0.007130
v 0.003797 -0.009054 0.005468
v 0.002834 -0.012420 0.005504
v 0.003228 -0.012876 0.005142
v 0.003336 -0.008625 0.005852
v 0.003067 -0.011129 0.005618
v 0.002253 -0.010256 0.006207
v 0.003489 -0.011572 0.005247
v 0.003229 -0.009864 0.005735
v 0.001197 -0.002467 0.007275
v -0.001636 0.006291 0.000001
v -0.000611 0.006471 0.000001
v -0.000161 0.000987 0.000000
v 0.000431 0.006486 0.000001
v 0.001461 0.006334 0.000001
v 0.000354 0.000935 0.000000
v -0.005076 0.004060 0.000001
v -0.004362 0.004819 0.000001
v -0.000633 0.000775 0.000000
v -0.003536 0.005454 0.000001
v -0.002620 0.005949 0.000001
v -0.006419 -0.001020 -0.000000
v -0.000987 -0.000161 -0.000000
v -0.006183 -0.002005 -0.000000
v -0.000775 -0.000633 -0.000000
v -0.004614 -0.004578 -0.000001
v -0.005269 -0.003806 -0.000001
v -0.005797 -0.002941 -0.000000
v -0.000354 -0.000935 -0.000000
v -0.002053 -0.006167 -0.000001
v -0.002986 -0.005774 -0.000001
v -0.005659 0.003198 0.000000
v -0.000935 0.000354 0.000000
v -0.006097 0.002253 0.000000
v 0.001938 -0.006204 -0.000001
v 0.000161 -0.000987 -0.000000
v 0.002878 -0.005828 -0.000001
v 0.000633 -0.000775 -0.000000
v 0.003749 -0.005310 -0.000001
v 0.006032 0.002421 0.000000
v 0.006341 0.001427 0.000000
v 0.000987 0.000161 0.000000
v 0.006488 0.000396 0.000000
v -0.006447 -0.000825 -0.000000
v -0.006496 0.000215 0.000000
v -0.006379 0.001250 0.000000
v -0.003847 -0.005240 -0.000001
v 0.000950 -0.006430 -0.000001
v -0.000060 -0.006500 -0.000001
v -0.001069 -0.006411 -0.000001
v 0.005524 -0.003435 -0.000000
v 0.005493 -0.003559 -0.000000
v 0.005571 -0.003946 -0.000001
v 0.004719 -0.004531 -0.000001
v 0.005566 -0.003934 -0.000001
v 0.005497 -0.003784 -0.000001
v 0.005481 -0.003605 -0.000000
v 0.005494 -0.003753 -0.000001
v 0.004467 -0.004722 -0.000001
v 0.006468 -0.000646 -0.000000
v 0.006282 -0.001670 -0.000000
v 0.000935 -0.000354 -0.000000
v 0.005934 -0.002652 -0.000000
v 0.005556 -0.003373 -0.000000
v 0.005695 -0.004075 0.000000
v 0.005693 -0.004324 -0.000001
v 0.005568 0.003354 0.000000
v 0.000775 0.000633 0.000000
v 0.004961 0.004200 0.000001
v 0.002454 0.006019 0.000001
v 0.003384 0.005550 0.000001
v 0.004227 0.004938 0.000001
v 0.006189 -0.004481 -0.000001
v 0.006339 -0.004570 -0.000001
v 0.006423 -0.004631 -0.000001
v 0.005960 -0.004391 -0.000001
v 0.005890 -0.004364 -0.000001
v 0.005434 -0.004319 -0.000001
v 0.005377 -0.004317 -0.000001
v 0.005195 -0.004344 -0.000001
v 0.004915 -0.004434 -0.000001
v 0.004888 -0.004443 -0.000001
v 0.004880 -0.004647 0.004799
v 0.004433 -0.004439 0.005334
v 0.006653 -0.005024 -0.001539
v 0.004417 -0.004535 -0.005371
v 0.004433 -0.004437 -0.005335
v 0.004881 -0.004646 -0.004800
v 0.005914 -0.004742 -0.003018
v 0.005973 -0.004749 -0.002890
v 0.006086 -0.004955 -0.002975
v 0.006419 -0.004803 -0.001788
v 0.006491 -0.004808 -0.001490
v 0.006651 -0.005024 0.001547
v 0.006786 -0.005030 0.000775
v 0.006083 -0.004955 0.002980
v 0.005308 -0.004791 0.004226
v 0.006408 -0.004999 0.002289
v 0.006653 -0.004812 0.000059
v 0.006825 -0.005029 0.000004
v 0.006363 -0.004798 0.001965
v 0.006402 -0.004801 0.001822
v 0.006489 -0.004809 0.001498
v 0.006525 -0.004811 0.001368
v 0.006618 -0.004814 0.000755
v 0.006617 -0.004814 0.000771
v 0.006552 -0.004812 0.001192
v 0.004990 -0.004525 0.004494
v 0.005239 -0.004597 0.004131
v 0.005347 -0.004628 0.003972
v 0.005968 -0.004749 0.002894
v 0.005805 -0.004725 0.003218
v 0.005412 -0.004646 0.003878
v 0.006266 -0.004787 0.002215
v 0.006158 -0.004775 0.002494
v 0.006121 -0.004771 0.002588
v 0.004711 -0.004414 -0.004861
v 0.004592 -0.004359 -0.005007
v 0.004500 -0.004312 -0.005115
v 0.004406 -0.004261 -0.005220
v 0.004794 -0.004445 -0.004751
v 0.004833 -0.004460 -0.004699
v 0.005307 -0.004789 -0.004228
v 0.005091 -0.004557 -0.004355
v 0.005238 -0.004596 -0.004133
v 0.006157 -0.004774 -0.002493
v 0.006411 -0.004999 -0.002282
v 0.006617 -0.004813 -0.000747
v 0.006787 -0.005030 -0.000767
v 0.006556 -0.004812 -0.001193
v 0.006546 -0.004812 -0.001261
v 0.006217 -0.004782 -0.002366
v 0.006272 -0.004787 -0.002209
v 0.006407 -0.004802 -0.001823
v 0.005346 -0.004624 -0.003971
v 0.005514 -0.004669 -0.003717
v 0.005801 -0.004721 -0.003216
v 0.004833 -0.004460 0.004696
v 0.004787 -0.004441 0.004755
v 0.004592 -0.004361 0.005005
v 0.004419 -0.004351 0.005277
v 0.004406 -0.004263 0.005220
v 0.006624 -0.004813 -0.000701
v 0.006651 -0.004812 0.000000
v 0.006651 -0.004812 0.000004
v 0.005382 -0.003730 0.001148
v 0.005495 -0.003362 0.000833
v 0.005551 -0.003372 0.000258
v 0.005486 -0.003360 0.000930
v 0.005441 -0.003351 0.001146
v 0.005382 -0.003535 0.001142
v 0.005656 -0.004066 0.000702
v 0.005452 -0.003910 0.001168
v 0.005573 -0.004047 0.001195
v 0.005395 -0.004004 0.001898
v 0.005550 -0.004041 0.001336
v 0.005567 -0.004045 0.001234
v 0.005274 -0.003974 0.002249
v 0.005381 -0.004001 0.001948
v 0.005205 -0.003910 0.002249
v 0.005149 -0.003826 0.002249
v 0.005109 -0.003767 0.002249
v 0.005076 -0.003649 0.002249
v 0.005064 -0.003605 0.002249
v 0.005073 -0.003460 0.002250
v 0.005348 -0.003331 0.001596
v 0.005330 -0.003327 0.001653
v 0.005139 -0.003284 0.002250
v 0.005074 -0.003438 0.002250
v 0.003229 -0.012875 -0.005142
v 0.001049 -0.009200 -0.006866
v 0.000988 -0.010419 -0.006721
v 0.000827 -0.004137 -0.007289
v 0.002951 -0.005758 -0.006404
v 0.003426 -0.006203 -0.006085
v 0.003336 -0.008623 -0.005852
v 0.002346 -0.003218 -0.006883
v 0.002417 -0.003273 -0.006847
v 0.002462 -0.005311 -0.006677
v 0.002879 -0.003622 -0.006616
v 0.002933 -0.003662 -0.006589
v 0.004158 -0.004503 -0.005664
v 0.003904 -0.006622 -0.005692
v 0.003925 -0.004363 -0.005888
v 0.003905 -0.004351 -0.005907
v 0.003155 -0.003831 -0.006478
v 0.003409 -0.004007 -0.006284
v 0.003421 -0.004015 -0.006275
v 0.002209 -0.003115 -0.006952
v 0.001947 -0.004883 -0.006920
v 0.001203 -0.002459 -0.007283
v 0.001256 -0.002494 -0.007265
v 0.001402 -0.004488 -0.007129
v 0.001852 -0.002882 -0.007069
v 0.001161 -0.002431 -0.007297
v 0.000184 -0.001950 -0.007470
v 0.000570 -0.002141 -0.007402
v 0.000609 -0.002160 -0.007395
v 0.003797 -0.009053 -0.005468
v 0.001504 -0.006974 -0.006931
v 0.001013 -0.006652 -0.007108
v 0.001342 -0.010717 -0.006547
v 0.002071 -0.011522 -0.006076
v 0.002431 -0.007751 -0.006450
v 0.001974 -0.007344 -0.006707
v 0.002254 -0.010254 -0.006205
v 0.001458 -0.009485 -0.006686
v 0.003489 -0.011571 -0.005247
v 0.002835 -0.012419 -0.005503
v 0.003675 -0.010298 -0.005357
v 0.003230 -0.009863 -0.005735
v 0.003068 -0.011128 -0.005617
v -0.005327 -0.001165 0.006091
v -0.005329 -0.001204 0.006090
v -0.004727 -0.001204 0.006517
v -0.002312 -0.000743 0.006742
v -0.002576 -0.000736 0.006689
v -0.002630 -0.000785 0.006926
v -0.004580 -0.000818 0.006278
v -0.004458 -0.000737 0.006072
v -0.004632 -0.000736 0.005979
v -0.005137 -0.000817 0.005889
v -0.004815 -0.000729 0.005854
v -0.005071 -0.000750 0.005815
v -0.004989 -0.000719 0.005719
v -0.003646 -0.000729 0.006429
v -0.003871 -0.000733 0.006343
v -0.003962 -0.000804 0.006565
v -0.004163 -0.000738 0.006231
v -0.004417 -0.000737 0.006094
v -0.003279 -0.000726 0.006529
v -0.003307 -0.000785 0.006772
v -0.003239 -0.000725 0.006540
v -0.003013 -0.000723 0.006601
v -0.002196 -0.000755 0.006759
v -0.001934 -0.000828 0.007044
v -0.001891 -0.000784 0.006803
v -0.000858 -0.000956 0.006938
v -0.001224 -0.000928 0.007120
v -0.000775 -0.000984 0.006944
v -0.000516 -0.001098 0.007149
v -0.001135 -0.000892 0.006887
v -0.001194 -0.000882 0.006882
v -0.001616 -0.000810 0.006842
v 0.000147 -0.001296 0.007014
v -0.000128 -0.001203 0.006993
v -0.000507 -0.001075 0.006965
v 0.000129 -0.001376 0.007212
v 0.000137 -0.001340 0.007123
v 0.000100 -0.001464 0.007316
v -0.000558 -0.001230 0.007347
v 0.000088 -0.001501 0.007359
v -0.000618 -0.001426 0.007474
v 0.000025 -0.001670 0.007458
v 0.000034 -0.001646 0.007444
v -0.002710 -0.001142 0.007236
v -0.003391 -0.001148 0.007068
v -0.004069 -0.001177 0.006838
v -0.001268 -0.001065 0.007318
v -0.001979 -0.000969 0.007240
v -0.002677 -0.000930 0.007118
v -0.003360 -0.000934 0.006956
v -0.004031 -0.000960 0.006737
v -0.004674 -0.000982 0.006432
v -0.001319 -0.001269 0.007443
v -0.002020 -0.001178 0.007361
v -0.005231 -0.000913 0.005996
v -0.005257 -0.000980 0.006021
v 0.000099 -0.001465 -0.007306
v 0.000097 -0.001469 -0.007310
v -0.000557 -0.001230 -0.007349
v -0.004727 -0.001207 -0.006518
v -0.005325 -0.001211 -0.006084
v -0.005346 -0.001327 -0.006100
v -0.004066 -0.001180 -0.006840
v -0.003385 -0.001151 -0.007071
v -0.002705 -0.001145 -0.007238
v -0.002016 -0.001181 -0.007364
v -0.001317 -0.001272 -0.007445
v -0.000619 -0.001429 -0.007475
v 0.000052 -0.001598 -0.007426
v 0.000034 -0.001644 -0.007438
v 0.000032 -0.001649 -0.007439
v 0.000124 -0.001393 -0.007242
v -0.000515 -0.001097 -0.007150
v 0.000137 -0.001338 -0.007124
v 0.000138 -0.001336 -0.007118
v -0.001929 -0.000827 -0.007045
v -0.001886 -0.000784 -0.006802
v -0.001617 -0.000808 -0.006841
v -0.001221 -0.000927 -0.007122
v -0.002624 -0.000784 -0.006928
v -0.002393 -0.000737 -0.006727
v -0.002196 -0.000755 -0.006756
v -0.003301 -0.000783 -0.006774
v -0.003184 -0.000721 -0.006560
v -0.002570 -0.000733 -0.006690
v -0.003870 -0.000732 -0.006348
v -0.003817 -0.000731 -0.006371
v -0.003959 -0.000803 -0.006567
v -0.003279 -0.000723 -0.006531
v -0.003234 -0.000722 -0.006545
v -0.004313 -0.000738 -0.006159
v -0.004581 -0.000817 -0.006279
v -0.004415 -0.000736 -0.006102
v -0.004814 -0.000728 -0.005855
v -0.004631 -0.000734 -0.005979
v -0.004460 -0.000736 -0.006076
v -0.005259 -0.000984 -0.006024
v -0.005258 -0.000982 -0.006022
v -0.005165 -0.000823 -0.005922
v -0.005142 -0.000809 -0.005896
v -0.004989 -0.000718 -0.005719
v -0.001265 -0.001066 -0.007321
v -0.001974 -0.000970 -0.007242
v -0.002672 -0.000931 -0.007121
v -0.003354 -0.000935 -0.006960
v -0.004028 -0.000961 -0.006740
v -0.004675 -0.000982 -0.006434
v -0.005294 -0.001042 -0.006060
v -0.005324 -0.001206 -0.006083
v -0.005898 -0.000588 0.004699
v -0.005981 -0.000566 0.004561
v -0.006204 -0.000642 0.004700
v -0.007685 -0.000588 -0.000825
v -0.007702 -0.000567 0.000001
v -0.007481 -0.000728 -0.002487
v -0.007619 -0.000644 -0.001657
v -0.006914 -0.000951 -0.004091
v -0.007251 -0.000834 -0.003306
v -0.005959 -0.001152 -0.005493
v -0.006481 -0.001063 -0.004821
v -0.006880 -0.000227 -0.002224
v -0.007126 -0.000295 -0.002461
v -0.006959 -0.000171 -0.001619
v -0.007253 -0.000209 -0.001648
v -0.006959 -0.000171 -0.001615
v -0.007329 -0.000133 0.000001
v -0.007031 -0.000106 0.000001
v -0.007314 -0.000153 -0.000824
v -0.007031 -0.000106 -0.000505
v -0.006979 -0.000157 -0.001468
v -0.006354 -0.000457 -0.003886
v -0.006604 -0.000523 -0.004002
v -0.006531 -0.000396 -0.003499
v -0.006914 -0.000402 -0.003251
v -0.006627 -0.000354 -0.003208
v -0.006642 -0.000348 -0.003163
v -0.006310 -0.000472 -0.003982
v -0.006261 -0.000489 -0.004091
v -0.006204 -0.000641 -0.004700
v -0.005980 -0.000565 -0.004562
v -0.005898 -0.000586 -0.004699
v -0.005872 -0.000915 -0.005448
v -0.006840 -0.000249 -0.002403
v -0.006836 -0.000251 -0.002420
v -0.006731 -0.000309 -0.002893
v -0.005872 -0.000916 0.005447
v -0.005158 -0.000701 0.005554
v -0.005720 -0.000740 0.005337
v -0.006606 -0.000524 0.003999
v -0.006223 -0.000502 0.004162
v -0.006303 -0.000475 0.003994
v -0.005479 -0.000667 0.005242
v -0.005528 -0.000657 0.005179
v -0.005855 -0.000596 0.004756
v -0.006835 -0.000253 0.002432
v -0.007129 -0.000294 0.002449
v -0.006727 -0.000312 0.002910
v -0.006918 -0.000402 0.003241
v -0.006644 -0.000347 0.003153
v -0.006844 -0.000248 0.002393
v -0.006875 -0.000231 0.002251
v -0.007253 -0.000209 0.001639
v -0.006957 -0.000173 0.001631
v -0.006355 -0.000458 0.003882
v -0.006500 -0.000409 0.003574
v -0.006621 -0.000357 0.003219
v -0.005960 -0.001154 0.005493
v -0.006482 -0.001064 0.004820
v -0.006916 -0.000952 0.004087
v -0.007255 -0.000834 0.003295
v -0.007484 -0.000727 0.002473
v -0.007619 -0.000643 0.001644
v -0.007684 -0.000587 0.000818
v -0.005867 -0.000593 -0.004743
v -0.005781 -0.000612 -0.004866
v -0.005720 -0.000739 -0.005337
v -0.005525 -0.000655 -0.005176
v -0.005391 -0.000677 -0.005340
v -0.006381 -0.000820 0.004791
v -0.006804 -0.000701 0.004071
v -0.007135 -0.000577 0.003291
v -0.007359 -0.000467 0.002477
v -0.007491 -0.000380 0.001651
v -0.007554 -0.000323 0.000824
v -0.007313 -0.000153 0.000821
v -0.007571 -0.000303 0.000001
v -0.007554 -0.000324 -0.000829
v -0.007490 -0.000381 -0.001663
v -0.007356 -0.000468 -0.002490
v -0.007131 -0.000578 -0.003301
v -0.006802 -0.000700 -0.004075
v -0.006380 -0.000818 -0.004792
v -0.006960 -0.000171 0.001609
v -0.006978 -0.000158 0.001472
v -0.007031 -0.000106 0.000500
v -0.007031 -0.000106 0.000006
v 0.003823 -0.003861 0.005775
v 0.003526 -0.003606 0.005982
v 0.003532 -0.003695 0.006093
v 0.001304 -0.002275 0.007232
v 0.002564 -0.002798 0.006526
v 0.002542 -0.002781 0.006536
v 0.002540 -0.002817 0.006597
v 0.003051 -0.003264 0.006377
v 0.003040 -0.003171 0.006243
v 0.003036 -0.003167 0.006245
v 0.002617 -0.002839 0.006500
v 0.002634 -0.002852 0.006491
v 0.000674 -0.001928 0.007367
v 0.000743 -0.001754 0.007242
v 0.000753 -0.001587 0.006986
v 0.000777 -0.001629 0.007056
v 0.000779 -0.001602 0.006983
v 0.001687 -0.002161 0.006826
v 0.001403 -0.001971 0.006893
v 0.001404 -0.001989 0.006939
v 0.001339 -0.001927 0.006908
v 0.000940 -0.001696 0.006961
v 0.002419 -0.002687 0.006592
v 0.002389 -0.002665 0.006603
v 0.001916 -0.002315 0.006772
v 0.002444 -0.003072 0.006838
v 0.001373 -0.002112 0.007112
v 0.002510 -0.002933 0.006737
v 0.004136 -0.004095 0.005500
v 0.003991 -0.004067 0.005725
v 0.003479 -0.003566 0.006015
v 0.003447 -0.003537 0.006032
v 0.003048 -0.003178 0.006239
v 0.004012 -0.004003 0.005609
v 0.003977 -0.003976 0.005640
v 0.003514 -0.003796 0.006186
v 0.003023 -0.003373 0.006495
v 0.003986 -0.004161 0.005794
v 0.003473 -0.003906 0.006257
v 0.002965 -0.003497 0.006583
v 0.000987 0.000160 0.003900
v 0.000775 0.000632 0.003900
v 0.000354 0.000935 0.003900
v -0.000161 0.000986 0.003900
v -0.000633 0.000774 0.003900
v -0.000935 0.000354 0.003900
v -0.000987 -0.000161 0.003900
v -0.000775 -0.000633 0.003900
v -0.000354 -0.000936 0.003900
v 0.000161 -0.000988 0.003900
v 0.000633 -0.000775 0.003900
v 0.000935 -0.000355 0.003900
v -0.006307 -0.001002 0.001140
v -0.006208 -0.000987 0.001655
v -0.006235 -0.000798 0.001655
v -0.004142 -0.004011 0.002987
v -0.004187 -0.003784 0.003198
v -0.004642 -0.003234 0.003200
v 0.005885 -0.002630 0.000834
v 0.005739 -0.002565 0.001654
v 0.005497 -0.002457 0.002447
v 0.005035 -0.003304 0.002447
v 0.005099 -0.003346 0.002250
v 0.004442 -0.004065 0.002447
v 0.004499 -0.004117 0.002249
v 0.004272 -0.004225 0.002443
v 0.004281 -0.004343 0.002249
v 0.004348 -0.002853 0.003900
v 0.004180 -0.003094 0.003900
v 0.004233 -0.003746 0.003198
v -0.004384 -0.002797 0.003900
v -0.005099 -0.002451 0.003200
v -0.004338 -0.003029 0.003756
v -0.004246 -0.003491 0.003469
v -0.004058 -0.004435 0.002445
v -0.004126 -0.004092 0.002913
v -0.004328 -0.004187 0.002447
v -0.004941 -0.003442 0.002447
v -0.004383 -0.004240 0.002249
v -0.004029 -0.004578 0.002249
v -0.005004 -0.003486 0.002250
v -0.005427 -0.002609 0.002447
v -0.005496 -0.002642 0.002250
v -0.005774 -0.001709 0.002448
v -0.005848 -0.001730 0.002250
v -0.006023 -0.000957 0.002250
v -0.005973 -0.000765 0.002448
v -0.006394 -0.000818 0.000834
v -0.006366 -0.001012 0.000834
v -0.006443 0.000214 0.000834
v -0.006326 0.001240 0.000834
v -0.006047 0.002234 0.000835
v -0.005612 0.003171 0.000835
v -0.005034 0.004027 0.000835
v -0.004326 0.004779 0.000835
v -0.003507 0.005409 0.000835
v -0.002598 0.005899 0.000835
v -0.001623 0.006239 0.000835
v -0.000606 0.006418 0.000835
v 0.000427 0.006432 0.000835
v 0.001449 0.006281 0.000835
v 0.002434 0.005969 0.000835
v 0.003356 0.005504 0.000835
v 0.004192 0.004897 0.000835
v 0.004920 0.004165 0.000835
v 0.005522 0.003326 0.000835
v 0.005982 0.002401 0.000835
v 0.006289 0.001415 0.000834
v 0.006434 0.000392 0.000834
v 0.006414 -0.000640 0.000834
v 0.006230 -0.001657 0.000834
v -0.006282 0.000208 0.001655
v -0.006168 0.001209 0.001655
v -0.005896 0.002178 0.001655
v -0.005473 0.003092 0.001655
v -0.004908 0.003926 0.001655
v -0.004218 0.004660 0.001655
v -0.003420 0.005274 0.001655
v -0.002534 0.005752 0.001655
v -0.001582 0.006083 0.001656
v -0.000591 0.006258 0.001656
v 0.000417 0.006272 0.001656
v 0.001413 0.006125 0.001656
v 0.002373 0.005821 0.001656
v 0.003272 0.005367 0.001655
v 0.004087 0.004775 0.001655
v 0.004798 0.004061 0.001655
v 0.005385 0.003243 0.001655
v 0.005833 0.002341 0.001655
v 0.006133 0.001380 0.001655
v 0.006274 0.000382 0.001655
v 0.006255 -0.000625 0.001655
v 0.006075 -0.001615 0.001654
v -0.006018 0.000199 0.002448
v -0.005909 0.001158 0.002448
v -0.005648 0.002087 0.002448
v -0.005242 0.002962 0.002448
v -0.004702 0.003761 0.002448
v -0.004041 0.004464 0.002448
v -0.003276 0.005052 0.002448
v -0.002427 0.005510 0.002449
v -0.001516 0.005827 0.002449
v -0.000566 0.005995 0.002449
v 0.000399 0.006008 0.002449
v 0.001353 0.005867 0.002449
v 0.002273 0.005576 0.002449
v 0.003135 0.005141 0.002448
v 0.003915 0.004574 0.002448
v 0.004596 0.003890 0.002448
v 0.005158 0.003106 0.002448
v 0.005588 0.002243 0.002448
v 0.005875 0.001321 0.002448
v 0.006010 0.000366 0.002448
v 0.005992 -0.000598 0.002448
v 0.005819 -0.001548 0.002448
v -0.005425 -0.001605 0.003200
v -0.005612 -0.000718 0.003200
v -0.005654 0.000187 0.003200
v -0.005552 0.001088 0.003201
v -0.005307 0.001960 0.003201
v -0.004926 0.002783 0.003201
v -0.004418 0.003534 0.003201
v -0.003797 0.004194 0.003201
v -0.003078 0.004746 0.003201
v -0.002280 0.005177 0.003201
v -0.001424 0.005475 0.003201
v -0.000531 0.005632 0.003201
v 0.000375 0.005645 0.003201
v 0.001272 0.005512 0.003201
v 0.002136 0.005238 0.003201
v 0.002945 0.004830 0.003201
v 0.003679 0.004298 0.003201
v 0.004318 0.003655 0.003201
v 0.004846 0.002919 0.003201
v 0.005250 0.002107 0.003201
v 0.005520 0.001241 0.003201
v 0.005647 0.000344 0.003200
v 0.005630 -0.000562 0.003200
v 0.005468 -0.001454 0.003200
v 0.005165 -0.002309 0.003200
v 0.004730 -0.003104 0.003200
v -0.004687 -0.002253 0.003900
v -0.004986 -0.001476 0.003900
v -0.005158 -0.000660 0.003900
v -0.005197 0.000172 0.003900
v -0.005103 0.001000 0.003900
v -0.004878 0.001802 0.003900
v -0.004527 0.002558 0.003900
v -0.004061 0.003248 0.003900
v -0.003490 0.003855 0.003901
v -0.002829 0.004362 0.003901
v -0.002096 0.004758 0.003901
v -0.001309 0.005032 0.003901
v -0.000489 0.005176 0.003901
v 0.000345 0.005188 0.003901
v 0.001169 0.005066 0.003901
v 0.001963 0.004815 0.003901
v 0.002707 0.004439 0.003901
v 0.003381 0.003950 0.003901
v 0.003969 0.003359 0.003900
v 0.004454 0.002682 0.003900
v 0.004826 0.001937 0.003900
v 0.005073 0.001141 0.003900
v 0.005190 0.000316 0.003900
v 0.005174 -0.000517 0.003900
v 0.005025 -0.001337 0.003900
v 0.004747 -0.002122 0.003900
v 0.004237 -0.003801 0.003138
v 0.004244 -0.003888 0.002996
v -0.006304 -0.001242 -0.000982
v -0.006329 -0.001086 -0.001007
v -0.006281 -0.001391 -0.000932
v -0.006258 -0.001531 -0.000860
v -0.006238 -0.001658 -0.000765
v -0.006221 -0.001769 -0.000652
v -0.006206 -0.001861 -0.000523
v -0.006195 -0.001932 -0.000380
v -0.006187 -0.001979 -0.000228
v -0.006183 -0.002002 -0.000070
v -0.002124 -0.005714 -0.002251
v -0.002119 -0.005749 -0.002171
v -0.001515 -0.005864 -0.002251
v -0.003407 -0.005057 -0.002251
v -0.003926 -0.004611 -0.002251
v -0.003899 -0.004908 -0.001720
v 0.004317 -0.004710 -0.001160
v 0.004304 -0.004709 -0.001235
v 0.003725 -0.005161 -0.001317
v 0.004300 -0.004708 -0.001260
v 0.004125 -0.004695 -0.001708
v 0.003681 -0.004887 -0.002195
v 0.003958 -0.004681 -0.002133
v 0.003912 -0.004678 -0.002251
v 0.004459 -0.004721 -0.000284
v 0.004444 -0.004720 -0.000374
v 0.003746 -0.005296 -0.000406
v 0.004410 -0.004717 -0.000583
v 0.002876 -0.005813 -0.000432
v 0.001935 -0.006189 -0.000448
v 0.000948 -0.006415 -0.000453
v -0.000063 -0.006484 -0.000447
v -0.001072 -0.006397 -0.000429
v -0.002055 -0.006154 -0.000402
v -0.006110 -0.000970 -0.001995
v -0.006311 -0.001002 -0.001141
v -0.006342 -0.001007 -0.001010
v -0.006085 -0.001126 -0.001989
v -0.006036 -0.001433 -0.001940
v -0.005984 -0.001132 -0.002250
v -0.005905 -0.001493 -0.002250
v -0.005869 -0.001654 -0.002250
v -0.005989 -0.001729 -0.001842
v -0.005791 -0.001880 -0.002250
v -0.005945 -0.002006 -0.001698
v -0.005644 -0.002305 -0.002250
v -0.005636 -0.002329 -0.002250
v -0.005905 -0.002257 -0.001512
v -0.005437 -0.002740 -0.002250
v -0.005392 -0.002832 -0.002250
v -0.005429 -0.002800 -0.002222
v -0.005325 -0.002972 -0.002250
v -0.005378 -0.003122 -0.001893
v -0.004907 -0.003549 -0.002250
v -0.005336 -0.003388 -0.001517
v -0.004725 -0.003801 -0.002251
v -0.004658 -0.004303 -0.001429
v -0.004094 -0.004467 -0.002251
v -0.004700 -0.004037 -0.001965
v -0.004489 -0.004128 -0.002251
v -0.003055 -0.005238 -0.002251
v -0.002076 -0.006020 -0.001303
v -0.001094 -0.006254 -0.001392
v -0.001130 -0.005958 -0.002251
v -0.000754 -0.006051 -0.002251
v -0.000125 -0.006055 -0.002251
v -0.000086 -0.006336 -0.001447
v 0.000672 -0.006061 -0.002251
v 0.000924 -0.006264 -0.001467
v 0.000882 -0.006012 -0.002251
v 0.001912 -0.006040 -0.001452
v 0.001870 -0.005783 -0.002251
v 0.003672 -0.004855 -0.002251
v 0.003374 -0.005077 -0.002251
v 0.003338 -0.005103 -0.002251
v 0.002853 -0.005670 -0.001401
v 0.002795 -0.005373 -0.002251
v 0.002062 -0.005739 -0.002251
v -0.002139 -0.005710 -0.002251
v -0.003046 -0.005394 -0.001969
v -0.003007 -0.005640 -0.001182
v -0.002988 -0.005761 -0.000365
v -0.003865 -0.005123 -0.001032
v -0.003848 -0.005229 -0.000319
v -0.004629 -0.004482 -0.000858
v -0.004615 -0.004569 -0.000265
v -0.005303 -0.003593 -0.001103
v -0.005281 -0.003731 -0.000662
v -0.005270 -0.003799 -0.000204
v -0.005870 -0.002475 -0.001288
v -0.005842 -0.002657 -0.001032
v -0.005820 -0.002796 -0.000751
v -0.005805 -0.002890 -0.000451
v -0.005797 -0.002936 -0.000139
v -0.006023 -0.000957 -0.002250
v 0.004772 -0.004414 -0.001267
v 0.004598 -0.004393 -0.001882
v 0.005290 -0.004299 -0.001393
v 0.004754 -0.004302 -0.002251
v 0.004459 -0.004380 -0.002251
v 0.004413 -0.004392 -0.002251
v 0.004189 -0.004492 -0.002251
v 0.005563 -0.004361 -0.002251
v 0.005315 -0.004299 -0.002251
v 0.005116 -0.004283 -0.002078
v 0.005060 -0.004284 -0.002251
v 0.004976 -0.004279 -0.002251
v 0.005639 -0.004390 -0.002251
v 0.005813 -0.004383 -0.001524
v 0.005890 -0.004504 -0.002251
v 0.006214 -0.004654 -0.001834
v 0.006123 -0.004668 -0.002251
v 0.005924 -0.004384 -0.000759
v 0.006380 -0.004633 -0.000817
v 0.006331 -0.004637 -0.001201
v 0.006303 -0.004640 -0.001422
v 0.006256 -0.004647 -0.001639
v 0.006393 -0.004631 -0.000713
v 0.005398 -0.004310 -0.000696
v 0.004878 -0.004427 -0.000636
v 0.005589 -0.004368 -0.002251
v 0.006093 -0.004722 0.002499
v 0.002937 -0.003058 -0.006212
v 0.002939 -0.003060 -0.006210
v 0.002911 -0.003057 -0.006293
v 0.006190 -0.004725 -0.002251
v 0.006190 -0.004726 0.002249
v 0.005636 -0.004271 0.002249
v 0.006145 -0.004726 0.002382
v 0.005879 -0.004279 0.001222
v 0.005747 -0.004273 0.001873
v 0.005963 -0.004276 0.000000
v 0.006085 -0.004719 -0.002496
v 0.005858 -0.004706 -0.003023
v 0.005774 -0.004701 -0.003218
v 0.005708 -0.004697 -0.003372
v 0.005477 -0.004644 -0.003740
v 0.005331 -0.004611 -0.003973
v 0.005152 -0.004570 -0.004258
v 0.005039 -0.004519 -0.004397
v 0.004715 -0.004374 -0.004795
v 0.004235 -0.004159 -0.005403
v 0.004144 -0.004030 -0.005383
v 0.004321 -0.004212 -0.005313
v 0.004382 -0.004196 -0.005166
v 0.004463 -0.004246 -0.005085
v 0.004556 -0.004300 -0.004986
v 0.004578 -0.004313 -0.004963
v 0.004005 -0.003933 -0.005511
v 0.004010 -0.004001 -0.005613
v 0.003978 -0.003975 -0.005641
v 0.003611 -0.003621 -0.005813
v 0.004082 -0.004056 -0.005553
v 0.004039 -0.003957 -0.005480
v 0.003764 -0.003810 -0.005822
v 0.003528 -0.003605 -0.005979
v 0.003522 -0.003546 -0.005869
v 0.003448 -0.003535 -0.006032
v 0.003501 -0.003528 -0.005882
v 0.003411 -0.003503 -0.006057
v 0.003156 -0.003239 -0.006100
v 0.003050 -0.003177 -0.006235
v 0.002980 -0.003115 -0.006269
v 0.002599 -0.002780 -0.006383
v 0.002529 -0.002737 -0.006428
v 0.002344 -0.002582 -0.006493
v 0.005905 -0.004709 0.002918
v 0.005770 -0.004700 0.003218
v 0.005674 -0.004693 0.003433
v 0.005596 -0.004675 0.003555
v 0.005330 -0.004612 0.003973
v 0.005118 -0.004561 0.004307
v 0.005225 -0.004587 0.004139
v 0.004821 -0.004426 0.004670
v 0.004719 -0.004380 0.004794
v 0.004500 -0.004280 0.005061
v 0.004424 -0.004236 0.005142
v 0.004399 -0.004220 0.005167
v 0.004347 -0.004189 0.005221
v 0.004123 -0.004027 0.005422
v 0.003489 -0.003546 0.005940
v 0.003710 -0.003730 0.005791
v 0.003950 -0.003903 0.005577
v 0.003483 -0.003541 0.005944
v 0.003964 -0.004260 -0.005849
v 0.000778 -0.001626 -0.007052
v 0.001307 -0.001885 -0.006856
v 0.001401 -0.001945 -0.006827
v 0.001405 -0.001985 -0.006935
v 0.002541 -0.002813 -0.006595
v 0.003054 -0.003262 -0.006374
v 0.003535 -0.003693 -0.006091
v 0.003986 -0.004159 -0.005794
v 0.003517 -0.003795 -0.006184
v 0.001991 -0.002384 -0.006780
v 0.001884 -0.002251 -0.006676
v 0.001984 -0.002323 -0.006637
v 0.002254 -0.002515 -0.006532
v 0.000837 -0.001626 -0.006963
v 0.001058 -0.001743 -0.006918
v 0.001304 -0.001883 -0.006857
v 0.000669 -0.001541 -0.006993
v 0.000725 -0.001569 -0.006983
v 0.000311 -0.001374 -0.007036
v 0.000541 -0.001480 -0.007011
v 0.000598 -0.001507 -0.007003
v 0.000612 -0.001514 -0.007001
v 0.000626 -0.001520 -0.006999
v 0.000641 -0.001527 -0.006997
v 0.000739 -0.001576 -0.006981
v 0.000780 -0.001597 -0.006974
v 0.000745 -0.001750 -0.007240
v 0.000676 -0.001926 -0.007367
v 0.002445 -0.003069 -0.006838
v 0.002968 -0.003496 -0.006582
v 0.003476 -0.003906 -0.006256
v 0.003026 -0.003371 -0.006493
v 0.002510 -0.002929 -0.006736
v 0.001962 -0.002504 -0.006940
v 0.001375 -0.002108 -0.007110
v 0.001305 -0.002272 -0.007232
v -0.004468 -0.000665 0.005333
v -0.004694 -0.000645 0.005128
v -0.004544 -0.000696 0.005652
v -0.006515 -0.000292 0.002500
v -0.006540 -0.000283 0.002422
v -0.006229 -0.000381 0.003149
v -0.006194 -0.000390 0.003209
v -0.005935 -0.000456 0.003661
v -0.005879 -0.000470 0.003758
v -0.005706 -0.000504 0.003997
v -0.005466 -0.000552 0.004328
v -0.006480 -0.000303 0.002580
v -0.006730 -0.000213 0.001827
v -0.006773 -0.000195 0.001625
v -0.006820 -0.000175 0.001402
v -0.006875 -0.000152 0.001144
v -0.006951 -0.000116 0.000455
v -0.006954 -0.000114 0.000167
v -0.006956 -0.000113 0.000006
v -0.006959 -0.000111 -0.000262
v -0.006894 -0.000141 -0.000987
v -0.006877 -0.000149 -0.001076
v -0.006775 -0.000193 -0.001613
v -0.006758 -0.000200 -0.001704
v -0.006589 -0.000264 -0.002271
v -0.006551 -0.000278 -0.002399
v -0.006546 -0.000280 -0.002410
v -0.006276 -0.000367 -0.003062
v -0.005529 -0.000542 -0.004277
v -0.005731 -0.000500 -0.003984
v -0.005933 -0.000459 -0.003692
v -0.006102 -0.000414 -0.003382
v -0.006202 -0.000387 -0.003197
v -0.005087 -0.000609 -0.004792
v -0.005438 -0.000556 -0.004383
v -0.004677 -0.000649 -0.005185
v -0.005068 -0.000612 -0.004815
v -0.003330 -0.000705 -0.006147
v -0.003335 -0.000705 -0.006145
v -0.003639 -0.000698 -0.005957
v -0.003960 -0.000690 -0.005759
v -0.004545 -0.000662 -0.005310
v -0.004610 -0.000656 -0.005249
v -0.002553 -0.000729 -0.006511
v -0.002709 -0.000719 -0.006451
v -0.002205 -0.000749 -0.006644
v -0.002103 -0.000755 -0.006683
v -0.001973 -0.000770 -0.006720
v -0.004335 -0.000671 0.005432
v -0.003892 -0.000691 0.005760
v -0.002209 -0.000752 0.006593
v -0.002575 -0.000726 0.006461
v -0.003261 -0.000706 0.006138
v -0.003338 -0.000704 0.006092
v -0.003326 -0.000704 0.006099
v -0.001371 -0.000848 0.006839
v -0.001617 -0.000815 0.006774
v -0.001955 -0.000770 0.006684
v -0.002205 -0.000752 0.006594
v -0.005210 -0.000588 0.004614
v -0.005036 -0.000613 0.004808
v -0.004992 -0.000619 0.004857
v -0.001133 -0.000897 0.006868
v -0.000774 -0.000985 0.006931
v -0.001130 -0.000903 0.006848
v -0.000769 -0.000986 0.006902
v -0.000771 -0.001012 0.006865
v -0.001127 -0.000925 0.006812
v -0.001127 -0.000907 0.006832
v -0.000775 -0.001043 0.006843
v -0.001129 -0.000970 0.006782
v -0.001128 -0.000959 0.006787
v -0.001126 -0.000941 0.006794
v -0.001126 -0.000935 0.006800
v -0.001131 -0.000995 0.006772
v -0.000783 -0.001088 0.006817
v -0.000209 -0.001242 0.006891
v -0.000141 -0.001239 0.006901
v -0.000151 -0.001265 0.006892
v 0.000123 -0.001347 0.006905
v 0.000113 -0.001370 0.006895
v -0.000114 -0.001279 0.006892
v 0.000127 -0.001337 0.006909
v -0.000131 -0.001211 0.006924
v 0.000129 -0.001334 0.006911
v 0.000135 -0.001320 0.006927
v -0.000124 -0.001190 0.006961
v 0.000142 -0.001304 0.006947
v 0.000146 -0.001298 0.006977
v -0.000127 -0.001198 0.006980
v 0.000147 -0.001294 0.006996
v 0.000940 -0.001685 0.006918
v 0.001683 -0.002140 0.006763
v 0.001654 -0.002148 0.006689
v 0.000925 -0.001697 0.006868
v 0.001741 -0.002380 0.006524
v 0.001560 -0.002233 0.006610
v 0.001608 -0.002184 0.006633
v 0.002373 -0.002631 0.006508
v 0.003010 -0.003131 0.006159
v 0.000491 -0.001555 0.006865
v 0.000621 -0.001618 0.006855
v 0.000871 -0.001769 0.006806
v 0.000901 -0.001726 0.006830
v 0.001014 -0.001855 0.006778
v 0.001101 -0.001907 0.006761
v 0.002006 -0.002595 0.006397
v 0.002245 -0.002673 0.006330
v 0.002439 -0.002986 0.006113
v 0.002189 -0.002760 0.006277
v 0.002165 -0.002739 0.006293
v 0.002705 -0.003244 0.005895
v 0.002614 -0.003156 0.005970
v 0.002804 -0.003171 0.005932
v 0.002806 -0.003170 0.005932
v 0.002827 -0.003155 0.005940
v 0.002910 -0.003126 0.006014
v 0.002937 -0.003117 0.006038
v 0.002321 -0.002631 0.006405
v 0.002993 -0.003128 0.006130
v 0.005877 -0.004579 0.002249
v 0.005721 -0.004576 0.002249
v 0.005528 -0.004545 0.002721
v 0.004889 -0.004708 0.003024
v 0.004839 -0.004693 0.003108
v 0.005007 -0.004553 0.003186
v 0.003440 -0.003482 0.005818
v 0.003332 -0.003465 0.005676
v 0.003193 -0.003515 0.005575
v 0.003066 -0.003602 0.005540
v 0.003582 -0.003836 0.005165
v 0.003439 -0.003941 0.005115
v 0.003406 -0.003915 0.005157
v 0.003370 -0.003882 0.005197
v 0.003307 -0.003824 0.005268
v 0.003070 -0.003605 0.005537
v 0.003786 -0.004213 0.004681
v 0.003960 -0.004101 0.004718
v 0.003803 -0.004223 0.004658
v 0.004533 -0.004605 0.003619
v 0.004511 -0.004595 0.003651
v 0.004678 -0.004456 0.003727
v 0.004431 -0.004560 0.003771
v 0.004326 -0.004307 0.004238
v 0.004169 -0.004445 0.004159
v 0.003965 -0.004321 0.004438
v 0.004591 -0.004622 0.003521
v 0.005114 -0.004747 0.002581
v 0.005303 -0.004611 0.002616
v 0.005133 -0.004750 0.002543
v 0.005650 -0.004575 0.002249
v 0.005463 -0.004635 0.002249
v 0.005445 -0.004641 0.002249
v 0.005271 -0.004769 0.002249
v 0.005196 -0.004761 0.002420
v 0.006098 -0.004661 0.002249
v 0.004312 -0.004096 0.005017
v 0.004718 -0.004308 0.004540
v 0.003886 -0.003818 0.005443
v 0.003750 -0.003784 0.005283
v 0.004151 -0.004047 0.004848
v 0.004534 -0.004250 0.004373
v 0.004895 -0.004396 0.003859
v 0.005229 -0.004490 0.003309
v 0.006077 -0.004648 0.002249
v 0.005980 -0.004615 0.002249
v 0.005754 -0.004588 0.002834
v 0.005447 -0.004542 0.003446
v 0.005098 -0.004453 0.004014
v 0.004557 -0.005399 0.002249
v 0.004379 -0.005556 0.002249
v 0.004300 -0.004574 0.003899
v 0.004317 -0.004785 0.003602
v 0.004345 -0.005130 0.003113
v 0.004358 -0.005291 0.002787
v 0.002629 -0.005561 0.003899
v 0.002980 -0.005426 0.003899
v 0.001893 -0.005844 0.003899
v 0.003172 -0.005352 0.003899
v 0.003553 -0.005089 0.003899
v -0.002120 -0.005421 0.003899
v -0.001410 -0.005673 0.003899
v -0.000829 -0.005880 0.003899
v -0.000392 -0.005926 0.003899
v -0.000247 -0.005941 0.003899
v 0.000534 -0.006024 0.003899
v 0.000637 -0.006010 0.003899
v 0.001654 -0.005876 0.003899
v -0.003268 -0.004672 0.003899
v -0.002957 -0.004875 0.003899
v -0.002407 -0.005234 0.003899
v -0.004209 -0.003676 0.003899
v -0.003954 -0.003946 0.003899
v -0.003364 -0.004570 0.003899
v -0.003905 -0.005200 0.002249
v -0.004065 -0.004396 0.003291
v -0.004037 -0.004539 0.003171
v -0.003974 -0.004853 0.002734
v -0.004175 -0.003846 0.003756
v -0.005790 -0.002423 0.002250
v -0.004750 -0.004297 0.002249
v -0.004689 -0.004387 0.002249
v -0.005552 -0.002947 0.002250
v -0.005497 -0.003068 0.002250
v -0.005780 -0.002444 0.002250
v -0.004031 -0.005070 0.002249
v -0.005323 -0.003452 0.002250
v -0.005291 -0.003500 0.002250
v -0.004803 -0.004219 0.002249
v -0.005802 -0.002421 0.002213
v -0.005973 -0.002389 0.001701
v -0.005980 -0.002387 0.001668
v -0.006202 -0.002340 -0.000169
v -0.006210 -0.002339 -0.000000
v -0.006202 -0.002340 0.000169
v -0.006183 -0.002345 0.000576
v -0.006185 -0.002344 0.000532
v -0.006194 -0.002342 0.000348
v -0.006155 -0.002351 0.000779
v -0.006115 -0.002360 0.001064
v -0.006104 -0.002362 0.001142
v -0.006019 -0.002379 0.001502
v -0.006155 -0.002351 -0.000779
v -0.006115 -0.002359 -0.001065
v -0.006183 -0.002345 -0.000577
v -0.006185 -0.002344 -0.000533
v -0.006194 -0.002342 -0.000348
v -0.005973 -0.002388 -0.001702
v -0.005802 -0.002421 -0.002214
v -0.005790 -0.002423 -0.002250
v -0.005980 -0.002387 -0.001669
v -0.006019 -0.002379 -0.001503
v -0.006104 -0.002362 -0.001143
v 0.006089 -0.004655 -0.002251
v -0.005271 -0.003519 -0.002250
v -0.005501 -0.003033 -0.002250
v -0.005535 -0.002961 -0.002250
v -0.005780 -0.002443 -0.002250
v 0.005981 -0.004616 -0.002251
v 0.005867 -0.004576 -0.002251
v 0.005725 -0.004576 -0.002251
v 0.005641 -0.004576 -0.002251
v 0.005468 -0.004633 -0.002251
v 0.005440 -0.004642 -0.002251
v 0.005271 -0.004769 -0.002251
v -0.001266 -0.006582 -0.002251
v -0.000917 -0.006695 -0.002251
v -0.000256 -0.006765 -0.002251
v 0.000428 -0.006839 -0.002251
v 0.000765 -0.006806 -0.002251
v 0.001773 -0.006707 -0.002251
v 0.002764 -0.006399 -0.002251
v 0.003064 -0.006306 -0.002251
v 0.003690 -0.005958 -0.002251
v -0.002204 -0.006281 -0.002251
v -0.002251 -0.006254 -0.002251
v -0.003173 -0.005731 -0.002251
v -0.003380 -0.005614 -0.002251
v -0.003540 -0.005474 -0.002251
v -0.004024 -0.005050 -0.002251
v -0.004396 -0.004723 -0.002251
v -0.004692 -0.004331 -0.002251
v -0.004798 -0.004191 -0.002251
v -0.005211 -0.003644 -0.002251
v 0.004550 -0.005389 -0.002251
v 0.004246 -0.005650 -0.002251
v 0.003458 -0.003472 -0.005766
v 0.002911 -0.003028 -0.006130
v 0.004594 -0.004623 -0.003523
v 0.004736 -0.004662 -0.003281
v 0.004910 -0.004525 -0.003363
v 0.005486 -0.004537 -0.002819
v 0.005710 -0.004583 -0.002936
v 0.005110 -0.004744 -0.002583
v 0.005263 -0.004601 -0.002711
v 0.005086 -0.004741 -0.002633
v 0.004951 -0.004720 -0.002912
v 0.004520 -0.004388 -0.003974
v 0.004349 -0.004518 -0.003897
v 0.004430 -0.004554 -0.003775
v 0.004583 -0.004620 -0.003542
v 0.004107 -0.004175 -0.004545
v 0.003945 -0.004296 -0.004482
v 0.003978 -0.004316 -0.004437
v 0.004203 -0.004455 -0.004119
v 0.003242 -0.003502 -0.005555
v 0.003160 -0.003614 -0.005488
v 0.003681 -0.003879 -0.005074
v 0.003354 -0.003803 -0.005254
v 0.003359 -0.003808 -0.005248
v 0.003519 -0.003965 -0.005053
v 0.003538 -0.003981 -0.005028
v 0.003868 -0.004248 -0.004591
v 0.002694 -0.003123 -0.005956
v 0.002701 -0.003130 -0.005951
v 0.002771 -0.003067 -0.005981
v 0.002741 -0.003169 -0.005920
v 0.003128 -0.003580 -0.005521
v 0.002242 -0.002612 -0.006338
v 0.002245 -0.002610 -0.006341
v 0.002247 -0.002609 -0.006342
v 0.002339 -0.002771 -0.006237
v 0.002204 -0.002648 -0.006326
v 0.002338 -0.002575 -0.006466
v 0.002334 -0.002572 -0.006452
v 0.002325 -0.002574 -0.006437
v 0.003975 -0.003864 -0.005339
v 0.004465 -0.004175 -0.004839
v 0.004923 -0.004390 -0.004267
v 0.005342 -0.004519 -0.003631
v 0.005131 -0.004464 -0.003488
v 0.004731 -0.004331 -0.004108
v 0.004301 -0.004123 -0.004674
v 0.003845 -0.003830 -0.005186
v 0.003364 -0.003459 -0.005642
v 0.002850 -0.003030 -0.006043
v 0.002296 -0.002579 -0.006388
v 0.001776 -0.002246 -0.006575
v 0.001802 -0.002316 -0.006540
v 0.001854 -0.002357 -0.006514
v 0.002022 -0.002488 -0.006432
v 0.002075 -0.002532 -0.006403
v 0.002088 -0.002544 -0.006396
v 0.002104 -0.002558 -0.006386
v 0.002123 -0.002575 -0.006375
v 0.002166 -0.002614 -0.006349
v 0.001237 -0.001942 -0.006736
v 0.001687 -0.002232 -0.006588
v 0.001749 -0.002277 -0.006562
v 0.000704 -0.001611 -0.006862
v 0.000986 -0.001796 -0.006798
v 0.001259 -0.001911 -0.006750
v 0.001007 -0.001808 -0.006793
v 0.001201 -0.001918 -0.006748
v 0.000487 -0.001554 -0.006870
v 0.000683 -0.001649 -0.006842
v 0.000722 -0.001584 -0.006895
v 0.000735 -0.001570 -0.006939
v 0.000739 -0.001571 -0.006961
v 0.001302 -0.001878 -0.006839
v 0.001281 -0.001888 -0.006780
v 0.001297 -0.001877 -0.006819
v 0.001806 -0.002223 -0.006607
v 0.001829 -0.002213 -0.006650
v -0.005846 -0.000781 -0.002988
v -0.005758 -0.000798 -0.003149
v -0.005790 -0.000661 -0.003181
v -0.005982 -0.000443 -0.003311
v -0.006448 -0.000302 -0.002218
v -0.006341 -0.000339 0.002520
v -0.003291 -0.000715 0.006036
v -0.001608 -0.000819 0.006736
v -0.006529 -0.000579 0.000057
v -0.006532 -0.000577 -0.000000
v -0.006564 -0.000422 0.000155
v -0.006531 -0.000578 -0.000057
v -0.006529 -0.000579 -0.000173
v -0.006528 -0.000579 -0.000234
v -0.006491 -0.000593 -0.000651
v -0.006475 -0.000599 -0.000834
v -0.006493 -0.000451 -0.000998
v -0.006522 -0.000581 -0.000304
v -0.006507 -0.000587 -0.000466
v -0.006492 -0.000593 -0.000645
v -0.006393 -0.000636 0.001367
v -0.006406 -0.000630 0.001285
v -0.006442 -0.000474 0.001303
v -0.006431 -0.000620 0.001118
v -0.006473 -0.000601 0.000833
v -0.006510 -0.000586 0.000460
v -0.006517 -0.000583 0.000318
v -0.006491 -0.000594 0.000712
v -0.006501 -0.000589 0.000646
v -0.006503 -0.000589 0.000605
v -0.006523 -0.000581 0.000182
v -0.006524 -0.000580 0.000152
v -0.006131 -0.000574 0.002411
v -0.006094 -0.000721 0.002383
v -0.006197 -0.000695 0.002096
v -0.006242 -0.000684 0.001970
v -0.006251 -0.000681 0.001933
v -0.006369 -0.000643 0.001462
v -0.005641 -0.000688 0.003451
v -0.005612 -0.000818 0.003421
v -0.005678 -0.000808 0.003313
v -0.005692 -0.000806 0.003286
v -0.005858 -0.000773 0.002940
v -0.006003 -0.000744 0.002638
v -0.004881 -0.000898 0.004474
v -0.004959 -0.000891 0.004371
v -0.004984 -0.000779 0.004400
v -0.005326 -0.000859 0.003888
v -0.005342 -0.000857 0.003862
v -0.004176 -0.000823 0.005234
v -0.004153 -0.000912 0.005207
v -0.004417 -0.000914 0.004974
v -0.004693 -0.000904 0.004676
v -0.003214 -0.000892 0.005911
v -0.003396 -0.000896 0.005803
v -0.003230 -0.000822 0.005933
v -0.003887 -0.000909 0.005443
v -0.003947 -0.000910 0.005390
v -0.002183 -0.000882 0.006447
v -0.002163 -0.000837 0.006470
v -0.002181 -0.000881 0.006447
v -0.002160 -0.000883 0.006455
v -0.002206 -0.000880 0.006438
v -0.002774 -0.000880 0.006172
v -0.003102 -0.000889 0.005978
v -0.001676 -0.000912 0.006630
v -0.001596 -0.000886 0.006665
v -0.001596 -0.000924 0.006650
v -0.001182 -0.000987 0.006758
v -0.001599 -0.000846 0.006694
v -0.002189 -0.000758 0.006550
v -0.004276 -0.000685 0.005359
v -0.005126 -0.000607 0.004537
v -0.005820 -0.000482 0.003585
v -0.006672 -0.000218 0.001368
v -0.006801 -0.000160 0.000163
v -0.006724 -0.000195 -0.001049
v -0.005338 -0.000577 -0.004300
v -0.004535 -0.000671 -0.005163
v -0.003592 -0.000711 -0.005884
v -0.002525 -0.000739 -0.006446
v -0.001954 -0.000780 -0.006660
v -0.001937 -0.000818 -0.006601
v -0.001924 -0.000937 -0.006537
v -0.001928 -0.000877 -0.006559
v -0.002471 -0.000916 -0.006314
v -0.002438 -0.000916 -0.006328
v -0.002480 -0.000849 -0.006336
v -0.002174 -0.000922 -0.006442
v -0.002051 -0.000925 -0.006496
v -0.003486 -0.000933 -0.005728
v -0.003100 -0.000925 -0.005984
v -0.003506 -0.000846 -0.005755
v -0.003068 -0.000924 -0.006004
v -0.002595 -0.000913 -0.006260
v -0.004384 -0.000938 -0.004989
v -0.004198 -0.000943 -0.005175
v -0.004411 -0.000833 -0.005020
v -0.003939 -0.000940 -0.005386
v -0.003666 -0.000938 -0.005609
v -0.005154 -0.000893 -0.004126
v -0.005139 -0.000895 -0.004146
v -0.005178 -0.000768 -0.004155
v -0.004722 -0.000928 -0.004652
v -0.004694 -0.000929 -0.004681
v -0.005689 -0.000812 -0.003276
v -0.005528 -0.000843 -0.003573
v -0.005334 -0.000869 -0.003859
v -0.006196 -0.000690 -0.002093
v -0.006189 -0.000692 -0.002118
v -0.006232 -0.000542 -0.002120
v -0.006138 -0.000708 -0.002289
v -0.005863 -0.000777 -0.002947
v -0.006465 -0.000603 -0.000954
v -0.006459 -0.000605 -0.000984
v -0.006438 -0.000612 -0.001096
v -0.006360 -0.000639 -0.001495
v -0.006333 -0.000649 -0.001639
v -0.006247 -0.000675 -0.001923
v -0.002498 -0.000782 -0.006381
v -0.003542 -0.000763 -0.005807
v -0.004461 -0.000733 -0.005079
v -0.005242 -0.000651 -0.004216
v -0.005866 -0.000530 -0.003237
v -0.006318 -0.000400 -0.002163
v -0.006585 -0.000301 -0.001021
v -0.006658 -0.000270 0.000159
v -0.006533 -0.000324 0.001332
v -0.006214 -0.000434 0.002458
v -0.005712 -0.000563 0.003508
v -0.005041 -0.000673 0.004457
v -0.004217 -0.000738 0.005285
v -0.003255 -0.000757 0.005975
v -0.002173 -0.000789 0.006502
v -0.006227 -0.002260 0.000308
v -0.006222 -0.002295 0.000156
v -0.006455 -0.001309 -0.000000
v -0.006237 -0.002202 0.000453
v -0.006326 -0.001639 0.000962
v -0.006304 -0.001780 0.000898
v -0.006374 -0.001336 0.001021
v -0.006350 -0.001490 0.001003
v -0.006399 -0.001182 0.001015
v -0.006423 -0.001030 0.000986
v -0.006446 -0.000884 0.000933
v -0.006468 -0.000748 -0.000858
v -0.006487 -0.000625 -0.000763
v -0.006423 -0.001030 -0.000986
v -0.006446 -0.000884 -0.000933
v -0.006350 -0.001489 -0.001004
v -0.006374 -0.001336 -0.001022
v -0.006326 -0.001638 -0.000962
v -0.006304 -0.001779 -0.000898
v -0.006283 -0.001909 -0.000813
v -0.006249 -0.002123 -0.000588
v -0.006265 -0.002025 -0.000709
v -0.006227 -0.002260 -0.000309
v -0.006237 -0.002202 -0.000454
v -0.006222 -0.002295 -0.000156
v -0.006220 -0.002307 -0.000000
v -0.006196 -0.001033 -0.002010
v -0.006244 -0.000732 -0.001951
v -0.002945 -0.001905 -0.005878
v -0.003088 -0.001005 -0.005983
v -0.003916 -0.001114 -0.005389
v 0.001270 -0.003464 -0.006145
v 0.001117 -0.002499 -0.006583
v 0.000103 -0.002649 -0.006552
v 0.002406 -0.004121 -0.005469
v 0.002267 -0.003249 -0.006042
v 0.003578 -0.005190 -0.003804
v 0.003477 -0.004554 -0.004585
v 0.002529 -0.004898 -0.004769
v -0.006008 -0.002217 0.001777
v -0.006283 -0.001909 0.000813
v -0.006265 -0.002025 0.000709
v -0.006008 -0.002216 -0.001777
v -0.005573 -0.002610 -0.002618
v 0.004532 -0.005193 -0.002754
v -0.006487 -0.000626 0.000763
v -0.006244 -0.000733 0.001950
v -0.003088 -0.001007 0.005982
v 0.001117 -0.002501 0.006582
v 0.002267 -0.003250 0.006041
v 0.004532 -0.005194 0.002752
v 0.000628 -0.005950 0.004004
v -0.002447 -0.005041 0.004151
v -0.003436 -0.004140 0.004288
v -0.005513 -0.002989 0.002369
v -0.004862 -0.003882 0.002685
v -0.004932 -0.003445 0.003080
v -0.004078 -0.004810 0.002694
v -0.004150 -0.004360 0.003247
v -0.004234 -0.003831 0.003724
v -0.004328 -0.003237 0.004114
v -0.003545 -0.003456 0.004737
v -0.002554 -0.004365 0.004761
v -0.001492 -0.005229 0.004474
v -0.000496 -0.005309 0.004700
v 0.001644 -0.005815 0.004023
v 0.002634 -0.005561 0.003955
v 0.002529 -0.004899 0.004768
v 0.003477 -0.004555 0.004584
v 0.004455 -0.004715 0.003569
v 0.002406 -0.004123 0.005468
v 0.001270 -0.003466 0.006144
v 0.000103 -0.002651 0.006551
v -0.000058 -0.001636 0.006834
v -0.001060 -0.001760 0.006655
v -0.002029 -0.001851 0.006334
v -0.003916 -0.001116 0.005389
v -0.004651 -0.001205 0.004680
v -0.005277 -0.001273 0.003870
v -0.005850 -0.000867 0.002960
v -0.005779 -0.001318 0.002978
v -0.006196 -0.001033 0.002009
v -0.006468 -0.000748 0.000858
v -0.005779 -0.001317 -0.002978
v -0.005850 -0.000867 -0.002960
v -0.004651 -0.001203 -0.004680
v -0.005277 -0.001272 -0.003870
v -0.001060 -0.001758 -0.006656
v -0.002029 -0.001849 -0.006335
v -0.000058 -0.001634 -0.006834
v 0.004455 -0.004714 -0.003570
v 0.003660 -0.005701 -0.002934
v 0.002719 -0.006091 -0.003052
v 0.001729 -0.006355 -0.003104
v 0.000713 -0.006487 -0.003090
v -0.000309 -0.006484 -0.003009
v -0.002282 -0.006078 -0.002657
v -0.004078 -0.004810 -0.002695
v -0.004862 -0.003881 -0.002686
v -0.005513 -0.002988 -0.002370
v -0.006249 -0.002123 0.000588
v 0.000521 -0.005280 0.004827
v 0.001537 -0.005143 0.004849
v 0.001411 -0.004352 -0.005563
v 0.000256 -0.003609 -0.006116
v -0.000903 -0.002746 -0.006381
v 0.002634 -0.005559 -0.003957
v 0.001537 -0.005141 -0.004851
v 0.000396 -0.004493 -0.005537
v -0.000754 -0.003682 -0.005956
v -0.001880 -0.002790 -0.006073
v -0.001608 -0.004500 0.005131
v -0.000617 -0.004544 0.005391
v 0.000396 -0.004494 0.005536
v 0.001411 -0.004353 0.005562
v -0.003191 -0.005684 -0.002394
v -0.003257 -0.005267 -0.003103
v 0.001644 -0.005814 -0.004025
v 0.000521 -0.005279 -0.004828
v -0.000617 -0.004542 -0.005392
v -0.001738 -0.003680 -0.005669
v -0.002806 -0.002778 -0.005635
v -0.003788 -0.001924 -0.005294
v -0.002675 -0.003605 0.005259
v -0.001738 -0.003682 0.005668
v -0.000754 -0.003684 0.005955
v 0.000256 -0.003611 0.006115
v -0.004150 -0.004359 -0.003248
v 0.000628 -0.005949 -0.004006
v -0.000496 -0.005308 -0.004702
v -0.001608 -0.004499 -0.005132
v -0.002675 -0.003604 -0.005260
v -0.003663 -0.002710 -0.005076
v -0.004540 -0.001907 -0.004598
v -0.004932 -0.003444 -0.003081
v -0.000392 -0.005960 -0.003901
v -0.001492 -0.005227 -0.004475
v -0.002554 -0.004364 -0.004762
v -0.003545 -0.003455 -0.004738
v -0.004431 -0.002590 -0.004408
v -0.005184 -0.001853 -0.003802
v -0.005639 -0.002199 -0.002805
v -0.005010 -0.002952 -0.003403
v -0.004234 -0.003830 -0.003725
v -0.003339 -0.004748 -0.003740
v -0.002355 -0.005615 -0.003445
v -0.001314 -0.006347 -0.002864
v -0.000903 -0.002748 0.006380
v -0.001880 -0.002791 0.006072
v -0.002806 -0.002779 0.005634
v -0.003663 -0.002712 0.005075
v -0.004431 -0.002591 0.004407
v -0.005010 -0.002953 0.003402
v -0.005095 -0.002419 0.003645
v -0.005573 -0.002611 0.002618
v -0.005639 -0.002200 0.002804
v -0.006052 -0.001938 0.001904
v -0.006052 -0.001937 -0.001904
v -0.006099 -0.001642 -0.001986
v -0.006147 -0.001339 0.002021
v -0.002945 -0.001906 0.005877
v -0.003788 -0.001926 0.005294
v -0.004540 -0.001908 0.004597
v -0.005184 -0.001854 0.003802
v -0.005708 -0.001765 0.002925
v -0.006099 -0.001643 0.001986
v -0.001394 -0.005848 -0.003713
v -0.002447 -0.005039 -0.004152
v -0.003436 -0.004139 -0.004289
v -0.004328 -0.003236 -0.004115
v -0.005095 -0.002418 -0.003645
v -0.005708 -0.001764 -0.002926
v -0.006147 -0.001338 -0.002022
v -0.006399 -0.001181 -0.001016
f 1 2 3
f 4 5 6
f 7 8 9
f 10 11 12
f 13 14 15
f 15 14 16
f 15 16 17
f 12 11 16
f 16 11 18
f 16 18 17
f 19 20 21
f 21 20 22
f 22 23 21
f 21 23 24
f 21 24 12
f 12 24 25
f 12 25 10
f 2 26 3
f 3 26 27
f 3 27 28
f 28 27 29
f 28 29 30
f 30 29 31
f 30 31 32
f 32 31 33
f 26 19 27
f 27 19 21
f 27 21 29
f 29 21 12
f 29 12 31
f 31 12 16
f 31 16 33
f 33 16 14
f 34 35 36
f 36 35 37
f 36 37 38
f 39 40 41
f 41 7 39
f 39 7 9
f 39 9 38
f 38 9 42
f 38 42 36
f 36 42 43
f 36 43 34
f 34 43 44
f 45 46 47
f 48 49 50
f 51 48 52
f 52 48 53
f 52 53 54
f 50 55 48
f 48 55 56
f 48 56 53
f 53 56 57
f 53 57 58
f 4 6 59
f 58 59 53
f 53 59 6
f 53 6 54
f 54 6 60
f 54 60 61
f 62 63 64
f 64 63 65
f 64 65 66
f 63 67 65
f 65 67 68
f 65 68 69
f 69 68 70
f 71 72 73
f 73 72 69
f 73 69 74
f 74 69 70
f 71 75 72
f 72 75 76
f 72 76 77
f 77 76 78
f 77 78 79
f 80 81 82
f 82 81 83
f 82 83 84
f 85 86 87
f 86 80 87
f 87 80 82
f 87 82 88
f 88 82 89
f 88 89 90
f 84 66 82
f 82 66 65
f 82 65 89
f 89 65 69
f 89 69 90
f 90 69 72
f 90 72 51
f 51 72 77
f 51 77 48
f 48 77 79
f 48 79 49
f 46 91 47
f 47 91 92
f 47 92 93
f 93 92 94
f 93 94 95
f 8 1 9
f 9 1 3
f 9 3 42
f 42 3 28
f 42 28 43
f 43 28 30
f 43 30 44
f 44 30 32
f 96 45 37
f 37 45 47
f 37 47 38
f 38 47 93
f 38 93 39
f 39 93 95
f 39 95 40
f 13 85 14
f 14 85 87
f 14 87 33
f 33 87 88
f 33 88 32
f 32 88 90
f 32 90 44
f 44 90 51
f 44 51 34
f 34 51 52
f 34 52 35
f 35 52 54
f 35 54 37
f 37 54 61
f 37 61 96
f 97 98 99
f 100 101 102
f 103 104 105
f 106 107 108
f 109 110 111
f 112 113 114
f 115 116 117
f 5 4 118
f 5 118 119
f 120 121 122
f 122 121 123
f 122 123 124
f 125 126 120
f 126 127 120
f 120 127 128
f 120 128 121
f 129 112 130
f 130 112 114
f 130 114 131
f 132 133 130
f 130 133 134
f 130 134 129
f 135 136 137
f 137 136 138
f 137 138 132
f 132 138 139
f 132 139 133
f 109 111 140
f 140 111 141
f 140 141 142
f 142 141 143
f 143 141 144
f 143 144 145
f 146 147 148
f 148 147 149
f 148 149 144
f 144 149 150
f 144 150 145
f 151 152 153
f 153 152 154
f 153 154 155
f 156 157 158
f 158 157 159
f 160 161 162
f 163 164 165
f 165 164 166
f 165 166 167
f 168 169 163
f 170 171 107
f 107 171 172
f 107 172 108
f 108 172 173
f 108 173 174
f 175 176 177
f 177 176 178
f 175 179 176
f 176 179 180
f 176 180 108
f 108 180 181
f 108 181 106
f 182 183 178
f 183 184 178
f 178 184 185
f 178 185 177
f 186 187 188
f 188 187 189
f 190 191 192
f 192 191 193
f 192 193 194
f 103 105 195
f 196 197 198
f 199 100 200
f 116 125 117
f 117 125 120
f 117 120 201
f 131 115 130
f 130 115 117
f 130 117 132
f 132 117 201
f 132 201 137
f 100 102 200
f 200 102 202
f 200 202 203
f 203 202 204
f 203 204 205
f 205 204 206
f 205 206 207
f 207 206 208
f 207 208 209
f 209 208 210
f 209 210 211
f 199 200 212
f 212 200 203
f 212 203 213
f 213 203 205
f 213 205 214
f 214 205 207
f 214 207 215
f 215 207 209
f 215 209 216
f 216 209 211
f 216 211 217
f 218 219 220
f 220 219 148
f 220 148 221
f 221 148 144
f 221 144 222
f 222 144 141
f 222 141 223
f 223 141 111
f 223 111 224
f 217 218 216
f 216 218 220
f 216 220 215
f 215 220 221
f 215 221 214
f 214 221 222
f 214 222 213
f 213 222 223
f 213 223 212
f 212 223 224
f 212 224 199
f 225 226 188
f 189 182 188
f 188 182 178
f 188 178 225
f 225 178 176
f 225 176 227
f 227 176 108
f 227 108 168
f 168 108 174
f 168 174 169
f 228 229 230
f 230 231 228
f 228 231 232
f 228 232 233
f 232 234 233
f 233 234 235
f 233 235 236
f 236 235 237
f 236 237 238
f 239 240 241
f 242 243 244
f 237 245 238
f 238 245 246
f 238 246 247
f 246 248 247
f 247 248 249
f 247 249 250
f 251 98 252
f 252 98 97
f 252 97 253
f 249 254 250
f 250 254 255
f 250 255 256
f 256 255 257
f 256 257 258
f 258 259 256
f 256 259 260
f 256 260 261
f 262 196 263
f 263 196 198
f 263 198 264
f 264 198 265
f 264 265 266
f 266 265 267
f 266 267 268
f 268 267 269
f 268 269 270
f 270 269 271
f 270 271 272
f 272 271 273
f 272 273 274
f 274 273 275
f 274 275 210
f 210 275 276
f 210 276 211
f 211 276 277
f 211 277 217
f 217 277 278
f 217 278 218
f 218 278 153
f 218 153 219
f 219 153 155
f 219 155 148
f 148 155 279
f 148 279 146
f 197 280 198
f 198 280 281
f 198 281 265
f 265 281 282
f 265 282 267
f 267 282 283
f 267 283 269
f 269 283 284
f 269 284 271
f 271 284 285
f 271 285 273
f 273 285 286
f 273 286 275
f 275 286 287
f 275 287 276
f 276 287 288
f 276 288 277
f 277 288 289
f 277 289 278
f 278 289 290
f 278 290 153
f 153 290 291
f 153 291 151
f 104 190 105
f 105 190 192
f 105 192 292
f 292 192 293
f 292 293 294
f 294 293 295
f 294 295 296
f 296 295 297
f 296 297 298
f 298 297 299
f 298 299 300
f 300 299 301
f 300 301 302
f 302 301 303
f 302 303 304
f 304 303 160
f 304 160 158
f 158 160 162
f 158 162 156
f 226 305 188
f 188 305 306
f 188 306 186
f 186 306 307
f 163 165 168
f 168 165 308
f 168 308 227
f 227 308 309
f 227 309 225
f 225 309 310
f 225 310 226
f 226 310 311
f 226 311 305
f 305 311 312
f 305 312 306
f 194 307 192
f 192 307 306
f 192 306 293
f 293 306 312
f 293 312 295
f 295 312 311
f 295 311 297
f 297 311 310
f 297 310 299
f 299 310 309
f 299 309 301
f 301 309 308
f 301 308 303
f 303 308 165
f 303 165 160
f 160 165 167
f 160 167 161
f 280 195 281
f 281 195 105
f 281 105 282
f 282 105 292
f 282 292 283
f 283 292 294
f 283 294 284
f 284 294 296
f 284 296 285
f 285 296 298
f 285 298 286
f 286 298 300
f 286 300 287
f 287 300 302
f 287 302 288
f 288 302 304
f 288 304 289
f 289 304 158
f 289 158 290
f 290 158 159
f 290 159 291
f 67 63 313
f 313 63 62
f 313 70 68
f 313 68 67
f 314 315 316
f 316 315 313
f 316 313 317
f 317 313 62
f 74 70 318
f 318 70 313
f 318 313 319
f 319 313 315
f 319 315 320
f 71 73 321
f 76 75 322
f 322 75 71
f 323 79 78
f 324 325 326
f 326 325 327
f 326 327 328
f 327 329 328
f 328 329 330
f 328 330 331
f 332 324 333
f 333 324 326
f 333 326 334
f 334 326 328
f 334 328 335
f 335 328 331
f 335 331 336
f 336 331 337
f 336 337 338
f 338 337 229
f 338 229 339
f 339 229 228
f 339 228 340
f 340 228 233
f 340 233 341
f 341 233 236
f 341 236 342
f 342 236 238
f 342 238 343
f 343 238 247
f 343 247 251
f 251 247 250
f 251 250 98
f 98 250 256
f 98 256 99
f 99 256 261
f 99 261 344
f 330 345 331
f 331 345 346
f 331 346 337
f 337 346 347
f 337 347 229
f 229 347 348
f 229 348 230
f 239 241 349
f 349 241 350
f 349 350 351
f 351 350 352
f 351 352 353
f 353 352 354
f 353 354 355
f 355 354 356
f 355 356 357
f 357 356 358
f 357 358 359
f 359 358 360
f 359 360 361
f 361 360 362
f 361 362 363
f 363 362 364
f 363 364 320
f 320 364 365
f 320 365 319
f 319 365 321
f 319 321 318
f 318 321 73
f 318 73 74
f 242 244 366
f 366 244 367
f 366 367 368
f 368 367 369
f 368 369 370
f 370 369 371
f 370 371 372
f 372 371 373
f 372 373 374
f 374 373 375
f 374 375 376
f 376 375 377
f 376 377 378
f 378 377 379
f 378 379 380
f 380 379 381
f 380 381 382
f 382 381 383
f 382 383 384
f 384 383 323
f 384 323 322
f 322 323 78
f 322 78 76
f 71 321 322
f 322 321 365
f 322 365 384
f 384 365 364
f 384 364 382
f 382 364 362
f 382 362 380
f 380 362 360
f 380 360 378
f 378 360 358
f 378 358 376
f 376 358 356
f 376 356 374
f 374 356 354
f 374 354 372
f 372 354 352
f 372 352 370
f 370 352 350
f 370 350 368
f 368 350 241
f 368 241 366
f 366 241 240
f 366 240 242
f 314 332 315
f 315 332 333
f 315 333 320
f 320 333 334
f 320 334 363
f 363 334 335
f 363 335 361
f 361 335 336
f 361 336 359
f 359 336 338
f 359 338 357
f 357 338 339
f 357 339 355
f 355 339 340
f 355 340 353
f 353 340 341
f 353 341 351
f 351 341 342
f 351 342 349
f 349 342 343
f 349 343 239
f 239 343 251
f 239 251 240
f 240 251 252
f 240 252 242
f 242 252 253
f 242 253 243
f 59 58 385
f 385 58 57
f 56 55 386
f 386 55 50
f 386 50 49
f 57 56 385
f 385 56 386
f 385 386 387
f 387 386 388
f 387 388 389
f 389 388 390
f 389 390 391
f 391 390 392
f 391 392 393
f 393 392 394
f 393 394 395
f 395 394 396
f 395 396 397
f 397 396 398
f 397 398 399
f 399 398 400
f 399 400 401
f 124 119 122
f 122 119 118
f 122 118 402
f 402 118 403
f 402 403 404
f 404 403 405
f 404 405 406
f 406 405 407
f 406 407 408
f 408 407 409
f 408 409 410
f 410 409 411
f 410 411 412
f 412 411 413
f 412 413 414
f 414 413 415
f 414 415 416
f 416 415 417
f 416 417 418
f 418 417 419
f 418 419 420
f 4 59 118
f 118 59 385
f 118 385 403
f 403 385 387
f 403 387 405
f 405 387 389
f 405 389 407
f 407 389 391
f 407 391 409
f 409 391 393
f 409 393 411
f 411 393 395
f 411 395 413
f 413 395 397
f 413 397 415
f 415 397 399
f 415 399 417
f 417 399 401
f 417 401 419
f 243 420 244
f 244 420 419
f 244 419 367
f 367 419 401
f 367 401 369
f 369 401 400
f 369 400 371
f 371 400 398
f 371 398 373
f 373 398 396
f 373 396 375
f 375 396 394
f 375 394 377
f 377 394 392
f 377 392 379
f 379 392 390
f 379 390 381
f 381 390 388
f 381 388 383
f 383 388 386
f 383 386 323
f 323 386 49
f 323 49 79
f 344 262 99
f 99 262 263
f 99 263 97
f 97 263 264
f 97 264 253
f 253 264 266
f 253 266 243
f 243 266 268
f 243 268 420
f 420 268 270
f 420 270 418
f 418 270 272
f 418 272 416
f 416 272 274
f 416 274 414
f 414 274 210
f 414 210 412
f 412 210 208
f 412 208 410
f 410 208 206
f 410 206 408
f 408 206 204
f 408 204 406
f 406 204 202
f 406 202 404
f 404 202 102
f 404 102 402
f 402 102 101
f 402 101 122
f 122 101 100
f 122 100 120
f 120 100 199
f 120 199 201
f 201 199 224
f 201 224 137
f 137 224 111
f 137 111 135
f 135 111 110
f 421 422 423
f 424 425 426
f 258 257 427
f 428 429 430
f 431 432 433
f 434 435 436
f 437 438 434
f 439 440 441
f 190 104 442
f 307 194 441
f 441 194 193
f 443 439 444
f 444 439 441
f 444 441 191
f 191 441 193
f 186 307 445
f 445 307 441
f 445 441 446
f 446 441 440
f 446 440 447
f 437 434 448
f 449 448 450
f 449 450 451
f 436 452 453
f 454 449 455
f 455 449 451
f 455 451 456
f 456 451 457
f 458 459 452
f 452 459 460
f 452 460 453
f 436 435 452
f 452 435 461
f 452 461 458
f 422 462 423
f 423 462 463
f 423 463 464
f 463 465 464
f 464 465 466
f 464 466 467
f 438 431 468
f 466 469 467
f 467 469 470
f 467 470 430
f 471 428 472
f 472 428 430
f 472 430 473
f 473 430 470
f 431 433 468
f 468 433 474
f 468 474 475
f 475 474 476
f 475 476 477
f 429 478 476
f 476 478 479
f 476 479 477
f 477 479 480
f 344 261 481
f 481 261 260
f 481 260 482
f 482 260 259
f 482 259 258
f 258 427 482
f 482 427 483
f 482 483 484
f 485 486 487
f 425 421 426
f 426 421 423
f 426 423 432
f 432 423 464
f 432 464 433
f 433 464 467
f 433 467 474
f 474 467 430
f 474 430 476
f 476 430 429
f 104 103 442
f 442 103 195
f 442 195 488
f 488 195 280
f 280 197 488
f 488 197 196
f 488 196 481
f 481 196 262
f 481 262 344
f 191 190 444
f 444 190 442
f 444 442 443
f 443 442 488
f 443 488 489
f 489 488 481
f 489 481 490
f 490 481 482
f 490 482 485
f 485 482 484
f 485 484 486
f 453 460 491
f 448 434 450
f 450 434 436
f 450 436 451
f 451 436 453
f 451 453 457
f 457 453 491
f 457 491 492
f 480 493 461
f 461 493 458
f 438 468 434
f 434 468 475
f 434 475 435
f 435 475 477
f 435 477 461
f 461 477 480
f 454 494 449
f 449 494 447
f 449 447 448
f 448 447 440
f 448 440 437
f 437 440 439
f 437 439 438
f 438 439 443
f 438 443 431
f 431 443 489
f 431 489 432
f 432 489 490
f 432 490 426
f 426 490 485
f 426 485 424
f 424 485 487
f 495 496 26
f 497 498 499
f 500 501 502
f 502 501 503
f 502 503 497
f 497 503 504
f 497 504 498
f 498 504 505
f 498 505 506
f 500 502 507
f 507 502 508
f 507 508 509
f 509 508 510
f 510 508 511
f 510 511 512
f 513 514 511
f 511 514 515
f 511 515 512
f 516 517 513
f 513 517 518
f 513 518 514
f 519 520 521
f 521 520 522
f 521 522 516
f 516 522 523
f 516 523 517
f 521 524 525
f 519 521 526
f 526 521 525
f 526 525 527
f 528 529 530
f 528 530 531
f 532 521 533
f 533 521 516
f 533 516 534
f 534 516 513
f 534 513 535
f 535 513 511
f 535 511 536
f 536 511 508
f 536 508 537
f 537 508 502
f 537 502 530
f 530 502 497
f 530 497 531
f 531 497 499
f 532 538 521
f 521 538 539
f 521 539 524
f 540 541 41
f 94 542 95
f 95 542 540
f 95 540 40
f 40 540 41
f 94 543 542
f 542 543 544
f 542 544 545
f 546 541 547
f 547 541 540
f 547 540 548
f 548 540 542
f 548 542 549
f 549 542 545
f 549 545 550
f 551 552 553
f 552 554 553
f 553 554 555
f 553 555 556
f 26 496 19
f 19 496 553
f 19 553 20
f 20 553 556
f 20 556 22
f 26 2 495
f 495 2 1
f 495 1 557
f 557 1 8
f 557 8 7
f 558 559 560
f 559 551 560
f 560 551 553
f 560 553 561
f 561 553 496
f 561 496 562
f 562 496 495
f 562 495 546
f 546 495 557
f 546 557 541
f 541 557 7
f 541 7 41
f 563 564 532
f 532 564 565
f 532 565 538
f 550 563 549
f 549 563 532
f 549 532 548
f 548 532 533
f 548 533 547
f 547 533 534
f 547 534 546
f 546 534 535
f 546 535 562
f 562 535 536
f 562 536 561
f 561 536 537
f 561 537 560
f 560 537 530
f 560 530 558
f 558 530 529
f 566 567 568
f 569 570 571
f 572 573 574
f 575 572 576
f 576 572 574
f 576 574 577
f 577 574 578
f 578 574 579
f 579 574 580
f 579 580 581
f 582 583 584
f 584 583 585
f 584 585 580
f 580 585 586
f 580 586 581
f 582 584 587
f 587 584 588
f 587 588 589
f 590 591 592
f 592 591 593
f 592 593 588
f 588 593 594
f 588 594 589
f 590 592 595
f 595 592 596
f 595 596 597
f 570 598 571
f 571 598 599
f 571 599 596
f 596 599 600
f 596 600 597
f 601 602 603
f 603 602 604
f 603 604 605
f 606 607 608
f 606 608 609
f 610 611 460
f 567 492 568
f 568 492 491
f 568 491 611
f 611 491 460
f 605 566 603
f 603 566 568
f 603 568 612
f 612 568 611
f 612 611 613
f 613 611 610
f 613 610 614
f 615 616 617
f 617 616 569
f 617 569 618
f 618 569 571
f 618 571 619
f 619 571 620
f 573 609 574
f 574 609 608
f 574 608 580
f 580 608 621
f 580 621 584
f 584 621 622
f 584 622 588
f 588 622 623
f 588 623 592
f 592 623 624
f 592 624 596
f 596 624 625
f 596 625 571
f 571 625 626
f 571 626 620
f 627 429 628
f 628 429 428
f 628 428 471
f 629 630 479
f 629 479 478
f 629 478 429
f 429 627 629
f 629 627 631
f 629 631 632
f 633 634 626
f 626 634 635
f 626 635 620
f 460 459 636
f 636 459 458
f 636 458 637
f 458 493 637
f 637 493 480
f 637 480 630
f 630 480 479
f 610 460 636
f 610 636 614
f 614 636 637
f 614 637 638
f 638 637 630
f 638 630 639
f 639 630 629
f 639 629 640
f 640 629 632
f 640 632 641
f 607 601 608
f 608 601 603
f 608 603 621
f 621 603 612
f 621 612 622
f 622 612 613
f 622 613 623
f 623 613 614
f 623 614 624
f 624 614 638
f 624 638 625
f 625 638 639
f 625 639 626
f 626 639 640
f 626 640 633
f 633 640 641
f 642 643 644
f 644 643 645
f 644 645 646
f 647 648 649
f 649 648 650
f 649 650 643
f 643 650 645
f 647 651 652
f 652 651 653
f 652 653 654
f 655 656 653
f 653 656 657
f 653 657 654
f 654 657 658
f 659 660 661
f 660 659 662
f 662 659 663
f 662 663 664
f 665 666 659
f 659 666 667
f 659 667 663
f 666 668 669
f 669 668 670
f 669 670 671
f 672 673 674
f 675 676 670
f 670 676 672
f 672 674 670
f 670 674 671
f 661 655 659
f 659 655 653
f 659 653 665
f 665 653 651
f 665 651 649
f 649 651 647
f 642 675 643
f 643 675 670
f 643 670 649
f 649 670 668
f 649 668 665
f 665 668 666
f 627 628 677
f 551 559 678
f 471 472 679
f 680 681 682
f 427 257 255
f 683 684 685
f 617 686 687
f 617 687 615
f 688 689 690
f 690 689 691
f 692 693 694
f 695 696 697
f 697 696 698
f 699 700 701
f 701 700 702
f 703 704 705
f 705 704 706
f 705 706 699
f 707 708 709
f 710 711 712
f 713 714 715
f 715 714 716
f 715 716 710
f 710 716 711
f 713 715 717
f 717 715 718
f 717 718 719
f 719 718 720
f 720 718 721
f 720 721 722
f 723 724 721
f 724 725 721
f 721 725 726
f 721 726 722
f 727 728 729
f 729 728 730
f 731 732 733
f 733 732 734
f 733 734 735
f 506 736 498
f 498 736 737
f 498 737 499
f 499 737 531
f 738 234 232
f 684 245 685
f 685 245 237
f 685 237 235
f 739 740 741
f 742 683 743
f 743 683 685
f 743 685 738
f 738 685 235
f 738 235 234
f 744 248 246
f 742 745 683
f 683 745 744
f 683 744 684
f 684 744 246
f 684 246 245
f 746 747 748
f 748 747 749
f 483 427 748
f 748 427 255
f 748 255 746
f 746 255 254
f 746 254 249
f 750 745 751
f 751 745 742
f 751 742 752
f 752 742 743
f 752 743 753
f 753 743 738
f 753 738 754
f 754 738 232
f 754 232 231
f 680 421 425
f 425 424 680
f 680 424 749
f 680 749 681
f 681 749 747
f 424 487 749
f 749 487 486
f 749 486 748
f 748 486 484
f 748 484 483
f 755 740 756
f 756 740 739
f 756 739 757
f 758 755 759
f 759 755 756
f 759 756 760
f 760 756 757
f 760 757 761
f 762 682 763
f 763 682 681
f 763 681 750
f 750 681 747
f 750 747 745
f 745 747 746
f 745 746 744
f 744 746 249
f 744 249 248
f 764 765 766
f 628 471 677
f 677 471 679
f 677 679 767
f 767 679 768
f 767 768 769
f 473 470 765
f 765 470 469
f 765 469 766
f 766 469 466
f 766 466 465
f 472 473 679
f 679 473 765
f 679 765 768
f 768 765 764
f 768 764 769
f 769 764 762
f 465 463 766
f 766 463 462
f 766 462 422
f 762 764 682
f 682 764 766
f 682 766 680
f 680 766 422
f 680 422 421
f 770 771 772
f 773 774 775
f 772 776 770
f 770 776 777
f 770 777 778
f 778 777 707
f 778 707 705
f 705 707 709
f 705 709 703
f 699 701 705
f 705 701 779
f 705 779 778
f 778 779 775
f 778 775 770
f 770 775 774
f 770 774 771
f 773 775 780
f 780 775 779
f 780 779 781
f 781 779 701
f 781 701 696
f 696 701 702
f 696 702 698
f 782 783 784
f 784 783 785
f 784 785 786
f 787 741 788
f 788 741 740
f 788 740 789
f 789 740 755
f 789 755 790
f 790 755 758
f 790 758 791
f 791 758 792
f 791 792 793
f 793 792 794
f 793 794 786
f 786 794 795
f 786 795 784
f 784 795 796
f 784 796 782
f 782 796 692
f 797 690 798
f 798 690 691
f 798 691 686
f 686 617 798
f 798 617 618
f 798 618 797
f 618 619 797
f 797 619 620
f 797 620 635
f 694 688 692
f 692 688 690
f 692 690 782
f 782 690 797
f 782 797 783
f 783 797 635
f 783 635 634
f 551 678 552
f 559 558 799
f 799 558 529
f 799 529 528
f 800 727 801
f 801 727 729
f 801 729 802
f 802 729 803
f 802 803 804
f 804 803 805
f 772 806 776
f 776 806 807
f 776 807 805
f 805 807 808
f 805 808 804
f 736 731 737
f 737 731 733
f 737 733 809
f 809 733 810
f 809 810 811
f 811 810 812
f 811 812 813
f 813 812 814
f 735 800 733
f 733 800 801
f 733 801 810
f 810 801 802
f 810 802 812
f 812 802 804
f 812 804 814
f 814 804 808
f 710 815 715
f 715 815 816
f 715 816 718
f 718 816 817
f 718 817 721
f 730 723 729
f 729 723 721
f 729 721 803
f 803 721 817
f 803 817 805
f 805 817 816
f 805 816 776
f 776 816 815
f 776 815 777
f 777 815 710
f 777 710 707
f 707 710 712
f 707 712 708
f 317 818 316
f 316 818 819
f 316 819 314
f 62 64 317
f 317 64 66
f 317 66 818
f 818 66 84
f 83 81 820
f 820 81 80
f 86 85 821
f 821 85 13
f 314 819 332
f 332 819 822
f 332 822 324
f 324 822 823
f 324 823 325
f 80 824 820
f 820 824 825
f 820 825 826
f 826 825 827
f 826 827 828
f 17 18 829
f 17 829 15
f 18 11 829
f 829 11 10
f 829 10 830
f 830 10 25
f 25 24 830
f 830 24 23
f 830 23 831
f 831 23 22
f 22 556 831
f 831 556 555
f 831 555 832
f 832 555 554
f 832 554 552
f 559 799 678
f 678 799 833
f 678 833 834
f 834 833 835
f 834 835 836
f 836 835 837
f 836 837 838
f 552 678 832
f 832 678 834
f 832 834 831
f 831 834 836
f 831 836 830
f 830 836 838
f 830 838 829
f 839 329 823
f 823 329 327
f 823 327 325
f 840 841 842
f 842 841 843
f 842 843 844
f 844 843 845
f 844 845 846
f 847 848 849
f 849 848 850
f 849 850 851
f 851 850 852
f 851 852 853
f 853 852 839
f 853 839 854
f 854 839 823
f 854 823 855
f 855 823 822
f 855 822 828
f 828 822 819
f 828 819 826
f 826 819 818
f 826 818 820
f 820 818 84
f 820 84 83
f 230 348 848
f 848 348 347
f 848 347 850
f 850 347 346
f 850 346 852
f 852 346 345
f 852 345 839
f 839 345 330
f 839 330 329
f 856 857 858
f 858 857 859
f 858 859 840
f 840 859 860
f 840 860 841
f 841 860 861
f 841 861 843
f 843 861 862
f 843 862 845
f 863 847 856
f 856 847 849
f 856 849 857
f 857 849 851
f 857 851 859
f 859 851 853
f 859 853 860
f 860 853 854
f 860 854 861
f 861 854 855
f 861 855 862
f 862 855 828
f 862 828 845
f 845 828 827
f 845 827 846
f 864 865 866
f 866 865 867
f 866 867 868
f 868 867 869
f 868 869 870
f 870 869 871
f 870 871 872
f 872 871 873
f 872 873 874
f 874 873 875
f 874 875 876
f 876 875 877
f 876 877 878
f 878 877 879
f 878 879 880
f 787 880 741
f 741 880 879
f 741 879 739
f 739 879 877
f 739 877 757
f 757 877 875
f 757 875 761
f 761 875 873
f 761 873 881
f 881 873 871
f 881 871 882
f 882 871 869
f 882 869 883
f 883 869 867
f 883 867 884
f 884 867 865
f 787 863 880
f 880 863 856
f 880 856 878
f 878 856 858
f 878 858 876
f 876 858 840
f 876 840 874
f 874 840 842
f 874 842 872
f 872 842 844
f 872 844 870
f 870 844 846
f 870 846 868
f 868 846 827
f 868 827 866
f 866 827 825
f 866 825 864
f 864 825 824
f 13 15 821
f 821 15 829
f 821 829 885
f 885 829 838
f 885 838 886
f 886 838 837
f 886 837 813
f 813 837 835
f 813 835 811
f 811 835 833
f 811 833 809
f 809 833 799
f 809 799 737
f 737 799 528
f 737 528 531
f 634 633 783
f 783 633 641
f 783 641 785
f 785 641 632
f 785 632 631
f 631 627 785
f 785 627 677
f 785 677 786
f 786 677 767
f 786 767 793
f 793 767 769
f 793 769 791
f 791 769 762
f 791 762 790
f 790 762 763
f 790 763 789
f 789 763 750
f 789 750 788
f 788 750 751
f 788 751 787
f 787 751 752
f 787 752 863
f 863 752 753
f 863 753 847
f 847 753 754
f 847 754 848
f 848 754 231
f 848 231 230
f 80 86 824
f 824 86 821
f 824 821 864
f 864 821 885
f 864 885 865
f 865 885 886
f 865 886 884
f 884 886 813
f 884 813 883
f 883 813 814
f 883 814 882
f 882 814 808
f 882 808 881
f 881 808 807
f 881 807 761
f 761 807 806
f 761 806 760
f 760 806 772
f 760 772 759
f 759 772 771
f 759 771 758
f 758 771 774
f 758 774 792
f 792 774 773
f 792 773 794
f 794 773 780
f 794 780 795
f 795 780 781
f 795 781 796
f 796 781 696
f 796 696 692
f 692 696 695
f 692 695 693
f 128 127 887
f 888 889 890
f 92 91 891
f 892 893 894
f 895 896 888
f 897 898 889
f 899 900 901
f 901 900 525
f 525 900 902
f 525 902 527
f 898 903 904
f 903 905 904
f 904 905 906
f 904 906 907
f 888 896 889
f 889 896 908
f 889 908 897
f 892 894 909
f 114 113 910
f 911 131 114
f 114 910 911
f 911 910 912
f 911 912 909
f 891 91 913
f 914 544 543
f 544 914 545
f 545 914 915
f 545 915 550
f 898 904 889
f 889 904 916
f 889 916 890
f 914 917 915
f 915 917 918
f 915 918 919
f 919 918 920
f 919 920 901
f 538 919 539
f 539 919 901
f 539 901 524
f 524 901 525
f 126 125 921
f 921 125 116
f 921 116 911
f 911 116 115
f 911 115 131
f 922 61 923
f 923 61 60
f 923 60 6
f 6 5 923
f 923 5 119
f 923 119 124
f 128 887 121
f 127 126 887
f 887 126 921
f 887 921 924
f 924 921 911
f 924 911 894
f 894 911 909
f 91 46 913
f 913 46 45
f 913 45 922
f 922 45 96
f 922 96 61
f 923 925 922
f 922 925 926
f 922 926 913
f 913 926 917
f 913 917 891
f 891 917 914
f 891 914 92
f 92 914 543
f 92 543 94
f 123 121 927
f 927 121 887
f 927 887 928
f 928 887 924
f 928 924 890
f 890 924 894
f 890 894 888
f 888 894 893
f 888 893 895
f 538 565 919
f 919 565 564
f 919 564 915
f 915 564 563
f 915 563 550
f 124 123 923
f 923 123 927
f 923 927 925
f 925 927 928
f 925 928 926
f 926 928 890
f 926 890 917
f 917 890 916
f 917 916 918
f 918 916 904
f 918 904 920
f 920 904 907
f 920 907 901
f 901 907 929
f 901 929 899
f 930 931 932
f 931 933 932
f 932 933 934
f 932 934 935
f 936 937 938
f 938 937 939
f 938 939 932
f 932 939 940
f 932 940 930
f 941 942 943
f 943 942 944
f 945 946 944
f 944 946 947
f 944 947 943
f 948 949 950
f 936 938 951
f 951 938 952
f 951 952 953
f 954 955 956
f 956 955 957
f 956 957 958
f 959 960 961
f 961 960 962
f 941 963 942
f 942 963 964
f 942 964 952
f 952 964 965
f 952 965 953
f 948 950 944
f 944 950 966
f 944 966 945
f 954 967 955
f 955 967 968
f 955 968 948
f 948 968 969
f 948 969 949
f 957 970 971
f 972 973 974
f 974 973 975
f 971 976 957
f 957 976 977
f 957 977 958
f 958 977 975
f 958 975 978
f 978 975 973
f 962 979 961
f 961 979 980
f 961 980 981
f 981 980 982
f 981 982 957
f 957 982 983
f 957 983 970
f 972 984 985
f 959 961 986
f 986 961 987
f 986 987 988
f 934 989 935
f 935 989 990
f 935 990 987
f 987 990 991
f 987 991 988
f 992 984 993
f 993 984 994
f 992 995 984
f 984 995 996
f 984 996 985
f 985 997 972
f 972 997 998
f 972 998 999
f 999 1000 972
f 972 1000 1001
f 972 1001 973
f 1002 1003 113
f 291 159 1004
f 1005 1006 1007
f 1008 1009 1010
f 1011 1012 1004
f 143 145 1013
f 1013 145 150
f 1013 150 1014
f 1014 150 149
f 1014 149 147
f 138 1015 139
f 139 1015 1016
f 139 1016 133
f 138 136 1015
f 1015 136 135
f 1015 135 1017
f 1017 135 110
f 110 109 1017
f 1017 109 140
f 1017 140 1013
f 1013 140 142
f 1013 142 143
f 1018 1014 1019
f 1019 1014 147
f 1019 147 146
f 1020 1017 1021
f 1021 1017 1013
f 1021 1013 1022
f 1022 1013 1023
f 1018 1024 1014
f 1014 1024 1025
f 1014 1025 1013
f 1013 1025 1026
f 1013 1026 1023
f 1027 1002 1028
f 1028 1002 1016
f 1028 1016 1029
f 1030 1031 1015
f 1015 1031 1016
f 1016 1031 1032
f 1016 1032 1029
f 1020 1033 1017
f 1017 1033 1034
f 1017 1034 1015
f 1015 1034 1035
f 1015 1035 1030
f 1036 1007 1037
f 1037 1007 1006
f 1037 1006 1038
f 1038 1006 1039
f 1036 1040 1007
f 1007 1040 1041
f 1007 1041 1042
f 1042 1041 1043
f 1042 1043 1044
f 1009 1045 1046
f 1047 1048 1049
f 1049 1048 1004
f 1049 1004 1050
f 1050 1004 1012
f 1045 1051 1046
f 1046 1051 1052
f 1046 1052 1004
f 1004 1052 1053
f 1004 1053 1011
f 1044 1054 1042
f 1042 1054 1055
f 1042 1055 1010
f 1010 1055 1056
f 1010 1056 1008
f 169 174 1042
f 1042 174 173
f 1042 173 1007
f 1007 173 172
f 1007 172 1005
f 1005 172 171
f 1005 171 170
f 1009 1046 1010
f 1010 1046 161
f 1010 161 167
f 291 1004 151
f 151 1004 1048
f 151 1048 152
f 159 157 1004
f 1004 157 156
f 1004 156 1046
f 1046 156 162
f 1046 162 161
f 167 166 1010
f 1010 166 164
f 1010 164 1042
f 1042 164 163
f 1042 163 169
f 1027 1057 1002
f 1002 1057 1058
f 1002 1058 1003
f 1003 1058 1059
f 1003 1059 1060
f 1060 1059 1061
f 113 112 1002
f 1002 112 129
f 1002 129 1016
f 1016 129 134
f 1016 134 133
f 1047 1062 1048
f 1048 1062 1063
f 1048 1063 1019
f 1019 1063 1064
f 1019 1064 1018
f 146 279 1019
f 1019 279 155
f 1019 155 1048
f 1048 155 154
f 1048 154 152
f 975 977 1065
f 1066 970 1067
f 1067 970 983
f 1066 1068 970
f 970 1068 1069
f 970 1069 971
f 1065 977 1070
f 1070 977 976
f 1070 976 971
f 984 972 1071
f 975 1065 974
f 974 1065 1072
f 974 1072 972
f 972 1072 1073
f 972 1073 1071
f 1074 1075 1072
f 1072 1075 1076
f 1072 1076 1073
f 1077 1078 1079
f 1079 1078 1074
f 1079 1074 1080
f 1080 1074 1072
f 1080 1072 1081
f 1081 1072 1065
f 1081 1065 1082
f 1082 1065 1083
f 1083 1065 1070
f 1083 1070 1084
f 971 1069 1070
f 1070 1069 1085
f 1070 1085 1086
f 1086 1087 1070
f 1070 1087 1088
f 1070 1088 1084
f 182 189 1089
f 604 602 1090
f 567 566 1091
f 573 572 1092
f 1093 1094 1095
f 1096 1097 1098
f 1099 1100 1093
f 170 107 1101
f 1101 107 1102
f 1101 1102 1103
f 1103 1102 1104
f 1100 1105 1093
f 1093 1105 1106
f 1093 1106 1094
f 1094 1106 1107
f 1094 1107 1104
f 1108 1096 1109
f 1110 1111 1112
f 1112 1111 1113
f 1114 1110 1092
f 575 1115 572
f 572 1115 1116
f 572 1116 1092
f 1092 1116 1117
f 1092 1117 1114
f 107 106 1102
f 1102 106 181
f 1102 181 1118
f 1110 1112 1092
f 1092 1112 1119
f 1092 1119 1120
f 601 607 1120
f 1120 607 606
f 1120 606 1092
f 1092 606 609
f 1092 609 573
f 1121 1122 455
f 455 456 1121
f 1121 456 457
f 1121 457 1091
f 1091 457 492
f 1091 492 567
f 604 1090 605
f 1096 1098 1109
f 1109 1098 1123
f 1109 1123 1124
f 1124 1123 1125
f 1124 1125 1126
f 1089 189 445
f 445 189 187
f 445 187 186
f 1127 184 183
f 446 447 1128
f 1128 447 494
f 1128 494 1122
f 1122 494 454
f 1122 454 455
f 184 1127 185
f 185 1127 1129
f 185 1129 177
f 181 180 1118
f 1118 180 179
f 1118 179 1129
f 1129 179 175
f 1129 175 177
f 1127 1130 1129
f 1129 1130 1095
f 1129 1095 1118
f 1118 1095 1094
f 1118 1094 1102
f 1102 1094 1104
f 445 446 1089
f 1089 446 1128
f 1089 1128 1131
f 1131 1128 1122
f 1131 1122 1125
f 1125 1122 1121
f 1125 1121 1126
f 1126 1121 1091
f 1126 1091 1090
f 1090 1091 566
f 1090 566 605
f 602 601 1090
f 1090 601 1120
f 1090 1120 1126
f 1126 1120 1119
f 1126 1119 1124
f 1124 1119 1112
f 1124 1112 1109
f 1109 1112 1113
f 1109 1113 1108
f 1097 1099 1098
f 1098 1099 1093
f 1098 1093 1123
f 1123 1093 1095
f 1123 1095 1125
f 1125 1095 1130
f 1125 1130 1131
f 1131 1130 1127
f 1131 1127 1089
f 1089 1127 183
f 1089 183 182
f 1132 1133 1134
f 1135 1136 1137
f 1138 1139 1140
f 1141 1142 1143
f 1143 1142 1144
f 1145 1146 1147
f 1147 1146 1148
f 1147 1148 1138
f 1138 1148 1149
f 1138 1149 1139
f 1145 1147 1150
f 1150 1147 1151
f 1150 1151 1152
f 1137 1136 1151
f 1151 1136 1153
f 1151 1153 1152
f 1135 1137 1154
f 1154 1137 1155
f 1154 1155 1156
f 1157 1158 1159
f 1159 1158 1160
f 1157 1161 1158
f 1158 1161 1162
f 1158 1162 1155
f 1155 1162 1163
f 1155 1163 1156
f 1164 1165 1160
f 1160 1165 1166
f 1160 1166 1159
f 1167 1168 1160
f 1160 1168 1164
f 1169 1170 1171
f 526 527 1172
f 1172 527 1173
f 1172 1173 1174
f 515 1175 512
f 512 1175 1176
f 512 1176 510
f 504 503 1134
f 1134 503 501
f 1134 501 1177
f 501 500 1177
f 1177 500 507
f 1177 507 1176
f 1176 507 509
f 1176 509 510
f 504 1134 505
f 505 1134 1133
f 505 1133 506
f 1169 1167 1170
f 1170 1167 1160
f 1170 1160 1178
f 1178 1160 1158
f 1178 1158 1179
f 1179 1158 1155
f 1179 1155 1180
f 1180 1155 1137
f 1180 1137 1181
f 1181 1137 1151
f 1181 1151 1182
f 1182 1151 1147
f 1182 1147 1183
f 1183 1147 1138
f 1183 1138 1141
f 1141 1138 1140
f 1141 1140 1142
f 1184 520 1172
f 1172 520 519
f 1172 519 526
f 1185 523 1184
f 1184 523 522
f 1184 522 520
f 515 514 1175
f 1175 514 518
f 1175 518 1185
f 1185 518 517
f 1185 517 523
f 1141 1186 1183
f 1183 1186 1187
f 1187 1132 1183
f 1183 1132 1134
f 1183 1134 1182
f 1182 1134 1177
f 1182 1177 1181
f 1181 1177 1176
f 1181 1176 1180
f 1180 1176 1175
f 1180 1175 1179
f 1179 1175 1185
f 1179 1185 1178
f 1178 1185 1184
f 1178 1184 1170
f 1170 1184 1172
f 1170 1172 1171
f 1171 1172 1174
f 1188 1189 1190
f 1191 570 569
f 1192 616 1193
f 1193 616 615
f 597 600 1194
f 1194 600 599
f 1194 599 1191
f 1191 599 598
f 1191 598 570
f 593 591 1195
f 1195 591 590
f 1195 590 1194
f 1194 590 595
f 1194 595 597
f 593 1195 594
f 594 1195 1196
f 594 1196 589
f 585 583 1197
f 1197 583 582
f 1197 582 1196
f 1196 582 587
f 1196 587 589
f 585 1197 586
f 586 1197 1198
f 586 1198 581
f 1199 578 1198
f 1198 578 579
f 1198 579 581
f 575 576 1199
f 1199 576 577
f 1199 577 578
f 1200 1201 1199
f 1199 1201 1202
f 1199 1202 575
f 1188 1190 1203
f 655 661 1204
f 1204 661 660
f 1204 660 1205
f 1205 660 662
f 1205 662 1206
f 1206 662 664
f 1207 1208 1209
f 1207 1209 1210
f 1209 658 1210
f 1210 658 657
f 1210 657 1204
f 1204 657 656
f 1204 656 655
f 1211 1212 1207
f 1207 1212 1213
f 1207 1213 1208
f 1214 1215 1211
f 1211 1215 1216
f 1211 1216 1212
f 1217 1218 1219
f 1219 1218 1220
f 1219 1220 1214
f 1214 1220 1221
f 1214 1221 1215
f 1217 1219 1222
f 1222 1219 1223
f 1222 1223 1224
f 1225 1226 1223
f 1223 1226 1227
f 1223 1227 1224
f 1228 1229 1223
f 1229 1230 1223
f 1223 1230 1231
f 1223 1231 1225
f 1225 1231 1232
f 1205 1203 1204
f 1204 1203 1190
f 1204 1190 1210
f 1210 1190 1233
f 1210 1233 1207
f 1207 1233 1234
f 1207 1234 1211
f 1211 1234 1235
f 1211 1235 1214
f 1214 1235 1236
f 1214 1236 1219
f 1219 1236 1237
f 1219 1237 1223
f 1223 1237 1238
f 1223 1238 1228
f 1228 1238 1239
f 1240 1191 1192
f 1192 1191 569
f 1192 569 616
f 1189 1200 1190
f 1190 1200 1199
f 1190 1199 1233
f 1233 1199 1198
f 1233 1198 1234
f 1234 1198 1197
f 1234 1197 1235
f 1235 1197 1196
f 1235 1196 1236
f 1236 1196 1195
f 1236 1195 1237
f 1237 1195 1194
f 1237 1194 1238
f 1238 1194 1191
f 1238 1191 1239
f 1239 1191 1240
f 1241 1242 1243
f 708 712 1244
f 1244 712 711
f 1244 711 1245
f 1246 706 704
f 1246 704 1247
f 1247 704 703
f 1247 703 1244
f 1244 703 709
f 1244 709 708
f 1248 695 1249
f 1249 695 697
f 1249 697 698
f 686 691 1250
f 1250 691 689
f 1250 689 1251
f 689 688 1251
f 1251 688 694
f 1251 694 1248
f 1248 694 693
f 1248 693 695
f 698 702 1249
f 1249 702 700
f 1249 700 1246
f 1246 700 699
f 1246 699 706
f 615 687 1193
f 1193 687 1192
f 1192 687 1250
f 1250 687 686
f 1252 1253 1254
f 1254 1253 1255
f 1254 1255 1256
f 1257 1258 1259
f 1259 1258 1260
f 1259 1260 1255
f 1255 1260 1261
f 1255 1261 1256
f 1262 1263 1264
f 1264 1263 1265
f 1264 1265 1266
f 1266 1265 1267
f 1262 1268 1263
f 1263 1268 1269
f 1263 1269 1270
f 1270 1269 1271
f 1270 1271 1272
f 1273 1231 1230
f 1252 1274 1253
f 1253 1274 1275
f 1253 1275 1265
f 1265 1275 1276
f 1265 1276 1267
f 1132 1187 1277
f 1143 1144 1278
f 1186 1141 1279
f 1243 1242 1280
f 1280 1242 1281
f 1280 1281 1282
f 1143 1278 1141
f 1141 1278 1283
f 1141 1283 1279
f 1279 1283 1284
f 1279 1284 1243
f 1243 1284 1285
f 1243 1285 1241
f 1286 1287 1288
f 1288 1287 1289
f 1288 1289 1290
f 1286 1291 1287
f 1287 1291 1292
f 1287 1292 1293
f 1293 1292 1294
f 1282 1295 1280
f 1280 1295 1296
f 1280 1296 1289
f 1289 1296 1297
f 1289 1297 1290
f 506 1133 736
f 736 1133 1298
f 736 1298 731
f 800 1299 727
f 727 1299 1300
f 727 1300 728
f 728 1300 730
f 800 735 1299
f 1299 735 734
f 1299 734 1298
f 1298 734 732
f 1298 732 731
f 730 1300 723
f 723 1300 1301
f 723 1301 724
f 1302 726 1301
f 1301 726 725
f 1301 725 724
f 717 1303 713
f 713 1303 1304
f 717 719 1303
f 1303 719 720
f 1303 720 1302
f 1302 720 722
f 1302 722 726
f 1245 711 716
f 1245 716 1304
f 1304 716 714
f 1304 714 713
f 1272 1305 1270
f 1270 1305 1306
f 1270 1306 1307
f 1307 1306 1308
f 1307 1308 1309
f 1187 1186 1277
f 1277 1186 1279
f 1277 1279 1310
f 1310 1279 1243
f 1310 1243 1311
f 1311 1243 1280
f 1311 1280 1312
f 1312 1280 1289
f 1312 1289 1313
f 1313 1289 1287
f 1313 1287 1314
f 1314 1287 1293
f 1314 1293 1315
f 1315 1293 1316
f 1315 1316 1317
f 1317 1316 1257
f 1317 1257 1318
f 1318 1257 1259
f 1318 1259 1319
f 1319 1259 1255
f 1319 1255 1320
f 1320 1255 1253
f 1320 1253 1321
f 1321 1253 1265
f 1321 1265 1322
f 1322 1265 1263
f 1322 1263 1323
f 1323 1263 1270
f 1323 1270 1273
f 1273 1270 1307
f 1273 1307 1231
f 1231 1307 1309
f 1231 1309 1232
f 1229 1228 1250
f 1228 1239 1250
f 1250 1239 1240
f 1250 1240 1192
f 1294 1324 1293
f 1293 1324 1325
f 1293 1325 1316
f 1316 1325 1326
f 1316 1326 1257
f 1257 1326 1327
f 1257 1327 1258
f 1230 1229 1273
f 1273 1229 1250
f 1273 1250 1323
f 1323 1250 1251
f 1323 1251 1322
f 1322 1251 1248
f 1322 1248 1321
f 1321 1248 1249
f 1321 1249 1320
f 1320 1249 1246
f 1320 1246 1319
f 1319 1246 1247
f 1319 1247 1318
f 1318 1247 1244
f 1318 1244 1317
f 1317 1244 1245
f 1317 1245 1315
f 1315 1245 1304
f 1315 1304 1314
f 1314 1304 1303
f 1314 1303 1313
f 1313 1303 1302
f 1313 1302 1312
f 1312 1302 1301
f 1312 1301 1311
f 1311 1301 1300
f 1311 1300 1310
f 1310 1300 1299
f 1310 1299 1277
f 1277 1299 1298
f 1277 1298 1132
f 1132 1298 1133
f 1328 1329 1330
f 899 929 1331
f 1332 1333 1334
f 1335 1336 1337
f 1332 1334 1338
f 1335 1337 1334
f 1334 1337 1339
f 1334 1339 1338
f 1171 1174 1340
f 1340 1174 1173
f 1169 1341 1167
f 1164 1168 1342
f 1342 1168 1343
f 1342 1343 1344
f 1345 1346 1347
f 1347 1346 1348
f 1347 1348 1343
f 1343 1348 1349
f 1343 1349 1344
f 1333 1350 1334
f 1334 1350 1351
f 1334 1351 1352
f 899 1331 900
f 900 1331 1340
f 900 1340 902
f 902 1340 1173
f 902 1173 527
f 905 1353 906
f 906 1353 1331
f 906 1331 907
f 907 1331 929
f 1168 1167 1343
f 1343 1167 1341
f 1343 1341 1347
f 1347 1341 1354
f 1347 1354 1355
f 1061 1356 1357
f 1329 1358 1330
f 1330 1358 1359
f 1330 1359 1335
f 1335 1359 1360
f 1335 1360 1336
f 1356 1361 1357
f 1357 1361 1362
f 1357 1362 1328
f 1363 1330 1364
f 1364 1330 1335
f 1364 1335 1355
f 1355 1335 1334
f 1355 1334 1347
f 1347 1334 1352
f 1347 1352 1345
f 1061 1357 1060
f 1060 1357 1365
f 1060 1365 1003
f 1003 1365 910
f 1003 910 113
f 895 1366 896
f 896 1366 1367
f 896 1367 908
f 905 903 1353
f 1353 903 898
f 1353 898 1367
f 1367 898 897
f 1367 897 908
f 1365 909 912
f 1365 912 910
f 1363 893 892
f 1328 1330 1357
f 1357 1330 1363
f 1357 1363 1365
f 1365 1363 892
f 1365 892 909
f 1169 1171 1341
f 1341 1171 1340
f 1341 1340 1354
f 1354 1340 1331
f 1354 1331 1355
f 1355 1331 1353
f 1355 1353 1364
f 1364 1353 1367
f 1364 1367 1363
f 1363 1367 1366
f 1363 1366 893
f 893 1366 895
f 961 1368 987
f 987 1368 1369
f 987 1369 935
f 935 1369 1370
f 935 1370 932
f 932 1370 1371
f 932 1371 938
f 938 1371 1372
f 938 1372 952
f 952 1372 1373
f 952 1373 942
f 942 1373 1374
f 942 1374 944
f 944 1374 1375
f 944 1375 948
f 948 1375 1376
f 948 1376 955
f 955 1376 1377
f 955 1377 957
f 957 1377 1378
f 957 1378 981
f 981 1378 1379
f 981 1379 961
f 961 1379 1368
f 1380 1381 1382
f 1383 1384 1385
f 1068 1066 1386
f 1067 983 982
f 1086 1085 1387
f 1387 1085 1069
f 1087 1388 1389
f 1087 1389 1390
f 1390 1389 1391
f 1390 1391 1392
f 1392 1391 1393
f 1392 1393 1394
f 1395 1396 1397
f 1398 1399 1400
f 1400 1399 1385
f 1400 1385 1401
f 1401 1385 1384
f 1402 1403 1404
f 1404 1403 1383
f 1404 1383 1405
f 1406 1407 1402
f 1402 1404 1406
f 1406 1404 1405
f 1406 1405 1408
f 1408 1405 1409
f 1408 1409 1410
f 1410 1409 1411
f 1410 1411 1412
f 1412 1411 1413
f 1413 1411 1414
f 1413 1414 1381
f 1415 1416 1380
f 1416 1415 941
f 941 1415 963
f 963 1415 1417
f 963 1417 964
f 964 1417 1418
f 964 1418 965
f 965 1418 1419
f 965 1419 953
f 953 1419 1420
f 953 1420 951
f 951 1420 1421
f 951 1421 936
f 936 1421 1422
f 936 1422 937
f 937 1422 1423
f 937 1423 939
f 939 1423 1424
f 939 1424 940
f 940 1424 1425
f 940 1425 930
f 930 1425 1426
f 930 1426 931
f 931 1426 1427
f 931 1427 933
f 933 1427 1428
f 933 1428 934
f 934 1428 1429
f 934 1429 989
f 989 1429 1430
f 989 1430 990
f 990 1430 1431
f 990 1431 991
f 991 1431 1432
f 991 1432 988
f 988 1432 1433
f 988 1433 986
f 986 1433 1434
f 986 1434 959
f 959 1434 1435
f 959 1435 960
f 960 1435 1436
f 960 1436 962
f 962 1436 1437
f 962 1437 979
f 979 1437 1438
f 979 1438 980
f 980 1438 1386
f 980 1386 982
f 982 1386 1066
f 982 1066 1067
f 1380 1382 1415
f 1415 1382 1439
f 1415 1439 1417
f 1417 1439 1440
f 1417 1440 1418
f 1418 1440 1441
f 1418 1441 1419
f 1419 1441 1442
f 1419 1442 1420
f 1420 1442 1443
f 1420 1443 1421
f 1421 1443 1444
f 1421 1444 1422
f 1422 1444 1445
f 1422 1445 1423
f 1423 1445 1446
f 1423 1446 1424
f 1424 1446 1447
f 1424 1447 1425
f 1425 1447 1448
f 1425 1448 1426
f 1426 1448 1449
f 1426 1449 1427
f 1427 1449 1450
f 1427 1450 1428
f 1428 1450 1451
f 1428 1451 1429
f 1429 1451 1452
f 1429 1452 1430
f 1430 1452 1453
f 1430 1453 1431
f 1431 1453 1454
f 1431 1454 1432
f 1432 1454 1455
f 1432 1455 1433
f 1433 1455 1456
f 1433 1456 1434
f 1434 1456 1457
f 1434 1457 1435
f 1435 1457 1458
f 1435 1458 1436
f 1436 1458 1459
f 1436 1459 1437
f 1437 1459 1460
f 1437 1460 1438
f 1438 1460 1387
f 1438 1387 1386
f 1386 1387 1069
f 1386 1069 1068
f 1381 1414 1382
f 1382 1414 1461
f 1382 1461 1439
f 1439 1461 1462
f 1439 1462 1440
f 1440 1462 1463
f 1440 1463 1441
f 1441 1463 1464
f 1441 1464 1442
f 1442 1464 1465
f 1442 1465 1443
f 1443 1465 1466
f 1443 1466 1444
f 1444 1466 1467
f 1444 1467 1445
f 1445 1467 1468
f 1445 1468 1446
f 1446 1468 1469
f 1446 1469 1447
f 1447 1469 1470
f 1447 1470 1448
f 1448 1470 1471
f 1448 1471 1449
f 1449 1471 1472
f 1449 1472 1450
f 1450 1472 1473
f 1450 1473 1451
f 1451 1473 1474
f 1451 1474 1452
f 1452 1474 1475
f 1452 1475 1453
f 1453 1475 1476
f 1453 1476 1454
f 1454 1476 1477
f 1454 1477 1455
f 1455 1477 1478
f 1455 1478 1456
f 1456 1478 1479
f 1456 1479 1457
f 1457 1479 1480
f 1457 1480 1458
f 1458 1480 1481
f 1458 1481 1459
f 1459 1481 1482
f 1459 1482 1460
f 1460 1482 1388
f 1460 1388 1387
f 1387 1388 1087
f 1387 1087 1086
f 1383 1385 1405
f 1405 1385 1399
f 1405 1399 1409
f 1409 1399 1483
f 1409 1483 1411
f 1411 1483 1484
f 1411 1484 1414
f 1414 1484 1485
f 1414 1485 1461
f 1461 1485 1486
f 1461 1486 1462
f 1462 1486 1487
f 1462 1487 1463
f 1463 1487 1488
f 1463 1488 1464
f 1464 1488 1489
f 1464 1489 1465
f 1465 1489 1490
f 1465 1490 1466
f 1466 1490 1491
f 1466 1491 1467
f 1467 1491 1492
f 1467 1492 1468
f 1468 1492 1493
f 1468 1493 1469
f 1469 1493 1494
f 1469 1494 1470
f 1470 1494 1495
f 1470 1495 1471
f 1471 1495 1496
f 1471 1496 1472
f 1472 1496 1497
f 1472 1497 1473
f 1473 1497 1498
f 1473 1498 1474
f 1474 1498 1499
f 1474 1499 1475
f 1475 1499 1500
f 1475 1500 1476
f 1476 1500 1501
f 1476 1501 1477
f 1477 1501 1502
f 1477 1502 1478
f 1478 1502 1503
f 1478 1503 1479
f 1479 1503 1504
f 1479 1504 1480
f 1480 1504 1505
f 1480 1505 1481
f 1481 1505 1506
f 1481 1506 1482
f 1482 1506 1507
f 1482 1507 1388
f 1388 1507 1508
f 1388 1508 1389
f 1398 1509 1399
f 1399 1509 1510
f 1399 1510 1483
f 1483 1510 1511
f 1483 1511 1484
f 1484 1511 1512
f 1484 1512 1485
f 1485 1512 1513
f 1485 1513 1486
f 1486 1513 1514
f 1486 1514 1487
f 1487 1514 1515
f 1487 1515 1488
f 1488 1515 1516
f 1488 1516 1489
f 1489 1516 1517
f 1489 1517 1490
f 1490 1517 1518
f 1490 1518 1491
f 1491 1518 1519
f 1491 1519 1492
f 1492 1519 1520
f 1492 1520 1493
f 1493 1520 1521
f 1493 1521 1494
f 1494 1521 1522
f 1494 1522 1495
f 1495 1522 1523
f 1495 1523 1496
f 1496 1523 1524
f 1496 1524 1497
f 1497 1524 1525
f 1497 1525 1498
f 1498 1525 1526
f 1498 1526 1499
f 1499 1526 1527
f 1499 1527 1500
f 1500 1527 1528
f 1500 1528 1501
f 1501 1528 1529
f 1501 1529 1502
f 1502 1529 1530
f 1502 1530 1503
f 1503 1530 1531
f 1503 1531 1504
f 1504 1531 1532
f 1504 1532 1505
f 1505 1532 1533
f 1505 1533 1506
f 1506 1533 1534
f 1506 1534 1507
f 1507 1534 1395
f 1507 1395 1508
f 1508 1395 1397
f 1508 1397 1389
f 1389 1397 1535
f 1389 1535 1391
f 1391 1535 1536
f 1391 1536 1393
f 1537 1538 941
f 1537 941 1539
f 1540 1539 941
f 1541 1540 941
f 1542 1541 941
f 1543 1542 941
f 1544 1543 941
f 1545 1544 941
f 1546 1545 941
f 1547 1548 1549
f 1550 1551 1552
f 943 1546 941
f 1553 1554 1555
f 1554 1556 1555
f 1555 1556 1557
f 1555 1557 1558
f 1558 1557 1559
f 1558 1559 1560
f 1561 1562 1563
f 1563 1562 1564
f 1563 1564 1553
f 958 978 1561
f 1561 1563 958
f 958 1563 1565
f 958 1565 956
f 956 1565 1566
f 956 1566 954
f 954 1566 1567
f 954 1567 967
f 967 1567 1568
f 967 1568 968
f 968 1568 1569
f 968 1569 969
f 969 1569 1570
f 969 1570 949
f 1571 1572 1538
f 1538 1572 1573
f 1538 1573 941
f 1574 1575 1576
f 1576 1575 1577
f 1577 1575 1578
f 1578 1575 1579
f 1578 1579 1580
f 1580 1579 1581
f 1580 1581 1582
f 1582 1581 1583
f 1583 1581 1584
f 1583 1584 1585
f 1586 1587 1588
f 1588 1587 1589
f 1588 1589 1590
f 1590 1589 1591
f 1590 1591 1592
f 1593 1594 1595
f 1595 1594 1596
f 1550 1552 1597
f 1548 1598 1549
f 1549 1598 1599
f 1549 1599 1600
f 1600 1599 1601
f 1601 1599 1602
f 1602 1599 1603
f 1602 1603 1604
f 1604 1603 1605
f 1604 1605 1606
f 1606 1605 1607
f 1606 1607 1608
f 1560 1609 1558
f 1558 1609 1610
f 1558 1610 1555
f 1555 1610 1611
f 1555 1611 1612
f 1612 1611 1613
f 1612 1613 1607
f 1607 1613 1614
f 1607 1614 1608
f 1553 1555 1563
f 1563 1555 1612
f 1563 1612 1565
f 1565 1612 1607
f 1565 1607 1566
f 1566 1607 1605
f 1566 1605 1567
f 1567 1605 1603
f 1567 1603 1568
f 1568 1603 1599
f 1568 1599 1569
f 1569 1599 1598
f 1569 1598 1570
f 1547 1615 1548
f 1548 1615 1616
f 1548 1616 1598
f 1598 1616 1617
f 1598 1617 1570
f 1570 1617 1618
f 1570 1618 949
f 949 1618 950
f 1615 1597 1616
f 1616 1597 1552
f 1616 1552 1617
f 1617 1552 1619
f 1617 1619 1618
f 1618 1619 1620
f 1618 1620 950
f 950 1620 966
f 1551 1594 1552
f 1552 1594 1593
f 1552 1593 1619
f 1619 1593 1621
f 1619 1621 1620
f 1620 1621 1622
f 1620 1622 966
f 966 1622 945
f 1596 1592 1595
f 1595 1592 1591
f 1595 1591 1593
f 1593 1591 1623
f 1593 1623 1621
f 1621 1623 1624
f 1621 1624 1622
f 1622 1624 1625
f 1622 1625 945
f 945 1625 946
f 1586 1585 1587
f 1587 1585 1584
f 1587 1584 1589
f 1589 1584 1626
f 1589 1626 1591
f 1591 1626 1627
f 1591 1627 1623
f 1623 1627 1628
f 1623 1628 1624
f 1624 1628 1629
f 1624 1629 1625
f 1625 1629 1630
f 1625 1630 946
f 946 1630 947
f 943 947 1546
f 1546 947 1630
f 1546 1630 1545
f 1545 1630 1629
f 1545 1629 1544
f 1544 1629 1628
f 1544 1628 1543
f 1543 1628 1627
f 1543 1627 1542
f 1542 1627 1626
f 1542 1626 1541
f 1541 1626 1584
f 1541 1584 1540
f 1540 1584 1581
f 1540 1581 1539
f 1539 1581 1579
f 1539 1579 1537
f 1537 1579 1575
f 1537 1575 1538
f 1538 1575 1574
f 1538 1574 1571
f 1571 1574 1576
f 1571 1576 1631
f 1554 1553 1632
f 1633 1632 1634
f 1635 1636 1633
f 1557 1637 1559
f 1559 1637 1638
f 1559 1638 1560
f 1639 1640 1641
f 1641 1640 1642
f 1641 1642 1643
f 1644 1645 1646
f 1646 1645 1647
f 1646 1647 1648
f 1634 1649 1645
f 1645 1649 1650
f 1645 1650 1651
f 1651 1652 1645
f 1645 1652 1653
f 1645 1653 1647
f 996 995 1649
f 1649 995 992
f 1649 992 1650
f 1650 992 993
f 1650 993 1654
f 1654 993 994
f 999 1655 1000
f 1000 1655 1656
f 1000 1656 1001
f 1644 1657 1645
f 1645 1657 1639
f 1645 1639 1634
f 1634 1639 1641
f 1634 1641 1633
f 1633 1641 1643
f 1633 1643 1635
f 1561 1656 1562
f 1562 1656 1564
f 1561 978 1656
f 1656 978 973
f 1656 973 1001
f 999 998 1655
f 1655 998 997
f 1655 997 985
f 1553 1564 1632
f 1632 1564 1656
f 1632 1656 1634
f 1634 1656 1655
f 1634 1655 1649
f 1649 1655 985
f 1649 985 996
f 1636 1637 1633
f 1633 1637 1557
f 1633 1557 1632
f 1632 1557 1556
f 1632 1556 1554
f 1035 1034 1658
f 1659 1660 1661
f 1662 1648 1647
f 1663 1033 1020
f 1663 1020 1664
f 1033 1663 1034
f 1034 1663 1665
f 1034 1665 1658
f 1073 1076 1666
f 1666 1076 1075
f 1666 1075 1667
f 1667 1075 1074
f 1667 1074 1664
f 1664 1074 1078
f 1664 1078 1077
f 994 984 1668
f 1668 984 1666
f 1666 984 1071
f 1666 1071 1073
f 1668 1063 994
f 994 1063 1062
f 994 1062 1654
f 1654 1062 1047
f 1654 1047 1650
f 1650 1047 1049
f 1650 1049 1651
f 1651 1049 1050
f 1651 1050 1652
f 1652 1050 1012
f 1652 1012 1653
f 1653 1012 1011
f 1653 1011 1647
f 1011 1053 1647
f 1647 1053 1052
f 1647 1052 1662
f 1662 1052 1051
f 1662 1051 1669
f 1669 1051 1045
f 1669 1045 1670
f 1045 1009 1670
f 1670 1009 1008
f 1670 1008 1671
f 1671 1008 1056
f 1671 1056 1672
f 1672 1056 1055
f 1672 1055 1673
f 1673 1055 1674
f 1055 1054 1674
f 1674 1054 1044
f 1674 1044 1675
f 1675 1044 1043
f 1675 1043 1676
f 1676 1043 1041
f 1676 1041 1677
f 1678 1679 1680
f 1680 1679 1681
f 1680 1681 1039
f 1039 1681 1038
f 1681 1682 1038
f 1038 1682 1683
f 1038 1683 1037
f 1037 1683 1684
f 1037 1684 1036
f 1036 1684 1677
f 1036 1677 1040
f 1040 1677 1041
f 1685 1686 1687
f 1685 1687 1688
f 1678 1689 1679
f 1679 1689 1686
f 1679 1686 1690
f 1690 1686 1685
f 1687 1691 1688
f 1688 1691 1692
f 1688 1692 1693
f 1693 1692 1694
f 1693 1694 1695
f 1695 1694 1696
f 1695 1696 1697
f 1697 1696 1698
f 1697 1698 1660
f 1660 1698 1699
f 1660 1699 1661
f 1659 1661 1700
f 1700 1661 1701
f 1700 1701 1702
f 1023 1026 1666
f 1666 1026 1025
f 1025 1024 1666
f 1666 1024 1018
f 1666 1018 1668
f 1668 1018 1064
f 1668 1064 1063
f 1664 1020 1667
f 1667 1020 1021
f 1667 1021 1666
f 1666 1021 1022
f 1666 1022 1023
f 1035 1658 1030
f 1030 1658 1703
f 1030 1703 1031
f 1031 1703 1704
f 1031 1704 1705
f 1031 1705 1032
f 1705 1706 1032
f 1032 1706 1707
f 1032 1707 1029
f 1029 1707 1028
f 1708 1058 1057
f 1057 1027 1708
f 1708 1027 1028
f 1708 1028 1709
f 1709 1028 1707
f 1708 1710 1058
f 1058 1710 1711
f 1058 1711 1059
f 1059 1711 1712
f 1059 1712 1061
f 1061 1712 1713
f 1713 1714 1061
f 1061 1714 1715
f 1061 1715 1356
f 1356 1715 1716
f 1717 1329 1718
f 1718 1329 1328
f 1718 1328 1719
f 1719 1328 1362
f 1719 1362 1716
f 1716 1362 1361
f 1716 1361 1356
f 1336 1360 1720
f 1720 1360 1359
f 1720 1359 1717
f 1717 1359 1358
f 1717 1358 1329
f 1006 1005 1721
f 1205 1206 1722
f 1723 1724 1725
f 1702 1701 1726
f 1699 1698 1727
f 1694 1692 1728
f 1680 1039 1006
f 1686 1689 1729
f 1729 1689 1006
f 1006 1689 1678
f 1006 1678 1680
f 1730 1691 1729
f 1729 1691 1687
f 1729 1687 1686
f 1727 1698 1728
f 1728 1698 1696
f 1728 1696 1694
f 1726 1701 1727
f 1727 1701 1661
f 1727 1661 1699
f 1725 1724 1731
f 1724 1732 1731
f 1731 1732 1733
f 1731 1733 1726
f 1726 1733 1734
f 1726 1734 1702
f 1722 1735 1736
f 1722 1736 1725
f 1725 1736 1737
f 1725 1737 1723
f 1738 1739 1722
f 664 1740 1206
f 1206 1740 1741
f 1206 1741 1722
f 1722 1741 1742
f 1722 1742 1743
f 1743 1744 1722
f 1722 1744 1745
f 1722 1745 1738
f 1739 1746 1722
f 1722 1746 1747
f 1722 1747 1735
f 1189 1188 1748
f 1748 1188 1203
f 1749 1201 1200
f 575 1202 1115
f 1115 1202 1201
f 1115 1201 1116
f 1116 1201 1749
f 1116 1749 1117
f 1096 1750 1097
f 1097 1750 1751
f 1097 1751 1099
f 1099 1751 1100
f 1103 1104 1721
f 1721 1104 1752
f 1104 1107 1752
f 1752 1107 1106
f 1752 1106 1751
f 1751 1106 1105
f 1751 1105 1100
f 1005 170 1721
f 1721 170 1101
f 1721 1101 1103
f 1692 1691 1728
f 1728 1691 1730
f 1728 1730 1727
f 1727 1730 1753
f 1727 1753 1726
f 1726 1753 1754
f 1726 1754 1731
f 1731 1754 1755
f 1731 1755 1725
f 1725 1755 1756
f 1725 1756 1722
f 1757 1110 1114
f 1096 1108 1750
f 1750 1108 1113
f 1750 1113 1757
f 1757 1113 1111
f 1757 1111 1110
f 1114 1117 1757
f 1757 1117 1749
f 1757 1749 1748
f 1748 1749 1200
f 1748 1200 1189
f 1729 1006 1721
f 1729 1721 1730
f 1730 1721 1752
f 1730 1752 1753
f 1753 1752 1751
f 1753 1751 1754
f 1754 1751 1750
f 1754 1750 1755
f 1755 1750 1757
f 1755 1757 1756
f 1756 1757 1748
f 1756 1748 1722
f 1722 1748 1203
f 1722 1203 1205
f 1758 1759 1760
f 1761 1762 1286
f 1763 1297 1764
f 1764 1297 1296
f 1764 1296 1765
f 1765 1296 1295
f 1765 1295 1766
f 1766 1295 1282
f 1766 1282 1767
f 1767 1282 1281
f 1767 1281 1768
f 1761 1286 1769
f 1769 1286 1288
f 1769 1288 1763
f 1763 1288 1290
f 1763 1290 1297
f 1294 1292 1762
f 1762 1292 1291
f 1762 1291 1286
f 1762 1770 1294
f 1294 1770 1771
f 1294 1771 1324
f 1324 1771 1772
f 1324 1772 1325
f 1325 1772 1773
f 1325 1773 1326
f 1326 1773 1774
f 1326 1774 1327
f 1774 1775 1327
f 1327 1775 1776
f 1327 1776 1258
f 1258 1776 1777
f 1258 1777 1260
f 1260 1777 1778
f 1260 1778 1261
f 1261 1778 1779
f 1261 1779 1256
f 1256 1779 1780
f 1256 1780 1254
f 1254 1780 1781
f 1254 1781 1252
f 1252 1781 1782
f 1252 1782 1274
f 1274 1782 1275
f 1782 1783 1275
f 1275 1783 1784
f 1275 1784 1276
f 1276 1784 1785
f 1786 1269 1787
f 1787 1269 1268
f 1787 1268 1788
f 1788 1268 1262
f 1788 1262 1789
f 1789 1262 1264
f 1789 1264 1790
f 1790 1264 1266
f 1790 1266 1785
f 1785 1266 1267
f 1785 1267 1276
f 1791 1305 1792
f 1792 1305 1272
f 1792 1272 1786
f 1786 1272 1271
f 1786 1271 1269
f 1224 1227 1793
f 1793 1227 1226
f 1793 1226 1225
f 1225 1232 1793
f 1793 1232 1309
f 1793 1309 1794
f 1794 1309 1308
f 1794 1308 1791
f 1791 1308 1306
f 1791 1306 1305
f 1795 1220 1796
f 1796 1220 1218
f 1796 1218 1797
f 1797 1218 1217
f 1797 1217 1798
f 1798 1217 1222
f 1798 1222 1799
f 1799 1222 1224
f 1799 1224 1800
f 1800 1224 1793
f 1213 1212 1801
f 1801 1212 1216
f 1801 1216 1802
f 1802 1216 1215
f 1802 1215 1795
f 1795 1215 1221
f 1795 1221 1220
f 1801 1803 1213
f 1213 1803 1804
f 1213 1804 1208
f 1208 1804 1805
f 1208 1805 1209
f 1209 1805 658
f 1758 1760 1806
f 1806 1760 1807
f 1807 1760 1149
f 1807 1149 1148
f 1154 1808 1135
f 1135 1808 1809
f 1150 1152 1810
f 1810 1152 1153
f 1810 1153 1809
f 1809 1153 1136
f 1809 1136 1135
f 1148 1146 1807
f 1807 1146 1145
f 1807 1145 1811
f 1811 1145 1150
f 1811 1150 1812
f 1812 1150 1810
f 1162 1161 1813
f 1162 1813 1163
f 1163 1813 1814
f 1163 1814 1156
f 1156 1814 1815
f 1156 1815 1154
f 1154 1815 1816
f 1154 1816 1808
f 1281 1242 1768
f 1768 1242 1241
f 1768 1241 1817
f 1817 1241 1285
f 1817 1285 1818
f 1818 1285 1284
f 1818 1284 1819
f 1819 1284 1283
f 1819 1283 1759
f 1759 1283 1278
f 1759 1278 1760
f 1760 1278 1144
f 1760 1144 1142
f 1142 1140 1760
f 1760 1140 1139
f 1760 1139 1149
f 1820 1161 1157
f 1820 1821 1822
f 1822 1821 1823
f 1824 1825 1823
f 1823 1825 1826
f 1823 1826 1822
f 1827 1828 1824
f 1824 1828 1829
f 1829 1830 1824
f 1824 1830 1831
f 1824 1831 1825
f 1832 1828 1833
f 1833 1828 1827
f 1833 1827 1834
f 1835 1836 1834
f 1837 1838 1835
f 1835 1838 1839
f 1835 1839 1836
f 1837 1835 1840
f 1840 1835 1841
f 1840 1841 1842
f 1842 1841 1843
f 1843 1841 1844
f 1843 1844 1845
f 1845 1844 1846
f 1846 1844 1847
f 1846 1847 1848
f 1848 1847 1165
f 1848 1165 1164
f 1820 1157 1821
f 1821 1157 1159
f 1821 1159 1166
f 1834 1827 1835
f 1835 1827 1824
f 1835 1824 1841
f 1841 1824 1823
f 1841 1823 1844
f 1844 1823 1821
f 1844 1821 1847
f 1847 1821 1166
f 1847 1166 1165
f 1849 1850 1851
f 1843 1845 1852
f 1852 1845 1846
f 1853 1854 1855
f 1352 1351 1856
f 1856 1351 1350
f 1856 1350 1333
f 1339 1337 1857
f 1333 1332 1856
f 1856 1332 1338
f 1856 1338 1339
f 1344 1349 1849
f 1849 1349 1348
f 1849 1348 1850
f 1850 1348 1346
f 1850 1346 1345
f 1849 1848 1344
f 1344 1848 1342
f 1342 1848 1164
f 1838 1837 1858
f 1858 1837 1840
f 1858 1840 1859
f 1860 1861 1862
f 1862 1861 1863
f 1864 1853 1865
f 1865 1853 1855
f 1865 1855 1851
f 1866 1867 1865
f 1865 1867 1868
f 1865 1868 1864
f 1869 1870 1871
f 1871 1870 1866
f 1871 1866 1872
f 1872 1866 1865
f 1872 1865 1873
f 1873 1865 1874
f 1875 1874 1876
f 1339 1857 1856
f 1856 1857 1877
f 1856 1877 1876
f 1876 1877 1875
f 1345 1352 1850
f 1850 1352 1856
f 1850 1856 1851
f 1851 1856 1876
f 1851 1876 1865
f 1865 1876 1874
f 1860 1859 1861
f 1861 1859 1840
f 1861 1840 1852
f 1852 1840 1842
f 1852 1842 1843
f 1854 1863 1855
f 1855 1863 1861
f 1855 1861 1851
f 1851 1861 1852
f 1851 1852 1849
f 1849 1852 1846
f 1849 1846 1848
f 1878 1879 1880
f 1881 1882 1883
f 1875 1877 1884
f 1337 1336 1857
f 1857 1336 1884
f 1857 1884 1877
f 1873 1874 1885
f 1872 1886 1871
f 1871 1886 1887
f 1871 1887 1869
f 1888 1889 1890
f 1890 1891 1888
f 1888 1891 1892
f 1888 1892 1886
f 1886 1892 1893
f 1886 1893 1887
f 1889 1888 1894
f 1894 1888 1895
f 1894 1895 1896
f 1897 1898 1899
f 1899 1898 1900
f 1899 1900 1901
f 1901 1900 1902
f 1901 1902 1895
f 1895 1902 1903
f 1895 1903 1896
f 1883 1882 1899
f 1899 1882 1904
f 1899 1904 1897
f 1881 1883 1905
f 1905 1883 1906
f 1905 1906 1907
f 1908 1909 1906
f 1906 1909 1910
f 1910 1911 1906
f 1906 1911 1912
f 1906 1912 1907
f 1663 1913 1665
f 1665 1913 1658
f 1714 1713 1914
f 1914 1713 1712
f 1914 1712 1915
f 1336 1720 1884
f 1884 1720 1717
f 1884 1717 1916
f 1916 1717 1718
f 1718 1719 1916
f 1916 1719 1716
f 1916 1716 1914
f 1914 1716 1715
f 1914 1715 1714
f 1872 1873 1886
f 1886 1873 1885
f 1886 1885 1888
f 1888 1885 1917
f 1888 1917 1895
f 1895 1917 1918
f 1895 1918 1901
f 1901 1918 1919
f 1901 1919 1899
f 1899 1919 1920
f 1899 1920 1883
f 1883 1920 1921
f 1883 1921 1906
f 1906 1921 1880
f 1906 1880 1908
f 1908 1880 1879
f 1913 1922 1658
f 1658 1922 1923
f 1658 1923 1703
f 1703 1923 1924
f 1703 1924 1704
f 1704 1924 1925
f 1704 1925 1705
f 1705 1925 1706
f 1706 1925 1707
f 1707 1925 1926
f 1707 1926 1709
f 1712 1711 1915
f 1915 1711 1710
f 1915 1710 1926
f 1926 1710 1708
f 1926 1708 1709
f 1874 1875 1885
f 1885 1875 1884
f 1885 1884 1917
f 1917 1884 1916
f 1917 1916 1918
f 1918 1916 1914
f 1918 1914 1919
f 1919 1914 1915
f 1919 1915 1920
f 1920 1915 1926
f 1920 1926 1921
f 1921 1926 1925
f 1921 1925 1880
f 1880 1925 1924
f 1880 1924 1878
f 1878 1924 1923
f 1080 1081 1910
f 1087 1390 1088
f 1088 1390 1392
f 1088 1392 1084
f 1081 1082 1392
f 1392 1082 1083
f 1392 1083 1084
f 1910 1081 1911
f 1911 1081 1392
f 1911 1392 1927
f 1927 1392 1394
f 1927 1394 1928
f 1908 1879 1664
f 1664 1879 1878
f 1664 1878 1923
f 1923 1922 1664
f 1664 1922 1913
f 1664 1913 1663
f 1908 1664 1909
f 1909 1664 1077
f 1909 1077 1910
f 1910 1077 1079
f 1910 1079 1080
f 1396 1929 1397
f 1397 1929 1535
f 1535 1929 1536
f 1536 1929 1930
f 1536 1930 1393
f 1393 1930 1931
f 1393 1931 1394
f 1394 1931 1932
f 1394 1932 1928
f 1933 1934 1378
f 1933 1378 1935
f 1378 1929 1379
f 1379 1929 1396
f 1934 1936 1378
f 1378 1936 1937
f 1378 1937 1929
f 1514 1373 1515
f 1515 1373 1372
f 1515 1372 1516
f 1524 1370 1525
f 1525 1370 1369
f 1525 1369 1526
f 1395 1369 1396
f 1396 1369 1368
f 1396 1368 1379
f 1524 1523 1370
f 1370 1523 1522
f 1370 1522 1371
f 1371 1522 1521
f 1371 1521 1520
f 1376 1938 1377
f 1377 1938 1939
f 1939 1940 1377
f 1377 1940 1941
f 1377 1941 1942
f 1942 1943 1377
f 1377 1943 1944
f 1377 1944 1378
f 1378 1944 1945
f 1378 1945 1935
f 1520 1519 1371
f 1371 1519 1518
f 1371 1518 1372
f 1372 1518 1517
f 1372 1517 1516
f 1946 1947 1376
f 1376 1947 1948
f 1376 1948 1938
f 1514 1513 1373
f 1373 1513 1512
f 1373 1512 1374
f 1395 1534 1369
f 1369 1534 1533
f 1369 1533 1532
f 1398 1949 1375
f 1375 1949 1950
f 1375 1950 1376
f 1376 1950 1951
f 1376 1951 1946
f 1512 1511 1374
f 1374 1511 1510
f 1374 1510 1375
f 1375 1510 1509
f 1375 1509 1398
f 1532 1531 1369
f 1369 1531 1530
f 1369 1530 1529
f 1529 1528 1369
f 1369 1528 1527
f 1369 1527 1526
f 1402 1407 1952
f 1953 1403 1954
f 1954 1403 1402
f 1954 1402 1955
f 1955 1402 1952
f 1398 1400 1949
f 1949 1400 1401
f 1949 1401 1956
f 1956 1401 1384
f 1956 1384 1953
f 1953 1384 1383
f 1953 1383 1403
f 1412 1413 1957
f 1958 1959 1406
f 1410 1960 1408
f 1408 1960 1961
f 1412 1957 1410
f 1410 1957 1962
f 1410 1962 1960
f 1406 1959 1407
f 1407 1959 1963
f 1407 1963 1952
f 1961 1964 1408
f 1408 1964 1965
f 1408 1965 1406
f 1406 1965 1966
f 1406 1966 1958
f 1957 1413 1967
f 1967 1413 1381
f 1967 1381 1968
f 1968 1381 1969
f 1970 1971 941
f 941 1971 1972
f 1973 1416 1974
f 1974 1416 941
f 1974 941 1975
f 1975 941 1972
f 1973 1976 1416
f 1416 1976 1977
f 1416 1977 1380
f 1380 1977 1978
f 1380 1978 1381
f 1381 1978 1979
f 1381 1979 1969
f 1980 1573 1981
f 1981 1573 1572
f 1980 1982 1573
f 1573 1982 1983
f 1573 1983 941
f 941 1983 1984
f 941 1984 1970
f 1985 1571 1986
f 1986 1571 1631
f 1986 1631 1987
f 1985 1988 1571
f 1571 1988 1989
f 1571 1989 1572
f 1572 1989 1990
f 1572 1990 1981
f 1646 1648 1991
f 1991 1648 1662
f 1590 1992 1588
f 1588 1992 1993
f 1588 1993 1586
f 1586 1993 1994
f 1586 1994 1585
f 1631 1576 1987
f 1987 1576 1577
f 1987 1577 1578
f 1578 1580 1987
f 1987 1580 1582
f 1987 1582 1583
f 1585 1994 1583
f 1583 1994 1995
f 1583 1995 1987
f 1991 1996 1646
f 1646 1996 1997
f 1646 1997 1644
f 1644 1997 1998
f 1644 1998 1657
f 1657 1998 1999
f 1657 1999 1639
f 1639 1999 2000
f 1639 2000 1640
f 1640 2000 2001
f 1640 2001 1642
f 1642 2001 2002
f 1547 1549 2003
f 2003 1549 1600
f 2003 1600 2004
f 2004 1600 1601
f 2004 1601 2005
f 2005 1601 1602
f 2005 1602 2006
f 2006 1602 1604
f 2006 1604 2007
f 2007 1604 1606
f 2007 1606 2008
f 2008 1606 1608
f 2008 1608 2009
f 2009 1608 1614
f 2009 1614 2010
f 2010 1614 1613
f 2010 1613 2011
f 2003 2012 1547
f 1547 2012 2013
f 1547 2013 1615
f 1615 2013 2014
f 1615 2014 1597
f 1597 2014 2015
f 1597 2015 1550
f 1550 2015 2016
f 1550 2016 1551
f 1551 2016 2017
f 1551 2017 1594
f 1594 2017 2018
f 1594 2018 1596
f 1596 2018 2019
f 1596 2019 1592
f 1592 2019 2020
f 1592 2020 1590
f 1590 2020 2021
f 1590 2021 1992
f 2022 1635 2002
f 2002 1635 1643
f 2002 1643 1642
f 1638 1637 2022
f 2022 1637 1636
f 2022 1636 1635
f 1613 1611 2011
f 2011 1611 1610
f 2011 1610 2023
f 2023 1610 1609
f 2023 1609 2022
f 2022 1609 1560
f 2022 1560 1638
f 1693 1695 2024
f 1660 1659 2025
f 2026 2027 2028
f 1999 1998 2029
f 1669 1670 2030
f 1991 1662 1669
f 1991 1669 1996
f 1996 1669 2030
f 1996 2030 1997
f 1999 2029 2000
f 2002 2001 2031
f 2031 2001 2032
f 2031 2032 2033
f 2028 2027 2032
f 2032 2027 2034
f 2032 2034 2033
f 2035 2036 2037
f 2035 2037 2028
f 2028 2037 2038
f 2028 2038 2026
f 2039 2040 2041
f 2039 2041 2035
f 2035 2041 2042
f 2035 2042 2036
f 2043 2044 2045
f 2045 2044 2046
f 2045 2046 2047
f 2047 2048 2045
f 2045 2048 2049
f 2045 2049 2039
f 2039 2049 2050
f 2039 2050 2040
f 2051 2052 2053
f 2053 2052 2054
f 2053 2054 2043
f 2043 2054 2055
f 2043 2055 2044
f 2056 2053 2057
f 2057 2053 2058
f 2051 2053 2059
f 2059 2053 2056
f 2059 2056 2060
f 1702 2061 1700
f 1700 2061 1659
f 1659 2061 2025
f 2025 2061 2062
f 2025 2062 2063
f 2024 1695 2025
f 2025 1695 1697
f 2025 1697 1660
f 1679 1690 2064
f 2064 1690 1685
f 2064 1685 2024
f 2024 1685 1688
f 2024 1688 1693
f 1679 2064 1681
f 1681 2064 2065
f 1681 2065 1682
f 2066 1676 2065
f 2065 1676 1677
f 1677 1684 2065
f 2065 1684 1683
f 2065 1683 1682
f 1670 1671 2030
f 2030 1671 1672
f 2030 1672 2067
f 1672 1673 2067
f 2067 1673 1674
f 2067 1674 2066
f 2066 1674 1675
f 2066 1675 1676
f 2001 2000 2032
f 2032 2000 2029
f 2032 2029 2028
f 2028 2029 2068
f 2028 2068 2035
f 2035 2068 2069
f 2035 2069 2039
f 2039 2069 2070
f 2039 2070 2045
f 2045 2070 2071
f 2045 2071 2043
f 2043 2071 2072
f 2043 2072 2053
f 2053 2072 2073
f 2053 2073 2058
f 2058 2073 2074
f 1998 1997 2029
f 2029 1997 2030
f 2029 2030 2068
f 2068 2030 2067
f 2068 2067 2069
f 2069 2067 2066
f 2069 2066 2070
f 2070 2066 2065
f 2070 2065 2071
f 2071 2065 2064
f 2071 2064 2072
f 2072 2064 2024
f 2072 2024 2073
f 2073 2024 2025
f 2073 2025 2074
f 2074 2025 2063
f 2075 2076 2077
f 2078 2079 2057
f 2057 2079 2080
f 2057 2080 2081
f 2081 2082 2057
f 2057 2082 2083
f 2057 2083 2056
f 2056 2083 2060
f 2084 2085 2075
f 2075 2085 2086
f 2075 2086 2076
f 2087 2088 2089
f 2089 2088 2090
f 2089 2090 2091
f 2087 2092 2093
f 2087 2093 2088
f 2087 671 674
f 2087 674 2092
f 2092 674 673
f 666 669 2094
f 1744 1743 663
f 663 1743 1742
f 1742 1741 663
f 663 1741 1740
f 663 1740 664
f 666 2095 667
f 667 2095 2096
f 667 2096 663
f 1746 1739 2096
f 2096 1739 1738
f 2096 1738 663
f 663 1738 1745
f 663 1745 1744
f 1736 1735 2096
f 2096 1735 1747
f 2096 1747 1746
f 1733 2061 1734
f 1734 2061 1702
f 1732 1724 2097
f 2097 1724 1723
f 2097 1723 1737
f 2089 2098 2087
f 2087 2098 2094
f 2087 2094 671
f 671 2094 669
f 2095 2099 2096
f 2096 2099 2097
f 2096 2097 1736
f 1736 2097 1737
f 2100 2074 2063
f 2063 2062 2101
f 2101 2062 2061
f 1733 1732 2061
f 2061 1732 2097
f 2061 2097 2101
f 2101 2097 2099
f 2101 2099 2098
f 2098 2099 2095
f 2098 2095 2094
f 2094 2095 666
f 2077 2078 2075
f 2075 2078 2057
f 2075 2057 2100
f 2100 2057 2058
f 2100 2058 2074
f 2091 2084 2089
f 2089 2084 2075
f 2089 2075 2098
f 2098 2075 2100
f 2098 2100 2101
f 2101 2100 2063
f 2102 2103 2104
f 1788 1789 2105
f 1783 1782 2106
f 1761 1769 2107
f 1811 1812 2108
f 1820 1822 2109
f 2110 2111 2112
f 2111 2113 2112
f 2112 2113 2114
f 2112 2114 2115
f 2116 2117 2118
f 2115 2119 2112
f 2112 2119 2120
f 2112 2120 2118
f 2118 2120 2121
f 2118 2121 2116
f 2122 2123 2124
f 2124 2123 2125
f 2124 2125 2126
f 2127 2128 2112
f 2126 2129 2124
f 2124 2129 2130
f 2124 2130 2112
f 2112 2130 2131
f 2112 2131 2127
f 2128 2132 2112
f 2112 2132 2133
f 2112 2133 2110
f 2134 2135 2136
f 2136 2137 2134
f 2134 2137 2138
f 2134 2138 2124
f 2124 2138 2139
f 2124 2139 2122
f 2140 2141 2142
f 2142 2143 2140
f 2140 2143 2144
f 2140 2144 2134
f 2134 2144 2145
f 2134 2145 2135
f 2146 2147 2148
f 2148 2147 2149
f 2148 2149 2140
f 2140 2149 2150
f 2140 2150 2141
f 2151 2152 2153
f 2151 2153 2148
f 2148 2153 2154
f 2148 2154 2146
f 2155 2156 2157
f 2157 2156 2158
f 2157 2158 2151
f 2151 2158 2159
f 2151 2159 2152
f 2160 2161 2162
f 2162 2161 2163
f 2160 2164 2161
f 2161 2164 2165
f 2161 2165 2157
f 2157 2165 2166
f 2157 2166 2155
f 2163 2161 2167
f 2167 2161 2168
f 2167 2168 2169
f 1830 1829 2168
f 2168 1829 1828
f 2169 2168 2170
f 2170 2168 1828
f 2170 1828 1832
f 1826 1825 2171
f 2171 1825 1831
f 1813 1161 1820
f 1813 1820 1814
f 1814 1820 2109
f 1814 2109 1815
f 1815 2109 2172
f 1815 2172 1816
f 1812 1810 2108
f 2108 1810 1809
f 2108 1809 2172
f 2172 1809 1808
f 2172 1808 1816
f 1811 2108 1807
f 1807 2108 2173
f 1807 2173 1806
f 2174 1817 1818
f 1818 1819 2174
f 2174 1819 1759
f 2174 1759 2173
f 2173 1759 1758
f 2173 1758 1806
f 1766 1767 2175
f 2175 1767 2174
f 2174 1767 1768
f 2174 1768 1817
f 1769 1763 2107
f 2107 1763 1764
f 2107 1764 2175
f 2175 1764 1765
f 2175 1765 1766
f 1772 1771 2176
f 2176 1771 1770
f 2176 1770 2107
f 2107 1770 1762
f 2107 1762 1761
f 1776 1775 2177
f 2177 1775 1774
f 2177 1774 2176
f 2176 1774 1773
f 2176 1773 1772
f 2178 1778 2177
f 2177 1778 1777
f 2177 1777 1776
f 1782 1781 2106
f 2106 1781 1780
f 2106 1780 2178
f 2178 1780 1779
f 2178 1779 1778
f 1789 1790 2105
f 2105 1790 1785
f 2105 1785 2106
f 2106 1785 1784
f 2106 1784 1783
f 1788 2105 1787
f 1787 2105 2179
f 1787 2179 1786
f 2180 1800 1793
f 1793 1794 2180
f 2180 1794 1791
f 2180 1791 2179
f 2179 1791 1792
f 2179 1792 1786
f 1796 1797 2181
f 2181 1797 1798
f 2181 1798 2180
f 2180 1798 1799
f 2180 1799 1800
f 2182 1801 1802
f 2182 1802 2181
f 2181 1802 1795
f 2181 1795 1796
f 1801 2182 1803
f 1803 2182 2183
f 1803 2183 1804
f 1804 2183 1805
f 1805 2183 654
f 1805 654 658
f 2183 647 652
f 2183 652 654
f 650 648 2184
f 2185 646 2186
f 2186 646 645
f 2186 645 650
f 2187 2188 2189
f 2189 2188 2190
f 2189 2190 2186
f 2186 2190 2191
f 2186 2191 2185
f 2192 2193 2194
f 2194 2193 2195
f 2194 2195 2189
f 2189 2195 2196
f 2189 2196 2187
f 2197 2198 2199
f 2199 2198 2200
f 2199 2200 2194
f 2194 2200 2201
f 2194 2201 2192
f 2202 2203 2204
f 2204 2203 2205
f 2204 2205 2199
f 2199 2205 2206
f 2199 2206 2197
f 2103 2207 2104
f 2104 2207 2208
f 2104 2208 2204
f 2204 2208 2209
f 2204 2209 2202
f 2210 2211 2212
f 2212 2211 2213
f 2212 2213 2104
f 2104 2213 2214
f 2104 2214 2102
f 2117 2215 2118
f 2118 2215 2216
f 2118 2216 2217
f 2217 2218 2118
f 2118 2218 2219
f 2118 2219 2212
f 2212 2219 2220
f 2212 2220 2210
f 2186 650 2184
f 2186 2184 2189
f 2189 2184 2221
f 2189 2221 2194
f 2194 2221 2222
f 2194 2222 2199
f 2199 2222 2223
f 2199 2223 2204
f 2204 2223 2224
f 2204 2224 2104
f 2104 2224 2225
f 2104 2225 2212
f 2212 2225 2226
f 2212 2226 2118
f 2118 2226 2227
f 2118 2227 2112
f 2112 2227 2228
f 2112 2228 2124
f 2124 2228 2229
f 2124 2229 2134
f 2134 2229 2230
f 2134 2230 2140
f 2140 2230 2231
f 2140 2231 2148
f 2148 2231 2232
f 2148 2232 2151
f 2151 2232 2233
f 2151 2233 2157
f 2157 2233 2234
f 2157 2234 2161
f 2161 2234 2235
f 2161 2235 2168
f 2168 2235 2171
f 2168 2171 1830
f 1830 2171 1831
f 648 647 2184
f 2184 647 2183
f 2184 2183 2221
f 2221 2183 2182
f 2221 2182 2222
f 2222 2182 2181
f 2222 2181 2223
f 2223 2181 2180
f 2223 2180 2224
f 2224 2180 2179
f 2224 2179 2225
f 2225 2179 2105
f 2225 2105 2226
f 2226 2105 2106
f 2226 2106 2227
f 2227 2106 2178
f 2227 2178 2228
f 2228 2178 2177
f 2228 2177 2229
f 2229 2177 2176
f 2229 2176 2230
f 2230 2176 2107
f 2230 2107 2231
f 2231 2107 2175
f 2231 2175 2232
f 2232 2175 2174
f 2232 2174 2233
f 2233 2174 2173
f 2233 2173 2234
f 2234 2173 2108
f 2234 2108 2235
f 2235 2108 2172
f 2235 2172 2171
f 2171 2172 2109
f 2171 2109 1826
f 1826 2109 1822
f 2236 2237 2238
f 2236 2238 2239
f 2240 2241 2238
f 2242 2243 2238
f 2242 2238 2244
f 2245 2244 2238
f 2246 2245 2238
f 2247 2248 2238
f 2249 2250 2238
f 2251 2252 2238
f 2251 2238 2253
f 2254 2253 2238
f 2255 2254 2238
f 2256 2257 2238
f 2258 2259 2238
f 2258 2238 2260
f 2261 2260 2238
f 2237 2261 2238
f 2262 2263 2249
f 2264 2265 2266
f 2267 2268 2269
f 2270 2271 2267
f 2272 2273 2274
f 1968 1969 2275
f 1979 2276 2241
f 2241 2276 2238
f 2243 2240 2238
f 1978 1977 2277
f 1989 1988 2278
f 1987 1995 2279
f 2023 2022 2280
f 2263 2262 2211
f 2217 2247 2250
f 2120 2238 2121
f 2238 2120 2119
f 2116 2121 2238
f 2115 2114 2238
f 2238 2114 2113
f 2111 2110 2238
f 2128 2238 2132
f 2238 2128 2127
f 2133 2132 2238
f 2126 2281 2129
f 2139 2138 2282
f 2155 2166 2283
f 1854 1853 2284
f 1866 1870 2285
f 1881 1905 2286
f 1912 1911 1927
f 1943 1942 2287
f 1947 2288 1948
f 1950 2289 1951
f 2290 1960 1962
f 1958 1966 2291
f 2291 1966 1965
f 2291 1965 2292
f 2292 1965 1964
f 2292 1964 2290
f 2290 1964 1961
f 2290 1961 1960
f 1952 1963 1955
f 1955 1963 2293
f 1955 2293 1954
f 1954 2293 2294
f 1954 2294 1953
f 1953 2294 2295
f 1953 2295 1956
f 1949 2296 2297
f 1949 2297 1950
f 1951 2289 1946
f 1946 2289 2298
f 1946 2298 1947
f 1948 2288 1938
f 1938 2288 2299
f 1938 2299 1939
f 1939 2299 1940
f 1940 2299 2300
f 1940 2300 1941
f 1943 2287 1944
f 1944 2287 2301
f 1944 2301 1945
f 2302 1933 2301
f 2301 1933 1935
f 2301 1935 1945
f 1934 2303 1936
f 1936 2303 2304
f 1936 2304 1937
f 2286 1905 1927
f 1927 1905 1907
f 1927 1907 1912
f 2305 1904 2286
f 2286 1904 1882
f 2286 1882 1881
f 1900 1898 2305
f 2305 1898 1897
f 2305 1897 1904
f 1889 1894 2304
f 1894 1896 2304
f 2304 1896 1903
f 2304 1903 1937
f 1937 1903 1902
f 1937 1902 1929
f 1929 1902 1900
f 1929 1900 1930
f 1930 1900 2305
f 1930 2305 1931
f 1931 2305 2286
f 1931 2286 1932
f 1932 2286 1927
f 1932 1927 1928
f 1869 1887 2306
f 1887 1893 2306
f 2306 1893 1892
f 2306 1892 1891
f 1853 1864 2307
f 2307 1864 1868
f 2307 1868 2285
f 2285 1868 1867
f 2285 1867 1866
f 1854 2284 1863
f 1858 1859 2308
f 2308 1859 1860
f 2308 1860 2284
f 2284 1860 1862
f 2284 1862 1863
f 1836 1839 2309
f 2309 1839 1838
f 2309 1838 1858
f 1832 1833 2310
f 2310 1833 2309
f 2309 1833 1834
f 2309 1834 1836
f 2162 2163 2311
f 2163 2167 2311
f 2311 2167 2169
f 2311 2169 2310
f 2310 2169 2170
f 2310 2170 1832
f 2166 2165 2283
f 2283 2165 2164
f 2283 2164 2160
f 2312 2159 2158
f 2312 2158 2283
f 2283 2158 2156
f 2283 2156 2155
f 2146 2154 2313
f 2313 2154 2153
f 2313 2153 2312
f 2312 2153 2152
f 2312 2152 2159
f 2146 2313 2147
f 2147 2313 2314
f 2147 2314 2149
f 2145 2144 2315
f 2315 2144 2143
f 2315 2143 2316
f 2143 2142 2316
f 2316 2142 2141
f 2316 2141 2314
f 2314 2141 2150
f 2314 2150 2149
f 2135 2317 2136
f 2136 2317 2282
f 2136 2282 2137
f 2137 2282 2138
f 2125 2123 2246
f 2126 2125 2281
f 2281 2125 2318
f 2281 2318 2238
f 2238 2131 2130
f 2129 2281 2130
f 2130 2281 2238
f 2127 2131 2238
f 2125 2246 2318
f 2318 2246 2238
f 2110 2133 2238
f 2113 2111 2238
f 2119 2115 2238
f 2248 2116 2238
f 2250 2247 2238
f 2217 2216 2247
f 2247 2216 2215
f 2247 2215 2248
f 2248 2215 2117
f 2248 2117 2116
f 2211 2210 2263
f 2263 2210 2220
f 2263 2220 2249
f 2249 2220 2219
f 2249 2219 2250
f 2250 2219 2218
f 2250 2218 2217
f 2262 2319 2320
f 2320 2319 2207
f 2320 2207 2103
f 2103 2102 2320
f 2320 2102 2214
f 2320 2214 2262
f 2262 2214 2213
f 2262 2213 2211
f 2197 2206 2321
f 2321 2206 2205
f 2203 2202 2322
f 2322 2202 2209
f 2322 2209 2208
f 2266 2265 2192
f 2192 2201 2266
f 2266 2201 2200
f 2266 2200 2198
f 2196 2195 2265
f 2265 2195 2193
f 2265 2193 2192
f 2323 644 646
f 2185 2191 2324
f 2324 2191 2190
f 2324 2190 2188
f 676 675 2323
f 2323 675 642
f 2323 642 644
f 2325 2092 673
f 2325 673 672
f 2093 2092 2269
f 2269 2092 2325
f 2269 2325 2323
f 2323 2325 672
f 2323 672 676
f 2076 2086 2268
f 2268 2086 2085
f 2268 2085 2084
f 2084 2091 2268
f 2268 2091 2090
f 2268 2090 2269
f 2269 2090 2088
f 2269 2088 2093
f 2081 2080 2267
f 2271 2083 2267
f 2267 2083 2082
f 2267 2082 2081
f 2080 2079 2267
f 2267 2079 2078
f 2267 2078 2268
f 2268 2078 2077
f 2268 2077 2076
f 2051 2059 2271
f 2271 2059 2060
f 2271 2060 2083
f 2047 2046 2270
f 2270 2046 2044
f 2044 2055 2270
f 2270 2055 2054
f 2270 2054 2271
f 2271 2054 2052
f 2271 2052 2051
f 2040 2050 2273
f 2273 2050 2049
f 2038 2037 2326
f 2326 2037 2272
f 2326 2272 2280
f 2037 2036 2272
f 2272 2036 2042
f 2272 2042 2273
f 2273 2042 2041
f 2273 2041 2040
f 2033 2034 2280
f 2280 2034 2027
f 2280 2027 2326
f 2326 2027 2026
f 2326 2026 2038
f 2033 2280 2031
f 2031 2280 2022
f 2031 2022 2002
f 2010 2011 2327
f 2327 2011 2023
f 2328 2009 2010
f 2329 2008 2009
f 2006 2007 2330
f 2330 2007 2008
f 2003 2004 2331
f 2331 2004 2005
f 2331 2005 2006
f 2332 2013 2012
f 2333 2017 2016
f 2334 2020 2019
f 1994 1993 2335
f 2335 1993 1992
f 2256 1981 2257
f 2257 1981 2255
f 2257 2255 2238
f 1983 1982 2256
f 2256 1982 1980
f 2256 1980 1981
f 1973 1974 2239
f 2239 1974 1975
f 2239 1975 2236
f 2236 1975 1972
f 2236 1972 2237
f 2237 1972 1971
f 2237 1971 2261
f 2261 1971 1970
f 2261 1970 2260
f 2260 1970 1984
f 2260 1984 2258
f 2258 1984 1983
f 2258 1983 2259
f 2259 1983 2256
f 2259 2256 2238
f 1976 1973 2336
f 2336 1973 2239
f 2336 2239 2238
f 1977 1976 2277
f 2277 1976 2336
f 2277 2336 2238
f 1979 1978 2276
f 2276 1978 2277
f 2276 2277 2238
f 1941 2300 1942
f 1942 2300 2337
f 1942 2337 2287
f 2287 2337 2338
f 2287 2338 2301
f 2301 2338 2303
f 2301 2303 2302
f 2302 2303 1934
f 2302 1934 1933
f 2049 2048 2273
f 2273 2048 2047
f 2273 2047 2274
f 2274 2047 2270
f 2274 2270 2339
f 2339 2270 2267
f 2339 2267 2340
f 2340 2267 2269
f 2340 2269 2341
f 2341 2269 2323
f 2341 2323 2324
f 2324 2323 646
f 2324 646 2185
f 2023 2280 2327
f 2327 2280 2272
f 2327 2272 2342
f 2342 2272 2274
f 2342 2274 2343
f 2343 2274 2339
f 2343 2339 2344
f 2344 2339 2340
f 2344 2340 2345
f 2345 2340 2341
f 2345 2341 2346
f 2346 2341 2324
f 2346 2324 2264
f 2264 2324 2188
f 2264 2188 2265
f 2265 2188 2187
f 2265 2187 2196
f 1947 2298 2288
f 2288 2298 2347
f 2288 2347 2299
f 2299 2347 2348
f 2299 2348 2300
f 2300 2348 2349
f 2300 2349 2337
f 2337 2349 2350
f 2337 2350 2338
f 2338 2350 2306
f 2338 2306 2303
f 2303 2306 1891
f 2303 1891 2304
f 2304 1891 1890
f 2304 1890 1889
f 2014 2013 2351
f 2351 2013 2332
f 2351 2332 2352
f 2010 2327 2328
f 2328 2327 2342
f 2328 2342 2353
f 2353 2342 2343
f 2353 2343 2354
f 2354 2343 2344
f 2354 2344 2355
f 2355 2344 2345
f 2355 2345 2356
f 2356 2345 2346
f 2356 2346 2357
f 2357 2346 2264
f 2357 2264 2358
f 2358 2264 2266
f 2358 2266 2321
f 2321 2266 2198
f 2321 2198 2197
f 1950 2297 2289
f 2289 2297 2359
f 2289 2359 2298
f 2298 2359 2360
f 2298 2360 2347
f 2347 2360 2361
f 2347 2361 2348
f 2348 2361 2362
f 2348 2362 2349
f 2349 2362 2307
f 2349 2307 2350
f 2350 2307 2285
f 2350 2285 2306
f 2306 2285 1870
f 2306 1870 1869
f 2363 2333 2352
f 2352 2333 2016
f 2352 2016 2351
f 2351 2016 2015
f 2351 2015 2014
f 2009 2328 2329
f 2329 2328 2353
f 2329 2353 2364
f 2364 2353 2354
f 2364 2354 2365
f 2365 2354 2355
f 2365 2355 2366
f 2366 2355 2356
f 2366 2356 2367
f 2367 2356 2357
f 2367 2357 2368
f 2368 2357 2358
f 2368 2358 2369
f 2369 2358 2321
f 2369 2321 2322
f 2322 2321 2205
f 2322 2205 2203
f 2370 2334 2363
f 2363 2334 2019
f 2363 2019 2333
f 2333 2019 2018
f 2333 2018 2017
f 2008 2329 2330
f 2330 2329 2364
f 2330 2364 2371
f 2371 2364 2365
f 2371 2365 2372
f 2372 2365 2366
f 2372 2366 2373
f 2373 2366 2367
f 2373 2367 2374
f 2374 2367 2368
f 2374 2368 2375
f 2375 2368 2369
f 2375 2369 2376
f 2376 2369 2322
f 2376 2322 2319
f 2319 2322 2208
f 2319 2208 2207
f 1963 1959 2293
f 2293 1959 1958
f 2293 1958 2294
f 2294 1958 2291
f 2294 2291 2295
f 2295 2291 2292
f 1995 1994 2279
f 2279 1994 2335
f 2279 2335 2370
f 2370 2335 1992
f 2370 1992 2334
f 2334 1992 2021
f 2334 2021 2020
f 1986 1987 2377
f 2377 1987 2279
f 2377 2279 2378
f 2378 2279 2370
f 2378 2370 2379
f 2379 2370 2363
f 2379 2363 2380
f 2380 2363 2352
f 2380 2352 2381
f 2381 2352 2332
f 2381 2332 2382
f 2382 2332 2012
f 2382 2012 2003
f 1853 2307 2284
f 2284 2307 2362
f 2284 2362 2308
f 2308 2362 2361
f 2308 2361 2383
f 2383 2361 2360
f 2383 2360 2384
f 2384 2360 2359
f 2384 2359 2385
f 2385 2359 2297
f 2385 2297 2386
f 2386 2297 2296
f 2386 2296 2387
f 2387 2296 2388
f 2387 2388 2389
f 2389 2388 2390
f 2389 2390 2391
f 1968 2275 1967
f 1967 2275 2392
f 1967 2392 1957
f 1957 2392 2391
f 1957 2391 1962
f 1962 2391 2390
f 1962 2390 2290
f 2290 2390 2388
f 2290 2388 2292
f 2292 2388 2296
f 2292 2296 2295
f 2295 2296 1949
f 2295 1949 1956
f 1988 1985 2278
f 2278 1985 1986
f 2278 1986 2393
f 2393 1986 2377
f 2393 2377 2394
f 2316 2395 2315
f 2315 2395 2317
f 2315 2317 2145
f 2145 2317 2135
f 2162 2311 2160
f 2160 2311 2396
f 2160 2396 2283
f 2283 2396 2397
f 2283 2397 2312
f 2312 2397 2398
f 2312 2398 2313
f 2313 2398 2399
f 2313 2399 2314
f 2314 2399 2400
f 2314 2400 2316
f 2316 2400 2401
f 2316 2401 2395
f 1858 2308 2309
f 2309 2308 2383
f 2309 2383 2310
f 2310 2383 2384
f 2310 2384 2311
f 2311 2384 2385
f 2311 2385 2396
f 2396 2385 2386
f 2396 2386 2397
f 2397 2386 2387
f 2397 2387 2398
f 2398 2387 2389
f 2398 2389 2399
f 2399 2389 2391
f 2399 2391 2400
f 2400 2391 2392
f 2400 2392 2401
f 1981 1990 2255
f 2255 1990 1989
f 2255 1989 2254
f 2254 1989 2278
f 2254 2278 2253
f 2253 2278 2393
f 2253 2393 2251
f 2251 2393 2394
f 2251 2394 2252
f 2003 2331 2382
f 2382 2331 2402
f 2382 2402 2381
f 2381 2402 2403
f 2381 2403 2380
f 2380 2403 2404
f 2380 2404 2379
f 2379 2404 2405
f 2379 2405 2378
f 2378 2405 2406
f 2378 2406 2377
f 2377 2406 2407
f 2377 2407 2394
f 2394 2407 2408
f 2394 2408 2252
f 2252 2408 2409
f 2252 2409 2238
f 2006 2330 2331
f 2331 2330 2371
f 2331 2371 2402
f 2402 2371 2372
f 2402 2372 2403
f 2403 2372 2373
f 2403 2373 2404
f 2404 2373 2374
f 2404 2374 2405
f 2405 2374 2375
f 2405 2375 2406
f 2406 2375 2376
f 2406 2376 2407
f 2407 2376 2319
f 2407 2319 2408
f 2408 2319 2262
f 2408 2262 2409
f 2409 2262 2249
f 2409 2249 2238
f 1969 1979 2275
f 2275 1979 2241
f 2275 2241 2392
f 2392 2241 2240
f 2392 2240 2401
f 2401 2240 2243
f 2401 2243 2395
f 2395 2243 2242
f 2395 2242 2317
f 2317 2242 2244
f 2317 2244 2282
f 2282 2244 2245
f 2282 2245 2139
f 2139 2245 2246
f 2139 2246 2122
f 2122 2246 2123
