# Converti depuis Right_Elbow_X_Link.STL
# 4251 sommets, 8498 faces
o Right_Elbow_X_Link
v -0.034187 -0.028925 -0.024739
v -0.034496 -0.029348 -0.024035
v -0.034572 -0.030452 -0.021994
v -0.034731 -0.029671 -0.023496
v -0.035276 -0.030418 -0.022253
v -0.030532 -0.025511 -0.030793
v -0.030800 -0.025730 -0.030394
v -0.028525 -0.024637 -0.032099
v -0.031879 -0.027195 -0.027451
v -0.032506 -0.027124 -0.027859
v -0.032529 -0.027149 -0.027816
v -0.032897 -0.027543 -0.027133
v -0.028251 -0.024084 -0.033527
v -0.028453 -0.024210 -0.033285
v -0.029069 -0.024596 -0.032547
v -0.027556 -0.024499 -0.032019
v -0.026966 -0.024125 -0.032716
v -0.026741 -0.023322 -0.035055
v -0.026210 -0.023393 -0.034530
v -0.026209 -0.023393 -0.034528
v -0.025679 -0.023463 -0.034005
v -0.031218 -0.027245 -0.027082
v -0.031138 -0.027157 -0.027229
v -0.029806 -0.026047 -0.029187
v -0.029204 -0.025546 -0.030072
v -0.027903 -0.024720 -0.031609
v -0.033870 -0.030486 -0.021735
v -0.033578 -0.030076 -0.022398
v -0.033114 -0.029423 -0.023453
v -0.032784 -0.028959 -0.024202
v -0.031816 -0.027899 -0.025983
v -0.021489 -0.021426 -0.039132
v -0.022259 -0.021673 -0.038586
v -0.021853 -0.021740 -0.038007
v -0.023094 -0.021941 -0.037995
v -0.024507 -0.022395 -0.036993
v -0.025871 -0.022961 -0.035809
v -0.017021 -0.020576 -0.040707
v -0.017328 -0.020496 -0.041338
v -0.018225 -0.020649 -0.040957
v -0.020161 -0.021110 -0.039874
v -0.017082 -0.020454 -0.041443
v -0.014195 -0.020112 -0.041868
v -0.014460 -0.020007 -0.042559
v -0.016682 -0.020688 -0.040014
v -0.013927 -0.020217 -0.041173
v -0.014194 -0.020112 -0.041866
v -0.021391 -0.021847 -0.037369
v -0.020489 -0.021554 -0.038001
v -0.019599 -0.021342 -0.038489
v -0.017286 -0.020791 -0.039760
v -0.025096 -0.023215 -0.034507
v -0.023445 -0.022514 -0.035932
v -0.022425 -0.022182 -0.036646
v -0.003008 -0.019382 -0.043418
v -0.001978 -0.019372 -0.043450
v -0.002008 -0.019245 -0.044212
v -0.000360 -0.019356 -0.043499
v -0.000311 -0.019355 -0.043501
v -0.000309 -0.019235 -0.044244
v -0.013891 -0.019938 -0.042740
v -0.003398 -0.019151 -0.044877
v -0.007221 -0.019312 -0.044419
v -0.008238 -0.019496 -0.043497
v -0.000359 -0.019116 -0.044979
v -0.002037 -0.019135 -0.044923
v -0.007515 -0.019324 -0.044384
v -0.008378 -0.019395 -0.044193
v -0.011527 -0.019651 -0.043493
v -0.000307 -0.019115 -0.044981
v -0.007052 -0.019543 -0.042958
v -0.013530 -0.020168 -0.041298
v -0.010993 -0.019859 -0.042101
v -0.008081 -0.019625 -0.042735
v 0.006497 -0.019318 -0.044403
v 0.006318 -0.019310 -0.044425
v 0.006195 -0.019423 -0.043712
v 0.002789 -0.019156 -0.044861
v 0.013155 -0.019950 -0.042709
v 0.012226 -0.019836 -0.043007
v 0.012000 -0.019938 -0.042338
v 0.010720 -0.019652 -0.043490
v 0.006817 -0.019332 -0.044363
v 0.012793 -0.020198 -0.041274
v 0.013261 -0.020257 -0.041122
v 0.013530 -0.020143 -0.041812
v 0.013800 -0.020029 -0.042502
v 0.013531 -0.020143 -0.041815
v 0.011752 -0.020066 -0.041611
v 0.006068 -0.019552 -0.042959
v 0.006322 -0.019564 -0.042927
v 0.006726 -0.019582 -0.042875
v 0.010537 -0.019912 -0.042004
v 0.002785 -0.019400 -0.043377
v 0.019438 -0.021114 -0.039858
v 0.019368 -0.021098 -0.039895
v 0.018998 -0.021190 -0.039286
v 0.016632 -0.020495 -0.041333
v 0.024394 -0.022681 -0.036405
v 0.023064 -0.022151 -0.037519
v 0.023940 -0.022748 -0.035887
v 0.022381 -0.021948 -0.037974
v 0.019982 -0.021234 -0.039573
v 0.025560 -0.023448 -0.034459
v 0.026093 -0.023358 -0.034982
v 0.025158 -0.022986 -0.035765
v 0.025030 -0.023537 -0.033940
v 0.024406 -0.023260 -0.034493
v 0.023652 -0.022927 -0.035161
v 0.023435 -0.022849 -0.035323
v 0.016090 -0.020737 -0.039950
v 0.018593 -0.021313 -0.038624
v 0.018872 -0.021377 -0.038475
v 0.019337 -0.021484 -0.038229
v 0.020779 -0.021899 -0.037315
v 0.021704 -0.022230 -0.036621
v 0.033041 -0.030116 -0.022399
v 0.033352 -0.030552 -0.021695
v 0.034054 -0.030500 -0.021949
v 0.030165 -0.025744 -0.030369
v 0.029968 -0.025614 -0.030614
v 0.029387 -0.025673 -0.030207
v 0.028131 -0.024406 -0.032896
v 0.027780 -0.024225 -0.033256
v 0.032547 -0.027745 -0.026766
v 0.032318 -0.027546 -0.027123
v 0.032539 -0.028515 -0.025224
v 0.030503 -0.025966 -0.029949
v 0.034056 -0.030500 -0.021950
v 0.034759 -0.030448 -0.022204
v 0.034252 -0.029725 -0.023396
v 0.034202 -0.029667 -0.023495
v 0.033964 -0.029391 -0.023965
v 0.033172 -0.028471 -0.025530
v 0.031818 -0.028594 -0.024893
v 0.032453 -0.029292 -0.023726
v 0.032607 -0.029508 -0.023379
v 0.029203 -0.026083 -0.029188
v 0.029313 -0.026159 -0.029050
v 0.030653 -0.027314 -0.027034
v 0.031231 -0.027949 -0.025972
v 0.026910 -0.024538 -0.032016
v 0.027060 -0.024618 -0.031862
v 0.028740 -0.025767 -0.029766
v 0.036833 -0.034665 -0.015558
v 0.036724 -0.034413 -0.015950
v 0.036008 -0.034445 -0.015803
v 0.035677 -0.031990 -0.019717
v 0.035750 -0.032158 -0.019455
v 0.037095 -0.039073 -0.009027
v 0.037823 -0.039053 -0.009079
v 0.037795 -0.038694 -0.009590
v 0.037732 -0.038321 -0.010131
v 0.037610 -0.037597 -0.011184
v 0.036933 -0.035040 -0.014999
v 0.037972 -0.040905 -0.006453
v 0.037313 -0.042060 -0.004840
v 0.038063 -0.042043 -0.004839
v 0.036563 -0.042078 -0.004841
v 0.037311 -0.042060 -0.004840
v 0.036480 -0.040946 -0.006412
v 0.036345 -0.039098 -0.008976
v 0.036342 -0.039048 -0.009046
v 0.035403 -0.034857 -0.015098
v 0.035601 -0.035640 -0.013959
v 0.036154 -0.037833 -0.010770
v 0.036335 -0.039006 -0.009105
v 0.034272 -0.032143 -0.019202
v 0.034496 -0.032680 -0.018390
v 0.035250 -0.034490 -0.015653
v 0.031946 -0.060313 0.018591
v 0.032590 -0.060316 0.018947
v 0.032763 -0.060087 0.018667
v 0.033017 -0.059664 0.018141
v 0.034422 -0.057325 0.015238
v 0.034605 -0.055502 0.012701
v 0.034793 -0.056568 0.014287
v 0.035314 -0.055505 0.012952
v 0.028572 -0.065050 0.024712
v 0.029078 -0.064572 0.024137
v 0.028504 -0.064568 0.023673
v 0.029286 -0.064375 0.023900
v 0.030781 -0.062717 0.021889
v 0.030943 -0.062501 0.021624
v 0.031977 -0.061130 0.019944
v 0.027152 -0.066392 0.026326
v 0.026608 -0.066382 0.025808
v 0.027812 -0.064673 0.023337
v 0.026066 -0.066373 0.025292
v 0.030688 -0.061116 0.019181
v 0.030006 -0.062050 0.020279
v 0.029437 -0.062828 0.021195
v 0.027914 -0.064557 0.023202
v 0.031966 -0.059162 0.016864
v 0.031380 -0.060169 0.018068
v 0.031281 -0.060304 0.018227
v 0.033005 -0.057378 0.014731
v 0.033652 -0.056016 0.013078
v 0.033897 -0.055500 0.012451
v 0.025974 -0.067337 0.027455
v 0.022523 -0.069759 0.030333
v 0.022759 -0.069599 0.030145
v 0.022323 -0.069597 0.029552
v 0.023150 -0.069336 0.029832
v 0.025243 -0.067923 0.028156
v 0.020147 -0.071064 0.031873
v 0.017503 -0.072171 0.032517
v 0.019575 -0.071378 0.032243
v 0.014669 -0.073406 0.034617
v 0.016401 -0.072775 0.033880
v 0.017817 -0.072152 0.033150
v 0.014390 -0.073398 0.033921
v 0.016573 -0.072422 0.032143
v 0.014111 -0.073389 0.033226
v 0.021855 -0.069575 0.028936
v 0.021439 -0.069865 0.029265
v 0.019763 -0.070849 0.030374
v 0.019606 -0.070941 0.030478
v 0.017141 -0.072145 0.031831
v 0.024155 -0.067970 0.027116
v 0.025312 -0.067003 0.026012
v 0.013561 -0.073562 0.033419
v 0.013693 -0.073701 0.034961
v 0.011896 -0.074245 0.035595
v 0.011316 -0.074266 0.034205
v 0.009119 -0.074868 0.036319
v 0.008774 -0.074849 0.034855
v 0.008344 -0.075042 0.036521
v 0.007856 -0.075060 0.035090
v 0.006822 -0.075259 0.036773
v 0.006931 -0.075193 0.035238
v 0.004708 -0.075561 0.037123
v 0.004313 -0.075570 0.035658
v 0.003360 -0.075653 0.037229
v 0.003229 -0.075643 0.035741
v 0.001281 -0.075794 0.037392
v 0.001230 -0.075779 0.035893
v -0.000251 -0.075785 0.037382
v 0.000076 -0.075772 0.035885
v -0.002445 -0.075772 0.037367
v -0.002395 -0.075756 0.035868
v -0.002551 -0.075765 0.037360
v -0.002470 -0.075751 0.035863
v -0.004096 -0.075671 0.037250
v -0.003880 -0.075662 0.035764
v -0.007334 -0.075290 0.036809
v -0.006796 -0.075309 0.035370
v -0.007815 -0.075234 0.036743
v -0.007506 -0.075223 0.035275
v -0.008386 -0.075120 0.036612
v -0.008092 -0.075103 0.035140
v -0.011412 -0.074521 0.035916
v -0.011009 -0.074502 0.034472
v -0.013705 -0.073872 0.035160
v -0.014741 -0.073380 0.033219
v -0.015019 -0.073390 0.033914
v -0.013462 -0.073765 0.033649
v -0.013202 -0.073843 0.033736
v -0.015298 -0.073400 0.034610
v -0.014884 -0.073538 0.034771
v -0.014217 -0.073727 0.034991
v -0.017396 -0.072331 0.032043
v -0.019689 -0.071193 0.030763
v -0.020101 -0.071227 0.031433
v -0.025881 -0.067101 0.026127
v -0.026713 -0.066378 0.025301
v -0.027255 -0.066389 0.025817
v -0.017943 -0.072403 0.033444
v -0.020463 -0.071218 0.032053
v -0.024164 -0.069126 0.029584
v -0.023720 -0.069387 0.029893
v -0.024694 -0.068426 0.028195
v -0.021177 -0.070882 0.031659
v -0.020699 -0.071107 0.031923
v -0.027798 -0.066399 0.026335
v -0.026846 -0.067188 0.027279
v -0.026560 -0.067395 0.027525
v -0.025144 -0.068418 0.028742
v -0.025399 -0.067469 0.026546
v -0.024179 -0.068399 0.027605
v -0.019734 -0.071171 0.030739
v -0.020539 -0.070771 0.030289
v -0.023437 -0.068966 0.028249
v -0.029520 -0.064808 0.024422
v -0.029181 -0.065121 0.024798
v -0.027934 -0.065196 0.023941
v -0.028444 -0.064701 0.023372
v -0.030216 -0.062633 0.020966
v -0.031541 -0.062569 0.021706
v -0.030288 -0.062549 0.020868
v -0.031548 -0.062561 0.021697
v -0.030693 -0.062076 0.020318
v -0.033650 -0.057392 0.014753
v -0.034787 -0.057858 0.015904
v -0.033198 -0.058204 0.015726
v -0.034574 -0.058216 0.016348
v -0.032613 -0.059255 0.016985
v -0.033806 -0.059505 0.017948
v -0.032240 -0.059802 0.017632
v -0.033642 -0.059733 0.018228
v -0.031343 -0.061121 0.019190
v -0.032631 -0.061137 0.019952
v -0.031827 -0.062252 0.021321
v -0.033975 -0.056702 0.013917
v -0.034531 -0.055520 0.012483
v -0.035241 -0.055523 0.012731
v -0.035400 -0.056629 0.014362
v -0.035950 -0.055526 0.012979
v -0.037735 -0.050270 0.006237
v -0.037728 -0.050307 0.006285
v -0.036999 -0.050272 0.006099
v -0.036821 -0.053281 0.010120
v -0.036689 -0.053711 0.010675
v -0.037806 -0.044704 -0.001220
v -0.038503 -0.044704 -0.001192
v -0.038438 -0.045941 0.000493
v -0.038414 -0.046410 0.001132
v -0.038367 -0.046807 0.001664
v -0.037838 -0.049704 0.005488
v -0.038603 -0.042806 -0.003778
v -0.037839 -0.042052 -0.004833
v -0.038589 -0.042041 -0.004841
v -0.036282 -0.050192 0.005857
v -0.036357 -0.049754 0.005293
v -0.036894 -0.046654 0.001304
v -0.036949 -0.046143 0.000634
v -0.036955 -0.045980 0.000417
v -0.037008 -0.044721 -0.001265
v -0.037099 -0.042512 -0.004214
v -0.037089 -0.042064 -0.004825
v -0.035268 -0.053648 0.010184
v -0.035358 -0.053340 0.009799
v -0.036257 -0.050274 0.005960
v -0.015859 -0.120371 0.031007
v -0.018780 -0.120509 0.029391
v -0.019600 -0.080740 0.030638
v -0.022477 -0.080835 0.028677
v -0.036902 -0.061294 0.000436
v 0.006909 -0.080492 0.035204
v 0.027517 -0.081061 0.023173
v 0.029699 -0.081168 0.020119
v 0.035494 -0.050922 0.006766
v 0.035892 -0.049007 0.004312
v 0.035914 -0.061299 0.004325
v 0.036223 -0.047403 0.002257
v 0.036426 -0.045232 -0.000611
v 0.036496 -0.061303 -0.000598
v 0.036679 -0.059524 -0.004838
v 0.036637 -0.061283 -0.004837
v 0.006427 -0.197954 0.030844
v 0.006219 -0.197948 0.030872
v 0.006439 -0.159506 0.032279
v -0.011094 -0.198183 0.029625
v -0.011857 -0.198237 0.029318
v -0.012277 -0.159728 0.030664
v -0.031649 -0.200704 -0.001602
v -0.031373 -0.200605 -0.004807
v -0.031646 -0.193734 -0.004797
v -0.031289 -0.200680 0.005843
v -0.031444 -0.200704 0.004286
v -0.034292 -0.121684 0.004869
v -0.031655 -0.200737 0.002172
v -0.034733 -0.121696 0.000239
v -0.031654 -0.200728 0.001184
v -0.031652 -0.200717 -0.000056
v -0.030188 -0.200478 0.010564
v -0.033421 -0.121611 0.009133
v -0.029701 -0.200390 0.011834
v -0.032166 -0.121494 0.013038
v -0.029627 -0.200376 0.012027
v -0.030530 -0.200541 0.009406
v -0.030778 -0.200586 0.008243
v -0.031070 -0.200640 0.006867
v -0.028920 -0.200249 0.013875
v -0.030575 -0.121347 0.016593
v -0.028282 -0.200141 0.015084
v -0.028687 -0.121183 0.019805
v -0.027288 -0.199972 0.016969
v -0.027423 -0.199995 0.016714
v -0.024145 -0.120834 0.025235
v -0.023175 -0.160533 0.023935
v -0.026534 -0.121009 0.022683
v -0.022611 -0.199283 0.022769
v -0.023529 -0.199407 0.021856
v -0.024366 -0.199528 0.020870
v -0.025790 -0.199736 0.019191
v -0.026581 -0.199861 0.018019
v -0.017400 -0.198689 0.026681
v -0.019836 -0.198942 0.025095
v -0.020681 -0.199045 0.024386
v -0.022398 -0.199256 0.022947
v -0.016257 -0.198579 0.027356
v -0.016780 -0.198625 0.027084
v -0.018014 -0.160084 0.027877
v -0.014617 -0.198434 0.028209
v -0.004797 -0.197907 0.031099
v -0.006159 -0.159500 0.032319
v -0.000915 -0.197846 0.031417
v 0.000146 -0.159424 0.032858
v -0.000159 -0.197850 0.031396
v -0.005533 -0.197931 0.030969
v -0.005953 -0.197945 0.030895
v -0.007409 -0.197994 0.030638
v 0.005898 -0.197940 0.030914
v 0.002945 -0.197866 0.031309
v 0.000134 -0.197851 0.031387
v 0.010047 -0.198118 0.029967
v 0.012525 -0.159743 0.030573
v 0.011744 -0.198229 0.029349
v 0.018207 -0.160108 0.027712
v 0.017307 -0.198677 0.026751
v 0.017128 -0.198659 0.026857
v 0.016746 -0.198622 0.027083
v 0.013491 -0.198344 0.028713
v 0.012097 -0.198253 0.029220
v 0.021781 -0.199189 0.023411
v 0.021595 -0.199164 0.023598
v 0.023288 -0.160566 0.023658
v 0.020242 -0.198996 0.024725
v 0.017615 -0.198710 0.026539
v 0.027550 -0.161049 0.018351
v 0.026651 -0.199903 0.017631
v 0.026203 -0.199829 0.018358
v 0.024075 -0.199504 0.021108
v 0.023871 -0.199476 0.021313
v 0.022521 -0.199291 0.022668
v 0.027181 -0.199991 0.016769
v 0.029300 -0.161273 0.015204
v 0.027525 -0.200047 0.016210
v 0.029654 -0.200426 0.011263
v 0.029562 -0.200409 0.011535
v 0.030757 -0.161469 0.011716
v 0.029085 -0.200321 0.012945
v 0.028291 -0.200182 0.014607
v 0.030253 -0.200537 0.009493
v 0.031879 -0.161619 0.007878
v 0.030707 -0.200621 0.007576
v 0.030773 -0.200633 0.007296
v 0.032623 -0.161703 0.003685
v 0.030913 -0.200656 0.006312
v 0.031352 -0.200666 -0.002905
v 0.031441 -0.200710 -0.000946
v 0.032943 -0.161700 -0.000870
v 0.031454 -0.200717 -0.000651
v 0.031434 -0.200718 -0.000025
v 0.031324 -0.200725 0.003403
v 0.031310 -0.200723 0.003507
v 0.031173 -0.200597 -0.004839
v 0.032875 -0.161619 -0.004835
v 0.033122 -0.155970 -0.004834
v 0.034621 -0.121642 -0.004830
v 0.035983 -0.088729 -0.004835
v 0.035097 -0.110150 -0.004832
v 0.034549 -0.121697 -0.000772
v 0.036571 -0.064047 -0.004837
v 0.036156 -0.081447 -0.004836
v 0.036066 -0.081480 -0.000643
v 0.036021 -0.087130 -0.004835
v 0.036549 -0.043909 -0.002359
v 0.036222 -0.047415 0.002273
v 0.034208 -0.054761 0.011546
v 0.034864 -0.052856 0.009178
v 0.034948 -0.061268 0.008887
v 0.034948 -0.052611 0.008874
v 0.035356 -0.051426 0.007401
v 0.033627 -0.061217 0.013078
v 0.031984 -0.061154 0.016885
v 0.031615 -0.081270 0.016701
v 0.019624 -0.080751 0.030260
v 0.025093 -0.080952 0.025874
v 0.013494 -0.080593 0.033351
v 0.000079 -0.080456 0.035862
v -0.006766 -0.080488 0.035329
v -0.013397 -0.080586 0.033601
v -0.025170 -0.080938 0.026388
v -0.029888 -0.081153 0.020783
v -0.027649 -0.081045 0.023760
v -0.031858 -0.081254 0.017446
v -0.032254 -0.061144 0.017649
v -0.033950 -0.061206 0.013920
v -0.035317 -0.061257 0.009804
v -0.036313 -0.061289 0.005307
v -0.036922 -0.061264 -0.004805
v -0.036375 -0.081430 -0.004789
v -0.036848 -0.069835 -0.004796
v -0.036898 -0.064031 -0.004802
v -0.033258 -0.155971 -0.004783
v -0.034723 -0.121634 -0.004769
v -0.035017 -0.114746 -0.004767
v -0.035205 -0.110139 -0.004770
v -0.036143 -0.087112 -0.004785
v -0.036380 -0.081474 0.000396
v 0.026493 -0.121036 0.022218
v 0.028593 -0.121210 0.019256
v 0.030431 -0.121374 0.015952
v 0.031979 -0.121518 0.012296
v 0.033240 -0.081361 0.012911
v 0.033205 -0.121630 0.008289
v 0.034544 -0.081432 0.008751
v 0.034074 -0.121695 0.003932
v 0.035497 -0.081475 0.004229
v -0.016565 -0.080657 0.032277
v -0.013118 -0.100445 0.033079
v -0.012814 -0.120253 0.032320
v -0.006614 -0.100315 0.034822
v -0.006447 -0.120090 0.034050
v 0.000096 -0.100272 0.035366
v 0.000117 -0.120036 0.034600
v 0.006791 -0.100319 0.034717
v 0.006666 -0.120095 0.033971
v 0.013252 -0.100455 0.032869
v 0.012991 -0.120265 0.032155
v 0.019271 -0.100666 0.029787
v 0.018888 -0.120528 0.029126
v 0.024158 -0.120859 0.024844
v -0.035832 -0.081466 0.005213
v -0.034868 -0.081420 0.009662
v -0.033530 -0.081346 0.013741
v -0.021551 -0.120665 0.027468
v 0.036965 -0.047396 0.002348
v 0.037219 -0.049655 0.005417
v 0.037707 -0.047388 0.002439
v 0.037721 -0.047324 0.002354
v 0.037853 -0.045916 0.000452
v 0.038048 -0.043833 -0.002363
v 0.036189 -0.053217 0.010034
v 0.036313 -0.052855 0.009569
v 0.035639 -0.052857 0.009387
v 0.036895 -0.051156 0.007390
v 0.035769 -0.054442 0.011606
v 0.032693 -0.200756 0.004421
v 0.032390 -0.200705 0.006564
v 0.031692 -0.200690 0.006444
v 0.028813 -0.200087 0.016981
v 0.028470 -0.200033 0.017530
v 0.027844 -0.200014 0.017161
v 0.023221 -0.199291 0.024081
v 0.022779 -0.199234 0.024521
v 0.022292 -0.199211 0.023977
v -0.032256 -0.200636 0.008516
v -0.032538 -0.200687 0.007144
v -0.031846 -0.200672 0.007015
v -0.000162 -0.197867 0.032177
v 0.024438 -0.199498 0.021826
v 0.032958 -0.200777 -0.000580
v 0.032213 -0.200754 -0.000027
v 0.032841 -0.200726 -0.003134
v 0.031915 -0.200630 -0.004927
v 0.032661 -0.200664 -0.005015
v 0.030317 -0.200440 0.011800
v 0.017510 -0.198682 0.027502
v 0.012016 -0.198245 0.030101
v 0.006026 -0.197959 0.031675
v -0.005653 -0.197950 0.031727
v -0.011389 -0.198208 0.030316
v -0.016623 -0.198599 0.028031
v -0.021178 -0.199065 0.025010
v -0.024967 -0.199551 0.021398
v -0.028080 -0.200018 0.017106
v -0.030375 -0.200406 0.012310
v -0.032442 -0.200763 0.001201
v -0.033158 -0.200782 0.001217
v -0.033152 -0.200771 -0.000102
v -0.033145 -0.200757 -0.001790
v -0.032115 -0.200635 -0.004901
v -0.032860 -0.200664 -0.004995
v -0.032799 -0.200733 0.005871
v -0.032941 -0.200755 0.004395
v -0.033162 -0.200789 0.002090
v -0.031031 -0.200421 0.012557
v -0.031140 -0.200439 0.012268
v -0.031654 -0.200529 0.010901
v -0.032044 -0.200599 0.009547
v -0.027887 -0.199913 0.018750
v -0.028721 -0.200039 0.017497
v -0.029665 -0.200192 0.015674
v -0.030374 -0.200307 0.014304
v -0.027063 -0.199789 0.019987
v -0.025491 -0.199570 0.021860
v -0.021618 -0.199088 0.025566
v -0.023534 -0.199313 0.023937
v -0.023739 -0.199337 0.023762
v -0.024747 -0.199467 0.022747
v -0.016967 -0.198623 0.028667
v -0.017823 -0.198696 0.028215
v -0.018340 -0.198747 0.027872
v -0.020920 -0.199006 0.026159
v -0.011761 -0.198239 0.030982
v -0.012582 -0.198295 0.030647
v -0.015360 -0.198487 0.029516
v -0.005766 -0.197977 0.032450
v -0.006466 -0.198000 0.032322
v -0.008004 -0.198050 0.032042
v -0.011626 -0.198232 0.031020
v -0.000166 -0.197897 0.032887
v -0.001159 -0.197893 0.032909
v -0.005126 -0.197956 0.032566
v 0.006605 -0.197997 0.032336
v 0.006148 -0.197987 0.032394
v 0.006142 -0.197987 0.032395
v 0.002787 -0.197909 0.032825
v 0.010319 -0.198156 0.031450
v 0.013858 -0.198375 0.030186
v 0.012263 -0.198276 0.030756
v 0.012254 -0.198276 0.030759
v 0.017209 -0.198643 0.028546
v 0.022501 -0.199198 0.024798
v 0.021002 -0.199023 0.026035
v 0.017991 -0.198714 0.028092
v 0.025065 -0.199529 0.022248
v 0.027614 -0.199900 0.018900
v 0.027282 -0.199848 0.019432
v 0.025534 -0.199596 0.021652
v 0.030977 -0.200454 0.012032
v 0.030863 -0.200434 0.012361
v 0.030419 -0.200355 0.013652
v 0.029385 -0.200182 0.015795
v 0.032252 -0.200682 0.007537
v 0.032003 -0.200637 0.008578
v 0.031633 -0.200570 0.010126
v 0.032941 -0.200777 -0.000104
v 0.032939 -0.200777 -0.000031
v 0.032817 -0.200777 0.003548
v -0.013105 -0.074368 -0.042421
v -0.012887 -0.085666 -0.041558
v -0.006418 -0.085561 -0.043397
v -0.022361 -0.063271 -0.037857
v -0.025057 -0.063354 -0.035487
v -0.024370 -0.086085 -0.034212
v -0.026811 -0.086225 -0.031595
v 0.034965 -0.110079 -0.008636
v 0.035832 -0.040940 -0.014042
v 0.034872 -0.040926 -0.018581
v 0.022132 -0.029510 -0.037388
v -0.035971 -0.087055 -0.008840
v 0.026004 -0.199223 -0.019997
v 0.027694 -0.199606 -0.017058
v 0.030048 -0.155219 -0.018600
v 0.030696 -0.200435 -0.007980
v 0.030728 -0.200446 -0.007767
v 0.032818 -0.155861 -0.008109
v 0.031258 -0.155464 -0.015391
v 0.027730 -0.199614 -0.016994
v 0.032186 -0.155682 -0.011897
v 0.027903 -0.199659 -0.016593
v 0.029123 -0.199972 -0.013750
v 0.029777 -0.200155 -0.011773
v 0.029934 -0.200203 -0.011125
v 0.029935 -0.200204 -0.011123
v 0.025105 -0.199044 -0.021199
v 0.028570 -0.154959 -0.021533
v 0.024534 -0.198931 -0.021964
v 0.022699 -0.154177 -0.028739
v 0.020632 -0.198276 -0.025928
v 0.026840 -0.154694 -0.024197
v 0.021639 -0.198422 -0.025119
v 0.024036 -0.198833 -0.022629
v 0.017776 -0.153722 -0.032255
v 0.016097 -0.197697 -0.029026
v 0.016398 -0.197726 -0.028881
v 0.017374 -0.197843 -0.028268
v 0.018952 -0.198033 -0.027277
v 0.009569 -0.197156 -0.031677
v 0.011002 -0.197259 -0.031186
v 0.012247 -0.153371 -0.034762
v 0.012550 -0.197369 -0.030655
v 0.013092 -0.197408 -0.030469
v 0.003843 -0.196922 -0.032769
v 0.005563 -0.196982 -0.032490
v 0.006319 -0.153148 -0.036257
v 0.007113 -0.197036 -0.032239
v 0.007696 -0.197056 -0.032145
v 0.001216 -0.196894 -0.032904
v 0.000206 -0.153071 -0.036737
v -0.000067 -0.196880 -0.032970
v -0.002877 -0.196906 -0.032854
v -0.005882 -0.153144 -0.036207
v -0.003874 -0.196936 -0.032720
v -0.010220 -0.197208 -0.031467
v -0.009850 -0.197188 -0.031558
v -0.011734 -0.153364 -0.034673
v -0.006618 -0.197016 -0.032352
v -0.005675 -0.196988 -0.032479
v -0.017181 -0.153714 -0.032139
v -0.016127 -0.197725 -0.028935
v -0.015332 -0.197641 -0.029359
v -0.014269 -0.197529 -0.029927
v -0.013670 -0.197474 -0.030195
v -0.011084 -0.197275 -0.031148
v -0.017375 -0.197857 -0.028268
v -0.022064 -0.154169 -0.028611
v -0.020213 -0.198230 -0.026284
v -0.026245 -0.154687 -0.024070
v -0.024549 -0.198958 -0.021883
v -0.023282 -0.198720 -0.023438
v -0.022776 -0.198632 -0.023971
v -0.021556 -0.198441 -0.025072
v -0.020667 -0.198301 -0.025874
v -0.025259 -0.199092 -0.021010
v -0.029600 -0.155212 -0.018485
v -0.025516 -0.199140 -0.020695
v -0.029900 -0.200170 -0.011736
v -0.028527 -0.199813 -0.015400
v -0.031985 -0.155677 -0.011806
v -0.028163 -0.199726 -0.016138
v -0.030925 -0.155458 -0.015286
v -0.027743 -0.199626 -0.016990
v -0.027409 -0.199547 -0.017668
v -0.032759 -0.155857 -0.008036
v -0.030219 -0.200262 -0.010472
v -0.030066 -0.200218 -0.011077
v -0.030889 -0.200453 -0.007824
v -0.034907 -0.110062 -0.008559
v -0.036753 -0.063990 -0.009051
v -0.037022 -0.040927 -0.006390
v -0.036087 -0.035618 -0.013944
v -0.036492 -0.037057 -0.011839
v -0.036240 -0.040895 -0.014021
v -0.036525 -0.037175 -0.011665
v -0.036874 -0.040920 -0.009098
v -0.036797 -0.039009 -0.009076
v -0.036981 -0.040246 -0.007329
v -0.035712 -0.034283 -0.015897
v -0.035210 -0.040867 -0.018558
v -0.035308 -0.033244 -0.017460
v -0.034048 -0.030772 -0.021281
v -0.033821 -0.040836 -0.022711
v -0.034888 -0.032419 -0.018734
v -0.035004 -0.032647 -0.018383
v -0.032113 -0.040803 -0.026487
v -0.031903 -0.029431 -0.026091
v -0.029945 -0.029434 -0.029438
v -0.027727 -0.029434 -0.032430
v -0.025272 -0.029431 -0.035079
v -0.022607 -0.029426 -0.037393
v -0.013608 -0.029404 -0.042413
v -0.019757 -0.029419 -0.039383
v -0.007026 -0.029396 -0.044211
v -0.000222 -0.029401 -0.044807
v 0.006579 -0.029422 -0.044208
v 0.013155 -0.029457 -0.042408
v 0.019292 -0.029494 -0.039377
v 0.025239 -0.040780 -0.035667
v 0.027226 -0.029526 -0.032426
v 0.024786 -0.029521 -0.035074
v 0.031368 -0.029520 -0.026088
v 0.033548 -0.040906 -0.022736
v 0.036395 -0.040953 -0.009115
v 0.036513 -0.064015 -0.009093
v 0.035914 -0.087076 -0.008903
v -0.035252 -0.086950 -0.013512
v -0.034163 -0.109929 -0.012928
v -0.034162 -0.086821 -0.017820
v -0.033075 -0.109765 -0.016962
v -0.032738 -0.086676 -0.021774
v -0.031677 -0.109582 -0.020670
v -0.031019 -0.086524 -0.025383
v -0.030002 -0.109389 -0.024060
v -0.031834 -0.063640 -0.026336
v -0.033572 -0.063740 -0.022577
v -0.034997 -0.063835 -0.018449
v -0.036071 -0.063920 -0.013942
v -0.030117 -0.040769 -0.029895
v -0.030054 -0.052142 -0.029966
v -0.029819 -0.063541 -0.029734
v -0.027783 -0.052076 -0.033030
v -0.027861 -0.040734 -0.032944
v -0.025370 -0.040700 -0.035643
v -0.023564 -0.108823 -0.032388
v -0.018300 -0.108504 -0.036457
v -0.021735 -0.085957 -0.036512
v -0.029035 -0.086372 -0.028654
v -0.028077 -0.109195 -0.027139
v -0.006556 -0.074282 -0.044284
v 0.000297 -0.085533 -0.044028
v 0.000237 -0.074261 -0.044920
v -0.018928 -0.085843 -0.038501
v -0.019226 -0.074514 -0.039317
v -0.019489 -0.063197 -0.039902
v -0.027551 -0.063445 -0.032782
v -0.025281 -0.052012 -0.035747
v -0.019689 -0.051901 -0.040172
v -0.000080 -0.040559 -0.045590
v -0.006947 -0.040560 -0.044974
v -0.013585 -0.040588 -0.043131
v -0.019792 -0.040637 -0.040034
v -0.013308 -0.063082 -0.043032
v -0.006697 -0.063016 -0.044905
v 0.000153 -0.063001 -0.045540
v 0.022550 -0.086018 -0.036634
v 0.019217 -0.108549 -0.036589
v 0.024514 -0.108874 -0.032535
v 0.034429 -0.109954 -0.013025
v 0.033538 -0.109799 -0.017078
v 0.035394 -0.086982 -0.013593
v 0.025465 -0.052087 -0.035801
v 0.022816 -0.063338 -0.037937
v 0.025506 -0.063426 -0.035570
v 0.025185 -0.086149 -0.034339
v 0.013267 -0.108300 -0.039470
v 0.019720 -0.085899 -0.038616
v 0.019872 -0.074574 -0.039414
v 0.019931 -0.063259 -0.039977
v 0.013450 -0.040636 -0.043147
v 0.006794 -0.040585 -0.044983
v 0.006940 -0.051795 -0.045190
v 0.000047 -0.051763 -0.045797
v -0.006832 -0.051771 -0.045168
v -0.013476 -0.051818 -0.043301
v -0.012450 -0.108267 -0.039368
v -0.006176 -0.108123 -0.041127
v 0.019671 -0.040705 -0.040055
v 0.013623 -0.051864 -0.043339
v 0.007024 -0.063039 -0.044937
v 0.007056 -0.074305 -0.044326
v 0.007041 -0.085582 -0.043446
v 0.000345 -0.108080 -0.041734
v 0.006900 -0.108140 -0.041184
v 0.013593 -0.085707 -0.041646
v 0.013678 -0.074411 -0.042496
v 0.013693 -0.063127 -0.043090
v 0.019873 -0.051965 -0.040221
v 0.027710 -0.040817 -0.032969
v 0.027943 -0.052153 -0.033086
v 0.027974 -0.063518 -0.032867
v 0.027598 -0.086290 -0.031723
v 0.026850 -0.109056 -0.030062
v 0.029429 -0.029526 -0.029434
v 0.029937 -0.040851 -0.029921
v 0.030173 -0.052218 -0.030022
v 0.030192 -0.063613 -0.029818
v 0.029762 -0.086436 -0.028780
v 0.028945 -0.109244 -0.027285
v 0.032313 -0.109623 -0.020799
v 0.034493 -0.086863 -0.017919
v 0.035984 -0.063957 -0.013997
v 0.035057 -0.063884 -0.018515
v 0.031651 -0.086583 -0.025504
v 0.033762 -0.063799 -0.022651
v 0.032130 -0.063707 -0.026416
v 0.033774 -0.052342 -0.022806
v 0.032126 -0.052282 -0.026598
v 0.031892 -0.040881 -0.026513
v 0.030774 -0.109435 -0.024199
v 0.033237 -0.086727 -0.021886
v -0.037242 -0.037036 -0.011938
v -0.037412 -0.035045 -0.014998
v -0.037974 -0.037020 -0.012037
v -0.038022 -0.037191 -0.011781
v -0.038195 -0.038338 -0.010122
v -0.038481 -0.040248 -0.007363
v -0.038521 -0.040902 -0.006443
v -0.036228 -0.032174 -0.019445
v -0.036324 -0.032363 -0.019145
v -0.035651 -0.032376 -0.018945
v -0.036830 -0.033356 -0.017571
v -0.037203 -0.034311 -0.016098
v -0.035577 -0.030896 -0.021472
v 0.038042 -0.064070 -0.004829
v 0.038045 -0.061299 -0.004830
v 0.037910 -0.061321 0.000467
v 0.016300 -0.120431 0.032325
v 0.019316 -0.120570 0.030633
v 0.020031 -0.080773 0.031777
v 0.022996 -0.080870 0.029717
v -0.034600 -0.161764 0.000080
v -0.006686 -0.159570 0.033743
v 0.035987 -0.121764 0.000228
v 0.025769 -0.080975 0.027314
v 0.013636 -0.080613 0.034901
v -0.031213 -0.081202 0.021500
v -0.036784 -0.061277 0.010124
v -0.037800 -0.061310 0.005500
v -0.038585 -0.058497 -0.004831
v -0.038503 -0.061291 -0.004831
v -0.038398 -0.061317 0.000509
v -0.035386 -0.061226 0.014370
v -0.033641 -0.061163 0.018234
v -0.033247 -0.081304 0.018029
v -0.028896 -0.081094 0.024607
v -0.026329 -0.080985 0.027355
v -0.023542 -0.080881 0.029752
v -0.014148 -0.080621 0.034922
v -0.020564 -0.080783 0.031807
v -0.007304 -0.080517 0.036760
v -0.000248 -0.080479 0.037364
v 0.006804 -0.080512 0.036749
v 0.028323 -0.081084 0.024558
v 0.030629 -0.081193 0.021443
v 0.032661 -0.081297 0.017963
v 0.033024 -0.061159 0.018152
v 0.034772 -0.061224 0.014288
v 0.036188 -0.061277 0.010046
v 0.037243 -0.061311 0.005434
v 0.033099 -0.190784 -0.004986
v 0.035423 -0.121744 0.004984
v 0.034464 -0.121669 0.009401
v 0.031489 -0.121404 0.017190
v 0.033142 -0.121551 0.013470
v 0.027313 -0.121066 0.023586
v 0.029536 -0.121239 0.020561
v 0.024850 -0.120892 0.026269
v 0.023982 -0.160582 0.025070
v 0.006358 -0.159561 0.033812
v 0.012690 -0.159784 0.032109
v 0.018635 -0.160137 0.029210
v -0.000164 -0.159488 0.034352
v -0.013017 -0.159800 0.031982
v -0.018965 -0.160156 0.029050
v -0.024319 -0.160599 0.024910
v -0.028846 -0.161071 0.019512
v -0.026702 -0.160836 0.022372
v -0.030716 -0.161294 0.016322
v -0.032272 -0.161492 0.012794
v -0.033471 -0.161648 0.008917
v -0.034265 -0.161746 0.004683
v -0.038422 -0.064061 -0.004832
v -0.037908 -0.081487 -0.004833
v -0.037879 -0.081525 0.000460
v -0.037741 -0.087177 -0.004833
v -0.037715 -0.088041 -0.004833
v -0.036711 -0.110210 -0.004846
v -0.036233 -0.121762 0.000274
v -0.037321 -0.081514 0.005400
v -0.036337 -0.081468 0.009978
v -0.034967 -0.081395 0.014189
v -0.035782 -0.121746 0.005036
v -0.034889 -0.121673 0.009439
v -0.033601 -0.121558 0.013484
v -0.031961 -0.121414 0.017178
v -0.030008 -0.121251 0.020525
v -0.027777 -0.121079 0.023530
v -0.025303 -0.120907 0.026200
v -0.022616 -0.120740 0.028540
v 0.016902 -0.080686 0.033502
v 0.013406 -0.100496 0.034414
v 0.013154 -0.120314 0.033699
v 0.006697 -0.100364 0.036258
v 0.006579 -0.120152 0.035512
v -0.000226 -0.100322 0.036866
v -0.000202 -0.120100 0.036100
v -0.007153 -0.100371 0.036248
v -0.006986 -0.120160 0.035477
v -0.013873 -0.100507 0.034395
v -0.013569 -0.120327 0.033637
v -0.020176 -0.100717 0.031276
v -0.019746 -0.120585 0.030556
v 0.037484 -0.081527 0.000411
v 0.036829 -0.081513 0.005329
v 0.035788 -0.081464 0.009902
v 0.034390 -0.081390 0.014116
v 0.033620 -0.178880 -0.004965
v 0.034620 -0.156036 -0.004925
v 0.036122 -0.121710 -0.004866
v 0.036556 -0.111796 -0.004848
v 0.036611 -0.110216 -0.004847
v 0.037417 -0.087178 -0.004836
v 0.037615 -0.081491 -0.004833
v 0.038037 -0.069421 -0.004827
v 0.022175 -0.120725 0.028616
v -0.034504 -0.161682 -0.004924
v -0.034742 -0.156034 -0.004914
v -0.036190 -0.121707 -0.004852
v -0.016658 -0.197801 -0.030349
v -0.016005 -0.197736 -0.030697
v -0.015691 -0.197682 -0.030068
v 0.022167 -0.198478 -0.025646
v 0.012826 -0.197417 -0.031378
v -0.030987 -0.200305 -0.010685
v -0.031660 -0.200328 -0.010872
v -0.032321 -0.200506 -0.008301
v -0.028858 -0.199766 -0.016474
v -0.025875 -0.199133 -0.021472
v -0.022090 -0.198482 -0.025668
v -0.020610 -0.198266 -0.026922
v -0.010062 -0.197234 -0.032293
v -0.003959 -0.196978 -0.033501
v 0.001242 -0.196935 -0.033696
v 0.007262 -0.197082 -0.032998
v 0.017778 -0.197891 -0.028939
v 0.025741 -0.199095 -0.021677
v 0.028594 -0.199707 -0.016931
v 0.030682 -0.200249 -0.011335
v 0.031243 -0.200246 -0.012093
v 0.031260 -0.200250 -0.012039
v 0.031381 -0.200285 -0.011534
v 0.032187 -0.200515 -0.008156
v 0.027371 -0.199345 -0.020641
v 0.028798 -0.199651 -0.018128
v 0.029126 -0.199721 -0.017550
v 0.029252 -0.199751 -0.017255
v 0.030546 -0.200063 -0.014218
v 0.025216 -0.198942 -0.023551
v 0.025485 -0.198993 -0.023188
v 0.026295 -0.199144 -0.022095
v 0.022759 -0.198544 -0.026120
v 0.017209 -0.197842 -0.030142
v 0.018142 -0.197949 -0.029549
v 0.020012 -0.198164 -0.028358
v 0.021362 -0.198351 -0.027258
v 0.013081 -0.197476 -0.032046
v 0.013833 -0.197529 -0.031782
v 0.016615 -0.197786 -0.030431
v 0.007403 -0.197141 -0.033705
v 0.008034 -0.197162 -0.033602
v 0.010241 -0.197278 -0.033041
v 0.011337 -0.197354 -0.032657
v 0.000103 -0.196983 -0.034466
v 0.001263 -0.196996 -0.034402
v 0.004095 -0.197028 -0.034246
v 0.005720 -0.197084 -0.033980
v -0.005839 -0.197087 -0.033966
v -0.004033 -0.197037 -0.034208
v -0.003025 -0.197009 -0.034343
v -0.000063 -0.196984 -0.034459
v -0.011426 -0.197364 -0.032613
v -0.014076 -0.197555 -0.031652
v -0.014917 -0.197627 -0.031278
v -0.010541 -0.197300 -0.032934
v -0.010266 -0.197286 -0.033001
v -0.006852 -0.197115 -0.033831
v -0.023686 -0.198695 -0.025177
v -0.022554 -0.198529 -0.026187
v -0.021406 -0.198361 -0.027210
v -0.021035 -0.198306 -0.027541
v -0.018110 -0.197946 -0.029574
v -0.026464 -0.199174 -0.021910
v -0.025487 -0.199002 -0.023101
v -0.024349 -0.198802 -0.024487
v -0.029509 -0.199801 -0.016787
v -0.028864 -0.199657 -0.018083
v -0.028607 -0.199599 -0.018600
v -0.026650 -0.199207 -0.021682
v -0.031356 -0.200247 -0.012057
v -0.031296 -0.200231 -0.012288
v -0.029885 -0.199885 -0.016031
v -0.034957 -0.052290 -0.023891
v -0.034726 -0.063777 -0.023715
v -0.036231 -0.063867 -0.019551
v -0.035387 -0.086878 -0.018915
v -0.033884 -0.086741 -0.022908
v -0.032818 -0.109653 -0.021791
v 0.028839 -0.052139 -0.034355
v 0.031170 -0.052202 -0.031235
v 0.031190 -0.063634 -0.031030
v 0.028492 -0.086368 -0.032987
v 0.030760 -0.086504 -0.029985
v 0.029937 -0.109333 -0.028485
v 0.017475 -0.176349 -0.031862
v 0.000065 -0.175636 -0.036111
v -0.005957 -0.175719 -0.035615
v -0.033273 -0.155715 -0.012799
v -0.038284 -0.040891 -0.010151
v -0.037566 -0.040868 -0.015086
v -0.032985 -0.029353 -0.027252
v -0.028614 -0.029343 -0.033699
v 0.036134 -0.040871 -0.019651
v 0.037945 -0.064027 -0.010112
v 0.037819 -0.040908 -0.010147
v 0.037175 -0.040891 -0.015085
v 0.034727 -0.040848 -0.023846
v 0.032983 -0.040819 -0.027672
v 0.032453 -0.029401 -0.027243
v 0.030419 -0.029401 -0.030642
v 0.028116 -0.029396 -0.033689
v 0.025571 -0.029384 -0.036389
v 0.022812 -0.029368 -0.038749
v 0.019866 -0.029349 -0.040777
v 0.013524 -0.029307 -0.043862
v 0.006757 -0.029272 -0.045692
v -0.000223 -0.029252 -0.046299
v -0.007204 -0.029253 -0.045695
v -0.013977 -0.029273 -0.043869
v -0.017220 -0.029287 -0.042487
v -0.020332 -0.029302 -0.040786
v -0.026056 -0.029332 -0.036399
v -0.023286 -0.029318 -0.038759
v -0.030933 -0.029350 -0.030652
v -0.034986 -0.040811 -0.023839
v -0.036455 -0.040841 -0.019649
v -0.038153 -0.064015 -0.010114
v -0.029794 -0.177995 -0.018729
v -0.026363 -0.177414 -0.024064
v -0.022127 -0.176846 -0.028403
v -0.011775 -0.175962 -0.034168
v -0.017217 -0.176348 -0.031766
v 0.006106 -0.175719 -0.035655
v 0.011973 -0.175962 -0.034241
v 0.022426 -0.176850 -0.028507
v 0.026654 -0.177419 -0.024158
v 0.030009 -0.178001 -0.018799
v 0.032363 -0.178519 -0.012407
v 0.037344 -0.087117 -0.009887
v 0.036388 -0.110130 -0.009582
v 0.036746 -0.087023 -0.014595
v 0.035777 -0.110007 -0.013997
v 0.035765 -0.086907 -0.018957
v 0.034808 -0.109857 -0.018094
v 0.034424 -0.086778 -0.022974
v 0.033497 -0.109690 -0.021873
v 0.032746 -0.086642 -0.026649
v 0.031866 -0.109513 -0.025336
v 0.037335 -0.063967 -0.015028
v 0.036327 -0.063894 -0.019575
v 0.034948 -0.063812 -0.023755
v 0.033226 -0.063724 -0.027572
v 0.033220 -0.052265 -0.027757
v 0.034957 -0.052324 -0.023914
v 0.030932 -0.040787 -0.031134
v 0.028604 -0.040751 -0.034236
v 0.026028 -0.040713 -0.036987
v 0.020249 -0.040637 -0.041461
v 0.013823 -0.040568 -0.044607
v 0.000148 -0.063062 -0.047039
v 0.007119 -0.051797 -0.046681
v 0.007204 -0.063096 -0.046428
v 0.013997 -0.051862 -0.044801
v 0.014066 -0.063177 -0.044551
v 0.020452 -0.051958 -0.041628
v 0.020509 -0.063301 -0.041384
v 0.026256 -0.052076 -0.037123
v 0.026297 -0.063458 -0.036891
v 0.028871 -0.063544 -0.034134
v -0.029045 -0.109286 -0.028360
v -0.031059 -0.109470 -0.025230
v -0.032081 -0.086598 -0.026561
v -0.028435 -0.063498 -0.034058
v -0.025153 -0.086186 -0.035532
v -0.027690 -0.086317 -0.032868
v -0.024340 -0.108937 -0.033707
v -0.031036 -0.052159 -0.031193
v -0.030797 -0.063589 -0.030963
v -0.030008 -0.086455 -0.029879
v -0.037386 -0.063948 -0.015019
v -0.036285 -0.110118 -0.009572
v 0.006973 -0.040519 -0.046473
v 0.000043 -0.051769 -0.047297
v -0.007018 -0.051781 -0.046659
v -0.006886 -0.063079 -0.046395
v -0.013858 -0.051832 -0.044761
v -0.013693 -0.063145 -0.044490
v -0.020274 -0.051918 -0.041578
v 0.026191 -0.074848 -0.036377
v 0.020448 -0.074653 -0.040820
v 0.014049 -0.074502 -0.043956
v 0.007234 -0.074403 -0.045815
v 0.000231 -0.074364 -0.046417
v -0.006746 -0.074385 -0.045772
v -0.013491 -0.074468 -0.043877
v -0.016950 -0.063197 -0.043059
v -0.016457 -0.085868 -0.041612
v -0.019514 -0.085960 -0.039900
v -0.020076 -0.063258 -0.041305
v -0.023049 -0.063330 -0.039224
v -0.026068 -0.052030 -0.037071
v -0.020373 -0.040595 -0.041440
v -0.013962 -0.040537 -0.044591
v -0.007130 -0.040502 -0.046464
v -0.000082 -0.040495 -0.047088
v -0.026157 -0.040667 -0.036967
v -0.018880 -0.108640 -0.037855
v -0.022420 -0.086066 -0.037875
v -0.025843 -0.063410 -0.036810
v -0.028669 -0.052093 -0.034307
v -0.031102 -0.040742 -0.031118
v 0.025971 -0.086237 -0.035657
v 0.025292 -0.108986 -0.033852
v 0.020292 -0.086006 -0.040020
v 0.019779 -0.108685 -0.037994
v 0.013962 -0.085827 -0.043104
v 0.013628 -0.108451 -0.040927
v 0.007218 -0.085711 -0.044932
v 0.007072 -0.108302 -0.042667
v 0.000289 -0.085666 -0.045522
v 0.000336 -0.108246 -0.043225
v -0.006608 -0.085693 -0.044881
v -0.006364 -0.108285 -0.042608
v -0.013272 -0.085792 -0.043011
v -0.012830 -0.108419 -0.040819
v -0.028748 -0.040705 -0.034218
v -0.033191 -0.040778 -0.027660
v -0.033142 -0.052225 -0.027723
v -0.032904 -0.063684 -0.027517
v -0.037359 -0.087105 -0.009884
v -0.034118 -0.155896 -0.008989
v -0.030733 -0.155262 -0.019583
v -0.032137 -0.155500 -0.016328
v -0.034294 -0.109828 -0.018039
v -0.035461 -0.109986 -0.013968
v -0.036557 -0.087002 -0.014575
v 0.034212 -0.155906 -0.009012
v 0.029640 -0.155032 -0.022668
v 0.031211 -0.155282 -0.019664
v 0.032507 -0.155517 -0.016389
v 0.033511 -0.155729 -0.012838
v 0.027737 -0.109156 -0.031323
v 0.027809 -0.154778 -0.025401
v 0.023452 -0.154283 -0.030064
v -0.027200 -0.154755 -0.025286
v -0.022819 -0.154261 -0.029935
v -0.017734 -0.153830 -0.033547
v -0.012092 -0.153499 -0.036131
v -0.006056 -0.153293 -0.037691
v 0.000199 -0.153224 -0.038229
v 0.006480 -0.153299 -0.037741
v 0.012588 -0.153512 -0.036223
v 0.018313 -0.153849 -0.033668
v 0.007383 -0.009913 -0.036668
v 0.007162 -0.009925 -0.036749
v 0.007181 -0.017370 -0.031946
v -0.000200 -0.029689 -0.021952
v -0.000201 -0.032028 -0.018977
v 0.003523 -0.031796 -0.018958
v -0.000202 -0.037357 -0.010912
v -0.000202 -0.037379 -0.010874
v 0.003549 -0.037099 -0.010909
v -0.000201 -0.041830 -0.002406
v -0.000201 -0.041908 -0.002246
v 0.003555 -0.041615 -0.002359
v -0.000199 -0.046048 0.006264
v -0.000199 -0.046186 0.006545
v 0.003546 -0.045804 0.006398
v -0.000197 -0.050348 0.015025
v 0.003529 -0.050155 0.015221
v -0.000197 -0.050547 0.015430
v -0.000197 -0.051086 0.016529
v -0.000200 -0.045854 0.005869
v -0.000202 -0.039823 -0.006533
v -0.000201 -0.032080 -0.018912
v -0.000201 -0.033094 -0.017621
v -0.000202 -0.036341 -0.012718
v -0.000199 -0.025806 -0.026068
v 0.003480 -0.025382 -0.026174
v -0.000199 -0.025584 -0.026262
v -0.000198 -0.021437 -0.029909
v 0.003440 -0.017827 -0.032386
v -0.000198 -0.018215 -0.032276
v -0.000197 -0.010028 -0.037766
v -0.000197 -0.016004 -0.033901
v -0.000197 -0.017940 -0.032478
v 0.006922 -0.009938 -0.036838
v 0.003608 -0.009980 -0.037270
v 0.003410 -0.009983 -0.037296
v 0.010921 -0.016605 -0.031207
v 0.014472 -0.015499 -0.030076
v 0.014507 -0.012542 -0.031980
v 0.014544 -0.009510 -0.033931
v 0.013808 -0.009558 -0.034299
v 0.010849 -0.009722 -0.035390
v 0.014516 -0.025790 -0.021271
v 0.014479 -0.022299 -0.024538
v 0.011043 -0.023740 -0.025354
v 0.014455 -0.019947 -0.026739
v 0.014438 -0.018326 -0.028257
v 0.014521 -0.026464 -0.020400
v 0.011174 -0.029823 -0.018541
v 0.014535 -0.028223 -0.018125
v 0.014563 -0.031839 -0.013449
v 0.011251 -0.034944 -0.011003
v 0.014561 -0.032001 -0.013180
v 0.011261 -0.039421 -0.003038
v 0.011221 -0.043647 0.005127
v 0.014388 -0.041274 0.002464
v 0.014452 -0.039417 -0.000858
v 0.014492 -0.036691 -0.005386
v 0.014542 -0.033304 -0.011014
v 0.011001 -0.051798 0.020148
v 0.011036 -0.051778 0.020123
v 0.011159 -0.047983 0.013383
v 0.014091 -0.049939 0.017965
v 0.014355 -0.042254 0.004217
v 0.005008 -0.054505 0.023270
v 0.007258 -0.053647 0.022293
v 0.007345 -0.049306 0.014535
v 0.007705 -0.053476 0.022099
v 0.009088 -0.052950 0.021499
v -0.000197 -0.055169 0.023865
v -0.000183 -0.055169 0.023865
v 0.000853 -0.055157 0.023900
v 0.003485 -0.054744 0.023500
v 0.003947 -0.054671 0.023430
v 0.007261 -0.024764 -0.025868
v 0.007348 -0.031047 -0.018803
v 0.007400 -0.036272 -0.010944
v 0.007408 -0.040763 -0.002613
v 0.007384 -0.044960 0.005924
v 0.018803 0.028251 -0.006649
v 0.018803 0.028793 -0.003547
v 0.018811 0.028905 -0.003562
v 0.018803 0.022886 -0.017844
v 0.018803 0.024551 -0.015338
v 0.018811 0.024676 -0.015418
v 0.018803 0.018734 0.022219
v 0.018803 0.016483 0.023860
v 0.018811 0.016569 0.023986
v 0.018803 0.015429 0.024628
v 0.018811 0.013862 0.025635
v 0.018811 0.004894 0.028693
v 0.018803 0.004869 0.028550
v 0.018803 0.003742 0.028778
v 0.018811 0.001745 0.029058
v 0.018803 -0.000365 0.029019
v 0.018811 -0.001424 0.029073
v 0.018803 -0.001414 0.028927
v 0.018811 -0.004577 0.028735
v 0.018803 0.007785 0.027959
v 0.018811 0.007986 0.027995
v 0.018803 0.010942 0.026846
v 0.018811 0.010988 0.026974
v 0.018803 0.011738 0.026565
v 0.018811 0.021344 0.019831
v 0.018834 0.021382 0.019868
v 0.018811 0.023357 0.017383
v 0.018834 0.025142 0.014761
v 0.018811 0.025096 0.014733
v 0.018803 0.021281 0.019770
v 0.018811 0.019073 0.022042
v 0.018834 0.016598 0.024031
v 0.018834 0.011006 0.027023
v 0.018803 0.023814 0.016590
v 0.018803 0.024959 0.014651
v 0.018803 0.025941 0.012987
v 0.018834 -0.001428 0.029125
v 0.018834 0.004901 0.028746
v 0.018834 -0.007689 0.028115
v 0.018834 -0.013592 0.025803
v 0.018876 -0.013612 0.025840
v 0.018876 -0.007700 0.028155
v 0.018876 -0.001431 0.029167
v 0.018876 0.004906 0.028787
v 0.018876 0.011019 0.027063
v 0.018876 0.016619 0.024066
v 0.018876 0.021411 0.019897
v 0.018876 0.025177 0.014783
v 0.018951 0.016631 0.024090
v 0.018951 0.011026 0.027089
v 0.019007 0.011022 0.027086
v 0.019007 0.016627 0.024088
v 0.019006 0.021424 0.019915
v 0.018951 0.021429 0.019917
v 0.018951 -0.013625 0.025863
v 0.019007 -0.013624 0.025859
v 0.018951 -0.007707 0.028181
v 0.019007 -0.007706 0.028177
v 0.018951 -0.001434 0.029194
v 0.019007 -0.001435 0.029189
v 0.018951 0.004907 0.028814
v 0.019007 0.004905 0.028810
v 0.019096 0.022813 0.018121
v 0.019097 0.023488 0.017324
v 0.019008 0.025195 0.014797
v 0.018951 0.025200 0.014799
v 0.019096 0.013424 0.025891
v 0.019096 0.014145 0.025561
v 0.019096 0.015576 0.024637
v 0.019096 0.016565 0.023999
v 0.019096 0.017583 0.023341
v 0.019096 0.020328 0.020929
v 0.019096 0.020752 0.020557
v 0.019096 0.021349 0.019852
v 0.019097 -0.001434 0.029143
v 0.019097 0.001809 0.029106
v 0.019097 0.002157 0.029101
v 0.019097 -0.013446 0.025896
v 0.019097 -0.013413 0.025916
v 0.019096 -0.007676 0.028063
v 0.019096 -0.009527 0.027570
v 0.019096 -0.010352 0.027219
v 0.019097 -0.005882 0.028542
v 0.019097 -0.005494 0.028645
v 0.019097 -0.001891 0.029087
v 0.019097 0.004885 0.028700
v 0.019097 0.005669 0.028584
v 0.019097 0.006307 0.028490
v 0.019096 0.010058 0.027383
v 0.019096 0.010354 0.027295
v 0.019096 0.010985 0.027007
v 0.018803 0.020684 -0.020314
v 0.018811 0.022864 -0.018018
v 0.018817 0.010231 -0.027250
v 0.018803 0.010202 -0.027169
v 0.018811 0.013139 -0.025995
v 0.018803 0.013511 -0.025708
v 0.018811 0.015893 -0.024425
v 0.018803 0.015813 -0.024296
v 0.018803 0.016959 -0.023592
v 0.018811 0.018451 -0.022555
v 0.018803 0.020125 -0.020942
v 0.018803 0.027295 -0.009672
v 0.018811 0.028334 -0.006679
v 0.018811 0.026203 -0.012641
v 0.018803 0.025209 -0.014348
v 0.018803 0.027002 -0.010599
v 0.018811 0.020783 -0.020408
v 0.018834 0.020820 -0.020446
v 0.018834 0.015920 -0.024470
v 0.018821 0.010240 -0.027275
v 0.018811 0.027427 -0.009717
v 0.018834 0.027477 -0.009734
v 0.018803 0.028870 -0.003107
v 0.018811 0.029128 -0.000399
v 0.018834 0.028957 -0.003568
v 0.018834 0.024721 -0.015446
v 0.018834 0.029049 0.002773
v 0.018834 0.027741 0.008978
v 0.018876 0.027780 0.008991
v 0.018950 0.015953 -0.024529
v 0.018896 0.010264 -0.027346
v 0.018894 0.015946 -0.024515
v 0.018877 0.010261 -0.027338
v 0.018876 0.015941 -0.024505
v 0.018869 0.010260 -0.027335
v 0.018821 0.010241 -0.027280
v 0.018876 0.024757 -0.015468
v 0.018876 0.020849 -0.020476
v 0.018895 0.024766 -0.015474
v 0.018895 0.020857 -0.020483
v 0.018951 0.024780 -0.015483
v 0.018951 0.020867 -0.020495
v 0.019007 0.024775 -0.015480
v 0.019007 0.020863 -0.020493
v 0.018876 0.028999 -0.003573
v 0.018876 0.027516 -0.009748
v 0.018895 0.029010 -0.003574
v 0.018894 0.027526 -0.009751
v 0.018951 0.029026 -0.003576
v 0.018950 0.027541 -0.009757
v 0.019008 0.029021 -0.003575
v 0.019006 0.027537 -0.009755
v 0.019015 0.010266 -0.027359
v 0.019007 0.010267 -0.027360
v 0.019006 0.015949 -0.024525
v 0.018993 0.010267 -0.027361
v 0.018940 0.010269 -0.027364
v 0.019095 0.015881 -0.024424
v 0.019095 0.015576 -0.024621
v 0.019095 0.014103 -0.025571
v 0.019097 0.010250 -0.027319
v 0.019097 0.022811 -0.018120
v 0.019096 0.020818 -0.020452
v 0.019097 0.023325 -0.017518
v 0.019097 0.023394 -0.017437
v 0.019097 0.024672 -0.015416
v 0.019096 0.020678 -0.020616
v 0.019095 0.017998 -0.022963
v 0.019095 0.017580 -0.023330
v 0.019097 0.028900 -0.003558
v 0.019097 0.028754 -0.004622
v 0.019096 0.028573 -0.005942
v 0.019096 0.027478 -0.009735
v 0.018876 0.029091 0.002777
v 0.018894 0.027790 0.008995
v 0.018895 0.029102 0.002778
v 0.018950 0.027805 0.009000
v 0.018951 0.029118 0.002780
v 0.019006 0.027800 0.008999
v 0.019007 0.029113 0.002780
v 0.019096 0.028576 0.005944
v 0.019097 0.029044 0.002772
v 0.019098 0.029107 0.002346
v 0.019098 0.029110 0.002046
v 0.019098 0.029150 -0.001743
v 0.019096 0.027410 -0.009971
v 0.019096 0.026804 -0.011320
v 0.019096 0.025681 -0.013821
v 0.018803 -0.004561 0.028648
v 0.018803 -0.007646 0.027958
v 0.018811 -0.007674 0.028064
v 0.018803 -0.008037 0.027871
v 0.018811 -0.010684 0.027071
v 0.018803 -0.011905 0.026464
v 0.018811 -0.013567 0.025757
v 0.018803 -0.013492 0.025617
v 0.018803 -0.015495 0.024547
v 0.018817 -0.018809 0.022214
v 0.018821 -0.018827 0.022234
v 0.018821 -0.018830 0.022238
v 0.018811 -0.016292 0.024133
v 0.018803 -0.018751 0.022150
v 0.018895 0.025186 0.014789
v 0.018894 0.021418 0.019905
v 0.018895 0.016624 0.024076
v 0.018895 0.011022 0.027073
v 0.018895 0.004907 0.028798
v 0.018895 -0.001432 0.029178
v 0.018895 -0.007703 0.028166
v 0.018895 -0.013617 0.025849
v 0.018869 -0.018871 0.022280
v 0.018891 -0.018878 0.022287
v 0.019095 -0.016897 0.023798
v 0.019096 -0.015752 0.024494
v 0.019096 -0.013596 0.025805
v 0.018940 -0.018894 0.022301
v 0.018992 -0.018892 0.022297
v 0.019006 -0.018892 0.022296
v 0.019015 -0.018892 0.022295
v 0.019096 -0.018865 0.022260
v 0.018803 0.029025 0.000997
v 0.018803 0.028836 0.002750
v 0.018811 0.028996 0.002767
v 0.018803 0.028581 0.005103
v 0.018811 0.028513 0.005899
v 0.018803 0.027595 0.008930
v 0.018811 0.027691 0.008961
v 0.018803 0.027546 0.009120
v 0.018811 0.026547 0.011916
v 0.019097 0.024942 0.014999
v 0.019097 0.025102 0.014743
v 0.019097 0.025749 0.013709
v 0.019096 0.027447 0.009884
v 0.019096 0.027708 0.008972
v 0.019096 0.027805 0.008633
v 0.018803 -0.009766 -0.025953
v 0.018803 -0.010682 -0.025463
v 0.018803 -0.028389 0.013132
v 0.018803 -0.016303 -0.021169
v 0.018803 -0.030551 0.012129
v 0.018803 -0.017571 -0.020200
v 0.018803 -0.027832 0.013605
v 0.018803 0.004002 -0.028850
v 0.018803 -0.002337 -0.029927
v 0.018803 -0.023872 0.016972
v 0.018803 -0.039629 0.011054
v 0.018803 -0.037252 0.010671
v 0.018803 -0.036699 0.006166
v 0.018803 -0.036542 0.010743
v 0.018803 -0.030365 -0.004404
v 0.018803 -0.033437 0.011058
v 0.018803 -0.027360 -0.008586
v 0.018803 -0.032697 0.011133
v 0.018803 -0.023982 -0.013288
v 0.018803 -0.022114 -0.015302
v 0.018803 -0.023141 0.017712
v 0.016784 -0.008989 -0.032640
v 0.016438 -0.009070 -0.032839
v 0.016442 -0.012157 -0.031191
v 0.018125 -0.007756 -0.031535
v 0.017899 -0.007994 -0.031732
v 0.017923 -0.011642 -0.029768
v 0.017623 -0.008284 -0.031972
v 0.016999 -0.008939 -0.032516
v 0.018643 -0.005766 -0.030706
v 0.018626 -0.006130 -0.030789
v 0.018668 -0.010889 -0.027952
v 0.018606 -0.006194 -0.030819
v 0.018250 -0.007351 -0.031349
v 0.018682 -0.004916 -0.030513
v 0.017771 -0.045587 0.013947
v 0.018352 -0.044381 0.013057
v 0.017965 -0.039892 0.003790
v 0.018416 -0.044248 0.012959
v 0.018680 -0.038626 0.004926
v 0.018534 -0.042838 0.012377
v 0.018536 -0.042824 0.012371
v 0.017726 -0.045679 0.014015
v 0.016465 -0.040663 0.002941
v 0.017099 -0.046980 0.014976
v 0.016201 -0.048047 0.015959
v 0.016268 -0.047987 0.015895
v 0.016876 -0.047442 0.015317
v 0.016523 -0.031261 -0.012525
v 0.016483 -0.025798 -0.019681
v 0.016428 -0.019447 -0.026008
v 0.018677 -0.029188 -0.010018
v 0.017978 -0.035295 -0.003911
v 0.016519 -0.036110 -0.004892
v 0.017968 -0.030415 -0.011408
v 0.017943 -0.024980 -0.018450
v 0.017917 -0.018751 -0.024685
v 0.018667 -0.017753 -0.023009
v 0.018672 -0.023816 -0.016920
v -0.000197 -0.009685 -0.038505
v -0.000197 -0.009662 -0.038295
v 0.003670 -0.009659 -0.038001
v 0.014568 -0.009379 -0.034011
v 0.014580 -0.009308 -0.034055
v 0.014594 -0.009277 -0.034100
v 0.007423 -0.009658 -0.036920
v 0.003648 -0.009771 -0.037692
v 0.003658 -0.009692 -0.037837
v 0.007443 -0.009583 -0.037059
v 0.007467 -0.009554 -0.037216
v 0.007494 -0.009574 -0.037375
v 0.003684 -0.009677 -0.038169
v 0.003698 -0.009745 -0.038325
v -0.000197 -0.009754 -0.038609
v 0.003724 -0.009995 -0.038580
v 0.003814 -0.009995 -0.038573
v 0.007521 -0.009643 -0.037522
v 0.014753 -0.009263 -0.034579
v 0.014756 -0.009275 -0.034588
v -0.000197 -0.009756 -0.038612
v -0.000197 -0.009861 -0.038769
v -0.000197 -0.009993 -0.038887
v -0.000197 -0.009661 -0.038288
v -0.000197 -0.009657 -0.038256
v -0.000197 -0.009742 -0.038019
v -0.000197 -0.009771 -0.037993
v -0.000197 -0.009780 -0.037985
v 0.007742 -0.009890 -0.037710
v 0.007718 -0.009890 -0.037716
v 0.007567 -0.009894 -0.037749
v 0.014818 -0.009519 -0.034760
v 0.011514 -0.009705 -0.036371
v 0.007776 -0.009888 -0.037698
v 0.014628 -0.009204 -0.034208
v 0.014673 -0.009191 -0.034343
v 0.014693 -0.009186 -0.034404
v 0.015200 -0.009472 -0.034518
v 0.018291 -0.007339 -0.031371
v 0.018299 -0.007303 -0.031420
v 0.017708 -0.008259 -0.032063
v 0.018619 -0.006129 -0.030910
v 0.018762 -0.004855 -0.030537
v 0.018789 -0.004807 -0.030576
v 0.018737 -0.006027 -0.030997
v 0.018419 -0.007237 -0.031539
v 0.018367 -0.007249 -0.031509
v 0.018530 -0.007249 -0.031557
v 0.018513 -0.007243 -0.031558
v 0.018581 -0.007105 -0.031477
v 0.018981 -0.004678 -0.030585
v 0.018792 -0.006511 -0.031149
v 0.019022 -0.004634 -0.030561
v 0.018790 -0.006009 -0.030997
v 0.018471 -0.007238 -0.031552
v 0.018763 -0.006016 -0.030999
v 0.018445 -0.007236 -0.031548
v 0.018980 -0.001929 -0.030075
v 0.018931 -0.004683 -0.030598
v 0.018952 -0.001954 -0.030092
v 0.018879 -0.004713 -0.030611
v 0.019057 -0.004350 -0.030472
v 0.019074 -0.003188 -0.030256
v 0.019095 -0.001827 -0.030003
v 0.016810 -0.008951 -0.032702
v 0.016832 -0.008881 -0.032766
v 0.017625 -0.008384 -0.032073
v 0.017650 -0.008359 -0.032051
v 0.017500 -0.008502 -0.032180
v 0.017601 -0.008408 -0.032094
v 0.017286 -0.008674 -0.032354
v 0.017739 -0.008226 -0.032126
v 0.018325 -0.007272 -0.031467
v 0.018687 -0.006056 -0.030981
v 0.016558 -0.009305 -0.033659
v 0.017045 -0.008896 -0.033083
v 0.017109 -0.009020 -0.033170
v 0.017107 -0.008963 -0.033131
v 0.017441 -0.008848 -0.032876
v 0.016929 -0.008830 -0.032942
v 0.016991 -0.008851 -0.033031
v 0.018313 -0.007862 -0.031896
v 0.017604 -0.008763 -0.032731
v 0.017843 -0.008218 -0.032243
v 0.017900 -0.008244 -0.032280
v 0.017787 -0.008212 -0.032189
v 0.016874 -0.008840 -0.032849
v 0.018861 -0.002091 -0.030091
v 0.018820 -0.002208 -0.030034
v 0.018811 -0.002233 -0.030022
v 0.018646 -0.006091 -0.030951
v 0.018829 -0.004758 -0.030602
v 0.018880 -0.002062 -0.030091
v 0.017673 -0.008334 -0.032030
v 0.017697 -0.008308 -0.032008
v 0.019095 -0.000132 -0.029702
v 0.018937 0.004206 -0.029026
v 0.018991 0.004240 -0.029017
v 0.019097 0.009703 -0.027516
v 0.018887 0.004165 -0.029017
v 0.018846 0.004119 -0.028993
v 0.018819 0.004076 -0.028955
v 0.019097 0.005361 -0.028728
v 0.019096 0.004274 -0.028921
v 0.019096 0.003707 -0.029022
v -0.008140 -0.049078 0.013830
v -0.008150 -0.044897 0.005513
v -0.011619 -0.043492 0.004723
v -0.004281 -0.037164 -0.010954
v -0.004013 -0.010010 -0.037410
v -0.004037 -0.010009 -0.037406
v -0.004068 -0.018188 -0.032099
v -0.002211 -0.010041 -0.037680
v -0.004137 -0.025595 -0.025956
v -0.004217 -0.031907 -0.018851
v -0.004322 -0.041657 -0.002589
v -0.004343 -0.045798 0.005964
v -0.004353 -0.050025 0.014583
v -0.008095 -0.036337 -0.010899
v -0.011641 -0.035041 -0.010896
v -0.008141 -0.040777 -0.002774
v -0.011654 -0.039403 -0.003157
v -0.008034 -0.053533 0.022008
v -0.008031 -0.053534 0.022009
v -0.014875 -0.038342 -0.002777
v -0.010503 -0.009791 -0.035860
v -0.014937 -0.009510 -0.033931
v -0.014895 -0.012564 -0.032012
v -0.011377 -0.017319 -0.030676
v -0.006442 -0.009968 -0.037046
v -0.007769 -0.009910 -0.036658
v -0.007795 -0.017857 -0.031540
v -0.007773 -0.009910 -0.036657
v -0.011466 -0.024171 -0.024932
v -0.014878 -0.022956 -0.024058
v -0.014890 -0.024310 -0.022867
v -0.014911 -0.026395 -0.020340
v -0.008009 -0.031190 -0.018596
v -0.007894 -0.025046 -0.025545
v -0.014838 -0.016598 -0.029477
v -0.014829 -0.017281 -0.029048
v -0.014852 -0.019933 -0.026716
v -0.014776 -0.041273 0.002465
v -0.014759 -0.041783 0.003377
v -0.014484 -0.049939 0.017965
v -0.011436 -0.051972 0.020338
v -0.010728 -0.052444 0.020889
v -0.004331 -0.054616 0.023167
v -0.004335 -0.054615 0.023166
v -0.005865 -0.054410 0.022908
v -0.014933 -0.028480 -0.017813
v -0.014954 -0.030513 -0.015350
v -0.014940 -0.031902 -0.013118
v -0.014926 -0.033238 -0.010973
v -0.014891 -0.036711 -0.005396
v -0.016075 -0.009293 -0.033293
v -0.016861 -0.009143 -0.032852
v -0.016836 -0.012157 -0.031191
v -0.019197 -0.007561 -0.027277
v -0.019197 -0.009761 -0.025949
v -0.019061 -0.010889 -0.027952
v -0.016527 -0.047984 0.015957
v -0.016860 -0.040663 0.002941
v -0.016619 -0.047896 0.015866
v -0.018160 -0.045609 0.013966
v -0.018127 -0.045694 0.014024
v -0.017664 -0.046896 0.014839
v -0.017547 -0.047009 0.014955
v -0.019002 -0.042863 0.012300
v -0.018962 -0.043528 0.012556
v -0.018359 -0.039891 0.003791
v -0.018655 -0.044324 0.013095
v -0.019056 -0.005796 -0.030689
v -0.019092 -0.004922 -0.030497
v -0.019197 -0.002337 -0.029927
v -0.018324 -0.008045 -0.031732
v -0.018375 -0.008001 -0.031690
v -0.018595 -0.007323 -0.031374
v -0.019051 -0.005914 -0.030715
v -0.017061 -0.009105 -0.032739
v -0.017171 -0.009012 -0.032652
v -0.018316 -0.011642 -0.029767
v -0.018032 -0.008289 -0.031964
v -0.016823 -0.019446 -0.026008
v -0.018362 -0.030415 -0.011407
v -0.019071 -0.029188 -0.010018
v -0.018371 -0.035295 -0.003911
v -0.019073 -0.038626 0.004926
v -0.019004 -0.042824 0.012285
v -0.018337 -0.024980 -0.018450
v -0.019065 -0.023816 -0.016920
v -0.018311 -0.018751 -0.024685
v -0.019060 -0.017753 -0.023009
v -0.019197 -0.022168 -0.015356
v -0.019197 -0.024338 -0.012844
v -0.019197 -0.027434 -0.008639
v -0.019197 -0.012129 -0.024519
v -0.019197 -0.016369 -0.021255
v -0.019197 -0.016515 -0.021142
v -0.019197 -0.020364 -0.017443
v -0.016877 -0.025798 -0.019680
v -0.016917 -0.031261 -0.012525
v -0.016913 -0.036109 -0.004892
v -0.019197 -0.028484 -0.007213
v -0.019197 -0.033091 -0.000097
v -0.019197 -0.036746 0.006137
v -0.019197 -0.039629 0.011054
v -0.019197 -0.036518 0.010845
v -0.019197 0.015817 -0.024292
v -0.019197 0.016343 -0.024022
v -0.019197 -0.013484 0.025616
v -0.019197 -0.012923 0.025985
v -0.019197 0.027395 0.008861
v -0.019197 -0.034734 0.010726
v -0.019197 -0.033475 0.011111
v -0.019197 0.028470 0.005673
v -0.019197 -0.030107 0.012144
v -0.019197 -0.027885 0.013694
v -0.019197 -0.025664 0.015244
v -0.019197 -0.030493 0.012025
v -0.019197 -0.018751 0.022150
v -0.019197 -0.023168 0.017738
v -0.019197 0.010202 -0.027169
v -0.019197 0.004002 -0.028850
v -0.019197 0.027753 -0.008463
v -0.019197 0.028640 -0.003519
v -0.019197 0.000888 0.029009
v -0.019197 -0.001400 0.028790
v -0.019197 0.029002 -0.001500
v -0.019197 0.028688 0.002742
v -0.019197 -0.006245 0.028326
v -0.019197 -0.007605 0.027849
v -0.019197 0.016399 0.023751
v -0.019197 0.014516 0.025172
v -0.019197 0.010874 0.026690
v -0.019197 0.020619 -0.020232
v -0.019197 0.021749 -0.019229
v -0.019197 0.024438 -0.015260
v -0.019197 0.025807 -0.013240
v -0.019197 0.027267 -0.009656
v -0.019197 0.007908 0.027925
v -0.019197 0.004848 0.028398
v -0.019197 0.021167 0.019679
v -0.019197 0.020216 0.020869
v -0.019197 0.026140 0.012580
v -0.019197 0.024993 0.014672
v -0.019197 0.024611 0.015370
v -0.019216 0.010239 -0.027274
v -0.019235 0.010251 -0.027306
v -0.019232 0.015924 -0.024475
v -0.019241 0.010254 -0.027317
v -0.019306 0.010268 -0.027358
v -0.019276 0.015943 -0.024509
v -0.019208 0.024688 -0.015425
v -0.019208 0.026559 0.011921
v -0.019489 0.017498 0.023317
v -0.019489 0.016559 0.023997
v -0.019423 0.016622 0.024082
v -0.019490 0.006302 0.028424
v -0.019490 0.004884 0.028709
v -0.019423 0.004903 0.028803
v -0.019490 -0.005272 0.028652
v -0.019490 -0.007689 0.028107
v -0.019423 -0.007704 0.028169
v -0.019489 -0.017434 0.023316
v -0.019489 -0.018865 0.022260
v -0.019422 -0.018888 0.022289
v -0.019424 0.029014 -0.003573
v -0.019491 0.029039 -0.003041
v -0.019491 0.029093 -0.001528
v -0.019491 0.029186 0.001038
v -0.019491 0.028993 0.002768
v -0.019424 0.029106 0.002779
v -0.019489 0.028728 0.005147
v -0.019423 0.028619 0.005924
v -0.019489 0.027662 0.009272
v -0.019423 0.027793 0.008997
v -0.019489 0.027738 0.008981
v -0.019489 0.028719 0.005226
v -0.019490 0.023899 -0.016605
v -0.019490 0.024685 -0.015423
v -0.019424 0.024769 -0.015476
v -0.019490 0.025277 -0.014533
v -0.019490 0.025347 -0.014427
v -0.019489 0.016300 -0.024186
v -0.019489 0.016936 -0.023801
v -0.019422 0.015944 -0.024519
v -0.019489 0.020186 -0.021103
v -0.019423 0.020858 -0.020487
v -0.019490 0.020736 -0.020489
v -0.019490 0.020791 -0.020427
v -0.019491 0.022990 -0.017972
v -0.019424 0.022949 -0.018087
v -0.019489 0.027156 -0.010640
v -0.019489 0.027446 -0.009724
v -0.019423 0.027530 -0.009752
v -0.019489 0.027951 -0.008129
v -0.019423 0.028439 -0.006703
v -0.019489 0.028394 -0.006728
v -0.019491 0.028947 -0.003563
v -0.019490 -0.001446 0.029085
v -0.019490 -0.004590 0.028806
v -0.019423 -0.004596 0.028843
v -0.019490 -0.008182 0.027995
v -0.019490 -0.009630 0.027463
v -0.019489 -0.012031 0.026581
v -0.019489 -0.013570 0.025756
v -0.019423 -0.013620 0.025851
v -0.019489 -0.014601 0.025203
v -0.019489 -0.014980 0.024999
v -0.019489 0.010807 0.027066
v -0.019490 0.007786 0.028125
v -0.019423 0.008004 0.028104
v -0.019489 0.021389 0.019886
v -0.019489 0.018754 0.022408
v -0.019423 0.019137 0.022130
v -0.019489 0.016305 0.024181
v -0.019489 0.015436 0.024810
v -0.019489 0.014678 0.025205
v -0.019489 0.010988 0.027003
v -0.019423 0.011018 0.027079
v -0.019489 0.011712 0.026749
v -0.019490 0.003734 0.028940
v -0.019490 0.002272 0.029025
v -0.019490 -0.000386 0.029178
v -0.019490 -0.001429 0.029086
v -0.019423 -0.001435 0.029181
v -0.019364 0.027542 -0.009757
v -0.019365 0.024780 -0.015483
v -0.019365 0.020868 -0.020496
v -0.019365 0.029027 -0.003576
v -0.019365 0.029119 0.002780
v -0.019408 -0.018892 0.022295
v -0.019386 -0.018892 0.022297
v -0.019422 -0.016356 0.024220
v -0.019489 -0.015611 0.024661
v -0.019365 -0.013626 0.025864
v -0.019365 -0.001435 0.029194
v -0.019364 0.011025 0.027090
v -0.019490 0.022950 0.017943
v -0.019423 0.021418 0.019910
v -0.019364 0.021429 0.019918
v -0.019365 0.004907 0.028815
v -0.019306 0.004907 0.028806
v -0.019306 0.011024 0.027081
v -0.019276 0.004906 0.028791
v -0.019276 0.011020 0.027067
v -0.019232 0.004902 0.028752
v -0.019232 0.011008 0.027030
v -0.019232 0.028964 -0.003569
v -0.019232 0.029056 0.002773
v -0.019208 0.029142 -0.000400
v -0.019208 0.029010 0.002768
v -0.019208 0.028526 0.005902
v -0.019232 0.027747 0.008980
v -0.019208 0.027704 0.008965
v -0.019232 0.024727 -0.015449
v -0.019232 0.027483 -0.009736
v -0.019208 0.026215 -0.012646
v -0.019364 -0.018893 0.022299
v -0.019334 -0.018894 0.022301
v -0.019306 -0.013621 0.025856
v -0.019277 -0.018876 0.022285
v -0.019276 -0.013614 0.025843
v -0.019262 -0.018871 0.022280
v -0.019232 -0.013595 0.025809
v -0.019215 -0.018830 0.022238
v -0.019208 -0.013573 0.025768
v -0.019214 -0.018827 0.022234
v -0.019212 -0.018819 0.022224
v -0.019232 -0.007690 0.028121
v -0.019208 -0.007678 0.028077
v -0.019208 -0.004579 0.028748
v -0.019208 0.004895 0.028706
v -0.019208 0.007990 0.028008
v -0.019232 0.016601 0.024036
v -0.019208 0.016577 0.023997
v -0.019208 0.019082 0.022053
v -0.019364 0.016631 0.024091
v -0.019306 0.016628 0.024083
v -0.019306 0.021423 0.019911
v -0.019276 0.016621 0.024070
v -0.019276 0.021414 0.019900
v -0.019232 0.021387 0.019872
v -0.019208 0.021354 0.019840
v -0.019208 0.010993 0.026986
v -0.019208 0.013867 0.025647
v -0.019208 0.025108 0.014740
v -0.019232 0.025147 0.014764
v -0.019208 0.028918 -0.003563
v -0.019208 0.028346 -0.006682
v -0.019208 0.027440 -0.009721
v -0.019208 0.015900 -0.024436
v -0.019208 0.020792 -0.020418
v -0.019208 0.022874 -0.018026
v -0.019365 -0.007708 0.028182
v -0.019306 -0.007705 0.028173
v -0.019276 -0.007701 0.028159
v -0.019232 -0.001428 0.029132
v -0.019208 -0.001425 0.029086
v -0.019208 0.001745 0.029071
v -0.019306 -0.001433 0.029185
v -0.019276 -0.001432 0.029171
v -0.019490 0.010788 -0.027084
v -0.019489 0.013401 -0.025940
v -0.019422 0.013180 -0.026095
v -0.019489 0.014087 -0.025525
v -0.019489 0.015890 -0.024434
v -0.019490 0.026597 0.011814
v -0.019490 0.026034 0.013157
v -0.019424 0.025188 0.014794
v -0.019490 0.025090 0.014737
v -0.019490 0.023870 0.016776
v -0.019423 0.023441 0.017454
v -0.019490 0.023822 0.016858
v -0.019490 0.010250 -0.027319
v -0.019420 0.010262 -0.027349
v -0.019386 0.010268 -0.027363
v -0.019364 0.015953 -0.024530
v -0.019381 0.010269 -0.027365
v -0.019364 0.027806 0.009001
v -0.019365 0.025200 0.014799
v -0.019306 0.015950 -0.024521
v -0.019306 0.020862 -0.020489
v -0.019306 0.024772 -0.015478
v -0.019306 0.027533 -0.009754
v -0.019306 0.029018 -0.003575
v -0.019306 0.029109 0.002779
v -0.019306 0.027797 0.008997
v -0.019306 0.025193 0.014793
v -0.019276 0.020852 -0.020478
v -0.019276 0.024760 -0.015470
v -0.019276 0.027520 -0.009749
v -0.019276 0.029003 -0.003573
v -0.019276 0.029095 0.002777
v -0.019276 0.027784 0.008992
v -0.019276 0.025181 0.014785
v -0.019232 0.020825 -0.020450
v -0.019210 0.010236 -0.027263
v -0.019205 0.010233 -0.027255
v -0.007883 -0.009573 -0.037371
v -0.007910 -0.009641 -0.037520
v -0.015148 -0.009279 -0.034584
v -0.014986 -0.009269 -0.034095
v -0.014984 -0.009277 -0.034090
v -0.007812 -0.009665 -0.036912
v -0.004086 -0.009743 -0.038322
v -0.004072 -0.009676 -0.038164
v -0.004106 -0.009991 -0.038558
v -0.003605 -0.010002 -0.038657
v -0.004058 -0.009660 -0.037994
v -0.004045 -0.009695 -0.037829
v -0.004035 -0.009778 -0.037684
v -0.011264 -0.009740 -0.036635
v -0.015212 -0.009519 -0.034760
v -0.015162 -0.009306 -0.034625
v -0.008009 -0.009890 -0.037716
v -0.008161 -0.009883 -0.037665
v -0.015149 -0.009280 -0.034587
v -0.007467 -0.009915 -0.037895
v -0.007950 -0.009893 -0.037735
v -0.015107 -0.009201 -0.034464
v -0.015066 -0.009193 -0.034342
v -0.007856 -0.009554 -0.037209
v -0.015064 -0.009192 -0.034335
v -0.007831 -0.009586 -0.037051
v -0.015041 -0.009188 -0.034266
v -0.015024 -0.009212 -0.034214
v -0.019212 0.004076 -0.028955
v -0.019240 0.004119 -0.028993
v -0.019373 -0.001929 -0.030075
v -0.019488 -0.001827 -0.030003
v -0.019489 -0.000568 -0.029801
v -0.019281 0.004165 -0.029017
v -0.019331 0.004206 -0.029026
v -0.019489 -0.000111 -0.029716
v -0.019384 0.004240 -0.029017
v -0.019346 -0.001954 -0.030092
v -0.019274 -0.002062 -0.030091
v -0.019254 -0.002091 -0.030091
v -0.019213 -0.002208 -0.030034
v -0.019204 -0.002233 -0.030022
v -0.019490 0.003703 -0.029007
v -0.019490 0.004270 -0.028902
v -0.019490 0.006027 -0.028575
v -0.017323 -0.008830 -0.032942
v -0.016437 -0.009415 -0.034025
v -0.017533 -0.009069 -0.033175
v -0.017514 -0.008954 -0.033110
v -0.016123 -0.009267 -0.033373
v -0.017445 -0.008891 -0.033072
v -0.018761 -0.007249 -0.031509
v -0.018237 -0.008218 -0.032243
v -0.018812 -0.007237 -0.031539
v -0.018839 -0.007236 -0.031548
v -0.019157 -0.006016 -0.030999
v -0.019183 -0.006009 -0.030997
v -0.019327 -0.004694 -0.030601
v -0.019375 -0.004680 -0.030587
v -0.018485 -0.008225 -0.032182
v -0.018921 -0.007243 -0.031556
v -0.017807 -0.008838 -0.032895
v -0.017562 -0.009060 -0.033153
v -0.018058 -0.008266 -0.032015
v -0.017385 -0.008851 -0.033031
v -0.018180 -0.008212 -0.032189
v -0.018132 -0.008226 -0.032126
v -0.018718 -0.007272 -0.031467
v -0.018101 -0.008259 -0.032063
v -0.018692 -0.007303 -0.031420
v -0.017203 -0.008951 -0.032702
v -0.016154 -0.009178 -0.033451
v -0.017226 -0.008881 -0.032766
v -0.017267 -0.008840 -0.032849
v -0.019143 -0.004852 -0.030547
v -0.019182 -0.004807 -0.030576
v -0.019223 -0.004758 -0.030602
v -0.019273 -0.004713 -0.030611
v -0.019013 -0.006129 -0.030910
v -0.019039 -0.006091 -0.030951
v -0.019080 -0.006056 -0.030981
v -0.019131 -0.006027 -0.030997
v -0.015596 -0.009486 -0.034529
v -0.018294 -0.008244 -0.032280
v -0.018865 -0.007238 -0.031552
v -0.019455 -0.003183 -0.030271
v -0.019420 -0.004638 -0.030558
v -0.019413 -0.004936 -0.030617
v -0.019106 -0.006828 -0.031292
v -0.018973 -0.007127 -0.031482
v 0.014126 -0.053702 0.023391
v 0.014126 -0.053681 0.023360
v 0.011250 -0.055356 0.025052
v -0.000197 -0.062186 0.031976
v 0.001003 -0.062131 0.031929
v -0.000197 -0.058371 0.028169
v 0.003987 -0.057933 0.027762
v -0.000197 -0.058350 0.028142
v 0.007847 -0.054981 0.024367
v 0.007849 -0.056855 0.026639
v 0.011199 -0.053421 0.022632
v 0.014109 -0.051894 0.020784
v 0.014418 -0.057924 0.027774
v 0.003687 -0.061792 0.031606
v 0.003778 -0.061780 0.031595
v 0.004283 -0.061716 0.031534
v 0.007591 -0.060899 0.030736
v 0.007569 -0.060907 0.030744
v 0.007517 -0.060920 0.030756
v 0.010865 -0.059693 0.029543
v 0.011011 -0.059621 0.029471
v 0.011133 -0.059560 0.029410
v 0.024653 0.024221 -0.004628
v 0.026839 0.021736 -0.004628
v 0.025585 0.020728 -0.011338
v 0.019372 0.023105 -0.017520
v 0.021190 0.025248 -0.011338
v 0.023233 -0.002298 0.025896
v 0.020536 -0.011089 0.025896
v 0.023206 0.012176 -0.022972
v 0.024779 0.008360 -0.022957
v 0.023226 0.008877 -0.024149
v 0.019928 0.009974 -0.026681
v 0.019378 0.010157 -0.027103
v 0.025049 0.008270 -0.022749
v 0.026633 0.013954 -0.017520
v 0.026175 0.007632 -0.021406
v 0.028826 0.008486 -0.017520
v 0.028784 0.006154 -0.018293
v 0.026197 0.007620 -0.021380
v 0.032327 0.002978 -0.012082
v 0.030848 0.004480 -0.014973
v 0.031522 0.009271 -0.011338
v 0.029725 0.005621 -0.017170
v 0.029446 0.005779 -0.017504
v 0.032728 0.003061 -0.011338
v 0.032715 0.002583 -0.011323
v 0.032621 0.002679 -0.011507
v 0.034482 -0.000096 -0.004628
v 0.034239 -0.001208 -0.004611
v 0.033835 0.000712 -0.007911
v 0.032943 0.002351 -0.010876
v 0.034330 0.003208 -0.004628
v 0.033811 0.000826 -0.008108
v 0.034741 -0.000097 0.002046
v 0.034629 -0.003058 -0.001431
v 0.034286 -0.001431 -0.004228
v 0.033960 -0.005845 0.003054
v 0.034111 -0.005215 0.002040
v 0.034562 -0.003425 0.002046
v 0.034500 -0.003595 -0.000567
v 0.034542 -0.003417 -0.000852
v 0.031964 -0.009794 0.009196
v 0.032193 -0.009427 0.008635
v 0.033516 -0.003321 0.008644
v 0.033034 -0.008084 0.006578
v 0.033664 -0.007077 0.005037
v 0.029965 -0.009195 0.015019
v 0.028080 -0.013731 0.015011
v 0.029064 -0.012786 0.013623
v 0.027637 -0.014157 0.015636
v 0.026583 -0.008161 0.020939
v 0.027038 -0.014527 0.016159
v 0.026120 -0.015093 0.016961
v 0.024483 -0.013206 0.020939
v 0.022701 -0.017200 0.019946
v 0.022298 -0.017449 0.020298
v 0.021635 -0.017742 0.020704
v 0.021525 -0.017679 0.020939
v 0.021259 -0.017909 0.020934
v 0.022301 -0.006851 0.025896
v 0.023250 0.002189 0.025896
v 0.022391 0.006612 0.025896
v 0.020685 0.010868 0.025896
v 0.024660 0.012931 0.020939
v 0.021658 0.017576 0.020939
v 0.024418 0.019792 0.015019
v 0.020222 0.024107 0.015019
v 0.021718 0.025871 0.008644
v 0.022398 0.026672 0.002046
v 0.022230 0.026475 -0.004628
v 0.020380 0.016550 -0.022972
v 0.023393 0.018969 -0.017520
v 0.027799 0.014560 0.015019
v 0.026221 0.021239 0.008644
v 0.027713 0.002599 0.020939
v 0.027693 -0.002742 0.020939
v 0.031238 0.002924 0.015019
v 0.031215 -0.003092 0.015019
v 0.033541 0.003135 0.008644
v 0.029125 0.015248 -0.011338
v 0.028836 0.018955 -0.004628
v 0.030552 0.015988 -0.004628
v 0.029052 0.019096 0.002046
v 0.030781 0.016107 0.002046
v 0.029849 0.015624 0.008644
v 0.024838 0.024401 0.002046
v 0.027041 0.021897 0.002046
v 0.031640 -0.010312 0.009989
v 0.034587 0.003232 0.002046
v 0.026692 0.007864 0.020939
v 0.030087 0.008854 0.015019
v 0.032306 0.009500 0.008644
v 0.033314 0.009793 0.002046
v 0.033066 0.009721 -0.004628
v 0.019938 -0.034836 0.011697
v 0.019922 -0.034642 0.011700
v 0.019486 -0.034371 0.011716
v 0.019043 -0.023486 0.017753
v 0.019134 -0.022157 0.019047
v 0.018980 -0.028253 0.013748
v 0.018912 -0.023416 0.017793
v 0.018893 -0.028139 0.013734
v 0.018859 -0.023357 0.017794
v 0.018835 -0.028017 0.013692
v 0.018823 -0.023291 0.017782
v 0.019284 -0.025865 0.015465
v 0.019108 -0.025835 0.015563
v 0.019427 -0.028190 0.013740
v 0.019207 -0.028423 0.013695
v 0.019449 -0.028506 0.013584
v 0.019549 -0.029891 0.012895
v 0.018975 -0.023461 0.017779
v 0.019275 -0.025714 0.015577
v 0.019273 -0.025676 0.015605
v 0.019188 -0.023520 0.017714
v 0.019819 -0.040480 0.012803
v 0.020463 -0.040916 0.013053
v 0.020437 -0.040625 0.012938
v 0.020384 -0.040031 0.012702
v 0.020270 -0.038752 0.012194
v 0.019642 -0.037491 0.011922
v 0.020194 -0.037855 0.012010
v 0.020173 -0.037619 0.011962
v 0.020052 -0.036203 0.011671
v 0.019335 -0.031292 0.012344
v 0.019176 -0.031179 0.012371
v 0.019088 -0.028351 0.013734
v 0.018977 -0.036910 0.011478
v 0.018863 -0.036756 0.011227
v 0.018909 -0.039788 0.011810
v 0.018937 -0.039831 0.012014
v 0.019030 -0.039904 0.012138
v 0.019155 -0.037091 0.011683
v 0.019246 -0.040074 0.012428
v 0.019404 -0.040200 0.012642
v 0.018853 -0.033698 0.011358
v 0.019382 -0.037290 0.011833
v 0.019278 -0.034209 0.011701
v 0.019093 -0.034035 0.011634
v 0.019032 -0.031043 0.012359
v 0.018948 -0.033860 0.011517
v 0.018918 -0.030895 0.012307
v 0.018844 -0.030747 0.012220
v 0.019831 -0.033547 0.011721
v 0.019729 -0.032261 0.012046
v 0.019666 -0.031458 0.012249
v 0.019623 -0.030914 0.012386
v 0.020774 -0.043992 0.014862
v 0.020757 -0.043820 0.014761
v 0.019949 -0.042827 0.014115
v 0.019031 -0.041708 0.012969
v 0.019007 -0.043672 0.014153
v 0.019296 -0.044087 0.014705
v 0.019272 -0.042039 0.013404
v 0.017614 -0.048362 0.017505
v 0.016748 -0.049679 0.018752
v 0.017338 -0.051234 0.020906
v 0.018513 -0.047384 0.017067
v 0.018214 -0.046855 0.016186
v 0.015932 -0.052550 0.022243
v 0.017403 -0.056036 0.025870
v 0.018691 -0.054790 0.024616
v 0.019042 -0.054451 0.024274
v 0.018009 -0.046341 0.015163
v 0.019925 -0.052996 0.022822
v 0.018313 -0.049692 0.019422
v 0.018897 -0.047958 0.017842
v 0.018708 -0.043088 0.012915
v 0.018454 -0.044786 0.013994
v 0.018603 -0.045167 0.014830
v 0.018812 -0.043339 0.013554
v 0.018851 -0.045590 0.015569
v 0.019585 -0.042425 0.013791
v 0.020914 -0.046042 0.016472
v 0.020076 -0.045068 0.015652
v 0.014519 -0.057867 0.027717
v 0.014751 -0.057736 0.027585
v 0.016726 -0.056471 0.026308
v 0.021011 -0.047466 0.017590
v 0.020998 -0.047283 0.017445
v 0.020838 -0.050254 0.020141
v 0.020030 -0.052824 0.022651
v 0.020165 -0.052602 0.022429
v 0.020719 -0.050669 0.020545
v 0.028163 -0.000117 -0.020740
v 0.030779 -0.016057 0.005866
v 0.030774 -0.016131 0.005823
v 0.032096 -0.014053 0.002803
v -0.000197 -0.010987 -0.040139
v -0.000197 -0.010450 -0.039462
v 0.007864 -0.010743 -0.038533
v 0.033376 -0.007633 -0.007194
v 0.030456 -0.021178 0.002871
v 0.030652 -0.022251 0.002402
v 0.032053 -0.018171 -0.003511
v 0.033433 -0.009761 -0.003755
v 0.032756 -0.024049 -0.006176
v 0.032168 -0.019841 -0.012442
v 0.031904 -0.017082 -0.011119
v 0.030216 -0.013199 -0.017540
v 0.019473 0.003617 -0.028832
v 0.021982 -0.004102 -0.028154
v 0.022753 0.002588 -0.026454
v 0.024781 -0.005305 -0.025571
v 0.018574 -0.009111 -0.032230
v 0.021691 -0.010032 -0.030093
v 0.015338 -0.010678 -0.035350
v 0.018813 -0.011353 -0.033619
v 0.007777 -0.009894 -0.037704
v 0.030911 -0.018182 -0.020333
v 0.032221 -0.019842 -0.022230
v 0.027245 -0.014787 -0.026369
v 0.031184 -0.018497 -0.024398
v 0.033110 -0.022184 -0.013944
v 0.034760 -0.024020 -0.015764
v 0.034024 -0.022180 -0.018462
v 0.036704 -0.033424 -0.002706
v 0.036095 -0.028620 -0.009222
v 0.034102 -0.026558 -0.007563
v 0.035860 -0.026765 -0.011737
v 0.030267 -0.015934 -0.018805
v 0.028744 -0.014167 -0.021911
v 0.028746 -0.011429 -0.020690
v 0.026835 -0.009826 -0.023703
v 0.027163 -0.006727 -0.022705
v 0.032136 -0.014047 -0.009855
v 0.031568 -0.012048 -0.013129
v 0.030560 -0.010135 -0.016408
v 0.029093 -0.008349 -0.019625
v 0.032415 -0.028294 -0.000159
v 0.033440 -0.030258 -0.000936
v 0.034218 -0.031013 -0.001358
v 0.030202 -0.001774 -0.017516
v 0.032819 -0.005567 -0.010674
v 0.031759 -0.003602 -0.014137
v 0.030581 -0.019204 0.004026
v 0.032998 -0.011914 -0.000407
v 0.032289 -0.016098 -0.006637
v 0.032118 -0.021210 -0.004868
v 0.025667 0.001342 -0.023740
v -0.000197 -0.011089 -0.040361
v 0.007990 -0.011349 -0.039512
v 0.008305 -0.011359 -0.039479
v 0.015535 -0.011519 -0.036228
v 0.015628 -0.012092 -0.037359
v 0.019359 -0.012877 -0.035444
v 0.015811 -0.012131 -0.037265
v 0.021991 -0.012256 -0.031522
v 0.021705 -0.013370 -0.034239
v 0.027083 -0.015518 -0.029779
v 0.025646 -0.014945 -0.030970
v 0.024813 -0.013402 -0.029089
v 0.022689 -0.013763 -0.033423
v 0.030466 -0.017975 -0.025340
v 0.028225 -0.016348 -0.028281
v 0.024448 -0.011188 -0.027624
v 0.026805 -0.012574 -0.024875
v 0.031216 -0.025354 0.001046
v 0.031395 -0.026340 0.000615
v -0.008146 -0.056938 0.026673
v -0.007006 -0.061183 0.031015
v -0.004167 -0.061781 0.031596
v -0.004357 -0.057935 0.027675
v -0.004063 -0.061803 0.031617
v -0.003683 -0.061883 0.031695
v -0.011533 -0.055473 0.025179
v -0.014503 -0.051928 0.020832
v -0.014520 -0.053702 0.023391
v -0.014811 -0.057924 0.027774
v -0.011333 -0.059617 0.029466
v -0.011507 -0.059538 0.029387
v -0.013486 -0.058641 0.028493
v -0.010254 -0.060106 0.029953
v -0.007963 -0.060866 0.030702
v -0.007880 -0.060894 0.030730
v -0.021140 -0.050755 0.020622
v -0.020445 -0.052832 0.022658
v -0.018706 -0.049692 0.019422
v -0.020342 -0.042828 0.014115
v -0.020213 -0.040480 0.012803
v -0.020857 -0.040916 0.013053
v -0.019979 -0.042425 0.013791
v -0.020469 -0.045068 0.015652
v -0.014898 -0.057870 0.027719
v -0.017732 -0.051234 0.020907
v -0.020427 -0.052887 0.022712
v -0.020329 -0.053036 0.022860
v -0.019254 -0.054668 0.024492
v -0.019109 -0.054803 0.024628
v -0.016332 -0.052553 0.022250
v -0.017687 -0.056120 0.025955
v -0.017124 -0.056474 0.026311
v -0.020207 -0.049259 0.019219
v -0.021314 -0.046054 0.016455
v -0.021373 -0.047284 0.017468
v -0.021406 -0.047987 0.018047
v -0.021147 -0.050677 0.020549
v -0.019798 -0.040200 0.012642
v -0.019639 -0.040074 0.012428
v -0.018996 -0.045167 0.014830
v -0.018607 -0.046855 0.016186
v -0.019205 -0.043339 0.013554
v -0.019424 -0.041708 0.012969
v -0.019302 -0.039788 0.011810
v -0.019330 -0.039831 0.012014
v -0.018907 -0.047384 0.017067
v -0.019290 -0.047958 0.017842
v -0.019244 -0.045590 0.015569
v -0.019689 -0.044087 0.014705
v -0.019400 -0.043672 0.014153
v -0.019665 -0.042040 0.013404
v -0.017142 -0.049680 0.018753
v -0.018007 -0.048362 0.017505
v -0.020974 -0.042113 0.013680
v -0.021143 -0.043804 0.014798
v -0.021263 -0.045002 0.015589
v -0.019423 -0.039904 0.012138
v -0.019216 -0.023291 0.017782
v -0.020831 -0.040624 0.012944
v -0.019247 -0.033698 0.011358
v -0.019228 -0.028017 0.013692
v -0.019525 -0.022051 0.019158
v -0.019436 -0.023486 0.017753
v -0.019252 -0.023357 0.017794
v -0.019237 -0.030747 0.012220
v -0.019548 -0.037091 0.011683
v -0.019371 -0.036910 0.011478
v -0.019257 -0.036756 0.011227
v -0.019985 -0.030499 0.012548
v -0.019729 -0.031292 0.012344
v -0.019941 -0.029881 0.012876
v -0.019600 -0.028423 0.013695
v -0.019844 -0.028515 0.013600
v -0.019373 -0.028253 0.013748
v -0.019481 -0.028351 0.013734
v -0.019569 -0.031179 0.012371
v -0.020060 -0.031464 0.012263
v -0.020122 -0.032257 0.012029
v -0.019879 -0.034371 0.011716
v -0.020180 -0.033008 0.011806
v -0.020316 -0.034645 0.011688
v -0.020567 -0.037623 0.011945
v -0.020036 -0.037491 0.011922
v -0.020388 -0.035518 0.011625
v -0.020332 -0.034836 0.011674
v -0.019312 -0.030895 0.012307
v -0.019341 -0.033860 0.011517
v -0.019426 -0.031043 0.012359
v -0.019486 -0.034035 0.011634
v -0.019671 -0.034209 0.011701
v -0.019776 -0.037290 0.011833
v -0.020587 -0.037863 0.011981
v -0.020614 -0.038179 0.012029
v -0.020779 -0.040032 0.012723
v -0.019286 -0.028139 0.013734
v -0.019581 -0.023518 0.017711
v -0.019656 -0.025487 0.015768
v -0.019501 -0.025835 0.015563
v -0.019305 -0.023416 0.017793
v -0.019369 -0.023461 0.017779
v -0.019670 -0.025723 0.015588
v -0.019679 -0.025872 0.015474
v -0.019800 -0.027894 0.013929
v -0.020193 0.024737 -0.014536
v -0.022687 -0.017290 0.020063
v -0.020800 -0.015961 0.023334
v -0.023000 -0.017136 0.019848
v -0.023522 -0.011594 0.023334
v -0.025400 -0.015954 0.018199
v -0.025622 -0.015786 0.017957
v -0.030890 -0.011549 0.011823
v -0.030131 -0.012370 0.013041
v -0.029112 -0.007895 0.017961
v -0.029557 -0.012805 0.013667
v -0.027027 -0.013341 0.017961
v -0.028201 -0.013832 0.015145
v -0.026515 -0.015110 0.016983
v -0.034460 -0.005844 0.003075
v -0.034402 -0.006236 0.003715
v -0.034698 -0.002597 0.005147
v -0.033867 -0.007157 0.005132
v -0.032998 -0.002468 0.011830
v -0.033332 -0.008078 0.006550
v -0.031898 -0.008659 0.011830
v -0.032859 -0.008891 0.007801
v -0.032033 -0.010312 0.009989
v -0.034997 -0.002182 -0.002896
v -0.034934 -0.002612 -0.002194
v -0.035055 -0.002625 -0.001529
v -0.034874 -0.003019 -0.001532
v -0.034788 -0.003604 -0.000577
v -0.034101 0.000685 -0.007902
v -0.034759 -0.001421 -0.004224
v -0.034920 0.004042 -0.001529
v -0.034060 0.000815 -0.008129
v -0.032143 0.003675 -0.013395
v -0.032728 0.003163 -0.012388
v -0.033972 0.003932 -0.008142
v -0.033050 0.002694 -0.011523
v -0.033824 0.001570 -0.009447
v -0.027395 0.007173 -0.020432
v -0.029141 0.006304 -0.018562
v -0.030415 0.009802 -0.014536
v -0.029263 0.006197 -0.018351
v -0.031233 0.004471 -0.014960
v -0.031510 0.004229 -0.014484
v -0.024937 0.013799 -0.020503
v -0.024069 0.008828 -0.023995
v -0.027134 0.008741 -0.020503
v -0.025510 0.008111 -0.022452
v -0.026548 0.007594 -0.021340
v -0.021086 0.011656 -0.025534
v -0.020342 0.009985 -0.026701
v -0.022014 0.009466 -0.025487
v -0.023718 0.008937 -0.024250
v -0.021879 0.018273 -0.020503
v -0.024520 0.020495 -0.014536
v -0.021588 0.026460 -0.008142
v -0.022189 0.027202 -0.001529
v -0.021963 0.026923 0.005147
v -0.020891 0.025599 0.011830
v -0.025369 0.021209 0.011830
v -0.023157 0.019348 0.017961
v -0.020158 0.016825 0.023334
v -0.022973 0.012706 0.023334
v -0.021395 0.011828 0.025212
v -0.023278 0.007494 0.025212
v -0.024313 0.002817 0.025212
v -0.019647 0.000415 0.029076
v -0.024406 -0.001813 0.025212
v -0.023594 -0.006382 0.025212
v -0.021907 -0.010789 0.025212
v -0.035154 0.000712 -0.001529
v -0.034795 0.000705 0.005147
v -0.032871 0.003805 0.011830
v -0.034341 0.007444 -0.001529
v -0.034564 0.004001 0.005147
v -0.033990 0.007368 0.005147
v -0.031469 0.010143 0.011830
v -0.032522 0.010483 -0.008142
v -0.033430 0.010777 -0.001529
v -0.029886 0.016553 -0.008142
v -0.030720 0.017017 -0.001529
v -0.026216 0.021922 -0.008142
v -0.025335 -0.006860 0.023334
v -0.026208 -0.001951 0.023334
v -0.026107 0.003024 0.023334
v -0.024995 0.008049 0.023334
v -0.027950 0.015476 -0.014536
v -0.030116 -0.002248 0.017961
v -0.030000 0.003473 0.017961
v -0.028721 0.009254 0.017961
v -0.028919 0.016014 0.011830
v -0.026395 0.014610 0.017961
v -0.024685 0.024988 -0.001529
v -0.026947 0.022537 -0.001529
v -0.033089 0.010667 0.005147
v -0.030407 0.016842 0.005147
v -0.026673 0.022306 0.005147
v -0.024433 0.024732 0.005147
v -0.033392 -0.011914 -0.000407
v -0.033826 -0.009761 -0.003755
v -0.016148 -0.012181 -0.037173
v -0.016152 -0.012182 -0.037172
v -0.015928 -0.011519 -0.036228
v -0.026769 -0.015152 -0.030495
v -0.028583 -0.016370 -0.028257
v -0.027639 -0.014787 -0.026369
v -0.018968 -0.009111 -0.032230
v -0.008258 -0.010743 -0.038533
v -0.007390 -0.011284 -0.039718
v -0.015731 -0.010678 -0.035350
v -0.008170 -0.009894 -0.037704
v -0.019207 -0.011353 -0.033619
v -0.022375 -0.004101 -0.028154
v -0.022084 -0.010032 -0.030093
v -0.025174 -0.005304 -0.025571
v -0.023147 0.002588 -0.026454
v -0.019867 0.003617 -0.028832
v -0.032297 -0.017082 -0.011119
v -0.032511 -0.021210 -0.004868
v -0.032446 -0.018171 -0.003511
v -0.032771 -0.028577 -0.000251
v -0.032694 -0.028357 -0.000164
v -0.033150 -0.024049 -0.006176
v -0.034495 -0.026558 -0.007563
v -0.034632 -0.031030 -0.001348
v -0.036463 -0.028628 -0.009221
v -0.037098 -0.033424 -0.002706
v -0.035412 -0.032058 -0.001807
v -0.032683 -0.016098 -0.006637
v -0.032530 -0.014046 -0.009855
v -0.030609 -0.013199 -0.017540
v -0.031961 -0.012048 -0.013129
v -0.032562 -0.019841 -0.012443
v -0.033503 -0.022184 -0.013944
v -0.030661 -0.015934 -0.018806
v -0.031304 -0.018182 -0.020333
v -0.034174 -0.021766 -0.019102
v -0.035134 -0.024029 -0.015761
v -0.036462 -0.028627 -0.009223
v -0.036180 -0.026497 -0.012117
v -0.026096 -0.014908 -0.031015
v -0.025207 -0.013402 -0.029089
v -0.027199 -0.012574 -0.024875
v -0.029137 -0.014167 -0.021911
v -0.029139 -0.011429 -0.020690
v -0.030953 -0.010135 -0.016408
v -0.023040 -0.013797 -0.033375
v -0.022384 -0.012256 -0.031522
v -0.021154 -0.013111 -0.034831
v -0.019779 -0.012855 -0.035475
v -0.024842 -0.011188 -0.027624
v -0.027229 -0.009826 -0.023704
v -0.027556 -0.006727 -0.022705
v -0.029487 -0.008349 -0.019625
v -0.008356 -0.011367 -0.039472
v -0.008366 -0.011368 -0.039469
v -0.014684 -0.011909 -0.037858
v -0.019777 -0.012855 -0.035476
v -0.028556 -0.000117 -0.020740
v -0.026060 0.001342 -0.023740
v -0.031212 -0.016197 0.005908
v -0.032490 -0.014053 0.002803
v -0.030595 -0.001774 -0.017516
v -0.032152 -0.003602 -0.014137
v -0.033213 -0.005567 -0.010674
v -0.033770 -0.007633 -0.007194
v -0.030956 -0.019176 0.004005
v -0.030917 -0.018309 0.004443
v -0.031626 -0.025323 0.001040
v -0.031171 -0.024032 0.001552
v -0.031094 -0.022286 0.002434
v -0.030923 -0.017942 -0.025367
v -0.031147 -0.018093 -0.025090
v -0.032598 -0.019853 -0.022221
v 0.027128 -0.053471 0.022660
v 0.025653 -0.051138 0.020743
v 0.020819 -0.055128 0.024891
v 0.035971 -0.040688 0.006502
v 0.036146 -0.038955 0.004305
v 0.034767 -0.037620 0.004687
v 0.031701 -0.030698 0.002509
v 0.030964 -0.033154 0.004796
v 0.033345 -0.036223 0.004789
v 0.030053 -0.035627 0.006938
v 0.028977 -0.038033 0.009017
v 0.031712 -0.041457 0.010485
v 0.030263 -0.027484 0.003306
v 0.027857 -0.036157 0.008485
v 0.025089 -0.022050 0.012440
v 0.022499 -0.033172 0.010637
v 0.022384 -0.039347 0.011978
v 0.024036 -0.037878 0.010895
v 0.003969 -0.064950 0.034491
v -0.000197 -0.065233 0.034677
v -0.000197 -0.066214 0.035542
v 0.004230 -0.067983 0.036538
v -0.000197 -0.068268 0.036862
v -0.000197 -0.068366 0.036907
v 0.008050 -0.064279 0.033831
v -0.000197 -0.062374 0.032156
v 0.011969 -0.063201 0.032759
v 0.014653 -0.058343 0.028181
v 0.011153 -0.059584 0.029435
v 0.017892 -0.056845 0.026655
v 0.022841 -0.045989 0.016218
v 0.024698 -0.044308 0.014658
v 0.020559 -0.040562 0.012869
v 0.021616 -0.043283 0.014291
v 0.023171 -0.035526 0.010533
v 0.022017 -0.030855 0.011171
v 0.021634 -0.024463 0.014565
v 0.021721 -0.028615 0.012065
v 0.028221 -0.019150 0.009538
v 0.028031 -0.022590 0.007586
v 0.029322 -0.020840 0.005947
v 0.028342 -0.026178 0.006047
v 0.029501 -0.024153 0.004433
v 0.025620 -0.030066 0.008655
v 0.025040 -0.025938 0.010208
v 0.030773 -0.048387 0.017115
v 0.029206 -0.046521 0.015879
v 0.026319 -0.042412 0.012919
v 0.025089 -0.040185 0.011712
v 0.029294 -0.029759 0.005114
v 0.026177 -0.032144 0.008283
v 0.026923 -0.034185 0.008227
v 0.028176 -0.032029 0.006720
v 0.034642 -0.044541 0.011098
v 0.032170 -0.050123 0.017618
v 0.033459 -0.047968 0.015186
v 0.033265 -0.043023 0.011059
v 0.012671 -0.066124 0.034690
v 0.008505 -0.067237 0.035800
v 0.006423 -0.067793 0.036355
v 0.019054 -0.060022 0.029536
v 0.015658 -0.061764 0.031312
v 0.016451 -0.064499 0.033043
v 0.013583 -0.065880 0.034447
v 0.033842 -0.033641 0.001827
v 0.030043 -0.053678 0.021630
v 0.028369 -0.055514 0.023609
v 0.026012 -0.058099 0.026395
v 0.020017 -0.062782 0.031298
v 0.023175 -0.060454 0.028875
v 0.022109 -0.058029 0.027477
v 0.025281 -0.058901 0.027259
v 0.033047 -0.022769 -0.024646
v 0.032903 -0.022632 -0.024888
v 0.033047 -0.020893 -0.023620
v 0.008040 -0.014283 -0.043126
v 0.006188 -0.014178 -0.043470
v 0.008142 -0.013166 -0.042766
v 0.004740 -0.014095 -0.043738
v -0.000197 -0.014004 -0.044062
v -0.000197 -0.013144 -0.043797
v -0.000197 -0.012938 -0.043610
v 0.015878 -0.015119 -0.040622
v 0.016074 -0.014012 -0.040230
v 0.018307 -0.015513 -0.039519
v 0.019748 -0.014716 -0.038347
v 0.018995 -0.015679 -0.039097
v 0.022906 -0.016711 -0.036548
v 0.023142 -0.015646 -0.036082
v 0.024676 -0.017326 -0.035134
v 0.026197 -0.016816 -0.033479
v 0.025450 -0.017595 -0.034516
v 0.025966 -0.017847 -0.033987
v 0.022090 -0.016427 -0.037200
v 0.021932 -0.016389 -0.037297
v 0.019524 -0.015807 -0.038773
v 0.014123 -0.014835 -0.041418
v 0.012775 -0.014697 -0.041841
v 0.009601 -0.014372 -0.042836
v 0.031179 -0.019029 -0.026830
v 0.030982 -0.020819 -0.028094
v 0.030873 -0.020716 -0.028275
v 0.028917 -0.017370 -0.029893
v -0.000197 -0.012210 -0.042948
v 0.008164 -0.012292 -0.041782
v 0.016126 -0.013131 -0.039332
v 0.019811 -0.013834 -0.037505
v 0.023206 -0.014766 -0.035293
v 0.026254 -0.015945 -0.032736
v 0.028875 -0.018227 -0.030599
v 0.029643 -0.019882 -0.029876
v 0.031804 -0.021595 -0.026721
v 0.036572 -0.029037 -0.014883
v 0.035698 -0.025108 -0.016987
v 0.037182 -0.030924 -0.012139
v 0.037145 -0.029750 -0.010293
v 0.037253 -0.031350 -0.011545
v 0.036173 -0.027800 -0.016682
v 0.036065 -0.027590 -0.017005
v 0.035645 -0.026774 -0.018258
v 0.035314 -0.026130 -0.019247
v 0.034758 -0.025048 -0.020908
v 0.033714 -0.023657 -0.023189
v 0.030983 -0.018369 -0.026101
v 0.028745 -0.016712 -0.029110
v 0.032823 -0.020235 -0.022932
v 0.035416 -0.024453 -0.016359
v 0.036810 -0.029093 -0.009717
v 0.036991 -0.033648 -0.002884
v 0.037221 -0.033988 -0.003148
v 0.016020 -0.012525 -0.038233
v 0.019692 -0.013207 -0.036491
v 0.023073 -0.014123 -0.034365
v 0.008095 -0.011725 -0.040548
v -0.000197 -0.012072 -0.042630
v -0.000197 -0.011522 -0.041360
v 0.026103 -0.015291 -0.031887
v 0.037888 -0.036210 -0.004846
v 0.037766 -0.034424 -0.007260
v 0.037653 -0.034627 -0.003646
v 0.028665 -0.019220 -0.031147
v 0.028381 -0.019027 -0.031517
v 0.027254 -0.018476 -0.032670
v -0.030430 -0.031492 0.004889
v -0.031357 -0.033155 0.004797
v -0.029370 -0.038036 0.009019
v -0.030662 -0.039803 0.009736
v -0.028820 -0.055529 0.023634
v -0.028813 -0.055536 0.023642
v -0.027517 -0.053477 0.022666
v -0.032631 -0.050129 0.017641
v -0.032628 -0.050135 0.017648
v -0.031164 -0.048391 0.017120
v -0.034235 -0.033641 0.001828
v -0.022494 -0.058035 0.027483
v -0.023585 -0.060471 0.028896
v -0.020436 -0.062677 0.031185
v -0.021205 -0.055133 0.024897
v -0.020948 -0.040564 0.012871
v -0.022408 -0.030857 0.011172
v -0.022024 -0.024465 0.014567
v -0.025481 -0.022051 0.012442
v -0.028614 -0.019151 0.009539
v -0.022111 -0.028616 0.012066
v -0.022889 -0.033174 0.010638
v -0.023562 -0.035529 0.010535
v -0.024427 -0.037881 0.010897
v -0.022005 -0.043286 0.014294
v -0.026042 -0.051143 0.020748
v -0.023230 -0.045993 0.016221
v -0.018276 -0.056850 0.026660
v -0.011533 -0.059588 0.029439
v -0.015035 -0.058347 0.028186
v -0.012348 -0.063206 0.032763
v -0.008428 -0.064282 0.033835
v -0.004345 -0.064952 0.034493
v -0.004599 -0.067956 0.036510
v -0.029894 -0.024153 0.004433
v -0.029715 -0.020841 0.005947
v -0.025432 -0.025939 0.010209
v -0.026012 -0.030067 0.008657
v -0.026362 -0.058081 0.026370
v -0.025045 -0.059448 0.027836
v -0.023588 -0.060469 0.028895
v -0.020433 -0.062679 0.031187
v -0.016039 -0.061769 0.031317
v -0.019437 -0.060028 0.029542
v -0.019639 -0.063236 0.031764
v -0.016866 -0.064536 0.033083
v -0.016857 -0.064540 0.033087
v -0.014079 -0.065842 0.034408
v -0.013047 -0.066127 0.034693
v -0.013033 -0.066131 0.034696
v -0.006765 -0.067644 0.036289
v -0.008886 -0.067275 0.035838
v -0.008896 -0.067272 0.035835
v -0.007345 -0.067700 0.036263
v -0.035161 -0.037621 0.004688
v -0.036517 -0.038951 0.004296
v -0.036517 -0.038955 0.004302
v -0.035142 -0.044541 0.011129
v -0.033657 -0.043026 0.011063
v -0.036034 -0.041674 0.007812
v -0.033738 -0.036225 0.004791
v -0.037012 -0.036313 0.001026
v -0.032105 -0.041460 0.010488
v -0.032463 -0.034736 0.004790
v -0.032094 -0.030698 0.002509
v -0.035750 -0.043048 0.009376
v -0.033265 -0.049147 0.016542
v -0.029811 -0.054500 0.022532
v -0.029597 -0.046525 0.015883
v -0.030656 -0.027484 0.003306
v -0.026710 -0.042415 0.012922
v -0.028249 -0.036159 0.008487
v -0.029687 -0.029760 0.005115
v -0.028735 -0.026179 0.006048
v -0.028424 -0.022591 0.007587
v -0.026569 -0.032146 0.008284
v -0.025480 -0.040188 0.011715
v -0.027315 -0.034187 0.008228
v -0.035854 -0.024399 -0.016357
v -0.035122 -0.022879 -0.020372
v -0.036245 -0.025067 -0.017015
v -0.020377 -0.013763 -0.037647
v -0.007733 -0.014212 -0.043447
v -0.008499 -0.014271 -0.043266
v -0.008607 -0.013156 -0.042878
v -0.034404 -0.023679 -0.023338
v -0.035060 -0.024672 -0.021731
v -0.037211 -0.029052 -0.009714
v -0.037635 -0.029731 -0.010298
v -0.038116 -0.034609 -0.003603
v -0.038129 -0.034671 -0.003649
v -0.037196 -0.029062 -0.014973
v -0.037815 -0.031415 -0.011590
v -0.038004 -0.032135 -0.010555
v -0.038463 -0.036229 -0.004798
v -0.038464 -0.036294 -0.004847
v -0.037112 -0.028743 -0.015432
v -0.036588 -0.027553 -0.017239
v -0.036262 -0.026811 -0.018364
v -0.035841 -0.025853 -0.019818
v -0.032536 -0.021614 -0.026898
v -0.033536 -0.022670 -0.025058
v -0.033654 -0.020829 -0.023694
v -0.034204 -0.023376 -0.023829
v -0.031638 -0.020845 -0.028298
v -0.032240 -0.021302 -0.027441
v -0.031803 -0.018954 -0.026932
v -0.030396 -0.019903 -0.030068
v -0.029545 -0.017290 -0.030019
v -0.029940 -0.019558 -0.030716
v -0.029336 -0.019230 -0.031384
v -0.029576 -0.018205 -0.030829
v -0.028001 -0.018507 -0.032859
v -0.026881 -0.016786 -0.033730
v -0.027031 -0.017981 -0.033931
v -0.026646 -0.017834 -0.034258
v -0.023792 -0.015613 -0.036335
v -0.023569 -0.016679 -0.036840
v -0.023761 -0.016730 -0.036715
v -0.025409 -0.017361 -0.035312
v -0.016628 -0.013986 -0.040433
v -0.016451 -0.015078 -0.040896
v -0.020352 -0.014685 -0.038583
v -0.016616 -0.015109 -0.040814
v -0.019701 -0.015686 -0.039283
v -0.020289 -0.015796 -0.038991
v -0.022638 -0.016428 -0.037451
v -0.012497 -0.014582 -0.042325
v -0.013392 -0.014694 -0.042001
v -0.003086 -0.014032 -0.043985
v -0.006718 -0.014173 -0.043564
v -0.008621 -0.012265 -0.041863
v -0.016655 -0.013072 -0.039460
v -0.026873 -0.015862 -0.032879
v -0.023803 -0.014687 -0.035441
v -0.033294 -0.020171 -0.022940
v -0.000196 -0.018780 -0.044926
v 0.019234 -0.020840 -0.039703
v 0.016062 -0.020054 -0.041534
v 0.006334 -0.019022 -0.044244
v 0.007066 -0.019050 -0.044168
v 0.008157 -0.019090 -0.044054
v 0.012968 -0.019677 -0.042520
v 0.013997 -0.019802 -0.042192
v 0.024974 -0.022673 -0.035678
v 0.022860 -0.021738 -0.037610
v 0.022266 -0.021591 -0.037952
v 0.020176 -0.021073 -0.039159
v 0.025374 -0.022850 -0.035313
v 0.027658 -0.023859 -0.033226
v 0.028299 -0.024143 -0.032641
v 0.029748 -0.025140 -0.030759
v 0.030057 -0.025352 -0.030359
v 0.031173 -0.026120 -0.028910
v 0.032155 -0.027174 -0.027082
v 0.032551 -0.027599 -0.026346
v 0.034055 -0.027619 -0.023445
v 0.032952 -0.028029 -0.025600
v 0.034092 -0.029252 -0.023480
v 0.034562 -0.029757 -0.022605
v 0.035472 -0.027603 -0.019337
v 0.035441 -0.031481 -0.019859
v 0.037977 -0.038871 -0.004842
v 0.038050 -0.041533 -0.004839
v 0.038006 -0.040783 -0.005899
v 0.037924 -0.039396 -0.007859
v 0.037103 -0.035588 -0.013488
v 0.036881 -0.034557 -0.015011
v 0.036789 -0.034127 -0.015646
v 0.029018 -0.056345 0.023755
v 0.013705 -0.069558 0.035020
v 0.017370 -0.068134 0.033464
v 0.017072 -0.066304 0.033514
v 0.037241 -0.043969 0.005178
v 0.037548 -0.041910 0.002562
v 0.037283 -0.040258 0.003620
v 0.036890 -0.039539 0.004033
v 0.037798 -0.040016 0.000144
v 0.037792 -0.040270 0.000478
v 0.034601 -0.051845 0.014832
v 0.034835 -0.051277 0.014145
v 0.033285 -0.051680 0.017421
v 0.035858 -0.045978 0.010679
v 0.036127 -0.048149 0.010363
v 0.036254 -0.047687 0.009792
v 0.037193 -0.044294 0.005592
v 0.029893 -0.058975 0.023184
v 0.029392 -0.057184 0.023667
v 0.027294 -0.061657 0.026243
v 0.026891 -0.059774 0.026523
v 0.020976 -0.066296 0.031438
v 0.021133 -0.066193 0.031324
v 0.020721 -0.064391 0.031495
v 0.024198 -0.064199 0.029104
v 0.024001 -0.062195 0.029148
v 0.024447 -0.063995 0.028874
v 0.025982 -0.062734 0.027455
v 0.013362 -0.069654 0.035125
v 0.013587 -0.069591 0.035056
v 0.013090 -0.067873 0.035153
v 0.006618 -0.071228 0.036830
v 0.004375 -0.069772 0.037112
v 0.005416 -0.071442 0.037060
v 0.004460 -0.071519 0.037142
v 0.009704 -0.070680 0.036239
v 0.008832 -0.069044 0.036365
v 0.009011 -0.070803 0.036372
v 0.020110 -0.066737 0.031925
v 0.032878 -0.050872 0.017622
v 0.035448 -0.045211 0.010987
v 0.001126 -0.071788 0.037425
v -0.000197 -0.070035 0.037371
v -0.000197 -0.071814 0.037450
v 0.032455 -0.055604 0.019277
v 0.033053 -0.054555 0.018037
v 0.033699 -0.053425 0.016700
v 0.029897 -0.058972 0.023180
v 0.030966 -0.057564 0.021549
v 0.032140 -0.056018 0.019757
v -0.013517 -0.067910 0.035194
v -0.038478 -0.038620 -0.001772
v -0.035353 -0.051601 0.014454
v -0.034393 -0.053534 0.016764
v -0.033804 -0.051731 0.017444
v -0.034237 -0.053848 0.017139
v -0.033572 -0.054863 0.018329
v -0.032774 -0.056080 0.019756
v -0.029896 -0.057240 0.023700
v -0.032054 -0.057177 0.021043
v -0.031482 -0.057857 0.021828
v -0.037756 -0.044324 0.005520
v -0.037781 -0.040298 0.003623
v -0.038107 -0.042709 0.003497
v -0.038172 -0.041988 0.002568
v -0.037244 -0.046673 0.008463
v -0.036373 -0.046022 0.010691
v -0.036857 -0.047770 0.009803
v -0.036749 -0.048075 0.010176
v -0.035876 -0.050547 0.013194
v -0.004778 -0.069788 0.037130
v -0.009246 -0.069071 0.036397
v -0.027383 -0.059830 0.026561
v -0.024477 -0.062249 0.029191
v -0.021182 -0.064441 0.031541
v -0.017515 -0.066348 0.033559
v -0.004875 -0.071564 0.037184
v -0.004487 -0.071619 0.037243
v -0.013809 -0.069700 0.035159
v -0.012733 -0.070070 0.035564
v -0.009445 -0.070853 0.036415
v -0.008731 -0.071023 0.036600
v -0.007005 -0.071266 0.036862
v -0.020534 -0.066909 0.032088
v -0.020290 -0.067053 0.032249
v -0.026456 -0.062974 0.027683
v -0.024979 -0.064081 0.028929
v -0.023746 -0.065005 0.029968
v -0.021626 -0.066262 0.031367
v -0.017893 -0.068156 0.033465
v -0.016698 -0.068706 0.034072
v -0.013963 -0.069647 0.035101
v -0.038318 -0.040381 0.000498
v -0.030461 -0.059070 0.023227
v -0.029648 -0.060035 0.024341
v -0.027919 -0.061664 0.026195
v -0.026806 -0.062712 0.027388
v -0.027515 -0.023342 -0.034251
v -0.028194 -0.023793 -0.033392
v -0.038530 -0.038914 -0.004844
v -0.034562 -0.029210 -0.023583
v -0.035338 -0.030106 -0.022039
v -0.035903 -0.031328 -0.020112
v -0.038581 -0.041536 -0.004841
v -0.037647 -0.035637 -0.013415
v -0.037518 -0.034819 -0.014604
v -0.037378 -0.034516 -0.015083
v -0.034607 -0.027584 -0.023571
v -0.033370 -0.027832 -0.025956
v -0.033135 -0.027560 -0.026424
v -0.032720 -0.027080 -0.027250
v -0.032142 -0.026412 -0.028401
v -0.030523 -0.025338 -0.030448
v -0.030070 -0.025037 -0.031020
v -0.025538 -0.022600 -0.035843
v -0.026686 -0.023031 -0.034918
v -0.022762 -0.021557 -0.038078
v -0.021613 -0.021125 -0.039003
v -0.019794 -0.020748 -0.039910
v -0.013457 -0.019592 -0.042733
v -0.014917 -0.019739 -0.042340
v -0.015857 -0.019933 -0.041871
v -0.016668 -0.020101 -0.041467
v -0.009528 -0.019197 -0.043790
v -0.007516 -0.018995 -0.044331
v -0.006726 -0.018972 -0.044396
v -0.002689 -0.018853 -0.044724
v 0.037013 -0.036641 -0.013104
v 0.036898 -0.036054 -0.013960
v 0.037141 -0.035868 -0.013680
v 0.007056 -0.019340 -0.044266
v 0.007004 -0.019674 -0.044096
v 0.004660 -0.019520 -0.044518
v -0.000197 -0.019105 -0.044901
v -0.000197 -0.019254 -0.044889
v -0.000198 -0.019413 -0.044821
v 0.014013 -0.020054 -0.042364
v 0.013936 -0.020359 -0.042277
v 0.009433 -0.019833 -0.043658
v 0.007054 -0.019677 -0.044087
v 0.017563 -0.020994 -0.040704
v 0.014028 -0.020373 -0.042242
v 0.013976 -0.020363 -0.042265
v 0.020230 -0.021297 -0.039358
v 0.025444 -0.023073 -0.035498
v 0.024263 -0.022943 -0.036355
v 0.020914 -0.021816 -0.038799
v 0.020201 -0.021641 -0.039204
v 0.020092 -0.021614 -0.039266
v 0.026931 -0.024150 -0.033901
v 0.029718 -0.025423 -0.030890
v 0.025391 -0.023454 -0.035317
v 0.025254 -0.023391 -0.035443
v 0.029737 -0.025857 -0.030643
v 0.031988 -0.027721 -0.027296
v 0.033015 -0.028276 -0.025781
v 0.029726 -0.025850 -0.030656
v 0.029518 -0.025724 -0.030897
v 0.034055 -0.030093 -0.023271
v 0.035494 -0.031747 -0.020043
v 0.032949 -0.028824 -0.025425
v 0.032744 -0.028589 -0.025823
v 0.035731 -0.032921 -0.018736
v 0.035411 -0.032382 -0.019601
v 0.035213 -0.032048 -0.020137
v 0.037594 -0.039620 -0.008764
v 0.037952 -0.041091 -0.006119
v 0.037719 -0.041365 -0.006307
v 0.038011 -0.041775 -0.005014
v 0.037967 -0.041838 -0.005059
v 0.037946 -0.041868 -0.005080
v 0.037766 -0.042020 -0.005384
v 0.037773 -0.042112 -0.005254
v 0.038040 -0.041599 -0.004887
v 0.037989 -0.042144 -0.004647
v 0.037966 -0.042173 -0.004668
v 0.037969 -0.042026 -0.004878
v 0.038053 -0.041683 -0.004630
v 0.038052 -0.041750 -0.004679
v 0.037776 -0.042262 -0.005046
v 0.037780 -0.042411 -0.004839
v 0.038042 -0.041898 -0.004468
v 0.038056 -0.041832 -0.004421
v 0.033487 -0.058045 0.016870
v 0.034647 -0.056115 0.014457
v 0.033102 -0.056044 0.018076
v -0.000197 -0.075183 0.037428
v 0.001346 -0.075155 0.037395
v 0.004359 -0.074830 0.037020
v 0.006600 -0.074589 0.036741
v 0.008379 -0.074397 0.036520
v 0.008860 -0.074267 0.036368
v 0.013106 -0.073114 0.035028
v 0.013518 -0.073002 0.034898
v 0.015602 -0.072436 0.034240
v 0.017132 -0.071718 0.033398
v 0.025903 -0.066641 0.027394
v 0.024124 -0.067911 0.028905
v 0.021964 -0.069452 0.030739
v 0.020860 -0.069970 0.031347
v 0.020020 -0.070364 0.031809
v 0.031887 -0.060707 0.020198
v 0.027187 -0.065726 0.026303
v 0.029537 -0.063215 0.023249
v 0.030885 -0.061777 0.021499
v 0.037291 -0.049072 0.005386
v 0.036056 -0.052651 0.010014
v 0.035150 -0.055279 0.013411
v 0.034803 -0.055856 0.014133
v 0.037305 -0.048933 0.005198
v 0.037486 -0.047223 0.002882
v 0.037703 -0.045172 0.000103
v -0.033614 -0.056094 0.018367
v -0.038585 -0.041685 -0.004633
v -0.038589 -0.041834 -0.004425
v -0.038443 -0.045445 0.000531
v -0.038432 -0.045715 0.000903
v -0.038110 -0.047229 0.002904
v -0.037691 -0.049197 0.005504
v -0.037098 -0.051982 0.009185
v -0.036783 -0.052690 0.010087
v -0.036749 -0.052767 0.010184
v -0.035228 -0.056179 0.014529
v -0.035264 -0.056098 0.014425
v -0.034225 -0.058123 0.016984
v -0.034587 -0.057618 0.016360
v -0.031424 -0.062028 0.021812
v -0.031031 -0.062576 0.022490
v -0.030230 -0.063317 0.023383
v -0.027615 -0.065733 0.026299
v -0.026397 -0.066858 0.027657
v -0.026130 -0.067105 0.027955
v -0.024697 -0.067993 0.029005
v -0.021368 -0.070054 0.031445
v -0.020512 -0.070584 0.032073
v -0.020499 -0.070589 0.032079
v -0.013602 -0.073216 0.035148
v -0.013930 -0.073139 0.035058
v -0.014718 -0.072952 0.034842
v -0.017615 -0.071768 0.033457
v -0.004779 -0.074838 0.037030
v -0.006990 -0.074672 0.036838
v -0.007648 -0.074623 0.036780
v -0.009262 -0.074241 0.036338
v -0.038470 -0.041913 -0.005113
v -0.038475 -0.041897 -0.005101
v -0.037651 -0.035923 -0.013603
v -0.038298 -0.042109 -0.005251
v -0.037930 -0.038471 -0.010407
v -0.037709 -0.037576 -0.011728
v -0.035930 -0.031596 -0.020284
v -0.035702 -0.031872 -0.020382
v -0.035779 -0.031994 -0.020184
v -0.036204 -0.032986 -0.018649
v -0.037080 -0.035029 -0.015486
v -0.037371 -0.036208 -0.013746
v -0.034311 -0.029685 -0.023933
v -0.033417 -0.028079 -0.026123
v -0.033517 -0.028796 -0.025452
v -0.029939 -0.025552 -0.031200
v -0.030228 -0.025728 -0.030863
v -0.030145 -0.025258 -0.031202
v -0.032279 -0.027409 -0.027823
v -0.033148 -0.028383 -0.026159
v -0.026754 -0.023695 -0.034789
v -0.026759 -0.023696 -0.034785
v -0.026669 -0.023294 -0.035047
v -0.027494 -0.024064 -0.034052
v -0.029379 -0.025211 -0.031853
v -0.023662 -0.022461 -0.037379
v -0.026492 -0.023571 -0.035039
v -0.026511 -0.023580 -0.035021
v -0.023152 -0.022261 -0.037800
v -0.021597 -0.021457 -0.038998
v -0.021435 -0.021780 -0.038887
v -0.012644 -0.020090 -0.042965
v -0.015768 -0.020518 -0.041862
v -0.015858 -0.020212 -0.041963
v -0.016112 -0.020565 -0.041741
v -0.016565 -0.020655 -0.041522
v -0.019550 -0.021252 -0.040081
v -0.020251 -0.021448 -0.039637
v -0.012003 -0.020002 -0.043192
v -0.009545 -0.019463 -0.043931
v -0.009482 -0.019791 -0.043770
v -0.002684 -0.019444 -0.044737
v -0.003464 -0.019454 -0.044711
v -0.002696 -0.019133 -0.044867
v -0.007529 -0.019627 -0.044219
v -0.008571 -0.019714 -0.043979
v -0.038559 -0.041611 -0.004895
v -0.038491 -0.041843 -0.005062
v -0.038571 -0.041910 -0.004481
v -0.038582 -0.041762 -0.004691
v -0.038518 -0.042142 -0.004648
v -0.038485 -0.042045 -0.004895
v -0.038479 -0.042190 -0.004683
v -0.038303 -0.042257 -0.005045
v -0.038308 -0.042407 -0.004837
v -0.026778 -0.198057 -0.018859
v -0.025318 -0.197785 -0.020946
v -0.025309 -0.198718 -0.022481
v -0.029459 -0.198646 -0.013201
v -0.028263 -0.198374 -0.015953
v -0.028616 -0.199360 -0.017547
v -0.032065 -0.200218 -0.007145
v -0.032566 -0.200357 -0.004956
v -0.031431 -0.199171 -0.004805
v -0.030928 -0.199026 -0.007910
v -0.030686 -0.198959 -0.009031
v -0.031024 -0.199928 -0.011690
v -0.030255 -0.198849 -0.010496
v -0.029976 -0.198778 -0.011444
v -0.030702 -0.199839 -0.013093
v -0.030548 -0.199804 -0.013422
v -0.027779 -0.198264 -0.017067
v -0.027657 -0.198239 -0.017284
v -0.027922 -0.199201 -0.019027
v -0.027706 -0.199152 -0.019489
v -0.024539 -0.197640 -0.022060
v -0.024472 -0.197629 -0.022131
v -0.024179 -0.198514 -0.023893
v -0.023013 -0.198302 -0.025349
v -0.021893 -0.197217 -0.024909
v -0.021479 -0.198083 -0.026630
v -0.021460 -0.197159 -0.025262
v -0.021396 -0.198071 -0.026700
v -0.020536 -0.197036 -0.026018
v -0.019852 -0.197851 -0.027990
v -0.018992 -0.196829 -0.027278
v -0.016610 -0.197513 -0.029783
v -0.016756 -0.196586 -0.028653
v -0.016042 -0.196508 -0.029092
v -0.016015 -0.197451 -0.030112
v -0.015711 -0.196472 -0.029295
v -0.013594 -0.197198 -0.031451
v -0.012130 -0.196172 -0.030898
v -0.011408 -0.197067 -0.032090
v -0.011487 -0.196132 -0.031101
v -0.011016 -0.196103 -0.031250
v -0.009710 -0.196964 -0.032586
v -0.008932 -0.195975 -0.031909
v -0.006612 -0.196778 -0.033491
v -0.005833 -0.195852 -0.032522
v -0.005840 -0.196766 -0.033547
v -0.004849 -0.195812 -0.032716
v -0.000629 -0.195746 -0.033041
v -0.000044 -0.196676 -0.033969
v -0.005631 -0.195844 -0.032562
v -0.002940 -0.196721 -0.033758
v -0.000053 -0.195747 -0.033038
v -0.000026 -0.195747 -0.033038
v 0.001329 -0.196655 -0.034069
v 0.001067 -0.195748 -0.033032
v 0.003923 -0.196734 -0.033693
v 0.005373 -0.195825 -0.032653
v 0.005715 -0.196788 -0.033434
v 0.005541 -0.195833 -0.032617
v 0.005786 -0.195843 -0.032565
v 0.009220 -0.196895 -0.032927
v 0.009565 -0.196004 -0.031761
v 0.010299 -0.196976 -0.032523
v 0.010739 -0.196073 -0.031410
v 0.011320 -0.197053 -0.032141
v 0.010958 -0.196089 -0.031325
v 0.011436 -0.196125 -0.031138
v 0.015895 -0.197396 -0.030430
v 0.014521 -0.196355 -0.029933
v 0.016060 -0.197415 -0.030322
v 0.015994 -0.196502 -0.029120
v 0.016617 -0.197482 -0.029956
v 0.016723 -0.196574 -0.028718
v 0.018010 -0.196703 -0.028007
v 0.021151 -0.198022 -0.026979
v 0.020501 -0.197010 -0.026199
v 0.021407 -0.198053 -0.026811
v 0.021422 -0.197145 -0.025336
v 0.021543 -0.198069 -0.026722
v 0.023264 -0.197416 -0.023609
v 0.024126 -0.198472 -0.024265
v 0.025320 -0.198702 -0.022604
v 0.024422 -0.197618 -0.022167
v 0.025327 -0.198704 -0.022594
v 0.030173 -0.198854 -0.010555
v 0.031000 -0.199945 -0.011750
v 0.029875 -0.198777 -0.011504
v 0.030949 -0.199929 -0.012004
v 0.029039 -0.198560 -0.014163
v 0.030895 -0.199916 -0.012133
v 0.028199 -0.198367 -0.016020
v 0.028618 -0.199358 -0.017632
v 0.027600 -0.198230 -0.017346
v 0.028555 -0.199343 -0.017783
v 0.027425 -0.198190 -0.017733
v 0.028240 -0.199265 -0.018544
v 0.025664 -0.197835 -0.020622
v 0.025320 -0.197775 -0.021051
v 0.031237 -0.199169 -0.004838
v 0.032366 -0.200354 -0.004978
v 0.030482 -0.198940 -0.009337
v 0.030244 -0.198873 -0.010329
v 0.036603 -0.043944 -0.004841
v 0.036580 -0.043563 -0.005374
v 0.036479 -0.041913 -0.007688
v 0.036521 -0.042607 -0.006715
v 0.034241 -0.034188 -0.019194
v 0.033239 -0.032376 -0.022065
v 0.035878 -0.038400 -0.012764
v 0.035852 -0.038324 -0.012879
v 0.035482 -0.037247 -0.014506
v 0.034741 -0.035091 -0.017762
v 0.032869 -0.031918 -0.022829
v 0.032392 -0.031329 -0.023813
v 0.031888 -0.030705 -0.024854
v 0.031289 -0.029964 -0.026091
v 0.030313 -0.029022 -0.027728
v 0.029014 -0.028021 -0.029538
v 0.028738 -0.027809 -0.029921
v 0.027957 -0.027208 -0.031009
v 0.025225 -0.025656 -0.033986
v 0.024629 -0.025402 -0.034503
v 0.024260 -0.025245 -0.034822
v 0.022545 -0.024515 -0.036307
v 0.013439 -0.022271 -0.041356
v 0.019615 -0.023585 -0.038313
v 0.019259 -0.023472 -0.038557
v 0.018779 -0.023363 -0.038807
v 0.015636 -0.022646 -0.040451
v 0.013629 -0.022303 -0.041277
v 0.012731 -0.022183 -0.041576
v 0.009412 -0.021772 -0.042607
v 0.006850 -0.021583 -0.043102
v 0.006295 -0.021542 -0.043209
v -0.000205 -0.021319 -0.043802
v 0.004282 -0.021417 -0.043537
v 0.005192 -0.021460 -0.043422
v 0.033615 -0.058581 0.016493
v 0.033678 -0.058428 0.016649
v 0.029792 -0.063666 0.023065
v 0.037610 -0.047520 0.002662
v 0.013246 -0.073500 0.035112
v 0.008925 -0.074573 0.036357
v 0.008947 -0.074822 0.036233
v 0.004425 -0.075486 0.037000
v 0.024023 -0.068897 0.028550
v 0.024244 -0.068724 0.028346
v 0.024334 -0.068596 0.028564
v 0.037639 -0.045969 0.000017
v 0.037349 -0.047790 0.002425
v 0.004334 -0.075822 0.036545
v 0.004425 -0.075698 0.036814
v 0.001679 -0.076043 0.036797
v -0.000197 -0.075908 0.037063
v -0.000197 -0.076083 0.036843
v 0.004413 -0.075232 0.037120
v -0.000197 -0.075461 0.037379
v -0.000197 -0.075502 0.037372
v 0.027243 -0.066296 0.025841
v 0.027154 -0.066433 0.025651
v 0.029746 -0.063830 0.022891
v 0.029431 -0.064149 0.022931
v 0.026928 -0.066611 0.025861
v 0.017020 -0.072727 0.032999
v 0.017320 -0.072476 0.033099
v 0.013233 -0.074086 0.034561
v 0.013272 -0.073943 0.034796
v 0.013112 -0.074130 0.034611
v 0.008779 -0.075193 0.035828
v 0.008947 -0.075029 0.036047
v 0.005636 -0.075714 0.036422
v 0.004407 -0.075816 0.036538
v 0.008920 -0.075169 0.035801
v 0.009219 -0.075120 0.035745
v 0.013044 -0.074147 0.034631
v 0.017045 -0.072715 0.032985
v 0.017263 -0.072611 0.032864
v 0.021022 -0.070676 0.031003
v 0.020679 -0.070972 0.030969
v 0.020718 -0.070948 0.030941
v 0.020948 -0.070806 0.030775
v 0.023981 -0.068931 0.028589
v 0.021007 -0.070270 0.031334
v 0.024334 -0.068210 0.028898
v 0.027262 -0.065928 0.026174
v 0.029786 -0.063479 0.023219
v 0.013275 -0.073741 0.034983
v 0.017296 -0.072051 0.033423
v -0.000197 -0.075784 0.037220
v 0.017328 -0.072281 0.033286
v 0.021037 -0.070489 0.031189
v 0.024358 -0.068418 0.028748
v 0.027278 -0.066125 0.026021
v 0.033694 -0.058256 0.016798
v 0.036217 -0.052986 0.009791
v 0.029628 -0.063951 0.022696
v 0.029943 -0.063635 0.022319
v 0.032406 -0.060455 0.018476
v 0.035972 -0.053400 0.009707
v 0.035994 -0.053348 0.009642
v 0.034471 -0.056928 0.014137
v 0.033323 -0.058889 0.016549
v 0.033436 -0.058696 0.016312
v 0.036020 -0.053256 0.009523
v 0.037051 -0.049661 0.004902
v 0.037338 -0.047862 0.002521
v -0.037999 -0.047701 0.002332
v -0.037978 -0.047799 0.002459
v -0.038189 -0.047537 0.002684
v -0.016191 -0.073296 0.033655
v -0.013671 -0.074112 0.034592
v -0.013725 -0.073990 0.034851
v -0.004824 -0.075250 0.037141
v -0.034316 -0.058317 0.016874
v -0.031882 -0.062092 0.020465
v -0.030188 -0.064017 0.022772
v -0.030340 -0.063906 0.022982
v -0.033990 -0.058961 0.016647
v -0.034238 -0.058642 0.016569
v -0.034301 -0.058489 0.016725
v -0.037962 -0.047877 0.002562
v -0.037179 -0.051572 0.007377
v -0.036834 -0.053025 0.009841
v -0.036577 -0.053291 0.009559
v -0.036524 -0.053442 0.009750
v -0.035885 -0.055266 0.012064
v -0.034192 -0.058660 0.016280
v -0.034120 -0.058767 0.016410
v -0.030380 -0.063554 0.023311
v -0.004836 -0.075504 0.037021
v -0.009378 -0.074855 0.036272
v -0.013699 -0.073547 0.035167
v -0.021513 -0.070337 0.031412
v -0.017774 -0.072109 0.033491
v -0.027830 -0.066004 0.026266
v -0.024872 -0.068283 0.028985
v -0.030385 -0.063742 0.023156
v -0.027846 -0.066201 0.026112
v -0.024896 -0.068491 0.028835
v -0.021543 -0.070556 0.031268
v -0.017805 -0.072339 0.033354
v -0.004520 -0.075897 0.036631
v -0.004836 -0.075716 0.036835
v -0.004749 -0.075866 0.036596
v -0.009345 -0.075193 0.035829
v -0.009378 -0.075063 0.036086
v -0.012738 -0.074414 0.034939
v -0.013481 -0.074174 0.034663
v -0.009206 -0.075224 0.035865
v -0.008795 -0.075319 0.035973
v -0.004821 -0.075856 0.036585
v -0.021422 -0.070848 0.030823
v -0.021180 -0.070983 0.030980
v -0.021528 -0.070743 0.031082
v -0.019844 -0.071729 0.031847
v -0.017797 -0.072534 0.033167
v -0.017715 -0.072643 0.032901
v -0.017488 -0.072740 0.033013
v -0.023372 -0.069760 0.029558
v -0.024872 -0.068669 0.028650
v -0.024517 -0.068949 0.028608
v -0.027811 -0.066372 0.025932
v -0.026385 -0.067626 0.027058
v -0.024755 -0.068780 0.028411
v -0.009357 -0.074606 0.036396
v -0.013727 -0.073788 0.035037
v -0.038306 -0.044159 -0.002428
v -0.030006 -0.064224 0.023020
v -0.029303 -0.065024 0.023979
v -0.027670 -0.066480 0.025702
v -0.027453 -0.066674 0.025931
v -0.032445 -0.030698 -0.024851
v -0.032678 -0.030944 -0.024429
v -0.033723 -0.032370 -0.022075
v -0.035049 -0.034785 -0.018242
v -0.035146 -0.034962 -0.017962
v -0.035979 -0.037243 -0.014498
v -0.036172 -0.037772 -0.013695
v -0.036493 -0.039261 -0.011520
v -0.036824 -0.040789 -0.009289
v -0.036987 -0.042569 -0.006780
v -0.037114 -0.043957 -0.004823
v -0.032904 -0.031253 -0.023919
v -0.033385 -0.031909 -0.022836
v -0.030800 -0.028960 -0.027836
v -0.029589 -0.028013 -0.029552
v -0.028559 -0.027207 -0.031011
v -0.028485 -0.027162 -0.031096
v -0.026615 -0.026036 -0.033239
v -0.025889 -0.025702 -0.033911
v -0.024890 -0.025241 -0.034836
v -0.016088 -0.022623 -0.040518
v -0.023747 -0.024713 -0.035894
v -0.022950 -0.024444 -0.036469
v -0.020566 -0.023637 -0.038191
v -0.019669 -0.023415 -0.038694
v -0.019446 -0.023360 -0.038819
v -0.017401 -0.022853 -0.039966
v -0.013529 -0.022174 -0.041594
v -0.012295 -0.022032 -0.041952
v -0.009411 -0.021702 -0.042788
v -0.008352 -0.021620 -0.043002
v -0.007375 -0.021544 -0.043200
v -0.006978 -0.021527 -0.043246
v -0.002928 -0.021348 -0.043724
v -0.000337 -0.021320 -0.043799
v -0.027026 -0.199754 -0.021104
v -0.028122 -0.199974 -0.019235
v -0.028155 -0.199560 -0.019203
v -0.032825 -0.200993 -0.005013
v -0.032778 -0.200695 -0.004996
v -0.032440 -0.200597 -0.007240
v -0.032749 -0.200650 -0.004990
v -0.030915 -0.200581 -0.013371
v -0.031294 -0.200678 -0.012039
v -0.030784 -0.200154 -0.013542
v -0.032139 -0.200895 -0.009067
v -0.032451 -0.200982 -0.007262
v -0.032840 -0.201091 -0.005019
v -0.028816 -0.200115 -0.018051
v -0.029291 -0.200210 -0.017242
v -0.030822 -0.200560 -0.013591
v -0.025466 -0.199479 -0.023080
v -0.024476 -0.198878 -0.024205
v -0.024643 -0.199334 -0.024122
v -0.024483 -0.199310 -0.024278
v -0.021934 -0.198922 -0.026761
v -0.021658 -0.198445 -0.026907
v -0.021650 -0.198885 -0.026972
v -0.016165 -0.198256 -0.030550
v -0.016632 -0.198303 -0.030295
v -0.016203 -0.197799 -0.030532
v -0.018663 -0.198506 -0.029187
v -0.021383 -0.198852 -0.027170
v -0.009795 -0.197777 -0.033047
v -0.011274 -0.197854 -0.032664
v -0.009816 -0.197308 -0.033028
v -0.011427 -0.197866 -0.032604
v -0.014842 -0.198124 -0.031272
v -0.002971 -0.197056 -0.034242
v -0.005834 -0.197600 -0.033914
v -0.007112 -0.197636 -0.033741
v -0.000065 -0.197507 -0.034361
v -0.002873 -0.197516 -0.034314
v -0.002967 -0.197519 -0.034301
v 0.001672 -0.197501 -0.034389
v 0.003971 -0.197075 -0.034152
v 0.011323 -0.197862 -0.032624
v 0.010312 -0.197792 -0.032977
v 0.010389 -0.197338 -0.032880
v 0.005739 -0.197585 -0.033989
v 0.003962 -0.197548 -0.034164
v 0.013723 -0.198027 -0.031784
v 0.016161 -0.197788 -0.030586
v 0.016125 -0.198248 -0.030601
v 0.021306 -0.198387 -0.027243
v 0.020759 -0.198756 -0.027756
v 0.017589 -0.198382 -0.029880
v 0.016583 -0.198290 -0.030375
v 0.026175 -0.199596 -0.022295
v 0.025615 -0.199501 -0.022944
v 0.025629 -0.199071 -0.022894
v 0.025439 -0.199471 -0.023147
v 0.023733 -0.199183 -0.025126
v 0.021343 -0.198840 -0.027239
v 0.021282 -0.198831 -0.027294
v 0.028459 -0.200042 -0.018764
v 0.028819 -0.199707 -0.017954
v 0.028760 -0.200110 -0.018112
v 0.031113 -0.200265 -0.012229
v 0.030357 -0.200470 -0.014651
v 0.028811 -0.200121 -0.018001
v 0.031614 -0.200793 -0.010658
v 0.031169 -0.200678 -0.012071
v 0.031109 -0.200663 -0.012260
v 0.032639 -0.201092 -0.005039
v 0.032485 -0.201044 -0.006223
v 0.032625 -0.200999 -0.005034
v 0.032578 -0.200695 -0.005016
v 0.032551 -0.200651 -0.005011
v -0.031541 -0.064850 -0.026602
v -0.033293 -0.064952 -0.022914
v -0.033579 -0.042462 -0.023104
v -0.035005 -0.042499 -0.019021
v 0.035830 -0.092883 -0.004836
v 0.035065 -0.110584 -0.004833
v 0.034298 -0.110358 -0.013493
v 0.032096 -0.155285 -0.012320
v -0.026068 -0.154295 -0.024283
v -0.033174 -0.155592 -0.004765
v -0.034683 -0.121946 -0.004773
v -0.035195 -0.110574 -0.004777
v -0.033999 -0.110333 -0.013377
v -0.036398 -0.082533 -0.004787
v -0.036926 -0.065282 -0.004801
v -0.036634 -0.065225 -0.009644
v -0.037003 -0.062759 -0.004803
v -0.037032 -0.061811 -0.004804
v -0.035063 -0.087762 -0.013984
v -0.036212 -0.087959 -0.004783
v -0.036275 -0.086562 -0.004784
v -0.033198 -0.154977 -0.004764
v -0.031875 -0.155281 -0.012215
v -0.029438 -0.154817 -0.018784
v -0.021897 -0.153784 -0.028760
v -0.017045 -0.153337 -0.032242
v -0.011638 -0.152992 -0.034739
v -0.005828 -0.152776 -0.036250
v 0.000208 -0.152703 -0.036772
v 0.012155 -0.152997 -0.034830
v 0.006272 -0.152779 -0.036300
v 0.017647 -0.153343 -0.032361
v 0.022549 -0.153790 -0.028891
v 0.026687 -0.154301 -0.024414
v 0.029911 -0.154822 -0.018907
v 0.033013 -0.158045 -0.004826
v 0.033119 -0.155595 -0.004827
v 0.034573 -0.121954 -0.004832
v 0.036599 -0.062777 -0.004838
v 0.036589 -0.065300 -0.004838
v 0.036424 -0.065252 -0.009704
v 0.036582 -0.067055 -0.004837
v 0.035243 -0.087794 -0.014085
v 0.036131 -0.082546 -0.004836
v 0.035973 -0.087972 -0.004836
v 0.036662 -0.047747 -0.004840
v 0.036356 -0.042603 -0.009743
v 0.035721 -0.042584 -0.014593
v 0.033351 -0.042536 -0.023138
v 0.029257 -0.031348 -0.029786
v 0.024623 -0.031331 -0.035361
v 0.019162 -0.031296 -0.039615
v 0.013068 -0.031254 -0.042608
v 0.006542 -0.031218 -0.044385
v -0.006946 -0.031190 -0.044385
v -0.000202 -0.031195 -0.044974
v -0.013474 -0.031200 -0.042608
v -0.019576 -0.031220 -0.039615
v -0.025055 -0.031239 -0.035359
v -0.029720 -0.031252 -0.029783
v -0.036809 -0.042567 -0.009714
v -0.000063 -0.042163 -0.045649
v 0.006744 -0.042189 -0.045054
v 0.013340 -0.042242 -0.043246
v 0.019508 -0.042313 -0.040200
v 0.025036 -0.042394 -0.035872
v 0.029718 -0.042471 -0.030206
v -0.031448 -0.109980 -0.020976
v 0.033018 -0.087529 -0.022209
v 0.032121 -0.110018 -0.021115
v 0.029525 -0.087236 -0.028971
v 0.028735 -0.109640 -0.027480
v 0.024962 -0.086953 -0.034434
v 0.024313 -0.109275 -0.032643
v 0.019534 -0.086709 -0.038639
v 0.019046 -0.108959 -0.036632
v 0.013463 -0.086520 -0.041615
v 0.013146 -0.108715 -0.039463
v 0.006976 -0.086399 -0.043382
v 0.006838 -0.108559 -0.041145
v 0.000302 -0.086350 -0.043952
v 0.000346 -0.108500 -0.041685
v -0.006341 -0.086378 -0.043332
v -0.006109 -0.108542 -0.041088
v -0.012746 -0.086480 -0.041524
v -0.012326 -0.108683 -0.039358
v -0.018728 -0.086654 -0.038520
v -0.018124 -0.108916 -0.036496
v -0.024118 -0.086890 -0.034302
v -0.023342 -0.109227 -0.032493
v -0.028757 -0.087173 -0.028840
v -0.027834 -0.109593 -0.027331
v -0.032475 -0.087478 -0.022088
v -0.034751 -0.065052 -0.018864
v -0.035878 -0.065145 -0.014445
v -0.036094 -0.042534 -0.014560
v 0.035888 -0.053878 -0.014614
v 0.033552 -0.053766 -0.023175
v 0.029931 -0.053634 -0.030262
v 0.025241 -0.053500 -0.035951
v 0.019692 -0.053376 -0.040303
v 0.013499 -0.053275 -0.043370
v 0.006881 -0.053205 -0.045190
v 0.000060 -0.053173 -0.045785
v -0.006744 -0.053181 -0.045167
v -0.006861 -0.042164 -0.045042
v -0.013322 -0.053228 -0.043328
v -0.013436 -0.042192 -0.043225
v -0.019473 -0.053309 -0.040248
v -0.019586 -0.042243 -0.040172
v -0.025013 -0.053421 -0.035889
v -0.025118 -0.042310 -0.035840
v -0.029762 -0.053555 -0.030199
v -0.029846 -0.042385 -0.030173
v -0.031850 -0.042423 -0.026818
v -0.029522 -0.064749 -0.029940
v -0.024787 -0.064562 -0.035596
v -0.019273 -0.064407 -0.039941
v -0.013155 -0.064294 -0.043019
v -0.006611 -0.064229 -0.044862
v 0.000163 -0.064215 -0.045486
v 0.006962 -0.064253 -0.044896
v 0.013563 -0.064339 -0.043081
v 0.019742 -0.064470 -0.040022
v 0.025275 -0.064636 -0.035686
v 0.029942 -0.064824 -0.030031
v 0.033531 -0.065015 -0.022998
v 0.035829 -0.065184 -0.014517
v 0.036535 -0.046770 -0.000966
v 0.036203 -0.049220 0.002301
v 0.036045 -0.050388 0.003860
v 0.035837 -0.051178 0.004887
v 0.035107 -0.053957 0.008501
v 0.032378 -0.059869 0.015962
v 0.033247 -0.058396 0.014132
v 0.034865 -0.054565 0.009275
v 0.033714 -0.057450 0.012945
v 0.033485 -0.057913 0.013526
v 0.031514 -0.061334 0.017783
v 0.026232 -0.067339 0.025091
v 0.026938 -0.066703 0.024326
v 0.028617 -0.064946 0.022198
v 0.029418 -0.064109 0.021184
v 0.029769 -0.063643 0.020614
v 0.030556 -0.062602 0.019338
v 0.020361 -0.071452 0.029989
v 0.020202 -0.071532 0.030083
v 0.023414 -0.069548 0.027731
v 0.023424 -0.069541 0.027723
v 0.025013 -0.068299 0.026239
v 0.026180 -0.067387 0.025148
v 0.019452 -0.071908 0.030526
v 0.017753 -0.072762 0.031533
v 0.016604 -0.073218 0.032067
v 0.014240 -0.074155 0.033167
v 0.013248 -0.074443 0.033504
v 0.012710 -0.074600 0.033687
v 0.010531 -0.075235 0.034428
v 0.008561 -0.075626 0.034884
v 0.006893 -0.075957 0.035269
v 0.006631 -0.075986 0.035303
v 0.004227 -0.076254 0.035614
v 0.002897 -0.076402 0.035786
v -0.000199 -0.076510 0.035911
v -0.037107 -0.046218 -0.001716
v -0.036953 -0.047633 0.000178
v -0.036777 -0.049253 0.002348
v -0.036688 -0.050068 0.003438
v -0.036382 -0.051318 0.005066
v -0.035757 -0.053867 0.008386
v -0.035504 -0.054620 0.009352
v -0.035443 -0.054804 0.009587
v -0.034054 -0.058055 0.013702
v -0.033967 -0.058260 0.013961
v -0.032980 -0.059938 0.016047
v -0.032054 -0.061513 0.018004
v -0.031204 -0.062608 0.019344
v -0.030310 -0.063759 0.020754
v -0.029700 -0.064545 0.021715
v -0.029240 -0.065039 0.022315
v -0.028638 -0.065686 0.023098
v -0.026748 -0.067401 0.025162
v -0.023900 -0.069599 0.027790
v -0.025550 -0.068414 0.026378
v -0.025937 -0.068137 0.026047
v -0.017083 -0.073279 0.032139
v -0.017987 -0.072934 0.031735
v -0.019921 -0.071966 0.030594
v -0.020684 -0.071583 0.030143
v -0.021347 -0.071252 0.029752
v -0.022891 -0.070324 0.028653
v -0.014357 -0.074319 0.033359
v -0.013705 -0.074519 0.033593
v -0.013183 -0.074679 0.033780
v -0.012858 -0.074779 0.033896
v -0.009025 -0.075690 0.034959
v -0.009007 -0.075693 0.034962
v -0.007052 -0.075978 0.035293
v -0.005035 -0.076271 0.035634
v -0.004648 -0.076307 0.035676
v -0.000210 -0.076509 0.035910
v -0.004240 -0.076345 0.035720
v 0.024416 -0.208064 -0.021721
v 0.025824 -0.208064 -0.020077
v 0.025919 -0.208064 0.000172
v 0.026320 -0.208064 -0.019497
v 0.027746 -0.208064 -0.017246
v 0.028294 -0.208064 -0.016381
v 0.029929 -0.208064 -0.012755
v 0.030246 -0.208064 -0.011711
v 0.031074 -0.208064 -0.008987
v 0.031816 -0.208064 -0.004986
v 0.032120 -0.208064 -0.001819
v 0.032175 -0.208064 -0.000474
v 0.011669 -0.208064 -0.029459
v 0.015363 -0.208064 -0.028059
v 0.015498 -0.208064 0.000222
v 0.015727 -0.208064 -0.027921
v 0.015776 -0.208064 -0.027897
v 0.016593 -0.208064 -0.027509
v 0.019971 -0.208064 -0.025552
v 0.020379 -0.208064 -0.025233
v 0.022970 -0.208064 -0.023204
v 0.023943 -0.208064 -0.022272
v -0.000134 -0.208064 0.000296
v -0.000121 -0.208064 -0.031152
v 0.004115 -0.208065 -0.030966
v 0.005367 -0.208065 -0.030790
v 0.007324 -0.208065 -0.030515
v 0.010709 -0.208064 -0.029692
v -0.032049 -0.208064 -0.004966
v -0.032423 -0.208064 -0.000664
v -0.032410 -0.208064 -0.000163
v -0.031193 -0.208064 -0.009311
v -0.030418 -0.208064 -0.011675
v -0.029877 -0.208064 -0.013323
v -0.029323 -0.208064 -0.014606
v -0.027904 -0.208064 -0.017211
v -0.027498 -0.208064 -0.017957
v -0.025248 -0.208064 -0.020972
v -0.024585 -0.208064 -0.021693
v -0.024214 -0.208064 -0.022096
v -0.021452 -0.208064 -0.024549
v -0.020526 -0.208064 -0.025166
v -0.018335 -0.208064 -0.026627
v -0.015943 -0.208064 -0.027863
v -0.012167 -0.208064 -0.029333
v -0.010918 -0.208064 -0.029657
v -0.008147 -0.208065 -0.030378
v -0.005601 -0.208065 -0.030790
v -0.005156 -0.208065 -0.030862
v -0.000551 -0.208064 -0.031171
v -0.000283 -0.208064 -0.031159
v -0.028980 -0.208064 0.015351
v -0.000061 -0.208064 0.015516
v -0.029008 -0.208064 0.015289
v -0.030467 -0.208064 0.011965
v -0.030550 -0.208064 0.011775
v -0.031561 -0.208064 0.008291
v -0.031652 -0.208064 0.007977
v -0.032214 -0.208064 0.004249
v -0.032320 -0.208064 0.003547
v -0.032396 -0.208064 0.000450
v -0.022904 -0.208064 0.023249
v -0.022972 -0.208064 0.023190
v -0.025667 -0.208064 0.020345
v -0.027181 -0.208064 0.018233
v -0.027955 -0.208064 0.017154
v -0.028806 -0.208064 0.015657
v -0.000171 -0.208064 0.031691
v -0.002496 -0.208064 0.031672
v -0.000012 -0.208064 0.025663
v -0.004506 -0.208064 0.031480
v -0.006254 -0.208064 0.031156
v -0.008799 -0.208064 0.030685
v -0.012191 -0.208064 0.029614
v -0.012933 -0.208064 0.029379
v -0.014343 -0.208064 0.028797
v -0.017809 -0.208064 0.027004
v -0.018018 -0.208064 0.026896
v -0.019655 -0.208064 0.025758
v -0.021376 -0.208064 0.024561
v 0.013304 -0.208064 0.029215
v 0.011856 -0.208064 0.029700
v 0.015633 -0.208064 0.028100
v 0.009400 -0.208064 0.030523
v 0.006203 -0.208064 0.031228
v 0.005925 -0.208064 0.031259
v 0.001892 -0.208064 0.031708
v 0.000018 -0.208064 0.031693
v 0.015620 -0.208064 0.025587
v 0.017482 -0.208064 0.027124
v 0.016950 -0.208064 0.027469
v 0.026012 -0.208064 0.019678
v 0.025955 -0.208064 0.019761
v 0.015571 -0.208064 0.015442
v 0.023380 -0.208064 0.022665
v 0.022573 -0.208064 0.023359
v 0.020404 -0.208064 0.025225
v 0.019874 -0.208064 0.025569
v 0.028668 -0.208064 0.015372
v 0.028662 -0.208064 0.015383
v 0.025991 -0.208064 0.015394
v 0.027733 -0.208064 0.017174
v 0.026907 -0.208064 0.018375
v 0.032164 -0.208064 -0.000162
v 0.032153 -0.208064 0.000142
v 0.032021 -0.208064 0.003942
v 0.031967 -0.208064 0.004282
v 0.031344 -0.208064 0.008184
v 0.031300 -0.208064 0.008355
v 0.030909 -0.208064 0.009884
v 0.030138 -0.208064 0.012037
v 0.029561 -0.208064 0.013651
v -0.028538 -0.204682 -0.017754
v -0.016459 -0.203349 -0.029508
v -0.032486 -0.205426 -0.004991
v -0.031020 -0.205118 -0.011916
v -0.025208 -0.204205 -0.022595
v -0.021142 -0.203746 -0.026500
v -0.011290 -0.203044 -0.031646
v -0.005782 -0.202852 -0.032928
v -0.000094 -0.202785 -0.033363
v 0.005602 -0.202848 -0.032951
v 0.011135 -0.203036 -0.031688
v 0.016334 -0.203340 -0.029564
v 0.021041 -0.203738 -0.026561
v 0.025113 -0.204199 -0.022653
v 0.028421 -0.204680 -0.017800
v 0.030855 -0.205119 -0.011947
v 0.032264 -0.205428 -0.005011
v 0.032302 -0.205203 -0.005013
v 0.032409 -0.204578 -0.005019
v 0.032642 -0.201093 -0.005016
v -0.032843 -0.201092 -0.004996
v -0.032626 -0.204577 -0.004999
v -0.032523 -0.205200 -0.004993
v -0.036910 -0.062790 0.000205
v 0.031237 -0.199259 0.004725
v 0.031317 -0.199271 0.004026
v 0.033987 -0.122003 0.004464
v 0.035816 -0.062792 0.004888
v 0.035385 -0.082573 0.004781
v 0.034510 -0.122014 -0.000190
v 0.031519 -0.199279 -0.000363
v 0.031517 -0.199278 -0.000388
v 0.031454 -0.199254 -0.001394
v 0.031407 -0.199274 0.002055
v 0.030452 -0.199128 0.008874
v 0.030498 -0.199136 0.008725
v 0.033075 -0.121932 0.008766
v 0.030628 -0.199157 0.008026
v 0.027990 -0.198719 0.015293
v 0.031813 -0.121816 0.012716
v 0.026856 -0.198539 0.017423
v 0.028371 -0.121503 0.019576
v 0.026479 -0.198485 0.017945
v 0.028693 -0.198830 0.013973
v 0.029293 -0.198930 0.012540
v 0.029567 -0.198977 0.011674
v 0.023900 -0.121151 0.025084
v 0.022335 -0.197928 0.022944
v 0.022560 -0.197953 0.022754
v 0.024184 -0.198162 0.020999
v 0.024593 -0.198215 0.020557
v 0.018610 -0.120824 0.029294
v 0.019093 -0.197570 0.025594
v 0.019545 -0.197612 0.025305
v 0.014667 -0.197175 0.028223
v 0.013058 -0.197070 0.028868
v 0.012702 -0.120564 0.032256
v 0.016195 -0.197297 0.027440
v 0.017358 -0.197407 0.026699
v 0.006749 -0.196743 0.030822
v 0.010810 -0.196923 0.029767
v 0.011842 -0.196991 0.029354
v 0.006472 -0.196735 0.030869
v 0.006378 -0.120398 0.034011
v 0.005961 -0.196720 0.030956
v -0.000157 -0.120343 0.034586
v 0.000822 -0.196632 0.031457
v 0.005124 -0.196695 0.031098
v -0.006698 -0.120402 0.033992
v -0.006195 -0.196730 0.030899
v -0.005912 -0.196719 0.030965
v -0.003469 -0.196661 0.031293
v -0.000396 -0.196641 0.031410
v -0.000117 -0.196639 0.031421
v -0.007239 -0.196772 0.030656
v -0.013038 -0.120569 0.032223
v -0.009976 -0.196881 0.030019
v -0.018972 -0.120829 0.029259
v -0.017600 -0.197423 0.026599
v -0.016938 -0.197359 0.027039
v -0.013832 -0.197114 0.028607
v -0.013813 -0.197113 0.028615
v -0.012074 -0.197008 0.029251
v -0.019757 -0.197631 0.025163
v -0.024296 -0.121155 0.025069
v -0.020227 -0.197676 0.024851
v -0.025356 -0.198297 0.019813
v -0.024765 -0.198220 0.020477
v -0.028796 -0.121504 0.019610
v -0.023155 -0.198011 0.022288
v -0.022554 -0.197942 0.022814
v -0.029307 -0.198893 0.013094
v -0.028493 -0.198764 0.014724
v -0.032234 -0.121814 0.012827
v -0.027564 -0.198617 0.016585
v -0.026696 -0.198491 0.017854
v -0.030810 -0.199146 0.008254
v -0.030069 -0.199019 0.011070
v -0.029841 -0.198982 0.011674
v -0.030862 -0.199154 0.008056
v -0.033467 -0.121929 0.008918
v -0.031117 -0.199198 0.007088
v -0.034319 -0.121999 0.004651
v -0.031510 -0.199259 0.004088
v -0.031688 -0.199265 -0.000262
v -0.031732 -0.199288 0.001430
v -0.031734 -0.199289 0.001522
v -0.031663 -0.199284 0.002914
v -0.031616 -0.199229 -0.003004
v -0.031642 -0.199242 -0.002021
v -0.034738 -0.122009 0.000015
v -0.036372 -0.082575 0.000164
v -0.034018 -0.062702 0.013698
v -0.036344 -0.062786 0.005086
v -0.033584 -0.082449 0.013512
v -0.029985 -0.082253 0.020568
v -0.019789 -0.081835 0.030495
v -0.025312 -0.082035 0.026207
v -0.007022 -0.081574 0.035266
v -0.013622 -0.081676 0.033496
v -0.000206 -0.081538 0.035843
v 0.006605 -0.081572 0.035241
v 0.013187 -0.081672 0.033449
v 0.019325 -0.081830 0.030425
v 0.024812 -0.082032 0.026112
v 0.029452 -0.082251 0.020438
v 0.033049 -0.082450 0.013339
v 0.033444 -0.062703 0.013516
v -0.035847 -0.082568 0.004987
v -0.032827 -0.200994 -0.004990
v -0.032780 -0.200697 -0.004973
v -0.032778 -0.200694 -0.004972
v -0.032752 -0.200652 -0.004967
v -0.032569 -0.200358 -0.004933
v 0.012177 -0.203500 0.030537
v 0.011340 -0.198689 0.031113
v 0.006100 -0.198495 0.032207
v 0.006090 -0.203292 0.032134
v -0.015140 -0.198975 0.029380
v -0.018337 -0.199224 0.027861
v -0.018215 -0.203842 0.027666
v -0.029099 -0.200565 0.016578
v -0.031019 -0.200877 0.012212
v -0.030950 -0.205071 0.012182
v -0.032919 -0.201134 -0.001997
v -0.032916 -0.205299 -0.000130
v -0.032968 -0.201160 -0.000098
v -0.033059 -0.201209 0.003494
v -0.032722 -0.205293 0.004346
v -0.032894 -0.201182 0.004382
v -0.031633 -0.200976 0.010816
v -0.031744 -0.200994 0.010565
v -0.032046 -0.205211 0.008445
v -0.032129 -0.201057 0.008491
v -0.032859 -0.201177 0.004566
v -0.027708 -0.204688 0.018619
v -0.027799 -0.200372 0.018679
v -0.028663 -0.200494 0.017570
v -0.029487 -0.204892 0.015569
v -0.025428 -0.200038 0.021722
v -0.023365 -0.204252 0.023753
v -0.024219 -0.199867 0.023274
v -0.018556 -0.199241 0.027757
v -0.020875 -0.199497 0.025921
v -0.023475 -0.199785 0.023863
v -0.006432 -0.198499 0.032183
v -0.008701 -0.198592 0.031656
v -0.006422 -0.203299 0.032072
v -0.011933 -0.198726 0.030903
v -0.012499 -0.203513 0.030423
v -0.012561 -0.198775 0.030605
v -0.004467 -0.198417 0.032641
v -0.000168 -0.203223 0.032641
v -0.001897 -0.198411 0.032675
v 0.004981 -0.198453 0.032441
v 0.003514 -0.198399 0.032747
v -0.000162 -0.198407 0.032698
v 0.012231 -0.198758 0.030696
v 0.017172 -0.199139 0.028385
v 0.017907 -0.203828 0.027814
v 0.018021 -0.199205 0.027988
v 0.018473 -0.199240 0.027777
v 0.023070 -0.204240 0.023910
v 0.022242 -0.199667 0.024715
v 0.027551 -0.200363 0.018848
v 0.026536 -0.200218 0.020164
v 0.027423 -0.204682 0.018756
v 0.024340 -0.199905 0.023011
v 0.023145 -0.199769 0.023982
v 0.029206 -0.204889 0.015686
v 0.029773 -0.200713 0.014582
v 0.028186 -0.200454 0.018025
v 0.032459 -0.205296 0.004375
v 0.031831 -0.201050 0.008540
v 0.031774 -0.205212 0.008506
v 0.031771 -0.201040 0.008826
v 0.030672 -0.205071 0.012273
v 0.031214 -0.200948 0.011458
v 0.030811 -0.200882 0.012332
v 0.032783 -0.201140 -0.003619
v 0.032760 -0.201166 -0.000106
v 0.032668 -0.205303 -0.000129
v 0.032742 -0.201186 0.002495
v 0.032730 -0.201199 0.004292
v 0.032369 -0.200355 -0.004955
v 0.032553 -0.200653 -0.004988
v 0.032578 -0.200693 -0.004992
v 0.032580 -0.200696 -0.004993
v 0.032627 -0.200999 -0.005010
v -0.031248 -0.200209 0.010972
v -0.006916 -0.197702 0.031897
v 0.032640 -0.200466 -0.000343
v 0.032666 -0.200476 0.000098
v 0.032529 -0.200465 0.002473
v 0.032442 -0.200458 0.003988
v 0.032410 -0.200455 0.004553
v 0.031635 -0.200321 0.008760
v 0.031553 -0.200307 0.009204
v 0.030722 -0.200159 0.011712
v 0.030131 -0.200055 0.013493
v 0.029646 -0.199973 0.014467
v 0.028201 -0.199731 0.017372
v 0.027620 -0.199642 0.018212
v 0.026396 -0.199455 0.019980
v 0.025789 -0.199362 0.020857
v 0.023346 -0.199030 0.023492
v 0.022954 -0.198977 0.023915
v 0.022184 -0.198887 0.024547
v 0.019979 -0.198629 0.026359
v 0.018132 -0.198449 0.027507
v 0.017098 -0.198348 0.028150
v 0.016407 -0.198280 0.028580
v 0.012482 -0.197979 0.030348
v 0.012307 -0.197970 0.030401
v 0.011321 -0.197916 0.030698
v 0.008296 -0.197752 0.031611
v 0.006016 -0.197682 0.031998
v 0.004974 -0.197649 0.032174
v 0.003876 -0.197615 0.032361
v -0.000073 -0.197578 0.032565
v -0.000450 -0.197582 0.032543
v -0.001886 -0.197597 0.032461
v -0.004099 -0.197621 0.032334
v -0.011135 -0.197900 0.030811
v -0.008684 -0.197782 0.031456
v -0.007209 -0.197712 0.031845
v -0.007047 -0.197706 0.031877
v -0.018948 -0.198519 0.027081
v -0.013130 -0.198038 0.030011
v -0.015125 -0.198177 0.029210
v -0.015406 -0.198197 0.029098
v -0.019285 -0.198549 0.026890
v -0.020809 -0.198719 0.025711
v -0.022765 -0.198937 0.024198
v -0.024047 -0.199105 0.022897
v -0.025359 -0.199277 0.021566
v -0.027523 -0.199593 0.018756
v -0.027575 -0.199601 0.018679
v -0.028016 -0.199669 0.018005
v -0.028258 -0.199709 0.017554
v -0.028886 -0.199811 0.016383
v -0.030090 -0.200007 0.014139
v -0.032757 -0.200467 0.003171
v -0.032608 -0.200444 0.004534
v -0.032407 -0.200413 0.006382
v -0.031550 -0.200261 0.010145
v -0.031351 -0.200227 0.010691
v -0.032850 -0.200482 0.002320
v -0.032840 -0.200453 -0.001194
v -0.032838 -0.200446 -0.001970
v -0.032837 -0.200446 -0.001986
v 0.032809 -0.200816 0.002491
v 0.029904 -0.200322 0.014613
v -0.033051 -0.200781 -0.001990
v -0.032883 -0.200792 0.004570
v -0.031597 -0.200571 0.010787
v -0.029151 -0.200161 0.016559
v -0.025528 -0.199622 0.021745
v -0.020983 -0.199062 0.025991
v -0.015218 -0.198523 0.029469
v -0.008745 -0.198124 0.031763
v 0.005009 -0.197993 0.032485
v -0.001899 -0.197941 0.032778
v 0.017222 -0.198693 0.028423
v 0.011399 -0.198259 0.031003
v 0.022355 -0.199232 0.024794
v 0.026622 -0.199803 0.020185
v 0.031880 -0.200665 0.008831
f 1 2 3
f 3 2 4
f 3 4 5
f 6 7 8
f 8 7 9
f 7 10 9
f 9 10 11
f 9 11 3
f 3 11 12
f 3 12 1
f 13 14 8
f 8 14 15
f 8 15 6
f 16 17 8
f 18 13 19
f 19 13 8
f 19 8 20
f 20 8 17
f 20 17 21
f 9 22 23
f 23 24 9
f 9 24 25
f 9 25 8
f 8 25 26
f 8 26 16
f 3 27 28
f 28 29 3
f 3 29 30
f 3 30 9
f 9 30 31
f 9 31 22
f 32 33 34
f 33 35 34
f 34 35 36
f 34 36 19
f 19 36 37
f 19 37 18
f 38 39 40
f 38 40 34
f 34 40 41
f 34 41 32
f 39 38 42
f 42 38 43
f 42 43 44
f 45 46 38
f 38 46 47
f 38 47 43
f 48 49 34
f 34 49 50
f 34 50 38
f 38 50 51
f 38 51 45
f 20 21 52
f 20 52 19
f 19 52 53
f 19 53 34
f 34 53 54
f 34 54 48
f 55 56 57
f 58 59 60
f 61 44 43
f 62 63 64
f 65 66 57
f 57 66 62
f 63 67 64
f 64 67 68
f 64 68 43
f 43 68 69
f 43 69 61
f 56 58 57
f 57 58 60
f 57 60 65
f 65 60 70
f 62 64 57
f 57 64 71
f 57 71 55
f 47 46 72
f 47 72 43
f 43 72 73
f 43 73 64
f 64 73 74
f 64 74 71
f 75 76 77
f 77 76 60
f 60 76 78
f 60 78 70
f 79 80 81
f 81 80 82
f 81 82 77
f 77 82 83
f 77 83 75
f 84 85 86
f 87 79 88
f 88 79 81
f 88 81 86
f 86 81 89
f 86 89 84
f 90 91 77
f 77 91 92
f 77 92 81
f 81 92 93
f 81 93 89
f 90 77 94
f 94 77 60
f 94 60 59
f 95 96 97
f 98 87 88
f 99 100 101
f 101 100 102
f 101 102 97
f 97 102 103
f 97 103 95
f 104 105 101
f 101 105 106
f 101 106 99
f 107 104 108
f 108 104 109
f 109 104 101
f 109 101 110
f 111 112 97
f 97 112 113
f 113 114 97
f 97 114 115
f 97 115 101
f 101 115 116
f 101 116 110
f 85 111 86
f 86 111 97
f 86 97 88
f 88 97 96
f 88 96 98
f 117 118 119
f 120 121 122
f 122 121 104
f 121 123 104
f 104 123 124
f 104 124 105
f 125 126 127
f 127 126 122
f 122 126 128
f 122 128 120
f 129 130 131
f 129 131 119
f 131 132 119
f 119 132 133
f 119 133 127
f 127 133 134
f 127 134 125
f 127 135 136
f 127 136 119
f 119 136 137
f 119 137 117
f 138 139 122
f 122 139 140
f 122 140 127
f 127 140 141
f 127 141 135
f 107 142 104
f 104 142 143
f 104 143 122
f 122 143 144
f 122 144 138
f 145 146 147
f 130 129 148
f 148 129 149
f 150 151 152
f 152 153 150
f 150 153 154
f 150 154 147
f 147 154 155
f 147 155 145
f 151 150 156
f 156 150 157
f 156 157 158
f 159 160 161
f 161 160 157
f 161 157 162
f 162 157 150
f 162 150 163
f 164 165 147
f 147 165 166
f 147 166 150
f 150 166 167
f 150 167 163
f 168 169 147
f 147 169 170
f 147 170 164
f 146 149 147
f 147 149 129
f 147 129 168
f 168 129 119
f 168 119 118
f 171 172 173
f 173 174 171
f 171 174 175
f 171 175 176
f 176 175 177
f 176 177 178
f 179 180 181
f 181 180 182
f 182 183 181
f 181 183 184
f 181 184 171
f 171 184 185
f 171 185 172
f 186 179 187
f 187 179 181
f 187 181 188
f 187 188 189
f 190 191 171
f 171 191 192
f 171 192 181
f 181 192 193
f 181 193 188
f 194 195 171
f 171 195 196
f 171 196 190
f 194 171 197
f 197 171 176
f 197 176 198
f 198 176 199
f 200 186 187
f 201 202 203
f 203 202 204
f 203 204 187
f 187 204 205
f 187 205 200
f 201 203 206
f 206 203 207
f 206 207 208
f 209 210 207
f 207 210 211
f 207 211 208
f 209 207 212
f 212 207 213
f 212 213 214
f 203 215 216
f 216 217 203
f 203 217 218
f 203 218 207
f 207 218 219
f 207 219 213
f 215 203 220
f 220 203 187
f 220 187 221
f 221 187 189
f 212 214 222
f 209 212 223
f 223 212 222
f 223 222 224
f 224 222 225
f 224 225 226
f 226 225 227
f 226 227 228
f 228 227 229
f 228 229 230
f 230 229 231
f 230 231 232
f 232 231 233
f 232 233 234
f 234 233 235
f 234 235 236
f 236 235 237
f 236 237 238
f 238 237 239
f 238 239 240
f 240 239 241
f 240 241 242
f 242 241 243
f 242 243 244
f 244 243 245
f 244 245 246
f 246 245 247
f 246 247 248
f 248 247 249
f 248 249 250
f 250 249 251
f 250 251 252
f 252 251 253
f 252 253 254
f 255 256 257
f 257 256 254
f 257 254 258
f 258 254 253
f 259 260 256
f 256 260 261
f 256 261 254
f 262 263 264
f 265 266 267
f 268 259 256
f 268 256 269
f 270 271 272
f 272 271 264
f 264 271 273
f 264 273 274
f 275 276 267
f 267 276 277
f 267 277 272
f 272 277 278
f 272 278 270
f 265 267 279
f 279 267 272
f 279 272 280
f 263 281 264
f 264 281 282
f 264 282 272
f 272 282 283
f 272 283 280
f 274 269 264
f 264 269 256
f 264 256 262
f 262 256 255
f 284 285 286
f 266 286 267
f 267 286 285
f 267 285 275
f 286 287 284
f 284 287 288
f 284 288 289
f 289 288 290
f 289 290 291
f 291 290 292
f 293 294 295
f 295 294 296
f 295 296 297
f 297 296 298
f 297 298 299
f 299 298 300
f 299 300 301
f 301 300 302
f 301 302 292
f 292 302 303
f 292 303 291
f 304 305 306
f 293 304 294
f 294 304 306
f 294 306 307
f 307 306 308
f 309 310 311
f 311 310 312
f 311 312 306
f 306 312 313
f 306 313 308
f 314 315 316
f 316 317 314
f 314 317 318
f 314 318 311
f 311 318 319
f 311 319 309
f 315 314 320
f 320 314 321
f 320 321 322
f 323 324 311
f 311 324 325
f 311 325 314
f 314 325 326
f 326 327 314
f 314 327 328
f 314 328 321
f 321 328 329
f 321 329 330
f 305 331 306
f 306 331 332
f 306 332 311
f 311 332 333
f 311 333 323
f 334 335 336
f 336 335 337
f 328 327 338
f 233 231 339
f 189 188 340
f 192 191 341
f 342 343 344
f 345 346 347
f 348 349 347
f 350 351 352
f 353 354 355
f 356 357 358
f 359 360 361
f 361 360 362
f 361 362 363
f 363 362 364
f 363 364 365
f 366 367 368
f 368 367 369
f 368 369 370
f 366 371 367
f 367 371 372
f 367 372 361
f 361 372 373
f 361 373 359
f 370 369 374
f 374 369 375
f 374 375 376
f 377 378 375
f 375 378 379
f 375 379 376
f 380 381 382
f 382 381 377
f 381 383 377
f 377 383 384
f 377 384 385
f 385 386 377
f 377 386 387
f 377 387 378
f 388 389 381
f 389 390 381
f 381 390 391
f 381 391 383
f 392 393 394
f 355 354 394
f 394 354 395
f 394 395 392
f 396 397 398
f 398 397 399
f 398 399 400
f 396 401 397
f 397 401 402
f 397 402 355
f 355 402 403
f 355 403 353
f 351 404 352
f 352 404 405
f 352 405 399
f 399 405 406
f 399 406 400
f 350 352 407
f 407 352 408
f 407 408 409
f 410 411 412
f 412 413 410
f 410 413 414
f 410 414 408
f 408 414 415
f 408 415 409
f 416 417 418
f 418 417 419
f 418 419 410
f 410 419 420
f 410 420 411
f 421 422 423
f 423 424 421
f 421 424 425
f 421 425 418
f 418 425 426
f 418 426 416
f 422 421 427
f 427 421 428
f 427 428 429
f 430 431 432
f 432 431 433
f 432 433 428
f 428 433 434
f 428 434 429
f 430 432 435
f 435 432 436
f 435 436 437
f 437 436 438
f 438 436 439
f 438 439 440
f 441 442 443
f 443 442 444
f 444 445 443
f 443 445 446
f 443 446 439
f 439 446 447
f 439 447 440
f 448 441 449
f 449 441 443
f 449 443 450
f 450 443 451
f 452 453 454
f 455 456 457
f 457 456 458
f 347 346 348
f 348 346 459
f 348 459 159
f 344 343 347
f 347 343 460
f 347 460 345
f 461 462 463
f 463 462 464
f 463 464 344
f 344 464 465
f 344 465 342
f 466 467 194
f 194 197 466
f 466 197 198
f 466 198 463
f 463 198 199
f 463 199 461
f 190 196 467
f 467 196 195
f 467 195 194
f 341 191 468
f 340 188 341
f 341 188 193
f 341 193 192
f 469 217 470
f 470 217 216
f 216 215 470
f 470 215 220
f 470 220 221
f 471 222 469
f 469 222 214
f 469 214 213
f 213 219 469
f 469 219 218
f 469 218 217
f 231 229 339
f 339 229 227
f 339 227 471
f 471 227 225
f 471 225 222
f 241 239 472
f 472 239 237
f 472 237 339
f 339 237 235
f 339 235 233
f 473 247 245
f 473 245 472
f 472 245 243
f 472 243 241
f 255 257 474
f 474 257 258
f 258 253 474
f 474 253 251
f 474 251 473
f 473 251 249
f 473 249 247
f 265 279 475
f 475 279 280
f 475 280 283
f 337 282 336
f 336 282 281
f 336 281 263
f 476 287 477
f 477 287 286
f 477 286 266
f 301 292 478
f 478 292 290
f 478 290 476
f 476 290 288
f 476 288 287
f 299 479 297
f 297 479 480
f 297 480 295
f 295 480 293
f 332 331 481
f 481 331 305
f 481 305 480
f 480 305 304
f 480 304 293
f 332 481 333
f 333 481 482
f 333 482 323
f 327 326 338
f 338 326 325
f 338 325 482
f 482 325 324
f 482 324 323
f 483 330 329
f 484 485 338
f 329 328 483
f 483 328 338
f 483 338 486
f 486 338 485
f 356 358 365
f 365 358 487
f 365 487 363
f 363 487 488
f 363 488 489
f 490 491 492
f 493 340 494
f 494 340 341
f 494 341 495
f 495 341 468
f 495 468 496
f 496 468 497
f 496 497 498
f 498 497 499
f 498 499 500
f 500 499 501
f 500 501 454
f 454 501 457
f 454 457 452
f 452 457 458
f 349 455 347
f 347 455 457
f 347 457 344
f 344 457 501
f 344 501 463
f 463 501 499
f 463 499 466
f 466 499 497
f 466 497 467
f 467 497 468
f 467 468 190
f 190 468 191
f 263 262 336
f 336 262 502
f 336 502 334
f 334 502 503
f 334 503 504
f 504 503 505
f 504 505 506
f 506 505 507
f 506 507 508
f 508 507 509
f 508 509 510
f 510 509 511
f 510 511 512
f 512 511 513
f 512 513 514
f 515 514 470
f 470 514 513
f 470 513 469
f 469 513 511
f 469 511 471
f 471 511 509
f 471 509 339
f 339 509 507
f 339 507 472
f 472 507 505
f 472 505 473
f 473 505 503
f 473 503 474
f 474 503 502
f 474 502 255
f 255 502 262
f 489 490 363
f 363 490 492
f 363 492 361
f 361 492 516
f 361 516 367
f 367 516 517
f 367 517 369
f 369 517 518
f 369 518 375
f 375 518 478
f 375 478 377
f 377 478 476
f 377 476 382
f 382 476 477
f 382 477 380
f 491 484 492
f 492 484 338
f 492 338 516
f 516 338 482
f 516 482 517
f 517 482 481
f 517 481 518
f 518 481 480
f 518 480 478
f 478 480 479
f 478 479 301
f 301 479 299
f 266 265 477
f 477 265 475
f 477 475 380
f 380 475 519
f 380 519 381
f 381 519 394
f 381 394 388
f 388 394 393
f 453 451 454
f 454 451 443
f 454 443 500
f 500 443 439
f 500 439 498
f 498 439 436
f 498 436 496
f 496 436 432
f 496 432 495
f 495 432 428
f 495 428 494
f 494 428 421
f 494 421 493
f 493 421 418
f 283 282 475
f 475 282 337
f 475 337 519
f 519 337 335
f 519 335 394
f 394 335 334
f 394 334 355
f 355 334 504
f 355 504 397
f 397 504 506
f 397 506 399
f 399 506 508
f 399 508 352
f 352 508 510
f 352 510 408
f 408 510 512
f 408 512 410
f 410 512 514
f 410 514 418
f 418 514 515
f 418 515 493
f 493 515 470
f 493 470 340
f 340 470 221
f 340 221 189
f 157 160 520
f 346 520 459
f 459 520 160
f 459 160 159
f 521 522 520
f 520 522 523
f 523 524 520
f 520 524 525
f 520 525 157
f 157 525 158
f 526 527 528
f 528 527 529
f 526 528 530
f 530 528 176
f 530 176 178
f 342 465 528
f 346 345 520
f 520 345 460
f 520 460 343
f 529 521 528
f 528 521 520
f 528 520 342
f 342 520 343
f 465 464 528
f 528 464 462
f 528 462 176
f 176 462 461
f 176 461 199
f 531 532 533
f 534 535 536
f 537 538 539
f 540 541 542
f 359 373 542
f 398 400 543
f 426 425 544
f 438 440 533
f 545 546 547
f 547 546 548
f 547 548 549
f 448 548 441
f 441 548 442
f 442 548 546
f 442 546 444
f 440 447 533
f 533 447 446
f 533 446 546
f 546 446 445
f 546 445 444
f 431 430 550
f 550 430 435
f 550 435 533
f 533 435 437
f 533 437 438
f 427 429 536
f 536 429 434
f 536 434 550
f 550 434 433
f 550 433 431
f 425 424 544
f 544 424 423
f 544 423 536
f 536 423 422
f 536 422 427
f 539 416 426
f 411 420 551
f 551 420 419
f 551 419 539
f 539 419 417
f 539 417 416
f 407 409 552
f 552 409 415
f 552 415 414
f 414 413 551
f 551 413 412
f 551 412 411
f 351 350 553
f 553 350 407
f 400 406 543
f 543 406 405
f 543 405 553
f 553 405 404
f 553 404 351
f 398 543 396
f 396 543 554
f 396 554 401
f 555 353 403
f 555 403 554
f 554 403 402
f 554 402 401
f 393 392 556
f 556 392 395
f 556 395 555
f 555 395 354
f 555 354 353
f 557 389 556
f 556 389 388
f 556 388 393
f 558 384 383
f 383 391 557
f 557 391 390
f 557 390 389
f 559 379 378
f 378 387 559
f 559 387 386
f 559 386 558
f 558 386 385
f 558 385 384
f 368 370 560
f 560 370 374
f 560 374 559
f 559 374 376
f 559 376 379
f 373 372 542
f 542 372 371
f 542 371 560
f 560 371 366
f 560 366 368
f 359 542 360
f 360 542 561
f 360 561 362
f 356 365 561
f 561 365 364
f 561 364 362
f 562 563 561
f 561 563 564
f 357 356 565
f 565 356 561
f 565 561 564
f 565 564 566
f 541 567 542
f 542 567 568
f 542 568 561
f 561 568 569
f 561 569 562
f 570 571 560
f 560 571 572
f 560 572 542
f 542 572 573
f 542 573 540
f 574 575 559
f 559 575 576
f 559 576 560
f 560 576 577
f 560 577 570
f 574 559 578
f 578 559 558
f 578 558 579
f 383 557 558
f 558 557 580
f 558 580 581
f 581 582 558
f 558 582 583
f 558 583 579
f 584 585 556
f 556 585 586
f 556 586 557
f 557 586 587
f 557 587 580
f 588 589 555
f 555 589 556
f 556 589 590
f 556 590 584
f 591 592 554
f 554 592 593
f 554 593 555
f 555 593 594
f 555 594 588
f 543 595 596
f 543 596 554
f 554 596 597
f 554 597 591
f 598 599 553
f 553 599 600
f 553 600 543
f 543 600 601
f 543 601 595
f 407 552 553
f 553 552 602
f 553 602 598
f 603 604 552
f 552 604 605
f 552 605 602
f 414 551 552
f 552 551 606
f 552 606 603
f 538 607 539
f 539 607 608
f 539 608 551
f 551 608 609
f 551 609 606
f 426 544 539
f 539 544 610
f 539 610 537
f 535 611 536
f 536 611 612
f 536 612 544
f 544 612 613
f 544 613 610
f 614 615 550
f 550 615 616
f 550 616 536
f 536 616 617
f 536 617 534
f 532 618 533
f 533 618 619
f 533 619 550
f 550 619 620
f 550 620 614
f 545 621 546
f 546 621 622
f 546 622 533
f 533 622 623
f 533 623 531
f 624 625 626
f 627 628 629
f 629 628 630
f 451 453 631
f 166 165 632
f 170 169 633
f 110 116 634
f 484 491 635
f 636 637 638
f 639 640 641
f 641 640 448
f 641 448 449
f 638 637 642
f 642 637 643
f 642 643 644
f 644 643 645
f 644 645 646
f 646 647 644
f 644 647 648
f 644 648 641
f 641 648 649
f 641 649 639
f 636 638 650
f 650 638 651
f 650 651 652
f 653 654 655
f 655 654 656
f 655 656 657
f 658 659 653
f 653 659 660
f 660 661 653
f 653 661 662
f 653 662 654
f 663 664 665
f 665 664 666
f 665 666 658
f 658 666 667
f 658 667 659
f 668 669 670
f 670 669 671
f 670 671 665
f 665 671 672
f 665 672 663
f 668 670 673
f 673 670 674
f 673 674 675
f 675 674 676
f 676 674 677
f 676 677 678
f 679 680 681
f 681 680 682
f 681 682 677
f 677 682 683
f 677 683 678
f 684 685 686
f 686 687 684
f 684 687 688
f 684 688 681
f 681 688 689
f 681 689 679
f 685 684 690
f 690 684 691
f 690 691 692
f 693 694 695
f 695 696 693
f 693 696 697
f 693 697 691
f 691 697 698
f 691 698 692
f 694 693 699
f 699 693 700
f 699 700 701
f 702 703 704
f 704 703 705
f 704 705 706
f 706 705 707
f 706 707 700
f 700 707 708
f 700 708 701
f 709 710 704
f 704 710 711
f 704 711 702
f 357 712 358
f 358 712 710
f 358 710 487
f 487 710 709
f 487 709 488
f 713 490 489
f 484 635 485
f 486 714 483
f 483 714 715
f 483 715 330
f 716 717 718
f 718 717 719
f 718 719 720
f 720 719 721
f 720 721 722
f 716 718 723
f 723 718 724
f 723 724 725
f 27 726 727
f 727 726 728
f 727 728 724
f 724 728 729
f 724 729 725
f 730 29 727
f 727 29 28
f 727 28 27
f 731 31 30
f 31 731 22
f 22 731 732
f 22 732 23
f 16 26 733
f 733 26 25
f 733 25 732
f 732 25 24
f 732 24 23
f 16 733 17
f 17 733 734
f 17 734 21
f 48 54 735
f 735 54 53
f 735 53 734
f 734 53 52
f 734 52 21
f 46 45 736
f 736 45 51
f 736 51 737
f 737 51 50
f 737 50 49
f 71 74 738
f 738 74 73
f 738 73 736
f 736 73 72
f 736 72 46
f 71 738 55
f 55 738 739
f 55 739 56
f 94 59 739
f 739 59 58
f 739 58 56
f 93 92 740
f 740 92 91
f 740 91 90
f 111 85 741
f 741 85 84
f 741 84 89
f 115 114 742
f 742 114 113
f 742 113 112
f 110 634 109
f 743 744 745
f 745 744 107
f 745 107 108
f 138 144 744
f 144 143 744
f 744 143 142
f 744 142 107
f 135 141 746
f 746 141 140
f 168 118 747
f 747 118 117
f 747 117 137
f 170 633 164
f 166 632 167
f 748 162 163
f 749 455 349
f 349 348 749
f 749 348 159
f 749 159 161
f 452 458 750
f 750 458 456
f 451 631 450
f 491 490 635
f 635 490 713
f 635 713 751
f 751 713 752
f 751 752 753
f 753 752 754
f 753 754 755
f 755 754 756
f 755 756 757
f 757 756 758
f 757 759 755
f 755 759 760
f 755 760 753
f 753 760 761
f 753 761 751
f 751 761 762
f 751 762 635
f 635 762 714
f 635 714 485
f 485 714 486
f 763 730 764
f 764 730 765
f 764 765 766
f 763 764 767
f 767 764 766
f 767 766 768
f 769 770 771
f 772 773 630
f 630 773 769
f 630 769 629
f 629 769 771
f 629 771 627
f 624 626 774
f 774 626 775
f 774 775 776
f 777 625 778
f 778 625 624
f 778 624 779
f 772 630 780
f 780 630 628
f 780 628 781
f 781 628 627
f 781 627 782
f 30 29 731
f 731 29 730
f 731 730 732
f 732 730 763
f 732 763 733
f 733 763 767
f 733 767 734
f 734 767 768
f 734 768 735
f 735 768 737
f 735 737 48
f 48 737 49
f 90 94 740
f 740 94 739
f 740 739 783
f 783 739 738
f 783 738 784
f 784 738 736
f 784 736 785
f 785 736 737
f 785 737 786
f 786 737 768
f 779 624 787
f 787 624 774
f 787 774 788
f 788 774 776
f 788 776 789
f 790 791 792
f 453 452 631
f 631 452 750
f 631 750 793
f 794 793 795
f 795 793 750
f 795 750 749
f 749 750 456
f 749 456 455
f 796 797 798
f 798 797 790
f 798 790 799
f 799 790 792
f 800 791 801
f 801 791 790
f 801 790 802
f 802 790 797
f 802 797 803
f 803 797 796
f 112 111 742
f 742 111 741
f 742 741 804
f 804 741 805
f 804 805 806
f 806 805 807
f 806 807 789
f 789 807 808
f 789 808 788
f 788 808 809
f 788 809 787
f 787 809 782
f 787 782 779
f 779 782 627
f 779 627 778
f 778 627 771
f 778 771 777
f 777 771 770
f 777 770 625
f 625 770 810
f 625 810 626
f 626 810 811
f 626 811 775
f 89 93 741
f 741 93 740
f 741 740 805
f 805 740 783
f 805 783 807
f 807 783 784
f 807 784 808
f 808 784 785
f 808 785 809
f 809 785 786
f 809 786 782
f 782 786 768
f 782 768 781
f 781 768 766
f 781 766 780
f 780 766 765
f 780 765 772
f 116 115 634
f 634 115 742
f 634 742 812
f 812 742 804
f 812 804 813
f 813 804 806
f 813 806 814
f 814 806 789
f 814 789 815
f 815 789 776
f 815 776 816
f 816 776 775
f 816 775 817
f 817 775 811
f 817 818 816
f 816 818 819
f 816 819 815
f 815 819 820
f 815 820 814
f 814 820 821
f 814 821 813
f 813 821 822
f 813 822 812
f 812 822 743
f 812 743 634
f 634 743 745
f 634 745 109
f 109 745 108
f 823 796 824
f 824 796 798
f 824 798 825
f 825 798 799
f 825 799 826
f 826 799 792
f 826 792 827
f 828 823 829
f 829 823 824
f 829 824 830
f 830 824 825
f 830 825 831
f 831 825 826
f 831 826 832
f 832 826 827
f 832 827 833
f 834 794 835
f 835 794 795
f 835 795 836
f 836 795 749
f 836 749 748
f 748 749 161
f 748 161 162
f 837 632 633
f 633 632 165
f 633 165 164
f 838 839 840
f 840 839 841
f 840 841 842
f 842 841 747
f 842 747 843
f 843 747 137
f 843 137 746
f 746 137 136
f 746 136 135
f 833 838 832
f 832 838 840
f 832 840 831
f 831 840 842
f 831 842 830
f 830 842 843
f 830 843 829
f 829 843 746
f 829 746 828
f 828 746 140
f 828 140 139
f 818 800 819
f 819 800 801
f 819 801 820
f 820 801 802
f 820 802 821
f 821 802 803
f 821 803 822
f 822 803 796
f 822 796 743
f 743 796 823
f 743 823 744
f 744 823 828
f 744 828 138
f 138 828 139
f 449 450 641
f 641 450 631
f 641 631 644
f 644 631 793
f 644 793 642
f 642 793 794
f 642 794 638
f 638 794 834
f 638 834 651
f 657 652 655
f 655 652 651
f 655 651 844
f 844 651 834
f 844 834 845
f 845 834 835
f 845 835 837
f 837 835 836
f 837 836 632
f 632 836 748
f 632 748 167
f 167 748 163
f 693 758 700
f 700 758 756
f 700 756 706
f 706 756 754
f 706 754 704
f 704 754 752
f 704 752 709
f 709 752 713
f 709 713 488
f 488 713 489
f 722 715 720
f 720 715 714
f 720 714 718
f 718 714 762
f 718 762 724
f 724 762 761
f 724 761 727
f 727 761 760
f 727 760 730
f 730 760 759
f 730 759 765
f 765 759 757
f 765 757 772
f 772 757 758
f 772 758 773
f 773 758 693
f 773 693 769
f 769 693 691
f 769 691 770
f 770 691 684
f 770 684 810
f 810 684 681
f 810 681 811
f 811 681 677
f 811 677 817
f 817 677 674
f 817 674 818
f 818 674 670
f 818 670 800
f 800 670 665
f 800 665 791
f 791 665 658
f 791 658 792
f 792 658 653
f 792 653 827
f 827 653 655
f 827 655 833
f 833 655 844
f 833 844 838
f 838 844 845
f 838 845 839
f 839 845 837
f 839 837 841
f 841 837 633
f 841 633 747
f 747 633 169
f 747 169 168
f 721 846 722
f 722 846 321
f 722 321 715
f 715 321 330
f 847 848 846
f 846 848 849
f 849 850 846
f 846 850 851
f 846 851 321
f 321 851 852
f 321 852 322
f 853 854 855
f 855 854 856
f 855 856 857
f 853 855 858
f 858 855 3
f 858 3 5
f 723 725 855
f 721 719 846
f 846 719 717
f 846 717 716
f 857 847 855
f 855 847 846
f 855 846 723
f 723 846 716
f 27 3 726
f 726 3 728
f 728 3 855
f 728 855 729
f 729 855 725
f 859 860 861
f 862 863 864
f 864 863 865
f 564 563 866
f 593 592 867
f 622 621 868
f 186 200 869
f 205 204 865
f 209 223 870
f 289 291 871
f 313 312 872
f 309 319 873
f 874 875 876
f 317 316 876
f 876 316 315
f 876 315 874
f 874 315 320
f 874 320 322
f 873 319 876
f 876 319 318
f 876 318 317
f 872 312 873
f 873 312 310
f 873 310 309
f 296 294 877
f 877 294 307
f 877 307 872
f 872 307 308
f 872 308 313
f 303 302 878
f 878 302 300
f 878 300 877
f 877 300 298
f 877 298 296
f 871 291 879
f 276 880 277
f 277 880 881
f 277 881 278
f 276 275 880
f 880 275 285
f 880 285 871
f 871 285 284
f 871 284 289
f 274 273 882
f 882 273 271
f 882 271 881
f 881 271 270
f 881 270 278
f 254 261 883
f 883 261 260
f 883 260 884
f 260 259 884
f 884 259 268
f 884 268 269
f 246 248 885
f 885 248 250
f 885 250 883
f 883 250 252
f 883 252 254
f 238 240 886
f 886 240 242
f 886 242 885
f 885 242 244
f 885 244 246
f 230 232 887
f 887 232 234
f 887 234 886
f 886 234 236
f 886 236 238
f 223 224 870
f 870 224 226
f 870 226 887
f 887 226 228
f 887 228 230
f 864 208 211
f 204 202 865
f 865 202 201
f 865 201 864
f 864 201 206
f 864 206 208
f 179 888 180
f 180 888 889
f 180 889 182
f 182 889 183
f 890 185 889
f 889 185 184
f 889 184 183
f 891 173 172
f 892 175 891
f 891 175 174
f 891 174 173
f 526 530 893
f 893 530 178
f 893 178 892
f 892 178 177
f 892 177 175
f 526 893 527
f 527 893 894
f 527 894 529
f 524 523 861
f 861 523 522
f 861 522 894
f 894 522 521
f 894 521 529
f 524 861 525
f 525 861 860
f 525 860 158
f 621 545 895
f 895 545 547
f 895 547 549
f 622 868 623
f 623 868 896
f 623 896 531
f 620 619 897
f 897 619 618
f 897 618 896
f 896 618 532
f 896 532 531
f 534 617 898
f 898 617 616
f 898 616 899
f 899 616 615
f 899 615 897
f 897 615 614
f 897 614 620
f 900 612 901
f 901 612 611
f 901 611 898
f 898 611 535
f 898 535 534
f 900 902 903
f 903 610 900
f 900 610 613
f 900 613 612
f 609 608 903
f 903 608 607
f 607 538 903
f 903 538 537
f 903 537 610
f 600 599 904
f 904 599 598
f 904 598 905
f 905 598 602
f 602 605 905
f 905 605 604
f 905 604 906
f 906 604 603
f 906 603 606
f 596 907 597
f 597 907 867
f 597 867 591
f 591 867 592
f 596 595 907
f 907 595 904
f 904 595 601
f 904 601 600
f 908 588 867
f 867 588 594
f 867 594 593
f 909 586 585
f 585 584 909
f 909 584 590
f 909 590 908
f 908 590 589
f 908 589 588
f 586 909 587
f 587 909 910
f 587 910 580
f 911 574 578
f 578 579 911
f 911 579 583
f 911 583 912
f 912 583 582
f 912 582 910
f 910 582 581
f 910 581 580
f 574 911 575
f 575 911 913
f 575 913 576
f 576 913 577
f 577 913 914
f 577 914 570
f 540 573 915
f 915 573 572
f 915 572 914
f 914 572 571
f 914 571 570
f 540 915 541
f 541 915 916
f 541 916 567
f 563 562 866
f 866 562 569
f 866 569 916
f 916 569 568
f 916 568 567
f 917 918 919
f 919 918 920
f 921 922 923
f 875 917 876
f 876 917 919
f 876 919 873
f 873 919 924
f 873 924 872
f 872 924 925
f 872 925 877
f 877 925 926
f 877 926 878
f 878 926 879
f 878 879 303
f 303 879 291
f 920 921 919
f 919 921 923
f 919 923 924
f 924 923 927
f 924 927 925
f 925 927 928
f 925 928 926
f 926 928 929
f 926 929 879
f 879 929 930
f 879 930 871
f 871 930 931
f 871 931 880
f 880 931 932
f 880 932 881
f 881 932 933
f 881 933 882
f 882 933 934
f 211 210 864
f 864 210 935
f 864 935 862
f 862 935 936
f 862 936 937
f 937 936 938
f 937 938 939
f 939 938 940
f 939 940 941
f 941 940 942
f 941 942 943
f 943 942 944
f 943 944 945
f 945 944 946
f 945 946 947
f 210 209 935
f 935 209 870
f 935 870 936
f 936 870 887
f 936 887 938
f 938 887 886
f 938 886 940
f 940 886 885
f 940 885 942
f 942 885 883
f 942 883 944
f 944 883 884
f 944 884 946
f 948 861 949
f 949 861 894
f 949 894 950
f 950 894 893
f 950 893 951
f 951 893 892
f 951 892 890
f 890 892 891
f 890 891 185
f 185 891 172
f 895 952 621
f 621 952 953
f 621 953 868
f 868 953 954
f 868 954 955
f 956 957 948
f 948 957 958
f 948 958 861
f 861 958 959
f 861 959 859
f 955 956 868
f 868 956 948
f 868 948 896
f 896 948 949
f 896 949 897
f 897 949 950
f 897 950 899
f 899 950 951
f 899 951 898
f 898 951 890
f 898 890 901
f 901 890 889
f 901 889 900
f 900 889 888
f 900 888 902
f 179 186 888
f 888 186 869
f 888 869 902
f 902 869 960
f 902 960 903
f 903 960 906
f 903 906 609
f 609 906 606
f 566 564 961
f 961 564 866
f 961 866 962
f 962 866 963
f 909 934 910
f 910 934 933
f 910 933 912
f 912 933 932
f 912 932 911
f 911 932 931
f 911 931 913
f 913 931 930
f 913 930 914
f 914 930 929
f 914 929 915
f 915 929 928
f 915 928 916
f 916 928 927
f 916 927 866
f 866 927 923
f 866 923 963
f 963 923 922
f 200 205 869
f 869 205 865
f 869 865 960
f 960 865 863
f 960 863 906
f 906 863 862
f 906 862 905
f 905 862 937
f 905 937 904
f 904 937 939
f 904 939 907
f 907 939 941
f 907 941 867
f 867 941 943
f 867 943 908
f 908 943 945
f 908 945 909
f 909 945 947
f 909 947 934
f 934 947 946
f 934 946 882
f 882 946 884
f 882 884 274
f 274 884 269
f 964 965 966
f 657 656 967
f 667 666 968
f 711 710 969
f 712 357 565
f 710 712 969
f 969 712 565
f 969 565 970
f 970 565 971
f 971 565 566
f 707 705 972
f 972 705 703
f 972 703 969
f 969 703 702
f 969 702 711
f 694 699 973
f 973 699 701
f 973 701 972
f 972 701 708
f 972 708 707
f 694 973 695
f 695 973 974
f 695 974 696
f 975 698 974
f 974 698 697
f 974 697 696
f 686 685 966
f 966 685 690
f 966 690 975
f 975 690 692
f 975 692 698
f 679 689 976
f 976 689 688
f 976 688 966
f 966 688 687
f 966 687 686
f 678 683 977
f 977 683 682
f 977 682 976
f 976 682 680
f 976 680 679
f 978 675 977
f 977 675 676
f 977 676 678
f 671 669 979
f 979 669 668
f 979 668 978
f 978 668 673
f 978 673 675
f 666 664 968
f 968 664 663
f 968 663 979
f 979 663 672
f 979 672 671
f 667 968 659
f 659 968 980
f 659 980 660
f 656 654 967
f 967 654 662
f 967 662 980
f 980 662 661
f 980 661 660
f 652 657 981
f 637 636 981
f 981 636 650
f 981 650 652
f 982 643 637
f 648 647 983
f 983 647 646
f 983 646 982
f 982 646 645
f 982 645 643
f 448 640 548
f 548 640 639
f 548 639 983
f 983 639 649
f 983 649 648
f 984 985 983
f 983 985 986
f 983 986 548
f 548 986 987
f 548 987 549
f 637 981 982
f 982 981 988
f 982 988 989
f 989 990 982
f 982 990 991
f 982 991 983
f 983 991 992
f 983 992 984
f 993 994 981
f 981 994 995
f 981 995 988
f 657 967 981
f 981 967 996
f 981 996 993
f 997 998 980
f 980 998 999
f 980 999 967
f 967 999 1000
f 967 1000 996
f 968 1001 1002
f 968 1002 980
f 980 1002 1003
f 980 1003 997
f 1004 1005 979
f 979 1005 1006
f 979 1006 968
f 968 1006 1007
f 968 1007 1001
f 1008 1009 978
f 978 1009 1010
f 978 1010 979
f 979 1010 1011
f 979 1011 1004
f 1012 1013 977
f 977 1013 1014
f 977 1014 978
f 978 1014 1015
f 978 1015 1008
f 1016 976 1017
f 1017 976 966
f 1017 966 1018
f 1018 966 965
f 1016 1019 976
f 976 1019 1020
f 976 1020 977
f 977 1020 1021
f 977 1021 1012
f 1022 1023 974
f 974 1023 1024
f 974 1024 975
f 975 1024 1025
f 975 1025 966
f 966 1025 1026
f 966 1026 964
f 973 1027 1028
f 973 1028 974
f 974 1028 1029
f 974 1029 1022
f 1030 1031 972
f 972 1031 1032
f 972 1032 973
f 973 1032 1033
f 973 1033 1027
f 970 1034 969
f 969 1034 1035
f 969 1035 972
f 972 1035 1036
f 972 1036 1030
f 1037 1038 1039
f 1040 1041 1042
f 1043 1044 1045
f 1046 1047 1048
f 997 1003 1049
f 1008 1015 1050
f 1013 1012 1051
f 1035 1034 1052
f 851 850 1053
f 848 847 1054
f 1 12 1055
f 15 14 1056
f 148 149 1057
f 859 1058 860
f 860 1058 156
f 860 156 158
f 152 151 1059
f 1060 154 1059
f 1059 154 153
f 1059 153 152
f 149 146 1057
f 1057 146 145
f 1057 145 1060
f 1060 145 155
f 1060 155 154
f 131 130 1061
f 1061 130 148
f 1062 133 1061
f 1061 133 132
f 1061 132 131
f 125 134 1063
f 1064 128 1063
f 1063 128 126
f 1063 126 125
f 124 123 1065
f 1065 123 121
f 1065 121 1064
f 1064 121 120
f 1064 120 128
f 124 1065 105
f 105 1065 1066
f 105 1066 106
f 106 1066 99
f 99 1066 1067
f 99 1067 100
f 1068 103 1067
f 1067 103 102
f 1067 102 100
f 98 96 1068
f 1068 96 95
f 1068 95 103
f 1069 87 98
f 82 80 1069
f 1069 80 79
f 1069 79 87
f 76 75 1070
f 1070 75 83
f 1070 83 82
f 65 70 1071
f 1071 70 78
f 1072 62 1071
f 1071 62 66
f 1071 66 65
f 68 1072 69
f 69 1072 1073
f 68 67 1072
f 1072 67 63
f 1072 63 62
f 39 42 1074
f 1074 42 44
f 1074 44 1073
f 1073 44 61
f 1073 61 69
f 32 41 1075
f 1075 41 40
f 1076 36 1077
f 1077 36 35
f 1077 35 1075
f 1075 35 33
f 1075 33 32
f 13 18 1076
f 1076 18 37
f 1076 37 36
f 15 1056 6
f 7 1078 10
f 10 1078 11
f 5 4 1079
f 1079 4 2
f 856 854 1080
f 1080 854 853
f 1080 853 1079
f 1079 853 858
f 1079 858 5
f 1054 847 1080
f 1080 847 857
f 1080 857 856
f 1053 850 1054
f 1054 850 849
f 1054 849 848
f 1081 917 875
f 875 874 1081
f 1081 874 322
f 1081 322 852
f 971 566 961
f 971 961 970
f 1032 1031 1082
f 1082 1031 1030
f 1082 1030 1052
f 1052 1030 1036
f 1052 1036 1035
f 1029 1028 1083
f 1083 1028 1027
f 1083 1027 1082
f 1082 1027 1033
f 1082 1033 1032
f 1025 1024 1084
f 1084 1024 1023
f 1084 1023 1083
f 1083 1023 1022
f 1083 1022 1029
f 1085 1016 1086
f 1086 1016 1017
f 1086 1017 1018
f 1018 965 1086
f 1086 965 964
f 1086 964 1084
f 1084 964 1026
f 1084 1026 1025
f 1012 1021 1051
f 1051 1021 1020
f 1051 1020 1085
f 1085 1020 1019
f 1085 1019 1016
f 1050 1015 1051
f 1051 1015 1014
f 1051 1014 1013
f 1008 1050 1009
f 1009 1050 1087
f 1009 1087 1010
f 1006 1005 1088
f 1088 1005 1004
f 1088 1004 1087
f 1087 1004 1011
f 1087 1011 1010
f 1003 1002 1049
f 1049 1002 1001
f 1049 1001 1088
f 1088 1001 1007
f 1088 1007 1006
f 997 1049 998
f 998 1049 1089
f 998 1089 999
f 994 993 1090
f 1090 993 996
f 1090 996 1089
f 1089 996 1000
f 1089 1000 999
f 990 989 1091
f 1091 989 988
f 1091 988 995
f 985 984 1092
f 1092 984 992
f 1092 992 1091
f 1091 992 991
f 1091 991 990
f 549 987 895
f 895 987 986
f 895 986 952
f 959 958 1093
f 1093 1094 1095
f 1095 1094 1096
f 1095 1096 1097
f 1097 1096 1098
f 1097 1098 1099
f 1099 1098 1100
f 1099 1100 1101
f 1101 1100 1102
f 151 156 1059
f 1059 156 1058
f 1059 1058 1060
f 1060 1058 1103
f 1060 1103 1057
f 1057 1103 1104
f 1057 1104 1105
f 1045 1044 1106
f 1106 1044 1107
f 1106 1107 1105
f 1105 1107 1108
f 1105 1108 1057
f 148 1057 1061
f 1061 1057 1108
f 1061 1108 1062
f 1062 1108 1107
f 1062 1107 1109
f 1109 1107 1044
f 1109 1044 1110
f 1110 1044 1043
f 1110 1043 1111
f 134 133 1063
f 1063 133 1062
f 1063 1062 1064
f 1064 1062 1109
f 1064 1109 1065
f 1065 1109 1110
f 1065 1110 1066
f 1066 1110 1111
f 1066 1111 1067
f 1067 1111 1112
f 1067 1112 1068
f 1068 1112 1113
f 1114 1115 1116
f 1116 1115 1117
f 1116 1117 1118
f 1118 1117 1119
f 1118 1119 1120
f 1120 1119 1121
f 1120 1121 1122
f 1122 1121 1123
f 1045 1123 1043
f 1043 1123 1121
f 1043 1121 1111
f 1111 1121 1119
f 1111 1119 1112
f 1112 1119 1117
f 1112 1117 1113
f 1113 1117 1115
f 1124 1125 1126
f 1127 1128 1129
f 1129 1128 1130
f 1129 1130 1124
f 1131 1127 1132
f 1132 1127 1129
f 1132 1129 1133
f 1133 1129 1124
f 1038 1041 1039
f 1039 1041 1040
f 1039 1040 1134
f 1135 922 921
f 98 1068 1069
f 1069 1068 1113
f 1069 1113 1136
f 1136 1113 1115
f 1136 1115 1137
f 1137 1115 1114
f 1137 1114 1138
f 1138 1114 1139
f 1138 1139 1140
f 1140 1139 1141
f 1140 1141 1142
f 1123 1143 1122
f 1122 1143 1144
f 1122 1144 1120
f 1120 1144 1145
f 1120 1145 1118
f 1118 1145 1146
f 1118 1146 1116
f 1116 1146 1147
f 1116 1147 1114
f 1114 1147 1148
f 1114 1148 1139
f 1139 1148 1149
f 1139 1149 1141
f 1141 1149 1150
f 1141 1150 1142
f 1151 1152 1153
f 1153 1152 1154
f 1153 1154 1155
f 1156 1074 1157
f 1157 1074 1073
f 1157 1073 1158
f 1158 1073 1072
f 1158 1072 1159
f 1159 1072 1071
f 1159 1071 1070
f 1070 1071 78
f 1070 78 76
f 14 13 1056
f 1056 13 1076
f 1056 1076 1160
f 1160 1076 1077
f 1160 1077 1156
f 1156 1077 1075
f 1156 1075 1074
f 1074 1075 40
f 1074 40 39
f 82 1069 1070
f 1070 1069 1136
f 1070 1136 1159
f 1159 1136 1137
f 1159 1137 1158
f 1158 1137 1138
f 1158 1138 1157
f 1157 1138 1140
f 1157 1140 1156
f 1156 1140 1142
f 1156 1142 1160
f 1161 1130 1162
f 1162 1130 1128
f 1162 1128 1163
f 1163 1128 1127
f 1163 1127 1164
f 1164 1127 1131
f 1164 1131 1165
f 1166 1167 1168
f 1168 1167 1169
f 1168 1169 1170
f 1170 1169 1171
f 1170 1171 1172
f 1172 1171 1173
f 1172 1173 1174
f 1174 1173 1175
f 1174 1175 1176
f 1176 1175 1177
f 1176 1177 1178
f 1178 1177 1179
f 1178 1179 1151
f 1151 1179 1161
f 1151 1161 1152
f 1152 1161 1162
f 1152 1162 1154
f 1154 1162 1163
f 1154 1163 1155
f 1155 1163 1164
f 1155 1164 1180
f 1180 1164 1165
f 1180 1165 1078
f 1079 1037 1080
f 1080 1037 1039
f 1080 1039 1054
f 1054 1039 1134
f 1054 1134 1053
f 1 1055 2
f 2 1055 1181
f 2 1181 1079
f 1079 1181 1182
f 1079 1182 1037
f 1037 1182 1183
f 1037 1183 1038
f 1038 1183 1126
f 1038 1126 1041
f 1041 1126 1125
f 1041 1125 1042
f 1124 1126 1133
f 1133 1126 1183
f 1133 1183 1132
f 1132 1183 1182
f 1132 1182 1131
f 1131 1182 1181
f 1131 1181 1165
f 1165 1181 1055
f 1165 1055 1078
f 1078 1055 12
f 1078 12 11
f 1123 1166 1143
f 1143 1166 1168
f 1143 1168 1144
f 1144 1168 1170
f 1144 1170 1145
f 1145 1170 1172
f 1145 1172 1146
f 1146 1172 1174
f 1146 1174 1147
f 1147 1174 1176
f 1147 1176 1148
f 1148 1176 1178
f 1148 1178 1149
f 1149 1178 1151
f 1149 1151 1150
f 1150 1151 1153
f 1150 1153 1142
f 1142 1153 1155
f 1142 1155 1160
f 1160 1155 1180
f 1160 1180 1056
f 1056 1180 1078
f 1056 1078 6
f 6 1078 7
f 921 920 1184
f 1184 920 918
f 1135 1052 1185
f 1185 1052 1034
f 1185 1034 970
f 1186 1187 1188
f 1188 1187 1189
f 1188 1189 1190
f 1190 1189 1184
f 1190 1184 1081
f 1081 1184 918
f 1081 918 917
f 954 953 1191
f 1191 953 952
f 1191 952 1092
f 1092 952 986
f 1092 986 985
f 1192 1091 1090
f 1090 1091 995
f 1090 995 994
f 1192 1193 1091
f 1091 1193 1194
f 1091 1194 1092
f 1092 1194 1195
f 1092 1195 1191
f 958 957 1093
f 1093 957 956
f 1093 956 1094
f 1094 956 955
f 1192 1102 1193
f 1193 1102 1100
f 1193 1100 1194
f 1194 1100 1098
f 1194 1098 1195
f 1195 1098 1096
f 1195 1096 1191
f 1191 1096 1094
f 1191 1094 954
f 954 1094 955
f 1046 1048 1196
f 1196 1048 1197
f 1196 1197 1198
f 921 1184 1135
f 1135 1184 1189
f 1135 1189 1052
f 1052 1189 1187
f 1052 1187 1082
f 1082 1187 1186
f 1082 1186 1083
f 1083 1186 1199
f 1083 1199 1084
f 1084 1199 1200
f 1084 1200 1086
f 1086 1200 1201
f 1086 1201 1085
f 1085 1201 1202
f 1085 1202 1051
f 1051 1202 1203
f 1051 1203 1050
f 1050 1203 1204
f 1050 1204 1087
f 1087 1204 1205
f 1087 1205 1088
f 1088 1205 1206
f 1088 1206 1049
f 1049 1206 1207
f 1049 1207 1089
f 1089 1207 1198
f 1089 1198 1090
f 1090 1198 1197
f 1090 1197 1192
f 1192 1197 1048
f 1192 1048 1102
f 1102 1048 1047
f 1102 1047 1101
f 970 961 1185
f 1185 961 962
f 1185 962 1135
f 1135 962 963
f 1135 963 922
f 859 959 1058
f 1058 959 1093
f 1058 1093 1103
f 1103 1093 1095
f 1103 1095 1104
f 1104 1095 1097
f 1104 1097 1105
f 1105 1097 1099
f 1105 1099 1106
f 1106 1099 1101
f 1106 1101 1045
f 1045 1101 1047
f 1045 1047 1123
f 1123 1047 1046
f 1123 1046 1166
f 1166 1046 1196
f 1166 1196 1167
f 1167 1196 1198
f 1167 1198 1169
f 1169 1198 1207
f 1169 1207 1171
f 1171 1207 1206
f 1171 1206 1173
f 1173 1206 1205
f 1173 1205 1175
f 1175 1205 1204
f 1175 1204 1177
f 1177 1204 1203
f 1177 1203 1179
f 1179 1203 1202
f 1179 1202 1161
f 1161 1202 1201
f 1161 1201 1130
f 1130 1201 1200
f 1130 1200 1124
f 1124 1200 1199
f 1124 1199 1125
f 1125 1199 1186
f 1125 1186 1042
f 1042 1186 1188
f 1042 1188 1040
f 1040 1188 1190
f 1040 1190 1134
f 1134 1190 1081
f 1134 1081 1053
f 1053 1081 852
f 1053 852 851
f 1208 1209 1210
f 1211 1212 1213
f 1214 1215 1216
f 1217 1218 1219
f 1220 1221 1222
f 1222 1221 1223
f 1222 1223 1224
f 1224 1223 1225
f 1224 1225 1226
f 1219 1218 1222
f 1222 1218 1227
f 1222 1227 1220
f 1216 1215 1219
f 1219 1215 1228
f 1219 1228 1217
f 1212 1229 1213
f 1213 1229 1230
f 1213 1230 1216
f 1216 1230 1231
f 1216 1231 1214
f 1211 1213 1232
f 1232 1213 1233
f 1232 1233 1234
f 1234 1233 1235
f 1235 1233 1236
f 1235 1236 1237
f 1238 1239 1236
f 1236 1239 1240
f 1236 1240 1237
f 1241 1242 1236
f 1236 1242 1243
f 1236 1243 1238
f 1244 1245 1246
f 1246 1247 1244
f 1244 1247 1248
f 1244 1248 1249
f 1250 1251 1252
f 1252 1251 1253
f 1252 1253 1244
f 1244 1253 1254
f 1244 1254 1245
f 1250 1252 1255
f 1255 1252 1256
f 1255 1256 1257
f 1257 1256 1258
f 1258 1256 1259
f 1258 1259 1260
f 1261 1262 1263
f 1263 1264 1261
f 1261 1264 1265
f 1261 1265 1259
f 1259 1265 1266
f 1259 1266 1260
f 1267 1268 1269
f 1269 1268 1270
f 1269 1270 1262
f 1262 1270 1271
f 1262 1271 1263
f 1272 1273 1274
f 1274 1273 1275
f 1274 1275 1276
f 1277 1278 1226
f 1226 1278 1279
f 1226 1279 1224
f 1224 1279 1280
f 1224 1280 1281
f 1209 1241 1210
f 1210 1241 1236
f 1210 1236 1282
f 1282 1236 1233
f 1282 1233 1283
f 1283 1233 1213
f 1283 1213 1284
f 1284 1213 1216
f 1284 1216 1285
f 1285 1216 1219
f 1285 1219 1286
f 1286 1219 1222
f 1286 1222 1274
f 1274 1222 1224
f 1274 1224 1272
f 1272 1224 1281
f 1249 1208 1244
f 1244 1208 1210
f 1244 1210 1252
f 1252 1210 1282
f 1252 1282 1256
f 1256 1282 1283
f 1256 1283 1259
f 1259 1283 1284
f 1259 1284 1261
f 1261 1284 1285
f 1261 1285 1262
f 1262 1285 1286
f 1262 1286 1269
f 1269 1286 1274
f 1269 1274 1267
f 1267 1274 1276
f 1287 1288 1289
f 1290 1291 1292
f 1293 1294 1295
f 1295 1294 1296
f 1295 1296 1297
f 1298 1299 1300
f 1301 1302 1303
f 1303 1302 1304
f 1303 1304 1305
f 1299 1298 1306
f 1306 1298 1307
f 1306 1307 1308
f 1308 1307 1309
f 1308 1309 1310
f 1311 1312 1313
f 1313 1312 1314
f 1313 1314 1315
f 1316 1293 1317
f 1317 1293 1295
f 1317 1295 1318
f 1318 1295 1297
f 1318 1297 1319
f 1318 1312 1317
f 1317 1312 1311
f 1317 1311 1316
f 1316 1311 1313
f 1316 1313 1320
f 1320 1313 1315
f 1320 1315 1321
f 1321 1315 1322
f 1301 1323 1324
f 1301 1303 1323
f 1323 1303 1305
f 1323 1305 1325
f 1296 1310 1297
f 1297 1310 1309
f 1297 1309 1319
f 1319 1309 1307
f 1319 1307 1324
f 1324 1307 1298
f 1324 1298 1301
f 1301 1298 1300
f 1301 1300 1302
f 1326 1327 1325
f 1325 1327 1328
f 1325 1328 1323
f 1323 1328 1329
f 1323 1329 1324
f 1324 1329 1330
f 1324 1330 1319
f 1319 1330 1331
f 1319 1331 1318
f 1318 1331 1332
f 1318 1332 1312
f 1312 1332 1333
f 1312 1333 1314
f 1314 1333 1334
f 1335 1336 1337
f 1338 1339 1340
f 1341 1342 1343
f 1343 1342 1344
f 1343 1344 1345
f 1345 1344 1346
f 1345 1346 1347
f 1337 1336 1348
f 1339 1349 1350
f 1350 1351 1339
f 1339 1351 1352
f 1339 1352 1340
f 1353 1354 1337
f 1337 1354 1338
f 1337 1338 1335
f 1335 1338 1340
f 1354 1355 1338
f 1338 1355 1356
f 1338 1356 1357
f 1357 1358 1338
f 1338 1358 1359
f 1338 1359 1339
f 1339 1359 1360
f 1339 1360 1349
f 1346 1361 1362
f 1362 1363 1346
f 1346 1363 1348
f 1346 1348 1347
f 1347 1348 1336
f 1364 1365 1342
f 1366 1344 1367
f 1367 1344 1342
f 1367 1342 1368
f 1368 1342 1365
f 1366 1369 1344
f 1344 1369 1370
f 1344 1370 1346
f 1346 1370 1371
f 1346 1371 1361
f 1363 1372 1348
f 1348 1372 1373
f 1348 1373 1374
f 1374 1375 1348
f 1348 1375 1376
f 1348 1376 1337
f 1337 1376 1377
f 1337 1377 1353
f 1378 1290 1379
f 1380 1381 1382
f 1382 1381 1383
f 1382 1383 1384
f 1384 1383 1385
f 1384 1385 1386
f 1387 1386 1388
f 1389 1287 1390
f 1391 1392 1393
f 1388 1378 1394
f 1394 1378 1379
f 1394 1379 1395
f 1386 1387 1384
f 1384 1387 1396
f 1384 1396 1382
f 1382 1396 1397
f 1382 1397 1380
f 1393 1389 1398
f 1398 1389 1390
f 1398 1390 1399
f 1288 1400 1289
f 1289 1400 1401
f 1289 1401 1402
f 1291 1392 1292
f 1292 1392 1391
f 1292 1391 1403
f 1404 1405 1406
f 1407 1408 1409
f 1409 1408 1410
f 1409 1410 1411
f 1411 1410 1412
f 1411 1412 1396
f 1396 1412 1413
f 1396 1413 1397
f 1290 1292 1379
f 1379 1292 1403
f 1379 1403 1395
f 1395 1403 1414
f 1395 1414 1415
f 1415 1414 1416
f 1415 1416 1417
f 1417 1416 1418
f 1417 1418 1419
f 1419 1418 1420
f 1419 1420 1421
f 1287 1289 1390
f 1390 1289 1402
f 1390 1402 1399
f 1399 1402 1422
f 1399 1422 1423
f 1423 1422 1424
f 1423 1424 1425
f 1425 1424 1426
f 1425 1426 1427
f 1427 1426 1428
f 1427 1428 1429
f 1430 1431 1432
f 1432 1431 1433
f 1432 1433 1407
f 1407 1433 1434
f 1407 1434 1408
f 1435 1436 1432
f 1432 1436 1437
f 1432 1437 1430
f 1430 1437 1438
f 1439 1440 1421
f 1439 1421 1441
f 1441 1421 1442
f 1442 1421 1420
f 1442 1420 1443
f 1440 1444 1421
f 1421 1444 1445
f 1421 1445 1446
f 1388 1394 1387
f 1387 1394 1395
f 1387 1395 1396
f 1396 1395 1415
f 1396 1415 1411
f 1411 1415 1417
f 1411 1417 1409
f 1409 1417 1419
f 1409 1419 1407
f 1407 1419 1421
f 1407 1421 1432
f 1432 1421 1446
f 1432 1446 1435
f 1447 1448 1428
f 1428 1448 1449
f 1428 1449 1429
f 1429 1449 1450
f 1404 1406 1451
f 1451 1406 1452
f 1451 1452 1453
f 1453 1452 1454
f 1453 1454 1455
f 1455 1454 1456
f 1455 1456 1457
f 1457 1456 1458
f 1457 1458 1459
f 1459 1460 1457
f 1457 1460 1461
f 1457 1461 1462
f 1401 1404 1402
f 1402 1404 1451
f 1402 1451 1422
f 1422 1451 1453
f 1422 1453 1424
f 1424 1453 1455
f 1424 1455 1426
f 1426 1455 1457
f 1426 1457 1428
f 1428 1457 1462
f 1428 1462 1447
f 1450 1463 1429
f 1429 1463 1464
f 1429 1464 1465
f 1393 1398 1391
f 1391 1398 1399
f 1391 1399 1403
f 1403 1399 1423
f 1403 1423 1414
f 1414 1423 1425
f 1414 1425 1416
f 1416 1425 1427
f 1416 1427 1418
f 1418 1427 1429
f 1418 1429 1420
f 1420 1429 1465
f 1420 1465 1443
f 1466 1467 1468
f 1468 1467 1469
f 1468 1469 1470
f 1470 1469 1471
f 1470 1471 1472
f 1472 1471 1473
f 1472 1473 1474
f 1475 1476 1477
f 1304 1466 1305
f 1305 1466 1468
f 1305 1468 1325
f 1325 1468 1470
f 1325 1470 1326
f 1326 1470 1472
f 1326 1472 1478
f 1478 1472 1474
f 1478 1474 1479
f 1480 1334 1481
f 1481 1334 1333
f 1481 1333 1482
f 1482 1333 1332
f 1482 1332 1483
f 1483 1332 1331
f 1483 1331 1484
f 1484 1331 1330
f 1484 1330 1485
f 1485 1330 1329
f 1485 1329 1486
f 1486 1329 1328
f 1486 1328 1487
f 1487 1328 1327
f 1487 1327 1488
f 1488 1327 1326
f 1488 1326 1477
f 1477 1326 1478
f 1477 1478 1475
f 1475 1478 1479
f 1488 1489 1487
f 1487 1489 1341
f 1487 1341 1486
f 1486 1341 1343
f 1486 1343 1485
f 1485 1343 1345
f 1485 1345 1484
f 1484 1345 1347
f 1484 1347 1483
f 1483 1347 1336
f 1483 1336 1482
f 1482 1336 1335
f 1482 1335 1481
f 1481 1335 1340
f 1481 1340 1480
f 1480 1340 1352
f 1490 1491 1342
f 1342 1491 1492
f 1342 1492 1364
f 1489 1493 1341
f 1341 1493 1494
f 1341 1494 1342
f 1342 1494 1495
f 1342 1495 1490
f 1490 1495 1496
f 1490 1496 1497
f 1498 1499 1500
f 1500 1499 1501
f 1500 1501 1502
f 1502 1501 1503
f 1502 1503 1504
f 1504 1503 1505
f 1400 1498 1401
f 1401 1498 1500
f 1401 1500 1404
f 1404 1500 1502
f 1404 1502 1405
f 1405 1502 1504
f 1405 1504 1506
f 1506 1504 1505
f 1506 1505 1322
f 1350 1507 1351
f 1351 1507 1508
f 1351 1508 1509
f 1510 1511 1456
f 1456 1511 1512
f 1456 1512 1458
f 1322 1315 1506
f 1506 1315 1314
f 1506 1314 1405
f 1405 1314 1334
f 1405 1334 1406
f 1406 1334 1480
f 1406 1480 1452
f 1452 1480 1352
f 1452 1352 1454
f 1454 1352 1351
f 1454 1351 1456
f 1456 1351 1509
f 1456 1509 1510
f 1513 1514 1515
f 1515 1514 1516
f 1515 1516 1517
f 1517 1516 1518
f 1519 1520 1515
f 1515 1520 1521
f 1515 1521 1513
f 1522 1383 1519
f 1519 1383 1381
f 1519 1381 1520
f 1501 1499 1522
f 1523 1524 1525
f 1525 1524 1526
f 1525 1526 1527
f 1527 1526 1528
f 1527 1528 1529
f 1529 1528 1530
f 1529 1530 1531
f 1531 1530 1517
f 1531 1517 1532
f 1532 1517 1518
f 1474 1473 1299
f 1389 1522 1287
f 1287 1522 1288
f 1322 1505 1522
f 1522 1505 1503
f 1522 1503 1501
f 1499 1498 1522
f 1522 1498 1400
f 1522 1400 1288
f 1474 1299 1479
f 1306 1308 1522
f 1522 1308 1310
f 1522 1310 1296
f 1296 1294 1522
f 1522 1294 1293
f 1522 1293 1316
f 1316 1320 1522
f 1522 1320 1321
f 1522 1321 1322
f 1389 1393 1522
f 1522 1393 1392
f 1522 1392 1291
f 1291 1290 1522
f 1522 1290 1378
f 1522 1378 1388
f 1306 1522 1299
f 1299 1522 1533
f 1299 1533 1479
f 1473 1471 1469
f 1469 1467 1473
f 1473 1467 1466
f 1473 1466 1304
f 1304 1302 1473
f 1473 1302 1300
f 1473 1300 1299
f 1388 1386 1522
f 1522 1386 1385
f 1522 1385 1383
f 1534 1535 1536
f 1536 1535 1247
f 1537 1538 1539
f 1539 1538 1540
f 1539 1540 1541
f 1542 1543 1544
f 1544 1543 1545
f 1544 1545 1546
f 1542 1544 1547
f 1547 1544 1513
f 1547 1513 1521
f 1548 1549 1550
f 1550 1549 1551
f 1550 1551 1552
f 1552 1551 1553
f 1552 1553 1525
f 1525 1553 1554
f 1525 1554 1523
f 1548 1550 1555
f 1555 1550 1556
f 1555 1556 1557
f 1264 1263 1556
f 1556 1263 1271
f 1270 1558 1271
f 1271 1558 1559
f 1271 1559 1556
f 1556 1559 1560
f 1556 1560 1557
f 1561 1260 1266
f 1562 1255 1257
f 1562 1257 1561
f 1561 1257 1258
f 1561 1258 1260
f 1563 1253 1251
f 1563 1251 1562
f 1562 1251 1250
f 1562 1250 1255
f 1247 1246 1536
f 1536 1246 1245
f 1536 1245 1563
f 1563 1245 1254
f 1563 1254 1253
f 1525 1564 1552
f 1552 1564 1565
f 1552 1565 1550
f 1550 1565 1566
f 1550 1566 1556
f 1556 1566 1265
f 1556 1265 1264
f 1561 1567 1562
f 1562 1567 1568
f 1562 1568 1563
f 1563 1568 1569
f 1563 1569 1536
f 1536 1569 1539
f 1536 1539 1534
f 1534 1539 1541
f 1570 1571 1532
f 1532 1518 1570
f 1570 1518 1516
f 1570 1516 1544
f 1544 1516 1514
f 1544 1514 1513
f 1525 1527 1564
f 1564 1527 1529
f 1564 1529 1571
f 1571 1529 1531
f 1571 1531 1532
f 1546 1537 1544
f 1544 1537 1539
f 1544 1539 1570
f 1570 1539 1569
f 1570 1569 1571
f 1571 1569 1568
f 1571 1568 1564
f 1564 1568 1567
f 1564 1567 1565
f 1565 1567 1561
f 1565 1561 1566
f 1566 1561 1266
f 1566 1266 1265
f 1572 1573 1574
f 1248 1247 1575
f 1575 1576 1248
f 1248 1576 1577
f 1248 1577 1249
f 1242 1241 1578
f 1578 1241 1209
f 1578 1209 1208
f 1243 1242 1579
f 1579 1242 1578
f 1579 1578 1580
f 1580 1578 1581
f 1580 1581 1574
f 1582 1583 1584
f 1584 1583 1585
f 1581 1582 1574
f 1574 1582 1584
f 1574 1584 1572
f 1572 1584 1586
f 1587 1585 1588
f 1588 1585 1589
f 1585 1583 1589
f 1589 1583 1590
f 1589 1590 1591
f 1586 1584 1592
f 1592 1584 1585
f 1592 1585 1593
f 1593 1585 1587
f 1593 1587 1594
f 1573 1595 1574
f 1574 1595 1596
f 1574 1596 1580
f 1580 1596 1597
f 1580 1597 1579
f 1579 1597 1598
f 1579 1598 1243
f 1243 1598 1599
f 1243 1599 1238
f 1600 1601 1589
f 1589 1601 1602
f 1589 1602 1588
f 1591 1603 1604
f 1591 1604 1589
f 1589 1604 1605
f 1589 1605 1600
f 1208 1249 1578
f 1578 1249 1577
f 1578 1577 1581
f 1581 1577 1606
f 1581 1606 1582
f 1582 1606 1607
f 1582 1607 1583
f 1583 1607 1608
f 1583 1608 1590
f 1609 1603 1591
f 1610 1611 1612
f 1613 1614 1615
f 1616 1617 1618
f 1619 1620 1621
f 1621 1620 1622
f 1621 1622 1623
f 1623 1622 1624
f 1625 1626 1627
f 1627 1626 1628
f 1629 1630 1631
f 1631 1630 1632
f 1633 1630 1634
f 1634 1630 1629
f 1634 1629 1635
f 1575 1636 1576
f 1576 1636 1637
f 1576 1637 1577
f 1577 1637 1606
f 1612 1638 1639
f 1534 1541 1640
f 1640 1541 1540
f 1640 1540 1641
f 1575 1247 1535
f 1636 1642 1637
f 1637 1642 1612
f 1637 1612 1643
f 1643 1612 1644
f 1643 1644 1618
f 1618 1644 1645
f 1618 1645 1616
f 1616 1645 1632
f 1646 1647 1648
f 1648 1647 1649
f 1648 1649 1650
f 1607 1651 1608
f 1608 1651 1652
f 1608 1652 1590
f 1590 1652 1647
f 1590 1647 1591
f 1591 1647 1646
f 1591 1646 1609
f 1653 1654 1650
f 1653 1650 1619
f 1655 1628 1656
f 1656 1628 1626
f 1656 1626 1620
f 1620 1626 1625
f 1620 1625 1622
f 1619 1650 1620
f 1620 1650 1649
f 1620 1649 1656
f 1656 1649 1647
f 1656 1647 1655
f 1655 1647 1652
f 1655 1652 1657
f 1657 1652 1651
f 1657 1651 1658
f 1658 1651 1607
f 1658 1607 1606
f 1545 1543 1613
f 1613 1543 1542
f 1613 1542 1614
f 1614 1542 1547
f 1614 1547 1521
f 1659 1615 1660
f 1660 1615 1614
f 1660 1614 1661
f 1661 1614 1521
f 1612 1611 1644
f 1644 1611 1662
f 1644 1662 1645
f 1645 1662 1663
f 1645 1663 1632
f 1632 1663 1664
f 1632 1664 1631
f 1665 1540 1666
f 1666 1540 1538
f 1537 1546 1610
f 1610 1546 1545
f 1610 1545 1611
f 1611 1545 1613
f 1611 1613 1662
f 1662 1613 1615
f 1662 1615 1663
f 1663 1615 1659
f 1663 1659 1664
f 1575 1535 1636
f 1636 1535 1534
f 1636 1534 1642
f 1642 1534 1640
f 1642 1640 1612
f 1612 1640 1641
f 1612 1641 1638
f 1638 1641 1540
f 1638 1540 1639
f 1639 1540 1665
f 1639 1665 1612
f 1612 1665 1666
f 1612 1666 1610
f 1610 1666 1538
f 1610 1538 1537
f 1606 1637 1658
f 1658 1637 1643
f 1658 1643 1657
f 1657 1643 1618
f 1657 1618 1655
f 1655 1618 1617
f 1655 1617 1628
f 1628 1617 1616
f 1628 1616 1627
f 1627 1616 1632
f 1627 1632 1625
f 1625 1632 1630
f 1625 1630 1622
f 1622 1630 1633
f 1622 1633 1624
f 1667 1635 1629
f 1412 1410 1668
f 1433 1669 1434
f 1434 1669 1668
f 1434 1668 1408
f 1408 1668 1410
f 1430 1438 1670
f 1430 1670 1431
f 1668 1671 1412
f 1412 1671 1672
f 1412 1672 1413
f 1413 1672 1673
f 1413 1673 1397
f 1520 1381 1673
f 1673 1381 1380
f 1673 1380 1397
f 1431 1670 1433
f 1433 1670 1674
f 1433 1674 1669
f 1669 1674 1675
f 1669 1675 1676
f 1676 1667 1669
f 1669 1667 1629
f 1669 1629 1668
f 1668 1629 1631
f 1668 1631 1671
f 1671 1631 1664
f 1671 1664 1672
f 1672 1664 1659
f 1672 1659 1673
f 1673 1659 1660
f 1673 1660 1520
f 1520 1660 1661
f 1520 1661 1521
f 1677 1678 1679
f 1215 1214 1680
f 1681 1682 1683
f 1237 1240 1683
f 1683 1240 1239
f 1681 1683 1684
f 1684 1683 1239
f 1684 1239 1238
f 1685 1232 1234
f 1685 1234 1683
f 1683 1234 1235
f 1683 1235 1237
f 1232 1685 1211
f 1211 1685 1686
f 1211 1686 1212
f 1214 1231 1680
f 1680 1231 1230
f 1680 1230 1686
f 1686 1230 1229
f 1686 1229 1212
f 1215 1680 1228
f 1228 1680 1687
f 1228 1687 1217
f 1217 1687 1218
f 1218 1687 1688
f 1218 1688 1227
f 1689 1221 1688
f 1688 1221 1220
f 1688 1220 1227
f 1226 1225 1689
f 1689 1225 1223
f 1689 1223 1221
f 1690 1691 1692
f 1692 1691 1693
f 1694 1695 1677
f 1696 1679 1693
f 1693 1679 1678
f 1693 1678 1692
f 1697 1698 1699
f 1697 1699 1700
f 1701 1702 1703
f 1703 1702 1704
f 1705 1706 1707
f 1708 1709 1707
f 1707 1709 1710
f 1707 1710 1705
f 1705 1710 1703
f 1705 1703 1700
f 1700 1703 1704
f 1700 1704 1697
f 1699 1711 1700
f 1700 1711 1712
f 1700 1712 1705
f 1705 1712 1713
f 1705 1713 1706
f 1696 1714 1679
f 1679 1714 1715
f 1679 1715 1716
f 1716 1717 1679
f 1679 1717 1677
f 1677 1717 1718
f 1677 1718 1694
f 1277 1226 1719
f 1719 1226 1689
f 1719 1689 1720
f 1720 1689 1721
f 1708 1722 1709
f 1709 1722 1723
f 1709 1723 1690
f 1690 1723 1724
f 1690 1724 1691
f 1691 1724 1725
f 1691 1725 1693
f 1693 1725 1726
f 1693 1726 1696
f 1695 1721 1677
f 1677 1721 1689
f 1677 1689 1678
f 1678 1689 1688
f 1678 1688 1692
f 1692 1688 1687
f 1692 1687 1690
f 1690 1687 1680
f 1690 1680 1709
f 1709 1680 1686
f 1709 1686 1710
f 1710 1686 1685
f 1710 1685 1703
f 1703 1685 1683
f 1703 1683 1701
f 1701 1683 1682
f 1727 1728 1729
f 1730 1731 1732
f 1733 1716 1715
f 1734 1735 1733
f 1736 1737 1734
f 1737 1738 1734
f 1734 1738 1739
f 1734 1739 1735
f 1740 1741 1742
f 1742 1741 1743
f 1732 1744 1730
f 1730 1744 1745
f 1730 1745 1746
f 1747 1748 1732
f 1748 1749 1732
f 1732 1749 1750
f 1732 1750 1744
f 1751 1752 1753
f 1753 1752 1754
f 1698 1727 1699
f 1699 1727 1729
f 1699 1729 1711
f 1711 1729 1755
f 1711 1755 1712
f 1712 1755 1713
f 1756 1757 1758
f 1758 1757 1759
f 1758 1759 1742
f 1742 1759 1760
f 1742 1760 1740
f 1756 1761 1762
f 1754 1747 1753
f 1753 1747 1732
f 1753 1732 1763
f 1762 1761 1764
f 1762 1765 1766
f 1756 1762 1757
f 1757 1762 1766
f 1757 1766 1767
f 1731 1768 1732
f 1732 1768 1764
f 1732 1764 1763
f 1763 1764 1761
f 1768 1769 1764
f 1764 1769 1770
f 1764 1770 1762
f 1762 1770 1771
f 1762 1771 1765
f 1722 1772 1723
f 1723 1772 1773
f 1723 1773 1724
f 1722 1708 1772
f 1772 1708 1707
f 1772 1707 1755
f 1755 1707 1706
f 1755 1706 1713
f 1733 1715 1734
f 1734 1715 1714
f 1734 1714 1774
f 1714 1696 1774
f 1774 1696 1726
f 1774 1726 1773
f 1773 1726 1725
f 1773 1725 1724
f 1767 1775 1757
f 1757 1775 1776
f 1757 1776 1759
f 1759 1776 1777
f 1759 1777 1760
f 1760 1777 1778
f 1728 1751 1729
f 1729 1751 1753
f 1729 1753 1755
f 1755 1753 1763
f 1755 1763 1772
f 1772 1763 1761
f 1772 1761 1773
f 1773 1761 1756
f 1773 1756 1774
f 1774 1756 1758
f 1774 1758 1734
f 1734 1758 1742
f 1734 1742 1736
f 1736 1742 1743
f 1779 1778 1777
f 1780 1781 1782
f 1783 1782 1784
f 1779 1777 1785
f 1785 1777 1776
f 1785 1776 1786
f 1784 1782 1787
f 1788 1768 1789
f 1789 1768 1731
f 1789 1731 1790
f 1790 1731 1730
f 1790 1730 1746
f 1791 1765 1788
f 1788 1765 1771
f 1782 1792 1780
f 1780 1792 1793
f 1780 1793 1794
f 1794 1793 1790
f 1794 1790 1795
f 1795 1790 1746
f 1771 1770 1788
f 1788 1770 1769
f 1788 1769 1768
f 1796 1797 1782
f 1798 1799 1784
f 1776 1775 1786
f 1786 1775 1767
f 1786 1767 1791
f 1791 1767 1766
f 1791 1766 1765
f 1797 1800 1782
f 1782 1800 1801
f 1782 1801 1787
f 1799 1802 1784
f 1784 1802 1803
f 1784 1803 1783
f 1804 1805 1806
f 1781 1807 1782
f 1782 1807 1808
f 1782 1808 1809
f 1809 1810 1782
f 1782 1810 1811
f 1782 1811 1796
f 1806 1812 1784
f 1784 1812 1813
f 1784 1813 1798
f 1814 1815 1804
f 1784 1816 1806
f 1806 1816 1817
f 1806 1817 1804
f 1804 1817 1818
f 1804 1818 1814
f 1819 1820 1821
f 1822 1823 1824
f 1810 1809 1825
f 1826 1816 1784
f 1827 1828 1829
f 1830 1831 1832
f 1833 1834 1835
f 1836 1837 1838
f 1839 1840 1841
f 1842 1843 1844
f 1844 1843 1845
f 1844 1845 1846
f 1847 1848 1849
f 1849 1848 1846
f 1849 1846 1850
f 1850 1846 1845
f 1851 1852 1853
f 1853 1852 1854
f 1853 1854 1855
f 1856 1857 1858
f 1858 1857 1859
f 1858 1859 1860
f 1860 1859 1861
f 1860 1861 1862
f 1862 1863 1864
f 1864 1863 1851
f 1865 1866 1867
f 1867 1866 1868
f 1867 1868 1869
f 1869 1868 1870
f 1869 1870 1839
f 1839 1870 1871
f 1839 1871 1840
f 1872 1873 1874
f 1874 1873 1833
f 1834 1875 1835
f 1835 1875 1876
f 1835 1876 1877
f 1877 1878 1879
f 1879 1878 1880
f 1879 1880 1881
f 1882 1883 1884
f 1884 1883 1830
f 1885 1886 1887
f 1887 1886 1827
f 1828 1888 1829
f 1829 1888 1889
f 1829 1889 1890
f 1891 1892 1893
f 1893 1892 1890
f 1831 1894 1832
f 1832 1894 1895
f 1832 1895 1896
f 1896 1897 1898
f 1899 1900 1853
f 1851 1853 1864
f 1864 1853 1900
f 1864 1900 1901
f 1855 1865 1853
f 1853 1865 1867
f 1853 1867 1899
f 1899 1867 1869
f 1899 1869 1902
f 1902 1869 1839
f 1902 1839 1903
f 1904 1905 1838
f 1838 1905 1906
f 1838 1906 1836
f 1836 1906 1907
f 1905 1908 1906
f 1906 1908 1879
f 1906 1879 1907
f 1907 1879 1881
f 1897 1872 1898
f 1898 1872 1874
f 1898 1874 1909
f 1891 1882 1892
f 1892 1882 1884
f 1892 1884 1910
f 1911 1885 1912
f 1912 1885 1887
f 1912 1887 1913
f 1830 1832 1884
f 1884 1832 1914
f 1884 1914 1910
f 1910 1914 1915
f 1910 1915 1916
f 1916 1915 1917
f 1916 1917 1918
f 1918 1917 1919
f 1918 1919 1920
f 1921 1922 1923
f 1923 1922 1924
f 1924 1922 1925
f 1925 1922 1926
f 1925 1926 1927
f 1928 1929 1930
f 1905 1931 1908
f 1908 1931 1932
f 1908 1932 1933
f 1933 1932 1934
f 1933 1934 1935
f 1935 1934 1936
f 1935 1936 1937
f 1937 1936 1938
f 1937 1938 1939
f 1939 1938 1940
f 1939 1940 1941
f 1942 1943 1944
f 1919 1945 1946
f 1947 1948 1949
f 1827 1829 1887
f 1887 1829 1950
f 1887 1950 1913
f 1913 1950 1951
f 1913 1951 1952
f 1952 1951 1953
f 1952 1953 1954
f 1954 1953 1947
f 1954 1947 1955
f 1955 1947 1949
f 1955 1949 1956
f 1919 1946 1920
f 1920 1946 1957
f 1920 1957 1958
f 1890 1892 1829
f 1829 1892 1910
f 1829 1910 1950
f 1950 1910 1916
f 1950 1916 1951
f 1951 1916 1918
f 1951 1918 1953
f 1953 1918 1920
f 1953 1920 1947
f 1947 1920 1958
f 1947 1958 1948
f 1817 1816 1959
f 1959 1816 1826
f 1959 1826 1960
f 1923 1961 1921
f 1921 1961 1962
f 1921 1962 1929
f 1929 1962 1963
f 1929 1963 1930
f 1930 1963 1811
f 1780 1964 1781
f 1781 1964 1965
f 1825 1809 1966
f 1966 1809 1808
f 1966 1808 1965
f 1965 1808 1807
f 1965 1807 1781
f 1811 1963 1796
f 1796 1963 1962
f 1796 1962 1797
f 1797 1962 1961
f 1797 1961 1800
f 1800 1961 1923
f 1800 1923 1801
f 1801 1923 1924
f 1801 1924 1787
f 1787 1924 1925
f 1787 1925 1784
f 1784 1925 1927
f 1784 1927 1826
f 1826 1927 1926
f 1826 1926 1960
f 1799 1944 1802
f 1802 1944 1943
f 1802 1943 1803
f 1941 1792 1939
f 1939 1792 1782
f 1939 1782 1783
f 1877 1879 1835
f 1835 1879 1908
f 1835 1908 1967
f 1967 1908 1933
f 1967 1933 1968
f 1968 1933 1935
f 1968 1935 1969
f 1969 1935 1937
f 1969 1937 1942
f 1942 1937 1939
f 1942 1939 1943
f 1943 1939 1783
f 1943 1783 1803
f 1970 1971 1972
f 1972 1971 1798
f 1972 1798 1813
f 1833 1835 1874
f 1874 1835 1967
f 1874 1967 1909
f 1909 1967 1968
f 1909 1968 1973
f 1973 1968 1969
f 1973 1969 1974
f 1974 1969 1942
f 1974 1942 1970
f 1970 1942 1944
f 1970 1944 1971
f 1971 1944 1799
f 1971 1799 1798
f 1975 1976 1977
f 1977 1976 1978
f 1977 1978 1858
f 1858 1978 1979
f 1858 1979 1856
f 1847 1980 1848
f 1848 1980 1981
f 1848 1981 1982
f 1982 1981 1983
f 1982 1983 1984
f 1985 1986 1911
f 1987 1975 1988
f 1988 1975 1977
f 1988 1977 1989
f 1862 1864 1860
f 1860 1864 1901
f 1860 1901 1858
f 1858 1901 1990
f 1858 1990 1977
f 1977 1990 1991
f 1977 1991 1989
f 1841 1842 1839
f 1839 1842 1844
f 1839 1844 1903
f 1903 1844 1846
f 1903 1846 1992
f 1992 1846 1848
f 1992 1848 1993
f 1993 1848 1982
f 1993 1982 1985
f 1985 1982 1984
f 1985 1984 1986
f 1823 1991 1994
f 1994 1991 1990
f 1994 1990 1995
f 1995 1990 1901
f 1995 1901 1996
f 1996 1901 1900
f 1996 1900 1997
f 1997 1900 1899
f 1997 1899 1998
f 1998 1899 1902
f 1998 1902 1999
f 1999 1902 1903
f 1999 1903 2000
f 2000 1903 1992
f 2000 1992 2001
f 2001 1992 1993
f 1824 1823 1994
f 1824 1994 2002
f 2002 1994 1995
f 2002 1995 2003
f 2003 1995 1996
f 2003 1996 2004
f 2004 1996 1997
f 2004 1997 2005
f 2005 1997 1998
f 2005 1998 2006
f 2006 1998 1999
f 2006 1999 2007
f 2007 1999 2000
f 2007 2000 2008
f 2008 2000 2001
f 1820 1822 1821
f 1821 1822 1824
f 1821 1824 2009
f 2009 1824 2002
f 2009 2002 1928
f 1928 2002 2003
f 1928 2003 1929
f 1929 2003 2004
f 1929 2004 1921
f 1921 2004 2005
f 1921 2005 1922
f 1922 2005 2006
f 1922 2006 1926
f 1926 2006 2007
f 1926 2007 1960
f 1960 2007 2008
f 2010 1819 1964
f 1964 1819 1821
f 1964 1821 1965
f 1965 1821 2009
f 1965 2009 1966
f 1966 2009 1928
f 1966 1928 1825
f 1825 1928 1930
f 1825 1930 1810
f 1810 1930 1811
f 1780 1794 1964
f 1964 1794 2011
f 1964 2011 2010
f 1911 1912 1985
f 1985 1912 1913
f 1985 1913 1993
f 1993 1913 1952
f 1993 1952 2001
f 2001 1952 1954
f 2001 1954 2008
f 2008 1954 1955
f 2008 1955 1960
f 1960 1955 1956
f 1960 1956 1959
f 1959 1956 1818
f 1959 1818 1817
f 1896 1898 1832
f 1832 1898 1909
f 1832 1909 1914
f 1914 1909 1973
f 1914 1973 1915
f 1915 1973 1974
f 1915 1974 1917
f 1917 1974 1970
f 1917 1970 1919
f 1919 1970 1972
f 1919 1972 1945
f 1945 1972 1813
f 1945 1813 1946
f 1946 1813 1812
f 1946 1812 1957
f 1957 1812 1806
f 1957 1806 1958
f 1958 1806 1805
f 1958 1805 1948
f 1948 1805 1804
f 1948 1804 1949
f 1949 1804 1815
f 1949 1815 1956
f 1956 1815 1814
f 1956 1814 1818
f 2012 2013 2014
f 2015 2016 2017
f 1586 2018 2019
f 2016 1698 1697
f 2020 1592 2021
f 2021 1592 1593
f 2021 1593 1594
f 1596 1595 2022
f 2022 1595 1573
f 2022 1573 2019
f 2019 1573 1572
f 2019 1572 1586
f 1596 2022 1597
f 1597 2022 2023
f 1597 2023 1598
f 1598 2023 2024
f 1598 2024 1599
f 1599 2024 1684
f 1599 1684 1238
f 2016 1697 2017
f 2017 1697 1704
f 2017 1704 1702
f 1701 1682 2024
f 2024 1682 1681
f 2024 1681 1684
f 2025 2026 2027
f 2028 2029 2013
f 2013 2029 2025
f 2025 2027 2013
f 2013 2027 2030
f 2013 2030 2014
f 2020 2031 2013
f 2013 2031 2032
f 2013 2032 2028
f 2014 2033 2012
f 2012 2033 2034
f 2012 2034 2035
f 2035 2034 2036
f 2035 2036 2037
f 2037 2036 2038
f 2037 2038 2017
f 2017 2038 2039
f 2017 2039 2015
f 1702 1701 2017
f 2017 1701 2024
f 2017 2024 2037
f 2037 2024 2023
f 2037 2023 2035
f 2035 2023 2022
f 2035 2022 2012
f 2012 2022 2019
f 2012 2019 2013
f 2013 2019 2018
f 2013 2018 2020
f 2020 2018 1586
f 2020 1586 1592
f 1819 2040 1820
f 1820 2040 2041
f 1820 2041 1822
f 1822 2041 1823
f 2042 2043 2044
f 2041 2045 1823
f 1823 2045 2046
f 1823 2046 1991
f 2044 2047 2042
f 2042 2047 2048
f 2042 2048 2049
f 2049 2048 2046
f 2049 2046 2050
f 2050 2046 2045
f 2050 2045 2051
f 2051 2045 2041
f 2051 2041 2052
f 2052 2041 2040
f 2052 2040 2053
f 2053 2040 1795
f 2053 1795 1746
f 2047 2054 2048
f 2048 2054 2055
f 2048 2055 2056
f 1991 2046 1989
f 1989 2046 2048
f 1989 2048 1988
f 1988 2048 2056
f 1988 2056 1987
f 1794 1795 2011
f 2011 1795 2040
f 2011 2040 2010
f 2010 2040 1819
f 2036 2034 2057
f 2058 2059 2060
f 1728 1727 2061
f 2014 2030 2062
f 2063 2064 2065
f 2065 2064 2066
f 2065 2066 2067
f 2067 2066 2068
f 2067 2068 2069
f 2069 2068 2070
f 2071 2072 2073
f 2073 2072 2060
f 2073 2060 2074
f 2074 2060 2059
f 1747 1754 2075
f 2076 2064 2077
f 2077 2064 2063
f 2077 2063 2078
f 2078 2063 2079
f 2078 2079 2080
f 2080 2079 2081
f 2080 2081 2075
f 2075 2081 1749
f 2075 1749 1747
f 1747 1749 1748
f 2082 1752 1751
f 1727 1698 2061
f 2061 1698 2016
f 2061 2016 2083
f 2083 2016 2015
f 2083 2015 2039
f 1754 1752 2075
f 2075 1752 2082
f 2075 2082 2080
f 2080 2082 2084
f 2080 2084 2078
f 2078 2084 2085
f 2078 2085 2077
f 2077 2085 2057
f 2077 2057 2076
f 2076 2057 2034
f 2076 2034 2033
f 1746 1745 2053
f 2053 1745 2086
f 2053 2086 2052
f 2052 2086 2087
f 2052 2087 2051
f 2051 2087 2088
f 2051 2088 2050
f 2050 2088 2089
f 2050 2089 2049
f 1745 2090 2086
f 2086 2090 2091
f 2086 2091 2087
f 2087 2091 2092
f 2087 2092 2088
f 2088 2092 2093
f 2088 2093 2089
f 2027 2026 2094
f 2027 2094 2030
f 2030 2094 2058
f 2030 2058 2062
f 2062 2058 2060
f 2062 2060 2095
f 2095 2060 2072
f 2095 2072 2096
f 2097 2069 2098
f 2098 2069 2070
f 2098 2070 2099
f 2099 2070 2100
f 2033 2014 2076
f 2076 2014 2062
f 2076 2062 2064
f 2064 2062 2095
f 2064 2095 2066
f 2066 2095 2096
f 2066 2096 2068
f 2068 2096 2072
f 2068 2072 2070
f 2070 2072 2101
f 2070 2101 2100
f 1751 1728 2082
f 2082 1728 2061
f 2082 2061 2084
f 2084 2061 2083
f 2084 2083 2085
f 2085 2083 2039
f 2085 2039 2057
f 2057 2039 2038
f 2057 2038 2036
f 2043 2042 2097
f 2097 2042 2049
f 2097 2049 2069
f 2069 2049 2089
f 2069 2089 2067
f 2067 2089 2093
f 2067 2093 2065
f 2065 2093 2092
f 2065 2092 2063
f 2063 2092 2091
f 2063 2091 2079
f 2079 2091 2090
f 2079 2090 2081
f 2081 2090 1745
f 2081 1745 1749
f 1749 1745 1744
f 1749 1744 1750
f 2102 2103 2104
f 2105 2106 2107
f 2107 2106 2108
f 2107 2108 2109
f 2109 2108 1280
f 1280 1279 2109
f 2109 1279 1278
f 2109 1278 1277
f 2110 1275 1273
f 2111 1272 2108
f 2108 1272 1281
f 2108 1281 1280
f 1275 2110 1276
f 1276 2110 2112
f 1276 2112 1267
f 1267 2112 1268
f 1268 2112 2113
f 1268 2113 1270
f 2102 2104 2114
f 2106 2115 2108
f 2108 2115 2116
f 2108 2116 2117
f 2118 2111 2119
f 2119 2111 2108
f 2119 2108 2120
f 2120 2108 2117
f 2118 2121 2111
f 2111 2121 2122
f 2111 2122 2104
f 2104 2122 2123
f 2104 2123 2114
f 1273 1272 2110
f 2110 1272 2111
f 2110 2111 2112
f 2112 2111 2104
f 2112 2104 2113
f 2113 2104 2103
f 2124 2125 2126
f 1440 1439 2127
f 1465 1464 2128
f 1361 1371 2129
f 1367 1368 2130
f 2131 2132 2133
f 2133 2134 2131
f 2131 2134 2135
f 2131 2135 1438
f 2132 2131 2136
f 2136 2131 2137
f 2136 2137 2138
f 2139 2140 2141
f 2142 2143 2144
f 2144 2143 2145
f 2144 2145 2139
f 2139 2145 2146
f 2139 2146 2140
f 2147 2148 2149
f 2150 2151 2152
f 2148 2147 2153
f 2153 2147 2154
f 2153 2154 2155
f 2156 2157 2150
f 2150 2157 2158
f 2150 2158 2151
f 2159 2160 2161
f 2161 2160 2162
f 2161 2162 2163
f 2164 2165 2166
f 2166 2165 2167
f 2166 2167 2168
f 2169 2170 2171
f 2170 2169 2172
f 2172 2169 2173
f 2172 2173 2174
f 2175 2176 2177
f 2177 2176 2178
f 2178 2176 2179
f 2179 2176 2180
f 2179 2180 2181
f 2181 2180 1490
f 2181 1490 1497
f 1368 1365 2130
f 2130 1365 1364
f 2130 1364 2176
f 2176 1364 1492
f 2176 1492 2180
f 2180 1492 1491
f 2180 1491 1490
f 1370 1369 2182
f 2182 1369 1366
f 1373 1372 2183
f 2183 1372 1363
f 2183 1363 1362
f 1375 1374 2184
f 1353 1377 2185
f 2185 1377 1376
f 1353 2185 1354
f 1354 2185 2186
f 1354 2186 1355
f 1357 1356 2187
f 1349 1360 2188
f 2188 1360 1359
f 2188 1359 2187
f 2187 1359 1358
f 2187 1358 1357
f 2189 1507 1350
f 2190 1512 1511
f 1511 1510 2190
f 2190 1510 1509
f 2190 1509 2189
f 2189 1509 1508
f 2189 1508 1507
f 1461 1460 2191
f 2191 1460 1459
f 2191 1459 1458
f 1448 1447 2192
f 2192 1447 1462
f 1464 1463 2128
f 2128 1463 1450
f 2128 1450 2192
f 2192 1450 1449
f 2192 1449 1448
f 1439 1441 2127
f 2127 1441 1442
f 2127 1442 2128
f 2128 1442 1443
f 2128 1443 1465
f 1437 1436 2193
f 2193 1436 1435
f 1444 2194 1445
f 1445 2194 2193
f 1445 2193 1446
f 1446 2193 1435
f 1366 1367 2182
f 2182 1367 2130
f 2182 2130 2173
f 2173 2130 2176
f 2173 2176 2174
f 2174 2176 2175
f 1356 1355 2187
f 2187 1355 2186
f 2187 2186 2188
f 2188 2186 2195
f 2188 2195 2196
f 1362 1361 2183
f 2183 1361 2129
f 2183 2129 2197
f 2197 2129 2198
f 2197 2198 2199
f 2199 2198 2200
f 2199 2200 2201
f 1371 1370 2129
f 2129 1370 2182
f 2129 2182 2198
f 2198 2182 2173
f 2198 2173 2200
f 2200 2173 2169
f 2202 2203 2204
f 2204 2203 2205
f 2204 2205 2206
f 2206 2205 2207
f 2168 2159 2166
f 2166 2159 2161
f 2166 2161 2156
f 2156 2161 2163
f 2156 2163 2157
f 2125 2124 2208
f 2208 2124 2191
f 2208 2191 2190
f 2190 2191 1458
f 2190 1458 1512
f 2195 2207 2196
f 2196 2207 2205
f 2196 2205 2209
f 2209 2205 2203
f 2171 2210 2169
f 2169 2210 2164
f 2169 2164 2200
f 2200 2164 2166
f 2200 2166 2201
f 2201 2166 2156
f 2201 2156 2211
f 2211 2156 2150
f 2211 2150 2154
f 2154 2150 2152
f 2154 2152 2155
f 1374 1373 2184
f 2184 1373 2183
f 2184 2183 2212
f 2212 2183 2197
f 2212 2197 2213
f 2213 2197 2199
f 2213 2199 2214
f 2214 2199 2201
f 2214 2201 2215
f 2215 2201 2211
f 2215 2211 2216
f 2216 2211 2154
f 2216 2154 2144
f 2144 2154 2147
f 2144 2147 2142
f 2142 2147 2149
f 1444 1440 2194
f 2194 1440 2127
f 2194 2127 2126
f 2126 2127 2128
f 2126 2128 2124
f 2124 2128 2192
f 2124 2192 2191
f 2191 2192 1462
f 2191 1462 1461
f 1376 1375 2185
f 2185 1375 2184
f 2185 2184 2186
f 2186 2184 2212
f 2186 2212 2195
f 2195 2212 2213
f 2195 2213 2207
f 2207 2213 2214
f 2207 2214 2206
f 2206 2214 2215
f 2206 2215 2204
f 2204 2215 2216
f 2204 2216 2202
f 2202 2216 2144
f 2202 2144 2137
f 2137 2144 2139
f 2137 2139 2138
f 2138 2139 2141
f 1350 1349 2189
f 2189 1349 2188
f 2189 2188 2190
f 2190 2188 2196
f 2190 2196 2208
f 2208 2196 2209
f 2208 2209 2125
f 2125 2209 2203
f 2125 2203 2126
f 2126 2203 2202
f 2126 2202 2194
f 2194 2202 2137
f 2194 2137 2193
f 2193 2137 2131
f 2193 2131 1437
f 1437 2131 1438
f 2217 2218 2219
f 1495 2220 1496
f 1496 2220 2221
f 1496 2221 1497
f 2222 2223 2224
f 2224 2223 2225
f 2224 2225 2226
f 2226 2225 2227
f 2225 1477 2227
f 2227 1477 1476
f 2227 1476 1475
f 1519 2226 1522
f 1522 2226 2227
f 1522 2227 1533
f 1533 2227 1475
f 1533 1475 1479
f 2228 2229 2230
f 2230 2229 2231
f 2230 2231 2232
f 2232 2231 2233
f 1494 1493 2234
f 2228 2235 2229
f 2229 2235 2236
f 2229 2236 2220
f 2220 2236 2237
f 2220 2237 2221
f 2238 2239 2240
f 2241 2242 2243
f 2243 2242 2244
f 2243 2244 2245
f 2217 2219 2246
f 2219 2247 2248
f 2248 2247 2249
f 2248 2249 2222
f 2222 2249 2234
f 2222 2234 2223
f 2250 2251 2252
f 2252 2253 2250
f 2250 2253 2254
f 2250 2254 2255
f 2255 2254 2256
f 2255 2256 2257
f 1523 2252 1524
f 1524 2252 2251
f 1524 2251 1526
f 1526 2251 1528
f 1517 1530 2258
f 2240 2241 2238
f 2238 2241 2243
f 2238 2243 2259
f 2259 2243 2260
f 2259 2260 2261
f 2261 2260 2262
f 2261 2262 2263
f 2263 2262 2264
f 2263 2264 2258
f 2258 2264 2265
f 2258 2265 1517
f 1517 2265 1515
f 1530 1528 2258
f 2258 1528 2251
f 2258 2251 2263
f 2263 2251 2250
f 2263 2250 2261
f 2261 2250 2255
f 2261 2255 2259
f 2259 2255 2257
f 2259 2257 2238
f 2234 1493 2223
f 2223 1493 1489
f 2223 1489 2225
f 2225 1489 1488
f 2225 1488 1477
f 2218 2266 2219
f 2219 2266 2267
f 2219 2267 2247
f 2247 2267 2268
f 2247 2268 2269
f 2269 2233 2247
f 2247 2233 2231
f 2247 2231 2249
f 2249 2231 2229
f 2249 2229 2234
f 2234 2229 2220
f 2234 2220 1494
f 1494 2220 1495
f 2245 2246 2243
f 2243 2246 2219
f 2243 2219 2260
f 2260 2219 2248
f 2260 2248 2262
f 2262 2248 2222
f 2262 2222 2264
f 2264 2222 2224
f 2264 2224 2265
f 2265 2224 2226
f 2265 2226 1515
f 1515 2226 1519
f 2270 2271 2272
f 2273 2274 2275
f 2276 2256 2254
f 2277 2278 2279
f 2280 2281 2277
f 2278 1270 2279
f 2279 1270 2113
f 2279 2113 2282
f 2282 2113 2103
f 2282 2103 2102
f 2282 2283 2279
f 2279 2283 2284
f 2279 2284 2285
f 2277 2281 1557
f 1557 2281 2286
f 1557 2286 1555
f 2285 2287 2279
f 2279 2287 2288
f 2279 2288 2277
f 2277 2288 2289
f 2277 2289 2280
f 1557 1560 2277
f 2277 1560 1559
f 2277 1559 2278
f 2278 1559 1558
f 2278 1558 1270
f 2273 2254 2253
f 1554 1553 2290
f 2290 1553 2291
f 2290 2291 2292
f 1523 1554 2252
f 2252 1554 2290
f 2252 2290 2293
f 2293 2290 2292
f 2293 2292 2294
f 2256 2276 2257
f 2257 2276 2295
f 2257 2295 2238
f 2296 2270 2297
f 2297 2270 2272
f 2297 2272 2275
f 2254 2273 2276
f 2276 2273 2275
f 2276 2275 2295
f 2295 2275 2272
f 2295 2272 2238
f 2238 2272 2271
f 2238 2271 2239
f 2114 2298 2102
f 2102 2298 2299
f 2102 2299 2282
f 2282 2299 2300
f 2282 2300 2283
f 1553 1551 2291
f 2291 1551 1549
f 2291 1549 1548
f 2289 2294 2280
f 2280 2294 2292
f 2280 2292 2281
f 2281 2292 2291
f 2281 2291 2286
f 2286 2291 1548
f 2286 1548 1555
f 2301 2302 2289
f 2301 2289 2303
f 2287 2304 2288
f 2288 2304 2305
f 2288 2305 2289
f 2289 2305 2306
f 2289 2306 2303
f 2253 2252 2273
f 2273 2252 2293
f 2273 2293 2274
f 2274 2293 2294
f 2274 2294 2275
f 2275 2294 2289
f 2275 2289 2297
f 2297 2289 2302
f 2297 2302 2296
f 2141 2140 2307
f 2308 2309 2310
f 2311 2312 2313
f 2151 2158 2314
f 2315 2316 2317
f 2163 2162 2318
f 2319 2320 2321
f 2321 2320 2322
f 1667 1676 2323
f 2323 1676 1675
f 2323 1675 1674
f 1634 1635 2324
f 2324 1635 2325
f 2324 2325 2326
f 1623 1624 2324
f 2324 1624 1633
f 2324 1633 1634
f 1648 1650 2327
f 2327 1650 1654
f 2327 1654 1653
f 1653 1619 2327
f 2327 1619 1621
f 2327 1621 2328
f 2329 1609 2330
f 2330 1609 1646
f 2331 1604 2329
f 2329 1604 1603
f 2329 1603 1609
f 1601 1600 2331
f 2331 1600 1605
f 2331 1605 1604
f 1594 1587 2312
f 2312 1587 1588
f 2312 1588 2313
f 2313 1588 1602
f 2313 1602 1601
f 2332 2333 2334
f 2334 2333 2335
f 2336 2337 2338
f 2336 2338 2332
f 2332 2338 2333
f 2339 2340 2341
f 2341 2340 2336
f 2336 2340 2342
f 2336 2342 2337
f 2343 2344 2345
f 2345 2344 2346
f 2345 2346 2347
f 2348 2321 2349
f 2349 2321 2322
f 2349 2322 2350
f 2350 2322 2351
f 2341 2352 2353
f 2339 2341 2354
f 2354 2341 2353
f 2307 2355 2351
f 2140 2146 2307
f 2307 2146 2145
f 2307 2145 2355
f 2152 2356 2155
f 2155 2356 2357
f 2155 2357 2153
f 2153 2357 2148
f 2145 2143 2355
f 2355 2143 2142
f 2355 2142 2357
f 2357 2142 2149
f 2357 2149 2148
f 2351 2355 2350
f 2350 2355 2357
f 2350 2357 2349
f 2349 2357 2356
f 2349 2356 2348
f 2163 2318 2157
f 2315 2317 2358
f 2309 2358 2310
f 2310 2358 2317
f 2310 2317 2359
f 2359 2317 2318
f 2359 2318 2160
f 2160 2318 2162
f 2152 2151 2356
f 2356 2151 2314
f 2356 2314 2348
f 2348 2314 2360
f 2348 2360 2321
f 2321 2360 2361
f 2321 2361 2319
f 2133 2132 2362
f 2362 2132 2136
f 2362 2136 2138
f 1635 1667 2325
f 2325 1667 2323
f 2325 2323 2134
f 2134 2323 1674
f 2134 1674 2135
f 2135 1674 1670
f 2135 1670 1438
f 2363 2311 2364
f 2364 2311 2313
f 2364 2313 2365
f 2365 2313 2366
f 2365 2366 2367
f 2368 2369 2366
f 2366 2369 2367
f 1601 2331 2313
f 2313 2331 2329
f 2313 2329 2366
f 2366 2329 2330
f 2366 2330 2368
f 2370 2371 2330
f 2330 2371 2368
f 2372 2373 2374
f 2374 2373 2375
f 2374 2375 2370
f 2370 2375 2371
f 2335 2376 2334
f 2334 2376 2377
f 2334 2377 2374
f 2374 2377 2372
f 1621 1623 2328
f 2328 1623 2324
f 2328 2324 2378
f 2378 2324 2326
f 1646 1648 2330
f 2330 1648 2327
f 2330 2327 2370
f 2370 2327 2328
f 2370 2328 2374
f 2374 2328 2378
f 2374 2378 2334
f 2334 2378 2379
f 2334 2379 2332
f 2164 2210 2308
f 2160 2159 2359
f 2359 2159 2168
f 2359 2168 2310
f 2310 2168 2167
f 2310 2167 2308
f 2308 2167 2165
f 2308 2165 2164
f 2316 2380 2361
f 2361 2380 2381
f 2361 2381 2319
f 2158 2157 2314
f 2314 2157 2318
f 2314 2318 2360
f 2360 2318 2317
f 2360 2317 2361
f 2361 2317 2316
f 2138 2141 2362
f 2362 2141 2307
f 2362 2307 2347
f 2347 2307 2351
f 2347 2351 2345
f 2345 2351 2322
f 2345 2322 2343
f 2343 2322 2320
f 2134 2133 2325
f 2325 2133 2362
f 2325 2362 2326
f 2326 2362 2347
f 2326 2347 2378
f 2378 2347 2346
f 2378 2346 2379
f 2379 2346 2344
f 2379 2344 2332
f 2332 2344 2343
f 2332 2343 2336
f 2336 2343 2320
f 2336 2320 2341
f 2341 2320 2319
f 2341 2319 2352
f 2352 2319 2381
f 1695 1694 2382
f 2383 2384 2385
f 2385 2384 2386
f 2385 2386 2387
f 2382 1694 2388
f 2388 1694 1718
f 2388 1718 1717
f 2109 1277 1719
f 2109 2385 2107
f 2107 2385 2387
f 2107 2387 2105
f 1717 1716 2389
f 1717 2389 2388
f 2388 2389 2390
f 2388 2390 2391
f 2392 2382 2393
f 2393 2382 2388
f 2393 2388 2394
f 2394 2388 2391
f 2109 1719 2385
f 2385 1719 1720
f 2385 1720 2382
f 2382 1720 1721
f 2382 1721 1695
f 2392 2395 2382
f 2382 2395 2396
f 2382 2396 2385
f 2385 2396 2397
f 2385 2397 2383
f 2398 2399 2400
f 2401 2402 2403
f 2404 2401 2405
f 2406 2391 2390
f 2400 2399 2407
f 2407 2399 2408
f 2407 2408 2409
f 2409 2410 2407
f 2407 2410 2411
f 2407 2411 2412
f 2412 2411 2413
f 2412 2413 2414
f 2415 2405 2416
f 2416 2417 2415
f 2415 2417 2418
f 2415 2418 2419
f 2402 2401 2420
f 2420 2401 2404
f 2420 2404 2421
f 2422 2423 1737
f 1737 1736 2422
f 2422 1736 1743
f 2422 1743 2424
f 2424 1743 1741
f 2425 2426 2427
f 1778 2426 1760
f 1760 2426 2424
f 1760 2424 1740
f 1740 2424 1741
f 2400 2428 2429
f 2429 2428 2430
f 2429 2430 2431
f 2431 2430 2432
f 2431 2432 2433
f 2433 2432 2425
f 2389 1716 2434
f 2434 1716 1733
f 2434 1733 2435
f 1733 1735 2435
f 2435 1735 1739
f 2435 1739 2423
f 2423 1739 1738
f 2423 1738 1737
f 2403 2436 2401
f 2401 2436 2437
f 2401 2437 2405
f 2405 2437 2438
f 2405 2438 2416
f 2427 2439 2425
f 2425 2439 2421
f 2425 2421 2433
f 2433 2421 2404
f 2433 2404 2431
f 2431 2404 2405
f 2431 2405 2429
f 2429 2405 2415
f 2429 2415 2400
f 2400 2415 2419
f 2400 2419 2398
f 2426 2425 2424
f 2424 2425 2432
f 2424 2432 2422
f 2422 2432 2430
f 2422 2430 2423
f 2423 2430 2428
f 2423 2428 2435
f 2435 2428 2400
f 2435 2400 2434
f 2434 2400 2407
f 2434 2407 2389
f 2389 2407 2412
f 2389 2412 2390
f 2390 2412 2414
f 2390 2414 2406
f 1790 1793 2440
f 2441 2403 2402
f 1785 1786 2442
f 1788 1789 2443
f 2444 2445 1905
f 1905 1904 2444
f 2444 1904 1838
f 2444 1838 1837
f 2446 2440 1940
f 1793 1792 2440
f 2440 1792 1941
f 2440 1941 1940
f 2447 1791 1788
f 1791 2447 1786
f 2420 2421 2448
f 2448 2421 2439
f 2448 2439 2449
f 2449 2439 2427
f 2449 2427 2450
f 2451 2452 2453
f 2453 2452 2454
f 2453 2454 2455
f 2456 2457 2458
f 2451 2459 2452
f 2452 2459 2460
f 2452 2460 2461
f 2461 2460 2462
f 2461 2462 2463
f 2464 2465 2466
f 2466 2465 2461
f 2466 2461 2467
f 2467 2461 2463
f 1786 2447 2442
f 2442 2447 2468
f 2442 2468 2469
f 2469 2468 2470
f 2469 2470 2471
f 2471 2470 2472
f 2471 2472 2473
f 2464 2474 2465
f 2465 2474 2475
f 2465 2475 2402
f 2402 2475 2476
f 2402 2476 2441
f 1788 2443 2447
f 2447 2443 2477
f 2447 2477 2468
f 2468 2477 2456
f 2468 2456 2470
f 2470 2456 2458
f 2470 2458 2472
f 2478 2479 2480
f 2402 2473 2465
f 2465 2473 2472
f 2465 2472 2461
f 2461 2472 2458
f 2461 2458 2452
f 2452 2458 2457
f 2452 2457 2454
f 2454 2457 2480
f 1940 1938 2446
f 2446 1938 1936
f 2446 1936 2481
f 2481 1936 2482
f 1936 1934 2482
f 2482 1934 1932
f 2482 1932 2445
f 2445 1932 1931
f 2445 1931 1905
f 2479 2483 2480
f 2480 2483 2484
f 2480 2484 2454
f 2454 2484 2485
f 2454 2485 2455
f 2427 2426 2450
f 2450 2426 1778
f 2450 1778 1779
f 2402 2420 2473
f 2473 2420 2448
f 2473 2448 2471
f 2471 2448 2449
f 2471 2449 2469
f 2469 2449 2450
f 2469 2450 2442
f 2442 2450 1779
f 2442 1779 1785
f 1789 1790 2443
f 2443 1790 2440
f 2443 2440 2477
f 2477 2440 2446
f 2477 2446 2456
f 2456 2446 2481
f 2456 2481 2457
f 2457 2481 2482
f 2457 2482 2480
f 2480 2482 2445
f 2480 2445 2478
f 2478 2445 2444
f 1852 1851 2486
f 2487 2488 2489
f 2489 2488 2490
f 2489 2490 2491
f 2491 2490 2492
f 2493 2494 2495
f 2495 2494 2496
f 2495 2496 2497
f 2497 2496 2498
f 2497 2498 2499
f 2500 2501 2502
f 2502 2501 2503
f 2502 2503 2504
f 2504 2503 2505
f 2504 2505 2506
f 2506 2505 2507
f 2506 2507 2508
f 2509 2510 2511
f 2511 2510 2512
f 2511 2512 2502
f 2502 2512 2513
f 2502 2513 2500
f 2514 2515 2516
f 2514 2516 2517
f 2518 2519 2520
f 2520 2519 2521
f 2520 2521 2522
f 2523 2524 2525
f 2524 2526 2525
f 2525 2526 2527
f 2525 2527 2528
f 2529 2530 2531
f 2531 2530 2532
f 2531 2532 2533
f 1976 1975 2534
f 2534 1975 1987
f 1987 2535 2534
f 2534 2535 2536
f 2534 2536 2529
f 2529 2536 2537
f 2529 2537 2530
f 1859 1857 2538
f 2538 1857 1856
f 2538 1856 2529
f 2529 1856 1979
f 2529 1979 2534
f 2534 1979 1978
f 2534 1978 1976
f 1863 1862 2538
f 2538 1862 1861
f 2538 1861 1859
f 2486 1851 2539
f 1865 1855 2486
f 2486 1855 1854
f 2486 1854 1852
f 1871 1870 2540
f 2540 1870 1868
f 2540 1868 1866
f 1843 1842 2541
f 2541 1842 1841
f 2541 1841 1840
f 1847 1849 2542
f 2542 1849 1850
f 2542 1850 1845
f 1984 1983 2543
f 2543 1983 1981
f 2543 1981 1980
f 1984 2543 1986
f 1986 2543 2544
f 1986 2544 1911
f 1886 1885 2545
f 1886 2545 1827
f 2546 1888 1828
f 1888 2546 1889
f 1889 2546 2547
f 1889 2547 1890
f 2548 1891 1893
f 2549 1883 2548
f 2548 1883 1882
f 2548 1882 1891
f 2550 1831 2549
f 2549 1831 1830
f 2549 1830 1883
f 1897 2551 2552
f 2552 2551 2550
f 1897 1896 2551
f 2551 1896 1895
f 2551 1895 2550
f 2550 1895 1894
f 2550 1894 1831
f 1834 1833 2553
f 2553 1833 1873
f 2553 1873 2552
f 2552 1873 1872
f 2552 1872 1897
f 2554 1880 1878
f 1878 1877 2554
f 2554 1877 1876
f 2554 1876 2553
f 2553 1876 1875
f 2553 1875 1834
f 2487 1837 2488
f 2488 1837 1836
f 2488 1836 1907
f 2509 2511 2555
f 2555 2511 2502
f 2555 2502 2556
f 2556 2502 2504
f 2556 2504 2557
f 2522 2517 2520
f 2520 2517 2516
f 2520 2516 2558
f 2558 2516 2559
f 2558 2559 2560
f 2561 2560 2557
f 2557 2560 2559
f 2557 2559 2556
f 2556 2559 2516
f 2556 2516 2555
f 2555 2516 2515
f 2555 2515 2509
f 2562 2563 2564
f 2564 2563 2565
f 2564 2565 2566
f 1907 1881 2488
f 2488 1881 1880
f 2488 1880 2490
f 2490 1880 2554
f 2490 2554 2567
f 2567 2554 2553
f 2567 2553 2568
f 2568 2553 2552
f 2568 2552 2569
f 2569 2552 2550
f 2569 2550 2570
f 2570 2550 2549
f 2570 2549 2547
f 2547 2549 2548
f 2547 2548 1890
f 1890 2548 1893
f 2533 2523 2531
f 2531 2523 2525
f 2531 2525 2529
f 2529 2525 2571
f 2529 2571 2538
f 2538 2571 2539
f 2538 2539 1863
f 1863 2539 1851
f 2508 2493 2506
f 2506 2493 2495
f 2506 2495 2504
f 2504 2495 2572
f 2504 2572 2557
f 2557 2572 2573
f 2557 2573 2561
f 2561 2573 2574
f 2561 2574 2575
f 2575 2574 2576
f 2575 2576 2544
f 2544 2576 2545
f 2544 2545 1911
f 1911 2545 1885
f 2499 2492 2497
f 2497 2492 2490
f 2497 2490 2495
f 2495 2490 2567
f 2495 2567 2572
f 2572 2567 2568
f 2572 2568 2573
f 2573 2568 2569
f 2573 2569 2574
f 2574 2569 2570
f 2574 2570 2576
f 2576 2570 2547
f 2576 2547 2545
f 2545 2547 2546
f 2545 2546 1827
f 1827 2546 1828
f 2528 2518 2525
f 2525 2518 2562
f 2525 2562 2571
f 2571 2562 2564
f 2571 2564 2539
f 2539 2564 2566
f 2539 2566 2486
f 2486 2566 2540
f 2486 2540 1865
f 1865 2540 1866
f 1840 1871 2541
f 2541 1871 2540
f 2541 2540 2577
f 2577 2540 2566
f 2577 2566 2578
f 2578 2566 2565
f 2563 2579 2565
f 2565 2579 2580
f 2565 2580 2578
f 2578 2580 2581
f 2578 2581 2577
f 2577 2581 2582
f 2577 2582 2541
f 2541 2582 2542
f 2541 2542 1843
f 1843 2542 1845
f 2518 2520 2562
f 2562 2520 2558
f 2562 2558 2563
f 2563 2558 2560
f 2563 2560 2579
f 2579 2560 2561
f 2579 2561 2580
f 2580 2561 2575
f 2580 2575 2581
f 2581 2575 2544
f 2581 2544 2582
f 2582 2544 2543
f 2582 2543 2542
f 2542 2543 1980
f 2542 1980 1847
f 2501 2500 2583
f 2583 2500 2584
f 2585 2586 2587
f 2588 2589 2590
f 2100 2101 2591
f 2021 2592 2020
f 2020 2592 2031
f 2363 2593 2311
f 2311 2593 2592
f 2311 2592 2312
f 2312 2592 2021
f 2312 2021 1594
f 2058 2094 2594
f 2594 2094 2026
f 2025 2029 2595
f 2595 2029 2028
f 2595 2028 2592
f 2592 2028 2032
f 2592 2032 2031
f 2596 2074 2059
f 2101 2072 2591
f 2591 2072 2071
f 2591 2071 2073
f 2098 2099 2597
f 2597 2099 2598
f 2597 2598 2599
f 2044 2043 2597
f 2597 2043 2097
f 2597 2097 2098
f 2600 2601 2047
f 2056 2055 2601
f 2601 2055 2054
f 2601 2054 2047
f 2602 2603 2604
f 2605 2606 2607
f 2608 2609 2605
f 2610 2611 2612
f 2604 2613 2602
f 2602 2613 2614
f 2602 2614 2615
f 2615 2614 2616
f 2605 2607 2608
f 2608 2607 2617
f 2608 2617 2618
f 2618 2617 2619
f 2618 2619 2620
f 2621 2622 2618
f 2612 2609 2610
f 2610 2609 2608
f 2610 2608 2623
f 2623 2608 2624
f 2618 2622 2608
f 2608 2622 2624
f 2099 2100 2598
f 2598 2100 2591
f 2598 2591 2596
f 2596 2591 2073
f 2596 2073 2074
f 2625 2588 2626
f 2626 2588 2590
f 2626 2590 2627
f 2627 2590 2628
f 2627 2628 2629
f 2629 2628 2615
f 2629 2615 2630
f 2630 2615 2616
f 2631 2632 2633
f 2634 2633 2596
f 2596 2633 2632
f 2596 2632 2598
f 2598 2632 2635
f 2598 2635 2599
f 2599 2635 2636
f 2599 2636 2637
f 2637 2636 2638
f 2631 2625 2632
f 2632 2625 2626
f 2632 2626 2635
f 2635 2626 2627
f 2635 2627 2636
f 2636 2627 2629
f 2636 2629 2638
f 2638 2629 2630
f 2026 2025 2594
f 2594 2025 2595
f 2594 2595 2587
f 2587 2595 2592
f 2593 2639 2592
f 2592 2639 2640
f 2592 2640 2587
f 2587 2640 2641
f 2587 2641 2585
f 2059 2058 2596
f 2596 2058 2594
f 2596 2594 2634
f 2634 2594 2587
f 2634 2587 2642
f 2642 2587 2586
f 2643 2524 2644
f 2644 2524 2523
f 2644 2523 2533
f 1987 2056 2535
f 2535 2056 2601
f 2535 2601 2536
f 2536 2601 2600
f 2533 2532 2644
f 2644 2532 2530
f 2644 2530 2600
f 2600 2530 2537
f 2600 2537 2536
f 2508 2507 2645
f 2645 2507 2505
f 2645 2505 2646
f 2646 2505 2583
f 2583 2505 2503
f 2583 2503 2501
f 2518 2647 2519
f 2519 2647 2648
f 2519 2648 2521
f 2521 2648 2522
f 2522 2648 2649
f 2522 2649 2517
f 2510 2650 2512
f 2512 2650 2584
f 2512 2584 2513
f 2513 2584 2500
f 2510 2509 2650
f 2650 2509 2515
f 2650 2515 2649
f 2649 2515 2514
f 2649 2514 2517
f 2651 2652 2583
f 2603 2653 2654
f 2603 2654 2604
f 2604 2654 2655
f 2583 2652 2646
f 2646 2652 2645
f 2518 2528 2647
f 2647 2528 2527
f 2647 2527 2643
f 2643 2527 2526
f 2643 2526 2524
f 2589 2656 2620
f 2590 2589 2620
f 2590 2620 2628
f 2628 2620 2619
f 2628 2619 2615
f 2615 2619 2617
f 2615 2617 2602
f 2602 2617 2607
f 2602 2607 2603
f 2603 2607 2606
f 2603 2606 2653
f 2656 2657 2620
f 2620 2657 2658
f 2620 2658 2618
f 2618 2658 2621
f 2047 2044 2600
f 2600 2044 2597
f 2600 2597 2644
f 2644 2597 2599
f 2644 2599 2643
f 2643 2599 2637
f 2643 2637 2647
f 2647 2637 2638
f 2647 2638 2648
f 2648 2638 2630
f 2648 2630 2649
f 2649 2630 2616
f 2649 2616 2650
f 2650 2616 2614
f 2650 2614 2584
f 2584 2614 2613
f 2584 2613 2583
f 2583 2613 2604
f 2583 2604 2651
f 2651 2604 2655
f 2659 2660 2661
f 2662 2663 2664
f 2665 2666 2667
f 2668 2669 2670
f 2381 2380 2671
f 2671 2380 2316
f 2669 2668 2672
f 2174 2175 2673
f 2218 2217 2674
f 2675 2676 2242
f 2677 2678 2679
f 2677 2679 2680
f 2680 2679 2681
f 2680 2681 2682
f 2683 2120 2677
f 2677 2120 2117
f 2105 2684 2106
f 2106 2684 2678
f 2106 2678 2115
f 2115 2678 2677
f 2115 2677 2116
f 2116 2677 2117
f 2122 2121 2685
f 2685 2121 2118
f 2685 2118 2683
f 2683 2118 2119
f 2683 2119 2120
f 2298 2114 2686
f 2686 2114 2123
f 2686 2123 2687
f 2661 2285 2284
f 2661 2284 2688
f 2284 2283 2688
f 2688 2283 2300
f 2688 2300 2686
f 2686 2300 2299
f 2686 2299 2298
f 2296 2302 2689
f 2689 2302 2660
f 2689 2660 2690
f 2302 2301 2660
f 2660 2301 2303
f 2660 2303 2306
f 2306 2305 2660
f 2660 2305 2304
f 2660 2304 2661
f 2661 2304 2287
f 2661 2287 2285
f 2241 2240 2691
f 2691 2240 2239
f 2691 2239 2692
f 2692 2239 2271
f 2692 2271 2270
f 2674 2217 2693
f 2217 2246 2693
f 2693 2246 2245
f 2693 2245 2676
f 2676 2245 2244
f 2676 2244 2242
f 2233 2269 2694
f 2269 2268 2694
f 2694 2268 2267
f 2694 2267 2674
f 2674 2267 2266
f 2674 2266 2218
f 2695 2228 2696
f 2696 2228 2230
f 2696 2230 2232
f 2237 2236 2695
f 2695 2236 2235
f 2695 2235 2228
f 2177 2178 2695
f 2695 2178 2179
f 2695 2179 2181
f 2237 2695 2221
f 2221 2695 2181
f 2221 2181 1497
f 2174 2673 2172
f 2171 2170 2697
f 2697 2170 2172
f 2697 2698 2699
f 2699 2698 2700
f 2699 2700 2701
f 2702 2703 2696
f 2696 2703 2673
f 2696 2673 2695
f 2695 2673 2175
f 2695 2175 2177
f 2242 2241 2675
f 2675 2241 2691
f 2675 2691 2690
f 2690 2691 2692
f 2690 2692 2689
f 2689 2692 2270
f 2689 2270 2296
f 2659 2704 2660
f 2660 2704 2705
f 2660 2705 2690
f 2690 2705 2706
f 2690 2706 2675
f 2675 2706 2707
f 2675 2707 2676
f 2172 2673 2697
f 2697 2673 2703
f 2697 2703 2698
f 2698 2703 2702
f 2698 2702 2700
f 2700 2702 2708
f 2700 2708 2701
f 2709 2710 2711
f 2702 2709 2708
f 2708 2709 2711
f 2708 2711 2668
f 2668 2711 2710
f 2668 2710 2672
f 2662 2664 2712
f 2666 2665 2671
f 2671 2665 2352
f 2671 2352 2381
f 2713 2714 2715
f 2232 2233 2696
f 2696 2233 2694
f 2696 2694 2702
f 2702 2694 2674
f 2702 2674 2709
f 2709 2674 2693
f 2709 2693 2710
f 2710 2693 2676
f 2710 2676 2672
f 2672 2676 2707
f 2672 2707 2669
f 2669 2707 2706
f 2669 2706 2670
f 2670 2706 2705
f 2670 2705 2715
f 2715 2705 2704
f 2715 2704 2713
f 2716 2685 2717
f 2717 2685 2683
f 2717 2683 2718
f 2718 2683 2677
f 2718 2677 2680
f 2719 2720 2721
f 2685 2716 2722
f 2685 2722 2720
f 2720 2722 2721
f 2353 2723 2354
f 2354 2723 2339
f 2664 2663 2339
f 2664 2339 2667
f 2667 2339 2723
f 2667 2723 2665
f 2665 2723 2353
f 2665 2353 2352
f 2210 2171 2308
f 2308 2171 2697
f 2308 2697 2309
f 2309 2697 2699
f 2309 2699 2358
f 2358 2699 2315
f 2714 2712 2715
f 2715 2712 2664
f 2715 2664 2670
f 2670 2664 2667
f 2670 2667 2668
f 2668 2667 2666
f 2668 2666 2708
f 2708 2666 2671
f 2708 2671 2701
f 2701 2671 2316
f 2701 2316 2699
f 2699 2316 2315
f 2713 2704 2724
f 2724 2704 2659
f 2724 2659 2725
f 2725 2659 2726
f 2721 2727 2719
f 2719 2727 2728
f 2719 2728 2729
f 2729 2728 2730
f 2123 2122 2687
f 2687 2122 2685
f 2687 2685 2686
f 2686 2685 2720
f 2686 2720 2688
f 2688 2720 2719
f 2688 2719 2661
f 2661 2719 2729
f 2661 2729 2659
f 2659 2729 2730
f 2659 2730 2726
f 2731 2732 2733
f 2734 2735 2736
f 2736 2735 2737
f 2736 2737 2738
f 2738 2739 2736
f 2736 2739 2740
f 2741 2742 2743
f 2743 2742 2744
f 2743 2744 2745
f 2746 2747 2748
f 2748 2747 2749
f 2748 2749 2750
f 2750 2749 2751
f 2746 2752 2747
f 2747 2752 2753
f 2747 2753 2744
f 2744 2753 2754
f 2744 2754 2745
f 2741 2755 2742
f 2742 2755 2756
f 2742 2756 2736
f 2736 2756 2757
f 2736 2757 2734
f 2758 2759 2760
f 2758 2760 2761
f 2740 2762 2736
f 2736 2762 2763
f 2736 2763 2742
f 2742 2763 2764
f 2742 2764 2744
f 2744 2764 2765
f 2744 2765 2747
f 2747 2765 2766
f 2747 2766 2749
f 2749 2766 2767
f 2749 2767 2768
f 2768 2767 2761
f 2768 2761 2769
f 2769 2761 2760
f 2733 2732 2758
f 2758 2732 2770
f 2758 2770 2759
f 2771 2772 2773
f 2773 2772 2774
f 2773 2774 2775
f 2771 2776 2772
f 2772 2776 2777
f 2772 2777 2778
f 2778 2779 2772
f 2772 2779 2780
f 2772 2780 2733
f 2733 2780 2781
f 2733 2781 2731
f 2782 2783 2377
f 2377 2376 2782
f 2782 2376 2335
f 2782 2335 2784
f 2335 2333 2784
f 2784 2333 2785
f 2785 2333 2338
f 2785 2338 2337
f 2785 2337 2342
f 2785 2342 2786
f 2340 2339 2787
f 2787 2788 2340
f 2340 2788 2786
f 2340 2786 2342
f 2789 2369 2790
f 2369 2368 2790
f 2790 2368 2791
f 2791 2368 2371
f 2363 2364 2792
f 2792 2364 2365
f 2792 2365 2789
f 2789 2365 2367
f 2789 2367 2369
f 2792 2793 2794
f 2792 2794 2363
f 2371 2375 2791
f 2791 2375 2795
f 2795 2375 2373
f 2795 2373 2783
f 2783 2373 2372
f 2783 2372 2377
f 2796 2797 2798
f 2775 2774 2797
f 2797 2774 2798
f 2769 2799 2768
f 2768 2799 2800
f 2768 2800 2749
f 2749 2800 2801
f 2749 2801 2751
f 2788 2798 2786
f 2786 2798 2774
f 2786 2774 2785
f 2785 2774 2772
f 2785 2772 2784
f 2784 2772 2733
f 2784 2733 2782
f 2782 2733 2758
f 2782 2758 2783
f 2783 2758 2761
f 2783 2761 2795
f 2795 2761 2767
f 2795 2767 2791
f 2791 2767 2766
f 2791 2766 2790
f 2790 2766 2765
f 2790 2765 2789
f 2789 2765 2764
f 2789 2764 2792
f 2792 2764 2763
f 2792 2763 2793
f 2793 2763 2762
f 2802 2803 2804
f 2804 2803 2805
f 2806 2807 2808
f 2809 2810 2811
f 2605 2609 2812
f 2813 2814 2815
f 2410 2409 2816
f 2403 2441 2817
f 2817 2441 2476
f 2462 2460 2818
f 2487 2489 2819
f 2492 2499 2820
f 2493 2508 2645
f 2498 2496 2821
f 2821 2496 2494
f 2492 2820 2491
f 2483 2479 2819
f 2819 2479 2478
f 2819 2478 2487
f 2487 2478 2444
f 2487 2444 1837
f 2455 2485 2822
f 2822 2485 2819
f 2819 2485 2484
f 2819 2484 2483
f 2460 2459 2818
f 2818 2459 2451
f 2818 2451 2822
f 2822 2451 2453
f 2822 2453 2455
f 2462 2823 2463
f 2463 2823 2467
f 2467 2823 2466
f 2466 2823 2824
f 2466 2824 2464
f 2464 2824 2474
f 2474 2824 2825
f 2474 2825 2475
f 2438 2437 2826
f 2826 2437 2436
f 2436 2403 2826
f 2826 2403 2817
f 2826 2817 2825
f 2825 2817 2476
f 2825 2476 2475
f 2399 2398 2827
f 2816 2409 2827
f 2827 2409 2408
f 2827 2408 2399
f 2398 2419 2827
f 2827 2419 2418
f 2827 2418 2828
f 2828 2418 2417
f 2828 2417 2416
f 2410 2816 2411
f 2411 2816 2829
f 2411 2829 2413
f 2392 2393 2830
f 2830 2393 2394
f 2830 2394 2831
f 2394 2391 2831
f 2831 2391 2406
f 2831 2406 2829
f 2829 2406 2414
f 2829 2414 2413
f 2395 2832 2396
f 2396 2832 2833
f 2396 2833 2397
f 2387 2386 2834
f 2834 2386 2384
f 2834 2384 2833
f 2833 2384 2383
f 2833 2383 2397
f 2679 2678 2834
f 2834 2678 2387
f 2387 2678 2684
f 2387 2684 2105
f 2835 2682 2681
f 2655 2836 2837
f 2645 2652 2837
f 2837 2652 2651
f 2837 2651 2655
f 2489 2491 2819
f 2819 2491 2820
f 2819 2820 2822
f 2822 2820 2838
f 2822 2838 2818
f 2818 2838 2839
f 2840 2841 2813
f 2813 2841 2842
f 2813 2842 2814
f 2843 2844 2815
f 2815 2844 2845
f 2815 2845 2813
f 2843 2846 2844
f 2844 2846 2847
f 2844 2847 2832
f 2832 2847 2848
f 2848 2849 2832
f 2832 2849 2850
f 2832 2850 2833
f 2833 2850 2851
f 2827 2813 2816
f 2816 2813 2845
f 2816 2845 2829
f 2829 2845 2844
f 2829 2844 2831
f 2831 2844 2832
f 2831 2832 2830
f 2830 2832 2395
f 2830 2395 2392
f 2852 2834 2853
f 2853 2834 2833
f 2853 2833 2854
f 2854 2833 2851
f 2853 2855 2852
f 2852 2855 2835
f 2852 2835 2834
f 2834 2835 2679
f 2679 2835 2681
f 2856 2857 2858
f 2859 2860 2861
f 2812 2609 2612
f 2812 2612 2862
f 2862 2612 2611
f 2857 2856 2863
f 2860 2864 2862
f 2862 2864 2865
f 2862 2865 2812
f 2812 2865 2866
f 2812 2866 2605
f 2605 2866 2606
f 2611 2863 2862
f 2862 2863 2856
f 2862 2856 2860
f 2860 2856 2858
f 2860 2858 2861
f 2861 2858 2867
f 2861 2867 2859
f 2809 2811 2868
f 2806 2808 2869
f 2810 2869 2811
f 2811 2869 2808
f 2811 2808 2870
f 2864 2805 2865
f 2865 2805 2803
f 2865 2803 2866
f 2866 2803 2802
f 2866 2802 2871
f 2836 2655 2654
f 2836 2654 2871
f 2871 2654 2653
f 2871 2653 2866
f 2866 2653 2606
f 2859 2868 2860
f 2860 2868 2811
f 2860 2811 2864
f 2864 2811 2870
f 2864 2870 2805
f 2805 2870 2872
f 2805 2872 2804
f 2804 2872 2873
f 2804 2873 2802
f 2802 2873 2874
f 2802 2874 2871
f 2871 2874 2875
f 2871 2875 2836
f 2836 2875 2876
f 2836 2876 2837
f 2837 2876 2821
f 2837 2821 2645
f 2645 2821 2494
f 2645 2494 2493
f 2462 2818 2823
f 2823 2818 2839
f 2823 2839 2824
f 2824 2839 2877
f 2824 2877 2825
f 2416 2438 2828
f 2828 2438 2826
f 2828 2826 2878
f 2878 2826 2825
f 2878 2825 2879
f 2879 2825 2877
f 2499 2498 2820
f 2820 2498 2821
f 2820 2821 2838
f 2838 2821 2876
f 2838 2876 2839
f 2839 2876 2875
f 2839 2875 2877
f 2877 2875 2874
f 2877 2874 2879
f 2879 2874 2873
f 2879 2873 2878
f 2878 2873 2872
f 2878 2872 2828
f 2828 2872 2870
f 2828 2870 2827
f 2827 2870 2808
f 2827 2808 2813
f 2813 2808 2807
f 2813 2807 2840
f 2624 2622 2880
f 2881 2882 2880
f 2634 2642 2883
f 2884 2885 2886
f 2887 2888 2881
f 2889 2890 2891
f 2891 2890 2892
f 2893 2894 2890
f 2890 2894 2895
f 2892 2890 2896
f 2896 2890 2895
f 2896 2895 2897
f 2898 2882 2899
f 2899 2882 2900
f 2881 2888 2882
f 2882 2888 2901
f 2882 2901 2900
f 2902 2903 2904
f 2904 2903 2905
f 2906 2907 2908
f 2908 2907 2902
f 2906 2908 2909
f 2909 2908 2910
f 2909 2910 2911
f 2912 2913 2914
f 2914 2913 2915
f 2914 2915 2916
f 2916 2915 2917
f 2918 2919 2920
f 2918 2920 2915
f 2915 2920 2921
f 2915 2921 2917
f 2922 2923 2924
f 2924 2923 2925
f 2925 2926 2924
f 2924 2926 2927
f 2924 2927 2918
f 2918 2927 2928
f 2918 2928 2919
f 2929 2930 2922
f 2922 2930 2923
f 2738 2931 2739
f 2739 2931 2740
f 2740 2931 2886
f 2886 2931 2932
f 2886 2932 2884
f 2793 2762 2886
f 2886 2762 2740
f 2363 2794 2593
f 2593 2794 2933
f 2593 2933 2639
f 2794 2793 2933
f 2933 2793 2886
f 2933 2886 2934
f 2912 2911 2913
f 2913 2911 2910
f 2913 2910 2915
f 2915 2910 2935
f 2915 2935 2918
f 2918 2935 2936
f 2918 2936 2924
f 2924 2936 2883
f 2924 2883 2922
f 2910 2589 2935
f 2935 2589 2588
f 2935 2588 2625
f 2935 2625 2631
f 2935 2631 2936
f 2936 2631 2883
f 2883 2631 2633
f 2883 2633 2634
f 2586 2585 2934
f 2934 2585 2641
f 2934 2641 2933
f 2933 2641 2640
f 2933 2640 2639
f 2642 2586 2883
f 2883 2586 2934
f 2883 2934 2922
f 2922 2934 2886
f 2922 2886 2929
f 2929 2886 2885
f 2902 2904 2908
f 2908 2904 2937
f 2908 2937 2658
f 2622 2621 2937
f 2937 2621 2658
f 2905 2887 2904
f 2904 2887 2881
f 2904 2881 2937
f 2937 2881 2880
f 2937 2880 2622
f 2891 2611 2889
f 2889 2611 2610
f 2889 2610 2623
f 2623 2624 2889
f 2889 2624 2880
f 2889 2880 2890
f 2890 2880 2882
f 2890 2882 2893
f 2893 2882 2898
f 2658 2657 2908
f 2908 2657 2656
f 2908 2656 2910
f 2910 2656 2589
f 2938 2738 2737
f 2743 2939 2940
f 2938 2737 2941
f 2941 2737 2735
f 2941 2735 2942
f 2942 2735 2734
f 2942 2734 2943
f 2943 2734 2757
f 2943 2757 2944
f 2944 2757 2756
f 2944 2756 2945
f 2945 2756 2755
f 2945 2755 2940
f 2940 2755 2741
f 2940 2741 2743
f 2748 2946 2746
f 2746 2946 2947
f 2746 2947 2752
f 2752 2947 2948
f 2752 2948 2753
f 2753 2948 2949
f 2753 2949 2754
f 2754 2949 2939
f 2754 2939 2745
f 2745 2939 2743
f 2748 2750 2946
f 2946 2750 2751
f 2946 2751 2950
f 2950 2751 2801
f 2950 2801 2951
f 2951 2801 2800
f 2951 2800 2952
f 2952 2800 2799
f 2952 2799 2953
f 2953 2799 2769
f 2953 2769 2954
f 2769 2760 2954
f 2954 2760 2759
f 2954 2759 2955
f 2955 2759 2770
f 2955 2770 2956
f 2957 2958 2959
f 2959 2958 2960
f 2960 2958 2961
f 2961 2958 2962
f 2961 2962 2963
f 2964 2965 2966
f 2964 2966 2796
f 2796 2966 2967
f 2796 2967 2797
f 2797 2967 2968
f 2797 2968 2775
f 2775 2968 2773
f 2773 2968 2969
f 2773 2969 2771
f 2771 2969 2970
f 2771 2970 2776
f 2776 2970 2963
f 2776 2963 2777
f 2777 2963 2962
f 2777 2962 2778
f 2770 2732 2956
f 2956 2732 2731
f 2956 2731 2957
f 2957 2731 2781
f 2957 2781 2958
f 2958 2781 2780
f 2958 2780 2962
f 2962 2780 2779
f 2962 2779 2778
f 2971 2725 2726
f 2972 2973 2974
f 2975 2976 2977
f 2339 2663 2787
f 2787 2663 2978
f 2978 2798 2788
f 2978 2788 2787
f 2796 2798 2979
f 2979 2798 2977
f 2979 2977 2980
f 2980 2977 2976
f 2981 2982 2983
f 2983 2982 2984
f 2982 2985 2984
f 2984 2985 2986
f 2984 2986 2977
f 2977 2986 2987
f 2977 2987 2975
f 2988 2989 2990
f 2990 2989 2991
f 2992 2993 2994
f 2994 2993 2995
f 2994 2995 2996
f 2996 2995 2997
f 2996 2997 2998
f 2999 3000 3001
f 3001 3000 2972
f 3002 3003 3004
f 3004 3003 3005
f 2999 3001 3006
f 3006 3001 3007
f 3006 3007 3008
f 2974 2973 2994
f 2994 2973 3009
f 2994 3009 2992
f 2730 2996 2991
f 2991 2996 2998
f 2991 2998 2990
f 2972 2974 3001
f 3001 2974 2721
f 3001 2721 2722
f 2718 3003 3007
f 3007 3003 3002
f 3007 3002 3008
f 2722 2716 3001
f 3001 2716 3007
f 3007 2716 2717
f 3007 2717 2718
f 2730 2728 2996
f 2996 2728 2994
f 2994 2728 2727
f 2994 2727 2974
f 2974 2727 2721
f 2714 3010 3011
f 2978 2663 2662
f 2978 2662 3011
f 3011 2662 2712
f 3011 2712 2714
f 2714 2713 3010
f 3010 2713 2971
f 2971 2713 2724
f 2971 2724 2725
f 3005 3003 3012
f 3012 3003 3013
f 3012 3013 3014
f 3015 3016 2983
f 2983 3016 3017
f 2983 3017 2981
f 2988 3018 2989
f 2989 3018 3019
f 2989 3019 2983
f 2983 3019 3020
f 2983 3020 3015
f 2682 3013 2680
f 2680 3013 3003
f 2680 3003 2718
f 2977 2798 2978
f 2977 2978 2984
f 2984 2978 3011
f 2984 3011 2983
f 2983 3011 3010
f 2983 3010 2989
f 2989 3010 2971
f 2989 2971 2991
f 2991 2971 2726
f 2991 2726 2730
f 2854 2851 3021
f 2896 2897 3022
f 3023 3024 3025
f 3025 3024 3026
f 3025 3026 3027
f 3027 3028 3029
f 3029 3028 3030
f 3029 3030 3031
f 3032 3033 3034
f 3034 3033 3035
f 3032 3036 3037
f 3036 3038 3037
f 3037 3038 3039
f 3037 3039 3025
f 3025 3039 3040
f 3025 3040 3023
f 3027 3029 3025
f 3025 3029 2869
f 3025 2869 2810
f 3037 2859 2867
f 3032 3037 3033
f 3033 3037 2867
f 3033 2867 2858
f 2810 2809 3025
f 3025 2809 2868
f 3025 2868 3037
f 3037 2868 2859
f 2682 2835 3041
f 3041 2835 3042
f 3042 2835 2855
f 3042 2855 2853
f 2841 3043 2842
f 2842 3043 3044
f 2842 3044 2814
f 2847 2846 3045
f 3045 2846 2843
f 3045 2843 3044
f 3044 2843 2815
f 3044 2815 2814
f 2848 3046 2849
f 2849 3046 3021
f 2849 3021 2850
f 2850 3021 2851
f 3041 3047 3048
f 2682 3041 3013
f 3013 3041 3048
f 3013 3048 3014
f 3049 3050 3021
f 3021 3050 3042
f 3021 3042 2854
f 2854 3042 2853
f 3050 3051 3042
f 3042 3051 3052
f 3042 3052 3041
f 3041 3052 3053
f 3041 3053 3047
f 3054 3055 3045
f 3045 3055 3046
f 3045 3046 2847
f 2847 3046 2848
f 3056 3057 3044
f 3044 3057 3058
f 3044 3058 3045
f 3045 3058 3059
f 3045 3059 3054
f 3055 3060 3046
f 3046 3060 3061
f 3046 3061 3021
f 3021 3061 3062
f 3021 3062 3049
f 2858 2857 3033
f 3033 2857 2863
f 3033 2863 2611
f 3022 3063 2896
f 2896 3063 3035
f 2896 3035 2892
f 2892 3035 3033
f 2892 3033 2891
f 2891 3033 2611
f 2841 2840 3043
f 3043 2840 2807
f 3043 2807 3029
f 3029 2807 2806
f 3029 2806 2869
f 3031 3064 3029
f 3029 3064 3065
f 3029 3065 3043
f 3043 3065 3066
f 3043 3066 3044
f 3044 3066 3067
f 3044 3067 3056
f 3068 3069 2914
f 3070 2897 2895
f 3071 3072 2899
f 2899 3072 3073
f 3074 3070 3075
f 3075 3070 2895
f 3075 2895 3076
f 3076 2895 2894
f 3076 2894 3077
f 3077 2894 2893
f 3077 2893 3073
f 3073 2893 2898
f 3073 2898 2899
f 3071 3078 3079
f 3079 3078 3080
f 3081 2902 3082
f 3082 2902 2907
f 3082 2907 3083
f 2907 2906 3083
f 3083 2906 2909
f 3083 2909 3084
f 3084 2909 2911
f 3084 2911 3069
f 3069 2911 2912
f 3069 2912 2914
f 2917 3085 3086
f 3068 2914 3086
f 3086 2914 2916
f 3086 2916 2917
f 2917 2921 3085
f 3085 2921 2920
f 3085 2920 3087
f 2920 2919 3087
f 3087 2919 2928
f 3087 2928 3088
f 3088 2928 2927
f 3088 2927 3089
f 3090 3091 2923
f 2923 3091 3092
f 2923 3092 3093
f 2923 3093 2925
f 2925 3093 3089
f 2925 3089 2926
f 2926 3089 2927
f 2923 2930 3090
f 3090 2930 2929
f 3090 2929 3094
f 3094 2929 2885
f 3094 2885 3095
f 3095 2885 2884
f 3095 2884 3096
f 3096 2884 2932
f 3096 2932 3097
f 3097 2932 2931
f 3097 2931 2938
f 2938 2931 2738
f 2901 2888 3078
f 3078 2888 2887
f 3078 2887 3080
f 3080 2887 2905
f 3080 2905 3081
f 3081 2905 2903
f 3081 2903 2902
f 3071 2899 3078
f 3078 2899 2900
f 3078 2900 2901
f 3098 3099 3100
f 3101 3102 3103
f 3104 3101 3105
f 3105 3101 3103
f 3105 3103 3106
f 3107 3108 3109
f 3107 3109 3101
f 3101 3109 3110
f 3101 3110 3102
f 3111 3112 3107
f 3107 3112 3113
f 3107 3113 3108
f 3114 3115 3116
f 3116 3117 3114
f 3114 3117 3118
f 3114 3118 3119
f 3120 3115 3121
f 3120 3122 3115
f 3115 3122 3123
f 3115 3123 3116
f 3124 3121 3125
f 3125 3121 3126
f 3124 3127 3121
f 3121 3127 3128
f 3121 3128 3120
f 3129 3126 3130
f 3129 3131 3126
f 3126 3131 3132
f 3126 3132 3125
f 3133 3134 3130
f 3130 3134 3135
f 3130 3135 3129
f 3098 3100 3136
f 3136 3100 3137
f 3136 3137 3138
f 3139 3140 3137
f 3137 3140 3141
f 3138 3137 3142
f 3142 3137 3141
f 3142 3141 3143
f 2966 2965 3144
f 3144 3139 2966
f 2966 3139 3137
f 2966 3137 2967
f 2967 3137 3100
f 2970 2969 3100
f 3100 2969 2968
f 3100 2968 2967
f 3099 3133 3100
f 3100 3133 3130
f 3100 3130 2970
f 2970 3130 2963
f 3126 2959 2960
f 3126 2960 3130
f 3130 2960 2961
f 3130 2961 2963
f 3121 2953 2954
f 2954 2955 3121
f 3121 2955 2956
f 3121 2956 3126
f 3126 2956 2957
f 3126 2957 2959
f 2946 2950 3115
f 3115 2950 2951
f 3115 2951 3121
f 3121 2951 2952
f 3121 2952 2953
f 2939 2949 3114
f 3114 2949 2948
f 3114 2948 3115
f 3115 2948 2947
f 3115 2947 2946
f 3119 3111 3114
f 3114 3111 3107
f 3114 3107 2939
f 2939 3107 2940
f 2942 2943 3101
f 3101 2943 2944
f 3101 2944 3107
f 3107 2944 2945
f 3107 2945 2940
f 3104 2938 3101
f 3101 2938 2941
f 3101 2941 2942
f 3145 3146 3147
f 2965 3148 3149
f 3141 3140 3147
f 3147 3140 3139
f 3147 3139 3149
f 3149 3139 3144
f 3149 3144 2965
f 3150 3143 3141
f 3141 3147 3150
f 3150 3147 3146
f 3150 3146 3151
f 3145 3147 3149
f 3145 3149 3152
f 3152 3149 3148
f 3152 3148 3153
f 2964 2796 2979
f 3154 3155 3156
f 3014 3157 3012
f 3012 3157 3158
f 3012 3158 3005
f 3005 3158 3159
f 3005 3159 3004
f 3004 3159 3160
f 3004 3160 3002
f 3002 3160 3161
f 3002 3161 3008
f 3008 3161 3162
f 3008 3162 3006
f 3006 3162 2999
f 2999 3162 3163
f 2999 3163 3000
f 3000 3163 3164
f 3000 3164 2972
f 2972 3164 3165
f 2972 3165 2973
f 2973 3165 3166
f 2973 3166 3009
f 2998 2997 3167
f 3167 2997 2995
f 3167 2995 3168
f 3168 2995 2993
f 3168 2993 3169
f 3169 2993 2992
f 3169 2992 3170
f 3170 2992 3009
f 3170 3009 3171
f 3171 3009 3166
f 3154 3156 3172
f 2998 3167 2990
f 2990 3167 3173
f 2990 3173 2988
f 2988 3173 3174
f 2988 3174 3018
f 3018 3174 3175
f 3018 3175 3019
f 3019 3175 3172
f 3019 3172 3020
f 3020 3172 3156
f 3020 3156 3015
f 2975 2987 3176
f 3176 2987 2986
f 3176 2986 3177
f 3177 2986 2985
f 3177 2985 3178
f 3178 2985 2982
f 3178 2982 3179
f 3179 2982 2981
f 3179 2981 3155
f 3155 2981 3017
f 3155 3017 3156
f 3156 3017 3016
f 3156 3016 3015
f 3176 3180 2975
f 2975 3180 3181
f 2975 3181 2976
f 2976 3181 3182
f 2976 3182 2980
f 2980 3182 2979
f 2965 2964 3148
f 3148 2964 2979
f 3148 2979 3153
f 3153 2979 3182
f 3027 3183 3028
f 2897 3070 3022
f 3022 3070 3074
f 3022 3074 3184
f 3022 3184 3185
f 3022 3185 3063
f 3063 3185 3186
f 3063 3186 3035
f 3035 3186 3187
f 3035 3187 3034
f 3034 3187 3188
f 3034 3188 3032
f 3032 3188 3189
f 3032 3189 3036
f 3036 3189 3038
f 3038 3189 3190
f 3038 3190 3039
f 3039 3190 3191
f 3039 3191 3192
f 3183 3027 3193
f 3027 3026 3193
f 3193 3026 3024
f 3193 3024 3194
f 3194 3024 3023
f 3194 3023 3192
f 3192 3023 3040
f 3192 3040 3039
f 3030 3028 3195
f 3195 3028 3183
f 3195 3183 3196
f 3196 3183 3193
f 3030 3195 3031
f 3031 3195 3197
f 3031 3197 3064
f 3064 3197 3198
f 3064 3198 3065
f 3065 3198 3066
f 3066 3198 3199
f 3066 3199 3067
f 3067 3199 3200
f 3067 3200 3056
f 3056 3200 3201
f 3056 3201 3057
f 3057 3201 3202
f 3057 3202 3058
f 3058 3202 3203
f 3058 3203 3059
f 3059 3203 3204
f 3059 3204 3054
f 3054 3204 3205
f 3054 3205 3206
f 3207 3049 3208
f 3208 3049 3062
f 3208 3062 3209
f 3209 3062 3061
f 3209 3061 3210
f 3210 3061 3060
f 3210 3060 3206
f 3206 3060 3055
f 3206 3055 3054
f 3211 3157 3014
f 3014 3048 3211
f 3211 3048 3047
f 3211 3047 3212
f 3212 3047 3053
f 3212 3053 3213
f 3213 3053 3052
f 3213 3052 3214
f 3214 3052 3051
f 3214 3051 3207
f 3207 3051 3050
f 3207 3050 3049
f 3215 3216 3217
f 3218 3215 3219
f 3219 3215 3217
f 3219 3217 3220
f 3221 3222 3223
f 3223 3224 3221
f 3221 3224 3225
f 3221 3225 3217
f 3217 3225 3226
f 3217 3226 3220
f 3222 3221 3227
f 3227 3221 3228
f 3227 3228 3229
f 3230 3231 3232
f 3232 3231 3233
f 3232 3233 3228
f 3228 3233 3234
f 3228 3234 3229
f 3235 3236 3237
f 3237 3236 3238
f 3237 3238 3232
f 3232 3238 3239
f 3232 3239 3230
f 3240 3241 3237
f 3237 3241 3242
f 3237 3242 3235
f 3240 3237 3243
f 3243 3237 3244
f 3243 3244 3245
f 3246 3247 3248
f 3248 3247 3249
f 3249 3250 3248
f 3248 3250 3251
f 3248 3251 3244
f 3244 3251 3252
f 3244 3252 3245
f 3246 3248 3253
f 3253 3248 3254
f 3253 3254 3255
f 3256 3257 3258
f 3258 3257 3259
f 3258 3259 3254
f 3254 3259 3260
f 3254 3260 3255
f 3106 3256 3105
f 3105 3256 3258
f 3105 3258 3104
f 3074 3075 3261
f 3261 3075 3217
f 3261 3217 3262
f 3262 3217 3216
f 2938 3104 3097
f 3097 3104 3258
f 3097 3258 3096
f 3096 3258 3254
f 3096 3254 3095
f 3092 3091 3248
f 3248 3091 3090
f 3248 3090 3254
f 3254 3090 3094
f 3254 3094 3095
f 3087 3088 3244
f 3244 3088 3089
f 3244 3089 3248
f 3248 3089 3093
f 3248 3093 3092
f 3087 3244 3085
f 3085 3244 3237
f 3085 3237 3086
f 3232 3084 3069
f 3232 3069 3237
f 3237 3069 3068
f 3237 3068 3086
f 3228 3079 3080
f 3080 3081 3228
f 3228 3081 3082
f 3228 3082 3232
f 3232 3082 3083
f 3232 3083 3084
f 3079 3228 3071
f 3071 3228 3221
f 3071 3221 3072
f 3075 3076 3217
f 3217 3076 3077
f 3217 3077 3221
f 3221 3077 3073
f 3221 3073 3072
f 3185 3184 3263
f 3263 3184 3264
f 3263 3264 3265
f 3265 3264 3266
f 3265 3266 3267
f 3268 3269 3267
f 3266 3216 3215
f 3267 3266 3268
f 3268 3266 3215
f 3268 3215 3218
f 3184 3074 3264
f 3264 3074 3261
f 3264 3261 3266
f 3266 3261 3262
f 3266 3262 3216
f 3270 3271 3272
f 3273 3274 3275
f 3276 3277 3278
f 3278 3279 3276
f 3276 3279 3280
f 3276 3280 3281
f 3280 3282 3281
f 3281 3282 3283
f 3281 3283 3284
f 3284 3283 3273
f 3284 3273 3285
f 3285 3273 3275
f 3274 3286 3275
f 3275 3286 3287
f 3275 3287 3288
f 3288 3287 3270
f 3288 3270 3289
f 3289 3270 3272
f 3271 3290 3272
f 3272 3290 3291
f 3272 3291 3292
f 3292 3291 3293
f 3293 3291 3294
f 3293 3294 3295
f 3295 3294 3296
f 3295 3296 3297
f 3297 3296 3298
f 3297 3298 3299
f 3299 3298 3300
f 3299 3300 3301
f 3300 3302 3301
f 3301 3302 3303
f 3301 3303 3304
f 3304 3303 3305
f 3304 3305 3306
f 3306 3305 3307
f 3306 3307 3308
f 3307 3309 3308
f 3308 3309 3310
f 3308 3310 3311
f 3311 3310 3312
f 3311 3312 3313
f 3313 3312 3314
f 3313 3314 3315
f 3316 3317 3318
f 3314 3319 3315
f 3315 3319 3316
f 3315 3316 3320
f 3320 3316 3318
f 3317 3321 3318
f 3318 3321 3322
f 3318 3322 3323
f 3323 3322 3324
f 3323 3324 3325
f 3325 3324 3326
f 3325 3326 3327
f 3326 3328 3327
f 3327 3328 3329
f 3327 3329 3330
f 3330 3329 3331
f 3330 3331 3332
f 3332 3331 3333
f 3332 3333 3334
f 3333 3335 3334
f 3334 3335 3336
f 3334 3336 3337
f 3337 3336 3338
f 3337 3338 3339
f 3339 3338 3340
f 3339 3340 3341
f 3340 3342 3341
f 3341 3342 3343
f 3341 3343 3344
f 3344 3343 3345
f 3344 3345 3346
f 3346 3345 3347
f 3346 3347 3348
f 3348 3347 3349
f 3348 3349 3350
f 3350 3349 3351
f 3351 3349 3352
f 3351 3352 3353
f 3354 3355 3356
f 3356 3355 3357
f 3356 3357 3358
f 3358 3357 3359
f 3358 3359 3360
f 3360 3359 3361
f 3360 3361 3362
f 3362 3361 3363
f 3362 3363 3364
f 3364 3363 3365
f 3364 3365 3366
f 3366 3365 3353
f 3366 3353 3367
f 3367 3353 3352
f 3368 3369 3370
f 3370 3369 3355
f 3370 3355 3371
f 3371 3355 3354
f 3151 3372 3150
f 3150 3372 3373
f 3098 3136 3374
f 3374 3136 3138
f 3374 3138 3375
f 3375 3138 3142
f 3375 3142 3373
f 3373 3142 3143
f 3373 3143 3150
f 3376 3377 3129
f 3374 3378 3098
f 3098 3378 3379
f 3098 3379 3099
f 3099 3379 3380
f 3099 3380 3133
f 3133 3380 3381
f 3133 3381 3134
f 3134 3381 3376
f 3134 3376 3135
f 3135 3376 3129
f 3377 3382 3129
f 3129 3382 3383
f 3129 3383 3131
f 3131 3383 3384
f 3131 3384 3132
f 3132 3384 3385
f 3132 3385 3125
f 3125 3385 3386
f 3125 3386 3124
f 3124 3386 3387
f 3124 3387 3127
f 3127 3387 3388
f 3127 3388 3128
f 3128 3388 3389
f 3128 3389 3120
f 3120 3389 3390
f 3120 3390 3122
f 3390 3391 3122
f 3122 3391 3392
f 3122 3392 3123
f 3123 3392 3393
f 3123 3393 3116
f 3113 3112 3394
f 3116 3393 3117
f 3117 3393 3395
f 3117 3395 3118
f 3118 3395 3396
f 3118 3396 3119
f 3119 3396 3397
f 3119 3397 3111
f 3111 3397 3398
f 3111 3398 3112
f 3112 3398 3399
f 3112 3399 3394
f 3113 3394 3108
f 3108 3394 3400
f 3108 3400 3109
f 3109 3400 3401
f 3109 3401 3110
f 3110 3401 3402
f 3110 3402 3102
f 3102 3402 3403
f 3102 3403 3103
f 3404 3106 3405
f 3405 3106 3103
f 3405 3103 3406
f 3406 3103 3403
f 3407 3408 3409
f 3182 3181 3410
f 3411 3412 3413
f 3413 3412 3414
f 3415 3416 3417
f 3151 3146 3418
f 3418 3146 3410
f 3418 3410 3419
f 3420 3421 3422
f 3422 3421 3423
f 3422 3423 3424
f 3425 3426 3427
f 3160 3159 3425
f 3425 3159 3158
f 3425 3158 3426
f 3426 3158 3157
f 3428 3429 3430
f 3430 3429 3431
f 3417 3416 3428
f 3428 3416 3432
f 3428 3432 3429
f 3433 3434 3435
f 3435 3434 3436
f 3435 3436 3437
f 3438 3439 3440
f 3440 3439 3421
f 3440 3421 3441
f 3441 3421 3420
f 3438 3442 3439
f 3439 3442 3443
f 3439 3443 3436
f 3436 3443 3444
f 3436 3444 3437
f 3433 3445 3434
f 3434 3445 3446
f 3434 3446 3447
f 3447 3446 3448
f 3448 3449 3447
f 3447 3449 3450
f 3447 3450 3417
f 3417 3450 3451
f 3417 3451 3415
f 3452 3453 3169
f 3169 3453 3168
f 3168 3453 3167
f 3167 3453 3454
f 3167 3454 3173
f 3173 3454 3455
f 3173 3455 3174
f 3413 3456 3411
f 3411 3456 3457
f 3411 3457 3165
f 3161 3160 3412
f 3412 3160 3425
f 3412 3425 3414
f 3414 3425 3427
f 3414 3427 3458
f 3165 3164 3411
f 3411 3164 3163
f 3411 3163 3412
f 3412 3163 3162
f 3412 3162 3161
f 3169 3170 3452
f 3452 3170 3171
f 3452 3171 3457
f 3457 3171 3166
f 3457 3166 3165
f 3146 3145 3410
f 3410 3145 3182
f 3182 3145 3152
f 3182 3152 3153
f 3456 3459 3457
f 3457 3459 3460
f 3457 3460 3452
f 3452 3460 3461
f 3452 3461 3453
f 3453 3461 3462
f 3453 3462 3454
f 3454 3462 3409
f 3454 3409 3455
f 3455 3409 3408
f 3455 3408 3463
f 3178 3179 3408
f 3408 3179 3155
f 3408 3155 3463
f 3177 3464 3176
f 3176 3464 3410
f 3176 3410 3180
f 3180 3410 3181
f 3431 3465 3430
f 3430 3465 3466
f 3430 3466 3467
f 3468 3469 3464
f 3468 3464 3470
f 3471 3472 3407
f 3407 3472 3470
f 3407 3470 3408
f 3408 3470 3464
f 3408 3464 3178
f 3178 3464 3177
f 3469 3473 3464
f 3464 3473 3474
f 3464 3474 3410
f 3410 3474 3475
f 3410 3475 3419
f 3155 3154 3463
f 3463 3154 3172
f 3463 3172 3455
f 3455 3172 3175
f 3455 3175 3174
f 3458 3423 3414
f 3414 3423 3421
f 3414 3421 3413
f 3413 3421 3439
f 3413 3439 3456
f 3456 3439 3436
f 3456 3436 3459
f 3459 3436 3434
f 3459 3434 3460
f 3460 3434 3447
f 3460 3447 3461
f 3461 3447 3417
f 3461 3417 3462
f 3462 3417 3428
f 3462 3428 3409
f 3409 3428 3430
f 3409 3430 3407
f 3407 3430 3467
f 3407 3467 3471
f 3476 3477 3478
f 3479 3480 3481
f 3427 3426 3482
f 3197 3195 3483
f 3484 3485 3486
f 3487 3484 3488
f 3488 3484 3486
f 3488 3486 3489
f 3477 3490 3478
f 3478 3490 3491
f 3478 3491 3492
f 3492 3491 3493
f 3493 3494 3492
f 3492 3494 3495
f 3492 3495 3489
f 3489 3495 3496
f 3489 3496 3488
f 3488 3496 3497
f 3488 3497 3487
f 3498 3198 3197
f 3196 3193 3489
f 3489 3193 3194
f 3489 3194 3492
f 3492 3194 3192
f 3492 3192 3191
f 3458 3427 3499
f 3499 3427 3482
f 3499 3482 3500
f 3214 3207 3501
f 3426 3157 3482
f 3482 3157 3211
f 3482 3211 3212
f 3206 3502 3503
f 3504 3505 3202
f 3206 3205 3502
f 3502 3205 3204
f 3502 3204 3505
f 3505 3204 3203
f 3505 3203 3202
f 3207 3208 3501
f 3501 3208 3209
f 3501 3209 3503
f 3503 3209 3210
f 3503 3210 3206
f 3197 3483 3498
f 3498 3483 3506
f 3498 3506 3504
f 3504 3506 3507
f 3504 3507 3505
f 3505 3507 3508
f 3505 3508 3502
f 3502 3508 3509
f 3502 3509 3503
f 3503 3509 3510
f 3503 3510 3501
f 3424 3423 3511
f 3511 3423 3512
f 3511 3512 3513
f 3514 3515 3516
f 3516 3515 3481
f 3516 3481 3517
f 3517 3481 3480
f 3514 3518 3515
f 3515 3518 3519
f 3515 3519 3512
f 3512 3519 3520
f 3512 3520 3513
f 3423 3458 3512
f 3512 3458 3499
f 3512 3499 3515
f 3515 3499 3500
f 3515 3500 3481
f 3521 3522 3523
f 3523 3522 3524
f 3523 3524 3525
f 3525 3524 3526
f 3525 3526 3527
f 3521 3523 3528
f 3528 3523 3529
f 3528 3529 3530
f 3531 3532 3529
f 3529 3532 3533
f 3529 3533 3530
f 3212 3213 3482
f 3482 3213 3534
f 3482 3534 3500
f 3500 3534 3535
f 3500 3535 3481
f 3481 3535 3525
f 3481 3525 3479
f 3479 3525 3527
f 3187 3186 3478
f 3191 3190 3492
f 3492 3190 3189
f 3492 3189 3478
f 3478 3189 3188
f 3478 3188 3187
f 3269 3536 3267
f 3267 3536 3265
f 3185 3263 3186
f 3186 3263 3265
f 3186 3265 3478
f 3478 3265 3536
f 3478 3536 3476
f 3202 3201 3504
f 3504 3201 3200
f 3504 3200 3498
f 3498 3200 3199
f 3498 3199 3198
f 3485 3537 3486
f 3486 3537 3506
f 3486 3506 3489
f 3489 3506 3483
f 3489 3483 3196
f 3196 3483 3195
f 3538 3539 3531
f 3531 3539 3540
f 3531 3540 3532
f 3537 3538 3506
f 3506 3538 3531
f 3506 3531 3507
f 3507 3531 3529
f 3507 3529 3508
f 3508 3529 3523
f 3508 3523 3509
f 3509 3523 3525
f 3509 3525 3510
f 3510 3525 3535
f 3510 3535 3501
f 3501 3535 3534
f 3501 3534 3214
f 3214 3534 3213
f 3541 3542 3227
f 3543 3544 3224
f 3224 3544 3545
f 3224 3545 3225
f 3225 3545 3546
f 3225 3546 3226
f 3226 3546 3547
f 3226 3547 3220
f 3220 3547 3548
f 3220 3548 3219
f 3219 3548 3549
f 3219 3549 3218
f 3218 3549 3550
f 3218 3550 3268
f 3268 3550 3551
f 3268 3551 3269
f 3542 3552 3227
f 3227 3552 3553
f 3227 3553 3222
f 3222 3553 3543
f 3222 3543 3223
f 3223 3543 3224
f 3227 3229 3541
f 3541 3229 3234
f 3541 3234 3554
f 3554 3234 3233
f 3554 3233 3555
f 3555 3233 3231
f 3555 3231 3556
f 3556 3231 3230
f 3556 3230 3557
f 3557 3230 3239
f 3557 3239 3558
f 3239 3238 3558
f 3558 3238 3236
f 3558 3236 3559
f 3559 3236 3235
f 3559 3235 3560
f 3251 3250 3561
f 3235 3242 3560
f 3560 3242 3241
f 3560 3241 3562
f 3562 3241 3240
f 3562 3240 3563
f 3563 3240 3243
f 3563 3243 3564
f 3564 3243 3245
f 3564 3245 3565
f 3565 3245 3252
f 3565 3252 3566
f 3566 3252 3251
f 3566 3251 3567
f 3567 3251 3561
f 3250 3249 3561
f 3561 3249 3247
f 3561 3247 3568
f 3568 3247 3246
f 3568 3246 3569
f 3569 3246 3253
f 3569 3253 3570
f 3570 3253 3255
f 3570 3255 3571
f 3571 3255 3260
f 3571 3260 3572
f 3572 3260 3259
f 3572 3259 3573
f 3573 3259 3257
f 3573 3257 3574
f 3574 3257 3256
f 3574 3256 3575
f 3575 3256 3106
f 3575 3106 3404
f 3576 3577 3578
f 3579 3580 3581
f 3581 3580 3582
f 3583 3584 3585
f 3585 3584 3586
f 3585 3586 3581
f 3581 3586 3587
f 3581 3587 3579
f 3579 3587 3588
f 3284 3585 3281
f 3281 3585 3581
f 3281 3581 3276
f 3276 3581 3582
f 3276 3582 3277
f 3577 3589 3578
f 3578 3589 3590
f 3578 3590 3585
f 3585 3590 3591
f 3585 3591 3583
f 3592 3593 3594
f 3594 3593 3595
f 3284 3285 3585
f 3585 3285 3275
f 3585 3275 3578
f 3578 3275 3288
f 3578 3288 3289
f 3592 3576 3593
f 3593 3576 3578
f 3593 3578 3272
f 3272 3578 3289
f 3595 3593 3596
f 3596 3593 3597
f 3596 3597 3598
f 3295 3597 3293
f 3293 3597 3593
f 3293 3593 3292
f 3292 3593 3272
f 3599 3600 3601
f 3601 3600 3602
f 3601 3602 3597
f 3597 3602 3603
f 3597 3603 3598
f 3301 3601 3299
f 3299 3601 3597
f 3299 3597 3297
f 3297 3597 3295
f 3604 3605 3606
f 3606 3605 3607
f 3606 3607 3601
f 3601 3607 3608
f 3601 3608 3599
f 3308 3606 3306
f 3306 3606 3601
f 3306 3601 3304
f 3304 3601 3301
f 3609 3610 3606
f 3606 3610 3611
f 3606 3611 3604
f 3308 3311 3606
f 3606 3311 3313
f 3606 3313 3609
f 3612 3613 3609
f 3609 3613 3614
f 3609 3614 3610
f 3313 3315 3609
f 3609 3315 3320
f 3609 3320 3318
f 3615 3612 3616
f 3616 3612 3609
f 3616 3609 3323
f 3323 3609 3318
f 3617 3618 3619
f 3619 3618 3620
f 3619 3620 3616
f 3616 3620 3621
f 3616 3621 3615
f 3330 3619 3327
f 3327 3619 3616
f 3327 3616 3325
f 3325 3616 3323
f 3617 3619 3622
f 3622 3619 3623
f 3622 3623 3624
f 3337 3623 3334
f 3334 3623 3619
f 3334 3619 3332
f 3332 3619 3330
f 3625 3626 3627
f 3625 3627 3623
f 3623 3627 3628
f 3623 3628 3624
f 3629 3630 3631
f 3631 3630 3632
f 3633 3634 3625
f 3625 3634 3635
f 3625 3635 3626
f 3346 3348 3625
f 3337 3339 3623
f 3623 3339 3341
f 3623 3341 3625
f 3625 3341 3344
f 3625 3344 3346
f 3632 3633 3631
f 3631 3633 3625
f 3631 3625 3350
f 3350 3625 3348
f 3629 3631 3636
f 3636 3631 3637
f 3636 3637 3638
f 3365 3637 3353
f 3353 3637 3631
f 3353 3631 3351
f 3351 3631 3350
f 3639 3640 3637
f 3637 3640 3641
f 3637 3641 3638
f 3365 3363 3637
f 3637 3363 3361
f 3637 3361 3639
f 3642 3643 3639
f 3639 3643 3644
f 3639 3644 3640
f 3361 3359 3639
f 3639 3359 3357
f 3639 3357 3355
f 3645 3646 3647
f 3647 3646 3642
f 3647 3642 3648
f 3648 3642 3639
f 3648 3639 3649
f 3649 3639 3355
f 3649 3355 3369
f 3650 3651 3652
f 3652 3651 3653
f 3654 3655 3656
f 3354 3356 3657
f 3294 3291 3658
f 3279 3278 3659
f 3660 3661 3662
f 3663 3664 3665
f 3665 3664 3666
f 3665 3666 3667
f 3668 3669 3670
f 3660 3662 3671
f 3279 3659 3280
f 3274 3672 3286
f 3286 3672 3673
f 3274 3273 3672
f 3672 3273 3283
f 3672 3283 3659
f 3659 3283 3282
f 3659 3282 3280
f 3658 3291 3673
f 3673 3291 3290
f 3673 3290 3271
f 3271 3270 3673
f 3673 3270 3287
f 3673 3287 3286
f 3294 3658 3296
f 3296 3658 3674
f 3296 3674 3298
f 3305 3303 3675
f 3675 3303 3302
f 3675 3302 3674
f 3674 3302 3300
f 3674 3300 3298
f 3312 3310 3676
f 3676 3310 3309
f 3676 3309 3675
f 3675 3309 3307
f 3675 3307 3305
f 3677 3319 3676
f 3676 3319 3314
f 3676 3314 3312
f 3678 3317 3677
f 3677 3317 3316
f 3677 3316 3319
f 3324 3322 3678
f 3678 3322 3321
f 3678 3321 3317
f 3679 3335 3333
f 3333 3331 3679
f 3679 3331 3329
f 3679 3329 3680
f 3680 3329 3328
f 3680 3328 3678
f 3678 3328 3326
f 3678 3326 3324
f 3335 3679 3336
f 3336 3679 3681
f 3336 3681 3338
f 3345 3343 3682
f 3682 3343 3342
f 3682 3342 3681
f 3681 3342 3340
f 3681 3340 3338
f 3345 3682 3347
f 3347 3682 3683
f 3347 3683 3349
f 3364 3366 3684
f 3684 3366 3367
f 3684 3367 3683
f 3683 3367 3352
f 3683 3352 3349
f 3356 3358 3657
f 3657 3358 3360
f 3657 3360 3684
f 3684 3360 3362
f 3684 3362 3364
f 3685 3368 3370
f 3370 3371 3685
f 3685 3371 3354
f 3685 3354 3686
f 3686 3354 3657
f 3686 3657 3687
f 3688 3689 3690
f 3690 3689 3691
f 3690 3691 3692
f 3692 3691 3693
f 3692 3693 3694
f 3688 3690 3695
f 3695 3690 3373
f 3695 3373 3372
f 3374 3375 3696
f 3697 3379 3696
f 3696 3379 3378
f 3696 3378 3374
f 3377 3376 3698
f 3698 3376 3381
f 3698 3381 3697
f 3697 3381 3380
f 3697 3380 3379
f 3699 3387 3386
f 3386 3385 3699
f 3699 3385 3384
f 3699 3384 3383
f 3391 3390 3700
f 3700 3390 3389
f 3700 3389 3699
f 3699 3389 3388
f 3699 3388 3387
f 3396 3395 3701
f 3701 3395 3393
f 3701 3393 3700
f 3700 3393 3392
f 3700 3392 3391
f 3702 3400 3394
f 3394 3399 3702
f 3702 3399 3398
f 3702 3398 3701
f 3701 3398 3397
f 3701 3397 3396
f 3400 3702 3401
f 3401 3702 3703
f 3401 3703 3402
f 3405 3406 3703
f 3703 3406 3403
f 3703 3403 3402
f 3572 3573 3704
f 3704 3573 3574
f 3704 3574 3705
f 3705 3574 3575
f 3705 3575 3404
f 3568 3569 3706
f 3706 3569 3570
f 3706 3570 3704
f 3704 3570 3571
f 3704 3571 3572
f 3707 3567 3706
f 3706 3567 3561
f 3706 3561 3568
f 3564 3565 3707
f 3707 3565 3566
f 3707 3566 3567
f 3708 3560 3562
f 3708 3562 3707
f 3707 3562 3563
f 3707 3563 3564
f 3557 3558 3708
f 3708 3558 3559
f 3708 3559 3560
f 3541 3709 3542
f 3542 3709 3552
f 3541 3554 3709
f 3709 3554 3555
f 3709 3555 3708
f 3708 3555 3556
f 3708 3556 3557
f 3546 3545 3653
f 3653 3545 3544
f 3653 3544 3652
f 3667 3551 3665
f 3665 3551 3550
f 3665 3550 3710
f 3710 3550 3549
f 3710 3549 3548
f 3711 3703 3712
f 3712 3703 3702
f 3712 3702 3713
f 3713 3702 3701
f 3713 3701 3714
f 3714 3701 3700
f 3714 3700 3715
f 3715 3700 3699
f 3715 3699 3716
f 3716 3699 3383
f 3716 3383 3698
f 3698 3383 3382
f 3698 3382 3377
f 3661 3669 3662
f 3662 3669 3668
f 3662 3668 3717
f 3694 3654 3692
f 3692 3654 3656
f 3692 3656 3718
f 3718 3656 3719
f 3718 3719 3720
f 3720 3719 3721
f 3720 3721 3722
f 3722 3721 3723
f 3722 3723 3724
f 3724 3723 3725
f 3724 3725 3726
f 3726 3725 3727
f 3726 3727 3728
f 3728 3727 3729
f 3728 3729 3730
f 3730 3729 3731
f 3730 3731 3732
f 3732 3731 3733
f 3732 3733 3734
f 3734 3733 3735
f 3734 3735 3736
f 3736 3735 3737
f 3736 3737 3738
f 3738 3737 3739
f 3738 3739 3740
f 3740 3739 3741
f 3740 3741 3742
f 3741 3717 3742
f 3742 3717 3668
f 3742 3668 3743
f 3743 3668 3744
f 3743 3744 3745
f 3696 3746 3697
f 3697 3746 3747
f 3697 3747 3698
f 3698 3747 3748
f 3698 3748 3716
f 3716 3748 3749
f 3716 3749 3715
f 3715 3749 3750
f 3715 3750 3714
f 3714 3750 3751
f 3714 3751 3713
f 3713 3751 3752
f 3713 3752 3712
f 3712 3752 3753
f 3712 3753 3711
f 3711 3753 3754
f 3711 3754 3755
f 3755 3754 3756
f 3755 3756 3757
f 3757 3756 3758
f 3757 3758 3759
f 3759 3758 3760
f 3759 3760 3761
f 3761 3760 3762
f 3761 3762 3763
f 3763 3762 3764
f 3670 3663 3668
f 3668 3663 3665
f 3668 3665 3744
f 3744 3665 3710
f 3744 3710 3745
f 3745 3710 3548
f 3745 3548 3547
f 3547 3546 3745
f 3745 3546 3653
f 3745 3653 3743
f 3743 3653 3651
f 3743 3651 3742
f 3742 3651 3650
f 3742 3650 3740
f 3740 3650 3765
f 3740 3765 3738
f 3738 3765 3766
f 3738 3766 3736
f 3736 3766 3767
f 3736 3767 3734
f 3734 3767 3768
f 3734 3768 3732
f 3732 3768 3769
f 3732 3769 3730
f 3730 3769 3770
f 3730 3770 3728
f 3728 3770 3771
f 3728 3771 3726
f 3726 3771 3772
f 3726 3772 3724
f 3724 3772 3773
f 3724 3773 3722
f 3722 3773 3774
f 3722 3774 3720
f 3720 3774 3775
f 3720 3775 3718
f 3718 3775 3776
f 3718 3776 3692
f 3692 3776 3777
f 3692 3777 3690
f 3652 3764 3650
f 3650 3764 3762
f 3650 3762 3765
f 3765 3762 3760
f 3765 3760 3766
f 3766 3760 3758
f 3766 3758 3767
f 3767 3758 3756
f 3767 3756 3768
f 3768 3756 3754
f 3768 3754 3769
f 3769 3754 3753
f 3769 3753 3770
f 3770 3753 3752
f 3770 3752 3771
f 3771 3752 3751
f 3771 3751 3772
f 3772 3751 3750
f 3772 3750 3773
f 3773 3750 3749
f 3773 3749 3774
f 3774 3749 3748
f 3774 3748 3775
f 3775 3748 3747
f 3775 3747 3776
f 3776 3747 3746
f 3776 3746 3777
f 3777 3746 3696
f 3777 3696 3690
f 3690 3696 3375
f 3690 3375 3373
f 3544 3543 3652
f 3652 3543 3553
f 3652 3553 3764
f 3764 3553 3552
f 3764 3552 3763
f 3763 3552 3709
f 3763 3709 3761
f 3761 3709 3708
f 3761 3708 3759
f 3759 3708 3707
f 3759 3707 3757
f 3757 3707 3706
f 3757 3706 3755
f 3755 3706 3704
f 3755 3704 3711
f 3711 3704 3705
f 3711 3705 3703
f 3703 3705 3404
f 3703 3404 3405
f 3659 3671 3672
f 3672 3671 3662
f 3672 3662 3673
f 3673 3662 3717
f 3673 3717 3658
f 3658 3717 3741
f 3658 3741 3674
f 3674 3741 3739
f 3674 3739 3675
f 3675 3739 3737
f 3675 3737 3676
f 3676 3737 3735
f 3676 3735 3677
f 3677 3735 3733
f 3677 3733 3678
f 3678 3733 3731
f 3678 3731 3680
f 3680 3731 3729
f 3680 3729 3679
f 3679 3729 3727
f 3679 3727 3681
f 3681 3727 3725
f 3681 3725 3682
f 3682 3725 3723
f 3682 3723 3683
f 3683 3723 3721
f 3683 3721 3684
f 3684 3721 3719
f 3684 3719 3657
f 3657 3719 3656
f 3657 3656 3687
f 3687 3656 3655
f 3778 3372 3151
f 3151 3418 3778
f 3778 3418 3419
f 3778 3419 3779
f 3779 3419 3475
f 3779 3475 3780
f 3780 3475 3474
f 3780 3474 3781
f 3781 3474 3782
f 3783 3784 3470
f 3474 3473 3782
f 3782 3473 3469
f 3782 3469 3785
f 3785 3469 3468
f 3785 3468 3786
f 3786 3468 3470
f 3786 3470 3787
f 3787 3470 3784
f 3470 3472 3783
f 3783 3472 3471
f 3783 3471 3788
f 3788 3471 3467
f 3432 3789 3429
f 3429 3789 3790
f 3429 3790 3431
f 3431 3790 3791
f 3431 3791 3465
f 3465 3791 3792
f 3465 3792 3466
f 3466 3792 3793
f 3466 3793 3467
f 3467 3793 3794
f 3467 3794 3788
f 3450 3449 3795
f 3795 3449 3796
f 3450 3795 3451
f 3451 3795 3797
f 3451 3797 3415
f 3415 3797 3798
f 3415 3798 3416
f 3416 3798 3799
f 3416 3799 3432
f 3432 3799 3800
f 3432 3800 3789
f 3796 3449 3801
f 3801 3449 3448
f 3801 3448 3802
f 3802 3448 3446
f 3802 3446 3803
f 3446 3445 3803
f 3803 3445 3433
f 3803 3433 3804
f 3804 3433 3435
f 3804 3435 3805
f 3805 3435 3437
f 3805 3437 3806
f 3806 3437 3444
f 3806 3444 3807
f 3807 3444 3443
f 3807 3443 3808
f 3443 3442 3808
f 3808 3442 3438
f 3808 3438 3809
f 3809 3438 3440
f 3809 3440 3810
f 3810 3440 3811
f 3440 3441 3811
f 3811 3441 3420
f 3811 3420 3812
f 3812 3420 3422
f 3812 3422 3813
f 3813 3422 3424
f 3269 3551 3536
f 3536 3551 3814
f 3536 3814 3476
f 3476 3814 3815
f 3476 3815 3477
f 3477 3815 3816
f 3477 3816 3490
f 3490 3816 3817
f 3490 3817 3491
f 3491 3817 3818
f 3491 3818 3493
f 3493 3818 3819
f 3493 3819 3494
f 3819 3820 3494
f 3494 3820 3821
f 3494 3821 3495
f 3495 3821 3496
f 3821 3822 3496
f 3496 3822 3823
f 3496 3823 3497
f 3497 3823 3824
f 3497 3824 3487
f 3487 3824 3484
f 3824 3825 3484
f 3484 3825 3826
f 3484 3826 3485
f 3826 3827 3485
f 3485 3827 3828
f 3485 3828 3537
f 3537 3828 3829
f 3537 3829 3538
f 3538 3829 3830
f 3538 3830 3539
f 3539 3830 3831
f 3539 3831 3540
f 3540 3831 3532
f 3832 3533 3833
f 3833 3533 3532
f 3833 3532 3834
f 3834 3532 3831
f 3480 3479 3835
f 3835 3479 3527
f 3835 3527 3836
f 3836 3527 3526
f 3836 3526 3837
f 3837 3526 3524
f 3837 3524 3838
f 3838 3524 3522
f 3838 3522 3839
f 3839 3522 3521
f 3839 3521 3840
f 3840 3521 3528
f 3840 3528 3832
f 3832 3528 3530
f 3832 3530 3533
f 3835 3841 3480
f 3480 3841 3842
f 3480 3842 3517
f 3517 3842 3843
f 3517 3843 3516
f 3516 3843 3844
f 3516 3844 3514
f 3514 3844 3845
f 3514 3845 3518
f 3518 3845 3846
f 3518 3846 3519
f 3519 3846 3847
f 3519 3847 3520
f 3520 3847 3848
f 3520 3848 3513
f 3513 3848 3849
f 3513 3849 3511
f 3813 3424 3850
f 3850 3424 3511
f 3850 3511 3851
f 3851 3511 3849
f 3852 3853 3854
f 3853 3855 3854
f 3854 3855 3856
f 3854 3856 3857
f 3857 3858 3854
f 3854 3858 3859
f 3854 3859 3860
f 3860 3861 3854
f 3854 3861 3862
f 3854 3862 3863
f 3864 3865 3866
f 3866 3865 3867
f 3867 3868 3866
f 3866 3868 3869
f 3866 3869 3870
f 3870 3871 3866
f 3866 3871 3872
f 3866 3872 3873
f 3874 3875 3876
f 3876 3877 3874
f 3874 3877 3878
f 3874 3878 3879
f 3880 3874 3881
f 3881 3874 3882
f 3880 3883 3874
f 3874 3883 3884
f 3874 3884 3885
f 3885 3886 3874
f 3874 3886 3887
f 3874 3887 3888
f 3888 3889 3874
f 3874 3889 3890
f 3874 3890 3891
f 3891 3892 3874
f 3874 3892 3893
f 3874 3893 3894
f 3894 3895 3874
f 3874 3895 3896
f 3874 3896 3897
f 3897 3898 3874
f 3874 3898 3899
f 3874 3899 3900
f 3900 3901 3874
f 3874 3901 3902
f 3874 3902 3875
f 3903 3874 3904
f 3903 3905 3874
f 3874 3905 3906
f 3874 3906 3907
f 3907 3908 3874
f 3874 3908 3909
f 3874 3909 3910
f 3910 3911 3874
f 3874 3911 3912
f 3874 3912 3882
f 3913 3914 3904
f 3904 3914 3915
f 3904 3915 3916
f 3916 3917 3904
f 3904 3917 3918
f 3904 3918 3903
f 3919 3920 3921
f 3921 3920 3922
f 3922 3923 3921
f 3921 3923 3924
f 3921 3924 3925
f 3925 3926 3921
f 3921 3926 3927
f 3921 3927 3928
f 3928 3929 3921
f 3921 3929 3930
f 3921 3930 3904
f 3904 3930 3931
f 3904 3931 3913
f 3932 3933 3921
f 3932 3921 3934
f 3933 3935 3921
f 3921 3935 3936
f 3921 3936 3937
f 3937 3938 3921
f 3921 3938 3939
f 3921 3939 3919
f 3940 3941 3942
f 3943 3944 3945
f 3945 3944 3946
f 3946 3947 3945
f 3945 3947 3948
f 3945 3948 3940
f 3940 3948 3949
f 3940 3949 3941
f 3950 3951 3952
f 3952 3951 3953
f 3952 3953 3954
f 3863 3955 3854
f 3854 3955 3956
f 3854 3956 3957
f 3957 3958 3854
f 3854 3958 3959
f 3854 3959 3960
f 3960 3961 3854
f 3854 3961 3962
f 3854 3962 3952
f 3952 3962 3963
f 3952 3963 3950
f 3954 3943 3952
f 3952 3943 3945
f 3952 3945 3854
f 3854 3945 3866
f 3854 3866 3852
f 3852 3866 3873
f 3942 3934 3940
f 3940 3934 3921
f 3940 3921 3945
f 3945 3921 3904
f 3945 3904 3866
f 3866 3904 3874
f 3866 3874 3864
f 3864 3874 3879
f 3590 3589 3964
f 3602 3600 3965
f 3883 3880 3966
f 3888 3887 3964
f 3964 3887 3886
f 3964 3886 3967
f 3967 3886 3885
f 3967 3885 3884
f 3888 3964 3889
f 3889 3964 3968
f 3889 3968 3890
f 3969 3892 3968
f 3968 3892 3891
f 3968 3891 3890
f 3895 3894 3969
f 3969 3894 3893
f 3969 3893 3892
f 3970 3897 3896
f 3970 3896 3965
f 3897 3970 3898
f 3898 3970 3971
f 3898 3971 3899
f 3902 3901 3972
f 3972 3901 3971
f 3971 3901 3900
f 3971 3900 3899
f 3973 3876 3972
f 3972 3876 3875
f 3972 3875 3902
f 3879 3878 3973
f 3973 3878 3877
f 3973 3877 3876
f 3864 3974 3865
f 3865 3974 3975
f 3865 3975 3867
f 3867 3975 3868
f 3872 3871 3976
f 3976 3871 3870
f 3976 3870 3975
f 3975 3870 3869
f 3975 3869 3868
f 3852 3873 3977
f 3977 3873 3872
f 3857 3856 3978
f 3978 3856 3855
f 3978 3855 3977
f 3977 3855 3853
f 3977 3853 3852
f 3857 3978 3858
f 3858 3978 3979
f 3858 3979 3859
f 3980 3861 3979
f 3979 3861 3860
f 3979 3860 3859
f 3644 3643 3979
f 3979 3643 3642
f 3979 3642 3980
f 3980 3642 3646
f 3980 3646 3981
f 3981 3646 3982
f 3982 3646 3645
f 3982 3645 3983
f 3978 3638 3641
f 3978 3641 3979
f 3979 3641 3640
f 3979 3640 3644
f 3632 3630 3977
f 3977 3630 3629
f 3977 3629 3978
f 3978 3629 3636
f 3978 3636 3638
f 3872 3976 3977
f 3977 3976 3633
f 3977 3633 3632
f 3626 3635 3976
f 3976 3635 3634
f 3976 3634 3633
f 3626 3976 3627
f 3627 3976 3975
f 3627 3975 3628
f 3618 3617 3974
f 3974 3617 3622
f 3974 3622 3975
f 3975 3622 3624
f 3975 3624 3628
f 3620 3618 3973
f 3973 3618 3974
f 3973 3974 3879
f 3879 3974 3864
f 3613 3612 3972
f 3972 3612 3615
f 3972 3615 3973
f 3973 3615 3621
f 3973 3621 3620
f 3605 3604 3970
f 3970 3604 3611
f 3970 3611 3971
f 3971 3611 3610
f 3971 3610 3972
f 3972 3610 3614
f 3972 3614 3613
f 3600 3599 3965
f 3965 3599 3608
f 3965 3608 3970
f 3970 3608 3607
f 3970 3607 3605
f 3603 3602 3969
f 3969 3602 3965
f 3969 3965 3895
f 3895 3965 3896
f 3594 3595 3968
f 3968 3595 3596
f 3968 3596 3969
f 3969 3596 3598
f 3969 3598 3603
f 3589 3577 3964
f 3964 3577 3576
f 3964 3576 3968
f 3968 3576 3592
f 3968 3592 3594
f 3590 3964 3591
f 3591 3964 3967
f 3591 3967 3583
f 3587 3586 3967
f 3967 3586 3584
f 3967 3584 3583
f 3984 3588 3985
f 3985 3588 3587
f 3884 3883 3967
f 3967 3883 3966
f 3967 3966 3587
f 3587 3966 3986
f 3587 3986 3985
f 3816 3815 3987
f 3667 3666 3987
f 3988 3989 3990
f 3781 3991 3780
f 3780 3991 3688
f 3780 3688 3779
f 3779 3688 3695
f 3779 3695 3778
f 3778 3695 3372
f 3694 3693 3992
f 3992 3693 3691
f 3992 3691 3991
f 3991 3691 3689
f 3991 3689 3688
f 3687 3655 3993
f 3993 3655 3990
f 3990 3655 3992
f 3992 3655 3654
f 3992 3654 3694
f 3994 3995 3993
f 3993 3995 3996
f 3996 3368 3685
f 3996 3685 3993
f 3993 3685 3686
f 3993 3686 3687
f 3990 3989 3993
f 3993 3989 3997
f 3993 3997 3994
f 3998 3999 4000
f 4000 3999 4001
f 4000 4001 3988
f 4002 4003 4004
f 4004 4003 4005
f 4004 4005 4006
f 4002 4007 4003
f 4003 4007 4008
f 4003 4008 4009
f 4010 4011 4005
f 4005 4011 4012
f 4012 4013 4005
f 4005 4013 4014
f 4005 4014 4006
f 4015 4016 4010
f 4010 4016 4017
f 4010 4017 4011
f 4018 4015 4019
f 4019 4015 4020
f 4018 4021 4015
f 4015 4021 4022
f 4015 4022 4016
f 4023 4024 4020
f 4020 4024 4025
f 4020 4025 4019
f 4023 4020 4026
f 4026 4020 4027
f 4026 4027 4028
f 4029 4030 4027
f 4027 4030 4031
f 4027 4031 4028
f 4032 4033 4034
f 4034 4035 4032
f 4032 4035 4036
f 4032 4036 4029
f 4029 4036 4037
f 4029 4037 4030
f 4033 4032 4038
f 4038 4032 4039
f 4038 4039 4040
f 4041 4042 4043
f 4043 4044 4041
f 4041 4044 4045
f 4041 4045 4039
f 4039 4045 4046
f 4039 4046 4040
f 4042 4041 4047
f 4047 4041 4048
f 4047 4048 4049
f 4050 4051 4052
f 4052 4051 4053
f 4052 4053 4048
f 4048 4053 4054
f 4048 4054 4049
f 4055 4056 4057
f 4057 4056 4058
f 4057 4058 4052
f 4052 4058 4059
f 4052 4059 4050
f 4060 4061 4057
f 4057 4061 4062
f 4057 4062 4055
f 4060 4057 4063
f 4063 4057 4064
f 4063 4064 4065
f 4065 4064 4066
f 4065 4066 4067
f 4068 4069 4066
f 4069 4070 4066
f 4066 4070 4071
f 4066 4071 4067
f 3659 3278 4072
f 4072 4073 3659
f 3659 4073 4074
f 3659 4074 3671
f 3664 3663 4075
f 4075 3663 3670
f 3669 3661 4074
f 4074 3661 3660
f 4074 3660 3671
f 3987 3815 3667
f 3667 3815 3814
f 3667 3814 3551
f 4076 3822 4077
f 4077 3822 3821
f 4077 3821 3820
f 3820 3819 4077
f 4077 3819 3818
f 4077 3818 3987
f 3987 3818 3817
f 3987 3817 3816
f 4076 3826 3825
f 3825 3824 4076
f 4076 3824 3823
f 4076 3823 3822
f 4078 4079 3827
f 3831 3830 4079
f 3830 3829 4079
f 4079 3829 3828
f 4079 3828 3827
f 4080 3838 4081
f 4081 3838 3839
f 4081 3839 3840
f 3840 3832 4081
f 4081 3832 3833
f 4081 3833 4079
f 4079 3833 3834
f 4079 3834 3831
f 3835 3836 4080
f 4080 3836 3837
f 4080 3837 3838
f 4082 3847 3846
f 4082 3846 4083
f 4083 3846 3845
f 4083 3845 3844
f 3844 3843 4083
f 4083 3843 3842
f 4083 3842 4080
f 4080 3842 3841
f 4080 3841 3835
f 4084 3850 4082
f 4082 3850 3851
f 3851 3849 4082
f 4082 3849 3848
f 4082 3848 3847
f 3810 3811 4085
f 4085 3811 3812
f 4085 3812 4084
f 4084 3812 3813
f 4084 3813 3850
f 3806 3807 4086
f 4086 3807 3808
f 4086 3808 4085
f 4085 3808 3809
f 4085 3809 3810
f 3802 3803 4087
f 4087 3803 3804
f 4087 3804 4086
f 4086 3804 3805
f 4086 3805 3806
f 4088 3798 3797
f 3797 3795 4088
f 4088 3795 3796
f 4088 3796 4087
f 4087 3796 3801
f 4087 3801 3802
f 3793 3792 4089
f 4089 3792 3791
f 4089 3791 3790
f 3790 3789 4089
f 4089 3789 3800
f 4089 3800 4088
f 4088 3800 3799
f 4088 3799 3798
f 3793 4089 3794
f 3794 4089 4090
f 3794 4090 4091
f 4091 3787 3784
f 3784 3783 4091
f 4091 3783 3788
f 4091 3788 3794
f 3781 3782 3991
f 3991 3782 3785
f 3991 3785 3786
f 3670 3669 4075
f 4075 3669 4074
f 4075 4074 4092
f 3827 3826 4078
f 4078 3826 4076
f 4078 4076 4092
f 4092 4076 4077
f 4092 4077 4075
f 4075 4077 3987
f 4075 3987 3664
f 3664 3987 3666
f 4073 4068 4074
f 4074 4068 4066
f 4074 4066 4092
f 4092 4066 4064
f 4092 4064 4078
f 4078 4064 4057
f 4078 4057 4079
f 4079 4057 4052
f 4079 4052 4081
f 4081 4052 4048
f 4081 4048 4080
f 4080 4048 4041
f 4080 4041 4083
f 4083 4041 4039
f 4083 4039 4082
f 4082 4039 4032
f 4082 4032 4084
f 4084 4032 4029
f 4084 4029 4085
f 4085 4029 4027
f 4085 4027 4086
f 4086 4027 4020
f 4086 4020 4087
f 4087 4020 4015
f 4087 4015 4088
f 4088 4015 4010
f 4088 4010 4089
f 4089 4010 4005
f 4089 4005 4090
f 4090 4005 4003
f 4090 4003 4000
f 4000 4003 4009
f 4000 4009 3998
f 3988 3990 4000
f 4000 3990 3992
f 4000 3992 4090
f 4090 3992 3991
f 4090 3991 4091
f 4091 3991 3786
f 4091 3786 3787
f 3588 3984 3579
f 3579 3984 4093
f 3579 4093 3580
f 4093 4094 3580
f 3580 4094 4095
f 3580 4095 3582
f 4095 4096 3582
f 3582 4096 4097
f 3582 4097 3277
f 3935 3933 4098
f 4099 4100 4101
f 4102 4103 4104
f 4105 4106 4107
f 3984 3985 4108
f 4108 3985 4109
f 4108 4109 4110
f 4110 4109 4111
f 4111 4109 4112
f 4111 4112 4113
f 4106 4114 4107
f 4107 4114 4115
f 4107 4115 4116
f 4116 4115 4117
f 4116 4117 4118
f 4119 4120 4121
f 4119 4121 4122
f 4120 4119 4123
f 4123 4119 4124
f 4123 4124 4125
f 4103 4126 4104
f 4104 4126 4127
f 4104 4127 4124
f 4124 4127 4128
f 4124 4128 4125
f 4129 4130 4131
f 4131 4130 4132
f 4131 4132 4133
f 4133 4132 4134
f 4133 4134 4102
f 4129 4131 4135
f 4135 4131 4136
f 4135 4136 4137
f 4100 4138 4101
f 4101 4138 4139
f 4101 4139 4136
f 4136 4139 4140
f 4136 4140 4137
f 4098 4141 4099
f 4141 4098 4142
f 4142 4098 4143
f 4142 4143 4144
f 4144 4143 4145
f 4145 4143 4146
f 4145 4146 4147
f 4148 4149 4150
f 4150 4149 4151
f 4150 4151 4146
f 4146 4151 4152
f 4146 4152 4147
f 4153 4154 4150
f 4150 4154 4155
f 4150 4155 4148
f 4156 4157 4158
f 4158 4157 4159
f 4158 4159 4160
f 4160 4159 4161
f 4160 4161 4162
f 4163 4164 4165
f 4165 4164 4166
f 4165 4166 4156
f 4156 4166 4167
f 4156 4167 4157
f 3863 3862 4165
f 4165 3862 3861
f 3861 3980 4165
f 4165 3980 3981
f 4165 3981 4163
f 4163 3981 3982
f 4163 3982 3983
f 3958 3957 4156
f 4156 3957 3956
f 4156 3956 4165
f 4165 3956 3955
f 4165 3955 3863
f 3958 4156 3959
f 3959 4156 4158
f 3959 4158 3960
f 3950 4160 4153
f 4153 4160 4162
f 4153 4162 4154
f 3950 3963 4160
f 4160 3963 3962
f 4160 3962 4158
f 4158 3962 3961
f 4158 3961 3960
f 3943 3954 4150
f 4150 3954 3953
f 4150 3953 4153
f 4153 3953 3951
f 4153 3951 3950
f 3948 3947 4146
f 4146 3947 3946
f 4146 3946 4150
f 4150 3946 3944
f 4150 3944 3943
f 3948 4146 3949
f 3949 4146 4143
f 3949 4143 3941
f 3933 3932 4098
f 4098 3932 3934
f 4098 3934 4143
f 4143 3934 3942
f 4143 3942 3941
f 4099 4101 4098
f 4098 4101 3936
f 4098 3936 3935
f 3919 3939 4136
f 4136 3939 3938
f 4136 3938 4101
f 4101 3938 3937
f 4101 3937 3936
f 4131 3923 3922
f 4131 3922 4136
f 4136 3922 3920
f 4136 3920 3919
f 3927 3926 4133
f 4133 3926 3925
f 4133 3925 4131
f 4131 3925 3924
f 4131 3924 3923
f 4102 4104 4133
f 4133 4104 3928
f 4133 3928 3927
f 3913 3931 4124
f 4124 3931 3930
f 4124 3930 4104
f 4104 3930 3929
f 4104 3929 3928
f 4119 3916 3915
f 4119 3915 4124
f 4124 3915 3914
f 4124 3914 3913
f 3905 3903 4122
f 4122 3903 3918
f 4122 3918 4119
f 4119 3918 3917
f 4119 3917 3916
f 4121 4105 4122
f 4122 4105 4107
f 4122 4107 3905
f 3905 4107 3906
f 3910 4116 4112
f 4112 4116 4118
f 4112 4118 4113
f 3910 3909 4116
f 4116 3909 3908
f 4116 3908 4107
f 4107 3908 3907
f 4107 3907 3906
f 3881 3882 4109
f 4109 3882 3912
f 4109 3912 4112
f 4112 3912 3911
f 4112 3911 3910
f 3880 3881 3966
f 3966 3881 4109
f 3966 4109 3986
f 3986 4109 3985
f 3369 4168 3649
f 3649 4168 4169
f 3649 4169 3648
f 4169 4170 3648
f 3648 4170 4171
f 3648 4171 3647
f 4171 4172 3647
f 3647 4172 3983
f 3647 3983 3645
f 4061 4060 4173
f 4033 4038 4174
f 3996 4175 3368
f 3368 4175 4168
f 3368 4168 3369
f 3996 3995 4175
f 4175 3995 3994
f 4175 3994 4176
f 4176 3994 3997
f 4176 3997 4177
f 4177 3997 4178
f 4178 3997 3989
f 4178 3989 4179
f 4179 3989 3988
f 4179 3988 4180
f 4180 3988 4001
f 4180 4001 4181
f 4181 4001 3999
f 4181 3999 4182
f 3999 3998 4182
f 4182 3998 4009
f 4182 4009 4183
f 4183 4009 4008
f 4183 4008 4184
f 4184 4008 4007
f 4184 4007 4185
f 4185 4007 4002
f 4185 4002 4186
f 4002 4004 4186
f 4186 4004 4006
f 4186 4006 4187
f 4187 4006 4014
f 4187 4014 4188
f 4188 4014 4189
f 4014 4013 4189
f 4189 4013 4012
f 4189 4012 4190
f 4190 4012 4011
f 4190 4011 4191
f 4191 4011 4192
f 4192 4011 4017
f 4192 4017 4193
f 4017 4016 4193
f 4193 4016 4022
f 4193 4022 4194
f 4194 4022 4021
f 4194 4021 4195
f 4195 4021 4018
f 4195 4018 4196
f 4196 4018 4019
f 4196 4019 4197
f 4197 4019 4025
f 4197 4025 4198
f 4198 4025 4024
f 4198 4024 4199
f 4199 4024 4023
f 4199 4023 4200
f 4023 4026 4200
f 4200 4026 4028
f 4200 4028 4201
f 4201 4028 4031
f 4201 4031 4202
f 4202 4031 4203
f 4031 4030 4203
f 4203 4030 4037
f 4203 4037 4204
f 4204 4037 4036
f 4204 4036 4205
f 4205 4036 4206
f 4206 4036 4035
f 4206 4035 4174
f 4174 4035 4034
f 4174 4034 4033
f 4207 4208 4038
f 4208 4209 4038
f 4038 4209 4210
f 4038 4210 4174
f 4044 4043 4211
f 4038 4040 4207
f 4207 4040 4046
f 4207 4046 4212
f 4212 4046 4045
f 4212 4045 4213
f 4213 4045 4044
f 4213 4044 4214
f 4214 4044 4211
f 4043 4042 4211
f 4211 4042 4047
f 4211 4047 4215
f 4215 4047 4216
f 4216 4047 4049
f 4216 4049 4217
f 4217 4049 4054
f 4217 4054 4218
f 4054 4053 4218
f 4218 4053 4051
f 4218 4051 4219
f 4219 4051 4050
f 4219 4050 4220
f 4220 4050 4059
f 4220 4059 4221
f 4221 4059 4222
f 4222 4059 4058
f 4222 4058 4223
f 4223 4058 4056
f 4223 4056 4224
f 4224 4056 4225
f 4225 4056 4055
f 4225 4055 4173
f 4173 4055 4062
f 4173 4062 4061
f 4071 4226 4067
f 4067 4226 4227
f 4067 4227 4065
f 4065 4227 4228
f 4065 4228 4063
f 4063 4228 4229
f 4063 4229 4060
f 4060 4229 4230
f 4060 4230 4173
f 4071 4070 4226
f 4226 4070 4069
f 4226 4069 4231
f 4231 4069 4232
f 4069 4068 4232
f 4232 4068 4073
f 4232 4073 4233
f 4233 4073 4234
f 4234 4073 4072
f 4234 4072 4097
f 4097 4072 3278
f 4097 3278 3277
f 4093 3984 4108
f 4176 4177 4235
f 4183 4184 4236
f 4232 4233 4237
f 4237 4233 4234
f 4234 4097 4096
f 4232 4237 4231
f 4231 4237 4238
f 4231 4238 4226
f 4230 4229 4239
f 4239 4229 4228
f 4239 4228 4238
f 4238 4228 4227
f 4238 4227 4226
f 4240 4225 4239
f 4239 4225 4173
f 4239 4173 4230
f 4218 4219 4241
f 4241 4219 4220
f 4241 4220 4240
f 4240 4220 4221
f 4240 4221 4222
f 4222 4223 4240
f 4240 4223 4224
f 4240 4224 4225
f 4218 4241 4217
f 4217 4241 4242
f 4217 4242 4216
f 4213 4214 4243
f 4243 4214 4211
f 4243 4211 4242
f 4242 4211 4215
f 4242 4215 4216
f 4209 4208 4244
f 4244 4208 4207
f 4244 4207 4243
f 4243 4207 4212
f 4243 4212 4213
f 4206 4174 4244
f 4244 4174 4210
f 4244 4210 4209
f 4245 4202 4203
f 4245 4203 4246
f 4246 4203 4204
f 4246 4204 4205
f 4199 4200 4245
f 4245 4200 4201
f 4245 4201 4202
f 4194 4195 4247
f 4247 4195 4196
f 4247 4196 4248
f 4248 4196 4197
f 4248 4197 4198
f 4190 4191 4249
f 4249 4191 4192
f 4249 4192 4247
f 4247 4192 4193
f 4247 4193 4194
f 4190 4249 4189
f 4189 4249 4250
f 4189 4250 4188
f 4185 4186 4250
f 4250 4186 4187
f 4250 4187 4188
f 4183 4236 4182
f 4182 4236 4251
f 4182 4251 4181
f 4177 4178 4235
f 4235 4178 4179
f 4235 4179 4251
f 4251 4179 4180
f 4251 4180 4181
f 4168 4175 4169
f 4169 4175 4170
f 4234 4096 4237
f 4237 4096 4095
f 4237 4095 4094
f 4111 4113 4238
f 4111 4238 4110
f 4110 4238 4237
f 4110 4237 4108
f 4108 4237 4094
f 4108 4094 4093
f 4113 4118 4238
f 4238 4118 4117
f 4238 4117 4239
f 4239 4117 4115
f 4105 4240 4106
f 4106 4240 4239
f 4106 4239 4114
f 4114 4239 4115
f 4123 4241 4120
f 4120 4241 4240
f 4120 4240 4121
f 4121 4240 4105
f 4127 4242 4128
f 4128 4242 4241
f 4128 4241 4125
f 4125 4241 4123
f 4102 4243 4103
f 4103 4243 4242
f 4103 4242 4126
f 4126 4242 4127
f 4102 4134 4243
f 4243 4134 4132
f 4243 4132 4244
f 4244 4132 4130
f 4244 4130 4129
f 4205 4206 4246
f 4246 4206 4244
f 4246 4244 4135
f 4135 4244 4129
f 4135 4137 4246
f 4246 4137 4140
f 4246 4140 4245
f 4245 4140 4139
f 4245 4139 4138
f 4138 4100 4245
f 4245 4100 4248
f 4245 4248 4199
f 4199 4248 4198
f 4142 4247 4141
f 4141 4247 4248
f 4141 4248 4099
f 4099 4248 4100
f 4147 4249 4145
f 4145 4249 4247
f 4145 4247 4144
f 4144 4247 4142
f 4147 4152 4249
f 4249 4152 4151
f 4249 4151 4250
f 4250 4151 4149
f 4250 4149 4148
f 4148 4155 4250
f 4250 4155 4236
f 4250 4236 4185
f 4185 4236 4184
f 4155 4154 4236
f 4236 4154 4162
f 4236 4162 4251
f 4251 4162 4161
f 4251 4161 4159
f 4159 4157 4251
f 4251 4157 4167
f 4251 4167 4235
f 4235 4167 4166
f 4235 4166 4164
f 3983 4172 4163
f 4163 4172 4164
f 4172 4171 4164
f 4164 4171 4170
f 4164 4170 4235
f 4235 4170 4175
f 4235 4175 4176
