# Converti depuis Right_5_3_Link.STL
# 2393 sommets, 4786 faces
o Right_5_3_Link
v 0.000157 -0.016711 -0.004296
v 0.000033 -0.016535 -0.004349
v 0.000372 -0.016006 -0.004642
v 0.000590 -0.011046 -0.005961
v 0.000854 -0.010659 -0.006001
v 0.001101 -0.011318 -0.005860
v 0.003262 -0.012268 -0.004823
v 0.003522 -0.012559 -0.004569
v 0.003090 -0.014247 -0.004492
v 0.000349 -0.016981 -0.004214
v 0.000334 -0.016960 -0.004220
v 0.000690 -0.016441 -0.004491
v 0.001285 -0.017140 -0.004146
v 0.001502 -0.017456 -0.003898
v 0.001182 -0.017686 -0.003823
v 0.001516 -0.010261 -0.005952
v 0.001788 -0.010579 -0.005807
v 0.001618 -0.011244 -0.005746
v 0.001955 -0.010776 -0.005718
v 0.002399 -0.011291 -0.005435
v 0.002269 -0.012118 -0.005328
v 0.001105 -0.010291 -0.006039
v 0.001339 -0.010792 -0.005918
v 0.002036 -0.012865 -0.005253
v 0.001700 -0.012388 -0.005469
v 0.001115 -0.013715 -0.005291
v 0.001386 -0.011881 -0.005674
v 0.001299 -0.010007 -0.006068
v 0.000740 -0.015452 -0.004845
v 0.000428 -0.014915 -0.005022
v 0.001102 -0.014872 -0.004985
v 0.000780 -0.014329 -0.005177
v 0.001445 -0.014251 -0.005088
v 0.001759 -0.013580 -0.005175
v -0.000172 -0.016246 -0.004436
v -0.000223 -0.016134 -0.004461
v 0.000069 -0.015478 -0.004802
v 0.000127 -0.014272 -0.005200
v 0.000472 -0.013702 -0.005368
v 0.000802 -0.013113 -0.005492
v -0.000528 -0.014008 -0.005119
v -0.000228 -0.014823 -0.004964
v -0.000636 -0.015224 -0.004662
v -0.000107 -0.012032 -0.005716
v 0.000218 -0.011573 -0.005830
v 0.000505 -0.012412 -0.005680
v -0.000125 -0.012056 -0.005705
v 0.000172 -0.012956 -0.005549
v -0.000480 -0.012522 -0.005496
v -0.000173 -0.013489 -0.005369
v -0.000734 -0.012856 -0.005346
v -0.000276 -0.016018 -0.004487
v -0.000578 -0.015353 -0.004634
v -0.000580 -0.015349 -0.004634
v 0.002078 -0.016272 -0.004348
v 0.002625 -0.016339 -0.004060
v 0.002377 -0.016690 -0.004039
v 0.002333 -0.016731 -0.004034
v 0.002099 -0.016956 -0.004005
v 0.001673 -0.016738 -0.004270
v 0.001894 -0.017153 -0.003979
v 0.001801 -0.017241 -0.003968
v 0.001589 -0.017394 -0.003918
v 0.001002 -0.016809 -0.004332
v 0.000662 -0.017267 -0.004078
v 0.000533 -0.017149 -0.004133
v 0.000939 -0.017518 -0.003956
v 0.000928 -0.017511 -0.003962
v 0.000888 -0.017474 -0.003979
v 0.002136 -0.015232 -0.004665
v 0.001770 -0.015821 -0.004594
v 0.001384 -0.016335 -0.004491
v 0.003760 -0.013548 -0.004177
v 0.003781 -0.013460 -0.004181
v 0.003895 -0.012977 -0.004203
v 0.003461 -0.014527 -0.004139
v 0.003408 -0.014701 -0.004133
v 0.002802 -0.015023 -0.004448
v 0.003300 -0.015052 -0.004119
v 0.003100 -0.015491 -0.004101
v 0.003088 -0.015517 -0.004100
v 0.002464 -0.015706 -0.004402
v 0.002873 -0.015988 -0.004081
v 0.002740 -0.016176 -0.004070
v 0.003163 -0.012156 -0.004893
v 0.002740 -0.013790 -0.004784
v 0.002461 -0.014549 -0.004727
v -0.001215 -0.013444 -0.004902
v -0.000843 -0.012989 -0.005246
v -0.000937 -0.014300 -0.004787
v -0.000871 -0.014500 -0.004760
v 0.002451 -0.011349 -0.005399
v -0.004400 -0.008421 -0.002146
v -0.004206 -0.008351 -0.002837
v -0.003159 -0.012351 -0.002729
v 0.000822 -0.019388 -0.002098
v 0.000778 -0.019593 -0.001647
v 0.000061 -0.019570 -0.001687
v 0.000936 -0.018850 -0.002809
v 0.000918 -0.018932 -0.002701
v 0.000282 -0.018900 -0.002758
v 0.001104 -0.018057 -0.003555
v 0.000214 -0.017682 -0.003783
v -0.000050 -0.018197 -0.003335
v -0.000495 -0.017781 -0.003440
v -0.001955 -0.015570 -0.003216
v -0.001654 -0.015202 -0.003813
v -0.001268 -0.016336 -0.003688
v 0.001009 -0.018504 0.003079
v 0.001014 -0.018484 0.003095
v 0.000448 -0.018435 0.003160
v 0.001107 -0.018042 0.003451
v 0.000646 -0.017948 0.003574
v 0.000214 -0.017684 0.003697
v -0.000050 -0.018198 0.003250
v -0.001723 -0.011583 0.004946
v -0.001800 -0.011292 0.004961
v -0.002198 -0.011611 0.004498
v -0.001557 -0.016746 0.003026
v -0.001955 -0.015570 0.003131
v -0.002196 -0.015859 0.002503
v -0.003270 -0.005939 0.005226
v -0.003505 -0.005146 0.005262
v -0.003966 -0.005178 0.004770
v -0.003923 -0.008254 0.003432
v -0.004206 -0.008352 0.002755
v -0.003160 -0.012352 0.002645
v -0.006147 -0.001554 0.003563
v -0.006367 -0.001494 0.003007
v -0.005822 -0.003026 0.002940
v -0.006530 -0.001450 0.002596
v -0.006598 -0.001421 0.002275
v -0.006042 -0.002983 0.002216
v -0.005104 -0.003115 -0.004369
v -0.005647 -0.001624 -0.004439
v -0.005256 -0.001657 -0.004954
v -0.006108 -0.001554 -0.003670
v -0.006046 -0.001566 -0.003789
v -0.005505 -0.003072 -0.003718
v -0.005837 -0.001608 -0.004190
v -0.005725 -0.001617 -0.004337
v -0.006331 -0.001509 -0.003242
v -0.005822 -0.003026 -0.003021
v -0.006042 -0.002982 -0.002297
v -0.006417 -0.001481 -0.002963
v -0.006377 -0.001494 -0.003092
v -0.006740 -0.001355 -0.001597
v -0.006653 -0.001402 -0.002196
v -0.006175 -0.002946 -0.001555
v -0.006641 -0.001406 -0.002234
v -0.006603 -0.001418 -0.002356
v -0.006242 -0.002922 -0.000801
v -0.006805 -0.001319 -0.001148
v -0.006755 -0.001347 -0.001494
v -0.006835 -0.001295 -0.000040
v -0.006815 -0.001311 -0.000763
v -0.006814 -0.001312 -0.000823
v -0.006260 -0.002913 -0.000040
v -0.006844 -0.001288 0.000297
v -0.006242 -0.002922 0.000720
v -0.006816 -0.001308 0.000688
v -0.006175 -0.002947 0.001474
v -0.006762 -0.001347 0.001427
v -0.006812 -0.001311 0.000742
v -0.006622 -0.001410 0.002162
v -0.006753 -0.001353 0.001546
v -0.006755 -0.001352 0.001519
v -0.006414 -0.001482 0.002890
v -0.005572 -0.001641 0.004495
v -0.005652 -0.001628 0.004364
v -0.005104 -0.003116 0.004287
v -0.005719 -0.001618 0.004256
v -0.005505 -0.003073 0.003637
v -0.006055 -0.001568 0.003712
v -0.006123 -0.001557 0.003601
v -0.004698 -0.001658 0.005434
v -0.004958 -0.001666 0.005199
v -0.004642 -0.003145 0.004868
v -0.005199 -0.001663 0.004949
v -0.005259 -0.001660 0.004876
v -0.004698 -0.001656 -0.005515
v -0.004154 -0.003158 -0.005439
v -0.004958 -0.001664 -0.005279
v -0.004642 -0.003144 -0.004949
v -0.005199 -0.001662 -0.005029
v -0.004517 -0.008465 0.001366
v -0.005424 -0.005264 0.001421
v -0.005485 -0.005264 0.000692
v -0.005092 -0.005252 0.002851
v -0.004790 -0.005235 0.003540
v -0.004408 -0.005210 0.004188
v -0.002757 -0.007666 0.005148
v -0.002266 -0.009528 0.005052
v -0.002709 -0.007846 0.005139
v -0.003153 -0.007993 0.004652
v -0.003795 -0.004168 0.005307
v -0.004057 -0.003439 0.005344
v -0.004157 -0.003161 0.005358
v -0.000668 -0.019594 -0.000043
v -0.000360 -0.019748 -0.000043
v -0.000352 -0.019725 0.000514
v -0.001204 -0.019105 0.000536
v -0.000904 -0.019284 0.001097
v -0.001164 -0.019028 0.001113
v -0.000828 -0.019123 0.001664
v -0.001081 -0.018871 0.001689
v -0.000701 -0.018859 0.002226
v -0.000658 -0.019571 0.000520
v -0.000321 -0.019641 0.001069
v -0.000624 -0.019489 0.001082
v -0.000258 -0.019473 0.001620
v -0.000554 -0.019324 0.001641
v -0.000154 -0.019199 0.002168
v -0.000438 -0.019055 0.002196
v 0.000282 -0.018901 0.002672
v 0.000151 -0.019294 0.002143
v 0.000061 -0.019570 0.001602
v 0.000006 -0.019740 0.001056
v -0.000021 -0.019826 0.000507
v -0.000028 -0.019849 -0.000043
v 0.000721 -0.019864 -0.000582
v 0.000717 -0.019883 -0.000042
v 0.000716 -0.019890 0.000163
v 0.000724 -0.019853 0.000494
v 0.000734 -0.019804 0.000936
v -0.000748 -0.018243 0.002823
v -0.001168 -0.017616 0.002921
v -0.001386 -0.017966 0.002336
v -0.001788 -0.017069 0.002420
v -0.001948 -0.017291 0.001807
v -0.002363 -0.016057 0.001869
v -0.002464 -0.016176 0.001233
v -0.003340 -0.012489 0.001977
v -0.003448 -0.012572 0.001306
v -0.004400 -0.008422 0.002064
v -0.005299 -0.005261 0.002142
v -0.003565 -0.008132 0.004073
v -0.002898 -0.012153 0.003305
v -0.002398 -0.014025 0.003225
v -0.001731 -0.013345 0.004395
v -0.001355 -0.012943 0.004859
v -0.001511 -0.012386 0.004905
v -0.000577 -0.015353 0.004547
v -0.000579 -0.015350 0.004548
v -0.000938 -0.015866 0.004120
v -0.000636 -0.015226 0.004576
v -0.001313 -0.014776 0.004267
v -0.000871 -0.014502 0.004674
v -0.000937 -0.014301 0.004701
v -0.001215 -0.013446 0.004817
v -0.004588 -0.008494 -0.000041
v -0.003502 -0.012614 0.000633
v -0.002514 -0.016234 0.000596
v -0.002045 -0.017425 0.001191
v -0.001536 -0.018207 0.001745
v -0.000946 -0.018614 0.002260
v -0.002570 -0.011902 0.003931
v -0.002085 -0.013711 0.003840
v -0.001654 -0.015203 0.003728
v -0.001268 -0.016337 0.003602
v -0.000893 -0.017176 0.003474
v -0.000495 -0.017782 0.003354
v 0.000337 -0.016959 0.004133
v 0.000156 -0.016712 0.004210
v -0.000196 -0.017266 0.003826
v 0.000029 -0.016538 0.004263
v -0.000576 -0.016675 0.003969
v 0.000937 -0.017519 0.003872
v 0.000889 -0.017475 0.003893
v 0.000661 -0.017269 0.003992
v 0.000532 -0.017152 0.004048
v 0.000372 -0.017008 0.004118
v -0.000269 -0.018669 0.002740
v 0.000919 -0.018928 0.002610
v -0.000132 -0.016318 0.004331
v -0.000218 -0.016132 0.004373
v -0.000271 -0.016017 0.004399
v 0.000740 -0.019773 0.001031
v 0.000777 -0.019600 0.001566
v 0.000784 -0.019563 0.001679
v 0.000837 -0.019314 0.002090
v 0.000874 -0.019143 0.002372
v -0.002198 -0.011610 -0.004582
v -0.001797 -0.011290 -0.005050
v -0.001719 -0.011580 -0.005030
v -0.001731 -0.013344 -0.004480
v -0.001351 -0.012941 -0.004937
v -0.001313 -0.014775 -0.004352
v -0.002085 -0.013710 -0.003924
v -0.002398 -0.014024 -0.003310
v -0.002570 -0.011901 -0.004016
v -0.000938 -0.015865 -0.004206
v -0.000576 -0.016674 -0.004055
v -0.000196 -0.017264 -0.003912
v -0.003502 -0.012614 -0.000716
v -0.003448 -0.012572 -0.001390
v -0.002464 -0.016176 -0.001317
v -0.002363 -0.016057 -0.001954
v -0.001948 -0.017291 -0.001891
v -0.001788 -0.017069 -0.002505
v -0.001385 -0.017965 -0.002422
v -0.001168 -0.017615 -0.003006
v -0.000748 -0.018242 -0.002908
v 0.000646 -0.017947 -0.003660
v 0.000448 -0.018434 -0.003246
v -0.000269 -0.018668 -0.002825
v 0.001016 -0.018470 -0.003167
v -0.003516 -0.012625 -0.000042
v -0.002514 -0.016234 -0.000680
v -0.002045 -0.017424 -0.001276
v -0.001536 -0.018207 -0.001830
v -0.000946 -0.018613 -0.002346
v -0.000701 -0.018859 -0.002312
v -0.000554 -0.019324 -0.001727
v -0.000828 -0.019123 -0.001749
v -0.001081 -0.018871 -0.001774
v -0.001627 -0.018353 -0.001235
v -0.002093 -0.017490 -0.000660
v -0.002528 -0.016249 -0.000042
v -0.001627 -0.018353 0.001150
v -0.002093 -0.017490 0.000575
v -0.001672 -0.018425 0.000554
v -0.002106 -0.017507 -0.000042
v -0.001684 -0.018444 -0.000043
v -0.001672 -0.018425 -0.000639
v -0.001204 -0.019105 -0.000621
v -0.001164 -0.019027 -0.001199
v -0.000904 -0.019284 -0.001183
v 0.000835 -0.019325 -0.002181
v 0.000151 -0.019293 -0.002228
v -0.000154 -0.019199 -0.002253
v -0.000258 -0.019472 -0.001706
v -0.000438 -0.019054 -0.002281
v 0.000006 -0.019740 -0.001142
v -0.000021 -0.019826 -0.000593
v -0.000321 -0.019640 -0.001154
v -0.000352 -0.019725 -0.000599
v -0.000624 -0.019488 -0.001168
v -0.000658 -0.019571 -0.000606
v 0.000722 -0.019861 -0.000659
v 0.000742 -0.019764 -0.001115
v 0.000755 -0.019701 -0.001411
v -0.001215 -0.019126 -0.000043
v -0.003493 -0.005141 -0.005344
v -0.003966 -0.005177 -0.004852
v -0.003871 -0.003940 -0.005400
v -0.004053 -0.003435 -0.005425
v -0.003269 -0.005856 -0.005311
v -0.003249 -0.005930 -0.005307
v -0.003153 -0.007992 -0.004735
v -0.002729 -0.007850 -0.005222
v -0.002274 -0.009528 -0.005147
v -0.001999 -0.010545 -0.005101
v -0.002898 -0.012152 -0.003388
v -0.003923 -0.008253 -0.003515
v -0.003565 -0.008131 -0.004156
v -0.004790 -0.005234 -0.003622
v -0.004408 -0.005209 -0.004270
v -0.005092 -0.005251 -0.002933
v -0.005299 -0.005260 -0.002224
v -0.005424 -0.005264 -0.001503
v -0.005502 -0.005264 -0.000041
v -0.005485 -0.005264 -0.000774
v -0.004517 -0.008465 -0.001448
v -0.003340 -0.012488 -0.002061
v -0.002196 -0.015859 -0.002588
v -0.001557 -0.016745 -0.003111
v -0.000893 -0.017175 -0.003559
v 0.001182 -0.017687 0.003737
v 0.000939 -0.017520 0.003870
v -0.000982 -0.001015 0.006029
v -0.001254 -0.000981 0.005976
v -0.001256 -0.000931 0.005992
v -0.001256 -0.000929 0.005993
v -0.001263 -0.000887 0.006031
v -0.000523 -0.000979 0.006177
v -0.001279 -0.000848 0.006105
v -0.000528 -0.000961 0.006251
v -0.000524 -0.000956 0.006228
v -0.000384 -0.001002 0.006275
v -0.000155 -0.001062 0.006285
v -0.000153 -0.001055 0.006273
v -0.000162 -0.001101 0.006170
v -0.000527 -0.001019 0.006137
v 0.000198 -0.001207 0.006178
v 0.000196 -0.001214 0.006171
v 0.000186 -0.001245 0.006161
v 0.000210 -0.001175 0.006213
v 0.000209 -0.001176 0.006208
v -0.000154 -0.001065 0.006209
v 0.000210 -0.001174 0.006215
v -0.000150 -0.001045 0.006258
v 0.000218 -0.001157 0.006262
v 0.000218 -0.001159 0.006281
v 0.000218 -0.001161 0.006302
v -0.001285 -0.000843 0.006130
v -0.001014 -0.000881 0.006187
v -0.001281 -0.000844 0.006116
v -0.000656 -0.000930 0.006263
v -0.000531 -0.000963 0.006269
v -0.001266 -0.000869 0.006049
v -0.001273 -0.000858 0.006079
v -0.000533 -0.001071 0.006116
v -0.000008 -0.001196 0.006151
v -0.000174 -0.001154 0.006142
v -0.000477 -0.001078 0.006127
v 0.000438 -0.003436 -0.006686
v 0.000497 -0.003747 -0.006667
v -0.000065 -0.003579 -0.006702
v 0.001238 -0.009162 -0.006184
v 0.001241 -0.009207 -0.006178
v 0.000921 -0.009304 -0.006226
v -0.004337 -0.001630 -0.005788
v -0.004174 -0.001613 -0.005894
v -0.003523 -0.003417 -0.005806
v 0.000887 -0.005917 -0.006524
v 0.001154 -0.008055 -0.006332
v 0.000761 -0.008153 -0.006363
v 0.001163 -0.008130 -0.006325
v 0.001165 -0.008163 -0.006321
v 0.000843 -0.005569 -0.006556
v 0.000860 -0.005704 -0.006544
v 0.000392 -0.005786 -0.006566
v -0.000564 -0.001535 -0.006785
v -0.000511 -0.001546 -0.006785
v 0.000078 -0.001670 -0.006783
v 0.000280 -0.002605 -0.006736
v -0.000887 -0.001467 -0.006786
v -0.000659 -0.003467 -0.006671
v -0.001127 -0.001453 -0.006758
v -0.001258 -0.003402 -0.006590
v -0.001746 -0.001415 -0.006686
v -0.001202 -0.001448 -0.006749
v -0.002456 -0.001441 -0.006538
v -0.002350 -0.001435 -0.006562
v -0.001850 -0.003374 -0.006467
v -0.001863 -0.001408 -0.006672
v -0.001839 -0.001409 -0.006675
v -0.002897 -0.001465 -0.006439
v -0.002426 -0.003376 -0.006307
v -0.002954 -0.001472 -0.006418
v -0.002983 -0.003396 -0.006093
v -0.003555 -0.001542 -0.006195
v -0.003051 -0.001483 -0.006382
v -0.004150 -0.001611 -0.005907
v -0.003748 -0.001565 -0.006123
v -0.003622 -0.001550 -0.006170
v -0.002756 -0.005860 -0.005690
v -0.002251 -0.005794 -0.005977
v -0.001733 -0.005739 -0.006189
v -0.001204 -0.005702 -0.006346
v -0.000668 -0.005690 -0.006466
v -0.000132 -0.005715 -0.006542
v -0.000545 -0.010518 -0.005883
v -0.000936 -0.010878 -0.005685
v -0.001330 -0.011235 -0.005412
v -0.000522 -0.008601 -0.006163
v -0.000960 -0.008822 -0.006012
v -0.001398 -0.009053 -0.005807
v -0.001833 -0.009290 -0.005527
v 0.000577 -0.009524 -0.006204
v -0.000160 -0.010163 -0.006028
v 0.000216 -0.009822 -0.006136
v 0.000342 -0.008241 -0.006344
v -0.000087 -0.008400 -0.006275
v 0.002634 -0.016347 0.003975
v 0.002736 -0.016176 0.003984
v 0.002464 -0.015708 0.004316
v 0.002185 -0.011044 0.005485
v 0.001786 -0.010577 0.005707
v 0.001618 -0.011246 0.005657
v 0.003779 -0.012848 0.004248
v 0.003522 -0.012560 0.004480
v 0.003090 -0.014248 0.004406
v 0.001770 -0.015822 0.004507
v 0.001384 -0.016337 0.004404
v 0.001673 -0.016740 0.004184
v 0.001285 -0.017141 0.004060
v 0.001002 -0.016811 0.004246
v 0.001760 -0.013581 0.005086
v 0.002036 -0.012866 0.005165
v 0.001700 -0.012390 0.005380
v 0.002269 -0.012119 0.005239
v 0.000505 -0.012413 0.005591
v 0.000802 -0.013115 0.005403
v 0.001386 -0.011882 0.005585
v 0.000669 -0.010931 0.005892
v 0.000549 -0.011103 0.005851
v 0.001101 -0.011320 0.005771
v 0.001339 -0.010794 0.005828
v 0.001515 -0.010261 0.005858
v 0.001299 -0.010008 0.005979
v 0.001105 -0.010293 0.005952
v 0.000854 -0.010661 0.005917
v 0.002136 -0.015234 0.004578
v 0.002461 -0.014550 0.004640
v 0.003043 -0.015660 0.004009
v 0.003097 -0.015523 0.004014
v 0.002802 -0.015024 0.004362
v 0.003078 -0.012063 0.004881
v 0.002451 -0.011348 0.005305
v 0.002741 -0.013791 0.004697
v 0.003162 -0.012157 0.004805
v 0.000372 -0.016007 0.004556
v 0.000690 -0.016442 0.004404
v 0.001314 -0.017602 0.003777
v 0.002078 -0.016273 0.004262
v 0.001446 -0.014253 0.005000
v 0.001116 -0.013717 0.005203
v 0.001895 -0.017153 0.003891
v 0.001586 -0.017392 0.003830
v 0.001501 -0.017458 0.003813
v -0.000528 -0.014009 0.005033
v -0.000842 -0.012988 0.005155
v -0.000174 -0.013491 0.005282
v -0.000480 -0.012525 0.005412
v -0.000691 -0.012803 0.005292
v -0.000228 -0.014825 0.004877
v 0.000069 -0.015479 0.004715
v 0.000217 -0.011574 0.005739
v -0.000094 -0.012016 0.005634
v -0.000125 -0.012057 0.005616
v 0.000172 -0.012958 0.005461
v 0.000472 -0.013704 0.005280
v 0.000127 -0.014274 0.005112
v 0.000780 -0.014331 0.005089
v 0.000428 -0.014916 0.004934
v 0.001102 -0.014873 0.004898
v 0.000739 -0.015453 0.004758
v 0.001064 -0.015917 0.004587
v 0.003107 -0.015496 0.004015
v 0.003418 -0.014704 0.004046
v 0.003466 -0.014582 0.004051
v 0.003895 -0.012978 0.004118
v 0.003767 -0.013457 0.004098
v 0.003478 -0.014534 0.004053
v 0.002007 -0.017066 0.003912
v 0.002102 -0.016962 0.003922
v 0.002322 -0.016723 0.003945
v 0.002571 -0.016453 0.003970
v -0.001330 -0.011236 0.005326
v -0.001833 -0.009292 0.005442
v -0.004140 -0.001608 0.005812
v -0.004162 -0.001610 0.005797
v -0.003522 -0.003420 0.005724
v 0.000961 -0.006358 0.006407
v 0.000890 -0.005920 0.006439
v 0.000393 -0.005789 0.006480
v -0.000510 -0.001548 0.006704
v -0.000064 -0.003582 0.006618
v -0.000074 -0.001630 0.006711
v 0.000439 -0.003438 0.006602
v 0.000078 -0.001673 0.006702
v 0.000856 -0.005706 0.006455
v 0.000684 -0.004640 0.006535
v 0.000502 -0.003749 0.006585
v 0.001140 -0.008057 0.006233
v 0.000921 -0.009306 0.006137
v 0.001243 -0.009165 0.006104
v 0.001220 -0.008809 0.006157
v 0.001246 -0.009210 0.006097
v -0.003944 -0.001590 0.005944
v -0.002983 -0.003399 0.006011
v -0.003618 -0.001551 0.006081
v -0.002425 -0.003379 0.006224
v -0.003130 -0.001492 0.006287
v -0.003550 -0.001543 0.006110
v -0.002344 -0.001436 0.006481
v -0.002454 -0.001444 0.006454
v -0.001850 -0.003377 0.006384
v -0.002947 -0.001479 0.006332
v -0.003053 -0.001487 0.006306
v -0.001993 -0.001411 0.006568
v -0.001258 -0.003404 0.006506
v -0.001838 -0.001418 0.006588
v -0.001740 -0.001423 0.006601
v -0.000659 -0.003470 0.006587
v -0.001202 -0.001447 0.006671
v -0.000563 -0.001538 0.006704
v -0.001000 -0.001456 0.006697
v -0.001125 -0.001451 0.006681
v -0.000160 -0.010165 0.005940
v 0.000216 -0.009824 0.006047
v 0.000577 -0.009526 0.006115
v -0.001397 -0.009056 0.005721
v -0.000936 -0.010880 0.005598
v -0.000545 -0.010520 0.005796
v -0.000960 -0.008824 0.005925
v -0.000522 -0.008603 0.006075
v 0.001152 -0.008166 0.006222
v 0.000761 -0.008155 0.006275
v 0.000342 -0.008243 0.006256
v -0.000132 -0.005717 0.006456
v -0.000086 -0.008402 0.006187
v -0.000668 -0.005693 0.006380
v -0.001204 -0.005704 0.006261
v -0.001733 -0.005741 0.006104
v -0.002251 -0.005796 0.005893
v -0.002756 -0.005862 0.005606
v 0.004129 -0.013881 0.003637
v 0.001661 -0.018776 0.002592
v 0.002720 -0.017661 -0.003169
v 0.002378 -0.017937 -0.003167
v 0.002275 -0.017450 -0.003625
v 0.004871 -0.005820 -0.004211
v 0.005345 -0.005987 -0.003593
v 0.005391 -0.007936 -0.003480
v 0.004440 -0.006638 0.004584
v 0.004442 -0.007446 0.004518
v 0.004934 -0.007717 0.003990
v 0.005173 -0.010980 0.003235
v 0.004993 -0.012043 0.003187
v 0.005337 -0.012333 0.002613
v 0.004871 -0.005822 0.004129
v 0.004742 -0.004031 0.004252
v 0.004683 -0.004012 0.004321
v 0.005345 -0.005988 0.003511
v 0.005090 -0.004130 0.003805
v 0.004964 -0.004106 0.003988
v 0.005817 -0.004253 0.002665
v 0.005668 -0.004237 0.002943
v 0.005773 -0.006103 0.002860
v 0.005614 -0.004231 0.003046
v 0.005222 -0.004156 0.003613
v 0.006362 -0.006222 0.001612
v 0.006129 -0.004286 0.002040
v 0.006121 -0.006178 0.002217
v 0.006093 -0.004284 0.002148
v 0.006025 -0.004276 0.002275
v 0.006417 -0.004302 0.001066
v 0.006391 -0.004302 0.001263
v 0.006509 -0.006244 0.001041
v 0.006359 -0.004300 0.001360
v 0.006261 -0.004294 0.001648
v 0.006472 -0.004301 0.000653
v 0.006581 -0.006251 0.000494
v 0.006491 -0.004301 0.000505
v 0.006601 -0.006252 -0.000041
v 0.006512 -0.004301 -0.000040
v 0.006521 -0.004301 0.000276
v 0.006490 -0.004302 -0.000765
v 0.006491 -0.004302 -0.000745
v 0.006581 -0.006251 -0.000576
v 0.006495 -0.004302 -0.000588
v 0.006512 -0.004301 -0.000044
v 0.006278 -0.004296 -0.001734
v 0.006296 -0.004298 -0.001691
v 0.006362 -0.006221 -0.001693
v 0.006347 -0.004299 -0.001449
v 0.006121 -0.006177 -0.002299
v 0.006018 -0.004275 -0.002354
v 0.006114 -0.004283 -0.002124
v 0.005259 -0.004171 -0.003665
v 0.005657 -0.004229 -0.003016
v 0.005773 -0.006102 -0.002942
v 0.005818 -0.004252 -0.002754
v 0.005921 -0.004267 -0.002587
v 0.004682 -0.004012 -0.004404
v 0.004738 -0.004027 -0.004332
v 0.005090 -0.004124 -0.003882
v 0.005231 -0.004163 -0.003701
v 0.004371 -0.005593 -0.004758
v 0.004258 -0.003867 -0.004907
v 0.004488 -0.003958 -0.004652
v 0.004865 -0.009669 0.003856
v 0.004303 -0.010515 0.004274
v 0.004607 -0.011708 0.003731
v 0.004274 -0.010856 0.004247
v 0.004187 -0.011344 0.004218
v 0.004444 -0.008203 0.004455
v 0.004445 -0.008851 0.004401
v 0.004403 -0.009343 0.004363
v 0.004402 -0.009353 0.004363
v 0.005295 -0.009945 0.003287
v 0.005539 -0.011241 0.002648
v 0.005391 -0.007937 0.003397
v 0.004397 -0.005986 0.004641
v 0.004372 -0.005594 0.004675
v 0.004258 -0.003868 0.004826
v 0.005615 -0.012563 0.002040
v 0.005835 -0.011444 0.002064
v 0.005808 -0.012721 0.001492
v 0.006041 -0.011582 0.001508
v 0.005925 -0.012816 0.000968
v 0.006166 -0.011664 0.000977
v 0.005983 -0.012862 0.000459
v 0.006229 -0.011704 0.000463
v 0.005999 -0.012874 -0.000042
v 0.006246 -0.011714 -0.000042
v 0.005680 -0.010176 0.002688
v 0.005991 -0.010353 0.002092
v 0.006206 -0.010472 0.001526
v 0.006338 -0.010542 0.000988
v 0.006403 -0.010575 0.000469
v 0.006421 -0.010583 -0.000041
v 0.006595 -0.008386 -0.000041
v 0.006576 -0.008382 0.000481
v 0.006506 -0.008362 0.001014
v 0.006366 -0.008316 0.001567
v 0.006135 -0.008235 0.002152
v 0.005802 -0.008110 0.002772
v 0.004607 -0.011707 -0.003815
v 0.004865 -0.009668 -0.003940
v 0.005295 -0.009944 -0.003371
v 0.004934 -0.007716 -0.004073
v 0.004121 -0.011719 -0.004279
v 0.004185 -0.011343 -0.004303
v 0.004290 -0.010726 -0.004342
v 0.004307 -0.010514 -0.004358
v 0.004401 -0.009352 -0.004447
v 0.004444 -0.007445 -0.004601
v 0.004442 -0.006688 -0.004663
v 0.004396 -0.005985 -0.004724
v 0.004402 -0.009342 -0.004448
v 0.004448 -0.008771 -0.004491
v 0.004446 -0.008202 -0.004538
v 0.001588 -0.019714 -0.000043
v 0.001591 -0.019690 -0.000571
v 0.001598 -0.019604 -0.001100
v 0.001613 -0.019435 -0.001628
v 0.001634 -0.019161 -0.002156
v 0.002470 -0.018761 -0.002133
v 0.002877 -0.018469 -0.002125
v 0.002916 -0.018725 -0.001597
v 0.003264 -0.018112 -0.002117
v 0.003621 -0.017690 -0.002111
v 0.003698 -0.017931 -0.001581
v 0.001661 -0.018775 -0.002677
v 0.001679 -0.018320 -0.003164
v 0.002438 -0.018388 -0.002661
v 0.002816 -0.018104 -0.002656
v 0.003174 -0.017758 -0.002652
v 0.001667 -0.017849 -0.003587
v 0.002870 -0.016844 -0.003651
v 0.002579 -0.017175 -0.003639
v 0.003045 -0.017324 -0.003172
v 0.003344 -0.016923 -0.003175
v 0.003504 -0.017346 -0.002649
v 0.003804 -0.016875 -0.002647
v 0.003945 -0.017207 -0.002105
v 0.004504 -0.016108 -0.002098
v 0.004630 -0.016323 -0.001565
v 0.005111 -0.015109 -0.001561
v 0.005204 -0.015229 -0.001045
v 0.005607 -0.014002 -0.001046
v 0.005660 -0.014055 -0.000540
v 0.005983 -0.012862 -0.000543
v 0.006229 -0.011704 -0.000547
v 0.006403 -0.010575 -0.000552
v 0.006576 -0.008382 -0.000563
v 0.003381 -0.016005 -0.003671
v 0.003796 -0.014986 -0.003694
v 0.004078 -0.015417 -0.003187
v 0.004452 -0.014278 -0.003203
v 0.004733 -0.014630 -0.002652
v 0.005070 -0.013461 -0.002669
v 0.005324 -0.013717 -0.002106
v 0.005615 -0.012563 -0.002124
v 0.005808 -0.012720 -0.001576
v 0.005835 -0.011443 -0.002148
v 0.006041 -0.011582 -0.001591
v 0.005991 -0.010352 -0.002175
v 0.006206 -0.010472 -0.001609
v 0.006135 -0.008235 -0.002235
v 0.006366 -0.008316 -0.001650
v 0.005173 -0.010979 -0.003319
v 0.004993 -0.012042 -0.003271
v 0.004129 -0.013880 -0.003723
v 0.005802 -0.008109 -0.002854
v 0.005680 -0.010175 -0.002771
v 0.005539 -0.011240 -0.002732
v 0.005337 -0.012333 -0.002697
v 0.004754 -0.013139 -0.003231
v 0.003139 -0.016452 -0.003661
v 0.003615 -0.016464 -0.003178
v 0.004317 -0.015800 -0.002646
v 0.004957 -0.014913 -0.002097
v 0.005500 -0.013894 -0.001565
v 0.005925 -0.012815 -0.001051
v 0.006166 -0.011664 -0.001060
v 0.006338 -0.010542 -0.001071
v 0.006506 -0.008362 -0.001096
v 0.006509 -0.006244 -0.001123
v 0.006410 -0.004300 -0.001145
v 0.001667 -0.017850 0.003501
v 0.002275 -0.017451 0.003539
v 0.001679 -0.018321 0.003079
v 0.002378 -0.017938 0.003081
v 0.002438 -0.018388 0.002575
v 0.002871 -0.016845 0.003565
v 0.002579 -0.017176 0.003553
v 0.001634 -0.019162 0.002070
v 0.001613 -0.019435 0.001542
v 0.001598 -0.019604 0.001014
v 0.001591 -0.019690 0.000486
v 0.002053 -0.018992 0.002058
v 0.002051 -0.019260 0.001531
v 0.002048 -0.019427 0.001006
v 0.002046 -0.019511 0.000481
v 0.002045 -0.019535 -0.000043
v 0.002046 -0.019511 -0.000567
v 0.002048 -0.019426 -0.001091
v 0.002051 -0.019260 -0.001616
v 0.002053 -0.018991 -0.002143
v 0.002489 -0.019024 -0.001606
v 0.002937 -0.018884 -0.001076
v 0.002498 -0.019187 -0.001083
v 0.002946 -0.018965 -0.000558
v 0.002501 -0.019270 -0.000562
v 0.002948 -0.018987 -0.000043
v 0.002502 -0.019293 -0.000043
v 0.002946 -0.018965 0.000473
v 0.002501 -0.019270 0.000477
v 0.002937 -0.018884 0.000990
v 0.002498 -0.019187 0.000998
v 0.002916 -0.018726 0.001512
v 0.002489 -0.019024 0.001521
v 0.002877 -0.018469 0.002039
v 0.002470 -0.018761 0.002048
v 0.002816 -0.018105 0.002570
v 0.002720 -0.017662 0.003084
v 0.003322 -0.018361 -0.001589
v 0.003742 -0.018080 -0.001063
v 0.003355 -0.018516 -0.001069
v 0.003763 -0.018156 -0.000551
v 0.003370 -0.018594 -0.000554
v 0.003767 -0.018177 -0.000043
v 0.003373 -0.018616 -0.000043
v 0.003763 -0.018156 0.000466
v 0.003370 -0.018594 0.000469
v 0.003742 -0.018080 0.000978
v 0.003355 -0.018516 0.000984
v 0.003698 -0.017931 0.001496
v 0.003322 -0.018362 0.001504
v 0.003621 -0.017691 0.002026
v 0.003264 -0.018113 0.002032
v 0.003504 -0.017347 0.002564
v 0.003174 -0.017759 0.002567
v 0.003344 -0.016924 0.003089
v 0.003045 -0.017325 0.003086
v 0.003139 -0.016453 0.003576
v 0.003796 -0.014988 0.003608
v 0.003382 -0.016006 0.003586
v 0.004120 -0.011720 0.004195
v 0.004078 -0.015418 0.003102
v 0.003615 -0.016465 0.003092
v 0.004317 -0.015800 0.002561
v 0.003804 -0.016875 0.002562
v 0.004504 -0.016108 0.002013
v 0.003945 -0.017207 0.002020
v 0.004630 -0.016323 0.001481
v 0.004040 -0.017440 0.001490
v 0.004706 -0.016455 0.000964
v 0.004095 -0.017584 0.000972
v 0.004742 -0.016521 0.000458
v 0.004121 -0.017656 0.000463
v 0.004752 -0.016540 -0.000042
v 0.004127 -0.017676 -0.000042
v 0.004121 -0.017656 -0.000548
v 0.004754 -0.013140 0.003147
v 0.004452 -0.014279 0.003118
v 0.005070 -0.013461 0.002585
v 0.004734 -0.014631 0.002567
v 0.005324 -0.013718 0.002022
v 0.004957 -0.014913 0.002013
v 0.005500 -0.013895 0.001481
v 0.005111 -0.015109 0.001477
v 0.005607 -0.014002 0.000962
v 0.005204 -0.015229 0.000960
v 0.005660 -0.014055 0.000456
v 0.005250 -0.015289 0.000456
v 0.005674 -0.014069 -0.000042
v 0.005262 -0.015305 -0.000042
v 0.005250 -0.015289 -0.000540
v 0.004742 -0.016521 -0.000543
v 0.004706 -0.016455 -0.001049
v 0.004095 -0.017583 -0.001057
v 0.004040 -0.017440 -0.001575
v 0.003950 -0.012727 -0.004216
v -0.004477 -0.003766 -0.000041
v -0.003837 -0.004415 -0.000041
v -0.000712 -0.000702 -0.000040
v 0.001279 -0.005708 -0.000041
v 0.000252 -0.000968 -0.000040
v 0.000377 -0.005838 -0.000041
v -0.000265 -0.000964 -0.000040
v -0.000535 -0.005826 -0.000041
v -0.003105 -0.004958 -0.000041
v -0.002297 -0.005380 -0.000041
v -0.001433 -0.005672 -0.000041
v -0.004235 0.004036 -0.000039
v -0.004825 0.003308 -0.000040
v -0.000702 0.000712 -0.000040
v -0.005291 0.002495 -0.000040
v -0.000964 0.000265 -0.000040
v 0.002669 0.005206 -0.000039
v 0.000265 0.000964 -0.000040
v 0.003466 0.004713 -0.000039
v 0.000712 0.000702 -0.000040
v 0.004174 0.004099 -0.000039
v 0.005797 0.000786 -0.000040
v 0.005597 0.001701 -0.000040
v 0.000968 0.000252 -0.000040
v 0.005254 0.002573 -0.000040
v 0.004775 0.003379 -0.000040
v -0.005732 -0.001168 -0.000040
v -0.005694 -0.001341 -0.000040
v -0.000968 -0.000252 -0.000040
v -0.005417 -0.002210 -0.000040
v -0.005008 -0.003024 -0.000040
v -0.000977 0.005768 -0.000039
v -0.001886 0.005538 -0.000039
v -0.000252 0.000968 -0.000040
v -0.002746 0.005165 -0.000039
v -0.003536 0.004660 -0.000039
v 0.001803 0.005565 -0.000039
v 0.000891 0.005782 -0.000039
v -0.000044 0.005850 -0.000039
v 0.005848 -0.000150 -0.000040
v 0.000964 -0.000265 -0.000040
v 0.005749 -0.001082 -0.000040
v 0.005817 -0.003597 -0.000040
v 0.006072 -0.003730 -0.000041
v 0.005634 -0.003445 -0.000040
v 0.002151 -0.005440 -0.000041
v 0.002970 -0.005040 -0.000041
v 0.000702 -0.000712 -0.000040
v 0.003717 -0.004517 -0.000041
v 0.004323 -0.003942 -0.000041
v -0.005622 0.001618 -0.000040
v -0.005808 0.000699 -0.000040
v -0.005845 -0.000238 -0.000040
v 0.004522 -0.003763 -0.000041
v 0.005228 -0.003124 -0.000040
v 0.004389 -0.003874 -0.000041
v 0.005180 -0.003003 -0.000040
v 0.005169 -0.002973 -0.000040
v 0.005164 -0.002829 -0.000040
v 0.005163 -0.002813 -0.000040
v 0.005211 -0.002659 -0.000040
v 0.005502 -0.001987 -0.000040
v 0.005657 -0.003544 -0.000040
v 0.004708 -0.003657 -0.000041
v 0.004772 -0.003620 -0.000041
v 0.005259 -0.003159 -0.000040
v 0.004921 -0.003563 -0.000040
v 0.005332 -0.003243 -0.000040
v 0.005164 -0.003515 -0.000040
v 0.005204 -0.003507 -0.000040
v 0.005381 -0.003280 -0.000040
v 0.005375 -0.003503 -0.000040
v 0.005642 -0.003542 -0.000040
v 0.004009 -0.007873 -0.004963
v 0.003566 -0.007519 -0.005309
v 0.003487 -0.005340 -0.005517
v 0.003981 -0.008999 -0.004863
v 0.001350 -0.005903 -0.006442
v 0.002319 -0.008714 -0.005859
v 0.002703 -0.009054 -0.005629
v 0.002623 -0.010204 -0.005514
v 0.001853 -0.002464 -0.006403
v 0.002071 -0.004254 -0.006271
v 0.001556 -0.003935 -0.006458
v 0.002875 -0.003092 -0.005971
v 0.003086 -0.003229 -0.005870
v 0.003030 -0.004972 -0.005806
v 0.003329 -0.003372 -0.005694
v 0.002192 -0.002651 -0.006296
v 0.002331 -0.002740 -0.006230
v 0.002562 -0.004603 -0.006051
v 0.002387 -0.002776 -0.006203
v 0.002832 -0.003064 -0.005991
v 0.000690 -0.001898 -0.006696
v 0.001204 -0.002106 -0.006607
v 0.001017 -0.003658 -0.006603
v 0.001262 -0.002138 -0.006589
v 0.001293 -0.002155 -0.006579
v 0.000295 -0.001738 -0.006764
v 0.003943 -0.005685 -0.005164
v 0.003793 -0.003646 -0.005357
v 0.003815 -0.003657 -0.005336
v 0.004031 -0.003766 -0.005137
v 0.001552 -0.008188 -0.006226
v 0.001938 -0.008417 -0.006063
v 0.001578 -0.009286 -0.006096
v 0.001916 -0.009530 -0.005938
v 0.003899 -0.010154 -0.004765
v 0.003553 -0.008638 -0.005204
v 0.003752 -0.011342 -0.004671
v 0.003491 -0.009784 -0.005099
v 0.003368 -0.010959 -0.004996
v 0.003337 -0.003377 -0.005688
v 0.000678 -0.001893 -0.006698
v 0.001813 -0.006159 -0.006283
v 0.002259 -0.006461 -0.006080
v 0.002696 -0.006796 -0.005849
v -0.004704 -0.001398 -0.005522
v -0.004704 -0.001432 -0.005521
v -0.005273 -0.001430 -0.004984
v -0.006233 -0.000616 0.001417
v -0.006496 -0.000670 0.001443
v -0.006169 -0.000656 0.001910
v -0.006377 -0.000738 0.002174
v -0.006122 -0.000678 0.002123
v -0.006233 -0.000616 0.001413
v -0.006261 -0.000598 0.001194
v -0.006554 -0.000623 0.000702
v -0.006303 -0.000562 0.000422
v -0.006570 -0.000606 -0.000041
v -0.005224 -0.000922 0.004229
v -0.005255 -0.000919 0.004189
v -0.005525 -0.000988 0.004190
v -0.005330 -0.000905 0.004065
v -0.005893 -0.000909 0.003562
v -0.005584 -0.000856 0.003647
v -0.005632 -0.000844 0.003544
v -0.005672 -0.000833 0.003457
v -0.006179 -0.000821 0.002885
v -0.005852 -0.000785 0.003068
v -0.005925 -0.000758 0.002847
v -0.005938 -0.000754 0.002807
v -0.006035 -0.000719 0.002513
v -0.006119 -0.000680 0.002138
v -0.004581 -0.001083 0.005290
v -0.004560 -0.001068 0.005265
v -0.005085 -0.001044 0.004763
v -0.004918 -0.000957 0.004621
v -0.004874 -0.000962 0.004677
v -0.004431 -0.000977 0.005107
v -0.006875 -0.001020 -0.000041
v -0.006859 -0.001037 0.000702
v -0.006795 -0.001084 0.001451
v -0.006666 -0.001151 0.002198
v -0.006142 -0.001314 0.003642
v -0.006453 -0.001231 0.002935
v -0.005747 -0.001385 0.004299
v -0.006144 -0.001312 -0.003719
v -0.005747 -0.001384 -0.004378
v -0.006669 -0.001149 -0.002266
v -0.006456 -0.001229 -0.003006
v -0.006858 -0.001036 -0.000776
v -0.006796 -0.001082 -0.001519
v -0.005272 -0.001431 0.004903
v -0.005210 -0.001212 0.004863
v -0.005672 -0.001159 0.004272
v -0.006059 -0.001081 0.003627
v -0.006362 -0.000993 0.002931
v -0.006571 -0.000909 0.002201
v -0.006697 -0.000839 0.001457
v -0.006759 -0.000792 0.000706
v -0.006775 -0.000774 -0.000041
v -0.006759 -0.000791 -0.000782
v -0.006698 -0.000838 -0.001526
v -0.006574 -0.000907 -0.002270
v -0.006366 -0.000990 -0.003002
v -0.006060 -0.001079 -0.003704
v -0.005673 -0.001158 -0.004352
v -0.005210 -0.001210 -0.004943
v -0.004794 -0.000966 -0.004846
v -0.004430 -0.000975 -0.005187
v -0.005085 -0.001042 -0.004843
v -0.004501 -0.001008 -0.005273
v -0.004556 -0.001073 -0.005340
v -0.005628 -0.000844 -0.003635
v -0.005587 -0.000855 -0.003721
v -0.005894 -0.000907 -0.003639
v -0.005526 -0.000987 -0.004270
v -0.005330 -0.000903 -0.004145
v -0.005255 -0.000918 -0.004269
v -0.005219 -0.000923 -0.004320
v -0.005148 -0.000933 -0.004419
v -0.004916 -0.000954 -0.004699
v -0.004635 -0.001165 -0.005436
v -0.004653 -0.001227 -0.005459
v -0.005941 -0.000752 -0.002879
v -0.005921 -0.000759 -0.002938
v -0.006182 -0.000819 -0.002957
v -0.005836 -0.000789 -0.003188
v -0.005674 -0.000831 -0.003535
v -0.006160 -0.000660 -0.002041
v -0.006125 -0.000676 -0.002193
v -0.006379 -0.000736 -0.002244
v -0.006117 -0.000680 -0.002229
v -0.006022 -0.000724 -0.002643
v -0.006234 -0.000616 -0.001508
v -0.006497 -0.000668 -0.001515
v -0.006236 -0.000614 -0.001488
v -0.006303 -0.000562 -0.000041
v -0.006303 -0.000562 -0.000046
v -0.006554 -0.000622 -0.000779
v -0.006304 -0.000562 -0.000487
v -0.006253 -0.000604 -0.001368
v -0.004710 -0.001548 0.005449
v -0.004698 -0.001437 0.005434
v -0.004682 -0.001288 0.005414
v -0.004654 -0.001231 0.005380
v 0.000140 -0.001476 0.006654
v -0.001034 -0.000914 0.006368
v -0.004057 -0.001038 0.005610
v -0.003953 -0.000957 0.005425
v -0.004108 -0.000968 0.005341
v -0.003500 -0.000984 0.005869
v -0.003423 -0.000915 0.005669
v -0.003682 -0.000938 0.005571
v -0.003916 -0.000955 0.005445
v -0.002910 -0.000923 0.006056
v -0.002895 -0.000869 0.005834
v -0.003185 -0.000893 0.005759
v -0.002303 -0.000879 0.006194
v -0.002554 -0.000842 0.005923
v -0.002854 -0.000866 0.005845
v -0.001641 -0.000829 0.006083
v -0.001889 -0.000820 0.006050
v -0.001676 -0.000871 0.006299
v -0.001921 -0.000821 0.006044
v -0.002258 -0.000832 0.005980
v -0.000389 -0.001020 0.006393
v 0.000213 -0.001191 0.006366
v 0.000185 -0.001312 0.006537
v 0.000186 -0.001310 0.006535
v 0.000204 -0.001243 0.006476
v 0.000212 -0.001193 0.006370
v -0.000418 -0.001141 0.006572
v 0.000153 -0.001432 0.006643
v -0.001097 -0.001227 0.006659
v -0.000459 -0.001321 0.006686
v -0.001730 -0.001192 0.006585
v -0.004130 -0.001191 0.005749
v -0.004162 -0.001394 0.005825
v -0.003571 -0.001326 0.006115
v -0.002962 -0.001255 0.006323
v -0.003551 -0.001129 0.006024
v -0.002948 -0.001061 0.006222
v -0.002336 -0.001012 0.006366
v -0.002352 -0.001205 0.006473
v -0.001707 -0.001001 0.006476
v -0.001065 -0.001040 0.006546
v 0.000153 -0.001430 -0.006724
v 0.000139 -0.001474 -0.006735
v -0.000460 -0.001319 -0.006767
v 0.000198 -0.001263 -0.006586
v 0.000186 -0.001306 -0.006622
v -0.000419 -0.001139 -0.006652
v -0.000382 -0.000996 -0.006308
v -0.000048 -0.001066 -0.006348
v -0.000390 -0.001018 -0.006474
v -0.000033 -0.001071 -0.006349
v 0.000210 -0.001197 -0.006448
v 0.000142 -0.001126 -0.006353
v 0.000218 -0.001152 -0.006353
v -0.001037 -0.000912 -0.006448
v -0.000960 -0.000875 -0.006239
v -0.000631 -0.000944 -0.006278
v -0.001920 -0.000824 -0.006121
v -0.001646 -0.000825 -0.006164
v -0.001681 -0.000870 -0.006379
v -0.001544 -0.000825 -0.006180
v -0.001013 -0.000870 -0.006233
v -0.002199 -0.000823 -0.006077
v -0.002308 -0.000877 -0.006274
v -0.002264 -0.000827 -0.006063
v -0.002916 -0.000922 -0.006135
v -0.002856 -0.000862 -0.005933
v -0.002895 -0.000866 -0.005921
v -0.003503 -0.000983 -0.005948
v -0.003377 -0.000909 -0.005775
v -0.003954 -0.000957 -0.005509
v -0.003913 -0.000954 -0.005532
v -0.004057 -0.001036 -0.005691
v -0.003827 -0.000948 -0.005581
v -0.003428 -0.000914 -0.005753
v -0.004108 -0.000966 -0.005421
v -0.002968 -0.001253 -0.006402
v -0.002357 -0.001203 -0.006552
v -0.003574 -0.001325 -0.006194
v -0.004163 -0.001392 -0.005906
v -0.001735 -0.001189 -0.006666
v -0.001099 -0.001224 -0.006739
v -0.004130 -0.001189 -0.005830
v -0.003554 -0.001128 -0.006103
v -0.002954 -0.001060 -0.006301
v -0.002341 -0.001011 -0.006446
v -0.001712 -0.000999 -0.006556
v -0.001067 -0.001038 -0.006627
v 0.001916 -0.009531 0.005849
v 0.003981 -0.009001 0.004779
v 0.003368 -0.010960 0.004910
v 0.003031 -0.004974 0.005722
v 0.002562 -0.004605 0.005968
v 0.002696 -0.006798 0.005763
v 0.003327 -0.003374 0.005616
v 0.002882 -0.003099 0.005901
v 0.002829 -0.003065 0.005928
v 0.002382 -0.002782 0.006118
v 0.001031 -0.002027 0.006566
v 0.000691 -0.001901 0.006614
v 0.001017 -0.003660 0.006519
v 0.003560 -0.003518 0.005468
v 0.003338 -0.003381 0.005610
v 0.003487 -0.005342 0.005435
v 0.003794 -0.003647 0.005275
v 0.003839 -0.003671 0.005236
v 0.003943 -0.005686 0.005081
v 0.003813 -0.003658 0.005258
v 0.000654 -0.001887 0.006619
v 0.002314 -0.002739 0.006147
v 0.002071 -0.004255 0.006187
v 0.001922 -0.002490 0.006315
v 0.001863 -0.002459 0.006331
v 0.001289 -0.002161 0.006493
v 0.002863 -0.003087 0.005913
v 0.001350 -0.005905 0.006356
v 0.002259 -0.006462 0.005994
v 0.004009 -0.007875 0.004879
v 0.003899 -0.010155 0.004679
v 0.003553 -0.008639 0.005119
v 0.003566 -0.007520 0.005225
v 0.003752 -0.011343 0.004585
v 0.001578 -0.009288 0.006006
v 0.001552 -0.008190 0.006137
v 0.002624 -0.010206 0.005426
v 0.001938 -0.008418 0.005975
v 0.001813 -0.006161 0.006196
v 0.001557 -0.003937 0.006375
v 0.003492 -0.009786 0.005013
v 0.002703 -0.009056 0.005542
v 0.001238 -0.002135 0.006507
v 0.005078 -0.002990 -0.001075
v 0.004814 -0.002640 -0.002065
v 0.004830 -0.002606 -0.002065
v 0.004904 -0.002618 -0.001862
v 0.004999 -0.002631 -0.001527
v 0.005065 -0.002816 -0.001069
v 0.005074 -0.002642 -0.001262
v 0.004782 -0.002769 -0.002065
v 0.004778 -0.002787 -0.002065
v 0.004796 -0.002948 -0.002065
v 0.005153 -0.003147 -0.001092
v 0.004871 -0.003095 -0.002065
v 0.004998 -0.003216 -0.002065
v 0.004874 -0.003100 -0.002065
v 0.005102 -0.003234 -0.001748
v 0.005196 -0.003250 -0.001459
v 0.005261 -0.003261 -0.001151
v 0.005375 -0.003279 -0.000320
v 0.005316 -0.003269 -0.000895
v 0.005269 -0.003262 -0.001117
v 0.005106 -0.002646 -0.001073
v 0.005153 -0.002652 -0.000790
v 0.005177 -0.002655 -0.000652
v 0.006459 -0.004061 -0.000045
v 0.004265 -0.003778 -0.004874
v 0.004273 -0.003689 -0.004842
v 0.004689 -0.003846 -0.004360
v 0.004689 -0.003847 0.004279
v 0.004273 -0.003690 0.004760
v 0.005846 -0.003877 -0.002287
v 0.005942 -0.003881 -0.002035
v 0.006083 -0.004061 -0.002101
v 0.006066 -0.003884 -0.001681
v 0.006144 -0.003885 -0.001390
v 0.006303 -0.004068 -0.001433
v 0.006262 -0.003881 -0.000700
v 0.006288 -0.003878 -0.000044
v 0.006039 -0.003884 -0.001781
v 0.006177 -0.003885 -0.001263
v 0.006200 -0.003884 -0.001114
v 0.006425 -0.004064 -0.000738
v 0.006259 -0.003881 -0.000721
v 0.005007 -0.003778 -0.003759
v 0.005082 -0.003947 -0.003844
v 0.004796 -0.003733 -0.004062
v 0.004634 -0.003682 -0.004268
v 0.004593 -0.003669 -0.004319
v 0.005107 -0.003798 -0.003616
v 0.005162 -0.003810 -0.003537
v 0.005789 -0.004043 -0.002723
v 0.005523 -0.003855 -0.002937
v 0.005539 -0.003857 -0.002910
v 0.005671 -0.003866 -0.002645
v 0.005835 -0.003876 -0.002316
v 0.005081 -0.003947 0.003764
v 0.006086 -0.004062 0.002012
v 0.006305 -0.004068 0.001344
v 0.006426 -0.004064 0.000649
v 0.005792 -0.004044 0.002636
v 0.004411 -0.003609 0.004465
v 0.004238 -0.003534 0.004657
v 0.004255 -0.003610 0.004708
v 0.004592 -0.003669 0.004238
v 0.004633 -0.003682 0.004187
v 0.005945 -0.003881 0.001946
v 0.005844 -0.003877 0.002203
v 0.006259 -0.003882 0.000644
v 0.006200 -0.003884 0.001032
v 0.006177 -0.003886 0.001184
v 0.006146 -0.003885 0.001300
v 0.006065 -0.003885 0.001599
v 0.006031 -0.003884 0.001725
v 0.005812 -0.003876 0.002285
v 0.005674 -0.003866 0.002559
v 0.005526 -0.003856 0.002853
v 0.005525 -0.003856 0.002855
v 0.005165 -0.003811 0.003451
v 0.005108 -0.003799 0.003534
v 0.005006 -0.003778 0.003679
v 0.004779 -0.003730 0.004005
v 0.004237 -0.003532 -0.004739
v 0.004325 -0.003572 -0.004643
v 0.004411 -0.003608 -0.004546
v 0.004452 -0.003624 -0.004497
v 0.006289 -0.003878 -0.000041
v 0.006291 -0.003878 0.000007
v 0.006260 -0.003881 0.000632
v 0.006039 -0.003733 0.000665
v 0.005986 -0.003743 0.001039
v 0.006035 -0.003734 0.000694
v 0.005608 -0.003542 0.000642
v 0.005890 -0.003764 0.001611
v 0.005929 -0.003754 0.001435
v 0.005508 -0.003549 0.001331
v 0.005933 -0.003754 0.001419
v 0.005806 -0.003784 0.001984
v 0.005550 -0.003635 0.001985
v 0.005363 -0.003565 0.001985
v 0.005354 -0.003564 0.001985
v 0.005285 -0.003550 0.001985
v 0.005033 -0.003508 0.001213
v 0.004876 -0.003505 0.001829
v 0.004826 -0.003508 0.001985
v 0.004873 -0.003502 0.001985
v 0.005063 -0.003507 0.001985
v 0.004096 -0.003731 0.001984
v 0.004294 -0.003638 0.001985
v 0.004418 -0.003639 0.001652
v 0.004374 -0.003600 0.001985
v 0.004561 -0.003544 0.001985
v 0.004035 -0.003941 0.001504
v 0.003853 -0.003940 0.001915
v 0.003897 -0.003872 0.001984
v 0.003822 -0.003939 0.001984
v 0.004288 -0.003941 0.000486
v 0.004202 -0.003941 0.000976
v 0.004576 -0.003646 0.001099
v 0.004672 -0.003650 0.000531
v 0.004296 -0.003941 0.000444
v 0.004302 -0.003942 0.000339
v 0.004194 -0.003941 0.001003
v 0.004161 -0.003941 0.001110
v 0.004053 -0.003941 0.001465
v 0.005131 -0.003510 0.000585
v -0.005467 -0.001998 0.000550
v -0.005447 -0.002079 0.000435
v -0.005490 -0.001900 0.000651
v -0.005516 -0.001787 0.000735
v -0.005545 -0.001664 0.000799
v -0.005576 -0.001532 0.000844
v -0.005609 -0.001395 0.000866
v -0.004622 -0.003150 0.001673
v -0.004566 -0.003387 0.001338
v -0.005068 -0.002767 0.000898
v -0.005625 -0.001325 0.000869
v -0.005598 -0.001319 0.000986
v -0.005419 -0.001277 0.001756
v -0.005387 -0.001414 0.001750
v -0.004916 -0.002436 0.001985
v -0.005204 -0.002190 0.001491
v -0.005262 -0.001946 0.001619
v -0.004904 -0.002465 0.001985
v -0.004698 -0.002821 0.001985
v -0.004689 -0.002865 0.001966
v -0.001217 -0.005323 0.001984
v -0.001524 -0.005287 0.001946
v -0.001521 -0.005235 0.001984
v 0.001629 -0.005241 0.001984
v 0.002054 -0.005052 0.001984
v 0.002114 -0.005285 0.001311
v 0.003610 -0.004101 0.001984
v 0.003625 -0.004129 0.001968
v 0.003455 -0.004220 0.001984
v 0.003684 -0.004376 0.001185
v 0.003713 -0.004502 0.000371
v 0.002934 -0.004890 0.001264
v 0.002877 -0.004662 0.001984
v 0.002802 -0.004719 0.001984
v 0.001190 -0.005323 0.001984
v 0.001242 -0.005551 0.001325
v 0.000368 -0.005476 0.001984
v 0.000340 -0.005683 0.001306
v 0.000293 -0.005473 0.001984
v -0.000570 -0.005676 0.001254
v -0.000622 -0.005427 0.001984
v -0.002146 -0.005051 0.001984
v -0.002379 -0.005031 0.001762
v -0.002395 -0.004910 0.001984
v -0.003177 -0.004653 0.001534
v -0.003226 -0.004435 0.001984
v -0.004659 -0.002888 0.001985
v -0.004582 -0.003022 0.001985
v -0.004261 -0.003451 0.001985
v -0.004197 -0.003537 0.001985
v -0.003953 -0.003925 0.001745
v -0.003986 -0.003735 0.001984
v -0.003440 -0.004247 0.001984
v -0.005152 -0.002412 0.001325
v -0.005202 -0.001730 0.001985
v -0.005158 -0.001875 0.001985
v -0.005076 -0.002067 0.001985
v -0.005323 -0.001685 0.001706
v -0.005296 -0.001413 0.001985
v -0.005342 -0.001259 0.001985
v -0.005417 -0.002207 0.000031
v -0.005009 -0.003019 0.000100
v -0.004479 -0.003758 0.000167
v -0.003840 -0.004405 0.000228
v -0.003108 -0.004946 0.000282
v -0.002300 -0.005366 0.000329
v -0.001437 -0.005656 0.000367
v -0.000538 -0.005809 0.000394
v 0.000373 -0.005821 0.000412
v 0.001275 -0.005691 0.000418
v 0.002147 -0.005423 0.000413
v 0.002966 -0.005023 0.000398
v -0.005106 -0.002606 0.001126
v -0.005432 -0.002142 0.000307
v -0.005039 -0.002891 0.000647
v -0.004523 -0.003570 0.000969
v -0.003897 -0.004162 0.001267
v -0.003261 -0.004415 0.001984
v -0.005422 -0.002185 0.000172
v -0.005019 -0.002976 0.000379
v -0.004494 -0.003695 0.000576
v -0.003859 -0.004324 0.000757
v -0.003131 -0.004848 0.000920
v -0.002327 -0.005254 0.001059
v -0.001466 -0.005532 0.001171
v -0.000914 -0.005412 0.001984
v -0.000252 0.000968 -0.003550
v 0.000265 0.000965 -0.003550
v 0.000712 0.000703 -0.003550
v 0.000968 0.000253 -0.003550
v 0.000964 -0.000265 -0.003550
v 0.000702 -0.000711 -0.003550
v 0.000252 -0.000967 -0.003550
v -0.000265 -0.000964 -0.003550
v -0.000712 -0.000702 -0.003550
v -0.000968 -0.000252 -0.003550
v -0.000964 0.000266 -0.003550
v -0.000702 0.000712 -0.003550
v 0.005321 -0.001921 -0.001529
v -0.003579 -0.003414 -0.003163
v -0.003507 -0.003674 -0.002919
v -0.003952 -0.003210 -0.002921
v -0.003432 -0.003946 -0.002662
v -0.003348 -0.004249 -0.002241
v -0.003607 -0.004045 -0.002244
v -0.005342 -0.001258 -0.002065
v -0.005507 -0.001297 -0.001529
v -0.005543 -0.001129 -0.001529
v -0.005595 -0.001318 -0.001067
v -0.005647 -0.001330 -0.000791
v -0.005685 -0.001158 -0.000791
v -0.005134 -0.001940 -0.002065
v -0.005310 -0.001082 -0.002243
v -0.005069 -0.001916 -0.002243
v -0.004698 -0.002701 -0.002243
v -0.004758 -0.002735 -0.002065
v -0.004206 -0.003417 -0.002243
v -0.004260 -0.003460 -0.002065
v -0.003653 -0.004096 -0.002066
v -0.003313 -0.004376 -0.002066
v -0.003452 -0.003874 -0.002729
v 0.004452 -0.002471 -0.002921
v 0.004047 -0.003080 -0.002919
v 0.003957 -0.002499 -0.003550
v 0.004067 -0.003208 -0.002737
v 0.004055 -0.003130 -0.002865
v 0.004738 -0.002631 -0.002243
v 0.004257 -0.003353 -0.002243
v 0.004311 -0.003396 -0.002065
v 0.004114 -0.003508 -0.002239
v 0.004131 -0.003614 -0.002066
v 0.004798 -0.002664 -0.002065
v 0.005097 -0.001840 -0.002243
v 0.005457 -0.001970 -0.000791
v 0.004092 -0.002271 -0.003550
v 0.004402 -0.001589 -0.003550
v 0.004789 -0.001729 -0.002921
v 0.004599 -0.000865 -0.003550
v 0.005004 -0.000942 -0.002920
v 0.004678 -0.000120 -0.003550
v 0.005090 -0.000130 -0.002920
v 0.004638 0.000629 -0.003550
v 0.005046 0.000684 -0.002920
v 0.004478 0.001362 -0.003550
v 0.004872 0.001481 -0.002920
v 0.004203 0.002059 -0.003550
v 0.004573 0.002240 -0.002920
v 0.003820 0.002704 -0.003550
v 0.004156 0.002942 -0.002920
v 0.003339 0.003279 -0.003550
v 0.003633 0.003568 -0.002920
v 0.002773 0.003771 -0.003549
v 0.003017 0.004102 -0.002920
v 0.002135 0.004165 -0.003549
v 0.002323 0.004531 -0.002920
v 0.001442 0.004453 -0.003549
v 0.001569 0.004844 -0.002920
v 0.000713 0.004626 -0.003549
v 0.000776 0.005033 -0.002920
v -0.000035 0.004680 -0.003549
v -0.000038 0.005092 -0.002920
v -0.000782 0.004615 -0.003549
v -0.000851 0.005021 -0.002920
v -0.001509 0.004431 -0.003549
v -0.001642 0.004820 -0.002920
v -0.002197 0.004133 -0.003549
v -0.002390 0.004496 -0.002920
v -0.002829 0.003729 -0.003549
v -0.003078 0.004057 -0.002920
v -0.003388 0.003229 -0.003550
v -0.003686 0.003513 -0.002920
v -0.003860 0.002647 -0.003550
v -0.004200 0.002879 -0.002920
v -0.004233 0.001996 -0.003550
v -0.004606 0.002172 -0.002920
v -0.004498 0.001295 -0.003550
v -0.004893 0.001408 -0.002920
v -0.004646 0.000560 -0.003550
v -0.005055 0.000609 -0.002920
v -0.004676 -0.000190 -0.003550
v -0.005088 -0.000206 -0.002920
v -0.004586 -0.000934 -0.003550
v -0.004989 -0.001016 -0.002920
v -0.004378 -0.001654 -0.003550
v -0.004763 -0.001800 -0.002921
v -0.004057 -0.002332 -0.003550
v -0.004414 -0.002538 -0.002921
v -0.003749 -0.002800 -0.003550
v -0.003693 -0.003005 -0.003421
v -0.005415 -0.000220 -0.002243
v -0.005381 0.000648 -0.002243
v -0.005208 0.001499 -0.002243
v -0.004902 0.002311 -0.002243
v -0.004470 0.003065 -0.002243
v -0.003923 0.003739 -0.002242
v -0.003276 0.004318 -0.002242
v -0.002544 0.004785 -0.002242
v -0.001747 0.005130 -0.002242
v -0.000905 0.005343 -0.002242
v -0.000040 0.005420 -0.002242
v 0.000826 0.005356 -0.002242
v 0.001670 0.005156 -0.002242
v 0.002472 0.004823 -0.002242
v 0.003211 0.004366 -0.002242
v 0.003867 0.003797 -0.002242
v 0.004424 0.003131 -0.002243
v 0.004867 0.002384 -0.002243
v 0.005185 0.001576 -0.002243
v 0.005370 0.000728 -0.002243
v 0.005418 -0.000139 -0.002243
v 0.005326 -0.001002 -0.002243
v -0.005653 -0.000230 -0.001529
v -0.005617 0.000676 -0.001529
v -0.005437 0.001565 -0.001529
v -0.005117 0.002413 -0.001529
v -0.004666 0.003199 -0.001529
v -0.004095 0.003903 -0.001529
v -0.003419 0.004507 -0.001529
v -0.002656 0.004995 -0.001529
v -0.001824 0.005355 -0.001528
v -0.000945 0.005578 -0.001528
v -0.000042 0.005657 -0.001528
v 0.000862 0.005591 -0.001528
v 0.001744 0.005382 -0.001528
v 0.002581 0.005034 -0.001529
v 0.003352 0.004558 -0.001529
v 0.004037 0.003964 -0.001529
v 0.004618 0.003268 -0.001529
v 0.005080 0.002489 -0.001529
v 0.005413 0.001646 -0.001529
v 0.005606 0.000760 -0.001529
v 0.005655 -0.000145 -0.001529
v 0.005560 -0.001047 -0.001529
v -0.005797 -0.000236 -0.000791
v -0.005760 0.000693 -0.000791
v -0.005575 0.001604 -0.000791
v -0.005248 0.002474 -0.000790
v -0.004785 0.003281 -0.000790
v -0.004200 0.004003 -0.000790
v -0.003507 0.004622 -0.000790
v -0.002724 0.005123 -0.000790
v -0.001870 0.005492 -0.000790
v -0.000969 0.005720 -0.000790
v -0.000043 0.005802 -0.000790
v 0.000884 0.005734 -0.000790
v 0.001788 0.005519 -0.000790
v 0.002647 0.005163 -0.000790
v 0.003437 0.004674 -0.000790
v 0.004140 0.004065 -0.000790
v 0.004736 0.003352 -0.000790
v 0.005210 0.002552 -0.000790
v 0.005551 0.001687 -0.000791
v 0.005749 0.000779 -0.000791
v 0.005800 -0.000149 -0.000791
v 0.005701 -0.001073 -0.000791
v 0.002409 -0.002601 -0.006190
v 0.000830 -0.001420 -0.006387
v 0.003329 -0.002944 -0.005468
v 0.003408 -0.003004 -0.005419
v 0.003420 -0.003084 -0.005522
v 0.002945 -0.002831 -0.005882
v 0.003411 -0.003176 -0.005604
v 0.003382 -0.003278 -0.005669
v 0.002478 -0.002334 -0.005918
v 0.002487 -0.002339 -0.005914
v 0.002479 -0.002367 -0.005974
v 0.002512 -0.002356 -0.005902
v 0.002538 -0.002373 -0.005890
v 0.002564 -0.002390 -0.005878
v 0.002964 -0.002732 -0.005776
v 0.002935 -0.002640 -0.005661
v 0.001504 -0.001734 -0.006225
v 0.001658 -0.001825 -0.006185
v 0.001412 -0.001701 -0.006281
v 0.002014 -0.002036 -0.006094
v 0.002319 -0.002232 -0.005978
v 0.000829 -0.001398 -0.006320
v 0.000925 -0.001438 -0.006314
v 0.000958 -0.001455 -0.006309
v 0.001410 -0.001686 -0.006239
v 0.000387 -0.001213 -0.006350
v 0.001342 -0.001964 -0.006544
v 0.000758 -0.001695 -0.006667
v 0.000809 -0.001534 -0.006554
v 0.003843 -0.003563 -0.005302
v 0.002902 -0.002946 -0.005961
v 0.002459 -0.002473 -0.006099
v 0.003909 -0.003355 -0.005059
v 0.003856 -0.003471 -0.005253
v 0.003863 -0.003325 -0.005095
v 0.003836 -0.003306 -0.005116
v 0.002939 -0.002642 -0.005659
v 0.002955 -0.002655 -0.005652
v 0.003267 -0.002898 -0.005505
v 0.003582 -0.003136 -0.005314
v 0.001393 -0.001813 -0.006436
v -0.001523 -0.000828 0.006069
v -0.001719 -0.000824 0.006006
v -0.001929 -0.000821 0.005938
v -0.002060 -0.000819 0.005896
v -0.002242 -0.000825 0.005819
v -0.002624 -0.000838 0.005656
v -0.002945 -0.000855 0.005481
v -0.003209 -0.000869 0.005337
v -0.003742 -0.000892 0.004974
v -0.004092 -0.000895 0.004681
v -0.004153 -0.000895 0.004631
v -0.004232 -0.000896 0.004564
v -0.004513 -0.000883 0.004277
v -0.004681 -0.000876 0.004106
v -0.004841 -0.000860 0.003903
v -0.005117 -0.000831 0.003545
v -0.005081 -0.000837 0.003602
v -0.005427 -0.000783 0.003061
v -0.005454 -0.000777 0.003007
v -0.005539 -0.000759 0.002837
v -0.005717 -0.000722 0.002481
v -0.006066 -0.000623 0.001411
v -0.006108 -0.000610 0.001251
v -0.005945 -0.000661 0.001873
v -0.005896 -0.000674 0.002003
v -0.005849 -0.000687 0.002128
v -0.006159 -0.000591 0.000928
v -0.006207 -0.000574 0.000625
v -0.006243 -0.000560 0.000000
v -0.006241 -0.000560 -0.000046
v -0.006235 -0.000563 -0.000191
v -0.006216 -0.000571 -0.000641
v -0.006065 -0.000624 -0.001503
v -0.006116 -0.000608 -0.001303
v -0.006122 -0.000606 -0.001282
v -0.005846 -0.000687 -0.002219
v -0.005961 -0.000657 -0.001910
v -0.005793 -0.000701 -0.002361
v -0.005738 -0.000716 -0.002510
v -0.005530 -0.000760 -0.002928
v -0.005449 -0.000777 -0.003090
v -0.005293 -0.000801 -0.003332
v -0.004701 -0.000871 -0.004134
v -0.005101 -0.000831 -0.003633
v -0.005098 -0.000831 -0.003637
v -0.004640 -0.000873 -0.004196
v -0.004468 -0.000881 -0.004371
v -0.004166 -0.000890 -0.004664
v -0.004248 -0.000891 -0.004596
v -0.003846 -0.000888 -0.004929
v -0.003736 -0.000888 -0.005020
v -0.003177 -0.000864 -0.005396
v -0.002951 -0.000852 -0.005518
v -0.002937 -0.000852 -0.005525
v -0.002609 -0.000834 -0.005701
v -0.002046 -0.000817 -0.005940
v -0.001933 -0.000819 -0.005976
v -0.001930 -0.000819 -0.005977
v -0.001504 -0.000827 -0.006115
v -0.001398 -0.000836 -0.006139
v 0.001100 -0.001512 0.006178
v 0.000804 -0.001387 0.006231
v 0.000806 -0.001410 0.006306
v 0.000734 -0.001686 0.006590
v 0.000785 -0.001523 0.006475
v 0.000766 -0.001371 0.006238
v 0.000602 -0.001301 0.006267
v 0.000347 -0.001206 0.006294
v 0.001393 -0.001690 0.006201
v 0.001292 -0.001610 0.006126
v 0.001385 -0.001657 0.006100
v 0.001702 -0.001819 0.006014
v 0.001945 -0.002009 0.006062
v 0.001795 -0.001875 0.005979
v 0.001932 -0.001957 0.005929
v 0.002467 -0.002358 0.005895
v 0.002453 -0.002289 0.005746
v 0.002276 -0.002164 0.005803
v 0.002752 -0.002501 0.005650
v 0.002958 -0.002727 0.005696
v 0.002817 -0.002551 0.005622
v 0.003406 -0.003003 0.005340
v 0.003329 -0.002945 0.005386
v 0.003418 -0.003082 0.005441
v 0.003240 -0.002878 0.005439
v 0.002946 -0.002651 0.005566
v 0.003879 -0.003338 0.005005
v 0.003852 -0.003384 0.005111
v 0.004077 -0.003453 0.004822
v 0.003860 -0.003326 0.005020
v 0.003835 -0.003309 0.005039
v 0.003591 -0.003143 0.005229
v 0.002896 -0.002942 0.005883
v 0.002398 -0.002594 0.006114
v 0.003379 -0.003277 0.005589
v 0.003408 -0.003174 0.005524
v 0.002940 -0.002827 0.005803
v 0.002448 -0.002464 0.006022
v 0.003854 -0.003469 0.005173
v 0.001374 -0.001802 0.006359
v 0.001322 -0.001955 0.006468
v 0.005870 -0.003831 -0.002066
v 0.003361 -0.002946 -0.005391
v 0.003967 -0.003340 -0.004921
v 0.004180 -0.003470 -0.004740
v 0.003804 -0.003240 -0.005060
v 0.003577 -0.003101 -0.005253
v 0.003367 -0.002949 -0.005387
v 0.004228 -0.003495 -0.004692
v 0.004252 -0.003507 -0.004669
v 0.004323 -0.003542 -0.004596
v 0.005494 -0.003836 -0.002938
v 0.005436 -0.003837 -0.003072
v 0.004529 -0.003619 -0.004355
v 0.004622 -0.003654 -0.004245
v 0.004864 -0.003745 -0.003960
v 0.004991 -0.003765 -0.003764
v 0.005085 -0.003781 -0.003617
v 0.005329 -0.003820 -0.003238
v 0.005774 -0.003832 -0.002287
v 0.005611 -0.003835 -0.002667
v 0.005870 -0.003831 0.001984
v 0.005793 -0.003836 0.002205
v 0.005790 -0.003836 0.002211
v 0.005352 -0.003832 0.003142
v 0.005488 -0.003833 0.002854
v 0.005570 -0.003834 0.002679
v 0.005228 -0.003809 0.003328
v 0.005089 -0.003784 0.003536
v 0.004852 -0.003740 0.003892
v 0.004826 -0.003730 0.003921
v 0.004507 -0.003604 0.004284
v 0.004287 -0.003516 0.004535
v 0.004371 -0.003549 0.004440
v 0.004249 -0.003496 0.004572
v 0.004211 -0.003476 0.004608
v 0.004141 -0.003438 0.004674
v 0.003986 -0.003344 0.004805
v 0.003887 -0.003283 0.004889
v 0.003793 -0.003225 0.004968
v 0.003396 -0.002951 0.005245
v 0.003377 -0.002938 0.005257
v 0.003390 -0.002947 0.005250
v 0.002893 -0.002587 0.005530
v 0.002840 -0.002551 0.005553
v 0.002842 -0.002552 0.005552
v 0.005219 -0.003800 0.001984
v 0.005294 -0.003756 0.001984
v 0.005693 -0.003743 0.001984
v 0.005677 -0.003741 0.001984
v 0.005497 -0.003717 0.001984
v 0.005443 -0.003727 0.001984
v 0.004441 -0.004536 0.001984
v 0.005116 -0.003861 0.001984
v 0.005047 -0.003931 0.001984
v 0.004186 -0.004790 0.001984
v 0.003707 -0.005104 0.001984
v 0.003168 -0.005457 0.001984
v -0.005036 -0.002559 0.001985
v -0.004435 -0.003617 0.001985
v -0.004029 -0.004080 0.001984
v 0.002906 -0.005560 0.001984
v 0.002036 -0.005903 0.001984
v 0.001138 -0.006058 0.001984
v 0.000837 -0.006110 0.001984
v 0.000219 -0.006090 0.001984
v -0.000379 -0.006070 0.001984
v -0.000700 -0.005992 0.001984
v -0.001561 -0.005784 0.001984
v -0.001606 -0.005763 0.001984
v -0.002468 -0.005355 0.001984
v -0.002661 -0.005264 0.001984
v -0.002814 -0.005149 0.001984
v -0.003276 -0.004800 0.001984
v -0.003632 -0.004532 0.001984
v -0.003924 -0.004199 0.001984
v -0.004497 -0.003508 0.001985
v -0.004736 -0.003087 0.001985
v -0.004771 -0.003025 0.001985
v -0.005026 -0.002577 0.001985
v -0.005322 -0.002525 0.000988
v -0.005245 -0.002535 0.001312
v -0.005209 -0.002539 0.001461
v -0.005047 -0.002558 0.001952
v -0.005202 -0.002540 0.001491
v -0.005411 -0.002512 -0.000192
v -0.005419 -0.002511 -0.000040
v -0.005411 -0.002512 0.000112
v -0.005404 -0.002513 0.000273
v -0.005396 -0.002514 0.000439
v -0.005394 -0.002515 0.000479
v -0.005368 -0.002518 0.000661
v -0.005332 -0.002523 0.000918
v -0.005368 -0.002518 -0.000741
v -0.005332 -0.002523 -0.000999
v -0.005394 -0.002515 -0.000559
v -0.005396 -0.002514 -0.000520
v -0.005404 -0.002513 -0.000354
v -0.005202 -0.002540 -0.001572
v -0.005047 -0.002557 -0.002033
v -0.005036 -0.002559 -0.002065
v -0.005209 -0.002539 -0.001542
v -0.005245 -0.002534 -0.001392
v -0.005322 -0.002525 -0.001069
v -0.005026 -0.002576 -0.002065
v -0.004788 -0.003013 -0.002065
v -0.004731 -0.003118 -0.002065
v -0.004549 -0.003451 -0.002065
v -0.003918 -0.004248 -0.002066
v -0.003979 -0.004171 -0.002066
v -0.004031 -0.004105 -0.002066
v -0.004517 -0.003492 -0.002065
v -0.003281 -0.004818 -0.002066
v -0.003160 -0.004926 -0.002066
v -0.003492 -0.003728 -0.003421
v -0.003534 -0.003577 -0.003550
v -0.003245 -0.004619 -0.002502
v -0.003322 -0.004341 -0.002895
v -0.003357 -0.004215 -0.003003
v 0.004163 -0.003819 -0.003551
v 0.003526 -0.004331 -0.003551
v 0.001874 -0.005163 -0.003551
v 0.000971 -0.005351 -0.003551
v 0.002086 -0.005119 -0.003551
v 0.003202 -0.004593 -0.003551
v 0.003035 -0.004671 -0.003551
v 0.002728 -0.004816 -0.003551
v -0.002330 -0.004571 -0.003551
v -0.001813 -0.004856 -0.003551
v -0.000890 -0.005184 -0.003551
v -0.001543 -0.005005 -0.003551
v -0.002623 -0.004409 -0.003551
v -0.002717 -0.004324 -0.003551
v -0.003287 -0.003803 -0.003551
v 0.000879 -0.005370 -0.003551
v 0.000172 -0.005348 -0.003551
v 0.000042 -0.005344 -0.003551
v -0.000354 -0.005331 -0.003551
v 0.004192 -0.004007 -0.003283
v 0.004240 -0.004316 -0.002843
v 0.004262 -0.004459 -0.002549
v 0.004299 -0.004696 -0.002066
v 0.004448 -0.004543 -0.002066
v 0.005438 -0.003727 -0.002066
v 0.005375 -0.003731 -0.002066
v 0.005211 -0.003797 -0.002066
v 0.005195 -0.003803 -0.002066
v 0.005047 -0.003931 -0.002066
v 0.005763 -0.003769 -0.002066
v 0.005783 -0.003778 -0.002066
v 0.005673 -0.003745 -0.002066
v 0.005578 -0.003719 -0.002066
v 0.004279 -0.003797 -0.003434
v 0.004353 -0.003821 -0.003325
v 0.004494 -0.003688 -0.003395
v 0.005263 -0.003712 -0.002490
v 0.005469 -0.003736 -0.002592
v 0.003319 -0.002896 -0.005277
v 0.002893 -0.002607 -0.005557
v 0.002909 -0.002609 -0.005584
v 0.004919 -0.003921 -0.002328
v 0.005065 -0.003786 -0.002395
v 0.004796 -0.003754 -0.002909
v 0.004749 -0.003908 -0.002675
v 0.004901 -0.003919 -0.002365
v 0.004429 -0.003846 -0.003211
v 0.004438 -0.003848 -0.003199
v 0.004653 -0.003889 -0.002837
v 0.004111 -0.003742 -0.003683
v 0.004169 -0.003578 -0.003855
v 0.004030 -0.003704 -0.003791
v 0.003845 -0.003618 -0.004038
v 0.003826 -0.003417 -0.004287
v 0.003778 -0.003586 -0.004128
v 0.003282 -0.003257 -0.004716
v 0.003348 -0.003307 -0.004644
v 0.003470 -0.003204 -0.004689
v 0.003407 -0.003353 -0.004578
v 0.003693 -0.003533 -0.004231
v 0.002716 -0.002793 -0.005284
v 0.002993 -0.003028 -0.005020
v 0.003099 -0.002942 -0.005058
v 0.003090 -0.003110 -0.004927
v 0.003222 -0.003211 -0.004782
v 0.002819 -0.002611 -0.005453
v 0.002747 -0.002643 -0.005387
v 0.002643 -0.002730 -0.005347
v 0.002727 -0.002659 -0.005379
v 0.002729 -0.002658 -0.005380
v 0.002843 -0.002601 -0.005475
v 0.003220 -0.002888 -0.005149
v 0.004521 -0.003552 -0.004127
v 0.004142 -0.003389 -0.004556
v 0.003741 -0.003168 -0.004940
v 0.004871 -0.003658 -0.003654
v 0.005190 -0.003714 -0.003142
v 0.003617 -0.003146 -0.004796
v 0.003994 -0.003356 -0.004405
v 0.004351 -0.003513 -0.003977
v 0.004685 -0.003620 -0.003514
v 0.004992 -0.003682 -0.003019
v 0.000923 -0.001488 -0.006187
v 0.001588 -0.001852 -0.006010
v 0.001627 -0.001817 -0.006060
v 0.002305 -0.002202 -0.005898
v 0.001653 -0.001807 -0.006127
v 0.001762 -0.002043 -0.005901
v 0.002126 -0.002313 -0.005705
v 0.002192 -0.002249 -0.005737
v 0.000218 -0.001150 -0.006328
v 0.000217 -0.001153 -0.006319
v 0.000955 -0.001448 -0.006267
v 0.002258 -0.002206 -0.005805
v 0.002148 -0.002330 -0.005693
v 0.002226 -0.002388 -0.005651
v 0.002553 -0.002657 -0.005412
v 0.001545 -0.001903 -0.005982
v 0.001725 -0.002019 -0.005915
v 0.001288 -0.001736 -0.006078
v 0.001034 -0.001598 -0.006138
v 0.000542 -0.001361 -0.006218
v 0.000850 -0.001498 -0.006181
v 0.000901 -0.001525 -0.006169
v 0.000192 -0.001220 -0.006246
v 0.000373 -0.001287 -0.006238
v 0.000197 -0.001205 -0.006251
v 0.000202 -0.001194 -0.006255
v 0.000203 -0.001190 -0.006258
v 0.000943 -0.001460 -0.006221
v 0.000212 -0.001164 -0.006285
v 0.000205 -0.001183 -0.006266
v -0.000014 -0.001166 -0.006234
v -0.000956 -0.000881 -0.006214
v -0.000627 -0.000928 -0.006272
v -0.000032 -0.001070 -0.006325
v -0.000040 -0.001103 -0.006262
v -0.000034 -0.001080 -0.006293
v -0.000054 -0.001155 -0.006232
v -0.000046 -0.001127 -0.006248
v -0.000753 -0.000992 -0.006173
v -0.000630 -0.001011 -0.006191
v -0.000628 -0.000994 -0.006196
v -0.000556 -0.001023 -0.006203
v -0.000949 -0.000966 -0.006135
v -0.000949 -0.000952 -0.006141
v -0.000949 -0.000933 -0.006148
v -0.000625 -0.000968 -0.006210
v -0.000625 -0.000941 -0.006240
v -0.000950 -0.000903 -0.006171
v -0.000948 -0.000918 -0.006155
v -0.000954 -0.000884 -0.006204
v -0.000952 -0.000887 -0.006189
v -0.000951 -0.000894 -0.006181
v -0.001380 -0.000863 -0.006066
v -0.005193 -0.000817 -0.003267
v -0.004753 -0.000873 0.003831
v -0.005069 -0.001107 0.002891
v -0.005116 -0.001100 0.002794
v -0.005154 -0.000976 0.002823
v -0.005734 -0.000978 0.000961
v -0.005751 -0.000973 0.000845
v -0.005799 -0.000834 0.000858
v -0.005499 -0.001037 -0.001993
v -0.005424 -0.001050 -0.002185
v -0.005466 -0.000920 -0.002210
v -0.005017 -0.001105 -0.003069
v -0.004984 -0.001107 -0.003120
v -0.005018 -0.000989 -0.003147
v -0.002981 -0.001027 -0.005268
v -0.002826 -0.001012 -0.005361
v -0.002845 -0.000950 -0.005381
v -0.000996 -0.000963 -0.006123
v -0.001374 -0.000899 -0.006039
v -0.001886 -0.000892 -0.005863
v -0.001466 -0.000927 -0.006000
v -0.001371 -0.000934 -0.006025
v -0.002725 -0.001002 -0.005421
v -0.002447 -0.000974 -0.005588
v -0.001931 -0.000934 -0.005831
v -0.001901 -0.000934 -0.005843
v -0.001895 -0.000933 -0.005844
v -0.001880 -0.000933 -0.005850
v -0.003448 -0.001074 -0.004924
v -0.003694 -0.001013 -0.004751
v -0.003483 -0.001077 -0.004892
v -0.004318 -0.001129 -0.004071
v -0.004153 -0.001122 -0.004248
v -0.004423 -0.001028 -0.004000
v -0.003894 -0.001111 -0.004526
v -0.003667 -0.001092 -0.004728
v -0.004735 -0.001122 -0.003515
v -0.004683 -0.001125 -0.003598
v -0.004392 -0.001128 -0.003975
v -0.005290 -0.001073 -0.002527
v -0.005208 -0.001083 -0.002689
v -0.005052 -0.001101 -0.003000
v -0.005732 -0.000981 -0.001041
v -0.005704 -0.000989 -0.001196
v -0.005751 -0.000850 -0.001213
v -0.005676 -0.000997 -0.001359
v -0.005669 -0.000998 -0.001395
v -0.005562 -0.001022 -0.001771
v -0.005517 -0.001033 -0.001929
v -0.005865 -0.000813 -0.000180
v -0.005822 -0.000953 -0.000177
v -0.005821 -0.000954 -0.000196
v -0.005812 -0.000957 -0.000320
v -0.005802 -0.000960 -0.000458
v -0.005791 -0.000964 -0.000606
v -0.005787 -0.000966 -0.000667
v -0.005780 -0.000968 -0.000758
v -0.005779 -0.000968 -0.000770
v -0.005771 -0.000967 0.000711
v -0.005787 -0.000962 0.000598
v -0.005797 -0.000959 0.000530
v -0.005822 -0.000952 0.000012
v -0.005824 -0.000952 -0.000040
v -0.005816 -0.000954 0.000124
v -0.005798 -0.000959 0.000503
v -0.005805 -0.000957 0.000373
v -0.005811 -0.000955 0.000246
v -0.005824 -0.000952 -0.000091
v -0.005823 -0.000953 -0.000175
v -0.005559 -0.000899 0.001868
v -0.005518 -0.001031 0.001844
v -0.005548 -0.001025 0.001764
v -0.005565 -0.001021 0.001695
v -0.005665 -0.000996 0.001304
v -0.005709 -0.000985 0.001130
v -0.005206 -0.001086 0.002608
v -0.005335 -0.001068 0.002343
v -0.005516 -0.001032 0.001851
v -0.004561 -0.001142 0.003668
v -0.004732 -0.001137 0.003444
v -0.004597 -0.001032 0.003700
v -0.004735 -0.001136 0.003438
v -0.005061 -0.001108 0.002908
v -0.003878 -0.001137 0.004455
v -0.003884 -0.001137 0.004450
v -0.003904 -0.001040 0.004478
v -0.004147 -0.001144 0.004168
v -0.004330 -0.001149 0.003972
v -0.003091 -0.000992 0.005139
v -0.003430 -0.001104 0.004852
v -0.003476 -0.001108 0.004811
v -0.002717 -0.001037 0.005339
v -0.002975 -0.001062 0.005186
v -0.003069 -0.001070 0.005117
v -0.002415 -0.001008 0.005519
v -0.002169 -0.000927 0.005662
v -0.002156 -0.000988 0.005641
v -0.001664 -0.000972 0.005841
v -0.001892 -0.000971 0.005760
v -0.001672 -0.000916 0.005863
v -0.001937 -0.000971 0.005743
v -0.002127 -0.000986 0.005654
v -0.001441 -0.000973 0.005922
v -0.002218 -0.000832 0.005762
v -0.001702 -0.000831 0.005954
v -0.003177 -0.000878 0.005255
v -0.004026 -0.000904 0.004607
v -0.005340 -0.000795 0.002940
v -0.005768 -0.000699 0.001956
v -0.006023 -0.000621 0.000904
v -0.006095 -0.000594 -0.000187
v -0.005974 -0.000638 -0.001271
v -0.005670 -0.000724 -0.002308
v -0.004561 -0.000883 -0.004124
v -0.003793 -0.000897 -0.004864
v -0.002907 -0.000859 -0.005473
v -0.001915 -0.000824 -0.005935
v -0.001389 -0.000840 -0.006103
v -0.001685 -0.000864 0.005901
v -0.002190 -0.000869 0.005703
v -0.003129 -0.000921 0.005187
v -0.003956 -0.000954 0.004531
v -0.004662 -0.000932 0.003755
v -0.005231 -0.000864 0.002874
v -0.005645 -0.000778 0.001907
v -0.005891 -0.000706 0.000879
v -0.005959 -0.000683 -0.000183
v -0.005843 -0.000723 -0.001239
v -0.005550 -0.000801 -0.002253
v -0.005091 -0.000883 -0.003198
v -0.004481 -0.000937 -0.004052
v -0.003737 -0.000940 -0.004797
v -0.002872 -0.000893 -0.005418
v -0.001899 -0.000851 -0.005893
v 0.001744 -0.001899 0.005877
v 0.001258 -0.001632 0.006035
v 0.001276 -0.001610 0.006064
v 0.001789 -0.001867 0.005947
v 0.000765 -0.001362 0.006208
v 0.001290 -0.001600 0.006100
v 0.000754 -0.001374 0.006168
v 0.000725 -0.001432 0.006123
v 0.000720 -0.001430 0.006123
v 0.000739 -0.001400 0.006136
v 0.000699 -0.001422 0.006126
v 0.000536 -0.001365 0.006139
v 0.000289 -0.001278 0.006158
v 0.001163 -0.001623 0.006043
v 0.001024 -0.001558 0.006073
v 0.000987 -0.001541 0.006081
v 0.000807 -0.001464 0.006111
v 0.000762 -0.001446 0.006118
v 0.000750 -0.001441 0.006119
v 0.000736 -0.001436 0.006121
v 0.001595 -0.001853 0.005914
v 0.001238 -0.001663 0.006020
v 0.002118 -0.002204 0.005673
v 0.002190 -0.002195 0.005669
v 0.002119 -0.002205 0.005673
v 0.002154 -0.002232 0.005653
v 0.001845 -0.002009 0.005812
v 0.001828 -0.001997 0.005821
v 0.001891 -0.002039 0.005792
v 0.001877 -0.002030 0.005798
v 0.001862 -0.002020 0.005805
v 0.001956 -0.002084 0.005760
v 0.001914 -0.002054 0.005781
v 0.001903 -0.002047 0.005786
v 0.001822 -0.001994 0.005823
v 0.001720 -0.001930 0.005864
v 0.002264 -0.002156 0.005765
v 0.002260 -0.002157 0.005757
v 0.002258 -0.002157 0.005752
v 0.001770 -0.001876 0.005908
v 0.002237 -0.002161 0.005714
v 0.002200 -0.002185 0.005674
v 0.005429 -0.003735 0.002601
v 0.002759 -0.002532 0.005398
v 0.005225 -0.003709 0.002496
v 0.004908 -0.003923 0.002283
v 0.004886 -0.003922 0.002332
v 0.005029 -0.003781 0.002399
v 0.002558 -0.002565 0.005378
v 0.002691 -0.002570 0.005343
v 0.002625 -0.002625 0.005319
v 0.003142 -0.002929 0.004959
v 0.002913 -0.002886 0.005066
v 0.002631 -0.002630 0.005314
v 0.003562 -0.003238 0.004525
v 0.003269 -0.003203 0.004686
v 0.003263 -0.003198 0.004693
v 0.003045 -0.003003 0.004925
v 0.003857 -0.003611 0.003952
v 0.003826 -0.003593 0.003992
v 0.003963 -0.003476 0.004050
v 0.003617 -0.003469 0.004267
v 0.003440 -0.003334 0.004480
v 0.004707 -0.003736 0.002985
v 0.004427 -0.003840 0.003128
v 0.004348 -0.003640 0.003536
v 0.004280 -0.003801 0.003359
v 0.004258 -0.003795 0.003393
v 0.004205 -0.003772 0.003468
v 0.003936 -0.003658 0.003849
v 0.004876 -0.003922 0.002353
v 0.004581 -0.003880 0.002888
v 0.004564 -0.003876 0.002914
v 0.004284 -0.003452 0.004314
v 0.003824 -0.003206 0.004764
v 0.003334 -0.002888 0.005149
v 0.002814 -0.002527 0.005476
v 0.004710 -0.003615 0.003800
v 0.005095 -0.003703 0.003227
v 0.004901 -0.003667 0.003099
v 0.004534 -0.003575 0.003656
v 0.004134 -0.003416 0.004166
v 0.003705 -0.003184 0.004626
v 0.003249 -0.002883 0.005037
v -0.005440 -0.002442 0.000237
v -0.005432 -0.002473 0.000100
v -0.005706 -0.001603 -0.000040
v -0.005452 -0.002390 0.000368
v -0.005569 -0.001890 0.000826
v -0.005540 -0.002016 0.000768
v -0.005633 -0.001622 0.000879
v -0.005601 -0.001758 0.000863
v -0.005665 -0.001485 0.000874
v -0.005697 -0.001350 0.000847
v -0.005727 -0.001221 0.000799
v -0.005697 -0.001350 -0.000927
v -0.005727 -0.001221 -0.000880
v -0.005633 -0.001622 -0.000960
v -0.005665 -0.001485 -0.000954
v -0.005601 -0.001758 -0.000944
v -0.005569 -0.001890 -0.000906
v -0.005540 -0.002015 -0.000849
v -0.005513 -0.002130 -0.000772
v -0.005468 -0.002320 -0.000570
v -0.005489 -0.002233 -0.000678
v -0.005440 -0.002441 -0.000318
v -0.005452 -0.002390 -0.000449
v -0.005432 -0.002473 -0.000181
v -0.005430 -0.002483 -0.000040
v -0.005100 -0.001565 -0.002720
v -0.005194 -0.001166 -0.002704
v -0.005493 -0.001338 -0.001849
v 0.001370 -0.003025 -0.005570
v 0.001168 -0.002169 -0.005964
v 0.000269 -0.002371 -0.005937
v -0.005245 -0.002388 0.001559
v -0.005513 -0.002131 0.000691
v -0.005489 -0.002233 0.000598
v -0.005245 -0.002388 -0.001640
v -0.004829 -0.002712 -0.002396
v -0.004750 -0.003048 -0.002173
v 0.000958 -0.005298 -0.003645
v 0.002733 -0.004815 -0.003601
v 0.004412 -0.004361 -0.002518
v -0.004652 -0.001491 -0.003523
v -0.005555 -0.001072 -0.001796
v -0.005781 -0.000992 -0.000727
v -0.005755 -0.001101 0.000732
v -0.005555 -0.001072 0.001715
v -0.005194 -0.001167 0.002624
v -0.004095 -0.001390 0.004172
v -0.002705 -0.001109 0.005344
v 0.000056 -0.001472 0.006110
v -0.004750 -0.003048 0.002092
v -0.004106 -0.003807 0.002377
v -0.003342 -0.004588 0.002384
v -0.001645 -0.005607 0.002350
v -0.002487 -0.005314 0.002113
v -0.000759 -0.005785 0.002536
v 0.000153 -0.005841 0.002667
v 0.002844 -0.005287 0.002705
v 0.001974 -0.005590 0.002752
v 0.001070 -0.005776 0.002739
v 0.003663 -0.004875 0.002600
v 0.004412 -0.004361 0.002437
v 0.003556 -0.004422 0.003383
v 0.004312 -0.003936 0.003172
v 0.003423 -0.003858 0.004086
v 0.002433 -0.003541 0.004881
v 0.002251 -0.002767 0.005397
v 0.001370 -0.003026 0.005489
v 0.001168 -0.002170 0.005884
v 0.000269 -0.002372 0.005856
v -0.000834 -0.001650 0.005950
v -0.001698 -0.001796 0.005661
v -0.003441 -0.001261 0.004810
v -0.004652 -0.001492 0.003443
v -0.005100 -0.001566 0.002640
v -0.005493 -0.001338 0.001768
v -0.005781 -0.000992 0.000647
v -0.005755 -0.001101 -0.000812
v -0.004095 -0.001389 -0.004252
v -0.003441 -0.001260 -0.004890
v -0.002705 -0.001107 -0.005424
v -0.001698 -0.001794 -0.005741
v -0.000834 -0.001648 -0.006030
v 0.000056 -0.001470 -0.006191
v 0.002251 -0.002765 -0.005477
v 0.002433 -0.003540 -0.004962
v 0.003423 -0.003857 -0.004167
v 0.004312 -0.003935 -0.003253
v 0.002595 -0.004228 -0.004332
v 0.001861 -0.005109 -0.003662
v -0.000093 -0.004797 -0.004272
v -0.000993 -0.004791 -0.004068
v -0.001862 -0.004685 -0.003777
v -0.003342 -0.004587 -0.002466
v -0.003436 -0.004188 -0.002963
v -0.004106 -0.003806 -0.002458
v -0.005468 -0.002320 0.000489
v 0.000818 -0.004703 -0.004385
v 0.001555 -0.003812 -0.005047
v 0.000469 -0.003223 -0.005545
v -0.000628 -0.002525 -0.005783
v -0.002003 -0.004086 -0.004326
v 0.001720 -0.004513 -0.004405
v 0.000654 -0.004006 -0.005023
v -0.000433 -0.003355 -0.005401
v -0.001502 -0.002629 -0.005506
v -0.002517 -0.001905 -0.005330
v -0.002809 -0.003943 -0.003901
v -0.002952 -0.003336 -0.004304
v -0.000253 -0.004118 -0.004893
v -0.001316 -0.003418 -0.005142
v -0.002334 -0.002679 -0.005111
v -0.003272 -0.001978 -0.004805
v -0.002574 -0.004944 0.002752
v -0.001742 -0.005197 0.003059
v -0.000863 -0.005342 0.003300
v 0.000043 -0.005376 0.003470
v 0.000958 -0.005299 0.003564
v 0.001861 -0.005110 0.003581
v 0.002733 -0.004816 0.003520
v -0.001145 -0.004145 -0.004659
v -0.002162 -0.003412 -0.004774
v -0.003108 -0.002676 -0.004608
v -0.003948 -0.002013 -0.004178
v -0.003436 -0.004189 0.002882
v -0.002682 -0.004484 0.003325
v -0.001862 -0.004687 0.003696
v -0.000993 -0.004792 0.003986
v -0.000093 -0.004798 0.004190
v 0.000818 -0.004705 0.004304
v 0.001720 -0.004514 0.004324
v 0.002595 -0.004229 0.004251
v -0.004198 -0.003418 -0.002813
v -0.003805 -0.002618 -0.004007
v -0.004530 -0.002007 -0.003462
v -0.004198 -0.003419 0.002732
v -0.003546 -0.003720 0.003312
v -0.002809 -0.003944 0.003819
v -0.002003 -0.004087 0.004245
v -0.001145 -0.004146 0.004578
v -0.000253 -0.004119 0.004812
v 0.000654 -0.004008 0.004942
v 0.001555 -0.003814 0.004965
v -0.003546 -0.003719 -0.003393
v -0.004300 -0.002982 -0.003103
v -0.004915 -0.002348 -0.002564
v 0.000469 -0.003224 0.005464
v -0.000433 -0.003356 0.005320
v -0.000628 -0.002527 0.005702
v -0.001316 -0.003420 0.005061
v -0.001502 -0.002630 0.005425
v -0.002162 -0.003413 0.004693
v -0.002334 -0.002681 0.005031
v -0.002952 -0.003337 0.004223
v -0.003108 -0.002677 0.004527
v -0.003670 -0.003193 0.003662
v -0.003805 -0.002619 0.003926
v -0.004300 -0.002983 0.003022
v -0.004412 -0.002509 0.003240
v -0.004829 -0.002713 0.002316
v -0.004915 -0.002348 0.002484
v -0.005304 -0.002141 0.001673
v -0.005304 -0.002140 -0.001754
v -0.005365 -0.001879 -0.001828
v -0.003670 -0.003192 -0.003743
v -0.004412 -0.002508 -0.003321
v -0.005006 -0.001962 -0.002673
v -0.005429 -0.001609 -0.001859
v -0.005429 -0.001610 0.001779
v -0.002517 -0.001906 0.005249
v -0.003272 -0.001980 0.004724
v -0.003948 -0.002014 0.004097
v -0.004530 -0.002008 0.003382
v -0.005006 -0.001963 0.002593
v -0.005365 -0.001879 0.001747
f 1 2 3
f 4 5 6
f 7 8 9
f 10 11 12
f 13 14 15
f 16 17 18
f 19 20 21
f 5 22 23
f 24 25 21
f 21 25 18
f 21 18 19
f 19 18 17
f 24 26 25
f 25 26 27
f 25 27 18
f 18 27 23
f 18 23 16
f 16 23 22
f 16 22 28
f 29 30 31
f 31 30 32
f 31 32 33
f 33 32 26
f 33 26 34
f 34 26 24
f 2 35 3
f 3 35 36
f 3 36 37
f 30 38 32
f 32 38 39
f 32 39 26
f 26 39 40
f 26 40 27
f 27 40 6
f 27 6 23
f 23 6 5
f 41 42 43
f 44 45 46
f 44 46 47
f 47 46 48
f 47 48 49
f 49 48 50
f 49 50 51
f 36 52 37
f 37 52 53
f 37 53 42
f 42 53 54
f 42 54 43
f 55 56 57
f 57 58 55
f 55 58 59
f 55 59 60
f 59 61 60
f 60 61 62
f 60 62 13
f 13 62 63
f 13 63 14
f 64 65 66
f 15 67 13
f 13 67 68
f 13 68 69
f 70 55 71
f 71 55 60
f 71 60 72
f 72 60 13
f 72 13 64
f 64 13 69
f 64 69 65
f 73 9 74
f 74 9 8
f 74 8 75
f 73 76 9
f 9 76 77
f 9 77 78
f 78 77 79
f 79 80 78
f 78 80 81
f 78 81 82
f 82 81 83
f 82 83 84
f 85 7 86
f 86 7 9
f 86 9 87
f 87 9 78
f 87 78 70
f 70 78 82
f 70 82 55
f 55 82 84
f 55 84 56
f 88 89 90
f 90 89 41
f 90 41 91
f 91 41 43
f 38 50 39
f 39 50 48
f 39 48 40
f 40 48 46
f 40 46 6
f 6 46 45
f 6 45 4
f 11 1 12
f 12 1 3
f 12 3 29
f 29 3 37
f 29 37 30
f 30 37 42
f 30 42 38
f 38 42 41
f 38 41 50
f 50 41 89
f 50 89 51
f 66 10 64
f 64 10 12
f 64 12 72
f 72 12 29
f 72 29 71
f 71 29 31
f 71 31 70
f 70 31 33
f 70 33 87
f 87 33 34
f 87 34 86
f 86 34 24
f 86 24 85
f 85 24 21
f 85 21 92
f 92 21 20
f 93 94 95
f 96 97 98
f 99 100 101
f 67 15 102
f 103 104 105
f 106 107 108
f 109 110 111
f 111 110 112
f 113 114 115
f 116 117 118
f 119 120 121
f 122 123 124
f 125 126 127
f 128 129 130
f 131 132 133
f 134 135 136
f 137 138 139
f 139 138 140
f 139 140 141
f 142 137 143
f 144 145 143
f 143 145 146
f 143 146 142
f 147 148 149
f 149 148 150
f 149 150 144
f 144 150 151
f 144 151 145
f 152 153 149
f 149 153 154
f 149 154 147
f 155 156 152
f 152 156 157
f 152 157 153
f 155 152 158
f 155 158 159
f 159 158 160
f 159 160 161
f 162 163 160
f 160 163 164
f 160 164 161
f 132 165 133
f 133 165 166
f 133 166 162
f 162 166 167
f 162 167 163
f 130 129 133
f 133 129 168
f 133 168 131
f 169 170 171
f 171 170 172
f 171 172 173
f 173 172 174
f 173 174 130
f 130 174 175
f 130 175 128
f 176 177 178
f 178 177 179
f 178 179 171
f 171 179 180
f 171 180 169
f 181 182 183
f 183 182 184
f 183 184 185
f 186 187 188
f 189 126 190
f 190 126 125
f 190 125 191
f 122 124 192
f 193 194 195
f 195 194 192
f 196 197 178
f 178 197 198
f 178 198 176
f 199 200 201
f 202 203 204
f 204 203 205
f 204 205 206
f 206 205 207
f 199 201 208
f 208 201 209
f 208 209 210
f 210 209 211
f 210 211 212
f 212 211 213
f 212 213 214
f 215 213 216
f 216 213 211
f 216 211 217
f 217 211 209
f 217 209 218
f 218 209 201
f 218 201 219
f 219 201 200
f 219 200 220
f 221 222 220
f 220 222 223
f 220 223 219
f 219 223 224
f 219 224 218
f 218 224 225
f 226 227 228
f 228 227 229
f 228 229 230
f 230 229 231
f 230 231 232
f 232 231 233
f 232 233 234
f 234 233 235
f 234 235 186
f 186 235 236
f 186 236 187
f 121 120 127
f 124 191 237
f 237 191 125
f 237 125 238
f 238 125 127
f 238 127 239
f 239 127 120
f 227 119 229
f 229 119 121
f 229 121 231
f 231 121 127
f 231 127 233
f 233 127 126
f 233 126 235
f 235 126 189
f 235 189 236
f 240 241 118
f 118 241 242
f 118 242 116
f 243 244 245
f 245 244 246
f 245 246 247
f 246 248 247
f 247 248 249
f 247 249 240
f 240 249 250
f 240 250 241
f 188 251 186
f 186 251 252
f 186 252 234
f 234 252 253
f 234 253 232
f 232 253 254
f 232 254 230
f 230 254 255
f 230 255 228
f 228 255 256
f 228 256 226
f 192 124 195
f 195 124 237
f 195 237 257
f 257 237 238
f 257 238 258
f 258 238 239
f 258 239 259
f 259 239 120
f 259 120 260
f 260 120 119
f 260 119 261
f 261 119 227
f 261 227 262
f 262 227 226
f 262 226 115
f 263 264 265
f 265 264 266
f 265 266 267
f 268 269 113
f 113 269 270
f 113 270 114
f 114 270 271
f 114 271 265
f 265 271 272
f 265 272 263
f 214 213 273
f 273 213 215
f 273 215 111
f 111 215 274
f 111 274 109
f 266 275 267
f 267 275 276
f 267 276 245
f 245 276 277
f 245 277 243
f 225 278 218
f 218 278 279
f 218 279 217
f 217 279 280
f 217 280 216
f 216 280 281
f 216 281 215
f 215 281 282
f 215 282 274
f 283 284 285
f 283 285 286
f 285 287 286
f 286 287 88
f 286 88 288
f 107 106 289
f 289 106 290
f 289 290 291
f 88 90 288
f 288 90 91
f 288 91 292
f 91 43 292
f 292 43 54
f 292 54 293
f 293 54 53
f 293 53 52
f 52 36 293
f 293 36 35
f 293 35 2
f 10 294 11
f 11 294 1
f 295 296 297
f 297 296 298
f 297 298 299
f 299 298 300
f 299 300 301
f 301 300 302
f 301 302 303
f 65 69 304
f 304 69 68
f 305 104 304
f 304 104 103
f 304 103 65
f 65 103 66
f 302 105 303
f 303 105 104
f 303 104 306
f 306 104 305
f 306 305 101
f 101 305 307
f 101 307 99
f 68 67 304
f 304 67 102
f 304 102 305
f 305 102 307
f 308 295 309
f 309 295 297
f 309 297 310
f 310 297 299
f 310 299 311
f 311 299 301
f 311 301 312
f 312 301 303
f 312 303 313
f 313 303 306
f 314 315 313
f 313 315 312
f 312 315 316
f 312 316 311
f 311 316 317
f 311 317 310
f 310 317 318
f 310 318 309
f 309 318 319
f 309 319 308
f 320 321 322
f 322 321 323
f 322 323 324
f 324 323 325
f 324 325 326
f 326 325 327
f 326 327 328
f 329 96 330
f 330 96 98
f 330 98 331
f 331 98 332
f 331 332 333
f 333 332 314
f 334 335 336
f 336 335 337
f 336 337 338
f 338 337 339
f 340 335 341
f 341 335 334
f 341 334 342
f 206 320 204
f 204 320 322
f 204 322 202
f 202 322 324
f 202 324 343
f 343 324 326
f 343 326 339
f 339 326 328
f 339 328 338
f 314 313 333
f 333 313 306
f 333 306 331
f 331 306 101
f 331 101 330
f 330 101 100
f 330 100 329
f 97 342 98
f 98 342 334
f 98 334 332
f 332 334 336
f 332 336 314
f 314 336 338
f 314 338 315
f 315 338 328
f 315 328 316
f 316 328 327
f 316 327 317
f 317 327 325
f 317 325 318
f 318 325 323
f 318 323 319
f 319 323 321
f 344 345 346
f 346 345 184
f 346 184 347
f 347 184 182
f 344 348 345
f 345 348 349
f 345 349 350
f 349 351 350
f 350 351 352
f 350 352 283
f 283 352 353
f 283 353 284
f 290 354 291
f 291 354 355
f 291 355 356
f 356 355 357
f 356 357 358
f 358 357 139
f 358 139 134
f 134 139 141
f 134 141 135
f 293 108 292
f 292 108 107
f 292 107 288
f 288 107 289
f 288 289 286
f 286 289 291
f 286 291 283
f 283 291 356
f 283 356 350
f 350 356 358
f 350 358 345
f 345 358 134
f 345 134 184
f 184 134 136
f 184 136 185
f 359 94 360
f 360 94 93
f 360 93 361
f 188 362 251
f 251 362 363
f 251 363 364
f 363 361 364
f 364 361 93
f 364 93 365
f 365 93 95
f 365 95 366
f 123 196 124
f 124 196 178
f 124 178 191
f 191 178 171
f 191 171 190
f 190 171 173
f 190 173 189
f 189 173 130
f 189 130 236
f 236 130 133
f 236 133 187
f 187 133 162
f 187 162 188
f 188 162 160
f 188 160 362
f 362 160 158
f 362 158 363
f 363 158 152
f 363 152 361
f 361 152 149
f 361 149 360
f 360 149 144
f 360 144 359
f 359 144 143
f 137 139 143
f 143 139 357
f 143 357 359
f 359 357 355
f 359 355 94
f 94 355 354
f 94 354 95
f 95 354 290
f 95 290 366
f 366 290 106
f 366 106 367
f 367 106 108
f 367 108 368
f 368 108 293
f 368 293 294
f 294 293 2
f 294 2 1
f 112 369 113
f 113 369 370
f 113 370 268
f 115 114 262
f 262 114 265
f 262 265 261
f 261 265 267
f 261 267 260
f 260 267 245
f 260 245 259
f 259 245 247
f 259 247 258
f 258 247 240
f 258 240 257
f 257 240 118
f 257 118 195
f 195 118 117
f 195 117 193
f 340 221 335
f 335 221 220
f 335 220 337
f 337 220 200
f 337 200 339
f 339 200 199
f 339 199 343
f 343 199 208
f 343 208 202
f 202 208 210
f 202 210 203
f 203 210 212
f 203 212 205
f 205 212 214
f 205 214 207
f 207 214 273
f 112 113 111
f 111 113 115
f 111 115 273
f 273 115 226
f 273 226 207
f 207 226 256
f 207 256 206
f 206 256 255
f 206 255 320
f 320 255 254
f 320 254 321
f 321 254 253
f 321 253 319
f 319 253 252
f 319 252 308
f 308 252 251
f 308 251 295
f 295 251 364
f 295 364 296
f 296 364 365
f 296 365 298
f 298 365 366
f 298 366 300
f 300 366 367
f 300 367 302
f 302 367 368
f 302 368 105
f 105 368 294
f 105 294 103
f 103 294 10
f 103 10 66
f 371 372 373
f 374 375 376
f 377 378 379
f 380 381 382
f 383 384 376
f 385 386 383
f 383 386 387
f 388 389 390
f 390 389 385
f 388 390 391
f 391 390 392
f 391 392 393
f 393 392 382
f 393 382 394
f 394 382 381
f 394 381 395
f 396 397 398
f 398 397 377
f 377 397 378
f 378 397 399
f 378 399 400
f 401 402 379
f 379 402 377
f 376 375 379
f 379 375 401
f 403 371 384
f 384 371 373
f 384 373 376
f 376 373 374
f 387 404 383
f 383 404 405
f 383 405 384
f 384 405 406
f 384 406 403
f 400 380 378
f 378 380 382
f 378 382 379
f 379 382 392
f 379 392 376
f 376 392 390
f 376 390 383
f 383 390 385
f 407 408 409
f 410 411 412
f 413 414 415
f 416 417 418
f 418 417 419
f 418 419 420
f 421 422 423
f 409 424 425
f 425 426 409
f 409 426 427
f 409 427 407
f 424 409 428
f 428 409 429
f 428 429 430
f 431 432 429
f 429 432 433
f 429 433 430
f 434 435 436
f 436 435 437
f 436 437 431
f 431 437 438
f 431 438 432
f 434 436 439
f 439 436 440
f 439 440 441
f 442 443 440
f 440 443 444
f 440 444 441
f 414 445 415
f 415 445 446
f 415 446 442
f 442 446 447
f 442 447 443
f 344 346 415
f 415 346 347
f 415 347 413
f 413 347 182
f 413 182 181
f 351 349 448
f 448 349 348
f 348 344 448
f 448 344 415
f 448 415 449
f 449 415 442
f 449 442 450
f 450 442 440
f 450 440 451
f 451 440 436
f 451 436 452
f 452 436 431
f 452 431 453
f 453 431 429
f 453 429 423
f 423 429 409
f 423 409 421
f 421 409 408
f 44 47 454
f 454 47 49
f 454 49 455
f 455 49 456
f 456 49 51
f 456 51 89
f 89 88 287
f 284 353 456
f 89 287 456
f 456 287 285
f 456 285 284
f 457 454 458
f 458 454 455
f 458 455 459
f 459 455 456
f 459 456 460
f 460 456 353
f 460 353 352
f 411 28 412
f 412 28 22
f 412 22 461
f 4 45 462
f 4 462 5
f 461 22 5
f 461 5 463
f 463 5 462
f 420 410 418
f 418 410 412
f 418 412 464
f 464 412 461
f 464 461 465
f 465 461 463
f 465 463 457
f 457 463 462
f 457 462 454
f 454 462 45
f 454 45 44
f 352 351 460
f 460 351 448
f 460 448 459
f 459 448 449
f 459 449 458
f 458 449 450
f 458 450 457
f 457 450 451
f 457 451 465
f 465 451 452
f 465 452 464
f 464 452 453
f 464 453 418
f 418 453 423
f 418 423 416
f 416 423 422
f 466 467 468
f 469 470 471
f 472 473 474
f 475 476 477
f 477 476 478
f 271 270 479
f 480 481 482
f 482 481 483
f 484 485 486
f 487 488 489
f 490 491 492
f 492 493 490
f 490 493 494
f 490 494 489
f 489 494 487
f 470 491 471
f 471 491 490
f 471 490 486
f 486 490 489
f 486 489 484
f 484 489 488
f 495 496 480
f 467 497 468
f 468 497 498
f 468 498 499
f 500 501 483
f 480 496 481
f 481 496 502
f 481 502 483
f 483 502 503
f 483 503 500
f 275 266 504
f 504 266 264
f 505 263 272
f 478 269 268
f 268 370 478
f 478 370 369
f 478 369 506
f 477 507 475
f 475 507 495
f 475 495 508
f 508 495 480
f 508 480 509
f 509 480 482
f 509 482 485
f 510 477 511
f 511 477 478
f 511 478 512
f 512 478 506
f 513 514 250
f 515 516 517
f 250 249 513
f 513 249 248
f 513 248 518
f 518 248 246
f 246 244 518
f 518 244 243
f 518 243 519
f 519 243 277
f 519 277 504
f 504 277 276
f 504 276 275
f 488 520 484
f 484 520 521
f 522 516 523
f 523 516 515
f 523 515 524
f 524 515 525
f 524 525 526
f 526 525 527
f 526 527 528
f 528 527 529
f 528 529 530
f 530 529 505
f 530 505 479
f 479 505 272
f 479 272 271
f 517 514 515
f 515 514 513
f 515 513 525
f 525 513 518
f 525 518 527
f 527 518 519
f 527 519 529
f 529 519 504
f 529 504 505
f 505 504 264
f 505 264 263
f 498 531 499
f 499 531 532
f 499 532 474
f 474 532 533
f 534 472 535
f 535 472 474
f 535 474 536
f 536 474 533
f 485 482 486
f 486 482 483
f 486 483 471
f 471 483 501
f 471 501 469
f 510 537 477
f 477 537 538
f 477 538 507
f 507 538 539
f 507 539 540
f 540 466 507
f 507 466 468
f 507 468 495
f 495 468 499
f 495 499 496
f 496 499 474
f 496 474 502
f 502 474 473
f 502 473 503
f 521 522 484
f 484 522 523
f 484 523 485
f 485 523 524
f 485 524 509
f 509 524 526
f 509 526 508
f 508 526 528
f 508 528 475
f 475 528 530
f 475 530 476
f 476 530 479
f 476 479 478
f 478 479 270
f 478 270 269
f 117 116 541
f 194 193 542
f 543 544 545
f 546 547 548
f 549 550 551
f 551 550 552
f 551 552 553
f 554 555 550
f 550 555 556
f 550 556 552
f 546 548 557
f 558 559 560
f 493 492 561
f 544 176 545
f 545 176 198
f 545 198 197
f 543 545 562
f 562 545 563
f 562 563 564
f 565 566 563
f 563 566 567
f 563 567 564
f 568 569 570
f 570 569 571
f 570 571 565
f 565 571 572
f 565 572 566
f 568 570 573
f 573 570 574
f 573 574 575
f 575 574 576
f 576 574 577
f 576 577 578
f 549 579 550
f 550 579 580
f 550 580 577
f 577 580 581
f 577 581 578
f 582 520 488
f 582 488 583
f 584 493 558
f 558 493 561
f 558 561 559
f 488 487 583
f 583 487 494
f 583 494 584
f 584 494 493
f 194 542 192
f 514 242 241
f 514 241 250
f 193 117 542
f 542 117 541
f 542 541 585
f 586 587 588
f 588 587 589
f 517 541 514
f 514 541 116
f 514 116 242
f 517 516 541
f 541 516 586
f 541 586 585
f 585 586 588
f 590 557 591
f 591 557 548
f 591 548 592
f 592 548 593
f 592 593 594
f 594 593 595
f 594 595 589
f 589 595 596
f 589 596 588
f 588 596 597
f 588 597 585
f 585 597 598
f 585 598 542
f 542 598 599
f 542 599 192
f 196 123 599
f 599 123 122
f 599 122 192
f 586 516 522
f 586 522 587
f 587 522 521
f 521 520 587
f 587 520 582
f 587 582 589
f 589 582 583
f 589 583 594
f 594 583 584
f 594 584 592
f 592 584 558
f 592 558 591
f 591 558 560
f 591 560 590
f 547 554 548
f 548 554 550
f 548 550 593
f 593 550 577
f 593 577 595
f 595 577 574
f 595 574 596
f 596 574 570
f 596 570 597
f 597 570 565
f 597 565 598
f 598 565 563
f 598 563 599
f 599 563 545
f 599 545 196
f 196 545 197
f 534 535 600
f 109 274 601
f 506 369 112
f 602 603 604
f 605 606 607
f 608 609 610
f 611 612 613
f 614 615 616
f 617 618 614
f 614 618 619
f 614 619 615
f 620 621 622
f 622 621 623
f 622 623 617
f 617 623 624
f 617 624 618
f 625 626 627
f 627 626 628
f 627 628 629
f 630 631 632
f 632 631 633
f 632 633 625
f 625 633 634
f 625 634 626
f 630 632 635
f 635 632 636
f 635 636 637
f 638 639 636
f 636 639 640
f 636 640 637
f 641 642 643
f 643 642 644
f 643 644 645
f 646 647 648
f 648 647 649
f 650 651 652
f 653 654 655
f 655 654 656
f 655 656 657
f 658 659 605
f 605 659 660
f 605 660 606
f 606 660 661
f 606 661 653
f 662 663 664
f 665 666 667
f 667 666 668
f 667 668 669
f 670 671 665
f 671 672 665
f 665 672 673
f 665 673 666
f 674 611 675
f 609 670 610
f 610 670 665
f 610 665 676
f 677 614 678
f 678 614 616
f 678 616 679
f 677 608 614
f 614 608 610
f 614 610 617
f 617 610 676
f 617 676 622
f 611 613 675
f 675 613 680
f 675 680 681
f 681 680 682
f 681 682 683
f 683 682 684
f 683 684 685
f 685 684 686
f 685 686 687
f 687 686 688
f 687 688 689
f 674 675 690
f 690 675 681
f 690 681 691
f 691 681 683
f 691 683 692
f 692 683 685
f 692 685 693
f 693 685 687
f 693 687 694
f 694 687 689
f 694 689 695
f 696 638 697
f 697 638 636
f 697 636 698
f 698 636 632
f 698 632 699
f 699 632 625
f 699 625 700
f 700 625 627
f 700 627 701
f 695 696 694
f 694 696 697
f 694 697 693
f 693 697 698
f 693 698 692
f 692 698 699
f 692 699 691
f 691 699 700
f 691 700 690
f 690 700 701
f 690 701 674
f 702 703 704
f 704 703 705
f 704 705 607
f 706 707 702
f 702 707 708
f 702 708 703
f 703 708 709
f 703 709 710
f 607 705 605
f 605 705 711
f 605 711 712
f 664 658 662
f 662 658 605
f 662 605 713
f 713 605 712
f 710 714 703
f 703 714 715
f 703 715 705
f 705 715 716
f 705 716 711
f 717 221 718
f 718 221 340
f 718 340 719
f 340 341 719
f 719 341 342
f 719 342 720
f 342 97 720
f 720 97 96
f 720 96 721
f 722 723 724
f 725 726 727
f 96 329 721
f 721 329 100
f 721 100 728
f 728 100 99
f 728 99 729
f 730 603 731
f 731 603 602
f 731 602 732
f 102 733 729
f 102 729 307
f 307 729 99
f 102 15 733
f 733 15 14
f 733 14 63
f 58 57 734
f 604 62 61
f 59 58 735
f 735 58 734
f 735 734 736
f 736 734 737
f 736 737 738
f 738 737 739
f 738 739 740
f 740 739 741
f 740 741 742
f 742 741 743
f 742 743 744
f 744 743 745
f 744 745 746
f 746 745 747
f 746 747 688
f 688 747 748
f 688 748 689
f 689 748 749
f 689 749 695
f 695 749 750
f 695 750 696
f 696 750 643
f 696 643 638
f 638 643 645
f 638 645 639
f 751 80 752
f 752 80 79
f 752 79 77
f 751 752 753
f 753 752 754
f 753 754 755
f 755 754 756
f 755 756 757
f 757 756 758
f 757 758 759
f 759 758 760
f 759 760 761
f 761 760 762
f 761 762 763
f 763 762 764
f 763 764 765
f 765 764 650
f 765 650 648
f 648 650 652
f 648 652 646
f 704 766 702
f 702 766 767
f 702 767 768
f 653 655 606
f 606 655 769
f 606 769 607
f 607 769 770
f 607 770 704
f 704 770 771
f 704 771 766
f 766 771 772
f 766 772 767
f 767 772 773
f 767 773 768
f 76 73 768
f 77 76 752
f 752 76 768
f 752 768 754
f 754 768 773
f 754 773 756
f 756 773 772
f 756 772 758
f 758 772 771
f 758 771 760
f 760 771 770
f 760 770 762
f 762 770 769
f 762 769 764
f 764 769 655
f 764 655 650
f 650 655 657
f 650 657 651
f 84 83 751
f 751 83 81
f 751 81 80
f 57 56 734
f 734 56 774
f 734 774 737
f 737 774 775
f 737 775 739
f 739 775 776
f 739 776 741
f 741 776 777
f 741 777 743
f 743 777 778
f 743 778 745
f 745 778 779
f 745 779 747
f 747 779 780
f 747 780 748
f 748 780 781
f 748 781 749
f 749 781 782
f 749 782 750
f 750 782 783
f 750 783 643
f 643 783 784
f 643 784 641
f 56 84 774
f 774 84 751
f 774 751 775
f 775 751 753
f 775 753 776
f 776 753 755
f 776 755 777
f 777 755 757
f 777 757 778
f 778 757 759
f 778 759 779
f 779 759 761
f 779 761 780
f 780 761 763
f 780 763 781
f 781 763 765
f 781 765 782
f 782 765 648
f 782 648 783
f 783 648 649
f 783 649 784
f 510 511 785
f 785 511 512
f 786 538 537
f 110 787 112
f 112 787 785
f 112 785 506
f 506 785 512
f 537 510 786
f 786 510 785
f 786 785 788
f 788 785 787
f 788 787 789
f 790 466 540
f 540 539 791
f 282 281 792
f 792 281 280
f 792 280 793
f 793 280 279
f 793 279 794
f 279 278 794
f 794 278 225
f 794 225 795
f 274 282 601
f 601 282 792
f 601 792 796
f 796 792 793
f 796 793 797
f 797 793 794
f 797 794 798
f 798 794 795
f 798 795 799
f 799 795 717
f 799 717 800
f 800 717 718
f 800 718 801
f 801 718 719
f 801 719 802
f 802 719 720
f 802 720 803
f 803 720 721
f 803 721 804
f 804 721 728
f 804 728 730
f 730 728 729
f 730 729 603
f 603 729 733
f 603 733 604
f 604 733 63
f 604 63 62
f 225 224 795
f 795 224 223
f 795 223 717
f 717 223 222
f 717 222 221
f 722 724 805
f 805 724 806
f 805 806 807
f 807 806 808
f 807 808 809
f 809 808 810
f 809 810 811
f 811 810 812
f 811 812 813
f 813 812 814
f 813 814 815
f 815 814 816
f 815 816 817
f 817 816 818
f 817 818 819
f 819 818 820
f 819 820 789
f 789 820 821
f 789 821 788
f 788 821 791
f 788 791 786
f 786 791 539
f 786 539 538
f 725 727 822
f 822 727 823
f 822 823 824
f 824 823 825
f 824 825 826
f 826 825 827
f 826 827 828
f 828 827 829
f 828 829 830
f 830 829 831
f 830 831 832
f 832 831 833
f 832 833 834
f 834 833 835
f 834 835 836
f 836 835 837
f 836 837 838
f 838 837 839
f 838 839 840
f 840 839 841
f 840 841 790
f 790 841 467
f 790 467 466
f 540 791 790
f 790 791 821
f 790 821 840
f 840 821 820
f 840 820 838
f 838 820 818
f 838 818 836
f 836 818 816
f 836 816 834
f 834 816 814
f 834 814 832
f 832 814 812
f 832 812 830
f 830 812 810
f 830 810 828
f 828 810 808
f 828 808 826
f 826 808 806
f 826 806 824
f 824 806 724
f 824 724 822
f 822 724 723
f 822 723 725
f 110 109 787
f 787 109 601
f 787 601 789
f 789 601 796
f 789 796 819
f 819 796 797
f 819 797 817
f 817 797 798
f 817 798 815
f 815 798 799
f 815 799 813
f 813 799 800
f 813 800 811
f 811 800 801
f 811 801 809
f 809 801 802
f 809 802 807
f 807 802 803
f 807 803 805
f 805 803 804
f 805 804 722
f 722 804 730
f 722 730 723
f 723 730 731
f 723 731 725
f 725 731 732
f 725 732 726
f 842 536 533
f 532 531 843
f 843 531 498
f 843 498 497
f 534 600 844
f 533 532 842
f 842 532 843
f 842 843 845
f 845 843 846
f 845 846 847
f 847 846 848
f 847 848 849
f 849 848 850
f 849 850 851
f 851 850 852
f 851 852 853
f 853 852 854
f 853 854 855
f 855 854 856
f 855 856 857
f 857 856 858
f 857 858 859
f 669 844 667
f 667 844 600
f 667 600 860
f 860 600 861
f 860 861 862
f 862 861 863
f 862 863 864
f 864 863 865
f 864 865 866
f 866 865 867
f 866 867 868
f 868 867 869
f 868 869 870
f 870 869 871
f 870 871 872
f 872 871 873
f 872 873 874
f 874 873 875
f 874 875 876
f 876 875 877
f 876 877 878
f 535 536 600
f 600 536 842
f 600 842 861
f 861 842 845
f 861 845 863
f 863 845 847
f 863 847 865
f 865 847 849
f 865 849 867
f 867 849 851
f 867 851 869
f 869 851 853
f 869 853 871
f 871 853 855
f 871 855 873
f 873 855 857
f 873 857 875
f 875 857 859
f 875 859 877
f 726 878 727
f 727 878 877
f 727 877 823
f 823 877 859
f 823 859 825
f 825 859 858
f 825 858 827
f 827 858 856
f 827 856 829
f 829 856 854
f 829 854 831
f 831 854 852
f 831 852 833
f 833 852 850
f 833 850 835
f 835 850 848
f 835 848 837
f 837 848 846
f 837 846 839
f 839 846 843
f 839 843 841
f 841 843 497
f 841 497 467
f 73 74 768
f 768 74 75
f 768 75 702
f 702 75 879
f 702 879 706
f 61 59 604
f 604 59 735
f 604 735 602
f 602 735 736
f 602 736 732
f 732 736 738
f 732 738 726
f 726 738 740
f 726 740 878
f 878 740 742
f 878 742 876
f 876 742 744
f 876 744 874
f 874 744 746
f 874 746 872
f 872 746 688
f 872 688 870
f 870 688 686
f 870 686 868
f 868 686 684
f 868 684 866
f 866 684 682
f 866 682 864
f 864 682 680
f 864 680 862
f 862 680 613
f 862 613 860
f 860 613 612
f 860 612 667
f 667 612 611
f 667 611 665
f 665 611 674
f 665 674 676
f 676 674 701
f 676 701 622
f 622 701 627
f 622 627 620
f 620 627 629
f 880 881 882
f 883 884 885
f 885 884 886
f 885 886 887
f 881 888 882
f 882 888 889
f 882 889 886
f 886 889 890
f 886 890 887
f 891 892 893
f 893 892 894
f 893 894 895
f 896 897 898
f 898 897 899
f 898 899 900
f 901 902 903
f 903 902 904
f 903 904 899
f 899 904 905
f 899 905 900
f 906 907 908
f 908 907 909
f 908 909 882
f 882 909 910
f 882 910 880
f 911 912 913
f 913 912 914
f 913 914 893
f 893 914 915
f 893 915 891
f 896 916 897
f 897 916 917
f 897 917 913
f 913 917 918
f 913 918 911
f 901 903 919
f 919 903 920
f 919 920 921
f 922 923 924
f 883 925 884
f 884 925 926
f 884 926 927
f 927 926 928
f 927 928 929
f 894 930 895
f 895 930 931
f 895 931 908
f 908 931 932
f 908 932 906
f 933 934 935
f 935 934 936
f 935 936 937
f 938 927 937
f 937 927 929
f 937 929 935
f 938 939 927
f 927 939 940
f 927 940 920
f 920 940 941
f 920 941 921
f 922 924 942
f 933 943 934
f 934 943 944
f 934 944 945
f 945 944 946
f 945 946 947
f 946 948 947
f 947 948 949
f 947 949 950
f 950 949 951
f 950 951 924
f 924 951 952
f 924 952 942
f 953 954 955
f 879 75 8
f 715 714 956
f 416 422 957
f 958 959 960
f 961 962 963
f 964 965 966
f 966 965 967
f 961 968 962
f 962 968 969
f 962 969 970
f 970 969 971
f 970 971 972
f 973 974 975
f 975 974 976
f 975 976 963
f 963 976 977
f 963 977 961
f 427 426 978
f 979 980 981
f 979 981 982
f 982 663 662
f 983 984 985
f 985 984 986
f 411 410 985
f 985 410 420
f 985 420 983
f 983 420 419
f 983 419 417
f 960 92 20
f 20 19 960
f 960 19 986
f 960 986 958
f 958 986 984
f 715 956 716
f 714 710 956
f 956 710 987
f 956 987 988
f 710 709 987
f 987 709 708
f 987 708 989
f 989 708 707
f 989 707 706
f 7 989 8
f 8 989 706
f 8 706 879
f 988 987 990
f 990 987 989
f 990 989 991
f 991 989 7
f 991 7 85
f 982 662 979
f 979 662 713
f 979 713 712
f 992 980 955
f 955 980 979
f 955 979 953
f 953 979 712
f 953 712 711
f 19 17 986
f 986 17 16
f 986 16 985
f 985 16 28
f 985 28 411
f 978 993 427
f 427 993 973
f 427 973 407
f 407 973 975
f 407 975 408
f 408 975 421
f 85 92 991
f 991 92 960
f 991 960 990
f 990 960 959
f 990 959 988
f 988 959 954
f 988 954 956
f 956 954 953
f 956 953 716
f 716 953 711
f 422 421 957
f 957 421 975
f 957 975 994
f 994 975 963
f 994 963 995
f 995 963 962
f 995 962 996
f 996 962 970
f 996 970 966
f 966 970 972
f 966 972 964
f 417 416 983
f 983 416 957
f 983 957 984
f 984 957 994
f 984 994 958
f 958 994 995
f 958 995 959
f 959 995 996
f 959 996 954
f 954 996 966
f 954 966 955
f 955 966 967
f 955 967 992
f 997 998 999
f 1000 1001 1002
f 1002 1001 1003
f 1002 1003 1004
f 1000 1005 1001
f 1001 1005 1006
f 1001 1006 1007
f 1007 1006 1008
f 1007 1008 1009
f 1010 1011 1012
f 1012 1011 1013
f 1012 1013 1014
f 1014 1013 1015
f 1015 1016 1014
f 1014 1016 1017
f 1014 1017 1018
f 1018 1017 1019
f 1018 1019 1020
f 1020 1021 1018
f 1018 1021 1022
f 1018 1022 1003
f 1003 1022 1023
f 1003 1023 1004
f 1024 1025 1026
f 1010 1012 1027
f 1027 1012 1026
f 1027 1026 1028
f 1028 1026 1025
f 1028 1025 1029
f 155 159 1030
f 1030 159 1031
f 167 166 1032
f 1032 166 1033
f 159 161 1031
f 1031 161 164
f 1031 164 1032
f 1032 164 163
f 1032 163 167
f 128 1034 129
f 129 1034 1035
f 129 1035 168
f 172 1036 174
f 174 1036 1034
f 174 1034 175
f 175 1034 128
f 166 165 1033
f 1033 165 132
f 1033 132 1035
f 1035 132 131
f 1035 131 168
f 185 999 183
f 183 999 998
f 183 998 181
f 1037 1038 140
f 185 136 999
f 999 136 135
f 999 135 1038
f 1038 135 141
f 1038 141 140
f 150 1039 151
f 151 1039 1040
f 151 1040 145
f 145 1040 146
f 1041 1042 153
f 150 148 1039
f 1039 148 147
f 1039 147 1042
f 1042 147 154
f 1042 154 153
f 140 138 1037
f 1037 138 137
f 1037 137 1040
f 1040 137 142
f 1040 142 146
f 1043 1044 1036
f 1036 1044 1045
f 1036 1045 1034
f 1034 1045 1046
f 1034 1046 1035
f 1035 1046 1047
f 1035 1047 1033
f 1033 1047 1048
f 1033 1048 1032
f 1032 1048 1049
f 1032 1049 1031
f 1031 1049 1050
f 1031 1050 1030
f 1030 1050 1051
f 1030 1051 1041
f 1041 1051 1052
f 1041 1052 1042
f 1042 1052 1053
f 1042 1053 1039
f 1039 1053 1054
f 1039 1054 1040
f 1040 1054 1055
f 1040 1055 1037
f 1037 1055 1056
f 1037 1056 1038
f 1038 1056 1057
f 1038 1057 999
f 999 1057 1058
f 999 1058 997
f 1059 1060 1061
f 1061 1060 1062
f 1061 1062 1063
f 1064 1065 1066
f 1066 1065 1067
f 1067 1065 1068
f 1067 1068 1069
f 1069 1070 1067
f 1067 1070 1071
f 1067 1071 1061
f 1061 1071 1072
f 1061 1072 1059
f 1073 1074 1058
f 1058 1074 997
f 1075 1076 1077
f 1077 1076 1078
f 1077 1078 1066
f 1066 1078 1079
f 1066 1079 1064
f 1080 1081 1082
f 1082 1081 1083
f 1082 1083 1077
f 1077 1083 1084
f 1077 1084 1075
f 1080 1082 1085
f 1085 1082 1086
f 1085 1086 1087
f 1008 1088 1009
f 1009 1088 1089
f 1009 1089 1090
f 1090 1089 1091
f 1090 1091 1086
f 1086 1091 1092
f 1086 1092 1087
f 172 170 1036
f 1036 170 169
f 1036 169 1043
f 1043 169 180
f 1043 180 179
f 176 1093 177
f 177 1093 1094
f 177 1094 179
f 179 1094 1043
f 1043 1094 1095
f 1043 1095 1044
f 1044 1095 1096
f 153 157 1041
f 1041 157 156
f 1041 156 1030
f 1030 156 155
f 1096 1024 1044
f 1044 1024 1026
f 1044 1026 1045
f 1045 1026 1012
f 1045 1012 1046
f 1046 1012 1014
f 1046 1014 1047
f 1047 1014 1018
f 1047 1018 1048
f 1048 1018 1003
f 1048 1003 1049
f 1049 1003 1001
f 1049 1001 1050
f 1050 1001 1007
f 1050 1007 1051
f 1051 1007 1009
f 1051 1009 1052
f 1052 1009 1090
f 1052 1090 1053
f 1053 1090 1086
f 1053 1086 1054
f 1054 1086 1082
f 1054 1082 1055
f 1055 1082 1077
f 1055 1077 1056
f 1056 1077 1066
f 1056 1066 1057
f 1057 1066 1067
f 1057 1067 1058
f 1058 1067 1061
f 1058 1061 1073
f 1073 1061 1063
f 551 553 1097
f 399 397 1098
f 1099 1100 1101
f 1102 1103 1104
f 1102 1104 1099
f 1099 1104 1105
f 1099 1105 1100
f 1106 1107 1102
f 1102 1107 1108
f 1102 1108 1103
f 1109 1110 1106
f 1106 1110 1111
f 1106 1111 1107
f 1112 1113 1114
f 1114 1113 1115
f 1114 1115 1109
f 1109 1115 1116
f 1109 1116 1110
f 1098 397 1114
f 1114 397 396
f 1114 396 1112
f 399 1098 400
f 400 1098 1117
f 400 1117 380
f 380 1117 381
f 381 1117 1118
f 381 1118 395
f 1119 1120 1117
f 1120 1121 1117
f 1117 1121 1122
f 1117 1122 1118
f 1123 1097 1124
f 1125 580 1126
f 1126 580 579
f 1126 579 549
f 575 576 1127
f 1127 576 578
f 1127 578 1125
f 1125 578 581
f 1125 581 580
f 1024 1096 1128
f 176 544 1093
f 1093 544 1129
f 1093 1129 1094
f 1094 1129 1095
f 1130 567 1131
f 1131 567 566
f 1131 566 572
f 544 543 1129
f 1129 543 562
f 1129 562 1130
f 1130 562 564
f 1130 564 567
f 1096 1095 1128
f 1128 1095 1129
f 1128 1129 1132
f 1132 1129 1130
f 1132 1130 1133
f 1133 1130 1131
f 1133 1131 1134
f 1134 1131 1135
f 1134 1135 1136
f 1136 1135 1127
f 1136 1127 1137
f 1137 1127 1125
f 1137 1125 1123
f 1123 1125 1126
f 1123 1126 1097
f 1097 1126 549
f 1097 549 551
f 1025 1099 1101
f 1025 1101 1029
f 572 571 1131
f 1131 571 569
f 1131 569 1135
f 1135 569 568
f 1135 568 1127
f 1127 568 573
f 1127 573 575
f 1124 1119 1123
f 1123 1119 1117
f 1123 1117 1137
f 1137 1117 1098
f 1137 1098 1136
f 1136 1098 1114
f 1136 1114 1134
f 1134 1114 1109
f 1134 1109 1133
f 1133 1109 1106
f 1133 1106 1132
f 1132 1106 1102
f 1132 1102 1128
f 1128 1102 1099
f 1128 1099 1024
f 1024 1099 1025
f 1138 1139 1140
f 1140 1139 426
f 1141 1142 1143
f 1144 1145 1146
f 1146 1145 1147
f 1146 1147 1148
f 1148 1147 1149
f 1148 1149 1150
f 1151 1152 1146
f 1146 1152 1153
f 1146 1153 1144
f 1154 1155 1156
f 1156 1155 1157
f 1156 1157 1151
f 1151 1157 1158
f 1151 1158 1152
f 1154 1156 1159
f 1159 1156 1160
f 1159 1160 1161
f 1161 1160 1162
f 1161 1162 1163
f 1163 1162 1164
f 1164 1162 1165
f 1164 1165 1166
f 1167 1168 1169
f 1169 1168 1170
f 1169 1170 1165
f 1165 1170 1171
f 1165 1171 1166
f 1167 1169 1172
f 1172 1169 1062
f 1172 1062 1060
f 439 1173 434
f 434 1173 1174
f 1175 447 446
f 1175 446 1176
f 439 441 1173
f 1173 441 444
f 1173 444 1175
f 1175 444 443
f 1175 443 447
f 432 1177 433
f 433 1177 1178
f 433 1178 430
f 426 425 1140
f 1140 425 424
f 1140 424 1178
f 1178 424 428
f 1178 428 430
f 1176 1179 1175
f 1175 1179 1180
f 1175 1180 1173
f 1173 1180 1181
f 1173 1181 1174
f 1174 1181 1182
f 1174 1182 1177
f 1177 1182 1183
f 1177 1183 1178
f 1178 1183 1184
f 1178 1184 1140
f 1140 1184 1143
f 1140 1143 1138
f 1138 1143 1142
f 446 445 1176
f 1176 445 414
f 1176 414 413
f 1074 1179 997
f 997 1179 1176
f 997 1176 998
f 998 1176 413
f 998 413 181
f 1073 1063 1169
f 1169 1063 1062
f 432 438 1177
f 1177 438 437
f 1177 437 1174
f 1174 437 435
f 1174 435 434
f 1074 1073 1179
f 1179 1073 1169
f 1179 1169 1180
f 1180 1169 1165
f 1180 1165 1181
f 1181 1165 1162
f 1181 1162 1182
f 1182 1162 1160
f 1182 1160 1183
f 1183 1160 1156
f 1183 1156 1184
f 1184 1156 1151
f 1184 1151 1143
f 1143 1151 1146
f 1143 1146 1141
f 1141 1146 1148
f 491 470 1185
f 673 672 1186
f 472 534 844
f 1187 503 473
f 1188 1189 1190
f 1191 1192 1188
f 1193 1194 1189
f 1195 1196 1197
f 1198 1199 1200
f 1198 1200 1201
f 678 679 1202
f 1203 677 678
f 678 1202 1203
f 1203 1202 1204
f 1203 1204 1201
f 1197 1196 552
f 552 1196 1205
f 552 1205 553
f 1194 1206 1207
f 1206 1208 1207
f 1207 1208 1209
f 1207 1209 1210
f 1188 1192 1189
f 1189 1192 1211
f 1189 1211 1193
f 554 1212 555
f 555 1212 1197
f 555 1197 556
f 556 1197 552
f 1194 1207 1189
f 1189 1207 1213
f 1189 1213 1190
f 671 670 1214
f 1214 670 609
f 1214 609 1203
f 1203 609 608
f 1203 608 677
f 472 844 473
f 673 1186 666
f 668 666 1215
f 1215 666 1186
f 1215 1186 1216
f 1216 1186 1217
f 1216 1217 1190
f 1190 1217 1200
f 1190 1200 1188
f 1188 1200 1199
f 1188 1199 1191
f 1187 473 1218
f 1218 473 844
f 1218 844 669
f 1219 559 561
f 559 1219 560
f 560 1219 1220
f 560 1220 590
f 1185 470 1221
f 470 469 1221
f 1221 469 501
f 1221 501 1187
f 1187 501 500
f 1187 500 503
f 554 547 1212
f 1212 547 546
f 1212 546 1220
f 1220 546 557
f 1220 557 590
f 1219 1222 1220
f 1220 1222 1223
f 1220 1223 1212
f 1212 1223 1224
f 1212 1224 1197
f 1218 1225 1187
f 1187 1225 1226
f 1187 1226 1221
f 1221 1226 1222
f 1221 1222 1185
f 1185 1222 1219
f 1185 1219 491
f 491 1219 561
f 491 561 492
f 672 671 1186
f 1186 671 1214
f 1186 1214 1217
f 1217 1214 1203
f 1217 1203 1200
f 1200 1203 1201
f 669 668 1218
f 1218 668 1215
f 1218 1215 1225
f 1225 1215 1216
f 1225 1216 1226
f 1226 1216 1190
f 1226 1190 1222
f 1222 1190 1213
f 1222 1213 1223
f 1223 1213 1207
f 1223 1207 1224
f 1224 1207 1210
f 1224 1210 1197
f 1197 1210 1227
f 1197 1227 1195
f 937 936 1228
f 1229 1230 1231
f 1231 1232 1233
f 1233 1232 1234
f 1229 1231 1235
f 1235 1231 1233
f 1235 1233 1236
f 1236 1233 1228
f 1236 1228 1237
f 1237 1228 1238
f 1237 1238 1239
f 1240 1241 1242
f 1242 1241 1239
f 1242 1239 1243
f 1243 1239 1238
f 1243 1238 1244
f 1238 945 947
f 950 1245 947
f 947 1245 1246
f 947 1246 1238
f 1238 1246 1247
f 1238 1247 1244
f 1228 936 1238
f 1238 936 934
f 1238 934 945
f 1234 1248 1233
f 1233 1248 1249
f 1233 1249 1250
f 937 1228 938
f 938 1228 1233
f 938 1233 939
f 939 1233 1250
f 939 1250 940
f 639 645 1251
f 1252 1253 1254
f 1255 1256 679
f 1257 1258 1259
f 1260 1261 1262
f 1263 1264 1251
f 1260 1262 1265
f 1261 1266 1262
f 1262 1266 1267
f 1262 1267 1268
f 1268 1267 1269
f 1268 1269 1263
f 1270 1271 1272
f 1272 1271 1254
f 1272 1254 1273
f 1273 1254 1274
f 1270 1275 1271
f 1271 1275 1276
f 1271 1276 1277
f 1277 1276 1278
f 1278 1279 1277
f 1277 1279 1280
f 1277 1280 1259
f 1259 1280 1281
f 1259 1281 1257
f 1263 1251 1268
f 1268 1251 645
f 1268 645 644
f 1262 649 647
f 647 646 1262
f 1262 646 1259
f 1262 1259 1265
f 1265 1259 1258
f 644 642 1268
f 1268 642 641
f 1268 641 1262
f 1262 641 784
f 1262 784 649
f 1277 656 654
f 1277 654 1271
f 1271 654 653
f 1271 653 661
f 646 652 1259
f 1259 652 651
f 1259 651 1277
f 1277 651 657
f 1277 657 656
f 679 616 1255
f 1255 616 615
f 1255 615 1282
f 1282 615 619
f 1282 619 618
f 620 629 1283
f 633 631 1284
f 1284 631 630
f 1284 630 1285
f 629 628 1283
f 1283 628 626
f 1283 626 1284
f 1284 626 634
f 1284 634 633
f 623 621 1286
f 623 1286 624
f 1287 1288 1289
f 1289 1256 1287
f 1287 1256 1290
f 1290 1256 1255
f 1290 1255 1291
f 1292 1293 1283
f 1283 1293 1286
f 1283 1286 620
f 620 1286 621
f 1285 1294 1284
f 1284 1294 1295
f 1284 1295 1296
f 1296 1297 1284
f 1284 1297 1298
f 1284 1298 1283
f 1283 1298 1299
f 1283 1299 1292
f 1293 1300 1286
f 1286 1300 1301
f 1286 1301 1302
f 1303 1304 1282
f 618 624 1282
f 1282 624 1286
f 1282 1286 1303
f 1303 1286 1302
f 1304 1305 1282
f 1282 1305 1306
f 1282 1306 1255
f 1255 1306 1307
f 1255 1307 1291
f 661 660 1271
f 1271 660 659
f 1271 659 1254
f 1254 659 658
f 1254 658 1252
f 1252 658 664
f 1252 664 663
f 1308 1309 1253
f 1253 1309 1310
f 1253 1310 1254
f 1254 1310 1311
f 1254 1311 1274
f 630 635 1285
f 1285 635 637
f 1285 637 1251
f 1251 637 640
f 1251 640 639
f 1264 1312 1251
f 1251 1312 1313
f 1251 1313 1285
f 1285 1313 1314
f 1285 1314 1294
f 1315 923 922
f 1316 1317 1318
f 1318 1317 1315
f 1315 922 1318
f 1318 922 942
f 1318 942 952
f 1319 1320 1321
f 1321 1320 1322
f 1323 1319 1324
f 1324 1319 1321
f 1324 1321 1325
f 1325 1321 1326
f 1326 1321 1327
f 1327 1321 1328
f 1327 1328 1329
f 1330 1331 1329
f 1329 1331 1332
f 1329 1332 1327
f 1333 1334 1335
f 1335 1334 1336
f 1335 1336 1337
f 1335 1338 1333
f 1333 1338 1339
f 1333 1339 1340
f 1340 1339 1341
f 1342 1343 1344
f 944 943 1345
f 1345 943 933
f 1345 933 1346
f 1346 933 935
f 1346 935 1347
f 1347 935 929
f 1343 1348 1344
f 1344 1348 1349
f 1344 1349 1335
f 1335 1349 1350
f 1335 1350 1338
f 952 951 1318
f 1318 951 949
f 1318 949 1351
f 1351 949 948
f 1351 948 946
f 1322 1316 1321
f 1321 1316 1318
f 1321 1318 1328
f 1328 1318 1351
f 1328 1351 1345
f 1345 1351 946
f 1345 946 944
f 1346 1342 1345
f 1345 1342 1344
f 1345 1344 1328
f 1328 1344 1335
f 1328 1335 1329
f 1329 1335 1337
f 1329 1337 1330
f 1352 1353 907
f 1352 907 1354
f 1355 1354 907
f 1356 1355 907
f 1357 1356 907
f 1358 1357 907
f 1359 1360 1361
f 1362 1358 907
f 1363 1364 1365
f 1366 1367 1368
f 1369 1370 1371
f 1372 1373 1374
f 1375 1376 1377
f 1378 1379 1380
f 1381 1348 1343
f 1342 1346 1382
f 1382 1346 1347
f 1382 1347 929
f 1339 1338 1381
f 1338 1350 1381
f 1381 1350 1349
f 1381 1349 1348
f 1378 1341 1339
f 1378 1339 1379
f 1379 1339 1381
f 1379 1381 1380
f 1380 1381 1383
f 1380 1383 1384
f 1377 1376 1383
f 1383 1376 1385
f 1383 1385 1384
f 1375 1377 1386
f 1386 1377 1387
f 1386 1387 1388
f 1388 1387 1389
f 1388 1389 1390
f 1390 1389 1391
f 1390 1391 1392
f 1374 1373 1393
f 1393 1373 1394
f 1393 1394 1395
f 1395 1394 1396
f 1395 1396 1397
f 1398 1399 1359
f 1359 1399 1400
f 1359 1400 1360
f 1360 1400 1401
f 1360 1401 1402
f 1402 1401 1403
f 1402 1403 1404
f 1367 1366 1405
f 1406 1407 1368
f 1368 1407 1408
f 1368 1408 1366
f 1368 1409 1406
f 1406 1409 1365
f 1406 1365 1410
f 1410 1365 1364
f 1410 1364 1411
f 907 1412 909
f 909 1412 1413
f 909 1413 910
f 910 1413 1414
f 910 1414 880
f 880 1414 1415
f 880 1415 881
f 881 1415 1416
f 881 1416 888
f 888 1416 1417
f 888 1417 889
f 889 1417 1418
f 889 1418 890
f 890 1418 1419
f 890 1419 887
f 887 1419 1420
f 887 1420 885
f 885 1420 1421
f 885 1421 883
f 883 1421 1422
f 883 1422 925
f 925 1422 1423
f 925 1423 926
f 926 1423 1382
f 926 1382 928
f 928 1382 929
f 1366 1369 1405
f 1405 1369 1371
f 1405 1371 1424
f 1425 1361 1426
f 1426 1361 1360
f 1426 1360 1427
f 1427 1360 1402
f 1427 1402 1428
f 1428 1402 1404
f 1428 1404 1396
f 1396 1404 1429
f 1396 1429 1397
f 1362 1363 1358
f 1358 1363 1365
f 1358 1365 1357
f 1357 1365 1409
f 1357 1409 1356
f 1356 1409 1368
f 1356 1368 1355
f 1355 1368 1367
f 1355 1367 1354
f 1354 1367 1405
f 1354 1405 1352
f 1352 1405 1424
f 1352 1424 1353
f 907 1425 1430
f 1430 1425 1426
f 1430 1426 1431
f 1431 1426 1427
f 1431 1427 1432
f 1432 1427 1428
f 1432 1428 1433
f 1433 1428 1396
f 1433 1396 1434
f 1434 1396 1394
f 1434 1394 1435
f 1435 1394 1373
f 1435 1373 1436
f 1436 1373 1372
f 1436 1372 1391
f 1391 1372 1437
f 1391 1437 1392
f 907 1430 1412
f 1412 1430 1431
f 1412 1431 1413
f 1413 1431 1432
f 1413 1432 1414
f 1414 1432 1433
f 1414 1433 1415
f 1415 1433 1434
f 1415 1434 1416
f 1416 1434 1435
f 1416 1435 1417
f 1417 1435 1436
f 1417 1436 1418
f 1418 1436 1391
f 1418 1391 1419
f 1419 1391 1389
f 1419 1389 1420
f 1420 1389 1387
f 1420 1387 1421
f 1421 1387 1377
f 1421 1377 1422
f 1422 1377 1383
f 1422 1383 1423
f 1423 1383 1381
f 1423 1381 1382
f 1382 1381 1343
f 1382 1343 1342
f 1370 1398 1371
f 1371 1398 1359
f 1371 1359 1424
f 1424 1359 1361
f 1424 1361 1353
f 1353 1361 1425
f 1353 1425 907
f 913 1438 897
f 897 1438 1439
f 897 1439 899
f 899 1439 1440
f 899 1440 903
f 903 1440 1441
f 903 1441 920
f 920 1441 1442
f 920 1442 927
f 927 1442 1443
f 927 1443 884
f 884 1443 1444
f 884 1444 886
f 886 1444 1445
f 886 1445 882
f 882 1445 1446
f 882 1446 908
f 908 1446 1447
f 908 1447 895
f 895 1447 1448
f 895 1448 893
f 893 1448 1449
f 893 1449 913
f 913 1449 1438
f 1234 1232 1450
f 1451 1452 1453
f 1454 1455 1456
f 1457 1458 1459
f 1460 1461 1462
f 1461 907 906
f 1460 1462 1458
f 1463 1457 1464
f 1464 1465 1463
f 1463 1465 1466
f 1463 1466 1467
f 1467 1466 1468
f 1467 1468 1469
f 1469 1468 1456
f 1469 1456 1470
f 1470 1456 1455
f 1470 1455 1471
f 1454 1456 1472
f 1472 1456 1468
f 1472 1468 1452
f 1473 1474 1475
f 1476 1477 1478
f 1479 1480 1481
f 1481 1480 1482
f 1481 1476 1479
f 1479 1476 1478
f 1479 1478 1480
f 1480 1478 1483
f 1483 1478 1230
f 1230 1478 1484
f 1230 1484 1231
f 1250 1249 1485
f 1485 1249 1248
f 1475 1486 1473
f 1473 1486 1487
f 1473 1487 1488
f 1488 1487 1489
f 1488 1489 1490
f 1490 1489 1491
f 1490 1491 1492
f 1492 1491 1493
f 1492 1493 1494
f 1494 1493 1495
f 1494 1495 1496
f 1496 1495 1497
f 1496 1497 1498
f 1498 1497 1499
f 1498 1499 1500
f 1500 1499 1501
f 1500 1501 1502
f 1502 1501 1503
f 1502 1503 1504
f 1504 1503 1505
f 1504 1505 1506
f 1506 1505 1507
f 1506 1507 1508
f 1508 1507 1509
f 1508 1509 1510
f 1510 1509 1511
f 1510 1511 1512
f 1512 1511 1513
f 1512 1513 1514
f 1514 1513 1515
f 1514 1515 1516
f 1516 1515 1517
f 1516 1517 1518
f 1518 1517 1519
f 1518 1519 1520
f 1520 1519 1521
f 1520 1521 1522
f 1522 1521 1523
f 1522 1523 1524
f 1524 1523 1525
f 1524 1525 1526
f 1526 1525 1527
f 1526 1527 1528
f 1528 1527 1529
f 1528 1529 1530
f 1530 1529 1531
f 1530 1531 1532
f 1532 1531 1533
f 1532 1533 1534
f 1534 1533 1535
f 1534 1535 1536
f 1536 1535 1537
f 1536 1537 1538
f 1538 1537 1539
f 1538 1539 1453
f 1453 1539 1540
f 1453 1540 1451
f 1452 1468 1453
f 1453 1468 1466
f 1453 1466 1538
f 1538 1466 1465
f 1538 1465 1536
f 1536 1465 1464
f 1536 1464 1534
f 1534 1464 1541
f 1534 1541 1532
f 1532 1541 1542
f 1532 1542 1530
f 1530 1542 1543
f 1530 1543 1528
f 1528 1543 1544
f 1528 1544 1526
f 1526 1544 1545
f 1526 1545 1524
f 1524 1545 1546
f 1524 1546 1522
f 1522 1546 1547
f 1522 1547 1520
f 1520 1547 1548
f 1520 1548 1518
f 1518 1548 1549
f 1518 1549 1516
f 1516 1549 1550
f 1516 1550 1514
f 1514 1550 1551
f 1514 1551 1512
f 1512 1551 1552
f 1512 1552 1510
f 1510 1552 1553
f 1510 1553 1508
f 1508 1553 1554
f 1508 1554 1506
f 1506 1554 1555
f 1506 1555 1504
f 1504 1555 1556
f 1504 1556 1502
f 1502 1556 1557
f 1502 1557 1500
f 1500 1557 1558
f 1500 1558 1498
f 1498 1558 1559
f 1498 1559 1496
f 1496 1559 1560
f 1496 1560 1494
f 1494 1560 1561
f 1494 1561 1492
f 1492 1561 1562
f 1492 1562 1490
f 1490 1562 1484
f 1490 1484 1488
f 1488 1484 1478
f 1488 1478 1473
f 1473 1478 1477
f 1473 1477 1474
f 1457 1459 1464
f 1464 1459 1563
f 1464 1563 1541
f 1541 1563 1564
f 1541 1564 1542
f 1542 1564 1565
f 1542 1565 1543
f 1543 1565 1566
f 1543 1566 1544
f 1544 1566 1567
f 1544 1567 1545
f 1545 1567 1568
f 1545 1568 1546
f 1546 1568 1569
f 1546 1569 1547
f 1547 1569 1570
f 1547 1570 1548
f 1548 1570 1571
f 1548 1571 1549
f 1549 1571 1572
f 1549 1572 1550
f 1550 1572 1573
f 1550 1573 1551
f 1551 1573 1574
f 1551 1574 1552
f 1552 1574 1575
f 1552 1575 1553
f 1553 1575 1576
f 1553 1576 1554
f 1554 1576 1577
f 1554 1577 1555
f 1555 1577 1578
f 1555 1578 1556
f 1556 1578 1579
f 1556 1579 1557
f 1557 1579 1580
f 1557 1580 1558
f 1558 1580 1581
f 1558 1581 1559
f 1559 1581 1582
f 1559 1582 1560
f 1560 1582 1583
f 1560 1583 1561
f 1561 1583 1584
f 1561 1584 1562
f 1562 1584 1450
f 1562 1450 1484
f 1484 1450 1232
f 1484 1232 1231
f 1458 1462 1459
f 1459 1462 1585
f 1459 1585 1563
f 1563 1585 1586
f 1563 1586 1564
f 1564 1586 1587
f 1564 1587 1565
f 1565 1587 1588
f 1565 1588 1566
f 1566 1588 1589
f 1566 1589 1567
f 1567 1589 1590
f 1567 1590 1568
f 1568 1590 1591
f 1568 1591 1569
f 1569 1591 1592
f 1569 1592 1570
f 1570 1592 1593
f 1570 1593 1571
f 1571 1593 1594
f 1571 1594 1572
f 1572 1594 1595
f 1572 1595 1573
f 1573 1595 1596
f 1573 1596 1574
f 1574 1596 1597
f 1574 1597 1575
f 1575 1597 1598
f 1575 1598 1576
f 1576 1598 1599
f 1576 1599 1577
f 1577 1599 1600
f 1577 1600 1578
f 1578 1600 1601
f 1578 1601 1579
f 1579 1601 1602
f 1579 1602 1580
f 1580 1602 1603
f 1580 1603 1581
f 1581 1603 1604
f 1581 1604 1582
f 1582 1604 1605
f 1582 1605 1583
f 1583 1605 1606
f 1583 1606 1584
f 1584 1606 1485
f 1584 1485 1450
f 1450 1485 1248
f 1450 1248 1234
f 1461 906 1462
f 1462 906 932
f 1462 932 1585
f 1585 932 931
f 1585 931 1586
f 1586 931 930
f 1586 930 1587
f 1587 930 894
f 1587 894 1588
f 1588 894 892
f 1588 892 1589
f 1589 892 891
f 1589 891 1590
f 1590 891 915
f 1590 915 1591
f 1591 915 914
f 1591 914 1592
f 1592 914 912
f 1592 912 1593
f 1593 912 911
f 1593 911 1594
f 1594 911 918
f 1594 918 1595
f 1595 918 917
f 1595 917 1596
f 1596 917 916
f 1596 916 1597
f 1597 916 896
f 1597 896 1598
f 1598 896 898
f 1598 898 1599
f 1599 898 900
f 1599 900 1600
f 1600 900 905
f 1600 905 1601
f 1601 905 904
f 1601 904 1602
f 1602 904 902
f 1602 902 1603
f 1603 902 901
f 1603 901 1604
f 1604 901 919
f 1604 919 1605
f 1605 919 921
f 1605 921 1606
f 1606 921 941
f 1606 941 1485
f 1485 941 940
f 1485 940 1250
f 971 969 1607
f 1141 1148 1608
f 1609 1610 1611
f 1612 1613 1614
f 1615 1616 1617
f 1617 1616 1618
f 1618 1619 1617
f 1617 1619 1620
f 1617 1620 1621
f 1621 1620 1622
f 1623 1624 1625
f 1625 1624 1626
f 1625 1626 1617
f 1617 1626 1627
f 1617 1627 1615
f 1628 1629 1608
f 1608 1629 1630
f 1608 1630 1625
f 1625 1630 1631
f 1625 1631 1623
f 1148 1150 1632
f 1628 1608 1632
f 1632 1608 1148
f 1633 1634 1635
f 993 1634 973
f 973 1634 1633
f 973 1633 974
f 974 1633 976
f 969 968 1607
f 1607 968 961
f 1607 961 1633
f 1633 961 977
f 1633 977 976
f 663 982 1636
f 967 965 1637
f 1637 965 964
f 1637 964 972
f 980 992 1614
f 982 981 1636
f 1636 981 980
f 992 967 1614
f 1614 967 1637
f 1614 1637 1612
f 1612 1637 1638
f 1639 1640 1641
f 1641 1640 1642
f 663 1636 1252
f 1252 1636 1640
f 1252 1640 1253
f 1253 1640 1639
f 1253 1639 1308
f 1622 1643 1621
f 1621 1643 1644
f 1621 1644 1611
f 1611 1644 1645
f 1611 1645 1609
f 980 1614 1636
f 1636 1614 1613
f 1636 1613 1640
f 1640 1613 1646
f 1640 1646 1642
f 426 1139 978
f 978 1139 993
f 993 1139 1634
f 1634 1139 1138
f 1634 1138 1635
f 1635 1138 1142
f 972 971 1637
f 1637 971 1607
f 1637 1607 1638
f 1638 1607 1633
f 1638 1633 1647
f 1647 1633 1635
f 1142 1141 1635
f 1635 1141 1608
f 1635 1608 1647
f 1647 1608 1625
f 1647 1625 1638
f 1638 1625 1617
f 1638 1617 1612
f 1612 1617 1621
f 1612 1621 1613
f 1613 1621 1611
f 1613 1611 1646
f 1646 1611 1610
f 396 1648 1112
f 1112 1648 1649
f 1112 1649 1113
f 1113 1649 1115
f 1115 1649 1650
f 1115 1650 1116
f 1650 1651 1116
f 1116 1651 1652
f 1116 1652 1110
f 1110 1652 1653
f 1110 1653 1111
f 1111 1653 1107
f 1107 1653 1654
f 1107 1654 1108
f 1108 1654 1655
f 1108 1655 1103
f 1103 1655 1104
f 1104 1655 1656
f 1104 1656 1105
f 1656 1657 1105
f 1105 1657 1658
f 1105 1658 1100
f 1100 1658 1101
f 1101 1658 1029
f 1029 1658 1659
f 1029 1659 1028
f 1028 1659 1660
f 1028 1660 1027
f 1027 1660 1010
f 1010 1660 1661
f 1010 1661 1662
f 1663 1015 1664
f 1664 1015 1013
f 1664 1013 1662
f 1662 1013 1011
f 1662 1011 1010
f 1019 1017 1663
f 1663 1017 1016
f 1663 1016 1015
f 1663 1665 1019
f 1019 1665 1666
f 1019 1666 1020
f 1020 1666 1667
f 1020 1667 1021
f 1021 1667 1668
f 1669 1670 1006
f 1006 1005 1669
f 1669 1005 1000
f 1669 1000 1671
f 1671 1000 1002
f 1671 1002 1672
f 1672 1002 1004
f 1672 1004 1673
f 1673 1004 1023
f 1673 1023 1668
f 1668 1023 1022
f 1668 1022 1021
f 1670 1674 1006
f 1006 1674 1675
f 1006 1675 1008
f 1008 1675 1088
f 1088 1675 1676
f 1088 1676 1089
f 1676 1677 1089
f 1089 1677 1678
f 1089 1678 1091
f 1091 1678 1679
f 1091 1679 1092
f 1680 1087 1681
f 1681 1087 1092
f 1681 1092 1682
f 1682 1092 1679
f 1084 1083 1683
f 1683 1083 1081
f 1683 1081 1684
f 1684 1081 1080
f 1684 1080 1680
f 1680 1080 1085
f 1680 1085 1087
f 1683 1685 1084
f 1084 1685 1686
f 1084 1686 1075
f 1075 1686 1687
f 1075 1687 1076
f 1076 1687 1078
f 1078 1687 1688
f 1078 1688 1079
f 1079 1688 1689
f 1079 1689 1064
f 1690 1070 1069
f 1689 1691 1064
f 1064 1691 1692
f 1064 1692 1065
f 1065 1692 1690
f 1065 1690 1068
f 1068 1690 1069
f 1690 1693 1070
f 1070 1693 1694
f 1070 1694 1071
f 1695 1168 1167
f 1167 1172 1695
f 1695 1172 1060
f 1695 1060 1696
f 1696 1060 1059
f 1696 1059 1694
f 1694 1059 1072
f 1694 1072 1071
f 1695 1697 1168
f 1168 1697 1698
f 1168 1698 1170
f 1170 1698 1699
f 1164 1166 1699
f 1699 1166 1171
f 1699 1171 1170
f 1699 1700 1164
f 1164 1700 1701
f 1164 1701 1163
f 1163 1701 1702
f 1163 1702 1161
f 1161 1702 1703
f 1161 1703 1159
f 1159 1703 1154
f 1703 1704 1154
f 1154 1704 1705
f 1154 1705 1155
f 1155 1705 1706
f 1155 1706 1157
f 1157 1706 1707
f 1157 1707 1158
f 1158 1707 1152
f 1708 1709 1710
f 1097 553 1205
f 1124 1097 1711
f 1118 1122 1710
f 1710 1122 1121
f 1710 1121 1712
f 1712 1121 1120
f 1712 1120 1711
f 1711 1120 1119
f 1711 1119 1124
f 1709 1713 1710
f 1710 1713 1714
f 1710 1714 1118
f 1118 1714 1715
f 1118 1715 395
f 1708 1716 1717
f 1717 1716 1718
f 1719 1720 1721
f 1721 1720 1722
f 1723 1724 1725
f 1724 1723 1726
f 1726 1723 1727
f 1726 1727 1728
f 1729 1730 1731
f 1731 1730 1732
f 1731 1732 1727
f 1727 1732 1733
f 1727 1733 1728
f 1734 1735 1736
f 1736 1735 1289
f 1736 1289 1288
f 1734 1737 1735
f 1735 1737 1738
f 1735 1738 1731
f 1731 1738 1739
f 1731 1739 1729
f 1193 1740 1194
f 1194 1740 1741
f 1742 1743 1740
f 1740 1743 1744
f 1740 1744 1741
f 1741 1744 1745
f 1742 1199 1743
f 1743 1199 1198
f 1743 1198 1746
f 1746 1198 1201
f 1193 1211 1740
f 1740 1211 1192
f 1740 1192 1742
f 1742 1192 1191
f 1742 1191 1199
f 1196 1711 1205
f 1205 1711 1097
f 1708 1710 1716
f 1716 1710 1712
f 1716 1712 1747
f 1747 1712 1711
f 1747 1711 1748
f 1748 1711 1196
f 1748 1196 1195
f 679 1256 1202
f 1202 1256 1746
f 1202 1746 1204
f 1204 1746 1201
f 1209 1208 1741
f 1741 1208 1206
f 1741 1206 1194
f 1195 1227 1748
f 1748 1227 1210
f 1748 1210 1209
f 1209 1741 1748
f 1748 1741 1745
f 1748 1745 1747
f 1747 1745 1720
f 1747 1720 1716
f 1716 1720 1719
f 1716 1719 1718
f 1256 1289 1746
f 1746 1289 1735
f 1746 1735 1743
f 1743 1735 1731
f 1743 1731 1744
f 1744 1731 1727
f 1744 1727 1745
f 1745 1727 1723
f 1745 1723 1720
f 1720 1723 1725
f 1720 1725 1722
f 1749 1240 1242
f 1644 1643 1750
f 1644 1750 1645
f 1751 1752 1308
f 1308 1639 1751
f 1751 1639 1641
f 1751 1641 1753
f 1753 1641 1642
f 1753 1642 1754
f 1754 1642 1646
f 1754 1646 1755
f 1755 1646 1610
f 1755 1610 1750
f 1750 1610 1609
f 1750 1609 1645
f 1752 1756 1308
f 1308 1756 1757
f 1308 1757 1309
f 1309 1757 1758
f 1309 1758 1310
f 1310 1758 1311
f 1759 1278 1760
f 1760 1278 1276
f 1311 1758 1274
f 1274 1758 1761
f 1274 1761 1273
f 1273 1761 1762
f 1273 1762 1272
f 1272 1762 1763
f 1272 1763 1270
f 1270 1763 1764
f 1270 1764 1275
f 1275 1764 1765
f 1275 1765 1276
f 1276 1765 1766
f 1276 1766 1760
f 1767 1281 1768
f 1768 1281 1280
f 1768 1280 1759
f 1759 1280 1279
f 1759 1279 1278
f 1267 1266 1244
f 1244 1266 1261
f 1244 1261 1243
f 1243 1261 1260
f 1243 1260 1242
f 1242 1260 1265
f 1242 1265 1749
f 1749 1265 1258
f 1749 1258 1767
f 1767 1258 1257
f 1767 1257 1281
f 1244 1247 1267
f 1267 1247 1246
f 1267 1246 1269
f 1269 1246 1245
f 1269 1245 1263
f 1263 1245 1264
f 924 1312 1264
f 923 1314 1313
f 1315 1295 923
f 923 1295 1294
f 923 1294 1314
f 1315 1317 1295
f 1295 1317 1316
f 1295 1316 1296
f 1296 1316 1297
f 1297 1316 1322
f 1297 1322 1298
f 1319 1323 1769
f 1322 1320 1298
f 1298 1320 1319
f 1298 1319 1299
f 1299 1319 1769
f 1299 1769 1292
f 1292 1769 1293
f 1293 1769 1770
f 1293 1770 1771
f 1305 1304 1772
f 1772 1304 1303
f 1772 1303 1773
f 1773 1303 1302
f 1773 1302 1774
f 1774 1302 1301
f 1774 1301 1771
f 1771 1301 1300
f 1771 1300 1293
f 1772 1775 1305
f 1305 1775 1776
f 1305 1776 1306
f 1306 1776 1777
f 1306 1777 1307
f 1777 1778 1307
f 1307 1778 1779
f 1307 1779 1291
f 1780 1288 1781
f 1781 1288 1287
f 1781 1287 1779
f 1779 1287 1290
f 1779 1290 1291
f 1780 1782 1288
f 1288 1782 1783
f 1288 1783 1736
f 1736 1783 1784
f 1736 1784 1734
f 1734 1784 1785
f 1734 1785 1737
f 1737 1785 1786
f 1737 1786 1738
f 1738 1786 1787
f 1738 1787 1739
f 1739 1787 1788
f 1739 1788 1729
f 1732 1730 1789
f 1729 1788 1730
f 1730 1788 1790
f 1730 1790 1789
f 1732 1789 1733
f 1733 1789 1791
f 1733 1791 1728
f 1792 1725 1724
f 1791 1793 1728
f 1728 1793 1792
f 1728 1792 1726
f 1726 1792 1724
f 1264 1245 924
f 924 1245 950
f 1313 1312 923
f 923 1312 924
f 1794 1795 1327
f 1769 1323 1796
f 1796 1323 1324
f 1796 1324 1797
f 1797 1324 1798
f 1798 1324 1799
f 1799 1324 1325
f 1799 1325 1795
f 1795 1325 1326
f 1795 1326 1327
f 1800 1334 1333
f 1327 1332 1794
f 1794 1332 1331
f 1794 1331 1801
f 1801 1331 1330
f 1801 1330 1802
f 1802 1330 1337
f 1802 1337 1800
f 1800 1337 1336
f 1800 1336 1334
f 1333 1340 1800
f 1800 1340 1341
f 1800 1341 1803
f 1803 1341 1378
f 1803 1378 1804
f 1804 1378 1380
f 1804 1380 1805
f 1408 1407 1806
f 1807 1808 1403
f 1403 1808 1404
f 1407 1406 1806
f 1806 1406 1410
f 1806 1410 1411
f 1380 1384 1805
f 1805 1384 1385
f 1805 1385 1809
f 1809 1385 1376
f 1809 1376 1810
f 1810 1376 1375
f 1810 1375 1811
f 1811 1375 1386
f 1811 1386 1812
f 1812 1386 1388
f 1812 1388 1813
f 1813 1388 1390
f 1813 1390 1814
f 1814 1390 1392
f 1814 1392 1815
f 1815 1392 1437
f 1815 1437 1816
f 1816 1437 1372
f 1816 1372 1817
f 1817 1372 1374
f 1817 1374 1818
f 1818 1374 1393
f 1818 1393 1819
f 1819 1393 1395
f 1819 1395 1820
f 1820 1395 1397
f 1820 1397 1821
f 1821 1397 1429
f 1821 1429 1822
f 1822 1429 1404
f 1822 1404 1823
f 1823 1404 1808
f 1403 1401 1807
f 1807 1401 1400
f 1807 1400 1824
f 1824 1400 1399
f 1824 1399 1825
f 1825 1399 1826
f 1399 1398 1826
f 1826 1398 1370
f 1826 1370 1827
f 1827 1370 1369
f 1827 1369 1806
f 1806 1369 1366
f 1806 1366 1408
f 1363 1828 1364
f 1364 1828 1829
f 1364 1829 1830
f 1806 1411 1831
f 1831 1411 1364
f 1831 1364 1832
f 1832 1364 1830
f 1833 1834 907
f 907 1834 1835
f 1835 1836 907
f 907 1836 1837
f 907 1837 1362
f 1837 1838 1362
f 1362 1838 1839
f 1362 1839 1363
f 1363 1839 1840
f 1363 1840 1828
f 1841 1461 1842
f 1842 1461 1460
f 1841 1843 1461
f 1461 1843 1844
f 1461 1844 907
f 907 1844 1845
f 907 1845 1833
f 1846 1458 1847
f 1847 1458 1457
f 1847 1457 1848
f 1846 1849 1458
f 1458 1849 1850
f 1458 1850 1460
f 1460 1850 1851
f 1460 1851 1842
f 1848 1457 1463
f 1848 1463 1852
f 1852 1463 1467
f 1852 1467 1853
f 1853 1467 1854
f 1854 1467 1469
f 1854 1469 1855
f 1856 1857 1470
f 1470 1857 1858
f 1470 1858 1469
f 1469 1858 1859
f 1469 1859 1855
f 1856 1470 1860
f 1860 1470 1471
f 1860 1471 1861
f 1862 1451 1863
f 1863 1451 1540
f 1863 1540 1539
f 1861 1471 1864
f 1864 1471 1455
f 1864 1455 1865
f 1865 1455 1454
f 1865 1454 1866
f 1866 1454 1472
f 1866 1472 1862
f 1862 1472 1452
f 1862 1452 1451
f 1475 1539 1537
f 1475 1867 1868
f 1869 1870 1539
f 1515 1438 1517
f 1517 1438 1449
f 1517 1449 1519
f 1519 1449 1521
f 1447 1446 1533
f 1509 1439 1511
f 1511 1439 1438
f 1511 1438 1513
f 1513 1438 1515
f 1869 1539 1871
f 1446 1445 1533
f 1533 1445 1475
f 1533 1475 1535
f 1535 1475 1537
f 1445 1444 1475
f 1475 1444 1443
f 1475 1443 1486
f 1486 1443 1442
f 1486 1442 1487
f 1487 1442 1489
f 1868 1872 1475
f 1475 1872 1873
f 1475 1873 1539
f 1539 1873 1874
f 1539 1874 1871
f 1875 1870 1876
f 1876 1870 1877
f 1876 1877 1878
f 1875 1879 1870
f 1870 1879 1880
f 1870 1880 1539
f 1539 1880 1881
f 1539 1881 1863
f 1448 1525 1449
f 1449 1525 1523
f 1449 1523 1521
f 1533 1531 1447
f 1447 1531 1529
f 1447 1529 1448
f 1448 1529 1527
f 1448 1527 1525
f 1501 1499 1440
f 1440 1499 1497
f 1440 1497 1441
f 1509 1507 1439
f 1439 1507 1505
f 1439 1505 1440
f 1440 1505 1503
f 1440 1503 1501
f 1870 1882 1883
f 1870 1883 1877
f 1877 1883 1884
f 1877 1884 1885
f 1497 1495 1441
f 1441 1495 1493
f 1441 1493 1442
f 1442 1493 1491
f 1442 1491 1489
f 1475 1474 1867
f 1867 1474 1477
f 1867 1477 1886
f 1886 1477 1476
f 1886 1476 1887
f 1887 1476 1481
f 1887 1481 1888
f 1888 1481 1482
f 1888 1482 1889
f 1890 1889 1482
f 1241 1482 1239
f 1239 1482 1480
f 1239 1480 1237
f 1230 1229 1483
f 1483 1229 1235
f 1483 1235 1480
f 1480 1235 1236
f 1480 1236 1237
f 1891 1892 1240
f 1240 1892 1893
f 1240 1893 1241
f 1241 1893 1894
f 1241 1894 1482
f 1482 1894 1895
f 1482 1895 1890
f 1896 1240 1897
f 1897 1240 1749
f 1896 1898 1240
f 1240 1898 1899
f 1240 1899 1891
f 1900 1901 1902
f 1892 1891 1903
f 1899 1898 1904
f 1755 1750 1905
f 1905 1750 1643
f 1906 1905 1907
f 1907 1905 1643
f 1907 1643 1622
f 1898 1896 1767
f 1767 1896 1897
f 1767 1897 1749
f 1892 1903 1893
f 1908 1895 1909
f 1909 1895 1894
f 1910 1911 1909
f 1909 1911 1912
f 1909 1912 1908
f 1901 1913 1902
f 1902 1913 1914
f 1902 1914 1910
f 1910 1914 1915
f 1910 1915 1911
f 1900 1902 1916
f 1916 1902 1917
f 1916 1917 1918
f 1918 1917 1919
f 1919 1917 1920
f 1919 1920 1921
f 1922 1923 1924
f 1924 1923 1925
f 1924 1925 1920
f 1920 1925 1926
f 1920 1926 1921
f 1927 1928 1929
f 1929 1928 1930
f 1929 1930 1924
f 1924 1930 1931
f 1924 1931 1922
f 1932 1933 1929
f 1934 1927 1935
f 1935 1927 1929
f 1935 1929 1936
f 1936 1929 1933
f 1906 1937 1938
f 1938 1937 1932
f 1939 1761 1940
f 1940 1761 1758
f 1940 1758 1757
f 1755 1905 1754
f 1754 1905 1941
f 1754 1941 1753
f 1757 1756 1940
f 1940 1756 1752
f 1940 1752 1941
f 1941 1752 1751
f 1941 1751 1753
f 1765 1942 1766
f 1766 1942 1943
f 1766 1943 1760
f 1898 1767 1904
f 1904 1767 1768
f 1904 1768 1943
f 1943 1768 1759
f 1943 1759 1760
f 1905 1906 1938
f 1905 1938 1941
f 1941 1938 1944
f 1941 1944 1940
f 1940 1944 1945
f 1940 1945 1939
f 1939 1945 1946
f 1939 1946 1942
f 1942 1946 1947
f 1942 1947 1943
f 1943 1947 1948
f 1943 1948 1904
f 1904 1948 1903
f 1904 1903 1899
f 1899 1903 1891
f 1765 1764 1942
f 1942 1764 1763
f 1942 1763 1939
f 1939 1763 1762
f 1939 1762 1761
f 1938 1932 1929
f 1938 1929 1944
f 1944 1929 1924
f 1944 1924 1945
f 1945 1924 1920
f 1945 1920 1946
f 1946 1920 1917
f 1946 1917 1947
f 1947 1917 1902
f 1947 1902 1948
f 1948 1902 1910
f 1948 1910 1903
f 1903 1910 1909
f 1903 1909 1893
f 1893 1909 1894
f 1949 1950 1951
f 1952 1953 1951
f 1954 1955 1956
f 1628 1957 1958
f 1957 1628 1632
f 1957 1632 1150
f 1631 1630 1959
f 1959 1630 1629
f 1953 1624 1623
f 1624 1953 1626
f 1626 1953 1952
f 1626 1952 1627
f 1619 1618 1952
f 1952 1906 1907
f 1907 1622 1952
f 1952 1622 1620
f 1952 1620 1619
f 1618 1616 1952
f 1952 1616 1615
f 1952 1615 1627
f 1960 1932 1937
f 1932 1960 1933
f 1933 1960 1956
f 1933 1956 1936
f 1955 1961 1956
f 1956 1961 1962
f 1956 1962 1936
f 1936 1962 1963
f 1936 1963 1935
f 1935 1963 1934
f 1950 1964 1965
f 1964 1950 1966
f 1966 1950 1949
f 1966 1949 1967
f 1968 1969 1949
f 1949 1969 1970
f 1949 1970 1967
f 1971 1972 1973
f 1973 1972 1974
f 1968 1949 1972
f 1972 1949 1975
f 1972 1975 1974
f 1965 1954 1950
f 1950 1954 1956
f 1950 1956 1951
f 1951 1956 1960
f 1951 1960 1952
f 1952 1960 1937
f 1952 1937 1906
f 1629 1628 1959
f 1959 1628 1958
f 1959 1958 1976
f 1976 1958 1977
f 1976 1977 1978
f 1623 1631 1953
f 1953 1631 1959
f 1953 1959 1951
f 1951 1959 1976
f 1951 1976 1949
f 1949 1976 1978
f 1949 1978 1975
f 1979 1971 1973
f 1152 1980 1153
f 1153 1980 1981
f 1153 1981 1144
f 1144 1982 1145
f 1145 1982 1147
f 1147 1982 1149
f 1149 1982 1957
f 1149 1957 1150
f 1975 1978 1983
f 1983 1978 1977
f 1983 1977 1984
f 1984 1977 1958
f 1984 1958 1982
f 1982 1958 1957
f 1985 1979 1986
f 1986 1979 1973
f 1986 1973 1983
f 1983 1973 1974
f 1983 1974 1975
f 1987 1988 1989
f 1989 1988 1990
f 1991 1987 1992
f 1992 1987 1989
f 1992 1989 1993
f 1993 1989 1994
f 1995 1996 1994
f 1994 1996 1997
f 1994 1997 1993
f 1980 1998 1981
f 1981 1998 1999
f 1981 1999 1995
f 1995 1999 2000
f 1995 2000 1996
f 1144 1981 1982
f 1982 1981 1995
f 1982 1995 1984
f 1984 1995 1994
f 1984 1994 1983
f 1983 1994 1989
f 1983 1989 1986
f 1986 1989 1990
f 1986 1990 1985
f 1997 1996 2001
f 1691 1689 2002
f 1664 1662 2003
f 2004 2005 2006
f 2007 2008 2009
f 2010 2011 2012
f 2013 2014 2015
f 2016 2017 2018
f 1991 1992 2019
f 2019 1992 2020
f 2021 2022 2020
f 2020 2022 2023
f 2020 2023 2019
f 2017 2024 2018
f 2018 2024 2025
f 2018 2025 2021
f 2021 2025 2026
f 2021 2026 2027
f 2027 2028 2021
f 2021 2028 2029
f 2021 2029 2022
f 2016 2018 2030
f 2030 2018 2031
f 2030 2031 2032
f 2033 2034 2035
f 2035 2034 2036
f 2035 2036 2031
f 2031 2036 2037
f 2031 2037 2032
f 2014 2038 2015
f 2015 2038 2039
f 2015 2039 2035
f 2035 2039 2040
f 2035 2040 2033
f 2011 2041 2012
f 2012 2041 2042
f 2012 2042 2015
f 2015 2042 2043
f 2015 2043 2013
f 2044 2045 2046
f 2046 2045 2047
f 2047 2048 2046
f 2046 2048 2049
f 2046 2049 2012
f 2012 2049 2050
f 2012 2050 2010
f 2051 2052 2053
f 2053 2054 2051
f 2051 2054 2055
f 2051 2055 2056
f 2056 2057 2051
f 2051 2057 2058
f 2051 2058 2046
f 2046 2058 2059
f 2046 2059 2044
f 2008 2060 2009
f 2009 2060 2061
f 2009 2061 2062
f 2063 2064 2051
f 2063 2051 2065
f 2062 2066 2009
f 2009 2066 2067
f 2009 2067 2051
f 2051 2067 2068
f 2051 2068 2065
f 2064 2069 2051
f 2051 2069 2070
f 2051 2070 2052
f 2071 2072 2073
f 2073 2074 2071
f 2071 2074 2075
f 2071 2075 2009
f 2009 2075 2076
f 2009 2076 2007
f 2005 2077 2006
f 2006 2077 2078
f 2006 2078 2071
f 2071 2078 2079
f 2071 2079 2072
f 2080 2081 2082
f 2082 2081 2083
f 2082 2083 2006
f 2006 2083 2084
f 2006 2084 2004
f 2085 2086 2087
f 2087 2086 2088
f 2087 2088 2082
f 2082 2088 2089
f 2082 2089 2080
f 2090 2091 2087
f 2087 2091 2092
f 2087 2092 2085
f 2093 2094 2090
f 2090 2094 2095
f 2090 2095 2091
f 2093 2090 2096
f 2096 2090 2097
f 2096 2097 2098
f 2099 2100 2101
f 2101 2100 2102
f 2101 2102 2097
f 2097 2102 2103
f 2097 2103 2098
f 373 372 2104
f 2099 2101 2104
f 2104 2101 373
f 2101 375 374
f 2101 374 373
f 377 1649 398
f 398 1649 1648
f 398 1648 396
f 1652 1651 2105
f 2105 1651 1650
f 2105 1650 2106
f 2106 1650 1649
f 2106 1649 402
f 402 1649 377
f 1652 2105 1653
f 1653 2105 2107
f 1653 2107 1654
f 1658 1657 2108
f 2108 1657 1656
f 2108 1656 2107
f 2107 1656 1655
f 2107 1655 1654
f 1662 1661 2003
f 2003 1661 1660
f 2003 1660 2108
f 2108 1660 1659
f 2108 1659 1658
f 2109 1666 1665
f 2109 1665 2003
f 2003 1665 1663
f 2003 1663 1664
f 1672 1673 2110
f 2110 1673 1668
f 2110 1668 2109
f 2109 1668 1667
f 2109 1667 1666
f 1674 1670 2111
f 2111 1670 1669
f 2111 1669 2110
f 2110 1669 1671
f 2110 1671 1672
f 1678 1677 2112
f 2112 1677 1676
f 2112 1676 2111
f 2111 1676 1675
f 2111 1675 1674
f 2113 1681 1682
f 2113 1682 2112
f 2112 1682 1679
f 2112 1679 1678
f 1685 1683 2114
f 2114 1683 1684
f 2114 1684 2113
f 2113 1684 1680
f 2113 1680 1681
f 1689 1688 2002
f 2002 1688 1687
f 2002 1687 2114
f 2114 1687 1686
f 2114 1686 1685
f 1694 1693 2115
f 2115 1693 1690
f 2115 1690 2002
f 2002 1690 1692
f 2002 1692 1691
f 1698 1697 2116
f 2116 1697 1695
f 2116 1695 2115
f 2115 1695 1696
f 2115 1696 1694
f 1698 2116 1699
f 1699 2116 2117
f 1699 2117 1700
f 2118 1705 1704
f 1704 1703 2118
f 2118 1703 1702
f 2118 1702 2117
f 2117 1702 1701
f 2117 1701 1700
f 1705 2118 1706
f 1706 2118 2119
f 1706 2119 1707
f 1707 2119 1980
f 1707 1980 1152
f 2000 1999 2119
f 2119 1999 1998
f 2119 1998 1980
f 1997 2001 1993
f 402 401 2106
f 2106 401 2120
f 2106 2120 2105
f 2105 2120 2121
f 2105 2121 2107
f 2107 2121 2122
f 2107 2122 2108
f 2108 2122 2123
f 2108 2123 2003
f 2003 2123 2124
f 2003 2124 2109
f 2109 2124 2125
f 2109 2125 2110
f 2110 2125 2126
f 2110 2126 2111
f 2111 2126 2127
f 2111 2127 2112
f 2112 2127 2128
f 2112 2128 2113
f 2113 2128 2129
f 2113 2129 2114
f 2114 2129 2130
f 2114 2130 2002
f 2002 2130 2131
f 2002 2131 2115
f 2115 2131 2132
f 2115 2132 2116
f 2116 2132 2133
f 2116 2133 2117
f 2117 2133 2134
f 2117 2134 2118
f 2118 2134 2135
f 2118 2135 2119
f 2119 2135 2001
f 2119 2001 2000
f 2000 2001 1996
f 401 375 2120
f 2120 375 2101
f 2120 2101 2121
f 2121 2101 2097
f 2121 2097 2122
f 2122 2097 2090
f 2122 2090 2123
f 2123 2090 2087
f 2123 2087 2124
f 2124 2087 2082
f 2124 2082 2125
f 2125 2082 2006
f 2125 2006 2126
f 2126 2006 2071
f 2126 2071 2127
f 2127 2071 2009
f 2127 2009 2128
f 2128 2009 2051
f 2128 2051 2129
f 2129 2051 2046
f 2129 2046 2130
f 2130 2046 2012
f 2130 2012 2131
f 2131 2012 2015
f 2131 2015 2132
f 2132 2015 2035
f 2132 2035 2133
f 2133 2035 2031
f 2133 2031 2134
f 2134 2031 2018
f 2134 2018 2135
f 2135 2018 2021
f 2135 2021 2001
f 2001 2021 2020
f 2001 2020 1993
f 1993 2020 1992
f 2136 2137 2138
f 1718 1719 2139
f 2139 1719 1721
f 2139 1721 1722
f 2138 2140 2141
f 2141 2140 1708
f 2141 1708 1717
f 1714 1713 2140
f 2140 1713 1709
f 2140 1709 1708
f 2140 393 1714
f 1714 393 394
f 1714 394 1715
f 1715 394 395
f 388 391 2142
f 2142 391 393
f 2143 2144 2145
f 2145 2144 2146
f 2145 2146 2147
f 388 2142 389
f 389 2142 2145
f 389 2145 385
f 385 2145 2147
f 385 2147 2148
f 387 386 2148
f 2148 386 385
f 2137 2149 2150
f 2151 2152 2145
f 2145 2152 2153
f 2153 2154 2145
f 2145 2154 2155
f 2145 2155 2143
f 2136 2156 2137
f 2137 2156 2157
f 2137 2157 2149
f 2158 2159 2160
f 2160 2159 2161
f 2162 2163 2136
f 2164 2165 2136
f 2136 2165 2166
f 2136 2166 2162
f 2158 2167 2159
f 2159 2167 2168
f 2159 2168 2136
f 2136 2168 2169
f 2136 2169 2164
f 2163 2170 2136
f 2136 2170 2171
f 2136 2171 2156
f 1725 2172 1722
f 1722 2172 2173
f 1722 2173 2139
f 2139 2173 2174
f 2139 2174 2175
f 2175 2174 2176
f 2175 2176 2177
f 2150 2151 2137
f 2137 2151 2145
f 2137 2145 2138
f 2138 2145 2142
f 2138 2142 2140
f 2140 2142 393
f 1717 1718 2141
f 2141 1718 2139
f 2141 2139 2138
f 2138 2139 2175
f 2138 2175 2136
f 2136 2175 2177
f 2136 2177 2159
f 1773 1774 2178
f 2177 2176 2179
f 1798 1799 2180
f 2181 2182 2183
f 2161 2159 2184
f 2184 2159 2185
f 2184 2185 2186
f 2187 2188 2185
f 2185 2188 2189
f 2185 2189 2186
f 2190 2191 2192
f 2190 2192 2187
f 2187 2192 2193
f 2187 2193 2188
f 2194 2195 2196
f 2196 2195 2197
f 2196 2197 2190
f 2190 2197 2198
f 2190 2198 2191
f 2199 2200 2201
f 2201 2200 2202
f 2202 2203 2201
f 2201 2203 2204
f 2201 2204 2196
f 2196 2204 2205
f 2196 2205 2194
f 2182 2206 2183
f 2183 2206 2207
f 2183 2207 2199
f 2199 2207 2208
f 2199 2208 2200
f 1802 2181 1801
f 1801 2181 2183
f 1801 2183 1794
f 1794 2183 1795
f 2178 1774 1797
f 1797 1774 1771
f 1797 1771 1796
f 1796 1771 1770
f 1796 1770 1769
f 1784 2209 1785
f 1785 2209 2210
f 1785 2210 1786
f 1784 1783 2209
f 2209 1783 1782
f 2209 1782 1780
f 1790 1788 2211
f 2211 1788 2210
f 2210 1788 1787
f 2210 1787 1786
f 1792 1793 2212
f 2212 1793 1791
f 2212 1791 2211
f 2211 1791 1789
f 2211 1789 1790
f 1725 1792 2172
f 2172 1792 2212
f 2172 2212 2173
f 2173 2212 2174
f 2177 2179 2159
f 1780 1781 2209
f 2209 1781 1779
f 2209 1779 2213
f 1773 2178 1772
f 1772 2178 2214
f 1772 2214 1775
f 1779 1778 2213
f 2213 1778 1777
f 2213 1777 2214
f 2214 1777 1776
f 2214 1776 1775
f 1797 1798 2178
f 2178 1798 2180
f 2178 2180 2214
f 2214 2180 2215
f 2214 2215 2213
f 2213 2215 2216
f 2213 2216 2209
f 2209 2216 2217
f 2209 2217 2210
f 2210 2217 2218
f 2210 2218 2211
f 2211 2218 2219
f 2211 2219 2212
f 2212 2219 2179
f 2212 2179 2174
f 2174 2179 2176
f 1799 1795 2180
f 2180 1795 2183
f 2180 2183 2215
f 2215 2183 2199
f 2215 2199 2216
f 2216 2199 2201
f 2216 2201 2217
f 2217 2201 2196
f 2217 2196 2218
f 2218 2196 2190
f 2218 2190 2219
f 2219 2190 2187
f 2219 2187 2179
f 2179 2187 2185
f 2179 2185 2159
f 2220 2221 2222
f 2220 2222 2223
f 2224 2225 2222
f 2226 2227 2222
f 2226 2222 2228
f 2229 2228 2222
f 2230 2229 2222
f 2231 2232 2222
f 2233 2234 2222
f 2233 2222 2235
f 2236 2235 2222
f 2237 2236 2222
f 2238 2237 2222
f 2239 2240 2222
f 2241 2242 2222
f 2241 2222 2243
f 2244 2243 2222
f 2221 2244 2222
f 2245 2246 2247
f 2248 2249 2250
f 1832 1830 2251
f 1829 2252 2225
f 2225 2252 2222
f 2227 2224 2222
f 1828 1840 2253
f 1850 1849 2254
f 1848 1852 2255
f 1854 2256 1853
f 1882 1870 2257
f 1871 1874 2258
f 1908 1912 2259
f 2039 2038 2260
f 2010 2050 2261
f 2261 2050 2049
f 2059 2058 2262
f 2055 2222 2056
f 2070 2069 2222
f 2064 2063 2222
f 2068 2222 2065
f 2222 2068 2067
f 2063 2065 2222
f 2008 2007 2263
f 2075 2074 2264
f 2078 2077 2265
f 2089 2088 2266
f 2098 2103 2267
f 2148 2147 2268
f 1825 1826 2269
f 2269 1826 1827
f 1824 2270 1807
f 1807 2270 1808
f 1823 2271 1822
f 1822 2271 1821
f 2272 1818 2273
f 2273 1818 1819
f 2273 1819 1820
f 2274 1816 2272
f 2272 1816 1817
f 2272 1817 1818
f 2275 1814 2274
f 2274 1814 1815
f 2274 1815 1816
f 2276 1810 2277
f 2277 1810 1811
f 2277 1811 2278
f 2278 1811 1812
f 2278 1812 2275
f 2275 1812 1813
f 2275 1813 1814
f 2279 1805 2276
f 2276 1805 1809
f 2276 1809 1810
f 1800 1803 2279
f 2279 1803 1804
f 2279 1804 1805
f 2279 2280 1800
f 1800 2280 2181
f 1800 2181 1802
f 2208 2207 2280
f 2207 2206 2280
f 2280 2206 2182
f 2280 2182 2181
f 2205 2204 2281
f 2281 2204 2203
f 2281 2203 2282
f 2282 2203 2202
f 2282 2202 2200
f 2198 2197 2283
f 2283 2197 2195
f 2283 2195 2194
f 2193 2192 2284
f 2284 2192 2191
f 2285 2189 2188
f 2160 2161 2285
f 2161 2184 2285
f 2285 2184 2186
f 2285 2186 2189
f 2166 2165 2286
f 2286 2165 2164
f 2286 2164 2169
f 2170 2163 2286
f 2286 2163 2162
f 2286 2162 2166
f 2169 2168 2286
f 2286 2168 2167
f 2286 2167 2285
f 2285 2167 2158
f 2285 2158 2160
f 2149 2157 2287
f 2157 2156 2287
f 2287 2156 2171
f 2287 2171 2170
f 2147 2146 2288
f 2288 2146 2144
f 2288 2144 2143
f 2143 2155 2288
f 2288 2155 2154
f 2288 2154 2153
f 2153 2152 2288
f 2288 2152 2151
f 2288 2151 2287
f 2287 2151 2150
f 2287 2150 2149
f 2148 2268 387
f 403 406 2289
f 2289 406 405
f 2289 405 2268
f 2268 405 404
f 2268 404 387
f 2102 2100 2290
f 2290 2100 2099
f 2099 2104 2290
f 2290 2104 372
f 2290 372 2289
f 2289 372 371
f 2289 371 403
f 2098 2267 2096
f 2091 2095 2291
f 2291 2095 2094
f 2291 2094 2267
f 2267 2094 2093
f 2267 2093 2096
f 2088 2086 2266
f 2266 2086 2085
f 2266 2085 2291
f 2291 2085 2092
f 2291 2092 2091
f 2089 2266 2080
f 2080 2266 2292
f 2080 2292 2081
f 2077 2005 2265
f 2265 2005 2004
f 2265 2004 2293
f 2293 2004 2084
f 2293 2084 2292
f 2292 2084 2083
f 2292 2083 2081
f 2294 2264 2079
f 2074 2073 2264
f 2264 2073 2072
f 2264 2072 2079
f 2008 2263 2060
f 2222 2062 2295
f 2295 2062 2061
f 2295 2061 2060
f 2060 2263 2295
f 2295 2263 2222
f 2066 2062 2222
f 2007 2230 2263
f 2263 2230 2222
f 2067 2066 2222
f 2069 2064 2222
f 2222 2053 2052
f 2054 2053 2222
f 2055 2054 2222
f 2052 2070 2222
f 2058 2057 2262
f 2262 2057 2056
f 2262 2056 2222
f 2296 2044 2059
f 2222 2232 2296
f 2296 2232 2045
f 2296 2045 2044
f 2231 2048 2232
f 2232 2048 2047
f 2232 2047 2045
f 2059 2262 2296
f 2296 2262 2222
f 2011 2010 2247
f 2247 2010 2261
f 2247 2261 2231
f 2231 2261 2049
f 2231 2049 2048
f 2014 2013 2245
f 2245 2013 2043
f 2245 2043 2246
f 2246 2043 2042
f 2246 2042 2247
f 2247 2042 2041
f 2247 2041 2011
f 2036 2034 2297
f 2297 2034 2033
f 2039 2260 2040
f 2030 2032 2298
f 2298 2032 2037
f 2025 2024 2299
f 2299 2024 2017
f 2299 2017 2016
f 2029 2300 2022
f 2022 2300 2023
f 2029 2028 2300
f 2300 2028 2027
f 2300 2027 2299
f 2299 2027 2026
f 2299 2026 2025
f 1990 1988 2301
f 1990 2301 1985
f 1988 1987 2301
f 2301 1987 1991
f 2301 1991 2019
f 1969 1968 2302
f 2302 1968 1972
f 1972 1971 2302
f 2302 1971 1979
f 2302 1979 1985
f 1985 2301 2302
f 2302 2301 2250
f 2302 2250 1969
f 1964 1966 2249
f 2249 1966 1967
f 2249 1967 2250
f 2250 1967 1970
f 2250 1970 1969
f 1962 1961 2303
f 2303 1961 2248
f 2303 2248 2304
f 1961 1955 2248
f 2248 1955 1954
f 2248 1954 2249
f 2249 1954 1965
f 2249 1965 1964
f 1922 1931 2304
f 2304 1931 1930
f 2304 1930 1928
f 1928 1927 2304
f 2304 1927 1934
f 2304 1934 2303
f 2303 1934 1963
f 2303 1963 1962
f 1926 1925 2305
f 1918 1919 2305
f 2305 1919 1921
f 2305 1921 1926
f 1868 1867 1916
f 1916 1867 1900
f 1900 2306 1901
f 1901 2306 1913
f 1912 1911 2259
f 2259 1911 1915
f 2259 1915 2306
f 2306 1915 1914
f 2306 1914 1913
f 1890 1895 1908
f 1908 2259 1890
f 1890 2259 1888
f 1890 1888 1889
f 1900 1867 2306
f 2306 1867 1886
f 2306 1886 2259
f 2259 1886 1887
f 2259 1887 1888
f 1916 1918 1868
f 1868 1918 2305
f 1868 2305 1872
f 1872 2305 2307
f 1872 2307 1873
f 2308 1869 1871
f 1885 1884 2309
f 2309 1884 1883
f 2310 1877 1885
f 1879 1875 2311
f 2311 1875 1876
f 2311 1876 1878
f 2312 1864 2313
f 2313 1864 1865
f 2313 1865 1866
f 1861 1864 1860
f 1860 1864 2312
f 1860 2312 1856
f 1855 1859 2314
f 2314 1859 1858
f 2314 1858 1857
f 2239 1842 2240
f 2240 1842 2238
f 2240 2238 2222
f 1844 1843 2239
f 2239 1843 1841
f 2239 1841 1842
f 1838 1837 2223
f 2223 1837 1836
f 2223 1836 2220
f 2220 1836 1835
f 2220 1835 2221
f 2221 1835 1834
f 2221 1834 2244
f 2244 1834 1833
f 2244 1833 2243
f 2243 1833 1845
f 2243 1845 2241
f 2241 1845 1844
f 2241 1844 2242
f 2242 1844 2239
f 2242 2239 2222
f 1839 1838 2315
f 2315 1838 2223
f 2315 2223 2222
f 1840 1839 2253
f 2253 1839 2315
f 2253 2315 2222
f 1829 1828 2252
f 2252 1828 2253
f 2252 2253 2222
f 1870 1869 2257
f 2257 1869 2308
f 2257 2308 2316
f 1925 1923 2305
f 2305 1923 1922
f 2305 1922 2307
f 2307 1922 2304
f 2307 2304 2317
f 2317 2304 2248
f 2317 2248 2318
f 2318 2248 2250
f 2318 2250 2319
f 2319 2250 2301
f 2319 2301 2300
f 2300 2301 2019
f 2300 2019 2023
f 1880 1879 2320
f 2320 1879 2311
f 2320 2311 2310
f 2310 2311 1878
f 2310 1878 1877
f 1874 1873 2258
f 2258 1873 2307
f 2258 2307 2321
f 2321 2307 2317
f 2321 2317 2322
f 2322 2317 2318
f 2322 2318 2323
f 2323 2318 2319
f 2323 2319 2324
f 2324 2319 2300
f 2324 2300 2325
f 2325 2300 2299
f 2325 2299 2298
f 2298 2299 2016
f 2298 2016 2030
f 1881 1880 2326
f 2326 1880 2320
f 2326 2320 2327
f 1871 2258 2308
f 2308 2258 2321
f 2308 2321 2316
f 2316 2321 2322
f 2316 2322 2328
f 2328 2322 2323
f 2328 2323 2329
f 2329 2323 2324
f 2329 2324 2330
f 2330 2324 2325
f 2330 2325 2331
f 2331 2325 2298
f 2331 2298 2297
f 2297 2298 2037
f 2297 2037 2036
f 1821 2271 1820
f 1820 2271 2332
f 1820 2332 2273
f 2273 2332 2333
f 2273 2333 2272
f 2272 2333 2334
f 2272 2334 2274
f 2274 2334 2335
f 2274 2335 2275
f 2275 2335 2336
f 2275 2336 2278
f 2278 2336 2337
f 2278 2337 2277
f 2277 2337 2338
f 2277 2338 2276
f 2276 2338 2281
f 2276 2281 2279
f 2279 2281 2282
f 2279 2282 2280
f 2280 2282 2200
f 2280 2200 2208
f 1882 2257 1883
f 1883 2257 2316
f 1883 2316 2309
f 2309 2316 2328
f 2309 2328 2339
f 2339 2328 2329
f 2339 2329 2340
f 2340 2329 2330
f 2340 2330 2341
f 2341 2330 2331
f 2341 2331 2342
f 2342 2331 2297
f 2342 2297 2260
f 2260 2297 2033
f 2260 2033 2040
f 1808 2270 1823
f 1823 2270 2343
f 1823 2343 2271
f 2271 2343 2344
f 2271 2344 2332
f 2332 2344 2345
f 2332 2345 2333
f 2333 2345 2346
f 2333 2346 2334
f 2334 2346 2347
f 2334 2347 2335
f 2335 2347 2348
f 2335 2348 2336
f 2336 2348 2349
f 2336 2349 2337
f 2337 2349 2350
f 2337 2350 2338
f 2338 2350 2283
f 2338 2283 2281
f 2281 2283 2194
f 2281 2194 2205
f 1856 2312 1857
f 1857 2312 2313
f 1857 2313 2314
f 2314 2313 2351
f 2314 2351 1855
f 1885 2309 2310
f 2310 2309 2339
f 2310 2339 2320
f 2320 2339 2340
f 2320 2340 2327
f 2327 2340 2341
f 2327 2341 2352
f 2352 2341 2342
f 2352 2342 2353
f 2353 2342 2260
f 2353 2260 2245
f 2245 2260 2038
f 2245 2038 2014
f 1825 2269 1824
f 1824 2269 2354
f 1824 2354 2270
f 2270 2354 2355
f 2270 2355 2343
f 2343 2355 2356
f 2343 2356 2344
f 2344 2356 2357
f 2344 2357 2345
f 2345 2357 2358
f 2345 2358 2346
f 2346 2358 2359
f 2346 2359 2347
f 2347 2359 2360
f 2347 2360 2348
f 2348 2360 2361
f 2348 2361 2349
f 2349 2361 2284
f 2349 2284 2350
f 2350 2284 2191
f 2350 2191 2283
f 2283 2191 2198
f 1852 1853 2255
f 2255 1853 2256
f 2255 2256 2351
f 2351 2256 1854
f 2351 1854 1855
f 1866 1862 2313
f 2313 1862 2362
f 2313 2362 2351
f 2351 2362 2363
f 2351 2363 2255
f 2255 2363 2364
f 2255 2364 1848
f 1848 2364 1847
f 2170 2286 2287
f 2287 2286 2365
f 2287 2365 2288
f 2288 2365 2366
f 2288 2366 2367
f 2367 2366 2368
f 2367 2368 2369
f 2369 2368 2370
f 2369 2370 2371
f 2371 2370 2372
f 2371 2372 2373
f 2373 2372 2374
f 2373 2374 2375
f 2375 2374 2376
f 2375 2376 2377
f 2377 2376 2378
f 2377 2378 2379
f 1832 2251 1831
f 1831 2251 2380
f 1831 2380 1806
f 1806 2380 2379
f 1806 2379 1827
f 1827 2379 2378
f 1827 2378 2269
f 2269 2378 2376
f 2269 2376 2354
f 2354 2376 2374
f 2354 2374 2355
f 2355 2374 2372
f 2355 2372 2356
f 2356 2372 2370
f 2356 2370 2357
f 2357 2370 2368
f 2357 2368 2358
f 2358 2368 2366
f 2358 2366 2359
f 2359 2366 2365
f 2359 2365 2360
f 2360 2365 2286
f 2360 2286 2361
f 2361 2286 2285
f 2361 2285 2284
f 2284 2285 2188
f 2284 2188 2193
f 1849 1846 2254
f 2254 1846 1847
f 2254 1847 2381
f 2381 1847 2364
f 2381 2364 2382
f 1862 1863 2362
f 2362 1863 2383
f 2362 2383 2363
f 2363 2383 2384
f 2363 2384 2364
f 2364 2384 2385
f 2364 2385 2382
f 2382 2385 2386
f 2293 2387 2265
f 2265 2387 2294
f 2265 2294 2078
f 2078 2294 2079
f 2102 2290 2103
f 2103 2290 2388
f 2103 2388 2267
f 2267 2388 2389
f 2267 2389 2291
f 2291 2389 2390
f 2291 2390 2266
f 2266 2390 2391
f 2266 2391 2292
f 2292 2391 2392
f 2292 2392 2293
f 2293 2392 2393
f 2293 2393 2387
f 2147 2288 2268
f 2268 2288 2367
f 2268 2367 2289
f 2289 2367 2369
f 2289 2369 2290
f 2290 2369 2371
f 2290 2371 2388
f 2388 2371 2373
f 2388 2373 2389
f 2389 2373 2375
f 2389 2375 2390
f 2390 2375 2377
f 2390 2377 2391
f 2391 2377 2379
f 2391 2379 2392
f 2392 2379 2380
f 2392 2380 2393
f 1842 1851 2238
f 2238 1851 1850
f 2238 1850 2237
f 2237 1850 2254
f 2237 2254 2236
f 2236 2254 2381
f 2236 2381 2235
f 2235 2381 2382
f 2235 2382 2233
f 2233 2382 2386
f 2233 2386 2234
f 1881 2326 1863
f 1863 2326 2327
f 1863 2327 2383
f 2383 2327 2352
f 2383 2352 2384
f 2384 2352 2353
f 2384 2353 2385
f 2385 2353 2245
f 2385 2245 2386
f 2386 2245 2247
f 2386 2247 2234
f 2234 2247 2231
f 2234 2231 2222
f 1830 1829 2251
f 2251 1829 2225
f 2251 2225 2380
f 2380 2225 2224
f 2380 2224 2393
f 2393 2224 2227
f 2393 2227 2387
f 2387 2227 2226
f 2387 2226 2294
f 2294 2226 2228
f 2294 2228 2264
f 2264 2228 2229
f 2264 2229 2075
f 2075 2229 2230
f 2075 2230 2076
f 2076 2230 2007
