# Converti depuis Right_2_1_Link.STL
# 2928 sommets, 5876 faces
o Right_2_1_Link
v 0.005561 0.004703 0.003896
v 0.005854 0.004818 0.003896
v 0.005561 0.004704 0.002296
v 0.005854 0.004819 0.002296
v 0.005491 0.004682 0.003896
v 0.005491 0.004682 0.002296
v 0.005417 0.004686 0.003896
v 0.005417 0.004686 0.002296
v 0.005350 0.004715 0.003896
v 0.005350 0.004715 0.002296
v 0.006525 0.004959 0.003896
v 0.006525 0.004959 0.002296
v 0.005316 0.004745 0.003896
v 0.005316 0.004745 0.002296
v 0.006733 0.004672 0.003896
v 0.006733 0.004672 0.002296
v 0.005275 0.004791 0.003896
v 0.005275 0.004791 0.002296
v 0.006392 0.004078 0.003896
v 0.006392 0.004078 0.002296
v 0.005249 0.004827 0.003896
v 0.005249 0.004828 0.002296
v 0.006192 0.003835 0.003896
v 0.006192 0.003835 0.002296
v 0.005227 0.004897 0.003896
v 0.005227 0.004898 0.002296
v 0.005230 0.004971 0.003896
v 0.005230 0.004971 0.002296
v 0.005259 0.005038 0.003896
v 0.005259 0.005038 0.002296
v 0.006138 0.003631 0.003896
v 0.006138 0.003631 0.002296
v 0.006131 0.003704 0.003896
v 0.006131 0.003704 0.002296
v 0.006150 0.003775 0.003896
v 0.006150 0.003775 0.002296
v 0.005404 0.005318 0.003896
v 0.005404 0.005318 0.002296
v 0.006156 0.003589 0.003896
v 0.006156 0.003589 0.002296
v 0.005614 0.005970 0.003896
v 0.005614 0.005970 0.002296
v 0.006187 0.003536 0.003896
v 0.006187 0.003536 0.002296
v 0.005351 0.006207 0.003896
v 0.005351 0.006207 0.002296
v 0.006214 0.003500 0.003896
v 0.006214 0.003500 0.002296
v 0.004724 0.005930 0.003896
v 0.004724 0.005930 0.002296
v 0.006417 0.003444 0.003896
v 0.006417 0.003445 0.002296
v 0.006344 0.003438 0.003896
v 0.006344 0.003438 0.002296
v 0.006273 0.003457 0.003896
v 0.006273 0.003457 0.002296
v 0.004461 0.005757 0.003896
v 0.004461 0.005757 0.002296
v 0.006728 0.003496 0.003896
v 0.006728 0.003496 0.002296
v 0.004397 0.005721 0.003896
v 0.004397 0.005721 0.002296
v 0.004325 0.005710 0.003896
v 0.004325 0.005710 0.002296
v 0.004253 0.005725 0.003896
v 0.004253 0.005725 0.002296
v 0.007413 0.003494 0.003896
v 0.007413 0.003494 0.002296
v 0.004214 0.005747 0.003896
v 0.004214 0.005747 0.002296
v 0.007557 0.003170 0.003896
v 0.007557 0.003170 0.002296
v 0.004164 0.005783 0.003896
v 0.004164 0.005783 0.002296
v 0.007100 0.002660 0.003896
v 0.007100 0.002660 0.002296
v 0.004131 0.005813 0.003896
v 0.004131 0.005814 0.002296
v 0.006854 0.002463 0.003895
v 0.006854 0.002464 0.002295
v 0.004094 0.005877 0.003896
v 0.004094 0.005877 0.002296
v 0.004083 0.005950 0.003896
v 0.004083 0.005950 0.002296
v 0.004097 0.006022 0.003896
v 0.004097 0.006022 0.002296
v 0.006759 0.002275 0.003895
v 0.006759 0.002275 0.002295
v 0.006767 0.002348 0.003895
v 0.006767 0.002348 0.002295
v 0.006800 0.002414 0.003895
v 0.006800 0.002414 0.002295
v 0.004181 0.006325 0.003896
v 0.004181 0.006325 0.002296
v 0.006768 0.002231 0.003895
v 0.006768 0.002231 0.002295
v 0.004250 0.007007 0.003896
v 0.004250 0.007007 0.002296
v 0.006787 0.002173 0.003895
v 0.006787 0.002173 0.002295
v 0.003943 0.007184 0.003896
v 0.003943 0.007184 0.002296
v 0.006806 0.002131 0.003895
v 0.006806 0.002132 0.002295
v 0.003388 0.006783 0.003896
v 0.003388 0.006783 0.002296
v 0.006993 0.002035 0.003895
v 0.006993 0.002035 0.002295
v 0.006920 0.002043 0.003895
v 0.006920 0.002044 0.002295
v 0.006855 0.002077 0.003895
v 0.006855 0.002077 0.002295
v 0.003167 0.006558 0.003896
v 0.003167 0.006559 0.002296
v 0.007308 0.002021 0.003895
v 0.007308 0.002021 0.002295
v 0.003112 0.006510 0.003896
v 0.003112 0.006510 0.002296
v 0.003043 0.006484 0.003896
v 0.003043 0.006484 0.002296
v 0.002970 0.006484 0.003896
v 0.002970 0.006484 0.002296
v 0.007978 0.001876 0.003895
v 0.007978 0.001876 0.002295
v 0.002926 0.006497 0.003896
v 0.002926 0.006498 0.002296
v 0.008051 0.001530 0.003895
v 0.008051 0.001530 0.002295
v 0.002871 0.006522 0.003896
v 0.002871 0.006522 0.002296
v 0.007498 0.001125 0.003895
v 0.007498 0.001126 0.002295
v 0.002832 0.006545 0.003896
v 0.002832 0.006545 0.002296
v 0.007217 0.000985 0.003895
v 0.007217 0.000985 0.002295
v 0.002783 0.006600 0.003896
v 0.002783 0.006600 0.002296
v 0.002756 0.006668 0.003896
v 0.002756 0.006669 0.002296
v 0.002755 0.006742 0.003896
v 0.002755 0.006742 0.002296
v 0.007084 0.000820 0.003895
v 0.007084 0.000820 0.002295
v 0.007108 0.000890 0.003895
v 0.007108 0.000890 0.002295
v 0.007154 0.000947 0.003895
v 0.007154 0.000947 0.002295
v 0.002774 0.007056 0.003896
v 0.002774 0.007056 0.002296
v 0.007084 0.000775 0.003895
v 0.007084 0.000775 0.002295
v 0.002700 0.007737 0.003896
v 0.002700 0.007737 0.002296
v 0.007091 0.000714 0.003895
v 0.007091 0.000714 0.002295
v 0.002364 0.007847 0.003896
v 0.002364 0.007847 0.002296
v 0.007100 0.000670 0.003895
v 0.007100 0.000670 0.002295
v 0.001903 0.007339 0.003896
v 0.001903 0.007339 0.002296
v 0.007264 0.000536 0.003895
v 0.007264 0.000537 0.002295
v 0.007194 0.000560 0.003895
v 0.007194 0.000560 0.002295
v 0.007137 0.000606 0.003895
v 0.007137 0.000607 0.002295
v 0.001734 0.007074 0.003896
v 0.001734 0.007074 0.002296
v 0.007569 0.000457 0.003895
v 0.007569 0.000457 0.002295
v 0.001690 0.007015 0.003896
v 0.001690 0.007015 0.002296
v 0.001628 0.006975 0.003896
v 0.001628 0.006975 0.002296
v 0.001557 0.006959 0.003896
v 0.001557 0.006960 0.002296
v 0.008193 0.000177 0.003895
v 0.008193 0.000177 0.002295
v 0.001512 0.006964 0.003896
v 0.001512 0.006964 0.002296
v 0.008193 -0.000178 0.003895
v 0.008193 -0.000177 0.002295
v 0.001452 0.006976 0.003896
v 0.001452 0.006977 0.002296
v 0.007569 -0.000458 0.003895
v 0.007569 -0.000458 0.002295
v 0.001409 0.006991 0.003896
v 0.001409 0.006991 0.002296
v 0.007264 -0.000537 0.003895
v 0.007264 -0.000537 0.002295
v 0.001350 0.007034 0.003896
v 0.001350 0.007034 0.002296
v 0.001309 0.007096 0.003896
v 0.001309 0.007096 0.002296
v 0.001293 0.007167 0.003896
v 0.001293 0.007167 0.002296
v 0.007100 -0.000671 0.003895
v 0.007100 -0.000671 0.002295
v 0.007137 -0.000607 0.003895
v 0.007137 -0.000607 0.002295
v 0.007194 -0.000561 0.003895
v 0.007194 -0.000561 0.002295
v 0.001246 0.007479 0.003896
v 0.001246 0.007479 0.002296
v 0.007091 -0.000715 0.003895
v 0.007091 -0.000715 0.002295
v 0.001033 0.008129 0.003896
v 0.001033 0.008130 0.002296
v 0.007084 -0.000776 0.003895
v 0.007084 -0.000776 0.002295
v 0.000680 0.008166 0.003896
v 0.000680 0.008167 0.002296
v 0.007084 -0.000821 0.003895
v 0.007084 -0.000821 0.002295
v 0.000336 0.007574 0.003896
v 0.000336 0.007575 0.002296
v 0.007217 -0.000986 0.003895
v 0.007217 -0.000985 0.002295
v 0.007154 -0.000948 0.003895
v 0.007154 -0.000948 0.002295
v 0.007108 -0.000891 0.003895
v 0.007108 -0.000891 0.002295
v 0.000225 0.007280 0.003896
v 0.000225 0.007280 0.002296
v 0.007498 -0.001126 0.003895
v 0.007498 -0.001126 0.002295
v 0.000195 0.007213 0.003896
v 0.000195 0.007213 0.002296
v 0.000142 0.007161 0.003896
v 0.000142 0.007161 0.002296
v 0.000076 0.007131 0.003896
v 0.000076 0.007131 0.002296
v 0.008051 -0.001531 0.003895
v 0.008051 -0.001531 0.002295
v 0.000031 0.007126 0.003896
v 0.000031 0.007126 0.002296
v 0.007978 -0.001877 0.003895
v 0.007978 -0.001877 0.002295
v -0.000031 0.007126 0.003896
v -0.000031 0.007126 0.002296
v 0.007308 -0.002022 0.003895
v 0.007308 -0.002022 0.002295
v -0.000076 0.007131 0.003896
v -0.000076 0.007131 0.002296
v 0.006993 -0.002036 0.003895
v 0.006993 -0.002036 0.002295
v -0.000142 0.007161 0.003896
v -0.000142 0.007161 0.002296
v -0.000195 0.007213 0.003896
v -0.000195 0.007213 0.002296
v -0.000225 0.007280 0.003896
v -0.000225 0.007280 0.002296
v 0.006806 -0.002132 0.003895
v 0.006806 -0.002132 0.002295
v 0.006855 -0.002078 0.003895
v 0.006855 -0.002078 0.002295
v 0.006920 -0.002045 0.003895
v 0.006920 -0.002044 0.002295
v -0.000336 0.007574 0.003896
v -0.000336 0.007575 0.002296
v 0.006787 -0.002174 0.003895
v 0.006787 -0.002173 0.002295
v -0.000680 0.008166 0.003896
v -0.000680 0.008167 0.002296
v 0.006768 -0.002232 0.003895
v 0.006768 -0.002232 0.002295
v -0.001033 0.008129 0.003896
v -0.001033 0.008130 0.002296
v 0.006759 -0.002276 0.003895
v 0.006759 -0.002276 0.002295
v -0.001246 0.007479 0.003896
v -0.001246 0.007479 0.002296
v 0.006854 -0.002464 0.003895
v 0.006854 -0.002464 0.002295
v 0.006800 -0.002415 0.003895
v 0.006800 -0.002414 0.002295
v 0.006767 -0.002349 0.003895
v 0.006767 -0.002349 0.002295
v -0.001293 0.007167 0.003896
v -0.001293 0.007167 0.002296
v 0.007100 -0.002661 0.003895
v 0.007100 -0.002661 0.002295
v -0.001309 0.007096 0.003896
v -0.001309 0.007096 0.002296
v -0.001350 0.007034 0.003896
v -0.001350 0.007034 0.002296
v -0.001409 0.006991 0.003896
v -0.001409 0.006991 0.002296
v 0.007557 -0.003171 0.003895
v 0.007557 -0.003171 0.002295
v -0.001452 0.006976 0.003896
v -0.001452 0.006977 0.002296
v 0.007413 -0.003495 0.003895
v 0.007413 -0.003495 0.002295
v -0.001512 0.006964 0.003896
v -0.001512 0.006964 0.002296
v 0.006728 -0.003497 0.003895
v 0.006728 -0.003497 0.002295
v -0.001557 0.006959 0.003896
v -0.001557 0.006960 0.002296
v 0.006417 -0.003445 0.003895
v 0.006417 -0.003445 0.002295
v -0.001628 0.006975 0.003896
v -0.001628 0.006975 0.002296
v -0.001690 0.007015 0.003896
v -0.001690 0.007015 0.002296
v -0.001734 0.007074 0.003896
v -0.001734 0.007074 0.002296
v 0.006214 -0.003501 0.003895
v 0.006214 -0.003501 0.002295
v 0.006273 -0.003458 0.003895
v 0.006273 -0.003458 0.002295
v 0.006344 -0.003439 0.003895
v 0.006344 -0.003439 0.002295
v -0.001903 0.007339 0.003896
v -0.001903 0.007339 0.002296
v 0.006187 -0.003537 0.003895
v 0.006187 -0.003537 0.002295
v -0.002364 0.007847 0.003896
v -0.002364 0.007847 0.002296
v 0.006156 -0.003590 0.003895
v 0.006156 -0.003590 0.002295
v -0.002700 0.007737 0.003896
v -0.002700 0.007737 0.002296
v 0.006138 -0.003632 0.003895
v 0.006138 -0.003631 0.002295
v -0.002774 0.007056 0.003896
v -0.002774 0.007056 0.002296
v 0.006192 -0.003836 0.003895
v 0.006192 -0.003835 0.002295
v 0.006150 -0.003776 0.003895
v 0.006150 -0.003776 0.002295
v 0.006131 -0.003705 0.003895
v 0.006131 -0.003705 0.002295
v -0.002755 0.006742 0.003896
v -0.002755 0.006742 0.002296
v 0.006392 -0.004079 0.003895
v 0.006392 -0.004079 0.002295
v -0.002756 0.006668 0.003896
v -0.002756 0.006669 0.002296
v -0.002783 0.006600 0.003896
v -0.002783 0.006600 0.002296
v -0.002832 0.006545 0.003896
v -0.002832 0.006545 0.002296
v 0.006733 -0.004673 0.003894
v 0.006733 -0.004673 0.002294
v -0.002871 0.006522 0.003896
v -0.002871 0.006522 0.002296
v 0.006525 -0.004960 0.003894
v 0.006525 -0.004960 0.002294
v -0.002926 0.006497 0.003896
v -0.002926 0.006498 0.002296
v 0.005854 -0.004820 0.003894
v 0.005854 -0.004819 0.002294
v -0.002970 0.006484 0.003896
v -0.002970 0.006484 0.002296
v 0.005561 -0.004704 0.003894
v 0.005561 -0.004704 0.002294
v -0.003043 0.006484 0.003896
v -0.003043 0.006484 0.002296
v -0.003112 0.006510 0.003896
v -0.003112 0.006510 0.002296
v -0.003167 0.006558 0.003896
v -0.003167 0.006559 0.002296
v 0.005350 -0.004716 0.003894
v 0.005350 -0.004716 0.002294
v 0.005417 -0.004687 0.003894
v 0.005417 -0.004687 0.002294
v 0.005491 -0.004683 0.003894
v 0.005491 -0.004682 0.002294
v -0.003388 0.006783 0.003896
v -0.003388 0.006783 0.002296
v 0.005316 -0.004746 0.003894
v 0.005316 -0.004746 0.002294
v -0.003943 0.007184 0.003896
v -0.003943 0.007184 0.002296
v 0.005275 -0.004792 0.003894
v 0.005275 -0.004792 0.002294
v -0.004250 0.007007 0.003896
v -0.004250 0.007007 0.002296
v 0.005249 -0.004829 0.003894
v 0.005249 -0.004828 0.002294
v -0.004181 0.006325 0.003896
v -0.004181 0.006325 0.002296
v 0.005259 -0.005039 0.003894
v 0.005259 -0.005039 0.002294
v 0.005230 -0.004972 0.003894
v 0.005230 -0.004972 0.002294
v 0.005227 -0.004899 0.003894
v 0.005227 -0.004898 0.002294
v -0.004097 0.006022 0.003896
v -0.004097 0.006022 0.002296
v 0.005404 -0.005319 0.003894
v 0.005404 -0.005319 0.002294
v -0.004083 0.005950 0.003896
v -0.004083 0.005950 0.002296
v -0.004094 0.005877 0.003896
v -0.004094 0.005877 0.002296
v -0.004131 0.005813 0.003896
v -0.004131 0.005814 0.002296
v 0.005614 -0.005971 0.003894
v 0.005614 -0.005971 0.002294
v -0.004164 0.005783 0.003896
v -0.004164 0.005783 0.002296
v 0.005351 -0.006208 0.003894
v 0.005351 -0.006208 0.002294
v -0.004214 0.005747 0.003896
v -0.004214 0.005747 0.002296
v 0.005839 -0.002856 0.002295
v 0.006348 -0.001397 0.002295
v 0.005000 -0.004154 0.002295
v 0.005000 -0.006071 0.002294
v 0.000773 0.006454 0.002296
v 0.006498 0.000141 0.002295
v -0.002274 0.006089 0.002296
v -0.000773 0.006454 0.002296
v 0.006281 0.001671 0.002295
v -0.003647 0.005380 0.002296
v 0.003647 0.005380 0.002296
v 0.004814 0.004367 0.002296
v -0.004250 0.004918 0.002296
v -0.004250 0.005726 0.002296
v 0.005709 0.003107 0.002296
v 0.002274 0.006089 0.002296
v 0.005000 -0.006071 0.003894
v -0.004250 0.005726 0.003896
v 0.002752 -0.020149 -0.000008
v 0.003675 -0.019526 -0.000008
v 0.000500 -0.025134 -0.000008
v 0.004845 -0.017656 -0.000007
v 0.005000 -0.016553 -0.000007
v 0.005000 -0.026000 -0.000008
v 0.000866 -0.025500 -0.000008
v -0.003295 -0.021597 -0.000008
v -0.000500 -0.025134 -0.000008
v -0.004280 -0.022546 -0.000008
v -0.000866 -0.025500 -0.000008
v 0.004392 -0.018673 -0.000007
v -0.002107 -0.020920 -0.000008
v -0.000788 -0.020557 -0.000008
v 0.000000 -0.025000 -0.000008
v 0.000579 -0.020531 -0.000008
v 0.001692 -0.020492 -0.000008
v 0.001294 -0.030830 -0.000009
v 0.000000 -0.027000 -0.000009
v 0.000500 -0.026866 -0.000009
v 0.000866 -0.026500 -0.000009
v 0.003536 -0.029536 -0.000009
v 0.002500 -0.030330 -0.000009
v -0.000866 -0.026500 -0.000009
v -0.004830 -0.027294 -0.000009
v -0.001000 -0.026000 -0.000008
v -0.005000 -0.026000 -0.000008
v -0.005000 -0.023709 -0.000008
v -0.000000 -0.031000 -0.000009
v -0.001294 -0.030830 -0.000009
v -0.000500 -0.026866 -0.000009
v 0.001000 -0.026000 -0.000008
v 0.004830 -0.027294 -0.000009
v 0.004330 -0.028500 -0.000009
v -0.002500 -0.030330 -0.000009
v -0.003536 -0.029536 -0.000009
v -0.004330 -0.028500 -0.000009
v 0.005000 -0.016553 -0.000907
v 0.004845 -0.017656 -0.000907
v 0.004392 -0.018673 -0.000907
v 0.003675 -0.019526 -0.000908
v 0.002752 -0.020149 -0.000908
v 0.001692 -0.020492 -0.000908
v 0.000579 -0.020530 -0.000908
v -0.000788 -0.020557 -0.000908
v -0.002107 -0.020920 -0.000908
v -0.003295 -0.021596 -0.000908
v -0.004280 -0.022546 -0.000908
v -0.005000 -0.023709 -0.000908
v 0.005000 -0.004153 -0.000905
v 0.005839 -0.002855 -0.000905
v -0.004814 0.004366 0.003896
v -0.004250 0.004917 0.003896
v 0.006348 -0.001396 -0.000905
v 0.006498 0.000142 -0.000905
v 0.006281 0.001672 -0.000905
v 0.005709 0.003107 -0.000904
v 0.004814 0.004367 -0.000904
v 0.003647 0.005380 -0.000904
v 0.002274 0.006089 -0.000904
v 0.000773 0.006454 -0.000904
v -0.000773 0.006454 -0.000904
v -0.002274 0.006089 -0.000904
v -0.003647 0.005380 -0.000904
v -0.004814 0.004367 -0.000904
v -0.005709 0.003107 -0.000904
v -0.005709 0.003107 0.003896
v -0.006281 0.001672 -0.000905
v -0.006281 0.001671 0.003895
v -0.006498 0.000142 -0.000905
v -0.006498 0.000141 0.003895
v -0.006348 -0.001396 -0.000905
v -0.006348 -0.001397 0.003895
v -0.005839 -0.002855 -0.000905
v -0.005839 -0.002856 0.003895
v -0.005000 -0.004153 -0.000905
v -0.005000 -0.004154 0.003895
v -0.005000 -0.026001 0.003892
v 0.005000 -0.026001 0.003892
v 0.004830 -0.027295 0.003891
v 0.004330 -0.028501 0.003891
v 0.003536 -0.029536 0.003891
v 0.002500 -0.030331 0.003891
v 0.001294 -0.030830 0.003891
v 0.000000 -0.031001 0.003891
v -0.001294 -0.030830 0.003891
v -0.002500 -0.030331 0.003891
v -0.003536 -0.029536 0.003891
v -0.004330 -0.028501 0.003891
v -0.004830 -0.027295 0.003891
v 0.000000 -0.025001 0.003892
v 0.000500 -0.025135 0.003892
v 0.000866 -0.025501 0.003892
v 0.001000 -0.026001 0.003892
v 0.000866 -0.026501 0.003891
v 0.000500 -0.026867 0.003891
v 0.000000 -0.027001 0.003891
v -0.000500 -0.026867 0.003891
v -0.000866 -0.026501 0.003891
v -0.001000 -0.026001 0.003892
v -0.000866 -0.025501 0.003892
v -0.000500 -0.025135 0.003892
v 0.000000 -0.015701 0.003893
v 0.000000 -0.015700 -0.000907
v 0.000697 -0.015872 0.003893
v 0.000697 -0.015872 -0.000907
v 0.001234 -0.016348 0.003893
v 0.001234 -0.016348 -0.000907
v 0.001489 -0.017020 0.003893
v 0.001489 -0.017019 -0.000907
v 0.001403 -0.017732 0.003893
v 0.001403 -0.017732 -0.000907
v 0.000995 -0.018323 0.003893
v 0.000995 -0.018323 -0.000907
v 0.000359 -0.018657 0.003893
v 0.000359 -0.018656 -0.000907
v -0.000359 -0.018657 0.003893
v -0.000359 -0.018656 -0.000907
v -0.000995 -0.018323 0.003893
v -0.000995 -0.018323 -0.000907
v -0.001403 -0.017732 0.003893
v -0.001403 -0.017732 -0.000907
v -0.001489 -0.017020 0.003893
v -0.001489 -0.017019 -0.000907
v -0.001234 -0.016348 0.003893
v -0.001234 -0.016348 -0.000907
v -0.000697 -0.015872 0.003893
v -0.000697 -0.015872 -0.000907
v 0.000000 -0.007301 0.003894
v 0.000000 -0.007300 -0.000906
v 0.000697 -0.007472 0.003894
v 0.000697 -0.007472 -0.000906
v 0.001234 -0.007948 0.003894
v 0.001234 -0.007948 -0.000906
v 0.001489 -0.008620 0.003894
v 0.001489 -0.008619 -0.000906
v 0.001403 -0.009332 0.003894
v 0.001403 -0.009332 -0.000906
v 0.000995 -0.009923 0.003894
v 0.000995 -0.009923 -0.000906
v 0.000359 -0.010257 0.003894
v 0.000359 -0.010256 -0.000906
v -0.000359 -0.010257 0.003894
v -0.000359 -0.010256 -0.000906
v -0.000995 -0.009923 0.003894
v -0.000995 -0.009923 -0.000906
v -0.001403 -0.009332 0.003894
v -0.001403 -0.009332 -0.000906
v -0.001489 -0.008620 0.003894
v -0.001489 -0.008619 -0.000906
v -0.001234 -0.007948 0.003894
v -0.001234 -0.007948 -0.000906
v -0.000697 -0.007472 0.003894
v -0.000697 -0.007472 -0.000906
v 0.000000 0.001000 -0.000905
v -0.000500 0.000866 -0.000905
v -0.000866 -0.000500 -0.000905
v -0.000866 0.000500 -0.000905
v -0.001000 0.000000 -0.000905
v 0.001000 0.000000 -0.000905
v 0.000866 0.000500 -0.000905
v 0.000500 0.000866 -0.000905
v -0.000500 -0.000866 -0.000905
v 0.000000 -0.001000 -0.000905
v 0.000500 -0.000866 -0.000905
v 0.000866 -0.000500 -0.000905
v 0.000866 -0.000501 0.003895
v 0.000500 -0.000867 0.003895
v 0.000000 -0.001001 0.003895
v -0.000500 -0.000867 0.003895
v -0.000866 -0.000501 0.003895
v -0.001000 -0.000001 0.003895
v -0.000866 0.000499 0.003895
v 0.000866 0.000499 0.003895
v 0.001000 -0.000001 0.003895
v -0.000500 0.000865 0.003895
v 0.000000 0.000999 0.003895
v 0.000500 0.000865 0.003895
v -0.000309 -0.023633 0.007584
v -0.000416 -0.023682 0.007583
v -0.000314 -0.023880 0.007532
v -0.005497 -0.025447 0.005894
v -0.005465 -0.025459 0.005855
v -0.004861 -0.025446 0.006256
v 0.003947 -0.020449 0.006411
v 0.003883 -0.020381 0.006477
v 0.003026 -0.021409 0.006856
v -0.000206 -0.024219 0.006988
v -0.000178 -0.024156 0.007210
v -0.001004 -0.024590 0.006967
v -0.001488 -0.024732 0.007159
v -0.001452 -0.024760 0.006924
v -0.001819 -0.024899 0.006888
v -0.002841 -0.025143 0.006951
v -0.003526 -0.025286 0.006787
v -0.003454 -0.025320 0.006561
v -0.004738 -0.025484 0.006050
v -0.004679 -0.025481 0.006087
v -0.004206 -0.025387 0.006562
v -0.004117 -0.025424 0.006344
v -0.004066 -0.025416 0.006361
v -0.003487 -0.025327 0.006553
v -0.002782 -0.025174 0.006720
v -0.002666 -0.025149 0.006747
v -0.002075 -0.024974 0.006845
v -0.005441 -0.025467 0.005826
v -0.005318 -0.025513 0.005676
v -0.005173 -0.025509 0.005782
v -0.000736 -0.023827 0.007581
v -0.001048 -0.023969 0.007578
v -0.001631 -0.024438 0.007482
v -0.001511 -0.024145 0.007541
v -0.001717 -0.024223 0.007525
v -0.003728 -0.024741 0.007133
v -0.003674 -0.024974 0.007099
v -0.003184 -0.024642 0.007280
v -0.002984 -0.024836 0.007269
v -0.003049 -0.024609 0.007308
v -0.003021 -0.024602 0.007313
v -0.004431 -0.024838 0.006889
v -0.004540 -0.024852 0.006848
v -0.004369 -0.025069 0.006863
v -0.005047 -0.025123 0.006537
v -0.003742 -0.024744 0.007130
v -0.003907 -0.024774 0.007085
v -0.004412 -0.024836 0.006896
v -0.001810 -0.024258 0.007518
v -0.002275 -0.024402 0.007450
v -0.002539 -0.024483 0.007411
v 0.003785 -0.020276 0.006577
v 0.003640 -0.020449 0.006640
v 0.003342 -0.020807 0.006771
v 0.002985 -0.021187 0.006904
v 0.002037 -0.022346 0.007174
v 0.001922 -0.022191 0.007245
v 0.001566 -0.022464 0.007329
v 0.000924 -0.023175 0.007415
v 0.001252 -0.022706 0.007403
v 0.000812 -0.022991 0.007473
v 0.002904 -0.021272 0.006934
v 0.002673 -0.021517 0.007020
v 0.001983 -0.022144 0.007231
v -0.004968 -0.025319 0.006426
v -0.004296 -0.025263 0.006744
v -0.003603 -0.025164 0.006975
v -0.002912 -0.025024 0.007143
v -0.001551 -0.024617 0.007353
v -0.000231 -0.024046 0.007401
v 0.001005 -0.023325 0.007283
v 0.002119 -0.022480 0.007043
v 0.003107 -0.021526 0.006727
v 0.003962 -0.020477 0.006360
v 0.003146 -0.021616 0.006561
v 0.003131 -0.021665 0.006374
v 0.003380 -0.021399 0.006291
v 0.004000 -0.020612 0.006042
v 0.004006 -0.020562 0.006203
v 0.004005 -0.020559 0.006210
v 0.002158 -0.022579 0.006869
v 0.002147 -0.022629 0.006669
v 0.002734 -0.022092 0.006508
v 0.003050 -0.021752 0.006402
v 0.001043 -0.023470 0.006883
v 0.001353 -0.023264 0.006841
v 0.001049 -0.023430 0.007100
v 0.001538 -0.023119 0.006802
v 0.002058 -0.022711 0.006694
v -0.000186 -0.024208 0.006987
v -0.000162 -0.024195 0.006985
v 0.000576 -0.023781 0.006946
v -0.005084 -0.024890 0.006572
v -0.005090 -0.024891 0.006570
v -0.005242 -0.024897 0.006478
v -0.005668 -0.025133 0.006096
v -0.005704 -0.025000 0.006137
v -0.005705 -0.024997 0.006138
v -0.005710 -0.024906 0.006142
v -0.005648 -0.025206 0.006074
v -0.005632 -0.025265 0.006056
v -0.005586 -0.025326 0.006001
v -0.005560 -0.025362 0.005969
v 0.000809 -0.022993 0.007473
v 0.000479 -0.023207 0.007525
v 0.000040 -0.023444 0.007558
v 0.004000 -0.020612 0.005366
v 0.003549 -0.021197 0.005688
v 0.003049 -0.021751 0.005969
v 0.002807 -0.022018 0.006105
v 0.002202 -0.022586 0.006358
v 0.000740 -0.023679 0.006700
v -0.000000 -0.024103 0.006731
v -0.000185 -0.024209 0.006739
v 0.001539 -0.023120 0.006551
v 0.001439 -0.023200 0.006581
v -0.002073 -0.024981 0.006402
v -0.001439 -0.024763 0.006580
v -0.000810 -0.024507 0.006691
v -0.004065 -0.025417 0.005313
v -0.004034 -0.025412 0.005335
v -0.003439 -0.025318 0.005757
v -0.002807 -0.025184 0.006104
v -0.005157 -0.025508 0.005317
v -0.005400 -0.025514 0.005611
v -0.005480 -0.025515 0.005545
v -0.005446 -0.025515 0.005518
v -0.005400 -0.025514 0.005486
v -0.004703 -0.025482 0.004736
v -0.004593 -0.025474 0.004841
v -0.004727 -0.025484 0.004779
v -0.004965 -0.025499 0.005121
v 0.004379 -0.020137 -0.005844
v 0.004335 -0.020192 -0.005869
v 0.004353 -0.020130 -0.006033
v 0.004275 -0.019935 -0.006302
v 0.004687 -0.019534 -0.006044
v 0.004724 -0.019650 -0.005928
v 0.004332 -0.020042 -0.006180
v 0.003963 -0.020477 -0.006374
v 0.003892 -0.020382 -0.006504
v 0.005113 -0.019408 -0.005490
v 0.004726 -0.019745 -0.005789
v 0.004839 -0.019677 -0.005524
v 0.004772 -0.019734 -0.005579
v 0.005063 -0.019485 -0.005342
v 0.005189 -0.019378 -0.005239
v 0.005490 -0.019109 -0.005134
v 0.005436 -0.019195 -0.005006
v 0.004617 -0.019408 -0.006127
v 0.005113 -0.019185 -0.005729
v 0.004890 -0.019182 -0.005940
v 0.003890 -0.020378 -0.006509
v 0.003785 -0.020274 -0.006592
v 0.004021 -0.019992 -0.006476
v 0.004186 -0.019818 -0.006386
v 0.004693 -0.019815 -0.005632
v 0.004000 -0.020610 -0.006057
v 0.003992 -0.020549 -0.006222
v 0.003987 -0.020509 -0.006329
v 0.005509 -0.018746 -0.005436
v 0.005534 -0.018886 -0.005355
v 0.005201 -0.018951 -0.005700
v 0.005064 -0.019053 -0.005806
v 0.005543 -0.018933 -0.005328
v 0.005130 -0.019308 -0.005619
v 0.005535 -0.019015 -0.005256
v 0.005533 -0.019042 -0.005233
v 0.004272 -0.019727 -0.006339
v 0.004577 -0.019441 -0.006154
v 0.005113 -0.019187 0.005714
v 0.004687 -0.019536 0.006029
v 0.004724 -0.019652 0.005913
v 0.004232 -0.020312 0.005916
v 0.004336 -0.020196 0.005851
v 0.004353 -0.020131 0.006017
v 0.004615 -0.019888 0.005676
v 0.004692 -0.019817 0.005617
v 0.004726 -0.019746 0.005773
v 0.004332 -0.020044 0.006165
v 0.004275 -0.019936 0.006287
v 0.004619 -0.019414 0.006107
v 0.004272 -0.019728 0.006324
v 0.004214 -0.019788 0.006357
v 0.004186 -0.019819 0.006371
v 0.005509 -0.018747 0.005421
v 0.005399 -0.018818 0.005518
v 0.005527 -0.018884 0.005334
v 0.005436 -0.019196 0.004991
v 0.005497 -0.019117 0.005121
v 0.005113 -0.019410 0.005474
v 0.004841 -0.019680 0.005505
v 0.005019 -0.019516 0.005370
v 0.005062 -0.019483 0.005331
v 0.005518 -0.019090 0.005164
v 0.005130 -0.019309 0.005604
v 0.005535 -0.019016 0.005242
v 0.005541 -0.018991 0.005267
v 0.005064 -0.019059 0.005787
v 0.004890 -0.019183 0.005925
v 0.004748 -0.019298 0.006026
v 0.006753 -0.018496 -0.003359
v 0.006700 -0.018519 -0.003436
v 0.006819 -0.018442 -0.003543
v 0.006015 -0.018731 0.004752
v 0.007962 -0.018140 -0.000008
v 0.007922 -0.018147 0.000759
v 0.007763 -0.018208 0.000572
v 0.007533 -0.018226 0.002244
v 0.007374 -0.018298 0.002163
v 0.007503 -0.018264 0.001848
v 0.007783 -0.018172 0.001521
v 0.007606 -0.018241 0.001467
v 0.007678 -0.018225 0.001203
v 0.007741 -0.018212 0.000736
v 0.006818 -0.018444 0.003530
v 0.006696 -0.018523 0.003420
v 0.007202 -0.018315 0.002911
v 0.006944 -0.018427 0.003033
v 0.005960 -0.018840 0.004640
v 0.006063 -0.018811 0.004295
v 0.006401 -0.018616 0.004106
v 0.006296 -0.018700 0.003986
v 0.006545 -0.018581 0.003655
v 0.007000 -0.018410 0.002929
v 0.007062 -0.018391 0.002812
v 0.007262 -0.018328 0.002435
v 0.005593 -0.019090 0.004831
v 0.005864 -0.018929 0.004523
v 0.005873 -0.018924 0.004512
v 0.008216 -0.017869 -0.000008
v 0.008259 -0.017690 -0.000007
v 0.008173 -0.017876 0.000795
v 0.008262 -0.017690 0.000298
v 0.008234 -0.017694 0.000607
v 0.008062 -0.017724 0.001628
v 0.008061 -0.017724 0.001633
v 0.008017 -0.017902 0.001604
v 0.007973 -0.017741 0.001892
v 0.007740 -0.017957 0.002371
v 0.007878 -0.017760 0.002170
v 0.008217 -0.017697 0.000804
v 0.008201 -0.017700 0.000979
v 0.008146 -0.017709 0.001235
v 0.007393 -0.017884 0.003111
v 0.007260 -0.017923 0.003332
v 0.007376 -0.018050 0.003068
v 0.007208 -0.017938 0.003419
v 0.006960 -0.018184 0.003706
v 0.006967 -0.018026 0.003756
v 0.006512 -0.018364 0.004298
v 0.006732 -0.018112 0.004085
v 0.006628 -0.018156 0.004217
v 0.006509 -0.018211 0.004356
v 0.006036 -0.018597 0.004847
v 0.006134 -0.018388 0.004796
v 0.007767 -0.017786 0.002404
v 0.007680 -0.017806 0.002588
v 0.007586 -0.017828 0.002789
v 0.006036 -0.018595 -0.004861
v 0.005825 -0.018554 -0.005133
v 0.006021 -0.018448 -0.004928
v 0.006512 -0.018207 -0.004373
v 0.006732 -0.018111 -0.004099
v 0.006512 -0.018362 -0.004312
v 0.006962 -0.018182 -0.003720
v 0.006134 -0.018387 -0.004811
v 0.006439 -0.018238 -0.004463
v 0.007680 -0.017806 -0.002602
v 0.007744 -0.017956 -0.002377
v 0.007519 -0.017845 -0.002924
v 0.007378 -0.018048 -0.003080
v 0.007395 -0.017883 -0.003122
v 0.008027 -0.017730 -0.001762
v 0.008058 -0.017725 -0.001634
v 0.008019 -0.017901 -0.001612
v 0.008150 -0.017708 -0.001251
v 0.008173 -0.017876 -0.000808
v 0.008178 -0.017703 -0.001134
v 0.008213 -0.017698 -0.000817
v 0.007774 -0.017783 -0.002412
v 0.007828 -0.017770 -0.002303
v 0.007974 -0.017741 -0.001907
v 0.006971 -0.018021 -0.003772
v 0.007099 -0.017973 -0.003597
v 0.007257 -0.017925 -0.003344
v 0.006474 -0.018504 0.004211
v 0.006907 -0.018329 0.003627
v 0.007308 -0.018200 0.002998
v 0.007656 -0.018110 0.002314
v 0.007921 -0.018057 0.001567
v 0.008069 -0.018031 0.000779
v 0.008110 -0.018025 -0.000008
v 0.008069 -0.018031 -0.000792
v 0.007923 -0.018056 -0.001575
v 0.007660 -0.018109 -0.002321
v 0.007310 -0.018198 -0.003009
v 0.006908 -0.018328 -0.003640
v 0.006474 -0.018503 -0.004225
v 0.006015 -0.018730 -0.004767
v 0.005861 -0.018924 -0.004550
v 0.005960 -0.018839 -0.004655
v 0.005875 -0.018915 -0.004535
v 0.006402 -0.018615 -0.004120
v 0.006323 -0.018679 -0.003977
v 0.006300 -0.018692 -0.004006
v 0.007000 -0.018411 -0.002934
v 0.007204 -0.018314 -0.002923
v 0.007064 -0.018389 -0.002824
v 0.007537 -0.018225 -0.002251
v 0.007382 -0.018295 -0.002171
v 0.007150 -0.018360 -0.002676
v 0.007923 -0.018146 -0.000773
v 0.007737 -0.018213 -0.000849
v 0.007785 -0.018171 -0.001530
v 0.007615 -0.018238 -0.001493
v 0.007424 -0.018283 -0.002079
v 0.007778 -0.018205 -0.000008
v 0.007782 -0.018204 -0.000201
v 0.007744 -0.018212 -0.000751
v 0.006004 -0.018457 0.004935
v 0.006022 -0.018447 0.004916
v 0.008235 -0.017694 -0.000622
v 0.008257 -0.017690 -0.000425
v -0.005817 -0.025172 0.005975
v -0.005803 -0.025207 0.005954
v -0.005744 -0.025210 0.006010
v -0.005744 -0.025349 0.005870
v -0.005724 -0.025370 0.005844
v -0.005654 -0.025375 0.005907
v -0.005626 -0.025471 0.005719
v -0.005528 -0.025483 0.005761
v -0.005608 -0.025476 0.005697
v -0.005606 -0.025477 0.005695
v -0.005838 -0.024906 0.006034
v -0.005840 -0.024946 0.006031
v -0.005793 -0.025000 0.006064
v -0.005835 -0.024998 0.006018
v -0.005819 -0.025149 0.005981
v -0.005798 -0.024906 0.006068
v 0.005745 -0.013132 0.005420
v 0.005746 -0.012833 0.005421
v 0.005118 -0.012841 0.005925
v -0.002134 -0.020053 0.007578
v 0.000928 -0.018861 0.007569
v 0.001668 -0.018564 0.007399
v 0.004395 -0.017406 0.006325
v 0.000927 -0.002974 0.007847
v 0.000867 -0.002920 0.007859
v 0.000953 -0.006679 0.007795
v -0.003376 -0.000347 0.007770
v -0.003549 -0.000325 0.007715
v -0.003652 -0.005567 0.007557
v -0.003789 -0.000294 0.007638
v -0.004342 -0.000223 0.007460
v -0.002906 -0.005627 0.007747
v -0.003037 -0.000449 0.007839
v -0.002138 -0.005746 0.007893
v -0.002254 -0.000684 0.007997
v -0.002790 -0.000523 0.007889
v -0.001322 -0.001169 0.008090
v -0.001481 -0.001086 0.008074
v -0.001359 -0.005920 0.007986
v -0.002042 -0.000794 0.008019
v -0.000190 -0.001968 0.008073
v -0.000651 -0.001630 0.008088
v -0.000578 -0.006140 0.008010
v -0.000696 -0.001596 0.008089
v -0.001173 -0.001246 0.008105
v 0.000195 -0.006396 0.007949
v 0.000593 -0.002674 0.007915
v 0.000087 -0.002218 0.008017
v -0.000006 -0.002134 0.008036
v 0.002158 -0.004379 0.007400
v 0.002115 -0.004327 0.007419
v 0.001691 -0.006983 0.007565
v 0.001618 -0.003761 0.007598
v 0.001149 -0.003227 0.007767
v 0.003055 -0.005470 0.006996
v 0.003056 -0.005523 0.006999
v 0.003101 -0.005526 0.006976
v 0.003160 -0.005598 0.006949
v 0.004254 -0.006654 0.006403
v 0.003103 -0.007624 0.006984
v 0.004371 -0.006744 0.006336
v 0.004432 -0.008256 0.006333
v 0.004684 -0.006964 0.006144
v 0.004139 -0.006562 0.006466
v 0.003607 -0.006050 0.006731
v 0.003249 -0.005706 0.006909
v 0.005628 -0.007508 0.005422
v 0.005319 -0.007346 0.005686
v 0.005075 -0.008538 0.005927
v 0.005002 -0.007165 0.005928
v 0.004881 -0.007089 0.006010
v 0.005030 -0.017152 0.005925
v 0.005571 -0.018103 0.005421
v 0.003747 -0.017685 0.006650
v 0.003080 -0.017976 0.006928
v 0.000171 -0.019163 0.007676
v -0.000598 -0.019468 0.007708
v -0.001370 -0.019768 0.007672
v -0.003588 -0.020536 0.007255
v -0.004267 -0.020720 0.007011
v -0.004910 -0.020858 0.006683
v -0.005525 -0.020943 0.006239
v -0.005526 -0.020968 0.006239
v -0.004880 -0.000179 0.007241
v -0.005136 -0.000170 0.007103
v -0.005051 -0.005565 0.006962
v -0.005226 -0.000167 0.007054
v -0.005847 -0.001303 0.006584
v -0.005560 -0.000160 0.006838
v -0.005877 -0.000157 0.006592
v -0.004370 -0.005552 0.007304
v -0.004527 -0.000199 0.007401
v 0.001725 -0.012894 0.007436
v 0.000992 -0.012913 0.007620
v 0.003135 -0.012869 0.006941
v 0.004470 -0.012850 0.006327
v 0.005634 -0.016933 0.005420
v 0.005670 -0.016252 0.005420
v 0.005740 -0.014952 0.005420
v -0.005430 -0.013652 0.006311
v -0.005406 -0.014861 0.006289
v -0.004811 -0.013542 0.006743
v -0.004836 -0.017623 0.006713
v -0.005455 -0.017731 0.006270
v -0.005455 -0.017758 0.006270
v -0.005500 -0.020410 0.006253
v -0.002876 -0.020312 0.007438
v -0.002823 -0.017099 0.007471
v -0.002804 -0.013202 0.007505
v -0.005518 -0.009380 0.006391
v -0.004903 -0.009327 0.006841
v -0.005673 -0.005586 0.006482
v -0.005518 -0.009390 0.006391
v -0.005511 -0.009569 0.006387
v -0.005430 -0.013631 0.006311
v -0.003529 -0.017298 0.007287
v -0.004200 -0.017476 0.007043
v -0.003509 -0.013313 0.007320
v -0.004177 -0.013431 0.007075
v -0.003561 -0.009225 0.007426
v -0.004250 -0.009269 0.007177
v -0.001316 -0.009314 0.007850
v -0.000539 -0.009416 0.007880
v 0.000231 -0.009539 0.007832
v 0.000240 -0.012942 0.007737
v -0.000529 -0.012983 0.007775
v -0.001301 -0.013038 0.007741
v -0.002087 -0.009243 0.007757
v -0.002839 -0.009212 0.007613
v 0.005753 -0.010411 0.005421
v 0.005734 -0.009959 0.005421
v 0.005683 -0.008780 0.005421
v -0.005465 -0.025457 -0.005872
v -0.005441 -0.025466 -0.005843
v -0.005528 -0.025481 -0.005778
v -0.005527 -0.025509 -0.005616
v -0.005604 -0.025471 -0.005710
v -0.005774 -0.025294 -0.005927
v -0.005800 -0.025204 -0.005968
v -0.005744 -0.025209 -0.006027
v -0.005838 -0.024904 -0.006050
v -0.005798 -0.024904 -0.006084
v -0.005793 -0.024998 -0.006081
v -0.005817 -0.025145 -0.005996
v -0.005831 -0.025096 -0.006018
v -0.005835 -0.024997 -0.006035
v -0.005606 -0.025470 -0.005712
v -0.005665 -0.025440 -0.005784
v -0.005654 -0.025374 -0.005924
v -0.005721 -0.025364 -0.005858
v -0.005736 -0.025344 -0.005878
v -0.005710 -0.024905 -0.006158
v -0.005705 -0.024996 -0.006154
v -0.005704 -0.024998 -0.006154
v -0.005668 -0.025131 -0.006113
v -0.005648 -0.025204 -0.006091
v -0.005632 -0.025263 -0.006073
v -0.005586 -0.025325 -0.006018
v -0.005560 -0.025361 -0.005986
v -0.005497 -0.025445 -0.005911
v -0.005318 -0.025511 -0.005692
v -0.005399 -0.025513 -0.005627
v -0.005480 -0.025514 -0.005562
v 0.004227 -0.006414 0.006384
v 0.004235 -0.006392 0.006361
v 0.003715 -0.005907 0.006643
v -0.005674 0.000458 0.006360
v -0.005727 0.000363 0.006421
v -0.005014 0.000365 0.006925
v -0.005825 0.000184 0.006535
v -0.005834 0.000128 0.006544
v -0.005101 0.000120 0.007062
v 0.003228 -0.005380 0.006877
v 0.001767 -0.003060 0.006984
v 0.001494 -0.002737 0.007072
v 0.001496 -0.002801 0.007310
v 0.001450 -0.002686 0.007086
v 0.000398 -0.001646 0.007583
v 0.000852 -0.002030 0.007242
v 0.000549 -0.001731 0.007290
v 0.003344 -0.005059 0.006312
v 0.003288 -0.004996 0.006340
v 0.003357 -0.005132 0.006528
v 0.002913 -0.004523 0.006514
v 0.002458 -0.003999 0.006942
v 0.002594 -0.004120 0.006661
v 0.002449 -0.003934 0.006718
v 0.001770 -0.003064 0.006983
v 0.004309 -0.006179 0.006143
v 0.004294 -0.006123 0.006025
v 0.003822 -0.005645 0.006297
v 0.003856 -0.005629 0.006054
v 0.003890 -0.005662 0.006035
v 0.004270 -0.006029 0.005824
v 0.000178 -0.001934 0.007974
v 0.001320 -0.003056 0.007681
v 0.000774 -0.002486 0.007846
v 0.000316 -0.001766 0.007812
v 0.001435 -0.002911 0.007520
v 0.002407 -0.004103 0.007141
v 0.002304 -0.004234 0.007298
v 0.003318 -0.005242 0.006722
v 0.003794 -0.005761 0.006489
v 0.004287 -0.006240 0.006206
v -0.004300 0.000076 0.007429
v -0.003484 -0.000027 0.007683
v -0.001899 -0.000513 0.007988
v -0.002686 -0.000214 0.007862
v -0.001151 -0.000916 0.008051
v -0.000463 -0.001402 0.008045
v -0.004221 0.000322 0.007283
v -0.003398 0.000216 0.007532
v -0.002579 0.000022 0.007710
v -0.001770 -0.000290 0.007834
v -0.001006 -0.000713 0.007894
v -0.000315 -0.001218 0.007885
v -0.004889 0.000527 0.006715
v -0.004741 0.000578 0.006455
v -0.004925 0.000587 0.006360
v -0.005393 0.000596 0.006029
v -0.005456 0.000590 0.006103
v -0.005574 0.000519 0.006242
v -0.003817 0.000511 0.006848
v -0.004119 0.000482 0.007056
v -0.003359 0.000445 0.006978
v -0.003305 0.000373 0.007296
v -0.003221 0.000414 0.007009
v -0.004009 0.000528 0.006777
v -0.004153 0.000541 0.006723
v -0.004391 0.000562 0.006634
v -0.002483 0.000174 0.007469
v -0.002614 0.000277 0.007143
v -0.002872 0.000335 0.007086
v -0.001611 -0.000114 0.007295
v -0.001680 -0.000082 0.007287
v -0.001667 -0.000147 0.007591
v -0.001986 0.000063 0.007249
v -0.002413 0.000208 0.007177
v -0.000220 -0.001093 0.007647
v -0.000271 -0.000979 0.007370
v -0.000903 -0.000580 0.007651
v -0.000672 -0.000678 0.007365
v -0.000845 -0.000548 0.007363
v -0.000860 -0.000539 0.007362
v -0.001368 -0.000229 0.007325
v 0.000410 -0.001594 0.007313
v 0.000271 -0.001457 0.007335
v -0.000193 -0.001048 0.007365
v -0.004305 -0.028666 0.004317
v -0.004189 -0.028820 0.004317
v -0.003875 -0.028823 0.004630
v -0.003606 -0.029536 0.004316
v -0.003469 -0.029661 0.004316
v -0.002822 -0.029665 0.004808
v 0.002257 -0.030533 0.004316
v 0.002435 -0.030423 0.004316
v 0.002137 -0.030425 0.004496
v 0.003052 -0.030042 0.004316
v 0.003469 -0.029661 0.004316
v 0.003185 -0.029665 0.004562
v 0.004977 -0.026931 0.004317
v 0.005064 -0.026001 0.004317
v 0.004686 -0.026001 0.004747
v -0.000999 -0.026052 0.006664
v -0.001000 -0.026001 0.006664
v -0.001380 -0.026001 0.006593
v -0.000283 -0.026971 0.006662
v -0.000283 -0.026928 0.006664
v -0.001364 -0.026971 0.006522
v -0.000455 -0.026892 0.006664
v -0.000839 -0.026545 0.006664
v -0.000273 -0.027919 0.006446
v 0.000051 -0.027000 0.006664
v -0.000084 -0.026971 0.006664
v 0.000141 -0.026971 0.006664
v 0.000806 -0.026971 0.006618
v 0.000544 -0.026840 0.006664
v 0.000812 -0.026542 0.006664
v 0.001436 -0.026001 0.006564
v 0.001000 -0.026001 0.006664
v 0.000891 -0.026456 0.006664
v 0.001872 -0.026971 0.006390
v 0.004633 -0.026970 0.004696
v 0.004966 -0.026970 0.004317
v 0.004477 -0.027918 0.004546
v 0.004679 -0.027917 0.004317
v 0.004722 -0.027830 0.004317
v 0.003742 -0.029412 0.004316
v 0.004189 -0.028820 0.004317
v 0.003474 -0.028824 0.004954
v 0.004242 -0.028749 0.004317
v 0.000597 -0.030425 0.004965
v 0.001245 -0.030897 0.004316
v 0.001387 -0.030425 0.004796
v 0.001386 -0.030871 0.004316
v 0.002055 -0.030612 0.004316
v -0.000210 -0.030425 0.004998
v 0.000467 -0.031043 0.004316
v 0.000516 -0.031034 0.004316
v -0.001011 -0.030425 0.004894
v -0.000467 -0.031043 0.004316
v -0.000181 -0.031043 0.004316
v -0.001782 -0.030425 0.004656
v -0.001386 -0.030871 0.004316
v -0.000891 -0.030964 0.004316
v -0.002435 -0.030423 0.004316
v -0.002257 -0.030533 0.004316
v -0.001654 -0.030767 0.004316
v -0.002010 -0.029665 0.005219
v -0.002530 -0.030365 0.004316
v -0.003052 -0.030042 0.004316
v -0.003742 -0.029412 0.004316
v -0.003078 -0.028824 0.005222
v -0.004722 -0.027830 0.004317
v -0.004679 -0.027917 0.004317
v -0.004111 -0.027918 0.004897
v -0.004977 -0.026931 0.004317
v -0.004966 -0.026970 0.004317
v -0.004254 -0.026970 0.005059
v 0.004026 -0.026001 0.005326
v 0.003814 -0.026970 0.005415
v 0.003857 -0.026001 0.005474
v 0.002917 -0.026001 0.006050
v 0.002884 -0.026971 0.005985
v 0.002804 -0.026001 0.006096
v 0.001893 -0.026001 0.006460
v -0.001438 -0.026001 0.006575
v -0.002406 -0.026971 0.006201
v -0.002433 -0.026001 0.006269
v -0.002797 -0.026001 0.006085
v -0.003379 -0.026971 0.005709
v -0.005064 -0.026001 0.004317
v -0.004302 -0.026001 0.005114
v -0.004024 -0.026001 0.005321
v -0.003417 -0.026001 0.005771
v 0.000779 -0.027919 0.006403
v 0.001809 -0.027919 0.006183
v 0.002787 -0.027919 0.005791
v 0.003685 -0.027918 0.005240
v -0.003265 -0.027918 0.005525
v -0.002325 -0.027919 0.006000
v -0.001318 -0.027919 0.006310
v -0.002192 -0.028824 0.005671
v -0.001243 -0.028824 0.005963
v -0.000258 -0.028824 0.006091
v 0.000734 -0.028824 0.006050
v 0.001706 -0.028824 0.005842
v 0.002628 -0.028824 0.005473
v 0.004305 -0.028666 0.004317
v -0.001139 -0.029666 0.005487
v -0.000236 -0.029666 0.005604
v 0.000673 -0.029666 0.005567
v 0.001564 -0.029665 0.005377
v 0.002409 -0.029665 0.005038
v 0.003007 -0.030069 0.004316
v 0.005064 -0.019479 0.004318
v -0.005064 -0.025266 0.004317
v -0.000972 -0.025766 0.006668
v -0.000891 -0.025546 0.006680
v -0.000743 -0.025331 0.006699
v -0.000544 -0.025162 0.006719
v -0.000308 -0.025050 0.006734
v -0.000051 -0.025002 0.006741
v -0.000000 -0.025007 0.006741
v 0.000234 -0.025029 0.006737
v 0.000455 -0.025110 0.006726
v 0.000670 -0.025258 0.006707
v 0.000839 -0.025457 0.006687
v 0.000951 -0.025693 0.006672
v 0.000999 -0.025949 0.006664
v 0.004837 -0.019676 0.004585
v 0.004413 -0.020102 0.005015
v 0.004034 -0.020569 0.005336
v -0.007912 -0.023991 0.001750
v -0.007928 -0.023976 0.001626
v -0.007918 -0.024184 0.001603
v -0.006185 -0.025317 -0.005147
v -0.006185 -0.025318 0.005131
v -0.005928 -0.025388 0.005064
v -0.005957 -0.025379 0.005033
v -0.006009 -0.025360 0.004969
v -0.006421 -0.025214 0.004460
v -0.006674 -0.025132 0.004493
v -0.006486 -0.025186 0.004358
v -0.007068 -0.024943 0.003807
v -0.006873 -0.025010 0.003699
v -0.006776 -0.025060 0.003899
v -0.006574 -0.025148 0.004219
v -0.007366 -0.024770 0.003079
v -0.007057 -0.024915 0.003318
v -0.006947 -0.024972 0.003547
v -0.007565 -0.024626 0.002319
v -0.007369 -0.024712 0.002269
v -0.007280 -0.024779 0.002674
v -0.007215 -0.024818 0.002860
v -0.007167 -0.024847 0.003000
v -0.007531 -0.024573 0.001189
v -0.007682 -0.024520 0.001544
v -0.007566 -0.024528 0.000399
v -0.007753 -0.024431 -0.000008
v -0.007500 -0.024602 0.001444
v -0.007492 -0.024610 0.001515
v -0.007440 -0.024659 0.001951
v -0.007682 -0.024520 -0.001560
v -0.007494 -0.024608 -0.001532
v -0.007503 -0.024600 -0.001461
v -0.007519 -0.024585 -0.001343
v -0.007563 -0.024532 -0.000557
v -0.007565 -0.024530 -0.000008
v -0.007418 -0.024676 -0.002089
v -0.007565 -0.024626 -0.002336
v -0.007371 -0.024710 -0.002286
v -0.007241 -0.024803 -0.002822
v -0.007366 -0.024769 -0.003095
v -0.007220 -0.024815 -0.002878
v -0.006873 -0.025009 -0.003716
v -0.006950 -0.024970 -0.003564
v -0.007068 -0.024942 -0.003824
v -0.007010 -0.024940 -0.003446
v -0.007169 -0.024846 -0.003017
v -0.006391 -0.025225 -0.004520
v -0.006485 -0.025185 -0.004374
v -0.006674 -0.025131 -0.004510
v -0.006575 -0.025146 -0.004236
v -0.006727 -0.025082 -0.004003
v -0.006009 -0.025359 -0.004986
v -0.005957 -0.025377 -0.005050
v -0.005711 -0.025448 -0.005300
v -0.005446 -0.025514 -0.005535
v -0.006322 -0.025187 -0.005301
v -0.006282 -0.024788 -0.005614
v -0.006396 -0.024988 -0.005420
v -0.006282 -0.024790 0.005598
v -0.006396 -0.024990 0.005403
v -0.006322 -0.025188 0.005284
v -0.007840 -0.024058 0.002314
v -0.007802 -0.024290 0.002417
v -0.007811 -0.024080 0.002451
v -0.007944 -0.023962 0.001502
v -0.007976 -0.023920 0.000875
v -0.007984 -0.024095 -0.000008
v -0.007995 -0.023897 0.000528
v -0.007998 -0.023892 -0.000008
v -0.006391 -0.024754 0.005466
v -0.006591 -0.024689 0.005227
v -0.006897 -0.024800 0.004727
v -0.006783 -0.024614 0.004946
v -0.007219 -0.024428 0.004222
v -0.007299 -0.024609 0.003999
v -0.006988 -0.024534 0.004645
v -0.006891 -0.024571 0.004786
v -0.007258 -0.024410 0.004152
v -0.007299 -0.024388 0.004054
v -0.007602 -0.024434 0.003222
v -0.007523 -0.024270 0.003530
v -0.007553 -0.024252 0.003434
v -0.007604 -0.024220 0.003267
v -0.007707 -0.024156 0.002934
v -0.007778 -0.024104 0.002606
v -0.006818 -0.024997 0.004623
v -0.007216 -0.024804 0.003912
v -0.007516 -0.024627 0.003155
v -0.007715 -0.024481 0.002370
v -0.007831 -0.024373 0.001574
v -0.007898 -0.024283 -0.000008
v -0.007831 -0.024373 -0.001591
v -0.007715 -0.024480 -0.002387
v -0.007516 -0.024626 -0.003172
v -0.007216 -0.024803 -0.003928
v -0.006818 -0.024996 -0.004639
v -0.006888 -0.024570 -0.004801
v -0.006897 -0.024799 -0.004744
v -0.007131 -0.024469 -0.004412
v -0.007299 -0.024608 -0.004015
v -0.007221 -0.024426 -0.004239
v -0.007258 -0.024409 -0.004167
v -0.006786 -0.024613 -0.004965
v -0.006731 -0.024636 -0.005054
v -0.006389 -0.024752 -0.005481
v -0.007602 -0.024220 -0.003282
v -0.007552 -0.024251 -0.003450
v -0.007602 -0.024433 -0.003238
v -0.007523 -0.024269 -0.003546
v -0.007299 -0.024387 -0.004071
v -0.007741 -0.024132 -0.002817
v -0.007802 -0.024289 -0.002433
v -0.007777 -0.024104 -0.002622
v -0.007924 -0.023979 -0.001642
v -0.007912 -0.023991 -0.001767
v -0.007918 -0.024183 -0.001619
v -0.007888 -0.024016 -0.002018
v -0.007805 -0.024081 -0.002467
v -0.007999 -0.023889 -0.000260
v -0.007979 -0.023919 -0.000892
v -0.007970 -0.023931 -0.001162
v 0.004740 -0.006416 0.005518
v 0.004948 -0.006907 0.005916
v 0.005659 -0.007316 0.005333
v 0.004970 -0.006741 0.005775
v 0.005492 -0.006914 0.004887
v 0.005292 -0.006793 0.005071
v 0.005576 -0.007022 0.005050
v 0.005204 -0.006739 0.005152
v 0.004947 -0.006608 0.005603
v 0.004880 -0.006514 0.005407
v 0.005639 -0.007149 0.005202
v 0.005632 -0.007094 0.005159
v 0.007599 -0.007817 -0.002215
v 0.007404 -0.007726 -0.002116
v 0.007823 -0.007857 -0.001501
v 0.007521 -0.007758 -0.001799
v 0.007554 -0.007764 -0.001650
v 0.007602 -0.007774 -0.001435
v 0.007674 -0.007789 -0.001115
v 0.007947 -0.007872 -0.000753
v 0.006867 -0.007548 -0.003174
v 0.007284 -0.007729 -0.002869
v 0.006441 -0.007380 -0.003784
v 0.006489 -0.007437 -0.004047
v 0.006375 -0.007354 -0.003879
v 0.006355 -0.007344 -0.003904
v 0.007008 -0.007599 -0.002951
v 0.007114 -0.007635 -0.002749
v 0.007302 -0.007698 -0.002392
v 0.005492 -0.006913 -0.004898
v 0.005888 -0.007127 -0.004479
v 0.005576 -0.007021 -0.005061
v 0.008311 -0.008214 -0.000004
v 0.008371 -0.008445 -0.000005
v 0.008373 -0.008445 -0.000293
v 0.008271 -0.008211 -0.000796
v 0.008190 -0.008422 -0.001587
v 0.008176 -0.008419 -0.001630
v 0.008121 -0.008195 -0.001602
v 0.008084 -0.008403 -0.001904
v 0.007849 -0.008150 -0.002370
v 0.007993 -0.008387 -0.002177
v 0.008329 -0.008440 -0.000807
v 0.008316 -0.008439 -0.000968
v 0.008259 -0.008431 -0.001249
v 0.006639 -0.007956 -0.004353
v 0.006254 -0.007800 -0.004809
v 0.006164 -0.007559 -0.004836
v 0.006850 -0.008040 -0.004097
v 0.006639 -0.007759 -0.004284
v 0.007334 -0.008206 -0.003417
v 0.007492 -0.008056 -0.003062
v 0.007376 -0.008219 -0.003346
v 0.007512 -0.008260 -0.003116
v 0.006789 -0.008017 -0.004176
v 0.005638 -0.007147 -0.005213
v 0.006129 -0.007383 -0.004720
v 0.005659 -0.007315 -0.005345
v 0.007884 -0.008361 -0.002412
v 0.007795 -0.008340 -0.002602
v 0.007709 -0.008320 -0.002786
v 0.005732 -0.007560 0.005326
v 0.006150 -0.007754 0.004902
v 0.006164 -0.007560 0.004824
v 0.006638 -0.007956 0.004340
v 0.006639 -0.007760 0.004272
v 0.006293 -0.007819 0.004753
v 0.006254 -0.007802 0.004797
v 0.007794 -0.008340 0.002589
v 0.007849 -0.008150 0.002359
v 0.007595 -0.008288 0.002979
v 0.007492 -0.008057 0.003049
v 0.007516 -0.008263 0.003105
v 0.007373 -0.008218 0.003331
v 0.008125 -0.008412 0.001796
v 0.008168 -0.008418 0.001621
v 0.008119 -0.008195 0.001595
v 0.008262 -0.008432 0.001237
v 0.008271 -0.008211 0.000788
v 0.008289 -0.008436 0.001123
v 0.007888 -0.008364 0.002403
v 0.007916 -0.008371 0.002349
v 0.008088 -0.008405 0.001894
v 0.006850 -0.008041 0.004086
v 0.007211 -0.008166 0.003588
v 0.006586 -0.007579 -0.004177
v 0.007411 -0.007872 -0.002975
v 0.007749 -0.007961 -0.002301
v 0.007999 -0.008001 -0.001557
v 0.008137 -0.008014 -0.000778
v 0.008172 -0.008016 -0.000004
v 0.008136 -0.008014 0.000769
v 0.007998 -0.008001 0.001550
v 0.007749 -0.007961 0.002290
v 0.007412 -0.007873 0.002963
v 0.006586 -0.007580 0.004165
v 0.006129 -0.007384 0.004708
v 0.006430 -0.007378 0.003794
v 0.006353 -0.007343 0.003890
v 0.006489 -0.007439 0.004035
v 0.005937 -0.007153 0.004410
v 0.007284 -0.007730 0.002857
v 0.007118 -0.007637 0.002738
v 0.006867 -0.007549 0.003162
v 0.006445 -0.007384 0.003772
v 0.007946 -0.007872 0.000745
v 0.007711 -0.007795 0.000716
v 0.007823 -0.007858 0.001493
v 0.007674 -0.007789 0.001103
v 0.007610 -0.007777 0.001429
v 0.007590 -0.007773 0.001530
v 0.007553 -0.007765 0.001649
v 0.007599 -0.007817 0.002204
v 0.007410 -0.007730 0.002121
v 0.007179 -0.007659 0.002635
v 0.007714 -0.007795 -0.000726
v 0.007735 -0.007799 -0.000515
v 0.007977 -0.007873 -0.000004
v 0.007737 -0.007799 -0.000004
v 0.007738 -0.007800 0.000433
v 0.005628 -0.007506 -0.005434
v 0.006145 -0.007752 -0.004926
v 0.006153 -0.007756 -0.004918
v 0.005632 -0.007092 -0.005170
v 0.008325 -0.008440 0.000798
v 0.008367 -0.008445 0.000420
v 0.005292 -0.006788 -0.005076
v 0.004588 -0.006297 -0.005634
v 0.004881 -0.006513 -0.005419
v 0.004947 -0.006607 -0.005615
v 0.004970 -0.006739 -0.005787
v 0.004948 -0.006905 -0.005928
v 0.005036 -0.006627 -0.005304
v 0.004254 -0.006652 -0.006414
v 0.004139 -0.006560 -0.006478
v 0.004228 -0.006392 -0.006362
v 0.004371 -0.006742 -0.006347
v 0.004270 -0.006028 -0.005835
v 0.004306 -0.006094 -0.006011
v 0.004304 -0.006112 -0.006037
v 0.004280 -0.006292 -0.006293
v 0.004287 -0.006241 -0.006220
v 0.005319 -0.007345 -0.005697
v 0.005002 -0.007164 -0.005939
v 0.004881 -0.007087 -0.006022
v 0.004684 -0.006963 -0.006156
v -0.004106 -0.025410 -0.006341
v -0.004067 -0.025405 -0.006355
v -0.004965 -0.025498 -0.005138
v -0.004727 -0.025483 -0.004796
v -0.004495 -0.025463 -0.006197
v -0.005157 -0.025506 -0.005334
v -0.004730 -0.025477 -0.006053
v -0.005400 -0.025512 -0.005503
v -0.003443 -0.025318 -0.005772
v -0.004036 -0.025412 -0.005354
v -0.004066 -0.025415 -0.005327
v -0.004593 -0.025472 -0.004858
v -0.004703 -0.025481 -0.004753
v -0.003489 -0.025326 -0.006570
v -0.003454 -0.025317 -0.006577
v -0.002807 -0.025182 -0.006121
v -0.002783 -0.025157 -0.006722
v -0.002205 -0.025019 -0.006847
v -0.002073 -0.024979 -0.006419
v -0.002076 -0.024971 -0.006861
v -0.001439 -0.024762 -0.006597
v -0.001456 -0.024743 -0.006926
v -0.000806 -0.024503 -0.006708
v -0.000807 -0.024503 -0.006994
v -0.000188 -0.024201 -0.006747
v -0.000196 -0.024186 -0.006982
v 0.000000 -0.024109 -0.006758
v -0.000173 -0.024173 -0.006982
v 0.000741 -0.023677 -0.006716
v 0.000517 -0.023815 -0.006967
v 0.001034 -0.023458 -0.006890
v 0.001438 -0.023194 -0.006591
v 0.001535 -0.023112 -0.006814
v 0.001542 -0.023122 -0.006573
v 0.001725 -0.022981 -0.006786
v 0.002198 -0.022589 -0.006375
v 0.002133 -0.022613 -0.006677
v 0.002801 -0.022004 -0.006108
v 0.002889 -0.021933 -0.006475
v 0.003057 -0.021757 -0.005994
v 0.003045 -0.021747 -0.006416
v 0.003121 -0.021656 -0.006388
v 0.003550 -0.021194 -0.005703
v 0.004000 -0.020611 -0.005381
v 0.005608 -0.019079 -0.002077
v 0.005574 -0.019103 -0.002286
v 0.005309 -0.019289 -0.004008
v 0.005403 -0.019223 -0.003341
v 0.005294 -0.019299 -0.004008
v 0.005097 -0.019452 0.004257
v 0.005101 -0.019449 0.004237
v 0.005107 -0.019444 0.004205
v 0.005103 -0.019447 0.004148
v 0.005063 -0.019480 0.004069
v 0.005045 -0.019495 0.004047
v 0.005261 -0.019324 0.003992
v 0.005291 -0.019301 0.003992
v 0.005083 -0.019464 0.004096
v 0.004994 -0.019538 0.004014
v 0.004983 -0.019546 0.004007
v 0.004908 -0.019612 0.003992
v 0.005598 -0.019089 0.002115
v 0.005619 -0.019074 0.001987
v 0.005425 -0.019209 0.003173
v 0.005670 -0.019041 0.001020
v 0.005726 -0.019005 -0.000041
v 0.005723 -0.019007 -0.000087
v 0.005659 -0.019047 -0.001195
v 0.005131 -0.019423 -0.004248
v 0.005185 -0.019381 -0.004008
v 0.005000 -0.019531 -0.004008
v 0.005000 -0.019531 -0.004030
v 0.005060 -0.019481 -0.004078
v 0.005066 -0.019476 -0.004087
v 0.005088 -0.019458 -0.004121
v 0.005107 -0.019443 -0.004225
v 0.005104 -0.019445 -0.004170
v 0.005103 -0.019446 -0.004167
v 0.005100 -0.019448 -0.004254
v 0.005093 -0.019454 -0.004284
v 0.005868 -0.018919 -0.004542
v 0.006697 -0.018518 -0.000008
v 0.007030 -0.018398 -0.000061
v 0.005064 -0.019478 -0.004333
v 0.004837 -0.019674 -0.004600
v 0.004413 -0.020100 -0.005030
v 0.004034 -0.020568 -0.005352
v 0.005740 -0.014951 -0.005434
v 0.005745 -0.013130 -0.005434
v 0.006391 -0.013112 -0.004809
v 0.008380 -0.014503 -0.001251
v 0.008330 -0.015824 -0.001252
v 0.008155 -0.015840 -0.001908
v 0.006379 -0.010084 -0.004808
v 0.007499 -0.010249 0.003335
v 0.006975 -0.010181 0.004085
v 0.008208 -0.010323 0.001895
v 0.007918 -0.010295 0.002592
v 0.008337 -0.009199 0.001238
v 0.008447 -0.009208 -0.000006
v 0.008337 -0.009199 -0.001251
v 0.008208 -0.010322 -0.001907
v 0.007918 -0.010294 -0.002605
v 0.007499 -0.010248 -0.003347
v 0.006975 -0.010180 -0.004097
v 0.005683 -0.008779 -0.005434
v 0.005734 -0.009958 -0.005434
v 0.005634 -0.016932 -0.005435
v 0.005571 -0.018102 -0.005435
v 0.006326 -0.016108 -0.004809
v 0.005670 -0.016251 -0.005435
v 0.006921 -0.016000 -0.004098
v 0.007445 -0.015923 -0.003348
v 0.007865 -0.015871 -0.002606
v 0.008417 -0.015818 -0.000623
v 0.008440 -0.015817 -0.000007
v 0.008417 -0.015818 0.000608
v 0.008330 -0.015824 0.001238
v 0.008155 -0.015840 0.001894
v 0.007865 -0.015872 0.002592
v 0.007445 -0.015924 0.003334
v 0.006921 -0.016002 0.004084
v 0.006326 -0.016110 0.004795
v 0.006379 -0.010086 0.004796
v 0.006987 -0.013098 -0.004098
v 0.007511 -0.013088 -0.003348
v 0.007930 -0.013082 -0.002605
v 0.008219 -0.013079 0.001894
v 0.008380 -0.014504 0.001238
v 0.008394 -0.013076 0.001238
v 0.008490 -0.014499 -0.000007
v 0.008504 -0.013075 -0.000007
v 0.008394 -0.013076 -0.001251
v 0.008219 -0.013078 -0.001908
v 0.006391 -0.013113 0.004795
v 0.006987 -0.013099 0.004084
v 0.007511 -0.013089 0.003334
v 0.007930 -0.013083 0.002592
v 0.008383 -0.010336 -0.001251
v 0.008493 -0.010343 -0.000006
v 0.008383 -0.010337 0.001238
v 0.005753 -0.010410 -0.005433
v 0.005746 -0.012832 -0.005434
v -0.000552 -0.023748 -0.007605
v -0.000417 -0.023679 -0.007599
v -0.000314 -0.023878 -0.007548
v 0.003146 -0.021615 -0.006577
v -0.002003 -0.024321 -0.007510
v -0.001718 -0.024218 -0.007539
v -0.001631 -0.024436 -0.007498
v -0.000178 -0.024154 -0.007227
v 0.001049 -0.023428 -0.007116
v 0.002158 -0.022577 -0.006885
v 0.000814 -0.022996 -0.007494
v 0.000924 -0.023173 -0.007431
v 0.000180 -0.023376 -0.007572
v 0.000042 -0.023446 -0.007578
v 0.002905 -0.021271 -0.006950
v 0.003026 -0.021407 -0.006872
v 0.002410 -0.021766 -0.007122
v 0.002037 -0.022344 -0.007190
v 0.001916 -0.022184 -0.007258
v 0.001650 -0.022410 -0.007332
v 0.000871 -0.022962 -0.007487
v 0.001568 -0.022467 -0.007348
v -0.005408 -0.024901 -0.006384
v -0.005090 -0.024889 -0.006586
v -0.005047 -0.025121 -0.006554
v -0.003741 -0.024742 -0.007145
v -0.003674 -0.024972 -0.007115
v -0.004189 -0.024810 -0.007005
v -0.004369 -0.025067 -0.006880
v -0.004411 -0.024832 -0.006909
v -0.005085 -0.024888 -0.006589
v -0.004834 -0.024873 -0.006726
v -0.004430 -0.024834 -0.006901
v -0.003021 -0.024598 -0.007328
v -0.002777 -0.024544 -0.007383
v -0.002984 -0.024834 -0.007285
v -0.002275 -0.024399 -0.007466
v -0.003727 -0.024740 -0.007149
v -0.003527 -0.024709 -0.007212
v -0.003049 -0.024604 -0.007321
v 0.003107 -0.021524 -0.006743
v 0.002119 -0.022478 -0.007059
v 0.001005 -0.023323 -0.007299
v -0.000231 -0.024044 -0.007417
v -0.001551 -0.024615 -0.007369
v -0.002912 -0.025022 -0.007159
v -0.003603 -0.025162 -0.006992
v -0.004296 -0.025261 -0.006761
v -0.004968 -0.025317 -0.006443
v -0.004861 -0.025444 -0.006273
v -0.003526 -0.025284 -0.006804
v -0.004206 -0.025385 -0.006579
v -0.002841 -0.025141 -0.006968
v -0.001488 -0.024730 -0.007176
v 0.002985 -0.021191 -0.006923
v 0.003075 -0.021102 -0.006892
v 0.003640 -0.020443 -0.006653
v -0.001510 -0.024144 -0.007559
v -0.001271 -0.024058 -0.007583
v -0.000735 -0.023827 -0.007599
v -0.006090 -0.009425 0.005814
v -0.005518 -0.009378 -0.006404
v -0.005518 -0.009389 -0.006403
v -0.006090 -0.009423 -0.005826
v -0.005525 -0.020941 -0.006255
v -0.005526 -0.020967 -0.006254
v -0.006084 -0.021000 -0.005699
v -0.005999 -0.017823 0.005706
v -0.007361 -0.020921 0.003456
v -0.005673 -0.005584 -0.006493
v -0.006275 -0.005600 -0.005928
v -0.005847 -0.001301 -0.006594
v -0.007116 -0.000154 -0.005070
v -0.006971 -0.000154 -0.005281
v -0.006795 -0.005608 -0.005227
v -0.006491 -0.000154 -0.005982
v -0.006471 -0.000154 -0.006006
v -0.005992 -0.000154 -0.006501
v -0.005877 -0.000155 -0.006602
v -0.007201 -0.000155 -0.004946
v -0.007231 -0.005611 -0.004442
v -0.007405 -0.000155 -0.004489
v -0.007591 -0.000155 -0.004073
v -0.007569 -0.005612 -0.003600
v -0.007715 -0.000155 -0.003794
v -0.007798 -0.005612 -0.002727
v -0.007930 -0.000155 -0.002939
v -0.007753 -0.000155 -0.003644
v -0.008110 -0.000155 -0.001772
v -0.008102 -0.000155 -0.001853
v -0.007934 -0.005612 -0.001832
v -0.008043 -0.000155 -0.002492
v -0.007976 -0.000155 -0.002758
v -0.008189 -0.000155 0.000295
v -0.008191 -0.000155 -0.000005
v -0.008016 -0.005612 -0.000006
v -0.008192 -0.000155 -0.000113
v -0.008197 -0.000155 -0.000842
v -0.008183 -0.000155 0.001146
v -0.007934 -0.005612 0.001820
v -0.008128 -0.000156 0.001662
v -0.007798 -0.005612 0.002715
v -0.008033 -0.000156 0.002540
v -0.008108 -0.000156 0.001843
v -0.007569 -0.005613 0.003589
v -0.007946 -0.000156 0.002876
v -0.007979 -0.000156 0.002749
v -0.007629 -0.000156 0.003976
v -0.007705 -0.000156 0.003813
v -0.007752 -0.000156 0.003634
v -0.007397 -0.000156 0.004475
v -0.007231 -0.005612 0.004431
v -0.007110 -0.000156 0.005091
v -0.006795 -0.005610 0.005216
v -0.007102 -0.000156 0.005108
v -0.006471 -0.000155 0.005996
v -0.006481 -0.000155 0.005984
v -0.006275 -0.005602 0.005917
v -0.006491 -0.000155 0.005972
v -0.006982 -0.000156 0.005278
v -0.006189 -0.000156 0.006303
v -0.006084 -0.021002 0.005683
v -0.006593 -0.020994 0.005014
v -0.007025 -0.020962 0.004263
v -0.007590 -0.020886 0.002617
v -0.007726 -0.020858 0.001754
v -0.007791 -0.020841 0.000877
v -0.007726 -0.020858 -0.001770
v -0.007590 -0.020885 -0.002632
v -0.007361 -0.020920 -0.003472
v -0.007025 -0.020961 -0.004279
v -0.006592 -0.020993 -0.005029
v -0.007614 -0.013748 0.001762
v -0.007641 -0.017838 0.001755
v -0.007478 -0.013748 0.002629
v -0.007505 -0.017843 0.002619
v -0.007248 -0.013749 0.003476
v -0.007276 -0.017850 0.003462
v -0.006911 -0.013747 0.004291
v -0.006939 -0.017856 0.004274
v -0.006478 -0.013737 0.005052
v -0.006506 -0.017851 0.005031
v -0.005970 -0.013708 0.005731
v -0.007696 -0.013748 -0.000007
v -0.007723 -0.017833 -0.000007
v -0.007808 -0.020835 -0.000008
v -0.007641 -0.017837 -0.001770
v -0.007614 -0.013748 -0.001776
v -0.007505 -0.017842 -0.002634
v -0.007478 -0.013748 -0.002643
v -0.007276 -0.017849 -0.003477
v -0.007248 -0.013748 -0.003489
v -0.006939 -0.017855 -0.004288
v -0.006911 -0.013746 -0.004305
v -0.006506 -0.017849 -0.005045
v -0.006478 -0.013735 -0.005066
v -0.005999 -0.017821 -0.005720
v -0.005970 -0.013706 -0.005744
v -0.005406 -0.014859 -0.006302
v -0.007791 -0.020841 -0.000893
v -0.005455 -0.017730 -0.006285
v -0.005455 -0.017756 -0.006284
v -0.005500 -0.020408 -0.006268
v -0.006602 -0.009442 0.005125
v -0.007037 -0.009449 0.004354
v -0.007375 -0.009450 0.003527
v -0.007604 -0.009450 0.002668
v -0.007740 -0.009449 0.001788
v -0.007822 -0.009449 -0.000006
v -0.005511 -0.009567 -0.006399
v -0.005430 -0.013630 -0.006325
v -0.005430 -0.013651 -0.006325
v -0.006602 -0.009441 -0.005138
v -0.007037 -0.009448 -0.004366
v -0.007375 -0.009449 -0.003539
v -0.007604 -0.009449 -0.002680
v -0.007740 -0.009449 -0.001801
v -0.005926 0.000598 0.005497
v -0.005494 0.000597 0.005942
v -0.006442 0.000129 0.005931
v -0.006432 0.000185 0.005922
v -0.006318 0.000363 0.005826
v -0.006255 0.000460 0.005774
v -0.006139 0.000519 0.005676
v -0.005998 0.000592 0.005557
v 0.005103 -0.026001 0.004237
v 0.005103 -0.026001 0.004148
v 0.005064 -0.026001 0.004067
v 0.004995 -0.026001 0.004011
v 0.004908 -0.026001 0.003992
v 0.004910 -0.026918 0.004011
v 0.004978 -0.026931 0.004067
v 0.005016 -0.026938 0.004147
v 0.005016 -0.026938 0.004237
v 0.004758 -0.027844 0.004236
v 0.004338 -0.028687 0.004236
v 0.003771 -0.029438 0.004236
v 0.003075 -0.030073 0.004236
v 0.002274 -0.030568 0.004236
v 0.001396 -0.030909 0.004236
v 0.000471 -0.031082 0.004236
v -0.000471 -0.031082 0.004236
v -0.001396 -0.030909 0.004236
v -0.002274 -0.030568 0.004236
v -0.003771 -0.029438 0.004236
v -0.003075 -0.030073 0.004236
v -0.004338 -0.028687 0.004236
v -0.004758 -0.027844 0.004236
v -0.005016 -0.026938 0.004237
v -0.005103 -0.026001 0.004237
v 0.004758 -0.027844 0.004147
v 0.004339 -0.028687 0.004147
v 0.003771 -0.029438 0.004147
v 0.003075 -0.030073 0.004147
v 0.002275 -0.030569 0.004147
v 0.001397 -0.030909 0.004147
v 0.000471 -0.031082 0.004147
v -0.000471 -0.031082 0.004147
v -0.001397 -0.030909 0.004147
v -0.002275 -0.030569 0.004147
v -0.003075 -0.030073 0.004147
v -0.003771 -0.029438 0.004147
v -0.004339 -0.028687 0.004147
v -0.004758 -0.027844 0.004147
v -0.005016 -0.026938 0.004147
v -0.005103 -0.026001 0.004148
v 0.004722 -0.027830 0.004067
v 0.004306 -0.028667 0.004067
v 0.003743 -0.029412 0.004067
v 0.003052 -0.030042 0.004067
v 0.002257 -0.030534 0.004066
v 0.001386 -0.030872 0.004066
v 0.000467 -0.031043 0.004066
v -0.000467 -0.031043 0.004066
v -0.001386 -0.030872 0.004066
v -0.002257 -0.030534 0.004066
v -0.003052 -0.030042 0.004067
v -0.003743 -0.029412 0.004067
v -0.004306 -0.028667 0.004067
v -0.004722 -0.027830 0.004067
v -0.004978 -0.026931 0.004067
v -0.005064 -0.026001 0.004067
v 0.004658 -0.027805 0.004011
v 0.004247 -0.028630 0.004011
v 0.003691 -0.029366 0.004011
v 0.003010 -0.029987 0.004011
v 0.002226 -0.030472 0.004011
v 0.001367 -0.030805 0.004011
v 0.000461 -0.030974 0.004011
v -0.000461 -0.030974 0.004011
v -0.001367 -0.030805 0.004011
v -0.002226 -0.030472 0.004011
v -0.003010 -0.029987 0.004011
v -0.003691 -0.029366 0.004011
v -0.004247 -0.028630 0.004011
v -0.004658 -0.027805 0.004011
v -0.004910 -0.026918 0.004011
v -0.004995 -0.026001 0.004011
v 0.004824 -0.026902 0.003991
v 0.004576 -0.027773 0.003991
v 0.004173 -0.028584 0.003991
v 0.003627 -0.029307 0.003991
v 0.002958 -0.029917 0.003991
v 0.002188 -0.030394 0.003991
v 0.001343 -0.030721 0.003991
v 0.000453 -0.030888 0.003991
v -0.000453 -0.030888 0.003991
v -0.001343 -0.030721 0.003991
v -0.002188 -0.030394 0.003991
v -0.002958 -0.029917 0.003991
v -0.003627 -0.029307 0.003991
v -0.004173 -0.028584 0.003991
v -0.004576 -0.027773 0.003991
v -0.004824 -0.026902 0.003991
v -0.004908 -0.026001 0.003992
v -0.004993 -0.024066 0.004016
v -0.004913 -0.023823 0.003993
v -0.004908 -0.023809 0.003992
v -0.005093 -0.024702 0.004140
v -0.005096 -0.024744 0.004150
v -0.005073 -0.024435 0.004079
v -0.005063 -0.024382 0.004069
v -0.005013 -0.024126 0.004022
v -0.005071 -0.025260 0.004308
v -0.005078 -0.025245 0.004296
v -0.005093 -0.025180 0.004267
v -0.005099 -0.025075 0.004236
v -0.005108 -0.024904 0.004187
v -0.001761 -0.000038 0.006766
v -0.002263 -0.000037 0.006619
v -0.002263 0.000166 0.006617
v 0.000553 -0.001727 0.006756
v 0.001022 -0.002218 0.006541
v -0.000057 -0.002247 0.006624
v 0.001062 -0.002259 0.006523
v 0.001062 -0.003241 0.006108
v -0.000057 -0.003278 0.006180
v 0.002154 -0.003548 0.005621
v 0.002154 -0.004021 0.005305
v 0.001062 -0.004177 0.005511
v 0.002908 -0.004526 0.004474
v 0.002956 -0.004586 0.004373
v 0.002154 -0.004818 0.004594
v -0.005073 -0.000027 0.004818
v -0.005700 -0.000022 0.003995
v -0.005713 0.000598 0.003995
v -0.005684 -0.000836 0.003995
v -0.005687 -0.000675 0.003995
v -0.005073 -0.000798 0.004752
v -0.005073 -0.001548 0.004563
v -0.005534 -0.001376 0.003995
v -0.005300 -0.002218 0.003995
v -0.005324 -0.002128 0.003995
v -0.005073 -0.002259 0.004257
v -0.005068 -0.002621 0.003995
v -0.004237 -0.002610 0.004918
v -0.004816 -0.003060 0.003995
v -0.004237 -0.003364 0.004437
v -0.004585 -0.003461 0.003995
v -0.004226 -0.003830 0.003995
v -0.003853 -0.004214 0.003995
v -0.003292 -0.004469 0.004260
v -0.003585 -0.004489 0.003995
v -0.003283 -0.004674 0.003994
v -0.002361 -0.005237 0.003994
v -0.002263 -0.004792 0.004569
v -0.002261 -0.005268 0.003994
v -0.001175 -0.004992 0.004760
v -0.001171 -0.005603 0.003994
v -0.000990 -0.005659 0.003994
v -0.000057 -0.005064 0.004828
v -0.000056 -0.005704 0.003994
v 0.000442 -0.005728 0.003994
v 0.001062 -0.005005 0.004772
v 0.001056 -0.005602 0.003994
v 0.001847 -0.005440 0.003994
v 0.002146 -0.005295 0.003994
v 0.003137 -0.004813 0.003994
v 0.002241 -0.003658 0.005527
v 0.002460 -0.003944 0.005209
v 0.002657 -0.004202 0.004923
v 0.001197 -0.002401 0.006461
v 0.001767 -0.003060 0.006038
v 0.001844 -0.003157 0.005955
v -0.000032 -0.001182 0.006895
v -0.000063 -0.001158 0.006896
v -0.001175 -0.001141 0.006801
v -0.000668 -0.000672 0.006931
v -0.001161 -0.000347 0.006889
v -0.002263 -0.001096 0.006528
v -0.001676 -0.000073 0.006791
v -0.001175 -0.000339 0.006887
v -0.003292 -0.000034 0.006173
v -0.003288 0.000425 0.006149
v -0.002870 0.000344 0.006371
v -0.002274 0.000171 0.006613
v -0.004237 -0.000031 0.005567
v -0.004152 0.000545 0.005604
v -0.003530 0.000472 0.006021
v -0.005067 0.000590 0.004777
v -0.004995 0.000589 0.004864
v -0.004232 0.000549 0.005534
v -0.003292 -0.003729 0.004920
v -0.002263 -0.003999 0.005276
v -0.001175 -0.004166 0.005497
v -0.000057 -0.004225 0.005576
v -0.003292 -0.002893 0.005453
v -0.002263 -0.003103 0.005848
v -0.001175 -0.003232 0.006092
v -0.004237 -0.000922 0.005490
v -0.003292 -0.001022 0.006088
v -0.004237 -0.001789 0.005272
v -0.003292 -0.001983 0.005846
v -0.002263 -0.002127 0.006269
v -0.001175 -0.002215 0.006531
v -0.000057 -0.001162 0.006896
v 0.004270 -0.006029 0.003994
v 0.003889 -0.005663 0.003994
v -0.005926 0.000598 0.003995
v 0.000999 -0.025949 0.003992
v 0.000891 -0.026455 0.003991
v 0.000544 -0.026840 0.003991
v 0.000051 -0.026999 0.003991
v -0.000455 -0.026891 0.003991
v -0.000999 -0.026052 0.003992
v -0.000891 -0.025546 0.003992
v -0.000839 -0.026544 0.003991
v -0.000544 -0.025161 0.003992
v -0.000051 -0.025002 0.003992
v 0.000455 -0.025110 0.003992
v 0.000839 -0.025457 0.003992
v -0.004770 -0.025467 -0.004683
v -0.004992 -0.025413 -0.004424
v -0.005820 -0.025285 -0.004327
v -0.005540 -0.025257 -0.003689
v -0.005221 -0.025357 -0.004157
v -0.005226 -0.025355 -0.004150
v -0.005634 -0.025228 -0.003552
v -0.005757 -0.025182 -0.003319
v -0.005946 -0.025111 -0.002961
v -0.005964 -0.025105 -0.002928
v -0.005977 -0.025099 -0.002896
v -0.006179 -0.025011 -0.002387
v -0.006228 -0.024990 -0.002264
v -0.006307 -0.024951 -0.001979
v -0.006421 -0.024895 -0.001570
v -0.006434 -0.024888 -0.001493
v -0.006452 -0.024878 -0.001391
v -0.006477 -0.024864 -0.001241
v -0.006524 -0.024839 -0.000966
v -0.006540 -0.024830 -0.000872
v -0.006556 -0.024821 -0.000655
v -0.006575 -0.024810 -0.000379
v -0.006590 -0.024801 -0.000163
v -0.006590 -0.024801 -0.000126
v -0.006587 -0.024802 0.000239
v -0.006588 -0.024802 0.000110
v -0.006589 -0.024801 -0.000008
v -0.006578 -0.024808 0.000358
v -0.006555 -0.024822 0.000640
v -0.006530 -0.024836 0.000936
v -0.006530 -0.024836 0.000938
v -0.006477 -0.024865 0.001224
v -0.006448 -0.024880 0.001381
v -0.006431 -0.024890 0.001476
v -0.006397 -0.024908 0.001657
v -0.006308 -0.024951 0.001960
v -0.006198 -0.025004 0.002334
v -0.006181 -0.025012 0.002375
v -0.005969 -0.025102 0.002887
v -0.005946 -0.025112 0.002944
v -0.005756 -0.025183 0.003301
v -0.005927 -0.025120 0.002990
v -0.005576 -0.025249 0.003630
v -0.005546 -0.025258 0.003672
v -0.005224 -0.025356 0.004130
v -0.005820 -0.025286 0.004310
v -0.005170 -0.025372 0.004207
v -0.004992 -0.025414 0.004408
v -0.004966 -0.026969 -0.004334
v -0.004722 -0.027829 -0.004334
v -0.004758 -0.027843 -0.004255
v -0.004189 -0.028819 -0.004334
v -0.003742 -0.029411 -0.004334
v -0.003771 -0.029437 -0.004256
v -0.003469 -0.029660 -0.004334
v -0.003052 -0.030040 -0.004334
v -0.003075 -0.030071 -0.004256
v -0.002055 -0.030610 -0.004335
v -0.001386 -0.030870 -0.004335
v -0.001396 -0.030907 -0.004256
v 0.000181 -0.031042 -0.004335
v 0.000467 -0.031042 -0.004335
v 0.000471 -0.031080 -0.004256
v 0.000891 -0.030962 -0.004335
v 0.001386 -0.030870 -0.004335
v 0.001396 -0.030907 -0.004256
v 0.002530 -0.030364 -0.004334
v 0.003052 -0.030040 -0.004334
v 0.003075 -0.030071 -0.004256
v 0.004679 -0.027915 -0.004334
v 0.004722 -0.027829 -0.004334
v 0.004758 -0.027843 -0.004255
v 0.004966 -0.026969 -0.004334
v 0.004977 -0.026930 -0.004334
v 0.005016 -0.026937 -0.004255
v -0.004810 -0.027288 -0.004031
v -0.004915 -0.026918 -0.004031
v -0.004981 -0.026931 -0.004088
v -0.004320 -0.028494 -0.004031
v -0.004662 -0.027806 -0.004031
v -0.004725 -0.027830 -0.004088
v -0.003525 -0.029523 -0.004031
v -0.003695 -0.029368 -0.004031
v -0.003745 -0.029413 -0.004088
v -0.001293 -0.030823 -0.004032
v -0.001368 -0.030809 -0.004032
v -0.001387 -0.030873 -0.004088
v 0.001293 -0.030823 -0.004032
v 0.000461 -0.030978 -0.004032
v 0.000468 -0.031045 -0.004088
v 0.002490 -0.030313 -0.004032
v 0.002229 -0.030475 -0.004032
v 0.002259 -0.030535 -0.004088
v 0.003525 -0.029523 -0.004031
v 0.003013 -0.029990 -0.004032
v 0.003054 -0.030043 -0.004088
v 0.004320 -0.028494 -0.004031
v 0.004251 -0.028632 -0.004031
v 0.004308 -0.028667 -0.004088
v 0.004662 -0.027806 -0.004031
v 0.003695 -0.029368 -0.004031
v 0.003745 -0.029413 -0.004088
v 0.004339 -0.028686 -0.004168
v -0.000461 -0.030978 -0.004032
v -0.003013 -0.029990 -0.004032
v 0.004810 -0.027288 -0.004031
v 0.004725 -0.027830 -0.004088
v 0.004759 -0.027843 -0.004168
v 0.003772 -0.029438 -0.004168
v 0.003771 -0.029437 -0.004256
v 0.004338 -0.028685 -0.004255
v 0.005000 -0.025999 -0.004031
v 0.004915 -0.026918 -0.004031
v 0.005067 -0.025999 -0.004087
v 0.004981 -0.026931 -0.004088
v 0.005104 -0.025999 -0.004167
v 0.005017 -0.026937 -0.004167
v 0.005102 -0.025999 -0.004255
v 0.005064 -0.025999 -0.004334
v 0.004305 -0.028665 -0.004334
v 0.003469 -0.029660 -0.004334
v 0.003606 -0.029535 -0.004334
v 0.003742 -0.029411 -0.004334
v 0.004189 -0.028819 -0.004334
v 0.003076 -0.030072 -0.004168
v 0.001654 -0.030766 -0.004335
v 0.002257 -0.030532 -0.004335
v 0.002274 -0.030567 -0.004256
v 0.002435 -0.030422 -0.004335
v 0.002275 -0.030568 -0.004168
v 0.001397 -0.030908 -0.004168
v 0.001387 -0.030873 -0.004088
v 0.001368 -0.030809 -0.004032
v 0.000471 -0.031081 -0.004168
v -0.000000 -0.030978 -0.004032
v -0.000468 -0.031045 -0.004088
v -0.000471 -0.031081 -0.004168
v -0.000471 -0.031080 -0.004256
v -0.001245 -0.030896 -0.004335
v -0.000516 -0.031032 -0.004335
v -0.000467 -0.031042 -0.004335
v -0.001397 -0.030908 -0.004168
v -0.002229 -0.030475 -0.004032
v -0.002259 -0.030535 -0.004088
v -0.002275 -0.030568 -0.004168
v -0.002274 -0.030567 -0.004256
v -0.003007 -0.030068 -0.004334
v -0.002435 -0.030422 -0.004335
v -0.002257 -0.030532 -0.004335
v -0.003076 -0.030072 -0.004168
v -0.003054 -0.030043 -0.004088
v -0.002490 -0.030313 -0.004032
v -0.003772 -0.029438 -0.004168
v -0.004679 -0.027915 -0.004334
v -0.004305 -0.028665 -0.004334
v -0.004338 -0.028685 -0.004255
v -0.004242 -0.028748 -0.004334
v -0.004339 -0.028686 -0.004168
v -0.004308 -0.028667 -0.004088
v -0.004251 -0.028632 -0.004031
v -0.004759 -0.027843 -0.004168
v -0.004977 -0.026930 -0.004334
v -0.005016 -0.026937 -0.004255
v -0.005017 -0.026937 -0.004167
v -0.005000 -0.025999 -0.004031
v -0.005067 -0.025999 -0.004087
v -0.005104 -0.025999 -0.004167
v -0.005102 -0.025999 -0.004255
v -0.005064 -0.025999 -0.004334
v 0.004270 -0.006028 -0.004106
v 0.005000 -0.006604 0.003994
v 0.005000 -0.006603 -0.004106
v 0.005000 -0.019508 -0.004008
v 0.005000 -0.019506 0.003992
v 0.005000 -0.019462 0.002990
v 0.005000 -0.019417 0.001949
v 0.005000 -0.019417 0.001944
v 0.005000 -0.019395 0.000931
v 0.005000 -0.019374 -0.000013
v 0.005000 -0.019376 -0.000080
v 0.005000 -0.019396 -0.001093
v 0.005000 -0.019412 -0.001888
v 0.005000 -0.019422 -0.002112
v 0.005000 -0.019469 -0.003159
v -0.000972 -0.025765 -0.006685
v -0.001000 -0.025999 -0.006681
v -0.001436 -0.025999 -0.006581
v -0.000742 -0.025329 -0.006716
v -0.000544 -0.025160 -0.006736
v -0.000891 -0.025544 -0.006697
v 0.001000 -0.025999 -0.006681
v 0.000992 -0.025949 -0.006682
v 0.001380 -0.025999 -0.006610
v 0.001438 -0.025999 -0.006592
v 0.000951 -0.025691 -0.006688
v 0.000839 -0.025455 -0.006704
v 0.000670 -0.025256 -0.006724
v 0.000455 -0.025108 -0.006742
v 0.000234 -0.025027 -0.006754
v -0.000000 -0.024999 -0.006758
v -0.000050 -0.025007 -0.006757
v -0.000309 -0.025048 -0.006751
v 0.002797 -0.025999 -0.006102
v 0.003417 -0.025999 -0.005788
v 0.004024 -0.025999 -0.005338
v 0.004302 -0.025999 -0.005131
v 0.002433 -0.025999 -0.006286
v -0.001893 -0.025999 -0.006477
v -0.002804 -0.025999 -0.006112
v -0.002917 -0.025999 -0.006067
v -0.004686 -0.025999 -0.004764
v -0.005064 -0.025265 -0.004334
v -0.003857 -0.025999 -0.005491
v -0.004026 -0.025999 -0.005343
v 0.003875 -0.028822 -0.004648
v 0.002822 -0.029664 -0.004826
v -0.002137 -0.030424 -0.004514
v -0.003185 -0.029664 -0.004580
v 0.000891 -0.026454 -0.006681
v 0.000283 -0.026969 -0.006680
v 0.000283 -0.026923 -0.006681
v 0.001364 -0.026969 -0.006539
v 0.000544 -0.026838 -0.006681
v 0.000273 -0.027917 -0.006463
v 0.000051 -0.026998 -0.006681
v 0.000141 -0.026969 -0.006681
v -0.000084 -0.026969 -0.006681
v -0.000806 -0.026969 -0.006635
v -0.000455 -0.026890 -0.006681
v -0.000812 -0.026567 -0.006681
v -0.000839 -0.026543 -0.006681
v -0.001872 -0.026969 -0.006407
v -0.000999 -0.026051 -0.006681
v -0.004633 -0.026969 -0.004713
v -0.004477 -0.027917 -0.004563
v -0.003474 -0.028822 -0.004972
v -0.000597 -0.030424 -0.004983
v -0.001387 -0.030424 -0.004814
v 0.000210 -0.030424 -0.005016
v 0.001011 -0.030424 -0.004912
v 0.001782 -0.030424 -0.004674
v 0.002010 -0.029664 -0.005237
v 0.003078 -0.028822 -0.005240
v 0.004111 -0.027917 -0.004914
v 0.004254 -0.026969 -0.005077
v -0.003814 -0.026969 -0.005432
v -0.002884 -0.026969 -0.006002
v 0.002406 -0.026969 -0.006219
v 0.003379 -0.026969 -0.005726
v -0.000779 -0.027917 -0.006420
v -0.001809 -0.027917 -0.006200
v -0.002787 -0.027917 -0.005809
v -0.003685 -0.027917 -0.005258
v 0.003265 -0.027917 -0.005542
v 0.002325 -0.027917 -0.006018
v 0.001318 -0.027917 -0.006328
v 0.002192 -0.028822 -0.005688
v 0.001243 -0.028822 -0.005981
v 0.000258 -0.028822 -0.006108
v -0.000734 -0.028822 -0.006068
v -0.001706 -0.028822 -0.005860
v -0.002628 -0.028822 -0.005491
v 0.001139 -0.029664 -0.005505
v 0.000236 -0.029664 -0.005622
v -0.000673 -0.029664 -0.005585
v -0.001564 -0.029664 -0.005395
v -0.002409 -0.029664 -0.005056
v -0.003509 -0.013311 -0.007334
v -0.004177 -0.013429 -0.007088
v -0.004250 -0.009267 -0.007190
v 0.003080 -0.017974 -0.006943
v -0.000598 -0.019466 -0.007723
v -0.004344 -0.000222 -0.007469
v -0.003788 -0.000296 -0.007644
v -0.003652 -0.005565 -0.007568
v 0.003055 -0.005467 -0.007007
v 0.003100 -0.005522 -0.006987
v 0.003103 -0.007622 -0.006996
v 0.003252 -0.005708 -0.006919
v 0.003606 -0.006048 -0.006743
v 0.004432 -0.008254 -0.006345
v 0.002158 -0.004375 -0.007408
v 0.001691 -0.006981 -0.007577
v 0.002027 -0.004215 -0.007466
v 0.000866 -0.002921 -0.007867
v 0.000962 -0.003008 -0.007848
v 0.000953 -0.006677 -0.007806
v 0.001151 -0.003222 -0.007780
v 0.001619 -0.003753 -0.007612
v -0.000653 -0.001626 -0.008097
v -0.000162 -0.001988 -0.008080
v -0.000578 -0.006137 -0.008021
v -0.000010 -0.002126 -0.008048
v 0.000195 -0.006393 -0.007961
v 0.000088 -0.002215 -0.008028
v -0.001481 -0.001082 -0.008085
v -0.001326 -0.001164 -0.008100
v -0.001359 -0.005918 -0.007997
v -0.001168 -0.001247 -0.008115
v -0.000696 -0.001595 -0.008099
v -0.002046 -0.000783 -0.008031
v -0.002138 -0.005744 -0.007905
v -0.002183 -0.000710 -0.008018
v -0.002906 -0.005625 -0.007758
v -0.002794 -0.000520 -0.007898
v -0.002261 -0.000686 -0.008003
v -0.003552 -0.000327 -0.007719
v -0.003302 -0.000361 -0.007798
v -0.003037 -0.000444 -0.007850
v -0.004638 -0.000190 -0.007363
v -0.004527 -0.000197 -0.007411
v -0.004370 -0.005550 -0.007315
v -0.005135 -0.000169 -0.007111
v -0.005051 -0.005563 -0.006973
v -0.005226 -0.000165 -0.007064
v -0.005869 -0.000155 -0.006609
v -0.005798 -0.000155 -0.006668
v -0.004910 -0.020856 -0.006698
v -0.004267 -0.020718 -0.007027
v -0.003588 -0.020534 -0.007270
v -0.002134 -0.020051 -0.007594
v -0.002876 -0.020310 -0.007453
v 0.000928 -0.018859 -0.007584
v 0.000171 -0.019161 -0.007691
v 0.001668 -0.018562 -0.007414
v 0.003747 -0.017683 -0.006665
v 0.004395 -0.017405 -0.006340
v 0.005030 -0.017151 -0.005940
v 0.005075 -0.008536 -0.005939
v -0.004836 -0.017621 -0.006728
v -0.004811 -0.013540 -0.006757
v -0.004200 -0.017474 -0.007058
v -0.003529 -0.017296 -0.007302
v -0.002823 -0.017097 -0.007485
v -0.001370 -0.019766 -0.007687
v 0.003135 -0.012868 -0.006954
v 0.001725 -0.012892 -0.007450
v 0.000992 -0.012911 -0.007633
v 0.000240 -0.012940 -0.007750
v -0.000529 -0.012981 -0.007788
v -0.001301 -0.013036 -0.007754
v 0.005118 -0.012839 -0.005939
v 0.004470 -0.012848 -0.006341
v -0.005305 -0.000163 -0.007016
v -0.004903 -0.009325 -0.006853
v 0.000231 -0.009537 -0.007844
v -0.000539 -0.009414 -0.007892
v -0.001316 -0.009312 -0.007863
v -0.002087 -0.009241 -0.007769
v -0.002839 -0.009210 -0.007625
v -0.003561 -0.009223 -0.007438
v -0.002804 -0.013200 -0.007518
v -0.008085 0.000132 -0.001769
v -0.007915 0.000131 0.002870
v -0.007066 0.000131 0.005065
v -0.006930 0.000376 0.004985
v -0.007447 0.000376 0.003908
v -0.006298 0.000598 0.005002
v -0.006723 0.000540 0.004863
v -0.006466 0.000598 0.004711
v -0.006682 0.000598 0.004339
v -0.007222 0.000540 0.003823
v -0.006950 0.000598 0.003719
v -0.006983 0.000598 0.003642
v -0.007524 0.000540 0.002787
v -0.007194 0.000598 0.002947
v -0.007237 0.000599 0.002725
v -0.007342 0.000599 0.002181
v -0.007697 0.000540 0.001623
v -0.007403 0.000599 0.001597
v -0.007435 0.000599 0.001284
v -0.007756 0.000541 0.000291
v -0.007462 0.000599 0.000288
v -0.007757 0.000541 -0.000111
v -0.007471 0.000599 -0.000037
v -0.007469 0.000599 -0.000110
v -0.007688 0.000541 -0.001730
v -0.007433 0.000599 -0.001329
v -0.007394 0.000599 -0.001700
v -0.007340 0.000599 -0.002210
v -0.007513 0.000541 -0.002848
v -0.007229 0.000599 -0.002785
v -0.007201 0.000599 -0.002927
v -0.007189 0.000541 -0.003916
v -0.007595 0.000131 0.003964
v -0.007760 0.000376 0.002837
v -0.007937 0.000376 0.001645
v -0.008094 0.000131 0.001659
v -0.007997 0.000377 0.000293
v -0.008155 0.000131 0.000295
v -0.007998 0.000377 -0.000112
v -0.008156 0.000132 -0.000113
v -0.007928 0.000377 -0.001753
v -0.007749 0.000377 -0.002900
v -0.007903 0.000132 -0.002934
v -0.007413 0.000377 -0.004004
v -0.007560 0.000132 -0.004062
v -0.006944 0.000377 -0.004970
v -0.007080 0.000132 -0.005050
v -0.006981 0.000599 -0.003656
v -0.006916 0.000599 -0.003808
v -0.006736 0.000541 -0.004849
v -0.006698 0.000599 -0.004318
v -0.006481 0.000600 -0.004700
v -0.006339 0.000600 -0.004948
v -0.005926 0.000600 -0.005506
v -0.005998 0.000594 -0.005566
v -0.006141 0.000520 -0.005687
v -0.006443 0.000125 -0.005941
v -0.006442 0.000130 -0.005940
v -0.006432 0.000187 -0.005932
v -0.006255 0.000462 -0.005783
v -0.006318 0.000365 -0.005836
v -0.006319 0.000362 -0.005837
v -0.006209 -0.001924 0.003995
v -0.006465 -0.000676 0.003995
v -0.005714 -0.003099 0.003995
v -0.005000 -0.004154 0.003995
v -0.005000 -0.024028 0.003992
v -0.004914 -0.023824 0.003992
v -0.006472 0.000598 0.003995
v -0.006182 -0.024766 0.002261
v -0.006182 -0.024349 0.001979
v -0.006479 -0.024677 0.001067
v -0.005085 -0.025224 -0.004302
v -0.005074 -0.025254 -0.004320
v -0.005101 -0.025086 -0.004255
v -0.005105 -0.025057 -0.004244
v -0.005226 -0.024748 -0.004009
v -0.005762 -0.024979 -0.003271
v -0.005762 -0.024366 -0.003011
v -0.006182 -0.024765 -0.002277
v -0.006182 -0.024349 -0.001995
v -0.006182 -0.023995 -0.001638
v -0.006479 -0.024676 -0.001084
v -0.006479 -0.024493 -0.000807
v -0.006479 -0.024367 -0.000500
v -0.006479 -0.024303 -0.000174
v -0.006479 -0.024303 0.000158
v -0.006479 -0.024367 0.000484
v -0.006479 -0.024493 0.000791
v -0.006182 -0.023996 0.001621
v -0.005762 -0.024980 0.003254
v -0.005226 -0.024749 0.003993
v -0.005226 -0.023997 0.003674
v -0.005090 -0.024747 -0.004170
v -0.005088 -0.024700 -0.004159
v -0.005226 -0.023996 -0.003691
v -0.005077 -0.024461 -0.004101
v -0.005065 -0.024399 -0.004090
v -0.005000 -0.023869 0.003909
v -0.005226 -0.023321 0.003216
v -0.005000 -0.023150 0.003422
v -0.005226 -0.022747 0.002636
v -0.005000 -0.022540 0.002805
v -0.005226 -0.022297 0.001956
v -0.005000 -0.022060 0.002081
v -0.005226 -0.021986 0.001201
v -0.005000 -0.021730 0.001278
v -0.005226 -0.021828 0.000400
v -0.005000 -0.021561 0.000426
v -0.005226 -0.021828 -0.000416
v -0.005000 -0.021561 -0.000442
v -0.005226 -0.021986 -0.001217
v -0.005000 -0.021729 -0.001294
v -0.005226 -0.022296 -0.001972
v -0.005000 -0.022059 -0.002097
v -0.005226 -0.022747 -0.002652
v -0.005000 -0.022539 -0.002821
v -0.005226 -0.023321 -0.003233
v -0.005000 -0.023149 -0.003438
v -0.005000 -0.023868 -0.003926
v -0.005000 -0.024073 -0.004031
v -0.006182 -0.023718 -0.001218
v -0.006182 -0.023526 -0.000753
v -0.006182 -0.023429 -0.000260
v -0.006182 -0.023429 0.000243
v -0.006182 -0.023527 0.000737
v -0.006182 -0.023718 0.001202
v -0.005762 -0.023815 -0.002637
v -0.005762 -0.023347 -0.002164
v -0.005762 -0.022980 -0.001609
v -0.005762 -0.022727 -0.000994
v -0.005762 -0.022598 -0.000341
v -0.005762 -0.022598 0.000325
v -0.005762 -0.022727 0.000978
v -0.005762 -0.022980 0.001593
v -0.005762 -0.023348 0.002148
v -0.005762 -0.023816 0.002621
v -0.005762 -0.024367 0.002994
v -0.004830 -0.027294 -0.004109
v -0.005000 -0.025999 -0.004108
v -0.004330 -0.028499 -0.004109
v -0.003536 -0.029535 -0.004109
v -0.002500 -0.030330 -0.004109
v -0.001294 -0.030829 -0.004109
v 0.000000 -0.030999 -0.004109
v 0.001294 -0.030829 -0.004109
v 0.002500 -0.030330 -0.004109
v 0.003536 -0.029535 -0.004109
v 0.004330 -0.028499 -0.004109
v 0.004830 -0.027294 -0.004109
v 0.005000 -0.025999 -0.004108
v 0.000999 -0.025948 -0.004108
v 0.000839 -0.025456 -0.004108
v 0.000455 -0.025109 -0.004108
v -0.000051 -0.025001 -0.004108
v -0.000544 -0.025160 -0.004108
v -0.000891 -0.025545 -0.004108
v -0.000999 -0.026051 -0.004109
v -0.000455 -0.026890 -0.004109
v -0.000839 -0.026543 -0.004109
v 0.000051 -0.026998 -0.004109
v 0.000891 -0.026454 -0.004109
v 0.000544 -0.026839 -0.004109
v 0.003208 -0.004898 -0.006390
v 0.003345 -0.005055 -0.006322
v 0.003357 -0.005130 -0.006539
v -0.005731 0.000362 -0.006435
v -0.005729 0.000364 -0.006433
v -0.005014 0.000367 -0.006935
v -0.005128 0.000594 -0.006239
v -0.004742 0.000581 -0.006467
v -0.004889 0.000529 -0.006724
v 0.000408 -0.001587 -0.007325
v 0.000394 -0.001641 -0.007594
v -0.000114 -0.001109 -0.007375
v -0.000219 -0.001091 -0.007658
v -0.001678 -0.000140 -0.007600
v -0.001622 -0.000106 -0.007304
v -0.001454 -0.000181 -0.007326
v -0.000908 -0.000575 -0.007661
v -0.000865 -0.000534 -0.007371
v -0.000845 -0.000546 -0.007373
v -0.000684 -0.000658 -0.007379
v -0.000668 -0.000671 -0.007378
v -0.000192 -0.001047 -0.007375
v -0.002765 0.000320 -0.007124
v -0.002489 0.000178 -0.007478
v -0.002870 0.000342 -0.007100
v -0.003311 0.000376 -0.007305
v -0.003227 0.000418 -0.007018
v -0.004640 0.000578 -0.006527
v -0.004152 0.000544 -0.006734
v -0.004121 0.000484 -0.007065
v -0.004032 0.000536 -0.006785
v -0.003359 0.000447 -0.006988
v -0.002419 0.000210 -0.007185
v -0.002103 0.000111 -0.007241
v -0.001679 -0.000080 -0.007297
v 0.000174 -0.001927 -0.007985
v -0.000463 -0.001399 -0.008055
v -0.001907 -0.000506 -0.007997
v -0.001155 -0.000912 -0.008060
v -0.003488 -0.000024 -0.007692
v -0.002690 -0.000211 -0.007871
v -0.004302 0.000079 -0.007439
v -0.005785 0.000289 -0.006498
v 0.003715 -0.005905 -0.006654
v 0.003227 -0.005377 -0.006889
v 0.002304 -0.004233 -0.007309
v 0.001319 -0.003053 -0.007691
v -0.005828 0.000125 -0.006547
v -0.005101 0.000122 -0.007072
v -0.004222 0.000324 -0.007292
v -0.003403 0.000219 -0.007541
v -0.002585 0.000026 -0.007719
v -0.001780 -0.000283 -0.007843
v -0.001010 -0.000708 -0.007903
v -0.000315 -0.001216 -0.007895
v 0.000312 -0.001760 -0.007823
v 0.001435 -0.002908 -0.007531
v 0.002408 -0.004102 -0.007152
v 0.003317 -0.005240 -0.006733
v 0.003794 -0.005759 -0.006501
v 0.003893 -0.005658 -0.006043
v 0.003822 -0.005643 -0.006309
v 0.003756 -0.005523 -0.006118
v 0.002913 -0.004521 -0.006524
v 0.002460 -0.003999 -0.006953
v 0.002453 -0.003932 -0.006732
v 0.001488 -0.002738 -0.007078
v 0.001767 -0.003059 -0.006995
v 0.001495 -0.002798 -0.007320
v 0.001770 -0.003062 -0.006994
v 0.002420 -0.003891 -0.006747
v 0.000479 -0.001653 -0.007319
v 0.000551 -0.001727 -0.007304
v 0.001093 -0.002285 -0.007196
v -0.005830 0.000120 -0.006549
v -0.005872 -0.000041 -0.006597
v -0.005393 0.000598 -0.006039
v -0.005578 0.000529 -0.006257
v -0.005616 0.000514 -0.006302
v -0.005820 0.000600 -0.005628
v -0.006653 0.000599 -0.002076
v -0.006618 0.000599 -0.002206
v -0.006502 0.000599 -0.002453
v -0.006200 0.000599 -0.003098
v -0.006909 0.000599 0.000870
v -0.006940 0.000599 0.000662
v -0.005926 0.000599 -0.003682
v -0.006472 0.000599 0.002594
v -0.006518 0.000599 0.002444
v -0.006637 0.000599 0.002051
v -0.006947 0.000599 0.000615
v -0.006955 0.000599 0.000482
v -0.006964 0.000599 0.000334
v -0.006971 0.000599 -0.000211
v -0.006963 0.000599 -0.000344
v -0.006909 0.000599 -0.000878
v -0.006888 0.000599 -0.001022
v -0.006834 0.000599 -0.001389
v -0.006830 0.000599 -0.001417
v -0.006971 0.000599 -0.000005
v -0.006972 0.000599 -0.000109
v -0.006972 0.000599 -0.000201
v -0.006955 0.000599 -0.000491
v -0.006948 0.000599 -0.000609
v -0.006938 0.000599 -0.000679
v -0.006827 0.000599 0.001422
v -0.006832 0.000599 0.001385
v -0.006888 0.000599 0.001011
v -0.006971 0.000599 0.000207
v -0.006971 0.000599 0.000201
v -0.006971 0.000599 0.000100
v -0.006392 -0.001146 0.002593
v -0.006465 -0.000676 0.002593
v -0.006490 -0.000217 0.002593
v -0.006489 0.000217 0.002593
v -0.006500 -0.000041 0.002593
v -0.006238 -0.001811 0.002593
v -0.006264 -0.001708 0.002593
v -0.006368 -0.001304 0.002593
v -0.005714 -0.003098 0.002593
v -0.005990 -0.002524 0.002593
v -0.006035 -0.002401 0.002593
v -0.006209 -0.001924 0.002593
v -0.005000 -0.004154 0.002593
v -0.005384 -0.003642 0.002593
v -0.005561 -0.003350 0.002593
v -0.005664 -0.003182 0.002593
v -0.005000 -0.004634 0.001585
v -0.005000 -0.004309 0.002326
v -0.005000 -0.003799 -0.004105
v -0.005000 -0.004633 -0.001596
v -0.005000 -0.004832 -0.000812
v -0.005000 -0.004899 -0.000006
v -0.005000 -0.004832 0.000801
v -0.005000 -0.003800 -0.003097
v -0.005000 -0.003866 -0.003014
v -0.005000 -0.004308 -0.002337
v -0.004951 -0.003800 -0.003160
v -0.004213 -0.003799 -0.004105
v -0.004115 -0.003885 -0.004105
v -0.003210 -0.004678 -0.004106
v 0.002048 -0.005272 -0.004106
v 0.001897 -0.005347 -0.004106
v -0.000008 -0.005634 -0.004106
v -0.002084 -0.005269 -0.004106
v -0.002165 -0.005226 -0.004106
v -0.003182 -0.004692 -0.004106
v 0.001081 -0.005532 -0.004106
v 0.000596 -0.005642 -0.004106
v -0.000737 -0.005625 -0.004106
v -0.001097 -0.005534 -0.004106
v -0.002029 -0.005298 -0.004106
v 0.003889 -0.005662 -0.004106
v 0.003092 -0.004756 -0.004106
v 0.002147 -0.005223 -0.004106
v -0.005660 0.000599 -0.004069
v -0.004152 0.000546 -0.005614
v -0.005552 0.000599 -0.004226
v -0.005128 0.000594 -0.004733
v -0.004948 0.000588 -0.004911
v -0.004658 0.000579 -0.005198
v -0.004117 0.000542 -0.005637
v -0.003675 0.000491 -0.005934
v -0.003530 0.000474 -0.006031
v -0.003179 0.000406 -0.006217
v -0.001676 -0.000071 -0.006801
v -0.002168 0.000129 -0.006654
v -0.002274 0.000172 -0.006623
v -0.002870 0.000346 -0.006380
v -0.000815 -0.000573 -0.006928
v -0.000668 -0.000670 -0.006941
v -0.001162 -0.000345 -0.006899
v -0.001102 -0.000384 -0.006904
v -0.000033 -0.001180 -0.006905
v -0.000008 -0.001203 -0.006899
v 0.000539 -0.001712 -0.006770
v 0.000553 -0.001725 -0.006766
v 0.001086 -0.002282 -0.006522
v 0.001197 -0.002399 -0.006471
v 0.001490 -0.002737 -0.006254
v 0.001767 -0.003059 -0.006048
v 0.002154 -0.003546 -0.005631
v 0.002219 -0.003629 -0.005561
v 0.002241 -0.003657 -0.005537
v 0.002657 -0.004200 -0.004934
v 0.002908 -0.004525 -0.004485
v 0.002771 -0.004347 -0.004731
v -0.006914 -0.001035 0.000350
v -0.006914 -0.001079 0.000175
v -0.007000 0.000000 -0.000005
v -0.006914 -0.000962 0.000516
v -0.006914 -0.000864 0.000667
v -0.006914 -0.000741 0.000800
v -0.006914 -0.000599 0.000911
v -0.006914 -0.000440 0.000997
v -0.006914 -0.000269 0.001056
v -0.006914 -0.000090 0.001086
v -0.006914 0.000090 0.001086
v -0.006907 0.000563 0.000902
v -0.006914 0.000439 0.000997
v -0.006914 0.000091 -0.001095
v -0.006914 0.000269 -0.001066
v -0.006914 -0.000090 -0.001095
v -0.006914 -0.000268 -0.001066
v -0.006914 -0.000439 -0.001007
v -0.006914 -0.000598 -0.000921
v -0.006914 -0.000741 -0.000810
v -0.006914 -0.000863 -0.000677
v -0.006914 -0.000962 -0.000526
v -0.006914 -0.001035 -0.000360
v -0.006914 -0.001079 -0.000185
v -0.006914 -0.001094 -0.000005
v -0.004953 -0.003350 -0.003645
v -0.004119 -0.003833 -0.004170
v -0.003183 -0.004222 -0.004592
v -0.000008 -0.005523 -0.004305
v 0.001086 -0.005456 -0.004253
v 0.002154 -0.004510 -0.004906
v -0.002169 -0.000549 -0.006638
v -0.004953 0.000409 -0.004935
v -0.006914 0.000440 -0.001007
v -0.005665 -0.003245 0.002520
v -0.005665 -0.003617 0.001952
v -0.006238 -0.002506 0.001945
v -0.006238 -0.002151 0.002331
v -0.006658 -0.001182 0.001805
v -0.006658 -0.001464 0.001585
v -0.006658 -0.000869 0.001975
v -0.006658 -0.000531 0.002091
v -0.006658 -0.000179 0.002149
v -0.006658 0.000530 0.002091
v -0.006658 0.000178 0.002149
v -0.006914 0.000269 0.001056
v -0.006907 0.000562 -0.000911
v -0.006658 0.000531 -0.002100
v -0.006658 0.000179 -0.002159
v -0.006238 0.000263 -0.003170
v -0.005665 0.000340 -0.004103
v -0.004119 -0.000467 -0.005646
v -0.004119 0.000468 -0.005646
v -0.003183 -0.000514 -0.006218
v -0.001102 -0.001696 -0.006706
v -0.001102 -0.000570 -0.006894
v -0.000008 -0.001717 -0.006791
v -0.000008 -0.002811 -0.006416
v 0.001086 -0.002777 -0.006338
v 0.001086 -0.003781 -0.005795
v 0.002154 -0.003642 -0.005581
v -0.001102 -0.004681 -0.005091
v -0.001102 -0.005454 -0.004251
v -0.005665 -0.003889 0.001330
v -0.005665 -0.004056 0.000671
v -0.005665 -0.004112 -0.000005
v -0.005665 -0.004056 -0.000682
v -0.005665 -0.003889 -0.001341
v -0.005665 -0.003616 -0.001962
v -0.005665 -0.003244 -0.002531
v -0.005665 -0.002784 -0.003030
v 0.001086 -0.004683 -0.005093
v -0.000008 -0.003828 -0.005866
v -0.000008 -0.004740 -0.005156
v -0.001102 -0.002776 -0.006336
v -0.001102 -0.003780 -0.005792
v -0.002169 -0.001633 -0.006457
v -0.002169 -0.002673 -0.006100
v -0.002169 -0.003639 -0.005577
v -0.002169 -0.004507 -0.004902
v -0.003183 -0.001530 -0.006049
v -0.003183 -0.002504 -0.005715
v -0.003183 -0.003409 -0.005225
v -0.004119 -0.001389 -0.005492
v -0.004119 -0.002273 -0.005189
v -0.004119 -0.003095 -0.004744
v -0.004953 -0.000408 -0.004935
v -0.004953 -0.001214 -0.004801
v -0.004953 -0.001986 -0.004535
v -0.004953 -0.002705 -0.004147
v -0.005665 -0.000339 -0.004103
v -0.005665 -0.001009 -0.003991
v -0.005665 -0.001651 -0.003771
v -0.005665 -0.002248 -0.003447
v -0.006238 -0.000262 -0.003170
v -0.006238 -0.000779 -0.003084
v -0.006238 -0.001275 -0.002913
v -0.006238 -0.001737 -0.002664
v -0.006238 -0.002151 -0.002342
v -0.006238 -0.002506 -0.001956
v -0.006238 -0.002793 -0.001517
v -0.006238 -0.003004 -0.001036
v -0.006238 -0.003132 -0.000528
v -0.006238 -0.003176 -0.000005
v -0.006238 -0.003132 0.000517
v -0.006238 -0.003004 0.001026
v -0.006238 -0.002793 0.001506
v -0.006658 -0.000178 -0.002159
v -0.006658 -0.000530 -0.002100
v -0.006658 -0.000868 -0.001985
v -0.006658 -0.001182 -0.001815
v -0.006658 -0.001464 -0.001595
v -0.006658 -0.001706 -0.001333
v -0.006658 -0.001901 -0.001034
v -0.006658 -0.002044 -0.000707
v -0.006658 -0.002132 -0.000361
v -0.006658 -0.002162 -0.000005
v -0.006658 -0.002132 0.000351
v -0.006658 -0.002045 0.000697
v -0.006658 -0.001901 0.001024
v -0.006658 -0.001706 0.001323
f 1 2 3
f 3 2 4
f 1 3 5
f 5 3 6
f 5 6 7
f 7 6 8
f 7 8 9
f 9 8 10
f 2 11 4
f 4 11 12
f 9 10 13
f 13 10 14
f 11 15 12
f 12 15 16
f 17 13 18
f 18 13 14
f 15 19 16
f 16 19 20
f 17 18 21
f 21 18 22
f 19 23 20
f 20 23 24
f 21 22 25
f 25 22 26
f 25 26 27
f 27 26 28
f 27 28 29
f 29 28 30
f 31 32 33
f 33 32 34
f 33 34 35
f 35 34 36
f 35 36 23
f 23 36 24
f 37 29 38
f 38 29 30
f 39 40 31
f 31 40 32
f 41 37 42
f 42 37 38
f 39 43 40
f 40 43 44
f 45 41 46
f 46 41 42
f 47 48 43
f 43 48 44
f 49 45 50
f 50 45 46
f 51 52 53
f 53 52 54
f 53 54 55
f 55 54 56
f 55 56 47
f 47 56 48
f 57 49 58
f 58 49 50
f 51 59 52
f 52 59 60
f 57 58 61
f 61 58 62
f 61 62 63
f 63 62 64
f 63 64 65
f 65 64 66
f 59 67 60
f 60 67 68
f 65 66 69
f 69 66 70
f 67 71 68
f 68 71 72
f 73 69 74
f 74 69 70
f 71 75 72
f 72 75 76
f 73 74 77
f 77 74 78
f 75 79 76
f 76 79 80
f 77 78 81
f 81 78 82
f 81 82 83
f 83 82 84
f 83 84 85
f 85 84 86
f 87 88 89
f 89 88 90
f 89 90 91
f 91 90 92
f 91 92 79
f 79 92 80
f 93 85 94
f 94 85 86
f 95 96 87
f 87 96 88
f 97 93 98
f 98 93 94
f 95 99 96
f 96 99 100
f 101 97 102
f 102 97 98
f 103 104 99
f 99 104 100
f 105 101 106
f 106 101 102
f 107 108 109
f 109 108 110
f 109 110 111
f 111 110 112
f 111 112 103
f 103 112 104
f 113 105 114
f 114 105 106
f 107 115 108
f 108 115 116
f 113 114 117
f 117 114 118
f 117 118 119
f 119 118 120
f 119 120 121
f 121 120 122
f 115 123 116
f 116 123 124
f 121 122 125
f 125 122 126
f 123 127 124
f 124 127 128
f 129 125 130
f 130 125 126
f 127 131 128
f 128 131 132
f 129 130 133
f 133 130 134
f 131 135 132
f 132 135 136
f 133 134 137
f 137 134 138
f 137 138 139
f 139 138 140
f 139 140 141
f 141 140 142
f 143 144 145
f 145 144 146
f 145 146 147
f 147 146 148
f 147 148 135
f 135 148 136
f 149 141 150
f 150 141 142
f 151 152 143
f 143 152 144
f 153 149 154
f 154 149 150
f 151 155 152
f 152 155 156
f 157 153 158
f 158 153 154
f 159 160 155
f 155 160 156
f 161 157 162
f 162 157 158
f 163 164 165
f 165 164 166
f 165 166 167
f 167 166 168
f 167 168 159
f 159 168 160
f 169 161 170
f 170 161 162
f 163 171 164
f 164 171 172
f 169 170 173
f 173 170 174
f 173 174 175
f 175 174 176
f 175 176 177
f 177 176 178
f 171 179 172
f 172 179 180
f 177 178 181
f 181 178 182
f 179 183 180
f 180 183 184
f 185 181 186
f 186 181 182
f 183 187 184
f 184 187 188
f 185 186 189
f 189 186 190
f 187 191 188
f 188 191 192
f 189 190 193
f 193 190 194
f 193 194 195
f 195 194 196
f 195 196 197
f 197 196 198
f 199 200 201
f 201 200 202
f 201 202 203
f 203 202 204
f 203 204 191
f 191 204 192
f 205 197 206
f 206 197 198
f 207 208 199
f 199 208 200
f 209 205 210
f 210 205 206
f 207 211 208
f 208 211 212
f 213 209 214
f 214 209 210
f 215 216 211
f 211 216 212
f 217 213 218
f 218 213 214
f 219 220 221
f 221 220 222
f 221 222 223
f 223 222 224
f 223 224 215
f 215 224 216
f 225 217 226
f 226 217 218
f 219 227 220
f 220 227 228
f 225 226 229
f 229 226 230
f 229 230 231
f 231 230 232
f 231 232 233
f 233 232 234
f 227 235 228
f 228 235 236
f 233 234 237
f 237 234 238
f 235 239 236
f 236 239 240
f 241 237 242
f 242 237 238
f 239 243 240
f 240 243 244
f 241 242 245
f 245 242 246
f 243 247 244
f 244 247 248
f 245 246 249
f 249 246 250
f 249 250 251
f 251 250 252
f 251 252 253
f 253 252 254
f 255 256 257
f 257 256 258
f 257 258 259
f 259 258 260
f 259 260 247
f 247 260 248
f 261 253 262
f 262 253 254
f 263 264 255
f 255 264 256
f 265 261 266
f 266 261 262
f 263 267 264
f 264 267 268
f 269 265 270
f 270 265 266
f 271 272 267
f 267 272 268
f 273 269 274
f 274 269 270
f 275 276 277
f 277 276 278
f 277 278 279
f 279 278 280
f 279 280 271
f 271 280 272
f 281 273 282
f 282 273 274
f 275 283 276
f 276 283 284
f 281 282 285
f 285 282 286
f 285 286 287
f 287 286 288
f 287 288 289
f 289 288 290
f 283 291 284
f 284 291 292
f 289 290 293
f 293 290 294
f 291 295 292
f 292 295 296
f 297 293 298
f 298 293 294
f 295 299 296
f 296 299 300
f 297 298 301
f 301 298 302
f 299 303 300
f 300 303 304
f 301 302 305
f 305 302 306
f 305 306 307
f 307 306 308
f 307 308 309
f 309 308 310
f 311 312 313
f 313 312 314
f 313 314 315
f 315 314 316
f 315 316 303
f 303 316 304
f 317 309 318
f 318 309 310
f 319 320 311
f 311 320 312
f 321 317 322
f 322 317 318
f 319 323 320
f 320 323 324
f 325 321 326
f 326 321 322
f 327 328 323
f 323 328 324
f 329 325 330
f 330 325 326
f 331 332 333
f 333 332 334
f 333 334 335
f 335 334 336
f 335 336 327
f 327 336 328
f 337 329 338
f 338 329 330
f 331 339 332
f 332 339 340
f 337 338 341
f 341 338 342
f 341 342 343
f 343 342 344
f 343 344 345
f 345 344 346
f 339 347 340
f 340 347 348
f 345 346 349
f 349 346 350
f 347 351 348
f 348 351 352
f 353 349 354
f 354 349 350
f 351 355 352
f 352 355 356
f 353 354 357
f 357 354 358
f 355 359 356
f 356 359 360
f 357 358 361
f 361 358 362
f 361 362 363
f 363 362 364
f 363 364 365
f 365 364 366
f 367 368 369
f 369 368 370
f 369 370 371
f 371 370 372
f 371 372 359
f 359 372 360
f 373 365 374
f 374 365 366
f 375 376 367
f 367 376 368
f 377 373 378
f 378 373 374
f 375 379 376
f 376 379 380
f 381 377 382
f 382 377 378
f 383 384 379
f 379 384 380
f 385 381 386
f 386 381 382
f 387 388 389
f 389 388 390
f 389 390 391
f 391 390 392
f 391 392 383
f 383 392 384
f 393 385 394
f 394 385 386
f 387 395 388
f 388 395 396
f 393 394 397
f 397 394 398
f 397 398 399
f 399 398 400
f 399 400 401
f 401 400 402
f 395 403 396
f 396 403 404
f 401 402 405
f 405 402 406
f 403 407 404
f 404 407 408
f 409 405 410
f 410 405 406
f 222 411 224
f 224 411 412
f 224 412 216
f 372 370 413
f 413 370 368
f 390 414 392
f 392 414 413
f 392 413 384
f 234 232 415
f 415 232 230
f 415 194 190
f 260 222 220
f 316 278 276
f 404 408 396
f 396 408 414
f 396 414 388
f 388 414 390
f 202 416 204
f 204 416 168
f 400 398 417
f 310 308 342
f 342 308 306
f 342 306 344
f 278 413 280
f 280 413 411
f 280 411 272
f 272 411 268
f 368 376 413
f 413 376 380
f 413 380 384
f 254 252 286
f 286 252 250
f 286 250 288
f 288 250 418
f 288 418 290
f 290 418 294
f 230 198 415
f 415 198 196
f 415 196 194
f 202 200 416
f 416 200 208
f 416 208 412
f 412 208 212
f 412 212 216
f 260 220 248
f 248 220 228
f 248 228 244
f 244 228 236
f 244 236 240
f 324 328 413
f 328 336 413
f 413 336 334
f 413 334 372
f 372 334 332
f 372 332 360
f 360 332 340
f 360 340 356
f 356 340 348
f 356 348 352
f 250 246 418
f 418 246 242
f 418 242 415
f 415 242 238
f 415 238 234
f 80 92 54
f 54 92 90
f 54 90 56
f 419 144 416
f 416 144 152
f 152 156 416
f 416 156 160
f 416 160 168
f 260 258 222
f 222 258 256
f 222 256 411
f 411 256 264
f 411 264 268
f 292 296 284
f 284 296 300
f 284 300 276
f 276 300 304
f 276 304 316
f 400 417 402
f 402 417 420
f 402 420 406
f 230 226 198
f 198 226 218
f 198 218 206
f 206 218 214
f 206 214 210
f 120 118 421
f 104 112 148
f 168 166 204
f 204 166 164
f 204 164 192
f 192 164 172
f 192 172 188
f 188 172 180
f 188 180 184
f 316 314 278
f 278 314 312
f 278 312 413
f 413 312 320
f 413 320 324
f 342 338 310
f 310 338 330
f 310 330 318
f 318 330 326
f 318 326 322
f 286 282 254
f 254 282 274
f 254 274 262
f 262 274 270
f 262 270 266
f 138 176 140
f 140 176 174
f 140 174 142
f 422 22 18
f 423 424 420
f 420 424 410
f 420 410 406
f 344 306 417
f 417 306 302
f 417 302 418
f 418 302 298
f 418 298 294
f 120 421 122
f 421 82 78
f 18 14 422
f 422 14 10
f 422 10 425
f 425 10 8
f 425 8 6
f 382 378 386
f 386 378 374
f 386 374 394
f 374 366 394
f 394 366 364
f 394 364 398
f 398 364 362
f 398 362 417
f 417 362 358
f 417 358 354
f 82 421 84
f 84 421 118
f 84 118 86
f 64 62 28
f 28 62 58
f 28 58 30
f 30 58 50
f 30 50 38
f 38 50 46
f 38 46 42
f 54 52 80
f 80 52 60
f 80 60 76
f 76 60 68
f 76 68 72
f 96 100 425
f 112 110 148
f 148 110 108
f 148 108 136
f 136 108 116
f 136 116 132
f 132 116 124
f 132 124 128
f 354 350 417
f 417 350 346
f 417 346 344
f 174 170 142
f 142 170 162
f 142 162 150
f 150 162 158
f 150 158 154
f 22 422 26
f 26 422 421
f 26 421 28
f 28 421 66
f 28 66 64
f 56 90 425
f 425 90 88
f 425 88 96
f 100 104 425
f 425 104 148
f 425 148 419
f 419 148 146
f 419 146 144
f 78 74 421
f 421 74 70
f 421 70 66
f 6 3 24
f 24 3 4
f 24 4 20
f 20 4 12
f 20 12 16
f 24 36 6
f 6 36 34
f 6 34 425
f 425 34 32
f 425 32 40
f 134 130 421
f 421 130 126
f 421 126 122
f 118 114 86
f 86 114 106
f 86 106 94
f 94 106 102
f 94 102 98
f 40 44 425
f 425 44 48
f 425 48 56
f 138 134 176
f 176 134 421
f 176 421 178
f 178 421 426
f 178 426 182
f 182 426 415
f 182 415 186
f 186 415 190
f 407 427 408
f 408 427 414
f 409 410 428
f 428 410 424
f 429 430 431
f 432 433 434
f 431 430 435
f 436 437 438
f 438 437 439
f 432 434 440
f 436 441 437
f 437 441 442
f 437 442 443
f 443 442 444
f 443 444 431
f 431 444 445
f 431 445 429
f 446 447 448
f 449 450 448
f 448 450 451
f 448 451 446
f 452 453 454
f 454 453 455
f 454 455 439
f 439 455 456
f 439 456 438
f 446 457 447
f 447 457 458
f 447 458 459
f 430 440 435
f 435 440 434
f 435 434 460
f 460 434 461
f 460 461 449
f 449 461 462
f 449 462 450
f 458 463 459
f 459 463 464
f 459 464 452
f 452 464 465
f 452 465 453
f 466 433 432
f 466 432 467
f 467 432 440
f 467 440 468
f 468 440 430
f 468 430 469
f 469 430 429
f 469 429 470
f 470 429 445
f 470 445 471
f 471 445 444
f 471 444 472
f 472 444 473
f 473 444 442
f 473 442 474
f 474 442 441
f 474 441 475
f 475 441 436
f 475 436 476
f 476 436 438
f 476 438 477
f 477 438 456
f 413 478 479
f 480 481 423
f 413 479 411
f 411 479 482
f 411 482 412
f 412 482 483
f 412 483 416
f 416 483 484
f 416 484 419
f 419 484 485
f 419 485 425
f 425 485 486
f 425 486 422
f 422 486 487
f 422 487 421
f 421 487 488
f 421 488 426
f 426 488 489
f 426 489 415
f 415 489 490
f 415 490 418
f 418 490 491
f 418 491 417
f 417 491 492
f 417 492 420
f 420 492 423
f 423 492 493
f 423 493 480
f 480 493 494
f 480 494 495
f 495 494 496
f 495 496 497
f 497 496 498
f 497 498 499
f 499 498 500
f 499 500 501
f 501 500 502
f 501 502 503
f 503 502 504
f 503 504 505
f 455 506 456
f 456 506 505
f 456 505 477
f 477 505 504
f 434 507 508
f 434 508 461
f 461 508 509
f 461 509 462
f 462 509 510
f 462 510 450
f 450 510 511
f 450 511 451
f 451 511 512
f 451 512 446
f 446 512 513
f 446 513 457
f 457 513 514
f 457 514 458
f 458 514 515
f 458 515 463
f 463 515 516
f 463 516 464
f 464 516 517
f 464 517 465
f 465 517 518
f 465 518 453
f 453 518 506
f 453 506 455
f 478 413 414
f 507 434 427
f 427 434 433
f 427 433 414
f 414 433 466
f 414 466 478
f 423 481 424
f 424 481 428
f 519 443 520
f 520 443 431
f 520 431 521
f 521 431 435
f 521 435 522
f 522 435 460
f 522 460 523
f 523 460 449
f 523 449 524
f 524 449 448
f 524 448 525
f 525 448 447
f 525 447 526
f 526 447 459
f 526 459 527
f 527 459 452
f 527 452 528
f 528 452 454
f 528 454 529
f 529 454 439
f 529 439 530
f 530 439 437
f 530 437 519
f 519 437 443
f 531 532 533
f 533 532 534
f 533 534 535
f 535 534 536
f 535 536 537
f 537 536 538
f 537 538 539
f 539 538 540
f 539 540 541
f 541 540 542
f 541 542 543
f 543 542 544
f 543 544 545
f 545 544 546
f 545 546 547
f 547 546 548
f 547 548 549
f 549 548 550
f 549 550 551
f 551 550 552
f 551 552 553
f 553 552 554
f 553 554 555
f 555 554 556
f 555 556 531
f 531 556 532
f 557 558 559
f 559 558 560
f 559 560 561
f 561 560 562
f 561 562 563
f 563 562 564
f 563 564 565
f 565 564 566
f 565 566 567
f 567 566 568
f 567 568 569
f 569 568 570
f 569 570 571
f 571 570 572
f 571 572 573
f 573 572 574
f 573 574 575
f 575 574 576
f 575 576 577
f 577 576 578
f 577 578 579
f 579 578 580
f 579 580 581
f 581 580 582
f 581 582 557
f 557 582 558
f 490 583 491
f 491 583 584
f 585 564 562
f 586 493 584
f 584 493 492
f 584 492 491
f 502 500 587
f 484 588 589
f 500 498 587
f 587 498 496
f 587 496 586
f 586 496 494
f 586 494 493
f 590 486 589
f 589 486 485
f 589 485 484
f 558 582 504
f 504 582 580
f 562 560 585
f 585 560 558
f 585 558 587
f 587 558 504
f 587 504 502
f 591 592 478
f 478 592 593
f 478 593 479
f 479 593 594
f 479 594 482
f 482 594 588
f 482 588 483
f 483 588 484
f 490 489 583
f 583 489 488
f 583 488 590
f 590 488 487
f 590 487 486
f 542 540 469
f 532 556 576
f 576 556 504
f 576 504 578
f 578 504 580
f 469 470 542
f 542 470 471
f 542 471 544
f 544 471 472
f 544 472 546
f 546 472 473
f 546 473 548
f 548 473 474
f 570 568 466
f 466 568 566
f 466 566 478
f 478 566 564
f 478 564 591
f 591 564 585
f 556 554 504
f 504 554 552
f 504 552 477
f 477 552 550
f 477 550 476
f 476 550 548
f 476 548 475
f 475 548 474
f 576 574 532
f 532 574 572
f 532 572 534
f 534 572 570
f 534 570 536
f 536 570 466
f 536 466 538
f 538 466 467
f 538 467 540
f 540 467 468
f 540 468 469
f 427 595 596
f 5 7 91
f 505 597 598
f 361 363 481
f 481 363 399
f 481 399 401
f 141 173 139
f 139 173 175
f 139 175 177
f 505 598 503
f 503 598 599
f 503 599 501
f 501 599 600
f 501 600 499
f 367 369 221
f 517 516 527
f 527 516 526
f 179 171 183
f 183 171 163
f 183 163 165
f 401 405 481
f 481 405 409
f 481 409 428
f 25 27 225
f 499 600 497
f 497 600 601
f 497 601 495
f 389 602 427
f 427 602 603
f 427 603 595
f 516 515 526
f 526 515 514
f 526 514 525
f 545 519 543
f 543 519 520
f 543 520 521
f 507 427 563
f 25 225 21
f 209 213 205
f 205 213 217
f 205 217 197
f 197 217 225
f 197 225 195
f 495 601 480
f 480 601 604
f 480 604 481
f 481 604 605
f 481 605 606
f 367 221 375
f 201 203 606
f 606 203 191
f 517 527 518
f 518 527 528
f 518 528 506
f 506 528 529
f 506 529 505
f 505 529 530
f 505 530 519
f 514 513 525
f 525 513 512
f 525 512 524
f 524 512 511
f 524 511 523
f 523 511 510
f 523 510 522
f 579 581 597
f 597 581 557
f 597 557 596
f 596 557 559
f 596 559 427
f 427 559 561
f 427 561 563
f 155 481 159
f 159 481 167
f 333 371 359
f 275 277 315
f 407 403 395
f 407 395 427
f 427 395 387
f 427 387 389
f 223 383 221
f 221 383 379
f 221 379 375
f 191 187 606
f 606 187 183
f 606 183 481
f 481 183 165
f 481 165 167
f 377 381 373
f 373 381 385
f 373 385 365
f 365 385 393
f 365 393 363
f 363 393 397
f 363 397 399
f 31 33 5
f 5 33 35
f 5 35 23
f 27 63 65
f 153 157 149
f 149 157 161
f 149 161 141
f 141 161 169
f 141 169 173
f 315 277 313
f 71 67 75
f 75 67 59
f 75 59 79
f 79 59 51
f 79 51 91
f 91 51 53
f 91 53 55
f 73 77 225
f 225 77 81
f 225 81 83
f 533 535 569
f 537 539 508
f 508 539 541
f 508 541 509
f 509 541 543
f 509 543 510
f 510 543 521
f 510 521 522
f 579 597 577
f 577 597 505
f 577 505 575
f 287 249 285
f 285 249 251
f 285 251 253
f 341 307 309
f 307 341 305
f 305 341 343
f 305 343 345
f 333 359 331
f 331 359 355
f 331 355 339
f 339 355 351
f 339 351 347
f 277 279 369
f 369 279 271
f 575 555 573
f 573 555 571
f 147 111 103
f 95 87 231
f 231 87 89
f 231 89 229
f 229 89 91
f 229 91 225
f 147 231 145
f 145 231 233
f 145 233 237
f 155 151 481
f 481 151 143
f 481 143 361
f 361 143 145
f 361 145 357
f 357 145 237
f 357 237 241
f 345 349 305
f 305 349 353
f 305 353 301
f 7 9 91
f 91 9 13
f 91 13 225
f 225 13 17
f 225 17 21
f 27 65 225
f 225 65 69
f 225 69 73
f 85 117 83
f 83 117 119
f 185 189 225
f 225 189 193
f 225 193 195
f 223 215 383
f 383 215 602
f 383 602 391
f 391 602 389
f 571 555 569
f 569 555 531
f 569 531 533
f 563 565 507
f 507 565 567
f 507 567 508
f 508 567 569
f 508 569 537
f 537 569 535
f 545 547 519
f 519 547 549
f 519 549 505
f 505 549 551
f 505 551 575
f 575 551 553
f 575 553 555
f 147 103 231
f 231 103 99
f 231 99 95
f 15 11 19
f 19 11 2
f 19 2 23
f 23 2 1
f 23 1 5
f 41 45 37
f 37 45 49
f 37 49 29
f 29 49 57
f 29 57 27
f 27 57 61
f 27 61 63
f 371 333 369
f 369 333 335
f 369 335 327
f 315 303 275
f 275 303 299
f 275 299 283
f 283 299 295
f 283 295 291
f 255 221 263
f 263 221 369
f 263 369 267
f 267 369 271
f 239 235 243
f 243 235 227
f 243 227 247
f 247 227 219
f 247 219 259
f 259 219 221
f 259 221 257
f 257 221 255
f 215 211 602
f 602 211 207
f 602 207 606
f 606 207 199
f 606 199 201
f 241 245 357
f 357 245 249
f 357 249 353
f 55 47 91
f 91 47 43
f 91 43 5
f 5 43 39
f 5 39 31
f 177 181 139
f 139 181 185
f 139 185 137
f 137 185 225
f 137 225 133
f 127 123 131
f 131 123 115
f 131 115 135
f 135 115 107
f 135 107 147
f 147 107 109
f 147 109 111
f 265 269 261
f 261 269 273
f 261 273 253
f 253 273 281
f 253 281 285
f 321 325 317
f 317 325 329
f 317 329 309
f 309 329 337
f 309 337 341
f 97 101 93
f 93 101 105
f 93 105 85
f 85 105 113
f 85 113 117
f 287 289 249
f 249 289 293
f 249 293 353
f 353 293 297
f 353 297 301
f 119 121 83
f 83 121 125
f 83 125 225
f 225 125 129
f 225 129 133
f 327 323 369
f 369 323 319
f 369 319 277
f 277 319 311
f 277 311 313
f 592 597 593
f 593 597 596
f 593 596 594
f 594 596 595
f 594 595 588
f 588 595 603
f 588 603 589
f 589 603 602
f 589 602 590
f 590 602 606
f 590 606 583
f 583 606 605
f 583 605 584
f 584 605 604
f 584 604 586
f 586 604 601
f 586 601 587
f 587 601 600
f 587 600 585
f 585 600 599
f 585 599 591
f 591 599 598
f 591 598 592
f 592 598 597
f 607 608 609
f 610 611 612
f 613 614 615
f 616 617 618
f 618 617 619
f 618 619 620
f 620 619 621
f 622 623 624
f 612 625 626
f 612 626 627
f 626 628 627
f 627 628 629
f 627 629 623
f 623 629 630
f 623 630 624
f 624 631 622
f 622 631 632
f 622 632 619
f 619 632 633
f 619 633 621
f 634 635 636
f 625 612 636
f 636 612 611
f 636 611 634
f 608 637 609
f 609 637 638
f 609 638 639
f 639 638 640
f 639 640 641
f 642 643 644
f 644 643 645
f 644 645 646
f 646 645 647
f 648 649 650
f 650 649 651
f 642 652 643
f 643 652 653
f 643 653 650
f 650 653 654
f 650 654 648
f 641 655 639
f 639 655 656
f 639 656 645
f 645 656 657
f 645 657 647
f 658 659 614
f 614 659 660
f 614 660 615
f 615 660 661
f 662 663 664
f 662 664 665
f 665 664 666
f 665 666 667
f 661 668 615
f 615 668 669
f 615 669 662
f 662 669 670
f 662 670 663
f 651 671 650
f 650 671 672
f 650 672 643
f 643 672 673
f 643 673 645
f 645 673 674
f 645 674 639
f 639 674 675
f 639 675 609
f 609 675 676
f 609 676 665
f 665 676 677
f 665 677 662
f 662 677 678
f 662 678 615
f 615 678 679
f 615 679 613
f 613 679 680
f 681 682 683
f 683 684 681
f 681 684 685
f 681 685 686
f 687 688 689
f 687 689 681
f 681 689 690
f 681 690 682
f 691 692 693
f 693 692 694
f 693 694 687
f 687 694 695
f 687 695 688
f 616 696 617
f 617 696 697
f 617 697 693
f 693 697 698
f 693 698 691
f 649 699 651
f 651 699 700
f 651 700 701
f 702 651 703
f 703 651 701
f 703 701 704
f 704 701 705
f 702 706 651
f 651 706 707
f 651 707 671
f 671 707 708
f 671 708 709
f 667 710 665
f 665 710 711
f 665 711 609
f 609 711 712
f 609 712 607
f 709 610 671
f 671 610 612
f 671 612 672
f 672 612 627
f 672 627 673
f 673 627 623
f 673 623 674
f 674 623 622
f 674 622 675
f 675 622 619
f 675 619 676
f 676 619 617
f 676 617 677
f 677 617 693
f 677 693 678
f 678 693 687
f 678 687 679
f 679 687 681
f 679 681 680
f 680 681 686
f 713 684 714
f 714 684 683
f 714 683 715
f 683 682 715
f 715 682 690
f 715 690 716
f 716 690 689
f 716 689 717
f 718 698 719
f 719 698 697
f 719 697 720
f 689 688 717
f 717 688 695
f 717 695 721
f 721 695 694
f 721 694 722
f 722 694 692
f 722 692 718
f 718 692 691
f 718 691 698
f 621 723 620
f 620 723 724
f 620 724 618
f 618 724 725
f 618 725 616
f 616 725 720
f 616 720 696
f 696 720 697
f 726 727 629
f 629 727 728
f 629 728 630
f 621 633 723
f 723 633 632
f 723 632 729
f 729 632 631
f 729 631 728
f 728 631 624
f 728 624 630
f 626 625 730
f 625 636 730
f 730 636 635
f 730 635 731
f 732 733 731
f 731 733 734
f 731 734 730
f 735 736 737
f 737 736 726
f 737 726 738
f 738 726 629
f 738 629 730
f 730 629 628
f 730 628 626
f 739 740 741
f 742 743 744
f 745 746 747
f 748 749 744
f 750 751 749
f 750 749 752
f 752 749 748
f 752 748 753
f 753 748 754
f 753 754 755
f 743 756 757
f 757 756 758
f 759 760 742
f 742 760 761
f 742 761 762
f 739 741 763
f 740 764 741
f 741 764 765
f 741 765 745
f 745 765 766
f 745 766 746
f 767 768 769
f 769 768 757
f 769 757 770
f 770 757 758
f 757 768 771
f 757 771 772
f 772 771 773
f 772 773 774
f 743 757 744
f 744 757 772
f 744 772 748
f 748 772 774
f 748 774 754
f 762 775 742
f 742 775 743
f 743 775 776
f 743 776 756
f 751 763 749
f 749 763 741
f 749 741 744
f 744 741 745
f 744 745 742
f 742 745 747
f 742 747 759
f 777 778 779
f 780 781 782
f 783 784 785
f 783 785 781
f 781 785 782
f 782 785 779
f 782 779 786
f 786 779 787
f 786 787 613
f 779 778 787
f 787 778 788
f 787 788 789
f 787 789 790
f 787 790 791
f 792 793 794
f 794 793 777
f 795 796 797
f 798 799 797
f 797 799 800
f 797 800 795
f 797 796 801
f 797 801 802
f 802 801 803
f 802 803 804
f 791 658 787
f 787 658 614
f 787 614 613
f 684 780 685
f 685 780 782
f 685 782 686
f 686 782 786
f 686 786 680
f 680 786 613
f 793 805 777
f 777 805 806
f 777 806 778
f 778 806 807
f 778 807 788
f 784 798 785
f 785 798 797
f 785 797 779
f 779 797 802
f 779 802 777
f 777 802 804
f 777 804 794
f 808 809 810
f 804 803 811
f 812 813 814
f 815 816 817
f 815 817 818
f 817 819 818
f 818 819 820
f 818 820 813
f 813 820 821
f 813 821 814
f 822 823 824
f 824 823 825
f 826 827 828
f 828 827 829
f 828 829 822
f 822 829 830
f 822 830 823
f 825 831 824
f 824 831 832
f 824 832 815
f 815 832 833
f 815 833 816
f 834 835 826
f 826 835 836
f 826 836 827
f 837 838 839
f 839 838 840
f 839 840 841
f 842 843 844
f 844 843 845
f 844 845 846
f 846 845 847
f 841 848 839
f 839 848 849
f 839 849 844
f 844 849 850
f 844 850 842
f 851 852 853
f 853 852 854
f 853 854 855
f 855 854 856
f 855 856 857
f 857 856 858
f 858 859 857
f 857 859 860
f 857 860 861
f 861 860 862
f 847 863 846
f 846 863 864
f 846 864 853
f 853 864 865
f 853 865 851
f 771 768 866
f 768 767 866
f 866 767 867
f 866 867 868
f 869 870 871
f 871 870 872
f 868 873 866
f 866 873 871
f 871 873 874
f 871 874 869
f 875 876 877
f 877 876 878
f 877 878 879
f 880 881 882
f 882 881 883
f 882 883 884
f 884 883 885
f 884 885 886
f 875 887 876
f 876 887 888
f 876 888 882
f 882 888 889
f 882 889 880
f 870 890 872
f 872 890 891
f 872 891 878
f 878 891 892
f 878 892 879
f 794 804 861
f 861 804 811
f 861 811 857
f 857 811 893
f 857 893 855
f 855 893 894
f 855 894 853
f 853 894 895
f 853 895 846
f 846 895 896
f 846 896 844
f 844 896 897
f 844 897 839
f 839 897 898
f 839 898 837
f 837 898 899
f 837 899 884
f 884 899 900
f 884 900 882
f 882 900 901
f 882 901 876
f 876 901 902
f 876 902 878
f 878 902 903
f 878 903 872
f 872 903 904
f 872 904 871
f 871 904 905
f 871 905 866
f 866 905 906
f 866 906 771
f 755 754 907
f 907 754 908
f 907 908 909
f 810 809 910
f 809 911 910
f 910 911 912
f 910 912 908
f 908 912 909
f 754 774 906
f 906 774 773
f 906 773 771
f 808 810 913
f 913 810 914
f 913 914 915
f 916 917 914
f 914 917 918
f 914 918 915
f 919 920 921
f 921 920 922
f 921 922 916
f 916 922 923
f 916 923 917
f 814 924 812
f 812 924 925
f 812 925 919
f 919 925 926
f 919 926 920
f 792 794 927
f 927 794 861
f 927 861 928
f 928 861 862
f 795 834 796
f 796 834 826
f 796 826 801
f 886 929 884
f 884 929 930
f 884 930 837
f 837 930 838
f 803 801 811
f 811 801 826
f 811 826 893
f 893 826 828
f 893 828 894
f 894 828 822
f 894 822 895
f 895 822 824
f 895 824 896
f 896 824 815
f 896 815 897
f 897 815 818
f 897 818 898
f 898 818 813
f 898 813 899
f 899 813 812
f 899 812 900
f 900 812 919
f 900 919 901
f 901 919 921
f 901 921 902
f 902 921 916
f 902 916 903
f 903 916 914
f 903 914 904
f 904 914 810
f 904 810 905
f 905 810 910
f 905 910 906
f 906 910 908
f 906 908 754
f 931 932 933
f 934 935 936
f 936 935 937
f 936 937 938
f 938 937 939
f 938 939 940
f 941 942 943
f 943 942 944
f 943 944 933
f 933 944 945
f 933 945 931
f 941 943 946
f 946 943 704
f 946 704 705
f 707 706 933
f 933 706 702
f 933 702 943
f 943 702 703
f 943 703 704
f 708 707 936
f 936 707 933
f 936 933 934
f 934 933 932
f 634 611 938
f 938 611 610
f 938 610 936
f 936 610 709
f 936 709 708
f 940 732 938
f 938 732 731
f 938 731 634
f 634 731 635
f 947 948 949
f 657 656 950
f 710 667 951
f 666 664 952
f 790 789 953
f 954 955 956
f 957 958 959
f 959 958 960
f 959 960 961
f 962 963 957
f 964 965 966
f 967 968 969
f 969 968 970
f 971 972 973
f 973 972 974
f 973 974 969
f 969 974 975
f 969 975 967
f 956 955 976
f 955 977 976
f 976 977 978
f 976 978 973
f 973 978 979
f 973 979 971
f 980 981 982
f 982 981 983
f 982 983 956
f 956 983 984
f 956 984 954
f 985 986 987
f 987 986 988
f 989 990 991
f 991 990 992
f 991 992 993
f 989 994 990
f 990 994 995
f 990 995 996
f 996 988 990
f 990 988 986
f 990 986 982
f 982 986 985
f 982 985 980
f 997 998 999
f 999 998 1000
f 999 1000 992
f 992 1000 1001
f 992 1001 993
f 1002 806 805
f 805 793 1002
f 1002 793 792
f 1002 792 1003
f 953 789 788
f 953 788 807
f 1004 658 791
f 668 661 1005
f 1005 661 660
f 1005 660 1004
f 1004 660 659
f 1004 659 658
f 664 663 952
f 952 663 670
f 952 670 669
f 710 1006 711
f 711 1006 712
f 712 1006 607
f 607 1006 1007
f 607 1007 608
f 1008 638 1007
f 1007 638 637
f 1007 637 608
f 656 655 950
f 950 655 641
f 950 641 1008
f 1008 641 640
f 1008 640 638
f 644 646 642
f 642 646 1009
f 648 654 1009
f 654 653 1009
f 1009 653 652
f 1009 652 642
f 648 1010 649
f 649 1010 699
f 1011 1012 1013
f 700 1011 701
f 701 1011 1013
f 701 1013 705
f 1014 1015 1016
f 1016 1015 1017
f 1016 1017 1018
f 1018 1017 1019
f 1018 1019 1020
f 1021 1022 1014
f 1023 1024 951
f 667 666 951
f 951 666 952
f 951 952 1023
f 1023 952 1025
f 949 953 1002
f 1002 953 807
f 1002 807 806
f 669 668 952
f 952 668 1005
f 952 1005 1025
f 1025 1005 1004
f 1025 1004 1026
f 1003 1027 1002
f 1002 1027 1028
f 1002 1028 949
f 949 1028 1029
f 949 1029 947
f 1030 1031 1032
f 1032 1031 1033
f 1031 1034 1033
f 1033 1034 1035
f 1033 1035 1011
f 1011 1035 1036
f 1011 1036 1012
f 647 657 1037
f 1037 657 950
f 1037 950 1038
f 1038 950 1008
f 1038 1008 1039
f 1040 1041 1042
f 1042 1041 1016
f 1042 1016 1018
f 1040 1043 1041
f 1041 1043 1044
f 1041 1044 1032
f 1032 1044 1045
f 1032 1045 1030
f 648 1009 1010
f 1010 1009 1046
f 1010 1046 1047
f 1047 1046 1048
f 1047 1048 1049
f 1049 1048 1050
f 1049 1050 1051
f 1051 1050 959
f 1051 959 1021
f 1021 959 961
f 1021 961 1022
f 1014 1016 1021
f 1021 1016 1041
f 1021 1041 1051
f 1051 1041 1032
f 1051 1032 1049
f 1049 1032 1033
f 1049 1033 1047
f 1047 1033 1011
f 1047 1011 1010
f 1010 1011 700
f 1010 700 699
f 969 1052 973
f 973 1052 1053
f 973 1053 976
f 976 1053 1054
f 976 1054 956
f 956 1054 1024
f 956 1024 982
f 982 1024 1023
f 982 1023 990
f 990 1023 1025
f 990 1025 992
f 992 1025 1026
f 992 1026 999
f 1006 1055 1007
f 1007 1055 1056
f 1007 1056 1008
f 1008 1056 1057
f 1008 1057 1039
f 1039 1057 1058
f 1039 1058 1059
f 1059 1058 964
f 1059 964 962
f 962 964 966
f 962 966 963
f 957 959 962
f 962 959 1050
f 962 1050 1059
f 1059 1050 1048
f 1059 1048 1039
f 1039 1048 1046
f 1039 1046 1038
f 1038 1046 1009
f 1038 1009 1037
f 1037 1009 646
f 1037 646 647
f 1060 1061 999
f 999 1061 1062
f 999 1062 997
f 791 790 1004
f 1004 790 953
f 1004 953 1026
f 1026 953 949
f 1026 949 999
f 999 949 948
f 999 948 1060
f 710 951 1006
f 1006 951 1024
f 1006 1024 1055
f 1055 1024 1054
f 1055 1054 1056
f 1056 1054 1053
f 1056 1053 1057
f 1057 1053 1052
f 1057 1052 1058
f 1058 1052 969
f 1058 969 964
f 964 969 970
f 964 970 965
f 1063 1064 1065
f 1066 1067 1065
f 1068 1069 1070
f 1071 1072 1073
f 1069 1074 1070
f 1070 1074 1075
f 1070 1075 1073
f 1073 1075 1076
f 1073 1076 1071
f 1067 1077 1065
f 1065 1077 1078
f 1065 1078 1079
f 1079 1078 1080
f 1079 1080 1081
f 1072 1082 1083
f 1072 1083 1073
f 1073 1083 1084
f 1073 1084 1070
f 1070 1084 1085
f 1070 1085 1086
f 1086 1087 1070
f 1070 1087 1079
f 1070 1079 1068
f 1068 1079 1081
f 1087 1088 1079
f 1079 1088 1089
f 1079 1089 1065
f 1065 1089 1090
f 1065 1090 1063
f 1064 1091 1065
f 1065 1091 1092
f 1065 1092 1066
f 1066 1092 1093
f 1094 1095 1096
f 1097 1098 1099
f 1100 1101 1102
f 985 987 1103
f 1104 1105 1106
f 1106 1105 1107
f 1106 1107 1108
f 1108 1107 1109
f 1108 1109 1110
f 1111 1112 1113
f 1113 1112 1114
f 1113 1114 1115
f 1114 1116 1115
f 1115 1116 1117
f 1115 1117 1106
f 1106 1117 1118
f 1106 1118 1104
f 1119 1120 1121
f 1111 1113 1122
f 1122 1113 1121
f 1122 1121 1123
f 1123 1121 1120
f 1123 1120 1124
f 1125 979 978
f 954 1126 955
f 955 1126 1127
f 955 1127 977
f 1128 1127 1129
f 1129 1127 1126
f 1129 1126 1130
f 1130 1126 1131
f 1130 1131 1132
f 1103 1096 1133
f 980 985 1131
f 1131 985 1103
f 1131 1103 1132
f 1132 1103 1133
f 1134 1133 1096
f 1134 1096 1095
f 954 984 1126
f 1126 984 983
f 1126 983 1131
f 1131 983 981
f 1131 981 980
f 1017 1102 1019
f 1019 1102 1101
f 1019 1101 1020
f 1135 961 1136
f 1136 961 960
f 1017 1015 1102
f 1102 1015 1014
f 1102 1014 1135
f 1135 1014 1022
f 1135 1022 961
f 1137 1138 966
f 1139 967 975
f 1139 975 1140
f 966 965 1137
f 1137 965 970
f 1137 970 1139
f 1139 970 968
f 1139 968 967
f 960 958 1136
f 1136 958 957
f 1136 957 1138
f 1138 957 963
f 1138 963 966
f 1098 1100 1099
f 1099 1100 1102
f 1099 1102 1141
f 1141 1102 1135
f 1141 1135 1142
f 1142 1135 1136
f 1142 1136 1143
f 1143 1136 1138
f 1143 1138 1144
f 1144 1138 1137
f 1144 1137 1145
f 1145 1137 1139
f 1145 1139 1146
f 1146 1139 1140
f 1146 1140 1128
f 1128 1140 1125
f 1128 1125 1127
f 1127 1125 978
f 1127 978 977
f 1147 1148 1149
f 1149 1150 1147
f 1147 1150 1151
f 1147 1151 1152
f 1153 1154 1155
f 1155 1154 1156
f 1155 1156 1157
f 1153 1158 1154
f 1154 1158 1159
f 1154 1159 1147
f 1147 1159 1160
f 1147 1160 1148
f 1161 1162 1156
f 1156 1162 1163
f 1156 1163 1157
f 1164 1165 1166
f 1166 1165 1167
f 1166 1167 1161
f 1161 1167 1168
f 1161 1168 1162
f 1169 1170 1171
f 1171 1170 1172
f 1172 1173 1171
f 1171 1173 1174
f 1171 1174 1166
f 1166 1174 1175
f 1166 1175 1164
f 1110 1176 1108
f 1108 1176 1177
f 1108 1177 1169
f 1169 1177 1178
f 1169 1178 1170
f 994 1094 995
f 995 1094 1096
f 995 1096 996
f 996 1096 1103
f 996 1103 988
f 988 1103 987
f 975 974 1140
f 1140 974 972
f 1140 972 1125
f 1125 972 971
f 1125 971 979
f 1134 1119 1133
f 1133 1119 1121
f 1133 1121 1132
f 1132 1121 1113
f 1132 1113 1130
f 1130 1113 1115
f 1130 1115 1129
f 1129 1115 1106
f 1129 1106 1128
f 1128 1106 1108
f 1128 1108 1146
f 1146 1108 1169
f 1146 1169 1145
f 1145 1169 1171
f 1145 1171 1144
f 1144 1171 1166
f 1144 1166 1143
f 1143 1166 1161
f 1143 1161 1142
f 1142 1161 1156
f 1142 1156 1141
f 1141 1156 1154
f 1141 1154 1099
f 1099 1154 1147
f 1099 1147 1097
f 1097 1147 1152
f 1179 1180 1181
f 1182 1183 1184
f 1185 1186 1187
f 1188 1189 1190
f 1191 1192 1193
f 1194 1195 1196
f 1197 1198 1199
f 1199 1198 1200
f 1199 1200 1201
f 1194 1196 1201
f 1202 1203 1204
f 1205 1206 1207
f 1207 1206 1208
f 1209 1210 1211
f 1208 1206 1211
f 1211 1206 1212
f 1211 1212 1209
f 1213 1214 1191
f 1215 1216 1217
f 1218 1219 1220
f 1220 1219 1221
f 1222 1223 1224
f 1224 1223 1225
f 1224 1225 1187
f 1187 1225 1226
f 1187 1226 1185
f 1227 1228 1222
f 1222 1228 1229
f 1222 1229 1223
f 1230 1231 1227
f 1227 1231 1232
f 1227 1232 1228
f 1233 1234 1230
f 1230 1234 1235
f 1230 1235 1231
f 1236 1237 1233
f 1233 1237 1238
f 1233 1238 1234
f 1236 1239 1240
f 1240 1239 1184
f 1240 1184 1241
f 1241 1184 1183
f 1180 1242 1181
f 1181 1242 1182
f 1181 1182 1243
f 1244 1245 1246
f 1246 1245 1179
f 1247 1248 1249
f 1249 1248 1244
f 1191 1193 1213
f 1213 1193 1250
f 1213 1250 1251
f 1250 1252 1251
f 1251 1252 1253
f 1251 1253 1254
f 1254 1253 1255
f 1254 1255 1212
f 1212 1255 1256
f 1212 1256 1209
f 1201 1196 1199
f 1199 1196 1257
f 1199 1257 1258
f 1257 1259 1258
f 1258 1259 1260
f 1258 1260 1261
f 1262 1247 1263
f 1263 1247 1249
f 1263 1249 1264
f 1264 1249 1261
f 1264 1261 1265
f 1265 1261 1260
f 1203 1202 1205
f 1205 1202 1266
f 1205 1266 1206
f 1206 1266 1267
f 1206 1267 1212
f 1212 1267 1268
f 1212 1268 1254
f 1254 1268 1269
f 1254 1269 1251
f 1251 1269 1215
f 1251 1215 1213
f 1213 1215 1217
f 1213 1217 1214
f 1244 1246 1249
f 1249 1246 1270
f 1249 1270 1261
f 1261 1270 1271
f 1261 1271 1258
f 1258 1271 1272
f 1258 1272 1199
f 1199 1272 1202
f 1199 1202 1197
f 1197 1202 1204
f 1197 1204 1198
f 1179 1181 1246
f 1246 1181 1243
f 1246 1243 1270
f 1270 1243 1273
f 1270 1273 1271
f 1271 1273 1274
f 1271 1274 1272
f 1272 1274 1275
f 1272 1275 1202
f 1202 1275 1276
f 1202 1276 1266
f 1266 1276 1277
f 1266 1277 1267
f 1267 1277 1278
f 1267 1278 1268
f 1268 1278 1220
f 1268 1220 1269
f 1269 1220 1221
f 1269 1221 1215
f 1215 1221 1279
f 1215 1279 1216
f 1182 1184 1243
f 1243 1184 1239
f 1243 1239 1273
f 1273 1239 1280
f 1273 1280 1274
f 1274 1280 1281
f 1274 1281 1275
f 1275 1281 1282
f 1275 1282 1276
f 1276 1282 1283
f 1276 1283 1277
f 1277 1283 1284
f 1277 1284 1278
f 1278 1284 1190
f 1278 1190 1220
f 1220 1190 1189
f 1220 1189 1218
f 1236 1233 1239
f 1239 1233 1230
f 1239 1230 1280
f 1280 1230 1227
f 1280 1227 1281
f 1281 1227 1222
f 1281 1222 1282
f 1282 1222 1224
f 1282 1224 1283
f 1283 1224 1187
f 1283 1187 1284
f 1284 1187 1186
f 1284 1186 1190
f 1190 1186 1285
f 1190 1285 1188
f 1193 1192 1286
f 1287 1262 736
f 736 1262 1263
f 736 1263 726
f 726 1263 1264
f 726 1264 727
f 727 1264 728
f 728 1264 1265
f 728 1265 729
f 1195 1288 1196
f 1196 1288 1257
f 1265 1260 729
f 729 1260 1259
f 729 1259 723
f 723 1259 1257
f 723 1257 724
f 724 1257 1288
f 1288 1289 724
f 724 1289 1290
f 724 1290 725
f 1290 1291 725
f 725 1291 1292
f 725 1292 720
f 720 1292 1293
f 720 1293 719
f 719 1293 1294
f 719 1294 718
f 718 1294 1295
f 718 1295 722
f 722 1295 1296
f 722 1296 1297
f 1298 1299 1209
f 1209 1299 1300
f 1209 1300 1210
f 1297 1298 722
f 722 1298 1209
f 722 1209 721
f 721 1209 1256
f 721 1256 1255
f 713 714 1250
f 1250 714 715
f 1250 715 1252
f 1252 715 1253
f 1253 715 716
f 1253 716 1255
f 1255 716 717
f 1255 717 721
f 1286 1301 1193
f 1193 1301 1302
f 1193 1302 1250
f 1250 1302 1303
f 1250 1303 713
f 1304 1305 1306
f 1078 1077 1307
f 940 939 1308
f 1309 733 732
f 732 940 1309
f 1309 940 1308
f 1309 1308 1310
f 1310 1308 1311
f 1311 1308 1312
f 1312 1308 1313
f 1312 1313 1314
f 1315 1316 1317
f 1315 1317 1313
f 1313 1317 1318
f 1313 1318 1314
f 1319 1320 1315
f 1315 1320 1321
f 1315 1321 1316
f 1322 1323 1319
f 1319 1323 1324
f 1324 1325 1319
f 1319 1325 1326
f 1319 1326 1320
f 1327 1328 1329
f 1329 1328 1330
f 1327 1331 1328
f 1328 1331 1332
f 1328 1332 1322
f 1322 1332 1333
f 1322 1333 1323
f 1334 1335 1336
f 1336 1337 1334
f 1334 1337 1338
f 1334 1338 1330
f 1330 1338 1339
f 1330 1339 1329
f 1335 1334 1340
f 1340 1334 1341
f 1340 1341 1342
f 1342 1341 1343
f 1343 1341 1344
f 1343 1344 1345
f 1346 1347 1348
f 1348 1347 1349
f 1348 1349 1344
f 1344 1349 1350
f 1344 1350 1345
f 1351 1352 1353
f 1353 1352 1354
f 1353 1354 1348
f 1348 1354 1355
f 1348 1355 1346
f 1351 1353 1356
f 1356 1353 1307
f 1356 1307 1357
f 1357 1307 1077
f 1357 1077 1067
f 1067 1066 1357
f 1357 1066 1093
f 1357 1093 1358
f 1358 1093 1359
f 1068 1081 1360
f 1360 1081 1080
f 1361 1071 1362
f 1362 1071 1076
f 1076 1075 1362
f 1362 1075 1074
f 1362 1074 1069
f 941 1363 942
f 942 1363 1364
f 942 1364 944
f 934 932 1364
f 932 931 1364
f 1364 931 945
f 1364 945 944
f 937 935 1365
f 1304 1306 1366
f 1366 1306 1367
f 1366 1367 1368
f 1305 1369 1306
f 1306 1369 1370
f 1306 1370 1371
f 1371 1370 1372
f 1371 1372 1373
f 1363 1374 1364
f 1364 1374 1375
f 1364 1375 1376
f 1376 1375 1377
f 1378 1379 1380
f 1380 1379 1376
f 1380 1376 1381
f 1381 1376 1377
f 1378 1382 1379
f 1379 1382 1383
f 1379 1383 1384
f 1384 1383 1385
f 1384 1385 1386
f 1386 1387 1384
f 1384 1387 1388
f 1384 1388 1367
f 1367 1388 1389
f 1367 1389 1368
f 939 937 1308
f 1308 937 1365
f 1308 1365 1313
f 1313 1365 1390
f 1313 1390 1315
f 1315 1390 1391
f 1315 1391 1319
f 1319 1391 1392
f 1319 1392 1322
f 1322 1392 1393
f 1322 1393 1328
f 1328 1393 1394
f 1328 1394 1330
f 1330 1394 1395
f 1330 1395 1334
f 1334 1395 1396
f 1334 1396 1341
f 1341 1396 1397
f 1341 1397 1344
f 1344 1397 1398
f 1344 1398 1348
f 1348 1398 1399
f 1348 1399 1353
f 1353 1399 1400
f 1353 1400 1307
f 1307 1400 1360
f 1307 1360 1078
f 1078 1360 1080
f 1401 1402 1403
f 1403 1402 1404
f 1403 1404 1405
f 1405 1404 1406
f 1401 1407 1402
f 1402 1407 1408
f 1402 1408 1362
f 1362 1408 1409
f 1362 1409 1361
f 1410 1411 1412
f 1412 1411 1413
f 1412 1413 1404
f 1404 1413 1414
f 1404 1414 1406
f 1410 1412 1415
f 1415 1412 1416
f 1415 1416 1417
f 1418 1419 1420
f 1420 1419 1421
f 1420 1421 1416
f 1416 1421 1422
f 1416 1422 1417
f 1373 1423 1371
f 1371 1423 1424
f 1371 1424 1420
f 1420 1424 1425
f 1420 1425 1418
f 935 934 1365
f 1365 934 1364
f 1365 1364 1390
f 1390 1364 1376
f 1390 1376 1391
f 1391 1376 1379
f 1391 1379 1392
f 1392 1379 1384
f 1392 1384 1393
f 1393 1384 1367
f 1393 1367 1394
f 1394 1367 1306
f 1394 1306 1395
f 1395 1306 1371
f 1395 1371 1396
f 1396 1371 1420
f 1396 1420 1397
f 1397 1420 1416
f 1397 1416 1398
f 1398 1416 1412
f 1398 1412 1399
f 1399 1412 1404
f 1399 1404 1400
f 1400 1404 1402
f 1400 1402 1360
f 1360 1402 1362
f 1360 1362 1068
f 1068 1362 1069
f 1426 1124 1120
f 1427 1428 1429
f 1430 1431 1432
f 1432 1431 1433
f 1432 1433 1434
f 1434 1433 1435
f 1434 1435 1426
f 1428 1436 1429
f 1429 1436 1437
f 1429 1437 1434
f 1434 1437 1432
f 1095 1094 1427
f 1429 1134 1427
f 1427 1134 1095
f 994 989 1094
f 1094 989 991
f 991 993 1094
f 1094 993 1001
f 1094 1001 1427
f 1427 1001 1000
f 1427 1000 1428
f 1428 1000 998
f 1428 998 997
f 1426 1120 1434
f 1434 1120 1429
f 1429 1120 1119
f 1429 1119 1134
f 1438 1439 1440
f 1440 1439 1441
f 1440 1441 1442
f 1442 1443 1440
f 1440 1443 1444
f 1440 1444 1445
f 1446 1447 1448
f 1448 1447 1449
f 1448 1449 1450
f 1450 1449 1451
f 1446 1452 1447
f 1447 1452 1453
f 1447 1453 1438
f 1438 1453 1454
f 1438 1454 1439
f 1455 1456 1457
f 1458 1459 1460
f 1458 1460 1461
f 1462 1463 1464
f 1464 1463 1465
f 1464 1465 1466
f 1466 1465 1467
f 1460 1468 1461
f 1461 1468 1469
f 1461 1469 1464
f 1464 1469 1470
f 1464 1470 1462
f 1471 1472 1473
f 1474 1475 1476
f 1476 1475 1477
f 1476 1477 1478
f 1478 1477 1479
f 1475 1474 1480
f 1475 1480 1471
f 1481 1482 1483
f 1483 1482 1473
f 1467 1484 1466
f 1466 1484 1485
f 1466 1485 1477
f 1477 1485 1486
f 1477 1486 1479
f 1428 997 1487
f 1487 1488 1428
f 1428 1488 1489
f 1490 1491 1492
f 1492 1491 1489
f 1492 1489 1493
f 1493 1489 1488
f 1494 1495 1496
f 1496 1495 1497
f 1496 1497 1498
f 1498 1497 1499
f 1500 1501 1502
f 1502 1501 1503
f 1502 1503 1504
f 1504 1503 1505
f 1494 1506 1495
f 1495 1506 1507
f 1495 1507 1502
f 1502 1507 1508
f 1502 1508 1500
f 1490 1509 1491
f 1491 1509 1497
f 1497 1509 1510
f 1497 1510 1499
f 1475 1511 1477
f 1477 1511 1512
f 1477 1512 1466
f 1466 1512 1513
f 1466 1513 1464
f 1464 1513 1514
f 1464 1514 1461
f 1461 1514 1515
f 1461 1515 1458
f 1458 1515 1516
f 1458 1516 1504
f 1504 1516 1517
f 1504 1517 1502
f 1502 1517 1518
f 1502 1518 1495
f 1495 1518 1519
f 1495 1519 1497
f 1497 1519 1520
f 1497 1520 1491
f 1491 1520 1521
f 1491 1521 1489
f 1489 1521 1522
f 1489 1522 1428
f 1428 1522 1436
f 1523 1524 1525
f 1525 1524 1526
f 1526 1430 1432
f 1526 1432 1525
f 1525 1432 1437
f 1527 1528 1529
f 1527 1529 1525
f 1525 1529 1530
f 1525 1530 1523
f 1531 1532 1533
f 1533 1532 1534
f 1533 1534 1535
f 1535 1536 1533
f 1533 1536 1537
f 1533 1537 1538
f 1538 1537 1539
f 1538 1539 1527
f 1527 1539 1540
f 1527 1540 1528
f 1444 1541 1445
f 1445 1541 1542
f 1445 1542 1543
f 1543 1542 1544
f 1543 1544 1531
f 1531 1544 1545
f 1531 1545 1532
f 1546 1483 1547
f 1547 1483 1473
f 1547 1473 1548
f 1548 1473 1472
f 1481 1549 1482
f 1482 1549 1457
f 1482 1457 1449
f 1449 1457 1456
f 1449 1456 1451
f 1505 1550 1504
f 1504 1550 1551
f 1504 1551 1458
f 1458 1551 1459
f 1471 1473 1475
f 1475 1473 1482
f 1475 1482 1511
f 1511 1482 1449
f 1511 1449 1512
f 1512 1449 1447
f 1512 1447 1513
f 1513 1447 1438
f 1513 1438 1514
f 1514 1438 1440
f 1514 1440 1515
f 1515 1440 1445
f 1515 1445 1516
f 1516 1445 1543
f 1516 1543 1517
f 1517 1543 1531
f 1517 1531 1518
f 1518 1531 1533
f 1518 1533 1519
f 1519 1533 1538
f 1519 1538 1520
f 1520 1538 1527
f 1520 1527 1521
f 1521 1527 1525
f 1521 1525 1522
f 1522 1525 1437
f 1522 1437 1436
f 1552 1455 1457
f 1553 1554 1555
f 1549 1481 1556
f 1556 1481 1483
f 1556 1483 1557
f 1552 1457 1558
f 1559 1560 1561
f 1559 1561 1562
f 1563 1553 1564
f 1564 1553 1555
f 1564 1555 1565
f 1557 1561 1566
f 1557 1566 1556
f 1556 1566 1567
f 1556 1567 1555
f 1555 1567 1565
f 1546 1568 1483
f 1483 1568 1557
f 1568 1569 1557
f 1557 1569 1570
f 1557 1570 1561
f 1561 1570 1571
f 1561 1571 1562
f 1554 1558 1555
f 1555 1558 1457
f 1555 1457 1556
f 1556 1457 1549
f 1572 1573 1574
f 1574 1573 1575
f 1572 1574 1576
f 1576 1574 1577
f 1576 1577 1578
f 1578 1577 1091
f 1091 1577 1579
f 1091 1579 1092
f 1092 1579 1359
f 1092 1359 1093
f 1580 1581 1573
f 1573 1581 1582
f 1573 1582 1575
f 1575 1582 1583
f 1575 1583 1584
f 1573 1585 1580
f 1580 1585 1586
f 1580 1586 1587
f 1586 1588 1587
f 1587 1588 1589
f 1587 1589 1590
f 1590 1589 1591
f 1590 1591 1592
f 1592 1591 1593
f 1592 1593 1594
f 1594 1593 1595
f 1594 1595 1596
f 1596 1595 1597
f 1596 1597 1598
f 1598 1597 1599
f 1598 1599 1600
f 1599 1601 1600
f 1600 1601 1602
f 1600 1602 1603
f 1603 1602 1604
f 1603 1604 1605
f 1605 1604 1606
f 1605 1606 1607
f 1607 1606 1608
f 1607 1608 1609
f 1609 1608 1610
f 1609 1610 1611
f 1610 1612 1611
f 1611 1612 1613
f 1611 1613 1614
f 1614 1613 764
f 1614 764 1615
f 1616 1617 1618
f 1618 1617 1619
f 1618 1619 1620
f 1286 1621 835
f 800 1301 795
f 795 1301 1286
f 795 1286 834
f 834 1286 835
f 1621 1622 835
f 835 1622 1623
f 835 1623 1624
f 1625 1626 1627
f 1628 1624 1627
f 1627 1624 1629
f 1627 1629 1625
f 1626 1630 1627
f 1627 1630 1631
f 1627 1631 1632
f 1633 1634 835
f 1624 1628 835
f 835 1628 1635
f 835 1635 1633
f 1634 1636 835
f 835 1636 1637
f 835 1637 907
f 907 1637 1638
f 907 1638 1639
f 1640 750 752
f 1639 1616 907
f 907 1616 1618
f 907 1618 755
f 755 1618 1640
f 755 1640 753
f 753 1640 752
f 1641 1642 1643
f 1643 1644 1641
f 1641 1644 1645
f 1641 1645 1646
f 1647 1640 1648
f 1648 1640 1641
f 1648 1641 1649
f 1649 1641 1646
f 1647 1650 1640
f 1640 1650 1651
f 1640 1651 750
f 1303 1302 783
f 684 713 780
f 780 713 1303
f 780 1303 781
f 781 1303 783
f 800 799 1301
f 1301 799 798
f 1301 798 1302
f 1302 798 784
f 1302 784 783
f 1652 907 909
f 907 1652 1653
f 1652 909 912
f 1652 912 1653
f 1653 912 911
f 1653 911 809
f 831 825 1653
f 1653 825 823
f 1653 823 907
f 907 823 830
f 907 830 829
f 829 827 907
f 907 827 836
f 907 836 835
f 1654 913 915
f 915 918 1654
f 1654 918 917
f 1654 917 923
f 923 922 1654
f 1654 922 920
f 1654 920 926
f 926 925 1654
f 1654 925 924
f 1654 924 814
f 814 821 1654
f 1654 821 820
f 1654 820 819
f 819 817 1654
f 1654 817 816
f 1654 816 833
f 809 808 1653
f 1653 808 913
f 1653 913 831
f 831 913 1654
f 831 1654 832
f 832 1654 833
f 1651 1655 750
f 750 1655 1656
f 750 1656 751
f 751 1656 1657
f 1658 1615 764
f 764 740 1658
f 1658 740 739
f 1658 739 1657
f 1657 739 763
f 1657 763 751
f 1659 1660 1661
f 1662 1663 1664
f 1548 1472 1665
f 1498 1499 1666
f 1666 1499 1667
f 1667 1499 1510
f 1667 1510 1509
f 1668 1508 1669
f 1669 1508 1507
f 1507 1506 1669
f 1669 1506 1494
f 1669 1494 1666
f 1666 1494 1496
f 1666 1496 1498
f 1505 1503 1670
f 1670 1503 1501
f 1670 1501 1668
f 1668 1501 1500
f 1668 1500 1508
f 1671 1459 1551
f 1671 1551 1670
f 1670 1551 1550
f 1670 1550 1505
f 1470 1469 1672
f 1672 1469 1468
f 1672 1468 1671
f 1671 1468 1460
f 1671 1460 1459
f 1462 1673 1463
f 1463 1673 1465
f 1465 1673 1467
f 1467 1673 1674
f 1467 1674 1484
f 1478 1479 1675
f 1675 1479 1486
f 1675 1486 1674
f 1674 1486 1485
f 1674 1485 1484
f 1478 1675 1476
f 1476 1675 1676
f 1476 1676 1474
f 1472 1471 1665
f 1665 1471 1480
f 1665 1480 1676
f 1676 1480 1474
f 1546 1547 1677
f 1677 1547 1678
f 1679 867 1680
f 1680 867 767
f 869 874 1681
f 1681 874 873
f 1681 873 1682
f 1682 873 1679
f 1679 873 868
f 1679 868 867
f 891 1683 892
f 892 1683 1684
f 892 1684 879
f 891 890 1683
f 1683 890 870
f 1683 870 1681
f 1681 870 869
f 1664 889 1685
f 1685 889 888
f 888 887 1685
f 1685 887 875
f 1685 875 1684
f 1684 875 877
f 1684 877 879
f 885 883 1663
f 1663 883 881
f 1663 881 1664
f 1664 881 880
f 1664 880 889
f 838 930 1686
f 1686 930 929
f 1686 929 886
f 838 1686 1687
f 838 1687 840
f 840 1687 1688
f 840 1688 841
f 841 1688 848
f 848 1688 1689
f 848 1689 849
f 843 842 1689
f 1689 842 850
f 1689 850 849
f 845 1690 847
f 847 1690 1691
f 847 1691 863
f 852 851 1692
f 1692 851 865
f 1692 865 1691
f 1691 865 864
f 1691 864 863
f 852 1692 854
f 854 1692 1693
f 854 1693 856
f 1694 862 860
f 860 859 1694
f 1694 859 858
f 1694 858 1693
f 1693 858 856
f 1003 792 927
f 1003 927 1027
f 1027 927 928
f 1027 928 1028
f 1061 1488 1062
f 1062 1488 1487
f 1062 1487 997
f 1667 1509 1490
f 1667 1490 1695
f 1695 1490 1492
f 1695 1492 1493
f 1682 1659 1681
f 1681 1659 1661
f 1681 1661 1683
f 1683 1661 1696
f 1683 1696 1684
f 1684 1696 1697
f 1684 1697 1685
f 1685 1697 1698
f 1685 1698 1664
f 928 862 1028
f 1028 862 1694
f 1028 1694 1029
f 1029 1694 947
f 1699 1700 1701
f 1701 1700 1702
f 1701 1702 1703
f 1703 1702 1662
f 1703 1662 1704
f 1704 1662 1664
f 1704 1664 1705
f 1705 1664 1698
f 948 947 1706
f 1706 947 1694
f 1706 1694 1707
f 1707 1694 1693
f 1707 1693 1708
f 1708 1693 1692
f 1708 1692 1709
f 1709 1692 1691
f 1709 1691 1699
f 1699 1691 1690
f 1699 1690 1700
f 845 843 1690
f 1690 843 1689
f 1690 1689 1700
f 1700 1689 1688
f 1700 1688 1702
f 1702 1688 1687
f 1702 1687 1662
f 1662 1687 1686
f 1662 1686 1663
f 1663 1686 886
f 1663 886 885
f 1060 1695 1061
f 1061 1695 1493
f 1061 1493 1488
f 1462 1470 1673
f 1673 1470 1672
f 1673 1672 1710
f 1710 1672 1671
f 1710 1671 1711
f 1711 1671 1670
f 1711 1670 1712
f 1712 1670 1668
f 1547 1548 1678
f 1678 1548 1665
f 1678 1665 1713
f 1713 1665 1714
f 1660 1714 1661
f 1661 1714 1665
f 1661 1665 1696
f 1696 1665 1676
f 1696 1676 1697
f 1697 1676 1675
f 1697 1675 1698
f 1698 1675 1674
f 1698 1674 1705
f 1705 1674 1673
f 1705 1673 1704
f 1704 1673 1710
f 1704 1710 1703
f 1703 1710 1711
f 1703 1711 1701
f 1701 1711 1712
f 1701 1712 1699
f 1699 1712 1668
f 1699 1668 1709
f 1709 1668 1669
f 1709 1669 1708
f 1708 1669 1666
f 1708 1666 1707
f 1707 1666 1667
f 1707 1667 1706
f 1706 1667 1695
f 1706 1695 948
f 948 1695 1060
f 1715 1716 1717
f 766 765 1718
f 1719 1720 1721
f 1599 1722 1601
f 1601 1722 1723
f 1601 1723 1602
f 1612 1610 1718
f 1718 1610 1724
f 1610 1608 1724
f 1724 1608 1606
f 1724 1606 1723
f 1723 1606 1604
f 1723 1604 1602
f 765 764 1718
f 1718 764 1613
f 1718 1613 1612
f 1725 1726 1727
f 1727 1726 1717
f 1727 1717 1728
f 1728 1717 1716
f 1729 1730 1731
f 1731 1730 1732
f 1731 1732 1733
f 1733 1732 1734
f 1726 1725 1735
f 1726 1735 1732
f 1732 1735 1736
f 1732 1736 1734
f 1737 1738 1739
f 1083 1082 1737
f 1087 1086 1739
f 1739 1086 1085
f 1739 1085 1737
f 1737 1085 1084
f 1737 1084 1083
f 1740 1741 1742
f 1742 1741 1743
f 1742 1743 1744
f 1738 1745 1739
f 1739 1745 1746
f 1739 1746 1743
f 1743 1746 1747
f 1743 1747 1744
f 1748 1749 1750
f 1750 1749 1721
f 1721 1749 1751
f 1721 1751 1719
f 1740 1752 1741
f 1741 1752 1753
f 1741 1753 1750
f 1750 1753 1754
f 1750 1754 1748
f 747 746 1730
f 1730 746 1755
f 1730 1755 1732
f 1732 1755 1756
f 1732 1756 1726
f 1726 1756 1757
f 1726 1757 1717
f 1717 1757 1758
f 1717 1758 1721
f 1721 1758 1759
f 1721 1759 1750
f 1750 1759 1760
f 1750 1760 1741
f 1741 1760 1761
f 1741 1761 1743
f 1743 1761 1762
f 1743 1762 1739
f 1739 1762 1763
f 1739 1763 1087
f 1063 1764 1064
f 1064 1764 1578
f 1064 1578 1091
f 1586 1585 1765
f 1765 1585 1573
f 1765 1573 1766
f 1766 1573 1572
f 1766 1572 1764
f 1764 1572 1576
f 1764 1576 1578
f 1090 1089 1763
f 1763 1089 1088
f 1763 1088 1087
f 1586 1765 1588
f 1588 1765 1767
f 1588 1767 1589
f 1589 1767 1768
f 1589 1768 1591
f 1599 1597 1722
f 1722 1597 1595
f 1722 1595 1768
f 1768 1595 1593
f 1768 1593 1591
f 1729 1769 1730
f 1730 1769 1770
f 1730 1770 747
f 747 1770 1771
f 747 1771 759
f 759 1771 760
f 1720 1772 1721
f 1721 1772 1773
f 1721 1773 1717
f 1717 1773 1774
f 1717 1774 1715
f 746 766 1755
f 1755 766 1718
f 1755 1718 1756
f 1756 1718 1724
f 1756 1724 1757
f 1757 1724 1723
f 1757 1723 1758
f 1758 1723 1722
f 1758 1722 1759
f 1759 1722 1768
f 1759 1768 1760
f 1760 1768 1767
f 1760 1767 1761
f 1761 1767 1765
f 1761 1765 1762
f 1762 1765 1766
f 1762 1766 1763
f 1763 1766 1764
f 1763 1764 1090
f 1090 1764 1063
f 1044 1043 1775
f 1776 1777 1778
f 1779 1780 1781
f 1036 1035 1782
f 1387 1386 1783
f 946 705 1013
f 1361 1781 1071
f 1071 1781 1780
f 1071 1780 1072
f 1072 1780 1082
f 1784 1785 1786
f 1787 1788 1789
f 1789 1788 1790
f 1789 1790 1785
f 1785 1790 1791
f 1785 1791 1786
f 1786 1791 1792
f 1786 1792 1793
f 1787 1789 1794
f 1794 1789 1795
f 1794 1795 1796
f 1796 1795 1797
f 1797 1795 1798
f 1797 1798 1799
f 1800 1801 1798
f 1798 1801 1802
f 1798 1802 1799
f 1803 1804 1805
f 1805 1804 1806
f 1805 1806 1800
f 1800 1806 1807
f 1800 1807 1801
f 1808 1809 1810
f 1810 1809 1811
f 1810 1811 1812
f 1808 1810 1813
f 1813 1810 1814
f 1813 1814 1815
f 1816 1817 1814
f 1814 1817 1818
f 1814 1818 1815
f 1819 1820 1816
f 1816 1820 1821
f 1816 1821 1817
f 1822 1823 1819
f 1819 1823 1824
f 1819 1824 1820
f 1822 1819 1825
f 1825 1819 1826
f 1825 1826 1827
f 1827 1826 1828
f 1827 1828 1829
f 1830 1831 1832
f 1832 1831 1833
f 1832 1833 1828
f 1828 1833 1834
f 1828 1834 1829
f 1040 1042 1832
f 1832 1042 1830
f 1830 1042 1018
f 1830 1018 1835
f 1835 1018 1020
f 1374 1363 1836
f 1836 1363 941
f 1374 1836 1375
f 1375 1836 1837
f 1375 1837 1377
f 1838 1380 1837
f 1837 1380 1381
f 1837 1381 1377
f 1383 1382 1838
f 1838 1382 1378
f 1838 1378 1380
f 1783 1386 1838
f 1838 1386 1385
f 1838 1385 1383
f 1366 1839 1304
f 1304 1839 1840
f 1304 1840 1305
f 1366 1368 1839
f 1839 1368 1389
f 1839 1389 1783
f 1783 1389 1388
f 1783 1388 1387
f 1373 1372 1841
f 1841 1372 1370
f 1841 1370 1840
f 1840 1370 1369
f 1840 1369 1305
f 1418 1425 1842
f 1417 1422 1843
f 1843 1422 1421
f 1843 1421 1842
f 1842 1421 1419
f 1842 1419 1418
f 1417 1843 1415
f 1415 1843 1844
f 1415 1844 1410
f 1845 1405 1406
f 1406 1414 1845
f 1845 1414 1413
f 1845 1413 1844
f 1844 1413 1411
f 1844 1411 1410
f 1405 1845 1403
f 1403 1845 1846
f 1403 1846 1401
f 1361 1409 1781
f 1781 1409 1408
f 1781 1408 1846
f 1846 1408 1407
f 1846 1407 1401
f 1012 1836 1013
f 1013 1836 941
f 1013 941 946
f 1847 1848 1849
f 1849 1848 1850
f 1849 1850 1851
f 1851 1850 1852
f 1851 1852 1853
f 1853 1852 1854
f 1853 1854 1855
f 1855 1854 1856
f 1855 1856 1857
f 1857 1856 1782
f 1857 1782 1034
f 1034 1782 1035
f 1847 1858 1848
f 1848 1858 1859
f 1848 1859 1860
f 1012 1036 1836
f 1836 1036 1782
f 1836 1782 1837
f 1837 1782 1856
f 1837 1856 1838
f 1838 1856 1854
f 1838 1854 1783
f 1783 1854 1852
f 1783 1852 1839
f 1839 1852 1850
f 1839 1850 1840
f 1840 1850 1848
f 1840 1848 1841
f 1841 1848 1860
f 1841 1860 1373
f 1373 1860 1423
f 1861 1862 1863
f 1863 1862 1864
f 1863 1864 1865
f 1865 1864 1866
f 1865 1866 1867
f 1867 1866 1868
f 1867 1868 1869
f 1869 1868 1870
f 1869 1870 1871
f 1871 1870 1872
f 1871 1872 1873
f 1871 1781 1869
f 1869 1781 1846
f 1869 1846 1867
f 1867 1846 1845
f 1867 1845 1865
f 1865 1845 1844
f 1865 1844 1863
f 1863 1844 1843
f 1863 1843 1861
f 1861 1843 1842
f 1861 1842 1874
f 1874 1842 1425
f 1874 1425 1424
f 1873 1875 1871
f 1871 1875 1876
f 1871 1876 1781
f 1781 1876 1877
f 1781 1877 1779
f 1034 1031 1857
f 1857 1031 1030
f 1857 1030 1045
f 1043 1040 1775
f 1775 1040 1832
f 1775 1832 1878
f 1878 1832 1828
f 1878 1828 1879
f 1879 1828 1826
f 1879 1826 1880
f 1880 1826 1819
f 1880 1819 1881
f 1881 1819 1816
f 1881 1816 1882
f 1882 1816 1814
f 1882 1814 1883
f 1883 1814 1810
f 1883 1810 1805
f 1805 1810 1812
f 1805 1812 1803
f 1884 1885 1872
f 1872 1885 1886
f 1872 1886 1873
f 1777 1884 1778
f 1778 1884 1872
f 1778 1872 1887
f 1887 1872 1870
f 1887 1870 1888
f 1888 1870 1868
f 1888 1868 1889
f 1889 1868 1866
f 1889 1866 1890
f 1890 1866 1864
f 1890 1864 1891
f 1891 1864 1862
f 1891 1862 1858
f 1858 1862 1861
f 1858 1861 1859
f 1859 1861 1874
f 1859 1874 1860
f 1860 1874 1424
f 1860 1424 1423
f 1784 1776 1785
f 1785 1776 1778
f 1785 1778 1789
f 1789 1778 1887
f 1789 1887 1795
f 1795 1887 1888
f 1795 1888 1798
f 1798 1888 1889
f 1798 1889 1800
f 1800 1889 1890
f 1800 1890 1805
f 1805 1890 1891
f 1805 1891 1883
f 1883 1891 1858
f 1883 1858 1882
f 1882 1858 1847
f 1882 1847 1881
f 1881 1847 1849
f 1881 1849 1880
f 1880 1849 1851
f 1880 1851 1879
f 1879 1851 1853
f 1879 1853 1878
f 1878 1853 1855
f 1878 1855 1775
f 1775 1855 1857
f 1775 1857 1044
f 1044 1857 1045
f 1835 1020 1101
f 1892 1152 1893
f 1893 1152 1151
f 1893 1151 1150
f 1894 1833 1831
f 1835 1101 1830
f 1831 1830 1894
f 1894 1830 1101
f 1894 1101 1895
f 1895 1101 1100
f 1895 1100 1896
f 1896 1100 1098
f 1896 1098 1897
f 1897 1098 1097
f 1897 1097 1898
f 1898 1097 1152
f 1898 1152 1899
f 1899 1152 1892
f 1286 1192 1621
f 1621 1192 1900
f 1901 1623 1900
f 1900 1623 1622
f 1900 1622 1621
f 1902 1625 1901
f 1901 1625 1629
f 1629 1624 1901
f 1901 1624 1623
f 1903 1904 1632
f 1632 1631 1903
f 1903 1631 1630
f 1903 1630 1902
f 1902 1630 1626
f 1902 1626 1625
f 1904 1903 1905
f 1903 1902 1906
f 1902 1901 1907
f 1901 1900 1908
f 1900 1192 1191
f 1900 1191 1908
f 1908 1191 1214
f 1908 1214 1909
f 1279 1910 1216
f 1216 1910 1909
f 1216 1909 1217
f 1217 1909 1214
f 1279 1221 1910
f 1910 1221 1219
f 1910 1219 1911
f 1219 1218 1911
f 1911 1218 1189
f 1911 1189 1912
f 1186 1913 1285
f 1285 1913 1912
f 1285 1912 1188
f 1188 1912 1189
f 1186 1185 1913
f 1913 1185 1226
f 1913 1226 1914
f 1226 1225 1914
f 1914 1225 1223
f 1914 1223 1915
f 1915 1223 1229
f 1229 1228 1915
f 1915 1228 1232
f 1915 1232 1916
f 1232 1231 1916
f 1916 1231 1235
f 1916 1235 1917
f 1237 1918 1238
f 1238 1918 1917
f 1238 1917 1234
f 1234 1917 1235
f 1183 1919 1920
f 1237 1236 1918
f 1918 1236 1240
f 1918 1240 1920
f 1920 1240 1241
f 1920 1241 1183
f 1183 1182 1919
f 1919 1182 1242
f 1919 1242 1921
f 1242 1180 1921
f 1921 1180 1179
f 1921 1179 1922
f 1922 1179 1245
f 1245 1244 1922
f 1922 1244 1248
f 1922 1248 1923
f 1248 1247 1923
f 1923 1247 1262
f 1923 1262 1924
f 1901 1908 1907
f 1907 1908 1909
f 1907 1909 1925
f 1925 1909 1910
f 1925 1910 1926
f 1926 1910 1911
f 1926 1911 1927
f 1927 1911 1912
f 1927 1912 1928
f 1928 1912 1913
f 1928 1913 1929
f 1929 1913 1914
f 1929 1914 1930
f 1930 1914 1915
f 1930 1915 1931
f 1931 1915 1916
f 1931 1916 1932
f 1932 1916 1917
f 1932 1917 1933
f 1933 1917 1918
f 1933 1918 1934
f 1934 1918 1920
f 1934 1920 1935
f 1935 1920 1919
f 1935 1919 1936
f 1936 1919 1921
f 1936 1921 1937
f 1937 1921 1922
f 1937 1922 1938
f 1938 1922 1923
f 1938 1923 1939
f 1939 1923 1924
f 1939 1924 1940
f 1902 1907 1906
f 1906 1907 1925
f 1906 1925 1941
f 1941 1925 1926
f 1941 1926 1942
f 1942 1926 1927
f 1942 1927 1943
f 1943 1927 1928
f 1943 1928 1944
f 1944 1928 1929
f 1944 1929 1945
f 1945 1929 1930
f 1945 1930 1946
f 1946 1930 1931
f 1946 1931 1947
f 1947 1931 1932
f 1947 1932 1948
f 1948 1932 1933
f 1948 1933 1949
f 1949 1933 1934
f 1949 1934 1950
f 1950 1934 1935
f 1950 1935 1951
f 1951 1935 1936
f 1951 1936 1952
f 1952 1936 1937
f 1952 1937 1953
f 1953 1937 1938
f 1953 1938 1954
f 1954 1938 1939
f 1954 1939 1955
f 1955 1939 1940
f 1955 1940 1956
f 1903 1906 1905
f 1905 1906 1941
f 1905 1941 1957
f 1957 1941 1942
f 1957 1942 1958
f 1958 1942 1943
f 1958 1943 1959
f 1959 1943 1944
f 1959 1944 1960
f 1960 1944 1945
f 1960 1945 1961
f 1961 1945 1946
f 1961 1946 1962
f 1962 1946 1947
f 1962 1947 1963
f 1963 1947 1948
f 1963 1948 1964
f 1964 1948 1949
f 1964 1949 1965
f 1965 1949 1950
f 1965 1950 1966
f 1966 1950 1951
f 1966 1951 1967
f 1967 1951 1952
f 1967 1952 1968
f 1968 1952 1953
f 1968 1953 1969
f 1969 1953 1954
f 1969 1954 1970
f 1970 1954 1955
f 1970 1955 1971
f 1971 1955 1956
f 1971 1956 1972
f 1904 1905 1973
f 1973 1905 1957
f 1973 1957 1974
f 1974 1957 1958
f 1974 1958 1975
f 1975 1958 1959
f 1975 1959 1976
f 1976 1959 1960
f 1976 1960 1977
f 1977 1960 1961
f 1977 1961 1978
f 1978 1961 1962
f 1978 1962 1979
f 1979 1962 1963
f 1979 1963 1980
f 1980 1963 1964
f 1980 1964 1981
f 1981 1964 1965
f 1981 1965 1982
f 1982 1965 1966
f 1982 1966 1983
f 1983 1966 1967
f 1983 1967 1984
f 1984 1967 1968
f 1984 1968 1985
f 1985 1968 1969
f 1985 1969 1986
f 1986 1969 1970
f 1986 1970 1987
f 1987 1970 1971
f 1987 1971 1988
f 1988 1971 1972
f 1988 1972 1989
f 1972 1990 1989
f 1989 1990 1991
f 1989 1991 1992
f 1993 1956 1994
f 1994 1956 1940
f 1993 1995 1956
f 1956 1995 1996
f 1956 1996 1972
f 1972 1996 1997
f 1972 1997 1990
f 1262 1287 1924
f 1924 1287 1998
f 1924 1998 1999
f 1999 2000 1924
f 1924 2000 2001
f 1924 2001 1940
f 1940 2001 2002
f 1940 2002 1994
f 2003 2004 2005
f 2006 2007 2008
f 2009 2010 2011
f 2012 2013 2014
f 2015 2016 2017
f 2018 2019 2020
f 2021 2022 2023
f 2023 2022 2019
f 2024 2025 2021
f 2026 2027 2028
f 2028 2027 2025
f 2026 2028 2029
f 2029 2028 2030
f 2029 2030 2031
f 2031 2032 2033
f 2033 2032 2034
f 2035 2036 2037
f 2037 2036 2038
f 2038 2036 2039
f 2039 2036 2040
f 2039 2040 2041
f 2041 2040 2042
f 2041 2042 2043
f 2043 2042 2044
f 2044 2042 2045
f 2044 2045 2046
f 2046 2045 2047
f 2047 2045 2048
f 2047 2048 2049
f 2049 2048 2050
f 2050 2048 2017
f 2050 2017 2051
f 2051 2017 2016
f 2051 2016 2052
f 2012 2053 2013
f 2013 2053 2054
f 2013 2054 2055
f 2009 2056 2010
f 2010 2056 2057
f 2010 2057 2058
f 2006 2008 2059
f 2060 2061 2062
f 2062 2061 2063
f 2064 2065 2061
f 2061 2065 2066
f 2061 2066 2063
f 2067 2068 2069
f 2067 2069 2004
f 2004 2069 2070
f 2004 2070 2005
f 2071 2072 2067
f 2067 2072 2073
f 2067 2073 2068
f 2020 2074 2018
f 2018 2074 2075
f 2018 2075 2071
f 2071 2075 2076
f 2071 2076 2072
f 2034 2032 2035
f 2035 2032 2077
f 2035 2077 2036
f 2036 2077 2078
f 2036 2078 2040
f 2040 2078 2079
f 2040 2079 2042
f 2042 2079 2080
f 2042 2080 2045
f 2045 2080 2014
f 2045 2014 2048
f 2048 2014 2013
f 2048 2013 2017
f 2017 2013 2055
f 2017 2055 2015
f 2031 2030 2032
f 2032 2030 2081
f 2032 2081 2077
f 2077 2081 2082
f 2077 2082 2078
f 2078 2082 2083
f 2078 2083 2079
f 2079 2083 2011
f 2079 2011 2080
f 2080 2011 2010
f 2080 2010 2014
f 2014 2010 2058
f 2014 2058 2012
f 2019 2018 2023
f 2023 2018 2071
f 2023 2071 2084
f 2084 2071 2067
f 2084 2067 2085
f 2085 2067 2004
f 2085 2004 2064
f 2064 2004 2003
f 2064 2003 2065
f 2021 2023 2024
f 2024 2023 2084
f 2024 2084 2086
f 2086 2084 2085
f 2086 2085 2087
f 2087 2085 2064
f 2087 2064 2088
f 2088 2064 2061
f 2088 2061 2089
f 2089 2061 2060
f 2089 2060 2008
f 2008 2060 2090
f 2008 2090 2059
f 2025 2024 2028
f 2028 2024 2086
f 2028 2086 2030
f 2030 2086 2087
f 2030 2087 2081
f 2081 2087 2088
f 2081 2088 2082
f 2082 2088 2089
f 2082 2089 2083
f 2083 2089 2008
f 2083 2008 2011
f 2011 2008 2007
f 2011 2007 2009
f 1122 1123 2016
f 1124 2091 2092
f 1124 2092 1123
f 1123 2092 2052
f 1123 2052 2016
f 2055 1114 2015
f 2015 1114 1112
f 2015 1112 2016
f 2016 1112 1111
f 2016 1111 1122
f 2055 2054 1114
f 1114 2054 2053
f 1114 2053 1116
f 1116 2053 2012
f 1116 2012 1117
f 1117 2012 2058
f 1117 2058 1118
f 1118 2058 2057
f 1118 2057 1104
f 1104 2057 1105
f 1105 2057 2056
f 1105 2056 1107
f 2056 2009 1107
f 1107 2009 2007
f 1107 2007 1109
f 1109 2007 2006
f 1109 2006 1110
f 1110 2006 1176
f 1176 2006 1177
f 1177 2006 2059
f 1177 2059 1178
f 2059 2090 1178
f 1178 2090 2060
f 1178 2060 1170
f 1170 2060 2062
f 1175 1174 2062
f 1174 1173 2062
f 2062 1173 1172
f 2062 1172 1170
f 2062 2063 1175
f 1175 2063 2066
f 1175 2066 1164
f 1164 2066 2065
f 1164 2065 1165
f 1165 2065 1167
f 1167 2065 2003
f 1167 2003 1168
f 2003 2005 1168
f 1168 2005 2070
f 1168 2070 1162
f 1162 2070 2069
f 2068 2073 1153
f 1153 1155 2068
f 2068 1155 1157
f 2068 1157 2069
f 2069 1157 1163
f 2069 1163 1162
f 1150 1149 2075
f 2075 1149 2076
f 1149 1148 2076
f 2076 1148 1160
f 2076 1160 2072
f 2072 1160 1159
f 2072 1159 2073
f 2073 1159 1158
f 2073 1158 1153
f 2020 2093 2074
f 2074 2093 1892
f 2074 1892 2075
f 2075 1892 1893
f 2075 1893 1150
f 2094 2095 1211
f 1211 2095 1208
f 1208 2095 2096
f 1208 2096 1207
f 1207 2096 1205
f 1205 2096 2097
f 1205 2097 1203
f 1203 2097 1204
f 1204 2097 2098
f 1204 2098 1198
f 2099 2100 1288
f 1288 1195 2099
f 2099 1195 1194
f 2099 1194 2101
f 2101 1194 1201
f 2101 1201 2098
f 2098 1201 1200
f 2098 1200 1198
f 2102 1290 2100
f 2100 1290 1289
f 2100 1289 1288
f 1294 1293 2103
f 2103 1293 1292
f 2103 1292 2102
f 2102 1292 1291
f 2102 1291 1290
f 1294 2103 1295
f 1295 2103 2104
f 1295 2104 1296
f 1296 2104 1297
f 1297 2104 2105
f 1297 2105 1298
f 1211 1210 2094
f 2094 1210 1300
f 2094 1300 2105
f 2105 1300 1299
f 2105 1299 1298
f 2106 2107 2108
f 1358 1359 1579
f 1351 1356 2108
f 2108 1356 1357
f 2109 1347 1346
f 2107 2110 2108
f 2108 2110 2111
f 2108 2111 2109
f 1346 1355 2109
f 2109 1355 1354
f 2109 1354 2108
f 2108 1354 1352
f 2108 1352 1351
f 2109 2112 1347
f 1347 2112 2113
f 1347 2113 1349
f 1349 2113 2114
f 2115 1345 2114
f 2114 1345 1350
f 2114 1350 1349
f 2115 2116 1345
f 1345 2116 2117
f 1345 2117 1343
f 1343 2117 2118
f 1343 2118 1342
f 1342 2118 2119
f 1342 2119 1340
f 1340 2119 2120
f 1340 2120 1335
f 1335 2120 2121
f 1335 2121 1336
f 1336 2121 2122
f 2122 2123 1336
f 1336 2123 2124
f 1336 2124 1337
f 2124 2125 1337
f 1337 2125 2126
f 1337 2126 1338
f 1338 2126 2127
f 1338 2127 1339
f 1339 2127 2128
f 1339 2128 2129
f 2130 1329 2131
f 2131 1329 1339
f 2131 1339 2132
f 2132 1339 2129
f 2130 2133 1329
f 1329 2133 2134
f 1329 2134 1327
f 1327 2134 2135
f 1327 2135 1331
f 1331 2135 2136
f 1331 2136 2137
f 2137 2138 1331
f 1331 2138 2139
f 1331 2139 1332
f 1332 2139 2140
f 1332 2140 1333
f 1333 2140 1323
f 1323 2140 2141
f 1323 2141 1324
f 2141 2142 1324
f 1324 2142 2143
f 1324 2143 1325
f 1325 2143 2144
f 1325 2144 2145
f 2146 1321 2147
f 2147 1321 1320
f 2147 1320 2145
f 2145 1320 1326
f 2145 1326 1325
f 2146 2148 1321
f 1321 2148 2149
f 1321 2149 1316
f 2149 2150 2151
f 2151 2150 2152
f 2151 2152 2153
f 1316 2149 1317
f 1317 2149 2151
f 1317 2151 1318
f 733 1309 2151
f 2151 1309 1310
f 2151 1310 1311
f 1311 1312 2151
f 2151 1312 1314
f 2151 1314 1318
f 2153 735 2151
f 2151 735 737
f 2151 737 738
f 738 730 2151
f 2151 730 734
f 2151 734 733
f 1575 1584 2106
f 1575 2106 1574
f 1357 1358 2108
f 2108 1358 1579
f 2108 1579 2106
f 2106 1579 1577
f 2106 1577 1574
f 2154 2155 2156
f 2157 2158 2159
f 2160 2161 2162
f 2163 2164 2165
f 2166 2167 2168
f 2169 2170 2171
f 2172 2173 2174
f 2175 2176 2177
f 2178 2179 2180
f 2181 2182 2183
f 2184 2185 2186
f 2187 2188 2189
f 2190 2191 2192
f 2193 2194 2195
f 2196 2197 2198
f 2199 2200 2201
f 2202 2203 2204
f 2202 2204 2205
f 2203 2206 2204
f 2204 2206 2207
f 2204 2207 2208
f 2190 2192 2209
f 2187 2189 2210
f 2211 2205 2212
f 2212 2205 2204
f 2212 2204 2213
f 2213 2204 2208
f 2213 2208 2177
f 2214 2215 2216
f 2217 2218 2219
f 2219 2218 2220
f 2219 2220 2221
f 2221 2220 2222
f 2221 2222 2223
f 2223 2222 2180
f 2223 2180 2224
f 2224 2180 2179
f 2176 2178 2177
f 2177 2178 2180
f 2177 2180 2213
f 2213 2180 2222
f 2213 2222 2212
f 2212 2222 2220
f 2212 2220 2211
f 2211 2220 2218
f 2207 2214 2208
f 2208 2214 2216
f 2208 2216 2177
f 2177 2216 2225
f 2177 2225 2175
f 2226 2227 2215
f 2215 2227 2228
f 2215 2228 2216
f 2216 2228 2229
f 2216 2229 2225
f 2206 2199 2207
f 2207 2199 2201
f 2207 2201 2214
f 2214 2201 2230
f 2214 2230 2215
f 2215 2230 2174
f 2215 2174 2226
f 2226 2174 2173
f 2231 2232 2233
f 2233 2232 2234
f 2234 2172 2233
f 2233 2172 2174
f 2233 2174 2235
f 2235 2174 2230
f 2235 2230 2198
f 2198 2230 2201
f 2198 2201 2196
f 2196 2201 2200
f 2170 2231 2171
f 2171 2231 2233
f 2171 2233 2236
f 2236 2233 2235
f 2236 2235 2237
f 2237 2235 2198
f 2237 2198 2238
f 2238 2198 2197
f 2167 2169 2168
f 2168 2169 2171
f 2168 2171 2239
f 2239 2171 2236
f 2239 2236 2195
f 2195 2236 2237
f 2195 2237 2193
f 2193 2237 2238
f 2194 2240 2195
f 2195 2240 2241
f 2195 2241 2239
f 2239 2241 2242
f 2239 2242 2168
f 2168 2242 2243
f 2168 2243 2166
f 2244 2245 2243
f 2243 2245 2246
f 2243 2246 2166
f 2164 2244 2165
f 2165 2244 2243
f 2165 2243 2247
f 2247 2243 2242
f 2247 2242 2192
f 2192 2242 2241
f 2192 2241 2209
f 2209 2241 2240
f 2191 2248 2192
f 2192 2248 2249
f 2192 2249 2247
f 2247 2249 2250
f 2247 2250 2165
f 2165 2250 2251
f 2165 2251 2163
f 2252 2253 2251
f 2251 2253 2254
f 2251 2254 2163
f 2161 2252 2162
f 2162 2252 2251
f 2162 2251 2255
f 2255 2251 2250
f 2255 2250 2256
f 2256 2250 2249
f 2256 2249 2257
f 2257 2249 2248
f 2158 2160 2159
f 2159 2160 2162
f 2159 2162 2258
f 2258 2162 2255
f 2258 2255 2189
f 2189 2255 2256
f 2189 2256 2210
f 2210 2256 2257
f 2259 2260 2261
f 2261 2260 2262
f 2262 2157 2261
f 2261 2157 2159
f 2261 2159 2263
f 2263 2159 2258
f 2263 2258 2264
f 2264 2258 2189
f 2264 2189 2265
f 2265 2189 2188
f 2155 2259 2156
f 2156 2259 2261
f 2156 2261 2266
f 2266 2261 2263
f 2266 2263 2186
f 2186 2263 2264
f 2186 2264 2184
f 2184 2264 2265
f 2267 2154 2268
f 2268 2154 2156
f 2268 2156 2269
f 2269 2156 2266
f 2269 2266 2183
f 2183 2266 2186
f 2183 2186 2181
f 2181 2186 2185
f 2182 2270 2183
f 2183 2270 2271
f 2183 2271 2269
f 2269 2271 2272
f 2269 2272 2268
f 2268 2272 2273
f 2268 2273 2267
f 2267 2273 2274
f 1455 1552 1524
f 1439 1540 1539
f 1540 1439 1528
f 1528 1439 1454
f 1528 1454 1453
f 1453 1452 1528
f 1528 1452 1446
f 1528 1446 1448
f 1536 1443 1537
f 1537 1443 1442
f 1537 1442 1539
f 1539 1442 1441
f 1539 1441 1439
f 1536 1535 1443
f 1443 1535 1534
f 1443 1534 1532
f 1532 1545 1544
f 1544 1542 1541
f 1532 1544 1443
f 1443 1544 1541
f 1443 1541 1444
f 1524 1552 1526
f 1523 1530 1448
f 1448 1530 1529
f 1448 1529 1528
f 1448 1450 1523
f 1523 1450 1451
f 1523 1451 1524
f 1524 1451 1456
f 1524 1456 1455
f 1553 1563 2275
f 2276 1552 2277
f 2277 1552 1558
f 2277 1558 2275
f 2275 1558 1554
f 2275 1554 1553
f 2091 1124 1426
f 1426 1435 2091
f 2091 1435 1433
f 2091 1433 2276
f 2276 1433 1431
f 2276 1431 1552
f 1552 1431 1430
f 1552 1430 1526
f 1643 2217 1644
f 1644 2217 2219
f 2221 1646 2219
f 2219 1646 1645
f 2219 1645 1644
f 1650 1647 2223
f 2223 1647 1648
f 2223 1648 2221
f 2221 1648 1649
f 2221 1649 1646
f 1650 2223 1651
f 1651 2223 2224
f 1651 2224 1655
f 1642 1641 2278
f 1627 2279 2280
f 1628 1627 1635
f 1635 1627 2280
f 1635 2280 1633
f 2280 2281 1633
f 1633 2281 2282
f 1633 2282 1634
f 1634 2282 2283
f 1634 2283 1636
f 1636 2283 1637
f 1637 2283 2284
f 1637 2284 1638
f 2284 2285 1638
f 1638 2285 2286
f 1638 2286 1639
f 1639 2286 1616
f 1616 2286 2287
f 1616 2287 1617
f 2287 2288 1617
f 1617 2288 2289
f 1617 2289 1619
f 2289 2278 1619
f 1619 2278 1641
f 1619 1641 1620
f 1620 1641 1640
f 1620 1640 1618
f 2290 2291 2292
f 2293 1592 2294
f 2294 1592 1594
f 2290 2292 2295
f 2296 2297 2298
f 2298 2297 2299
f 2300 2301 1603
f 2301 2302 1603
f 1603 2302 2303
f 1603 2303 1600
f 1600 2303 2304
f 1600 2304 1598
f 1598 2304 2305
f 1598 2305 1596
f 1596 2305 2306
f 1596 2306 1594
f 1594 2306 2307
f 1594 2307 2294
f 2308 1609 2309
f 2309 1609 1611
f 2309 1611 2310
f 2310 1611 1614
f 1614 1615 2310
f 2310 1615 1658
f 2310 1658 2311
f 2311 1658 1657
f 2311 1657 2224
f 2224 1657 1656
f 2224 1656 1655
f 2297 2300 2299
f 2299 2300 1603
f 2299 1603 2312
f 2312 1603 1605
f 2312 1605 2308
f 2308 1605 1607
f 2308 1607 1609
f 2293 2295 1592
f 1592 2295 2292
f 1592 2292 1590
f 1590 2292 2313
f 1590 2313 1587
f 1587 2313 2314
f 1587 2314 1580
f 1580 2314 2315
f 1580 2315 1581
f 2316 2274 2317
f 2315 2318 1581
f 1581 2318 2319
f 1581 2319 1582
f 1582 2319 2316
f 1582 2316 1583
f 1583 2316 2317
f 2225 2229 2320
f 2227 2226 2321
f 2254 2253 2322
f 2161 2160 2323
f 2267 2274 2316
f 2324 2296 2298
f 2325 2326 2327
f 2327 2326 2328
f 2327 2328 2324
f 2329 2330 2331
f 2332 2333 2334
f 2334 2333 2335
f 2335 2333 2336
f 2336 2333 2337
f 2336 2337 2338
f 2339 2154 2267
f 2340 2259 2155
f 2158 2157 2341
f 2341 2157 2262
f 2342 2244 2343
f 2343 2244 2164
f 2343 2164 2322
f 2322 2164 2163
f 2322 2163 2254
f 2344 2246 2342
f 2342 2246 2245
f 2342 2245 2244
f 2345 2167 2344
f 2344 2167 2166
f 2344 2166 2246
f 2346 2170 2345
f 2345 2170 2169
f 2345 2169 2167
f 2234 2232 2346
f 2346 2232 2231
f 2346 2231 2170
f 2234 2347 2172
f 2172 2347 2321
f 2172 2321 2173
f 2173 2321 2226
f 2229 2228 2320
f 2320 2228 2227
f 2320 2227 2348
f 2176 2175 2349
f 2349 2175 2225
f 2179 2178 2350
f 2350 2178 2176
f 2267 2316 2339
f 2339 2316 2319
f 2339 2319 2351
f 2319 2318 2351
f 2351 2318 2315
f 2351 2315 2352
f 2352 2315 2314
f 2352 2314 2337
f 2337 2314 2313
f 2337 2313 2338
f 2338 2313 2292
f 2338 2292 2291
f 2324 2298 2327
f 2327 2298 2299
f 2327 2299 2353
f 2299 2312 2353
f 2353 2312 2308
f 2353 2308 2354
f 2224 2179 2311
f 2311 2179 2350
f 2311 2350 2310
f 2310 2350 2354
f 2310 2354 2309
f 2309 2354 2308
f 2330 2329 2332
f 2332 2329 2355
f 2332 2355 2333
f 2333 2355 2356
f 2333 2356 2337
f 2337 2356 2357
f 2337 2357 2352
f 2352 2357 2358
f 2352 2358 2351
f 2351 2358 2340
f 2351 2340 2339
f 2339 2340 2155
f 2339 2155 2154
f 2176 2349 2350
f 2350 2349 2359
f 2350 2359 2354
f 2354 2359 2360
f 2354 2360 2353
f 2353 2360 2361
f 2353 2361 2327
f 2327 2361 2329
f 2327 2329 2325
f 2325 2329 2331
f 2325 2331 2326
f 2225 2320 2349
f 2349 2320 2348
f 2349 2348 2359
f 2359 2348 2362
f 2359 2362 2360
f 2360 2362 2363
f 2360 2363 2361
f 2361 2363 2364
f 2361 2364 2329
f 2329 2364 2365
f 2329 2365 2355
f 2355 2365 2366
f 2355 2366 2356
f 2356 2366 2367
f 2356 2367 2357
f 2357 2367 2341
f 2357 2341 2358
f 2358 2341 2262
f 2358 2262 2340
f 2340 2262 2260
f 2340 2260 2259
f 2227 2321 2348
f 2348 2321 2347
f 2348 2347 2362
f 2362 2347 2368
f 2362 2368 2363
f 2363 2368 2369
f 2363 2369 2364
f 2364 2369 2370
f 2364 2370 2365
f 2365 2370 2371
f 2365 2371 2366
f 2366 2371 2372
f 2366 2372 2367
f 2367 2372 2323
f 2367 2323 2341
f 2341 2323 2160
f 2341 2160 2158
f 2234 2346 2347
f 2347 2346 2345
f 2347 2345 2368
f 2368 2345 2344
f 2368 2344 2369
f 2369 2344 2342
f 2369 2342 2370
f 2370 2342 2343
f 2370 2343 2371
f 2371 2343 2322
f 2371 2322 2372
f 2372 2322 2253
f 2372 2253 2323
f 2323 2253 2252
f 2323 2252 2161
f 2373 2374 2375
f 1770 1769 2376
f 1715 1774 2377
f 2378 2379 2380
f 2381 2382 2383
f 2383 2382 2384
f 2383 2384 2385
f 1562 2386 1559
f 1559 2386 2383
f 1559 2383 1560
f 1560 2383 2385
f 2381 2383 2387
f 2387 2383 2388
f 2387 2388 2389
f 2390 2391 2392
f 2392 2391 2393
f 2392 2393 2388
f 2388 2393 2394
f 2388 2394 2389
f 2395 2396 2397
f 2397 2396 2398
f 2397 2398 2399
f 2399 2398 2400
f 2399 2400 2390
f 2401 2402 2403
f 2403 2402 2404
f 2403 2404 2397
f 2397 2404 2405
f 2397 2405 2395
f 2401 2403 2406
f 2406 2403 2407
f 2406 2407 2408
f 2409 2410 2407
f 2407 2410 2411
f 2407 2411 2408
f 2379 2412 2380
f 2380 2412 2413
f 2380 2413 2409
f 2409 2413 2414
f 2409 2414 2410
f 2415 2416 2417
f 2418 2419 2420
f 1793 2421 1786
f 1786 2421 2422
f 1082 1780 1737
f 1737 1780 2423
f 1737 2423 1738
f 1738 2423 1745
f 2424 1747 1746
f 2425 1742 2424
f 2424 1742 1744
f 2424 1744 1747
f 1753 1752 2425
f 2425 1752 1740
f 2425 1740 1742
f 2426 1749 2427
f 2427 1749 1748
f 2427 1748 2425
f 2425 1748 1754
f 2425 1754 1753
f 1772 1720 2426
f 1720 1719 2426
f 2426 1719 1751
f 2426 1751 1749
f 2428 1725 2429
f 1725 1727 2429
f 2429 1727 1728
f 2429 1728 2377
f 2377 1728 1716
f 2377 1716 1715
f 1731 1733 2430
f 2376 1769 2430
f 2430 1769 1729
f 2430 1729 1731
f 1733 1734 2430
f 2430 1734 1736
f 2430 1736 2428
f 2428 1736 1735
f 2428 1735 1725
f 1771 2431 760
f 760 2431 761
f 776 775 2432
f 2432 775 2431
f 2431 775 762
f 2431 762 761
f 767 769 1680
f 1680 769 2433
f 769 770 2433
f 2433 770 758
f 2433 758 2432
f 2432 758 756
f 2432 756 776
f 1562 1571 2386
f 2386 1571 1570
f 2386 1570 2434
f 2434 1570 1569
f 2434 1569 1568
f 2435 1875 2436
f 2436 1875 1873
f 1780 1779 2423
f 2423 1779 1877
f 2423 1877 2435
f 2435 1877 1876
f 2435 1876 1875
f 2437 2374 2438
f 2438 2374 2373
f 2438 2373 2439
f 2424 2437 2425
f 2425 2437 2438
f 2425 2438 2427
f 2427 2438 2439
f 2427 2439 2426
f 2426 2439 2440
f 2426 2440 1772
f 1772 2440 1773
f 2441 2376 2442
f 2442 2376 2430
f 2442 2430 2443
f 2443 2430 2428
f 2443 2428 2444
f 2444 2428 2429
f 2444 2429 2445
f 2445 2429 2377
f 2445 2377 2446
f 1659 1682 2433
f 2433 1682 1679
f 2433 1679 1680
f 1713 1714 2447
f 2447 1714 1660
f 1660 1659 2447
f 2447 1659 2433
f 2447 2433 2448
f 2448 2433 2432
f 2448 2432 2441
f 2441 2432 2431
f 2441 2431 2376
f 2376 2431 1771
f 2376 1771 1770
f 2422 2449 1786
f 1786 2449 2420
f 1786 2420 1784
f 1784 2420 2419
f 1784 2419 2450
f 1784 2450 1776
f 1776 2450 1777
f 1873 1886 2436
f 2436 1886 1885
f 2436 1885 2450
f 2450 1885 1884
f 2450 1884 1777
f 2419 2375 2450
f 2450 2375 2374
f 2450 2374 2436
f 2436 2374 2437
f 2436 2437 2435
f 2435 2437 2424
f 2435 2424 2423
f 2423 2424 1746
f 2423 1746 1745
f 2390 2392 2399
f 2399 2392 2451
f 2399 2451 2397
f 2397 2451 2452
f 2397 2452 2403
f 2403 2452 2453
f 2403 2453 2407
f 2407 2453 2454
f 2407 2454 2409
f 2409 2454 2455
f 2409 2455 2380
f 2418 2415 2419
f 2419 2415 2417
f 2419 2417 2375
f 2375 2417 2456
f 2375 2456 2373
f 2373 2456 2457
f 2373 2457 2439
f 2439 2457 2446
f 2439 2446 2440
f 2440 2446 2377
f 2440 2377 1773
f 1773 2377 1774
f 1678 2434 1677
f 1677 2434 1568
f 1677 1568 1546
f 1678 1713 2434
f 2434 1713 2447
f 2434 2447 2386
f 2386 2447 2448
f 2386 2448 2383
f 2383 2448 2441
f 2383 2441 2388
f 2388 2441 2442
f 2388 2442 2392
f 2392 2442 2443
f 2392 2443 2451
f 2451 2443 2444
f 2451 2444 2452
f 2452 2444 2445
f 2452 2445 2453
f 2453 2445 2446
f 2453 2446 2454
f 2454 2446 2457
f 2454 2457 2455
f 2455 2457 2456
f 2455 2456 2380
f 2380 2456 2417
f 2380 2417 2378
f 2378 2417 2416
f 1804 1803 2458
f 1821 1820 2459
f 1834 1833 1894
f 2460 2461 2462
f 1892 2463 1899
f 1899 2463 2464
f 1899 2464 1898
f 1898 2464 1897
f 2463 2465 2464
f 2464 2465 2466
f 2464 2466 2467
f 2466 2468 2467
f 2467 2468 2469
f 2467 2469 2470
f 2470 2469 2471
f 2471 2472 2470
f 2470 2472 2473
f 2470 2473 2474
f 2473 2475 2474
f 2474 2475 2476
f 2474 2476 2477
f 2477 2476 2478
f 2477 2478 2479
f 2478 2480 2479
f 2479 2480 2481
f 2479 2481 2482
f 2482 2481 2483
f 2483 2484 2482
f 2482 2484 2485
f 2482 2485 2486
f 2485 2487 2486
f 2486 2487 2488
f 2486 2488 2489
f 2460 2462 2490
f 2490 2462 2491
f 2490 2491 2459
f 2459 2491 2492
f 2459 2492 2493
f 2493 2492 2494
f 2493 2494 2495
f 2495 2494 2496
f 2495 2496 2497
f 2497 2496 2498
f 2497 2498 2458
f 2458 2498 2499
f 2458 2499 2500
f 2500 2499 2501
f 2500 2501 2502
f 2502 2501 2503
f 2502 2503 2504
f 2488 2505 2489
f 2489 2505 2506
f 2489 2506 2507
f 2506 2508 2507
f 2507 2508 2509
f 2507 2509 2510
f 2510 2511 2507
f 2507 2511 2512
f 2507 2512 2513
f 1829 1834 2460
f 1834 1894 2460
f 2460 1894 1895
f 2460 1895 2461
f 2461 1895 1896
f 2461 1896 1897
f 1823 1822 2490
f 2490 1822 1825
f 2490 1825 2460
f 2460 1825 1827
f 2460 1827 1829
f 2459 1820 2490
f 2490 1820 1824
f 2490 1824 1823
f 1813 1815 2493
f 2493 1815 1818
f 2493 1818 2459
f 2459 1818 1817
f 2459 1817 1821
f 1813 2493 1808
f 1808 2493 2495
f 1808 2495 1809
f 1809 2495 2497
f 1809 2497 1811
f 2458 1803 2497
f 2497 1803 1812
f 2497 1812 1811
f 1804 2458 1806
f 1806 2458 2500
f 1806 2500 1807
f 1797 1799 2502
f 2502 1799 1802
f 2502 1802 2500
f 2500 1802 1801
f 2500 1801 1807
f 2514 1790 1788
f 1788 1787 2504
f 2504 1787 1794
f 2504 1794 2502
f 2502 1794 1796
f 2502 1796 1797
f 2514 1788 2515
f 2515 1788 2504
f 2515 2504 2516
f 1897 2464 2461
f 2461 2464 2467
f 2461 2467 2462
f 2462 2467 2470
f 2462 2470 2491
f 2491 2470 2474
f 2491 2474 2492
f 2492 2474 2477
f 2492 2477 2494
f 2494 2477 2479
f 2494 2479 2496
f 2496 2479 2482
f 2496 2482 2498
f 2498 2482 2486
f 2498 2486 2499
f 2499 2486 2489
f 2499 2489 2501
f 2501 2489 2507
f 2501 2507 2503
f 2503 2507 2513
f 2513 2517 2503
f 2503 2517 2518
f 2503 2518 2504
f 2504 2518 2519
f 2504 2519 2516
f 2279 1627 1632
f 2091 2276 2279
f 2027 2026 2520
f 2094 2105 1632
f 1632 2105 2104
f 2022 2021 2521
f 2520 2026 2522
f 2523 2034 2524
f 2524 2034 2035
f 2524 2035 2037
f 2037 2038 2524
f 2524 2038 2039
f 2524 2039 2525
f 2525 2039 2041
f 2525 2041 1992
f 1992 2041 2043
f 2099 1989 2100
f 2100 1989 1992
f 2100 1992 2102
f 2102 1992 2043
f 2102 2043 2103
f 2521 2021 2520
f 2520 2021 2025
f 2520 2025 2027
f 2026 2029 2522
f 2522 2029 2031
f 2522 2031 2523
f 2523 2031 2033
f 2523 2033 2034
f 2091 2279 2092
f 1983 2098 1982
f 1982 2098 2097
f 1982 2097 1981
f 1981 2097 1980
f 1980 2097 1979
f 1979 2097 2096
f 1979 2096 1978
f 2095 1976 2096
f 2096 1976 1977
f 2096 1977 1978
f 2521 2526 2093
f 2022 2521 2019
f 2019 2521 2093
f 2019 2093 2020
f 1983 1984 2098
f 2098 1984 1985
f 2098 1985 2101
f 1973 1974 2095
f 2095 1974 1975
f 2095 1975 1976
f 2043 2044 2103
f 2103 2044 2046
f 2103 2046 2104
f 2104 2046 2047
f 2104 2047 1632
f 1632 2047 2049
f 1632 2049 2279
f 2279 2049 2050
f 2279 2050 2092
f 2092 2050 2051
f 2092 2051 2052
f 1985 1986 2101
f 2101 1986 1987
f 2101 1987 2099
f 2099 1987 1988
f 2099 1988 1989
f 2094 1632 2095
f 2095 1632 1904
f 2095 1904 1973
f 1991 2525 1992
f 2144 2143 2527
f 2139 2138 2528
f 2136 2529 2137
f 1583 2317 1584
f 1584 2317 2106
f 2530 2111 2531
f 2531 2111 2110
f 2531 2110 2317
f 2317 2110 2107
f 2317 2107 2106
f 2530 2532 2111
f 2111 2532 2533
f 2111 2533 2534
f 2113 2112 2534
f 2534 2112 2109
f 2534 2109 2111
f 2115 2114 2535
f 2115 2535 2116
f 2116 2535 2536
f 2116 2536 2117
f 2537 2119 2118
f 2119 2537 2120
f 2120 2537 2538
f 2120 2538 2121
f 2539 2123 2538
f 2538 2123 2122
f 2538 2122 2121
f 2124 2540 2125
f 2125 2540 2541
f 2125 2541 2126
f 2126 2541 2542
f 2543 2128 2542
f 2542 2128 2127
f 2542 2127 2126
f 2544 2132 2543
f 2543 2132 2129
f 2543 2129 2128
f 2133 2130 2544
f 2544 2130 2131
f 2544 2131 2132
f 2544 2545 2133
f 2133 2545 2546
f 2133 2546 2134
f 2529 2136 2546
f 2546 2136 2135
f 2546 2135 2134
f 2528 2138 2547
f 2143 2142 2527
f 2527 2142 2141
f 2527 2141 2528
f 2528 2141 2140
f 2528 2140 2139
f 2148 2146 2548
f 2548 2146 2147
f 2549 2150 2149
f 1993 1994 2549
f 2549 1994 2002
f 2549 2002 2150
f 2150 2002 2001
f 2001 2000 2150
f 2150 2000 1999
f 2150 1999 2152
f 2152 1999 1998
f 2152 1998 1287
f 736 735 1287
f 1287 735 2153
f 1287 2153 2152
f 1993 2549 1995
f 1995 2549 2550
f 1995 2550 1996
f 2525 1991 2524
f 2524 1991 1990
f 2524 1990 1997
f 2533 2551 2534
f 2534 2551 2552
f 2534 2552 2553
f 2553 2552 2554
f 2553 2554 2555
f 1997 1996 2524
f 2524 1996 2550
f 2524 2550 2556
f 2556 2550 2557
f 2556 2557 2558
f 2558 2557 2559
f 2558 2559 2560
f 2560 2559 2561
f 2560 2561 2562
f 2562 2561 2563
f 2562 2563 2564
f 2564 2563 2565
f 2564 2565 2566
f 2566 2565 2567
f 2566 2567 2568
f 2568 2567 2569
f 2568 2569 2570
f 2570 2569 2571
f 2570 2571 2572
f 2572 2571 2573
f 2572 2573 2574
f 2574 2573 2575
f 2574 2575 2576
f 2576 2575 2553
f 2576 2553 2577
f 2577 2553 2555
f 2577 2555 2578
f 2124 2123 2540
f 2540 2123 2539
f 2540 2539 2541
f 2541 2539 2579
f 2541 2579 2542
f 2542 2579 2580
f 2542 2580 2543
f 2543 2580 2581
f 2543 2581 2544
f 2544 2581 2582
f 2544 2582 2545
f 2545 2582 2583
f 2545 2583 2546
f 2546 2583 2584
f 2546 2584 2529
f 2529 2584 2547
f 2529 2547 2137
f 2137 2547 2138
f 2118 2117 2537
f 2537 2117 2536
f 2537 2536 2538
f 2538 2536 2585
f 2538 2585 2539
f 2539 2585 2586
f 2539 2586 2579
f 2579 2586 2587
f 2579 2587 2580
f 2580 2587 2588
f 2580 2588 2581
f 2581 2588 2589
f 2581 2589 2582
f 2582 2589 2590
f 2582 2590 2583
f 2583 2590 2591
f 2583 2591 2584
f 2584 2591 2592
f 2584 2592 2547
f 2547 2592 2593
f 2547 2593 2528
f 2528 2593 2594
f 2528 2594 2527
f 2527 2594 2595
f 2527 2595 2144
f 2144 2595 2548
f 2144 2548 2145
f 2145 2548 2147
f 2114 2113 2535
f 2535 2113 2534
f 2535 2534 2536
f 2536 2534 2553
f 2536 2553 2585
f 2585 2553 2575
f 2585 2575 2586
f 2586 2575 2573
f 2586 2573 2587
f 2587 2573 2571
f 2587 2571 2588
f 2588 2571 2569
f 2588 2569 2589
f 2589 2569 2567
f 2589 2567 2590
f 2590 2567 2565
f 2590 2565 2591
f 2591 2565 2563
f 2591 2563 2592
f 2592 2563 2561
f 2592 2561 2593
f 2593 2561 2559
f 2593 2559 2594
f 2594 2559 2557
f 2594 2557 2595
f 2595 2557 2550
f 2595 2550 2548
f 2548 2550 2549
f 2548 2549 2148
f 2148 2549 2149
f 2317 2274 2531
f 2531 2274 2273
f 2531 2273 2530
f 2554 2552 2271
f 2271 2552 2551
f 2271 2551 2272
f 2272 2551 2533
f 2272 2533 2273
f 2273 2533 2532
f 2273 2532 2530
f 2554 2271 2555
f 2555 2271 2270
f 2555 2270 2578
f 2596 2597 2182
f 2182 2597 2270
f 2182 2181 2596
f 2596 2181 2185
f 2596 2185 2598
f 2185 2184 2598
f 2598 2184 2265
f 2598 2265 2599
f 2599 2265 2188
f 2188 2187 2599
f 2599 2187 2210
f 2599 2210 2600
f 2191 2601 2248
f 2248 2601 2600
f 2248 2600 2257
f 2257 2600 2210
f 2191 2190 2601
f 2601 2190 2209
f 2601 2209 2602
f 2193 2603 2194
f 2194 2603 2602
f 2194 2602 2240
f 2240 2602 2209
f 2193 2238 2603
f 2603 2238 2197
f 2603 2197 2604
f 2197 2196 2604
f 2604 2196 2200
f 2604 2200 2605
f 2200 2199 2605
f 2605 2199 2206
f 2605 2206 2606
f 2606 2206 2203
f 2203 2202 2606
f 2606 2202 2205
f 2606 2205 2607
f 2217 2608 2218
f 2218 2608 2607
f 2218 2607 2211
f 2211 2607 2205
f 2608 2217 1643
f 1643 1642 2278
f 2288 2287 2276
f 2279 2276 2280
f 2280 2276 2281
f 2608 1643 2277
f 2277 1643 2278
f 2277 2278 2276
f 2276 2278 2289
f 2276 2289 2288
f 2287 2286 2276
f 2276 2286 2285
f 2276 2285 2284
f 2284 2283 2276
f 2276 2283 2282
f 2276 2282 2281
f 2609 2610 2300
f 2611 2302 2610
f 2610 2302 2301
f 2610 2301 2300
f 2306 2305 2612
f 2612 2305 2304
f 2612 2304 2611
f 2611 2304 2303
f 2611 2303 2302
f 2306 2612 2307
f 2307 2612 2613
f 2307 2613 2294
f 2614 2295 2613
f 2613 2295 2293
f 2613 2293 2294
f 2615 2291 2614
f 2614 2291 2290
f 2614 2290 2295
f 2616 2335 2617
f 2617 2335 2336
f 2617 2336 2615
f 2615 2336 2338
f 2615 2338 2291
f 2331 2330 2618
f 2618 2330 2332
f 2618 2332 2616
f 2616 2332 2334
f 2616 2334 2335
f 2300 2297 2609
f 2609 2297 2296
f 2609 2296 2619
f 2619 2296 2324
f 2619 2324 2620
f 2620 2324 2328
f 2620 2328 2618
f 2618 2328 2326
f 2618 2326 2331
f 2621 2622 2623
f 2624 2625 2626
f 2627 2628 2629
f 2630 2631 2632
f 2632 2631 2633
f 2634 2635 2636
f 2634 2636 2637
f 2637 2636 2638
f 2637 2638 2639
f 2639 2640 2637
f 2637 2640 2641
f 2637 2641 2633
f 2633 2641 2642
f 2633 2642 2632
f 2643 2644 2645
f 2645 2644 2646
f 2645 2646 2647
f 2628 2648 2629
f 2629 2648 2649
f 2629 2649 2650
f 2650 2649 2651
f 2650 2651 2646
f 2646 2651 2652
f 2646 2652 2647
f 2643 2653 2644
f 2644 2653 2654
f 2644 2654 2634
f 2634 2654 2655
f 2634 2655 2635
f 2656 2398 2396
f 2656 2396 2657
f 2406 2658 2401
f 2401 2658 2659
f 2401 2659 2402
f 2396 2395 2657
f 2657 2395 2405
f 2657 2405 2659
f 2659 2405 2404
f 2659 2404 2402
f 2413 2660 2414
f 2414 2660 2661
f 2413 2412 2660
f 2660 2412 2379
f 2660 2379 2662
f 2662 2379 2378
f 2662 2378 2416
f 2624 2626 2663
f 2406 2408 2658
f 2658 2408 2411
f 2658 2411 2661
f 2661 2411 2410
f 2661 2410 2414
f 1561 2664 1566
f 1561 1560 2664
f 2664 1560 2385
f 2664 2385 2665
f 2665 2385 2384
f 2666 2389 2667
f 2667 2389 2394
f 2667 2394 2393
f 2384 2382 2665
f 2665 2382 2381
f 2665 2381 2666
f 2666 2381 2387
f 2666 2387 2389
f 2668 2663 2669
f 2669 2663 2626
f 2669 2626 2662
f 2662 2626 2670
f 2662 2670 2660
f 2660 2670 2671
f 2660 2671 2661
f 2661 2671 2672
f 2661 2672 2658
f 2658 2672 2673
f 2658 2673 2659
f 2659 2673 2674
f 2659 2674 2657
f 2657 2674 2675
f 2657 2675 2656
f 2656 2675 2676
f 2656 2676 2667
f 2667 2676 2677
f 2667 2677 2666
f 2666 2677 2678
f 2666 2678 2665
f 2665 2678 2679
f 2665 2679 2664
f 2664 2679 2680
f 2664 2680 1566
f 1566 2680 1567
f 2681 1563 1564
f 2623 2622 2682
f 2682 2622 2683
f 2682 2683 2681
f 2681 1564 2682
f 2682 1564 1565
f 2621 2623 2684
f 2684 2623 2685
f 2684 2685 2686
f 2687 2688 2689
f 2689 2688 2690
f 2689 2690 2685
f 2685 2690 2691
f 2685 2691 2686
f 2630 2692 2631
f 2631 2692 2693
f 2631 2693 2689
f 2689 2693 2694
f 2689 2694 2687
f 2662 2416 2415
f 2662 2415 2669
f 2669 2415 2418
f 2669 2418 2420
f 2669 2420 2449
f 2669 2449 2668
f 2668 2449 2422
f 2668 2422 2695
f 2695 2422 2696
f 2696 2422 2421
f 2696 2421 1793
f 2697 2627 2698
f 2698 2627 2629
f 2698 2629 2699
f 2393 2391 2667
f 2667 2391 2390
f 2667 2390 2656
f 2656 2390 2400
f 2656 2400 2398
f 2625 2699 2626
f 2626 2699 2629
f 2626 2629 2670
f 2670 2629 2650
f 2670 2650 2671
f 2671 2650 2646
f 2671 2646 2672
f 2672 2646 2644
f 2672 2644 2673
f 2673 2644 2634
f 2673 2634 2674
f 2674 2634 2637
f 2674 2637 2675
f 2675 2637 2633
f 2675 2633 2676
f 2676 2633 2631
f 2676 2631 2677
f 2677 2631 2689
f 2677 2689 2678
f 2678 2689 2685
f 2678 2685 2679
f 2679 2685 2623
f 2679 2623 2680
f 2680 2623 2682
f 2680 2682 1567
f 1567 2682 1565
f 1791 2695 1792
f 1792 2695 2696
f 1792 2696 1793
f 2625 2624 2519
f 2519 2624 2663
f 2519 2663 2516
f 2516 2663 2668
f 2516 2668 2515
f 2515 2668 2695
f 2515 2695 2514
f 2514 2695 1791
f 2514 1791 1790
f 2512 2511 2700
f 2512 2700 2513
f 2513 2700 2697
f 2513 2697 2698
f 2625 2519 2699
f 2699 2519 2518
f 2699 2518 2698
f 2698 2518 2517
f 2698 2517 2513
f 2463 1892 2093
f 2484 2701 2485
f 2485 2701 2702
f 2485 2702 2487
f 2487 2702 2703
f 2487 2703 2488
f 2488 2703 2704
f 2705 2706 2476
f 2509 2707 2510
f 2510 2707 2511
f 2509 2508 2707
f 2707 2508 2506
f 2707 2506 2704
f 2704 2506 2505
f 2704 2505 2488
f 2471 2708 2472
f 2472 2708 2709
f 2472 2709 2473
f 2473 2709 2710
f 2473 2710 2475
f 2471 2469 2708
f 2708 2469 2468
f 2708 2468 2526
f 2526 2468 2466
f 2526 2466 2093
f 2093 2466 2465
f 2093 2465 2463
f 2476 2706 2478
f 2706 2711 2478
f 2478 2711 2712
f 2478 2712 2713
f 2714 2715 2481
f 2716 2717 2483
f 2483 2717 2718
f 2483 2718 2484
f 2484 2718 2719
f 2484 2719 2701
f 2480 2720 2721
f 2480 2721 2481
f 2481 2721 2722
f 2481 2722 2714
f 2715 2723 2481
f 2481 2723 2724
f 2481 2724 2483
f 2483 2724 2725
f 2483 2725 2716
f 2710 2726 2475
f 2475 2726 2727
f 2475 2727 2476
f 2476 2727 2728
f 2476 2728 2705
f 2713 2729 2478
f 2478 2729 2730
f 2478 2730 2480
f 2480 2730 2731
f 2480 2731 2720
f 2732 2733 2521
f 2521 2733 2734
f 2708 2526 2735
f 2735 2526 2521
f 2735 2521 2736
f 2736 2521 2734
f 2737 2738 2520
f 2520 2738 2521
f 2521 2738 2739
f 2521 2739 2732
f 2740 2741 2522
f 2522 2741 2742
f 2522 2742 2520
f 2520 2742 2743
f 2520 2743 2737
f 2523 2744 2522
f 2522 2744 2745
f 2745 2746 2522
f 2522 2746 2747
f 2522 2747 2740
f 2560 2562 2523
f 2523 2562 2564
f 2748 2749 2566
f 2570 2572 2750
f 2750 2572 2574
f 2750 2574 2576
f 2524 2556 2523
f 2523 2556 2558
f 2523 2558 2560
f 2566 2749 2564
f 2564 2749 2744
f 2564 2744 2523
f 2270 2597 2578
f 2578 2597 2750
f 2578 2750 2577
f 2577 2750 2576
f 2751 2752 2568
f 2568 2752 2753
f 2568 2753 2566
f 2566 2753 2754
f 2566 2754 2748
f 2750 2755 2570
f 2570 2755 2756
f 2570 2756 2568
f 2568 2756 2757
f 2568 2757 2751
f 2755 2750 2758
f 2758 2750 2759
f 2760 2759 2750
f 2620 2618 2603
f 2616 2601 2618
f 2618 2601 2602
f 2618 2602 2603
f 2617 2599 2616
f 2616 2599 2600
f 2616 2600 2601
f 2611 2610 2608
f 2608 2610 2609
f 2608 2609 2607
f 2607 2609 2619
f 2603 2604 2620
f 2620 2604 2605
f 2620 2605 2619
f 2619 2605 2606
f 2619 2606 2607
f 2761 2760 2613
f 2613 2760 2750
f 2613 2750 2614
f 2614 2750 2597
f 2614 2597 2615
f 2615 2597 2596
f 2615 2596 2617
f 2617 2596 2598
f 2617 2598 2599
f 2762 2763 2611
f 2764 2612 2611
f 2765 2766 2613
f 2613 2766 2767
f 2613 2767 2761
f 2763 2768 2611
f 2611 2768 2769
f 2611 2769 2764
f 2764 2770 2612
f 2612 2770 2771
f 2612 2771 2613
f 2613 2771 2772
f 2613 2772 2765
f 2608 2277 2611
f 2611 2277 2275
f 2611 2275 2773
f 2773 2774 2611
f 2611 2774 2775
f 2611 2775 2762
f 2511 2707 2776
f 2777 2649 2648
f 2776 2778 2511
f 2511 2778 2779
f 2511 2779 2700
f 2700 2779 2780
f 2700 2780 2697
f 2697 2780 2781
f 2697 2781 2627
f 2627 2781 2777
f 2627 2777 2628
f 2628 2777 2648
f 2777 2782 2649
f 2649 2782 2783
f 2649 2783 2651
f 2651 2783 2784
f 2651 2784 2652
f 2652 2784 2785
f 2635 2655 2786
f 2786 2655 2654
f 2786 2654 2787
f 2787 2654 2653
f 2787 2653 2788
f 2788 2653 2643
f 2788 2643 2789
f 2789 2643 2645
f 2789 2645 2785
f 2785 2645 2647
f 2785 2647 2652
f 2638 2790 2639
f 2639 2790 2791
f 2639 2791 2640
f 2640 2791 2641
f 2635 2786 2636
f 2636 2786 2792
f 2636 2792 2638
f 2638 2792 2793
f 2638 2793 2790
f 2641 2791 2642
f 2642 2791 2794
f 2642 2794 2632
f 2632 2794 2795
f 2632 2795 2630
f 2630 2795 2796
f 2630 2796 2692
f 2692 2796 2797
f 2692 2797 2693
f 2693 2797 2694
f 2694 2797 2798
f 2694 2798 2687
f 2798 2799 2687
f 2687 2799 2800
f 2687 2800 2688
f 2688 2800 2801
f 2688 2801 2690
f 2690 2801 2691
f 2691 2801 2802
f 2691 2802 2686
f 2686 2802 2803
f 2686 2803 2684
f 2684 2803 2804
f 2684 2804 2805
f 2622 2806 2683
f 2683 2806 2774
f 2683 2774 2681
f 2805 2807 2684
f 2684 2807 2806
f 2684 2806 2621
f 2621 2806 2622
f 2774 2773 2681
f 2681 2773 2275
f 2681 2275 1563
f 2808 2809 2810
f 2808 2810 2811
f 2812 2811 2810
f 2813 2812 2810
f 2814 2813 2810
f 2815 2814 2810
f 2816 2815 2810
f 2817 2816 2810
f 2818 2817 2810
f 2819 2820 2810
f 2821 2822 2810
f 2821 2810 2823
f 2824 2823 2810
f 2825 2824 2810
f 2826 2825 2810
f 2827 2826 2810
f 2828 2827 2810
f 2829 2828 2810
f 2830 2829 2810
f 2831 2830 2810
f 2832 2831 2810
f 2809 2832 2810
f 2755 2758 2833
f 2759 2760 2834
f 2761 2767 2835
f 2770 2764 2836
f 2769 2768 2837
f 2762 2775 2838
f 2786 2787 2839
f 2781 2780 2840
f 2719 2718 2841
f 2715 2810 2723
f 2810 2715 2714
f 2724 2723 2810
f 2722 2721 2810
f 2731 2810 2720
f 2810 2731 2730
f 2721 2720 2810
f 2729 2713 2810
f 2810 2713 2712
f 2709 2708 2735
f 2745 2744 2749
f 2740 2747 2842
f 2842 2747 2746
f 2842 2746 2843
f 2741 2844 2742
f 2742 2844 2845
f 2742 2845 2743
f 2743 2845 2737
f 2732 2739 2846
f 2846 2739 2738
f 2846 2738 2847
f 2846 2848 2732
f 2732 2848 2849
f 2732 2849 2733
f 2733 2849 2850
f 2733 2850 2734
f 2726 2710 2851
f 2851 2710 2709
f 2851 2709 2852
f 2852 2709 2735
f 2852 2735 2850
f 2850 2735 2736
f 2850 2736 2734
f 2727 2853 2820
f 2820 2853 2810
f 2818 2810 2853
f 2810 2706 2705
f 2727 2820 2728
f 2728 2820 2819
f 2728 2819 2705
f 2705 2819 2810
f 2711 2706 2810
f 2712 2711 2810
f 2730 2729 2810
f 2714 2722 2810
f 2725 2724 2810
f 2717 2716 2854
f 2854 2716 2725
f 2854 2725 2810
f 2718 2717 2841
f 2841 2717 2854
f 2841 2854 2810
f 2701 2719 2822
f 2822 2719 2841
f 2822 2841 2810
f 2702 2855 2703
f 2703 2855 2856
f 2703 2856 2704
f 2776 2707 2857
f 2779 2778 2858
f 2781 2840 2777
f 2785 2784 2859
f 2859 2784 2783
f 2859 2783 2860
f 2860 2783 2782
f 2788 2789 2861
f 2786 2839 2792
f 2795 2794 2862
f 2862 2794 2791
f 2862 2791 2863
f 2863 2791 2790
f 2863 2790 2793
f 2796 2864 2797
f 2797 2864 2865
f 2797 2865 2798
f 2866 2800 2799
f 2800 2866 2801
f 2801 2866 2867
f 2801 2867 2802
f 2838 2807 2805
f 2838 2805 2868
f 2868 2805 2804
f 2868 2804 2803
f 2807 2838 2806
f 2806 2838 2775
f 2806 2775 2774
f 2869 2765 2870
f 2870 2765 2772
f 2870 2772 2771
f 2746 2745 2843
f 2843 2745 2749
f 2843 2749 2871
f 2871 2749 2748
f 2871 2748 2872
f 2872 2748 2754
f 2872 2754 2873
f 2873 2754 2753
f 2873 2753 2874
f 2874 2753 2752
f 2874 2752 2875
f 2875 2752 2751
f 2875 2751 2876
f 2876 2751 2757
f 2876 2757 2877
f 2877 2757 2756
f 2877 2756 2878
f 2803 2802 2868
f 2868 2802 2867
f 2868 2867 2838
f 2838 2867 2879
f 2838 2879 2762
f 2762 2879 2837
f 2762 2837 2763
f 2763 2837 2768
f 2799 2798 2866
f 2866 2798 2865
f 2866 2865 2867
f 2867 2865 2880
f 2867 2880 2879
f 2879 2880 2881
f 2879 2881 2837
f 2837 2881 2836
f 2837 2836 2769
f 2769 2836 2764
f 2796 2795 2864
f 2864 2795 2862
f 2864 2862 2865
f 2865 2862 2882
f 2865 2882 2880
f 2880 2882 2883
f 2880 2883 2881
f 2881 2883 2869
f 2881 2869 2836
f 2836 2869 2870
f 2836 2870 2770
f 2770 2870 2771
f 2793 2792 2863
f 2863 2792 2839
f 2863 2839 2862
f 2862 2839 2884
f 2862 2884 2882
f 2882 2884 2885
f 2882 2885 2883
f 2883 2885 2886
f 2883 2886 2869
f 2869 2886 2887
f 2869 2887 2765
f 2765 2887 2766
f 2787 2788 2839
f 2839 2788 2861
f 2839 2861 2884
f 2884 2861 2888
f 2884 2888 2885
f 2885 2888 2889
f 2885 2889 2886
f 2886 2889 2890
f 2886 2890 2887
f 2887 2890 2835
f 2887 2835 2766
f 2766 2835 2767
f 2789 2785 2861
f 2861 2785 2859
f 2861 2859 2888
f 2888 2859 2891
f 2888 2891 2889
f 2889 2891 2892
f 2889 2892 2890
f 2890 2892 2893
f 2890 2893 2835
f 2835 2893 2834
f 2835 2834 2761
f 2761 2834 2760
f 2782 2777 2860
f 2860 2777 2840
f 2860 2840 2859
f 2859 2840 2894
f 2859 2894 2891
f 2891 2894 2895
f 2891 2895 2892
f 2892 2895 2896
f 2892 2896 2893
f 2893 2896 2897
f 2893 2897 2834
f 2834 2897 2833
f 2834 2833 2759
f 2759 2833 2758
f 2780 2779 2840
f 2840 2779 2858
f 2840 2858 2894
f 2894 2858 2898
f 2894 2898 2895
f 2895 2898 2899
f 2895 2899 2896
f 2896 2899 2900
f 2896 2900 2897
f 2897 2900 2901
f 2897 2901 2833
f 2833 2901 2878
f 2833 2878 2755
f 2755 2878 2756
f 2778 2776 2858
f 2858 2776 2857
f 2858 2857 2898
f 2898 2857 2902
f 2898 2902 2899
f 2899 2902 2903
f 2899 2903 2900
f 2900 2903 2904
f 2900 2904 2901
f 2901 2904 2905
f 2901 2905 2878
f 2878 2905 2906
f 2878 2906 2877
f 2877 2906 2907
f 2877 2907 2876
f 2876 2907 2908
f 2876 2908 2875
f 2875 2908 2909
f 2875 2909 2874
f 2874 2909 2910
f 2874 2910 2873
f 2873 2910 2911
f 2873 2911 2872
f 2872 2911 2912
f 2872 2912 2871
f 2871 2912 2913
f 2871 2913 2843
f 2843 2913 2914
f 2843 2914 2842
f 2842 2914 2844
f 2842 2844 2740
f 2740 2844 2741
f 2707 2704 2857
f 2857 2704 2856
f 2857 2856 2902
f 2902 2856 2915
f 2902 2915 2903
f 2903 2915 2916
f 2903 2916 2904
f 2904 2916 2917
f 2904 2917 2905
f 2905 2917 2918
f 2905 2918 2906
f 2906 2918 2919
f 2906 2919 2907
f 2907 2919 2920
f 2907 2920 2908
f 2908 2920 2921
f 2908 2921 2909
f 2909 2921 2922
f 2909 2922 2910
f 2910 2922 2923
f 2910 2923 2911
f 2911 2923 2924
f 2911 2924 2912
f 2912 2924 2925
f 2912 2925 2913
f 2913 2925 2926
f 2913 2926 2914
f 2914 2926 2927
f 2914 2927 2844
f 2844 2927 2928
f 2844 2928 2845
f 2845 2928 2847
f 2845 2847 2737
f 2737 2847 2738
f 2702 2701 2855
f 2855 2701 2822
f 2855 2822 2856
f 2856 2822 2821
f 2856 2821 2915
f 2915 2821 2823
f 2915 2823 2916
f 2916 2823 2824
f 2916 2824 2917
f 2917 2824 2825
f 2917 2825 2918
f 2918 2825 2826
f 2918 2826 2919
f 2919 2826 2827
f 2919 2827 2920
f 2920 2827 2828
f 2920 2828 2921
f 2921 2828 2829
f 2921 2829 2922
f 2922 2829 2830
f 2922 2830 2923
f 2923 2830 2831
f 2923 2831 2924
f 2924 2831 2832
f 2924 2832 2925
f 2925 2832 2809
f 2925 2809 2926
f 2926 2809 2808
f 2926 2808 2927
f 2927 2808 2811
f 2927 2811 2928
f 2928 2811 2812
f 2928 2812 2847
f 2847 2812 2813
f 2847 2813 2846
f 2846 2813 2814
f 2846 2814 2848
f 2848 2814 2815
f 2848 2815 2849
f 2849 2815 2816
f 2849 2816 2850
f 2850 2816 2817
f 2850 2817 2852
f 2852 2817 2818
f 2852 2818 2851
f 2851 2818 2853
f 2851 2853 2726
f 2726 2853 2727
