# Converti depuis Right_Shoulder_Y_Link.STL
# 4374 sommets, 8744 faces
o Right_Shoulder_Y_Link
v -0.021164 0.045290 0.000000
v -0.017102 0.046984 0.000000
v -0.017032 0.046792 -0.004416
v -0.009906 0.027216 -0.040726
v -0.011119 0.030547 -0.037981
v -0.002793 0.033033 -0.037384
v -0.008665 0.049165 -0.002175
v -0.008613 0.049024 -0.004347
v -0.012874 0.048095 -0.004398
v 0.043466 0.024477 0.002956
v 0.046984 0.017102 0.000000
v 0.043331 0.024848 0.001497
v 0.043690 0.023862 0.004358
v 0.043284 0.024975 0.000000
v 0.044323 0.022122 0.006585
v 0.043995 0.023022 0.005628
v 0.045216 0.019668 0.008111
v 0.044743 0.020967 0.007455
v 0.045729 0.018260 0.008525
v 0.046762 0.015422 0.008527
v 0.046248 0.016834 0.008664
v 0.047261 0.014050 0.008131
v 0.048174 0.011541 0.006581
v 0.047740 0.012734 0.007476
v 0.048499 0.010650 0.005633
v 0.049021 0.009214 0.003022
v 0.048797 0.009832 0.004404
v 0.049163 0.008825 0.001525
v 0.049164 0.008821 -0.001503
v 0.049211 0.008693 0.000000
v 0.049029 0.009193 -0.002962
v 0.048499 0.010650 -0.005633
v 0.048805 0.009809 -0.004363
v 0.048174 0.011541 -0.006581
v 0.043997 0.023018 -0.005633
v 0.044321 0.022127 -0.006581
v 0.043699 0.023836 -0.004405
v 0.044755 0.020934 -0.007476
v 0.043332 0.024843 -0.001525
v 0.043474 0.024454 -0.003022
v 0.043297 0.024942 -0.000765
v -0.041540 0.020020 0.019240
v -0.036301 0.026492 0.021739
v -0.037417 0.029560 0.014747
v -0.035359 0.035213 -0.001999
v -0.032149 0.038162 -0.002073
v -0.032100 0.038027 -0.004143
v -0.025042 0.043188 -0.002175
v -0.025059 0.043235 0.000000
v 0.028655 0.040941 0.000000
v 0.024991 0.043296 0.000000
v 0.025163 0.042826 0.005552
v 0.002198 0.043914 0.023605
v 0.010715 0.043635 0.021756
v 0.009597 0.046705 0.014758
v 0.038720 -0.012395 -0.029083
v 0.043130 -0.006536 -0.024412
v 0.044333 -0.009842 -0.020894
v -0.004357 0.049764 0.000000
v 0.000003 0.049944 0.000000
v 0.000020 0.049899 -0.002074
v 0.000069 0.049764 -0.004145
v 0.008752 0.049027 -0.003820
v 0.008931 0.048536 -0.007612
v -0.034720 0.016189 -0.031761
v -0.033150 0.017837 -0.032831
v -0.032106 0.014970 -0.035176
v -0.037567 0.017517 0.027608
v -0.034679 0.016170 0.031797
v -0.033141 0.017813 0.032853
v -0.025093 0.011701 0.041371
v -0.021971 0.010245 0.043308
v -0.024268 0.016510 0.040362
v 0.008713 -0.004063 0.048911
v 0.010845 -0.005057 0.048241
v 0.011057 -0.004922 0.048184
v 0.032035 -0.014937 0.035271
v 0.030937 -0.011921 0.037322
v 0.028575 -0.013324 0.038363
v 0.041200 -0.019211 0.020523
v 0.040154 -0.016334 0.024891
v 0.038520 -0.017961 0.025847
v 0.009053 -0.004221 -0.048952
v 0.008769 -0.004089 -0.048984
v 0.009638 -0.001117 -0.049013
v 0.020908 -0.009749 -0.043965
v 0.017822 -0.008310 -0.045867
v 0.018880 -0.001917 -0.046172
v 0.017245 -0.008041 -0.046070
v 0.011113 -0.005039 -0.048239
v 0.011105 -0.005178 -0.048230
v 0.011018 -0.005138 -0.048260
v 0.021880 -0.010202 -0.043366
v 0.021655 -0.009540 -0.043926
v 0.025094 -0.011701 -0.041386
v 0.028647 -0.005630 -0.040483
v 0.025996 -0.012121 -0.040830
v 0.028849 -0.013452 -0.038204
v 0.032035 -0.014937 -0.035271
v 0.031007 -0.012114 -0.037203
v 0.032045 -0.014942 -0.035262
v 0.036864 -0.007295 -0.032930
v 0.034651 -0.016157 -0.031744
v 0.041792 -0.019487 -0.019060
v 0.041198 -0.019210 -0.020329
v 0.040154 -0.016334 -0.024891
v 0.038608 -0.018002 -0.025863
v 0.037924 -0.017683 -0.027326
v 0.044337 -0.020674 -0.009703
v 0.043631 -0.020344 -0.012455
v 0.046300 -0.015245 -0.010988
v 0.042113 -0.019637 -0.018374
v 0.045468 -0.012960 -0.016186
v 0.041796 -0.019489 -0.019053
v 0.044621 -0.020806 -0.008596
v 0.046803 -0.016626 -0.005576
v 0.044816 -0.020897 -0.006187
v 0.046975 -0.017101 0.000000
v 0.045315 -0.021130 0.000000
v 0.046798 -0.016612 0.005655
v 0.044724 -0.020854 0.006277
v 0.044396 -0.020701 0.009762
v 0.046272 -0.015167 0.011211
v 0.044371 -0.020689 0.010027
v 0.045438 -0.012877 0.016338
v 0.041792 -0.019487 0.019109
v 0.043606 -0.020333 0.012721
v 0.044333 -0.009842 0.020893
v 0.041637 -0.019415 0.019654
v 0.041746 -0.019466 0.019270
v 0.037591 -0.017528 0.027693
v 0.038720 -0.012395 0.029083
v 0.037104 -0.017301 0.028659
v 0.036802 -0.007124 0.033036
v 0.032045 -0.014942 0.035262
v 0.034725 -0.016192 0.031764
v 0.025097 -0.011702 0.041473
v 0.028544 -0.005348 0.040594
v 0.024894 -0.011608 0.041654
v 0.011103 -0.005177 0.048160
v 0.016586 -0.007734 0.046435
v 0.018840 -0.001807 0.046193
v 0.017203 -0.008021 0.046080
v 0.021544 -0.009234 0.044046
v 0.020531 -0.009573 0.044165
v 0.021884 -0.010204 0.043386
v 0.007599 -0.003543 0.049262
v 0.008151 0.002967 0.049214
v -0.000000 -0.000000 0.050000
v -0.001504 0.004131 0.049797
v -0.005570 0.002597 0.049354
v -0.008686 0.004050 0.048993
v -0.002996 0.008231 0.049199
v -0.009065 0.004227 0.048949
v -0.014089 0.013097 0.046062
v -0.020870 0.009731 0.043991
v -0.017926 0.008359 0.045817
v -0.017188 0.008015 0.046078
v -0.011213 0.005228 0.048190
v -0.012651 0.009147 0.047424
v -0.026119 0.012179 0.040734
v -0.033167 0.015465 0.033989
v -0.032100 0.014968 0.035011
v -0.026543 0.022761 0.035653
v -0.032004 0.014923 0.035103
v -0.028761 0.013411 0.038207
v -0.041250 0.019234 0.020047
v -0.038755 0.018071 0.025846
v -0.034776 0.022303 0.028074
v -0.038711 0.018050 0.025949
v -0.041695 0.019442 0.019012
v -0.042655 0.019890 0.016779
v -0.042528 0.022735 0.013051
v -0.043623 0.020340 0.012436
v -0.044252 0.020634 0.009611
v -0.043125 0.024375 0.006608
v -0.044883 0.020928 0.006776
v -0.044923 0.020946 0.006158
v -0.043329 0.024935 0.000000
v -0.045316 0.021130 -0.000000
v -0.043315 0.024898 -0.001691
v -0.045024 0.020994 -0.003120
v -0.044405 0.020706 -0.009745
v -0.044729 0.020857 -0.006277
v -0.043117 0.024354 -0.006731
v -0.043275 0.024788 -0.003378
v -0.041679 0.019434 -0.019546
v -0.041757 0.019470 -0.019270
v -0.041499 0.019907 -0.019447
v -0.041805 0.019493 -0.019098
v -0.042491 0.022634 -0.013344
v -0.043603 0.020332 -0.012721
v -0.044387 0.020697 -0.009944
v -0.037591 0.017528 -0.027706
v -0.038522 0.017962 -0.025848
v -0.034768 0.022283 -0.028099
v -0.041253 0.019235 -0.020396
v -0.036254 0.026365 -0.021973
v -0.037151 0.017323 -0.028585
v -0.024202 0.016330 -0.040473
v -0.028579 0.013326 -0.038365
v -0.026553 0.022787 -0.035630
v -0.032014 0.014927 -0.035297
v -0.021976 0.010247 -0.043341
v -0.024896 0.011608 -0.041655
v -0.025115 0.011710 -0.041459
v -0.016625 0.007752 -0.046430
v -0.017284 0.008059 -0.046050
v -0.013985 0.012811 -0.046175
v -0.020537 0.009576 -0.044172
v -0.016707 0.020288 -0.042452
v -0.010850 0.005059 -0.048248
v -0.011212 0.005228 -0.048134
v -0.005847 0.016065 -0.046927
v -0.005539 0.002583 -0.049469
v -0.007593 0.003540 -0.049273
v -0.002967 0.008152 -0.049214
v -0.008810 0.004108 -0.048890
v -0.000000 -0.000000 -0.050000
v -0.001489 0.004091 -0.049801
v 0.017111 0.046972 0.000000
v 0.021135 0.045314 0.000000
v 0.017125 0.046935 -0.001692
v 0.021184 0.045178 -0.003122
v 0.017165 0.046825 -0.003381
v 0.017323 0.046390 -0.006738
v 0.026529 0.039072 -0.016338
v 0.017950 0.044668 -0.013356
v 0.025695 0.041363 -0.011211
v 0.025169 0.042808 -0.005655
v 0.025036 0.043173 -0.002838
v 0.034158 0.032630 -0.016243
v 0.033299 0.034989 -0.012702
v 0.032651 0.036770 -0.008716
v 0.032242 0.037893 -0.004397
v 0.032139 0.038177 -0.002207
v 0.040306 0.026485 -0.012971
v 0.039667 0.028242 -0.011101
v 0.039080 0.029855 -0.008681
v 0.038637 0.031072 -0.005957
v 0.038357 0.031840 -0.003005
v 0.038287 0.032033 -0.001508
v 0.038269 0.032083 -0.000755
v 0.016035 0.029019 -0.037322
v 0.007971 0.028055 -0.040495
v 0.005619 0.034515 -0.035650
v 0.010567 0.020923 -0.044046
v 0.018428 0.022446 -0.040594
v 0.025729 0.023296 -0.035933
v 0.045734 0.018246 -0.008527
v 0.045235 0.019617 -0.008131
v 0.042106 0.021540 -0.016026
v 0.041162 0.024135 -0.014734
v 0.036345 0.026620 -0.021558
v 0.035093 0.030060 -0.018978
v 0.028837 0.032731 -0.024412
v 0.027633 0.036037 -0.020894
v 0.020259 0.038324 -0.024891
v 0.018943 0.041939 -0.019464
v 0.010761 0.043507 -0.021989
v 0.009639 0.046590 -0.015089
v 0.001031 0.047120 -0.016372
v 0.000263 0.049231 -0.008259
v -0.008410 0.048465 -0.008661
v 0.013270 0.013495 -0.046193
v 0.020919 0.015600 -0.042573
v 0.027934 0.017237 -0.037684
v 0.034076 0.018337 -0.031632
v 0.016055 0.005844 -0.046930
v 0.023486 0.008549 -0.043253
v 0.030207 0.010995 -0.038286
v 0.035983 0.013098 -0.032137
v 0.040649 0.014796 -0.024984
v 0.026089 0.001396 -0.042553
v 0.032511 0.004664 -0.037667
v 0.037918 0.007783 -0.031617
v 0.042153 0.010665 -0.024580
v 0.045131 0.013230 -0.016799
v 0.034775 -0.001555 -0.035835
v 0.041572 -0.002255 -0.027641
v 0.039818 0.002563 -0.030079
v 0.044994 0.002861 -0.021489
v 0.043630 0.006606 -0.023384
v 0.047073 0.007896 -0.014687
v 0.046141 0.010456 -0.015982
v 0.047754 0.012695 -0.007452
v 0.047281 0.013994 -0.008109
v 0.037658 -0.017559 -0.027685
v 0.023486 0.008549 0.043253
v 0.026053 0.001497 0.042573
v 0.027912 0.017298 0.037672
v 0.030207 0.010995 0.038286
v 0.032478 0.004754 0.037684
v 0.034684 -0.001306 0.035933
v 0.032157 0.023610 0.030088
v 0.034058 0.018388 0.031622
v 0.035983 0.013098 0.032137
v 0.037890 0.007859 0.031632
v 0.039742 0.002773 0.030162
v 0.041519 -0.002112 0.027730
v 0.043130 -0.006535 0.024412
v 0.036311 0.026716 0.021499
v 0.037675 0.022968 0.023391
v 0.039152 0.018909 0.024583
v 0.040649 0.014796 0.024984
v 0.042132 0.010723 0.024591
v 0.043571 0.006769 0.023448
v 0.044953 0.002972 0.021558
v 0.046205 -0.000467 0.018978
v 0.047141 -0.003038 0.016243
v 0.047999 -0.005397 0.012701
v 0.048648 -0.007178 0.008715
v 0.049057 -0.008301 0.004396
v 0.049195 -0.008681 0.000000
v 0.049060 -0.008312 -0.004335
v 0.048669 -0.007238 -0.008542
v 0.048023 -0.005462 -0.012583
v 0.047141 -0.003037 -0.016243
v 0.046205 -0.000467 -0.018978
v 0.040310 0.026476 0.012979
v 0.041138 0.024200 0.014694
v 0.042070 0.021639 0.015987
v 0.043080 0.018865 0.016802
v 0.044103 0.016053 0.017075
v 0.045117 0.013270 0.016807
v 0.046100 0.010567 0.016026
v 0.047045 0.007972 0.014734
v 0.047901 0.005622 0.012971
v 0.048540 0.003865 0.011101
v 0.049127 0.002252 0.008681
v 0.049570 0.001035 0.005957
v 0.049849 0.000267 0.003005
v 0.049944 0.000008 0.000000
v 0.049852 0.000260 -0.002963
v 0.049585 0.000994 -0.005838
v 0.049143 0.002208 -0.008600
v 0.048540 0.003865 -0.011101
v 0.047901 0.005621 -0.012971
v 0.016055 0.005844 0.046930
v 0.020894 0.015669 0.042560
v 0.013243 0.013570 0.046178
v 0.018336 0.022697 0.040496
v 0.010468 0.021195 0.043939
v 0.015975 0.029185 0.037220
v 0.007905 0.028234 0.040384
v 0.013876 0.034950 0.032877
v 0.005629 0.034490 0.035673
v 0.012241 0.039443 0.028095
v 0.003854 0.039365 0.030484
v 0.000253 0.049257 0.008108
v -0.008420 0.048492 0.008502
v -0.007652 0.046383 0.016792
v 0.000986 0.047245 0.016013
v -0.006380 0.042889 0.024754
v 0.008922 0.048560 0.007472
v 0.008692 0.049193 0.000000
v 0.004364 0.049753 0.000000
v 0.008707 0.049151 -0.001912
v 0.004380 0.049709 -0.002001
v 0.030402 0.028430 0.027654
v 0.035098 0.030046 0.018991
v 0.028843 0.032714 0.024428
v 0.034154 0.032641 0.016228
v 0.027628 0.036052 0.020875
v 0.033272 0.035063 0.012566
v 0.026494 0.039167 0.016164
v 0.032627 0.036836 0.008524
v 0.025664 0.041448 0.010965
v 0.032237 0.037907 0.004316
v 0.032104 0.038273 0.000000
v 0.025003 0.043265 -0.001420
v 0.028665 0.040913 -0.001267
v 0.032113 0.038249 -0.001104
v 0.038263 0.032099 0.000000
v 0.038354 0.031849 0.002950
v 0.038620 0.031117 0.005826
v 0.039062 0.029905 0.008589
v 0.039664 0.028250 0.011092
v 0.025648 0.023519 0.035845
v 0.023558 0.029261 0.032945
v 0.021700 0.034364 0.029102
v 0.020252 0.038342 0.024869
v 0.018902 0.042052 0.019257
v 0.017913 0.044770 0.013063
v 0.017315 0.046411 0.006614
v 0.012966 0.048226 -0.001809
v 0.012952 0.048265 0.000000
v -0.021094 0.045099 -0.004398
v -0.024990 0.043046 -0.004345
v -0.016825 0.046225 -0.008799
v -0.004492 0.012341 0.048197
v -0.010971 0.005115 0.048275
v -0.032165 0.038207 0.000000
v -0.035375 0.035257 0.000000
v -0.038322 0.032046 0.000000
v -0.038307 0.032004 -0.001910
v -0.038262 0.031880 -0.003817
v -0.031906 0.037494 -0.008254
v -0.038083 0.031389 -0.007606
v -0.031138 0.035385 -0.016362
v -0.037375 0.029445 -0.015077
v -0.029921 0.032042 -0.023846
v -0.028309 0.027612 -0.030494
v -0.028317 0.027634 0.030467
v -0.029972 0.032180 0.023592
v -0.031183 0.035509 0.016004
v -0.031915 0.037520 0.008103
v -0.038092 0.031413 0.007467
v -0.040967 0.028558 -0.001807
v -0.040982 0.028598 0.000000
v 0.046769 0.015401 -0.008524
v 0.046248 0.016834 -0.008664
v 0.044103 0.016053 -0.017075
v 0.043090 0.018837 -0.016807
v 0.039167 0.018869 -0.024591
v 0.037727 0.022823 -0.023448
v 0.032225 0.023423 -0.030162
v 0.030447 0.028307 -0.027730
v 0.023611 0.029115 -0.033036
v 0.021693 0.034385 -0.029083
v 0.013868 0.034973 -0.032856
v 0.012248 0.039423 -0.028121
v 0.003862 0.039343 -0.030511
v 0.002249 0.043775 -0.023859
v -0.006327 0.042744 -0.025020
v -0.007604 0.046252 -0.017168
v -0.016007 0.043976 -0.017442
v -0.016482 0.045280 -0.013172
v 0.005231 0.010991 -0.048441
v 0.002396 0.018779 -0.046189
v -0.008613 0.023664 -0.043144
v -0.000327 0.026259 -0.042466
v -0.001600 0.029755 -0.040086
v 0.008151 0.002967 -0.049214
v 0.005596 -0.002609 -0.049352
v -0.005567 0.040656 0.028477
v -0.014764 0.040560 0.025149
v -0.016055 0.044109 0.017060
v -0.016835 0.046252 0.008638
v -0.004340 0.049718 -0.002133
v -0.008682 0.049213 0.000000
v -0.012944 0.048287 0.000000
v -0.004636 0.038097 -0.031996
v -0.014710 0.040412 -0.025420
v -0.023982 0.040275 -0.017163
v -0.024449 0.041558 -0.012961
v -0.024787 0.042488 -0.008658
v -0.012991 0.035691 -0.032507
v -0.021014 0.032122 -0.031986
v -0.022705 0.036768 -0.025012
v -0.019172 0.027061 -0.037373
v -0.017979 0.023784 -0.040073
v 0.006671 0.007033 0.049015
v 0.005202 0.011069 0.048426
v 0.002292 0.019065 0.046077
v -0.000395 0.026447 0.042349
v -0.002783 0.033007 0.037409
v -0.004644 0.038120 0.031968
v -0.013937 0.038290 0.028932
v -0.022758 0.036914 0.024746
v -0.024029 0.040406 0.016787
v -0.024797 0.042515 0.008499
v -0.016775 0.020476 0.042336
v -0.019162 0.027034 0.037397
v -0.021023 0.032145 0.031958
v -0.005953 0.016355 0.046813
v -0.008683 0.023855 0.043026
v -0.011109 0.030519 0.038006
v -0.013000 0.035714 0.032478
v -0.021945 0.034681 0.028468
v -0.041681 0.019435 0.019045
v -0.028701 0.040828 -0.002132
v -0.028718 0.040874 0.000000
v 0.029567 -0.029176 -0.027162
v 0.026209 -0.032464 -0.026469
v 0.020551 -0.030494 -0.033440
v 0.016774 -0.024217 -0.040214
v 0.013686 -0.027878 -0.039048
v 0.005996 -0.024693 -0.043060
v -0.007758 -0.013092 -0.047387
v -0.005280 -0.008900 -0.048819
v 0.003330 -0.012972 -0.048113
v 0.008905 -0.020866 -0.044450
v -0.002055 -0.021084 -0.045348
v -0.017023 -0.029119 0.041027
v -0.017045 -0.029156 0.041014
v -0.009868 -0.032640 0.040364
v -0.010602 -0.037358 -0.038724
v -0.012380 -0.036488 -0.038858
v -0.009904 -0.032615 -0.040124
v -0.012382 -0.036487 -0.038858
v -0.019397 -0.033054 -0.039383
v -0.003338 -0.040299 -0.036516
v -0.005384 -0.039471 -0.037138
v -0.002702 -0.035744 -0.038305
v -0.005391 -0.039468 -0.037140
v -0.008884 -0.038054 -0.038202
v 0.002974 -0.042361 -0.032923
v 0.001287 -0.041810 -0.033883
v 0.004191 -0.038314 -0.034931
v 0.001280 -0.041808 -0.033887
v -0.001993 -0.040739 -0.035750
v 0.011620 -0.044393 -0.022730
v 0.011510 -0.044372 -0.022903
v 0.018851 -0.038489 -0.024655
v 0.009536 -0.043982 -0.026026
v 0.013693 -0.036960 -0.031110
v 0.008532 -0.043783 -0.027614
v 0.007101 -0.043417 -0.028980
v 0.010255 -0.040208 -0.029989
v 0.007049 -0.043404 -0.029030
v 0.004314 -0.042704 -0.031643
v 0.014680 -0.044921 -0.015582
v 0.014590 -0.044907 -0.015828
v 0.022686 -0.039499 -0.017141
v 0.013340 -0.044708 -0.019259
v 0.012695 -0.044606 -0.021030
v 0.016928 -0.045249 -0.004422
v 0.016358 -0.045170 -0.007970
v 0.025082 -0.040081 -0.008858
v 0.016332 -0.045166 -0.008133
v 0.015494 -0.045050 -0.013347
v 0.016238 -0.045162 0.007785
v 0.016279 -0.045168 0.007603
v 0.025013 -0.040115 0.008489
v 0.016627 -0.045217 0.006050
v 0.025884 -0.040285 -0.000181
v 0.016806 -0.045236 -0.000173
v 0.016806 -0.045236 -0.000182
v 0.014592 -0.044930 0.015127
v 0.022564 -0.039555 0.016758
v 0.014544 -0.044922 0.015235
v 0.011281 -0.044359 0.022573
v 0.011369 -0.044374 0.022376
v 0.018706 -0.038551 0.024283
v 0.012958 -0.044648 0.018803
v 0.014436 -0.044903 0.015478
v 0.013571 -0.037015 0.030808
v 0.009193 -0.043912 0.025581
v 0.011152 -0.044337 0.022864
v 0.001079 -0.041789 0.033825
v 0.001151 -0.041809 0.033762
v 0.004047 -0.038304 0.034764
v 0.004038 -0.042615 0.031244
v 0.010028 -0.040196 0.029662
v 0.006830 -0.043394 0.028810
v 0.006923 -0.043420 0.028729
v -0.005511 -0.039468 0.037313
v -0.005429 -0.039498 0.037271
v -0.002741 -0.035753 0.038356
v -0.002110 -0.040679 0.035575
v 0.000743 -0.041695 0.034117
v -0.012441 -0.036495 0.039199
v -0.012389 -0.036518 0.039186
v -0.008883 -0.038050 0.038323
v -0.006192 -0.039226 0.037661
v -0.019374 -0.033074 0.039722
v -0.015881 -0.034841 0.039589
v -0.013689 -0.035950 0.039506
v -0.014629 -0.025087 0.042445
v -0.014660 -0.025139 0.042422
v -0.007209 -0.028780 0.041908
v -0.015084 -0.025855 0.042103
v -0.009997 -0.017258 0.045936
v -0.001905 -0.021176 0.045386
v -0.009973 -0.017216 0.045954
v -0.008709 -0.015080 0.046907
v -0.005134 -0.008932 0.048757
v -0.005140 -0.008943 0.048754
v 0.003437 -0.013043 0.048098
v -0.007588 -0.013153 0.047487
v -0.002605 -0.004546 0.049544
v -0.002607 -0.004548 0.049544
v 0.006105 -0.008660 0.048824
v -0.004130 -0.007205 0.049277
v 0.000203 -0.032063 0.039795
v 0.007278 -0.034847 0.036065
v 0.043247 -0.025021 -0.000047
v 0.042316 -0.024661 0.009732
v 0.039631 -0.023582 0.019113
v 0.035346 -0.021797 0.027733
v 0.022570 -0.016203 0.041442
v 0.029592 -0.019316 0.035260
v 0.039760 -0.028269 -0.009817
v 0.040731 -0.028624 -0.000100
v 0.039773 -0.028314 0.009618
v 0.037016 -0.027349 0.018925
v 0.032657 -0.025717 0.027452
v 0.026860 -0.023398 0.034884
v 0.019813 -0.020421 0.040959
v 0.014614 -0.012596 0.046030
v 0.011870 -0.016914 0.045426
v -0.010179 -0.017196 -0.045874
v -0.010175 -0.017190 -0.045876
v 0.000621 -0.017119 -0.046915
v -0.009663 -0.016316 -0.046286
v 0.033946 -0.030691 -0.018838
v 0.030500 -0.033829 -0.018390
v 0.036735 -0.031598 -0.009704
v 0.033237 -0.034640 -0.009494
v 0.037713 -0.031922 -0.000140
v 0.034190 -0.034931 -0.000166
v 0.036743 -0.031655 0.009425
v 0.033229 -0.034698 0.009161
v 0.033964 -0.030794 0.018568
v 0.030491 -0.033934 0.018062
v 0.029601 -0.029309 0.026918
v 0.026209 -0.032597 0.026168
v 0.023843 -0.027162 0.034177
v 0.020578 -0.030633 0.033199
v 0.016862 -0.024346 0.040083
v 0.013755 -0.028004 0.038894
v 0.009028 -0.020975 0.044386
v 0.006117 -0.024802 0.043005
v 0.000762 -0.017209 0.046916
v -0.007604 -0.013180 0.047479
v 0.006057 -0.008624 -0.048835
v 0.014570 -0.012551 -0.046056
v -0.002673 -0.004504 -0.049458
v -0.005278 -0.008897 -0.048820
v -0.004985 -0.008402 -0.048989
v 0.011773 -0.016827 -0.045480
v 0.022534 -0.016148 -0.041484
v 0.019736 -0.020317 -0.041052
v 0.026801 -0.023283 -0.035018
v 0.029562 -0.019254 -0.035321
v 0.035323 -0.021738 -0.027811
v 0.042308 -0.024637 -0.009825
v 0.039616 -0.023537 -0.019202
v 0.036990 -0.027267 -0.019116
v 0.032615 -0.025609 -0.027622
v 0.023785 -0.027021 -0.034372
v -0.014797 -0.025074 -0.042184
v -0.017138 -0.029133 -0.040742
v -0.017133 -0.029124 -0.040745
v -0.007304 -0.028723 -0.041740
v -0.014970 -0.025370 -0.042046
v -0.014801 -0.025082 -0.042180
v 0.007331 -0.034797 -0.036231
v 0.000168 -0.032009 -0.039786
v -0.043659 0.015269 0.018950
v -0.049337 -0.004648 -0.000529
v -0.049336 -0.004656 -0.000529
v -0.048714 -0.005148 0.007863
v -0.022505 -0.031290 0.039142
v -0.025677 -0.029482 0.038555
v -0.025243 -0.029730 0.038635
v -0.023356 -0.025565 0.039853
v -0.031440 -0.025902 0.035935
v -0.030350 -0.026592 0.036494
v -0.029206 -0.022115 0.037605
v -0.028599 -0.027699 0.037393
v -0.026704 -0.028898 0.038365
v -0.036503 -0.022570 0.031917
v -0.034938 -0.023623 0.033411
v -0.034491 -0.018897 0.034085
v -0.034115 -0.024177 0.034197
v -0.033285 -0.024735 0.034989
v -0.040674 -0.019703 0.026684
v -0.039086 -0.020817 0.029128
v -0.039152 -0.015971 0.029281
v -0.038811 -0.021010 0.029552
v -0.038532 -0.021205 0.029981
v -0.042538 -0.018395 0.023815
v -0.043140 -0.013373 0.023169
v -0.042815 -0.018200 0.023389
v -0.043960 -0.017369 0.020599
v -0.046287 -0.011247 0.015824
v -0.045845 -0.016001 0.016008
v -0.047993 -0.014393 0.006889
v -0.047779 -0.014554 0.007846
v -0.048288 -0.009859 0.007749
v -0.046414 -0.015580 0.013952
v -0.046084 -0.015827 0.015424
v -0.049007 -0.009321 -0.000457
v -0.048687 -0.013858 -0.000387
v -0.048399 -0.014082 0.003262
v -0.048179 -0.014254 0.006060
v -0.019513 0.003534 0.045795
v -0.027296 0.007289 0.041131
v -0.011143 -0.000488 0.048688
v -0.013455 -0.004897 0.047826
v -0.039019 -0.011206 0.029999
v -0.033821 -0.014278 0.035161
v -0.027906 -0.017702 0.038974
v -0.021444 -0.021389 0.041401
v -0.049694 0.000417 -0.000607
v -0.046661 -0.006471 0.016085
v -0.043355 -0.008556 0.023589
v -0.017640 -0.013278 0.044931
v -0.025100 -0.009308 0.042237
v -0.032006 -0.005616 0.037960
v -0.038051 -0.002340 0.032233
v -0.042984 0.000398 0.025294
v -0.046642 0.002475 0.017303
v -0.048881 0.003758 0.008517
v -0.049411 0.004172 -0.000497
v -0.046191 0.016514 0.009541
v -0.046522 0.018311 -0.000032
v -0.046921 0.016900 -0.000081
v -0.048124 0.012651 -0.000230
v -0.047519 0.012285 0.009271
v -0.048125 0.012649 -0.000230
v -0.049007 0.009531 -0.000339
v -0.049088 0.008461 -0.000371
v -0.048414 0.008042 0.008911
v -0.049088 0.008458 -0.000371
v -0.049411 0.004177 -0.000496
v -0.039598 0.013275 0.027477
v -0.034101 0.010590 0.034916
v -0.046071 0.006768 0.017971
v -0.045077 0.011021 0.018544
v -0.042258 0.004702 0.026191
v -0.041128 0.008982 0.026947
v -0.037096 0.001954 0.033344
v -0.035781 0.006252 0.034269
v -0.030736 -0.001369 0.039289
v -0.029169 0.002921 0.040379
v -0.023461 -0.005125 0.043744
v -0.021604 -0.000854 0.044967
v -0.015616 -0.009153 0.046535
v -0.048381 0.008073 -0.009697
v -0.011406 -0.000465 -0.048617
v -0.013793 -0.004919 -0.047701
v -0.022060 -0.001200 -0.044758
v -0.023734 -0.025454 -0.039639
v -0.025635 -0.029534 -0.038559
v -0.025697 -0.029495 -0.038536
v -0.048930 -0.004949 -0.008932
v -0.048214 -0.014215 -0.007702
v -0.047111 -0.006082 -0.016886
v -0.046832 -0.015235 -0.014786
v -0.048186 -0.005408 -0.012980
v -0.048071 -0.014322 -0.009913
v -0.048207 -0.014220 -0.007801
v -0.042375 -0.018466 -0.026099
v -0.044469 -0.016956 -0.021705
v -0.044021 -0.008036 -0.024078
v -0.044563 -0.016888 -0.021506
v -0.045717 -0.006962 -0.020600
v -0.045767 -0.016020 -0.018978
v -0.046788 -0.015268 -0.014961
v -0.039161 -0.020718 -0.030200
v -0.041111 -0.019352 -0.027712
v -0.039806 -0.010710 -0.030225
v -0.041241 -0.019261 -0.027546
v -0.037826 -0.021654 -0.031904
v -0.034601 -0.013973 -0.035186
v -0.036905 -0.022272 -0.032586
v -0.036775 -0.022359 -0.032682
v -0.034309 -0.024013 -0.034509
v -0.028528 -0.017605 -0.038864
v -0.032064 -0.025520 -0.036172
v -0.025745 -0.029466 -0.038518
v -0.028705 -0.027617 -0.037419
v -0.030011 -0.021729 -0.037446
v -0.031577 -0.025824 -0.036353
v -0.031670 -0.025766 -0.036318
v -0.048903 0.003827 -0.009570
v -0.039574 0.013249 -0.027551
v -0.034112 0.010440 -0.034974
v -0.043640 0.015282 -0.019015
v -0.046157 0.016516 -0.009737
v -0.047470 0.012294 -0.009737
v -0.043248 0.010102 -0.023139
v -0.041100 0.008953 -0.027178
v -0.043115 0.000505 -0.025959
v -0.038314 -0.002387 -0.032575
v -0.046052 0.006820 -0.018585
v -0.045034 0.011042 -0.018849
v -0.047990 0.003321 -0.013957
v -0.046712 0.002596 -0.018187
v -0.045080 0.001655 -0.022204
v -0.014100 -0.015264 -0.045527
v -0.021812 -0.021378 -0.041200
v -0.035853 0.006043 -0.034372
v -0.035530 -0.004095 -0.035416
v -0.019829 0.003342 -0.045670
v -0.009537 -0.006883 -0.048517
v -0.027490 0.007011 -0.041063
v -0.025916 0.000634 -0.042691
v -0.029507 0.002486 -0.040262
v -0.032817 0.004315 -0.037486
v -0.018025 -0.013344 -0.044743
v -0.025642 -0.009613 -0.042029
v -0.029190 -0.007763 -0.040147
v -0.032491 -0.005911 -0.037940
v 0.005283 -0.044164 -0.031582
v 0.004250 -0.043892 -0.032392
v 0.004184 -0.043350 -0.031907
v -0.012660 -0.037887 -0.039674
v -0.012949 -0.037757 -0.039711
v -0.012727 -0.037193 -0.039176
v 0.013294 -0.044937 -0.019314
v 0.009443 -0.044555 -0.026225
v 0.006983 -0.044035 -0.029241
v 0.006996 -0.043882 -0.029159
v -0.002201 -0.041421 -0.036029
v -0.005648 -0.040174 -0.037461
v -0.005599 -0.040014 -0.037353
v -0.005646 -0.040005 0.037404
v -0.005580 -0.039848 0.037344
v -0.009048 -0.038446 0.038517
v 0.012929 -0.045016 0.018922
v 0.011189 -0.044729 0.022426
v 0.011184 -0.044875 0.022488
v 0.012926 -0.045157 0.018974
v 0.014333 -0.045357 0.015306
v 0.014334 -0.045221 0.015264
v -0.000529 -0.042552 0.035492
v 0.000917 -0.042974 0.034473
v 0.000925 -0.042430 0.033951
v 0.006441 -0.044438 0.029756
v 0.006792 -0.044512 0.029321
v 0.006674 -0.043964 0.028843
v 0.009536 -0.045082 0.025831
v 0.011379 -0.045408 0.022848
v -0.019558 -0.033398 0.039701
v -0.016081 -0.035206 0.039697
v -0.019472 -0.033247 0.039711
v 0.016825 -0.046110 0.004198
v 0.016192 -0.045584 0.007663
v 0.016632 -0.046092 0.006695
v 0.016416 -0.046070 0.007778
v 0.009098 -0.044486 0.025796
v 0.009287 -0.045038 0.026236
v 0.011698 -0.045464 0.022331
v 0.012932 -0.045644 0.019641
v 0.015437 -0.045968 0.012706
v 0.015488 -0.045973 0.012450
v 0.013106 -0.045669 0.019260
v 0.013835 -0.045775 0.017671
v 0.014525 -0.045858 0.015534
v 0.004965 -0.044069 0.031141
v -0.004837 -0.041102 0.037745
v -0.002365 -0.041939 0.036472
v -0.002306 -0.041389 0.035935
v -0.000711 -0.042499 0.035621
v 0.002921 -0.043559 0.033060
v 0.003936 -0.043285 0.031576
v 0.003979 -0.043823 0.032067
v -0.016252 -0.035522 0.039867
v -0.016551 -0.036084 0.040407
v -0.015245 -0.036735 0.040386
v -0.013250 -0.037627 0.040052
v -0.012715 -0.037208 0.039470
v -0.012956 -0.037758 0.040003
v -0.009181 -0.038762 0.038686
v -0.010307 -0.038942 0.039560
v -0.009360 -0.039327 0.039278
v -0.006847 -0.040347 0.038532
v -0.006344 -0.040536 0.038335
v -0.005695 -0.040163 0.037513
v -0.005805 -0.040738 0.038124
v 0.011231 -0.044600 0.022392
v 0.012970 -0.044893 0.018893
v 0.014373 -0.045103 0.015240
v 0.016226 -0.045344 0.007630
v 0.016190 -0.045454 0.007642
v 0.016883 -0.045418 -0.000180
v 0.016853 -0.045654 -0.000184
v 0.016850 -0.045526 -0.000182
v 0.016297 -0.045258 0.007627
v 0.009107 -0.044337 0.025724
v 0.009152 -0.044201 0.025685
v 0.014449 -0.045007 0.015234
v -0.012563 -0.036892 0.039300
v 0.006737 -0.043670 0.028718
v 0.006690 -0.043812 0.028762
v 0.003958 -0.043130 0.031487
v 0.004008 -0.042983 0.031439
v 0.001008 -0.042122 0.033800
v 0.000954 -0.042273 0.033854
v -0.002269 -0.041230 0.035831
v -0.002212 -0.041076 0.035774
v 0.001100 -0.042480 -0.034177
v -0.002165 -0.041261 -0.035924
v -0.005535 -0.039857 -0.037293
v -0.002109 -0.041105 -0.035866
v 0.009449 -0.044404 -0.026153
v 0.007042 -0.043739 -0.029114
v 0.009492 -0.044267 -0.026113
v -0.012576 -0.036874 -0.039010
v -0.019592 -0.033389 -0.039379
v -0.012655 -0.037034 -0.039069
v -0.019628 -0.033451 -0.039378
v -0.019777 -0.033696 -0.039540
v 0.001180 -0.042170 -0.034026
v 0.001128 -0.042323 -0.034079
v -0.009041 -0.038437 -0.038332
v 0.011577 -0.044656 -0.022824
v 0.014654 -0.045135 -0.015646
v 0.014680 -0.045035 -0.015553
v 0.004253 -0.043045 -0.031768
v -0.009173 -0.038756 -0.038498
v -0.009340 -0.039321 -0.039056
v -0.010800 -0.038727 -0.039433
v -0.009113 -0.038597 -0.038391
v -0.019838 -0.033797 -0.039607
v -0.015883 -0.036433 -0.040091
v -0.020134 -0.034294 -0.040114
v 0.004204 -0.043194 -0.031817
v 0.001714 -0.043223 -0.034385
v 0.001124 -0.043042 -0.034722
v -0.000305 -0.042602 -0.035540
v -0.002225 -0.042012 -0.036639
v -0.005753 -0.040752 -0.038053
v -0.006287 -0.040562 -0.038267
v 0.013450 -0.045721 -0.019679
v 0.013050 -0.045669 -0.020682
v 0.013254 -0.045204 -0.019399
v 0.012828 -0.045639 -0.021239
v 0.013255 -0.045062 -0.019346
v 0.011537 -0.044788 -0.022860
v 0.011534 -0.044934 -0.022923
v 0.011722 -0.045464 -0.023264
v 0.010826 -0.045322 -0.024904
v 0.009647 -0.045098 -0.026541
v 0.009593 -0.045088 -0.026616
v 0.008292 -0.044841 -0.028421
v 0.007092 -0.044571 -0.029681
v 0.016909 -0.046118 -0.005745
v 0.016548 -0.046083 -0.008140
v 0.016346 -0.045598 -0.008042
v 0.016026 -0.046031 -0.011606
v 0.016379 -0.045357 -0.008008
v 0.016343 -0.045467 -0.008021
v 0.014616 -0.045254 -0.015672
v 0.014617 -0.045391 -0.015714
v 0.015491 -0.045972 -0.013596
v 0.014860 -0.045902 -0.015944
v 0.014697 -0.045884 -0.016551
v -0.019565 -0.033409 0.039707
v -0.019657 -0.033560 0.039784
v -0.019757 -0.033724 0.039867
v -0.019947 -0.034016 0.040169
v -0.020034 -0.034347 0.040465
v -0.020129 -0.034297 0.040459
v 0.017131 -0.046139 0.000255
v 0.017115 -0.046137 -0.000180
v 0.016953 -0.046122 -0.004544
v -0.023019 -0.031949 0.039506
v -0.041464 -0.020607 0.027021
v -0.043199 -0.019365 0.024009
v -0.042422 -0.020418 0.025982
v -0.043505 -0.019646 0.024135
v -0.049524 -0.015165 0.001819
v -0.049493 -0.015188 0.002099
v -0.049071 -0.014989 0.003290
v -0.049363 -0.015287 0.003304
v -0.048966 -0.015589 0.006990
v -0.048638 -0.015321 0.006949
v -0.048933 -0.015613 0.007293
v -0.048305 -0.016089 0.010340
v -0.047775 -0.016490 0.012911
v -0.046764 -0.016203 0.013993
v -0.048292 -0.015042 0.006907
v -0.046032 -0.017798 0.018446
v -0.045969 -0.017845 0.018646
v -0.044719 -0.018258 0.020816
v -0.044980 -0.018569 0.020890
v -0.043689 -0.019514 0.023821
v -0.044382 -0.017974 0.020698
v -0.042866 -0.019079 0.023869
v -0.042737 -0.018920 0.023826
v -0.048165 -0.014885 0.006895
v -0.048596 -0.014552 0.003261
v -0.048723 -0.014710 0.003267
v -0.048517 -0.014384 0.003261
v -0.048086 -0.014717 0.006892
v -0.046556 -0.015878 0.013960
v -0.048702 -0.014050 -0.000390
v -0.048716 -0.014230 -0.000393
v -0.048486 -0.014206 0.003265
v -0.048055 -0.014539 0.006898
v -0.049274 -0.014831 -0.000391
v -0.048921 -0.014556 -0.000394
v -0.048812 -0.014386 -0.000393
v -0.048716 -0.014236 -0.000393
v -0.044122 -0.017466 0.020661
v -0.044166 -0.017647 0.020650
v -0.042596 -0.018569 0.023819
v -0.026103 -0.030168 0.038806
v -0.022900 -0.031803 0.039406
v -0.041008 -0.020161 0.026807
v -0.041138 -0.020320 0.026859
v -0.039054 -0.021538 0.029578
v -0.039184 -0.021697 0.029639
v -0.036861 -0.023051 0.032100
v -0.036991 -0.023209 0.032170
v -0.034569 -0.024838 0.034387
v -0.022786 -0.031650 0.039352
v -0.022677 -0.031492 0.039347
v -0.025992 -0.030013 0.038707
v -0.025890 -0.029850 0.038653
v -0.025797 -0.029679 0.038647
v -0.034336 -0.024512 0.034270
v -0.031694 -0.026244 0.036121
v -0.038891 -0.021185 0.029557
v -0.036687 -0.022699 0.032070
v -0.036759 -0.022881 0.032067
v -0.038956 -0.021367 0.029551
v -0.040914 -0.019990 0.026786
v -0.028867 -0.028036 0.037582
v -0.029089 -0.028357 0.037726
v -0.031922 -0.026568 0.036253
v -0.022666 -0.032925 0.040118
v -0.023265 -0.032222 0.039794
v -0.023490 -0.032479 0.040008
v -0.026337 -0.030461 0.039089
v -0.026533 -0.030744 0.039263
v -0.024496 -0.031935 0.039872
v -0.039502 -0.021985 0.029825
v -0.038681 -0.023043 0.031378
v -0.037299 -0.023499 0.032378
v -0.038438 -0.023207 0.031622
v -0.037547 -0.023806 0.032514
v -0.041740 -0.020906 0.027147
v -0.041221 -0.021276 0.028033
v -0.039761 -0.022292 0.029956
v -0.035677 -0.025065 0.034385
v -0.035122 -0.025424 0.034788
v -0.033974 -0.026167 0.035622
v -0.032331 -0.027231 0.036815
v -0.029567 -0.028942 0.038187
v -0.028718 -0.029468 0.038609
v -0.040857 -0.019808 0.026794
v -0.042646 -0.018750 0.023809
v -0.044253 -0.017816 0.020663
v -0.049614 -0.015096 -0.000388
v -0.047389 -0.016780 0.014136
v -0.041550 -0.019748 -0.027653
v -0.041453 -0.019575 -0.027631
v -0.039408 -0.021024 -0.030302
v -0.048392 -0.014474 -0.007708
v -0.048862 -0.015668 -0.010794
v -0.049217 -0.015397 -0.007788
v -0.048597 -0.014802 -0.007724
v -0.049397 -0.015260 -0.006261
v -0.049496 -0.015185 -0.005428
v -0.022401 -0.033087 -0.039933
v -0.026588 -0.030718 -0.039173
v -0.026154 -0.030132 -0.038657
v -0.025940 -0.029814 -0.038507
v -0.032086 -0.026457 -0.036472
v -0.029185 -0.028294 -0.037747
v -0.031186 -0.027950 -0.037648
v -0.027047 -0.030458 -0.039089
v -0.027376 -0.030259 -0.038975
v -0.029635 -0.028890 -0.038188
v -0.032567 -0.027068 -0.036886
v -0.032821 -0.026906 -0.036746
v -0.034825 -0.024659 -0.034809
v -0.034831 -0.025621 -0.035637
v -0.035358 -0.025270 -0.035220
v -0.037349 -0.022950 -0.032774
v -0.037935 -0.023551 -0.033182
v -0.039642 -0.021358 -0.030389
v -0.040230 -0.021966 -0.030725
v -0.040643 -0.021681 -0.030283
v -0.041682 -0.019911 -0.027705
v -0.037113 -0.022618 -0.032671
v -0.028963 -0.027972 -0.037604
v -0.031858 -0.026131 -0.036339
v -0.034590 -0.024330 -0.034691
v -0.047083 -0.015460 -0.014845
v -0.047291 -0.015790 -0.014876
v -0.044775 -0.017169 -0.021575
v -0.045904 -0.017893 -0.021217
v -0.046201 -0.017673 -0.020522
v -0.044993 -0.017503 -0.021623
v -0.044863 -0.017341 -0.021588
v -0.047887 -0.016408 -0.015329
v -0.047952 -0.016359 -0.015029
v -0.048144 -0.016213 -0.014133
v -0.042109 -0.020641 -0.028189
v -0.042259 -0.020534 -0.027975
v -0.042644 -0.020261 -0.027425
v -0.043230 -0.019845 -0.026589
v -0.045169 -0.018436 -0.022937
v -0.045634 -0.018092 -0.021849
v 0.002167 -0.043812 0.033901
v 0.005065 -0.044553 0.031366
v 0.005082 -0.044321 0.031329
v 0.016343 -0.046515 -0.011135
v 0.015693 -0.046444 -0.013662
v 0.015688 -0.046199 -0.013653
v 0.011185 -0.045823 -0.024722
v 0.009782 -0.045565 -0.026700
v 0.009799 -0.045333 -0.026680
v -0.012738 -0.038126 -0.039884
v -0.013323 -0.037864 0.040271
v -0.020240 -0.034497 0.040571
v -0.006370 -0.040750 0.038485
v -0.000506 -0.042770 0.035639
v 0.009654 -0.045305 0.025939
v 0.013117 -0.045875 0.019740
v 0.015632 -0.046192 0.012492
v 0.017050 -0.046335 0.004219
v 0.017142 -0.046343 -0.004557
v 0.013196 -0.045887 -0.020761
v 0.005235 -0.044358 -0.031809
v -0.000260 -0.042846 -0.035752
v -0.006272 -0.040786 -0.038386
v -0.020244 -0.034494 -0.040224
v -0.015564 -0.037112 -0.040238
v -0.020368 -0.034726 -0.040275
v -0.020247 -0.034500 -0.040227
v -0.020246 -0.034498 -0.040226
v -0.010497 -0.039376 -0.039560
v -0.012331 -0.038557 -0.039805
v -0.012831 -0.038333 -0.039872
v -0.006337 -0.041025 -0.038457
v -0.000319 -0.043061 -0.035767
v -0.000657 -0.042958 -0.035958
v -0.002213 -0.042483 -0.036839
v -0.004603 -0.041645 -0.037798
v -0.006062 -0.041134 -0.038384
v 0.005240 -0.044604 -0.031878
v 0.002202 -0.043815 -0.034257
v 0.001822 -0.043716 -0.034555
v 0.008531 -0.045335 -0.028464
v 0.007747 -0.045163 -0.029291
v 0.005454 -0.044660 -0.031711
v 0.011995 -0.045947 -0.023184
v 0.013249 -0.046139 -0.020800
v 0.015047 -0.046373 -0.016170
v 0.015040 -0.046372 -0.016189
v 0.013365 -0.046157 -0.020580
v 0.016711 -0.046551 -0.008525
v 0.017161 -0.046594 -0.005337
v 0.017045 -0.046583 0.004222
v 0.017335 -0.046609 0.000662
v 0.017300 -0.046606 -0.000541
v 0.017183 -0.046596 -0.004563
v 0.015688 -0.046446 0.012515
v 0.016694 -0.046549 0.007486
v 0.016837 -0.046564 0.006771
v 0.013775 -0.046213 0.018394
v 0.014821 -0.046341 0.015246
v 0.015626 -0.046440 0.012825
v 0.009651 -0.045543 0.025970
v 0.011539 -0.045881 0.023052
v 0.011812 -0.045922 0.022484
v 0.013121 -0.046116 0.019755
v 0.005806 -0.044743 0.030717
v 0.007430 -0.045091 0.028822
v 0.008961 -0.045420 0.027035
v 0.001863 -0.043721 0.034098
v -0.001650 -0.042666 0.036383
v -0.000727 -0.042943 0.035783
v -0.000557 -0.042994 0.035672
v -0.004928 -0.041532 0.037921
v -0.005843 -0.041215 0.038350
v -0.013421 -0.038079 0.040278
v -0.012537 -0.038470 0.040126
v -0.010303 -0.039457 0.039744
v -0.006436 -0.040981 0.038536
v -0.014836 -0.037454 0.040519
v -0.020242 -0.034500 0.040572
v -0.020243 -0.034502 0.040574
v -0.019185 -0.035334 0.040681
v -0.020365 -0.034728 0.040623
v -0.032310 -0.027849 -0.037330
v -0.033130 -0.027321 -0.036832
v -0.033016 -0.027090 -0.036886
v -0.049160 -0.016090 0.007600
v -0.048584 -0.016526 0.010328
v -0.048539 -0.016238 0.010365
v -0.028932 -0.029926 0.038741
v -0.028859 -0.029968 0.038763
v -0.028719 -0.029747 0.038746
v -0.046081 -0.018082 -0.021232
v -0.022806 -0.033134 0.040297
v -0.027525 -0.030457 -0.039086
v -0.038188 -0.023687 -0.033136
v -0.042331 -0.020806 -0.028262
v -0.042849 -0.020436 -0.027480
v -0.048346 -0.016387 -0.014148
v -0.049593 -0.015436 -0.006268
v -0.049668 -0.015378 0.002101
v -0.046210 -0.017985 0.018460
v -0.042649 -0.020577 0.026049
v -0.038622 -0.023391 0.031675
v -0.034182 -0.026342 0.035751
v -0.027986 -0.030476 0.039030
v -0.024816 -0.032318 0.039998
v -0.022917 -0.033346 0.040265
v -0.034122 -0.026685 0.035790
v -0.032726 -0.027587 0.036827
v -0.029460 -0.029600 0.038474
v -0.039054 -0.023418 0.031311
v -0.038739 -0.023629 0.031632
v -0.036129 -0.025388 0.034299
v -0.034279 -0.026583 0.035673
v -0.042727 -0.020838 0.025986
v -0.041788 -0.021510 0.027638
v -0.040270 -0.022570 0.029689
v -0.039120 -0.023373 0.031244
v -0.046280 -0.018256 0.018580
v -0.045840 -0.018579 0.019597
v -0.044184 -0.019794 0.023424
v -0.042845 -0.020753 0.025778
v -0.048029 -0.016947 0.012956
v -0.047962 -0.016998 0.013273
v -0.046325 -0.018223 0.018438
v -0.049333 -0.015958 0.006025
v -0.049762 -0.015629 0.002094
v -0.049630 -0.015730 -0.006252
v -0.049846 -0.015565 -0.003904
v -0.049820 -0.015585 -0.001022
v -0.049794 -0.015605 0.001804
v -0.048267 -0.016768 -0.014887
v -0.048419 -0.016653 -0.014120
v -0.049332 -0.015959 -0.009502
v -0.049466 -0.015856 -0.008044
v -0.046146 -0.018352 -0.021174
v -0.046663 -0.017972 -0.020021
v -0.048261 -0.016773 -0.014919
v -0.042913 -0.020704 -0.027399
v -0.043055 -0.020602 -0.027169
v -0.044541 -0.019534 -0.024757
v -0.046080 -0.018401 -0.021322
v -0.042418 -0.021059 -0.028202
v -0.039031 -0.023429 -0.032425
v -0.039185 -0.023322 -0.032242
v -0.040314 -0.022535 -0.030898
v -0.041969 -0.021382 -0.028930
v -0.034194 -0.026635 -0.036186
v -0.035803 -0.025599 -0.035209
v -0.038289 -0.023928 -0.033065
v -0.029474 -0.029588 -0.038475
v -0.028547 -0.030156 -0.038849
v -0.024417 -0.032542 -0.039834
v -0.027649 -0.030675 -0.039063
v -0.028053 -0.030441 -0.038967
v -0.004267 -0.044253 -0.038015
v -0.004591 -0.044332 0.038119
v 0.006266 -0.054755 -0.032823
v 0.003881 -0.054901 -0.034774
v -0.012451 -0.052085 -0.040967
v -0.017661 -0.049433 -0.041154
v -0.011619 -0.047013 -0.040440
v -0.020351 -0.037370 -0.040460
v -0.020325 -0.041466 -0.040746
v -0.018542 -0.048984 -0.041186
v -0.019607 -0.048442 -0.041224
v -0.020057 -0.048160 -0.041202
v -0.012119 -0.052254 -0.040955
v -0.002892 -0.054533 -0.038504
v -0.004268 -0.054406 -0.039138
v -0.004800 -0.054356 -0.039383
v -0.006463 -0.053879 -0.039741
v -0.011029 -0.052567 -0.040721
v -0.001392 -0.054673 -0.037812
v 0.001496 -0.054940 -0.036481
v 0.002185 -0.055004 -0.036163
v 0.007885 -0.054656 -0.031498
v 0.009304 -0.054436 -0.029730
v 0.011064 -0.054163 -0.027536
v 0.013231 -0.053690 -0.023427
v 0.014211 -0.053477 -0.021569
v 0.014780 -0.053353 -0.020491
v 0.016618 -0.052865 -0.014285
v 0.016014 -0.053025 -0.016323
v 0.017646 -0.052586 -0.008615
v 0.017230 -0.052703 -0.012220
v 0.018060 -0.052470 -0.005015
v 0.018333 -0.052394 -0.002649
v 0.018230 -0.052426 -0.000579
v 0.018133 -0.052456 0.001356
v 0.017851 -0.052544 0.006988
v 0.017732 -0.052578 0.007523
v 0.017183 -0.052734 0.009993
v 0.015987 -0.053073 0.015370
v 0.015752 -0.053139 0.016426
v 0.015191 -0.053274 0.017720
v 0.013054 -0.053790 0.022644
v 0.012284 -0.053975 0.024418
v 0.008883 -0.054525 0.029064
v 0.008273 -0.054624 0.029898
v 0.007258 -0.054788 0.031284
v 0.003935 -0.054944 0.034068
v 0.003488 -0.054965 0.034441
v 0.001653 -0.055051 0.035979
v -0.001406 -0.054736 0.037516
v -0.003285 -0.054542 0.038461
v -0.004849 -0.054380 0.039247
v -0.011859 -0.047073 0.040711
v -0.017750 -0.049456 0.041502
v -0.013002 -0.051788 0.041151
v -0.011759 -0.052398 0.041059
v -0.011294 -0.052532 0.040937
v -0.007271 -0.053685 0.039882
v -0.019830 -0.048305 0.041548
v -0.019605 -0.048445 0.041557
v -0.020053 -0.048165 0.041538
v -0.020322 -0.041469 0.041125
v -0.020348 -0.037377 0.040820
v -0.018772 -0.048953 0.041577
v -0.043618 -0.023795 0.026103
v -0.037964 -0.033233 -0.034907
v -0.038369 -0.032860 -0.034490
v -0.034814 -0.031547 -0.036595
v -0.028423 -0.041892 0.039957
v -0.028486 -0.040333 0.039941
v -0.029711 -0.040751 0.039389
v -0.026551 -0.043406 0.040514
v -0.027496 -0.042714 0.040365
v -0.032448 -0.038326 0.038183
v -0.034204 -0.036770 0.037410
v -0.035119 -0.035909 0.036658
v -0.034799 -0.031551 0.036348
v -0.037768 -0.033416 0.034482
v -0.038364 -0.032856 0.033993
v -0.039368 -0.031910 0.033167
v -0.040256 -0.031102 0.031998
v -0.042340 -0.029205 0.029254
v -0.043910 -0.027777 0.027188
v -0.044302 -0.027453 0.026402
v -0.046083 -0.025986 0.022833
v -0.047146 -0.025111 0.020704
v -0.047444 -0.024866 0.020107
v -0.047514 -0.024808 0.019967
v -0.048897 -0.023809 0.015568
v -0.049606 -0.023296 0.013310
v -0.050160 -0.022895 0.011547
v -0.050703 -0.022543 0.007792
v -0.050925 -0.022399 0.006254
v -0.051540 -0.022001 0.002000
v -0.051123 -0.022277 -0.008059
v -0.051333 -0.022137 -0.007018
v -0.051488 -0.022034 -0.000253
v -0.051473 -0.022044 -0.000910
v -0.051066 -0.022315 -0.008340
v -0.049721 -0.023213 -0.015010
v -0.049468 -0.023382 -0.016266
v -0.049402 -0.023426 -0.016595
v -0.047444 -0.024906 -0.021543
v -0.047183 -0.025104 -0.022203
v -0.043800 -0.023818 -0.027379
v -0.044307 -0.027486 -0.027481
v -0.046475 -0.025639 -0.023993
v -0.046633 -0.025519 -0.023593
v -0.042759 -0.028805 -0.029972
v -0.040209 -0.031160 -0.032596
v -0.032531 -0.038303 -0.038277
v -0.035039 -0.035963 -0.036745
v -0.037846 -0.033343 -0.035029
v -0.025559 -0.044262 -0.040536
v -0.026539 -0.043427 -0.040229
v -0.028394 -0.041848 -0.039649
v -0.028511 -0.040336 -0.039707
v -0.032270 -0.038547 -0.038437
v -0.029710 -0.040727 -0.039238
v 0.017721 -0.053216 0.007146
v 0.018210 -0.053063 0.001354
v 0.018328 -0.052742 0.001362
v 0.018211 -0.052774 -0.005027
v 0.006931 -0.055608 -0.032080
v 0.006212 -0.055665 -0.032690
v 0.006332 -0.055496 -0.032840
v -0.001503 -0.055646 -0.037704
v -0.001529 -0.055643 -0.037715
v -0.001366 -0.055304 -0.038002
v -0.020000 -0.049078 -0.040948
v -0.019859 -0.048845 -0.041132
v -0.018798 -0.049426 -0.041201
v -0.019820 -0.048782 -0.041147
v -0.012775 -0.052782 -0.040699
v -0.012820 -0.052763 -0.040703
v -0.012633 -0.052505 -0.040959
v -0.015731 -0.051500 -0.040958
v -0.018947 -0.049675 -0.040950
v -0.013370 -0.052542 0.040965
v -0.013211 -0.052257 0.041209
v -0.014287 -0.052178 0.041107
v -0.019953 -0.049004 0.041325
v -0.018613 -0.049919 0.041308
v -0.019997 -0.049076 0.041276
v -0.019814 -0.048777 0.041478
v -0.019778 -0.048718 0.041518
v -0.019790 -0.048738 0.041504
v 0.001436 -0.055683 -0.036435
v 0.001320 -0.055829 -0.036250
v 0.000329 -0.055827 -0.036877
v 0.001494 -0.055469 -0.036525
v -0.006732 -0.054773 -0.039594
v -0.007609 -0.054590 -0.039864
v -0.006581 -0.054441 -0.039849
v -0.008988 -0.054150 -0.040125
v -0.011378 -0.053389 -0.040577
v -0.005181 -0.055096 -0.039118
v -0.004334 -0.054907 -0.039170
v -0.004482 -0.055242 -0.038903
v -0.003477 -0.055452 -0.038594
v 0.005255 -0.055741 -0.033502
v 0.004056 -0.055836 -0.034518
v 0.001990 -0.055831 -0.035826
v 0.006388 -0.055282 -0.032922
v 0.010754 -0.054997 -0.027448
v 0.009229 -0.055290 -0.029595
v 0.010914 -0.054820 -0.027581
v 0.008567 -0.055394 -0.030368
v 0.008222 -0.055439 -0.030730
v 0.012953 -0.054528 -0.023843
v 0.011933 -0.054771 -0.025788
v 0.010967 -0.054617 -0.027644
v 0.014313 -0.053870 -0.021580
v 0.014088 -0.054258 -0.021676
v 0.017375 -0.053327 -0.010784
v 0.016588 -0.053561 -0.014237
v 0.016762 -0.053205 -0.014304
v 0.016282 -0.053652 -0.015583
v 0.015979 -0.053740 -0.016614
v 0.015958 -0.053746 -0.016684
v 0.014164 -0.054237 -0.021476
v 0.018082 -0.053105 -0.005010
v 0.017638 -0.053244 -0.008634
v 0.018216 -0.053061 0.001286
v 0.018189 -0.053070 -0.000320
v 0.018114 -0.053096 -0.004751
v 0.017578 -0.053259 0.007908
v 0.017369 -0.053031 0.010018
v 0.015307 -0.053617 0.017738
v 0.015193 -0.053951 0.017665
v 0.015256 -0.053934 0.017499
v 0.015755 -0.053792 0.015816
v 0.016680 -0.053529 0.012692
v 0.017192 -0.053375 0.009966
v 0.012638 -0.054591 0.023328
v 0.013162 -0.054478 0.022440
v 0.012283 -0.054359 0.024402
v 0.014456 -0.054151 0.019594
v 0.014517 -0.054134 0.019444
v 0.008090 -0.055441 0.030013
v 0.008267 -0.055412 0.029789
v 0.008418 -0.055055 0.029956
v 0.010483 -0.055057 0.026981
v 0.012093 -0.054709 0.024251
v 0.001988 -0.055842 0.035385
v 0.003906 -0.055805 0.033983
v 0.004056 -0.055453 0.034189
v 0.004599 -0.055792 0.033476
v 0.007786 -0.055490 0.030399
v 0.001292 -0.055855 0.035894
v -0.001383 -0.055315 0.037681
v -0.001516 -0.055655 0.037441
v -0.005221 -0.055103 0.039035
v -0.002256 -0.055603 0.037849
v -0.001537 -0.055654 0.037452
v -0.007390 -0.054255 0.040022
v -0.007541 -0.054550 0.039769
v -0.006043 -0.054965 0.039364
v -0.012793 -0.052770 0.040875
v -0.010075 -0.053849 0.040453
v -0.009009 -0.054144 0.040165
v -0.020450 -0.048791 -0.040924
v -0.020273 -0.048500 -0.041137
v -0.020272 -0.048498 -0.041139
v -0.020182 -0.048871 0.041331
v -0.020220 -0.048934 0.041266
v -0.020445 -0.048791 0.041255
v -0.020402 -0.048722 0.041307
v -0.020267 -0.048501 0.041472
v -0.020016 -0.048600 0.041500
v -0.020239 -0.048457 0.041481
v -0.044092 -0.028232 0.026803
v -0.042524 -0.029649 0.029109
v -0.042538 -0.029345 0.029314
v -0.032713 -0.038585 0.038255
v -0.038118 -0.033474 -0.034801
v -0.046720 -0.025764 -0.023533
v -0.051592 -0.022561 -0.001870
v -0.051523 -0.022604 -0.000269
v -0.051655 -0.022259 -0.000261
v -0.026808 -0.043745 -0.040225
v -0.021917 -0.047820 -0.040812
v -0.026190 -0.044643 -0.040177
v -0.026607 -0.044289 -0.040061
v -0.051281 -0.022752 -0.007090
v -0.051200 -0.022545 -0.008349
v -0.051121 -0.022853 -0.008301
v -0.051119 -0.022854 -0.008312
v -0.048562 -0.024602 -0.018986
v -0.049534 -0.023652 -0.016224
v -0.049402 -0.024009 -0.016218
v -0.049431 -0.023988 -0.016123
v -0.050025 -0.023569 -0.014165
v -0.050949 -0.022961 -0.009597
v -0.042852 -0.029064 -0.029863
v -0.044910 -0.027517 -0.026709
v -0.046611 -0.026107 -0.023575
v -0.046727 -0.026010 -0.023361
v -0.039868 -0.032107 -0.033114
v -0.042430 -0.029716 -0.030277
v -0.038166 -0.033741 -0.034544
v -0.042743 -0.029439 -0.029827
v -0.042851 -0.029343 -0.029672
v -0.026953 -0.043995 -0.039964
v -0.030377 -0.041084 -0.039007
v -0.032739 -0.038560 -0.038193
v -0.032581 -0.039049 -0.038043
v -0.032846 -0.038804 -0.037927
v -0.033826 -0.037900 -0.037498
v -0.036963 -0.034897 -0.035554
v -0.038002 -0.033898 -0.034681
v -0.028491 -0.042731 0.039855
v -0.026943 -0.043981 0.040226
v -0.026814 -0.043741 0.040509
v -0.026518 -0.044324 0.040327
v -0.024481 -0.045969 0.040815
v -0.038025 -0.033875 0.034286
v -0.037726 -0.034163 0.034544
v -0.037982 -0.033605 0.034530
v -0.035978 -0.035844 0.036052
v -0.032822 -0.038835 0.038019
v -0.032542 -0.039100 0.038193
v -0.032467 -0.039167 0.038224
v -0.042311 -0.029841 0.029421
v -0.041625 -0.030460 0.030430
v -0.038919 -0.033016 0.033515
v -0.050793 -0.023070 0.007894
v -0.050568 -0.023215 0.009450
v -0.050928 -0.022718 0.007805
v -0.049095 -0.023964 0.015595
v -0.049379 -0.024024 0.014419
v -0.049052 -0.024257 0.015516
v -0.049015 -0.024283 0.015640
v -0.048991 -0.024301 0.015710
v -0.048097 -0.024957 0.018350
v -0.046270 -0.026125 0.022872
v -0.046285 -0.026376 0.022691
v -0.046114 -0.026520 0.023011
v -0.051519 -0.022607 -0.000169
v -0.051332 -0.022723 0.004173
v -0.050814 -0.023056 0.007751
v 0.040080 -0.190341 0.037671
v 0.040482 -0.190298 0.037413
v 0.040389 -0.189501 0.037674
v 0.056480 -0.189429 0.020388
v 0.056552 -0.188606 0.020527
v 0.054541 -0.188599 0.024114
v 0.061229 -0.190150 -0.001196
v 0.061016 -0.190377 -0.004281
v 0.061147 -0.189543 -0.004380
v 0.058246 -0.191791 -0.017648
v 0.057257 -0.192174 -0.019901
v 0.057348 -0.191353 -0.020154
v 0.038595 -0.199058 -0.039187
v 0.038365 -0.199144 -0.039269
v 0.038221 -0.198417 -0.039646
v 0.028111 -0.203010 -0.042201
v 0.022170 -0.205167 -0.042817
v 0.021881 -0.204447 -0.043080
v 0.033547 -0.190028 0.040624
v 0.033095 -0.190119 0.040772
v 0.033324 -0.190618 0.040919
v 0.018386 -0.194756 0.043585
v 0.018646 -0.195433 0.043357
v 0.020421 -0.194822 0.043295
v 0.021669 -0.193591 0.043429
v 0.018366 -0.194701 0.043594
v 0.021456 -0.193061 0.043311
v 0.021417 -0.193073 0.043316
v 0.018365 -0.194698 0.043595
v 0.018126 -0.194058 0.043695
v 0.025504 -0.191851 0.042844
v 0.025770 -0.192378 0.042899
v 0.025573 -0.191830 0.042836
v 0.027508 -0.191251 0.042613
v 0.036634 -0.189402 0.039607
v 0.040127 -0.188970 0.037530
v 0.043683 -0.189141 0.035572
v 0.043489 -0.188554 0.035532
v 0.041153 -0.188843 0.036920
v 0.049356 -0.188095 0.030360
v 0.047920 -0.188191 0.031732
v 0.046775 -0.188890 0.033156
v 0.046512 -0.188284 0.033077
v 0.044689 -0.188405 0.034818
v 0.053446 -0.187921 0.025203
v 0.051966 -0.187954 0.027453
v 0.052186 -0.188636 0.027473
v 0.051233 -0.187971 0.028566
v 0.049628 -0.188727 0.030439
v 0.054216 -0.187904 0.024032
v 0.056216 -0.187859 0.020993
v 0.056388 -0.187865 0.020545
v 0.057491 -0.187901 0.017663
v 0.059358 -0.188721 0.013334
v 0.059028 -0.187951 0.013650
v 0.059977 -0.188075 0.009488
v 0.059479 -0.187966 0.012472
v 0.059160 -0.187955 0.013305
v 0.061039 -0.188308 0.003127
v 0.060807 -0.188257 0.004519
v 0.061046 -0.189018 0.004570
v 0.060069 -0.188095 0.008933
v 0.060407 -0.188845 0.008984
v 0.060983 -0.188457 0.001010
v 0.060840 -0.188840 -0.004438
v 0.059836 -0.190314 -0.012685
v 0.059470 -0.189702 -0.012710
v 0.060652 -0.189083 -0.007524
v 0.060773 -0.189019 -0.006994
v 0.058758 -0.190075 -0.015836
v 0.058478 -0.190222 -0.017064
v 0.053563 -0.192205 -0.026715
v 0.054880 -0.191706 -0.024966
v 0.053798 -0.192692 -0.026716
v 0.055484 -0.191457 -0.023639
v 0.057064 -0.190805 -0.020169
v 0.050693 -0.193293 -0.030527
v 0.049965 -0.194098 -0.031533
v 0.049851 -0.193612 -0.031646
v 0.044304 -0.196173 -0.036347
v 0.044115 -0.195701 -0.036385
v 0.044522 -0.195553 -0.036054
v 0.049691 -0.193673 -0.031859
v 0.037995 -0.197889 -0.039631
v 0.043104 -0.196069 -0.037205
v 0.029566 -0.200902 -0.042222
v 0.030958 -0.200404 -0.041885
v 0.031210 -0.201045 -0.041892
v 0.035639 -0.198729 -0.040750
v 0.037329 -0.198126 -0.039947
v 0.030010 -0.202293 -0.041783
v 0.021880 -0.204444 -0.043081
v 0.027343 -0.201698 -0.042761
v 0.021598 -0.203743 -0.043338
v 0.037633 -0.199420 -0.039531
v 0.033449 -0.200994 -0.041027
v 0.031411 -0.201764 -0.041475
v 0.042766 -0.197511 -0.037033
v 0.044350 -0.196929 -0.035929
v 0.049962 -0.194874 -0.031253
v 0.046539 -0.196125 -0.034403
v 0.044684 -0.196806 -0.035696
v 0.053771 -0.193483 -0.026419
v 0.053252 -0.193675 -0.027239
v 0.050746 -0.194588 -0.030297
v 0.056101 -0.192621 -0.022536
v 0.055529 -0.192835 -0.023597
v 0.055374 -0.192893 -0.023883
v 0.058768 -0.191568 -0.015943
v 0.059766 -0.191142 -0.012683
v 0.060835 -0.190570 -0.006910
v 0.060667 -0.190660 -0.007815
v 0.059794 -0.191127 -0.012528
v 0.061157 -0.190057 0.000539
v 0.061004 -0.189854 0.004290
v 0.060184 -0.189645 0.009686
v 0.060294 -0.189674 0.008959
v 0.060303 -0.189676 0.008901
v 0.060959 -0.189843 0.004587
v 0.059218 -0.189551 0.013258
v 0.056638 -0.189429 0.020106
v 0.057912 -0.189477 0.016982
v 0.058798 -0.189510 0.014810
v 0.054107 -0.189423 0.024524
v 0.054359 -0.189418 0.024179
v 0.054493 -0.189419 0.023940
v 0.052113 -0.189459 0.027256
v 0.046774 -0.189710 0.032882
v 0.047969 -0.189622 0.031894
v 0.048742 -0.189588 0.031075
v 0.049596 -0.189550 0.030169
v 0.051322 -0.189474 0.028339
v 0.044123 -0.189905 0.035075
v 0.043745 -0.189945 0.035318
v 0.042134 -0.190119 0.036352
v 0.035610 -0.191005 0.039854
v 0.034646 -0.191194 0.040191
v 0.025999 -0.193136 0.042641
v 0.026664 -0.192971 0.042490
v 0.030664 -0.191976 0.041585
v 0.033484 -0.191422 0.040598
v 0.021929 -0.194362 0.043127
v 0.025701 -0.193211 0.042708
v -0.019897 -0.050530 0.040165
v 0.003226 -0.056997 0.033173
v -0.015732 -0.052788 0.040132
v -0.012820 -0.054013 0.039785
v -0.011378 -0.054620 0.039613
v -0.011188 -0.054678 0.039568
v -0.009181 -0.055287 0.039091
v -0.007398 -0.055828 0.038666
v -0.005691 -0.056216 0.038106
v -0.005489 -0.056248 0.038020
v -0.003349 -0.056579 0.037105
v -0.002001 -0.056788 0.036528
v -0.001889 -0.056795 0.036462
v 0.001526 -0.057010 0.034458
v 0.001543 -0.057011 0.034448
v 0.002729 -0.057019 0.033601
v 0.005913 -0.056877 0.030856
v 0.007380 -0.056711 0.029200
v 0.008467 -0.056588 0.027974
v 0.008748 -0.056556 0.027655
v 0.010328 -0.056305 0.025443
v 0.011883 -0.055997 0.022706
v 0.012422 -0.055890 0.021757
v 0.012643 -0.055847 0.021368
v 0.014503 -0.055408 0.016933
v 0.014918 -0.055298 0.015474
v 0.015121 -0.055243 0.014761
v 0.016131 -0.054974 0.011213
v 0.016708 -0.054812 0.007731
v 0.016781 -0.054792 0.007291
v 0.017023 -0.054723 0.005831
v 0.017375 -0.054621 0.000270
v 0.017365 -0.054624 -0.000035
v 0.017352 -0.054628 -0.000414
v 0.017188 -0.054675 -0.005156
v 0.016842 -0.054774 -0.007690
v 0.016789 -0.054789 -0.008076
v 0.016418 -0.054895 -0.010785
v 0.015251 -0.055212 -0.015413
v 0.015244 -0.055214 -0.015441
v 0.015059 -0.055264 -0.016173
v 0.012150 -0.055955 -0.023109
v 0.012550 -0.055862 -0.022237
v 0.014174 -0.055486 -0.018697
v 0.012119 -0.055961 -0.023175
v 0.010202 -0.056316 -0.026211
v 0.011962 -0.054783 -0.025707
v 0.009576 -0.056432 -0.027201
v 0.008686 -0.056546 -0.028244
v 0.007885 -0.056649 -0.029183
v 0.006634 -0.056810 -0.030649
v 0.005122 -0.056903 -0.031973
v 0.003596 -0.056997 -0.033310
v 0.003434 -0.057007 -0.033451
v 0.001968 -0.057020 -0.034491
v 0.001964 -0.057020 -0.034493
v -0.001524 -0.056838 -0.036486
v -0.001616 -0.056824 -0.036523
v -0.002953 -0.056631 -0.037071
v -0.005261 -0.056297 -0.038016
v -0.005399 -0.056267 -0.038058
v -0.007238 -0.055867 -0.038618
v -0.009148 -0.055300 -0.039025
v -0.010884 -0.054784 -0.039396
v -0.011113 -0.054716 -0.039444
v -0.012759 -0.054045 -0.039619
v -0.014997 -0.053133 -0.039857
v -0.015718 -0.052794 -0.039892
v -0.019902 -0.050527 -0.039857
v 0.055274 -0.194499 -0.022925
v 0.042617 -0.193333 0.034924
v 0.027841 -0.196668 0.040893
v 0.019028 -0.196426 0.042960
v 0.020042 -0.199086 0.041513
v 0.020044 -0.199090 0.041511
v 0.035486 -0.194716 0.038640
v 0.048878 -0.192432 0.029824
v 0.053961 -0.191892 0.023527
v 0.057673 -0.191618 0.016315
v 0.059954 -0.191582 0.008514
v 0.060350 -0.192330 -0.007668
v 0.060834 -0.191804 0.000433
v 0.058507 -0.193211 -0.015548
v 0.050648 -0.196232 -0.029440
v 0.044749 -0.198403 -0.034716
v 0.037883 -0.200948 -0.038515
v 0.030456 -0.203757 -0.040847
v 0.022700 -0.206466 -0.041602
v 0.023531 -0.208506 -0.039581
v 0.023530 -0.208505 -0.039583
v 0.023485 -0.208389 -0.039804
v 0.022701 -0.206468 -0.041600
v 0.031065 -0.209965 -0.031277
v 0.029182 -0.210651 -0.031706
v 0.031105 -0.207843 -0.035598
v 0.024963 -0.212186 -0.032022
v 0.024669 -0.211412 -0.034064
v 0.028124 -0.211036 0.031800
v 0.029819 -0.210419 0.031558
v 0.030072 -0.205121 0.035467
v 0.024963 -0.212186 0.031978
v 0.021837 -0.203794 0.038953
v 0.023158 -0.207339 0.036006
v 0.023159 -0.207341 0.036005
v 0.021590 -0.203144 0.039307
v 0.059761 -0.194539 0.000287
v 0.058942 -0.194434 0.007881
v 0.056808 -0.194648 0.015210
v 0.053356 -0.195157 0.021993
v 0.048647 -0.195971 0.027944
v 0.042842 -0.197134 0.032806
v 0.036189 -0.198701 0.036391
v 0.028987 -0.200719 0.038592
v 0.021591 -0.203147 0.039305
v 0.024207 -0.210232 -0.036305
v 0.030888 -0.205788 -0.038711
v 0.037931 -0.203109 -0.036413
v 0.044412 -0.200719 -0.032744
v 0.049988 -0.198684 -0.027745
v 0.054389 -0.197044 -0.021629
v 0.057495 -0.195817 -0.014717
v 0.059281 -0.194991 -0.007324
v 0.054438 -0.201458 -0.006089
v 0.057400 -0.198047 -0.006810
v 0.054937 -0.201276 -0.002597
v 0.057904 -0.197701 0.000139
v 0.054963 -0.201267 -0.000021
v 0.055683 -0.198780 -0.013545
v 0.052444 -0.202183 -0.013013
v 0.052762 -0.199902 -0.019828
v 0.050459 -0.202906 -0.016988
v 0.054301 -0.201508 -0.007047
v 0.053878 -0.201661 -0.008809
v 0.052808 -0.202051 -0.011945
v 0.050190 -0.203004 -0.017417
v 0.049513 -0.203250 -0.018499
v 0.048684 -0.201402 -0.025398
v 0.046852 -0.204219 -0.021962
v 0.046555 -0.204327 -0.022253
v 0.043566 -0.203248 -0.029997
v 0.043741 -0.205351 -0.025014
v 0.037617 -0.205406 -0.033430
v 0.036839 -0.207864 -0.029334
v 0.034913 -0.208565 -0.030219
v 0.033292 -0.209155 -0.030770
v 0.042385 -0.205845 -0.026103
v 0.042074 -0.205958 -0.026305
v 0.038797 -0.207151 -0.028434
v 0.036676 -0.203073 0.033365
v 0.037848 -0.207496 0.028890
v 0.042709 -0.201347 0.029985
v 0.039366 -0.206944 0.028067
v 0.031066 -0.209965 0.031244
v 0.033908 -0.208930 0.030528
v 0.036848 -0.207860 0.029306
v 0.047936 -0.199945 0.025463
v 0.046564 -0.204324 0.022220
v 0.047290 -0.204059 0.021411
v 0.052168 -0.198872 0.019985
v 0.054048 -0.201600 0.008105
v 0.057194 -0.197734 0.007077
v 0.052835 -0.202041 0.011912
v 0.055276 -0.198131 0.013774
v 0.052699 -0.202091 0.012340
v 0.049881 -0.203116 0.017888
v 0.050168 -0.203012 0.017360
v 0.051997 -0.202346 0.013990
v 0.042057 -0.205964 0.026233
v 0.042907 -0.205655 0.025654
v 0.046116 -0.204487 0.022720
v 0.054414 -0.201466 0.006038
v 0.054832 -0.201314 0.003681
v 0.054982 -0.201260 0.001875
v -0.004512 -0.222915 -0.006085
v -0.005010 -0.223096 -0.002597
v -0.005036 -0.223106 -0.000024
v -0.004374 -0.222865 -0.007047
v -0.003952 -0.222711 -0.008809
v -0.002885 -0.222323 -0.011936
v 0.007843 -0.218418 0.026215
v -0.002071 -0.222027 0.013990
v -0.002772 -0.222282 0.012340
v -0.002913 -0.222333 0.011898
v -0.004122 -0.222773 0.008105
v -0.004489 -0.222907 0.006030
v -0.002518 -0.222189 -0.013013
v -0.000533 -0.221467 -0.016988
v -0.000272 -0.221372 -0.017404
v 0.000413 -0.221122 -0.018499
v 0.003075 -0.220154 -0.021962
v 0.003355 -0.220051 -0.022237
v 0.006185 -0.219021 -0.025014
v 0.007541 -0.218528 -0.026103
v 0.007829 -0.218423 -0.026290
v 0.003810 -0.219886 0.022720
v 0.003345 -0.220055 0.022200
v 0.002636 -0.220313 0.021411
v -0.004906 -0.223058 0.003681
v -0.005055 -0.223113 0.001875
v 0.016018 -0.215442 0.030528
v 0.013043 -0.216525 0.029291
v 0.007020 -0.218718 0.025654
v 0.000045 -0.221256 0.017888
v -0.000251 -0.221364 0.017342
v 0.011130 -0.217222 -0.028434
v 0.013056 -0.216520 -0.029319
v 0.015014 -0.215808 -0.030219
v 0.018817 -0.214424 0.031233
v 0.021802 -0.213337 0.031800
v 0.020108 -0.213954 0.031558
v 0.012079 -0.216876 0.028890
v 0.010560 -0.217429 0.028067
v 0.016635 -0.215218 -0.030770
v 0.018821 -0.214422 -0.031268
v 0.020744 -0.213722 -0.031706
v -0.024088 -0.047762 0.039740
v -0.022926 -0.048530 0.039857
v -0.033113 -0.040305 0.036639
v -0.032558 -0.040815 0.036963
v -0.032252 -0.041083 0.037096
v -0.028971 -0.043951 0.038519
v -0.028131 -0.044617 0.038744
v -0.026383 -0.046003 0.039211
v -0.025060 -0.047052 0.039565
v -0.041885 -0.032030 0.028475
v -0.040044 -0.033758 0.030909
v -0.039748 -0.034040 0.031209
v -0.037450 -0.036232 0.033533
v -0.037306 -0.036369 0.033679
v -0.034691 -0.038842 0.035648
v -0.034273 -0.039237 0.035963
v -0.044821 -0.029352 0.023735
v -0.043630 -0.030429 0.025762
v -0.042108 -0.031820 0.028179
v -0.042563 -0.031393 0.027578
v -0.048225 -0.026525 0.015190
v -0.047520 -0.027073 0.017503
v -0.046777 -0.027679 0.019462
v -0.046695 -0.027749 0.019643
v -0.045495 -0.028775 0.022263
v -0.050053 -0.025150 0.007569
v -0.049022 -0.025905 0.012573
v -0.048885 -0.026011 0.013024
v -0.050731 -0.024675 -0.000897
v -0.050748 -0.024663 -0.000362
v -0.050751 -0.024661 -0.000278
v -0.050415 -0.024893 0.004957
v -0.050083 -0.025128 0.007424
v -0.050258 -0.025004 0.006124
v -0.050583 -0.024778 -0.005457
v -0.050279 -0.024992 -0.007877
v -0.050232 -0.025025 -0.008256
v -0.050011 -0.025180 -0.010018
v -0.048989 -0.025929 -0.014680
v -0.048614 -0.026220 -0.015850
v -0.047586 -0.027020 -0.019056
v -0.046737 -0.027724 -0.021014
v -0.045897 -0.028421 -0.022952
v -0.045821 -0.028484 -0.023126
v -0.039733 -0.034057 -0.031754
v -0.041023 -0.032831 -0.030429
v -0.042061 -0.031867 -0.029067
v -0.042156 -0.031779 -0.028943
v -0.043412 -0.030614 -0.027296
v -0.043706 -0.030353 -0.026796
v -0.045535 -0.028730 -0.023691
v -0.032323 -0.041027 -0.037007
v -0.033133 -0.040276 -0.036554
v -0.034655 -0.038865 -0.035704
v -0.035763 -0.037838 -0.035084
v -0.037421 -0.036257 -0.033784
v -0.038836 -0.034909 -0.032675
v -0.026298 -0.046064 -0.038954
v -0.027508 -0.045155 -0.038718
v -0.028170 -0.044592 -0.038494
v -0.031506 -0.041759 -0.037368
v -0.032186 -0.041149 -0.037067
v -0.021236 -0.049699 -0.039766
v -0.022953 -0.048551 -0.039579
v -0.023293 -0.048324 -0.039541
v 0.057668 -0.187313 0.016503
v 0.057202 -0.187301 0.017532
v 0.057536 -0.187532 0.017672
v 0.021492 -0.203449 -0.043320
v 0.021478 -0.203409 -0.043317
v 0.029454 -0.200508 -0.042344
v 0.021538 -0.203576 -0.043328
v 0.029529 -0.200695 -0.042380
v 0.025435 -0.191548 0.042986
v 0.033546 -0.189687 0.040822
v 0.017993 -0.193692 0.043615
v 0.021270 -0.192544 0.043439
v 0.017859 -0.193326 0.043331
v 0.017925 -0.193505 0.043486
v 0.017975 -0.193641 0.043604
v 0.017979 -0.193653 0.043607
v 0.025294 -0.191155 0.042777
v 0.025223 -0.191043 0.042545
v 0.023410 -0.191529 0.042888
v 0.060677 -0.187913 0.000144
v 0.060826 -0.187964 0.000967
v 0.060383 -0.188327 -0.005811
v 0.060350 -0.188572 -0.007536
v 0.060103 -0.188485 -0.007468
v 0.055171 -0.190795 -0.023599
v 0.054889 -0.190712 -0.023461
v 0.054892 -0.190711 -0.023456
v 0.055767 -0.190383 -0.021939
v 0.056714 -0.190008 -0.019672
v 0.058476 -0.189487 -0.015819
v 0.057974 -0.189511 -0.016656
v 0.058232 -0.189397 -0.015757
v 0.058237 -0.189395 -0.015738
v 0.059376 -0.188896 -0.011777
v 0.060097 -0.188489 -0.007507
v 0.053202 -0.191346 -0.026389
v 0.050397 -0.192567 -0.030486
v 0.050184 -0.192457 -0.030339
v 0.044052 -0.194696 -0.035811
v 0.044054 -0.194695 -0.035809
v 0.044254 -0.194814 -0.036030
v 0.046988 -0.193624 -0.033547
v 0.029462 -0.200128 -0.042109
v 0.029376 -0.200337 -0.042264
v 0.029312 -0.200183 -0.042132
v 0.029297 -0.200189 -0.042134
v 0.033182 -0.198720 -0.041083
v 0.034380 -0.198267 -0.040753
v 0.037093 -0.197446 -0.039940
v 0.036941 -0.197315 -0.039683
v 0.036946 -0.197314 -0.039681
v 0.039405 -0.196400 -0.038655
v 0.043322 -0.194963 -0.036374
v 0.021389 -0.203177 -0.043195
v 0.021363 -0.203111 -0.043161
v 0.023810 -0.202235 -0.042979
v 0.021421 -0.203260 -0.043239
v 0.061073 -0.188250 0.000991
v 0.060624 -0.188878 -0.007545
v 0.055507 -0.191176 -0.023701
v 0.058786 -0.189827 -0.015869
v 0.044541 -0.195254 -0.036213
v 0.050728 -0.192987 -0.030640
v 0.037311 -0.197866 -0.040107
v 0.037209 -0.197640 -0.040055
v 0.044413 -0.195010 -0.036156
v 0.050584 -0.192750 -0.030591
v 0.055362 -0.190961 -0.023667
v 0.058651 -0.189637 -0.015854
v 0.060505 -0.188709 -0.007544
v 0.060965 -0.188094 0.000978
v 0.025365 -0.191337 0.042909
v 0.033474 -0.189469 0.040734
v 0.047953 -0.187716 0.031795
v 0.041148 -0.188307 0.037020
v 0.048043 -0.187916 0.031878
v 0.041228 -0.188522 0.037111
v 0.058964 -0.187606 0.013631
v 0.060003 -0.187720 0.009474
v 0.053596 -0.187689 0.025303
v 0.053499 -0.187509 0.025239
v 0.033242 -0.189170 0.040414
v 0.033053 -0.189202 0.040495
v 0.033388 -0.189287 0.040592
v 0.028049 -0.190286 0.042009
v 0.025235 -0.191040 0.042542
v 0.040888 -0.188037 0.036640
v 0.040797 -0.188049 0.036693
v 0.041044 -0.188133 0.036881
v 0.037490 -0.188457 0.038597
v 0.033291 -0.189162 0.040393
v 0.047832 -0.187555 0.031678
v 0.046275 -0.187529 0.032807
v 0.042257 -0.187868 0.035852
v 0.052901 -0.187260 0.025503
v 0.053115 -0.187260 0.025153
v 0.053188 -0.187260 0.025034
v 0.049869 -0.187340 0.029301
v 0.047636 -0.187458 0.031479
v 0.047541 -0.187463 0.031572
v 0.058592 -0.187383 0.013513
v 0.059351 -0.187441 0.011057
v 0.059638 -0.187497 0.009482
v 0.057154 -0.187299 0.017638
v 0.055566 -0.187256 0.021148
v 0.055345 -0.187257 0.021509
v 0.021152 -0.192260 0.043068
v 0.060623 -0.187872 0.000954
v 0.060619 -0.187869 0.001016
v 0.060298 -0.187626 0.005845
v 0.059653 -0.187500 0.009397
v -0.003186 -0.130616 -0.043860
v -0.004689 -0.125738 -0.043755
v 0.000039 -0.124014 -0.043426
v -0.013241 -0.093914 -0.042483
v -0.014446 -0.087688 -0.042127
v -0.005349 -0.104971 -0.042717
v -0.015347 -0.083098 0.041221
v -0.014526 -0.087664 0.041325
v -0.005950 -0.084668 0.040252
v -0.014120 -0.089919 0.041376
v -0.009952 -0.106625 0.041598
v -0.001360 -0.103591 0.040474
v -0.007680 -0.115729 0.041719
v -0.004641 -0.125710 0.041823
v 0.004003 -0.122630 0.040669
v 0.040208 -0.194696 -0.035628
v 0.037846 -0.195557 -0.037017
v 0.031634 -0.177232 -0.038567
v 0.025701 -0.199979 -0.041465
v 0.025565 -0.200029 -0.041481
v 0.019220 -0.181921 -0.042947
v 0.032164 -0.197628 -0.039691
v 0.030004 -0.198413 -0.040340
v 0.023736 -0.180223 -0.041919
v 0.028441 -0.198982 -0.040810
v 0.027516 -0.199319 -0.041088
v 0.036736 -0.195962 -0.037670
v 0.035736 -0.196326 -0.038115
v 0.032243 -0.197598 -0.039667
v 0.042399 -0.193895 -0.033981
v 0.038136 -0.174781 -0.033900
v 0.044172 -0.193247 -0.032647
v 0.049601 -0.191246 -0.026944
v 0.048228 -0.191755 -0.028607
v 0.043355 -0.172848 -0.028245
v 0.047732 -0.191939 -0.029207
v 0.044363 -0.193176 -0.032462
v 0.053664 -0.189709 -0.020726
v 0.053168 -0.189904 -0.021732
v 0.047376 -0.171400 -0.021825
v 0.052929 -0.189994 -0.022097
v 0.050391 -0.190953 -0.025987
v 0.050252 -0.170402 -0.014813
v 0.055425 -0.189019 -0.017155
v 0.054767 -0.189277 -0.018489
v 0.056753 -0.188465 -0.013584
v 0.056616 -0.188522 -0.013952
v 0.056324 -0.188644 -0.014737
v 0.045085 -0.150610 -0.007857
v 0.058329 -0.187681 -0.006731
v 0.058316 -0.187690 -0.006826
v 0.058088 -0.187838 -0.008459
v 0.058929 -0.187064 0.001344
v 0.058964 -0.187095 0.000729
v 0.045663 -0.150452 -0.000076
v 0.058975 -0.187105 0.000530
v 0.058822 -0.187361 -0.003210
v 0.058680 -0.186843 0.005710
v 0.045128 -0.150692 0.007715
v 0.058238 -0.186759 0.008245
v 0.043440 -0.151340 0.015273
v 0.057800 -0.186676 0.010750
v 0.058018 -0.186717 0.009504
v 0.054417 -0.186563 0.020003
v 0.055576 -0.186577 0.017339
v 0.056401 -0.186588 0.015441
v 0.051660 -0.186614 0.024556
v 0.040548 -0.152410 0.022348
v 0.049009 -0.186717 0.027982
v 0.036401 -0.153921 0.028692
v 0.048198 -0.186767 0.028797
v 0.051913 -0.186604 0.024230
v 0.052923 -0.186587 0.022525
v 0.053800 -0.186573 0.021044
v 0.030969 -0.155889 0.034071
v 0.045501 -0.186935 0.031507
v 0.046261 -0.186887 0.030744
v 0.039756 -0.187500 0.035718
v 0.041594 -0.187286 0.034559
v 0.042107 -0.187240 0.034158
v 0.016402 -0.161158 0.041049
v 0.026453 -0.189927 0.041108
v 0.026713 -0.189856 0.041062
v 0.032434 -0.188642 0.039254
v 0.034288 -0.188284 0.038579
v 0.024269 -0.158310 0.038263
v 0.034774 -0.188212 0.038335
v 0.038831 -0.187608 0.036301
v 0.029542 -0.189200 0.040307
v 0.012847 -0.178874 0.042164
v 0.017574 -0.192586 0.042216
v 0.021786 -0.191207 0.041924
v 0.007818 -0.164284 0.042109
v 0.024711 -0.190405 0.041412
v -0.003152 -0.130597 0.041874
v 0.001720 -0.146598 0.042041
v 0.004500 -0.154661 0.042072
v -0.009915 -0.106772 0.041600
v -0.017475 -0.071270 0.040950
v -0.002185 -0.063412 0.037284
v -0.009583 -0.065783 0.039906
v -0.017939 -0.068691 0.040891
v -0.018095 -0.067824 0.040871
v -0.018973 -0.059402 0.040527
v 0.004044 -0.061424 0.033250
v 0.009070 -0.059741 0.028009
v 0.012906 -0.058355 0.021777
v 0.015592 -0.057290 0.014789
v 0.017173 -0.056585 0.007302
v 0.017690 -0.056274 -0.000415
v 0.017167 -0.056378 -0.008089
v 0.015603 -0.056902 -0.015457
v 0.012976 -0.057838 -0.022276
v 0.009239 -0.059173 -0.028328
v 0.004331 -0.060897 -0.033421
v -0.001817 -0.063025 -0.037373
v -0.009263 -0.065607 -0.039992
v -0.018897 -0.059415 -0.040426
v -0.017845 -0.068717 -0.041021
v -0.017461 -0.072110 -0.041238
v -0.005549 -0.084477 -0.040962
v -0.015328 -0.083132 -0.041867
v -0.000882 -0.103378 -0.041823
v -0.006782 -0.118946 -0.043608
v -0.009915 -0.106804 -0.043062
v -0.009953 -0.106658 -0.043056
v 0.001234 -0.144957 -0.044170
v 0.007720 -0.164269 -0.043888
v 0.004432 -0.154653 -0.044104
v 0.006049 -0.143195 -0.043802
v 0.002301 -0.148417 -0.044244
v 0.020805 -0.201762 -0.042043
v 0.014379 -0.183718 -0.043409
v 0.014101 -0.182938 -0.043469
v 0.006346 -0.101028 0.037690
v 0.011782 -0.119963 0.037870
v 0.012798 -0.098893 0.033522
v 0.018322 -0.117730 0.033686
v 0.017966 -0.097131 0.028184
v 0.023575 -0.115901 0.028329
v 0.021880 -0.095726 0.021886
v 0.027560 -0.114466 0.022007
v 0.024600 -0.094682 0.014850
v 0.030331 -0.113420 0.014945
v 0.026196 -0.094012 0.007319
v 0.031957 -0.112762 0.007385
v 0.026723 -0.093730 -0.000450
v 0.032492 -0.112494 -0.000420
v 0.026213 -0.093844 -0.008199
v 0.031973 -0.112621 -0.008215
v 0.024666 -0.094361 -0.015685
v 0.030401 -0.113148 -0.015761
v 0.022044 -0.095287 -0.022682
v 0.027741 -0.114084 -0.022840
v 0.018278 -0.096627 -0.028993
v 0.023927 -0.115446 -0.029258
v 0.013272 -0.098397 -0.034430
v 0.018864 -0.117259 -0.034827
v 0.004558 -0.122384 -0.042489
v 0.012443 -0.119557 -0.039334
v 0.008383 -0.079639 -0.033928
v 0.013339 -0.077900 -0.028650
v 0.017079 -0.076570 -0.022465
v 0.019690 -0.075646 -0.015559
v 0.021233 -0.075129 -0.008138
v 0.021745 -0.075023 -0.000433
v 0.021225 -0.075321 0.007303
v 0.019646 -0.076008 0.014807
v 0.016955 -0.077058 0.021819
v 0.013091 -0.078445 0.028091
v 0.007996 -0.080156 0.033395
v 0.001641 -0.082206 0.037521
v 0.006919 -0.100630 -0.038795
v 0.002116 -0.081812 -0.038109
v 0.012705 -0.178853 -0.043560
v 0.012502 -0.162513 -0.043700
v 0.017052 -0.160829 -0.042705
v 0.024994 -0.157876 -0.039393
v 0.031495 -0.155465 -0.034722
v 0.036671 -0.153567 -0.029023
v 0.040618 -0.152147 -0.022522
v 0.043407 -0.151170 -0.015406
v 0.010596 -0.141535 -0.042835
v 0.018529 -0.138637 -0.039589
v 0.004392 -0.201864 0.040870
v 0.003460 -0.202440 0.040337
v 0.005273 -0.205783 0.038784
v -0.002481 -0.206109 0.036941
v -0.002978 -0.206469 0.036444
v -0.001046 -0.209392 0.034981
v 0.014242 -0.207974 -0.042333
v 0.014907 -0.209487 -0.041299
v 0.014119 -0.208018 -0.042326
v 0.013015 -0.208409 -0.042258
v 0.007339 -0.212281 -0.039173
v 0.006639 -0.210681 -0.040365
v -0.000810 -0.213356 -0.036423
v -0.000023 -0.213074 -0.036883
v 0.000389 -0.214845 -0.035396
v 0.005190 -0.211198 -0.039935
v 0.006330 -0.210791 -0.040274
v -0.005586 -0.216996 -0.030078
v -0.006929 -0.215567 -0.030984
v -0.005627 -0.215096 -0.032271
v -0.002327 -0.213902 -0.035534
v -0.012827 -0.217671 -0.022389
v -0.011695 -0.217269 -0.024199
v -0.010286 -0.218600 -0.023497
v -0.010079 -0.216695 -0.026784
v -0.008302 -0.216064 -0.029626
v -0.015446 -0.220008 -0.008057
v -0.016882 -0.218813 -0.008268
v -0.013570 -0.219598 -0.016032
v -0.016073 -0.218678 -0.012959
v -0.015874 -0.218645 -0.014112
v -0.014998 -0.218365 -0.016492
v -0.013597 -0.217917 -0.020295
v -0.016940 -0.217725 0.008479
v -0.017482 -0.218276 0.005315
v -0.015349 -0.219153 0.008243
v -0.017481 -0.218352 0.004095
v -0.016009 -0.219868 0.000118
v -0.017476 -0.218598 0.000151
v -0.017469 -0.218910 -0.004867
v -0.015287 -0.216116 0.016689
v -0.015744 -0.216511 0.015454
v -0.013514 -0.217762 0.016078
v -0.016190 -0.216964 0.012849
v -0.016931 -0.217716 0.008532
v -0.012222 -0.213480 0.024761
v -0.012411 -0.213631 0.024456
v -0.010512 -0.215619 0.023352
v -0.013690 -0.214736 0.021002
v -0.015179 -0.216023 0.016979
v -0.010176 -0.211837 0.028068
v -0.006345 -0.212766 0.029755
v -0.008335 -0.210359 0.031043
v -0.003345 -0.206735 0.036077
v -0.005809 -0.208523 0.033610
v -0.008272 -0.210309 0.031146
v -0.000536 -0.204908 0.038053
v 0.012199 -0.197983 0.042955
v 0.012400 -0.202262 0.041027
v 0.012138 -0.198007 0.042951
v 0.010781 -0.198683 0.042586
v 0.005501 -0.201312 0.041168
v 0.017337 -0.212921 -0.035762
v 0.016051 -0.211279 -0.039029
v 0.008900 -0.213960 -0.036901
v 0.002366 -0.216416 -0.033254
v -0.003265 -0.218445 -0.028220
v -0.007736 -0.219933 -0.022048
v -0.010896 -0.220854 -0.015064
v -0.012716 -0.221257 -0.007596
v -0.013251 -0.221207 0.000072
v -0.012574 -0.220687 0.007696
v -0.010736 -0.219594 0.015046
v -0.007766 -0.217840 0.021869
v -0.003686 -0.215450 0.027891
v 0.001447 -0.212568 0.032839
v 0.007507 -0.209383 0.036485
v 0.014287 -0.206117 0.038681
v -0.009023 -0.222014 0.006979
v -0.009672 -0.222334 0.000027
v -0.007245 -0.221211 0.013684
v -0.004380 -0.219858 0.019912
v -0.000477 -0.217975 0.025427
v 0.004388 -0.215656 0.029992
v 0.016405 -0.210166 0.035508
v 0.010078 -0.213008 0.033405
v 0.004817 -0.217629 -0.030270
v 0.010775 -0.215384 -0.033690
v -0.000323 -0.219488 -0.025651
v -0.004443 -0.220877 -0.020049
v -0.007403 -0.221785 -0.013726
v -0.009144 -0.222254 -0.006950
v 0.003966 -0.182104 0.041529
v -0.004413 -0.157912 0.041426
v -0.012370 -0.160815 0.038955
v -0.053210 -0.084714 -0.008558
v -0.051583 -0.096637 -0.008681
v -0.052272 -0.096885 -0.000706
v -0.051395 -0.084045 -0.016112
v -0.049772 -0.095967 -0.016348
v -0.047634 -0.107859 -0.016538
v -0.045063 -0.119756 -0.016680
v -0.046855 -0.120429 -0.008840
v -0.025967 -0.074448 -0.040481
v -0.024043 -0.086324 -0.041176
v -0.031432 -0.089086 -0.038768
v -0.018843 -0.110050 -0.042360
v -0.012112 -0.133870 0.041192
v -0.027344 -0.062500 0.039757
v -0.034857 -0.040976 0.035840
v -0.044066 -0.032566 0.025963
v 0.018429 -0.202626 -0.042100
v 0.016204 -0.203436 -0.041943
v 0.008045 -0.180552 -0.043543
v 0.013372 -0.194185 0.042086
v 0.008912 -0.196147 0.041434
v 0.009003 -0.196106 0.041447
v 0.009886 -0.195718 0.041577
v 0.001529 -0.200074 0.038866
v 0.001903 -0.199844 0.039079
v -0.003969 -0.184988 0.039018
v 0.002732 -0.199379 0.039424
v 0.004710 -0.198268 0.040247
v -0.001822 -0.202138 0.036951
v -0.010772 -0.187462 0.034925
v -0.003534 -0.203294 0.035604
v -0.016327 -0.189483 0.029482
v -0.008749 -0.207034 0.030326
v -0.007285 -0.205923 0.032190
v -0.006310 -0.205220 0.033171
v -0.005173 -0.204402 0.034314
v -0.004672 -0.204063 0.034709
v -0.012840 -0.210257 0.023841
v -0.012436 -0.209925 0.024677
v -0.020601 -0.191037 0.022943
v -0.010064 -0.208033 0.028651
v -0.009614 -0.207691 0.029225
v -0.015678 -0.212666 0.016394
v -0.015316 -0.212341 0.017739
v -0.023613 -0.192122 0.015578
v -0.013504 -0.210805 0.022463
v -0.013392 -0.210712 0.022697
v -0.025400 -0.192748 0.007666
v -0.017489 -0.214390 0.007516
v -0.017382 -0.214270 0.008402
v -0.017174 -0.214037 0.010120
v -0.016677 -0.213559 0.012687
v -0.015962 -0.212920 0.015340
v -0.017846 -0.214791 0.004563
v -0.025997 -0.192926 -0.000510
v -0.017958 -0.215122 0.000139
v -0.017332 -0.215274 -0.008160
v -0.017770 -0.215321 -0.004992
v -0.025424 -0.192667 -0.008673
v -0.017989 -0.215212 -0.001067
v -0.017975 -0.215172 -0.000530
v -0.015493 -0.214815 -0.016215
v -0.015838 -0.214924 -0.015248
v -0.023677 -0.191977 -0.016554
v -0.017046 -0.215242 -0.010229
v -0.017281 -0.215268 -0.008527
v -0.012217 -0.213723 -0.023841
v -0.012491 -0.213819 -0.023332
v -0.020728 -0.190862 -0.023895
v -0.013498 -0.214168 -0.021461
v -0.014073 -0.214362 -0.020164
v -0.014135 -0.214383 -0.020025
v -0.015477 -0.214810 -0.016261
v -0.011253 -0.213389 -0.025631
v -0.016539 -0.189321 -0.030450
v -0.008577 -0.212435 -0.029410
v -0.011072 -0.187354 -0.035975
v -0.003386 -0.210563 -0.034589
v -0.006750 -0.211778 -0.031495
v -0.007584 -0.212078 -0.030543
v -0.008327 -0.212346 -0.029695
v 0.002807 -0.208313 -0.038516
v 0.000320 -0.209217 -0.037166
v -0.007856 -0.186209 -0.038272
v -0.001568 -0.209903 -0.035853
v -0.002838 -0.210364 -0.034970
v 0.003649 -0.182128 -0.042893
v 0.007717 -0.206526 -0.040427
v -0.000482 -0.183597 -0.041769
v 0.007136 -0.206737 -0.040278
v 0.005417 -0.207363 -0.039578
v 0.013564 -0.204398 -0.041756
v 0.012983 -0.204610 -0.041662
v 0.011700 -0.205077 -0.041453
v -0.027345 -0.062521 -0.039732
v -0.028092 -0.050503 -0.038935
v -0.035008 -0.053154 -0.036686
v -0.040581 -0.043167 -0.032325
v -0.045422 -0.045043 -0.027551
v -0.044067 -0.032516 -0.026920
v -0.047878 -0.034002 -0.021278
v -0.050694 -0.035098 -0.014879
v -0.052432 -0.035770 -0.007963
v -0.053029 -0.036000 -0.000770
v -0.052457 -0.035781 0.006459
v -0.050731 -0.035120 0.013484
v -0.047907 -0.034039 0.020065
v -0.045639 -0.045109 0.026826
v -0.040728 -0.043229 0.031932
v -0.028069 -0.050496 0.039158
v -0.035140 -0.053190 0.036647
v -0.025971 -0.074419 0.040184
v -0.024038 -0.086292 0.040491
v -0.018789 -0.110021 0.040900
v -0.026455 -0.112846 -0.039824
v -0.035496 -0.103324 -0.035353
v -0.032873 -0.115215 -0.035757
v -0.038097 -0.117153 -0.030389
v -0.033221 -0.077184 -0.038130
v -0.037689 -0.091436 -0.034870
v -0.040678 -0.105259 -0.030075
v -0.042151 -0.118665 -0.023950
v -0.034442 -0.065222 -0.037434
v -0.039382 -0.079519 -0.034317
v -0.042826 -0.093367 -0.029688
v -0.044718 -0.106770 -0.023724
v -0.046852 -0.094877 -0.023435
v -0.044467 -0.081444 -0.029233
v -0.040492 -0.067534 -0.033703
v -0.048475 -0.082954 -0.023088
v -0.049494 -0.070957 -0.022688
v -0.045513 -0.069449 -0.028719
v -0.045866 -0.057334 -0.028155
v -0.040926 -0.055435 -0.033036
v -0.034819 -0.040932 -0.035892
v -0.052407 -0.072050 -0.015836
v -0.049807 -0.058839 -0.022244
v -0.047531 -0.120684 -0.000705
v -0.051820 -0.096705 0.007296
v -0.047076 -0.120515 0.007438
v -0.029324 -0.101010 0.038229
v -0.026579 -0.112900 0.038423
v -0.035869 -0.103446 0.034201
v -0.033195 -0.115351 0.034397
v -0.041179 -0.105427 0.028857
v -0.038550 -0.117339 0.029041
v -0.045235 -0.106943 0.022431
v -0.042629 -0.118857 0.022590
v -0.048054 -0.107999 0.015179
v -0.045457 -0.119911 0.015298
v -0.050200 -0.096090 0.015037
v -0.047383 -0.095029 0.022239
v -0.043349 -0.093514 0.028630
v -0.038091 -0.091543 0.033958
v -0.031631 -0.089126 0.037987
v -0.049306 -0.046541 -0.021769
v -0.052703 -0.059933 -0.015529
v -0.054221 -0.072720 -0.008412
v -0.053899 -0.084958 -0.000692
v -0.053439 -0.084772 0.007209
v -0.051808 -0.084149 0.014865
v -0.048991 -0.083083 0.021998
v -0.044980 -0.081570 0.028343
v -0.039783 -0.079612 0.033646
v -0.033427 -0.077219 0.037668
v -0.034628 -0.065254 0.037237
v -0.040855 -0.067613 0.033233
v -0.045977 -0.069554 0.027970
v -0.049960 -0.071063 0.021690
v -0.052779 -0.072134 0.014646
v -0.054426 -0.072766 0.007100
v -0.054902 -0.072960 -0.000677
v -0.054504 -0.060603 -0.008254
v -0.052170 -0.047635 -0.015205
v -0.049538 -0.046598 0.020761
v -0.052361 -0.047677 0.013985
v -0.054053 -0.048328 0.006748
v -0.054583 -0.048539 -0.000697
v -0.041207 -0.055503 0.032678
v -0.046235 -0.057418 0.027478
v -0.050181 -0.058920 0.021289
v -0.053003 -0.059995 0.014362
v -0.054670 -0.060637 0.006953
v -0.055168 -0.060839 -0.000673
v -0.053947 -0.048306 -0.008098
v -0.000254 -0.156355 -0.044086
v -0.019208 -0.163147 -0.036393
v -0.012538 -0.160754 -0.040683
v -0.004322 -0.184957 -0.040216
v -0.004632 -0.157929 -0.043408
v 0.003902 -0.207914 -0.038962
v -0.012241 -0.133891 -0.043161
v -0.020019 -0.136771 0.038730
v -0.019159 -0.163294 0.034904
v -0.026743 -0.139241 0.034701
v -0.024670 -0.165310 0.029495
v -0.032181 -0.141244 0.029324
v -0.028879 -0.166850 0.022974
v -0.036318 -0.142770 0.022834
v -0.031813 -0.167918 0.015602
v -0.039186 -0.143827 0.015489
v -0.033523 -0.168529 0.007658
v -0.040835 -0.144429 0.007564
v -0.034056 -0.168697 -0.000573
v -0.041318 -0.144594 -0.000654
v -0.033439 -0.168433 -0.008807
v -0.040668 -0.144332 -0.008876
v -0.031677 -0.167746 -0.016767
v -0.038893 -0.143653 -0.016816
v -0.028746 -0.166638 -0.024187
v -0.035979 -0.142555 -0.024203
v -0.024604 -0.165106 -0.030811
v -0.031888 -0.141036 -0.030777
v -0.026579 -0.139087 -0.036291
v -0.020025 -0.136705 -0.040504
v 0.021356 -0.203113 -0.043161
v 0.017713 -0.192946 0.042783
v 0.021382 -0.203180 -0.043192
v 0.021486 -0.203455 -0.043319
v 0.021590 -0.203746 -0.043338
v 0.021498 -0.203486 -0.043334
v 0.005085 -0.200583 0.041531
v -0.018503 -0.217344 0.000208
v -0.018458 -0.217635 -0.004943
v -0.018081 -0.218345 -0.004900
v -0.001605 -0.212030 -0.036919
v -0.000844 -0.211757 -0.037361
v -0.000589 -0.212492 -0.037409
v 0.005628 -0.209430 -0.040807
v 0.005899 -0.209333 -0.040887
v 0.006205 -0.210050 -0.040840
v 0.013496 -0.206617 -0.042861
v 0.013583 -0.206586 -0.042866
v 0.013892 -0.207305 -0.042800
v 0.012399 -0.207006 -0.042796
v 0.004558 -0.209814 -0.040493
v -0.009025 -0.214702 -0.030222
v -0.007823 -0.214269 -0.031398
v -0.006295 -0.214554 -0.032734
v -0.006509 -0.213796 -0.032684
v -0.003019 -0.212539 -0.036099
v -0.014549 -0.216628 -0.020550
v -0.013604 -0.216322 -0.023036
v -0.014314 -0.217399 -0.020528
v -0.012669 -0.215991 -0.024504
v -0.010799 -0.216175 -0.027140
v -0.011002 -0.215402 -0.027120
v -0.016022 -0.217104 -0.016676
v -0.016753 -0.218147 -0.013088
v -0.016747 -0.217339 -0.014767
v -0.018454 -0.217665 -0.005473
v -0.017931 -0.217565 -0.008318
v -0.017047 -0.217396 -0.013135
v -0.017956 -0.216476 0.008534
v -0.018545 -0.217075 0.004974
v -0.018184 -0.217842 0.004116
v -0.018538 -0.217124 0.004104
v -0.017223 -0.215731 0.012959
v -0.017930 -0.216450 0.008686
v -0.016958 -0.216508 0.012982
v -0.017736 -0.217286 0.008585
v -0.016855 -0.215358 0.015178
v -0.015875 -0.215518 0.017182
v -0.016240 -0.214827 0.016926
v -0.016156 -0.214755 0.017164
v -0.014457 -0.214283 0.021266
v -0.014722 -0.213520 0.021238
v -0.013928 -0.212836 0.023491
v -0.012802 -0.212891 0.024960
v -0.013280 -0.212319 0.024579
v -0.013078 -0.212158 0.024918
v -0.010853 -0.211303 0.028414
v -0.011042 -0.210535 0.028333
v -0.009320 -0.209162 0.031222
v -0.008783 -0.209678 0.031364
v -0.009169 -0.209047 0.031413
v -0.006663 -0.207245 0.033941
v -0.008710 -0.208698 0.031993
v -0.009147 -0.209031 0.031441
v -0.006460 -0.207932 0.034045
v -0.003890 -0.206102 0.036425
v -0.004110 -0.205432 0.036372
v 0.002858 -0.201081 0.040681
v -0.001306 -0.203600 0.038425
v -0.001076 -0.204226 0.038486
v -0.002809 -0.204509 0.037611
v -0.003670 -0.205120 0.036790
v 0.004195 -0.200272 0.041406
v 0.011882 -0.197262 0.043207
v 0.010237 -0.197320 0.042912
v 0.004823 -0.199965 0.041562
v 0.012049 -0.196434 0.043364
v 0.011641 -0.196633 0.043263
v 0.009971 -0.196558 0.042637
v 0.009924 -0.196577 0.042633
v 0.009158 -0.196891 0.042566
v 0.002672 -0.200330 0.040347
v 0.002581 -0.200378 0.040316
v 0.001288 -0.201064 0.039874
v -0.003755 -0.204345 0.036460
v -0.003862 -0.204415 0.036388
v -0.005283 -0.205339 0.035426
v -0.006565 -0.206301 0.033957
v -0.009094 -0.208199 0.031061
v -0.009187 -0.208269 0.030954
v -0.010594 -0.209325 0.029343
v -0.013252 -0.211511 0.024406
v -0.013314 -0.211563 0.024290
v -0.014574 -0.212599 0.021950
v -0.016202 -0.214046 0.016814
v -0.016230 -0.214071 0.016723
v -0.017281 -0.215005 0.013407
v -0.017956 -0.215739 0.008633
v -0.017962 -0.215746 0.008589
v -0.018628 -0.216470 0.003877
v -0.018528 -0.216647 0.000168
v -0.018347 -0.216968 -0.006560
v -0.017988 -0.216891 -0.008314
v -0.017979 -0.216889 -0.008360
v -0.016470 -0.216562 -0.015740
v -0.016105 -0.216442 -0.016639
v -0.016081 -0.216434 -0.016697
v -0.014478 -0.215905 -0.020644
v -0.013175 -0.215475 -0.023853
v -0.012774 -0.215331 -0.024436
v -0.012734 -0.215317 -0.024494
v -0.008012 -0.213628 -0.031366
v -0.007966 -0.213611 -0.031406
v -0.001787 -0.211376 -0.036871
v -0.001768 -0.211369 -0.036888
v -0.001598 -0.211308 -0.037038
v 0.005450 -0.208775 -0.040693
v 0.005453 -0.208774 -0.040695
v 0.005749 -0.208667 -0.040848
v 0.013288 -0.205976 -0.042733
v 0.013300 -0.205972 -0.042735
v 0.013845 -0.205778 -0.042872
v -0.008015 -0.214004 -0.031500
v 0.013386 -0.206322 -0.042959
v -0.016231 -0.216861 -0.016729
v -0.012869 -0.215738 -0.024577
v -0.018174 -0.217344 -0.008358
v -0.001779 -0.211754 -0.037050
v 0.005499 -0.209139 -0.040895
v -0.018802 -0.217164 0.000194
v 0.009951 -0.196714 0.042885
v 0.002545 -0.200522 0.040622
v -0.013486 -0.212057 0.024586
v -0.009309 -0.208721 0.031329
v -0.009336 -0.208514 0.031229
v -0.018215 -0.216276 0.008706
v -0.016445 -0.214592 0.016932
v -0.003959 -0.204603 0.036692
v 0.010022 -0.196918 0.043005
v -0.003912 -0.204809 0.036808
v 0.002609 -0.200726 0.040744
v 0.050112 -0.192683 -0.029038
v 0.049431 -0.192928 -0.029833
v 0.050493 -0.192658 -0.030857
v 0.053730 -0.191466 -0.026589
v 0.055280 -0.190887 -0.024000
v 0.054041 -0.191259 -0.023243
v 0.052483 -0.191827 -0.025830
v 0.052281 -0.191900 -0.026103
v 0.053034 -0.191722 -0.027541
v 0.051876 -0.192046 -0.026651
v 0.051476 -0.192297 -0.029671
v 0.051327 -0.192352 -0.029876
v 0.043534 -0.195062 -0.035095
v 0.044349 -0.194913 -0.036346
v 0.044404 -0.194746 -0.034468
v 0.045429 -0.194516 -0.035562
v 0.044623 -0.194667 -0.034284
v 0.045955 -0.194323 -0.035114
v 0.046631 -0.193939 -0.032593
v 0.047576 -0.193728 -0.033734
v 0.047361 -0.193675 -0.031979
v 0.048431 -0.193414 -0.033006
v 0.047492 -0.193627 -0.031842
v 0.048878 -0.193250 -0.032540
v 0.036639 -0.197594 -0.038787
v 0.037185 -0.197560 -0.040184
v 0.037485 -0.197281 -0.038437
v 0.038240 -0.197168 -0.039744
v 0.037915 -0.197123 -0.038223
v 0.039131 -0.196838 -0.039296
v 0.040236 -0.196268 -0.037069
v 0.040916 -0.196178 -0.038398
v 0.041051 -0.195968 -0.036664
v 0.041871 -0.195825 -0.037918
v 0.041436 -0.195828 -0.036421
v 0.042715 -0.195515 -0.037383
v 0.035227 -0.198291 -0.040884
v 0.034064 -0.198555 -0.039703
v 0.034483 -0.198570 -0.041150
v 0.033908 -0.198613 -0.039758
v 0.030975 -0.199889 -0.042060
v 0.030136 -0.200034 -0.040709
v 0.030474 -0.200077 -0.042190
v 0.029855 -0.200140 -0.040779
v 0.029940 -0.200278 -0.042329
v 0.029150 -0.200405 -0.040957
v 0.026390 -0.201597 -0.042881
v 0.026307 -0.201469 -0.041426
v 0.025029 -0.202102 -0.043093
v 0.025300 -0.201835 -0.041520
v 0.023492 -0.202657 -0.043238
v 0.023324 -0.202551 -0.041705
v 0.023180 -0.202769 -0.043268
v 0.021346 -0.203269 -0.041891
v 0.021465 -0.203380 -0.043382
v -0.001070 -0.211338 -0.035850
v -0.001813 -0.211686 -0.037105
v -0.000158 -0.211006 -0.036459
v -0.000695 -0.211283 -0.037847
v 0.000902 -0.210620 -0.037058
v 0.000136 -0.210985 -0.038310
v 0.002280 -0.210119 -0.037835
v 0.001683 -0.210429 -0.039172
v 0.003226 -0.209775 -0.038369
v 0.002775 -0.210036 -0.039781
v 0.004421 -0.209342 -0.038891
v 0.003821 -0.209662 -0.040234
v 0.005899 -0.208807 -0.039536
v 0.005453 -0.209077 -0.040943
v -0.007027 -0.213515 -0.030552
v -0.008036 -0.213932 -0.031581
v -0.006263 -0.213236 -0.031385
v -0.007088 -0.213590 -0.032607
v -0.005186 -0.212842 -0.032397
v -0.006241 -0.213284 -0.033394
v -0.004194 -0.212479 -0.033330
v -0.005076 -0.212864 -0.034477
v -0.003417 -0.212195 -0.034061
v -0.004167 -0.212535 -0.035321
v -0.002311 -0.211791 -0.034904
v -0.003228 -0.212196 -0.036033
v -0.008936 -0.214256 -0.030480
v -0.007772 -0.213786 -0.029635
v -0.009913 -0.214608 -0.029284
v -0.008916 -0.214203 -0.028227
v -0.011264 -0.215089 -0.027267
v -0.010008 -0.214597 -0.026580
v -0.011874 -0.215307 -0.026355
v -0.010704 -0.214848 -0.025530
v -0.012266 -0.215446 -0.025770
v -0.011164 -0.215013 -0.024837
v -0.013280 -0.215799 -0.023840
v -0.011688 -0.215200 -0.023916
v -0.011982 -0.215302 -0.023334
v -0.014268 -0.216143 -0.021960
v -0.013054 -0.215676 -0.021205
v -0.014864 -0.216340 -0.020519
v -0.013573 -0.215848 -0.019907
v -0.015665 -0.216606 -0.018583
v -0.014675 -0.216213 -0.017147
v -0.016349 -0.216813 -0.016412
v -0.015796 -0.216544 -0.013397
v -0.016748 -0.216754 -0.008823
v -0.018212 -0.217275 -0.008439
v -0.014945 -0.216297 -0.016338
v -0.014976 -0.216306 -0.016230
v -0.017042 -0.217022 -0.014209
v -0.015737 -0.216527 -0.013601
v -0.017097 -0.217036 -0.013991
v -0.017403 -0.217117 -0.012764
v -0.016790 -0.216759 -0.008555
v -0.016843 -0.216766 -0.008210
v -0.018302 -0.217292 -0.007955
v -0.017068 -0.216772 -0.006370
v -0.018442 -0.217281 -0.006531
v -0.017216 -0.216776 -0.005161
v -0.018782 -0.217253 -0.003062
v -0.017310 -0.216758 -0.004044
v -0.018825 -0.217098 -0.000160
v -0.017458 -0.216645 -0.000978
v -0.017463 -0.216622 -0.000566
v -0.017472 -0.216581 0.000146
v -0.018843 -0.217032 0.001067
v -0.017452 -0.216513 0.001012
v -0.018855 -0.216989 0.001877
v -0.018749 -0.216781 0.004207
v -0.017401 -0.216342 0.003207
v -0.017336 -0.216229 0.004329
v -0.018669 -0.216684 0.004973
v -0.017295 -0.216172 0.004812
v -0.018337 -0.216278 0.008158
v -0.017159 -0.215984 0.006401
v -0.017029 -0.215832 0.007476
v -0.018265 -0.216190 0.008850
v -0.016909 -0.215691 0.008466
v -0.016893 -0.215673 0.008576
v -0.018248 -0.216170 0.009011
v -0.016756 -0.215525 0.009497
v -0.016674 -0.215437 0.010008
v -0.017626 -0.215545 0.012546
v -0.016587 -0.215347 0.010514
v -0.016496 -0.215254 0.011021
v -0.016400 -0.215157 0.011526
v -0.016350 -0.215108 0.011778
v -0.016299 -0.215057 0.012032
v -0.017597 -0.215519 0.012659
v -0.016249 -0.215008 0.012273
v -0.016248 -0.215006 0.012280
v -0.016194 -0.214954 0.012533
v -0.015970 -0.214737 0.013539
v -0.016701 -0.214693 0.016251
v -0.015730 -0.214510 0.014524
v -0.015518 -0.214313 0.015302
v -0.016671 -0.214666 0.016371
v -0.015362 -0.214168 0.015874
v -0.016542 -0.214547 0.016885
v -0.015194 -0.214012 0.016488
v -0.015899 -0.213985 0.018781
v -0.014884 -0.213728 0.017506
v -0.014649 -0.213517 0.018224
v -0.014584 -0.213458 0.018424
v -0.015445 -0.213587 0.020120
v -0.014432 -0.213322 0.018865
v -0.014107 -0.213032 0.019772
v -0.015148 -0.213327 0.020995
v -0.013528 -0.212523 0.021258
v -0.014657 -0.212913 0.022109
v -0.013718 -0.212690 0.020786
v -0.013919 -0.212866 0.020272
v -0.013450 -0.212455 0.021443
v -0.013150 -0.212194 0.022154
v -0.013901 -0.212274 0.023826
v -0.012959 -0.212029 0.022587
v -0.012761 -0.211858 0.023023
v -0.012554 -0.211681 0.023465
v -0.013442 -0.211888 0.024866
v -0.012333 -0.211491 0.023925
v -0.013208 -0.211695 0.025307
v -0.012037 -0.211239 0.024514
v -0.011908 -0.211130 0.024769
v -0.012410 -0.211038 0.026811
v -0.010470 -0.209930 0.027311
v -0.011526 -0.210332 0.028205
v -0.010967 -0.210341 0.026482
v -0.012075 -0.210771 0.027339
v -0.011221 -0.210553 0.026032
v -0.011444 -0.210739 0.025639
v -0.010455 -0.209918 0.027334
v -0.009959 -0.209512 0.028116
v -0.010266 -0.209325 0.030192
v -0.009440 -0.209092 0.028888
v -0.009221 -0.208917 0.029195
v -0.009938 -0.209073 0.030614
v -0.008886 -0.208649 0.029665
v -0.009678 -0.208874 0.030950
v -0.007740 -0.207747 0.031143
v -0.008493 -0.207962 0.032480
v -0.008324 -0.208204 0.030412
v -0.008667 -0.208475 0.029957
v -0.007139 -0.207283 0.031854
v -0.006924 -0.207120 0.032093
v -0.007653 -0.207346 0.033364
v -0.006744 -0.206983 0.032294
v -0.007453 -0.207198 0.033576
v -0.006520 -0.206812 0.032545
v -0.005883 -0.206334 0.033214
v -0.005860 -0.206030 0.035253
v -0.004728 -0.205488 0.034330
v -0.005460 -0.205754 0.035584
v -0.004045 -0.204998 0.034937
v -0.004663 -0.205206 0.036242
v -0.004322 -0.205197 0.034691
v -0.004635 -0.205421 0.034413
v -0.003872 -0.204876 0.035085
v -0.003695 -0.204751 0.035234
v -0.003608 -0.204690 0.035306
v -0.003520 -0.204629 0.035378
v -0.003343 -0.204505 0.035523
v -0.003153 -0.204167 0.037490
v -0.003165 -0.204381 0.035665
v -0.002802 -0.204131 0.035949
v -0.002437 -0.203881 0.036225
v -0.002423 -0.203871 0.036235
v -0.002971 -0.204042 0.037640
v -0.002070 -0.203633 0.036493
v -0.001700 -0.203385 0.036755
v -0.001401 -0.203188 0.036956
v -0.001532 -0.203129 0.038542
v -0.000942 -0.202886 0.037264
v -0.000643 -0.202565 0.039099
v -0.000171 -0.202388 0.037747
v -0.000042 -0.202309 0.037816
v 0.000513 -0.201832 0.039823
v 0.001857 -0.201139 0.038842
v 0.001927 -0.201017 0.040468
v 0.002206 -0.200923 0.039031
v 0.003079 -0.200412 0.039434
v 0.003982 -0.199831 0.041407
v 0.005185 -0.199240 0.040252
v 0.004779 -0.199417 0.041659
v 0.005432 -0.199102 0.040348
v 0.005622 -0.198997 0.040422
v 0.005725 -0.198925 0.041960
v 0.006544 -0.198511 0.040717
v 0.007657 -0.197921 0.042572
v 0.009225 -0.197178 0.041409
v 0.009841 -0.196910 0.042995
v 0.009322 -0.197133 0.041429
v 0.010211 -0.196716 0.041605
v 0.010720 -0.196503 0.043165
v 0.010913 -0.196407 0.041706
v 0.011685 -0.196056 0.043351
v 0.013000 -0.195490 0.042005
v 0.014237 -0.195018 0.043563
v 0.013507 -0.195281 0.042051
v 0.014017 -0.195071 0.042097
v 0.015817 -0.194375 0.043693
v 0.016881 -0.193964 0.042218
v 0.016924 -0.193968 0.043701
v 0.016926 -0.193948 0.042218
v 0.017931 -0.193586 0.042212
v 0.017959 -0.193587 0.043709
v -0.030576 -0.167266 0.019341
v -0.031884 -0.167741 0.015566
v -0.039317 -0.143402 0.015449
v -0.035280 -0.128517 -0.030628
v -0.031999 -0.140604 -0.030786
v -0.029502 -0.139684 -0.033687
v -0.054481 -0.059292 -0.008262
v -0.055147 -0.059529 -0.000703
v -0.054959 -0.071788 -0.000706
v -0.053320 -0.083674 -0.008573
v -0.054012 -0.083919 -0.000722
v -0.052419 -0.095974 -0.000736
v -0.031942 -0.038974 -0.036983
v -0.032363 -0.038559 -0.036752
v -0.034732 -0.039479 -0.035798
v -0.049755 -0.022931 -0.008509
v -0.049815 -0.022894 -0.007895
v -0.052165 -0.034147 -0.007977
v -0.049166 -0.023349 0.009468
v -0.051465 -0.033884 0.009914
v -0.052185 -0.034160 0.006378
v -0.041140 -0.029928 0.028799
v -0.039420 -0.031574 0.030960
v -0.040638 -0.041785 0.031798
v -0.004907 -0.125089 0.041820
v -0.003329 -0.130183 0.041872
v -0.007952 -0.131873 0.041751
v 0.003946 -0.182179 0.041509
v 0.001164 -0.144581 -0.044098
v -0.003435 -0.130302 -0.043963
v -0.008020 -0.131891 -0.043802
v -0.010153 -0.106580 -0.043103
v -0.010247 -0.106176 -0.043083
v -0.014749 -0.107824 -0.042946
v -0.010338 -0.105783 -0.043062
v -0.013038 -0.094184 -0.042470
v -0.017616 -0.095850 -0.042366
v -0.023484 -0.059867 -0.040226
v -0.019069 -0.058265 -0.040356
v -0.020010 -0.048791 -0.039742
v -0.018174 -0.067264 -0.040939
v -0.018179 -0.067236 -0.040937
v -0.022052 -0.071900 -0.040991
v -0.014820 -0.086528 -0.042079
v -0.014990 -0.085794 -0.042041
v -0.020073 -0.083884 -0.041709
v -0.015600 -0.082247 -0.041830
v -0.017656 -0.070280 -0.041118
v -0.004905 -0.125112 -0.043775
v 0.012718 -0.178916 -0.043569
v 0.007632 -0.164207 -0.044031
v -0.000294 -0.156167 -0.044082
v 0.005500 -0.158040 -0.044224
v 0.004354 -0.154482 -0.044191
v 0.014446 -0.183915 -0.043412
v 0.008088 -0.180605 -0.043532
v 0.014513 -0.184107 -0.043406
v 0.018452 -0.204300 -0.041942
v 0.003692 -0.182182 -0.042884
v 0.012373 -0.206476 -0.041317
v 0.013494 -0.206074 -0.041530
v 0.014235 -0.205808 -0.041633
v 0.014686 -0.205647 -0.041666
v 0.016755 -0.204907 -0.041817
v 0.006790 -0.208485 -0.039866
v -0.000443 -0.183652 -0.041767
v -0.004290 -0.185013 -0.040217
v 0.008185 -0.207983 -0.040273
v 0.008261 -0.207955 -0.040295
v 0.010647 -0.207096 -0.040990
v -0.007828 -0.186267 -0.038276
v -0.011042 -0.187411 -0.035982
v -0.013933 -0.188448 -0.033367
v -0.016504 -0.189377 -0.030462
v -0.018757 -0.190200 -0.027300
v -0.020694 -0.190917 -0.023912
v -0.023642 -0.192034 -0.016576
v -0.025396 -0.192725 -0.008700
v -0.025973 -0.192986 -0.000543
v -0.025381 -0.192810 0.007629
v -0.023597 -0.192185 0.015539
v -0.020594 -0.191103 0.022905
v -0.018623 -0.190387 0.026295
v -0.016330 -0.189553 0.029444
v -0.013719 -0.188603 0.032320
v -0.010791 -0.187537 0.034891
v -0.007548 -0.186358 0.037126
v -0.003995 -0.185066 0.038992
v -0.000152 -0.183669 0.040462
v 0.008266 -0.180608 0.042109
v 0.012864 -0.178936 0.042163
v 0.002404 -0.148692 0.042064
v 0.004409 -0.154490 0.042083
v -0.000175 -0.156163 0.041993
v 0.007767 -0.164199 0.042115
v 0.001135 -0.144594 0.042021
v -0.013107 -0.094162 0.041434
v -0.012553 -0.096854 0.041484
v -0.017607 -0.095818 0.041299
v -0.010220 -0.105714 0.041592
v -0.014724 -0.107794 0.041469
v -0.010116 -0.106109 0.041597
v -0.006316 -0.120538 0.041773
v -0.014690 -0.086458 0.041292
v -0.020076 -0.083853 0.041078
v -0.015565 -0.082197 0.041214
v -0.016728 -0.076540 0.041110
v -0.022061 -0.071874 0.040770
v -0.017601 -0.070241 0.040910
v -0.019301 -0.057563 0.040491
v -0.019245 -0.058259 0.040525
v -0.023490 -0.059853 0.040340
v -0.019221 -0.058558 0.040539
v -0.018021 -0.067210 0.040814
v -0.024309 -0.045640 0.039547
v -0.022525 -0.047035 0.039864
v -0.024274 -0.047749 0.039725
v -0.022479 -0.047067 0.039868
v -0.020006 -0.048775 0.040071
v -0.028171 -0.042421 0.038582
v -0.026032 -0.044293 0.039241
v -0.028162 -0.049225 0.039076
v -0.025349 -0.044827 0.039362
v -0.029303 -0.041429 0.038233
v -0.031803 -0.050611 0.038009
v -0.030205 -0.040583 0.037832
v -0.031594 -0.039278 0.037215
v -0.031715 -0.039164 0.037161
v -0.035195 -0.051905 0.036552
v -0.032310 -0.038582 0.036803
v -0.034805 -0.039543 0.035703
v -0.034477 -0.036461 0.035501
v -0.034559 -0.036380 0.035441
v -0.034561 -0.036378 0.035439
v -0.037836 -0.040709 0.033914
v -0.035700 -0.035245 0.034591
v -0.037116 -0.033839 0.033316
v -0.039107 -0.031874 0.031353
v -0.038390 -0.032577 0.032120
v -0.038104 -0.032858 0.032426
v -0.041647 -0.029461 0.028052
v -0.043809 -0.030951 0.025796
v -0.043251 -0.027998 0.025564
v -0.043257 -0.027993 0.025552
v -0.044745 -0.026708 0.022770
v -0.044423 -0.026986 0.023372
v -0.047642 -0.032419 0.019923
v -0.046936 -0.024952 0.017609
v -0.046853 -0.025017 0.017828
v -0.049186 -0.033010 0.016716
v -0.046408 -0.025360 0.019004
v -0.046215 -0.025516 0.019440
v -0.050463 -0.033500 0.013369
v -0.048274 -0.023967 0.013398
v -0.047385 -0.024622 0.016197
v -0.048969 -0.023481 0.010581
v -0.048746 -0.023637 0.011485
v -0.048404 -0.023876 0.012872
v -0.050195 -0.022667 0.001423
v -0.049911 -0.022853 0.004524
v -0.049774 -0.022942 0.006028
v -0.049900 -0.022841 -0.007013
v -0.050180 -0.022668 -0.004135
v -0.052758 -0.034379 -0.000816
v -0.050260 -0.022623 -0.001067
v -0.050257 -0.022625 -0.000955
v -0.048982 -0.023437 -0.012741
v -0.050433 -0.033472 -0.014862
v -0.048657 -0.023663 -0.013967
v -0.046740 -0.025055 -0.019977
v -0.048046 -0.024087 -0.016268
v -0.048483 -0.023783 -0.014622
v -0.043819 -0.027459 -0.025892
v -0.044169 -0.027161 -0.025259
v -0.047617 -0.032374 -0.021236
v -0.045193 -0.026290 -0.023406
v -0.046299 -0.025407 -0.020955
v -0.046583 -0.025180 -0.020325
v -0.041184 -0.029862 -0.029670
v -0.041187 -0.029859 -0.029666
v -0.043811 -0.030888 -0.026850
v -0.041918 -0.029174 -0.028726
v -0.043290 -0.027937 -0.026681
v -0.039419 -0.031568 -0.031614
v -0.041146 -0.029898 -0.029711
v -0.045302 -0.043581 -0.027489
v -0.036528 -0.034432 -0.034224
v -0.037574 -0.033390 -0.033319
v -0.040471 -0.041707 -0.032242
v -0.038963 -0.032009 -0.032118
v -0.033450 -0.037489 -0.036155
v -0.034509 -0.036446 -0.035574
v -0.034920 -0.036040 -0.035348
v -0.028495 -0.042159 -0.038250
v -0.029754 -0.041046 -0.037881
v -0.031703 -0.050574 -0.037916
v -0.028152 -0.042463 -0.038350
v -0.024279 -0.047745 -0.039415
v -0.022495 -0.047066 -0.039521
v -0.022865 -0.046809 -0.039488
v -0.023343 -0.046431 -0.039404
v -0.026380 -0.044030 -0.038869
v -0.028125 -0.049206 -0.038859
v -0.012282 -0.133460 0.041169
v -0.023033 -0.110859 0.039839
v -0.019001 -0.109371 0.040874
v -0.025825 -0.098862 0.039650
v -0.021840 -0.097385 0.040694
v -0.028177 -0.086868 0.039406
v -0.024250 -0.085406 0.040460
v -0.030013 -0.074851 0.039078
v -0.026161 -0.073408 0.040140
v -0.031254 -0.062780 0.038631
v -0.027496 -0.061362 0.039699
v -0.029540 -0.100241 0.038195
v -0.031835 -0.088234 0.037945
v -0.033601 -0.076199 0.037613
v -0.034755 -0.064105 0.037166
v -0.035207 -0.089495 0.036103
v -0.036913 -0.077445 0.035772
v -0.037991 -0.065331 0.035332
v -0.038339 -0.053105 0.034733
v -0.039938 -0.078585 0.033583
v -0.040958 -0.066455 0.033155
v -0.041231 -0.054208 0.032580
v -0.036225 -0.115745 0.031828
v -0.038735 -0.116679 0.028997
v -0.041365 -0.104648 0.028810
v -0.042803 -0.118193 0.022546
v -0.045410 -0.106161 0.022385
v -0.045622 -0.119244 0.015255
v -0.048221 -0.107214 0.015134
v -0.047237 -0.119847 0.007398
v -0.049834 -0.107822 0.007330
v -0.050033 -0.069896 0.021621
v -0.052846 -0.070965 0.014586
v -0.050175 -0.057615 0.021206
v -0.052990 -0.058688 0.014292
v -0.046062 -0.068391 0.027895
v -0.046240 -0.056117 0.027385
v -0.045531 -0.043658 0.026702
v -0.049420 -0.045143 0.020653
v -0.054487 -0.071595 0.007054
v -0.054651 -0.059328 0.006902
v -0.053925 -0.046870 0.006685
v -0.053225 -0.046600 0.010332
v -0.052237 -0.046220 0.013897
v -0.050967 -0.045734 0.017348
v -0.045209 -0.119083 -0.016696
v -0.042294 -0.117992 -0.023957
v -0.044864 -0.105979 -0.023725
v -0.040826 -0.104468 -0.030064
v -0.042963 -0.092453 -0.029667
v -0.018989 -0.109376 -0.042332
v -0.022946 -0.110827 -0.041274
v -0.021799 -0.097392 -0.041770
v -0.026608 -0.112174 -0.039803
v -0.025700 -0.098835 -0.040740
v -0.024190 -0.085413 -0.041129
v -0.029968 -0.113412 -0.037950
v -0.029311 -0.100174 -0.039305
v -0.028027 -0.086844 -0.040125
v -0.026093 -0.073412 -0.040423
v -0.038243 -0.116480 -0.030386
v -0.038382 -0.103555 -0.032845
v -0.037832 -0.090523 -0.034837
v -0.039495 -0.078477 -0.034272
v -0.036553 -0.077361 -0.036345
v -0.037666 -0.065255 -0.035674
v -0.034520 -0.064052 -0.037368
v -0.035019 -0.051849 -0.036607
v -0.031558 -0.039337 -0.037140
v -0.045850 -0.056022 -0.028102
v -0.049786 -0.057526 -0.022212
v -0.049546 -0.069783 -0.022664
v -0.052462 -0.070877 -0.015829
v -0.051501 -0.083003 -0.016112
v -0.051725 -0.095725 -0.008700
v -0.050279 -0.107994 -0.000743
v -0.054453 -0.047080 -0.000733
v -0.053818 -0.046846 -0.008107
v -0.052045 -0.046174 -0.015188
v -0.049182 -0.045078 -0.021731
v -0.052682 -0.058621 -0.015516
v -0.054275 -0.071547 -0.008423
v -0.038089 -0.053033 -0.034951
v -0.040919 -0.054124 -0.032966
v -0.040556 -0.066361 -0.033645
v -0.045569 -0.068275 -0.028678
v -0.044572 -0.080401 -0.029203
v -0.048578 -0.081911 -0.023074
v -0.046987 -0.093964 -0.023429
v -0.049910 -0.095054 -0.016354
v -0.047783 -0.107069 -0.016550
v -0.049590 -0.107741 -0.008798
v -0.047006 -0.119757 -0.008865
v -0.047687 -0.120014 -0.000738
v -0.033025 -0.114543 -0.035744
v -0.032627 -0.101407 -0.037493
v -0.031579 -0.088174 -0.038725
v -0.029856 -0.074827 -0.039443
v -0.027435 -0.061357 -0.039665
v -0.035781 -0.115565 -0.033213
v -0.035650 -0.102534 -0.035330
v -0.034847 -0.089401 -0.036954
v -0.033341 -0.076144 -0.038076
v -0.031112 -0.062752 -0.038704
v -0.034193 -0.141416 -0.027620
v -0.039347 -0.130032 -0.024122
v -0.036088 -0.142123 -0.024219
v -0.042260 -0.131125 -0.016793
v -0.039005 -0.143221 -0.016839
v -0.044048 -0.131803 -0.008900
v -0.040785 -0.143903 -0.008904
v -0.044717 -0.132063 -0.000720
v -0.041440 -0.144165 -0.000688
v -0.004672 -0.157741 -0.043406
v -0.012346 -0.133457 -0.043149
v -0.008779 -0.159209 -0.042263
v -0.016392 -0.134919 -0.042036
v -0.012590 -0.160570 -0.040689
v -0.020141 -0.136275 -0.040499
v -0.016088 -0.161822 -0.038723
v -0.023577 -0.137521 -0.038574
v -0.019262 -0.162963 -0.036404
v -0.026696 -0.138657 -0.036293
v -0.022116 -0.163997 -0.033761
v -0.024654 -0.164922 -0.030826
v -0.026879 -0.165741 -0.027630
v -0.028796 -0.166453 -0.024206
v -0.031729 -0.167562 -0.016791
v -0.033497 -0.168251 -0.008836
v -0.034119 -0.168516 -0.000606
v -0.033591 -0.168350 0.007622
v -0.022174 -0.164193 0.032323
v -0.032333 -0.140826 0.029284
v -0.024760 -0.165139 0.029462
v -0.012482 -0.160652 0.038935
v -0.016033 -0.161948 0.037089
v -0.023715 -0.137653 0.036868
v -0.026911 -0.138829 0.034667
v -0.033397 -0.114695 0.034356
v -0.038874 -0.103717 0.031633
v -0.043522 -0.092612 0.028577
v -0.047546 -0.094124 0.022188
v -0.050355 -0.095182 0.014989
v -0.051971 -0.095796 0.007255
v -0.004518 -0.157747 0.041411
v -0.008632 -0.159248 0.040383
v -0.016374 -0.134960 0.040145
v -0.020196 -0.136361 0.038703
v -0.026792 -0.112248 0.038390
v -0.030252 -0.113529 0.036554
v -0.032960 -0.101513 0.036355
v -0.036072 -0.102672 0.034158
v -0.038280 -0.090646 0.033908
v -0.041052 -0.091685 0.031390
v -0.042674 -0.079616 0.031076
v -0.045119 -0.080539 0.028279
v -0.049119 -0.082049 0.021938
v -0.051929 -0.083112 0.014811
v -0.053556 -0.083734 0.007165
v -0.041274 -0.029801 0.028631
v -0.027021 -0.165967 0.026324
v -0.034558 -0.141647 0.026163
v -0.028958 -0.166675 0.022939
v -0.036459 -0.142348 0.022794
v -0.040289 -0.143758 0.011542
v -0.032887 -0.168102 0.011647
v -0.040963 -0.144003 0.007526
v -0.038042 -0.142933 0.019211
v -0.042631 -0.131299 0.015358
v -0.039797 -0.130248 0.022680
v -0.044257 -0.131899 0.007463
v -0.019264 -0.163129 0.034875
v -0.029784 -0.139886 0.032129
v -0.035703 -0.128731 0.029151
v -0.051505 -0.022390 0.003020
v -0.051360 -0.022480 0.004705
v -0.051715 -0.022260 -0.001062
v -0.051704 -0.022266 -0.000601
v -0.051662 -0.022292 0.001188
v -0.051260 -0.022542 0.005871
v -0.051136 -0.022622 0.006629
v -0.050613 -0.022958 0.009817
v -0.050520 -0.023021 0.010204
v -0.050118 -0.023294 0.011867
v -0.049669 -0.023598 0.013723
v -0.049526 -0.023695 0.014316
v -0.048593 -0.024373 0.017163
v -0.048183 -0.024670 0.018414
v -0.048111 -0.024722 0.018631
v -0.047341 -0.025318 0.020515
v -0.047157 -0.025460 0.020963
v -0.046817 -0.025724 0.021795
v -0.045655 -0.026680 0.024134
v -0.045003 -0.027217 0.025446
v -0.044161 -0.027953 0.026823
v -0.042975 -0.028989 0.028764
v -0.042784 -0.029164 0.029019
v -0.042187 -0.029712 0.029812
v -0.035298 -0.036205 0.036733
v -0.035904 -0.035631 0.036311
v -0.037593 -0.034019 0.034888
v -0.038454 -0.033197 0.034163
v -0.039335 -0.032366 0.033222
v -0.040069 -0.031672 0.032437
v -0.040798 -0.030984 0.031658
v -0.020023 -0.048694 0.041568
v -0.022383 -0.047126 0.041379
v -0.022548 -0.047016 0.041366
v -0.023704 -0.046151 0.041167
v -0.025593 -0.044735 0.040843
v -0.026163 -0.044309 0.040745
v -0.027857 -0.042894 0.040240
v -0.029551 -0.041478 0.039735
v -0.030694 -0.040458 0.039251
v -0.031569 -0.039677 0.038880
v -0.031835 -0.039439 0.038767
v -0.032802 -0.038539 0.038219
v -0.034746 -0.036730 0.037119
v -0.034805 -0.036674 0.037078
v -0.042208 -0.029687 -0.030736
v -0.020026 -0.048692 -0.041238
v -0.028682 -0.042229 -0.039806
v -0.028867 -0.042065 -0.039736
v -0.021436 -0.047777 -0.041141
v -0.022376 -0.047101 -0.041016
v -0.023464 -0.046317 -0.040872
v -0.024527 -0.045552 -0.040732
v -0.025127 -0.045120 -0.040652
v -0.028571 -0.042319 -0.039832
v -0.041759 -0.030094 -0.031293
v -0.042194 -0.029699 -0.030752
v -0.032127 -0.039163 -0.038514
v -0.032461 -0.038865 -0.038389
v -0.032806 -0.038541 -0.038202
v -0.034068 -0.037357 -0.037518
v -0.035271 -0.036229 -0.036867
v -0.035555 -0.035963 -0.036713
v -0.038381 -0.033267 -0.034649
v -0.038456 -0.033196 -0.034584
v -0.039447 -0.032254 -0.033709
v -0.040464 -0.031305 -0.032647
v -0.051640 -0.022305 -0.004100
v -0.051348 -0.022488 -0.007198
v -0.051290 -0.022524 -0.007808
v -0.051218 -0.022569 -0.008574
v -0.050439 -0.023073 -0.012917
v -0.050062 -0.023329 -0.014382
v -0.049951 -0.023405 -0.014814
v -0.049614 -0.023634 -0.016124
v -0.048340 -0.024551 -0.019909
v -0.047890 -0.024897 -0.020951
v -0.047687 -0.025054 -0.021422
v -0.046814 -0.025726 -0.023441
v -0.045376 -0.026911 -0.026080
v -0.044925 -0.027283 -0.026909
v -0.044561 -0.027602 -0.027444
v -0.042943 -0.029019 -0.029822
v 0.018570 -0.204406 -0.043436
v 0.016688 -0.205075 -0.043308
v 0.014575 -0.205825 -0.043163
v 0.014376 -0.205896 -0.043150
v 0.007025 -0.208515 -0.041507
v 0.007824 -0.208230 -0.041732
v 0.010289 -0.207350 -0.042428
v 0.012129 -0.206695 -0.042753
v -0.001951 -0.102361 -0.042207
v 0.027299 -0.178854 -0.041355
v 0.011445 -0.054538 0.022920
v 0.011797 -0.054454 0.022232
v 0.012082 -0.055719 0.022288
v 0.012838 -0.054219 -0.021482
v 0.012070 -0.054412 -0.023069
v 0.012312 -0.055657 -0.023122
v 0.009584 -0.054962 -0.027225
v 0.008101 -0.055210 -0.029074
v 0.008477 -0.056990 -0.029193
v 0.003690 -0.055688 -0.033404
v 0.002878 -0.055696 -0.033952
v 0.003466 -0.058773 -0.034154
v -0.017391 -0.050384 -0.039809
v -0.010310 -0.063989 -0.040137
v -0.011870 -0.053013 -0.039428
v -0.014080 -0.052096 -0.039681
v -0.015479 -0.051372 -0.039735
v -0.006387 -0.062447 -0.039174
v -0.010255 -0.053633 -0.039201
v -0.010752 -0.053477 -0.039300
v -0.006786 -0.054685 -0.038468
v -0.007416 -0.054524 -0.038631
v -0.007650 -0.054451 -0.038678
v -0.005095 -0.055022 -0.037924
v -0.002784 -0.061074 -0.037847
v -0.003767 -0.055286 -0.037497
v -0.000249 -0.055666 -0.035922
v -0.000330 -0.055663 -0.035967
v 0.000500 -0.059855 -0.036168
v -0.000561 -0.055652 -0.036093
v -0.003612 -0.055317 -0.037447
v 0.000834 -0.055718 -0.035328
v 0.003880 -0.055672 -0.033239
v 0.006123 -0.057821 -0.031822
v 0.005667 -0.055524 -0.031674
v 0.007548 -0.055302 -0.029764
v 0.007277 -0.055347 -0.030101
v 0.006309 -0.055471 -0.031112
v 0.011935 -0.054447 -0.023349
v 0.010758 -0.054708 -0.025326
v 0.009903 -0.054899 -0.026764
v 0.015294 -0.053526 -0.014392
v 0.014794 -0.053674 -0.016111
v 0.015017 -0.054727 -0.016150
v 0.014424 -0.053783 -0.017381
v 0.013433 -0.054055 -0.019943
v 0.016627 -0.053113 -0.006407
v 0.016394 -0.053187 -0.008521
v 0.016619 -0.054182 -0.008543
v 0.016278 -0.053224 -0.009580
v 0.015453 -0.053477 -0.013613
v 0.016826 -0.053050 -0.004594
v 0.017134 -0.054007 -0.000585
v 0.016890 -0.053029 -0.002420
v 0.016358 -0.053195 0.007492
v 0.016367 -0.053192 0.007406
v 0.016558 -0.054200 0.007412
v 0.016553 -0.053134 0.005559
v 0.016851 -0.053041 0.002610
v 0.016884 -0.053030 0.001579
v 0.016949 -0.053010 -0.000453
v 0.016945 -0.053011 -0.000579
v 0.014881 -0.054767 0.015136
v 0.014667 -0.053702 0.015113
v 0.014790 -0.053667 0.014756
v 0.015172 -0.053554 0.013314
v 0.015457 -0.053470 0.012236
v 0.015980 -0.053310 0.009483
v 0.012687 -0.054243 0.020496
v 0.013319 -0.054078 0.019010
v 0.014014 -0.053884 0.017000
v 0.007782 -0.055245 0.028514
v 0.008241 -0.055166 0.027896
v 0.008135 -0.057074 0.028578
v 0.009756 -0.054907 0.025857
v 0.010802 -0.054690 0.024174
v 0.005725 -0.057915 0.031323
v 0.005284 -0.055546 0.031241
v 0.007559 -0.055283 0.028815
v 0.003026 -0.058873 0.033767
v 0.004225 -0.055612 0.032175
v 0.005095 -0.055568 0.031442
v -0.000719 -0.055610 0.035728
v -0.000467 -0.055636 0.035601
v 0.000035 -0.059955 0.035884
v 0.000092 -0.055649 0.035232
v 0.002416 -0.055704 0.033699
v -0.003246 -0.061170 0.037650
v -0.004227 -0.055193 0.037436
v -0.003504 -0.055316 0.037140
v -0.008301 -0.054269 0.038821
v -0.008060 -0.054327 0.038744
v -0.006810 -0.062527 0.039045
v -0.005075 -0.055048 0.037782
v -0.004376 -0.055167 0.037496
v -0.010042 -0.053681 0.039208
v -0.009452 -0.053895 0.039092
v -0.010642 -0.064042 0.040053
v -0.009005 -0.054057 0.039003
v -0.016778 -0.050715 0.040085
v -0.016468 -0.050881 0.040070
v -0.015955 -0.056100 0.040310
v -0.015873 -0.051201 0.040041
v -0.012169 -0.052909 0.039628
v -0.011982 -0.054452 0.039705
v -0.012428 -0.052815 0.039680
v -0.014697 -0.051752 0.039917
v -0.019978 -0.048792 0.040072
v -0.007038 -0.083240 0.040505
v -0.014719 -0.065729 0.040660
v -0.002403 -0.102529 0.040773
v 0.003049 -0.121962 0.040980
v 0.009134 -0.141545 0.041165
v 0.011301 -0.162876 0.041967
v 0.021623 -0.192357 0.042000
v 0.020839 -0.192604 0.042070
v 0.015685 -0.161253 0.041318
v 0.026113 -0.191074 0.041342
v 0.025829 -0.191144 0.041405
v 0.024803 -0.191421 0.041587
v 0.023689 -0.191747 0.041735
v 0.021879 -0.192277 0.041977
v 0.028744 -0.190422 0.040756
v 0.019846 -0.159723 0.040260
v 0.029766 -0.190192 0.040479
v 0.033619 -0.189427 0.039196
v 0.032639 -0.189606 0.039560
v 0.023738 -0.158299 0.038803
v 0.030579 -0.190026 0.040219
v 0.030465 -0.190049 0.040256
v 0.037815 -0.188777 0.037313
v 0.037360 -0.188839 0.037545
v 0.027330 -0.156992 0.036967
v 0.038265 -0.188719 0.037077
v 0.036964 -0.188897 0.037731
v 0.035512 -0.189110 0.038415
v 0.034623 -0.189259 0.038782
v 0.030599 -0.155807 0.034771
v 0.042002 -0.188310 0.034821
v 0.041789 -0.188330 0.034965
v 0.041576 -0.188350 0.035107
v 0.041146 -0.188392 0.035388
v 0.040931 -0.188413 0.035524
v 0.040497 -0.188458 0.035796
v 0.040059 -0.188505 0.036062
v 0.039618 -0.188555 0.036323
v 0.039170 -0.188607 0.036580
v 0.038719 -0.188661 0.036832
v 0.038538 -0.188684 0.036929
v 0.044281 -0.188129 0.033149
v 0.043875 -0.188158 0.033466
v 0.033544 -0.154744 0.032242
v 0.045082 -0.188076 0.032500
v 0.044828 -0.188092 0.032708
v 0.044684 -0.188102 0.032827
v 0.043465 -0.188188 0.033777
v 0.043051 -0.188221 0.034082
v 0.042844 -0.188238 0.034232
v 0.042425 -0.188273 0.034529
v 0.042169 -0.188296 0.034706
v 0.042161 -0.188296 0.034711
v 0.047376 -0.187959 0.030431
v 0.047312 -0.187961 0.030493
v 0.036162 -0.153801 0.029405
v 0.047009 -0.187974 0.030785
v 0.046631 -0.187992 0.031139
v 0.046251 -0.188011 0.031486
v 0.045865 -0.188031 0.031830
v 0.045476 -0.188053 0.032167
v 0.045475 -0.188053 0.032168
v 0.050164 -0.187876 0.027404
v 0.049581 -0.187888 0.028090
v 0.038453 -0.152978 0.026286
v 0.050812 -0.187866 0.026599
v 0.049494 -0.187890 0.028192
v 0.048809 -0.187908 0.028956
v 0.048452 -0.187920 0.029323
v 0.053166 -0.187862 0.023236
v 0.052880 -0.187860 0.023688
v 0.040417 -0.152272 0.022910
v 0.052608 -0.187858 0.024105
v 0.052043 -0.187858 0.024936
v 0.051638 -0.187859 0.025499
v 0.051435 -0.187860 0.025780
v 0.051096 -0.187863 0.026225
v 0.056800 -0.187975 0.015796
v 0.056710 -0.187970 0.016038
v 0.043385 -0.151204 0.015523
v 0.056620 -0.187965 0.016276
v 0.056428 -0.187954 0.016767
v 0.055611 -0.187917 0.018680
v 0.055084 -0.187900 0.019762
v 0.054707 -0.187888 0.020535
v 0.053712 -0.187868 0.022335
v 0.053489 -0.187865 0.022708
v 0.053441 -0.187865 0.022789
v 0.053379 -0.187864 0.022890
v 0.058741 -0.188181 0.008824
v 0.058639 -0.188162 0.009336
v 0.045124 -0.150569 0.007523
v 0.058531 -0.188145 0.009847
v 0.058360 -0.188119 0.010604
v 0.058300 -0.188111 0.010854
v 0.058238 -0.188103 0.011108
v 0.058175 -0.188095 0.011361
v 0.058110 -0.188087 0.011613
v 0.057908 -0.188065 0.012364
v 0.057839 -0.188058 0.012612
v 0.057768 -0.188051 0.012859
v 0.057620 -0.188037 0.013355
v 0.057572 -0.188033 0.013510
v 0.057467 -0.188023 0.013848
v 0.057309 -0.188011 0.014340
v 0.057144 -0.187998 0.014829
v 0.056975 -0.187987 0.015313
v 0.056853 -0.187979 0.015652
v 0.059613 -0.188622 -0.000436
v 0.059613 -0.188604 -0.000134
v 0.052835 -0.169962 -0.000539
v 0.059613 -0.188561 0.000575
v 0.059447 -0.188395 0.003731
v 0.059093 -0.188260 0.006768
v 0.059092 -0.188260 0.006780
v 0.058902 -0.188217 0.007884
v 0.058582 -0.189437 -0.010709
v 0.059034 -0.189192 -0.008119
v 0.052193 -0.170140 -0.008746
v 0.059073 -0.189171 -0.007899
v 0.059108 -0.189151 -0.007696
v 0.059250 -0.189060 -0.006622
v 0.059529 -0.188825 -0.003572
v 0.059613 -0.188686 -0.001498
v 0.056228 -0.190436 -0.018601
v 0.057241 -0.190032 -0.015790
v 0.050401 -0.170713 -0.016652
v 0.057260 -0.190024 -0.015737
v 0.057406 -0.189964 -0.015268
v 0.057577 -0.189892 -0.014716
v 0.058352 -0.189548 -0.011764
v 0.054238 -0.191186 -0.022872
v 0.054531 -0.191078 -0.022324
v 0.047448 -0.171690 -0.023973
v 0.055004 -0.190900 -0.021319
v 0.055824 -0.190591 -0.019580
v 0.045529 -0.172336 -0.027326
v 0.040775 -0.173967 -0.033262
v 0.043308 -0.173092 -0.030431
v 0.037919 -0.174970 -0.035795
v 0.034728 -0.176112 -0.038004
v 0.031191 -0.177403 -0.039864
v 0.023045 -0.180482 -0.042456
v 0.018433 -0.182298 -0.043154
v 0.011609 -0.162606 -0.043903
v -0.001028 -0.123516 -0.043587
v -0.006642 -0.083143 -0.041246
v 0.003556 -0.121701 -0.042943
v 0.002210 -0.100750 -0.041192
v 0.007778 -0.120079 -0.041901
v 0.006004 -0.099322 -0.039798
v 0.011627 -0.118638 -0.040470
v 0.009435 -0.098060 -0.038038
v 0.015105 -0.117364 -0.038665
v 0.012509 -0.096952 -0.035926
v 0.018220 -0.116242 -0.036503
v 0.015240 -0.095984 -0.033482
v 0.020986 -0.115263 -0.034005
v 0.017641 -0.095147 -0.030727
v 0.023419 -0.114415 -0.031195
v 0.021512 -0.093823 -0.024369
v 0.027339 -0.113073 -0.024726
v 0.024210 -0.092915 -0.017072
v 0.030074 -0.112154 -0.017324
v 0.025794 -0.092391 -0.009126
v 0.031683 -0.111625 -0.009286
v 0.026302 -0.092229 -0.000837
v 0.032204 -0.111464 -0.000919
v 0.025729 -0.092430 0.007462
v 0.031630 -0.111674 0.007445
v 0.024056 -0.093000 0.015437
v 0.029938 -0.112264 0.015473
v 0.021237 -0.093962 0.022781
v 0.027078 -0.113258 0.022860
v 0.017212 -0.095347 0.029197
v 0.014451 -0.117728 0.036756
v 0.008826 -0.098317 0.036588
v 0.017619 -0.116588 0.034606
v 0.011940 -0.097199 0.034453
v 0.020463 -0.115575 0.032118
v 0.014734 -0.096211 0.031982
v 0.022985 -0.114687 0.029315
v 0.025189 -0.113916 0.026221
v 0.010955 -0.119002 0.038545
v 0.007147 -0.120413 0.039958
v 0.001640 -0.100974 0.039762
v 0.003963 -0.079069 0.036333
v 0.007021 -0.077970 0.034207
v 0.009769 -0.077001 0.031749
v 0.012211 -0.076154 0.028981
v 0.016188 -0.074796 0.022615
v 0.018987 -0.073850 0.015346
v 0.020654 -0.073290 0.007468
v 0.021228 -0.073095 -0.000711
v 0.020721 -0.073262 -0.008864
v 0.019140 -0.073790 -0.016666
v 0.016451 -0.074699 -0.023819
v 0.012609 -0.076019 -0.030042
v 0.010233 -0.076849 -0.032734
v 0.007538 -0.077807 -0.035121
v 0.004512 -0.078903 -0.037183
v 0.001143 -0.080147 -0.038900
v -0.002574 -0.081554 -0.040258
v 0.005389 -0.099573 0.038363
v -0.003078 -0.081692 0.039497
v 0.000594 -0.080306 0.038102
v 0.013270 -0.140006 0.040126
v 0.017126 -0.138588 0.038693
v 0.016247 -0.160787 -0.043229
v 0.020519 -0.159158 -0.042140
v 0.024417 -0.157705 -0.040653
v 0.027949 -0.156415 -0.038787
v 0.031125 -0.155276 -0.036564
v 0.033957 -0.154276 -0.034008
v 0.036458 -0.153408 -0.031146
v 0.040518 -0.152023 -0.024601
v 0.005060 -0.142997 -0.043992
v 0.009686 -0.141180 -0.043334
v 0.013945 -0.139553 -0.042267
v 0.017828 -0.138104 -0.040802
v 0.021340 -0.136820 -0.038959
v 0.024490 -0.135687 -0.036756
v 0.027291 -0.134697 -0.034217
v 0.029758 -0.133838 -0.031366
v 0.033744 -0.132473 -0.024827
v 0.036537 -0.131536 -0.017374
v 0.043385 -0.151066 -0.017168
v 0.038191 -0.130995 -0.009303
v 0.045100 -0.150510 -0.009136
v 0.038737 -0.130832 -0.000918
v 0.045686 -0.150342 -0.000801
v 0.045713 -0.187781 0.033812
v 0.020865 -0.192603 0.043572
v 0.021732 -0.192343 0.043465
v 0.023882 -0.191698 0.043201
v 0.025192 -0.191305 0.043040
v 0.026328 -0.191017 0.042794
v 0.029454 -0.190223 0.042115
v 0.030793 -0.189936 0.041706
v 0.030985 -0.189894 0.041647
v 0.032630 -0.189541 0.041145
v 0.035059 -0.189107 0.040171
v 0.036629 -0.188827 0.039541
v 0.037576 -0.188694 0.039047
v 0.039085 -0.188482 0.038262
v 0.040434 -0.188292 0.037559
v 0.042836 -0.188032 0.035999
v 0.042973 -0.188017 0.035910
v 0.043588 -0.187951 0.035511
v 0.046964 -0.187682 0.032812
v 0.046260 -0.187738 0.033375
v 0.048282 -0.187612 0.031505
v 0.049345 -0.187555 0.030451
v 0.050009 -0.187520 0.029793
v 0.050640 -0.187501 0.029016
v 0.052071 -0.187458 0.027255
v 0.052721 -0.187439 0.026455
v 0.052800 -0.187437 0.026343
v 0.053213 -0.187430 0.025763
v 0.054416 -0.187425 0.023816
v 0.054665 -0.187424 0.023412
v 0.055542 -0.187420 0.021993
v 0.056321 -0.187435 0.020366
v 0.057466 -0.187458 0.017974
v 0.058033 -0.187487 0.016391
v 0.058922 -0.187534 0.013911
v 0.060105 -0.187667 0.009195
v 0.058959 -0.187536 0.013808
v 0.060214 -0.187696 0.008442
v 0.060431 -0.187755 0.006946
v 0.060795 -0.187854 0.004444
v 0.061010 -0.188073 0.000238
v 0.061032 -0.188096 -0.000194
v 0.061021 -0.188114 -0.000465
v 0.060831 -0.188428 -0.005102
v 0.060495 -0.188666 -0.007942
v 0.060471 -0.188683 -0.008148
v 0.060457 -0.188693 -0.008265
v 0.059577 -0.189151 -0.012770
v 0.058714 -0.189528 -0.015732
v 0.058689 -0.189539 -0.015818
v 0.058322 -0.189699 -0.017079
v 0.056694 -0.190348 -0.021177
v 0.056279 -0.190506 -0.022005
v 0.055706 -0.190725 -0.023150
v -0.038227 -0.040520 0.035465
v -0.041212 -0.041611 0.033284
v -0.041756 -0.054191 0.034099
v -0.052810 -0.033650 0.010660
v -0.053588 -0.033945 0.007000
v -0.055351 -0.046848 0.007313
v -0.050172 -0.082447 0.023099
v -0.045897 -0.080872 0.029668
v -0.046883 -0.068580 0.029266
v -0.039379 -0.104253 0.033137
v -0.036377 -0.103156 0.035740
v -0.038641 -0.091020 0.035482
v -0.038642 -0.040688 -0.035379
v -0.035497 -0.039531 -0.037105
v -0.035754 -0.052019 -0.037929
v -0.032257 -0.050731 -0.039322
v -0.028496 -0.049351 -0.040323
v -0.027778 -0.061597 -0.041138
v -0.026124 -0.099388 -0.042168
v -0.022041 -0.097900 -0.043254
v -0.019195 -0.109979 -0.043816
v -0.004829 -0.125543 -0.045325
v -0.003140 -0.130882 -0.045406
v -0.007969 -0.132625 -0.045311
v 0.008321 -0.181740 -0.044979
v 0.003744 -0.183375 -0.044303
v 0.007967 -0.164907 0.043677
v 0.004799 -0.155314 0.043595
v 0.000859 -0.156745 0.043553
v -0.002400 -0.133524 0.043410
v -0.003148 -0.130900 0.043381
v -0.006996 -0.132300 0.043315
v -0.010434 -0.105347 0.043096
v -0.012905 -0.094615 0.042934
v -0.016786 -0.096014 0.042865
v -0.027807 -0.049105 0.040696
v -0.051740 -0.033247 0.014235
v -0.054066 -0.034128 0.003284
v -0.054242 -0.034197 -0.000457
v -0.045108 -0.030779 -0.027623
v -0.019176 -0.058470 -0.041879
v -0.023643 -0.060083 -0.041731
v -0.024465 -0.047876 -0.040913
v -0.041541 -0.041759 -0.033317
v -0.046596 -0.043632 -0.028287
v -0.049050 -0.032252 -0.021721
v -0.051934 -0.033335 -0.015063
v -0.053683 -0.033991 -0.007893
v -0.047425 -0.025558 0.020543
v -0.048750 -0.032131 0.021007
v -0.044699 -0.030631 0.027074
v -0.034990 -0.039339 0.037301
v -0.035310 -0.051838 0.038174
v -0.031687 -0.050518 0.039645
v -0.023674 -0.047598 0.041297
v -0.022831 -0.059801 0.041915
v -0.019147 -0.057544 0.041946
v -0.021346 -0.071912 0.042345
v -0.018241 -0.066699 0.042337
v -0.019055 -0.058471 0.041985
v -0.015155 -0.084845 0.042787
v -0.015536 -0.082605 0.042731
v -0.019306 -0.083971 0.042646
v -0.017585 -0.070557 0.042432
v -0.018139 -0.067295 0.042351
v -0.014733 -0.086677 0.042814
v -0.004684 -0.125511 0.043321
v -0.010053 -0.106684 0.043111
v -0.013855 -0.108070 0.043035
v -0.010229 -0.106066 0.043104
v 0.001432 -0.145122 0.043508
v 0.009880 -0.170696 0.043726
v 0.013157 -0.179980 0.043719
v 0.009360 -0.181363 0.043672
v 0.004839 -0.183008 0.043133
v 0.000525 -0.184577 0.042121
v -0.003532 -0.186054 0.040658
v -0.007300 -0.187425 0.038769
v -0.010753 -0.188681 0.036486
v -0.013877 -0.189817 0.033840
v -0.016663 -0.190830 0.030870
v -0.019109 -0.191717 0.027610
v -0.021216 -0.192479 0.024101
v -0.022989 -0.193117 0.020378
v -0.024432 -0.193632 0.016480
v -0.026357 -0.194301 0.008305
v -0.027037 -0.194504 -0.000138
v -0.026496 -0.194254 -0.008576
v -0.024727 -0.193560 -0.016748
v -0.021695 -0.192423 -0.024394
v -0.019690 -0.191688 -0.027939
v -0.017350 -0.190840 -0.031253
v -0.014670 -0.189880 -0.034304
v -0.011648 -0.188806 -0.037054
v -0.008285 -0.187618 -0.039467
v -0.000571 -0.184901 -0.043132
v -0.004588 -0.186316 -0.041506
v 0.014824 -0.184780 -0.044738
v 0.013117 -0.179996 -0.045087
v 0.012691 -0.178804 -0.045174
v 0.004096 -0.153755 -0.045749
v 0.004645 -0.155355 -0.045712
v -0.000158 -0.157094 -0.045568
v 0.007928 -0.164922 -0.045493
v 0.001371 -0.145143 -0.045620
v -0.017676 -0.096312 -0.043881
v -0.012928 -0.094605 -0.043999
v -0.011577 -0.100842 -0.044335
v -0.014774 -0.108376 -0.044462
v -0.010159 -0.106037 -0.044545
v -0.009992 -0.106651 -0.044569
v -0.004893 -0.125342 -0.045322
v -0.014651 -0.086648 -0.043570
v -0.020168 -0.084262 -0.043222
v -0.015532 -0.082586 -0.043350
v -0.022182 -0.072198 -0.042502
v -0.017528 -0.070537 -0.042631
v -0.016130 -0.079821 -0.043201
v -0.018944 -0.061135 -0.042054
v -0.018021 -0.067266 -0.042431
v -0.028486 -0.087302 -0.041552
v -0.032216 -0.088669 -0.040071
v -0.034014 -0.076537 -0.039418
v -0.037392 -0.077783 -0.037582
v -0.038537 -0.065560 -0.036903
v -0.041576 -0.066684 -0.034753
v -0.041965 -0.054314 -0.034060
v -0.031638 -0.063015 -0.040121
v -0.026405 -0.073742 -0.041902
v -0.047129 -0.056228 -0.028918
v -0.044339 -0.067707 -0.032276
v -0.040483 -0.078925 -0.035387
v -0.035649 -0.089932 -0.038195
v -0.029911 -0.100772 -0.040651
v -0.023334 -0.111481 -0.042701
v -0.012477 -0.134249 -0.044625
v -0.038990 -0.053213 -0.036167
v -0.035224 -0.064336 -0.038701
v -0.030351 -0.075190 -0.040866
v -0.024467 -0.085831 -0.042611
v -0.055959 -0.047090 -0.000374
v -0.055355 -0.046878 -0.008029
v -0.053561 -0.046218 -0.015400
v -0.050622 -0.045128 -0.022235
v -0.046568 -0.093925 0.026786
v -0.048556 -0.094659 0.023353
v -0.046377 -0.106823 0.023556
v -0.049390 -0.107938 0.016047
v -0.046747 -0.120091 0.016172
v -0.048493 -0.120737 0.008048
v -0.049020 -0.120931 -0.000358
v -0.051133 -0.108588 0.007976
v -0.051565 -0.095775 0.015899
v -0.033648 -0.115284 0.035947
v -0.036677 -0.116391 0.033340
v -0.039367 -0.117375 0.030410
v -0.018348 -0.109709 0.042502
v -0.037121 -0.077662 0.037394
v -0.035353 -0.089820 0.037733
v -0.033048 -0.101941 0.037991
v -0.030283 -0.114057 0.038197
v -0.034804 -0.064165 0.038808
v -0.033587 -0.076373 0.039267
v -0.031757 -0.088509 0.039603
v -0.029401 -0.100612 0.039857
v -0.026597 -0.112713 0.040058
v -0.056653 -0.059723 -0.000344
v -0.056018 -0.059504 -0.008187
v -0.054195 -0.058840 -0.015734
v -0.051218 -0.057743 -0.022729
v -0.050383 -0.032739 0.017694
v -0.052181 -0.045654 0.018346
v -0.053534 -0.046161 0.014777
v -0.054287 -0.058813 0.015183
v -0.042302 -0.029748 0.029768
v -0.046412 -0.043518 0.028019
v -0.048613 -0.044330 0.025000
v -0.049336 -0.056973 0.025646
v -0.051285 -0.057694 0.022337
v -0.051120 -0.070142 0.022770
v -0.044307 -0.067635 0.032133
v -0.044567 -0.055220 0.031560
v -0.047096 -0.056148 0.028732
v -0.043942 -0.042611 0.030792
v -0.043724 -0.118976 0.023723
v -0.041715 -0.118237 0.027193
v -0.044379 -0.106087 0.027010
v -0.042047 -0.105230 0.030216
v -0.044252 -0.093074 0.029975
v -0.041609 -0.092105 0.032886
v -0.043284 -0.079914 0.032561
v -0.040357 -0.078843 0.035148
v -0.041431 -0.066583 0.034702
v -0.038261 -0.065425 0.036937
v -0.038668 -0.053063 0.036314
v -0.031072 -0.062805 0.040281
v -0.029767 -0.074981 0.040736
v -0.027867 -0.087092 0.041064
v -0.025457 -0.099175 0.041309
v -0.022609 -0.111261 0.041502
v -0.021240 -0.097638 0.042320
v -0.023707 -0.085576 0.042087
v -0.025679 -0.073492 0.041771
v -0.027076 -0.061349 0.041327
v -0.036789 -0.116392 -0.034184
v -0.039359 -0.117338 -0.031204
v -0.041980 -0.105208 -0.030888
v -0.043562 -0.118893 -0.024458
v -0.046171 -0.106759 -0.024234
v -0.046554 -0.120006 -0.016887
v -0.049168 -0.107870 -0.016749
v -0.048368 -0.120685 -0.008762
v -0.050994 -0.108546 -0.008703
v -0.051655 -0.108788 -0.000368
v -0.053311 -0.096431 0.007898
v -0.053179 -0.083565 0.015718
v -0.040671 -0.131143 0.023863
v -0.043712 -0.132260 0.016280
v -0.038980 -0.143965 0.020267
v -0.003689 -0.158401 0.043033
v -0.008022 -0.159978 0.042044
v -0.012092 -0.161459 0.040603
v -0.015863 -0.162831 0.038736
v -0.019312 -0.164087 0.036473
v -0.022422 -0.165220 0.033845
v -0.025187 -0.166228 0.030887
v -0.027605 -0.167108 0.027637
v -0.029678 -0.167862 0.024130
v -0.031412 -0.168491 0.020404
v -0.011535 -0.133954 0.042796
v -0.015851 -0.135526 0.041809
v -0.019897 -0.136999 0.040375
v -0.023640 -0.138362 0.038517
v -0.027057 -0.139608 0.036265
v -0.030134 -0.140730 0.033650
v -0.032863 -0.141727 0.030707
v -0.035245 -0.142598 0.027471
v -0.037281 -0.143344 0.023979
v -0.012986 -0.161672 -0.042003
v -0.016644 -0.162975 -0.039934
v -0.024224 -0.138476 -0.039801
v -0.027492 -0.139658 -0.037393
v -0.033902 -0.115333 -0.036856
v -0.039427 -0.104265 -0.033820
v -0.044154 -0.093071 -0.030495
v -0.048333 -0.094617 -0.023945
v -0.051335 -0.095727 -0.016561
v -0.053170 -0.096401 -0.008611
v -0.053835 -0.096637 -0.000366
v -0.054936 -0.084228 0.007807
v -0.054126 -0.071261 0.015487
v -0.052936 -0.058307 0.018838
v -0.050538 -0.045043 0.021764
v -0.046852 -0.031426 0.024144
v -0.004718 -0.158728 -0.044860
v -0.009005 -0.160255 -0.043658
v -0.016705 -0.135769 -0.043453
v -0.020625 -0.137179 -0.041833
v -0.027171 -0.112877 -0.041148
v -0.030696 -0.114161 -0.039189
v -0.033393 -0.102047 -0.038734
v -0.036565 -0.103212 -0.036446
v -0.038784 -0.091087 -0.035954
v -0.041618 -0.092134 -0.033377
v -0.043286 -0.079962 -0.032860
v -0.045800 -0.080892 -0.030032
v -0.046826 -0.068628 -0.029503
v -0.049961 -0.082432 -0.023594
v -0.050959 -0.070158 -0.023185
v -0.052965 -0.083539 -0.016326
v -0.053956 -0.071261 -0.016047
v -0.054805 -0.084210 -0.008490
v -0.055793 -0.071929 -0.008345
v -0.055469 -0.084441 -0.000355
v -0.056448 -0.072154 -0.000343
v -0.055898 -0.071932 0.007691
v -0.056079 -0.059492 0.007534
v -0.054592 -0.046560 0.011089
v -0.029886 -0.167768 -0.024687
v -0.037270 -0.143241 -0.024707
v -0.027903 -0.167036 -0.028269
v -0.035310 -0.142515 -0.028267
v -0.025593 -0.166192 -0.031620
v -0.033031 -0.141677 -0.031591
v -0.022949 -0.165235 -0.034705
v -0.040575 -0.131048 -0.024616
v -0.040262 -0.144361 -0.017016
v -0.043565 -0.132164 -0.016976
v -0.042058 -0.145046 -0.008790
v -0.045369 -0.132846 -0.008791
v -0.042683 -0.145298 -0.000298
v -0.046008 -0.133095 -0.000334
v -0.042127 -0.145109 0.008184
v -0.045470 -0.132904 0.008118
v -0.041394 -0.144845 0.012333
v -0.040348 -0.144465 0.016373
v -0.032897 -0.168897 -0.016962
v -0.034681 -0.169589 -0.008714
v -0.035269 -0.169843 -0.000207
v -0.034658 -0.169651 0.008289
v -0.033894 -0.169383 0.012447
v -0.032814 -0.168998 0.016498
v -0.019966 -0.164162 -0.037489
v -0.030426 -0.140725 -0.034644
v -0.036356 -0.129489 -0.031440
v -0.015740 -0.051115 0.041533
v -0.016385 -0.050757 0.041544
v -0.019324 -0.049126 0.041594
v -0.019995 -0.048711 0.041569
v -0.003794 -0.055024 0.038869
v -0.006845 -0.054420 0.039961
v -0.007712 -0.054168 0.040179
v -0.009080 -0.053769 0.040523
v -0.010230 -0.053434 0.040812
v -0.011946 -0.052802 0.041116
v -0.012150 -0.052727 0.041152
v -0.014521 -0.051662 0.041404
v -0.000108 -0.055443 0.037111
v -0.003516 -0.055078 0.038769
v -0.003728 -0.055036 0.038845
v 0.000867 -0.055467 0.036490
v 0.002865 -0.055517 0.035216
v 0.003224 -0.055501 0.034924
v 0.009395 -0.054927 0.028818
v 0.008775 -0.055022 0.029588
v 0.007808 -0.055169 0.030788
v 0.006181 -0.055336 0.032422
v 0.005649 -0.055391 0.032956
v 0.005211 -0.055411 0.033312
v 0.016610 -0.053283 0.013710
v 0.016602 -0.053285 0.013747
v 0.015957 -0.053465 0.015825
v 0.015432 -0.053612 0.017521
v 0.015280 -0.053655 0.018009
v 0.013597 -0.054087 0.022043
v 0.013021 -0.054220 0.023147
v 0.012758 -0.054281 0.023652
v 0.012298 -0.054387 0.024534
v 0.010200 -0.054804 0.027819
v 0.017462 -0.053031 0.009769
v 0.017570 -0.052999 0.009273
v 0.017762 -0.052941 0.007960
v 0.017991 -0.052872 0.006400
v 0.018043 -0.052856 0.005732
v 0.018361 -0.052758 0.001641
v 0.018387 -0.052750 0.001305
v 0.018403 -0.052745 -0.000184
v 0.018419 -0.052740 -0.001556
v 0.018368 -0.052756 -0.002463
v 0.018139 -0.052826 -0.006564
v 0.017942 -0.052887 -0.008303
v 0.017136 -0.053129 -0.013018
v 0.016879 -0.053203 -0.013970
v 0.017969 -0.052878 -0.008144
v 0.018131 -0.052829 -0.006704
v 0.013587 -0.054087 -0.023317
v 0.013250 -0.054170 -0.024017
v 0.016306 -0.053367 -0.016098
v 0.015891 -0.053487 -0.017640
v 0.014790 -0.053780 -0.020519
v 0.014231 -0.053930 -0.021981
v 0.004226 -0.055469 -0.034835
v 0.001583 -0.055512 -0.036612
v 0.001007 -0.055489 -0.036926
v 0.000368 -0.055463 -0.037275
v 0.012005 -0.054441 -0.026119
v 0.011174 -0.054621 -0.027520
v 0.010763 -0.054700 -0.028115
v 0.009554 -0.054900 -0.029624
v 0.008642 -0.055050 -0.030763
v 0.008393 -0.055091 -0.031073
v 0.007234 -0.055238 -0.032280
v 0.007088 -0.055251 -0.032407
v 0.004785 -0.055443 -0.034410
v 0.004530 -0.055464 -0.034631
v -0.004606 -0.054861 -0.039333
v -0.003216 -0.055123 -0.038890
v -0.002596 -0.055186 -0.038619
v -0.000060 -0.055446 -0.037508
v -0.009962 -0.053497 -0.040662
v -0.007201 -0.054332 -0.040116
v -0.006495 -0.054504 -0.039935
v -0.017413 -0.050234 -0.041305
v -0.015360 -0.051264 -0.041227
v -0.014024 -0.051933 -0.041177
v -0.010826 -0.053216 -0.040815
v -0.010618 -0.053299 -0.040792
v 0.012890 -0.162937 -0.045289
v -0.005395 -0.104068 -0.044259
v 0.027377 -0.092302 -0.008880
v 0.025819 -0.092811 -0.017032
v 0.020718 -0.073626 -0.016640
v 0.022276 -0.073118 -0.008628
v 0.022736 -0.072972 -0.000306
v 0.027838 -0.092159 -0.000427
v 0.023113 -0.093709 -0.024585
v 0.031721 -0.112125 -0.017277
v 0.018626 -0.053846 -0.000189
v 0.017989 -0.054055 0.007969
v 0.016226 -0.054635 0.015859
v -0.014610 -0.065791 0.042161
v -0.006524 -0.104550 0.042892
v 0.016135 -0.161878 0.042808
v 0.046724 -0.150778 0.008097
v 0.024432 -0.180980 -0.043706
v 0.019784 -0.182794 -0.044496
v 0.028736 -0.179343 -0.042502
v 0.032690 -0.177873 -0.040897
v 0.036292 -0.176560 -0.038911
v 0.039546 -0.175392 -0.036568
v 0.042458 -0.174362 -0.033893
v 0.045036 -0.173461 -0.030915
v 0.047290 -0.172682 -0.027667
v 0.049226 -0.172018 -0.024179
v 0.052182 -0.171018 -0.016621
v 0.053950 -0.170436 -0.008513
v 0.047348 -0.150531 -0.000388
v 0.044893 -0.151448 0.016271
v 0.041792 -0.152569 0.023847
v 0.039744 -0.153307 0.027321
v 0.037357 -0.154168 0.030540
v 0.034626 -0.155153 0.033471
v 0.031556 -0.156262 0.036082
v 0.028152 -0.157494 0.038345
v 0.024430 -0.158845 0.040233
v 0.020413 -0.160310 0.041726
v 0.011643 -0.163536 0.043468
v -0.001069 -0.124068 0.043105
v -0.011116 -0.085149 0.042616
v -0.015858 -0.056093 0.041809
v -0.006436 -0.062553 0.040507
v -0.010406 -0.064089 0.041542
v -0.011752 -0.054434 0.041191
v -0.002729 -0.061170 0.039068
v 0.003828 -0.058826 0.035050
v 0.000697 -0.059931 0.037241
v 0.006656 -0.057847 0.032519
v 0.009177 -0.056987 0.029677
v 0.013302 -0.055603 0.023190
v 0.018156 -0.053999 -0.008323
v 0.016575 -0.054519 -0.016145
v 0.013854 -0.055420 -0.023375
v 0.009945 -0.056732 -0.029747
v 0.007528 -0.057556 -0.032533
v 0.004796 -0.058502 -0.035016
v 0.001744 -0.059577 -0.037170
v -0.001627 -0.060792 -0.038975
v -0.005316 -0.062157 -0.040413
v -0.009313 -0.063685 -0.041473
v 0.018493 -0.116822 0.035908
v 0.021468 -0.115768 0.033333
v 0.015707 -0.096310 0.033192
v -0.002108 -0.102811 0.042265
v 0.003391 -0.122354 0.042469
v 0.002061 -0.101225 0.041231
v 0.007611 -0.120771 0.041424
v 0.005946 -0.099787 0.039792
v 0.011551 -0.119321 0.039974
v 0.009524 -0.098492 0.037959
v 0.015184 -0.118005 0.038129
v 0.012781 -0.097335 0.035752
v -0.006778 -0.083407 0.041994
v -0.002688 -0.081832 0.040962
v 0.001125 -0.080414 0.039526
v 0.004638 -0.079143 0.037698
v 0.007837 -0.078012 0.035498
v 0.010716 -0.077013 0.032951
v 0.018300 -0.095412 0.030307
v 0.024105 -0.114840 0.030432
v 0.020565 -0.094634 0.027128
v 0.026407 -0.114035 0.027234
v 0.022506 -0.093972 0.023687
v 0.028379 -0.113349 0.023773
v 0.025450 -0.092973 0.016161
v 0.031366 -0.112310 0.016202
v 0.027206 -0.092378 0.008022
v 0.033143 -0.111690 0.008009
v 0.022104 -0.073184 0.008026
v 0.020353 -0.073764 0.016067
v 0.017429 -0.074737 0.023517
v 0.015509 -0.075382 0.026929
v 0.013272 -0.076138 0.030084
v 0.033303 -0.111605 -0.009036
v 0.033776 -0.111460 -0.000506
v 0.000111 -0.123544 -0.045005
v 0.004736 -0.121738 -0.044272
v -0.000838 -0.102273 -0.043544
v 0.009016 -0.120115 -0.043128
v 0.003383 -0.100665 -0.042430
v 0.012937 -0.118666 -0.041581
v 0.007253 -0.099234 -0.040922
v 0.016493 -0.117379 -0.039642
v 0.010765 -0.097966 -0.039030
v 0.019684 -0.116246 -0.037334
v 0.013919 -0.096851 -0.036772
v 0.022517 -0.115255 -0.034679
v 0.016721 -0.095878 -0.034171
v 0.025003 -0.114396 -0.031705
v 0.019179 -0.095035 -0.031252
v 0.027154 -0.113661 -0.028445
v 0.021306 -0.094315 -0.028046
v 0.028982 -0.113042 -0.024930
v 0.018018 -0.074516 -0.024050
v 0.014106 -0.075827 -0.030581
v -0.010043 -0.084707 -0.043279
v -0.005590 -0.082940 -0.042583
v -0.001458 -0.081360 -0.041499
v 0.002339 -0.079955 -0.040028
v 0.005792 -0.078710 -0.038182
v 0.008901 -0.077615 -0.035978
v 0.011670 -0.076657 -0.033435
v 0.046811 -0.150689 -0.008891
v 0.017568 -0.161120 -0.044521
v 0.021894 -0.159481 -0.043328
v 0.025860 -0.158012 -0.041722
v 0.029462 -0.156702 -0.039724
v 0.032706 -0.155541 -0.037358
v 0.035596 -0.154521 -0.034652
v 0.038144 -0.153632 -0.031635
v 0.040360 -0.152866 -0.028340
v 0.042256 -0.152217 -0.024800
v 0.045123 -0.151247 -0.017125
v 0.006270 -0.143170 -0.045398
v 0.010936 -0.141357 -0.044649
v 0.015252 -0.139724 -0.043477
v 0.019205 -0.138262 -0.041894
v 0.022791 -0.136962 -0.039917
v 0.026013 -0.135812 -0.037568
v 0.028877 -0.134805 -0.034874
v 0.031394 -0.133930 -0.031864
v 0.033575 -0.133179 -0.028570
v 0.035434 -0.132545 -0.025025
v 0.038228 -0.131603 -0.017326
v 0.039854 -0.131065 -0.009053
v 0.040352 -0.130916 -0.000503
v 0.005046 -0.143735 0.043302
v 0.009529 -0.142051 0.042653
v 0.013783 -0.140476 0.041592
v 0.017767 -0.139018 0.040122
v 0.021449 -0.137683 0.038257
v 0.024808 -0.136473 0.036016
v 0.027832 -0.135390 0.033422
v 0.030516 -0.134433 0.030505
f 1 2 3
f 4 5 6
f 7 8 9
f 10 11 12
f 11 10 13
f 14 12 11
f 15 11 16
f 17 11 18
f 11 17 19
f 15 18 11
f 20 11 21
f 11 20 22
f 19 21 11
f 23 11 24
f 11 23 25
f 22 24 11
f 26 11 27
f 11 26 28
f 25 27 11
f 29 11 30
f 11 29 31
f 28 30 11
f 32 11 33
f 11 32 34
f 31 33 11
f 35 11 36
f 11 35 37
f 38 36 11
f 39 11 40
f 41 14 11
f 42 43 44
f 45 46 47
f 48 49 1
f 3 2 9
f 50 51 52
f 53 54 55
f 56 57 58
f 39 41 11
f 37 40 11
f 59 60 61
f 62 63 64
f 65 66 67
f 68 69 70
f 71 72 73
f 74 75 76
f 77 78 79
f 80 81 82
f 83 84 85
f 86 87 88
f 88 87 89
f 88 89 90
f 90 89 91
f 90 91 92
f 93 94 95
f 95 94 96
f 95 96 97
f 97 96 98
f 99 100 101
f 101 100 102
f 101 102 103
f 104 105 106
f 106 105 107
f 106 107 108
f 109 110 111
f 111 110 112
f 111 112 113
f 113 112 114
f 113 114 58
f 109 111 115
f 115 111 116
f 115 116 117
f 117 116 118
f 117 118 119
f 119 118 120
f 119 120 121
f 121 120 122
f 122 120 123
f 122 123 124
f 125 126 123
f 123 126 127
f 123 127 124
f 128 129 125
f 125 129 130
f 125 130 126
f 82 81 131
f 131 81 132
f 131 132 133
f 134 135 132
f 132 135 136
f 132 136 133
f 79 78 137
f 137 78 138
f 137 138 139
f 140 141 142
f 142 141 143
f 142 143 144
f 144 143 145
f 144 145 146
f 147 74 148
f 147 148 149
f 149 150 151
f 151 150 152
f 152 150 153
f 152 153 154
f 155 156 157
f 158 159 160
f 71 73 161
f 69 162 70
f 70 162 163
f 70 163 164
f 164 163 165
f 164 165 73
f 73 165 166
f 73 166 161
f 167 168 169
f 169 168 170
f 171 42 172
f 172 42 173
f 172 173 174
f 174 173 175
f 175 173 176
f 175 176 177
f 177 176 178
f 178 176 179
f 178 179 180
f 180 179 181
f 180 181 182
f 183 184 185
f 185 184 182
f 185 182 186
f 186 182 181
f 187 188 189
f 189 188 190
f 189 190 191
f 191 190 192
f 191 192 185
f 185 192 193
f 185 193 183
f 194 195 196
f 196 195 197
f 196 197 198
f 66 65 196
f 196 65 199
f 196 199 194
f 200 201 202
f 202 201 203
f 204 205 200
f 200 205 206
f 200 206 201
f 207 208 209
f 209 208 210
f 209 210 211
f 212 213 214
f 215 216 217
f 217 216 218
f 217 218 212
f 219 215 220
f 220 215 217
f 221 222 223
f 223 222 224
f 223 224 225
f 225 224 226
f 227 228 229
f 229 228 226
f 229 226 230
f 230 226 224
f 230 224 231
f 232 227 233
f 233 227 229
f 233 229 234
f 234 229 230
f 234 230 235
f 235 230 231
f 235 231 236
f 237 232 238
f 238 232 233
f 238 233 239
f 239 233 234
f 239 234 240
f 240 234 235
f 240 235 241
f 241 235 236
f 241 236 242
f 242 236 243
f 244 245 246
f 38 237 36
f 36 237 238
f 36 238 35
f 35 238 239
f 35 239 37
f 37 239 240
f 37 240 40
f 40 240 241
f 40 241 39
f 39 241 242
f 39 242 41
f 41 242 243
f 41 243 14
f 247 245 248
f 248 245 244
f 248 244 249
f 11 250 251
f 251 250 252
f 251 252 253
f 253 252 254
f 253 254 255
f 255 254 256
f 255 256 257
f 257 256 258
f 257 258 259
f 259 258 260
f 259 260 261
f 261 260 262
f 261 262 263
f 263 262 264
f 265 247 266
f 266 247 248
f 266 248 267
f 267 248 249
f 267 249 268
f 269 265 270
f 270 265 266
f 270 266 271
f 271 266 267
f 271 267 272
f 272 267 268
f 272 268 273
f 92 83 90
f 90 83 85
f 90 85 88
f 88 85 269
f 88 269 274
f 274 269 270
f 274 270 275
f 275 270 271
f 275 271 276
f 276 271 272
f 276 272 277
f 277 272 273
f 277 273 278
f 99 98 100
f 100 98 96
f 100 96 102
f 102 96 279
f 102 279 280
f 280 279 281
f 280 281 282
f 282 281 283
f 282 283 284
f 284 283 285
f 284 285 286
f 286 285 287
f 286 287 11
f 114 104 58
f 58 104 106
f 58 106 56
f 56 106 108
f 56 108 288
f 289 142 290
f 290 142 144
f 290 144 138
f 138 144 146
f 138 146 139
f 291 289 292
f 292 289 290
f 292 290 293
f 293 290 138
f 293 138 294
f 294 138 78
f 294 78 134
f 134 78 77
f 134 77 135
f 295 291 296
f 296 291 292
f 296 292 297
f 297 292 293
f 297 293 298
f 298 293 294
f 298 294 299
f 299 294 134
f 299 134 300
f 300 134 132
f 300 132 301
f 301 132 81
f 301 81 128
f 128 81 80
f 128 80 129
f 302 295 303
f 303 295 296
f 303 296 304
f 304 296 297
f 304 297 305
f 305 297 298
f 305 298 306
f 306 298 299
f 306 299 307
f 307 299 300
f 307 300 308
f 308 300 301
f 308 301 309
f 309 301 128
f 309 128 310
f 310 128 125
f 310 125 311
f 311 125 123
f 311 123 312
f 312 123 120
f 312 120 313
f 313 120 118
f 313 118 314
f 314 118 116
f 314 116 315
f 315 116 111
f 315 111 316
f 316 111 113
f 316 113 317
f 317 113 58
f 317 58 318
f 318 58 57
f 318 57 319
f 320 302 321
f 321 302 303
f 321 303 322
f 322 303 304
f 322 304 323
f 323 304 305
f 323 305 324
f 324 305 306
f 324 306 325
f 325 306 307
f 325 307 326
f 326 307 308
f 326 308 327
f 327 308 309
f 327 309 328
f 328 309 310
f 328 310 329
f 329 310 311
f 329 311 330
f 330 311 312
f 330 312 331
f 331 312 313
f 331 313 332
f 332 313 314
f 332 314 333
f 333 314 315
f 333 315 334
f 334 315 316
f 334 316 335
f 335 316 317
f 335 317 336
f 336 317 318
f 336 318 337
f 337 318 319
f 337 319 338
f 339 340 341
f 341 340 342
f 341 342 343
f 343 342 344
f 343 344 345
f 345 344 346
f 345 346 347
f 347 346 348
f 347 348 349
f 16 320 15
f 15 320 321
f 15 321 18
f 18 321 322
f 18 322 17
f 17 322 323
f 17 323 19
f 19 323 324
f 19 324 21
f 21 324 325
f 21 325 20
f 20 325 326
f 20 326 22
f 22 326 327
f 22 327 24
f 24 327 328
f 24 328 23
f 23 328 329
f 23 329 25
f 25 329 330
f 25 330 27
f 27 330 331
f 27 331 26
f 26 331 332
f 26 332 28
f 28 332 333
f 28 333 30
f 30 333 334
f 30 334 29
f 29 334 335
f 29 335 31
f 31 335 336
f 31 336 33
f 33 336 337
f 33 337 32
f 32 337 338
f 32 338 34
f 60 59 350
f 59 351 350
f 350 351 352
f 350 352 353
f 353 352 354
f 353 354 53
f 355 356 357
f 357 356 358
f 357 358 359
f 53 55 353
f 353 55 355
f 353 355 350
f 350 355 357
f 350 357 60
f 60 357 359
f 60 359 61
f 360 361 362
f 362 361 363
f 362 363 364
f 364 363 365
f 364 365 366
f 366 365 367
f 366 367 368
f 368 367 369
f 368 369 52
f 52 369 370
f 52 370 50
f 371 51 372
f 372 51 50
f 372 50 373
f 373 50 370
f 373 370 374
f 374 370 369
f 374 369 375
f 375 369 367
f 375 367 376
f 376 367 365
f 376 365 377
f 377 365 363
f 377 363 378
f 378 363 361
f 379 360 380
f 380 360 362
f 380 362 381
f 381 362 364
f 381 364 382
f 382 364 366
f 382 366 383
f 383 366 368
f 383 368 384
f 384 368 52
f 384 52 385
f 385 52 51
f 228 64 226
f 226 64 63
f 226 63 225
f 225 63 386
f 225 386 223
f 223 386 387
f 223 387 221
f 221 387 385
f 221 385 222
f 222 385 51
f 222 51 224
f 224 51 371
f 224 371 231
f 231 371 372
f 231 372 236
f 236 372 373
f 236 373 243
f 243 373 374
f 243 374 14
f 14 374 375
f 14 375 12
f 12 375 376
f 12 376 10
f 10 376 377
f 10 377 13
f 13 377 378
f 48 388 389
f 389 388 390
f 157 158 155
f 155 158 160
f 155 160 391
f 391 160 159
f 391 159 153
f 153 159 392
f 153 392 154
f 393 46 394
f 394 46 45
f 394 45 395
f 395 45 396
f 396 45 47
f 396 47 397
f 397 47 398
f 397 398 399
f 399 398 400
f 399 400 401
f 401 400 402
f 401 402 198
f 198 402 403
f 198 403 196
f 196 403 202
f 196 202 66
f 66 202 203
f 66 203 67
f 170 68 169
f 169 68 70
f 169 70 404
f 404 70 164
f 43 405 406
f 43 406 44
f 44 406 407
f 44 407 408
f 397 409 396
f 396 409 410
f 396 410 395
f 395 410 408
f 395 408 394
f 394 408 407
f 394 407 393
f 42 44 173
f 173 44 408
f 173 408 176
f 176 408 410
f 176 410 179
f 179 410 409
f 179 409 181
f 181 409 397
f 181 397 186
f 186 397 399
f 186 399 185
f 185 399 401
f 185 401 191
f 191 401 198
f 191 198 189
f 189 198 197
f 189 197 187
f 11 411 412
f 412 411 413
f 412 413 414
f 414 413 415
f 414 415 416
f 416 415 417
f 416 417 418
f 418 417 419
f 418 419 420
f 420 419 421
f 420 421 422
f 422 421 423
f 422 423 424
f 424 423 425
f 424 425 426
f 426 425 427
f 426 427 428
f 11 412 250
f 250 412 414
f 250 414 252
f 252 414 416
f 252 416 254
f 254 416 418
f 254 418 256
f 256 418 420
f 256 420 258
f 258 420 422
f 258 422 260
f 260 422 424
f 260 424 262
f 262 424 426
f 262 426 264
f 264 426 428
f 264 428 390
f 429 214 430
f 430 214 431
f 430 431 432
f 432 431 433
f 212 214 217
f 217 214 429
f 217 429 220
f 220 429 434
f 220 434 219
f 219 434 435
f 348 54 349
f 349 54 53
f 349 53 436
f 436 53 354
f 436 354 437
f 437 354 352
f 437 352 438
f 438 352 351
f 438 351 439
f 340 379 342
f 342 379 380
f 342 380 344
f 344 380 381
f 344 381 346
f 346 381 382
f 346 382 348
f 348 382 383
f 348 383 54
f 54 383 384
f 54 384 55
f 55 384 385
f 55 385 355
f 355 385 387
f 355 387 356
f 356 387 386
f 356 386 358
f 358 386 63
f 358 63 359
f 359 63 62
f 359 62 61
f 61 62 440
f 61 440 59
f 59 440 441
f 59 441 351
f 351 441 442
f 351 442 439
f 48 1 388
f 388 1 3
f 388 3 390
f 390 3 9
f 390 9 264
f 264 9 8
f 264 8 263
f 411 278 413
f 413 278 273
f 413 273 415
f 415 273 268
f 415 268 417
f 417 268 249
f 417 249 419
f 419 249 244
f 419 244 421
f 421 244 246
f 421 246 423
f 423 246 443
f 423 443 425
f 425 443 444
f 425 444 427
f 427 444 445
f 427 445 428
f 428 445 446
f 428 446 390
f 390 446 447
f 390 447 389
f 93 86 94
f 94 86 88
f 94 88 96
f 96 88 274
f 96 274 279
f 279 274 275
f 279 275 281
f 281 275 276
f 281 276 283
f 283 276 277
f 283 277 285
f 285 277 278
f 285 278 287
f 287 278 411
f 287 411 11
f 288 103 56
f 56 103 102
f 56 102 57
f 57 102 280
f 57 280 319
f 319 280 282
f 319 282 338
f 338 282 284
f 338 284 34
f 34 284 286
f 34 286 11
f 448 449 450
f 451 449 5
f 5 449 448
f 5 448 6
f 451 5 452
f 452 5 4
f 452 4 211
f 6 433 4
f 4 433 431
f 4 431 211
f 211 431 214
f 211 214 209
f 209 214 213
f 209 213 207
f 74 76 148
f 148 76 339
f 148 339 453
f 453 339 341
f 453 341 454
f 454 341 343
f 454 343 455
f 455 343 345
f 455 345 456
f 456 345 347
f 456 347 457
f 457 347 349
f 457 349 458
f 458 349 436
f 458 436 459
f 459 436 437
f 459 437 460
f 460 437 438
f 460 438 461
f 461 438 439
f 461 439 462
f 75 140 76
f 76 140 142
f 76 142 339
f 339 142 289
f 339 289 340
f 340 289 291
f 340 291 379
f 379 291 295
f 379 295 360
f 360 295 302
f 360 302 361
f 361 302 320
f 361 320 378
f 378 320 16
f 378 16 13
f 13 16 11
f 210 204 211
f 211 204 200
f 211 200 452
f 452 200 202
f 452 202 451
f 451 202 403
f 451 403 449
f 449 403 402
f 449 402 450
f 450 402 400
f 156 155 72
f 72 155 463
f 72 463 73
f 73 463 464
f 73 464 164
f 164 464 465
f 164 465 404
f 391 466 155
f 155 466 467
f 155 467 463
f 463 467 468
f 463 468 464
f 464 468 469
f 464 469 465
f 465 469 470
f 465 470 404
f 404 470 405
f 404 405 169
f 169 405 43
f 169 43 167
f 167 43 42
f 167 42 471
f 471 42 171
f 389 472 48
f 48 472 473
f 48 473 49
f 49 473 462
f 49 462 1
f 1 462 439
f 1 439 2
f 2 439 442
f 2 442 9
f 9 442 441
f 9 441 7
f 7 441 440
f 7 440 8
f 8 440 62
f 8 62 263
f 263 62 64
f 263 64 261
f 261 64 228
f 261 228 259
f 259 228 227
f 259 227 257
f 257 227 232
f 257 232 255
f 255 232 237
f 255 237 253
f 253 237 38
f 253 38 251
f 251 38 11
f 149 148 150
f 150 148 453
f 150 453 153
f 153 453 454
f 153 454 391
f 391 454 455
f 391 455 466
f 466 455 456
f 466 456 467
f 467 456 457
f 467 457 468
f 468 457 458
f 468 458 469
f 469 458 459
f 469 459 470
f 470 459 460
f 470 460 405
f 405 460 461
f 405 461 406
f 406 461 462
f 406 462 407
f 407 462 473
f 407 473 393
f 393 473 472
f 393 472 46
f 46 472 389
f 46 389 47
f 47 389 447
f 47 447 398
f 398 447 446
f 398 446 400
f 400 446 445
f 400 445 450
f 450 445 444
f 450 444 448
f 448 444 443
f 448 443 6
f 6 443 246
f 6 246 433
f 433 246 245
f 433 245 432
f 432 245 247
f 432 247 430
f 430 247 265
f 430 265 429
f 429 265 269
f 429 269 434
f 434 269 85
f 434 85 435
f 435 85 84
f 474 475 476
f 477 478 479
f 480 481 482
f 483 479 484
f 485 486 487
f 488 489 490
f 490 489 491
f 490 491 492
f 493 494 495
f 495 494 496
f 495 496 490
f 490 496 497
f 490 497 488
f 498 499 500
f 500 499 501
f 500 501 495
f 495 501 502
f 495 502 493
f 503 504 505
f 505 504 506
f 505 506 507
f 508 509 510
f 510 509 511
f 510 511 500
f 500 511 512
f 500 512 498
f 513 514 515
f 515 514 516
f 515 516 505
f 505 516 517
f 505 517 503
f 518 519 520
f 520 519 521
f 520 521 515
f 515 521 522
f 515 522 513
f 523 524 525
f 525 524 526
f 525 526 527
f 527 526 528
f 527 528 520
f 520 528 529
f 520 529 518
f 523 525 530
f 530 525 531
f 530 531 532
f 533 534 535
f 535 534 536
f 535 536 531
f 531 536 537
f 531 537 532
f 538 539 535
f 535 539 540
f 535 540 533
f 541 542 543
f 543 542 544
f 543 544 545
f 545 544 546
f 545 546 547
f 548 549 550
f 550 549 551
f 550 551 543
f 543 551 552
f 543 552 541
f 553 554 487
f 487 554 555
f 487 555 550
f 550 555 556
f 550 556 548
f 486 557 558
f 486 558 487
f 487 558 559
f 487 559 553
f 560 561 562
f 562 561 563
f 564 565 566
f 566 565 567
f 568 569 570
f 570 569 571
f 572 573 574
f 574 573 575
f 75 74 574
f 574 74 147
f 574 147 572
f 572 147 149
f 563 485 562
f 562 485 487
f 562 487 576
f 576 487 550
f 576 550 577
f 577 550 543
f 577 543 538
f 538 543 545
f 538 545 539
f 539 545 547
f 578 119 579
f 579 119 121
f 579 121 122
f 580 130 129
f 129 80 580
f 580 80 82
f 580 82 581
f 122 124 579
f 579 124 127
f 579 127 580
f 580 127 126
f 580 126 130
f 582 583 135
f 135 77 582
f 582 77 79
f 582 79 137
f 584 578 585
f 585 578 579
f 585 579 586
f 586 579 580
f 586 580 587
f 587 580 581
f 587 581 588
f 588 581 583
f 588 583 589
f 589 583 582
f 589 582 590
f 590 582 591
f 590 591 592
f 592 591 574
f 592 574 570
f 570 574 575
f 570 575 568
f 591 143 141
f 591 141 574
f 574 141 140
f 574 140 75
f 137 139 582
f 582 139 146
f 582 146 591
f 591 146 145
f 591 145 143
f 82 131 581
f 581 131 133
f 581 133 583
f 583 133 136
f 583 136 135
f 593 594 595
f 595 594 596
f 475 597 598
f 598 597 599
f 598 599 600
f 600 599 601
f 600 601 602
f 602 601 603
f 602 603 604
f 604 603 605
f 604 605 606
f 606 605 607
f 606 607 608
f 608 607 609
f 608 609 610
f 610 609 611
f 610 611 612
f 612 611 613
f 612 613 614
f 614 613 615
f 614 615 565
f 565 615 616
f 565 616 567
f 482 617 618
f 219 617 619
f 481 620 482
f 482 620 621
f 482 621 617
f 617 621 619
f 596 480 595
f 595 480 482
f 595 482 622
f 622 482 618
f 622 618 623
f 623 618 87
f 623 87 86
f 219 435 617
f 617 435 84
f 617 84 83
f 83 92 617
f 617 92 91
f 617 91 618
f 618 91 89
f 618 89 87
f 479 483 477
f 477 483 624
f 477 624 625
f 625 624 626
f 625 626 627
f 627 626 103
f 627 103 288
f 104 628 629
f 629 628 630
f 629 630 631
f 631 630 474
f 631 474 632
f 632 474 476
f 632 476 478
f 104 114 628
f 628 114 112
f 628 112 110
f 288 108 627
f 627 108 107
f 627 107 105
f 478 477 632
f 632 477 625
f 632 625 631
f 631 625 627
f 631 627 629
f 629 627 105
f 629 105 104
f 98 99 626
f 626 99 101
f 626 101 103
f 86 93 623
f 623 93 95
f 623 95 97
f 633 593 484
f 484 593 595
f 484 595 483
f 483 595 622
f 483 622 624
f 624 622 623
f 624 623 626
f 626 623 97
f 626 97 98
f 597 584 599
f 599 584 585
f 599 585 601
f 601 585 586
f 601 586 603
f 603 586 587
f 603 587 605
f 605 587 588
f 605 588 607
f 607 588 589
f 607 589 609
f 609 589 590
f 609 590 611
f 611 590 592
f 611 592 613
f 613 592 570
f 613 570 615
f 615 570 571
f 615 571 616
f 634 635 636
f 636 635 637
f 636 637 638
f 506 508 507
f 507 508 510
f 507 510 639
f 639 510 500
f 639 500 640
f 640 500 495
f 640 495 636
f 636 495 490
f 636 490 634
f 634 490 492
f 110 109 628
f 628 109 115
f 628 115 117
f 475 474 597
f 597 474 630
f 597 630 584
f 584 630 628
f 584 628 578
f 578 628 117
f 578 117 119
f 564 560 565
f 565 560 562
f 565 562 614
f 614 562 576
f 614 576 612
f 612 576 577
f 612 577 610
f 610 577 538
f 610 538 608
f 608 538 535
f 608 535 606
f 606 535 531
f 606 531 604
f 604 531 525
f 604 525 602
f 602 525 527
f 602 527 600
f 600 527 520
f 600 520 598
f 598 520 515
f 598 515 475
f 475 515 505
f 475 505 476
f 476 505 507
f 476 507 478
f 478 507 639
f 478 639 479
f 479 639 640
f 479 640 484
f 484 640 636
f 484 636 633
f 633 636 638
f 167 471 641
f 642 643 644
f 645 557 486
f 646 647 648
f 648 647 645
f 649 650 651
f 651 650 652
f 651 652 648
f 648 652 653
f 648 653 646
f 654 655 656
f 656 655 657
f 656 657 651
f 651 657 658
f 651 658 649
f 659 660 661
f 661 660 662
f 661 662 663
f 659 661 664
f 664 661 665
f 664 665 666
f 666 665 667
f 667 665 668
f 667 668 669
f 670 671 672
f 672 671 673
f 672 673 668
f 668 673 674
f 668 674 669
f 675 676 677
f 675 677 672
f 672 677 678
f 672 678 670
f 157 156 679
f 679 156 680
f 680 156 72
f 680 72 71
f 154 392 681
f 681 392 159
f 681 159 679
f 679 159 158
f 679 158 157
f 149 151 681
f 681 151 152
f 681 152 154
f 575 573 681
f 681 573 572
f 681 572 149
f 682 568 575
f 683 656 684
f 684 656 651
f 684 651 685
f 685 651 648
f 685 648 686
f 645 486 648
f 648 486 485
f 648 485 686
f 686 485 563
f 686 563 561
f 642 644 687
f 643 675 644
f 644 675 672
f 644 672 688
f 688 672 668
f 688 668 689
f 689 668 665
f 689 665 683
f 683 665 661
f 683 661 656
f 656 661 663
f 656 663 654
f 686 690 685
f 685 690 691
f 685 691 684
f 684 691 692
f 684 692 683
f 683 692 693
f 683 693 689
f 689 693 694
f 689 694 688
f 688 694 695
f 688 695 644
f 644 695 696
f 644 696 687
f 687 696 697
f 175 177 698
f 698 177 178
f 698 178 699
f 699 178 180
f 471 171 641
f 641 171 172
f 641 172 698
f 698 172 174
f 698 174 175
f 699 700 698
f 698 700 701
f 702 703 704
f 704 705 706
f 706 705 707
f 706 707 708
f 167 641 168
f 168 641 709
f 168 709 170
f 71 161 680
f 680 161 166
f 680 166 710
f 710 166 165
f 710 165 163
f 163 162 710
f 710 162 69
f 710 69 709
f 709 69 68
f 709 68 170
f 704 706 702
f 702 706 711
f 702 711 712
f 712 711 713
f 712 713 714
f 714 713 715
f 714 715 716
f 716 715 717
f 716 717 718
f 718 717 719
f 718 719 720
f 720 719 721
f 720 721 682
f 682 721 569
f 682 569 568
f 575 681 682
f 682 681 679
f 682 679 720
f 720 679 680
f 720 680 718
f 718 680 710
f 718 710 716
f 716 710 709
f 716 709 714
f 714 709 641
f 714 641 712
f 712 641 698
f 712 698 702
f 702 698 701
f 702 701 703
f 567 616 721
f 721 616 571
f 721 571 569
f 561 560 686
f 686 560 564
f 686 564 690
f 690 564 566
f 690 566 567
f 567 721 690
f 690 721 719
f 690 719 691
f 691 719 717
f 691 717 692
f 692 717 715
f 692 715 693
f 693 715 713
f 693 713 694
f 694 713 711
f 694 711 695
f 695 711 706
f 695 706 696
f 696 706 708
f 696 708 697
f 707 705 722
f 723 724 725
f 637 635 726
f 727 728 726
f 643 729 675
f 675 729 730
f 675 730 676
f 731 732 733
f 733 732 734
f 733 734 729
f 729 734 735
f 729 735 730
f 736 737 738
f 738 737 739
f 738 739 740
f 740 739 741
f 740 741 731
f 731 741 742
f 731 742 732
f 743 744 745
f 745 744 746
f 747 748 749
f 749 748 750
f 750 748 751
f 751 748 752
f 751 752 753
f 728 754 726
f 726 754 755
f 726 755 756
f 756 755 757
f 756 757 758
f 726 635 727
f 727 635 634
f 727 634 492
f 642 687 759
f 759 687 697
f 759 697 708
f 760 199 761
f 761 199 65
f 761 65 67
f 192 190 762
f 762 190 188
f 762 188 187
f 187 197 762
f 762 197 195
f 762 195 760
f 760 195 194
f 760 194 199
f 182 184 763
f 763 184 183
f 763 183 193
f 193 192 763
f 763 192 762
f 763 762 764
f 765 766 767
f 767 766 768
f 767 768 745
f 765 769 770
f 770 769 722
f 704 703 764
f 703 701 764
f 764 701 700
f 764 700 763
f 763 700 182
f 182 700 699
f 182 699 180
f 643 642 729
f 729 642 759
f 729 759 733
f 733 759 771
f 733 771 731
f 731 771 772
f 731 772 740
f 740 772 773
f 740 773 738
f 774 594 593
f 774 593 775
f 775 593 633
f 775 633 638
f 758 753 756
f 756 753 752
f 756 752 726
f 726 752 775
f 726 775 637
f 637 775 638
f 766 776 768
f 768 776 777
f 768 777 745
f 745 777 748
f 745 748 743
f 743 748 747
f 215 723 216
f 216 723 218
f 207 213 723
f 723 213 212
f 723 212 218
f 778 208 207
f 779 619 621
f 779 621 620
f 620 481 779
f 779 481 480
f 779 480 774
f 774 480 596
f 774 596 594
f 205 204 780
f 780 204 778
f 778 204 210
f 778 210 208
f 203 201 780
f 780 201 206
f 780 206 205
f 207 723 778
f 778 723 725
f 778 725 780
f 780 725 781
f 780 781 782
f 782 783 780
f 780 783 761
f 780 761 203
f 203 761 67
f 724 784 725
f 725 784 785
f 725 785 781
f 781 785 786
f 781 786 782
f 782 786 787
f 782 787 783
f 708 707 759
f 759 707 722
f 759 722 771
f 771 722 769
f 771 769 772
f 772 769 765
f 772 765 773
f 773 765 767
f 773 767 738
f 738 767 745
f 738 745 736
f 736 745 746
f 705 704 722
f 722 704 764
f 722 764 770
f 770 764 762
f 770 762 765
f 765 762 760
f 765 760 766
f 766 760 761
f 766 761 776
f 776 761 783
f 776 783 777
f 777 783 787
f 777 787 748
f 748 787 786
f 748 786 752
f 752 786 785
f 752 785 775
f 775 785 784
f 775 784 774
f 774 784 724
f 774 724 779
f 779 724 723
f 779 723 619
f 619 723 215
f 619 215 219
f 788 789 790
f 791 792 793
f 517 516 794
f 795 796 797
f 798 799 800
f 801 802 803
f 804 805 806
f 807 808 809
f 810 811 812
f 813 814 815
f 816 817 806
f 818 819 820
f 820 819 558
f 820 558 557
f 821 822 823
f 823 822 824
f 825 826 816
f 827 828 807
f 829 830 808
f 828 831 807
f 807 831 832
f 807 832 808
f 808 832 833
f 808 833 829
f 813 815 834
f 835 836 837
f 837 836 838
f 837 838 810
f 811 839 840
f 840 839 841
f 840 841 834
f 842 843 844
f 844 845 846
f 846 845 847
f 846 847 848
f 848 847 849
f 848 849 850
f 851 852 853
f 853 852 854
f 853 854 835
f 826 825 814
f 855 805 856
f 856 805 804
f 856 804 857
f 858 809 859
f 859 809 808
f 859 808 822
f 822 808 830
f 822 830 824
f 529 528 860
f 860 528 526
f 821 861 822
f 822 861 862
f 822 862 859
f 859 862 860
f 859 860 858
f 858 860 526
f 858 526 863
f 863 526 524
f 534 533 855
f 855 533 540
f 816 806 825
f 825 806 805
f 825 805 864
f 864 805 855
f 864 855 865
f 865 855 540
f 865 540 539
f 534 855 536
f 536 855 856
f 536 856 537
f 537 856 857
f 537 857 866
f 523 530 866
f 866 530 532
f 866 532 537
f 524 523 863
f 863 523 866
f 863 866 858
f 858 866 857
f 858 857 809
f 809 857 804
f 809 804 807
f 807 804 806
f 807 806 827
f 827 806 817
f 801 803 853
f 867 846 803
f 803 846 848
f 803 848 853
f 853 848 850
f 853 850 851
f 868 547 546
f 834 815 840
f 840 815 869
f 840 869 870
f 870 869 868
f 870 868 871
f 871 868 546
f 871 546 544
f 552 872 541
f 541 872 542
f 810 812 837
f 837 812 873
f 837 873 874
f 874 873 872
f 874 872 875
f 875 872 552
f 875 552 551
f 811 840 812
f 812 840 870
f 812 870 873
f 873 870 871
f 873 871 872
f 872 871 544
f 872 544 542
f 553 559 867
f 844 846 842
f 842 846 867
f 842 867 819
f 819 867 559
f 819 559 558
f 549 548 802
f 802 548 556
f 802 556 803
f 803 556 555
f 803 555 867
f 867 555 554
f 867 554 553
f 835 837 853
f 853 837 874
f 853 874 801
f 801 874 875
f 801 875 802
f 802 875 551
f 802 551 549
f 814 825 815
f 815 825 864
f 815 864 869
f 869 864 865
f 869 865 868
f 868 865 539
f 868 539 547
f 876 798 877
f 798 800 877
f 877 800 878
f 877 878 879
f 795 797 880
f 880 797 881
f 880 881 882
f 491 489 883
f 883 489 488
f 492 491 884
f 884 491 883
f 884 883 885
f 884 885 886
f 886 885 793
f 886 793 887
f 888 499 498
f 496 494 878
f 878 494 493
f 878 493 879
f 879 493 502
f 879 502 501
f 876 877 889
f 889 877 879
f 889 879 888
f 888 879 501
f 888 501 499
f 488 497 890
f 890 497 496
f 504 503 891
f 891 503 517
f 511 509 881
f 881 509 508
f 881 508 882
f 882 508 506
f 882 506 504
f 892 893 519
f 513 522 893
f 893 522 521
f 893 521 519
f 513 893 514
f 514 893 892
f 514 892 516
f 498 512 894
f 894 512 511
f 895 896 897
f 488 890 883
f 883 890 898
f 883 898 885
f 885 898 895
f 885 895 793
f 793 895 897
f 793 897 791
f 887 793 792
f 887 792 899
f 899 792 900
f 899 900 901
f 498 894 888
f 888 894 902
f 888 902 889
f 889 902 790
f 889 790 876
f 876 790 789
f 876 789 903
f 903 904 876
f 876 904 905
f 876 905 798
f 798 905 906
f 798 906 799
f 799 906 907
f 799 907 908
f 496 878 890
f 890 878 800
f 890 800 898
f 898 800 799
f 898 799 895
f 895 799 908
f 895 908 896
f 909 910 911
f 911 910 912
f 517 794 891
f 891 794 913
f 891 913 914
f 914 913 911
f 914 911 915
f 915 911 912
f 915 912 916
f 917 918 795
f 795 918 919
f 795 919 796
f 796 919 920
f 796 920 921
f 504 891 882
f 882 891 914
f 882 914 880
f 880 914 915
f 880 915 795
f 795 915 916
f 795 916 917
f 922 923 924
f 924 923 925
f 518 529 519
f 519 529 926
f 519 926 892
f 892 926 927
f 892 927 928
f 928 927 924
f 928 924 929
f 929 924 925
f 925 930 929
f 929 930 931
f 929 931 932
f 516 892 794
f 794 892 928
f 794 928 913
f 913 928 929
f 913 929 911
f 911 929 932
f 911 932 909
f 511 881 894
f 894 881 797
f 894 797 902
f 902 797 796
f 902 796 790
f 790 796 921
f 790 921 788
f 818 933 819
f 819 933 934
f 819 934 842
f 842 934 935
f 842 935 843
f 843 935 936
f 843 936 937
f 937 936 938
f 821 939 861
f 861 939 940
f 861 940 941
f 529 860 926
f 926 860 862
f 926 862 927
f 927 862 861
f 927 861 924
f 924 861 941
f 924 941 922
f 942 935 934
f 943 944 945
f 945 944 946
f 947 948 949
f 950 951 952
f 952 951 953
f 952 953 954
f 955 956 954
f 954 956 957
f 954 957 952
f 952 957 949
f 952 949 950
f 950 949 948
f 958 959 960
f 960 959 961
f 960 961 944
f 944 961 962
f 944 962 946
f 963 964 965
f 966 967 968
f 969 967 970
f 970 967 966
f 970 966 971
f 972 973 974
f 974 973 969
f 974 969 975
f 975 969 970
f 976 968 977
f 977 968 967
f 977 967 978
f 978 967 969
f 978 969 979
f 979 969 973
f 669 971 980
f 980 971 981
f 980 981 982
f 659 664 982
f 982 664 666
f 982 666 980
f 980 666 667
f 980 667 669
f 669 674 971
f 971 674 673
f 971 673 970
f 970 673 671
f 970 671 975
f 983 942 984
f 965 964 985
f 985 964 986
f 985 986 987
f 987 986 988
f 987 988 989
f 989 988 990
f 989 990 991
f 942 934 984
f 984 934 933
f 984 933 992
f 992 933 818
f 992 818 993
f 818 820 993
f 993 820 557
f 993 557 645
f 983 984 994
f 994 984 992
f 994 992 995
f 995 992 993
f 995 993 996
f 996 993 645
f 996 645 647
f 658 997 998
f 662 999 663
f 663 999 1000
f 663 1000 654
f 654 1000 655
f 658 657 997
f 997 657 655
f 997 655 1001
f 1001 655 1000
f 1001 1000 1002
f 1002 1000 999
f 1002 999 1003
f 653 652 1004
f 1004 652 650
f 1004 650 998
f 998 650 649
f 998 649 658
f 1005 1004 1006
f 1006 1004 998
f 1006 998 991
f 991 998 997
f 991 997 989
f 989 997 1001
f 989 1001 987
f 987 1001 1002
f 987 1002 985
f 985 1002 1003
f 985 1003 965
f 938 936 1007
f 1007 936 1008
f 1007 1008 1009
f 1010 1011 1008
f 1008 1011 1012
f 1008 1012 1009
f 647 646 996
f 996 646 653
f 996 653 995
f 995 653 1004
f 995 1004 994
f 994 1004 1005
f 994 1005 983
f 983 1005 1010
f 983 1010 942
f 942 1010 1008
f 942 1008 935
f 935 1008 936
f 1013 1014 1015
f 1015 1014 1016
f 1015 1016 1017
f 945 1018 943
f 943 1018 1019
f 943 1019 1013
f 1013 1019 1020
f 1013 1020 1014
f 1021 1022 991
f 991 1022 1023
f 991 1023 1006
f 1006 1023 1024
f 1006 1024 1005
f 1005 1024 1025
f 1005 1025 1010
f 1010 1025 1026
f 1010 1026 1011
f 676 972 677
f 677 972 974
f 677 974 678
f 678 974 975
f 678 975 670
f 670 975 671
f 660 659 1027
f 1027 659 982
f 1027 982 1028
f 1028 982 981
f 1028 981 1029
f 1029 981 971
f 1029 971 956
f 956 971 966
f 956 966 957
f 957 966 968
f 957 968 949
f 949 968 976
f 949 976 947
f 947 976 1030
f 662 660 999
f 999 660 1027
f 999 1027 1003
f 1003 1027 1028
f 1003 1028 965
f 965 1028 1029
f 965 1029 963
f 963 1029 956
f 963 956 1031
f 1031 956 955
f 1031 958 963
f 963 958 960
f 963 960 964
f 964 960 944
f 964 944 986
f 986 944 943
f 986 943 988
f 988 943 1013
f 988 1013 990
f 990 1013 1015
f 990 1015 991
f 991 1015 1017
f 991 1017 1021
f 1032 1033 1034
f 676 730 972
f 972 730 1035
f 972 1035 973
f 973 1035 979
f 1036 1037 1038
f 1038 1037 1039
f 1030 976 1040
f 1040 976 1039
f 901 1041 899
f 899 1041 1042
f 899 1042 887
f 887 1042 1043
f 887 1043 886
f 727 1044 728
f 728 1044 754
f 727 492 1044
f 1044 492 884
f 1045 1046 1047
f 1042 1048 1043
f 1043 1048 1049
f 1043 1049 1046
f 1046 1049 1050
f 1046 1050 1047
f 1047 1051 1045
f 1045 1051 1052
f 1045 1052 1053
f 1052 1054 1053
f 1053 1054 1055
f 1053 1055 1056
f 1056 1055 1057
f 1056 1057 1058
f 1058 1057 1059
f 1058 1059 1060
f 1032 1034 1061
f 747 1062 1034
f 736 746 1033
f 1033 746 744
f 1033 744 1034
f 1034 744 743
f 1034 743 747
f 884 886 1044
f 1044 886 1043
f 1044 1043 1063
f 1063 1043 1046
f 1063 1046 1064
f 1064 1046 1045
f 1064 1045 1065
f 1065 1045 1053
f 1065 1053 1062
f 1062 1053 1056
f 1062 1056 1034
f 1034 1056 1058
f 1034 1058 1061
f 1061 1058 1060
f 754 1044 755
f 755 1044 1063
f 755 1063 757
f 757 1063 1064
f 757 1064 758
f 747 749 1062
f 1062 749 750
f 1062 750 1065
f 1065 750 751
f 1065 751 1064
f 1064 751 753
f 1064 753 758
f 1039 976 1038
f 1038 976 977
f 1038 977 978
f 1035 1066 1067
f 1067 1066 1068
f 732 1066 734
f 734 1066 1035
f 734 1035 735
f 735 1035 730
f 1069 1070 1071
f 1071 1070 1067
f 1071 1067 1072
f 1072 1067 1068
f 1070 1073 1067
f 1067 1073 1074
f 1067 1074 1075
f 1075 1036 1067
f 1067 1036 1038
f 1067 1038 1035
f 1035 1038 978
f 1035 978 979
f 732 742 1066
f 1066 742 741
f 1066 741 1068
f 1068 741 739
f 1068 739 737
f 1060 1076 1061
f 1061 1076 1077
f 1061 1077 1078
f 1079 1080 1071
f 1071 1080 1081
f 1071 1081 1069
f 1078 1079 1061
f 1061 1079 1071
f 1061 1071 1032
f 1032 1071 1072
f 1032 1072 1033
f 1033 1072 1068
f 1033 1068 736
f 736 1068 737
f 1082 1083 1084
f 1085 1086 1087
f 1088 1089 1090
f 792 791 1091
f 1092 845 844
f 844 843 1093
f 1093 843 937
f 1093 937 938
f 1094 852 851
f 851 850 1094
f 1094 850 849
f 1094 849 1092
f 1092 849 847
f 1092 847 845
f 838 836 1095
f 1095 836 835
f 1095 835 1094
f 1094 835 854
f 1094 854 852
f 841 839 1084
f 839 811 1095
f 1095 811 810
f 1095 810 838
f 817 816 1096
f 1096 816 826
f 826 814 1096
f 1096 814 813
f 1096 813 1084
f 1084 813 834
f 1084 834 841
f 817 1096 827
f 827 1096 1097
f 827 1097 828
f 1098 830 829
f 829 833 1098
f 1098 833 832
f 1098 832 1097
f 1097 832 831
f 1097 831 828
f 1099 823 1098
f 1098 823 824
f 1098 824 830
f 941 940 1100
f 1100 940 939
f 1100 939 1099
f 1099 939 821
f 1099 821 823
f 930 925 1087
f 1087 925 923
f 1087 923 1100
f 1100 923 922
f 1100 922 941
f 1101 909 932
f 1101 932 1087
f 1087 932 931
f 1087 931 930
f 916 912 1101
f 1101 912 910
f 1101 910 909
f 916 1101 917
f 917 1101 1090
f 917 1090 918
f 788 921 1102
f 1102 921 920
f 1102 920 1090
f 1090 920 919
f 1090 919 918
f 905 904 1103
f 1103 904 903
f 1103 903 1102
f 1102 903 789
f 1102 789 788
f 905 1103 906
f 906 1103 1104
f 906 1104 907
f 897 896 1104
f 1104 896 908
f 1104 908 907
f 1105 901 900
f 1106 1107 1108
f 1108 1109 1106
f 1106 1109 1105
f 1106 1105 1091
f 1091 1105 900
f 1091 900 792
f 1110 1111 1091
f 1091 1111 1112
f 1091 1112 1106
f 791 897 1091
f 1091 897 1104
f 1091 1104 1110
f 1110 1104 1113
f 1103 1114 1115
f 1115 1116 1103
f 1103 1116 1117
f 1103 1117 1104
f 1104 1117 1118
f 1104 1118 1113
f 1102 1119 1120
f 1102 1120 1103
f 1103 1120 1121
f 1103 1121 1114
f 1089 1122 1090
f 1090 1122 1123
f 1090 1123 1102
f 1102 1123 1124
f 1102 1124 1119
f 1088 1090 1125
f 1125 1090 1101
f 1125 1101 1126
f 1086 1127 1087
f 1087 1127 1128
f 1087 1128 1101
f 1101 1128 1129
f 1101 1129 1126
f 1085 1087 1130
f 1130 1087 1100
f 1130 1100 1131
f 1132 1133 1099
f 1099 1133 1134
f 1099 1134 1100
f 1100 1134 1135
f 1100 1135 1131
f 1098 1136 1137
f 1098 1137 1099
f 1099 1137 1138
f 1099 1138 1132
f 1097 1139 1140
f 1097 1140 1098
f 1098 1140 1141
f 1098 1141 1136
f 1142 1143 1096
f 1096 1143 1144
f 1096 1144 1097
f 1097 1144 1145
f 1097 1145 1139
f 1083 1146 1084
f 1084 1146 1147
f 1084 1147 1096
f 1096 1147 1148
f 1096 1148 1142
f 839 1095 1084
f 1084 1095 1149
f 1084 1149 1082
f 1150 1151 1095
f 1095 1151 1152
f 1095 1152 1149
f 1150 1095 1153
f 1153 1095 1094
f 1153 1094 1154
f 1155 1156 1092
f 1092 1156 1157
f 1092 1157 1094
f 1094 1157 1158
f 1094 1158 1154
f 844 1093 1092
f 1092 1093 1159
f 1092 1159 1155
f 1093 1160 1159
f 1159 1160 1161
f 1159 1161 1162
f 1162 1161 1163
f 1164 1165 1166
f 1167 1168 1169
f 1170 1171 1172
f 1070 1069 1173
f 1161 1160 1174
f 1050 1049 1175
f 1175 1049 1048
f 1175 1048 1042
f 1109 1041 1105
f 1105 1041 901
f 1050 1175 1047
f 1047 1175 1166
f 1047 1166 1051
f 1057 1055 1176
f 1176 1055 1054
f 1176 1054 1166
f 1166 1054 1052
f 1166 1052 1051
f 1177 1060 1176
f 1176 1060 1059
f 1176 1059 1057
f 1078 1077 1177
f 1177 1077 1076
f 1177 1076 1060
f 1069 1081 1173
f 1173 1081 1080
f 1173 1080 1178
f 1178 1080 1079
f 1178 1079 1078
f 1070 1173 1073
f 1073 1173 1179
f 1073 1179 1074
f 1039 1037 1180
f 1180 1037 1036
f 1180 1036 1179
f 1179 1036 1075
f 1179 1075 1074
f 948 947 1181
f 1181 947 1030
f 1181 1030 1180
f 1180 1030 1040
f 1180 1040 1039
f 954 953 1169
f 1169 953 951
f 1169 951 1181
f 1181 951 950
f 1181 950 948
f 959 958 1182
f 1182 958 1031
f 1182 1031 1169
f 1169 1031 955
f 1169 955 954
f 945 946 1183
f 1183 946 962
f 1183 962 1182
f 1182 962 961
f 1182 961 959
f 1017 1016 1184
f 1184 1016 1014
f 1014 1020 1184
f 1184 1020 1019
f 1184 1019 1183
f 1183 1019 1018
f 1183 1018 945
f 1017 1184 1021
f 1021 1184 1185
f 1021 1185 1022
f 1026 1025 1172
f 1172 1025 1024
f 1172 1024 1185
f 1185 1024 1023
f 1185 1023 1022
f 1007 1009 1174
f 1174 1009 1012
f 1174 1012 1172
f 1172 1012 1011
f 1172 1011 1026
f 1174 1160 1007
f 1007 1160 1093
f 1007 1093 938
f 1171 1186 1172
f 1172 1186 1187
f 1172 1187 1174
f 1174 1187 1188
f 1174 1188 1161
f 1161 1188 1163
f 1185 1189 1190
f 1185 1190 1172
f 1172 1190 1191
f 1172 1191 1170
f 1192 1193 1184
f 1184 1193 1194
f 1184 1194 1185
f 1185 1194 1195
f 1185 1195 1189
f 1196 1197 1183
f 1183 1197 1198
f 1183 1198 1184
f 1184 1198 1199
f 1184 1199 1192
f 1200 1201 1182
f 1182 1201 1202
f 1182 1202 1183
f 1183 1202 1203
f 1183 1203 1196
f 1168 1204 1169
f 1169 1204 1205
f 1169 1205 1182
f 1182 1205 1206
f 1182 1206 1200
f 1167 1169 1207
f 1207 1169 1181
f 1207 1181 1208
f 1209 1210 1180
f 1180 1210 1211
f 1180 1211 1181
f 1181 1211 1212
f 1181 1212 1208
f 1213 1214 1179
f 1179 1214 1215
f 1179 1215 1180
f 1180 1215 1216
f 1180 1216 1209
f 1173 1217 1218
f 1173 1218 1179
f 1179 1218 1219
f 1179 1219 1213
f 1220 1221 1178
f 1178 1221 1222
f 1178 1222 1173
f 1173 1222 1223
f 1173 1223 1217
f 1078 1177 1178
f 1178 1177 1224
f 1178 1224 1220
f 1225 1226 1176
f 1176 1226 1227
f 1176 1227 1177
f 1177 1227 1228
f 1177 1228 1224
f 1165 1229 1166
f 1166 1229 1230
f 1166 1230 1176
f 1176 1230 1231
f 1176 1231 1225
f 1164 1166 1232
f 1232 1166 1175
f 1232 1175 1233
f 1234 1235 1175
f 1175 1235 1236
f 1175 1236 1233
f 1042 1041 1175
f 1175 1041 1109
f 1175 1109 1234
f 1234 1109 1108
f 1234 1108 1107
f 1116 1115 1237
f 1152 1151 1238
f 1239 1240 1124
f 1241 1242 1243
f 1244 1107 1106
f 1244 1106 1245
f 1242 1246 1112
f 1112 1246 1247
f 1112 1247 1106
f 1106 1247 1248
f 1106 1248 1245
f 1241 1243 1249
f 1237 1250 1251
f 1251 1252 1237
f 1237 1252 1253
f 1237 1253 1243
f 1243 1253 1254
f 1243 1254 1249
f 1237 1115 1250
f 1250 1115 1114
f 1250 1114 1255
f 1255 1114 1121
f 1255 1121 1256
f 1256 1121 1257
f 1257 1121 1120
f 1257 1120 1240
f 1240 1120 1119
f 1240 1119 1124
f 1239 1124 1258
f 1258 1124 1123
f 1258 1123 1259
f 1123 1122 1259
f 1259 1122 1089
f 1259 1089 1260
f 1260 1089 1088
f 1260 1088 1261
f 1088 1125 1261
f 1261 1125 1126
f 1261 1126 1262
f 1262 1126 1129
f 1262 1129 1263
f 1263 1129 1128
f 1127 1264 1128
f 1128 1264 1265
f 1128 1265 1263
f 1086 1266 1127
f 1127 1266 1267
f 1127 1267 1264
f 1086 1085 1266
f 1266 1085 1130
f 1266 1130 1268
f 1268 1130 1131
f 1268 1131 1269
f 1269 1131 1135
f 1269 1135 1270
f 1270 1135 1134
f 1270 1134 1271
f 1134 1133 1271
f 1271 1133 1132
f 1271 1132 1272
f 1272 1132 1138
f 1272 1138 1273
f 1273 1138 1137
f 1273 1137 1274
f 1274 1137 1136
f 1274 1136 1275
f 1136 1141 1275
f 1275 1141 1140
f 1275 1140 1276
f 1276 1140 1277
f 1140 1139 1277
f 1277 1139 1145
f 1277 1145 1278
f 1278 1145 1144
f 1278 1144 1279
f 1144 1143 1279
f 1279 1143 1142
f 1279 1142 1280
f 1142 1148 1280
f 1280 1148 1147
f 1280 1147 1281
f 1281 1147 1146
f 1281 1146 1282
f 1282 1146 1283
f 1283 1146 1083
f 1283 1083 1284
f 1083 1082 1284
f 1284 1082 1149
f 1284 1149 1285
f 1285 1149 1152
f 1285 1152 1286
f 1286 1152 1287
f 1287 1152 1238
f 1287 1238 1288
f 1289 1290 1291
f 1291 1292 1289
f 1289 1292 1293
f 1289 1293 1238
f 1238 1293 1294
f 1238 1294 1288
f 1159 1295 1155
f 1155 1295 1296
f 1297 1295 1298
f 1298 1295 1159
f 1298 1159 1299
f 1299 1159 1162
f 1299 1162 1163
f 1296 1300 1155
f 1155 1300 1290
f 1155 1290 1156
f 1156 1290 1289
f 1156 1289 1157
f 1157 1289 1158
f 1151 1150 1238
f 1238 1150 1153
f 1238 1153 1289
f 1289 1153 1154
f 1289 1154 1158
f 1242 1112 1243
f 1243 1112 1111
f 1243 1111 1110
f 1110 1113 1243
f 1243 1113 1118
f 1243 1118 1237
f 1237 1118 1117
f 1237 1117 1116
f 1196 1203 1301
f 1302 1303 1304
f 1305 1306 1307
f 1308 1297 1298
f 1308 1298 1309
f 1163 1188 1299
f 1299 1188 1306
f 1299 1306 1298
f 1298 1306 1305
f 1298 1305 1309
f 1188 1187 1306
f 1306 1187 1186
f 1306 1186 1307
f 1307 1186 1171
f 1307 1171 1310
f 1310 1171 1170
f 1310 1170 1311
f 1311 1170 1191
f 1311 1191 1312
f 1312 1191 1313
f 1312 1313 1314
f 1314 1313 1315
f 1316 1193 1317
f 1317 1193 1192
f 1317 1192 1318
f 1318 1192 1199
f 1318 1199 1319
f 1319 1199 1198
f 1319 1198 1320
f 1320 1301 1321
f 1321 1301 1322
f 1301 1203 1322
f 1322 1203 1202
f 1322 1202 1323
f 1323 1202 1201
f 1323 1201 1324
f 1324 1201 1200
f 1324 1200 1325
f 1200 1206 1325
f 1325 1206 1205
f 1325 1205 1326
f 1326 1205 1204
f 1326 1204 1327
f 1327 1204 1168
f 1327 1168 1328
f 1328 1168 1167
f 1328 1167 1329
f 1329 1167 1207
f 1329 1207 1330
f 1216 1331 1332
f 1207 1208 1330
f 1330 1208 1212
f 1330 1212 1333
f 1333 1212 1211
f 1333 1211 1334
f 1334 1211 1210
f 1334 1210 1332
f 1332 1210 1209
f 1332 1209 1216
f 1331 1216 1335
f 1335 1216 1215
f 1335 1215 1336
f 1215 1214 1336
f 1336 1214 1213
f 1336 1213 1337
f 1337 1213 1219
f 1337 1219 1338
f 1338 1219 1218
f 1338 1218 1339
f 1218 1217 1339
f 1339 1217 1223
f 1339 1223 1340
f 1341 1342 1343
f 1223 1222 1340
f 1340 1222 1341
f 1340 1341 1344
f 1344 1341 1343
f 1227 1226 1345
f 1345 1226 1346
f 1347 1348 1304
f 1304 1348 1349
f 1304 1349 1302
f 1248 1350 1245
f 1245 1350 1351
f 1245 1351 1352
f 1107 1244 1234
f 1234 1244 1353
f 1234 1353 1235
f 1235 1353 1236
f 1165 1164 1304
f 1304 1164 1232
f 1304 1232 1347
f 1347 1232 1233
f 1347 1233 1354
f 1354 1233 1236
f 1354 1236 1355
f 1355 1236 1353
f 1355 1353 1352
f 1352 1353 1244
f 1352 1244 1245
f 1226 1225 1346
f 1346 1225 1231
f 1346 1231 1303
f 1303 1231 1230
f 1303 1230 1304
f 1304 1230 1229
f 1304 1229 1165
f 1222 1221 1341
f 1341 1221 1220
f 1341 1220 1224
f 1345 1342 1227
f 1227 1342 1341
f 1227 1341 1228
f 1228 1341 1224
f 1320 1198 1301
f 1301 1198 1197
f 1301 1197 1196
f 1191 1190 1313
f 1313 1190 1189
f 1313 1189 1315
f 1315 1189 1195
f 1315 1195 1316
f 1316 1195 1194
f 1316 1194 1193
f 1356 1357 1358
f 1266 1268 1359
f 1360 1361 1362
f 1363 1364 1365
f 1366 1367 1368
f 1367 1369 1368
f 1368 1369 1247
f 1370 1371 1372
f 1372 1371 1373
f 1372 1373 1368
f 1368 1373 1374
f 1368 1374 1366
f 1375 1376 1377
f 1377 1376 1378
f 1377 1378 1379
f 1379 1378 1380
f 1290 1300 1381
f 1291 1290 1376
f 1376 1290 1381
f 1376 1381 1378
f 1296 1382 1300
f 1300 1382 1383
f 1300 1383 1381
f 1384 1385 1386
f 1256 1387 1255
f 1255 1387 1365
f 1241 1372 1242
f 1242 1372 1368
f 1242 1368 1246
f 1246 1368 1247
f 1388 1389 1390
f 1390 1389 1391
f 1390 1391 1372
f 1372 1391 1392
f 1372 1392 1370
f 1388 1390 1393
f 1393 1390 1394
f 1393 1394 1395
f 1241 1249 1372
f 1372 1249 1254
f 1372 1254 1390
f 1390 1254 1253
f 1390 1253 1394
f 1365 1364 1394
f 1394 1364 1396
f 1394 1396 1395
f 1253 1252 1394
f 1394 1252 1251
f 1394 1251 1365
f 1365 1251 1250
f 1365 1250 1255
f 1361 1397 1362
f 1362 1397 1398
f 1362 1398 1384
f 1384 1398 1399
f 1384 1399 1385
f 1256 1257 1387
f 1387 1257 1240
f 1387 1240 1400
f 1400 1240 1239
f 1401 1402 1403
f 1403 1402 1404
f 1403 1404 1362
f 1362 1404 1405
f 1362 1405 1360
f 1406 1407 1408
f 1409 1410 1406
f 1363 1365 1386
f 1386 1365 1387
f 1386 1387 1384
f 1384 1387 1400
f 1384 1400 1362
f 1362 1400 1408
f 1362 1408 1403
f 1403 1408 1407
f 1403 1407 1401
f 1406 1408 1409
f 1409 1408 1261
f 1409 1261 1262
f 1239 1258 1400
f 1400 1258 1259
f 1400 1259 1408
f 1408 1259 1260
f 1408 1260 1261
f 1411 1412 1413
f 1413 1412 1414
f 1414 1415 1413
f 1413 1415 1416
f 1413 1416 1409
f 1409 1416 1417
f 1409 1417 1410
f 1359 1418 1419
f 1262 1263 1409
f 1409 1263 1265
f 1409 1265 1413
f 1413 1265 1264
f 1413 1264 1267
f 1419 1411 1359
f 1359 1411 1413
f 1359 1413 1266
f 1266 1413 1267
f 1357 1420 1358
f 1358 1420 1421
f 1358 1421 1359
f 1359 1421 1422
f 1359 1422 1418
f 1423 1356 1424
f 1356 1358 1424
f 1424 1358 1272
f 1424 1272 1273
f 1268 1269 1359
f 1359 1269 1270
f 1359 1270 1358
f 1358 1270 1271
f 1358 1271 1272
f 1425 1426 1427
f 1427 1428 1425
f 1425 1428 1429
f 1425 1429 1424
f 1424 1429 1430
f 1424 1430 1423
f 1273 1274 1424
f 1424 1274 1275
f 1424 1275 1425
f 1425 1275 1276
f 1431 1432 1433
f 1433 1432 1434
f 1433 1434 1425
f 1425 1434 1435
f 1425 1435 1426
f 1436 1437 1438
f 1438 1437 1439
f 1438 1439 1433
f 1433 1439 1440
f 1433 1440 1431
f 1276 1277 1425
f 1425 1277 1278
f 1425 1278 1433
f 1433 1278 1279
f 1433 1279 1438
f 1438 1279 1280
f 1441 1442 1443
f 1443 1442 1444
f 1443 1444 1438
f 1438 1444 1445
f 1438 1445 1436
f 1283 1443 1282
f 1282 1443 1438
f 1282 1438 1281
f 1281 1438 1280
f 1441 1443 1446
f 1446 1443 1447
f 1446 1447 1448
f 1449 1450 1447
f 1447 1450 1451
f 1447 1451 1448
f 1452 1453 1454
f 1283 1284 1443
f 1443 1284 1285
f 1443 1285 1447
f 1447 1285 1286
f 1447 1286 1287
f 1454 1449 1452
f 1452 1449 1447
f 1452 1447 1288
f 1288 1447 1287
f 1375 1455 1376
f 1376 1455 1456
f 1376 1456 1452
f 1452 1456 1457
f 1452 1457 1453
f 1288 1294 1452
f 1452 1294 1293
f 1452 1293 1376
f 1376 1293 1292
f 1376 1292 1291
f 1366 1458 1367
f 1367 1458 1459
f 1367 1459 1369
f 1369 1459 1460
f 1369 1460 1247
f 1247 1460 1248
f 1461 1462 1380
f 1463 1462 1464
f 1464 1462 1461
f 1464 1461 1465
f 1465 1461 1466
f 1465 1466 1467
f 1295 1297 1467
f 1467 1466 1295
f 1295 1466 1382
f 1295 1382 1296
f 1380 1378 1461
f 1461 1378 1381
f 1461 1381 1466
f 1466 1381 1383
f 1466 1383 1382
f 1468 1469 1470
f 1307 1310 1471
f 1303 1302 1472
f 1340 1344 1473
f 1474 1475 1476
f 1467 1297 1308
f 1477 1460 1459
f 1459 1458 1478
f 1459 1478 1477
f 1477 1478 1479
f 1477 1479 1480
f 1477 1351 1350
f 1460 1477 1350
f 1460 1350 1248
f 1481 1482 1483
f 1483 1482 1484
f 1473 1485 1486
f 1486 1485 1487
f 1487 1488 1486
f 1486 1488 1489
f 1486 1489 1482
f 1482 1489 1490
f 1482 1490 1484
f 1476 1333 1334
f 1332 1331 1482
f 1481 1474 1482
f 1482 1474 1476
f 1482 1476 1332
f 1332 1476 1334
f 1340 1473 1339
f 1339 1473 1486
f 1339 1486 1338
f 1331 1335 1482
f 1482 1335 1336
f 1482 1336 1486
f 1486 1336 1337
f 1486 1337 1338
f 1473 1491 1492
f 1492 1493 1473
f 1473 1493 1494
f 1473 1494 1485
f 1495 1496 1491
f 1472 1497 1495
f 1496 1498 1491
f 1491 1498 1499
f 1491 1499 1492
f 1480 1500 1477
f 1477 1500 1501
f 1477 1501 1502
f 1502 1501 1503
f 1502 1503 1504
f 1504 1505 1502
f 1502 1505 1506
f 1502 1506 1472
f 1472 1506 1507
f 1472 1507 1497
f 1495 1491 1472
f 1472 1491 1346
f 1472 1346 1303
f 1502 1354 1355
f 1502 1355 1477
f 1477 1355 1352
f 1477 1352 1351
f 1302 1349 1472
f 1472 1349 1348
f 1472 1348 1502
f 1502 1348 1347
f 1502 1347 1354
f 1344 1343 1473
f 1473 1343 1342
f 1473 1342 1491
f 1491 1342 1345
f 1491 1345 1346
f 1508 1509 1510
f 1510 1509 1511
f 1510 1511 1512
f 1463 1464 1512
f 1512 1464 1465
f 1512 1465 1510
f 1510 1465 1467
f 1513 1514 1515
f 1515 1514 1516
f 1515 1516 1471
f 1516 1517 1471
f 1471 1517 1518
f 1471 1518 1519
f 1467 1308 1510
f 1510 1308 1309
f 1510 1309 1305
f 1519 1508 1471
f 1471 1508 1510
f 1471 1510 1307
f 1307 1510 1305
f 1469 1520 1470
f 1470 1520 1521
f 1470 1521 1515
f 1515 1521 1522
f 1515 1522 1513
f 1523 1524 1525
f 1525 1524 1526
f 1524 1527 1526
f 1526 1527 1528
f 1526 1528 1529
f 1529 1530 1526
f 1526 1530 1531
f 1526 1531 1532
f 1532 1531 1533
f 1532 1533 1534
f 1319 1320 1470
f 1470 1320 1532
f 1470 1532 1468
f 1468 1532 1534
f 1327 1525 1326
f 1326 1525 1526
f 1326 1526 1325
f 1325 1526 1324
f 1320 1321 1532
f 1532 1321 1322
f 1532 1322 1526
f 1526 1322 1323
f 1526 1323 1324
f 1475 1535 1476
f 1476 1535 1536
f 1476 1536 1525
f 1525 1536 1537
f 1525 1537 1523
f 1310 1311 1471
f 1471 1311 1312
f 1471 1312 1515
f 1515 1312 1314
f 1515 1314 1315
f 1315 1316 1515
f 1515 1316 1317
f 1515 1317 1470
f 1470 1317 1318
f 1470 1318 1319
f 1327 1328 1525
f 1525 1328 1329
f 1525 1329 1476
f 1476 1329 1330
f 1476 1330 1333
f 1538 1539 1540
f 1541 1542 1543
f 1544 1545 1546
f 1547 1548 1549
f 1550 1551 1552
f 1553 1554 1555
f 1556 1557 1558
f 1559 1560 1561
f 1562 1563 1559
f 1562 1564 1565
f 1563 1562 1566
f 1566 1562 1565
f 1566 1565 1567
f 1564 1562 1568
f 1568 1562 1569
f 1568 1569 1570
f 1558 1557 1569
f 1569 1557 1571
f 1569 1571 1570
f 1556 1558 1572
f 1572 1558 1540
f 1572 1540 1573
f 1574 1575 1540
f 1540 1575 1576
f 1540 1576 1573
f 1577 1578 1579
f 1579 1578 1580
f 1579 1580 1574
f 1574 1580 1581
f 1574 1581 1575
f 1582 1583 1584
f 1584 1583 1585
f 1584 1585 1586
f 1543 1587 1582
f 1587 1543 1588
f 1588 1543 1542
f 1588 1542 1589
f 1589 1542 1590
f 1590 1542 1591
f 1590 1591 1592
f 1593 1594 1591
f 1591 1594 1595
f 1591 1595 1592
f 1596 1597 1598
f 1598 1597 1599
f 1598 1599 1600
f 1600 1599 1593
f 1596 1598 1601
f 1601 1598 1546
f 1601 1546 1602
f 1603 1604 1605
f 1603 1605 1546
f 1546 1605 1606
f 1546 1606 1602
f 1604 1603 1607
f 1607 1603 1549
f 1607 1549 1608
f 1609 1610 1611
f 1611 1610 1612
f 1611 1612 1549
f 1549 1612 1613
f 1549 1613 1608
f 1609 1611 1614
f 1614 1611 1615
f 1614 1615 1616
f 1617 1618 1619
f 1617 1619 1615
f 1615 1619 1620
f 1615 1620 1616
f 1552 1621 1617
f 1617 1621 1622
f 1617 1622 1618
f 1623 1624 1625
f 1625 1624 1626
f 1625 1626 1552
f 1552 1626 1627
f 1552 1627 1621
f 1628 1553 1625
f 1625 1553 1555
f 1625 1555 1623
f 1623 1555 1629
f 1623 1629 1630
f 1630 1629 1631
f 1551 1632 1552
f 1552 1632 1633
f 1552 1633 1625
f 1625 1633 1634
f 1625 1634 1628
f 1550 1552 1635
f 1635 1552 1617
f 1635 1617 1636
f 1615 1637 1638
f 1615 1638 1617
f 1617 1638 1639
f 1617 1639 1636
f 1611 1640 1641
f 1611 1641 1615
f 1615 1641 1642
f 1615 1642 1637
f 1548 1643 1549
f 1549 1643 1644
f 1549 1644 1611
f 1611 1644 1645
f 1611 1645 1640
f 1547 1549 1646
f 1646 1549 1603
f 1646 1603 1647
f 1545 1648 1546
f 1546 1648 1649
f 1546 1649 1603
f 1603 1649 1650
f 1603 1650 1647
f 1544 1546 1651
f 1651 1546 1598
f 1651 1598 1652
f 1653 1654 1600
f 1600 1654 1655
f 1600 1655 1598
f 1598 1655 1656
f 1598 1656 1652
f 1593 1591 1600
f 1600 1591 1657
f 1600 1657 1653
f 1541 1658 1542
f 1542 1658 1659
f 1542 1659 1591
f 1591 1659 1660
f 1591 1660 1657
f 1661 1662 1543
f 1543 1662 1663
f 1543 1663 1541
f 1582 1584 1543
f 1543 1584 1664
f 1543 1664 1661
f 1665 1666 1579
f 1579 1666 1586
f 1579 1586 1577
f 1577 1586 1585
f 1666 1667 1586
f 1586 1667 1668
f 1586 1668 1584
f 1584 1668 1669
f 1584 1669 1664
f 1665 1579 1670
f 1670 1579 1574
f 1670 1574 1671
f 1540 1539 1574
f 1574 1539 1672
f 1574 1672 1671
f 1538 1540 1673
f 1673 1540 1558
f 1673 1558 1674
f 1675 1676 1569
f 1569 1676 1677
f 1569 1677 1558
f 1558 1677 1678
f 1558 1678 1674
f 1559 1561 1562
f 1562 1561 1679
f 1562 1679 1569
f 1569 1679 1680
f 1569 1680 1675
f 1379 1380 1681
f 1444 1442 1682
f 1379 1681 1377
f 1377 1681 1683
f 1377 1683 1375
f 1375 1683 1684
f 1375 1684 1455
f 1455 1684 1685
f 1455 1685 1456
f 1456 1685 1686
f 1456 1686 1457
f 1457 1686 1687
f 1457 1687 1453
f 1453 1687 1688
f 1453 1688 1454
f 1454 1688 1689
f 1454 1689 1449
f 1449 1689 1690
f 1449 1690 1450
f 1450 1690 1691
f 1450 1691 1451
f 1451 1691 1692
f 1451 1692 1448
f 1448 1692 1693
f 1448 1693 1446
f 1446 1693 1694
f 1446 1694 1441
f 1441 1694 1695
f 1441 1695 1442
f 1442 1695 1696
f 1442 1696 1682
f 1444 1682 1445
f 1445 1682 1697
f 1445 1697 1436
f 1436 1697 1698
f 1436 1698 1437
f 1437 1698 1699
f 1437 1699 1439
f 1699 1700 1439
f 1439 1700 1701
f 1439 1701 1440
f 1440 1701 1702
f 1440 1702 1431
f 1431 1702 1703
f 1431 1703 1432
f 1432 1703 1704
f 1432 1704 1434
f 1434 1704 1705
f 1434 1705 1435
f 1428 1427 1705
f 1705 1427 1426
f 1705 1426 1435
f 1705 1706 1428
f 1428 1706 1707
f 1428 1707 1429
f 1429 1707 1708
f 1429 1708 1430
f 1430 1708 1423
f 1708 1709 1423
f 1423 1709 1710
f 1423 1710 1356
f 1356 1710 1711
f 1356 1711 1357
f 1357 1711 1712
f 1357 1712 1420
f 1420 1712 1421
f 1712 1713 1421
f 1421 1713 1714
f 1421 1714 1422
f 1422 1714 1715
f 1422 1715 1418
f 1418 1715 1419
f 1715 1716 1419
f 1419 1716 1717
f 1419 1717 1411
f 1411 1717 1718
f 1411 1718 1412
f 1412 1718 1719
f 1412 1719 1414
f 1414 1719 1415
f 1415 1719 1720
f 1415 1720 1721
f 1722 1406 1723
f 1723 1406 1410
f 1723 1410 1724
f 1724 1410 1417
f 1724 1417 1721
f 1721 1417 1416
f 1721 1416 1415
f 1725 1726 1727
f 1722 1725 1406
f 1406 1725 1727
f 1406 1727 1407
f 1407 1727 1401
f 1401 1727 1726
f 1401 1726 1728
f 1401 1728 1402
f 1402 1728 1729
f 1402 1729 1404
f 1404 1729 1730
f 1404 1730 1405
f 1405 1730 1360
f 1360 1730 1731
f 1360 1731 1361
f 1361 1731 1732
f 1361 1732 1397
f 1397 1732 1733
f 1397 1733 1398
f 1398 1733 1734
f 1398 1734 1399
f 1734 1735 1399
f 1399 1735 1736
f 1399 1736 1385
f 1385 1736 1386
f 1386 1736 1737
f 1386 1737 1363
f 1363 1737 1738
f 1363 1738 1364
f 1364 1738 1739
f 1364 1739 1396
f 1396 1739 1395
f 1395 1739 1740
f 1395 1740 1393
f 1393 1740 1741
f 1393 1741 1388
f 1388 1741 1742
f 1388 1742 1389
f 1389 1742 1391
f 1391 1742 1743
f 1391 1743 1392
f 1743 1744 1392
f 1392 1744 1745
f 1392 1745 1370
f 1370 1745 1746
f 1370 1746 1371
f 1371 1746 1373
f 1746 1747 1373
f 1373 1747 1748
f 1373 1748 1374
f 1374 1748 1749
f 1374 1749 1366
f 1645 1644 1750
f 1671 1672 1751
f 1676 1675 1752
f 1752 1675 1680
f 1561 1560 1753
f 1561 1753 1679
f 1679 1753 1754
f 1679 1754 1755
f 1756 1674 1678
f 1756 1678 1752
f 1752 1678 1677
f 1752 1677 1676
f 1672 1539 1751
f 1751 1539 1538
f 1751 1538 1756
f 1756 1538 1673
f 1756 1673 1674
f 1666 1665 1757
f 1757 1665 1751
f 1751 1665 1670
f 1751 1670 1671
f 1669 1668 1757
f 1757 1668 1667
f 1757 1667 1666
f 1541 1663 1758
f 1663 1662 1758
f 1758 1662 1661
f 1758 1661 1757
f 1757 1661 1664
f 1757 1664 1669
f 1657 1759 1653
f 1653 1759 1760
f 1653 1760 1654
f 1657 1660 1759
f 1759 1660 1659
f 1759 1659 1758
f 1758 1659 1658
f 1758 1658 1541
f 1652 1656 1760
f 1760 1656 1655
f 1760 1655 1654
f 1648 1545 1761
f 1761 1545 1762
f 1762 1545 1544
f 1762 1544 1651
f 1646 1647 1763
f 1763 1647 1650
f 1763 1650 1761
f 1761 1650 1649
f 1761 1649 1648
f 1644 1643 1750
f 1750 1643 1548
f 1750 1548 1763
f 1763 1548 1547
f 1763 1547 1646
f 1764 1642 1641
f 1764 1641 1750
f 1750 1641 1640
f 1750 1640 1645
f 1765 1638 1764
f 1764 1638 1637
f 1764 1637 1642
f 1635 1636 1765
f 1765 1636 1639
f 1765 1639 1638
f 1635 1765 1550
f 1550 1765 1766
f 1550 1766 1551
f 1628 1634 1767
f 1767 1634 1633
f 1767 1633 1766
f 1766 1633 1632
f 1766 1632 1551
f 1628 1767 1553
f 1553 1767 1768
f 1553 1768 1554
f 1769 1770 1767
f 1770 1771 1767
f 1767 1771 1772
f 1767 1772 1768
f 1773 1774 1775
f 1775 1774 1776
f 1775 1776 1777
f 1778 1779 1780
f 1778 1780 1781
f 1782 1783 1780
f 1780 1783 1784
f 1780 1784 1781
f 1785 1752 1755
f 1755 1752 1680
f 1755 1680 1679
f 1786 1760 1787
f 1787 1760 1759
f 1787 1759 1788
f 1788 1759 1758
f 1788 1758 1789
f 1789 1758 1757
f 1789 1757 1790
f 1790 1757 1751
f 1790 1751 1791
f 1791 1751 1756
f 1791 1756 1792
f 1792 1756 1752
f 1792 1752 1793
f 1793 1752 1785
f 1793 1785 1794
f 1795 1769 1796
f 1796 1769 1767
f 1796 1767 1797
f 1797 1767 1766
f 1797 1766 1798
f 1798 1766 1765
f 1798 1765 1799
f 1799 1765 1764
f 1799 1764 1800
f 1800 1764 1750
f 1800 1750 1801
f 1801 1750 1763
f 1801 1763 1802
f 1802 1763 1761
f 1802 1761 1786
f 1786 1761 1762
f 1786 1762 1760
f 1760 1762 1651
f 1760 1651 1652
f 1803 1804 1805
f 1805 1804 1806
f 1805 1806 1807
f 1808 1809 1810
f 1810 1809 1811
f 1803 1812 1804
f 1804 1812 1813
f 1804 1813 1808
f 1808 1813 1814
f 1808 1814 1809
f 1811 1815 1810
f 1810 1815 1816
f 1810 1816 1817
f 1816 1818 1817
f 1817 1818 1819
f 1817 1819 1820
f 1820 1819 1821
f 1822 1823 1824
f 1822 1824 1775
f 1775 1824 1825
f 1775 1825 1773
f 1821 1826 1820
f 1820 1826 1827
f 1820 1827 1822
f 1822 1827 1828
f 1822 1828 1823
f 1829 1830 1831
f 1831 1830 1832
f 1779 1833 1780
f 1780 1833 1834
f 1780 1834 1829
f 1829 1834 1835
f 1829 1835 1830
f 1836 1837 1838
f 1836 1838 1839
f 1840 1841 1842
f 1842 1841 1843
f 1842 1843 1844
f 1838 1845 1839
f 1839 1845 1846
f 1839 1846 1843
f 1843 1846 1847
f 1843 1847 1844
f 1832 1848 1831
f 1831 1848 1849
f 1831 1849 1836
f 1836 1849 1850
f 1836 1850 1837
f 1840 1851 1841
f 1841 1851 1852
f 1841 1852 1806
f 1806 1852 1853
f 1806 1853 1807
f 1777 1795 1775
f 1775 1795 1796
f 1775 1796 1822
f 1822 1796 1797
f 1822 1797 1820
f 1820 1797 1798
f 1820 1798 1817
f 1817 1798 1799
f 1817 1799 1810
f 1810 1799 1800
f 1810 1800 1808
f 1808 1800 1801
f 1808 1801 1804
f 1804 1801 1802
f 1804 1802 1806
f 1806 1802 1786
f 1806 1786 1841
f 1841 1786 1787
f 1841 1787 1843
f 1843 1787 1788
f 1843 1788 1839
f 1839 1788 1789
f 1839 1789 1836
f 1836 1789 1790
f 1836 1790 1831
f 1831 1790 1791
f 1831 1791 1829
f 1829 1791 1792
f 1829 1792 1780
f 1780 1792 1793
f 1780 1793 1782
f 1782 1793 1794
f 1854 1814 1855
f 1855 1814 1856
f 1854 1857 1814
f 1814 1857 1858
f 1814 1858 1859
f 1812 1803 1860
f 1861 1862 1813
f 1813 1862 1863
f 1813 1863 1814
f 1814 1863 1864
f 1814 1864 1865
f 1859 1866 1814
f 1814 1866 1867
f 1814 1867 1868
f 1868 1869 1814
f 1814 1869 1870
f 1814 1870 1871
f 1871 1872 1814
f 1814 1872 1873
f 1814 1873 1874
f 1840 1842 1860
f 1875 1876 1813
f 1813 1876 1877
f 1865 1878 1814
f 1814 1878 1879
f 1814 1879 1856
f 1880 1881 1848
f 1812 1860 1813
f 1813 1860 1882
f 1813 1882 1875
f 1877 1883 1813
f 1813 1883 1884
f 1813 1884 1861
f 1874 1885 1814
f 1814 1885 1886
f 1814 1886 1887
f 1828 1827 1814
f 1803 1805 1860
f 1860 1805 1807
f 1860 1807 1853
f 1830 1835 1888
f 1778 1781 1889
f 1814 1773 1825
f 1853 1852 1860
f 1860 1852 1851
f 1860 1851 1840
f 1837 1850 1860
f 1860 1850 1849
f 1860 1849 1848
f 1835 1834 1888
f 1888 1834 1833
f 1888 1833 1890
f 1881 1891 1848
f 1848 1891 1892
f 1848 1892 1860
f 1887 1893 1814
f 1814 1893 1894
f 1814 1894 1895
f 1825 1824 1814
f 1814 1824 1823
f 1814 1823 1828
f 1842 1844 1860
f 1860 1844 1847
f 1860 1847 1846
f 1846 1845 1860
f 1860 1845 1838
f 1860 1838 1837
f 1880 1848 1888
f 1888 1848 1832
f 1888 1832 1830
f 1890 1833 1889
f 1889 1833 1779
f 1889 1779 1778
f 1895 1776 1814
f 1814 1776 1774
f 1814 1774 1773
f 1827 1826 1814
f 1814 1826 1821
f 1814 1821 1819
f 1809 1814 1811
f 1811 1814 1815
f 1819 1818 1814
f 1814 1818 1816
f 1814 1816 1815
f 1512 1896 1463
f 1463 1896 1897
f 1463 1897 1462
f 1462 1897 1681
f 1462 1681 1380
f 1517 1898 1518
f 1518 1898 1899
f 1518 1899 1519
f 1519 1899 1900
f 1519 1900 1508
f 1508 1900 1901
f 1508 1901 1509
f 1509 1901 1902
f 1509 1902 1511
f 1511 1902 1903
f 1511 1903 1512
f 1512 1903 1904
f 1512 1904 1896
f 1905 1906 1522
f 1522 1906 1907
f 1522 1907 1513
f 1513 1907 1908
f 1513 1908 1514
f 1514 1908 1909
f 1514 1909 1516
f 1516 1909 1910
f 1516 1910 1517
f 1517 1910 1911
f 1517 1911 1898
f 1534 1912 1468
f 1468 1912 1913
f 1468 1913 1469
f 1522 1521 1905
f 1905 1521 1520
f 1905 1520 1914
f 1914 1520 1469
f 1914 1469 1915
f 1915 1469 1913
f 1531 1530 1916
f 1916 1917 1531
f 1531 1917 1918
f 1531 1918 1533
f 1533 1918 1919
f 1533 1919 1534
f 1534 1919 1920
f 1534 1920 1912
f 1921 1922 1527
f 1527 1922 1923
f 1527 1923 1528
f 1528 1923 1916
f 1528 1916 1529
f 1529 1916 1530
f 1924 1925 1535
f 1535 1925 1926
f 1535 1926 1536
f 1536 1926 1927
f 1536 1927 1537
f 1527 1524 1921
f 1921 1524 1523
f 1921 1523 1928
f 1928 1523 1537
f 1928 1537 1929
f 1929 1537 1927
f 1535 1475 1924
f 1924 1475 1474
f 1924 1474 1930
f 1930 1474 1481
f 1930 1481 1931
f 1931 1481 1483
f 1931 1483 1932
f 1932 1483 1484
f 1932 1484 1933
f 1484 1490 1933
f 1933 1490 1489
f 1933 1489 1934
f 1934 1489 1488
f 1934 1488 1935
f 1935 1488 1487
f 1935 1487 1936
f 1936 1487 1485
f 1936 1485 1937
f 1937 1485 1494
f 1937 1494 1938
f 1938 1494 1493
f 1938 1493 1939
f 1497 1940 1495
f 1495 1940 1941
f 1495 1941 1496
f 1496 1941 1942
f 1496 1942 1498
f 1498 1942 1943
f 1498 1943 1499
f 1499 1943 1944
f 1499 1944 1492
f 1492 1944 1945
f 1492 1945 1493
f 1493 1945 1946
f 1493 1946 1939
f 1503 1947 1504
f 1504 1947 1948
f 1504 1948 1505
f 1505 1948 1949
f 1505 1949 1506
f 1506 1949 1950
f 1506 1950 1507
f 1507 1950 1951
f 1507 1951 1497
f 1497 1951 1952
f 1497 1952 1940
f 1953 1954 1500
f 1500 1954 1955
f 1500 1955 1501
f 1501 1955 1956
f 1501 1956 1503
f 1503 1956 1957
f 1503 1957 1947
f 1458 1366 1749
f 1749 1958 1458
f 1458 1958 1959
f 1458 1959 1478
f 1478 1959 1960
f 1478 1960 1479
f 1479 1960 1953
f 1479 1953 1480
f 1480 1953 1500
f 1961 1962 1963
f 1964 1965 1966
f 1631 1967 1630
f 1630 1967 1968
f 1969 1571 1970
f 1970 1571 1557
f 1970 1557 1556
f 1564 1568 1969
f 1969 1568 1570
f 1969 1570 1571
f 1567 1565 1971
f 1971 1565 1972
f 1973 1974 1972
f 1974 1975 1972
f 1972 1975 1976
f 1972 1976 1971
f 1977 1978 1979
f 1980 1981 1982
f 1982 1981 1983
f 1982 1983 1984
f 1985 1986 1987
f 1987 1988 1985
f 1985 1988 1989
f 1985 1989 1990
f 1990 1989 1991
f 1990 1991 1992
f 1992 1993 1990
f 1990 1993 1994
f 1990 1994 1983
f 1983 1994 1995
f 1983 1995 1984
f 1986 1985 1996
f 1996 1985 1997
f 1996 1997 1998
f 1999 2000 2001
f 2001 2000 2002
f 2001 2002 1997
f 1997 2002 1998
f 2003 2004 2005
f 2005 2004 2006
f 2003 2007 2004
f 2004 2007 2008
f 2004 2008 2009
f 2009 2008 2010
f 2010 2011 2009
f 2009 2011 2012
f 2009 2012 2001
f 2001 2012 2013
f 2001 2013 1999
f 2014 2015 2016
f 2006 2004 2016
f 2016 2004 2017
f 2016 2017 2014
f 2018 1602 2019
f 2019 1602 1606
f 1612 2020 1613
f 1613 2020 2021
f 1613 2021 1608
f 1606 1605 2019
f 2019 1605 1604
f 2019 1604 2021
f 2021 1604 1607
f 2021 1607 1608
f 1619 2022 1620
f 1620 2022 2023
f 1620 2023 1616
f 1627 1626 2024
f 2024 1626 1624
f 2024 1624 1968
f 1968 1624 1623
f 1968 1623 1630
f 1619 1618 2022
f 2022 1618 1622
f 2022 1622 2024
f 2024 1622 1621
f 2024 1621 1627
f 1967 1964 1968
f 1968 1964 1966
f 1968 1966 2024
f 2024 1966 2025
f 2024 2025 2022
f 2022 2025 2026
f 2022 2026 2023
f 2023 2026 2027
f 2023 2027 2020
f 2020 2027 2028
f 2020 2028 2021
f 2021 2028 2029
f 2021 2029 2019
f 2019 2029 2030
f 2019 2030 2018
f 2018 2030 2031
f 1612 1610 2020
f 2020 1610 1609
f 2020 1609 2023
f 2023 1609 1614
f 2023 1614 1616
f 1565 1564 1972
f 1972 1564 1969
f 1972 1969 2032
f 2032 1969 1970
f 2032 1970 2033
f 2034 2035 2036
f 2036 2035 2037
f 1556 1572 1970
f 1970 1572 2037
f 1970 2037 2033
f 2033 2037 2035
f 1590 1592 2038
f 1593 2039 1594
f 1594 2039 2038
f 1594 2038 1595
f 1595 2038 1592
f 1583 1582 2040
f 2040 1582 1587
f 2040 1587 2041
f 1587 1588 2041
f 2041 1588 1589
f 2041 1589 1963
f 1572 1573 2037
f 2037 1573 1576
f 2037 1576 1575
f 1575 1581 2037
f 2037 1581 1580
f 2037 1580 2036
f 2036 1580 1578
f 2036 1578 1577
f 2042 2043 2044
f 2044 2043 2045
f 2044 2045 1977
f 1977 2045 2046
f 1977 2046 1978
f 2047 2048 2049
f 2049 2048 2050
f 2049 2050 2044
f 2044 2050 2051
f 2044 2051 2042
f 2052 2053 2049
f 2049 2053 2054
f 2049 2054 2047
f 2055 2041 2056
f 2056 2041 2057
f 2055 2058 2041
f 2041 2058 2034
f 2041 2034 2040
f 2040 2034 2036
f 2040 2036 1583
f 1583 2036 1577
f 1583 1577 1585
f 2058 2059 2052
f 2052 2059 2060
f 2052 2060 2053
f 1589 1590 1963
f 1963 1590 2038
f 1963 2038 1961
f 1961 2038 2061
f 2061 2038 2062
f 2062 2038 2039
f 2062 2039 2063
f 1962 2064 1963
f 1963 2064 2065
f 1963 2065 2041
f 2041 2065 2066
f 2041 2066 2057
f 2058 2052 2034
f 2034 2052 2049
f 2034 2049 2035
f 2035 2049 2044
f 2035 2044 2033
f 2033 2044 1977
f 2033 1977 2032
f 2032 1977 1979
f 2032 1979 1972
f 1972 1979 2067
f 1972 2067 1973
f 1965 2017 1966
f 1966 2017 2004
f 1966 2004 2025
f 2025 2004 2009
f 2025 2009 2026
f 2026 2009 2001
f 2026 2001 2027
f 2027 2001 1997
f 2027 1997 2028
f 2028 1997 1985
f 2028 1985 2029
f 2029 1985 1990
f 2029 1990 2030
f 2030 1990 1983
f 2030 1983 2031
f 2031 1983 1981
f 1593 1599 2039
f 2039 1599 1597
f 2039 1597 2031
f 2031 1597 1596
f 2031 1596 2018
f 2018 1596 1601
f 2018 1601 1602
f 1980 2068 1981
f 1981 2068 2069
f 1981 2069 2031
f 2031 2069 2070
f 2031 2070 2039
f 2039 2070 2071
f 2039 2071 2063
f 2072 2073 2074
f 2075 2076 2077
f 2078 2079 2080
f 2081 2082 2083
f 2084 2085 2086
f 2087 2088 2089
f 2090 2091 2092
f 2093 2094 2095
f 2095 2094 2096
f 2095 2096 2092
f 2092 2096 2097
f 2092 2097 2090
f 2088 2098 2089
f 2089 2098 2099
f 2089 2099 2095
f 2095 2099 2100
f 2095 2100 2093
f 2087 2089 2101
f 2101 2089 2102
f 2101 2102 2103
f 2104 2105 2106
f 2106 2105 2107
f 2106 2107 2102
f 2102 2107 2108
f 2102 2108 2103
f 2109 2110 2111
f 2111 2110 2112
f 2111 2112 2106
f 2106 2112 2113
f 2106 2113 2104
f 2114 2115 2111
f 2111 2115 2116
f 2111 2116 2109
f 2117 2118 2114
f 2114 2118 2119
f 2114 2119 2115
f 2120 2121 2122
f 2120 2122 2114
f 2114 2122 2123
f 2114 2123 2117
f 2124 2125 2126
f 2126 2125 2127
f 2126 2127 2120
f 2120 2127 2128
f 2120 2128 2121
f 2124 2126 2129
f 2129 2126 2130
f 2129 2130 2131
f 2132 2133 2130
f 2130 2133 2134
f 2130 2134 2131
f 2135 2136 2132
f 2132 2136 2137
f 2132 2137 2133
f 2138 2139 2140
f 2140 2139 2141
f 2140 2141 2142
f 2138 2143 2139
f 2139 2143 2144
f 2139 2144 2132
f 2132 2144 2145
f 2132 2145 2135
f 2146 2147 2141
f 2141 2147 2148
f 2141 2148 2142
f 2149 2150 2146
f 2146 2150 2151
f 2146 2151 2147
f 2152 2153 2154
f 2155 2156 2157
f 2157 2156 2158
f 2157 2158 2146
f 2146 2158 2159
f 2146 2159 2149
f 2152 2154 2157
f 2157 2154 2160
f 2157 2160 2155
f 2161 2162 2163
f 2152 2164 2161
f 2161 2163 2152
f 2152 2163 2165
f 2152 2165 2153
f 2166 2167 2152
f 2152 2167 2168
f 2152 2168 2164
f 2084 2086 2169
f 2078 2080 2170
f 2171 1690 2172
f 2172 1690 1689
f 2172 1689 1688
f 1688 1687 2172
f 2172 1687 1686
f 2172 1686 2173
f 2173 1686 1685
f 2173 1685 2174
f 2174 1685 1684
f 2174 1684 2175
f 2175 1684 1683
f 2175 1683 1681
f 1693 1692 2171
f 2171 1692 1691
f 2171 1691 1690
f 1682 1696 2176
f 2176 1696 1695
f 2176 1695 2171
f 2171 1695 1694
f 2171 1694 1693
f 2177 1698 2176
f 2176 1698 1697
f 2176 1697 1682
f 1701 1700 2177
f 2177 1700 1699
f 2177 1699 1698
f 1701 2177 1702
f 1702 2177 2178
f 1702 2178 1703
f 1707 1706 2179
f 2179 1706 1705
f 2179 1705 2178
f 2178 1705 1704
f 2178 1704 1703
f 1711 1710 2180
f 2180 1710 1709
f 2180 1709 2179
f 2179 1709 1708
f 2179 1708 1707
f 1711 2180 1712
f 1712 2180 2181
f 1712 2181 1713
f 1717 1716 2182
f 2182 1716 1715
f 2182 1715 2181
f 2181 1715 1714
f 2181 1714 1713
f 2183 1720 1719
f 2183 1719 2182
f 2182 1719 1718
f 2182 1718 1717
f 1722 1723 2184
f 2184 1723 1724
f 2184 1724 2183
f 2183 1724 1721
f 2183 1721 1720
f 1729 1728 2185
f 2185 1728 1726
f 2185 1726 2184
f 2184 1726 1725
f 2184 1725 1722
f 1732 1731 2186
f 2186 1731 2185
f 2185 1731 1730
f 2185 1730 1729
f 1739 1738 2187
f 2187 1738 1737
f 2187 1737 1736
f 1735 1734 2186
f 2186 1734 1733
f 2186 1733 1732
f 1745 1744 2188
f 2188 1744 1743
f 1743 1742 2188
f 2188 1742 1741
f 2188 1741 1740
f 1749 1748 2189
f 2189 1748 1747
f 2189 1747 2190
f 2190 1747 1746
f 1746 1745 2190
f 2190 1745 2188
f 2190 2188 2191
f 2191 2188 2192
f 2191 2192 2193
f 2193 2192 2076
f 2076 2192 2194
f 2076 2194 2077
f 2195 2196 2077
f 2077 2196 2197
f 2077 2197 2075
f 2072 2074 2198
f 2199 2200 2201
f 2201 2200 2202
f 2091 2203 2092
f 2092 2203 2204
f 2092 2204 2205
f 2082 2169 2083
f 2083 2169 2086
f 2083 2086 2206
f 2206 2086 2207
f 2206 2207 2208
f 2208 2207 2209
f 2208 2209 2210
f 2210 2209 2211
f 2210 2211 2212
f 2212 2211 2213
f 2212 2213 2214
f 2214 2213 2215
f 2214 2215 2216
f 2216 2215 2217
f 2216 2217 2218
f 2218 2217 2219
f 2218 2219 2220
f 2220 2219 2221
f 2220 2221 2222
f 2222 2221 2223
f 2222 2223 2224
f 2224 2223 2225
f 2224 2225 2226
f 2226 2225 2227
f 2226 2227 2228
f 2228 2227 2229
f 2073 2195 2074
f 2074 2195 2077
f 2074 2077 2230
f 2230 2077 2194
f 2230 2194 2231
f 2228 2232 2226
f 2226 2232 2233
f 2226 2233 2224
f 2224 2233 2234
f 2224 2234 2222
f 2222 2234 2235
f 2222 2235 2220
f 2220 2235 2236
f 2220 2236 2218
f 2218 2236 2237
f 2218 2237 2216
f 2216 2237 2238
f 2216 2238 2214
f 2214 2238 2239
f 2214 2239 2212
f 2212 2239 2240
f 2212 2240 2210
f 2210 2240 2241
f 2210 2241 2208
f 2208 2241 2242
f 2208 2242 2206
f 2206 2242 2243
f 2206 2243 2083
f 2083 2243 2080
f 2083 2080 2081
f 2081 2080 2079
f 2173 2170 2172
f 2172 2170 2080
f 2172 2080 2171
f 2171 2080 2243
f 2171 2243 2176
f 2176 2243 2242
f 2176 2242 2177
f 2177 2242 2241
f 2177 2241 2178
f 2178 2241 2240
f 2178 2240 2179
f 2179 2240 2239
f 2179 2239 2180
f 2180 2239 2238
f 2180 2238 2181
f 2181 2238 2237
f 2181 2237 2182
f 2182 2237 2236
f 2182 2236 2183
f 2183 2236 2235
f 2183 2235 2184
f 2184 2235 2234
f 2184 2234 2185
f 2185 2234 2233
f 2185 2233 2186
f 2186 2233 2232
f 2231 2194 2244
f 2244 2194 2192
f 2244 2192 2245
f 2245 2192 2188
f 2245 2188 2187
f 2187 2188 1740
f 2187 1740 1739
f 2205 2246 2092
f 2092 2246 2247
f 2092 2247 2095
f 2095 2247 2248
f 2095 2248 2089
f 2089 2248 2249
f 2089 2249 2102
f 2102 2249 2250
f 2102 2250 2106
f 2106 2250 2251
f 2106 2251 2111
f 2111 2251 2252
f 2111 2252 2114
f 2114 2252 2253
f 2114 2253 2120
f 2202 2198 2201
f 2201 2198 2074
f 2201 2074 2254
f 2254 2074 2230
f 2254 2230 2255
f 2255 2230 2231
f 2255 2231 2229
f 2229 2231 2244
f 2229 2244 2228
f 2228 2244 2245
f 2228 2245 2232
f 2232 2245 2187
f 2232 2187 2186
f 2186 2187 1736
f 2186 1736 1735
f 2246 2199 2247
f 2247 2199 2201
f 2247 2201 2248
f 2248 2201 2254
f 2248 2254 2249
f 2249 2254 2255
f 2249 2255 2250
f 2250 2255 2229
f 2250 2229 2251
f 2251 2229 2227
f 2251 2227 2252
f 2252 2227 2225
f 2252 2225 2253
f 2253 2225 2223
f 2253 2223 2120
f 2120 2223 2221
f 2120 2221 2126
f 2126 2221 2219
f 2126 2219 2130
f 2130 2219 2217
f 2130 2217 2132
f 2132 2217 2215
f 2132 2215 2139
f 2139 2215 2213
f 2139 2213 2141
f 2141 2213 2211
f 2141 2211 2146
f 2146 2211 2209
f 2146 2209 2157
f 2157 2209 2207
f 2157 2207 2152
f 2152 2207 2086
f 2152 2086 2166
f 2166 2086 2085
f 2256 2257 2258
f 2259 2260 2261
f 2262 1554 1768
f 2263 2264 2262
f 2264 2263 2265
f 2265 2263 2266
f 2265 2266 2267
f 2268 2269 2270
f 2270 2269 2271
f 2270 2271 2266
f 2266 2271 2272
f 2266 2272 2267
f 2273 2274 2275
f 2273 2275 2270
f 2270 2275 2276
f 2270 2276 2268
f 2277 2278 2279
f 2279 2278 2280
f 2279 2280 2273
f 2273 2280 2281
f 2273 2281 2274
f 2282 2283 2284
f 2284 2283 2285
f 2285 2286 2284
f 2284 2286 2287
f 2284 2287 2279
f 2279 2287 2288
f 2279 2288 2277
f 2289 2290 2291
f 2291 2290 2292
f 2291 2292 2293
f 2293 2292 2294
f 2293 2294 2282
f 2282 2294 2295
f 2282 2295 2283
f 2296 2297 2298
f 2298 2297 2299
f 2298 2299 2291
f 2291 2299 2300
f 2291 2300 2289
f 2301 2302 2303
f 2303 2302 2304
f 2303 2304 2298
f 2298 2304 2305
f 2298 2305 2296
f 2301 2303 2306
f 2306 2303 2307
f 2306 2307 2308
f 2260 2309 2261
f 2261 2309 2310
f 2261 2310 2307
f 2307 2310 2311
f 2307 2311 2308
f 2258 2257 2261
f 2261 2257 2312
f 2261 2312 2259
f 1560 2313 1753
f 1753 2313 2314
f 1753 2314 1754
f 2313 2315 2314
f 2314 2315 2316
f 2314 2316 2258
f 2258 2316 2317
f 2258 2317 2256
f 1777 1776 1895
f 1770 1769 2318
f 2318 1769 1795
f 2318 1795 1895
f 1895 1795 1777
f 1768 1772 2319
f 2319 1772 1771
f 2262 1768 2263
f 2263 1768 2319
f 2263 2319 2266
f 2266 2319 2320
f 2266 2320 2270
f 2270 2320 2321
f 2270 2321 2273
f 2273 2321 2322
f 2273 2322 2279
f 2279 2322 2323
f 2279 2323 2284
f 2284 2323 2324
f 2284 2324 2282
f 2282 2324 2325
f 2282 2325 2293
f 2325 2326 2293
f 2293 2326 2327
f 2293 2327 2291
f 2291 2327 2328
f 2291 2328 2298
f 2298 2328 2329
f 2298 2329 2303
f 2303 2329 2330
f 2303 2330 2307
f 2307 2330 2331
f 2307 2331 2261
f 2261 2331 2332
f 2261 2332 2258
f 2258 2332 2333
f 2258 2333 2314
f 2314 2333 1755
f 2314 1755 1754
f 1878 2334 1879
f 1879 2334 2335
f 1879 2335 1856
f 1862 1861 2336
f 2336 1861 2337
f 1878 1865 2334
f 2334 1865 1864
f 2334 1864 2336
f 2336 1864 1863
f 2336 1863 1862
f 1861 1884 2337
f 2337 1884 1883
f 2337 1883 2338
f 2338 1883 1877
f 1877 1876 2338
f 2338 1876 1875
f 2338 1875 2339
f 1880 2340 1881
f 1881 2340 2341
f 1881 2341 1891
f 1875 1882 2339
f 2339 1882 1860
f 2339 1860 2341
f 2341 1860 1892
f 2341 1892 1891
f 1880 1888 2340
f 2340 1888 1890
f 2340 1890 1889
f 1889 1781 2340
f 2340 1781 1784
f 2340 1784 1783
f 1874 2342 1885
f 1885 2342 2343
f 1885 2343 1886
f 1895 1894 2318
f 2318 1894 1893
f 2318 1893 2343
f 2343 1893 1887
f 2343 1887 1886
f 2344 1870 2345
f 2345 1870 1869
f 2346 1859 2347
f 2347 1859 1858
f 1869 1868 2345
f 2345 1868 1867
f 2345 1867 2346
f 2346 1867 1866
f 2346 1866 1859
f 1874 1873 2342
f 2342 1873 1872
f 2342 1872 2344
f 2344 1872 1871
f 2344 1871 1870
f 1858 1857 2347
f 2347 1857 1854
f 2347 1854 2335
f 2335 1854 1855
f 2335 1855 1856
f 1782 1794 2333
f 2333 1794 1785
f 2333 1785 1755
f 1783 1782 2340
f 2340 1782 2333
f 2340 2333 2341
f 2341 2333 2332
f 2341 2332 2339
f 2339 2332 2331
f 2339 2331 2338
f 2338 2331 2330
f 2338 2330 2337
f 2337 2330 2329
f 2337 2329 2336
f 2336 2329 2328
f 2336 2328 2334
f 2334 2328 2327
f 2334 2327 2335
f 2335 2327 2326
f 2335 2326 2347
f 2347 2326 2325
f 2347 2325 2346
f 2346 2325 2324
f 2346 2324 2345
f 2345 2324 2323
f 2345 2323 2344
f 2344 2323 2322
f 2344 2322 2342
f 2342 2322 2321
f 2342 2321 2343
f 2343 2321 2320
f 2343 2320 2318
f 2318 2320 2319
f 2318 2319 1770
f 1770 2319 1771
f 2348 2349 2350
f 2351 2352 2353
f 2354 2355 2352
f 2356 2357 2358
f 2359 2360 2361
f 2197 2196 2362
f 2167 2166 2363
f 2174 2175 2364
f 1899 1898 2365
f 1905 1914 2366
f 2367 2368 2369
f 2370 2162 2161
f 2371 2372 2348
f 2348 2372 2373
f 2374 2375 2376
f 2376 2375 2377
f 2376 2377 2378
f 2374 2376 2379
f 2379 2376 2380
f 2379 2380 2381
f 2382 2383 2384
f 2384 2385 2382
f 2382 2385 2386
f 2382 2386 2380
f 2380 2386 2387
f 2380 2387 2381
f 2388 2389 2390
f 2390 2389 2391
f 2390 2391 2382
f 2382 2391 2392
f 2382 2392 2383
f 2393 2394 2395
f 2395 2394 2396
f 2395 2396 2390
f 2390 2396 2397
f 2390 2397 2388
f 2398 2399 2400
f 2400 2401 2398
f 2398 2401 2402
f 2398 2402 2395
f 2395 2402 2403
f 2395 2403 2393
f 2399 2398 2404
f 2404 2398 2405
f 2404 2405 2406
f 2407 2408 2409
f 2409 2408 2410
f 2409 2410 2405
f 2405 2410 2411
f 2405 2411 2406
f 2412 2413 2414
f 2414 2413 2415
f 2414 2415 2409
f 2409 2415 2416
f 2409 2416 2407
f 2417 2418 2419
f 2419 2418 2420
f 2420 2421 2419
f 2419 2421 2422
f 2419 2422 2414
f 2414 2422 2423
f 2414 2423 2412
f 2417 2419 2424
f 2424 2419 2425
f 2424 2425 2426
f 2427 2428 2425
f 2425 2428 2429
f 2429 2430 2425
f 2425 2430 2431
f 2425 2431 2426
f 2432 2433 2434
f 2434 2433 2435
f 2434 2435 2427
f 2427 2435 2436
f 2427 2436 2428
f 2437 2438 2439
f 2439 2438 2440
f 2439 2440 2441
f 2368 2442 2437
f 2442 2443 2437
f 2437 2443 2444
f 2437 2444 2438
f 2203 2367 2204
f 2204 2367 2369
f 2204 2369 2205
f 2205 2369 2246
f 1749 2189 1958
f 1958 2189 2445
f 1958 2445 1959
f 1955 1954 2446
f 2446 1954 1953
f 2446 1953 1960
f 1948 1947 2447
f 2447 1947 1957
f 2447 1957 1956
f 1940 1952 2448
f 2448 1952 1951
f 2448 1951 1950
f 1943 1942 2449
f 2449 1942 1941
f 2450 1945 1944
f 1937 1938 2451
f 2451 1938 1939
f 2451 1939 1946
f 1934 1935 2452
f 2452 1935 1936
f 1931 1932 2453
f 2453 1932 1933
f 1925 1924 2454
f 2454 1924 1930
f 1925 2454 1926
f 1926 2454 2455
f 1926 2455 1927
f 1921 2455 1922
f 1922 2455 2456
f 1921 1928 2455
f 2455 1928 1929
f 2455 1929 1927
f 1917 1916 2456
f 2456 1916 1923
f 2456 1923 1922
f 1917 2456 1918
f 1918 2456 2457
f 1918 2457 1919
f 2366 1912 2457
f 2457 1912 1920
f 2457 1920 1919
f 1914 1915 2366
f 2366 1915 1913
f 2366 1913 1912
f 1906 2458 1907
f 1907 2458 2459
f 1907 2459 1908
f 1898 1911 2365
f 2365 1911 1910
f 2365 1910 2459
f 2459 1910 1909
f 2459 1909 1908
f 1681 1897 2460
f 2460 1897 1896
f 2460 1896 1904
f 1904 1903 2460
f 2460 1903 1902
f 2460 1902 2461
f 2461 1902 1901
f 2461 1901 1900
f 2462 2170 2173
f 2078 2463 2079
f 2079 2463 2081
f 2085 2084 2464
f 2464 2084 2169
f 2464 2169 2082
f 2373 2370 2348
f 2348 2370 2161
f 2348 2161 2349
f 2349 2161 2164
f 2349 2164 2168
f 2360 2193 2076
f 2197 2362 2075
f 2193 2360 2191
f 2191 2360 2359
f 2191 2359 2190
f 2076 2075 2360
f 2360 2075 2362
f 2360 2362 2361
f 2361 2362 2465
f 2361 2465 2466
f 2466 2465 2467
f 2466 2467 2468
f 2189 2190 2445
f 2445 2190 2359
f 2445 2359 2469
f 2469 2359 2361
f 2469 2361 2470
f 2470 2361 2466
f 2470 2466 2471
f 2471 2466 2468
f 2471 2468 2472
f 1960 1959 2446
f 2446 1959 2445
f 2446 2445 2473
f 2473 2445 2469
f 2473 2469 2474
f 2474 2469 2470
f 2474 2470 2475
f 2475 2470 2471
f 2475 2471 2476
f 2476 2471 2472
f 2476 2472 2357
f 2357 2356 2476
f 2476 2356 2477
f 2476 2477 2475
f 2475 2477 2478
f 2475 2478 2474
f 2474 2478 2479
f 2474 2479 2473
f 2473 2479 2447
f 2473 2447 2446
f 2446 2447 1956
f 2446 1956 1955
f 2355 2354 2480
f 2480 2354 2481
f 2480 2481 2482
f 2482 2481 2483
f 2482 2483 2484
f 2484 2483 2448
f 2484 2448 2485
f 2485 2448 1950
f 2485 1950 1949
f 2352 2351 2354
f 2354 2351 2486
f 2354 2486 2481
f 2481 2486 2487
f 2481 2487 2483
f 2483 2487 2449
f 2483 2449 2448
f 2448 2449 1941
f 2448 1941 1940
f 1949 1948 2485
f 2485 1948 2447
f 2485 2447 2484
f 2484 2447 2479
f 2484 2479 2482
f 2482 2479 2478
f 2482 2478 2480
f 2480 2478 2477
f 2480 2477 2355
f 2355 2477 2356
f 2355 2356 2352
f 2352 2356 2358
f 2352 2358 2353
f 2353 2358 2488
f 2353 2488 2489
f 2489 2488 2490
f 2464 2491 2492
f 2492 2491 2493
f 2492 2493 2494
f 2494 2493 2495
f 2494 2495 2496
f 2496 2495 2497
f 2496 2497 2498
f 2498 2497 2499
f 2498 2499 2500
f 2490 2500 2489
f 2489 2500 2499
f 2489 2499 2501
f 2501 2499 2497
f 2501 2497 2502
f 2502 2497 2495
f 2502 2495 2503
f 2503 2495 2493
f 2503 2493 2504
f 2504 2493 2491
f 2504 2491 2505
f 2505 2491 2464
f 2505 2464 2463
f 2463 2464 2082
f 2463 2082 2081
f 1944 1943 2450
f 2450 1943 2449
f 2450 2449 2506
f 2506 2449 2487
f 2506 2487 2507
f 2507 2487 2486
f 2507 2486 2508
f 2508 2486 2351
f 2508 2351 2509
f 2509 2351 2353
f 2509 2353 2510
f 2510 2353 2489
f 2510 2489 2511
f 2511 2489 2501
f 2511 2501 2512
f 2512 2501 2502
f 2512 2502 2513
f 2513 2502 2503
f 2513 2503 2514
f 2514 2503 2504
f 2514 2504 2515
f 2515 2504 2505
f 2515 2505 2462
f 2462 2505 2463
f 2462 2463 2170
f 2170 2463 2078
f 2173 2174 2462
f 2462 2174 2364
f 2462 2364 2515
f 2515 2364 2516
f 2515 2516 2514
f 2514 2516 2517
f 2514 2517 2513
f 2513 2517 2518
f 2513 2518 2512
f 2512 2518 2519
f 2512 2519 2511
f 2511 2519 2520
f 2511 2520 2510
f 2510 2520 2521
f 2510 2521 2509
f 2509 2521 2522
f 2509 2522 2508
f 2508 2522 2523
f 2508 2523 2507
f 2507 2523 2524
f 2507 2524 2506
f 2506 2524 2451
f 2506 2451 2450
f 2450 2451 1946
f 2450 1946 1945
f 1906 1905 2458
f 2458 1905 2366
f 2458 2366 2525
f 2525 2366 2457
f 2525 2457 2526
f 2526 2457 2456
f 2526 2456 2527
f 2527 2456 2455
f 2527 2455 2528
f 2528 2455 2454
f 2528 2454 2453
f 2453 2454 1930
f 2453 1930 1931
f 2175 1681 2364
f 2364 1681 2460
f 2364 2460 2516
f 2516 2460 2461
f 2516 2461 2517
f 2517 2461 2529
f 2517 2529 2518
f 2518 2529 2530
f 2518 2530 2519
f 2519 2530 2531
f 2519 2531 2520
f 2520 2531 2532
f 2520 2532 2521
f 2521 2532 2533
f 2521 2533 2522
f 2522 2533 2534
f 2522 2534 2523
f 2523 2534 2535
f 2523 2535 2524
f 2524 2535 2452
f 2524 2452 2451
f 2451 2452 1936
f 2451 1936 1937
f 1900 1899 2461
f 2461 1899 2365
f 2461 2365 2529
f 2529 2365 2459
f 2529 2459 2530
f 2530 2459 2458
f 2530 2458 2531
f 2531 2458 2525
f 2531 2525 2532
f 2532 2525 2526
f 2532 2526 2533
f 2533 2526 2527
f 2533 2527 2534
f 2534 2527 2528
f 2534 2528 2535
f 2535 2528 2453
f 2535 2453 2452
f 2452 2453 1933
f 2452 1933 1934
f 2246 2369 2199
f 2199 2369 2536
f 2199 2536 2200
f 2537 2538 2539
f 2540 2437 2538
f 2538 2437 2439
f 2538 2439 2539
f 2539 2439 2441
f 2539 2441 2541
f 2198 2202 2540
f 2198 2540 2072
f 2368 2437 2369
f 2369 2437 2540
f 2369 2540 2536
f 2536 2540 2202
f 2536 2202 2200
f 2195 2073 2542
f 2168 2167 2349
f 2349 2167 2363
f 2349 2363 2350
f 2350 2363 2543
f 2350 2543 2544
f 2544 2543 2545
f 2544 2545 2546
f 2546 2545 2547
f 2546 2547 2548
f 2548 2547 2549
f 2548 2549 2550
f 2550 2549 2551
f 2550 2551 2552
f 2552 2551 2553
f 2552 2553 2554
f 2554 2553 2555
f 2554 2555 2556
f 2556 2555 2557
f 2556 2557 2558
f 2558 2557 2559
f 2558 2559 2560
f 2560 2559 2561
f 2560 2561 2562
f 2562 2561 2563
f 2562 2563 2537
f 2537 2563 2564
f 2537 2564 2538
f 2538 2564 2565
f 2538 2565 2540
f 2540 2565 2542
f 2540 2542 2072
f 2072 2542 2073
f 2541 2432 2539
f 2539 2432 2434
f 2539 2434 2537
f 2537 2434 2427
f 2537 2427 2562
f 2562 2427 2425
f 2562 2425 2560
f 2560 2425 2419
f 2560 2419 2558
f 2558 2419 2414
f 2558 2414 2556
f 2556 2414 2409
f 2556 2409 2554
f 2554 2409 2405
f 2554 2405 2552
f 2552 2405 2398
f 2552 2398 2550
f 2550 2398 2395
f 2550 2395 2548
f 2548 2395 2390
f 2548 2390 2546
f 2546 2390 2382
f 2546 2382 2544
f 2544 2382 2380
f 2544 2380 2350
f 2350 2380 2376
f 2350 2376 2348
f 2348 2376 2378
f 2348 2378 2371
f 2166 2085 2363
f 2363 2085 2464
f 2363 2464 2543
f 2543 2464 2492
f 2543 2492 2545
f 2545 2492 2494
f 2545 2494 2547
f 2547 2494 2496
f 2547 2496 2549
f 2549 2496 2498
f 2549 2498 2551
f 2551 2498 2500
f 2551 2500 2553
f 2553 2500 2490
f 2553 2490 2555
f 2555 2490 2488
f 2555 2488 2557
f 2557 2488 2358
f 2557 2358 2559
f 2559 2358 2357
f 2559 2357 2561
f 2561 2357 2472
f 2561 2472 2563
f 2563 2472 2468
f 2563 2468 2564
f 2564 2468 2467
f 2564 2467 2565
f 2565 2467 2465
f 2565 2465 2542
f 2542 2465 2362
f 2542 2362 2195
f 2195 2362 2196
f 2015 2566 2203
f 2015 2203 2016
f 2203 2091 2016
f 2016 2091 2090
f 2016 2090 2006
f 2006 2090 2097
f 2006 2097 2005
f 2005 2097 2096
f 2005 2096 2003
f 2003 2096 2094
f 2003 2094 2007
f 2011 2010 2100
f 2094 2093 2007
f 2007 2093 2100
f 2007 2100 2008
f 2008 2100 2010
f 2100 2099 2011
f 2011 2099 2098
f 2011 2098 2012
f 2012 2098 2088
f 2012 2088 2013
f 2013 2088 2087
f 2013 2087 1999
f 1999 2087 2101
f 1999 2101 2000
f 2000 2101 2002
f 2101 2103 2002
f 2002 2103 2108
f 2002 2108 1998
f 2108 2107 1998
f 1998 2107 2105
f 1998 2105 2104
f 1998 2104 1996
f 1996 2104 2113
f 1996 2113 1986
f 1986 2113 1987
f 1994 1993 2117
f 2113 2112 1987
f 1987 2112 2110
f 1987 2110 1988
f 1988 2110 2109
f 1988 2109 1989
f 1989 2109 2116
f 1989 2116 1991
f 1991 2116 2115
f 1991 2115 1992
f 1992 2115 2119
f 1992 2119 1993
f 1993 2119 2118
f 1993 2118 2117
f 1994 2117 1995
f 1995 2117 2123
f 1995 2123 1984
f 2123 2122 1984
f 1984 2122 2121
f 1984 2121 1982
f 1982 2121 2128
f 1982 2128 1980
f 1980 2128 2127
f 1980 2127 2068
f 2068 2127 2125
f 2068 2125 2069
f 2069 2125 2124
f 2069 2124 2070
f 2070 2124 2129
f 2070 2129 2071
f 2071 2129 2131
f 2071 2131 2063
f 2063 2131 2134
f 2063 2134 2062
f 2062 2134 2133
f 2062 2133 2061
f 2061 2133 1961
f 1961 2133 2137
f 1961 2137 1962
f 1962 2137 2136
f 1962 2136 2064
f 2064 2136 2065
f 2065 2136 2135
f 2065 2135 2066
f 2135 2145 2066
f 2066 2145 2144
f 2066 2144 2057
f 2057 2144 2143
f 2057 2143 2056
f 2056 2143 2138
f 2056 2138 2055
f 2055 2138 2140
f 2055 2140 2058
f 2058 2140 2142
f 2058 2142 2059
f 2059 2142 2148
f 2059 2148 2060
f 2060 2148 2053
f 2053 2148 2147
f 2053 2147 2054
f 2155 2160 2045
f 2147 2151 2054
f 2054 2151 2150
f 2054 2150 2047
f 2047 2150 2149
f 2047 2149 2048
f 2048 2149 2159
f 2048 2159 2050
f 2050 2159 2158
f 2050 2158 2051
f 2051 2158 2156
f 2051 2156 2042
f 2042 2156 2155
f 2042 2155 2043
f 2043 2155 2045
f 2160 2154 2045
f 2045 2154 2153
f 2045 2153 2046
f 2046 2153 2165
f 2046 2165 1978
f 2163 2162 2567
f 1978 2165 1979
f 1979 2165 2163
f 1979 2163 2067
f 2067 2163 2567
f 2067 2567 1973
f 2568 2566 2015
f 2015 2014 2568
f 2568 2014 2017
f 2568 2017 2569
f 2569 2017 1965
f 2569 1965 1964
f 1631 2570 1967
f 1967 2570 2571
f 1967 2571 1964
f 1964 2571 2569
f 2256 2317 2572
f 2573 2574 2575
f 2576 2577 2578
f 2579 2580 2581
f 2582 2583 2584
f 2570 1631 1629
f 2581 2580 2584
f 2584 2580 2585
f 2584 2585 2582
f 2578 2577 2581
f 2581 2577 2586
f 2581 2586 2579
f 2587 2588 2589
f 2589 2588 2590
f 2589 2590 2578
f 2578 2590 2591
f 2578 2591 2576
f 2592 2593 2594
f 2594 2593 2595
f 2594 2595 2596
f 2596 2595 2597
f 2592 2594 2598
f 2598 2594 2599
f 2598 2599 2600
f 2574 2601 2575
f 2575 2601 2602
f 2575 2602 2599
f 2599 2602 2603
f 2599 2603 2600
f 2604 2605 2606
f 2606 2605 2607
f 2606 2607 2573
f 2608 2609 2610
f 2610 2609 2611
f 2608 2610 2612
f 2612 2610 2613
f 2612 2613 2614
f 2614 2613 2615
f 2615 2613 2616
f 2615 2616 2617
f 2617 2616 2618
f 2618 2616 2619
f 2618 2619 2620
f 2620 2619 2621
f 2621 2619 2622
f 2621 2622 2623
f 2623 2622 2624
f 2624 2622 2625
f 2624 2625 2626
f 2627 2628 2625
f 2625 2628 2629
f 2625 2629 2626
f 2625 2630 2627
f 2627 2630 2631
f 2627 2631 2632
f 2633 2634 2635
f 2635 2634 2636
f 2635 2636 2631
f 2631 2636 2637
f 2631 2637 2632
f 2638 2633 2572
f 2639 2640 2572
f 2572 2640 2641
f 2572 2641 2638
f 1567 2642 2639
f 2639 2642 2643
f 2639 2643 2640
f 2315 2313 2639
f 2639 2313 1560
f 2639 1560 1559
f 1559 1563 2639
f 2639 1563 1566
f 2639 1566 1567
f 2292 2290 2606
f 2606 2290 2611
f 2606 2611 2604
f 2604 2611 2609
f 2572 2317 2639
f 2639 2317 2316
f 2639 2316 2315
f 2633 2635 2572
f 2572 2635 2257
f 2572 2257 2256
f 2309 2260 2631
f 2631 2260 2259
f 2631 2259 2635
f 2635 2259 2312
f 2635 2312 2257
f 2309 2631 2310
f 2310 2631 2630
f 2310 2630 2311
f 2311 2630 2625
f 2311 2625 2308
f 2308 2625 2622
f 2308 2622 2306
f 2306 2622 2301
f 2301 2622 2619
f 2301 2619 2302
f 2302 2619 2304
f 2304 2619 2616
f 2304 2616 2305
f 2305 2616 2613
f 2305 2613 2296
f 2290 2289 2611
f 2611 2289 2300
f 2611 2300 2610
f 2610 2300 2299
f 2610 2299 2613
f 2613 2299 2297
f 2613 2297 2296
f 2573 2575 2606
f 2606 2575 2294
f 2606 2294 2292
f 2286 2285 2599
f 2599 2285 2283
f 2599 2283 2575
f 2575 2283 2295
f 2575 2295 2294
f 2286 2599 2287
f 2287 2599 2594
f 2287 2594 2288
f 2281 2280 2596
f 2596 2280 2278
f 2596 2278 2594
f 2594 2278 2277
f 2594 2277 2288
f 2597 2587 2596
f 2596 2587 2589
f 2596 2589 2281
f 2281 2589 2274
f 2269 2268 2578
f 2578 2268 2276
f 2578 2276 2589
f 2589 2276 2275
f 2589 2275 2274
f 2269 2578 2271
f 2271 2578 2581
f 2271 2581 2272
f 2262 2264 2584
f 2584 2264 2265
f 2584 2265 2581
f 2581 2265 2267
f 2581 2267 2272
f 2583 2570 2584
f 2584 2570 1629
f 2584 1629 2262
f 2262 1629 1555
f 2262 1555 1554
f 2644 1973 2567
f 2567 2162 2370
f 2567 2370 2644
f 2644 2370 2373
f 2644 2373 2645
f 2645 2373 2372
f 2645 2372 2646
f 2646 2372 2371
f 2646 2371 2647
f 2371 2378 2647
f 2647 2378 2377
f 2647 2377 2648
f 2648 2377 2649
f 2377 2375 2649
f 2649 2375 2374
f 2649 2374 2650
f 2374 2379 2650
f 2650 2379 2381
f 2650 2381 2651
f 2651 2381 2387
f 2651 2387 2652
f 2652 2387 2386
f 2652 2386 2653
f 2386 2385 2653
f 2653 2385 2384
f 2653 2384 2654
f 2654 2384 2383
f 2654 2383 2655
f 2655 2383 2656
f 2383 2392 2656
f 2656 2392 2391
f 2656 2391 2657
f 2391 2389 2657
f 2657 2389 2388
f 2657 2388 2658
f 2658 2388 2397
f 2658 2397 2659
f 2659 2397 2396
f 2659 2396 2660
f 2396 2394 2660
f 2660 2394 2393
f 2660 2393 2661
f 2661 2393 2403
f 2661 2403 2662
f 2662 2403 2402
f 2662 2402 2663
f 2402 2401 2663
f 2663 2401 2400
f 2663 2400 2664
f 2664 2400 2399
f 2664 2399 2665
f 2665 2399 2404
f 2665 2404 2666
f 2666 2404 2406
f 2406 2411 2666
f 2666 2411 2410
f 2666 2410 2667
f 2667 2410 2408
f 2667 2408 2668
f 2668 2408 2407
f 2668 2407 2669
f 2407 2416 2669
f 2669 2416 2415
f 2669 2415 2670
f 2670 2415 2413
f 2670 2413 2671
f 2671 2413 2412
f 2671 2412 2672
f 2672 2412 2423
f 2672 2423 2673
f 2673 2423 2422
f 2422 2421 2673
f 2673 2421 2420
f 2673 2420 2674
f 2674 2420 2418
f 2674 2418 2675
f 2675 2418 2417
f 2675 2417 2676
f 2676 2417 2424
f 2676 2424 2677
f 2424 2426 2677
f 2677 2426 2431
f 2677 2431 2678
f 2431 2430 2678
f 2678 2430 2429
f 2678 2429 2679
f 2429 2428 2679
f 2679 2428 2436
f 2679 2436 2680
f 2680 2436 2435
f 2680 2435 2681
f 2681 2435 2433
f 2681 2433 2682
f 2433 2432 2682
f 2682 2432 2541
f 2682 2541 2683
f 2683 2541 2441
f 2683 2441 2684
f 2441 2440 2684
f 2684 2440 2438
f 2684 2438 2685
f 2438 2444 2685
f 2685 2444 2443
f 2685 2443 2686
f 2686 2443 2442
f 2686 2442 2687
f 2687 2442 2368
f 2687 2368 2566
f 2566 2368 2367
f 2566 2367 2203
f 2590 2588 2688
f 2571 2570 2583
f 2686 2687 2689
f 2689 2687 2566
f 2566 2568 2689
f 2689 2568 2569
f 2689 2569 2583
f 2583 2569 2571
f 2598 2690 2592
f 2592 2690 2691
f 2592 2691 2593
f 2598 2600 2690
f 2690 2600 2603
f 2690 2603 2692
f 2692 2603 2602
f 2692 2602 2601
f 2576 2591 2693
f 2693 2591 2590
f 2580 2694 2585
f 2585 2694 2689
f 2585 2689 2582
f 2582 2689 2583
f 2580 2579 2694
f 2694 2579 2586
f 2694 2586 2693
f 2693 2586 2577
f 2693 2577 2576
f 2588 2587 2688
f 2688 2587 2597
f 2688 2597 2691
f 2691 2597 2595
f 2691 2595 2593
f 2601 2574 2692
f 2692 2574 2695
f 2692 2695 2667
f 2667 2695 2666
f 2674 2691 2673
f 2673 2691 2690
f 2673 2690 2672
f 2672 2690 2671
f 2667 2668 2692
f 2692 2668 2669
f 2692 2669 2690
f 2690 2669 2670
f 2690 2670 2671
f 2590 2688 2693
f 2693 2688 2678
f 2693 2678 2679
f 2683 2684 2694
f 2694 2684 2689
f 2689 2684 2685
f 2689 2685 2686
f 2679 2680 2693
f 2693 2680 2681
f 2693 2681 2694
f 2694 2681 2682
f 2694 2682 2683
f 2674 2675 2691
f 2691 2675 2676
f 2691 2676 2688
f 2688 2676 2677
f 2688 2677 2678
f 1971 1976 2696
f 2696 1976 1975
f 2696 1975 1974
f 1974 1973 2644
f 1974 2644 2696
f 2696 2644 2645
f 2696 2645 2646
f 2646 2647 2697
f 2697 2647 2648
f 2697 2648 2649
f 2657 2698 2656
f 2656 2698 2699
f 2656 2699 2700
f 2663 2701 2662
f 2662 2701 2702
f 2662 2702 2661
f 2657 2658 2698
f 2698 2658 2659
f 2698 2659 2702
f 2702 2659 2660
f 2702 2660 2661
f 2649 2650 2703
f 2703 2650 2651
f 2703 2651 2652
f 2653 2654 2700
f 2700 2654 2655
f 2700 2655 2656
f 2642 2704 2643
f 2643 2704 2640
f 2646 2697 2696
f 2696 2697 2704
f 2696 2704 1971
f 1971 2704 2642
f 1971 2642 1567
f 2636 2634 2705
f 2705 2634 2706
f 2705 2706 2703
f 2634 2633 2706
f 2706 2633 2638
f 2706 2638 2641
f 2649 2703 2697
f 2697 2703 2706
f 2697 2706 2704
f 2704 2706 2641
f 2704 2641 2640
f 2620 2621 2698
f 2698 2621 2623
f 2698 2623 2699
f 2699 2623 2624
f 2604 2609 2701
f 2701 2609 2608
f 2701 2608 2702
f 2702 2608 2612
f 2702 2612 2614
f 2614 2615 2702
f 2702 2615 2617
f 2702 2617 2698
f 2698 2617 2618
f 2698 2618 2620
f 2627 2632 2705
f 2705 2632 2637
f 2705 2637 2636
f 2624 2626 2699
f 2699 2626 2629
f 2699 2629 2628
f 2628 2627 2699
f 2699 2627 2705
f 2699 2705 2700
f 2700 2705 2703
f 2700 2703 2653
f 2653 2703 2652
f 2663 2664 2701
f 2701 2664 2665
f 2701 2665 2695
f 2695 2665 2666
f 2574 2573 2695
f 2695 2573 2607
f 2695 2607 2701
f 2701 2607 2605
f 2701 2605 2604
f 2707 2708 2709
f 2710 2711 2712
f 2712 2713 2710
f 2710 2713 2714
f 2710 2714 2715
f 2715 2714 2716
f 2715 2716 2717
f 2717 2716 2707
f 2717 2707 2718
f 2718 2707 2709
f 2719 2720 2721
f 2721 2720 2722
f 2721 2722 2723
f 2723 2722 2724
f 2723 2724 2725
f 2725 2724 2726
f 2725 2726 2727
f 2727 2726 2728
f 2727 2728 2729
f 2729 2728 2730
f 2729 2730 2708
f 2708 2730 2709
f 2731 2732 2733
f 2733 2732 2734
f 2733 2734 2735
f 2735 2734 2736
f 2735 2736 2737
f 2737 2736 2738
f 2737 2738 2739
f 2739 2738 2740
f 2739 2740 2741
f 2741 2740 2742
f 2741 2742 2719
f 2719 2742 2720
f 2732 2731 2743
f 2743 2731 2744
f 2743 2744 2745
f 2745 2744 2746
f 2745 2746 2747
f 2747 2746 2748
f 2747 2748 2749
f 2749 2748 2750
f 2749 2750 2751
f 2751 2750 2752
f 2751 2752 2753
f 2753 2752 2754
f 2753 2754 2755
f 2755 2754 2756
f 2755 2756 2757
f 2757 2756 2758
f 2757 2758 2759
f 2759 2758 2760
f 2759 2760 2761
f 2762 2763 2764
f 2764 2763 2765
f 2764 2765 2766
f 2766 2765 2767
f 2766 2767 2768
f 2768 2767 2769
f 2768 2769 2770
f 2770 2769 2771
f 2770 2771 2772
f 2772 2771 2773
f 2772 2773 2774
f 2774 2773 2775
f 2776 2777 2778
f 2778 2777 2779
f 2778 2779 2780
f 2780 2779 2781
f 2780 2781 2782
f 2782 2781 2783
f 2782 2783 2784
f 2784 2783 2785
f 2784 2785 2786
f 2786 2785 2787
f 2786 2787 2762
f 2762 2787 2763
f 2777 2776 2788
f 2788 2776 2789
f 2788 2789 2790
f 2790 2789 2791
f 2790 2791 2792
f 2792 2791 2793
f 2792 2793 2794
f 2794 2793 2795
f 2794 2795 2796
f 2796 2795 2797
f 2796 2797 2798
f 2797 2799 2798
f 2798 2799 2800
f 2798 2800 2801
f 2801 2800 2802
f 2801 2802 2803
f 2803 2802 2804
f 2803 2804 2805
f 2805 2804 2806
f 2805 2806 2807
f 2808 2809 2810
f 2806 2811 2807
f 2807 2811 2812
f 2807 2812 2813
f 2813 2812 2814
f 2813 2814 2815
f 2815 2814 2808
f 2815 2808 2816
f 2816 2808 2810
f 2809 2817 2810
f 2810 2817 2818
f 2810 2818 2819
f 2819 2818 2820
f 2819 2820 2821
f 2821 2820 2822
f 2821 2822 2823
f 2823 2822 2824
f 2823 2824 2825
f 2825 2824 2826
f 2826 2827 2825
f 2825 2827 2828
f 2825 2828 2829
f 2829 2828 2830
f 2829 2830 2831
f 2831 2830 2832
f 2830 2833 2832
f 2832 2833 2834
f 2832 2834 2835
f 2835 2834 2836
f 2835 2836 2837
f 2836 2838 2837
f 2837 2838 2839
f 2837 2839 2840
f 2839 2841 2840
f 2840 2841 2842
f 2840 2842 2843
f 2842 2844 2843
f 2843 2844 2845
f 2843 2845 2846
f 2845 2847 2846
f 2846 2847 2848
f 2846 2848 2849
f 2849 2850 2846
f 2846 2850 2851
f 2846 2851 2852
f 2852 2851 2853
f 2852 2853 2854
f 2854 2855 2852
f 2852 2855 2856
f 2852 2856 2857
f 2856 2858 2857
f 2857 2858 2859
f 2857 2859 2860
f 2860 2859 2861
f 2860 2861 2862
f 2862 2861 2863
f 2862 2863 2864
f 2864 2863 2865
f 2865 2866 2864
f 2864 2866 2867
f 2864 2867 2868
f 2867 2869 2868
f 2868 2869 2870
f 2868 2870 2871
f 2872 2873 2874
f 2874 2873 2871
f 2874 2871 2875
f 2875 2871 2870
f 2872 2876 2873
f 2873 2876 2877
f 2873 2877 2878
f 2878 2877 2879
f 2879 2880 2878
f 2878 2880 2881
f 2878 2881 2882
f 2882 2881 2883
f 2882 2883 2884
f 2883 2885 2884
f 2884 2885 2886
f 2884 2886 2887
f 2888 2889 2890
f 2890 2889 2891
f 2890 2891 2892
f 2892 2891 2887
f 2892 2887 2893
f 2893 2887 2886
f 2888 2894 2889
f 2889 2894 2895
f 2889 2895 2896
f 2895 2897 2896
f 2896 2897 2898
f 2896 2898 2899
f 2899 2898 2900
f 2899 2900 2901
f 2902 2903 2904
f 2904 2903 2901
f 2904 2901 2905
f 2905 2901 2900
f 2902 2906 2903
f 2903 2906 2907
f 2903 2907 2908
f 2908 2907 2909
f 2908 2909 2910
f 2909 2911 2910
f 2910 2911 2912
f 2910 2912 2913
f 2913 2912 2914
f 2913 2914 2915
f 2916 2917 2918
f 2918 2917 2915
f 2918 2915 2919
f 2919 2915 2914
f 2916 2920 2917
f 2917 2920 2921
f 2917 2921 2922
f 2922 2923 2917
f 2917 2923 2924
f 2917 2924 2925
f 2925 2924 2926
f 2925 2926 2927
f 2927 2928 2925
f 2925 2928 2929
f 2925 2929 2930
f 2930 2929 2931
f 2931 2932 2930
f 2930 2932 2933
f 2930 2933 2934
f 2934 2933 2935
f 2934 2935 2936
f 2935 2937 2936
f 2936 2937 2938
f 2936 2938 2939
f 2939 2938 2940
f 2939 2940 2941
f 2940 2942 2941
f 2941 2942 2943
f 2941 2943 2944
f 2944 2943 2945
f 2944 2945 2946
f 2945 2947 2946
f 2946 2947 2948
f 2946 2948 2949
f 2949 2948 2950
f 2949 2950 2951
f 2951 2950 2952
f 2951 2952 2953
f 2952 2954 2953
f 2953 2954 2955
f 2953 2955 2956
f 2956 2955 2957
f 2956 2957 2958
f 2958 2957 2959
f 2958 2959 2960
f 2959 2961 2960
f 2960 2961 2962
f 2960 2962 2963
f 2963 2962 2964
f 2963 2964 2965
f 2964 2966 2965
f 2965 2966 2967
f 2965 2967 2968
f 2969 2970 2971
f 2972 2973 2974
f 2975 2976 2977
f 2978 2979 2980
f 2981 2982 2983
f 2984 2985 2986
f 2987 2988 2989
f 2990 2991 2992
f 2993 2994 2995
f 2955 2954 2996
f 2997 2998 2999
f 3000 3001 3002
f 3003 3004 3005
f 3006 3007 3008
f 3009 3010 3011
f 3012 3013 3014
f 3014 3013 3015
f 3014 3015 3016
f 3000 3002 3017
f 3018 3019 3020
f 3020 3019 3021
f 3020 3021 3022
f 3023 3024 3025
f 3025 3024 3026
f 3025 3026 2760
f 3027 3028 3029
f 3029 3030 3027
f 3027 3030 3031
f 3027 3031 3024
f 3024 3031 3032
f 3024 3032 3026
f 3033 3034 2774
f 2774 3034 3035
f 2774 3035 2772
f 2772 3035 2770
f 3033 3036 3034
f 3034 3036 3037
f 3034 3037 3027
f 3027 3037 3038
f 3027 3038 3028
f 2770 3035 2768
f 2768 3035 3039
f 2768 3039 2766
f 3040 2762 3039
f 3039 2762 2764
f 3039 2764 2766
f 2780 2782 3041
f 3041 2782 2784
f 3041 2784 3040
f 3040 2784 2786
f 3040 2786 2762
f 2780 3041 2778
f 2778 3041 3042
f 2778 3042 2776
f 2795 2793 3043
f 3043 2793 2791
f 3043 2791 3042
f 3042 2791 2789
f 3042 2789 2776
f 2795 3043 2797
f 2797 3043 3044
f 2797 3044 2799
f 2814 2812 3045
f 3045 2812 2811
f 3045 2811 2806
f 2806 2804 3045
f 3045 2804 2802
f 3045 2802 3044
f 3044 2802 2800
f 3044 2800 2799
f 2814 3045 2808
f 2808 3045 3046
f 2808 3046 2809
f 2822 2820 3046
f 3047 2826 3046
f 3046 2826 2824
f 3046 2824 2822
f 2820 2818 3046
f 3046 2818 2817
f 3046 2817 2809
f 2836 3047 2838
f 2838 3047 3048
f 2836 2834 3047
f 3047 2834 2833
f 3047 2833 2830
f 2830 2828 3047
f 3047 2828 2827
f 3047 2827 2826
f 2855 2854 3048
f 2855 3048 2856
f 2856 3048 2858
f 2858 3048 3049
f 2858 3049 2859
f 2854 2853 3048
f 3048 2853 2851
f 3048 2851 2850
f 2850 2849 3048
f 3048 2849 2848
f 3048 2848 2847
f 2847 2845 3048
f 3048 2845 2844
f 3048 2844 2842
f 2842 2841 3048
f 3048 2841 2839
f 3048 2839 2838
f 2872 2874 3049
f 2880 2879 3050
f 3050 2879 2877
f 3050 2877 3049
f 3049 2877 2876
f 3049 2876 2872
f 2874 2875 3049
f 3049 2875 2870
f 3049 2870 2869
f 2869 2867 3049
f 3049 2867 2866
f 3049 2866 2865
f 2865 2863 3049
f 3049 2863 2861
f 3049 2861 2859
f 2892 2893 3050
f 3050 2893 2886
f 3050 2886 2885
f 2885 2883 3050
f 3050 2883 2881
f 3050 2881 2880
f 2898 2897 3051
f 3051 2897 2895
f 3051 2895 2894
f 2894 2888 3051
f 3051 2888 2890
f 3051 2890 2892
f 2906 2902 3052
f 3052 2902 2904
f 2904 2905 3052
f 3052 2905 2900
f 3052 2900 2898
f 3053 2914 2912
f 2912 2911 3053
f 3053 2911 2909
f 3053 2909 2907
f 2933 2932 3054
f 3054 2932 2931
f 2920 2916 3054
f 3054 2916 2918
f 3054 2918 2919
f 2931 2929 3054
f 3054 2929 2928
f 3054 2928 2927
f 2927 2926 3054
f 3054 2926 2924
f 3054 2924 2923
f 2923 2922 3054
f 3054 2922 2921
f 3054 2921 2920
f 2940 2938 3055
f 3055 2938 2937
f 3055 2937 2935
f 2945 2943 3056
f 3056 2943 2942
f 2952 2950 3057
f 3057 2950 2948
f 3057 2948 2947
f 2955 2996 2957
f 3058 2961 2959
f 2967 2966 3059
f 3059 2966 2964
f 3059 2964 3058
f 3058 2964 2962
f 3058 2962 2961
f 3060 3061 3062
f 3062 3061 3063
f 2995 2994 3062
f 3062 2994 3064
f 3062 3064 3060
f 3065 3066 3067
f 3067 3066 3068
f 3067 3068 3069
f 3069 3068 3070
f 3069 3070 2995
f 2995 3070 3071
f 2995 3071 2993
f 3065 3067 3072
f 3072 3067 3073
f 3072 3073 3074
f 3074 3073 3075
f 3075 3073 3076
f 3075 3076 3077
f 3078 3079 3080
f 3080 3079 3081
f 3080 3081 3076
f 3076 3081 3082
f 3076 3082 3077
f 3083 3084 3085
f 3085 3084 3086
f 3085 3086 3080
f 3080 3086 3087
f 3080 3087 3078
f 3088 3089 3090
f 3090 3089 3091
f 3092 3093 3094
f 3094 3093 3095
f 3096 3097 3098
f 3098 3097 3099
f 3098 3099 3100
f 3100 3099 3101
f 3102 3103 3104
f 3104 3103 3105
f 2991 3106 2992
f 2992 3106 3107
f 2992 3107 3108
f 3109 3110 3111
f 3111 3110 3112
f 3113 3114 3115
f 3116 3117 3118
f 3118 3117 3119
f 3118 3119 3115
f 3115 3119 3120
f 3115 3120 3113
f 3121 3122 3118
f 3118 3122 3123
f 3118 3123 3116
f 2987 3124 2988
f 2988 3124 3125
f 2988 3125 3121
f 3121 3125 3126
f 3121 3126 3122
f 3127 3128 2989
f 2989 3128 3129
f 2989 3129 2987
f 2985 3130 2986
f 2986 3130 3131
f 2986 3131 3132
f 3132 3131 3133
f 3132 3133 3134
f 2984 2986 3135
f 3135 2986 3136
f 3135 3136 3137
f 3138 3139 3136
f 3136 3139 3140
f 3136 3140 3137
f 3141 3142 3143
f 3142 3144 3143
f 3143 3144 3145
f 3143 3145 3136
f 3136 3145 3146
f 3136 3146 3138
f 3147 3148 3149
f 3149 3148 3150
f 3149 3150 3151
f 3152 3153 3154
f 3155 3156 3157
f 3157 3156 3158
f 2982 3159 2983
f 2983 3159 3160
f 2983 3160 3157
f 3157 3160 3161
f 3157 3161 3155
f 3162 3163 3164
f 3162 3164 3165
f 3166 3167 3168
f 3169 3170 3171
f 3172 3173 3174
f 3174 3173 3175
f 3174 3175 3176
f 3176 3175 3177
f 3176 3177 3178
f 3178 3177 3179
f 3178 3179 3180
f 3180 3179 3181
f 3180 3181 3182
f 3182 3181 3093
f 3182 3093 3090
f 3090 3093 3092
f 3090 3092 3088
f 3173 3183 3175
f 3175 3183 3184
f 3175 3184 3177
f 3177 3184 3185
f 3177 3185 3179
f 3179 3185 3186
f 3179 3186 3181
f 3181 3186 3097
f 3181 3097 3093
f 3093 3097 3096
f 3093 3096 3095
f 3183 3187 3184
f 3184 3187 3188
f 3184 3188 3185
f 3185 3188 3189
f 3185 3189 3186
f 3186 3189 3190
f 3186 3190 3097
f 3097 3190 3103
f 3097 3103 3099
f 3099 3103 3102
f 3099 3102 3101
f 3187 3191 3188
f 3188 3191 3192
f 3188 3192 3189
f 3189 3192 3193
f 3189 3193 3190
f 3190 3193 2992
f 3190 2992 3103
f 3103 2992 3108
f 3103 3108 3105
f 3194 3195 3196
f 3196 3195 3197
f 3196 3197 3198
f 3198 3197 3199
f 3198 3199 3200
f 3200 3199 3201
f 3200 3201 3202
f 3203 3204 3205
f 3205 3204 3206
f 3207 3203 3208
f 3208 3203 3205
f 3208 3205 3209
f 3209 3205 3210
f 3209 3210 3110
f 3204 3211 3206
f 3206 3211 3212
f 3206 3212 3213
f 3213 3214 3206
f 3206 3214 3215
f 3206 3215 3205
f 3205 3215 3216
f 3205 3216 3210
f 3213 2989 3214
f 3214 2989 2988
f 3214 2988 3215
f 3215 2988 3121
f 3215 3121 3216
f 3216 3121 3118
f 3216 3118 3210
f 3210 3118 3115
f 3210 3115 3110
f 3110 3115 3114
f 3110 3114 3112
f 3217 3218 3219
f 3219 3218 3220
f 3219 3220 3221
f 3001 3003 3002
f 3002 3003 3005
f 3002 3005 3222
f 3223 3222 3224
f 3224 3222 3005
f 3224 3005 3014
f 3014 3005 3004
f 3014 3004 3012
f 3225 3223 3226
f 3226 3223 3224
f 3226 3224 3227
f 3227 3224 3014
f 3227 3014 3011
f 3011 3014 3016
f 3011 3016 3009
f 3228 3225 3229
f 3229 3225 3226
f 3229 3226 3230
f 3230 3226 3227
f 3230 3227 3231
f 3231 3227 3011
f 3231 3011 3006
f 3006 3011 3010
f 3006 3010 3007
f 3218 3232 3220
f 3220 3232 3233
f 3220 3233 3221
f 3221 3233 3234
f 3221 3234 3235
f 3235 3234 3236
f 3235 3236 3237
f 3237 3236 3238
f 3237 3238 3239
f 3239 3238 3164
f 3239 3164 3240
f 3240 3164 3163
f 3158 3152 3157
f 3157 3152 3154
f 3157 3154 3241
f 3241 3154 3242
f 3241 3242 3243
f 3243 3242 3244
f 3243 3244 3245
f 3245 3244 2978
f 3245 2978 3246
f 3246 2978 2980
f 3246 2980 3247
f 3248 2976 3249
f 3249 2976 2975
f 3249 2975 3250
f 3132 3248 2986
f 2986 3248 3249
f 2986 3249 3136
f 3136 3249 3250
f 3136 3250 3143
f 3151 3141 3149
f 3149 3141 3143
f 3149 3143 3251
f 3251 3143 3250
f 3251 3250 3252
f 3252 3250 2975
f 3252 2975 3253
f 3253 2975 2977
f 3253 2977 2979
f 2979 2978 3253
f 3253 2978 3244
f 3253 3244 3252
f 3252 3244 3242
f 3252 3242 3251
f 3251 3242 3154
f 3251 3154 3149
f 3149 3154 3153
f 3149 3153 3147
f 3254 3255 3256
f 3256 3255 3257
f 3256 3257 3258
f 3258 3257 3259
f 3258 3259 3260
f 3260 3259 3261
f 3260 3261 3262
f 3262 3261 3263
f 3262 3263 3264
f 3264 3263 3265
f 3264 3217 3262
f 3262 3217 3219
f 3262 3219 3260
f 3260 3219 3221
f 3260 3221 3258
f 3258 3221 3235
f 3258 3235 3256
f 3256 3235 3237
f 3256 3237 3254
f 3254 3237 3239
f 3266 3228 3267
f 3267 3228 3229
f 3267 3229 3268
f 3268 3229 3230
f 3268 3230 3269
f 3269 3230 3231
f 3269 3231 3270
f 3270 3231 3006
f 3270 3006 3166
f 3166 3006 3008
f 3166 3008 3167
f 3232 3271 3233
f 3233 3271 3272
f 3233 3272 3234
f 3234 3272 3273
f 3234 3273 3236
f 3236 3273 3274
f 3236 3274 3238
f 3238 3274 3275
f 3238 3275 3164
f 3164 3275 3171
f 3164 3171 3165
f 3165 3171 3170
f 3240 2981 3239
f 3239 2981 2983
f 3239 2983 3254
f 3254 2983 3157
f 3254 3157 3255
f 3255 3157 3241
f 3255 3241 3257
f 3257 3241 3243
f 3257 3243 3259
f 3259 3243 3245
f 3259 3245 3261
f 3261 3245 3246
f 3261 3246 3263
f 3263 3246 3247
f 3263 3247 3265
f 2973 2972 3276
f 3276 2972 3277
f 3276 3277 3278
f 3278 3277 3279
f 3278 3279 3280
f 3280 3279 3281
f 3280 3281 3282
f 3282 3281 3283
f 3282 3283 3284
f 3022 2997 3020
f 3020 2997 2999
f 3020 2999 3285
f 3285 2999 3286
f 3285 3286 3287
f 3287 3286 3288
f 3287 3288 3289
f 3289 3288 3290
f 3289 3290 3291
f 3291 3290 3292
f 3291 3292 3293
f 3293 3292 3294
f 3293 3294 3295
f 3295 3294 2974
f 3295 2974 3296
f 3296 2974 2973
f 3296 2973 3297
f 3297 2973 3276
f 3297 3276 3298
f 3298 3276 3278
f 3298 3278 3299
f 3299 3278 3280
f 3299 3280 3300
f 3300 3280 3282
f 3300 3282 3301
f 3301 3282 3284
f 3301 3284 3302
f 2998 3017 2999
f 2999 3017 3002
f 2999 3002 3286
f 3286 3002 3222
f 3286 3222 3288
f 3288 3222 3223
f 3288 3223 3290
f 3290 3223 3225
f 3290 3225 3292
f 3292 3225 3228
f 3292 3228 3294
f 3294 3228 3266
f 3294 3266 2974
f 3168 3169 3166
f 3166 3169 3171
f 3166 3171 3270
f 3270 3171 3275
f 3270 3275 3269
f 3269 3275 3274
f 3269 3274 3268
f 3268 3274 3273
f 3268 3273 3267
f 3267 3273 3272
f 3267 3272 3266
f 3266 3272 3271
f 3266 3271 2974
f 2974 3271 3232
f 2974 3232 2972
f 2972 3232 3218
f 2972 3218 3277
f 3277 3218 3217
f 3277 3217 3279
f 3279 3217 3264
f 3279 3264 3281
f 3281 3264 3265
f 3281 3265 3283
f 3303 3054 3053
f 3053 3054 2919
f 3053 2919 2914
f 3304 3303 3305
f 3305 3303 3053
f 3305 3053 3052
f 3052 3053 2907
f 3052 2907 2906
f 2947 2945 3057
f 3057 2945 3056
f 3057 3056 3306
f 3306 3056 3307
f 3306 3307 3308
f 3308 3307 3309
f 3308 3309 3310
f 3310 3309 3194
f 3310 3194 3311
f 3311 3194 3196
f 3311 3196 3312
f 3312 3196 3198
f 3312 3198 3313
f 3313 3198 3200
f 3313 3200 3314
f 3314 3200 3202
f 3314 3202 3315
f 2959 2957 3058
f 3058 2957 2996
f 3058 2996 3316
f 3316 2996 3317
f 3316 3317 3318
f 3318 3317 3319
f 3318 3319 3320
f 3320 3319 3321
f 3320 3321 3322
f 3322 3321 3323
f 3322 3323 3324
f 3324 3323 3325
f 3324 3325 3326
f 3326 3325 3327
f 3326 3327 3207
f 3207 3327 3328
f 3207 3328 3203
f 3203 3328 3329
f 3203 3329 3204
f 3204 3329 3330
f 3204 3330 3211
f 3062 3172 2995
f 2995 3172 3174
f 2995 3174 3069
f 3069 3174 3176
f 3069 3176 3067
f 3067 3176 3178
f 3067 3178 3073
f 3073 3178 3180
f 3073 3180 3076
f 3076 3180 3182
f 3076 3182 3080
f 3080 3182 3090
f 3080 3090 3085
f 3085 3090 3091
f 3085 3091 3083
f 2954 2952 2996
f 2996 2952 3057
f 2996 3057 3317
f 3317 3057 3306
f 3317 3306 3319
f 3319 3306 3308
f 3319 3308 3321
f 3321 3308 3310
f 3321 3310 3323
f 3323 3310 3311
f 3323 3311 3325
f 3325 3311 3312
f 3325 3312 3327
f 3327 3312 3313
f 3327 3313 3328
f 3328 3313 3314
f 3328 3314 3329
f 3329 3314 3315
f 3329 3315 3330
f 3109 3331 3110
f 3110 3331 2990
f 3110 2990 3209
f 3209 2990 2992
f 3209 2992 3208
f 3208 2992 3193
f 3208 3193 3207
f 3207 3193 3192
f 3207 3192 3326
f 3326 3192 3191
f 3326 3191 3324
f 3324 3191 3187
f 3324 3187 3322
f 3322 3187 3183
f 3322 3183 3320
f 3320 3183 3173
f 3320 3173 3318
f 3318 3173 3172
f 3318 3172 3316
f 3316 3172 3062
f 3316 3062 3058
f 3058 3062 3063
f 3058 3063 3059
f 2898 3051 3052
f 3052 3051 3332
f 3052 3332 3305
f 3305 3332 3333
f 3305 3333 3304
f 2892 3050 3051
f 3051 3050 3334
f 3051 3334 3332
f 3332 3334 3335
f 3332 3335 3333
f 2971 2970 3336
f 3336 2970 3337
f 3336 3337 3338
f 3339 3340 3341
f 3338 3342 3336
f 3336 3342 3340
f 3336 3340 2971
f 2971 3340 3339
f 2971 3339 2969
f 2942 2940 3056
f 3056 2940 3055
f 3056 3055 3307
f 3307 3055 3343
f 3307 3343 3309
f 3309 3343 3344
f 3309 3344 3194
f 3194 3344 3345
f 3194 3345 3195
f 3195 3345 3341
f 3195 3341 3197
f 3197 3341 3340
f 3197 3340 3199
f 3199 3340 3342
f 3199 3342 3201
f 3023 3018 3024
f 3024 3018 3020
f 3024 3020 3027
f 3027 3020 3285
f 3027 3285 3034
f 3034 3285 3287
f 3034 3287 3035
f 3035 3287 3289
f 3035 3289 3039
f 3039 3289 3291
f 3039 3291 3040
f 3040 3291 3293
f 3040 3293 3041
f 3041 3293 3295
f 3041 3295 3042
f 3042 3295 3296
f 3042 3296 3043
f 3043 3296 3297
f 3043 3297 3044
f 3044 3297 3298
f 3044 3298 3045
f 3045 3298 3299
f 3045 3299 3046
f 3046 3299 3300
f 3046 3300 3047
f 3047 3300 3301
f 3047 3301 3048
f 3048 3301 3302
f 3048 3302 3049
f 3134 3127 3132
f 3132 3127 2989
f 3132 2989 3248
f 3248 2989 3213
f 3248 3213 2976
f 2976 3213 3212
f 2976 3212 2977
f 2977 3212 3211
f 2977 3211 2979
f 2979 3211 3330
f 2979 3330 2980
f 2980 3330 3315
f 2980 3315 3247
f 3247 3315 3202
f 3247 3202 3265
f 3265 3202 3201
f 3265 3201 3283
f 3283 3201 3342
f 3283 3342 3284
f 3284 3342 3338
f 3284 3338 3302
f 3302 3338 3337
f 3302 3337 3049
f 3049 3337 2970
f 3049 2970 3050
f 3050 2970 2969
f 3050 2969 3334
f 3334 2969 3339
f 3334 3339 3335
f 3335 3339 3341
f 3335 3341 3333
f 3333 3341 3345
f 3333 3345 3304
f 3304 3345 3344
f 3304 3344 3303
f 3303 3344 3343
f 3303 3343 3054
f 3054 3343 3055
f 3054 3055 2933
f 2933 3055 2935
f 3127 3346 3128
f 3128 3346 3347
f 3128 3347 3129
f 3133 3348 3134
f 3134 3348 3349
f 3134 3349 3127
f 3127 3349 3350
f 3127 3350 3346
f 3347 3351 3129
f 3129 3351 3352
f 3129 3352 2987
f 2987 3352 3353
f 2987 3353 3124
f 3124 3353 3354
f 3124 3354 3125
f 3125 3354 3355
f 3125 3355 3126
f 3126 3355 3356
f 3126 3356 3122
f 3122 3356 3357
f 3122 3357 3123
f 3123 3357 3358
f 3123 3358 3116
f 3116 3358 3359
f 3116 3359 3117
f 3117 3359 3360
f 3117 3360 3119
f 3119 3360 3361
f 3119 3361 3120
f 3361 3362 3120
f 3120 3362 3363
f 3120 3363 3113
f 3113 3363 3364
f 3113 3364 3114
f 3114 3364 3112
f 3364 3365 3112
f 3112 3365 3366
f 3112 3366 3111
f 3111 3366 3367
f 3111 3367 3109
f 3109 3367 3368
f 3109 3368 3331
f 3331 3368 3369
f 3100 3101 3370
f 3370 3101 3102
f 3370 3102 3371
f 3371 3102 3104
f 3371 3104 3372
f 3372 3104 3105
f 3372 3105 3373
f 3373 3105 3108
f 3373 3108 3374
f 3374 3108 3107
f 3374 3107 3375
f 3375 3107 3106
f 3375 3106 3376
f 3376 3106 2991
f 3376 2991 3369
f 3369 2991 2990
f 3369 2990 3331
f 3377 3087 3378
f 3378 3087 3086
f 3378 3086 3379
f 3379 3086 3084
f 3379 3084 3380
f 3380 3084 3083
f 3380 3083 3381
f 3381 3083 3091
f 3381 3091 3382
f 3382 3091 3089
f 3382 3089 3383
f 3383 3089 3088
f 3383 3088 3384
f 3384 3088 3092
f 3384 3092 3385
f 3385 3092 3094
f 3385 3094 3386
f 3386 3094 3095
f 3386 3095 3387
f 3387 3095 3096
f 3387 3096 3388
f 3388 3096 3098
f 3388 3098 3389
f 3389 3098 3100
f 3389 3100 3390
f 3390 3100 3370
f 3147 3153 3391
f 3167 3008 3392
f 3165 3393 3162
f 3162 3393 3394
f 3162 3394 3163
f 3392 3395 3167
f 3167 3395 3396
f 3167 3396 3168
f 3168 3396 3397
f 3168 3397 3169
f 3169 3397 3398
f 3169 3398 3170
f 3170 3398 3399
f 3170 3399 3165
f 3165 3399 3400
f 3165 3400 3393
f 3152 3401 3153
f 3153 3401 3402
f 3153 3402 3391
f 3163 3394 3240
f 3240 3394 3403
f 3240 3403 2981
f 2981 3403 3404
f 2981 3404 2982
f 2982 3404 3405
f 2982 3405 3159
f 3159 3405 3406
f 3159 3406 3160
f 3160 3406 3407
f 3160 3407 3161
f 3161 3407 3408
f 3161 3408 3155
f 3155 3408 3409
f 3155 3409 3156
f 3156 3409 3410
f 3156 3410 3158
f 3158 3410 3411
f 3158 3411 3152
f 3152 3411 3412
f 3152 3412 3401
f 3348 3133 3413
f 3413 3133 3131
f 3413 3131 3414
f 3414 3131 3130
f 3414 3130 3415
f 3415 3130 2985
f 3415 2985 3416
f 3416 2985 2984
f 3416 2984 3417
f 3417 2984 3135
f 3417 3135 3418
f 3418 3135 3137
f 3418 3137 3419
f 3419 3137 3140
f 3419 3140 3420
f 3420 3140 3139
f 3420 3139 3421
f 3421 3139 3138
f 3421 3138 3422
f 3422 3138 3146
f 3422 3146 3423
f 3423 3146 3145
f 3423 3145 3424
f 3424 3145 3144
f 3424 3144 3425
f 3425 3144 3142
f 3425 3142 3426
f 3426 3142 3141
f 3426 3141 3427
f 3427 3141 3151
f 3427 3151 3428
f 3428 3151 3150
f 3428 3150 3391
f 3391 3150 3148
f 3391 3148 3147
f 2761 2760 3429
f 3429 2760 3026
f 3429 3026 3430
f 3430 3026 3032
f 3430 3032 3431
f 3431 3032 3031
f 3431 3031 3432
f 2774 2775 3033
f 3033 2775 3433
f 3033 3433 3036
f 3036 3433 3434
f 3036 3434 3037
f 3037 3434 3038
f 3038 3434 3435
f 3038 3435 3028
f 3028 3435 3436
f 3028 3436 3029
f 3029 3436 3432
f 3029 3432 3030
f 3030 3432 3031
f 3004 3003 3437
f 2746 2744 3438
f 3439 3440 3441
f 3442 3443 3444
f 3445 3446 3447
f 3448 3449 3450
f 3451 3008 3007
f 3010 3009 3452
f 3452 3453 3010
f 3010 3453 3454
f 3010 3454 3007
f 3007 3454 3455
f 3007 3455 3451
f 3456 3457 3452
f 3452 3457 3458
f 3452 3458 3453
f 3459 3460 3456
f 3456 3460 3461
f 3456 3461 3457
f 3459 3456 3462
f 3462 3456 3463
f 3462 3463 3464
f 3465 3466 3467
f 3467 3466 3468
f 3467 3468 3463
f 3463 3468 3469
f 3463 3469 3464
f 3450 3449 3467
f 3467 3449 3470
f 3467 3470 3465
f 3448 3450 3471
f 3471 3450 3472
f 3471 3472 3473
f 3446 3474 3447
f 3447 3474 3475
f 3447 3475 3472
f 3472 3475 3476
f 3472 3476 3473
f 3443 3477 3444
f 3444 3477 3478
f 3444 3478 3447
f 3447 3478 3479
f 3447 3479 3445
f 3480 3481 3482
f 3482 3481 3483
f 3482 3483 3444
f 3444 3483 3484
f 3444 3484 3442
f 3485 3486 3487
f 3487 3486 3488
f 3487 3488 3482
f 3482 3488 3489
f 3482 3489 3480
f 3485 3487 3490
f 3490 3487 3491
f 3490 3491 3492
f 3493 3494 3495
f 3495 3494 3496
f 3495 3496 3491
f 3491 3496 3497
f 3491 3497 3498
f 3498 3499 3491
f 3491 3499 3500
f 3491 3500 3492
f 3501 3502 3503
f 3503 3504 3501
f 3501 3504 3505
f 3501 3505 3495
f 3495 3505 3506
f 3495 3506 3493
f 3440 3507 3441
f 3441 3507 3508
f 3441 3508 3501
f 3501 3508 3509
f 3501 3509 3502
f 3510 3511 3512
f 3512 3511 3513
f 3512 3513 3441
f 3441 3513 3514
f 3441 3514 3439
f 3515 3516 3512
f 3512 3516 3517
f 3512 3517 3510
f 3518 3519 3515
f 3515 3519 3520
f 3515 3520 3516
f 3521 3522 3523
f 3523 3522 3524
f 3523 3524 3518
f 3518 3524 3525
f 3518 3525 3519
f 3526 3527 3528
f 3529 3530 3531
f 3531 3530 3532
f 3531 3532 3533
f 3534 3535 3536
f 3536 3535 3537
f 3536 3537 3529
f 3538 3539 3540
f 3540 3539 3541
f 3542 3543 3544
f 3544 3543 3540
f 3544 3540 3545
f 3545 3540 3541
f 3078 3087 3546
f 3546 3538 3078
f 3078 3538 3540
f 3078 3540 3079
f 3079 3540 3081
f 3072 3074 3547
f 3547 3074 3075
f 3547 3075 3536
f 3536 3075 3077
f 3536 3077 3548
f 3548 3077 3082
f 3070 3068 3549
f 3549 3068 3066
f 3549 3066 3547
f 3547 3066 3065
f 3547 3065 3072
f 3070 3549 3071
f 3071 3549 3550
f 3071 3550 2993
f 3551 3064 3550
f 3550 3064 2994
f 3550 2994 2993
f 3552 3063 3061
f 3552 3553 3554
f 3063 3552 3059
f 3059 3552 3554
f 3059 3554 2967
f 3555 3556 3557
f 3557 3558 3555
f 3555 3558 3559
f 3555 3559 3552
f 3552 3559 3560
f 3552 3560 3553
f 3556 3555 3561
f 3561 3555 3562
f 3561 3562 3563
f 3564 3565 3566
f 3566 3565 3567
f 3566 3567 3562
f 3562 3567 3568
f 3562 3568 3563
f 3569 3570 3571
f 3569 3571 3572
f 3570 3573 3571
f 3571 3573 3574
f 3571 3574 3566
f 3566 3574 3575
f 3566 3575 3564
f 3576 3577 3578
f 3578 3579 3576
f 3576 3579 3580
f 3576 3580 3581
f 3581 3582 3576
f 3576 3582 3583
f 3576 3583 3584
f 3584 3585 3576
f 3576 3585 3586
f 3576 3586 3571
f 3571 3586 3587
f 3571 3587 3572
f 3588 3589 3590
f 3591 3592 3590
f 3590 3592 3593
f 3590 3593 3588
f 3589 3594 3590
f 3590 3594 3595
f 3590 3595 3596
f 3596 3597 3590
f 3590 3597 3598
f 3590 3598 3576
f 3576 3598 3599
f 3576 3599 3577
f 3600 3601 3602
f 3601 3603 3602
f 3602 3603 3604
f 3602 3604 3605
f 3605 3606 3602
f 3602 3606 3607
f 3602 3607 3590
f 3590 3607 3608
f 3590 3608 3591
f 3609 3610 3611
f 3609 3611 3612
f 3610 3613 3611
f 3611 3613 3614
f 3611 3614 3602
f 3602 3614 3615
f 3602 3615 3600
f 3616 3617 3618
f 3618 3617 3619
f 3618 3619 3620
f 3620 3621 3618
f 3618 3621 3622
f 3618 3622 3611
f 3611 3622 3623
f 3611 3623 3612
f 3624 3625 3626
f 3625 3627 3626
f 3626 3627 3628
f 3626 3628 3629
f 3629 3630 3626
f 3626 3630 3631
f 3626 3631 3632
f 3632 3633 3626
f 3626 3633 3634
f 3626 3634 3618
f 3618 3634 3635
f 3618 3635 3616
f 3636 3637 3638
f 3638 3637 3639
f 3639 3640 3638
f 3638 3640 3641
f 3638 3641 3642
f 3642 3643 3638
f 3638 3643 3644
f 3638 3644 3645
f 3645 3646 3638
f 3638 3646 3647
f 3638 3647 3648
f 3648 3649 3638
f 3638 3649 3650
f 3638 3650 3651
f 3651 3652 3638
f 3638 3652 3653
f 3638 3653 3626
f 3626 3653 3654
f 3626 3654 3624
f 3655 3656 3657
f 3657 3656 3658
f 3657 3658 3659
f 3660 3661 3638
f 3638 3661 3662
f 3638 3662 3636
f 3663 3664 3665
f 3665 3664 3666
f 3665 3666 3667
f 3667 3668 3665
f 3665 3668 3669
f 3665 3669 3657
f 3657 3669 3670
f 3657 3670 3655
f 3671 3672 3673
f 3673 3672 3674
f 3674 3675 3673
f 3673 3675 3676
f 3673 3676 3665
f 3665 3676 3677
f 3665 3677 3663
f 3678 3679 3680
f 3680 3679 3681
f 3680 3681 3673
f 3673 3681 3682
f 3673 3682 3671
f 2716 2714 3683
f 3683 2714 2713
f 3683 2713 3680
f 3680 2713 2712
f 3680 2712 3678
f 3684 2729 3685
f 3685 2729 2708
f 3685 2708 2707
f 2721 2723 3686
f 3686 2723 2725
f 3686 2725 3684
f 3684 2725 2727
f 3684 2727 2729
f 3687 2741 3686
f 3686 2741 2719
f 3686 2719 2721
f 2733 2735 3688
f 3688 2735 2737
f 3688 2737 3687
f 3687 2737 2739
f 3687 2739 2741
f 3438 2744 3688
f 3688 2744 2731
f 3688 2731 2733
f 2746 3438 2748
f 2748 3438 3689
f 2748 3689 2750
f 2758 2756 3690
f 3690 2756 2754
f 3690 2754 3689
f 3689 2754 2752
f 3689 2752 2750
f 3019 3018 3690
f 3690 3018 3023
f 3690 3023 2758
f 2758 3023 3025
f 2758 3025 2760
f 2997 3022 3691
f 3691 3022 3021
f 3003 3001 3692
f 3692 3001 3000
f 3692 3000 3017
f 3016 3015 3693
f 3693 3015 3013
f 3693 3013 3012
f 3003 3692 3437
f 3437 3692 3694
f 3437 3694 3695
f 3695 3694 3696
f 3695 3696 3697
f 3697 3696 3698
f 3697 3698 3699
f 3699 3698 3700
f 3699 3700 3701
f 3701 3700 3702
f 3701 3702 3703
f 3703 3702 3704
f 3703 3704 3705
f 3705 3704 3706
f 3705 3706 3707
f 3707 3706 3708
f 3707 3708 3709
f 3709 3708 3710
f 3709 3710 3711
f 3711 3710 3712
f 3711 3712 3713
f 3713 3712 3714
f 3713 3714 3715
f 3715 3714 3716
f 3715 3716 3717
f 3717 3716 3718
f 3717 3718 3719
f 3719 3718 3720
f 3719 3720 3721
f 3722 3723 3724
f 3724 3723 3725
f 3724 3725 3726
f 3726 3725 3727
f 3726 3727 3728
f 3728 3727 3721
f 3728 3721 3729
f 3729 3721 3720
f 3730 3731 3732
f 3723 3733 3725
f 3725 3733 3734
f 3725 3734 3727
f 3727 3734 3735
f 3727 3735 3721
f 3721 3735 3736
f 3721 3736 3719
f 3719 3736 3737
f 3719 3737 3717
f 3717 3737 3738
f 3717 3738 3715
f 3715 3738 3739
f 3715 3739 3713
f 3713 3739 3740
f 3713 3740 3711
f 3711 3740 3741
f 3711 3741 3709
f 3709 3741 3742
f 3709 3742 3707
f 3707 3742 3743
f 3707 3743 3705
f 3705 3743 3744
f 3705 3744 3703
f 3703 3744 3745
f 3703 3745 3701
f 3701 3745 3746
f 3701 3746 3699
f 3699 3746 3747
f 3699 3747 3697
f 3697 3747 3748
f 3697 3748 3695
f 3695 3748 3749
f 3695 3749 3437
f 3437 3749 3693
f 3437 3693 3004
f 3004 3693 3012
f 3733 3523 3734
f 3734 3523 3518
f 3734 3518 3735
f 3735 3518 3515
f 3735 3515 3736
f 3736 3515 3512
f 3736 3512 3737
f 3737 3512 3441
f 3737 3441 3738
f 3738 3441 3501
f 3738 3501 3739
f 3739 3501 3495
f 3739 3495 3740
f 3740 3495 3491
f 3740 3491 3741
f 3741 3491 3487
f 3741 3487 3742
f 3742 3487 3482
f 3742 3482 3743
f 3743 3482 3444
f 3743 3444 3744
f 3744 3444 3447
f 3744 3447 3745
f 3745 3447 3472
f 3745 3472 3746
f 3746 3472 3450
f 3746 3450 3747
f 3747 3450 3467
f 3747 3467 3748
f 3748 3467 3463
f 3748 3463 3749
f 3749 3463 3456
f 3749 3456 3693
f 3693 3456 3452
f 3693 3452 3016
f 3016 3452 3009
f 3730 3732 3750
f 3750 3732 3751
f 3750 3751 3752
f 3752 3751 3531
f 3752 3531 3526
f 3526 3531 3533
f 3526 3533 3527
f 3529 3531 3536
f 3536 3531 3751
f 3536 3751 3547
f 3547 3751 3732
f 3547 3732 3549
f 3549 3732 3731
f 3549 3731 3550
f 3542 3534 3543
f 3543 3534 3536
f 3543 3536 3540
f 3540 3536 3548
f 3540 3548 3081
f 3081 3548 3082
f 3551 3550 3753
f 3753 3550 3731
f 3753 3731 3754
f 3754 3731 3730
f 3754 3730 3722
f 3722 3730 3750
f 3722 3750 3723
f 3723 3750 3752
f 3723 3752 3733
f 3733 3752 3526
f 3733 3526 3523
f 3523 3526 3528
f 3523 3528 3521
f 3021 3019 3691
f 3691 3019 3690
f 3691 3690 3755
f 3755 3690 3689
f 3755 3689 3756
f 3756 3689 3438
f 3756 3438 3757
f 3757 3438 3688
f 3757 3688 3758
f 3758 3688 3687
f 3758 3687 3759
f 3759 3687 3686
f 3759 3686 3760
f 3760 3686 3684
f 3760 3684 3761
f 3761 3684 3685
f 3761 3685 3762
f 2998 2997 3763
f 3763 2997 3691
f 3763 3691 3764
f 3764 3691 3755
f 3764 3755 3765
f 3765 3755 3756
f 3765 3756 3766
f 3766 3756 3757
f 3766 3757 3767
f 3767 3757 3758
f 3767 3758 3768
f 3768 3758 3759
f 3768 3759 3769
f 3769 3759 3760
f 3769 3760 3770
f 3770 3760 3761
f 3770 3761 3771
f 3771 3761 3762
f 3771 3762 3772
f 3772 3762 3773
f 3772 3773 3774
f 3774 3773 3775
f 3774 3775 3776
f 3776 3775 3777
f 3776 3777 3638
f 2707 2716 3685
f 3685 2716 3683
f 3685 3683 3762
f 3762 3683 3680
f 3762 3680 3773
f 3773 3680 3673
f 3773 3673 3775
f 3775 3673 3665
f 3775 3665 3777
f 3777 3665 3657
f 3777 3657 3638
f 3638 3657 3659
f 3638 3659 3660
f 3061 3060 3552
f 3552 3060 3064
f 3552 3064 3555
f 3555 3064 3551
f 3555 3551 3562
f 3562 3551 3753
f 3562 3753 3566
f 3566 3753 3754
f 3566 3754 3571
f 3571 3754 3722
f 3571 3722 3576
f 3576 3722 3724
f 3576 3724 3590
f 3590 3724 3726
f 3590 3726 3602
f 3602 3726 3728
f 3602 3728 3611
f 3611 3728 3729
f 3611 3729 3618
f 3618 3729 3720
f 3618 3720 3626
f 3626 3720 3718
f 3626 3718 3638
f 3638 3718 3716
f 3638 3716 3776
f 3776 3716 3714
f 3776 3714 3774
f 3774 3714 3712
f 3774 3712 3772
f 3772 3712 3710
f 3772 3710 3771
f 3771 3710 3708
f 3771 3708 3770
f 3770 3708 3706
f 3770 3706 3769
f 3769 3706 3704
f 3769 3704 3768
f 3768 3704 3702
f 3768 3702 3767
f 3767 3702 3700
f 3767 3700 3766
f 3766 3700 3698
f 3766 3698 3765
f 3765 3698 3696
f 3765 3696 3764
f 3764 3696 3694
f 3764 3694 3763
f 3763 3694 3692
f 3763 3692 2998
f 2998 3692 3017
f 3593 3592 3778
f 3779 2968 2967
f 2967 3554 3779
f 3779 3554 3553
f 3779 3553 3780
f 3780 3553 3560
f 3780 3560 3781
f 3781 3560 3559
f 3781 3559 3782
f 3782 3559 3558
f 3782 3558 3783
f 3558 3557 3783
f 3783 3557 3556
f 3783 3556 3784
f 3784 3556 3561
f 3784 3561 3785
f 3561 3563 3785
f 3785 3563 3568
f 3785 3568 3786
f 3786 3568 3567
f 3786 3567 3787
f 3787 3567 3565
f 3787 3565 3788
f 3565 3564 3788
f 3788 3564 3575
f 3788 3575 3789
f 3789 3575 3574
f 3789 3574 3790
f 3574 3573 3790
f 3790 3573 3570
f 3790 3570 3791
f 3791 3570 3569
f 3791 3569 3572
f 3572 3587 3791
f 3791 3587 3586
f 3791 3586 3792
f 3792 3586 3585
f 3792 3585 3584
f 3584 3583 3792
f 3792 3583 3582
f 3792 3582 3793
f 3793 3582 3581
f 3581 3580 3793
f 3793 3580 3579
f 3793 3579 3578
f 3578 3577 3793
f 3793 3577 3599
f 3793 3599 3794
f 3593 3778 3588
f 3599 3598 3794
f 3794 3598 3597
f 3794 3597 3795
f 3795 3597 3596
f 3596 3595 3795
f 3795 3595 3594
f 3795 3594 3778
f 3778 3594 3589
f 3778 3589 3588
f 3606 3796 3607
f 3607 3796 3797
f 3607 3797 3608
f 3608 3797 3778
f 3608 3778 3591
f 3591 3778 3592
f 3606 3605 3796
f 3796 3605 3604
f 3796 3604 3798
f 3798 3604 3603
f 3603 3601 3798
f 3798 3601 3600
f 3798 3600 3799
f 3799 3600 3615
f 3799 3615 3800
f 3800 3615 3614
f 3800 3614 3801
f 3801 3614 3613
f 3613 3610 3801
f 3801 3610 3609
f 3801 3609 3802
f 3609 3612 3802
f 3802 3612 3623
f 3802 3623 3803
f 3803 3623 3622
f 3803 3622 3804
f 3804 3622 3621
f 3804 3621 3805
f 3621 3620 3805
f 3805 3620 3619
f 3805 3619 3806
f 3806 3619 3617
f 3634 3807 3635
f 3635 3807 3806
f 3635 3806 3616
f 3616 3806 3617
f 3634 3633 3807
f 3807 3633 3632
f 3807 3632 3808
f 3808 3632 3631
f 3808 3631 3809
f 3631 3630 3809
f 3809 3630 3629
f 3809 3629 3810
f 3810 3629 3628
f 3810 3628 3811
f 3811 3628 3627
f 3627 3625 3811
f 3811 3625 3624
f 3811 3624 3654
f 3654 3653 3811
f 3811 3653 3652
f 3811 3652 3812
f 3812 3652 3651
f 3640 3639 3813
f 3651 3650 3812
f 3812 3650 3649
f 3812 3649 3814
f 3814 3649 3648
f 3648 3647 3814
f 3814 3647 3646
f 3814 3646 3645
f 3640 3813 3641
f 3645 3644 3814
f 3814 3644 3643
f 3814 3643 3813
f 3813 3643 3642
f 3813 3642 3641
f 3639 3637 3813
f 3813 3637 3636
f 3813 3636 3815
f 3815 3636 3662
f 3815 3662 3816
f 3662 3661 3816
f 3816 3661 3660
f 3816 3660 3817
f 3817 3660 3659
f 3817 3659 3818
f 3818 3659 3658
f 3818 3658 3819
f 3819 3658 3656
f 3819 3656 3820
f 3656 3655 3820
f 3820 3655 3670
f 3820 3670 3821
f 3821 3670 3669
f 3821 3669 3822
f 3669 3668 3822
f 3822 3668 3667
f 3822 3667 3823
f 3823 3667 3666
f 3823 3666 3824
f 3824 3666 3664
f 3824 3664 3825
f 3664 3663 3825
f 3825 3663 3677
f 3825 3677 3826
f 3677 3676 3826
f 3826 3676 3675
f 3826 3675 3827
f 3675 3674 3827
f 3827 3674 3672
f 3827 3672 3828
f 3828 3672 3671
f 3828 3671 3829
f 3829 3671 3682
f 3829 3682 3830
f 3830 3682 3681
f 3830 3681 3831
f 2712 2711 3678
f 3678 2711 3831
f 3678 3831 3679
f 3679 3831 3681
f 3832 3833 3834
f 3835 3836 3837
f 3838 3839 3840
f 3841 3842 3843
f 3844 3845 3846
f 3847 3848 3849
f 3850 3851 3852
f 3853 3854 3855
f 3429 3430 3856
f 3432 3436 3857
f 3858 3859 3860
f 3861 3862 3863
f 3864 3865 3866
f 3382 3383 3867
f 3374 3375 3833
f 3357 3356 3868
f 3347 3346 3869
f 3350 3349 3870
f 3391 3402 3871
f 3404 3403 3847
f 3395 3392 3872
f 3395 3873 3396
f 3396 3873 3874
f 3396 3874 3397
f 3397 3874 3398
f 3403 3394 3847
f 3847 3394 3393
f 3847 3393 3848
f 3848 3393 3400
f 3848 3400 3399
f 3407 3406 3845
f 3845 3406 3405
f 3845 3405 3846
f 3411 3410 3875
f 3407 3845 3408
f 3408 3845 3844
f 3408 3844 3409
f 3876 3401 3875
f 3875 3401 3412
f 3875 3412 3411
f 3391 3871 3428
f 3877 3423 3424
f 3424 3425 3877
f 3877 3425 3426
f 3877 3426 3871
f 3871 3426 3427
f 3871 3427 3428
f 3419 3420 3878
f 3878 3420 3421
f 3878 3421 3877
f 3877 3421 3422
f 3877 3422 3423
f 3415 3416 3879
f 3879 3416 3417
f 3879 3417 3878
f 3878 3417 3418
f 3878 3418 3419
f 3349 3348 3870
f 3870 3348 3413
f 3870 3413 3879
f 3879 3413 3414
f 3879 3414 3415
f 3347 3869 3351
f 3352 3836 3353
f 3353 3836 3835
f 3353 3835 3354
f 3354 3835 3355
f 3362 3361 3880
f 3880 3361 3360
f 3362 3880 3363
f 3363 3880 3881
f 3363 3881 3364
f 3366 3882 3367
f 3367 3882 3368
f 3390 3370 3832
f 3370 3371 3832
f 3832 3371 3372
f 3832 3372 3833
f 3833 3372 3373
f 3833 3373 3374
f 3883 3388 3389
f 3386 3387 3884
f 3383 3384 3885
f 3885 3384 3385
f 3382 3867 3381
f 3380 3886 3379
f 3379 3886 3378
f 3378 3886 3377
f 3377 3886 3887
f 3377 3887 3888
f 3889 3890 3887
f 3887 3890 3891
f 3887 3891 3888
f 3892 3893 3894
f 3894 3893 3895
f 3894 3895 3889
f 3889 3895 3896
f 3889 3896 3890
f 3866 3865 3894
f 3894 3865 3897
f 3894 3897 3892
f 3898 3899 3900
f 3900 3899 3901
f 3861 3863 3902
f 3858 3860 3903
f 2968 3904 2965
f 2965 3904 3905
f 2965 3905 2963
f 2963 3905 2960
f 2960 3905 2958
f 2958 3905 3906
f 2958 3906 2956
f 3907 2951 3906
f 3906 2951 2953
f 3906 2953 2956
f 2941 2944 3908
f 3908 2944 2946
f 3908 2946 3907
f 3907 2946 2949
f 3907 2949 2951
f 2941 3908 2939
f 2939 3908 3909
f 2939 3909 2936
f 2917 2925 3910
f 3910 2925 2930
f 3910 2930 3909
f 3909 2930 2934
f 3909 2934 2936
f 2917 3910 2915
f 2915 3910 3911
f 2915 3911 2913
f 3912 2899 2901
f 2901 2903 3912
f 3912 2903 2908
f 3912 2908 3911
f 3911 2908 2910
f 3911 2910 2913
f 2899 3912 2896
f 2896 3912 3913
f 2896 3913 2889
f 3914 2878 2882
f 2882 2884 3914
f 3914 2884 2887
f 3914 2887 3913
f 3913 2887 2891
f 3913 2891 2889
f 2878 3914 2873
f 2873 3914 3915
f 2873 3915 2871
f 2860 2862 3916
f 3916 2862 2864
f 3916 2864 3915
f 3915 2864 2868
f 3915 2868 2871
f 3917 2840 2843
f 2843 2846 3917
f 3917 2846 2852
f 3917 2852 3916
f 3916 2852 2857
f 3916 2857 2860
f 3918 2829 2831
f 2831 2832 3918
f 3918 2832 2835
f 3918 2835 3917
f 3917 2835 2837
f 3917 2837 2840
f 2819 2821 3919
f 3919 2821 2823
f 3919 2823 3918
f 3918 2823 2825
f 3918 2825 2829
f 2813 2815 3920
f 3920 2815 2816
f 3920 2816 3919
f 3919 2816 2810
f 3919 2810 2819
f 2801 2803 3921
f 3921 2803 2805
f 3921 2805 3920
f 3920 2805 2807
f 3920 2807 2813
f 2792 2794 3922
f 3922 2794 2796
f 3922 2796 3921
f 3921 2796 2798
f 3921 2798 2801
f 3923 3924 2779
f 2779 2777 3923
f 3923 2777 2788
f 3923 2788 3922
f 3922 2788 2790
f 3922 2790 2792
f 2787 2785 3925
f 3925 2785 2783
f 3925 2783 3924
f 3924 2783 2781
f 3924 2781 2779
f 2769 2767 3926
f 3926 2767 2765
f 3926 2765 3925
f 3925 2765 2763
f 3925 2763 2787
f 3435 3434 3927
f 3433 2775 3928
f 3928 2775 2773
f 3928 2773 2771
f 3432 3857 3431
f 2761 3429 3929
f 3929 3429 3856
f 3929 3856 3930
f 3930 3856 3931
f 3932 3933 3934
f 3934 3933 3935
f 3855 3854 3934
f 3934 3854 3936
f 3934 3936 3932
f 3937 3938 3939
f 3937 3939 3940
f 3939 3941 3940
f 3940 3941 3942
f 3940 3942 3855
f 3855 3942 3943
f 3855 3943 3853
f 3938 3937 3944
f 3944 3937 3945
f 3944 3945 3946
f 3947 3948 3945
f 3945 3948 3949
f 3945 3949 3946
f 3395 3872 3873
f 3873 3872 3950
f 3873 3950 3947
f 3947 3950 3951
f 3947 3951 3948
f 3851 3850 3952
f 3952 3850 3953
f 3952 3953 3954
f 3954 3953 3955
f 3954 3955 3956
f 3956 3955 3957
f 3956 3957 3958
f 3405 3404 3846
f 3846 3404 3847
f 3846 3847 3959
f 3959 3847 3849
f 3959 3849 3960
f 3961 3958 3962
f 3962 3958 3957
f 3962 3957 3963
f 3963 3957 3955
f 3963 3955 3964
f 3964 3955 3953
f 3964 3953 3965
f 3965 3953 3850
f 3965 3850 3966
f 3966 3850 3852
f 3966 3852 3967
f 3410 3409 3875
f 3875 3409 3844
f 3875 3844 3968
f 3968 3844 3846
f 3968 3846 3969
f 3969 3846 3959
f 3969 3959 3970
f 3970 3959 3960
f 3970 3960 3971
f 3346 3350 3869
f 3869 3350 3870
f 3869 3870 3972
f 3972 3870 3879
f 3972 3879 3973
f 3973 3879 3878
f 3973 3878 3974
f 3974 3878 3877
f 3974 3877 3975
f 3975 3877 3871
f 3975 3871 3876
f 3876 3871 3402
f 3876 3402 3401
f 3976 3977 3978
f 3978 3977 3979
f 3978 3979 3980
f 3980 3979 3981
f 3982 3981 3983
f 3983 3981 3979
f 3983 3979 3984
f 3984 3979 3977
f 3984 3977 3838
f 3838 3977 3976
f 3838 3976 3839
f 3985 3842 3986
f 3986 3842 3841
f 3986 3841 3987
f 3901 3864 3900
f 3900 3864 3866
f 3900 3866 3988
f 3989 3843 3990
f 3990 3843 3842
f 3990 3842 3991
f 3991 3842 3985
f 3991 3985 3992
f 3993 3989 3994
f 3994 3989 3990
f 3994 3990 3995
f 3995 3990 3991
f 3995 3991 3996
f 3996 3991 3992
f 3996 3992 3997
f 3352 3351 3836
f 3836 3351 3869
f 3836 3869 3837
f 3837 3869 3972
f 3837 3972 3998
f 3998 3972 3973
f 3998 3973 3999
f 3999 3973 3974
f 3999 3974 4000
f 4000 3974 3975
f 4000 3975 4001
f 4001 3975 3876
f 4001 3876 3961
f 3961 3876 3875
f 3961 3875 3958
f 3958 3875 3968
f 3958 3968 3956
f 3956 3968 3969
f 3956 3969 3954
f 3954 3969 3970
f 3954 3970 3952
f 3952 3970 3971
f 3952 3971 3851
f 3360 3359 3880
f 3880 3359 3358
f 3880 3358 3881
f 3881 3358 4002
f 3881 4002 4003
f 4003 4002 4004
f 4003 4004 4005
f 3369 3368 4006
f 4006 3368 3882
f 4006 3882 4007
f 4007 3882 4008
f 4007 4008 4009
f 4009 4008 4010
f 4009 4010 4011
f 3839 4012 3840
f 3840 4012 4013
f 3840 4013 4014
f 4014 4013 4015
f 4012 3834 4013
f 4013 3834 3833
f 4013 3833 4015
f 4015 3833 3375
f 4015 3375 3376
f 4016 4017 4018
f 4018 4017 4019
f 4018 4019 4020
f 4020 4019 4021
f 4020 4021 4022
f 4022 4021 4023
f 4022 4023 4024
f 4024 4023 4025
f 4024 4025 4026
f 4026 4025 3884
f 4026 3884 3883
f 3883 3884 3387
f 3883 3387 3388
f 3885 3993 4027
f 4027 3993 3994
f 4027 3994 4028
f 4028 3994 3995
f 4028 3995 4029
f 4029 3995 3996
f 4029 3996 4030
f 4030 3996 3997
f 4030 3997 4031
f 3988 3866 4032
f 4032 3866 3894
f 4032 3894 4033
f 4033 3894 3889
f 4033 3889 4034
f 4034 3889 3887
f 4034 3887 4035
f 4035 3887 3886
f 4035 3886 3867
f 3867 3886 3380
f 3867 3380 3381
f 3383 3885 3867
f 3867 3885 4027
f 3867 4027 4035
f 4035 4027 4028
f 4035 4028 4034
f 4034 4028 4029
f 4034 4029 4033
f 4033 4029 4030
f 4033 4030 4032
f 4032 4030 4031
f 4032 4031 3988
f 3980 4016 3978
f 3978 4016 4018
f 3978 4018 3976
f 3976 4018 4020
f 3976 4020 3839
f 3839 4020 4022
f 3839 4022 4012
f 4012 4022 4024
f 4012 4024 3834
f 3834 4024 4026
f 3834 4026 3832
f 3832 4026 3883
f 3832 3883 3390
f 3390 3883 3389
f 4036 4037 4038
f 4038 4037 4039
f 4038 4039 4040
f 4040 4039 4041
f 4040 4041 4042
f 4042 4041 4043
f 4042 4043 4044
f 4044 4043 3982
f 4044 3982 4045
f 4045 3982 3983
f 4045 3983 4046
f 4046 3983 3984
f 4046 3984 4047
f 4047 3984 3838
f 4047 3838 4011
f 4011 3838 3840
f 4011 3840 4009
f 4009 3840 4014
f 4009 4014 4007
f 4007 4014 4015
f 4007 4015 4006
f 4006 4015 3376
f 4006 3376 3369
f 4048 4049 4050
f 3904 3903 3905
f 3905 3903 3860
f 3905 3860 3906
f 3906 3860 4051
f 3906 4051 3907
f 3907 4051 4052
f 3907 4052 3908
f 3908 4052 4053
f 3908 4053 3909
f 3909 4053 4054
f 3909 4054 3910
f 3910 4054 4055
f 3910 4055 3911
f 3911 4055 4056
f 3911 4056 3912
f 3912 4056 4057
f 3912 4057 3913
f 3913 4057 4058
f 3913 4058 3914
f 3914 4058 4059
f 3914 4059 3915
f 3915 4059 4060
f 3915 4060 3916
f 3859 3902 3860
f 3860 3902 3863
f 3860 3863 4051
f 4051 3863 4061
f 4051 4061 4052
f 4052 4061 4062
f 4052 4062 4053
f 4053 4062 4063
f 4053 4063 4054
f 4054 4063 4064
f 4054 4064 4055
f 4055 4064 4065
f 4055 4065 4056
f 4056 4065 4066
f 4056 4066 4057
f 4057 4066 4067
f 4057 4067 4058
f 4058 4067 4068
f 4058 4068 4059
f 4059 4068 4069
f 4059 4069 4060
f 3862 3898 3863
f 3863 3898 3900
f 3863 3900 4061
f 4061 3900 3988
f 4061 3988 4062
f 4062 3988 4031
f 4062 4031 4063
f 4063 4031 3997
f 4063 3997 4064
f 4064 3997 3992
f 4064 3992 4065
f 4065 3992 3985
f 4065 3985 4066
f 4066 3985 3986
f 4066 3986 4067
f 4067 3986 3987
f 4067 3987 4068
f 3434 3433 3927
f 3927 3433 3928
f 3927 3928 4070
f 4070 3928 4071
f 4070 4071 4072
f 4072 4071 4073
f 4072 4073 4074
f 4074 4073 4036
f 4074 4036 4075
f 4075 4036 4038
f 4075 4038 4076
f 4076 4038 4040
f 4076 4040 4077
f 4077 4040 4042
f 4077 4042 4078
f 4078 4042 4044
f 4078 4044 4079
f 4079 4044 4045
f 4079 4045 4080
f 4080 4045 4046
f 4080 4046 4081
f 4081 4046 4047
f 4081 4047 4082
f 4082 4047 4011
f 4082 4011 4083
f 4083 4011 4010
f 4083 4010 4084
f 4084 4010 4008
f 4084 4008 4085
f 4085 4008 3882
f 4085 3882 3365
f 3365 3882 3366
f 3430 3431 3856
f 3856 3431 3857
f 3856 3857 4086
f 4086 3857 4087
f 4086 4087 4088
f 4088 4087 4089
f 4088 4089 4090
f 4090 4089 4091
f 4090 4091 4092
f 4092 4091 4093
f 4092 4093 4094
f 4094 4093 4095
f 4094 4095 4096
f 4096 4095 4097
f 4096 4097 4098
f 4098 4097 4099
f 4098 4099 4100
f 4100 4099 4101
f 4100 4101 4102
f 4102 4101 4103
f 4102 4103 4104
f 4104 4103 4105
f 4104 4105 4106
f 4106 4105 4107
f 4106 4107 4108
f 4108 4107 4005
f 4108 4005 4109
f 4109 4005 4004
f 4109 4004 3868
f 3868 4004 4002
f 3868 4002 3357
f 3357 4002 3358
f 3934 3967 3855
f 3855 3967 3852
f 3855 3852 3940
f 3940 3852 3851
f 3940 3851 3937
f 3937 3851 3971
f 3937 3971 3945
f 3945 3971 3960
f 3945 3960 3947
f 3947 3960 3849
f 3947 3849 3873
f 3873 3849 3848
f 3873 3848 3874
f 3874 3848 3399
f 3874 3399 3398
f 3436 3435 3857
f 3857 3435 3927
f 3857 3927 4087
f 4087 3927 4070
f 4087 4070 4089
f 4089 4070 4072
f 4089 4072 4091
f 4091 4072 4074
f 4091 4074 4093
f 4093 4074 4075
f 4093 4075 4095
f 4095 4075 4076
f 4095 4076 4097
f 4097 4076 4077
f 4097 4077 4099
f 4099 4077 4078
f 4099 4078 4101
f 4101 4078 4079
f 4101 4079 4103
f 4103 4079 4080
f 4103 4080 4105
f 4105 4080 4081
f 4105 4081 4107
f 4107 4081 4082
f 4107 4082 4005
f 4005 4082 4083
f 4005 4083 4003
f 4003 4083 4084
f 4003 4084 3881
f 3881 4084 4085
f 3881 4085 3364
f 3364 4085 3365
f 3356 3355 3868
f 3868 3355 3835
f 3868 3835 4109
f 4109 3835 3837
f 4109 3837 4108
f 4108 3837 3998
f 4108 3998 4106
f 4106 3998 3999
f 4106 3999 4104
f 4104 3999 4000
f 4104 4000 4102
f 4102 4000 4001
f 4102 4001 4100
f 4100 4001 3961
f 4100 3961 4098
f 4098 3961 3962
f 4098 3962 4096
f 4096 3962 3963
f 4096 3963 4094
f 4094 3963 3964
f 4094 3964 4092
f 4092 3964 3965
f 4092 3965 4090
f 4090 3965 3966
f 4090 3966 4088
f 4088 3966 3967
f 4088 3967 4086
f 4086 3967 3934
f 4086 3934 3856
f 3856 3934 3935
f 3856 3935 3931
f 4110 4111 4112
f 4112 4111 4113
f 4112 4113 4114
f 4114 4113 4115
f 4114 4115 4116
f 4117 4118 4119
f 4119 4118 4120
f 4119 4120 4121
f 4121 4120 4122
f 4121 4122 4123
f 4123 4122 4124
f 4123 4124 4125
f 4125 4124 4126
f 4125 4126 4049
f 4049 4126 4127
f 4049 4127 4050
f 4118 4128 4120
f 4120 4128 4129
f 4120 4129 4122
f 4122 4129 4130
f 4122 4130 4124
f 4124 4130 4131
f 4124 4131 4126
f 4126 4131 4132
f 4126 4132 4127
f 4127 4132 4133
f 4127 4133 4050
f 4134 4116 4135
f 4135 4116 4115
f 4135 4115 4136
f 4136 4115 4113
f 4136 4113 4117
f 4117 4113 4111
f 4117 4111 4118
f 4118 4111 4110
f 4118 4110 4128
f 4068 4048 4069
f 4069 4048 4050
f 4069 4050 4060
f 4060 4050 4133
f 4060 4133 3916
f 3916 4133 4132
f 3916 4132 3917
f 3917 4132 4131
f 3917 4131 3918
f 3918 4131 4130
f 3918 4130 3919
f 3919 4130 4129
f 3919 4129 3920
f 3920 4129 4128
f 3920 4128 3921
f 3921 4128 4110
f 3921 4110 3922
f 3922 4110 4112
f 3922 4112 3923
f 3923 4112 4114
f 3923 4114 3924
f 3924 4114 4116
f 3924 4116 3925
f 3925 4116 4134
f 3925 4134 3926
f 2771 2769 3928
f 3928 2769 3926
f 3928 3926 4071
f 4071 3926 4134
f 4071 4134 4073
f 4073 4134 4135
f 4073 4135 4036
f 4036 4135 4136
f 4036 4136 4037
f 4037 4136 4117
f 4037 4117 4039
f 4039 4117 4119
f 4039 4119 4041
f 4041 4119 4121
f 4041 4121 4043
f 4043 4121 4123
f 4043 4123 3982
f 3982 4123 4125
f 3982 4125 3981
f 3981 4125 4049
f 3981 4049 3980
f 3980 4049 4048
f 3980 4048 4016
f 4016 4048 4068
f 4016 4068 4017
f 4017 4068 3987
f 4017 3987 4019
f 4019 3987 3841
f 4019 3841 4021
f 4021 3841 3843
f 4021 3843 4023
f 4023 3843 3989
f 4023 3989 4025
f 4025 3989 3993
f 4025 3993 3884
f 3884 3993 3885
f 3884 3885 3386
f 3386 3885 3385
f 3546 3087 3377
f 4137 3539 4138
f 4138 3539 3538
f 4138 3538 4139
f 4139 3538 3546
f 4139 3546 4140
f 4140 3546 3377
f 4141 3532 4142
f 4142 3532 3530
f 4142 3530 4143
f 4143 3530 3529
f 4143 3529 4144
f 3529 3537 4144
f 4144 3537 3535
f 4144 3535 4145
f 4145 3535 3534
f 4145 3534 4146
f 4146 3534 3542
f 4146 3542 4147
f 4147 3542 3544
f 4147 3544 4148
f 4148 3544 3545
f 4148 3545 4137
f 4137 3545 3541
f 4137 3541 3539
f 3524 3522 4149
f 4149 3522 3521
f 4149 3521 4150
f 4150 3521 3528
f 4150 3528 4151
f 4151 3528 3527
f 4151 3527 4141
f 4141 3527 3533
f 4141 3533 3532
f 4149 4152 3524
f 3524 4152 4153
f 3524 4153 3525
f 3525 4153 4154
f 3525 4154 3519
f 4155 3510 4156
f 4156 3510 3517
f 4156 3517 4157
f 4157 3517 4158
f 3517 3516 4158
f 4158 3516 3520
f 4158 3520 4159
f 4159 3520 3519
f 4159 3519 4160
f 4160 3519 4154
f 3506 3505 4161
f 4161 3505 3504
f 4161 3504 4162
f 4162 3504 3503
f 4162 3503 4163
f 4163 3503 3502
f 4163 3502 4164
f 4164 3502 3509
f 4164 3509 4165
f 4165 3509 3508
f 4165 3508 4166
f 4166 3508 3507
f 4166 3507 4167
f 4167 3507 3440
f 4167 3440 4168
f 4168 3440 3439
f 4168 3439 4169
f 4169 3439 3514
f 4169 3514 4170
f 4170 3514 3513
f 4170 3513 4155
f 4155 3513 3511
f 4155 3511 3510
f 4161 4171 3506
f 3506 4171 4172
f 3506 4172 3493
f 3493 4172 4173
f 3493 4173 3494
f 3494 4173 4174
f 3494 4174 3496
f 3496 4174 4175
f 3496 4175 3497
f 3497 4175 4176
f 3497 4176 3498
f 3498 4176 4177
f 3498 4177 3499
f 3499 4177 4178
f 3499 4178 3500
f 3500 4178 4179
f 3500 4179 3492
f 3492 4179 4180
f 3492 4180 3490
f 3490 4180 4181
f 3490 4181 3485
f 4182 4183 3489
f 3489 4183 4184
f 3489 4184 3480
f 3489 3488 4182
f 4182 3488 3486
f 4182 3486 4185
f 4185 3486 3485
f 4185 3485 4186
f 4186 3485 4181
f 3442 4187 3443
f 3443 4187 4188
f 3443 4188 3477
f 3480 4184 3481
f 3481 4184 4189
f 3481 4189 3483
f 3483 4189 4190
f 3483 4190 3484
f 3484 4190 4191
f 3484 4191 3442
f 3442 4191 4192
f 3442 4192 4187
f 3448 4193 3449
f 3449 4193 4194
f 3449 4194 3470
f 3470 4194 4195
f 3470 4195 3465
f 3465 4195 4196
f 3465 4196 3466
f 3466 4196 3468
f 3477 4188 3478
f 3478 4188 4197
f 3478 4197 3479
f 3479 4197 4198
f 3479 4198 3445
f 3445 4198 4199
f 3445 4199 3446
f 3446 4199 4200
f 3446 4200 3474
f 3474 4200 4201
f 3474 4201 3475
f 3475 4201 4202
f 3475 4202 3476
f 3476 4202 4203
f 3476 4203 3473
f 3473 4203 4204
f 3473 4204 3471
f 3471 4204 4205
f 3471 4205 3448
f 3448 4205 4206
f 3448 4206 4193
f 4207 3464 4208
f 4208 3464 3469
f 4208 3469 4209
f 4209 3469 3468
f 4209 3468 4210
f 4210 3468 4196
f 4211 3461 4212
f 4212 3461 3460
f 4212 3460 4213
f 4213 3460 3459
f 4213 3459 4207
f 4207 3459 3462
f 4207 3462 3464
f 3392 3008 4214
f 4214 3008 3451
f 4214 3451 4215
f 4215 3451 3455
f 4215 3455 4216
f 4216 3455 3454
f 4216 3454 4217
f 4217 3454 3453
f 4217 3453 4218
f 4218 3453 3458
f 4218 3458 4211
f 4211 3458 3457
f 4211 3457 3461
f 3931 3935 4219
f 3942 3941 4220
f 4221 4222 4223
f 4224 4225 4226
f 4227 4222 4228
f 4179 4178 4229
f 4174 4173 4230
f 4162 4163 4231
f 3890 3896 4232
f 3864 3901 4233
f 3782 3783 4234
f 3813 3815 4235
f 2761 3929 2759
f 2759 3929 2757
f 2747 2749 4236
f 4236 2749 2751
f 4236 2751 4237
f 4237 2751 2753
f 4237 2753 2755
f 2747 4236 2745
f 2745 4236 4238
f 2745 4238 2743
f 4239 2734 4238
f 4238 2734 2732
f 4238 2732 2743
f 2742 2740 4240
f 4240 2740 2738
f 4240 2738 4239
f 4239 2738 2736
f 4239 2736 2734
f 2742 4240 2720
f 2720 4240 4241
f 2720 4241 2722
f 2730 2728 4242
f 4242 2728 2726
f 4242 2726 4241
f 4241 2726 2724
f 4241 2724 2722
f 2730 4242 2709
f 2709 4242 4243
f 2709 4243 2718
f 4244 2715 4243
f 4243 2715 2717
f 4243 2717 2718
f 3830 3831 4245
f 4245 3831 2711
f 4245 2711 4244
f 4244 2711 2710
f 4244 2710 2715
f 4246 3828 4245
f 4245 3828 3829
f 4245 3829 3830
f 3825 3826 4246
f 4246 3826 3827
f 4246 3827 3828
f 3825 4246 3824
f 3824 4246 4247
f 3824 4247 3823
f 3820 3821 4247
f 4247 3821 3822
f 4247 3822 3823
f 3816 3817 4248
f 4248 3817 3818
f 4248 3818 3819
f 3813 4235 3814
f 3808 3809 4249
f 3809 3810 4249
f 4249 3810 3811
f 4249 3811 4235
f 4235 3811 3812
f 4235 3812 3814
f 3804 4250 3803
f 3803 4250 4251
f 3803 4251 3802
f 3802 4251 3801
f 3804 3805 4250
f 4250 3805 3806
f 4250 3806 4249
f 4249 3806 3807
f 4249 3807 3808
f 4252 3799 3800
f 3778 3797 4253
f 4253 3797 3796
f 4253 3796 4252
f 4252 3796 3798
f 4252 3798 3799
f 4254 3793 3794
f 4254 3794 4253
f 4253 3794 3795
f 4253 3795 3778
f 3789 4255 3788
f 3788 4255 4256
f 3788 4256 3787
f 3789 3790 4255
f 4255 3790 3791
f 4255 3791 4254
f 4254 3791 3792
f 4254 3792 3793
f 3787 4256 3786
f 3786 4256 4257
f 3786 4257 3785
f 4234 3783 4257
f 4257 3783 3784
f 4257 3784 3785
f 3782 4234 3781
f 3781 4234 4258
f 3781 4258 3780
f 3903 3904 4258
f 3780 4258 3779
f 3779 4258 3904
f 3779 3904 2968
f 3902 3859 4258
f 4258 3859 3858
f 4258 3858 3903
f 3899 3898 4259
f 4259 3898 3862
f 3864 4233 3865
f 3895 3893 4260
f 4260 3893 3892
f 4260 3892 3897
f 3890 4232 3891
f 3888 4261 4138
f 4138 4139 3888
f 3888 4139 4140
f 3888 4140 3377
f 4147 4148 4261
f 4261 4148 4137
f 4261 4137 4138
f 4142 4143 4262
f 4262 4143 4144
f 4262 4144 4263
f 4147 4261 4146
f 4146 4261 4264
f 4146 4264 4145
f 4142 4262 4141
f 4141 4262 4265
f 4141 4265 4151
f 4154 4153 4266
f 4266 4153 4152
f 4266 4152 4267
f 4267 4152 4149
f 4267 4149 4265
f 4265 4149 4150
f 4265 4150 4151
f 4154 4266 4160
f 4160 4266 4268
f 4160 4268 4159
f 4155 4156 4269
f 4269 4156 4157
f 4269 4157 4268
f 4268 4157 4158
f 4268 4158 4159
f 4167 4168 4270
f 4270 4168 4169
f 4270 4169 4269
f 4269 4169 4170
f 4269 4170 4155
f 4163 4164 4231
f 4231 4164 4165
f 4231 4165 4270
f 4270 4165 4166
f 4270 4166 4167
f 4173 4172 4230
f 4230 4172 4171
f 4230 4171 4231
f 4231 4171 4161
f 4231 4161 4162
f 4178 4177 4229
f 4229 4177 4176
f 4229 4176 4230
f 4230 4176 4175
f 4230 4175 4174
f 4271 4182 4185
f 4185 4186 4271
f 4271 4186 4181
f 4271 4181 4229
f 4229 4181 4180
f 4229 4180 4179
f 4182 4271 4183
f 4183 4271 4272
f 4183 4272 4184
f 4188 4187 4273
f 4273 4187 4192
f 4191 4190 4272
f 4272 4190 4189
f 4272 4189 4184
f 4200 4199 4274
f 4274 4199 4198
f 4274 4198 4273
f 4273 4198 4197
f 4273 4197 4188
f 4275 4203 4202
f 4275 4202 4274
f 4274 4202 4201
f 4274 4201 4200
f 4193 4206 4276
f 4276 4206 4205
f 4276 4205 4275
f 4275 4205 4204
f 4275 4204 4203
f 4193 4276 4194
f 4194 4276 4277
f 4194 4277 4195
f 4195 4277 4196
f 4196 4277 4278
f 4196 4278 4210
f 4213 4207 4279
f 4279 4207 4208
f 4279 4208 4278
f 4278 4208 4209
f 4278 4209 4210
f 4213 4279 4212
f 4212 4279 4280
f 4212 4280 4211
f 3392 4214 3872
f 3872 4214 4215
f 3872 4215 3950
f 4280 3951 3950
f 4215 4216 3950
f 3950 4216 4217
f 3950 4217 4280
f 4280 4217 4218
f 4280 4218 4211
f 4281 4282 4283
f 3901 3899 4233
f 4233 3899 4259
f 4233 4259 4284
f 4284 4259 4285
f 4284 4285 4286
f 4286 4285 4287
f 4286 4287 4288
f 4288 4287 4289
f 4288 4289 4290
f 4290 4289 4291
f 4290 4291 4292
f 3897 3865 4260
f 4260 3865 4233
f 4260 4233 4293
f 4293 4233 4284
f 4293 4284 4294
f 4294 4284 4286
f 4294 4286 4295
f 4295 4286 4288
f 4295 4288 4296
f 4296 4288 4290
f 4296 4290 4297
f 4297 4290 4292
f 4297 4292 4298
f 4144 4145 4263
f 4263 4145 4264
f 4263 4264 4232
f 4232 4264 4261
f 4232 4261 3891
f 3891 4261 3888
f 3896 3895 4232
f 4232 3895 4260
f 4232 4260 4263
f 4263 4260 4293
f 4263 4293 4262
f 4262 4293 4294
f 4262 4294 4265
f 4265 4294 4295
f 4265 4295 4267
f 4267 4295 4296
f 4267 4296 4266
f 4266 4296 4297
f 4266 4297 4268
f 4268 4297 4298
f 4268 4298 4269
f 4283 4282 4299
f 4299 4282 4300
f 4299 4300 4301
f 4301 4300 4302
f 4301 4302 4303
f 4303 4302 4304
f 4303 4304 4305
f 4305 4304 4306
f 4305 4306 4307
f 4307 4306 4308
f 4307 4308 4226
f 4226 4225 4307
f 4307 4225 4309
f 4307 4309 4305
f 4305 4309 4310
f 4305 4310 4303
f 4303 4310 4311
f 4303 4311 4301
f 4301 4311 4312
f 4301 4312 4299
f 4299 4312 4313
f 4299 4313 4283
f 4228 4222 4314
f 4314 4222 4221
f 4314 4221 4315
f 3942 4220 3943
f 3853 3943 4316
f 4316 3943 4220
f 4316 4220 4317
f 4317 4220 4318
f 4317 4318 4319
f 4319 4318 4320
f 4319 4320 4321
f 4321 4320 4322
f 4321 4322 4323
f 4323 4322 4324
f 4323 4324 4325
f 4325 4324 4326
f 4325 4326 4327
f 4327 4326 4328
f 4327 4328 4329
f 4329 4328 4330
f 4329 4330 4331
f 4331 4330 4332
f 4331 4332 4333
f 4223 4222 4334
f 4334 4222 4227
f 4334 4227 4335
f 4291 4281 4292
f 4292 4281 4283
f 4292 4283 4298
f 4298 4283 4313
f 4298 4313 4269
f 4269 4313 4312
f 4269 4312 4270
f 4270 4312 4311
f 4270 4311 4231
f 4231 4311 4310
f 4231 4310 4230
f 4230 4310 4309
f 4230 4309 4229
f 4229 4309 4225
f 4229 4225 4271
f 4271 4225 4224
f 4271 4224 4272
f 4336 3951 4337
f 4337 3951 4280
f 4337 4280 4338
f 4338 4280 4279
f 4338 4279 4339
f 4339 4279 4278
f 4339 4278 4340
f 4340 4278 4277
f 4340 4277 4341
f 4341 4277 4276
f 4341 4276 4342
f 4342 4276 4275
f 4342 4275 4335
f 4335 4275 4274
f 4335 4274 4334
f 4334 4274 4273
f 4334 4273 4223
f 3946 3949 4336
f 4336 3949 3948
f 4336 3948 3951
f 3939 3938 4336
f 4336 3938 3944
f 4336 3944 3946
f 3941 3939 4220
f 4220 3939 4336
f 4220 4336 4318
f 4318 4336 4337
f 4318 4337 4320
f 4320 4337 4338
f 4320 4338 4322
f 4322 4338 4339
f 4322 4339 4324
f 4324 4339 4340
f 4324 4340 4326
f 4326 4340 4341
f 4326 4341 4328
f 4328 4341 4342
f 4328 4342 4330
f 4330 4342 4335
f 4330 4335 4332
f 4332 4335 4227
f 4332 4227 4333
f 4333 4227 4228
f 3819 3820 4248
f 4248 3820 4247
f 4248 4247 4343
f 4343 4247 4246
f 3930 4237 3929
f 3929 4237 2755
f 3929 2755 2757
f 3930 3931 4237
f 4237 3931 4219
f 4237 4219 4236
f 4236 4219 4344
f 4236 4344 4238
f 4238 4344 4345
f 4238 4345 4239
f 4239 4345 4346
f 4239 4346 4240
f 4240 4346 4347
f 4240 4347 4241
f 4241 4347 4348
f 4241 4348 4242
f 4242 4348 4349
f 4242 4349 4243
f 4243 4349 4350
f 4243 4350 4244
f 4244 4350 4351
f 4244 4351 4245
f 4245 4351 4352
f 4245 4352 4246
f 4246 4352 4353
f 4246 4353 4343
f 4354 4316 4355
f 4355 4316 4317
f 4355 4317 4356
f 4356 4317 4319
f 4356 4319 4357
f 4357 4319 4321
f 4357 4321 4358
f 4358 4321 4323
f 4358 4323 4359
f 4359 4323 4325
f 4359 4325 4360
f 4360 4325 4327
f 4360 4327 4361
f 4361 4327 4329
f 4361 4329 4362
f 4362 4329 4331
f 4362 4331 4363
f 4363 4331 4333
f 4363 4333 4364
f 4364 4333 4228
f 4364 4228 4365
f 4365 4228 4314
f 4365 4314 4366
f 4366 4314 4315
f 3861 3902 4367
f 4367 3902 4258
f 4367 4258 4368
f 4368 4258 4234
f 4368 4234 4369
f 4369 4234 4257
f 4369 4257 4370
f 4370 4257 4256
f 4370 4256 4371
f 4371 4256 4255
f 4371 4255 4372
f 4372 4255 4254
f 4372 4254 4373
f 4373 4254 4253
f 4373 4253 4374
f 4374 4253 4252
f 4374 4252 4251
f 4251 4252 3800
f 4251 3800 3801
f 3933 3932 4354
f 4354 3932 3936
f 4354 3936 4316
f 4316 3936 3854
f 4316 3854 3853
f 3862 3861 4259
f 4259 3861 4367
f 4259 4367 4285
f 4285 4367 4368
f 4285 4368 4287
f 4287 4368 4369
f 4287 4369 4289
f 4289 4369 4370
f 4289 4370 4291
f 4291 4370 4371
f 4291 4371 4281
f 4281 4371 4372
f 4281 4372 4282
f 4282 4372 4373
f 4282 4373 4300
f 4300 4373 4374
f 4300 4374 4302
f 4302 4374 4251
f 4302 4251 4304
f 4304 4251 4250
f 4304 4250 4306
f 4306 4250 4249
f 4306 4249 4308
f 4308 4249 4235
f 4308 4235 4248
f 4248 4235 3815
f 4248 3815 3816
f 4192 4191 4273
f 4273 4191 4272
f 4273 4272 4223
f 4223 4272 4224
f 4223 4224 4221
f 4221 4224 4226
f 4221 4226 4315
f 4315 4226 4308
f 4315 4308 4366
f 4366 4308 4248
f 4366 4248 4365
f 4365 4248 4343
f 4365 4343 4364
f 4364 4343 4353
f 4364 4353 4363
f 4363 4353 4352
f 4363 4352 4362
f 4362 4352 4351
f 4362 4351 4361
f 4361 4351 4350
f 4361 4350 4360
f 4360 4350 4349
f 4360 4349 4359
f 4359 4349 4348
f 4359 4348 4358
f 4358 4348 4347
f 4358 4347 4357
f 4357 4347 4346
f 4357 4346 4356
f 4356 4346 4345
f 4356 4345 4355
f 4355 4345 4344
f 4355 4344 4354
f 4354 4344 4219
f 4354 4219 3933
f 3933 4219 3935
